ISO-10303-21;
HEADER;
FILE_DESCRIPTION(('KiCad electronic assembly'),'2;1');
FILE_NAME('rapid_power_module.step','2026-06-29T12:17:54',('Pcbnew'),(
    'Kicad'),'Open CASCADE STEP processor 7.9','KiCad to STEP converter'
  ,'Unknown');
FILE_SCHEMA(('AUTOMOTIVE_DESIGN { 1 0 10303 214 1 1 1 1 }'));
ENDSEC;
DATA;
#1 = APPLICATION_PROTOCOL_DEFINITION('international standard',
  'automotive_design',2000,#2);
#2 = APPLICATION_CONTEXT(
  'core data for automotive mechanical design processes');
#3 = SHAPE_DEFINITION_REPRESENTATION(#4,#10);
#4 = PRODUCT_DEFINITION_SHAPE('','',#5);
#5 = PRODUCT_DEFINITION('design','',#6,#9);
#6 = PRODUCT_DEFINITION_FORMATION('','',#7);
#7 = PRODUCT('rapid_power_module 1','rapid_power_module 1','',(#8));
#8 = PRODUCT_CONTEXT('',#2,'mechanical');
#9 = PRODUCT_DEFINITION_CONTEXT('part definition',#2,'design');
#10 = SHAPE_REPRESENTATION('',(#11,#15),#19);
#11 = AXIS2_PLACEMENT_3D('',#12,#13,#14);
#12 = CARTESIAN_POINT('',(0.,0.,0.));
#13 = DIRECTION('',(0.,0.,1.));
#14 = DIRECTION('',(1.,0.,-0.));
#15 = AXIS2_PLACEMENT_3D('',#16,#17,#18);
#16 = CARTESIAN_POINT('',(0.,0.,0.));
#17 = DIRECTION('',(0.,0.,1.));
#18 = DIRECTION('',(1.,0.,-0.));
#19 = ( GEOMETRIC_REPRESENTATION_CONTEXT(3) 
GLOBAL_UNCERTAINTY_ASSIGNED_CONTEXT((#23)) GLOBAL_UNIT_ASSIGNED_CONTEXT(
(#20,#21,#22)) REPRESENTATION_CONTEXT('Context #1',
  '3D Context with UNIT and UNCERTAINTY') );
#20 = ( LENGTH_UNIT() NAMED_UNIT(*) SI_UNIT(.MILLI.,.METRE.) );
#21 = ( NAMED_UNIT(*) PLANE_ANGLE_UNIT() SI_UNIT($,.RADIAN.) );
#22 = ( NAMED_UNIT(*) SI_UNIT($,.STERADIAN.) SOLID_ANGLE_UNIT() );
#23 = UNCERTAINTY_MEASURE_WITH_UNIT(LENGTH_MEASURE(1.E-07),#20,
  'distance_accuracy_value','confusion accuracy');
#24 = PRODUCT_RELATED_PRODUCT_CATEGORY('part',$,(#7));
#25 = SHAPE_DEFINITION_REPRESENTATION(#26,#32);
#26 = PRODUCT_DEFINITION_SHAPE('','',#27);
#27 = PRODUCT_DEFINITION('design','',#28,#31);
#28 = PRODUCT_DEFINITION_FORMATION('','',#29);
#29 = PRODUCT('gse_connector_board_outer_PCB',
  'gse_connector_board_outer_PCB','',(#30));
#30 = PRODUCT_CONTEXT('',#2,'mechanical');
#31 = PRODUCT_DEFINITION_CONTEXT('part definition',#2,'design');
#32 = ADVANCED_BREP_SHAPE_REPRESENTATION('',(#11,#33),#2666);
#33 = MANIFOLD_SOLID_BREP('',#34);
#34 = CLOSED_SHELL('',(#35,#77,#108,#139,#810,#1481,#1498,#1515,#1532,
    #1549,#1561,#1578,#1600,#1617,#1634,#1646,#1668,#1685,#1702,#1714,
    #1736,#1753,#1770,#1782,#1804,#1821,#1838,#1850,#1872,#1889,#1906,
    #1918,#1940,#1957,#1974,#1986,#2008,#2025,#2042,#2054,#2076,#2093,
    #2110,#2122,#2144,#2161,#2178,#2190,#2212,#2229,#2246,#2258,#2280,
    #2297,#2314,#2326,#2348,#2365,#2382,#2394,#2411,#2428,#2445,#2462,
    #2479,#2496,#2513,#2530,#2547,#2564,#2581,#2598,#2615,#2632,#2649));
#35 = ADVANCED_FACE('',(#36),#72,.T.);
#36 = FACE_BOUND('',#37,.T.);
#37 = EDGE_LOOP('',(#38,#48,#57,#65));
#38 = ORIENTED_EDGE('',*,*,#39,.T.);
#39 = EDGE_CURVE('',#40,#42,#44,.T.);
#40 = VERTEX_POINT('',#41);
#41 = CARTESIAN_POINT('',(24.,13.5,0.));
#42 = VERTEX_POINT('',#43);
#43 = CARTESIAN_POINT('',(24.,13.5,1.51));
#44 = LINE('',#45,#46);
#45 = CARTESIAN_POINT('',(24.,13.5,0.));
#46 = VECTOR('',#47,1.);
#47 = DIRECTION('',(0.,0.,1.));
#48 = ORIENTED_EDGE('',*,*,#49,.T.);
#49 = EDGE_CURVE('',#42,#50,#52,.T.);
#50 = VERTEX_POINT('',#51);
#51 = CARTESIAN_POINT('',(26.,11.5,1.51));
#52 = CIRCLE('',#53,1.99999850585);
#53 = AXIS2_PLACEMENT_3D('',#54,#55,#56);
#54 = CARTESIAN_POINT('',(24.00000149415,11.50000149415,1.51));
#55 = DIRECTION('',(0.,0.,-1.));
#56 = DIRECTION('',(-7.470757420593E-07,1.,0.));
#57 = ORIENTED_EDGE('',*,*,#58,.F.);
#58 = EDGE_CURVE('',#59,#50,#61,.T.);
#59 = VERTEX_POINT('',#60);
#60 = CARTESIAN_POINT('',(26.,11.5,0.));
#61 = LINE('',#62,#63);
#62 = CARTESIAN_POINT('',(26.,11.5,0.));
#63 = VECTOR('',#64,1.);
#64 = DIRECTION('',(0.,0.,1.));
#65 = ORIENTED_EDGE('',*,*,#66,.F.);
#66 = EDGE_CURVE('',#40,#59,#67,.T.);
#67 = CIRCLE('',#68,1.99999850585);
#68 = AXIS2_PLACEMENT_3D('',#69,#70,#71);
#69 = CARTESIAN_POINT('',(24.00000149415,11.50000149415,0.));
#70 = DIRECTION('',(0.,0.,-1.));
#71 = DIRECTION('',(-7.470757420593E-07,1.,0.));
#72 = CYLINDRICAL_SURFACE('',#73,1.99999850585);
#73 = AXIS2_PLACEMENT_3D('',#74,#75,#76);
#74 = CARTESIAN_POINT('',(24.00000149415,11.50000149415,0.));
#75 = DIRECTION('',(0.,0.,-1.));
#76 = DIRECTION('',(-7.470757420593E-07,1.,0.));
#77 = ADVANCED_FACE('',(#78),#103,.T.);
#78 = FACE_BOUND('',#79,.T.);
#79 = EDGE_LOOP('',(#80,#90,#96,#97));
#80 = ORIENTED_EDGE('',*,*,#81,.T.);
#81 = EDGE_CURVE('',#82,#84,#86,.T.);
#82 = VERTEX_POINT('',#83);
#83 = CARTESIAN_POINT('',(-24.,13.5,0.));
#84 = VERTEX_POINT('',#85);
#85 = CARTESIAN_POINT('',(-24.,13.5,1.51));
#86 = LINE('',#87,#88);
#87 = CARTESIAN_POINT('',(-24.,13.5,0.));
#88 = VECTOR('',#89,1.);
#89 = DIRECTION('',(0.,0.,1.));
#90 = ORIENTED_EDGE('',*,*,#91,.T.);
#91 = EDGE_CURVE('',#84,#42,#92,.T.);
#92 = LINE('',#93,#94);
#93 = CARTESIAN_POINT('',(-24.,13.5,1.51));
#94 = VECTOR('',#95,1.);
#95 = DIRECTION('',(1.,0.,0.));
#96 = ORIENTED_EDGE('',*,*,#39,.F.);
#97 = ORIENTED_EDGE('',*,*,#98,.F.);
#98 = EDGE_CURVE('',#82,#40,#99,.T.);
#99 = LINE('',#100,#101);
#100 = CARTESIAN_POINT('',(-24.,13.5,0.));
#101 = VECTOR('',#102,1.);
#102 = DIRECTION('',(1.,0.,0.));
#103 = PLANE('',#104);
#104 = AXIS2_PLACEMENT_3D('',#105,#106,#107);
#105 = CARTESIAN_POINT('',(-24.,13.5,0.));
#106 = DIRECTION('',(0.,1.,0.));
#107 = DIRECTION('',(1.,0.,0.));
#108 = ADVANCED_FACE('',(#109),#134,.T.);
#109 = FACE_BOUND('',#110,.T.);
#110 = EDGE_LOOP('',(#111,#112,#120,#128));
#111 = ORIENTED_EDGE('',*,*,#58,.T.);
#112 = ORIENTED_EDGE('',*,*,#113,.T.);
#113 = EDGE_CURVE('',#50,#114,#116,.T.);
#114 = VERTEX_POINT('',#115);
#115 = CARTESIAN_POINT('',(26.,-11.5,1.51));
#116 = LINE('',#117,#118);
#117 = CARTESIAN_POINT('',(26.,11.5,1.51));
#118 = VECTOR('',#119,1.);
#119 = DIRECTION('',(0.,-1.,0.));
#120 = ORIENTED_EDGE('',*,*,#121,.F.);
#121 = EDGE_CURVE('',#122,#114,#124,.T.);
#122 = VERTEX_POINT('',#123);
#123 = CARTESIAN_POINT('',(26.,-11.5,0.));
#124 = LINE('',#125,#126);
#125 = CARTESIAN_POINT('',(26.,-11.5,0.));
#126 = VECTOR('',#127,1.);
#127 = DIRECTION('',(0.,0.,1.));
#128 = ORIENTED_EDGE('',*,*,#129,.F.);
#129 = EDGE_CURVE('',#59,#122,#130,.T.);
#130 = LINE('',#131,#132);
#131 = CARTESIAN_POINT('',(26.,11.5,0.));
#132 = VECTOR('',#133,1.);
#133 = DIRECTION('',(0.,-1.,0.));
#134 = PLANE('',#135);
#135 = AXIS2_PLACEMENT_3D('',#136,#137,#138);
#136 = CARTESIAN_POINT('',(26.,11.5,0.));
#137 = DIRECTION('',(1.,0.,-0.));
#138 = DIRECTION('',(0.,-1.,0.));
#139 = ADVANCED_FACE('',(#140,#186,#197,#233,#269,#305,#341,#377,#413,
    #449,#485,#521,#557,#593,#629,#640,#651,#662,#673,#684,#695,#706,
    #717,#728,#739,#750,#761,#772,#783,#794),#805,.F.);
#140 = FACE_BOUND('',#141,.F.);
#141 = EDGE_LOOP('',(#142,#143,#144,#153,#161,#170,#178,#185));
#142 = ORIENTED_EDGE('',*,*,#66,.F.);
#143 = ORIENTED_EDGE('',*,*,#98,.F.);
#144 = ORIENTED_EDGE('',*,*,#145,.F.);
#145 = EDGE_CURVE('',#146,#82,#148,.T.);
#146 = VERTEX_POINT('',#147);
#147 = CARTESIAN_POINT('',(-26.,11.5,0.));
#148 = CIRCLE('',#149,1.99999850585);
#149 = AXIS2_PLACEMENT_3D('',#150,#151,#152);
#150 = CARTESIAN_POINT('',(-24.00000149415,11.50000149415,0.));
#151 = DIRECTION('',(0.,0.,-1.));
#152 = DIRECTION('',(-1.,-7.470757420593E-07,-0.));
#153 = ORIENTED_EDGE('',*,*,#154,.F.);
#154 = EDGE_CURVE('',#155,#146,#157,.T.);
#155 = VERTEX_POINT('',#156);
#156 = CARTESIAN_POINT('',(-26.,-11.5,0.));
#157 = LINE('',#158,#159);
#158 = CARTESIAN_POINT('',(-26.,-11.5,0.));
#159 = VECTOR('',#160,1.);
#160 = DIRECTION('',(0.,1.,0.));
#161 = ORIENTED_EDGE('',*,*,#162,.F.);
#162 = EDGE_CURVE('',#163,#155,#165,.T.);
#163 = VERTEX_POINT('',#164);
#164 = CARTESIAN_POINT('',(-24.,-13.5,0.));
#165 = CIRCLE('',#166,1.99999850585);
#166 = AXIS2_PLACEMENT_3D('',#167,#168,#169);
#167 = CARTESIAN_POINT('',(-24.00000149415,-11.50000149415,0.));
#168 = DIRECTION('',(0.,0.,-1.));
#169 = DIRECTION('',(7.470757420593E-07,-1.,0.));
#170 = ORIENTED_EDGE('',*,*,#171,.F.);
#171 = EDGE_CURVE('',#172,#163,#174,.T.);
#172 = VERTEX_POINT('',#173);
#173 = CARTESIAN_POINT('',(24.,-13.5,0.));
#174 = LINE('',#175,#176);
#175 = CARTESIAN_POINT('',(24.,-13.5,0.));
#176 = VECTOR('',#177,1.);
#177 = DIRECTION('',(-1.,0.,0.));
#178 = ORIENTED_EDGE('',*,*,#179,.F.);
#179 = EDGE_CURVE('',#122,#172,#180,.T.);
#180 = CIRCLE('',#181,1.99999850585);
#181 = AXIS2_PLACEMENT_3D('',#182,#183,#184);
#182 = CARTESIAN_POINT('',(24.00000149415,-11.50000149415,0.));
#183 = DIRECTION('',(0.,0.,-1.));
#184 = DIRECTION('',(1.,7.470757420593E-07,0.));
#185 = ORIENTED_EDGE('',*,*,#129,.F.);
#186 = FACE_BOUND('',#187,.F.);
#187 = EDGE_LOOP('',(#188));
#188 = ORIENTED_EDGE('',*,*,#189,.T.);
#189 = EDGE_CURVE('',#190,#190,#192,.T.);
#190 = VERTEX_POINT('',#191);
#191 = CARTESIAN_POINT('',(-22.5,-11.6,0.));
#192 = CIRCLE('',#193,1.6);
#193 = AXIS2_PLACEMENT_3D('',#194,#195,#196);
#194 = CARTESIAN_POINT('',(-22.5,-10.,0.));
#195 = DIRECTION('',(-0.,0.,-1.));
#196 = DIRECTION('',(-0.,-1.,0.));
#197 = FACE_BOUND('',#198,.F.);
#198 = EDGE_LOOP('',(#199,#210,#218,#227));
#199 = ORIENTED_EDGE('',*,*,#200,.T.);
#200 = EDGE_CURVE('',#201,#203,#205,.T.);
#201 = VERTEX_POINT('',#202);
#202 = CARTESIAN_POINT('',(-15.95,-7.15,0.));
#203 = VERTEX_POINT('',#204);
#204 = CARTESIAN_POINT('',(-16.55,-7.15,0.));
#205 = CIRCLE('',#206,0.3);
#206 = AXIS2_PLACEMENT_3D('',#207,#208,#209);
#207 = CARTESIAN_POINT('',(-16.25,-7.15,0.));
#208 = DIRECTION('',(-0.,0.,-1.));
#209 = DIRECTION('',(-1.,5.921189464667E-15,0.));
#210 = ORIENTED_EDGE('',*,*,#211,.T.);
#211 = EDGE_CURVE('',#203,#212,#214,.T.);
#212 = VERTEX_POINT('',#213);
#213 = CARTESIAN_POINT('',(-16.55,-6.25,0.));
#214 = LINE('',#215,#216);
#215 = CARTESIAN_POINT('',(-16.55,-3.125,0.));
#216 = VECTOR('',#217,1.);
#217 = DIRECTION('',(-0.,1.,0.));
#218 = ORIENTED_EDGE('',*,*,#219,.T.);
#219 = EDGE_CURVE('',#212,#220,#222,.T.);
#220 = VERTEX_POINT('',#221);
#221 = CARTESIAN_POINT('',(-15.95,-6.25,0.));
#222 = CIRCLE('',#223,0.3);
#223 = AXIS2_PLACEMENT_3D('',#224,#225,#226);
#224 = CARTESIAN_POINT('',(-16.25,-6.25,0.));
#225 = DIRECTION('',(0.,-0.,-1.));
#226 = DIRECTION('',(1.,-5.921189464667E-15,0.));
#227 = ORIENTED_EDGE('',*,*,#228,.T.);
#228 = EDGE_CURVE('',#220,#201,#229,.T.);
#229 = LINE('',#230,#231);
#230 = CARTESIAN_POINT('',(-15.95,-3.575,0.));
#231 = VECTOR('',#232,1.);
#232 = DIRECTION('',(0.,-1.,0.));
#233 = FACE_BOUND('',#234,.F.);
#234 = EDGE_LOOP('',(#235,#246,#254,#263));
#235 = ORIENTED_EDGE('',*,*,#236,.T.);
#236 = EDGE_CURVE('',#237,#239,#241,.T.);
#237 = VERTEX_POINT('',#238);
#238 = CARTESIAN_POINT('',(-14.05,-7.15,0.));
#239 = VERTEX_POINT('',#240);
#240 = CARTESIAN_POINT('',(-14.65,-7.15,0.));
#241 = CIRCLE('',#242,0.3);
#242 = AXIS2_PLACEMENT_3D('',#243,#244,#245);
#243 = CARTESIAN_POINT('',(-14.35,-7.15,0.));
#244 = DIRECTION('',(-0.,0.,-1.));
#245 = DIRECTION('',(-1.,0.,0.));
#246 = ORIENTED_EDGE('',*,*,#247,.T.);
#247 = EDGE_CURVE('',#239,#248,#250,.T.);
#248 = VERTEX_POINT('',#249);
#249 = CARTESIAN_POINT('',(-14.65,-6.25,0.));
#250 = LINE('',#251,#252);
#251 = CARTESIAN_POINT('',(-14.65,-3.125,0.));
#252 = VECTOR('',#253,1.);
#253 = DIRECTION('',(-0.,1.,0.));
#254 = ORIENTED_EDGE('',*,*,#255,.T.);
#255 = EDGE_CURVE('',#248,#256,#258,.T.);
#256 = VERTEX_POINT('',#257);
#257 = CARTESIAN_POINT('',(-14.05,-6.25,0.));
#258 = CIRCLE('',#259,0.3);
#259 = AXIS2_PLACEMENT_3D('',#260,#261,#262);
#260 = CARTESIAN_POINT('',(-14.35,-6.25,0.));
#261 = DIRECTION('',(0.,-0.,-1.));
#262 = DIRECTION('',(1.,0.,-0.));
#263 = ORIENTED_EDGE('',*,*,#264,.T.);
#264 = EDGE_CURVE('',#256,#237,#265,.T.);
#265 = LINE('',#266,#267);
#266 = CARTESIAN_POINT('',(-14.05,-3.575,0.));
#267 = VECTOR('',#268,1.);
#268 = DIRECTION('',(0.,-1.,0.));
#269 = FACE_BOUND('',#270,.F.);
#270 = EDGE_LOOP('',(#271,#282,#290,#299));
#271 = ORIENTED_EDGE('',*,*,#272,.T.);
#272 = EDGE_CURVE('',#273,#275,#277,.T.);
#273 = VERTEX_POINT('',#274);
#274 = CARTESIAN_POINT('',(-12.8,-7.15,0.));
#275 = VERTEX_POINT('',#276);
#276 = CARTESIAN_POINT('',(-13.4,-7.15,0.));
#277 = CIRCLE('',#278,0.3);
#278 = AXIS2_PLACEMENT_3D('',#279,#280,#281);
#279 = CARTESIAN_POINT('',(-13.1,-7.15,0.));
#280 = DIRECTION('',(-0.,0.,-1.));
#281 = DIRECTION('',(-1.,0.,0.));
#282 = ORIENTED_EDGE('',*,*,#283,.T.);
#283 = EDGE_CURVE('',#275,#284,#286,.T.);
#284 = VERTEX_POINT('',#285);
#285 = CARTESIAN_POINT('',(-13.4,-6.25,0.));
#286 = LINE('',#287,#288);
#287 = CARTESIAN_POINT('',(-13.4,-3.125,0.));
#288 = VECTOR('',#289,1.);
#289 = DIRECTION('',(-0.,1.,0.));
#290 = ORIENTED_EDGE('',*,*,#291,.T.);
#291 = EDGE_CURVE('',#284,#292,#294,.T.);
#292 = VERTEX_POINT('',#293);
#293 = CARTESIAN_POINT('',(-12.8,-6.25,0.));
#294 = CIRCLE('',#295,0.3);
#295 = AXIS2_PLACEMENT_3D('',#296,#297,#298);
#296 = CARTESIAN_POINT('',(-13.1,-6.25,0.));
#297 = DIRECTION('',(0.,-0.,-1.));
#298 = DIRECTION('',(1.,0.,-0.));
#299 = ORIENTED_EDGE('',*,*,#300,.T.);
#300 = EDGE_CURVE('',#292,#273,#301,.T.);
#301 = LINE('',#302,#303);
#302 = CARTESIAN_POINT('',(-12.8,-3.575,0.));
#303 = VECTOR('',#304,1.);
#304 = DIRECTION('',(0.,-1.,0.));
#305 = FACE_BOUND('',#306,.F.);
#306 = EDGE_LOOP('',(#307,#318,#326,#335));
#307 = ORIENTED_EDGE('',*,*,#308,.T.);
#308 = EDGE_CURVE('',#309,#311,#313,.T.);
#309 = VERTEX_POINT('',#310);
#310 = CARTESIAN_POINT('',(-10.3,-7.15,0.));
#311 = VERTEX_POINT('',#312);
#312 = CARTESIAN_POINT('',(-10.9,-7.15,0.));
#313 = CIRCLE('',#314,0.3);
#314 = AXIS2_PLACEMENT_3D('',#315,#316,#317);
#315 = CARTESIAN_POINT('',(-10.6,-7.15,0.));
#316 = DIRECTION('',(-0.,0.,-1.));
#317 = DIRECTION('',(-1.,0.,0.));
#318 = ORIENTED_EDGE('',*,*,#319,.T.);
#319 = EDGE_CURVE('',#311,#320,#322,.T.);
#320 = VERTEX_POINT('',#321);
#321 = CARTESIAN_POINT('',(-10.9,-6.25,0.));
#322 = LINE('',#323,#324);
#323 = CARTESIAN_POINT('',(-10.9,-3.125,0.));
#324 = VECTOR('',#325,1.);
#325 = DIRECTION('',(-0.,1.,0.));
#326 = ORIENTED_EDGE('',*,*,#327,.T.);
#327 = EDGE_CURVE('',#320,#328,#330,.T.);
#328 = VERTEX_POINT('',#329);
#329 = CARTESIAN_POINT('',(-10.3,-6.25,0.));
#330 = CIRCLE('',#331,0.3);
#331 = AXIS2_PLACEMENT_3D('',#332,#333,#334);
#332 = CARTESIAN_POINT('',(-10.6,-6.25,0.));
#333 = DIRECTION('',(0.,-0.,-1.));
#334 = DIRECTION('',(1.,0.,-0.));
#335 = ORIENTED_EDGE('',*,*,#336,.T.);
#336 = EDGE_CURVE('',#328,#309,#337,.T.);
#337 = LINE('',#338,#339);
#338 = CARTESIAN_POINT('',(-10.3,-3.575,0.));
#339 = VECTOR('',#340,1.);
#340 = DIRECTION('',(0.,-1.,0.));
#341 = FACE_BOUND('',#342,.F.);
#342 = EDGE_LOOP('',(#343,#354,#362,#371));
#343 = ORIENTED_EDGE('',*,*,#344,.T.);
#344 = EDGE_CURVE('',#345,#347,#349,.T.);
#345 = VERTEX_POINT('',#346);
#346 = CARTESIAN_POINT('',(-0.95,-7.15,0.));
#347 = VERTEX_POINT('',#348);
#348 = CARTESIAN_POINT('',(-1.55,-7.15,0.));
#349 = CIRCLE('',#350,0.3);
#350 = AXIS2_PLACEMENT_3D('',#351,#352,#353);
#351 = CARTESIAN_POINT('',(-1.25,-7.15,0.));
#352 = DIRECTION('',(-0.,0.,-1.));
#353 = DIRECTION('',(-1.,0.,0.));
#354 = ORIENTED_EDGE('',*,*,#355,.T.);
#355 = EDGE_CURVE('',#347,#356,#358,.T.);
#356 = VERTEX_POINT('',#357);
#357 = CARTESIAN_POINT('',(-1.55,-6.25,0.));
#358 = LINE('',#359,#360);
#359 = CARTESIAN_POINT('',(-1.55,-3.125,0.));
#360 = VECTOR('',#361,1.);
#361 = DIRECTION('',(-0.,1.,0.));
#362 = ORIENTED_EDGE('',*,*,#363,.T.);
#363 = EDGE_CURVE('',#356,#364,#366,.T.);
#364 = VERTEX_POINT('',#365);
#365 = CARTESIAN_POINT('',(-0.95,-6.25,0.));
#366 = CIRCLE('',#367,0.3);
#367 = AXIS2_PLACEMENT_3D('',#368,#369,#370);
#368 = CARTESIAN_POINT('',(-1.25,-6.25,0.));
#369 = DIRECTION('',(0.,-0.,-1.));
#370 = DIRECTION('',(1.,0.,-0.));
#371 = ORIENTED_EDGE('',*,*,#372,.T.);
#372 = EDGE_CURVE('',#364,#345,#373,.T.);
#373 = LINE('',#374,#375);
#374 = CARTESIAN_POINT('',(-0.95,-3.575,0.));
#375 = VECTOR('',#376,1.);
#376 = DIRECTION('',(0.,-1.,0.));
#377 = FACE_BOUND('',#378,.F.);
#378 = EDGE_LOOP('',(#379,#390,#398,#407));
#379 = ORIENTED_EDGE('',*,*,#380,.T.);
#380 = EDGE_CURVE('',#381,#383,#385,.T.);
#381 = VERTEX_POINT('',#382);
#382 = CARTESIAN_POINT('',(0.95,-7.15,0.));
#383 = VERTEX_POINT('',#384);
#384 = CARTESIAN_POINT('',(0.35,-7.15,0.));
#385 = CIRCLE('',#386,0.3);
#386 = AXIS2_PLACEMENT_3D('',#387,#388,#389);
#387 = CARTESIAN_POINT('',(0.65,-7.15,0.));
#388 = DIRECTION('',(-0.,0.,-1.));
#389 = DIRECTION('',(-1.,0.,0.));
#390 = ORIENTED_EDGE('',*,*,#391,.T.);
#391 = EDGE_CURVE('',#383,#392,#394,.T.);
#392 = VERTEX_POINT('',#393);
#393 = CARTESIAN_POINT('',(0.35,-6.25,0.));
#394 = LINE('',#395,#396);
#395 = CARTESIAN_POINT('',(0.35,-3.125,0.));
#396 = VECTOR('',#397,1.);
#397 = DIRECTION('',(-0.,1.,0.));
#398 = ORIENTED_EDGE('',*,*,#399,.T.);
#399 = EDGE_CURVE('',#392,#400,#402,.T.);
#400 = VERTEX_POINT('',#401);
#401 = CARTESIAN_POINT('',(0.95,-6.25,0.));
#402 = CIRCLE('',#403,0.3);
#403 = AXIS2_PLACEMENT_3D('',#404,#405,#406);
#404 = CARTESIAN_POINT('',(0.65,-6.25,0.));
#405 = DIRECTION('',(0.,-0.,-1.));
#406 = DIRECTION('',(1.,0.,-0.));
#407 = ORIENTED_EDGE('',*,*,#408,.T.);
#408 = EDGE_CURVE('',#400,#381,#409,.T.);
#409 = LINE('',#410,#411);
#410 = CARTESIAN_POINT('',(0.95,-3.575,0.));
#411 = VECTOR('',#412,1.);
#412 = DIRECTION('',(0.,-1.,0.));
#413 = FACE_BOUND('',#414,.F.);
#414 = EDGE_LOOP('',(#415,#426,#434,#443));
#415 = ORIENTED_EDGE('',*,*,#416,.T.);
#416 = EDGE_CURVE('',#417,#419,#421,.T.);
#417 = VERTEX_POINT('',#418);
#418 = CARTESIAN_POINT('',(2.2,-7.15,0.));
#419 = VERTEX_POINT('',#420);
#420 = CARTESIAN_POINT('',(1.6,-7.15,0.));
#421 = CIRCLE('',#422,0.3);
#422 = AXIS2_PLACEMENT_3D('',#423,#424,#425);
#423 = CARTESIAN_POINT('',(1.9,-7.15,0.));
#424 = DIRECTION('',(-0.,0.,-1.));
#425 = DIRECTION('',(-1.,0.,0.));
#426 = ORIENTED_EDGE('',*,*,#427,.T.);
#427 = EDGE_CURVE('',#419,#428,#430,.T.);
#428 = VERTEX_POINT('',#429);
#429 = CARTESIAN_POINT('',(1.6,-6.25,0.));
#430 = LINE('',#431,#432);
#431 = CARTESIAN_POINT('',(1.6,-3.125,0.));
#432 = VECTOR('',#433,1.);
#433 = DIRECTION('',(-0.,1.,0.));
#434 = ORIENTED_EDGE('',*,*,#435,.T.);
#435 = EDGE_CURVE('',#428,#436,#438,.T.);
#436 = VERTEX_POINT('',#437);
#437 = CARTESIAN_POINT('',(2.2,-6.25,0.));
#438 = CIRCLE('',#439,0.3);
#439 = AXIS2_PLACEMENT_3D('',#440,#441,#442);
#440 = CARTESIAN_POINT('',(1.9,-6.25,0.));
#441 = DIRECTION('',(0.,-0.,-1.));
#442 = DIRECTION('',(1.,0.,-0.));
#443 = ORIENTED_EDGE('',*,*,#444,.T.);
#444 = EDGE_CURVE('',#436,#417,#445,.T.);
#445 = LINE('',#446,#447);
#446 = CARTESIAN_POINT('',(2.2,-3.575,0.));
#447 = VECTOR('',#448,1.);
#448 = DIRECTION('',(0.,-1.,0.));
#449 = FACE_BOUND('',#450,.F.);
#450 = EDGE_LOOP('',(#451,#462,#470,#479));
#451 = ORIENTED_EDGE('',*,*,#452,.T.);
#452 = EDGE_CURVE('',#453,#455,#457,.T.);
#453 = VERTEX_POINT('',#454);
#454 = CARTESIAN_POINT('',(4.7,-7.15,0.));
#455 = VERTEX_POINT('',#456);
#456 = CARTESIAN_POINT('',(4.1,-7.15,0.));
#457 = CIRCLE('',#458,0.3);
#458 = AXIS2_PLACEMENT_3D('',#459,#460,#461);
#459 = CARTESIAN_POINT('',(4.4,-7.15,0.));
#460 = DIRECTION('',(-0.,0.,-1.));
#461 = DIRECTION('',(-1.,0.,0.));
#462 = ORIENTED_EDGE('',*,*,#463,.T.);
#463 = EDGE_CURVE('',#455,#464,#466,.T.);
#464 = VERTEX_POINT('',#465);
#465 = CARTESIAN_POINT('',(4.1,-6.25,0.));
#466 = LINE('',#467,#468);
#467 = CARTESIAN_POINT('',(4.1,-3.125,0.));
#468 = VECTOR('',#469,1.);
#469 = DIRECTION('',(-0.,1.,0.));
#470 = ORIENTED_EDGE('',*,*,#471,.T.);
#471 = EDGE_CURVE('',#464,#472,#474,.T.);
#472 = VERTEX_POINT('',#473);
#473 = CARTESIAN_POINT('',(4.7,-6.25,0.));
#474 = CIRCLE('',#475,0.3);
#475 = AXIS2_PLACEMENT_3D('',#476,#477,#478);
#476 = CARTESIAN_POINT('',(4.4,-6.25,0.));
#477 = DIRECTION('',(0.,-0.,-1.));
#478 = DIRECTION('',(1.,0.,-0.));
#479 = ORIENTED_EDGE('',*,*,#480,.T.);
#480 = EDGE_CURVE('',#472,#453,#481,.T.);
#481 = LINE('',#482,#483);
#482 = CARTESIAN_POINT('',(4.7,-3.575,0.));
#483 = VECTOR('',#484,1.);
#484 = DIRECTION('',(0.,-1.,0.));
#485 = FACE_BOUND('',#486,.F.);
#486 = EDGE_LOOP('',(#487,#498,#506,#515));
#487 = ORIENTED_EDGE('',*,*,#488,.T.);
#488 = EDGE_CURVE('',#489,#491,#493,.T.);
#489 = VERTEX_POINT('',#490);
#490 = CARTESIAN_POINT('',(14.05,-7.15,0.));
#491 = VERTEX_POINT('',#492);
#492 = CARTESIAN_POINT('',(13.45,-7.15,0.));
#493 = CIRCLE('',#494,0.3);
#494 = AXIS2_PLACEMENT_3D('',#495,#496,#497);
#495 = CARTESIAN_POINT('',(13.75,-7.15,0.));
#496 = DIRECTION('',(-0.,0.,-1.));
#497 = DIRECTION('',(-1.,0.,0.));
#498 = ORIENTED_EDGE('',*,*,#499,.T.);
#499 = EDGE_CURVE('',#491,#500,#502,.T.);
#500 = VERTEX_POINT('',#501);
#501 = CARTESIAN_POINT('',(13.45,-6.25,0.));
#502 = LINE('',#503,#504);
#503 = CARTESIAN_POINT('',(13.45,-3.125,0.));
#504 = VECTOR('',#505,1.);
#505 = DIRECTION('',(-0.,1.,0.));
#506 = ORIENTED_EDGE('',*,*,#507,.T.);
#507 = EDGE_CURVE('',#500,#508,#510,.T.);
#508 = VERTEX_POINT('',#509);
#509 = CARTESIAN_POINT('',(14.05,-6.25,0.));
#510 = CIRCLE('',#511,0.3);
#511 = AXIS2_PLACEMENT_3D('',#512,#513,#514);
#512 = CARTESIAN_POINT('',(13.75,-6.25,0.));
#513 = DIRECTION('',(0.,-0.,-1.));
#514 = DIRECTION('',(1.,0.,-0.));
#515 = ORIENTED_EDGE('',*,*,#516,.T.);
#516 = EDGE_CURVE('',#508,#489,#517,.T.);
#517 = LINE('',#518,#519);
#518 = CARTESIAN_POINT('',(14.05,-3.575,0.));
#519 = VECTOR('',#520,1.);
#520 = DIRECTION('',(0.,-1.,0.));
#521 = FACE_BOUND('',#522,.F.);
#522 = EDGE_LOOP('',(#523,#534,#542,#551));
#523 = ORIENTED_EDGE('',*,*,#524,.T.);
#524 = EDGE_CURVE('',#525,#527,#529,.T.);
#525 = VERTEX_POINT('',#526);
#526 = CARTESIAN_POINT('',(15.95,-7.15,0.));
#527 = VERTEX_POINT('',#528);
#528 = CARTESIAN_POINT('',(15.35,-7.15,0.));
#529 = CIRCLE('',#530,0.3);
#530 = AXIS2_PLACEMENT_3D('',#531,#532,#533);
#531 = CARTESIAN_POINT('',(15.65,-7.15,0.));
#532 = DIRECTION('',(-0.,0.,-1.));
#533 = DIRECTION('',(-1.,0.,0.));
#534 = ORIENTED_EDGE('',*,*,#535,.T.);
#535 = EDGE_CURVE('',#527,#536,#538,.T.);
#536 = VERTEX_POINT('',#537);
#537 = CARTESIAN_POINT('',(15.35,-6.25,0.));
#538 = LINE('',#539,#540);
#539 = CARTESIAN_POINT('',(15.35,-3.125,0.));
#540 = VECTOR('',#541,1.);
#541 = DIRECTION('',(-0.,1.,0.));
#542 = ORIENTED_EDGE('',*,*,#543,.T.);
#543 = EDGE_CURVE('',#536,#544,#546,.T.);
#544 = VERTEX_POINT('',#545);
#545 = CARTESIAN_POINT('',(15.95,-6.25,0.));
#546 = CIRCLE('',#547,0.3);
#547 = AXIS2_PLACEMENT_3D('',#548,#549,#550);
#548 = CARTESIAN_POINT('',(15.65,-6.25,0.));
#549 = DIRECTION('',(0.,-0.,-1.));
#550 = DIRECTION('',(1.,0.,-0.));
#551 = ORIENTED_EDGE('',*,*,#552,.T.);
#552 = EDGE_CURVE('',#544,#525,#553,.T.);
#553 = LINE('',#554,#555);
#554 = CARTESIAN_POINT('',(15.95,-3.575,0.));
#555 = VECTOR('',#556,1.);
#556 = DIRECTION('',(0.,-1.,0.));
#557 = FACE_BOUND('',#558,.F.);
#558 = EDGE_LOOP('',(#559,#570,#578,#587));
#559 = ORIENTED_EDGE('',*,*,#560,.T.);
#560 = EDGE_CURVE('',#561,#563,#565,.T.);
#561 = VERTEX_POINT('',#562);
#562 = CARTESIAN_POINT('',(17.2,-7.15,0.));
#563 = VERTEX_POINT('',#564);
#564 = CARTESIAN_POINT('',(16.6,-7.15,0.));
#565 = CIRCLE('',#566,0.3);
#566 = AXIS2_PLACEMENT_3D('',#567,#568,#569);
#567 = CARTESIAN_POINT('',(16.9,-7.15,0.));
#568 = DIRECTION('',(-0.,0.,-1.));
#569 = DIRECTION('',(-1.,5.921189464668E-15,0.));
#570 = ORIENTED_EDGE('',*,*,#571,.T.);
#571 = EDGE_CURVE('',#563,#572,#574,.T.);
#572 = VERTEX_POINT('',#573);
#573 = CARTESIAN_POINT('',(16.6,-6.25,0.));
#574 = LINE('',#575,#576);
#575 = CARTESIAN_POINT('',(16.6,-3.125,0.));
#576 = VECTOR('',#577,1.);
#577 = DIRECTION('',(-0.,1.,0.));
#578 = ORIENTED_EDGE('',*,*,#579,.T.);
#579 = EDGE_CURVE('',#572,#580,#582,.T.);
#580 = VERTEX_POINT('',#581);
#581 = CARTESIAN_POINT('',(17.2,-6.25,0.));
#582 = CIRCLE('',#583,0.3);
#583 = AXIS2_PLACEMENT_3D('',#584,#585,#586);
#584 = CARTESIAN_POINT('',(16.9,-6.25,0.));
#585 = DIRECTION('',(0.,-0.,-1.));
#586 = DIRECTION('',(1.,-5.921189464667E-15,0.));
#587 = ORIENTED_EDGE('',*,*,#588,.T.);
#588 = EDGE_CURVE('',#580,#561,#589,.T.);
#589 = LINE('',#590,#591);
#590 = CARTESIAN_POINT('',(17.2,-3.575,0.));
#591 = VECTOR('',#592,1.);
#592 = DIRECTION('',(0.,-1.,0.));
#593 = FACE_BOUND('',#594,.F.);
#594 = EDGE_LOOP('',(#595,#606,#614,#623));
#595 = ORIENTED_EDGE('',*,*,#596,.T.);
#596 = EDGE_CURVE('',#597,#599,#601,.T.);
#597 = VERTEX_POINT('',#598);
#598 = CARTESIAN_POINT('',(19.7,-7.15,0.));
#599 = VERTEX_POINT('',#600);
#600 = CARTESIAN_POINT('',(19.1,-7.15,0.));
#601 = CIRCLE('',#602,0.3);
#602 = AXIS2_PLACEMENT_3D('',#603,#604,#605);
#603 = CARTESIAN_POINT('',(19.4,-7.15,0.));
#604 = DIRECTION('',(-0.,0.,-1.));
#605 = DIRECTION('',(-1.,5.921189464668E-15,0.));
#606 = ORIENTED_EDGE('',*,*,#607,.T.);
#607 = EDGE_CURVE('',#599,#608,#610,.T.);
#608 = VERTEX_POINT('',#609);
#609 = CARTESIAN_POINT('',(19.1,-6.25,0.));
#610 = LINE('',#611,#612);
#611 = CARTESIAN_POINT('',(19.1,-3.125,0.));
#612 = VECTOR('',#613,1.);
#613 = DIRECTION('',(-0.,1.,0.));
#614 = ORIENTED_EDGE('',*,*,#615,.T.);
#615 = EDGE_CURVE('',#608,#616,#618,.T.);
#616 = VERTEX_POINT('',#617);
#617 = CARTESIAN_POINT('',(19.7,-6.25,0.));
#618 = CIRCLE('',#619,0.3);
#619 = AXIS2_PLACEMENT_3D('',#620,#621,#622);
#620 = CARTESIAN_POINT('',(19.4,-6.25,0.));
#621 = DIRECTION('',(0.,-0.,-1.));
#622 = DIRECTION('',(1.,-5.921189464667E-15,0.));
#623 = ORIENTED_EDGE('',*,*,#624,.T.);
#624 = EDGE_CURVE('',#616,#597,#625,.T.);
#625 = LINE('',#626,#627);
#626 = CARTESIAN_POINT('',(19.7,-3.575,0.));
#627 = VECTOR('',#628,1.);
#628 = DIRECTION('',(0.,-1.,0.));
#629 = FACE_BOUND('',#630,.F.);
#630 = EDGE_LOOP('',(#631));
#631 = ORIENTED_EDGE('',*,*,#632,.T.);
#632 = EDGE_CURVE('',#633,#633,#635,.T.);
#633 = VERTEX_POINT('',#634);
#634 = CARTESIAN_POINT('',(-19.224744,0.888982,0.));
#635 = CIRCLE('',#636,0.51);
#636 = AXIS2_PLACEMENT_3D('',#637,#638,#639);
#637 = CARTESIAN_POINT('',(-19.224744,1.398982,0.));
#638 = DIRECTION('',(-0.,0.,-1.));
#639 = DIRECTION('',(-0.,-1.,0.));
#640 = FACE_BOUND('',#641,.F.);
#641 = EDGE_LOOP('',(#642));
#642 = ORIENTED_EDGE('',*,*,#643,.T.);
#643 = EDGE_CURVE('',#644,#644,#646,.T.);
#644 = VERTEX_POINT('',#645);
#645 = CARTESIAN_POINT('',(-16.224744,0.888982,0.));
#646 = CIRCLE('',#647,0.51);
#647 = AXIS2_PLACEMENT_3D('',#648,#649,#650);
#648 = CARTESIAN_POINT('',(-16.224744,1.398982,0.));
#649 = DIRECTION('',(-0.,0.,-1.));
#650 = DIRECTION('',(-0.,-1.,0.));
#651 = FACE_BOUND('',#652,.F.);
#652 = EDGE_LOOP('',(#653));
#653 = ORIENTED_EDGE('',*,*,#654,.T.);
#654 = EDGE_CURVE('',#655,#655,#657,.T.);
#655 = VERTEX_POINT('',#656);
#656 = CARTESIAN_POINT('',(-19.224744,3.888982,0.));
#657 = CIRCLE('',#658,0.51);
#658 = AXIS2_PLACEMENT_3D('',#659,#660,#661);
#659 = CARTESIAN_POINT('',(-19.224744,4.398982,0.));
#660 = DIRECTION('',(-0.,0.,-1.));
#661 = DIRECTION('',(-0.,-1.,0.));
#662 = FACE_BOUND('',#663,.F.);
#663 = EDGE_LOOP('',(#664));
#664 = ORIENTED_EDGE('',*,*,#665,.T.);
#665 = EDGE_CURVE('',#666,#666,#668,.T.);
#666 = VERTEX_POINT('',#667);
#667 = CARTESIAN_POINT('',(-16.224744,3.888982,0.));
#668 = CIRCLE('',#669,0.51);
#669 = AXIS2_PLACEMENT_3D('',#670,#671,#672);
#670 = CARTESIAN_POINT('',(-16.224744,4.398982,0.));
#671 = DIRECTION('',(-0.,0.,-1.));
#672 = DIRECTION('',(-0.,-1.,0.));
#673 = FACE_BOUND('',#674,.F.);
#674 = EDGE_LOOP('',(#675));
#675 = ORIENTED_EDGE('',*,*,#676,.T.);
#676 = EDGE_CURVE('',#677,#677,#679,.T.);
#677 = VERTEX_POINT('',#678);
#678 = CARTESIAN_POINT('',(-7.824744,0.858982,0.));
#679 = CIRCLE('',#680,0.51);
#680 = AXIS2_PLACEMENT_3D('',#681,#682,#683);
#681 = CARTESIAN_POINT('',(-7.824744,1.368982,0.));
#682 = DIRECTION('',(-0.,0.,-1.));
#683 = DIRECTION('',(1.741526313137E-15,-1.,-0.));
#684 = FACE_BOUND('',#685,.F.);
#685 = EDGE_LOOP('',(#686));
#686 = ORIENTED_EDGE('',*,*,#687,.T.);
#687 = EDGE_CURVE('',#688,#688,#690,.T.);
#688 = VERTEX_POINT('',#689);
#689 = CARTESIAN_POINT('',(-4.824744,0.858982,0.));
#690 = CIRCLE('',#691,0.51);
#691 = AXIS2_PLACEMENT_3D('',#692,#693,#694);
#692 = CARTESIAN_POINT('',(-4.824744,1.368982,0.));
#693 = DIRECTION('',(-0.,0.,-1.));
#694 = DIRECTION('',(-0.,-1.,0.));
#695 = FACE_BOUND('',#696,.F.);
#696 = EDGE_LOOP('',(#697));
#697 = ORIENTED_EDGE('',*,*,#698,.T.);
#698 = EDGE_CURVE('',#699,#699,#701,.T.);
#699 = VERTEX_POINT('',#700);
#700 = CARTESIAN_POINT('',(-7.824744,3.858982,0.));
#701 = CIRCLE('',#702,0.51);
#702 = AXIS2_PLACEMENT_3D('',#703,#704,#705);
#703 = CARTESIAN_POINT('',(-7.824744,4.368982,0.));
#704 = DIRECTION('',(-0.,0.,-1.));
#705 = DIRECTION('',(1.741526313137E-15,-1.,-0.));
#706 = FACE_BOUND('',#707,.F.);
#707 = EDGE_LOOP('',(#708));
#708 = ORIENTED_EDGE('',*,*,#709,.T.);
#709 = EDGE_CURVE('',#710,#710,#712,.T.);
#710 = VERTEX_POINT('',#711);
#711 = CARTESIAN_POINT('',(-4.824744,3.858982,0.));
#712 = CIRCLE('',#713,0.51);
#713 = AXIS2_PLACEMENT_3D('',#714,#715,#716);
#714 = CARTESIAN_POINT('',(-4.824744,4.368982,0.));
#715 = DIRECTION('',(-0.,0.,-1.));
#716 = DIRECTION('',(-0.,-1.,0.));
#717 = FACE_BOUND('',#718,.F.);
#718 = EDGE_LOOP('',(#719));
#719 = ORIENTED_EDGE('',*,*,#720,.T.);
#720 = EDGE_CURVE('',#721,#721,#723,.T.);
#721 = VERTEX_POINT('',#722);
#722 = CARTESIAN_POINT('',(-17.724744,7.218982,0.));
#723 = CIRCLE('',#724,1.5);
#724 = AXIS2_PLACEMENT_3D('',#725,#726,#727);
#725 = CARTESIAN_POINT('',(-17.724744,8.718982,0.));
#726 = DIRECTION('',(-0.,0.,-1.));
#727 = DIRECTION('',(-0.,-1.,0.));
#728 = FACE_BOUND('',#729,.F.);
#729 = EDGE_LOOP('',(#730));
#730 = ORIENTED_EDGE('',*,*,#731,.T.);
#731 = EDGE_CURVE('',#732,#732,#734,.T.);
#732 = VERTEX_POINT('',#733);
#733 = CARTESIAN_POINT('',(-6.324744,7.188982,0.));
#734 = CIRCLE('',#735,1.5);
#735 = AXIS2_PLACEMENT_3D('',#736,#737,#738);
#736 = CARTESIAN_POINT('',(-6.324744,8.688982,0.));
#737 = DIRECTION('',(-0.,0.,-1.));
#738 = DIRECTION('',(-0.,-1.,0.));
#739 = FACE_BOUND('',#740,.F.);
#740 = EDGE_LOOP('',(#741));
#741 = ORIENTED_EDGE('',*,*,#742,.T.);
#742 = EDGE_CURVE('',#743,#743,#745,.T.);
#743 = VERTEX_POINT('',#744);
#744 = CARTESIAN_POINT('',(6.175256,0.908982,0.));
#745 = CIRCLE('',#746,0.51);
#746 = AXIS2_PLACEMENT_3D('',#747,#748,#749);
#747 = CARTESIAN_POINT('',(6.175256,1.418982,0.));
#748 = DIRECTION('',(-0.,0.,-1.));
#749 = DIRECTION('',(-0.,-1.,0.));
#750 = FACE_BOUND('',#751,.F.);
#751 = EDGE_LOOP('',(#752));
#752 = ORIENTED_EDGE('',*,*,#753,.T.);
#753 = EDGE_CURVE('',#754,#754,#756,.T.);
#754 = VERTEX_POINT('',#755);
#755 = CARTESIAN_POINT('',(9.175256,0.908982,0.));
#756 = CIRCLE('',#757,0.51);
#757 = AXIS2_PLACEMENT_3D('',#758,#759,#760);
#758 = CARTESIAN_POINT('',(9.175256,1.418982,0.));
#759 = DIRECTION('',(-0.,0.,-1.));
#760 = DIRECTION('',(-3.483052626275E-15,-1.,0.));
#761 = FACE_BOUND('',#762,.F.);
#762 = EDGE_LOOP('',(#763));
#763 = ORIENTED_EDGE('',*,*,#764,.T.);
#764 = EDGE_CURVE('',#765,#765,#767,.T.);
#765 = VERTEX_POINT('',#766);
#766 = CARTESIAN_POINT('',(6.175256,3.908982,0.));
#767 = CIRCLE('',#768,0.51);
#768 = AXIS2_PLACEMENT_3D('',#769,#770,#771);
#769 = CARTESIAN_POINT('',(6.175256,4.418982,0.));
#770 = DIRECTION('',(-0.,0.,-1.));
#771 = DIRECTION('',(-0.,-1.,0.));
#772 = FACE_BOUND('',#773,.F.);
#773 = EDGE_LOOP('',(#774));
#774 = ORIENTED_EDGE('',*,*,#775,.T.);
#775 = EDGE_CURVE('',#776,#776,#778,.T.);
#776 = VERTEX_POINT('',#777);
#777 = CARTESIAN_POINT('',(9.175256,3.908982,0.));
#778 = CIRCLE('',#779,0.51);
#779 = AXIS2_PLACEMENT_3D('',#780,#781,#782);
#780 = CARTESIAN_POINT('',(9.175256,4.418982,0.));
#781 = DIRECTION('',(-0.,0.,-1.));
#782 = DIRECTION('',(-3.483052626275E-15,-1.,0.));
#783 = FACE_BOUND('',#784,.F.);
#784 = EDGE_LOOP('',(#785));
#785 = ORIENTED_EDGE('',*,*,#786,.T.);
#786 = EDGE_CURVE('',#787,#787,#789,.T.);
#787 = VERTEX_POINT('',#788);
#788 = CARTESIAN_POINT('',(7.675256,7.238982,0.));
#789 = CIRCLE('',#790,1.5);
#790 = AXIS2_PLACEMENT_3D('',#791,#792,#793);
#791 = CARTESIAN_POINT('',(7.675256,8.738982,0.));
#792 = DIRECTION('',(-0.,0.,-1.));
#793 = DIRECTION('',(5.921189464668E-16,-1.,-0.));
#794 = FACE_BOUND('',#795,.F.);
#795 = EDGE_LOOP('',(#796));
#796 = ORIENTED_EDGE('',*,*,#797,.T.);
#797 = EDGE_CURVE('',#798,#798,#800,.T.);
#798 = VERTEX_POINT('',#799);
#799 = CARTESIAN_POINT('',(22.5,8.4,0.));
#800 = CIRCLE('',#801,1.6);
#801 = AXIS2_PLACEMENT_3D('',#802,#803,#804);
#802 = CARTESIAN_POINT('',(22.5,10.,0.));
#803 = DIRECTION('',(-0.,0.,-1.));
#804 = DIRECTION('',(-0.,-1.,0.));
#805 = PLANE('',#806);
#806 = AXIS2_PLACEMENT_3D('',#807,#808,#809);
#807 = CARTESIAN_POINT('',(0.,0.,0.));
#808 = DIRECTION('',(0.,0.,1.));
#809 = DIRECTION('',(1.,0.,-0.));
#810 = ADVANCED_FACE('',(#811,#857,#868,#904,#940,#976,#1012,#1048,#1084
    ,#1120,#1156,#1192,#1228,#1264,#1300,#1311,#1322,#1333,#1344,#1355,
    #1366,#1377,#1388,#1399,#1410,#1421,#1432,#1443,#1454,#1465),#1476,
  .T.);
#811 = FACE_BOUND('',#812,.T.);
#812 = EDGE_LOOP('',(#813,#814,#815,#824,#832,#841,#849,#856));
#813 = ORIENTED_EDGE('',*,*,#49,.F.);
#814 = ORIENTED_EDGE('',*,*,#91,.F.);
#815 = ORIENTED_EDGE('',*,*,#816,.F.);
#816 = EDGE_CURVE('',#817,#84,#819,.T.);
#817 = VERTEX_POINT('',#818);
#818 = CARTESIAN_POINT('',(-26.,11.5,1.51));
#819 = CIRCLE('',#820,1.99999850585);
#820 = AXIS2_PLACEMENT_3D('',#821,#822,#823);
#821 = CARTESIAN_POINT('',(-24.00000149415,11.50000149415,1.51));
#822 = DIRECTION('',(0.,0.,-1.));
#823 = DIRECTION('',(-1.,-7.470757420593E-07,-0.));
#824 = ORIENTED_EDGE('',*,*,#825,.F.);
#825 = EDGE_CURVE('',#826,#817,#828,.T.);
#826 = VERTEX_POINT('',#827);
#827 = CARTESIAN_POINT('',(-26.,-11.5,1.51));
#828 = LINE('',#829,#830);
#829 = CARTESIAN_POINT('',(-26.,-11.5,1.51));
#830 = VECTOR('',#831,1.);
#831 = DIRECTION('',(0.,1.,0.));
#832 = ORIENTED_EDGE('',*,*,#833,.F.);
#833 = EDGE_CURVE('',#834,#826,#836,.T.);
#834 = VERTEX_POINT('',#835);
#835 = CARTESIAN_POINT('',(-24.,-13.5,1.51));
#836 = CIRCLE('',#837,1.99999850585);
#837 = AXIS2_PLACEMENT_3D('',#838,#839,#840);
#838 = CARTESIAN_POINT('',(-24.00000149415,-11.50000149415,1.51));
#839 = DIRECTION('',(0.,0.,-1.));
#840 = DIRECTION('',(7.470757420593E-07,-1.,0.));
#841 = ORIENTED_EDGE('',*,*,#842,.F.);
#842 = EDGE_CURVE('',#843,#834,#845,.T.);
#843 = VERTEX_POINT('',#844);
#844 = CARTESIAN_POINT('',(24.,-13.5,1.51));
#845 = LINE('',#846,#847);
#846 = CARTESIAN_POINT('',(24.,-13.5,1.51));
#847 = VECTOR('',#848,1.);
#848 = DIRECTION('',(-1.,0.,0.));
#849 = ORIENTED_EDGE('',*,*,#850,.F.);
#850 = EDGE_CURVE('',#114,#843,#851,.T.);
#851 = CIRCLE('',#852,1.99999850585);
#852 = AXIS2_PLACEMENT_3D('',#853,#854,#855);
#853 = CARTESIAN_POINT('',(24.00000149415,-11.50000149415,1.51));
#854 = DIRECTION('',(0.,0.,-1.));
#855 = DIRECTION('',(1.,7.470757420593E-07,0.));
#856 = ORIENTED_EDGE('',*,*,#113,.F.);
#857 = FACE_BOUND('',#858,.T.);
#858 = EDGE_LOOP('',(#859));
#859 = ORIENTED_EDGE('',*,*,#860,.T.);
#860 = EDGE_CURVE('',#861,#861,#863,.T.);
#861 = VERTEX_POINT('',#862);
#862 = CARTESIAN_POINT('',(-22.5,-11.6,1.51));
#863 = CIRCLE('',#864,1.6);
#864 = AXIS2_PLACEMENT_3D('',#865,#866,#867);
#865 = CARTESIAN_POINT('',(-22.5,-10.,1.51));
#866 = DIRECTION('',(-0.,0.,-1.));
#867 = DIRECTION('',(-0.,-1.,0.));
#868 = FACE_BOUND('',#869,.T.);
#869 = EDGE_LOOP('',(#870,#881,#889,#898));
#870 = ORIENTED_EDGE('',*,*,#871,.T.);
#871 = EDGE_CURVE('',#872,#874,#876,.T.);
#872 = VERTEX_POINT('',#873);
#873 = CARTESIAN_POINT('',(-15.95,-7.15,1.51));
#874 = VERTEX_POINT('',#875);
#875 = CARTESIAN_POINT('',(-16.55,-7.15,1.51));
#876 = CIRCLE('',#877,0.3);
#877 = AXIS2_PLACEMENT_3D('',#878,#879,#880);
#878 = CARTESIAN_POINT('',(-16.25,-7.15,1.51));
#879 = DIRECTION('',(-0.,0.,-1.));
#880 = DIRECTION('',(-1.,5.921189464667E-15,0.));
#881 = ORIENTED_EDGE('',*,*,#882,.T.);
#882 = EDGE_CURVE('',#874,#883,#885,.T.);
#883 = VERTEX_POINT('',#884);
#884 = CARTESIAN_POINT('',(-16.55,-6.25,1.51));
#885 = LINE('',#886,#887);
#886 = CARTESIAN_POINT('',(-16.55,-3.125,1.51));
#887 = VECTOR('',#888,1.);
#888 = DIRECTION('',(-0.,1.,0.));
#889 = ORIENTED_EDGE('',*,*,#890,.T.);
#890 = EDGE_CURVE('',#883,#891,#893,.T.);
#891 = VERTEX_POINT('',#892);
#892 = CARTESIAN_POINT('',(-15.95,-6.25,1.51));
#893 = CIRCLE('',#894,0.3);
#894 = AXIS2_PLACEMENT_3D('',#895,#896,#897);
#895 = CARTESIAN_POINT('',(-16.25,-6.25,1.51));
#896 = DIRECTION('',(0.,-0.,-1.));
#897 = DIRECTION('',(1.,-5.921189464667E-15,0.));
#898 = ORIENTED_EDGE('',*,*,#899,.T.);
#899 = EDGE_CURVE('',#891,#872,#900,.T.);
#900 = LINE('',#901,#902);
#901 = CARTESIAN_POINT('',(-15.95,-3.575,1.51));
#902 = VECTOR('',#903,1.);
#903 = DIRECTION('',(0.,-1.,0.));
#904 = FACE_BOUND('',#905,.T.);
#905 = EDGE_LOOP('',(#906,#917,#925,#934));
#906 = ORIENTED_EDGE('',*,*,#907,.T.);
#907 = EDGE_CURVE('',#908,#910,#912,.T.);
#908 = VERTEX_POINT('',#909);
#909 = CARTESIAN_POINT('',(-14.05,-7.15,1.51));
#910 = VERTEX_POINT('',#911);
#911 = CARTESIAN_POINT('',(-14.65,-7.15,1.51));
#912 = CIRCLE('',#913,0.3);
#913 = AXIS2_PLACEMENT_3D('',#914,#915,#916);
#914 = CARTESIAN_POINT('',(-14.35,-7.15,1.51));
#915 = DIRECTION('',(-0.,0.,-1.));
#916 = DIRECTION('',(-1.,0.,0.));
#917 = ORIENTED_EDGE('',*,*,#918,.T.);
#918 = EDGE_CURVE('',#910,#919,#921,.T.);
#919 = VERTEX_POINT('',#920);
#920 = CARTESIAN_POINT('',(-14.65,-6.25,1.51));
#921 = LINE('',#922,#923);
#922 = CARTESIAN_POINT('',(-14.65,-3.125,1.51));
#923 = VECTOR('',#924,1.);
#924 = DIRECTION('',(-0.,1.,0.));
#925 = ORIENTED_EDGE('',*,*,#926,.T.);
#926 = EDGE_CURVE('',#919,#927,#929,.T.);
#927 = VERTEX_POINT('',#928);
#928 = CARTESIAN_POINT('',(-14.05,-6.25,1.51));
#929 = CIRCLE('',#930,0.3);
#930 = AXIS2_PLACEMENT_3D('',#931,#932,#933);
#931 = CARTESIAN_POINT('',(-14.35,-6.25,1.51));
#932 = DIRECTION('',(0.,-0.,-1.));
#933 = DIRECTION('',(1.,0.,-0.));
#934 = ORIENTED_EDGE('',*,*,#935,.T.);
#935 = EDGE_CURVE('',#927,#908,#936,.T.);
#936 = LINE('',#937,#938);
#937 = CARTESIAN_POINT('',(-14.05,-3.575,1.51));
#938 = VECTOR('',#939,1.);
#939 = DIRECTION('',(0.,-1.,0.));
#940 = FACE_BOUND('',#941,.T.);
#941 = EDGE_LOOP('',(#942,#953,#961,#970));
#942 = ORIENTED_EDGE('',*,*,#943,.T.);
#943 = EDGE_CURVE('',#944,#946,#948,.T.);
#944 = VERTEX_POINT('',#945);
#945 = CARTESIAN_POINT('',(-12.8,-7.15,1.51));
#946 = VERTEX_POINT('',#947);
#947 = CARTESIAN_POINT('',(-13.4,-7.15,1.51));
#948 = CIRCLE('',#949,0.3);
#949 = AXIS2_PLACEMENT_3D('',#950,#951,#952);
#950 = CARTESIAN_POINT('',(-13.1,-7.15,1.51));
#951 = DIRECTION('',(-0.,0.,-1.));
#952 = DIRECTION('',(-1.,0.,0.));
#953 = ORIENTED_EDGE('',*,*,#954,.T.);
#954 = EDGE_CURVE('',#946,#955,#957,.T.);
#955 = VERTEX_POINT('',#956);
#956 = CARTESIAN_POINT('',(-13.4,-6.25,1.51));
#957 = LINE('',#958,#959);
#958 = CARTESIAN_POINT('',(-13.4,-3.125,1.51));
#959 = VECTOR('',#960,1.);
#960 = DIRECTION('',(-0.,1.,0.));
#961 = ORIENTED_EDGE('',*,*,#962,.T.);
#962 = EDGE_CURVE('',#955,#963,#965,.T.);
#963 = VERTEX_POINT('',#964);
#964 = CARTESIAN_POINT('',(-12.8,-6.25,1.51));
#965 = CIRCLE('',#966,0.3);
#966 = AXIS2_PLACEMENT_3D('',#967,#968,#969);
#967 = CARTESIAN_POINT('',(-13.1,-6.25,1.51));
#968 = DIRECTION('',(0.,-0.,-1.));
#969 = DIRECTION('',(1.,0.,-0.));
#970 = ORIENTED_EDGE('',*,*,#971,.T.);
#971 = EDGE_CURVE('',#963,#944,#972,.T.);
#972 = LINE('',#973,#974);
#973 = CARTESIAN_POINT('',(-12.8,-3.575,1.51));
#974 = VECTOR('',#975,1.);
#975 = DIRECTION('',(0.,-1.,0.));
#976 = FACE_BOUND('',#977,.T.);
#977 = EDGE_LOOP('',(#978,#989,#997,#1006));
#978 = ORIENTED_EDGE('',*,*,#979,.T.);
#979 = EDGE_CURVE('',#980,#982,#984,.T.);
#980 = VERTEX_POINT('',#981);
#981 = CARTESIAN_POINT('',(-10.3,-7.15,1.51));
#982 = VERTEX_POINT('',#983);
#983 = CARTESIAN_POINT('',(-10.9,-7.15,1.51));
#984 = CIRCLE('',#985,0.3);
#985 = AXIS2_PLACEMENT_3D('',#986,#987,#988);
#986 = CARTESIAN_POINT('',(-10.6,-7.15,1.51));
#987 = DIRECTION('',(-0.,0.,-1.));
#988 = DIRECTION('',(-1.,0.,0.));
#989 = ORIENTED_EDGE('',*,*,#990,.T.);
#990 = EDGE_CURVE('',#982,#991,#993,.T.);
#991 = VERTEX_POINT('',#992);
#992 = CARTESIAN_POINT('',(-10.9,-6.25,1.51));
#993 = LINE('',#994,#995);
#994 = CARTESIAN_POINT('',(-10.9,-3.125,1.51));
#995 = VECTOR('',#996,1.);
#996 = DIRECTION('',(-0.,1.,0.));
#997 = ORIENTED_EDGE('',*,*,#998,.T.);
#998 = EDGE_CURVE('',#991,#999,#1001,.T.);
#999 = VERTEX_POINT('',#1000);
#1000 = CARTESIAN_POINT('',(-10.3,-6.25,1.51));
#1001 = CIRCLE('',#1002,0.3);
#1002 = AXIS2_PLACEMENT_3D('',#1003,#1004,#1005);
#1003 = CARTESIAN_POINT('',(-10.6,-6.25,1.51));
#1004 = DIRECTION('',(0.,-0.,-1.));
#1005 = DIRECTION('',(1.,0.,-0.));
#1006 = ORIENTED_EDGE('',*,*,#1007,.T.);
#1007 = EDGE_CURVE('',#999,#980,#1008,.T.);
#1008 = LINE('',#1009,#1010);
#1009 = CARTESIAN_POINT('',(-10.3,-3.575,1.51));
#1010 = VECTOR('',#1011,1.);
#1011 = DIRECTION('',(0.,-1.,0.));
#1012 = FACE_BOUND('',#1013,.T.);
#1013 = EDGE_LOOP('',(#1014,#1025,#1033,#1042));
#1014 = ORIENTED_EDGE('',*,*,#1015,.T.);
#1015 = EDGE_CURVE('',#1016,#1018,#1020,.T.);
#1016 = VERTEX_POINT('',#1017);
#1017 = CARTESIAN_POINT('',(-0.95,-7.15,1.51));
#1018 = VERTEX_POINT('',#1019);
#1019 = CARTESIAN_POINT('',(-1.55,-7.15,1.51));
#1020 = CIRCLE('',#1021,0.3);
#1021 = AXIS2_PLACEMENT_3D('',#1022,#1023,#1024);
#1022 = CARTESIAN_POINT('',(-1.25,-7.15,1.51));
#1023 = DIRECTION('',(-0.,0.,-1.));
#1024 = DIRECTION('',(-1.,0.,0.));
#1025 = ORIENTED_EDGE('',*,*,#1026,.T.);
#1026 = EDGE_CURVE('',#1018,#1027,#1029,.T.);
#1027 = VERTEX_POINT('',#1028);
#1028 = CARTESIAN_POINT('',(-1.55,-6.25,1.51));
#1029 = LINE('',#1030,#1031);
#1030 = CARTESIAN_POINT('',(-1.55,-3.125,1.51));
#1031 = VECTOR('',#1032,1.);
#1032 = DIRECTION('',(-0.,1.,0.));
#1033 = ORIENTED_EDGE('',*,*,#1034,.T.);
#1034 = EDGE_CURVE('',#1027,#1035,#1037,.T.);
#1035 = VERTEX_POINT('',#1036);
#1036 = CARTESIAN_POINT('',(-0.95,-6.25,1.51));
#1037 = CIRCLE('',#1038,0.3);
#1038 = AXIS2_PLACEMENT_3D('',#1039,#1040,#1041);
#1039 = CARTESIAN_POINT('',(-1.25,-6.25,1.51));
#1040 = DIRECTION('',(0.,-0.,-1.));
#1041 = DIRECTION('',(1.,0.,-0.));
#1042 = ORIENTED_EDGE('',*,*,#1043,.T.);
#1043 = EDGE_CURVE('',#1035,#1016,#1044,.T.);
#1044 = LINE('',#1045,#1046);
#1045 = CARTESIAN_POINT('',(-0.95,-3.575,1.51));
#1046 = VECTOR('',#1047,1.);
#1047 = DIRECTION('',(0.,-1.,0.));
#1048 = FACE_BOUND('',#1049,.T.);
#1049 = EDGE_LOOP('',(#1050,#1061,#1069,#1078));
#1050 = ORIENTED_EDGE('',*,*,#1051,.T.);
#1051 = EDGE_CURVE('',#1052,#1054,#1056,.T.);
#1052 = VERTEX_POINT('',#1053);
#1053 = CARTESIAN_POINT('',(0.95,-7.15,1.51));
#1054 = VERTEX_POINT('',#1055);
#1055 = CARTESIAN_POINT('',(0.35,-7.15,1.51));
#1056 = CIRCLE('',#1057,0.3);
#1057 = AXIS2_PLACEMENT_3D('',#1058,#1059,#1060);
#1058 = CARTESIAN_POINT('',(0.65,-7.15,1.51));
#1059 = DIRECTION('',(-0.,0.,-1.));
#1060 = DIRECTION('',(-1.,0.,0.));
#1061 = ORIENTED_EDGE('',*,*,#1062,.T.);
#1062 = EDGE_CURVE('',#1054,#1063,#1065,.T.);
#1063 = VERTEX_POINT('',#1064);
#1064 = CARTESIAN_POINT('',(0.35,-6.25,1.51));
#1065 = LINE('',#1066,#1067);
#1066 = CARTESIAN_POINT('',(0.35,-3.125,1.51));
#1067 = VECTOR('',#1068,1.);
#1068 = DIRECTION('',(-0.,1.,0.));
#1069 = ORIENTED_EDGE('',*,*,#1070,.T.);
#1070 = EDGE_CURVE('',#1063,#1071,#1073,.T.);
#1071 = VERTEX_POINT('',#1072);
#1072 = CARTESIAN_POINT('',(0.95,-6.25,1.51));
#1073 = CIRCLE('',#1074,0.3);
#1074 = AXIS2_PLACEMENT_3D('',#1075,#1076,#1077);
#1075 = CARTESIAN_POINT('',(0.65,-6.25,1.51));
#1076 = DIRECTION('',(0.,-0.,-1.));
#1077 = DIRECTION('',(1.,0.,-0.));
#1078 = ORIENTED_EDGE('',*,*,#1079,.T.);
#1079 = EDGE_CURVE('',#1071,#1052,#1080,.T.);
#1080 = LINE('',#1081,#1082);
#1081 = CARTESIAN_POINT('',(0.95,-3.575,1.51));
#1082 = VECTOR('',#1083,1.);
#1083 = DIRECTION('',(0.,-1.,0.));
#1084 = FACE_BOUND('',#1085,.T.);
#1085 = EDGE_LOOP('',(#1086,#1097,#1105,#1114));
#1086 = ORIENTED_EDGE('',*,*,#1087,.T.);
#1087 = EDGE_CURVE('',#1088,#1090,#1092,.T.);
#1088 = VERTEX_POINT('',#1089);
#1089 = CARTESIAN_POINT('',(2.2,-7.15,1.51));
#1090 = VERTEX_POINT('',#1091);
#1091 = CARTESIAN_POINT('',(1.6,-7.15,1.51));
#1092 = CIRCLE('',#1093,0.3);
#1093 = AXIS2_PLACEMENT_3D('',#1094,#1095,#1096);
#1094 = CARTESIAN_POINT('',(1.9,-7.15,1.51));
#1095 = DIRECTION('',(-0.,0.,-1.));
#1096 = DIRECTION('',(-1.,0.,0.));
#1097 = ORIENTED_EDGE('',*,*,#1098,.T.);
#1098 = EDGE_CURVE('',#1090,#1099,#1101,.T.);
#1099 = VERTEX_POINT('',#1100);
#1100 = CARTESIAN_POINT('',(1.6,-6.25,1.51));
#1101 = LINE('',#1102,#1103);
#1102 = CARTESIAN_POINT('',(1.6,-3.125,1.51));
#1103 = VECTOR('',#1104,1.);
#1104 = DIRECTION('',(-0.,1.,0.));
#1105 = ORIENTED_EDGE('',*,*,#1106,.T.);
#1106 = EDGE_CURVE('',#1099,#1107,#1109,.T.);
#1107 = VERTEX_POINT('',#1108);
#1108 = CARTESIAN_POINT('',(2.2,-6.25,1.51));
#1109 = CIRCLE('',#1110,0.3);
#1110 = AXIS2_PLACEMENT_3D('',#1111,#1112,#1113);
#1111 = CARTESIAN_POINT('',(1.9,-6.25,1.51));
#1112 = DIRECTION('',(0.,-0.,-1.));
#1113 = DIRECTION('',(1.,0.,-0.));
#1114 = ORIENTED_EDGE('',*,*,#1115,.T.);
#1115 = EDGE_CURVE('',#1107,#1088,#1116,.T.);
#1116 = LINE('',#1117,#1118);
#1117 = CARTESIAN_POINT('',(2.2,-3.575,1.51));
#1118 = VECTOR('',#1119,1.);
#1119 = DIRECTION('',(0.,-1.,0.));
#1120 = FACE_BOUND('',#1121,.T.);
#1121 = EDGE_LOOP('',(#1122,#1133,#1141,#1150));
#1122 = ORIENTED_EDGE('',*,*,#1123,.T.);
#1123 = EDGE_CURVE('',#1124,#1126,#1128,.T.);
#1124 = VERTEX_POINT('',#1125);
#1125 = CARTESIAN_POINT('',(4.7,-7.15,1.51));
#1126 = VERTEX_POINT('',#1127);
#1127 = CARTESIAN_POINT('',(4.1,-7.15,1.51));
#1128 = CIRCLE('',#1129,0.3);
#1129 = AXIS2_PLACEMENT_3D('',#1130,#1131,#1132);
#1130 = CARTESIAN_POINT('',(4.4,-7.15,1.51));
#1131 = DIRECTION('',(-0.,0.,-1.));
#1132 = DIRECTION('',(-1.,0.,0.));
#1133 = ORIENTED_EDGE('',*,*,#1134,.T.);
#1134 = EDGE_CURVE('',#1126,#1135,#1137,.T.);
#1135 = VERTEX_POINT('',#1136);
#1136 = CARTESIAN_POINT('',(4.1,-6.25,1.51));
#1137 = LINE('',#1138,#1139);
#1138 = CARTESIAN_POINT('',(4.1,-3.125,1.51));
#1139 = VECTOR('',#1140,1.);
#1140 = DIRECTION('',(-0.,1.,0.));
#1141 = ORIENTED_EDGE('',*,*,#1142,.T.);
#1142 = EDGE_CURVE('',#1135,#1143,#1145,.T.);
#1143 = VERTEX_POINT('',#1144);
#1144 = CARTESIAN_POINT('',(4.7,-6.25,1.51));
#1145 = CIRCLE('',#1146,0.3);
#1146 = AXIS2_PLACEMENT_3D('',#1147,#1148,#1149);
#1147 = CARTESIAN_POINT('',(4.4,-6.25,1.51));
#1148 = DIRECTION('',(0.,-0.,-1.));
#1149 = DIRECTION('',(1.,0.,-0.));
#1150 = ORIENTED_EDGE('',*,*,#1151,.T.);
#1151 = EDGE_CURVE('',#1143,#1124,#1152,.T.);
#1152 = LINE('',#1153,#1154);
#1153 = CARTESIAN_POINT('',(4.7,-3.575,1.51));
#1154 = VECTOR('',#1155,1.);
#1155 = DIRECTION('',(0.,-1.,0.));
#1156 = FACE_BOUND('',#1157,.T.);
#1157 = EDGE_LOOP('',(#1158,#1169,#1177,#1186));
#1158 = ORIENTED_EDGE('',*,*,#1159,.T.);
#1159 = EDGE_CURVE('',#1160,#1162,#1164,.T.);
#1160 = VERTEX_POINT('',#1161);
#1161 = CARTESIAN_POINT('',(14.05,-7.15,1.51));
#1162 = VERTEX_POINT('',#1163);
#1163 = CARTESIAN_POINT('',(13.45,-7.15,1.51));
#1164 = CIRCLE('',#1165,0.3);
#1165 = AXIS2_PLACEMENT_3D('',#1166,#1167,#1168);
#1166 = CARTESIAN_POINT('',(13.75,-7.15,1.51));
#1167 = DIRECTION('',(-0.,0.,-1.));
#1168 = DIRECTION('',(-1.,0.,0.));
#1169 = ORIENTED_EDGE('',*,*,#1170,.T.);
#1170 = EDGE_CURVE('',#1162,#1171,#1173,.T.);
#1171 = VERTEX_POINT('',#1172);
#1172 = CARTESIAN_POINT('',(13.45,-6.25,1.51));
#1173 = LINE('',#1174,#1175);
#1174 = CARTESIAN_POINT('',(13.45,-3.125,1.51));
#1175 = VECTOR('',#1176,1.);
#1176 = DIRECTION('',(-0.,1.,0.));
#1177 = ORIENTED_EDGE('',*,*,#1178,.T.);
#1178 = EDGE_CURVE('',#1171,#1179,#1181,.T.);
#1179 = VERTEX_POINT('',#1180);
#1180 = CARTESIAN_POINT('',(14.05,-6.25,1.51));
#1181 = CIRCLE('',#1182,0.3);
#1182 = AXIS2_PLACEMENT_3D('',#1183,#1184,#1185);
#1183 = CARTESIAN_POINT('',(13.75,-6.25,1.51));
#1184 = DIRECTION('',(0.,-0.,-1.));
#1185 = DIRECTION('',(1.,0.,-0.));
#1186 = ORIENTED_EDGE('',*,*,#1187,.T.);
#1187 = EDGE_CURVE('',#1179,#1160,#1188,.T.);
#1188 = LINE('',#1189,#1190);
#1189 = CARTESIAN_POINT('',(14.05,-3.575,1.51));
#1190 = VECTOR('',#1191,1.);
#1191 = DIRECTION('',(0.,-1.,0.));
#1192 = FACE_BOUND('',#1193,.T.);
#1193 = EDGE_LOOP('',(#1194,#1205,#1213,#1222));
#1194 = ORIENTED_EDGE('',*,*,#1195,.T.);
#1195 = EDGE_CURVE('',#1196,#1198,#1200,.T.);
#1196 = VERTEX_POINT('',#1197);
#1197 = CARTESIAN_POINT('',(15.95,-7.15,1.51));
#1198 = VERTEX_POINT('',#1199);
#1199 = CARTESIAN_POINT('',(15.35,-7.15,1.51));
#1200 = CIRCLE('',#1201,0.3);
#1201 = AXIS2_PLACEMENT_3D('',#1202,#1203,#1204);
#1202 = CARTESIAN_POINT('',(15.65,-7.15,1.51));
#1203 = DIRECTION('',(-0.,0.,-1.));
#1204 = DIRECTION('',(-1.,0.,0.));
#1205 = ORIENTED_EDGE('',*,*,#1206,.T.);
#1206 = EDGE_CURVE('',#1198,#1207,#1209,.T.);
#1207 = VERTEX_POINT('',#1208);
#1208 = CARTESIAN_POINT('',(15.35,-6.25,1.51));
#1209 = LINE('',#1210,#1211);
#1210 = CARTESIAN_POINT('',(15.35,-3.125,1.51));
#1211 = VECTOR('',#1212,1.);
#1212 = DIRECTION('',(-0.,1.,0.));
#1213 = ORIENTED_EDGE('',*,*,#1214,.T.);
#1214 = EDGE_CURVE('',#1207,#1215,#1217,.T.);
#1215 = VERTEX_POINT('',#1216);
#1216 = CARTESIAN_POINT('',(15.95,-6.25,1.51));
#1217 = CIRCLE('',#1218,0.3);
#1218 = AXIS2_PLACEMENT_3D('',#1219,#1220,#1221);
#1219 = CARTESIAN_POINT('',(15.65,-6.25,1.51));
#1220 = DIRECTION('',(0.,-0.,-1.));
#1221 = DIRECTION('',(1.,0.,-0.));
#1222 = ORIENTED_EDGE('',*,*,#1223,.T.);
#1223 = EDGE_CURVE('',#1215,#1196,#1224,.T.);
#1224 = LINE('',#1225,#1226);
#1225 = CARTESIAN_POINT('',(15.95,-3.575,1.51));
#1226 = VECTOR('',#1227,1.);
#1227 = DIRECTION('',(0.,-1.,0.));
#1228 = FACE_BOUND('',#1229,.T.);
#1229 = EDGE_LOOP('',(#1230,#1241,#1249,#1258));
#1230 = ORIENTED_EDGE('',*,*,#1231,.T.);
#1231 = EDGE_CURVE('',#1232,#1234,#1236,.T.);
#1232 = VERTEX_POINT('',#1233);
#1233 = CARTESIAN_POINT('',(17.2,-7.15,1.51));
#1234 = VERTEX_POINT('',#1235);
#1235 = CARTESIAN_POINT('',(16.6,-7.15,1.51));
#1236 = CIRCLE('',#1237,0.3);
#1237 = AXIS2_PLACEMENT_3D('',#1238,#1239,#1240);
#1238 = CARTESIAN_POINT('',(16.9,-7.15,1.51));
#1239 = DIRECTION('',(-0.,0.,-1.));
#1240 = DIRECTION('',(-1.,5.921189464668E-15,0.));
#1241 = ORIENTED_EDGE('',*,*,#1242,.T.);
#1242 = EDGE_CURVE('',#1234,#1243,#1245,.T.);
#1243 = VERTEX_POINT('',#1244);
#1244 = CARTESIAN_POINT('',(16.6,-6.25,1.51));
#1245 = LINE('',#1246,#1247);
#1246 = CARTESIAN_POINT('',(16.6,-3.125,1.51));
#1247 = VECTOR('',#1248,1.);
#1248 = DIRECTION('',(-0.,1.,0.));
#1249 = ORIENTED_EDGE('',*,*,#1250,.T.);
#1250 = EDGE_CURVE('',#1243,#1251,#1253,.T.);
#1251 = VERTEX_POINT('',#1252);
#1252 = CARTESIAN_POINT('',(17.2,-6.25,1.51));
#1253 = CIRCLE('',#1254,0.3);
#1254 = AXIS2_PLACEMENT_3D('',#1255,#1256,#1257);
#1255 = CARTESIAN_POINT('',(16.9,-6.25,1.51));
#1256 = DIRECTION('',(0.,-0.,-1.));
#1257 = DIRECTION('',(1.,-5.921189464667E-15,0.));
#1258 = ORIENTED_EDGE('',*,*,#1259,.T.);
#1259 = EDGE_CURVE('',#1251,#1232,#1260,.T.);
#1260 = LINE('',#1261,#1262);
#1261 = CARTESIAN_POINT('',(17.2,-3.575,1.51));
#1262 = VECTOR('',#1263,1.);
#1263 = DIRECTION('',(0.,-1.,0.));
#1264 = FACE_BOUND('',#1265,.T.);
#1265 = EDGE_LOOP('',(#1266,#1277,#1285,#1294));
#1266 = ORIENTED_EDGE('',*,*,#1267,.T.);
#1267 = EDGE_CURVE('',#1268,#1270,#1272,.T.);
#1268 = VERTEX_POINT('',#1269);
#1269 = CARTESIAN_POINT('',(19.7,-7.15,1.51));
#1270 = VERTEX_POINT('',#1271);
#1271 = CARTESIAN_POINT('',(19.1,-7.15,1.51));
#1272 = CIRCLE('',#1273,0.3);
#1273 = AXIS2_PLACEMENT_3D('',#1274,#1275,#1276);
#1274 = CARTESIAN_POINT('',(19.4,-7.15,1.51));
#1275 = DIRECTION('',(-0.,0.,-1.));
#1276 = DIRECTION('',(-1.,5.921189464668E-15,0.));
#1277 = ORIENTED_EDGE('',*,*,#1278,.T.);
#1278 = EDGE_CURVE('',#1270,#1279,#1281,.T.);
#1279 = VERTEX_POINT('',#1280);
#1280 = CARTESIAN_POINT('',(19.1,-6.25,1.51));
#1281 = LINE('',#1282,#1283);
#1282 = CARTESIAN_POINT('',(19.1,-3.125,1.51));
#1283 = VECTOR('',#1284,1.);
#1284 = DIRECTION('',(-0.,1.,0.));
#1285 = ORIENTED_EDGE('',*,*,#1286,.T.);
#1286 = EDGE_CURVE('',#1279,#1287,#1289,.T.);
#1287 = VERTEX_POINT('',#1288);
#1288 = CARTESIAN_POINT('',(19.7,-6.25,1.51));
#1289 = CIRCLE('',#1290,0.3);
#1290 = AXIS2_PLACEMENT_3D('',#1291,#1292,#1293);
#1291 = CARTESIAN_POINT('',(19.4,-6.25,1.51));
#1292 = DIRECTION('',(0.,-0.,-1.));
#1293 = DIRECTION('',(1.,-5.921189464667E-15,0.));
#1294 = ORIENTED_EDGE('',*,*,#1295,.T.);
#1295 = EDGE_CURVE('',#1287,#1268,#1296,.T.);
#1296 = LINE('',#1297,#1298);
#1297 = CARTESIAN_POINT('',(19.7,-3.575,1.51));
#1298 = VECTOR('',#1299,1.);
#1299 = DIRECTION('',(0.,-1.,0.));
#1300 = FACE_BOUND('',#1301,.T.);
#1301 = EDGE_LOOP('',(#1302));
#1302 = ORIENTED_EDGE('',*,*,#1303,.T.);
#1303 = EDGE_CURVE('',#1304,#1304,#1306,.T.);
#1304 = VERTEX_POINT('',#1305);
#1305 = CARTESIAN_POINT('',(-19.224744,0.888982,1.51));
#1306 = CIRCLE('',#1307,0.51);
#1307 = AXIS2_PLACEMENT_3D('',#1308,#1309,#1310);
#1308 = CARTESIAN_POINT('',(-19.224744,1.398982,1.51));
#1309 = DIRECTION('',(-0.,0.,-1.));
#1310 = DIRECTION('',(-0.,-1.,0.));
#1311 = FACE_BOUND('',#1312,.T.);
#1312 = EDGE_LOOP('',(#1313));
#1313 = ORIENTED_EDGE('',*,*,#1314,.T.);
#1314 = EDGE_CURVE('',#1315,#1315,#1317,.T.);
#1315 = VERTEX_POINT('',#1316);
#1316 = CARTESIAN_POINT('',(-16.224744,0.888982,1.51));
#1317 = CIRCLE('',#1318,0.51);
#1318 = AXIS2_PLACEMENT_3D('',#1319,#1320,#1321);
#1319 = CARTESIAN_POINT('',(-16.224744,1.398982,1.51));
#1320 = DIRECTION('',(-0.,0.,-1.));
#1321 = DIRECTION('',(-0.,-1.,0.));
#1322 = FACE_BOUND('',#1323,.T.);
#1323 = EDGE_LOOP('',(#1324));
#1324 = ORIENTED_EDGE('',*,*,#1325,.T.);
#1325 = EDGE_CURVE('',#1326,#1326,#1328,.T.);
#1326 = VERTEX_POINT('',#1327);
#1327 = CARTESIAN_POINT('',(-19.224744,3.888982,1.51));
#1328 = CIRCLE('',#1329,0.51);
#1329 = AXIS2_PLACEMENT_3D('',#1330,#1331,#1332);
#1330 = CARTESIAN_POINT('',(-19.224744,4.398982,1.51));
#1331 = DIRECTION('',(-0.,0.,-1.));
#1332 = DIRECTION('',(-0.,-1.,0.));
#1333 = FACE_BOUND('',#1334,.T.);
#1334 = EDGE_LOOP('',(#1335));
#1335 = ORIENTED_EDGE('',*,*,#1336,.T.);
#1336 = EDGE_CURVE('',#1337,#1337,#1339,.T.);
#1337 = VERTEX_POINT('',#1338);
#1338 = CARTESIAN_POINT('',(-16.224744,3.888982,1.51));
#1339 = CIRCLE('',#1340,0.51);
#1340 = AXIS2_PLACEMENT_3D('',#1341,#1342,#1343);
#1341 = CARTESIAN_POINT('',(-16.224744,4.398982,1.51));
#1342 = DIRECTION('',(-0.,0.,-1.));
#1343 = DIRECTION('',(-0.,-1.,0.));
#1344 = FACE_BOUND('',#1345,.T.);
#1345 = EDGE_LOOP('',(#1346));
#1346 = ORIENTED_EDGE('',*,*,#1347,.T.);
#1347 = EDGE_CURVE('',#1348,#1348,#1350,.T.);
#1348 = VERTEX_POINT('',#1349);
#1349 = CARTESIAN_POINT('',(-7.824744,0.858982,1.51));
#1350 = CIRCLE('',#1351,0.51);
#1351 = AXIS2_PLACEMENT_3D('',#1352,#1353,#1354);
#1352 = CARTESIAN_POINT('',(-7.824744,1.368982,1.51));
#1353 = DIRECTION('',(-0.,0.,-1.));
#1354 = DIRECTION('',(1.741526313137E-15,-1.,-0.));
#1355 = FACE_BOUND('',#1356,.T.);
#1356 = EDGE_LOOP('',(#1357));
#1357 = ORIENTED_EDGE('',*,*,#1358,.T.);
#1358 = EDGE_CURVE('',#1359,#1359,#1361,.T.);
#1359 = VERTEX_POINT('',#1360);
#1360 = CARTESIAN_POINT('',(-4.824744,0.858982,1.51));
#1361 = CIRCLE('',#1362,0.51);
#1362 = AXIS2_PLACEMENT_3D('',#1363,#1364,#1365);
#1363 = CARTESIAN_POINT('',(-4.824744,1.368982,1.51));
#1364 = DIRECTION('',(-0.,0.,-1.));
#1365 = DIRECTION('',(-0.,-1.,0.));
#1366 = FACE_BOUND('',#1367,.T.);
#1367 = EDGE_LOOP('',(#1368));
#1368 = ORIENTED_EDGE('',*,*,#1369,.T.);
#1369 = EDGE_CURVE('',#1370,#1370,#1372,.T.);
#1370 = VERTEX_POINT('',#1371);
#1371 = CARTESIAN_POINT('',(-7.824744,3.858982,1.51));
#1372 = CIRCLE('',#1373,0.51);
#1373 = AXIS2_PLACEMENT_3D('',#1374,#1375,#1376);
#1374 = CARTESIAN_POINT('',(-7.824744,4.368982,1.51));
#1375 = DIRECTION('',(-0.,0.,-1.));
#1376 = DIRECTION('',(1.741526313137E-15,-1.,-0.));
#1377 = FACE_BOUND('',#1378,.T.);
#1378 = EDGE_LOOP('',(#1379));
#1379 = ORIENTED_EDGE('',*,*,#1380,.T.);
#1380 = EDGE_CURVE('',#1381,#1381,#1383,.T.);
#1381 = VERTEX_POINT('',#1382);
#1382 = CARTESIAN_POINT('',(-4.824744,3.858982,1.51));
#1383 = CIRCLE('',#1384,0.51);
#1384 = AXIS2_PLACEMENT_3D('',#1385,#1386,#1387);
#1385 = CARTESIAN_POINT('',(-4.824744,4.368982,1.51));
#1386 = DIRECTION('',(-0.,0.,-1.));
#1387 = DIRECTION('',(-0.,-1.,0.));
#1388 = FACE_BOUND('',#1389,.T.);
#1389 = EDGE_LOOP('',(#1390));
#1390 = ORIENTED_EDGE('',*,*,#1391,.T.);
#1391 = EDGE_CURVE('',#1392,#1392,#1394,.T.);
#1392 = VERTEX_POINT('',#1393);
#1393 = CARTESIAN_POINT('',(-17.724744,7.218982,1.51));
#1394 = CIRCLE('',#1395,1.5);
#1395 = AXIS2_PLACEMENT_3D('',#1396,#1397,#1398);
#1396 = CARTESIAN_POINT('',(-17.724744,8.718982,1.51));
#1397 = DIRECTION('',(-0.,0.,-1.));
#1398 = DIRECTION('',(-0.,-1.,0.));
#1399 = FACE_BOUND('',#1400,.T.);
#1400 = EDGE_LOOP('',(#1401));
#1401 = ORIENTED_EDGE('',*,*,#1402,.T.);
#1402 = EDGE_CURVE('',#1403,#1403,#1405,.T.);
#1403 = VERTEX_POINT('',#1404);
#1404 = CARTESIAN_POINT('',(-6.324744,7.188982,1.51));
#1405 = CIRCLE('',#1406,1.5);
#1406 = AXIS2_PLACEMENT_3D('',#1407,#1408,#1409);
#1407 = CARTESIAN_POINT('',(-6.324744,8.688982,1.51));
#1408 = DIRECTION('',(-0.,0.,-1.));
#1409 = DIRECTION('',(-0.,-1.,0.));
#1410 = FACE_BOUND('',#1411,.T.);
#1411 = EDGE_LOOP('',(#1412));
#1412 = ORIENTED_EDGE('',*,*,#1413,.T.);
#1413 = EDGE_CURVE('',#1414,#1414,#1416,.T.);
#1414 = VERTEX_POINT('',#1415);
#1415 = CARTESIAN_POINT('',(6.175256,0.908982,1.51));
#1416 = CIRCLE('',#1417,0.51);
#1417 = AXIS2_PLACEMENT_3D('',#1418,#1419,#1420);
#1418 = CARTESIAN_POINT('',(6.175256,1.418982,1.51));
#1419 = DIRECTION('',(-0.,0.,-1.));
#1420 = DIRECTION('',(-0.,-1.,0.));
#1421 = FACE_BOUND('',#1422,.T.);
#1422 = EDGE_LOOP('',(#1423));
#1423 = ORIENTED_EDGE('',*,*,#1424,.T.);
#1424 = EDGE_CURVE('',#1425,#1425,#1427,.T.);
#1425 = VERTEX_POINT('',#1426);
#1426 = CARTESIAN_POINT('',(9.175256,0.908982,1.51));
#1427 = CIRCLE('',#1428,0.51);
#1428 = AXIS2_PLACEMENT_3D('',#1429,#1430,#1431);
#1429 = CARTESIAN_POINT('',(9.175256,1.418982,1.51));
#1430 = DIRECTION('',(-0.,0.,-1.));
#1431 = DIRECTION('',(-3.483052626275E-15,-1.,0.));
#1432 = FACE_BOUND('',#1433,.T.);
#1433 = EDGE_LOOP('',(#1434));
#1434 = ORIENTED_EDGE('',*,*,#1435,.T.);
#1435 = EDGE_CURVE('',#1436,#1436,#1438,.T.);
#1436 = VERTEX_POINT('',#1437);
#1437 = CARTESIAN_POINT('',(6.175256,3.908982,1.51));
#1438 = CIRCLE('',#1439,0.51);
#1439 = AXIS2_PLACEMENT_3D('',#1440,#1441,#1442);
#1440 = CARTESIAN_POINT('',(6.175256,4.418982,1.51));
#1441 = DIRECTION('',(-0.,0.,-1.));
#1442 = DIRECTION('',(-0.,-1.,0.));
#1443 = FACE_BOUND('',#1444,.T.);
#1444 = EDGE_LOOP('',(#1445));
#1445 = ORIENTED_EDGE('',*,*,#1446,.T.);
#1446 = EDGE_CURVE('',#1447,#1447,#1449,.T.);
#1447 = VERTEX_POINT('',#1448);
#1448 = CARTESIAN_POINT('',(9.175256,3.908982,1.51));
#1449 = CIRCLE('',#1450,0.51);
#1450 = AXIS2_PLACEMENT_3D('',#1451,#1452,#1453);
#1451 = CARTESIAN_POINT('',(9.175256,4.418982,1.51));
#1452 = DIRECTION('',(-0.,0.,-1.));
#1453 = DIRECTION('',(-3.483052626275E-15,-1.,0.));
#1454 = FACE_BOUND('',#1455,.T.);
#1455 = EDGE_LOOP('',(#1456));
#1456 = ORIENTED_EDGE('',*,*,#1457,.T.);
#1457 = EDGE_CURVE('',#1458,#1458,#1460,.T.);
#1458 = VERTEX_POINT('',#1459);
#1459 = CARTESIAN_POINT('',(7.675256,7.238982,1.51));
#1460 = CIRCLE('',#1461,1.5);
#1461 = AXIS2_PLACEMENT_3D('',#1462,#1463,#1464);
#1462 = CARTESIAN_POINT('',(7.675256,8.738982,1.51));
#1463 = DIRECTION('',(-0.,0.,-1.));
#1464 = DIRECTION('',(5.921189464668E-16,-1.,-0.));
#1465 = FACE_BOUND('',#1466,.T.);
#1466 = EDGE_LOOP('',(#1467));
#1467 = ORIENTED_EDGE('',*,*,#1468,.T.);
#1468 = EDGE_CURVE('',#1469,#1469,#1471,.T.);
#1469 = VERTEX_POINT('',#1470);
#1470 = CARTESIAN_POINT('',(22.5,8.4,1.51));
#1471 = CIRCLE('',#1472,1.6);
#1472 = AXIS2_PLACEMENT_3D('',#1473,#1474,#1475);
#1473 = CARTESIAN_POINT('',(22.5,10.,1.51));
#1474 = DIRECTION('',(-0.,0.,-1.));
#1475 = DIRECTION('',(-0.,-1.,0.));
#1476 = PLANE('',#1477);
#1477 = AXIS2_PLACEMENT_3D('',#1478,#1479,#1480);
#1478 = CARTESIAN_POINT('',(0.,0.,1.51));
#1479 = DIRECTION('',(0.,0.,1.));
#1480 = DIRECTION('',(1.,0.,-0.));
#1481 = ADVANCED_FACE('',(#1482),#1493,.T.);
#1482 = FACE_BOUND('',#1483,.T.);
#1483 = EDGE_LOOP('',(#1484,#1490,#1491,#1492));
#1484 = ORIENTED_EDGE('',*,*,#1485,.T.);
#1485 = EDGE_CURVE('',#146,#817,#1486,.T.);
#1486 = LINE('',#1487,#1488);
#1487 = CARTESIAN_POINT('',(-26.,11.5,0.));
#1488 = VECTOR('',#1489,1.);
#1489 = DIRECTION('',(0.,0.,1.));
#1490 = ORIENTED_EDGE('',*,*,#816,.T.);
#1491 = ORIENTED_EDGE('',*,*,#81,.F.);
#1492 = ORIENTED_EDGE('',*,*,#145,.F.);
#1493 = CYLINDRICAL_SURFACE('',#1494,1.99999850585);
#1494 = AXIS2_PLACEMENT_3D('',#1495,#1496,#1497);
#1495 = CARTESIAN_POINT('',(-24.00000149415,11.50000149415,0.));
#1496 = DIRECTION('',(0.,0.,-1.));
#1497 = DIRECTION('',(-1.,-7.470757420593E-07,-0.));
#1498 = ADVANCED_FACE('',(#1499),#1510,.T.);
#1499 = FACE_BOUND('',#1500,.T.);
#1500 = EDGE_LOOP('',(#1501,#1502,#1503,#1509));
#1501 = ORIENTED_EDGE('',*,*,#121,.T.);
#1502 = ORIENTED_EDGE('',*,*,#850,.T.);
#1503 = ORIENTED_EDGE('',*,*,#1504,.F.);
#1504 = EDGE_CURVE('',#172,#843,#1505,.T.);
#1505 = LINE('',#1506,#1507);
#1506 = CARTESIAN_POINT('',(24.,-13.5,0.));
#1507 = VECTOR('',#1508,1.);
#1508 = DIRECTION('',(0.,0.,1.));
#1509 = ORIENTED_EDGE('',*,*,#179,.F.);
#1510 = CYLINDRICAL_SURFACE('',#1511,1.99999850585);
#1511 = AXIS2_PLACEMENT_3D('',#1512,#1513,#1514);
#1512 = CARTESIAN_POINT('',(24.00000149415,-11.50000149415,0.));
#1513 = DIRECTION('',(0.,0.,-1.));
#1514 = DIRECTION('',(1.,7.470757420593E-07,0.));
#1515 = ADVANCED_FACE('',(#1516),#1527,.T.);
#1516 = FACE_BOUND('',#1517,.T.);
#1517 = EDGE_LOOP('',(#1518,#1524,#1525,#1526));
#1518 = ORIENTED_EDGE('',*,*,#1519,.T.);
#1519 = EDGE_CURVE('',#155,#826,#1520,.T.);
#1520 = LINE('',#1521,#1522);
#1521 = CARTESIAN_POINT('',(-26.,-11.5,0.));
#1522 = VECTOR('',#1523,1.);
#1523 = DIRECTION('',(0.,0.,1.));
#1524 = ORIENTED_EDGE('',*,*,#825,.T.);
#1525 = ORIENTED_EDGE('',*,*,#1485,.F.);
#1526 = ORIENTED_EDGE('',*,*,#154,.F.);
#1527 = PLANE('',#1528);
#1528 = AXIS2_PLACEMENT_3D('',#1529,#1530,#1531);
#1529 = CARTESIAN_POINT('',(-26.,-11.5,0.));
#1530 = DIRECTION('',(-1.,0.,0.));
#1531 = DIRECTION('',(0.,1.,0.));
#1532 = ADVANCED_FACE('',(#1533),#1544,.T.);
#1533 = FACE_BOUND('',#1534,.T.);
#1534 = EDGE_LOOP('',(#1535,#1536,#1537,#1543));
#1535 = ORIENTED_EDGE('',*,*,#1504,.T.);
#1536 = ORIENTED_EDGE('',*,*,#842,.T.);
#1537 = ORIENTED_EDGE('',*,*,#1538,.F.);
#1538 = EDGE_CURVE('',#163,#834,#1539,.T.);
#1539 = LINE('',#1540,#1541);
#1540 = CARTESIAN_POINT('',(-24.,-13.5,0.));
#1541 = VECTOR('',#1542,1.);
#1542 = DIRECTION('',(0.,0.,1.));
#1543 = ORIENTED_EDGE('',*,*,#171,.F.);
#1544 = PLANE('',#1545);
#1545 = AXIS2_PLACEMENT_3D('',#1546,#1547,#1548);
#1546 = CARTESIAN_POINT('',(24.,-13.5,0.));
#1547 = DIRECTION('',(0.,-1.,0.));
#1548 = DIRECTION('',(-1.,0.,0.));
#1549 = ADVANCED_FACE('',(#1550),#1556,.T.);
#1550 = FACE_BOUND('',#1551,.T.);
#1551 = EDGE_LOOP('',(#1552,#1553,#1554,#1555));
#1552 = ORIENTED_EDGE('',*,*,#1538,.T.);
#1553 = ORIENTED_EDGE('',*,*,#833,.T.);
#1554 = ORIENTED_EDGE('',*,*,#1519,.F.);
#1555 = ORIENTED_EDGE('',*,*,#162,.F.);
#1556 = CYLINDRICAL_SURFACE('',#1557,1.99999850585);
#1557 = AXIS2_PLACEMENT_3D('',#1558,#1559,#1560);
#1558 = CARTESIAN_POINT('',(-24.00000149415,-11.50000149415,0.));
#1559 = DIRECTION('',(0.,0.,-1.));
#1560 = DIRECTION('',(7.470757420593E-07,-1.,0.));
#1561 = ADVANCED_FACE('',(#1562),#1573,.F.);
#1562 = FACE_BOUND('',#1563,.T.);
#1563 = EDGE_LOOP('',(#1564,#1565,#1571,#1572));
#1564 = ORIENTED_EDGE('',*,*,#189,.T.);
#1565 = ORIENTED_EDGE('',*,*,#1566,.T.);
#1566 = EDGE_CURVE('',#190,#861,#1567,.T.);
#1567 = LINE('',#1568,#1569);
#1568 = CARTESIAN_POINT('',(-22.5,-11.6,-4.6E-02));
#1569 = VECTOR('',#1570,1.);
#1570 = DIRECTION('',(0.,0.,1.));
#1571 = ORIENTED_EDGE('',*,*,#860,.F.);
#1572 = ORIENTED_EDGE('',*,*,#1566,.F.);
#1573 = CYLINDRICAL_SURFACE('',#1574,1.6);
#1574 = AXIS2_PLACEMENT_3D('',#1575,#1576,#1577);
#1575 = CARTESIAN_POINT('',(-22.5,-10.,-4.6E-02));
#1576 = DIRECTION('',(-0.,-0.,-1.));
#1577 = DIRECTION('',(-0.,-1.,0.));
#1578 = ADVANCED_FACE('',(#1579),#1595,.F.);
#1579 = FACE_BOUND('',#1580,.T.);
#1580 = EDGE_LOOP('',(#1581,#1582,#1588,#1589));
#1581 = ORIENTED_EDGE('',*,*,#200,.T.);
#1582 = ORIENTED_EDGE('',*,*,#1583,.T.);
#1583 = EDGE_CURVE('',#203,#874,#1584,.T.);
#1584 = LINE('',#1585,#1586);
#1585 = CARTESIAN_POINT('',(-16.55,-7.15,-4.6E-02));
#1586 = VECTOR('',#1587,1.);
#1587 = DIRECTION('',(0.,0.,1.));
#1588 = ORIENTED_EDGE('',*,*,#871,.F.);
#1589 = ORIENTED_EDGE('',*,*,#1590,.F.);
#1590 = EDGE_CURVE('',#201,#872,#1591,.T.);
#1591 = LINE('',#1592,#1593);
#1592 = CARTESIAN_POINT('',(-15.95,-7.15,-4.6E-02));
#1593 = VECTOR('',#1594,1.);
#1594 = DIRECTION('',(0.,0.,1.));
#1595 = CYLINDRICAL_SURFACE('',#1596,0.3);
#1596 = AXIS2_PLACEMENT_3D('',#1597,#1598,#1599);
#1597 = CARTESIAN_POINT('',(-16.25,-7.15,-4.6E-02));
#1598 = DIRECTION('',(-0.,-0.,-1.));
#1599 = DIRECTION('',(-1.,5.921189464667E-15,-0.));
#1600 = ADVANCED_FACE('',(#1601),#1612,.T.);
#1601 = FACE_BOUND('',#1602,.T.);
#1602 = EDGE_LOOP('',(#1603,#1604,#1605,#1606));
#1603 = ORIENTED_EDGE('',*,*,#228,.T.);
#1604 = ORIENTED_EDGE('',*,*,#1590,.T.);
#1605 = ORIENTED_EDGE('',*,*,#899,.F.);
#1606 = ORIENTED_EDGE('',*,*,#1607,.F.);
#1607 = EDGE_CURVE('',#220,#891,#1608,.T.);
#1608 = LINE('',#1609,#1610);
#1609 = CARTESIAN_POINT('',(-15.95,-6.25,-4.6E-02));
#1610 = VECTOR('',#1611,1.);
#1611 = DIRECTION('',(0.,0.,1.));
#1612 = PLANE('',#1613);
#1613 = AXIS2_PLACEMENT_3D('',#1614,#1615,#1616);
#1614 = CARTESIAN_POINT('',(-15.95,-7.15,-4.6E-02));
#1615 = DIRECTION('',(-1.,0.,0.));
#1616 = DIRECTION('',(0.,1.,0.));
#1617 = ADVANCED_FACE('',(#1618),#1629,.F.);
#1618 = FACE_BOUND('',#1619,.T.);
#1619 = EDGE_LOOP('',(#1620,#1621,#1622,#1623));
#1620 = ORIENTED_EDGE('',*,*,#219,.T.);
#1621 = ORIENTED_EDGE('',*,*,#1607,.T.);
#1622 = ORIENTED_EDGE('',*,*,#890,.F.);
#1623 = ORIENTED_EDGE('',*,*,#1624,.F.);
#1624 = EDGE_CURVE('',#212,#883,#1625,.T.);
#1625 = LINE('',#1626,#1627);
#1626 = CARTESIAN_POINT('',(-16.55,-6.25,-4.6E-02));
#1627 = VECTOR('',#1628,1.);
#1628 = DIRECTION('',(0.,0.,1.));
#1629 = CYLINDRICAL_SURFACE('',#1630,0.3);
#1630 = AXIS2_PLACEMENT_3D('',#1631,#1632,#1633);
#1631 = CARTESIAN_POINT('',(-16.25,-6.25,-4.6E-02));
#1632 = DIRECTION('',(-0.,-0.,-1.));
#1633 = DIRECTION('',(1.,-5.921189464667E-15,0.));
#1634 = ADVANCED_FACE('',(#1635),#1641,.T.);
#1635 = FACE_BOUND('',#1636,.T.);
#1636 = EDGE_LOOP('',(#1637,#1638,#1639,#1640));
#1637 = ORIENTED_EDGE('',*,*,#211,.T.);
#1638 = ORIENTED_EDGE('',*,*,#1624,.T.);
#1639 = ORIENTED_EDGE('',*,*,#882,.F.);
#1640 = ORIENTED_EDGE('',*,*,#1583,.F.);
#1641 = PLANE('',#1642);
#1642 = AXIS2_PLACEMENT_3D('',#1643,#1644,#1645);
#1643 = CARTESIAN_POINT('',(-16.55,-6.25,-4.6E-02));
#1644 = DIRECTION('',(1.,0.,-0.));
#1645 = DIRECTION('',(0.,-1.,0.));
#1646 = ADVANCED_FACE('',(#1647),#1663,.F.);
#1647 = FACE_BOUND('',#1648,.T.);
#1648 = EDGE_LOOP('',(#1649,#1650,#1656,#1657));
#1649 = ORIENTED_EDGE('',*,*,#236,.T.);
#1650 = ORIENTED_EDGE('',*,*,#1651,.T.);
#1651 = EDGE_CURVE('',#239,#910,#1652,.T.);
#1652 = LINE('',#1653,#1654);
#1653 = CARTESIAN_POINT('',(-14.65,-7.15,-4.6E-02));
#1654 = VECTOR('',#1655,1.);
#1655 = DIRECTION('',(0.,0.,1.));
#1656 = ORIENTED_EDGE('',*,*,#907,.F.);
#1657 = ORIENTED_EDGE('',*,*,#1658,.F.);
#1658 = EDGE_CURVE('',#237,#908,#1659,.T.);
#1659 = LINE('',#1660,#1661);
#1660 = CARTESIAN_POINT('',(-14.05,-7.15,-4.6E-02));
#1661 = VECTOR('',#1662,1.);
#1662 = DIRECTION('',(0.,0.,1.));
#1663 = CYLINDRICAL_SURFACE('',#1664,0.3);
#1664 = AXIS2_PLACEMENT_3D('',#1665,#1666,#1667);
#1665 = CARTESIAN_POINT('',(-14.35,-7.15,-4.6E-02));
#1666 = DIRECTION('',(-0.,-0.,-1.));
#1667 = DIRECTION('',(-1.,0.,-0.));
#1668 = ADVANCED_FACE('',(#1669),#1680,.T.);
#1669 = FACE_BOUND('',#1670,.T.);
#1670 = EDGE_LOOP('',(#1671,#1672,#1673,#1674));
#1671 = ORIENTED_EDGE('',*,*,#264,.T.);
#1672 = ORIENTED_EDGE('',*,*,#1658,.T.);
#1673 = ORIENTED_EDGE('',*,*,#935,.F.);
#1674 = ORIENTED_EDGE('',*,*,#1675,.F.);
#1675 = EDGE_CURVE('',#256,#927,#1676,.T.);
#1676 = LINE('',#1677,#1678);
#1677 = CARTESIAN_POINT('',(-14.05,-6.25,-4.6E-02));
#1678 = VECTOR('',#1679,1.);
#1679 = DIRECTION('',(0.,0.,1.));
#1680 = PLANE('',#1681);
#1681 = AXIS2_PLACEMENT_3D('',#1682,#1683,#1684);
#1682 = CARTESIAN_POINT('',(-14.05,-7.15,-4.6E-02));
#1683 = DIRECTION('',(-1.,0.,0.));
#1684 = DIRECTION('',(0.,1.,0.));
#1685 = ADVANCED_FACE('',(#1686),#1697,.F.);
#1686 = FACE_BOUND('',#1687,.T.);
#1687 = EDGE_LOOP('',(#1688,#1689,#1690,#1691));
#1688 = ORIENTED_EDGE('',*,*,#255,.T.);
#1689 = ORIENTED_EDGE('',*,*,#1675,.T.);
#1690 = ORIENTED_EDGE('',*,*,#926,.F.);
#1691 = ORIENTED_EDGE('',*,*,#1692,.F.);
#1692 = EDGE_CURVE('',#248,#919,#1693,.T.);
#1693 = LINE('',#1694,#1695);
#1694 = CARTESIAN_POINT('',(-14.65,-6.25,-4.6E-02));
#1695 = VECTOR('',#1696,1.);
#1696 = DIRECTION('',(0.,0.,1.));
#1697 = CYLINDRICAL_SURFACE('',#1698,0.3);
#1698 = AXIS2_PLACEMENT_3D('',#1699,#1700,#1701);
#1699 = CARTESIAN_POINT('',(-14.35,-6.25,-4.6E-02));
#1700 = DIRECTION('',(-0.,-0.,-1.));
#1701 = DIRECTION('',(1.,0.,-0.));
#1702 = ADVANCED_FACE('',(#1703),#1709,.T.);
#1703 = FACE_BOUND('',#1704,.T.);
#1704 = EDGE_LOOP('',(#1705,#1706,#1707,#1708));
#1705 = ORIENTED_EDGE('',*,*,#247,.T.);
#1706 = ORIENTED_EDGE('',*,*,#1692,.T.);
#1707 = ORIENTED_EDGE('',*,*,#918,.F.);
#1708 = ORIENTED_EDGE('',*,*,#1651,.F.);
#1709 = PLANE('',#1710);
#1710 = AXIS2_PLACEMENT_3D('',#1711,#1712,#1713);
#1711 = CARTESIAN_POINT('',(-14.65,-6.25,-4.6E-02));
#1712 = DIRECTION('',(1.,0.,-0.));
#1713 = DIRECTION('',(0.,-1.,0.));
#1714 = ADVANCED_FACE('',(#1715),#1731,.F.);
#1715 = FACE_BOUND('',#1716,.T.);
#1716 = EDGE_LOOP('',(#1717,#1718,#1724,#1725));
#1717 = ORIENTED_EDGE('',*,*,#272,.T.);
#1718 = ORIENTED_EDGE('',*,*,#1719,.T.);
#1719 = EDGE_CURVE('',#275,#946,#1720,.T.);
#1720 = LINE('',#1721,#1722);
#1721 = CARTESIAN_POINT('',(-13.4,-7.15,-4.6E-02));
#1722 = VECTOR('',#1723,1.);
#1723 = DIRECTION('',(0.,0.,1.));
#1724 = ORIENTED_EDGE('',*,*,#943,.F.);
#1725 = ORIENTED_EDGE('',*,*,#1726,.F.);
#1726 = EDGE_CURVE('',#273,#944,#1727,.T.);
#1727 = LINE('',#1728,#1729);
#1728 = CARTESIAN_POINT('',(-12.8,-7.15,-4.6E-02));
#1729 = VECTOR('',#1730,1.);
#1730 = DIRECTION('',(0.,0.,1.));
#1731 = CYLINDRICAL_SURFACE('',#1732,0.3);
#1732 = AXIS2_PLACEMENT_3D('',#1733,#1734,#1735);
#1733 = CARTESIAN_POINT('',(-13.1,-7.15,-4.6E-02));
#1734 = DIRECTION('',(-0.,-0.,-1.));
#1735 = DIRECTION('',(-1.,0.,-0.));
#1736 = ADVANCED_FACE('',(#1737),#1748,.T.);
#1737 = FACE_BOUND('',#1738,.T.);
#1738 = EDGE_LOOP('',(#1739,#1740,#1741,#1742));
#1739 = ORIENTED_EDGE('',*,*,#300,.T.);
#1740 = ORIENTED_EDGE('',*,*,#1726,.T.);
#1741 = ORIENTED_EDGE('',*,*,#971,.F.);
#1742 = ORIENTED_EDGE('',*,*,#1743,.F.);
#1743 = EDGE_CURVE('',#292,#963,#1744,.T.);
#1744 = LINE('',#1745,#1746);
#1745 = CARTESIAN_POINT('',(-12.8,-6.25,-4.6E-02));
#1746 = VECTOR('',#1747,1.);
#1747 = DIRECTION('',(0.,0.,1.));
#1748 = PLANE('',#1749);
#1749 = AXIS2_PLACEMENT_3D('',#1750,#1751,#1752);
#1750 = CARTESIAN_POINT('',(-12.8,-7.15,-4.6E-02));
#1751 = DIRECTION('',(-1.,0.,0.));
#1752 = DIRECTION('',(0.,1.,0.));
#1753 = ADVANCED_FACE('',(#1754),#1765,.F.);
#1754 = FACE_BOUND('',#1755,.T.);
#1755 = EDGE_LOOP('',(#1756,#1757,#1758,#1759));
#1756 = ORIENTED_EDGE('',*,*,#291,.T.);
#1757 = ORIENTED_EDGE('',*,*,#1743,.T.);
#1758 = ORIENTED_EDGE('',*,*,#962,.F.);
#1759 = ORIENTED_EDGE('',*,*,#1760,.F.);
#1760 = EDGE_CURVE('',#284,#955,#1761,.T.);
#1761 = LINE('',#1762,#1763);
#1762 = CARTESIAN_POINT('',(-13.4,-6.25,-4.6E-02));
#1763 = VECTOR('',#1764,1.);
#1764 = DIRECTION('',(0.,0.,1.));
#1765 = CYLINDRICAL_SURFACE('',#1766,0.3);
#1766 = AXIS2_PLACEMENT_3D('',#1767,#1768,#1769);
#1767 = CARTESIAN_POINT('',(-13.1,-6.25,-4.6E-02));
#1768 = DIRECTION('',(-0.,-0.,-1.));
#1769 = DIRECTION('',(1.,0.,-0.));
#1770 = ADVANCED_FACE('',(#1771),#1777,.T.);
#1771 = FACE_BOUND('',#1772,.T.);
#1772 = EDGE_LOOP('',(#1773,#1774,#1775,#1776));
#1773 = ORIENTED_EDGE('',*,*,#283,.T.);
#1774 = ORIENTED_EDGE('',*,*,#1760,.T.);
#1775 = ORIENTED_EDGE('',*,*,#954,.F.);
#1776 = ORIENTED_EDGE('',*,*,#1719,.F.);
#1777 = PLANE('',#1778);
#1778 = AXIS2_PLACEMENT_3D('',#1779,#1780,#1781);
#1779 = CARTESIAN_POINT('',(-13.4,-6.25,-4.6E-02));
#1780 = DIRECTION('',(1.,0.,-0.));
#1781 = DIRECTION('',(0.,-1.,0.));
#1782 = ADVANCED_FACE('',(#1783),#1799,.F.);
#1783 = FACE_BOUND('',#1784,.T.);
#1784 = EDGE_LOOP('',(#1785,#1786,#1792,#1793));
#1785 = ORIENTED_EDGE('',*,*,#308,.T.);
#1786 = ORIENTED_EDGE('',*,*,#1787,.T.);
#1787 = EDGE_CURVE('',#311,#982,#1788,.T.);
#1788 = LINE('',#1789,#1790);
#1789 = CARTESIAN_POINT('',(-10.9,-7.15,-4.6E-02));
#1790 = VECTOR('',#1791,1.);
#1791 = DIRECTION('',(0.,0.,1.));
#1792 = ORIENTED_EDGE('',*,*,#979,.F.);
#1793 = ORIENTED_EDGE('',*,*,#1794,.F.);
#1794 = EDGE_CURVE('',#309,#980,#1795,.T.);
#1795 = LINE('',#1796,#1797);
#1796 = CARTESIAN_POINT('',(-10.3,-7.15,-4.6E-02));
#1797 = VECTOR('',#1798,1.);
#1798 = DIRECTION('',(0.,0.,1.));
#1799 = CYLINDRICAL_SURFACE('',#1800,0.3);
#1800 = AXIS2_PLACEMENT_3D('',#1801,#1802,#1803);
#1801 = CARTESIAN_POINT('',(-10.6,-7.15,-4.6E-02));
#1802 = DIRECTION('',(-0.,-0.,-1.));
#1803 = DIRECTION('',(-1.,0.,-0.));
#1804 = ADVANCED_FACE('',(#1805),#1816,.T.);
#1805 = FACE_BOUND('',#1806,.T.);
#1806 = EDGE_LOOP('',(#1807,#1808,#1809,#1810));
#1807 = ORIENTED_EDGE('',*,*,#336,.T.);
#1808 = ORIENTED_EDGE('',*,*,#1794,.T.);
#1809 = ORIENTED_EDGE('',*,*,#1007,.F.);
#1810 = ORIENTED_EDGE('',*,*,#1811,.F.);
#1811 = EDGE_CURVE('',#328,#999,#1812,.T.);
#1812 = LINE('',#1813,#1814);
#1813 = CARTESIAN_POINT('',(-10.3,-6.25,-4.6E-02));
#1814 = VECTOR('',#1815,1.);
#1815 = DIRECTION('',(0.,0.,1.));
#1816 = PLANE('',#1817);
#1817 = AXIS2_PLACEMENT_3D('',#1818,#1819,#1820);
#1818 = CARTESIAN_POINT('',(-10.3,-7.15,-4.6E-02));
#1819 = DIRECTION('',(-1.,0.,0.));
#1820 = DIRECTION('',(0.,1.,0.));
#1821 = ADVANCED_FACE('',(#1822),#1833,.F.);
#1822 = FACE_BOUND('',#1823,.T.);
#1823 = EDGE_LOOP('',(#1824,#1825,#1826,#1827));
#1824 = ORIENTED_EDGE('',*,*,#327,.T.);
#1825 = ORIENTED_EDGE('',*,*,#1811,.T.);
#1826 = ORIENTED_EDGE('',*,*,#998,.F.);
#1827 = ORIENTED_EDGE('',*,*,#1828,.F.);
#1828 = EDGE_CURVE('',#320,#991,#1829,.T.);
#1829 = LINE('',#1830,#1831);
#1830 = CARTESIAN_POINT('',(-10.9,-6.25,-4.6E-02));
#1831 = VECTOR('',#1832,1.);
#1832 = DIRECTION('',(0.,0.,1.));
#1833 = CYLINDRICAL_SURFACE('',#1834,0.3);
#1834 = AXIS2_PLACEMENT_3D('',#1835,#1836,#1837);
#1835 = CARTESIAN_POINT('',(-10.6,-6.25,-4.6E-02));
#1836 = DIRECTION('',(-0.,-0.,-1.));
#1837 = DIRECTION('',(1.,0.,-0.));
#1838 = ADVANCED_FACE('',(#1839),#1845,.T.);
#1839 = FACE_BOUND('',#1840,.T.);
#1840 = EDGE_LOOP('',(#1841,#1842,#1843,#1844));
#1841 = ORIENTED_EDGE('',*,*,#319,.T.);
#1842 = ORIENTED_EDGE('',*,*,#1828,.T.);
#1843 = ORIENTED_EDGE('',*,*,#990,.F.);
#1844 = ORIENTED_EDGE('',*,*,#1787,.F.);
#1845 = PLANE('',#1846);
#1846 = AXIS2_PLACEMENT_3D('',#1847,#1848,#1849);
#1847 = CARTESIAN_POINT('',(-10.9,-6.25,-4.6E-02));
#1848 = DIRECTION('',(1.,0.,-0.));
#1849 = DIRECTION('',(0.,-1.,0.));
#1850 = ADVANCED_FACE('',(#1851),#1867,.F.);
#1851 = FACE_BOUND('',#1852,.T.);
#1852 = EDGE_LOOP('',(#1853,#1854,#1860,#1861));
#1853 = ORIENTED_EDGE('',*,*,#344,.T.);
#1854 = ORIENTED_EDGE('',*,*,#1855,.T.);
#1855 = EDGE_CURVE('',#347,#1018,#1856,.T.);
#1856 = LINE('',#1857,#1858);
#1857 = CARTESIAN_POINT('',(-1.55,-7.15,-4.6E-02));
#1858 = VECTOR('',#1859,1.);
#1859 = DIRECTION('',(0.,0.,1.));
#1860 = ORIENTED_EDGE('',*,*,#1015,.F.);
#1861 = ORIENTED_EDGE('',*,*,#1862,.F.);
#1862 = EDGE_CURVE('',#345,#1016,#1863,.T.);
#1863 = LINE('',#1864,#1865);
#1864 = CARTESIAN_POINT('',(-0.95,-7.15,-4.6E-02));
#1865 = VECTOR('',#1866,1.);
#1866 = DIRECTION('',(0.,0.,1.));
#1867 = CYLINDRICAL_SURFACE('',#1868,0.3);
#1868 = AXIS2_PLACEMENT_3D('',#1869,#1870,#1871);
#1869 = CARTESIAN_POINT('',(-1.25,-7.15,-4.6E-02));
#1870 = DIRECTION('',(-0.,-0.,-1.));
#1871 = DIRECTION('',(-1.,0.,-0.));
#1872 = ADVANCED_FACE('',(#1873),#1884,.T.);
#1873 = FACE_BOUND('',#1874,.T.);
#1874 = EDGE_LOOP('',(#1875,#1876,#1877,#1878));
#1875 = ORIENTED_EDGE('',*,*,#372,.T.);
#1876 = ORIENTED_EDGE('',*,*,#1862,.T.);
#1877 = ORIENTED_EDGE('',*,*,#1043,.F.);
#1878 = ORIENTED_EDGE('',*,*,#1879,.F.);
#1879 = EDGE_CURVE('',#364,#1035,#1880,.T.);
#1880 = LINE('',#1881,#1882);
#1881 = CARTESIAN_POINT('',(-0.95,-6.25,-4.6E-02));
#1882 = VECTOR('',#1883,1.);
#1883 = DIRECTION('',(0.,0.,1.));
#1884 = PLANE('',#1885);
#1885 = AXIS2_PLACEMENT_3D('',#1886,#1887,#1888);
#1886 = CARTESIAN_POINT('',(-0.95,-7.15,-4.6E-02));
#1887 = DIRECTION('',(-1.,0.,0.));
#1888 = DIRECTION('',(0.,1.,0.));
#1889 = ADVANCED_FACE('',(#1890),#1901,.F.);
#1890 = FACE_BOUND('',#1891,.T.);
#1891 = EDGE_LOOP('',(#1892,#1893,#1894,#1895));
#1892 = ORIENTED_EDGE('',*,*,#363,.T.);
#1893 = ORIENTED_EDGE('',*,*,#1879,.T.);
#1894 = ORIENTED_EDGE('',*,*,#1034,.F.);
#1895 = ORIENTED_EDGE('',*,*,#1896,.F.);
#1896 = EDGE_CURVE('',#356,#1027,#1897,.T.);
#1897 = LINE('',#1898,#1899);
#1898 = CARTESIAN_POINT('',(-1.55,-6.25,-4.6E-02));
#1899 = VECTOR('',#1900,1.);
#1900 = DIRECTION('',(0.,0.,1.));
#1901 = CYLINDRICAL_SURFACE('',#1902,0.3);
#1902 = AXIS2_PLACEMENT_3D('',#1903,#1904,#1905);
#1903 = CARTESIAN_POINT('',(-1.25,-6.25,-4.6E-02));
#1904 = DIRECTION('',(-0.,-0.,-1.));
#1905 = DIRECTION('',(1.,0.,-0.));
#1906 = ADVANCED_FACE('',(#1907),#1913,.T.);
#1907 = FACE_BOUND('',#1908,.T.);
#1908 = EDGE_LOOP('',(#1909,#1910,#1911,#1912));
#1909 = ORIENTED_EDGE('',*,*,#355,.T.);
#1910 = ORIENTED_EDGE('',*,*,#1896,.T.);
#1911 = ORIENTED_EDGE('',*,*,#1026,.F.);
#1912 = ORIENTED_EDGE('',*,*,#1855,.F.);
#1913 = PLANE('',#1914);
#1914 = AXIS2_PLACEMENT_3D('',#1915,#1916,#1917);
#1915 = CARTESIAN_POINT('',(-1.55,-6.25,-4.6E-02));
#1916 = DIRECTION('',(1.,0.,-0.));
#1917 = DIRECTION('',(0.,-1.,0.));
#1918 = ADVANCED_FACE('',(#1919),#1935,.F.);
#1919 = FACE_BOUND('',#1920,.T.);
#1920 = EDGE_LOOP('',(#1921,#1922,#1928,#1929));
#1921 = ORIENTED_EDGE('',*,*,#380,.T.);
#1922 = ORIENTED_EDGE('',*,*,#1923,.T.);
#1923 = EDGE_CURVE('',#383,#1054,#1924,.T.);
#1924 = LINE('',#1925,#1926);
#1925 = CARTESIAN_POINT('',(0.35,-7.15,-4.6E-02));
#1926 = VECTOR('',#1927,1.);
#1927 = DIRECTION('',(0.,0.,1.));
#1928 = ORIENTED_EDGE('',*,*,#1051,.F.);
#1929 = ORIENTED_EDGE('',*,*,#1930,.F.);
#1930 = EDGE_CURVE('',#381,#1052,#1931,.T.);
#1931 = LINE('',#1932,#1933);
#1932 = CARTESIAN_POINT('',(0.95,-7.15,-4.6E-02));
#1933 = VECTOR('',#1934,1.);
#1934 = DIRECTION('',(0.,0.,1.));
#1935 = CYLINDRICAL_SURFACE('',#1936,0.3);
#1936 = AXIS2_PLACEMENT_3D('',#1937,#1938,#1939);
#1937 = CARTESIAN_POINT('',(0.65,-7.15,-4.6E-02));
#1938 = DIRECTION('',(-0.,-0.,-1.));
#1939 = DIRECTION('',(-1.,0.,-0.));
#1940 = ADVANCED_FACE('',(#1941),#1952,.T.);
#1941 = FACE_BOUND('',#1942,.T.);
#1942 = EDGE_LOOP('',(#1943,#1944,#1945,#1946));
#1943 = ORIENTED_EDGE('',*,*,#408,.T.);
#1944 = ORIENTED_EDGE('',*,*,#1930,.T.);
#1945 = ORIENTED_EDGE('',*,*,#1079,.F.);
#1946 = ORIENTED_EDGE('',*,*,#1947,.F.);
#1947 = EDGE_CURVE('',#400,#1071,#1948,.T.);
#1948 = LINE('',#1949,#1950);
#1949 = CARTESIAN_POINT('',(0.95,-6.25,-4.6E-02));
#1950 = VECTOR('',#1951,1.);
#1951 = DIRECTION('',(0.,0.,1.));
#1952 = PLANE('',#1953);
#1953 = AXIS2_PLACEMENT_3D('',#1954,#1955,#1956);
#1954 = CARTESIAN_POINT('',(0.95,-7.15,-4.6E-02));
#1955 = DIRECTION('',(-1.,0.,0.));
#1956 = DIRECTION('',(0.,1.,0.));
#1957 = ADVANCED_FACE('',(#1958),#1969,.F.);
#1958 = FACE_BOUND('',#1959,.T.);
#1959 = EDGE_LOOP('',(#1960,#1961,#1962,#1963));
#1960 = ORIENTED_EDGE('',*,*,#399,.T.);
#1961 = ORIENTED_EDGE('',*,*,#1947,.T.);
#1962 = ORIENTED_EDGE('',*,*,#1070,.F.);
#1963 = ORIENTED_EDGE('',*,*,#1964,.F.);
#1964 = EDGE_CURVE('',#392,#1063,#1965,.T.);
#1965 = LINE('',#1966,#1967);
#1966 = CARTESIAN_POINT('',(0.35,-6.25,-4.6E-02));
#1967 = VECTOR('',#1968,1.);
#1968 = DIRECTION('',(0.,0.,1.));
#1969 = CYLINDRICAL_SURFACE('',#1970,0.3);
#1970 = AXIS2_PLACEMENT_3D('',#1971,#1972,#1973);
#1971 = CARTESIAN_POINT('',(0.65,-6.25,-4.6E-02));
#1972 = DIRECTION('',(-0.,-0.,-1.));
#1973 = DIRECTION('',(1.,0.,-0.));
#1974 = ADVANCED_FACE('',(#1975),#1981,.T.);
#1975 = FACE_BOUND('',#1976,.T.);
#1976 = EDGE_LOOP('',(#1977,#1978,#1979,#1980));
#1977 = ORIENTED_EDGE('',*,*,#391,.T.);
#1978 = ORIENTED_EDGE('',*,*,#1964,.T.);
#1979 = ORIENTED_EDGE('',*,*,#1062,.F.);
#1980 = ORIENTED_EDGE('',*,*,#1923,.F.);
#1981 = PLANE('',#1982);
#1982 = AXIS2_PLACEMENT_3D('',#1983,#1984,#1985);
#1983 = CARTESIAN_POINT('',(0.35,-6.25,-4.6E-02));
#1984 = DIRECTION('',(1.,0.,-0.));
#1985 = DIRECTION('',(0.,-1.,0.));
#1986 = ADVANCED_FACE('',(#1987),#2003,.F.);
#1987 = FACE_BOUND('',#1988,.T.);
#1988 = EDGE_LOOP('',(#1989,#1990,#1996,#1997));
#1989 = ORIENTED_EDGE('',*,*,#416,.T.);
#1990 = ORIENTED_EDGE('',*,*,#1991,.T.);
#1991 = EDGE_CURVE('',#419,#1090,#1992,.T.);
#1992 = LINE('',#1993,#1994);
#1993 = CARTESIAN_POINT('',(1.6,-7.15,-4.6E-02));
#1994 = VECTOR('',#1995,1.);
#1995 = DIRECTION('',(0.,0.,1.));
#1996 = ORIENTED_EDGE('',*,*,#1087,.F.);
#1997 = ORIENTED_EDGE('',*,*,#1998,.F.);
#1998 = EDGE_CURVE('',#417,#1088,#1999,.T.);
#1999 = LINE('',#2000,#2001);
#2000 = CARTESIAN_POINT('',(2.2,-7.15,-4.6E-02));
#2001 = VECTOR('',#2002,1.);
#2002 = DIRECTION('',(0.,0.,1.));
#2003 = CYLINDRICAL_SURFACE('',#2004,0.3);
#2004 = AXIS2_PLACEMENT_3D('',#2005,#2006,#2007);
#2005 = CARTESIAN_POINT('',(1.9,-7.15,-4.6E-02));
#2006 = DIRECTION('',(-0.,-0.,-1.));
#2007 = DIRECTION('',(-1.,0.,-0.));
#2008 = ADVANCED_FACE('',(#2009),#2020,.T.);
#2009 = FACE_BOUND('',#2010,.T.);
#2010 = EDGE_LOOP('',(#2011,#2012,#2013,#2014));
#2011 = ORIENTED_EDGE('',*,*,#444,.T.);
#2012 = ORIENTED_EDGE('',*,*,#1998,.T.);
#2013 = ORIENTED_EDGE('',*,*,#1115,.F.);
#2014 = ORIENTED_EDGE('',*,*,#2015,.F.);
#2015 = EDGE_CURVE('',#436,#1107,#2016,.T.);
#2016 = LINE('',#2017,#2018);
#2017 = CARTESIAN_POINT('',(2.2,-6.25,-4.6E-02));
#2018 = VECTOR('',#2019,1.);
#2019 = DIRECTION('',(0.,0.,1.));
#2020 = PLANE('',#2021);
#2021 = AXIS2_PLACEMENT_3D('',#2022,#2023,#2024);
#2022 = CARTESIAN_POINT('',(2.2,-7.15,-4.6E-02));
#2023 = DIRECTION('',(-1.,0.,0.));
#2024 = DIRECTION('',(0.,1.,0.));
#2025 = ADVANCED_FACE('',(#2026),#2037,.F.);
#2026 = FACE_BOUND('',#2027,.T.);
#2027 = EDGE_LOOP('',(#2028,#2029,#2030,#2031));
#2028 = ORIENTED_EDGE('',*,*,#435,.T.);
#2029 = ORIENTED_EDGE('',*,*,#2015,.T.);
#2030 = ORIENTED_EDGE('',*,*,#1106,.F.);
#2031 = ORIENTED_EDGE('',*,*,#2032,.F.);
#2032 = EDGE_CURVE('',#428,#1099,#2033,.T.);
#2033 = LINE('',#2034,#2035);
#2034 = CARTESIAN_POINT('',(1.6,-6.25,-4.6E-02));
#2035 = VECTOR('',#2036,1.);
#2036 = DIRECTION('',(0.,0.,1.));
#2037 = CYLINDRICAL_SURFACE('',#2038,0.3);
#2038 = AXIS2_PLACEMENT_3D('',#2039,#2040,#2041);
#2039 = CARTESIAN_POINT('',(1.9,-6.25,-4.6E-02));
#2040 = DIRECTION('',(-0.,-0.,-1.));
#2041 = DIRECTION('',(1.,0.,-0.));
#2042 = ADVANCED_FACE('',(#2043),#2049,.T.);
#2043 = FACE_BOUND('',#2044,.T.);
#2044 = EDGE_LOOP('',(#2045,#2046,#2047,#2048));
#2045 = ORIENTED_EDGE('',*,*,#427,.T.);
#2046 = ORIENTED_EDGE('',*,*,#2032,.T.);
#2047 = ORIENTED_EDGE('',*,*,#1098,.F.);
#2048 = ORIENTED_EDGE('',*,*,#1991,.F.);
#2049 = PLANE('',#2050);
#2050 = AXIS2_PLACEMENT_3D('',#2051,#2052,#2053);
#2051 = CARTESIAN_POINT('',(1.6,-6.25,-4.6E-02));
#2052 = DIRECTION('',(1.,0.,-0.));
#2053 = DIRECTION('',(0.,-1.,0.));
#2054 = ADVANCED_FACE('',(#2055),#2071,.F.);
#2055 = FACE_BOUND('',#2056,.T.);
#2056 = EDGE_LOOP('',(#2057,#2058,#2064,#2065));
#2057 = ORIENTED_EDGE('',*,*,#452,.T.);
#2058 = ORIENTED_EDGE('',*,*,#2059,.T.);
#2059 = EDGE_CURVE('',#455,#1126,#2060,.T.);
#2060 = LINE('',#2061,#2062);
#2061 = CARTESIAN_POINT('',(4.1,-7.15,-4.6E-02));
#2062 = VECTOR('',#2063,1.);
#2063 = DIRECTION('',(0.,0.,1.));
#2064 = ORIENTED_EDGE('',*,*,#1123,.F.);
#2065 = ORIENTED_EDGE('',*,*,#2066,.F.);
#2066 = EDGE_CURVE('',#453,#1124,#2067,.T.);
#2067 = LINE('',#2068,#2069);
#2068 = CARTESIAN_POINT('',(4.7,-7.15,-4.6E-02));
#2069 = VECTOR('',#2070,1.);
#2070 = DIRECTION('',(0.,0.,1.));
#2071 = CYLINDRICAL_SURFACE('',#2072,0.3);
#2072 = AXIS2_PLACEMENT_3D('',#2073,#2074,#2075);
#2073 = CARTESIAN_POINT('',(4.4,-7.15,-4.6E-02));
#2074 = DIRECTION('',(-0.,-0.,-1.));
#2075 = DIRECTION('',(-1.,0.,-0.));
#2076 = ADVANCED_FACE('',(#2077),#2088,.T.);
#2077 = FACE_BOUND('',#2078,.T.);
#2078 = EDGE_LOOP('',(#2079,#2080,#2081,#2082));
#2079 = ORIENTED_EDGE('',*,*,#480,.T.);
#2080 = ORIENTED_EDGE('',*,*,#2066,.T.);
#2081 = ORIENTED_EDGE('',*,*,#1151,.F.);
#2082 = ORIENTED_EDGE('',*,*,#2083,.F.);
#2083 = EDGE_CURVE('',#472,#1143,#2084,.T.);
#2084 = LINE('',#2085,#2086);
#2085 = CARTESIAN_POINT('',(4.7,-6.25,-4.6E-02));
#2086 = VECTOR('',#2087,1.);
#2087 = DIRECTION('',(0.,0.,1.));
#2088 = PLANE('',#2089);
#2089 = AXIS2_PLACEMENT_3D('',#2090,#2091,#2092);
#2090 = CARTESIAN_POINT('',(4.7,-7.15,-4.6E-02));
#2091 = DIRECTION('',(-1.,0.,0.));
#2092 = DIRECTION('',(0.,1.,0.));
#2093 = ADVANCED_FACE('',(#2094),#2105,.F.);
#2094 = FACE_BOUND('',#2095,.T.);
#2095 = EDGE_LOOP('',(#2096,#2097,#2098,#2099));
#2096 = ORIENTED_EDGE('',*,*,#471,.T.);
#2097 = ORIENTED_EDGE('',*,*,#2083,.T.);
#2098 = ORIENTED_EDGE('',*,*,#1142,.F.);
#2099 = ORIENTED_EDGE('',*,*,#2100,.F.);
#2100 = EDGE_CURVE('',#464,#1135,#2101,.T.);
#2101 = LINE('',#2102,#2103);
#2102 = CARTESIAN_POINT('',(4.1,-6.25,-4.6E-02));
#2103 = VECTOR('',#2104,1.);
#2104 = DIRECTION('',(0.,0.,1.));
#2105 = CYLINDRICAL_SURFACE('',#2106,0.3);
#2106 = AXIS2_PLACEMENT_3D('',#2107,#2108,#2109);
#2107 = CARTESIAN_POINT('',(4.4,-6.25,-4.6E-02));
#2108 = DIRECTION('',(-0.,-0.,-1.));
#2109 = DIRECTION('',(1.,0.,-0.));
#2110 = ADVANCED_FACE('',(#2111),#2117,.T.);
#2111 = FACE_BOUND('',#2112,.T.);
#2112 = EDGE_LOOP('',(#2113,#2114,#2115,#2116));
#2113 = ORIENTED_EDGE('',*,*,#463,.T.);
#2114 = ORIENTED_EDGE('',*,*,#2100,.T.);
#2115 = ORIENTED_EDGE('',*,*,#1134,.F.);
#2116 = ORIENTED_EDGE('',*,*,#2059,.F.);
#2117 = PLANE('',#2118);
#2118 = AXIS2_PLACEMENT_3D('',#2119,#2120,#2121);
#2119 = CARTESIAN_POINT('',(4.1,-6.25,-4.6E-02));
#2120 = DIRECTION('',(1.,0.,-0.));
#2121 = DIRECTION('',(0.,-1.,0.));
#2122 = ADVANCED_FACE('',(#2123),#2139,.F.);
#2123 = FACE_BOUND('',#2124,.T.);
#2124 = EDGE_LOOP('',(#2125,#2126,#2132,#2133));
#2125 = ORIENTED_EDGE('',*,*,#488,.T.);
#2126 = ORIENTED_EDGE('',*,*,#2127,.T.);
#2127 = EDGE_CURVE('',#491,#1162,#2128,.T.);
#2128 = LINE('',#2129,#2130);
#2129 = CARTESIAN_POINT('',(13.45,-7.15,-4.6E-02));
#2130 = VECTOR('',#2131,1.);
#2131 = DIRECTION('',(0.,0.,1.));
#2132 = ORIENTED_EDGE('',*,*,#1159,.F.);
#2133 = ORIENTED_EDGE('',*,*,#2134,.F.);
#2134 = EDGE_CURVE('',#489,#1160,#2135,.T.);
#2135 = LINE('',#2136,#2137);
#2136 = CARTESIAN_POINT('',(14.05,-7.15,-4.6E-02));
#2137 = VECTOR('',#2138,1.);
#2138 = DIRECTION('',(0.,0.,1.));
#2139 = CYLINDRICAL_SURFACE('',#2140,0.3);
#2140 = AXIS2_PLACEMENT_3D('',#2141,#2142,#2143);
#2141 = CARTESIAN_POINT('',(13.75,-7.15,-4.6E-02));
#2142 = DIRECTION('',(-0.,-0.,-1.));
#2143 = DIRECTION('',(-1.,0.,-0.));
#2144 = ADVANCED_FACE('',(#2145),#2156,.T.);
#2145 = FACE_BOUND('',#2146,.T.);
#2146 = EDGE_LOOP('',(#2147,#2148,#2149,#2150));
#2147 = ORIENTED_EDGE('',*,*,#516,.T.);
#2148 = ORIENTED_EDGE('',*,*,#2134,.T.);
#2149 = ORIENTED_EDGE('',*,*,#1187,.F.);
#2150 = ORIENTED_EDGE('',*,*,#2151,.F.);
#2151 = EDGE_CURVE('',#508,#1179,#2152,.T.);
#2152 = LINE('',#2153,#2154);
#2153 = CARTESIAN_POINT('',(14.05,-6.25,-4.6E-02));
#2154 = VECTOR('',#2155,1.);
#2155 = DIRECTION('',(0.,0.,1.));
#2156 = PLANE('',#2157);
#2157 = AXIS2_PLACEMENT_3D('',#2158,#2159,#2160);
#2158 = CARTESIAN_POINT('',(14.05,-7.15,-4.6E-02));
#2159 = DIRECTION('',(-1.,0.,0.));
#2160 = DIRECTION('',(0.,1.,0.));
#2161 = ADVANCED_FACE('',(#2162),#2173,.F.);
#2162 = FACE_BOUND('',#2163,.T.);
#2163 = EDGE_LOOP('',(#2164,#2165,#2166,#2167));
#2164 = ORIENTED_EDGE('',*,*,#507,.T.);
#2165 = ORIENTED_EDGE('',*,*,#2151,.T.);
#2166 = ORIENTED_EDGE('',*,*,#1178,.F.);
#2167 = ORIENTED_EDGE('',*,*,#2168,.F.);
#2168 = EDGE_CURVE('',#500,#1171,#2169,.T.);
#2169 = LINE('',#2170,#2171);
#2170 = CARTESIAN_POINT('',(13.45,-6.25,-4.6E-02));
#2171 = VECTOR('',#2172,1.);
#2172 = DIRECTION('',(0.,0.,1.));
#2173 = CYLINDRICAL_SURFACE('',#2174,0.3);
#2174 = AXIS2_PLACEMENT_3D('',#2175,#2176,#2177);
#2175 = CARTESIAN_POINT('',(13.75,-6.25,-4.6E-02));
#2176 = DIRECTION('',(-0.,-0.,-1.));
#2177 = DIRECTION('',(1.,0.,-0.));
#2178 = ADVANCED_FACE('',(#2179),#2185,.T.);
#2179 = FACE_BOUND('',#2180,.T.);
#2180 = EDGE_LOOP('',(#2181,#2182,#2183,#2184));
#2181 = ORIENTED_EDGE('',*,*,#499,.T.);
#2182 = ORIENTED_EDGE('',*,*,#2168,.T.);
#2183 = ORIENTED_EDGE('',*,*,#1170,.F.);
#2184 = ORIENTED_EDGE('',*,*,#2127,.F.);
#2185 = PLANE('',#2186);
#2186 = AXIS2_PLACEMENT_3D('',#2187,#2188,#2189);
#2187 = CARTESIAN_POINT('',(13.45,-6.25,-4.6E-02));
#2188 = DIRECTION('',(1.,0.,-0.));
#2189 = DIRECTION('',(0.,-1.,0.));
#2190 = ADVANCED_FACE('',(#2191),#2207,.F.);
#2191 = FACE_BOUND('',#2192,.T.);
#2192 = EDGE_LOOP('',(#2193,#2194,#2200,#2201));
#2193 = ORIENTED_EDGE('',*,*,#524,.T.);
#2194 = ORIENTED_EDGE('',*,*,#2195,.T.);
#2195 = EDGE_CURVE('',#527,#1198,#2196,.T.);
#2196 = LINE('',#2197,#2198);
#2197 = CARTESIAN_POINT('',(15.35,-7.15,-4.6E-02));
#2198 = VECTOR('',#2199,1.);
#2199 = DIRECTION('',(0.,0.,1.));
#2200 = ORIENTED_EDGE('',*,*,#1195,.F.);
#2201 = ORIENTED_EDGE('',*,*,#2202,.F.);
#2202 = EDGE_CURVE('',#525,#1196,#2203,.T.);
#2203 = LINE('',#2204,#2205);
#2204 = CARTESIAN_POINT('',(15.95,-7.15,-4.6E-02));
#2205 = VECTOR('',#2206,1.);
#2206 = DIRECTION('',(0.,0.,1.));
#2207 = CYLINDRICAL_SURFACE('',#2208,0.3);
#2208 = AXIS2_PLACEMENT_3D('',#2209,#2210,#2211);
#2209 = CARTESIAN_POINT('',(15.65,-7.15,-4.6E-02));
#2210 = DIRECTION('',(-0.,-0.,-1.));
#2211 = DIRECTION('',(-1.,0.,-0.));
#2212 = ADVANCED_FACE('',(#2213),#2224,.T.);
#2213 = FACE_BOUND('',#2214,.T.);
#2214 = EDGE_LOOP('',(#2215,#2216,#2217,#2218));
#2215 = ORIENTED_EDGE('',*,*,#552,.T.);
#2216 = ORIENTED_EDGE('',*,*,#2202,.T.);
#2217 = ORIENTED_EDGE('',*,*,#1223,.F.);
#2218 = ORIENTED_EDGE('',*,*,#2219,.F.);
#2219 = EDGE_CURVE('',#544,#1215,#2220,.T.);
#2220 = LINE('',#2221,#2222);
#2221 = CARTESIAN_POINT('',(15.95,-6.25,-4.6E-02));
#2222 = VECTOR('',#2223,1.);
#2223 = DIRECTION('',(0.,0.,1.));
#2224 = PLANE('',#2225);
#2225 = AXIS2_PLACEMENT_3D('',#2226,#2227,#2228);
#2226 = CARTESIAN_POINT('',(15.95,-7.15,-4.6E-02));
#2227 = DIRECTION('',(-1.,0.,0.));
#2228 = DIRECTION('',(0.,1.,0.));
#2229 = ADVANCED_FACE('',(#2230),#2241,.F.);
#2230 = FACE_BOUND('',#2231,.T.);
#2231 = EDGE_LOOP('',(#2232,#2233,#2234,#2235));
#2232 = ORIENTED_EDGE('',*,*,#543,.T.);
#2233 = ORIENTED_EDGE('',*,*,#2219,.T.);
#2234 = ORIENTED_EDGE('',*,*,#1214,.F.);
#2235 = ORIENTED_EDGE('',*,*,#2236,.F.);
#2236 = EDGE_CURVE('',#536,#1207,#2237,.T.);
#2237 = LINE('',#2238,#2239);
#2238 = CARTESIAN_POINT('',(15.35,-6.25,-4.6E-02));
#2239 = VECTOR('',#2240,1.);
#2240 = DIRECTION('',(0.,0.,1.));
#2241 = CYLINDRICAL_SURFACE('',#2242,0.3);
#2242 = AXIS2_PLACEMENT_3D('',#2243,#2244,#2245);
#2243 = CARTESIAN_POINT('',(15.65,-6.25,-4.6E-02));
#2244 = DIRECTION('',(-0.,-0.,-1.));
#2245 = DIRECTION('',(1.,0.,-0.));
#2246 = ADVANCED_FACE('',(#2247),#2253,.T.);
#2247 = FACE_BOUND('',#2248,.T.);
#2248 = EDGE_LOOP('',(#2249,#2250,#2251,#2252));
#2249 = ORIENTED_EDGE('',*,*,#535,.T.);
#2250 = ORIENTED_EDGE('',*,*,#2236,.T.);
#2251 = ORIENTED_EDGE('',*,*,#1206,.F.);
#2252 = ORIENTED_EDGE('',*,*,#2195,.F.);
#2253 = PLANE('',#2254);
#2254 = AXIS2_PLACEMENT_3D('',#2255,#2256,#2257);
#2255 = CARTESIAN_POINT('',(15.35,-6.25,-4.6E-02));
#2256 = DIRECTION('',(1.,0.,-0.));
#2257 = DIRECTION('',(0.,-1.,0.));
#2258 = ADVANCED_FACE('',(#2259),#2275,.F.);
#2259 = FACE_BOUND('',#2260,.T.);
#2260 = EDGE_LOOP('',(#2261,#2262,#2268,#2269));
#2261 = ORIENTED_EDGE('',*,*,#560,.T.);
#2262 = ORIENTED_EDGE('',*,*,#2263,.T.);
#2263 = EDGE_CURVE('',#563,#1234,#2264,.T.);
#2264 = LINE('',#2265,#2266);
#2265 = CARTESIAN_POINT('',(16.6,-7.15,-4.6E-02));
#2266 = VECTOR('',#2267,1.);
#2267 = DIRECTION('',(0.,0.,1.));
#2268 = ORIENTED_EDGE('',*,*,#1231,.F.);
#2269 = ORIENTED_EDGE('',*,*,#2270,.F.);
#2270 = EDGE_CURVE('',#561,#1232,#2271,.T.);
#2271 = LINE('',#2272,#2273);
#2272 = CARTESIAN_POINT('',(17.2,-7.15,-4.6E-02));
#2273 = VECTOR('',#2274,1.);
#2274 = DIRECTION('',(0.,0.,1.));
#2275 = CYLINDRICAL_SURFACE('',#2276,0.3);
#2276 = AXIS2_PLACEMENT_3D('',#2277,#2278,#2279);
#2277 = CARTESIAN_POINT('',(16.9,-7.15,-4.6E-02));
#2278 = DIRECTION('',(-0.,-0.,-1.));
#2279 = DIRECTION('',(-1.,5.921189464668E-15,-0.));
#2280 = ADVANCED_FACE('',(#2281),#2292,.T.);
#2281 = FACE_BOUND('',#2282,.T.);
#2282 = EDGE_LOOP('',(#2283,#2284,#2285,#2286));
#2283 = ORIENTED_EDGE('',*,*,#588,.T.);
#2284 = ORIENTED_EDGE('',*,*,#2270,.T.);
#2285 = ORIENTED_EDGE('',*,*,#1259,.F.);
#2286 = ORIENTED_EDGE('',*,*,#2287,.F.);
#2287 = EDGE_CURVE('',#580,#1251,#2288,.T.);
#2288 = LINE('',#2289,#2290);
#2289 = CARTESIAN_POINT('',(17.2,-6.25,-4.6E-02));
#2290 = VECTOR('',#2291,1.);
#2291 = DIRECTION('',(0.,0.,1.));
#2292 = PLANE('',#2293);
#2293 = AXIS2_PLACEMENT_3D('',#2294,#2295,#2296);
#2294 = CARTESIAN_POINT('',(17.2,-7.15,-4.6E-02));
#2295 = DIRECTION('',(-1.,0.,0.));
#2296 = DIRECTION('',(0.,1.,0.));
#2297 = ADVANCED_FACE('',(#2298),#2309,.F.);
#2298 = FACE_BOUND('',#2299,.T.);
#2299 = EDGE_LOOP('',(#2300,#2301,#2302,#2303));
#2300 = ORIENTED_EDGE('',*,*,#579,.T.);
#2301 = ORIENTED_EDGE('',*,*,#2287,.T.);
#2302 = ORIENTED_EDGE('',*,*,#1250,.F.);
#2303 = ORIENTED_EDGE('',*,*,#2304,.F.);
#2304 = EDGE_CURVE('',#572,#1243,#2305,.T.);
#2305 = LINE('',#2306,#2307);
#2306 = CARTESIAN_POINT('',(16.6,-6.25,-4.6E-02));
#2307 = VECTOR('',#2308,1.);
#2308 = DIRECTION('',(0.,0.,1.));
#2309 = CYLINDRICAL_SURFACE('',#2310,0.3);
#2310 = AXIS2_PLACEMENT_3D('',#2311,#2312,#2313);
#2311 = CARTESIAN_POINT('',(16.9,-6.25,-4.6E-02));
#2312 = DIRECTION('',(-0.,-0.,-1.));
#2313 = DIRECTION('',(1.,-5.921189464667E-15,0.));
#2314 = ADVANCED_FACE('',(#2315),#2321,.T.);
#2315 = FACE_BOUND('',#2316,.T.);
#2316 = EDGE_LOOP('',(#2317,#2318,#2319,#2320));
#2317 = ORIENTED_EDGE('',*,*,#571,.T.);
#2318 = ORIENTED_EDGE('',*,*,#2304,.T.);
#2319 = ORIENTED_EDGE('',*,*,#1242,.F.);
#2320 = ORIENTED_EDGE('',*,*,#2263,.F.);
#2321 = PLANE('',#2322);
#2322 = AXIS2_PLACEMENT_3D('',#2323,#2324,#2325);
#2323 = CARTESIAN_POINT('',(16.6,-6.25,-4.6E-02));
#2324 = DIRECTION('',(1.,0.,-0.));
#2325 = DIRECTION('',(0.,-1.,0.));
#2326 = ADVANCED_FACE('',(#2327),#2343,.F.);
#2327 = FACE_BOUND('',#2328,.T.);
#2328 = EDGE_LOOP('',(#2329,#2330,#2336,#2337));
#2329 = ORIENTED_EDGE('',*,*,#596,.T.);
#2330 = ORIENTED_EDGE('',*,*,#2331,.T.);
#2331 = EDGE_CURVE('',#599,#1270,#2332,.T.);
#2332 = LINE('',#2333,#2334);
#2333 = CARTESIAN_POINT('',(19.1,-7.15,-4.6E-02));
#2334 = VECTOR('',#2335,1.);
#2335 = DIRECTION('',(0.,0.,1.));
#2336 = ORIENTED_EDGE('',*,*,#1267,.F.);
#2337 = ORIENTED_EDGE('',*,*,#2338,.F.);
#2338 = EDGE_CURVE('',#597,#1268,#2339,.T.);
#2339 = LINE('',#2340,#2341);
#2340 = CARTESIAN_POINT('',(19.7,-7.15,-4.6E-02));
#2341 = VECTOR('',#2342,1.);
#2342 = DIRECTION('',(0.,0.,1.));
#2343 = CYLINDRICAL_SURFACE('',#2344,0.3);
#2344 = AXIS2_PLACEMENT_3D('',#2345,#2346,#2347);
#2345 = CARTESIAN_POINT('',(19.4,-7.15,-4.6E-02));
#2346 = DIRECTION('',(-0.,-0.,-1.));
#2347 = DIRECTION('',(-1.,5.921189464668E-15,-0.));
#2348 = ADVANCED_FACE('',(#2349),#2360,.T.);
#2349 = FACE_BOUND('',#2350,.T.);
#2350 = EDGE_LOOP('',(#2351,#2352,#2353,#2354));
#2351 = ORIENTED_EDGE('',*,*,#624,.T.);
#2352 = ORIENTED_EDGE('',*,*,#2338,.T.);
#2353 = ORIENTED_EDGE('',*,*,#1295,.F.);
#2354 = ORIENTED_EDGE('',*,*,#2355,.F.);
#2355 = EDGE_CURVE('',#616,#1287,#2356,.T.);
#2356 = LINE('',#2357,#2358);
#2357 = CARTESIAN_POINT('',(19.7,-6.25,-4.6E-02));
#2358 = VECTOR('',#2359,1.);
#2359 = DIRECTION('',(0.,0.,1.));
#2360 = PLANE('',#2361);
#2361 = AXIS2_PLACEMENT_3D('',#2362,#2363,#2364);
#2362 = CARTESIAN_POINT('',(19.7,-7.15,-4.6E-02));
#2363 = DIRECTION('',(-1.,0.,0.));
#2364 = DIRECTION('',(0.,1.,0.));
#2365 = ADVANCED_FACE('',(#2366),#2377,.F.);
#2366 = FACE_BOUND('',#2367,.T.);
#2367 = EDGE_LOOP('',(#2368,#2369,#2370,#2371));
#2368 = ORIENTED_EDGE('',*,*,#615,.T.);
#2369 = ORIENTED_EDGE('',*,*,#2355,.T.);
#2370 = ORIENTED_EDGE('',*,*,#1286,.F.);
#2371 = ORIENTED_EDGE('',*,*,#2372,.F.);
#2372 = EDGE_CURVE('',#608,#1279,#2373,.T.);
#2373 = LINE('',#2374,#2375);
#2374 = CARTESIAN_POINT('',(19.1,-6.25,-4.6E-02));
#2375 = VECTOR('',#2376,1.);
#2376 = DIRECTION('',(0.,0.,1.));
#2377 = CYLINDRICAL_SURFACE('',#2378,0.3);
#2378 = AXIS2_PLACEMENT_3D('',#2379,#2380,#2381);
#2379 = CARTESIAN_POINT('',(19.4,-6.25,-4.6E-02));
#2380 = DIRECTION('',(-0.,-0.,-1.));
#2381 = DIRECTION('',(1.,-5.921189464667E-15,0.));
#2382 = ADVANCED_FACE('',(#2383),#2389,.T.);
#2383 = FACE_BOUND('',#2384,.T.);
#2384 = EDGE_LOOP('',(#2385,#2386,#2387,#2388));
#2385 = ORIENTED_EDGE('',*,*,#607,.T.);
#2386 = ORIENTED_EDGE('',*,*,#2372,.T.);
#2387 = ORIENTED_EDGE('',*,*,#1278,.F.);
#2388 = ORIENTED_EDGE('',*,*,#2331,.F.);
#2389 = PLANE('',#2390);
#2390 = AXIS2_PLACEMENT_3D('',#2391,#2392,#2393);
#2391 = CARTESIAN_POINT('',(19.1,-6.25,-4.6E-02));
#2392 = DIRECTION('',(1.,0.,-0.));
#2393 = DIRECTION('',(0.,-1.,0.));
#2394 = ADVANCED_FACE('',(#2395),#2406,.F.);
#2395 = FACE_BOUND('',#2396,.T.);
#2396 = EDGE_LOOP('',(#2397,#2398,#2404,#2405));
#2397 = ORIENTED_EDGE('',*,*,#632,.T.);
#2398 = ORIENTED_EDGE('',*,*,#2399,.T.);
#2399 = EDGE_CURVE('',#633,#1304,#2400,.T.);
#2400 = LINE('',#2401,#2402);
#2401 = CARTESIAN_POINT('',(-19.224744,0.888982,-4.6E-02));
#2402 = VECTOR('',#2403,1.);
#2403 = DIRECTION('',(0.,0.,1.));
#2404 = ORIENTED_EDGE('',*,*,#1303,.F.);
#2405 = ORIENTED_EDGE('',*,*,#2399,.F.);
#2406 = CYLINDRICAL_SURFACE('',#2407,0.51);
#2407 = AXIS2_PLACEMENT_3D('',#2408,#2409,#2410);
#2408 = CARTESIAN_POINT('',(-19.224744,1.398982,-4.6E-02));
#2409 = DIRECTION('',(-0.,-0.,-1.));
#2410 = DIRECTION('',(-0.,-1.,0.));
#2411 = ADVANCED_FACE('',(#2412),#2423,.F.);
#2412 = FACE_BOUND('',#2413,.T.);
#2413 = EDGE_LOOP('',(#2414,#2415,#2421,#2422));
#2414 = ORIENTED_EDGE('',*,*,#643,.T.);
#2415 = ORIENTED_EDGE('',*,*,#2416,.T.);
#2416 = EDGE_CURVE('',#644,#1315,#2417,.T.);
#2417 = LINE('',#2418,#2419);
#2418 = CARTESIAN_POINT('',(-16.224744,0.888982,-4.6E-02));
#2419 = VECTOR('',#2420,1.);
#2420 = DIRECTION('',(0.,0.,1.));
#2421 = ORIENTED_EDGE('',*,*,#1314,.F.);
#2422 = ORIENTED_EDGE('',*,*,#2416,.F.);
#2423 = CYLINDRICAL_SURFACE('',#2424,0.51);
#2424 = AXIS2_PLACEMENT_3D('',#2425,#2426,#2427);
#2425 = CARTESIAN_POINT('',(-16.224744,1.398982,-4.6E-02));
#2426 = DIRECTION('',(-0.,-0.,-1.));
#2427 = DIRECTION('',(-0.,-1.,0.));
#2428 = ADVANCED_FACE('',(#2429),#2440,.F.);
#2429 = FACE_BOUND('',#2430,.T.);
#2430 = EDGE_LOOP('',(#2431,#2432,#2438,#2439));
#2431 = ORIENTED_EDGE('',*,*,#654,.T.);
#2432 = ORIENTED_EDGE('',*,*,#2433,.T.);
#2433 = EDGE_CURVE('',#655,#1326,#2434,.T.);
#2434 = LINE('',#2435,#2436);
#2435 = CARTESIAN_POINT('',(-19.224744,3.888982,-4.6E-02));
#2436 = VECTOR('',#2437,1.);
#2437 = DIRECTION('',(0.,0.,1.));
#2438 = ORIENTED_EDGE('',*,*,#1325,.F.);
#2439 = ORIENTED_EDGE('',*,*,#2433,.F.);
#2440 = CYLINDRICAL_SURFACE('',#2441,0.51);
#2441 = AXIS2_PLACEMENT_3D('',#2442,#2443,#2444);
#2442 = CARTESIAN_POINT('',(-19.224744,4.398982,-4.6E-02));
#2443 = DIRECTION('',(-0.,-0.,-1.));
#2444 = DIRECTION('',(-0.,-1.,0.));
#2445 = ADVANCED_FACE('',(#2446),#2457,.F.);
#2446 = FACE_BOUND('',#2447,.T.);
#2447 = EDGE_LOOP('',(#2448,#2449,#2455,#2456));
#2448 = ORIENTED_EDGE('',*,*,#665,.T.);
#2449 = ORIENTED_EDGE('',*,*,#2450,.T.);
#2450 = EDGE_CURVE('',#666,#1337,#2451,.T.);
#2451 = LINE('',#2452,#2453);
#2452 = CARTESIAN_POINT('',(-16.224744,3.888982,-4.6E-02));
#2453 = VECTOR('',#2454,1.);
#2454 = DIRECTION('',(0.,0.,1.));
#2455 = ORIENTED_EDGE('',*,*,#1336,.F.);
#2456 = ORIENTED_EDGE('',*,*,#2450,.F.);
#2457 = CYLINDRICAL_SURFACE('',#2458,0.51);
#2458 = AXIS2_PLACEMENT_3D('',#2459,#2460,#2461);
#2459 = CARTESIAN_POINT('',(-16.224744,4.398982,-4.6E-02));
#2460 = DIRECTION('',(-0.,-0.,-1.));
#2461 = DIRECTION('',(-0.,-1.,0.));
#2462 = ADVANCED_FACE('',(#2463),#2474,.F.);
#2463 = FACE_BOUND('',#2464,.T.);
#2464 = EDGE_LOOP('',(#2465,#2466,#2472,#2473));
#2465 = ORIENTED_EDGE('',*,*,#676,.T.);
#2466 = ORIENTED_EDGE('',*,*,#2467,.T.);
#2467 = EDGE_CURVE('',#677,#1348,#2468,.T.);
#2468 = LINE('',#2469,#2470);
#2469 = CARTESIAN_POINT('',(-7.824744,0.858982,-4.6E-02));
#2470 = VECTOR('',#2471,1.);
#2471 = DIRECTION('',(0.,0.,1.));
#2472 = ORIENTED_EDGE('',*,*,#1347,.F.);
#2473 = ORIENTED_EDGE('',*,*,#2467,.F.);
#2474 = CYLINDRICAL_SURFACE('',#2475,0.51);
#2475 = AXIS2_PLACEMENT_3D('',#2476,#2477,#2478);
#2476 = CARTESIAN_POINT('',(-7.824744,1.368982,-4.6E-02));
#2477 = DIRECTION('',(-0.,0.,-1.));
#2478 = DIRECTION('',(1.741526313137E-15,-1.,-0.));
#2479 = ADVANCED_FACE('',(#2480),#2491,.F.);
#2480 = FACE_BOUND('',#2481,.T.);
#2481 = EDGE_LOOP('',(#2482,#2483,#2489,#2490));
#2482 = ORIENTED_EDGE('',*,*,#687,.T.);
#2483 = ORIENTED_EDGE('',*,*,#2484,.T.);
#2484 = EDGE_CURVE('',#688,#1359,#2485,.T.);
#2485 = LINE('',#2486,#2487);
#2486 = CARTESIAN_POINT('',(-4.824744,0.858982,-4.6E-02));
#2487 = VECTOR('',#2488,1.);
#2488 = DIRECTION('',(0.,0.,1.));
#2489 = ORIENTED_EDGE('',*,*,#1358,.F.);
#2490 = ORIENTED_EDGE('',*,*,#2484,.F.);
#2491 = CYLINDRICAL_SURFACE('',#2492,0.51);
#2492 = AXIS2_PLACEMENT_3D('',#2493,#2494,#2495);
#2493 = CARTESIAN_POINT('',(-4.824744,1.368982,-4.6E-02));
#2494 = DIRECTION('',(-0.,-0.,-1.));
#2495 = DIRECTION('',(-0.,-1.,0.));
#2496 = ADVANCED_FACE('',(#2497),#2508,.F.);
#2497 = FACE_BOUND('',#2498,.T.);
#2498 = EDGE_LOOP('',(#2499,#2500,#2506,#2507));
#2499 = ORIENTED_EDGE('',*,*,#698,.T.);
#2500 = ORIENTED_EDGE('',*,*,#2501,.T.);
#2501 = EDGE_CURVE('',#699,#1370,#2502,.T.);
#2502 = LINE('',#2503,#2504);
#2503 = CARTESIAN_POINT('',(-7.824744,3.858982,-4.6E-02));
#2504 = VECTOR('',#2505,1.);
#2505 = DIRECTION('',(0.,0.,1.));
#2506 = ORIENTED_EDGE('',*,*,#1369,.F.);
#2507 = ORIENTED_EDGE('',*,*,#2501,.F.);
#2508 = CYLINDRICAL_SURFACE('',#2509,0.51);
#2509 = AXIS2_PLACEMENT_3D('',#2510,#2511,#2512);
#2510 = CARTESIAN_POINT('',(-7.824744,4.368982,-4.6E-02));
#2511 = DIRECTION('',(-0.,0.,-1.));
#2512 = DIRECTION('',(1.741526313137E-15,-1.,-0.));
#2513 = ADVANCED_FACE('',(#2514),#2525,.F.);
#2514 = FACE_BOUND('',#2515,.T.);
#2515 = EDGE_LOOP('',(#2516,#2517,#2523,#2524));
#2516 = ORIENTED_EDGE('',*,*,#709,.T.);
#2517 = ORIENTED_EDGE('',*,*,#2518,.T.);
#2518 = EDGE_CURVE('',#710,#1381,#2519,.T.);
#2519 = LINE('',#2520,#2521);
#2520 = CARTESIAN_POINT('',(-4.824744,3.858982,-4.6E-02));
#2521 = VECTOR('',#2522,1.);
#2522 = DIRECTION('',(0.,0.,1.));
#2523 = ORIENTED_EDGE('',*,*,#1380,.F.);
#2524 = ORIENTED_EDGE('',*,*,#2518,.F.);
#2525 = CYLINDRICAL_SURFACE('',#2526,0.51);
#2526 = AXIS2_PLACEMENT_3D('',#2527,#2528,#2529);
#2527 = CARTESIAN_POINT('',(-4.824744,4.368982,-4.6E-02));
#2528 = DIRECTION('',(-0.,-0.,-1.));
#2529 = DIRECTION('',(-0.,-1.,0.));
#2530 = ADVANCED_FACE('',(#2531),#2542,.F.);
#2531 = FACE_BOUND('',#2532,.T.);
#2532 = EDGE_LOOP('',(#2533,#2534,#2540,#2541));
#2533 = ORIENTED_EDGE('',*,*,#720,.T.);
#2534 = ORIENTED_EDGE('',*,*,#2535,.T.);
#2535 = EDGE_CURVE('',#721,#1392,#2536,.T.);
#2536 = LINE('',#2537,#2538);
#2537 = CARTESIAN_POINT('',(-17.724744,7.218982,-4.6E-02));
#2538 = VECTOR('',#2539,1.);
#2539 = DIRECTION('',(0.,0.,1.));
#2540 = ORIENTED_EDGE('',*,*,#1391,.F.);
#2541 = ORIENTED_EDGE('',*,*,#2535,.F.);
#2542 = CYLINDRICAL_SURFACE('',#2543,1.5);
#2543 = AXIS2_PLACEMENT_3D('',#2544,#2545,#2546);
#2544 = CARTESIAN_POINT('',(-17.724744,8.718982,-4.6E-02));
#2545 = DIRECTION('',(-0.,-0.,-1.));
#2546 = DIRECTION('',(-0.,-1.,0.));
#2547 = ADVANCED_FACE('',(#2548),#2559,.F.);
#2548 = FACE_BOUND('',#2549,.T.);
#2549 = EDGE_LOOP('',(#2550,#2551,#2557,#2558));
#2550 = ORIENTED_EDGE('',*,*,#731,.T.);
#2551 = ORIENTED_EDGE('',*,*,#2552,.T.);
#2552 = EDGE_CURVE('',#732,#1403,#2553,.T.);
#2553 = LINE('',#2554,#2555);
#2554 = CARTESIAN_POINT('',(-6.324744,7.188982,-4.6E-02));
#2555 = VECTOR('',#2556,1.);
#2556 = DIRECTION('',(0.,0.,1.));
#2557 = ORIENTED_EDGE('',*,*,#1402,.F.);
#2558 = ORIENTED_EDGE('',*,*,#2552,.F.);
#2559 = CYLINDRICAL_SURFACE('',#2560,1.5);
#2560 = AXIS2_PLACEMENT_3D('',#2561,#2562,#2563);
#2561 = CARTESIAN_POINT('',(-6.324744,8.688982,-4.6E-02));
#2562 = DIRECTION('',(-0.,-0.,-1.));
#2563 = DIRECTION('',(-0.,-1.,0.));
#2564 = ADVANCED_FACE('',(#2565),#2576,.F.);
#2565 = FACE_BOUND('',#2566,.T.);
#2566 = EDGE_LOOP('',(#2567,#2568,#2574,#2575));
#2567 = ORIENTED_EDGE('',*,*,#742,.T.);
#2568 = ORIENTED_EDGE('',*,*,#2569,.T.);
#2569 = EDGE_CURVE('',#743,#1414,#2570,.T.);
#2570 = LINE('',#2571,#2572);
#2571 = CARTESIAN_POINT('',(6.175256,0.908982,-4.6E-02));
#2572 = VECTOR('',#2573,1.);
#2573 = DIRECTION('',(0.,0.,1.));
#2574 = ORIENTED_EDGE('',*,*,#1413,.F.);
#2575 = ORIENTED_EDGE('',*,*,#2569,.F.);
#2576 = CYLINDRICAL_SURFACE('',#2577,0.51);
#2577 = AXIS2_PLACEMENT_3D('',#2578,#2579,#2580);
#2578 = CARTESIAN_POINT('',(6.175256,1.418982,-4.6E-02));
#2579 = DIRECTION('',(-0.,-0.,-1.));
#2580 = DIRECTION('',(-0.,-1.,0.));
#2581 = ADVANCED_FACE('',(#2582),#2593,.F.);
#2582 = FACE_BOUND('',#2583,.T.);
#2583 = EDGE_LOOP('',(#2584,#2585,#2591,#2592));
#2584 = ORIENTED_EDGE('',*,*,#753,.T.);
#2585 = ORIENTED_EDGE('',*,*,#2586,.T.);
#2586 = EDGE_CURVE('',#754,#1425,#2587,.T.);
#2587 = LINE('',#2588,#2589);
#2588 = CARTESIAN_POINT('',(9.175256,0.908982,-4.6E-02));
#2589 = VECTOR('',#2590,1.);
#2590 = DIRECTION('',(0.,0.,1.));
#2591 = ORIENTED_EDGE('',*,*,#1424,.F.);
#2592 = ORIENTED_EDGE('',*,*,#2586,.F.);
#2593 = CYLINDRICAL_SURFACE('',#2594,0.51);
#2594 = AXIS2_PLACEMENT_3D('',#2595,#2596,#2597);
#2595 = CARTESIAN_POINT('',(9.175256,1.418982,-4.6E-02));
#2596 = DIRECTION('',(-0.,-0.,-1.));
#2597 = DIRECTION('',(-3.483052626275E-15,-1.,0.));
#2598 = ADVANCED_FACE('',(#2599),#2610,.F.);
#2599 = FACE_BOUND('',#2600,.T.);
#2600 = EDGE_LOOP('',(#2601,#2602,#2608,#2609));
#2601 = ORIENTED_EDGE('',*,*,#764,.T.);
#2602 = ORIENTED_EDGE('',*,*,#2603,.T.);
#2603 = EDGE_CURVE('',#765,#1436,#2604,.T.);
#2604 = LINE('',#2605,#2606);
#2605 = CARTESIAN_POINT('',(6.175256,3.908982,-4.6E-02));
#2606 = VECTOR('',#2607,1.);
#2607 = DIRECTION('',(0.,0.,1.));
#2608 = ORIENTED_EDGE('',*,*,#1435,.F.);
#2609 = ORIENTED_EDGE('',*,*,#2603,.F.);
#2610 = CYLINDRICAL_SURFACE('',#2611,0.51);
#2611 = AXIS2_PLACEMENT_3D('',#2612,#2613,#2614);
#2612 = CARTESIAN_POINT('',(6.175256,4.418982,-4.6E-02));
#2613 = DIRECTION('',(-0.,-0.,-1.));
#2614 = DIRECTION('',(-0.,-1.,0.));
#2615 = ADVANCED_FACE('',(#2616),#2627,.F.);
#2616 = FACE_BOUND('',#2617,.T.);
#2617 = EDGE_LOOP('',(#2618,#2619,#2625,#2626));
#2618 = ORIENTED_EDGE('',*,*,#775,.T.);
#2619 = ORIENTED_EDGE('',*,*,#2620,.T.);
#2620 = EDGE_CURVE('',#776,#1447,#2621,.T.);
#2621 = LINE('',#2622,#2623);
#2622 = CARTESIAN_POINT('',(9.175256,3.908982,-4.6E-02));
#2623 = VECTOR('',#2624,1.);
#2624 = DIRECTION('',(0.,0.,1.));
#2625 = ORIENTED_EDGE('',*,*,#1446,.F.);
#2626 = ORIENTED_EDGE('',*,*,#2620,.F.);
#2627 = CYLINDRICAL_SURFACE('',#2628,0.51);
#2628 = AXIS2_PLACEMENT_3D('',#2629,#2630,#2631);
#2629 = CARTESIAN_POINT('',(9.175256,4.418982,-4.6E-02));
#2630 = DIRECTION('',(-0.,-0.,-1.));
#2631 = DIRECTION('',(-3.483052626275E-15,-1.,0.));
#2632 = ADVANCED_FACE('',(#2633),#2644,.F.);
#2633 = FACE_BOUND('',#2634,.T.);
#2634 = EDGE_LOOP('',(#2635,#2636,#2642,#2643));
#2635 = ORIENTED_EDGE('',*,*,#786,.T.);
#2636 = ORIENTED_EDGE('',*,*,#2637,.T.);
#2637 = EDGE_CURVE('',#787,#1458,#2638,.T.);
#2638 = LINE('',#2639,#2640);
#2639 = CARTESIAN_POINT('',(7.675256,7.238982,-4.6E-02));
#2640 = VECTOR('',#2641,1.);
#2641 = DIRECTION('',(0.,0.,1.));
#2642 = ORIENTED_EDGE('',*,*,#1457,.F.);
#2643 = ORIENTED_EDGE('',*,*,#2637,.F.);
#2644 = CYLINDRICAL_SURFACE('',#2645,1.5);
#2645 = AXIS2_PLACEMENT_3D('',#2646,#2647,#2648);
#2646 = CARTESIAN_POINT('',(7.675256,8.738982,-4.6E-02));
#2647 = DIRECTION('',(-0.,0.,-1.));
#2648 = DIRECTION('',(5.921189464668E-16,-1.,-0.));
#2649 = ADVANCED_FACE('',(#2650),#2661,.F.);
#2650 = FACE_BOUND('',#2651,.T.);
#2651 = EDGE_LOOP('',(#2652,#2653,#2659,#2660));
#2652 = ORIENTED_EDGE('',*,*,#797,.T.);
#2653 = ORIENTED_EDGE('',*,*,#2654,.T.);
#2654 = EDGE_CURVE('',#798,#1469,#2655,.T.);
#2655 = LINE('',#2656,#2657);
#2656 = CARTESIAN_POINT('',(22.5,8.4,-4.6E-02));
#2657 = VECTOR('',#2658,1.);
#2658 = DIRECTION('',(0.,0.,1.));
#2659 = ORIENTED_EDGE('',*,*,#1468,.F.);
#2660 = ORIENTED_EDGE('',*,*,#2654,.F.);
#2661 = CYLINDRICAL_SURFACE('',#2662,1.6);
#2662 = AXIS2_PLACEMENT_3D('',#2663,#2664,#2665);
#2663 = CARTESIAN_POINT('',(22.5,10.,-4.6E-02));
#2664 = DIRECTION('',(-0.,-0.,-1.));
#2665 = DIRECTION('',(-0.,-1.,0.));
#2666 = ( GEOMETRIC_REPRESENTATION_CONTEXT(3) 
GLOBAL_UNCERTAINTY_ASSIGNED_CONTEXT((#2670)) 
GLOBAL_UNIT_ASSIGNED_CONTEXT((#2667,#2668,#2669)) REPRESENTATION_CONTEXT
('Context #1','3D Context with UNIT and UNCERTAINTY') );
#2667 = ( LENGTH_UNIT() NAMED_UNIT(*) SI_UNIT(.MILLI.,.METRE.) );
#2668 = ( NAMED_UNIT(*) PLANE_ANGLE_UNIT() SI_UNIT($,.RADIAN.) );
#2669 = ( NAMED_UNIT(*) SI_UNIT($,.STERADIAN.) SOLID_ANGLE_UNIT() );
#2670 = UNCERTAINTY_MEASURE_WITH_UNIT(LENGTH_MEASURE(1.E-07),#2667,
  'distance_accuracy_value','confusion accuracy');
#2671 = CONTEXT_DEPENDENT_SHAPE_REPRESENTATION(#2672,#2674);
#2672 = ( REPRESENTATION_RELATIONSHIP('','',#32,#10) 
REPRESENTATION_RELATIONSHIP_WITH_TRANSFORMATION(#2673) 
SHAPE_REPRESENTATION_RELATIONSHIP() );
#2673 = ITEM_DEFINED_TRANSFORMATION('','',#11,#15);
#2674 = PRODUCT_DEFINITION_SHAPE('Placement','Placement of an item',
  #2675);
#2675 = NEXT_ASSEMBLY_USAGE_OCCURRENCE('1','=>[0:1:1:2]','',#5,#27,$);
#2676 = PRODUCT_RELATED_PRODUCT_CATEGORY('part',$,(#29));
#2677 = MECHANICAL_DESIGN_GEOMETRIC_PRESENTATION_REPRESENTATION('',(
    #2678),#2666);
#2678 = STYLED_ITEM('color',(#2679),#33);
#2679 = PRESENTATION_STYLE_ASSIGNMENT((#2680));
#2680 = SURFACE_STYLE_USAGE(.BOTH.,#2681);
#2681 = SURFACE_SIDE_STYLE('',(#2682));
#2682 = SURFACE_STYLE_FILL_AREA(#2683);
#2683 = FILL_AREA_STYLE('',(#2684));
#2684 = FILL_AREA_STYLE_COLOUR('',#2685);
#2685 = COLOUR_RGB('',0.313304153717,0.484529207832,0.410020903123);
ENDSEC;
END-ISO-10303-21;
