ISO-10303-21;
HEADER;
/* Generated by software containing ST-Developer
 * from STEP Tools, Inc. (www.steptools.com) 
 */
/* OPTION: strings as raw bytes, not using required /X/ escapes */

FILE_DESCRIPTION(
/* description */ ('Unknown'),
/* implementation_level */ '2;1');

FILE_NAME(
/* name */ '66200621022',
/* time_stamp */ '2024-11-12T17:08:52+01:00',
/* author */ ('Unknown'),
/* organization */ ('Unknown'),
/* preprocessor_version */ 'ST-DEVELOPER v19.4',
/* originating_system */ 'Solid Edge',
/* authorisation */ 'Unknown');

FILE_SCHEMA (('AUTOMOTIVE_DESIGN {1 0 10303 214 3 1 1}'));
ENDSEC;

DATA;
#10=PROPERTY_DEFINITION_REPRESENTATION(#14,#12);
#11=PROPERTY_DEFINITION_REPRESENTATION(#15,#13);
#12=REPRESENTATION('',(#16),#9396);
#13=REPRESENTATION('',(#17),#9396);
#14=PROPERTY_DEFINITION('pmi validation property','',#9407);
#15=PROPERTY_DEFINITION('pmi validation property','',#9407);
#16=VALUE_REPRESENTATION_ITEM('number of annotations',COUNT_MEASURE(0.));
#17=VALUE_REPRESENTATION_ITEM('number of views',COUNT_MEASURE(0.));
#18=CONTEXT_DEPENDENT_SHAPE_REPRESENTATION(#32,#9409);
#19=CONTEXT_DEPENDENT_SHAPE_REPRESENTATION(#33,#9411);
#20=CONTEXT_DEPENDENT_SHAPE_REPRESENTATION(#34,#9413);
#21=CONTEXT_DEPENDENT_SHAPE_REPRESENTATION(#35,#9414);
#22=CONTEXT_DEPENDENT_SHAPE_REPRESENTATION(#36,#9415);
#23=CONTEXT_DEPENDENT_SHAPE_REPRESENTATION(#37,#9416);
#24=CONTEXT_DEPENDENT_SHAPE_REPRESENTATION(#38,#9417);
#25=NEXT_ASSEMBLY_USAGE_OCCURRENCE('66200621022','66200621022',
'66200621022',#9418,#9419,'');
#26=NEXT_ASSEMBLY_USAGE_OCCURRENCE('6620xx21022_PIN_COURTE',
'6620xx21022_PIN_COURTE','6620xx21022_PIN_COURTE',#9418,#9420,'');
#27=NEXT_ASSEMBLY_USAGE_OCCURRENCE('6620xx21022_PIN_LONGUE',
'6620xx21022_PIN_LONGUE','6620xx21022_PIN_LONGUE',#9418,#9421,'');
#28=NEXT_ASSEMBLY_USAGE_OCCURRENCE('6620xx21022_PIN_COURTE',
'6620xx21022_PIN_COURTE','6620xx21022_PIN_COURTE',#9418,#9420,'');
#29=NEXT_ASSEMBLY_USAGE_OCCURRENCE('6620xx21022_PIN_LONGUE',
'6620xx21022_PIN_LONGUE','6620xx21022_PIN_LONGUE',#9418,#9421,'');
#30=NEXT_ASSEMBLY_USAGE_OCCURRENCE('6620xx21022_PIN_COURTE',
'6620xx21022_PIN_COURTE','6620xx21022_PIN_COURTE',#9418,#9420,'');
#31=NEXT_ASSEMBLY_USAGE_OCCURRENCE('6620xx21022_PIN_LONGUE',
'6620xx21022_PIN_LONGUE','6620xx21022_PIN_LONGUE',#9418,#9421,'');
#32=(
REPRESENTATION_RELATIONSHIP(' ',' ',#5889,#5890)
REPRESENTATION_RELATIONSHIP_WITH_TRANSFORMATION(#39)
SHAPE_REPRESENTATION_RELATIONSHIP()
);
#33=(
REPRESENTATION_RELATIONSHIP(' ',' ',#5891,#5890)
REPRESENTATION_RELATIONSHIP_WITH_TRANSFORMATION(#40)
SHAPE_REPRESENTATION_RELATIONSHIP()
);
#34=(
REPRESENTATION_RELATIONSHIP(' ',' ',#5892,#5890)
REPRESENTATION_RELATIONSHIP_WITH_TRANSFORMATION(#41)
SHAPE_REPRESENTATION_RELATIONSHIP()
);
#35=(
REPRESENTATION_RELATIONSHIP(' ',' ',#5891,#5890)
REPRESENTATION_RELATIONSHIP_WITH_TRANSFORMATION(#42)
SHAPE_REPRESENTATION_RELATIONSHIP()
);
#36=(
REPRESENTATION_RELATIONSHIP(' ',' ',#5892,#5890)
REPRESENTATION_RELATIONSHIP_WITH_TRANSFORMATION(#43)
SHAPE_REPRESENTATION_RELATIONSHIP()
);
#37=(
REPRESENTATION_RELATIONSHIP(' ',' ',#5891,#5890)
REPRESENTATION_RELATIONSHIP_WITH_TRANSFORMATION(#44)
SHAPE_REPRESENTATION_RELATIONSHIP()
);
#38=(
REPRESENTATION_RELATIONSHIP(' ',' ',#5892,#5890)
REPRESENTATION_RELATIONSHIP_WITH_TRANSFORMATION(#45)
SHAPE_REPRESENTATION_RELATIONSHIP()
);
#39=ITEM_DEFINED_TRANSFORMATION(' ',' ',#5893,#6185);
#40=ITEM_DEFINED_TRANSFORMATION(' ',' ',#5893,#6208);
#41=ITEM_DEFINED_TRANSFORMATION(' ',' ',#5893,#6231);
#42=ITEM_DEFINED_TRANSFORMATION(' ',' ',#5893,#6232);
#43=ITEM_DEFINED_TRANSFORMATION(' ',' ',#5893,#6233);
#44=ITEM_DEFINED_TRANSFORMATION(' ',' ',#5893,#6234);
#45=ITEM_DEFINED_TRANSFORMATION(' ',' ',#5893,#6235);
#46=SHAPE_REPRESENTATION_RELATIONSHIP('','',#5889,#49);
#47=SHAPE_REPRESENTATION_RELATIONSHIP('','',#5891,#50);
#48=SHAPE_REPRESENTATION_RELATIONSHIP('','',#5892,#51);
#49=ADVANCED_BREP_SHAPE_REPRESENTATION('',(#5882),#9397);
#50=ADVANCED_BREP_SHAPE_REPRESENTATION('',(#5883),#9398);
#51=ADVANCED_BREP_SHAPE_REPRESENTATION('',(#5884),#9399);
#52=TOROIDAL_SURFACE('',#6028,0.542877674697479,0.12);
#53=TOROIDAL_SURFACE('',#6081,0.542877674697479,0.12);
#54=CONICAL_SURFACE('',#6026,0.607999999999997,0.576375220591183);
#55=CONICAL_SURFACE('',#6079,0.607999999999997,0.576375220591183);
#56=B_SPLINE_CURVE_WITH_KNOTS('',3,(#8712,#8713,#8714,#8715),
 .UNSPECIFIED.,.F.,.F.,(4,4),(0.,0.00100886718645109),.UNSPECIFIED.);
#57=B_SPLINE_CURVE_WITH_KNOTS('',3,(#8717,#8718,#8719,#8720),
 .UNSPECIFIED.,.F.,.F.,(4,4),(1.06229684024259E-18,0.00100886718645109),
 .UNSPECIFIED.);
#58=B_SPLINE_CURVE_WITH_KNOTS('',3,(#8724,#8725,#8726,#8727),
 .UNSPECIFIED.,.F.,.F.,(4,4),(0.,0.000133550725120526),.UNSPECIFIED.);
#59=B_SPLINE_CURVE_WITH_KNOTS('',3,(#8729,#8730,#8731,#8732),
 .UNSPECIFIED.,.F.,.F.,(4,4),(1.0842021724855E-19,0.000178722385885025),
 .UNSPECIFIED.);
#60=B_SPLINE_CURVE_WITH_KNOTS('',3,(#8734,#8735,#8736,#8737),
 .UNSPECIFIED.,.F.,.F.,(4,4),(2.71050543121376E-20,0.000178722385885022),
 .UNSPECIFIED.);
#61=B_SPLINE_CURVE_WITH_KNOTS('',3,(#8739,#8740,#8741,#8742),
 .UNSPECIFIED.,.F.,.F.,(4,4),(0.000187865136591212,0.00032132564234718),
 .UNSPECIFIED.);
#62=B_SPLINE_CURVE_WITH_KNOTS('',3,(#8875,#8876,#8877,#8878),
 .UNSPECIFIED.,.F.,.F.,(4,4),(1.06229684024259E-18,0.00100886718645109),
 .UNSPECIFIED.);
#63=B_SPLINE_CURVE_WITH_KNOTS('',3,(#8884,#8885,#8886,#8887),
 .UNSPECIFIED.,.F.,.F.,(4,4),(0.,0.00100886718645109),.UNSPECIFIED.);
#64=B_SPLINE_CURVE_WITH_KNOTS('',3,(#8889,#8890,#8891,#8892),
 .UNSPECIFIED.,.F.,.F.,(4,4),(0.,0.000178722385885022),.UNSPECIFIED.);
#65=B_SPLINE_CURVE_WITH_KNOTS('',3,(#8894,#8895,#8896,#8897),
 .UNSPECIFIED.,.F.,.F.,(4,4),(0.000187865136591212,0.00032132564234718),
 .UNSPECIFIED.);
#66=B_SPLINE_CURVE_WITH_KNOTS('',3,(#8899,#8900,#8901,#8902),
 .UNSPECIFIED.,.F.,.F.,(4,4),(0.,0.000133550725120527),.UNSPECIFIED.);
#67=B_SPLINE_CURVE_WITH_KNOTS('',3,(#8904,#8905,#8906,#8907),
 .UNSPECIFIED.,.F.,.F.,(4,4),(6.7762635780344E-20,0.000178722385885024),
 .UNSPECIFIED.);
#68=CYLINDRICAL_SURFACE('',#6014,0.96);
#69=CYLINDRICAL_SURFACE('',#6016,1.258);
#70=CYLINDRICAL_SURFACE('',#6024,0.28);
#71=CYLINDRICAL_SURFACE('',#6025,0.28);
#72=CYLINDRICAL_SURFACE('',#6066,0.96);
#73=CYLINDRICAL_SURFACE('',#6069,1.258);
#74=CYLINDRICAL_SURFACE('',#6077,0.28);
#75=CYLINDRICAL_SURFACE('',#6078,0.28);
#76=CYLINDRICAL_SURFACE('',#6084,1.);
#77=CYLINDRICAL_SURFACE('',#6102,0.3);
#78=CYLINDRICAL_SURFACE('',#6103,0.3);
#79=CYLINDRICAL_SURFACE('',#6104,0.3);
#80=CYLINDRICAL_SURFACE('',#6105,0.3);
#81=CYLINDRICAL_SURFACE('',#6123,0.3);
#82=CYLINDRICAL_SURFACE('',#6124,0.3);
#83=CYLINDRICAL_SURFACE('',#6125,0.3);
#84=CYLINDRICAL_SURFACE('',#6126,0.3);
#85=CYLINDRICAL_SURFACE('',#6137,0.3);
#86=CYLINDRICAL_SURFACE('',#6138,0.3);
#87=CYLINDRICAL_SURFACE('',#6139,0.3);
#88=CYLINDRICAL_SURFACE('',#6140,0.3);
#89=CYLINDRICAL_SURFACE('',#6188,1.);
#90=CYLINDRICAL_SURFACE('',#6194,0.36);
#91=CYLINDRICAL_SURFACE('',#6211,1.);
#92=CYLINDRICAL_SURFACE('',#6217,0.36);
#93=CIRCLE('',#5919,0.3);
#94=CIRCLE('',#5921,0.3);
#95=CIRCLE('',#5927,0.3);
#96=CIRCLE('',#5928,0.3);
#97=CIRCLE('',#5930,0.3);
#98=CIRCLE('',#5931,0.3);
#99=CIRCLE('',#5937,0.3);
#100=CIRCLE('',#5938,0.3);
#101=CIRCLE('',#5940,0.3);
#102=CIRCLE('',#5941,0.3);
#103=CIRCLE('',#5945,0.96);
#104=CIRCLE('',#5952,0.96);
#105=CIRCLE('',#5965,0.28);
#106=CIRCLE('',#5966,0.28);
#107=CIRCLE('',#5969,0.96);
#108=CIRCLE('',#5978,0.3);
#109=CIRCLE('',#5987,0.3);
#110=CIRCLE('',#5991,0.3);
#111=CIRCLE('',#5992,0.3);
#112=CIRCLE('',#5993,0.3);
#113=CIRCLE('',#5994,0.3);
#114=CIRCLE('',#5995,0.3);
#115=CIRCLE('',#5996,0.3);
#116=CIRCLE('',#6015,0.96);
#117=CIRCLE('',#6017,1.258);
#118=CIRCLE('',#6018,1.258);
#119=CIRCLE('',#6020,0.542877674697479);
#120=CIRCLE('',#6027,0.643490908653555);
#121=CIRCLE('',#6032,0.28);
#122=CIRCLE('',#6033,0.28);
#123=CIRCLE('',#6035,0.96);
#124=CIRCLE('',#6067,0.96);
#125=CIRCLE('',#6070,1.258);
#126=CIRCLE('',#6071,1.258);
#127=CIRCLE('',#6073,0.542877674697479);
#128=CIRCLE('',#6080,0.643490908653555);
#129=CIRCLE('',#6085,1.);
#130=CIRCLE('',#6086,1.);
#131=CIRCLE('',#6093,0.3);
#132=CIRCLE('',#6094,0.3);
#133=CIRCLE('',#6095,0.3);
#134=CIRCLE('',#6096,0.3);
#135=CIRCLE('',#6097,0.3);
#136=CIRCLE('',#6098,0.3);
#137=CIRCLE('',#6189,1.);
#138=CIRCLE('',#6190,1.);
#139=CIRCLE('',#6195,0.36);
#140=CIRCLE('',#6196,0.36);
#141=CIRCLE('',#6212,1.);
#142=CIRCLE('',#6213,1.);
#143=CIRCLE('',#6218,0.36);
#144=CIRCLE('',#6219,0.36);
#145=ORIENTED_EDGE('',*,*,#1809,.T.);
#146=ORIENTED_EDGE('',*,*,#1810,.T.);
#147=ORIENTED_EDGE('',*,*,#1811,.T.);
#148=ORIENTED_EDGE('',*,*,#1812,.F.);
#149=ORIENTED_EDGE('',*,*,#1813,.T.);
#150=ORIENTED_EDGE('',*,*,#1814,.T.);
#151=ORIENTED_EDGE('',*,*,#1815,.T.);
#152=ORIENTED_EDGE('',*,*,#1816,.F.);
#153=ORIENTED_EDGE('',*,*,#1817,.T.);
#154=ORIENTED_EDGE('',*,*,#1818,.T.);
#155=ORIENTED_EDGE('',*,*,#1819,.T.);
#156=ORIENTED_EDGE('',*,*,#1820,.F.);
#157=ORIENTED_EDGE('',*,*,#1821,.T.);
#158=ORIENTED_EDGE('',*,*,#1822,.T.);
#159=ORIENTED_EDGE('',*,*,#1823,.T.);
#160=ORIENTED_EDGE('',*,*,#1824,.F.);
#161=ORIENTED_EDGE('',*,*,#1825,.T.);
#162=ORIENTED_EDGE('',*,*,#1826,.T.);
#163=ORIENTED_EDGE('',*,*,#1827,.T.);
#164=ORIENTED_EDGE('',*,*,#1828,.F.);
#165=ORIENTED_EDGE('',*,*,#1829,.T.);
#166=ORIENTED_EDGE('',*,*,#1830,.T.);
#167=ORIENTED_EDGE('',*,*,#1831,.T.);
#168=ORIENTED_EDGE('',*,*,#1832,.F.);
#169=ORIENTED_EDGE('',*,*,#1833,.F.);
#170=ORIENTED_EDGE('',*,*,#1834,.F.);
#171=ORIENTED_EDGE('',*,*,#1835,.T.);
#172=ORIENTED_EDGE('',*,*,#1836,.F.);
#173=ORIENTED_EDGE('',*,*,#1837,.F.);
#174=ORIENTED_EDGE('',*,*,#1838,.F.);
#175=ORIENTED_EDGE('',*,*,#1839,.T.);
#176=ORIENTED_EDGE('',*,*,#1840,.F.);
#177=ORIENTED_EDGE('',*,*,#1841,.F.);
#178=ORIENTED_EDGE('',*,*,#1842,.T.);
#179=ORIENTED_EDGE('',*,*,#1843,.T.);
#180=ORIENTED_EDGE('',*,*,#1844,.T.);
#181=ORIENTED_EDGE('',*,*,#1845,.T.);
#182=ORIENTED_EDGE('',*,*,#1846,.F.);
#183=ORIENTED_EDGE('',*,*,#1847,.F.);
#184=ORIENTED_EDGE('',*,*,#1848,.F.);
#185=ORIENTED_EDGE('',*,*,#1849,.T.);
#186=ORIENTED_EDGE('',*,*,#1850,.F.);
#187=ORIENTED_EDGE('',*,*,#1851,.F.);
#188=ORIENTED_EDGE('',*,*,#1852,.F.);
#189=ORIENTED_EDGE('',*,*,#1853,.T.);
#190=ORIENTED_EDGE('',*,*,#1854,.F.);
#191=ORIENTED_EDGE('',*,*,#1855,.F.);
#192=ORIENTED_EDGE('',*,*,#1856,.F.);
#193=ORIENTED_EDGE('',*,*,#1857,.T.);
#194=ORIENTED_EDGE('',*,*,#1858,.T.);
#195=ORIENTED_EDGE('',*,*,#1859,.T.);
#196=ORIENTED_EDGE('',*,*,#1860,.T.);
#197=ORIENTED_EDGE('',*,*,#1827,.F.);
#198=ORIENTED_EDGE('',*,*,#1861,.T.);
#199=ORIENTED_EDGE('',*,*,#1840,.T.);
#200=ORIENTED_EDGE('',*,*,#1862,.T.);
#201=ORIENTED_EDGE('',*,*,#1863,.T.);
#202=ORIENTED_EDGE('',*,*,#1864,.F.);
#203=ORIENTED_EDGE('',*,*,#1865,.F.);
#204=ORIENTED_EDGE('',*,*,#1866,.T.);
#205=ORIENTED_EDGE('',*,*,#1867,.T.);
#206=ORIENTED_EDGE('',*,*,#1868,.F.);
#207=ORIENTED_EDGE('',*,*,#1856,.T.);
#208=ORIENTED_EDGE('',*,*,#1869,.T.);
#209=ORIENTED_EDGE('',*,*,#1825,.F.);
#210=ORIENTED_EDGE('',*,*,#1870,.T.);
#211=ORIENTED_EDGE('',*,*,#1871,.T.);
#212=ORIENTED_EDGE('',*,*,#1872,.F.);
#213=ORIENTED_EDGE('',*,*,#1873,.F.);
#214=ORIENTED_EDGE('',*,*,#1874,.T.);
#215=ORIENTED_EDGE('',*,*,#1875,.T.);
#216=ORIENTED_EDGE('',*,*,#1876,.T.);
#217=ORIENTED_EDGE('',*,*,#1819,.F.);
#218=ORIENTED_EDGE('',*,*,#1877,.T.);
#219=ORIENTED_EDGE('',*,*,#1836,.T.);
#220=ORIENTED_EDGE('',*,*,#1878,.T.);
#221=ORIENTED_EDGE('',*,*,#1879,.T.);
#222=ORIENTED_EDGE('',*,*,#1880,.F.);
#223=ORIENTED_EDGE('',*,*,#1881,.F.);
#224=ORIENTED_EDGE('',*,*,#1882,.T.);
#225=ORIENTED_EDGE('',*,*,#1883,.T.);
#226=ORIENTED_EDGE('',*,*,#1884,.F.);
#227=ORIENTED_EDGE('',*,*,#1852,.T.);
#228=ORIENTED_EDGE('',*,*,#1885,.T.);
#229=ORIENTED_EDGE('',*,*,#1817,.F.);
#230=ORIENTED_EDGE('',*,*,#1886,.T.);
#231=ORIENTED_EDGE('',*,*,#1887,.T.);
#232=ORIENTED_EDGE('',*,*,#1888,.F.);
#233=ORIENTED_EDGE('',*,*,#1889,.F.);
#234=ORIENTED_EDGE('',*,*,#1890,.T.);
#235=ORIENTED_EDGE('',*,*,#1891,.T.);
#236=ORIENTED_EDGE('',*,*,#1892,.T.);
#237=ORIENTED_EDGE('',*,*,#1811,.F.);
#238=ORIENTED_EDGE('',*,*,#1893,.T.);
#239=ORIENTED_EDGE('',*,*,#1846,.T.);
#240=ORIENTED_EDGE('',*,*,#1894,.T.);
#241=ORIENTED_EDGE('',*,*,#1895,.T.);
#242=ORIENTED_EDGE('',*,*,#1896,.F.);
#243=ORIENTED_EDGE('',*,*,#1897,.F.);
#244=ORIENTED_EDGE('',*,*,#1898,.T.);
#245=ORIENTED_EDGE('',*,*,#1899,.T.);
#246=ORIENTED_EDGE('',*,*,#1900,.F.);
#247=ORIENTED_EDGE('',*,*,#1848,.T.);
#248=ORIENTED_EDGE('',*,*,#1901,.T.);
#249=ORIENTED_EDGE('',*,*,#1809,.F.);
#250=ORIENTED_EDGE('',*,*,#1902,.T.);
#251=ORIENTED_EDGE('',*,*,#1903,.T.);
#252=ORIENTED_EDGE('',*,*,#1904,.F.);
#253=ORIENTED_EDGE('',*,*,#1905,.F.);
#254=ORIENTED_EDGE('',*,*,#1906,.T.);
#255=ORIENTED_EDGE('',*,*,#1907,.T.);
#256=ORIENTED_EDGE('',*,*,#1908,.T.);
#257=ORIENTED_EDGE('',*,*,#1909,.F.);
#258=ORIENTED_EDGE('',*,*,#1910,.F.);
#259=ORIENTED_EDGE('',*,*,#1911,.T.);
#260=ORIENTED_EDGE('',*,*,#1912,.F.);
#261=ORIENTED_EDGE('',*,*,#1913,.F.);
#262=ORIENTED_EDGE('',*,*,#1914,.F.);
#263=ORIENTED_EDGE('',*,*,#1915,.T.);
#264=ORIENTED_EDGE('',*,*,#1916,.F.);
#265=ORIENTED_EDGE('',*,*,#1917,.F.);
#266=ORIENTED_EDGE('',*,*,#1897,.T.);
#267=ORIENTED_EDGE('',*,*,#1918,.T.);
#268=ORIENTED_EDGE('',*,*,#1905,.T.);
#269=ORIENTED_EDGE('',*,*,#1919,.T.);
#270=ORIENTED_EDGE('',*,*,#1920,.T.);
#271=ORIENTED_EDGE('',*,*,#1921,.F.);
#272=ORIENTED_EDGE('',*,*,#1922,.F.);
#273=ORIENTED_EDGE('',*,*,#1923,.F.);
#274=ORIENTED_EDGE('',*,*,#1924,.T.);
#275=ORIENTED_EDGE('',*,*,#1925,.T.);
#276=ORIENTED_EDGE('',*,*,#1926,.F.);
#277=ORIENTED_EDGE('',*,*,#1927,.F.);
#278=ORIENTED_EDGE('',*,*,#1928,.F.);
#279=ORIENTED_EDGE('',*,*,#1929,.T.);
#280=ORIENTED_EDGE('',*,*,#1930,.T.);
#281=ORIENTED_EDGE('',*,*,#1931,.T.);
#282=ORIENTED_EDGE('',*,*,#1932,.T.);
#283=ORIENTED_EDGE('',*,*,#1933,.F.);
#284=ORIENTED_EDGE('',*,*,#1934,.T.);
#285=ORIENTED_EDGE('',*,*,#1935,.T.);
#286=ORIENTED_EDGE('',*,*,#1936,.T.);
#287=ORIENTED_EDGE('',*,*,#1937,.F.);
#288=ORIENTED_EDGE('',*,*,#1938,.F.);
#289=ORIENTED_EDGE('',*,*,#1939,.T.);
#290=ORIENTED_EDGE('',*,*,#1940,.T.);
#291=ORIENTED_EDGE('',*,*,#1921,.T.);
#292=ORIENTED_EDGE('',*,*,#1941,.T.);
#293=ORIENTED_EDGE('',*,*,#1894,.F.);
#294=ORIENTED_EDGE('',*,*,#1845,.F.);
#295=ORIENTED_EDGE('',*,*,#1942,.T.);
#296=ORIENTED_EDGE('',*,*,#1943,.T.);
#297=ORIENTED_EDGE('',*,*,#1944,.T.);
#298=ORIENTED_EDGE('',*,*,#1945,.F.);
#299=ORIENTED_EDGE('',*,*,#1946,.T.);
#300=ORIENTED_EDGE('',*,*,#1947,.T.);
#301=ORIENTED_EDGE('',*,*,#1933,.T.);
#302=ORIENTED_EDGE('',*,*,#1948,.F.);
#303=ORIENTED_EDGE('',*,*,#1949,.T.);
#304=ORIENTED_EDGE('',*,*,#1950,.T.);
#305=ORIENTED_EDGE('',*,*,#1951,.T.);
#306=ORIENTED_EDGE('',*,*,#1952,.F.);
#307=ORIENTED_EDGE('',*,*,#1953,.F.);
#308=ORIENTED_EDGE('',*,*,#1954,.T.);
#309=ORIENTED_EDGE('',*,*,#1929,.F.);
#310=ORIENTED_EDGE('',*,*,#1955,.F.);
#311=ORIENTED_EDGE('',*,*,#1881,.T.);
#312=ORIENTED_EDGE('',*,*,#1956,.T.);
#313=ORIENTED_EDGE('',*,*,#1889,.T.);
#314=ORIENTED_EDGE('',*,*,#1957,.F.);
#315=ORIENTED_EDGE('',*,*,#1958,.T.);
#316=ORIENTED_EDGE('',*,*,#1959,.T.);
#317=ORIENTED_EDGE('',*,*,#1960,.T.);
#318=ORIENTED_EDGE('',*,*,#1961,.F.);
#319=ORIENTED_EDGE('',*,*,#1962,.F.);
#320=ORIENTED_EDGE('',*,*,#1963,.T.);
#321=ORIENTED_EDGE('',*,*,#1964,.F.);
#322=ORIENTED_EDGE('',*,*,#1965,.T.);
#323=ORIENTED_EDGE('',*,*,#1966,.T.);
#324=ORIENTED_EDGE('',*,*,#1967,.F.);
#325=ORIENTED_EDGE('',*,*,#1968,.T.);
#326=ORIENTED_EDGE('',*,*,#1908,.F.);
#327=ORIENTED_EDGE('',*,*,#1969,.T.);
#328=ORIENTED_EDGE('',*,*,#1957,.T.);
#329=ORIENTED_EDGE('',*,*,#1970,.T.);
#330=ORIENTED_EDGE('',*,*,#1878,.F.);
#331=ORIENTED_EDGE('',*,*,#1835,.F.);
#332=ORIENTED_EDGE('',*,*,#1971,.F.);
#333=ORIENTED_EDGE('',*,*,#1972,.F.);
#334=ORIENTED_EDGE('',*,*,#1973,.T.);
#335=ORIENTED_EDGE('',*,*,#1849,.F.);
#336=ORIENTED_EDGE('',*,*,#1967,.T.);
#337=ORIENTED_EDGE('',*,*,#1974,.T.);
#338=ORIENTED_EDGE('',*,*,#1975,.T.);
#339=ORIENTED_EDGE('',*,*,#1963,.F.);
#340=ORIENTED_EDGE('',*,*,#1976,.F.);
#341=ORIENTED_EDGE('',*,*,#1977,.F.);
#342=ORIENTED_EDGE('',*,*,#1978,.T.);
#343=ORIENTED_EDGE('',*,*,#1911,.F.);
#344=ORIENTED_EDGE('',*,*,#1979,.T.);
#345=ORIENTED_EDGE('',*,*,#1980,.T.);
#346=ORIENTED_EDGE('',*,*,#1981,.F.);
#347=ORIENTED_EDGE('',*,*,#1865,.T.);
#348=ORIENTED_EDGE('',*,*,#1982,.T.);
#349=ORIENTED_EDGE('',*,*,#1873,.T.);
#350=ORIENTED_EDGE('',*,*,#1983,.F.);
#351=ORIENTED_EDGE('',*,*,#1984,.T.);
#352=ORIENTED_EDGE('',*,*,#1985,.T.);
#353=ORIENTED_EDGE('',*,*,#1986,.T.);
#354=ORIENTED_EDGE('',*,*,#1987,.F.);
#355=ORIENTED_EDGE('',*,*,#1988,.F.);
#356=ORIENTED_EDGE('',*,*,#1989,.T.);
#357=ORIENTED_EDGE('',*,*,#1990,.F.);
#358=ORIENTED_EDGE('',*,*,#1991,.T.);
#359=ORIENTED_EDGE('',*,*,#1992,.T.);
#360=ORIENTED_EDGE('',*,*,#1993,.F.);
#361=ORIENTED_EDGE('',*,*,#1994,.T.);
#362=ORIENTED_EDGE('',*,*,#1892,.F.);
#363=ORIENTED_EDGE('',*,*,#1995,.T.);
#364=ORIENTED_EDGE('',*,*,#1983,.T.);
#365=ORIENTED_EDGE('',*,*,#1996,.T.);
#366=ORIENTED_EDGE('',*,*,#1862,.F.);
#367=ORIENTED_EDGE('',*,*,#1839,.F.);
#368=ORIENTED_EDGE('',*,*,#1997,.F.);
#369=ORIENTED_EDGE('',*,*,#1998,.F.);
#370=ORIENTED_EDGE('',*,*,#1999,.T.);
#371=ORIENTED_EDGE('',*,*,#1853,.F.);
#372=ORIENTED_EDGE('',*,*,#1993,.T.);
#373=ORIENTED_EDGE('',*,*,#2000,.T.);
#374=ORIENTED_EDGE('',*,*,#2001,.T.);
#375=ORIENTED_EDGE('',*,*,#1989,.F.);
#376=ORIENTED_EDGE('',*,*,#2002,.F.);
#377=ORIENTED_EDGE('',*,*,#2003,.F.);
#378=ORIENTED_EDGE('',*,*,#2004,.T.);
#379=ORIENTED_EDGE('',*,*,#1915,.F.);
#380=ORIENTED_EDGE('',*,*,#2005,.T.);
#381=ORIENTED_EDGE('',*,*,#2006,.T.);
#382=ORIENTED_EDGE('',*,*,#2007,.F.);
#383=ORIENTED_EDGE('',*,*,#2008,.F.);
#384=ORIENTED_EDGE('',*,*,#2009,.T.);
#385=ORIENTED_EDGE('',*,*,#2010,.T.);
#386=ORIENTED_EDGE('',*,*,#2011,.T.);
#387=ORIENTED_EDGE('',*,*,#2012,.T.);
#388=ORIENTED_EDGE('',*,*,#1925,.F.);
#389=ORIENTED_EDGE('',*,*,#2013,.T.);
#390=ORIENTED_EDGE('',*,*,#2014,.T.);
#391=ORIENTED_EDGE('',*,*,#2015,.F.);
#392=ORIENTED_EDGE('',*,*,#2016,.F.);
#393=ORIENTED_EDGE('',*,*,#2017,.T.);
#394=ORIENTED_EDGE('',*,*,#2018,.F.);
#395=ORIENTED_EDGE('',*,*,#2019,.T.);
#396=ORIENTED_EDGE('',*,*,#2020,.T.);
#397=ORIENTED_EDGE('',*,*,#2021,.T.);
#398=ORIENTED_EDGE('',*,*,#2016,.T.);
#399=ORIENTED_EDGE('',*,*,#2022,.F.);
#400=ORIENTED_EDGE('',*,*,#2023,.F.);
#401=ORIENTED_EDGE('',*,*,#2024,.F.);
#402=ORIENTED_EDGE('',*,*,#2025,.F.);
#403=ORIENTED_EDGE('',*,*,#2026,.T.);
#404=ORIENTED_EDGE('',*,*,#2027,.T.);
#405=ORIENTED_EDGE('',*,*,#2028,.F.);
#406=ORIENTED_EDGE('',*,*,#2029,.F.);
#407=ORIENTED_EDGE('',*,*,#2030,.T.);
#408=ORIENTED_EDGE('',*,*,#2031,.F.);
#409=ORIENTED_EDGE('',*,*,#2032,.F.);
#410=ORIENTED_EDGE('',*,*,#2033,.F.);
#411=ORIENTED_EDGE('',*,*,#2034,.T.);
#412=ORIENTED_EDGE('',*,*,#2035,.T.);
#413=ORIENTED_EDGE('',*,*,#2036,.T.);
#414=ORIENTED_EDGE('',*,*,#2037,.T.);
#415=ORIENTED_EDGE('',*,*,#2038,.T.);
#416=ORIENTED_EDGE('',*,*,#2039,.T.);
#417=ORIENTED_EDGE('',*,*,#2040,.T.);
#418=ORIENTED_EDGE('',*,*,#2041,.T.);
#419=ORIENTED_EDGE('',*,*,#2042,.T.);
#420=ORIENTED_EDGE('',*,*,#2043,.T.);
#421=ORIENTED_EDGE('',*,*,#2044,.T.);
#422=ORIENTED_EDGE('',*,*,#2045,.T.);
#423=ORIENTED_EDGE('',*,*,#2024,.T.);
#424=ORIENTED_EDGE('',*,*,#2046,.F.);
#425=ORIENTED_EDGE('',*,*,#2047,.T.);
#426=ORIENTED_EDGE('',*,*,#2048,.T.);
#427=ORIENTED_EDGE('',*,*,#2049,.T.);
#428=ORIENTED_EDGE('',*,*,#2050,.F.);
#429=ORIENTED_EDGE('',*,*,#2051,.T.);
#430=ORIENTED_EDGE('',*,*,#2052,.T.);
#431=ORIENTED_EDGE('',*,*,#2053,.T.);
#432=ORIENTED_EDGE('',*,*,#2054,.T.);
#433=ORIENTED_EDGE('',*,*,#2055,.T.);
#434=ORIENTED_EDGE('',*,*,#2056,.T.);
#435=ORIENTED_EDGE('',*,*,#2032,.T.);
#436=ORIENTED_EDGE('',*,*,#2057,.F.);
#437=ORIENTED_EDGE('',*,*,#2058,.F.);
#438=ORIENTED_EDGE('',*,*,#2059,.T.);
#439=ORIENTED_EDGE('',*,*,#2060,.T.);
#440=ORIENTED_EDGE('',*,*,#2061,.T.);
#441=ORIENTED_EDGE('',*,*,#2062,.T.);
#442=ORIENTED_EDGE('',*,*,#2063,.F.);
#443=ORIENTED_EDGE('',*,*,#2064,.F.);
#444=ORIENTED_EDGE('',*,*,#2065,.T.);
#445=ORIENTED_EDGE('',*,*,#2066,.F.);
#446=ORIENTED_EDGE('',*,*,#2067,.F.);
#447=ORIENTED_EDGE('',*,*,#2030,.F.);
#448=ORIENTED_EDGE('',*,*,#2068,.F.);
#449=ORIENTED_EDGE('',*,*,#2069,.F.);
#450=ORIENTED_EDGE('',*,*,#2070,.F.);
#451=ORIENTED_EDGE('',*,*,#2071,.F.);
#452=ORIENTED_EDGE('',*,*,#2072,.T.);
#453=ORIENTED_EDGE('',*,*,#2073,.T.);
#454=ORIENTED_EDGE('',*,*,#2074,.F.);
#455=ORIENTED_EDGE('',*,*,#2075,.T.);
#456=ORIENTED_EDGE('',*,*,#2076,.T.);
#457=ORIENTED_EDGE('',*,*,#2077,.T.);
#458=ORIENTED_EDGE('',*,*,#2078,.F.);
#459=ORIENTED_EDGE('',*,*,#2079,.F.);
#460=ORIENTED_EDGE('',*,*,#2080,.F.);
#461=ORIENTED_EDGE('',*,*,#2081,.F.);
#462=ORIENTED_EDGE('',*,*,#2082,.F.);
#463=ORIENTED_EDGE('',*,*,#2083,.F.);
#464=ORIENTED_EDGE('',*,*,#2084,.F.);
#465=ORIENTED_EDGE('',*,*,#2085,.F.);
#466=ORIENTED_EDGE('',*,*,#2086,.F.);
#467=ORIENTED_EDGE('',*,*,#2087,.T.);
#468=ORIENTED_EDGE('',*,*,#2088,.T.);
#469=ORIENTED_EDGE('',*,*,#2046,.T.);
#470=ORIENTED_EDGE('',*,*,#2023,.T.);
#471=ORIENTED_EDGE('',*,*,#2089,.F.);
#472=ORIENTED_EDGE('',*,*,#2090,.T.);
#473=ORIENTED_EDGE('',*,*,#2091,.T.);
#474=ORIENTED_EDGE('',*,*,#2092,.F.);
#475=ORIENTED_EDGE('',*,*,#2093,.F.);
#476=ORIENTED_EDGE('',*,*,#2094,.F.);
#477=ORIENTED_EDGE('',*,*,#2095,.F.);
#478=ORIENTED_EDGE('',*,*,#2096,.F.);
#479=ORIENTED_EDGE('',*,*,#2097,.T.);
#480=ORIENTED_EDGE('',*,*,#2098,.T.);
#481=ORIENTED_EDGE('',*,*,#2099,.T.);
#482=ORIENTED_EDGE('',*,*,#2100,.T.);
#483=ORIENTED_EDGE('',*,*,#2101,.F.);
#484=ORIENTED_EDGE('',*,*,#2102,.F.);
#485=ORIENTED_EDGE('',*,*,#2095,.T.);
#486=ORIENTED_EDGE('',*,*,#2103,.T.);
#487=ORIENTED_EDGE('',*,*,#2104,.T.);
#488=ORIENTED_EDGE('',*,*,#2105,.T.);
#489=ORIENTED_EDGE('',*,*,#2106,.T.);
#490=ORIENTED_EDGE('',*,*,#1951,.F.);
#491=ORIENTED_EDGE('',*,*,#2107,.T.);
#492=ORIENTED_EDGE('',*,*,#2108,.T.);
#493=ORIENTED_EDGE('',*,*,#2109,.T.);
#494=ORIENTED_EDGE('',*,*,#2110,.F.);
#495=ORIENTED_EDGE('',*,*,#2111,.T.);
#496=ORIENTED_EDGE('',*,*,#2112,.T.);
#497=ORIENTED_EDGE('',*,*,#1922,.T.);
#498=ORIENTED_EDGE('',*,*,#1945,.T.);
#499=ORIENTED_EDGE('',*,*,#2113,.T.);
#500=ORIENTED_EDGE('',*,*,#2114,.T.);
#501=ORIENTED_EDGE('',*,*,#2115,.T.);
#502=ORIENTED_EDGE('',*,*,#2116,.T.);
#503=ORIENTED_EDGE('',*,*,#2117,.T.);
#504=ORIENTED_EDGE('',*,*,#2118,.T.);
#505=ORIENTED_EDGE('',*,*,#2119,.T.);
#506=ORIENTED_EDGE('',*,*,#2120,.T.);
#507=ORIENTED_EDGE('',*,*,#2121,.T.);
#508=ORIENTED_EDGE('',*,*,#2122,.T.);
#509=ORIENTED_EDGE('',*,*,#2123,.F.);
#510=ORIENTED_EDGE('',*,*,#2124,.F.);
#511=ORIENTED_EDGE('',*,*,#2125,.F.);
#512=ORIENTED_EDGE('',*,*,#2126,.F.);
#513=ORIENTED_EDGE('',*,*,#2127,.F.);
#514=ORIENTED_EDGE('',*,*,#2128,.F.);
#515=ORIENTED_EDGE('',*,*,#2129,.F.);
#516=ORIENTED_EDGE('',*,*,#2130,.F.);
#517=ORIENTED_EDGE('',*,*,#2131,.F.);
#518=ORIENTED_EDGE('',*,*,#1943,.F.);
#519=ORIENTED_EDGE('',*,*,#2132,.T.);
#520=ORIENTED_EDGE('',*,*,#2133,.F.);
#521=ORIENTED_EDGE('',*,*,#2134,.T.);
#522=ORIENTED_EDGE('',*,*,#2135,.T.);
#523=ORIENTED_EDGE('',*,*,#2136,.T.);
#524=ORIENTED_EDGE('',*,*,#1953,.T.);
#525=ORIENTED_EDGE('',*,*,#2137,.F.);
#526=ORIENTED_EDGE('',*,*,#2138,.F.);
#527=ORIENTED_EDGE('',*,*,#2139,.F.);
#528=ORIENTED_EDGE('',*,*,#2140,.F.);
#529=ORIENTED_EDGE('',*,*,#2097,.F.);
#530=ORIENTED_EDGE('',*,*,#2141,.F.);
#531=ORIENTED_EDGE('',*,*,#2112,.F.);
#532=ORIENTED_EDGE('',*,*,#2142,.T.);
#533=ORIENTED_EDGE('',*,*,#2143,.T.);
#534=ORIENTED_EDGE('',*,*,#2144,.T.);
#535=ORIENTED_EDGE('',*,*,#1923,.T.);
#536=ORIENTED_EDGE('',*,*,#2145,.T.);
#537=ORIENTED_EDGE('',*,*,#2146,.T.);
#538=ORIENTED_EDGE('',*,*,#2147,.F.);
#539=ORIENTED_EDGE('',*,*,#2148,.F.);
#540=ORIENTED_EDGE('',*,*,#2149,.T.);
#541=ORIENTED_EDGE('',*,*,#2150,.T.);
#542=ORIENTED_EDGE('',*,*,#2151,.F.);
#543=ORIENTED_EDGE('',*,*,#2152,.F.);
#544=ORIENTED_EDGE('',*,*,#2153,.T.);
#545=ORIENTED_EDGE('',*,*,#2154,.T.);
#546=ORIENTED_EDGE('',*,*,#2155,.F.);
#547=ORIENTED_EDGE('',*,*,#2156,.T.);
#548=ORIENTED_EDGE('',*,*,#2157,.T.);
#549=ORIENTED_EDGE('',*,*,#2158,.T.);
#550=ORIENTED_EDGE('',*,*,#1937,.T.);
#551=ORIENTED_EDGE('',*,*,#2159,.T.);
#552=ORIENTED_EDGE('',*,*,#2160,.T.);
#553=ORIENTED_EDGE('',*,*,#2161,.T.);
#554=ORIENTED_EDGE('',*,*,#2162,.T.);
#555=ORIENTED_EDGE('',*,*,#2163,.T.);
#556=ORIENTED_EDGE('',*,*,#2164,.T.);
#557=ORIENTED_EDGE('',*,*,#2165,.T.);
#558=ORIENTED_EDGE('',*,*,#2166,.T.);
#559=ORIENTED_EDGE('',*,*,#2167,.T.);
#560=ORIENTED_EDGE('',*,*,#2168,.T.);
#561=ORIENTED_EDGE('',*,*,#2169,.T.);
#562=ORIENTED_EDGE('',*,*,#2151,.T.);
#563=ORIENTED_EDGE('',*,*,#2170,.T.);
#564=ORIENTED_EDGE('',*,*,#2171,.T.);
#565=ORIENTED_EDGE('',*,*,#2172,.F.);
#566=ORIENTED_EDGE('',*,*,#2173,.F.);
#567=ORIENTED_EDGE('',*,*,#2174,.T.);
#568=ORIENTED_EDGE('',*,*,#2175,.T.);
#569=ORIENTED_EDGE('',*,*,#2176,.T.);
#570=ORIENTED_EDGE('',*,*,#2177,.F.);
#571=ORIENTED_EDGE('',*,*,#2178,.T.);
#572=ORIENTED_EDGE('',*,*,#2179,.F.);
#573=ORIENTED_EDGE('',*,*,#2180,.T.);
#574=ORIENTED_EDGE('',*,*,#2181,.F.);
#575=ORIENTED_EDGE('',*,*,#2182,.F.);
#576=ORIENTED_EDGE('',*,*,#2183,.F.);
#577=ORIENTED_EDGE('',*,*,#2184,.F.);
#578=ORIENTED_EDGE('',*,*,#2185,.T.);
#579=ORIENTED_EDGE('',*,*,#2186,.F.);
#580=ORIENTED_EDGE('',*,*,#2187,.F.);
#581=ORIENTED_EDGE('',*,*,#2188,.F.);
#582=ORIENTED_EDGE('',*,*,#2189,.F.);
#583=ORIENTED_EDGE('',*,*,#2190,.F.);
#584=ORIENTED_EDGE('',*,*,#2191,.T.);
#585=ORIENTED_EDGE('',*,*,#2192,.F.);
#586=ORIENTED_EDGE('',*,*,#2193,.F.);
#587=ORIENTED_EDGE('',*,*,#2194,.F.);
#588=ORIENTED_EDGE('',*,*,#2195,.F.);
#589=ORIENTED_EDGE('',*,*,#2196,.T.);
#590=ORIENTED_EDGE('',*,*,#2197,.F.);
#591=ORIENTED_EDGE('',*,*,#2198,.F.);
#592=ORIENTED_EDGE('',*,*,#2199,.F.);
#593=ORIENTED_EDGE('',*,*,#2200,.F.);
#594=ORIENTED_EDGE('',*,*,#2201,.F.);
#595=ORIENTED_EDGE('',*,*,#2202,.F.);
#596=ORIENTED_EDGE('',*,*,#2203,.T.);
#597=ORIENTED_EDGE('',*,*,#2204,.F.);
#598=ORIENTED_EDGE('',*,*,#2205,.F.);
#599=ORIENTED_EDGE('',*,*,#2206,.T.);
#600=ORIENTED_EDGE('',*,*,#2207,.F.);
#601=ORIENTED_EDGE('',*,*,#2208,.F.);
#602=ORIENTED_EDGE('',*,*,#2083,.T.);
#603=ORIENTED_EDGE('',*,*,#2209,.T.);
#604=ORIENTED_EDGE('',*,*,#2040,.F.);
#605=ORIENTED_EDGE('',*,*,#2210,.F.);
#606=ORIENTED_EDGE('',*,*,#2155,.T.);
#607=ORIENTED_EDGE('',*,*,#2211,.T.);
#608=ORIENTED_EDGE('',*,*,#2099,.F.);
#609=ORIENTED_EDGE('',*,*,#2212,.F.);
#610=ORIENTED_EDGE('',*,*,#2123,.T.);
#611=ORIENTED_EDGE('',*,*,#2213,.T.);
#612=ORIENTED_EDGE('',*,*,#2177,.T.);
#613=ORIENTED_EDGE('',*,*,#2214,.T.);
#614=ORIENTED_EDGE('',*,*,#2064,.T.);
#615=ORIENTED_EDGE('',*,*,#2215,.T.);
#616=ORIENTED_EDGE('',*,*,#2036,.F.);
#617=ORIENTED_EDGE('',*,*,#2216,.T.);
#618=ORIENTED_EDGE('',*,*,#2173,.T.);
#619=ORIENTED_EDGE('',*,*,#2217,.F.);
#620=ORIENTED_EDGE('',*,*,#2014,.F.);
#621=ORIENTED_EDGE('',*,*,#2218,.T.);
#622=ORIENTED_EDGE('',*,*,#2127,.T.);
#623=ORIENTED_EDGE('',*,*,#2219,.T.);
#624=ORIENTED_EDGE('',*,*,#2117,.F.);
#625=ORIENTED_EDGE('',*,*,#2220,.F.);
#626=ORIENTED_EDGE('',*,*,#2221,.T.);
#627=ORIENTED_EDGE('',*,*,#1948,.T.);
#628=ORIENTED_EDGE('',*,*,#1940,.F.);
#629=ORIENTED_EDGE('',*,*,#2222,.T.);
#630=ORIENTED_EDGE('',*,*,#2223,.T.);
#631=ORIENTED_EDGE('',*,*,#2156,.F.);
#632=ORIENTED_EDGE('',*,*,#2218,.F.);
#633=ORIENTED_EDGE('',*,*,#2013,.F.);
#634=ORIENTED_EDGE('',*,*,#1924,.F.);
#635=ORIENTED_EDGE('',*,*,#2144,.F.);
#636=ORIENTED_EDGE('',*,*,#2224,.F.);
#637=ORIENTED_EDGE('',*,*,#2225,.T.);
#638=ORIENTED_EDGE('',*,*,#2089,.T.);
#639=ORIENTED_EDGE('',*,*,#2022,.T.);
#640=ORIENTED_EDGE('',*,*,#2015,.T.);
#641=ORIENTED_EDGE('',*,*,#2217,.T.);
#642=ORIENTED_EDGE('',*,*,#2172,.T.);
#643=ORIENTED_EDGE('',*,*,#2226,.F.);
#644=ORIENTED_EDGE('',*,*,#2227,.T.);
#645=ORIENTED_EDGE('',*,*,#2148,.T.);
#646=ORIENTED_EDGE('',*,*,#2161,.F.);
#647=ORIENTED_EDGE('',*,*,#2228,.F.);
#648=ORIENTED_EDGE('',*,*,#2229,.T.);
#649=ORIENTED_EDGE('',*,*,#2094,.T.);
#650=ORIENTED_EDGE('',*,*,#2230,.T.);
#651=ORIENTED_EDGE('',*,*,#2162,.F.);
#652=ORIENTED_EDGE('',*,*,#2230,.F.);
#653=ORIENTED_EDGE('',*,*,#2093,.T.);
#654=ORIENTED_EDGE('',*,*,#2231,.T.);
#655=ORIENTED_EDGE('',*,*,#2232,.F.);
#656=ORIENTED_EDGE('',*,*,#2233,.T.);
#657=ORIENTED_EDGE('',*,*,#2234,.T.);
#658=ORIENTED_EDGE('',*,*,#2235,.T.);
#659=ORIENTED_EDGE('',*,*,#2236,.T.);
#660=ORIENTED_EDGE('',*,*,#2237,.T.);
#661=ORIENTED_EDGE('',*,*,#2163,.F.);
#662=ORIENTED_EDGE('',*,*,#2231,.F.);
#663=ORIENTED_EDGE('',*,*,#2092,.T.);
#664=ORIENTED_EDGE('',*,*,#2238,.F.);
#665=ORIENTED_EDGE('',*,*,#2239,.T.);
#666=ORIENTED_EDGE('',*,*,#2240,.T.);
#667=ORIENTED_EDGE('',*,*,#2228,.T.);
#668=ORIENTED_EDGE('',*,*,#2160,.F.);
#669=ORIENTED_EDGE('',*,*,#2241,.F.);
#670=ORIENTED_EDGE('',*,*,#2242,.T.);
#671=ORIENTED_EDGE('',*,*,#2243,.T.);
#672=ORIENTED_EDGE('',*,*,#2168,.F.);
#673=ORIENTED_EDGE('',*,*,#2244,.F.);
#674=ORIENTED_EDGE('',*,*,#2245,.T.);
#675=ORIENTED_EDGE('',*,*,#2246,.T.);
#676=ORIENTED_EDGE('',*,*,#2164,.F.);
#677=ORIENTED_EDGE('',*,*,#2237,.F.);
#678=ORIENTED_EDGE('',*,*,#2247,.T.);
#679=ORIENTED_EDGE('',*,*,#2236,.F.);
#680=ORIENTED_EDGE('',*,*,#2248,.T.);
#681=ORIENTED_EDGE('',*,*,#2249,.T.);
#682=ORIENTED_EDGE('',*,*,#2229,.F.);
#683=ORIENTED_EDGE('',*,*,#2247,.F.);
#684=ORIENTED_EDGE('',*,*,#2157,.F.);
#685=ORIENTED_EDGE('',*,*,#2223,.F.);
#686=ORIENTED_EDGE('',*,*,#2250,.T.);
#687=ORIENTED_EDGE('',*,*,#2251,.T.);
#688=ORIENTED_EDGE('',*,*,#2158,.F.);
#689=ORIENTED_EDGE('',*,*,#2251,.F.);
#690=ORIENTED_EDGE('',*,*,#2252,.T.);
#691=ORIENTED_EDGE('',*,*,#1938,.T.);
#692=ORIENTED_EDGE('',*,*,#2222,.F.);
#693=ORIENTED_EDGE('',*,*,#1939,.F.);
#694=ORIENTED_EDGE('',*,*,#2252,.F.);
#695=ORIENTED_EDGE('',*,*,#2250,.F.);
#696=ORIENTED_EDGE('',*,*,#2103,.F.);
#697=ORIENTED_EDGE('',*,*,#2098,.F.);
#698=ORIENTED_EDGE('',*,*,#2140,.T.);
#699=ORIENTED_EDGE('',*,*,#2253,.T.);
#700=ORIENTED_EDGE('',*,*,#2104,.F.);
#701=ORIENTED_EDGE('',*,*,#2253,.F.);
#702=ORIENTED_EDGE('',*,*,#2139,.T.);
#703=ORIENTED_EDGE('',*,*,#2254,.T.);
#704=ORIENTED_EDGE('',*,*,#2105,.F.);
#705=ORIENTED_EDGE('',*,*,#2254,.F.);
#706=ORIENTED_EDGE('',*,*,#2138,.T.);
#707=ORIENTED_EDGE('',*,*,#2255,.T.);
#708=ORIENTED_EDGE('',*,*,#1952,.T.);
#709=ORIENTED_EDGE('',*,*,#2106,.F.);
#710=ORIENTED_EDGE('',*,*,#2255,.F.);
#711=ORIENTED_EDGE('',*,*,#2137,.T.);
#712=ORIENTED_EDGE('',*,*,#1876,.F.);
#713=ORIENTED_EDGE('',*,*,#2256,.T.);
#714=ORIENTED_EDGE('',*,*,#2018,.T.);
#715=ORIENTED_EDGE('',*,*,#2045,.F.);
#716=ORIENTED_EDGE('',*,*,#2257,.F.);
#717=ORIENTED_EDGE('',*,*,#2078,.T.);
#718=ORIENTED_EDGE('',*,*,#2258,.T.);
#719=ORIENTED_EDGE('',*,*,#1857,.F.);
#720=ORIENTED_EDGE('',*,*,#2113,.F.);
#721=ORIENTED_EDGE('',*,*,#1944,.F.);
#722=ORIENTED_EDGE('',*,*,#2131,.T.);
#723=ORIENTED_EDGE('',*,*,#2259,.T.);
#724=ORIENTED_EDGE('',*,*,#2114,.F.);
#725=ORIENTED_EDGE('',*,*,#2259,.F.);
#726=ORIENTED_EDGE('',*,*,#2130,.T.);
#727=ORIENTED_EDGE('',*,*,#2260,.T.);
#728=ORIENTED_EDGE('',*,*,#2115,.F.);
#729=ORIENTED_EDGE('',*,*,#2260,.F.);
#730=ORIENTED_EDGE('',*,*,#2129,.T.);
#731=ORIENTED_EDGE('',*,*,#2261,.T.);
#732=ORIENTED_EDGE('',*,*,#2116,.F.);
#733=ORIENTED_EDGE('',*,*,#2261,.F.);
#734=ORIENTED_EDGE('',*,*,#2128,.T.);
#735=ORIENTED_EDGE('',*,*,#2220,.T.);
#736=ORIENTED_EDGE('',*,*,#2118,.F.);
#737=ORIENTED_EDGE('',*,*,#2219,.F.);
#738=ORIENTED_EDGE('',*,*,#2126,.T.);
#739=ORIENTED_EDGE('',*,*,#2262,.T.);
#740=ORIENTED_EDGE('',*,*,#2119,.F.);
#741=ORIENTED_EDGE('',*,*,#2262,.F.);
#742=ORIENTED_EDGE('',*,*,#2125,.T.);
#743=ORIENTED_EDGE('',*,*,#2263,.T.);
#744=ORIENTED_EDGE('',*,*,#2120,.F.);
#745=ORIENTED_EDGE('',*,*,#2263,.F.);
#746=ORIENTED_EDGE('',*,*,#2124,.T.);
#747=ORIENTED_EDGE('',*,*,#2212,.T.);
#748=ORIENTED_EDGE('',*,*,#2147,.T.);
#749=ORIENTED_EDGE('',*,*,#2264,.T.);
#750=ORIENTED_EDGE('',*,*,#2265,.T.);
#751=ORIENTED_EDGE('',*,*,#2062,.F.);
#752=ORIENTED_EDGE('',*,*,#2266,.T.);
#753=ORIENTED_EDGE('',*,*,#2072,.F.);
#754=ORIENTED_EDGE('',*,*,#2267,.F.);
#755=ORIENTED_EDGE('',*,*,#2052,.F.);
#756=ORIENTED_EDGE('',*,*,#2268,.T.);
#757=ORIENTED_EDGE('',*,*,#2269,.T.);
#758=ORIENTED_EDGE('',*,*,#2224,.T.);
#759=ORIENTED_EDGE('',*,*,#2159,.F.);
#760=ORIENTED_EDGE('',*,*,#1936,.F.);
#761=ORIENTED_EDGE('',*,*,#2270,.T.);
#762=ORIENTED_EDGE('',*,*,#2241,.T.);
#763=ORIENTED_EDGE('',*,*,#2169,.F.);
#764=ORIENTED_EDGE('',*,*,#2243,.F.);
#765=ORIENTED_EDGE('',*,*,#2271,.T.);
#766=ORIENTED_EDGE('',*,*,#2152,.T.);
#767=ORIENTED_EDGE('',*,*,#2272,.T.);
#768=ORIENTED_EDGE('',*,*,#2273,.T.);
#769=ORIENTED_EDGE('',*,*,#1965,.F.);
#770=ORIENTED_EDGE('',*,*,#2274,.T.);
#771=ORIENTED_EDGE('',*,*,#2275,.F.);
#772=ORIENTED_EDGE('',*,*,#2276,.F.);
#773=ORIENTED_EDGE('',*,*,#2277,.T.);
#774=ORIENTED_EDGE('',*,*,#2278,.T.);
#775=ORIENTED_EDGE('',*,*,#1991,.F.);
#776=ORIENTED_EDGE('',*,*,#2279,.T.);
#777=ORIENTED_EDGE('',*,*,#2280,.F.);
#778=ORIENTED_EDGE('',*,*,#2281,.F.);
#779=ORIENTED_EDGE('',*,*,#2282,.T.);
#780=ORIENTED_EDGE('',*,*,#2283,.T.);
#781=ORIENTED_EDGE('',*,*,#2145,.F.);
#782=ORIENTED_EDGE('',*,*,#2271,.F.);
#783=ORIENTED_EDGE('',*,*,#2242,.F.);
#784=ORIENTED_EDGE('',*,*,#2270,.F.);
#785=ORIENTED_EDGE('',*,*,#1935,.F.);
#786=ORIENTED_EDGE('',*,*,#2284,.T.);
#787=ORIENTED_EDGE('',*,*,#2285,.F.);
#788=ORIENTED_EDGE('',*,*,#2286,.F.);
#789=ORIENTED_EDGE('',*,*,#2143,.F.);
#790=ORIENTED_EDGE('',*,*,#2287,.T.);
#791=ORIENTED_EDGE('',*,*,#2288,.T.);
#792=ORIENTED_EDGE('',*,*,#2289,.T.);
#793=ORIENTED_EDGE('',*,*,#2290,.T.);
#794=ORIENTED_EDGE('',*,*,#2291,.T.);
#795=ORIENTED_EDGE('',*,*,#1949,.F.);
#796=ORIENTED_EDGE('',*,*,#2221,.F.);
#797=ORIENTED_EDGE('',*,*,#1931,.F.);
#798=ORIENTED_EDGE('',*,*,#2292,.T.);
#799=ORIENTED_EDGE('',*,*,#2135,.F.);
#800=ORIENTED_EDGE('',*,*,#2293,.T.);
#801=ORIENTED_EDGE('',*,*,#2294,.T.);
#802=ORIENTED_EDGE('',*,*,#1842,.F.);
#803=ORIENTED_EDGE('',*,*,#2295,.F.);
#804=ORIENTED_EDGE('',*,*,#2296,.T.);
#805=ORIENTED_EDGE('',*,*,#2297,.T.);
#806=ORIENTED_EDGE('',*,*,#1932,.F.);
#807=ORIENTED_EDGE('',*,*,#2294,.F.);
#808=ORIENTED_EDGE('',*,*,#2298,.T.);
#809=ORIENTED_EDGE('',*,*,#2299,.T.);
#810=ORIENTED_EDGE('',*,*,#2133,.T.);
#811=ORIENTED_EDGE('',*,*,#2300,.T.);
#812=ORIENTED_EDGE('',*,*,#1843,.F.);
#813=ORIENTED_EDGE('',*,*,#2299,.F.);
#814=ORIENTED_EDGE('',*,*,#2301,.T.);
#815=ORIENTED_EDGE('',*,*,#2134,.F.);
#816=ORIENTED_EDGE('',*,*,#2301,.F.);
#817=ORIENTED_EDGE('',*,*,#2298,.F.);
#818=ORIENTED_EDGE('',*,*,#2293,.F.);
#819=ORIENTED_EDGE('',*,*,#2288,.F.);
#820=ORIENTED_EDGE('',*,*,#2302,.T.);
#821=ORIENTED_EDGE('',*,*,#2110,.T.);
#822=ORIENTED_EDGE('',*,*,#2303,.T.);
#823=ORIENTED_EDGE('',*,*,#2304,.F.);
#824=ORIENTED_EDGE('',*,*,#2304,.T.);
#825=ORIENTED_EDGE('',*,*,#2305,.T.);
#826=ORIENTED_EDGE('',*,*,#2306,.F.);
#827=ORIENTED_EDGE('',*,*,#2289,.F.);
#828=ORIENTED_EDGE('',*,*,#2108,.F.);
#829=ORIENTED_EDGE('',*,*,#2307,.T.);
#830=ORIENTED_EDGE('',*,*,#2290,.F.);
#831=ORIENTED_EDGE('',*,*,#2306,.T.);
#832=ORIENTED_EDGE('',*,*,#2308,.T.);
#833=ORIENTED_EDGE('',*,*,#2303,.F.);
#834=ORIENTED_EDGE('',*,*,#2109,.F.);
#835=ORIENTED_EDGE('',*,*,#2308,.F.);
#836=ORIENTED_EDGE('',*,*,#2305,.F.);
#837=ORIENTED_EDGE('',*,*,#2300,.F.);
#838=ORIENTED_EDGE('',*,*,#2132,.F.);
#839=ORIENTED_EDGE('',*,*,#1942,.F.);
#840=ORIENTED_EDGE('',*,*,#1844,.F.);
#841=ORIENTED_EDGE('',*,*,#1954,.F.);
#842=ORIENTED_EDGE('',*,*,#2136,.F.);
#843=ORIENTED_EDGE('',*,*,#2292,.F.);
#844=ORIENTED_EDGE('',*,*,#1930,.F.);
#845=ORIENTED_EDGE('',*,*,#2302,.F.);
#846=ORIENTED_EDGE('',*,*,#2287,.F.);
#847=ORIENTED_EDGE('',*,*,#2142,.F.);
#848=ORIENTED_EDGE('',*,*,#2111,.F.);
#849=ORIENTED_EDGE('',*,*,#1950,.F.);
#850=ORIENTED_EDGE('',*,*,#2291,.F.);
#851=ORIENTED_EDGE('',*,*,#2307,.F.);
#852=ORIENTED_EDGE('',*,*,#2107,.F.);
#853=ORIENTED_EDGE('',*,*,#2101,.T.);
#854=ORIENTED_EDGE('',*,*,#2309,.T.);
#855=ORIENTED_EDGE('',*,*,#2121,.F.);
#856=ORIENTED_EDGE('',*,*,#2310,.F.);
#857=ORIENTED_EDGE('',*,*,#2096,.T.);
#858=ORIENTED_EDGE('',*,*,#2102,.T.);
#859=ORIENTED_EDGE('',*,*,#2310,.T.);
#860=ORIENTED_EDGE('',*,*,#2141,.T.);
#861=ORIENTED_EDGE('',*,*,#2311,.F.);
#862=ORIENTED_EDGE('',*,*,#2312,.T.);
#863=ORIENTED_EDGE('',*,*,#2238,.T.);
#864=ORIENTED_EDGE('',*,*,#2091,.F.);
#865=ORIENTED_EDGE('',*,*,#2313,.F.);
#866=ORIENTED_EDGE('',*,*,#2314,.T.);
#867=ORIENTED_EDGE('',*,*,#2235,.F.);
#868=ORIENTED_EDGE('',*,*,#2315,.T.);
#869=ORIENTED_EDGE('',*,*,#2316,.T.);
#870=ORIENTED_EDGE('',*,*,#2317,.T.);
#871=ORIENTED_EDGE('',*,*,#2318,.T.);
#872=ORIENTED_EDGE('',*,*,#2248,.F.);
#873=ORIENTED_EDGE('',*,*,#2249,.F.);
#874=ORIENTED_EDGE('',*,*,#2318,.F.);
#875=ORIENTED_EDGE('',*,*,#2319,.T.);
#876=ORIENTED_EDGE('',*,*,#2313,.T.);
#877=ORIENTED_EDGE('',*,*,#2090,.F.);
#878=ORIENTED_EDGE('',*,*,#2316,.F.);
#879=ORIENTED_EDGE('',*,*,#2320,.T.);
#880=ORIENTED_EDGE('',*,*,#2311,.T.);
#881=ORIENTED_EDGE('',*,*,#2321,.T.);
#882=ORIENTED_EDGE('',*,*,#2322,.T.);
#883=ORIENTED_EDGE('',*,*,#2323,.T.);
#884=ORIENTED_EDGE('',*,*,#2324,.T.);
#885=ORIENTED_EDGE('',*,*,#2232,.T.);
#886=ORIENTED_EDGE('',*,*,#2319,.F.);
#887=ORIENTED_EDGE('',*,*,#2317,.F.);
#888=ORIENTED_EDGE('',*,*,#2321,.F.);
#889=ORIENTED_EDGE('',*,*,#2314,.F.);
#890=ORIENTED_EDGE('',*,*,#2325,.T.);
#891=ORIENTED_EDGE('',*,*,#2326,.T.);
#892=ORIENTED_EDGE('',*,*,#2315,.F.);
#893=ORIENTED_EDGE('',*,*,#2234,.F.);
#894=ORIENTED_EDGE('',*,*,#2312,.F.);
#895=ORIENTED_EDGE('',*,*,#2327,.T.);
#896=ORIENTED_EDGE('',*,*,#2328,.T.);
#897=ORIENTED_EDGE('',*,*,#2239,.F.);
#898=ORIENTED_EDGE('',*,*,#2329,.T.);
#899=ORIENTED_EDGE('',*,*,#2330,.T.);
#900=ORIENTED_EDGE('',*,*,#2322,.F.);
#901=ORIENTED_EDGE('',*,*,#2240,.F.);
#902=ORIENTED_EDGE('',*,*,#2328,.F.);
#903=ORIENTED_EDGE('',*,*,#2324,.F.);
#904=ORIENTED_EDGE('',*,*,#2331,.T.);
#905=ORIENTED_EDGE('',*,*,#2332,.T.);
#906=ORIENTED_EDGE('',*,*,#2325,.F.);
#907=ORIENTED_EDGE('',*,*,#2233,.F.);
#908=ORIENTED_EDGE('',*,*,#2332,.F.);
#909=ORIENTED_EDGE('',*,*,#2333,.T.);
#910=ORIENTED_EDGE('',*,*,#2329,.F.);
#911=ORIENTED_EDGE('',*,*,#2327,.F.);
#912=ORIENTED_EDGE('',*,*,#2320,.F.);
#913=ORIENTED_EDGE('',*,*,#2326,.F.);
#914=ORIENTED_EDGE('',*,*,#2330,.F.);
#915=ORIENTED_EDGE('',*,*,#2333,.F.);
#916=ORIENTED_EDGE('',*,*,#2331,.F.);
#917=ORIENTED_EDGE('',*,*,#2323,.F.);
#918=ORIENTED_EDGE('',*,*,#2166,.F.);
#919=ORIENTED_EDGE('',*,*,#2334,.F.);
#920=ORIENTED_EDGE('',*,*,#2029,.T.);
#921=ORIENTED_EDGE('',*,*,#2335,.T.);
#922=ORIENTED_EDGE('',*,*,#2167,.F.);
#923=ORIENTED_EDGE('',*,*,#2335,.F.);
#924=ORIENTED_EDGE('',*,*,#2028,.T.);
#925=ORIENTED_EDGE('',*,*,#2336,.T.);
#926=ORIENTED_EDGE('',*,*,#2244,.T.);
#927=ORIENTED_EDGE('',*,*,#2337,.T.);
#928=ORIENTED_EDGE('',*,*,#2338,.T.);
#929=ORIENTED_EDGE('',*,*,#2339,.F.);
#930=ORIENTED_EDGE('',*,*,#2340,.T.);
#931=ORIENTED_EDGE('',*,*,#2341,.T.);
#932=ORIENTED_EDGE('',*,*,#2342,.T.);
#933=ORIENTED_EDGE('',*,*,#2025,.T.);
#934=ORIENTED_EDGE('',*,*,#2334,.T.);
#935=ORIENTED_EDGE('',*,*,#2165,.F.);
#936=ORIENTED_EDGE('',*,*,#2246,.F.);
#937=ORIENTED_EDGE('',*,*,#2343,.T.);
#938=ORIENTED_EDGE('',*,*,#2344,.F.);
#939=ORIENTED_EDGE('',*,*,#2336,.F.);
#940=ORIENTED_EDGE('',*,*,#2345,.T.);
#941=ORIENTED_EDGE('',*,*,#2346,.T.);
#942=ORIENTED_EDGE('',*,*,#2343,.F.);
#943=ORIENTED_EDGE('',*,*,#2245,.F.);
#944=ORIENTED_EDGE('',*,*,#2171,.F.);
#945=ORIENTED_EDGE('',*,*,#2347,.F.);
#946=ORIENTED_EDGE('',*,*,#2348,.T.);
#947=ORIENTED_EDGE('',*,*,#2226,.T.);
#948=ORIENTED_EDGE('',*,*,#2170,.F.);
#949=ORIENTED_EDGE('',*,*,#2150,.F.);
#950=ORIENTED_EDGE('',*,*,#2349,.T.);
#951=ORIENTED_EDGE('',*,*,#2347,.T.);
#952=ORIENTED_EDGE('',*,*,#2348,.F.);
#953=ORIENTED_EDGE('',*,*,#2349,.F.);
#954=ORIENTED_EDGE('',*,*,#2149,.F.);
#955=ORIENTED_EDGE('',*,*,#2227,.F.);
#956=ORIENTED_EDGE('',*,*,#2267,.T.);
#957=ORIENTED_EDGE('',*,*,#2071,.T.);
#958=ORIENTED_EDGE('',*,*,#2350,.T.);
#959=ORIENTED_EDGE('',*,*,#2053,.F.);
#960=ORIENTED_EDGE('',*,*,#2037,.F.);
#961=ORIENTED_EDGE('',*,*,#2215,.F.);
#962=ORIENTED_EDGE('',*,*,#2086,.T.);
#963=ORIENTED_EDGE('',*,*,#2351,.T.);
#964=ORIENTED_EDGE('',*,*,#2038,.F.);
#965=ORIENTED_EDGE('',*,*,#2351,.F.);
#966=ORIENTED_EDGE('',*,*,#2085,.T.);
#967=ORIENTED_EDGE('',*,*,#2352,.T.);
#968=ORIENTED_EDGE('',*,*,#2039,.F.);
#969=ORIENTED_EDGE('',*,*,#2352,.F.);
#970=ORIENTED_EDGE('',*,*,#2084,.T.);
#971=ORIENTED_EDGE('',*,*,#2210,.T.);
#972=ORIENTED_EDGE('',*,*,#2041,.F.);
#973=ORIENTED_EDGE('',*,*,#2209,.F.);
#974=ORIENTED_EDGE('',*,*,#2082,.T.);
#975=ORIENTED_EDGE('',*,*,#2353,.T.);
#976=ORIENTED_EDGE('',*,*,#2042,.F.);
#977=ORIENTED_EDGE('',*,*,#2353,.F.);
#978=ORIENTED_EDGE('',*,*,#2081,.T.);
#979=ORIENTED_EDGE('',*,*,#2354,.T.);
#980=ORIENTED_EDGE('',*,*,#2043,.F.);
#981=ORIENTED_EDGE('',*,*,#2354,.F.);
#982=ORIENTED_EDGE('',*,*,#2080,.T.);
#983=ORIENTED_EDGE('',*,*,#2355,.T.);
#984=ORIENTED_EDGE('',*,*,#2044,.F.);
#985=ORIENTED_EDGE('',*,*,#2355,.F.);
#986=ORIENTED_EDGE('',*,*,#2079,.T.);
#987=ORIENTED_EDGE('',*,*,#2257,.T.);
#988=ORIENTED_EDGE('',*,*,#2054,.F.);
#989=ORIENTED_EDGE('',*,*,#2350,.F.);
#990=ORIENTED_EDGE('',*,*,#2070,.T.);
#991=ORIENTED_EDGE('',*,*,#2356,.T.);
#992=ORIENTED_EDGE('',*,*,#2055,.F.);
#993=ORIENTED_EDGE('',*,*,#2356,.F.);
#994=ORIENTED_EDGE('',*,*,#2069,.T.);
#995=ORIENTED_EDGE('',*,*,#2357,.T.);
#996=ORIENTED_EDGE('',*,*,#2056,.F.);
#997=ORIENTED_EDGE('',*,*,#2357,.F.);
#998=ORIENTED_EDGE('',*,*,#2068,.T.);
#999=ORIENTED_EDGE('',*,*,#2033,.T.);
#1000=ORIENTED_EDGE('',*,*,#2358,.T.);
#1001=ORIENTED_EDGE('',*,*,#2359,.T.);
#1002=ORIENTED_EDGE('',*,*,#2087,.F.);
#1003=ORIENTED_EDGE('',*,*,#2225,.F.);
#1004=ORIENTED_EDGE('',*,*,#2269,.F.);
#1005=ORIENTED_EDGE('',*,*,#2360,.T.);
#1006=ORIENTED_EDGE('',*,*,#2361,.T.);
#1007=ORIENTED_EDGE('',*,*,#2362,.T.);
#1008=ORIENTED_EDGE('',*,*,#2074,.T.);
#1009=ORIENTED_EDGE('',*,*,#2363,.T.);
#1010=ORIENTED_EDGE('',*,*,#2060,.F.);
#1011=ORIENTED_EDGE('',*,*,#2364,.F.);
#1012=ORIENTED_EDGE('',*,*,#2365,.T.);
#1013=ORIENTED_EDGE('',*,*,#1859,.F.);
#1014=ORIENTED_EDGE('',*,*,#2366,.T.);
#1015=ORIENTED_EDGE('',*,*,#2076,.F.);
#1016=ORIENTED_EDGE('',*,*,#2367,.T.);
#1017=ORIENTED_EDGE('',*,*,#2368,.T.);
#1018=ORIENTED_EDGE('',*,*,#2059,.F.);
#1019=ORIENTED_EDGE('',*,*,#2369,.F.);
#1020=ORIENTED_EDGE('',*,*,#2370,.T.);
#1021=ORIENTED_EDGE('',*,*,#2371,.T.);
#1022=ORIENTED_EDGE('',*,*,#1860,.F.);
#1023=ORIENTED_EDGE('',*,*,#2368,.F.);
#1024=ORIENTED_EDGE('',*,*,#2372,.T.);
#1025=ORIENTED_EDGE('',*,*,#2364,.T.);
#1026=ORIENTED_EDGE('',*,*,#2365,.F.);
#1027=ORIENTED_EDGE('',*,*,#2372,.F.);
#1028=ORIENTED_EDGE('',*,*,#2367,.F.);
#1029=ORIENTED_EDGE('',*,*,#2075,.F.);
#1030=ORIENTED_EDGE('',*,*,#2373,.T.);
#1031=ORIENTED_EDGE('',*,*,#2374,.T.);
#1032=ORIENTED_EDGE('',*,*,#2375,.F.);
#1033=ORIENTED_EDGE('',*,*,#2362,.F.);
#1034=ORIENTED_EDGE('',*,*,#2048,.F.);
#1035=ORIENTED_EDGE('',*,*,#2376,.T.);
#1036=ORIENTED_EDGE('',*,*,#2358,.F.);
#1037=ORIENTED_EDGE('',*,*,#2375,.T.);
#1038=ORIENTED_EDGE('',*,*,#2377,.T.);
#1039=ORIENTED_EDGE('',*,*,#2361,.F.);
#1040=ORIENTED_EDGE('',*,*,#2378,.T.);
#1041=ORIENTED_EDGE('',*,*,#2050,.T.);
#1042=ORIENTED_EDGE('',*,*,#2379,.T.);
#1043=ORIENTED_EDGE('',*,*,#2373,.F.);
#1044=ORIENTED_EDGE('',*,*,#2374,.F.);
#1045=ORIENTED_EDGE('',*,*,#2379,.F.);
#1046=ORIENTED_EDGE('',*,*,#2049,.F.);
#1047=ORIENTED_EDGE('',*,*,#2377,.F.);
#1048=ORIENTED_EDGE('',*,*,#2258,.F.);
#1049=ORIENTED_EDGE('',*,*,#2077,.F.);
#1050=ORIENTED_EDGE('',*,*,#2366,.F.);
#1051=ORIENTED_EDGE('',*,*,#1858,.F.);
#1052=ORIENTED_EDGE('',*,*,#2363,.F.);
#1053=ORIENTED_EDGE('',*,*,#2073,.F.);
#1054=ORIENTED_EDGE('',*,*,#2266,.F.);
#1055=ORIENTED_EDGE('',*,*,#2061,.F.);
#1056=ORIENTED_EDGE('',*,*,#2088,.F.);
#1057=ORIENTED_EDGE('',*,*,#2359,.F.);
#1058=ORIENTED_EDGE('',*,*,#2376,.F.);
#1059=ORIENTED_EDGE('',*,*,#2047,.F.);
#1060=ORIENTED_EDGE('',*,*,#2378,.F.);
#1061=ORIENTED_EDGE('',*,*,#2360,.F.);
#1062=ORIENTED_EDGE('',*,*,#2268,.F.);
#1063=ORIENTED_EDGE('',*,*,#2051,.F.);
#1064=ORIENTED_EDGE('',*,*,#2066,.T.);
#1065=ORIENTED_EDGE('',*,*,#2380,.T.);
#1066=ORIENTED_EDGE('',*,*,#2034,.F.);
#1067=ORIENTED_EDGE('',*,*,#2381,.F.);
#1068=ORIENTED_EDGE('',*,*,#2057,.T.);
#1069=ORIENTED_EDGE('',*,*,#2031,.T.);
#1070=ORIENTED_EDGE('',*,*,#2067,.T.);
#1071=ORIENTED_EDGE('',*,*,#2381,.T.);
#1072=ORIENTED_EDGE('',*,*,#2342,.F.);
#1073=ORIENTED_EDGE('',*,*,#2382,.T.);
#1074=ORIENTED_EDGE('',*,*,#2383,.T.);
#1075=ORIENTED_EDGE('',*,*,#2384,.T.);
#1076=ORIENTED_EDGE('',*,*,#2385,.T.);
#1077=ORIENTED_EDGE('',*,*,#2026,.F.);
#1078=ORIENTED_EDGE('',*,*,#2027,.F.);
#1079=ORIENTED_EDGE('',*,*,#2385,.F.);
#1080=ORIENTED_EDGE('',*,*,#2386,.T.);
#1081=ORIENTED_EDGE('',*,*,#2387,.T.);
#1082=ORIENTED_EDGE('',*,*,#2345,.F.);
#1083=ORIENTED_EDGE('',*,*,#2388,.F.);
#1084=ORIENTED_EDGE('',*,*,#2389,.T.);
#1085=ORIENTED_EDGE('',*,*,#2344,.T.);
#1086=ORIENTED_EDGE('',*,*,#2346,.F.);
#1087=ORIENTED_EDGE('',*,*,#2387,.F.);
#1088=ORIENTED_EDGE('',*,*,#2390,.T.);
#1089=ORIENTED_EDGE('',*,*,#2383,.F.);
#1090=ORIENTED_EDGE('',*,*,#2391,.T.);
#1091=ORIENTED_EDGE('',*,*,#2388,.T.);
#1092=ORIENTED_EDGE('',*,*,#2392,.T.);
#1093=ORIENTED_EDGE('',*,*,#2393,.T.);
#1094=ORIENTED_EDGE('',*,*,#2394,.T.);
#1095=ORIENTED_EDGE('',*,*,#2395,.T.);
#1096=ORIENTED_EDGE('',*,*,#2339,.T.);
#1097=ORIENTED_EDGE('',*,*,#2386,.F.);
#1098=ORIENTED_EDGE('',*,*,#2384,.F.);
#1099=ORIENTED_EDGE('',*,*,#2392,.F.);
#1100=ORIENTED_EDGE('',*,*,#2390,.F.);
#1101=ORIENTED_EDGE('',*,*,#2389,.F.);
#1102=ORIENTED_EDGE('',*,*,#2396,.T.);
#1103=ORIENTED_EDGE('',*,*,#2397,.T.);
#1104=ORIENTED_EDGE('',*,*,#2337,.F.);
#1105=ORIENTED_EDGE('',*,*,#2398,.T.);
#1106=ORIENTED_EDGE('',*,*,#2399,.T.);
#1107=ORIENTED_EDGE('',*,*,#2382,.F.);
#1108=ORIENTED_EDGE('',*,*,#2341,.F.);
#1109=ORIENTED_EDGE('',*,*,#2395,.F.);
#1110=ORIENTED_EDGE('',*,*,#2400,.T.);
#1111=ORIENTED_EDGE('',*,*,#2401,.T.);
#1112=ORIENTED_EDGE('',*,*,#2398,.F.);
#1113=ORIENTED_EDGE('',*,*,#2340,.F.);
#1114=ORIENTED_EDGE('',*,*,#2402,.T.);
#1115=ORIENTED_EDGE('',*,*,#2403,.T.);
#1116=ORIENTED_EDGE('',*,*,#2393,.F.);
#1117=ORIENTED_EDGE('',*,*,#2338,.F.);
#1118=ORIENTED_EDGE('',*,*,#2397,.F.);
#1119=ORIENTED_EDGE('',*,*,#2401,.F.);
#1120=ORIENTED_EDGE('',*,*,#2404,.T.);
#1121=ORIENTED_EDGE('',*,*,#2402,.F.);
#1122=ORIENTED_EDGE('',*,*,#2396,.F.);
#1123=ORIENTED_EDGE('',*,*,#2391,.F.);
#1124=ORIENTED_EDGE('',*,*,#2399,.F.);
#1125=ORIENTED_EDGE('',*,*,#2403,.F.);
#1126=ORIENTED_EDGE('',*,*,#2404,.F.);
#1127=ORIENTED_EDGE('',*,*,#2400,.F.);
#1128=ORIENTED_EDGE('',*,*,#2394,.F.);
#1129=ORIENTED_EDGE('',*,*,#2405,.T.);
#1130=ORIENTED_EDGE('',*,*,#2406,.F.);
#1131=ORIENTED_EDGE('',*,*,#2407,.F.);
#1132=ORIENTED_EDGE('',*,*,#2007,.T.);
#1133=ORIENTED_EDGE('',*,*,#2408,.T.);
#1134=ORIENTED_EDGE('',*,*,#2409,.F.);
#1135=ORIENTED_EDGE('',*,*,#2410,.F.);
#1136=ORIENTED_EDGE('',*,*,#2406,.T.);
#1137=ORIENTED_EDGE('',*,*,#2411,.T.);
#1138=ORIENTED_EDGE('',*,*,#2009,.F.);
#1139=ORIENTED_EDGE('',*,*,#2412,.F.);
#1140=ORIENTED_EDGE('',*,*,#2409,.T.);
#1141=ORIENTED_EDGE('',*,*,#2008,.T.);
#1142=ORIENTED_EDGE('',*,*,#2407,.T.);
#1143=ORIENTED_EDGE('',*,*,#2410,.T.);
#1144=ORIENTED_EDGE('',*,*,#2412,.T.);
#1145=ORIENTED_EDGE('',*,*,#2010,.F.);
#1146=ORIENTED_EDGE('',*,*,#2411,.F.);
#1147=ORIENTED_EDGE('',*,*,#2408,.F.);
#1148=ORIENTED_EDGE('',*,*,#2405,.F.);
#1149=ORIENTED_EDGE('',*,*,#2012,.F.);
#1150=ORIENTED_EDGE('',*,*,#2413,.F.);
#1151=ORIENTED_EDGE('',*,*,#2414,.T.);
#1152=ORIENTED_EDGE('',*,*,#1926,.T.);
#1153=ORIENTED_EDGE('',*,*,#2017,.F.);
#1154=ORIENTED_EDGE('',*,*,#2021,.F.);
#1155=ORIENTED_EDGE('',*,*,#2415,.T.);
#1156=ORIENTED_EDGE('',*,*,#2416,.T.);
#1157=ORIENTED_EDGE('',*,*,#2011,.F.);
#1158=ORIENTED_EDGE('',*,*,#2416,.F.);
#1159=ORIENTED_EDGE('',*,*,#2417,.T.);
#1160=ORIENTED_EDGE('',*,*,#2413,.T.);
#1161=ORIENTED_EDGE('',*,*,#1896,.T.);
#1162=ORIENTED_EDGE('',*,*,#2418,.T.);
#1163=ORIENTED_EDGE('',*,*,#1919,.F.);
#1164=ORIENTED_EDGE('',*,*,#2414,.F.);
#1165=ORIENTED_EDGE('',*,*,#2417,.F.);
#1166=ORIENTED_EDGE('',*,*,#2415,.F.);
#1167=ORIENTED_EDGE('',*,*,#2020,.F.);
#1168=ORIENTED_EDGE('',*,*,#2419,.T.);
#1169=ORIENTED_EDGE('',*,*,#1874,.F.);
#1170=ORIENTED_EDGE('',*,*,#1982,.F.);
#1171=ORIENTED_EDGE('',*,*,#1864,.T.);
#1172=ORIENTED_EDGE('',*,*,#2420,.T.);
#1173=ORIENTED_EDGE('',*,*,#1985,.F.);
#1174=ORIENTED_EDGE('',*,*,#2421,.T.);
#1175=ORIENTED_EDGE('',*,*,#1890,.F.);
#1176=ORIENTED_EDGE('',*,*,#1956,.F.);
#1177=ORIENTED_EDGE('',*,*,#1880,.T.);
#1178=ORIENTED_EDGE('',*,*,#2422,.T.);
#1179=ORIENTED_EDGE('',*,*,#1959,.F.);
#1180=ORIENTED_EDGE('',*,*,#2423,.T.);
#1181=ORIENTED_EDGE('',*,*,#1906,.F.);
#1182=ORIENTED_EDGE('',*,*,#1918,.F.);
#1183=ORIENTED_EDGE('',*,*,#1914,.T.);
#1184=ORIENTED_EDGE('',*,*,#2424,.T.);
#1185=ORIENTED_EDGE('',*,*,#1829,.F.);
#1186=ORIENTED_EDGE('',*,*,#2425,.T.);
#1187=ORIENTED_EDGE('',*,*,#2426,.T.);
#1188=ORIENTED_EDGE('',*,*,#2427,.F.);
#1189=ORIENTED_EDGE('',*,*,#2428,.F.);
#1190=ORIENTED_EDGE('',*,*,#2280,.T.);
#1191=ORIENTED_EDGE('',*,*,#2429,.T.);
#1192=ORIENTED_EDGE('',*,*,#2005,.F.);
#1193=ORIENTED_EDGE('',*,*,#1831,.F.);
#1194=ORIENTED_EDGE('',*,*,#2430,.T.);
#1195=ORIENTED_EDGE('',*,*,#2063,.T.);
#1196=ORIENTED_EDGE('',*,*,#2265,.F.);
#1197=ORIENTED_EDGE('',*,*,#2431,.T.);
#1198=ORIENTED_EDGE('',*,*,#2282,.F.);
#1199=ORIENTED_EDGE('',*,*,#2432,.F.);
#1200=ORIENTED_EDGE('',*,*,#2433,.T.);
#1201=ORIENTED_EDGE('',*,*,#2434,.T.);
#1202=ORIENTED_EDGE('',*,*,#2435,.F.);
#1203=ORIENTED_EDGE('',*,*,#2436,.F.);
#1204=ORIENTED_EDGE('',*,*,#2432,.T.);
#1205=ORIENTED_EDGE('',*,*,#2281,.T.);
#1206=ORIENTED_EDGE('',*,*,#2428,.T.);
#1207=ORIENTED_EDGE('',*,*,#2279,.F.);
#1208=ORIENTED_EDGE('',*,*,#1994,.F.);
#1209=ORIENTED_EDGE('',*,*,#2006,.F.);
#1210=ORIENTED_EDGE('',*,*,#2429,.F.);
#1211=ORIENTED_EDGE('',*,*,#2419,.F.);
#1212=ORIENTED_EDGE('',*,*,#2019,.F.);
#1213=ORIENTED_EDGE('',*,*,#2256,.F.);
#1214=ORIENTED_EDGE('',*,*,#1875,.F.);
#1215=ORIENTED_EDGE('',*,*,#1996,.F.);
#1216=ORIENTED_EDGE('',*,*,#1986,.F.);
#1217=ORIENTED_EDGE('',*,*,#2420,.F.);
#1218=ORIENTED_EDGE('',*,*,#1863,.F.);
#1219=ORIENTED_EDGE('',*,*,#2264,.F.);
#1220=ORIENTED_EDGE('',*,*,#2146,.F.);
#1221=ORIENTED_EDGE('',*,*,#2283,.F.);
#1222=ORIENTED_EDGE('',*,*,#2431,.F.);
#1223=ORIENTED_EDGE('',*,*,#2204,.T.);
#1224=ORIENTED_EDGE('',*,*,#2437,.F.);
#1225=ORIENTED_EDGE('',*,*,#2438,.F.);
#1226=ORIENTED_EDGE('',*,*,#2439,.T.);
#1227=ORIENTED_EDGE('',*,*,#2208,.T.);
#1228=ORIENTED_EDGE('',*,*,#2440,.F.);
#1229=ORIENTED_EDGE('',*,*,#2441,.F.);
#1230=ORIENTED_EDGE('',*,*,#2437,.T.);
#1231=ORIENTED_EDGE('',*,*,#2207,.T.);
#1232=ORIENTED_EDGE('',*,*,#2442,.T.);
#1233=ORIENTED_EDGE('',*,*,#2443,.F.);
#1234=ORIENTED_EDGE('',*,*,#2440,.T.);
#1235=ORIENTED_EDGE('',*,*,#2444,.F.);
#1236=ORIENTED_EDGE('',*,*,#2445,.T.);
#1237=ORIENTED_EDGE('',*,*,#2205,.T.);
#1238=ORIENTED_EDGE('',*,*,#2439,.F.);
#1239=ORIENTED_EDGE('',*,*,#2434,.F.);
#1240=ORIENTED_EDGE('',*,*,#2446,.F.);
#1241=ORIENTED_EDGE('',*,*,#2426,.F.);
#1242=ORIENTED_EDGE('',*,*,#2447,.F.);
#1243=ORIENTED_EDGE('',*,*,#2443,.T.);
#1244=ORIENTED_EDGE('',*,*,#2448,.T.);
#1245=ORIENTED_EDGE('',*,*,#2444,.T.);
#1246=ORIENTED_EDGE('',*,*,#2438,.T.);
#1247=ORIENTED_EDGE('',*,*,#2441,.T.);
#1248=ORIENTED_EDGE('',*,*,#1832,.T.);
#1249=ORIENTED_EDGE('',*,*,#2435,.T.);
#1250=ORIENTED_EDGE('',*,*,#2447,.T.);
#1251=ORIENTED_EDGE('',*,*,#2425,.F.);
#1252=ORIENTED_EDGE('',*,*,#2436,.T.);
#1253=ORIENTED_EDGE('',*,*,#2427,.T.);
#1254=ORIENTED_EDGE('',*,*,#2446,.T.);
#1255=ORIENTED_EDGE('',*,*,#2433,.F.);
#1256=ORIENTED_EDGE('',*,*,#2199,.T.);
#1257=ORIENTED_EDGE('',*,*,#2449,.T.);
#1258=ORIENTED_EDGE('',*,*,#2450,.F.);
#1259=ORIENTED_EDGE('',*,*,#2451,.T.);
#1260=ORIENTED_EDGE('',*,*,#2452,.F.);
#1261=ORIENTED_EDGE('',*,*,#2453,.T.);
#1262=ORIENTED_EDGE('',*,*,#2202,.T.);
#1263=ORIENTED_EDGE('',*,*,#2454,.F.);
#1264=ORIENTED_EDGE('',*,*,#2201,.T.);
#1265=ORIENTED_EDGE('',*,*,#2455,.F.);
#1266=ORIENTED_EDGE('',*,*,#2456,.F.);
#1267=ORIENTED_EDGE('',*,*,#2454,.T.);
#1268=ORIENTED_EDGE('',*,*,#2200,.T.);
#1269=ORIENTED_EDGE('',*,*,#2451,.F.);
#1270=ORIENTED_EDGE('',*,*,#2457,.F.);
#1271=ORIENTED_EDGE('',*,*,#2455,.T.);
#1272=ORIENTED_EDGE('',*,*,#2458,.F.);
#1273=ORIENTED_EDGE('',*,*,#1867,.F.);
#1274=ORIENTED_EDGE('',*,*,#2459,.F.);
#1275=ORIENTED_EDGE('',*,*,#1871,.F.);
#1276=ORIENTED_EDGE('',*,*,#2450,.T.);
#1277=ORIENTED_EDGE('',*,*,#2460,.T.);
#1278=ORIENTED_EDGE('',*,*,#2452,.T.);
#1279=ORIENTED_EDGE('',*,*,#2456,.T.);
#1280=ORIENTED_EDGE('',*,*,#2457,.T.);
#1281=ORIENTED_EDGE('',*,*,#1828,.T.);
#1282=ORIENTED_EDGE('',*,*,#1868,.T.);
#1283=ORIENTED_EDGE('',*,*,#2458,.T.);
#1284=ORIENTED_EDGE('',*,*,#1870,.F.);
#1285=ORIENTED_EDGE('',*,*,#1981,.T.);
#1286=ORIENTED_EDGE('',*,*,#1872,.T.);
#1287=ORIENTED_EDGE('',*,*,#2459,.T.);
#1288=ORIENTED_EDGE('',*,*,#1866,.F.);
#1289=ORIENTED_EDGE('',*,*,#1910,.T.);
#1290=ORIENTED_EDGE('',*,*,#2461,.T.);
#1291=ORIENTED_EDGE('',*,*,#1821,.F.);
#1292=ORIENTED_EDGE('',*,*,#2462,.T.);
#1293=ORIENTED_EDGE('',*,*,#2463,.T.);
#1294=ORIENTED_EDGE('',*,*,#2464,.F.);
#1295=ORIENTED_EDGE('',*,*,#2465,.F.);
#1296=ORIENTED_EDGE('',*,*,#2275,.T.);
#1297=ORIENTED_EDGE('',*,*,#2466,.T.);
#1298=ORIENTED_EDGE('',*,*,#1979,.F.);
#1299=ORIENTED_EDGE('',*,*,#1823,.F.);
#1300=ORIENTED_EDGE('',*,*,#2467,.T.);
#1301=ORIENTED_EDGE('',*,*,#1990,.T.);
#1302=ORIENTED_EDGE('',*,*,#2001,.F.);
#1303=ORIENTED_EDGE('',*,*,#2468,.T.);
#1304=ORIENTED_EDGE('',*,*,#2277,.F.);
#1305=ORIENTED_EDGE('',*,*,#2469,.F.);
#1306=ORIENTED_EDGE('',*,*,#2470,.T.);
#1307=ORIENTED_EDGE('',*,*,#2471,.T.);
#1308=ORIENTED_EDGE('',*,*,#2472,.F.);
#1309=ORIENTED_EDGE('',*,*,#2473,.F.);
#1310=ORIENTED_EDGE('',*,*,#2469,.T.);
#1311=ORIENTED_EDGE('',*,*,#2276,.T.);
#1312=ORIENTED_EDGE('',*,*,#2465,.T.);
#1313=ORIENTED_EDGE('',*,*,#2274,.F.);
#1314=ORIENTED_EDGE('',*,*,#1968,.F.);
#1315=ORIENTED_EDGE('',*,*,#1980,.F.);
#1316=ORIENTED_EDGE('',*,*,#2466,.F.);
#1317=ORIENTED_EDGE('',*,*,#2421,.F.);
#1318=ORIENTED_EDGE('',*,*,#1984,.F.);
#1319=ORIENTED_EDGE('',*,*,#1995,.F.);
#1320=ORIENTED_EDGE('',*,*,#1891,.F.);
#1321=ORIENTED_EDGE('',*,*,#1970,.F.);
#1322=ORIENTED_EDGE('',*,*,#1960,.F.);
#1323=ORIENTED_EDGE('',*,*,#2422,.F.);
#1324=ORIENTED_EDGE('',*,*,#1879,.F.);
#1325=ORIENTED_EDGE('',*,*,#2000,.F.);
#1326=ORIENTED_EDGE('',*,*,#1992,.F.);
#1327=ORIENTED_EDGE('',*,*,#2278,.F.);
#1328=ORIENTED_EDGE('',*,*,#2468,.F.);
#1329=ORIENTED_EDGE('',*,*,#2194,.T.);
#1330=ORIENTED_EDGE('',*,*,#2474,.F.);
#1331=ORIENTED_EDGE('',*,*,#2475,.F.);
#1332=ORIENTED_EDGE('',*,*,#2476,.T.);
#1333=ORIENTED_EDGE('',*,*,#2198,.T.);
#1334=ORIENTED_EDGE('',*,*,#2477,.F.);
#1335=ORIENTED_EDGE('',*,*,#2478,.F.);
#1336=ORIENTED_EDGE('',*,*,#2474,.T.);
#1337=ORIENTED_EDGE('',*,*,#2197,.T.);
#1338=ORIENTED_EDGE('',*,*,#2479,.T.);
#1339=ORIENTED_EDGE('',*,*,#2480,.F.);
#1340=ORIENTED_EDGE('',*,*,#2477,.T.);
#1341=ORIENTED_EDGE('',*,*,#2481,.F.);
#1342=ORIENTED_EDGE('',*,*,#2482,.T.);
#1343=ORIENTED_EDGE('',*,*,#2195,.T.);
#1344=ORIENTED_EDGE('',*,*,#2476,.F.);
#1345=ORIENTED_EDGE('',*,*,#2471,.F.);
#1346=ORIENTED_EDGE('',*,*,#2483,.F.);
#1347=ORIENTED_EDGE('',*,*,#2463,.F.);
#1348=ORIENTED_EDGE('',*,*,#2484,.F.);
#1349=ORIENTED_EDGE('',*,*,#2480,.T.);
#1350=ORIENTED_EDGE('',*,*,#2485,.T.);
#1351=ORIENTED_EDGE('',*,*,#2481,.T.);
#1352=ORIENTED_EDGE('',*,*,#2475,.T.);
#1353=ORIENTED_EDGE('',*,*,#2478,.T.);
#1354=ORIENTED_EDGE('',*,*,#1824,.T.);
#1355=ORIENTED_EDGE('',*,*,#2472,.T.);
#1356=ORIENTED_EDGE('',*,*,#2484,.T.);
#1357=ORIENTED_EDGE('',*,*,#2462,.F.);
#1358=ORIENTED_EDGE('',*,*,#2473,.T.);
#1359=ORIENTED_EDGE('',*,*,#2464,.T.);
#1360=ORIENTED_EDGE('',*,*,#2483,.T.);
#1361=ORIENTED_EDGE('',*,*,#2470,.F.);
#1362=ORIENTED_EDGE('',*,*,#1928,.T.);
#1363=ORIENTED_EDGE('',*,*,#2486,.T.);
#1364=ORIENTED_EDGE('',*,*,#1813,.F.);
#1365=ORIENTED_EDGE('',*,*,#2487,.T.);
#1366=ORIENTED_EDGE('',*,*,#2488,.T.);
#1367=ORIENTED_EDGE('',*,*,#2489,.F.);
#1368=ORIENTED_EDGE('',*,*,#2490,.F.);
#1369=ORIENTED_EDGE('',*,*,#2285,.T.);
#1370=ORIENTED_EDGE('',*,*,#2491,.T.);
#1371=ORIENTED_EDGE('',*,*,#1946,.F.);
#1372=ORIENTED_EDGE('',*,*,#1815,.F.);
#1373=ORIENTED_EDGE('',*,*,#2492,.T.);
#1374=ORIENTED_EDGE('',*,*,#1964,.T.);
#1375=ORIENTED_EDGE('',*,*,#1975,.F.);
#1376=ORIENTED_EDGE('',*,*,#2493,.T.);
#1377=ORIENTED_EDGE('',*,*,#2272,.F.);
#1378=ORIENTED_EDGE('',*,*,#2494,.F.);
#1379=ORIENTED_EDGE('',*,*,#2495,.T.);
#1380=ORIENTED_EDGE('',*,*,#2496,.T.);
#1381=ORIENTED_EDGE('',*,*,#2497,.F.);
#1382=ORIENTED_EDGE('',*,*,#2498,.F.);
#1383=ORIENTED_EDGE('',*,*,#2494,.T.);
#1384=ORIENTED_EDGE('',*,*,#2286,.T.);
#1385=ORIENTED_EDGE('',*,*,#2490,.T.);
#1386=ORIENTED_EDGE('',*,*,#2284,.F.);
#1387=ORIENTED_EDGE('',*,*,#1934,.F.);
#1388=ORIENTED_EDGE('',*,*,#1947,.F.);
#1389=ORIENTED_EDGE('',*,*,#2491,.F.);
#1390=ORIENTED_EDGE('',*,*,#2423,.F.);
#1391=ORIENTED_EDGE('',*,*,#1958,.F.);
#1392=ORIENTED_EDGE('',*,*,#1969,.F.);
#1393=ORIENTED_EDGE('',*,*,#1907,.F.);
#1394=ORIENTED_EDGE('',*,*,#1941,.F.);
#1395=ORIENTED_EDGE('',*,*,#1920,.F.);
#1396=ORIENTED_EDGE('',*,*,#2418,.F.);
#1397=ORIENTED_EDGE('',*,*,#1895,.F.);
#1398=ORIENTED_EDGE('',*,*,#1974,.F.);
#1399=ORIENTED_EDGE('',*,*,#1966,.F.);
#1400=ORIENTED_EDGE('',*,*,#2273,.F.);
#1401=ORIENTED_EDGE('',*,*,#2493,.F.);
#1402=ORIENTED_EDGE('',*,*,#2189,.T.);
#1403=ORIENTED_EDGE('',*,*,#2499,.F.);
#1404=ORIENTED_EDGE('',*,*,#2500,.F.);
#1405=ORIENTED_EDGE('',*,*,#2501,.T.);
#1406=ORIENTED_EDGE('',*,*,#2193,.T.);
#1407=ORIENTED_EDGE('',*,*,#2502,.F.);
#1408=ORIENTED_EDGE('',*,*,#2503,.F.);
#1409=ORIENTED_EDGE('',*,*,#2499,.T.);
#1410=ORIENTED_EDGE('',*,*,#2192,.T.);
#1411=ORIENTED_EDGE('',*,*,#2504,.T.);
#1412=ORIENTED_EDGE('',*,*,#2505,.F.);
#1413=ORIENTED_EDGE('',*,*,#2502,.T.);
#1414=ORIENTED_EDGE('',*,*,#2506,.F.);
#1415=ORIENTED_EDGE('',*,*,#2507,.T.);
#1416=ORIENTED_EDGE('',*,*,#2190,.T.);
#1417=ORIENTED_EDGE('',*,*,#2501,.F.);
#1418=ORIENTED_EDGE('',*,*,#2496,.F.);
#1419=ORIENTED_EDGE('',*,*,#2508,.F.);
#1420=ORIENTED_EDGE('',*,*,#2488,.F.);
#1421=ORIENTED_EDGE('',*,*,#2509,.F.);
#1422=ORIENTED_EDGE('',*,*,#2505,.T.);
#1423=ORIENTED_EDGE('',*,*,#2510,.T.);
#1424=ORIENTED_EDGE('',*,*,#2506,.T.);
#1425=ORIENTED_EDGE('',*,*,#2500,.T.);
#1426=ORIENTED_EDGE('',*,*,#2503,.T.);
#1427=ORIENTED_EDGE('',*,*,#1816,.T.);
#1428=ORIENTED_EDGE('',*,*,#2497,.T.);
#1429=ORIENTED_EDGE('',*,*,#2509,.T.);
#1430=ORIENTED_EDGE('',*,*,#2487,.F.);
#1431=ORIENTED_EDGE('',*,*,#2498,.T.);
#1432=ORIENTED_EDGE('',*,*,#2489,.T.);
#1433=ORIENTED_EDGE('',*,*,#2508,.T.);
#1434=ORIENTED_EDGE('',*,*,#2495,.F.);
#1435=ORIENTED_EDGE('',*,*,#2511,.F.);
#1436=ORIENTED_EDGE('',*,*,#2512,.T.);
#1437=ORIENTED_EDGE('',*,*,#2184,.T.);
#1438=ORIENTED_EDGE('',*,*,#2513,.F.);
#1439=ORIENTED_EDGE('',*,*,#2188,.T.);
#1440=ORIENTED_EDGE('',*,*,#2514,.F.);
#1441=ORIENTED_EDGE('',*,*,#2515,.F.);
#1442=ORIENTED_EDGE('',*,*,#2513,.T.);
#1443=ORIENTED_EDGE('',*,*,#2187,.T.);
#1444=ORIENTED_EDGE('',*,*,#2516,.F.);
#1445=ORIENTED_EDGE('',*,*,#2517,.F.);
#1446=ORIENTED_EDGE('',*,*,#2514,.T.);
#1447=ORIENTED_EDGE('',*,*,#2186,.T.);
#1448=ORIENTED_EDGE('',*,*,#2518,.T.);
#1449=ORIENTED_EDGE('',*,*,#2519,.F.);
#1450=ORIENTED_EDGE('',*,*,#2516,.T.);
#1451=ORIENTED_EDGE('',*,*,#2520,.F.);
#1452=ORIENTED_EDGE('',*,*,#1883,.F.);
#1453=ORIENTED_EDGE('',*,*,#2521,.F.);
#1454=ORIENTED_EDGE('',*,*,#1887,.F.);
#1455=ORIENTED_EDGE('',*,*,#2519,.T.);
#1456=ORIENTED_EDGE('',*,*,#2522,.T.);
#1457=ORIENTED_EDGE('',*,*,#2511,.T.);
#1458=ORIENTED_EDGE('',*,*,#2515,.T.);
#1459=ORIENTED_EDGE('',*,*,#2517,.T.);
#1460=ORIENTED_EDGE('',*,*,#1820,.T.);
#1461=ORIENTED_EDGE('',*,*,#1884,.T.);
#1462=ORIENTED_EDGE('',*,*,#2520,.T.);
#1463=ORIENTED_EDGE('',*,*,#1886,.F.);
#1464=ORIENTED_EDGE('',*,*,#1955,.T.);
#1465=ORIENTED_EDGE('',*,*,#1888,.T.);
#1466=ORIENTED_EDGE('',*,*,#2521,.T.);
#1467=ORIENTED_EDGE('',*,*,#1882,.F.);
#1468=ORIENTED_EDGE('',*,*,#2523,.F.);
#1469=ORIENTED_EDGE('',*,*,#2524,.T.);
#1470=ORIENTED_EDGE('',*,*,#2179,.T.);
#1471=ORIENTED_EDGE('',*,*,#2525,.F.);
#1472=ORIENTED_EDGE('',*,*,#2183,.T.);
#1473=ORIENTED_EDGE('',*,*,#2526,.F.);
#1474=ORIENTED_EDGE('',*,*,#2527,.F.);
#1475=ORIENTED_EDGE('',*,*,#2525,.T.);
#1476=ORIENTED_EDGE('',*,*,#2182,.T.);
#1477=ORIENTED_EDGE('',*,*,#2528,.F.);
#1478=ORIENTED_EDGE('',*,*,#2529,.F.);
#1479=ORIENTED_EDGE('',*,*,#2526,.T.);
#1480=ORIENTED_EDGE('',*,*,#2181,.T.);
#1481=ORIENTED_EDGE('',*,*,#2530,.T.);
#1482=ORIENTED_EDGE('',*,*,#2531,.F.);
#1483=ORIENTED_EDGE('',*,*,#2528,.T.);
#1484=ORIENTED_EDGE('',*,*,#2532,.F.);
#1485=ORIENTED_EDGE('',*,*,#1899,.F.);
#1486=ORIENTED_EDGE('',*,*,#2533,.F.);
#1487=ORIENTED_EDGE('',*,*,#1903,.F.);
#1488=ORIENTED_EDGE('',*,*,#2531,.T.);
#1489=ORIENTED_EDGE('',*,*,#2534,.T.);
#1490=ORIENTED_EDGE('',*,*,#2523,.T.);
#1491=ORIENTED_EDGE('',*,*,#2527,.T.);
#1492=ORIENTED_EDGE('',*,*,#2529,.T.);
#1493=ORIENTED_EDGE('',*,*,#1812,.T.);
#1494=ORIENTED_EDGE('',*,*,#1900,.T.);
#1495=ORIENTED_EDGE('',*,*,#2532,.T.);
#1496=ORIENTED_EDGE('',*,*,#1902,.F.);
#1497=ORIENTED_EDGE('',*,*,#1917,.T.);
#1498=ORIENTED_EDGE('',*,*,#1904,.T.);
#1499=ORIENTED_EDGE('',*,*,#2533,.T.);
#1500=ORIENTED_EDGE('',*,*,#1898,.F.);
#1501=ORIENTED_EDGE('',*,*,#1838,.T.);
#1502=ORIENTED_EDGE('',*,*,#2535,.T.);
#1503=ORIENTED_EDGE('',*,*,#2536,.T.);
#1504=ORIENTED_EDGE('',*,*,#2537,.T.);
#1505=ORIENTED_EDGE('',*,*,#1916,.T.);
#1506=ORIENTED_EDGE('',*,*,#2004,.F.);
#1507=ORIENTED_EDGE('',*,*,#2538,.F.);
#1508=ORIENTED_EDGE('',*,*,#1997,.T.);
#1509=ORIENTED_EDGE('',*,*,#2539,.T.);
#1510=ORIENTED_EDGE('',*,*,#2540,.T.);
#1511=ORIENTED_EDGE('',*,*,#1854,.T.);
#1512=ORIENTED_EDGE('',*,*,#1999,.F.);
#1513=ORIENTED_EDGE('',*,*,#2541,.F.);
#1514=ORIENTED_EDGE('',*,*,#2002,.T.);
#1515=ORIENTED_EDGE('',*,*,#1988,.T.);
#1516=ORIENTED_EDGE('',*,*,#2542,.T.);
#1517=ORIENTED_EDGE('',*,*,#1998,.T.);
#1518=ORIENTED_EDGE('',*,*,#2538,.T.);
#1519=ORIENTED_EDGE('',*,*,#2003,.T.);
#1520=ORIENTED_EDGE('',*,*,#2541,.T.);
#1521=ORIENTED_EDGE('',*,*,#1834,.T.);
#1522=ORIENTED_EDGE('',*,*,#2543,.T.);
#1523=ORIENTED_EDGE('',*,*,#2544,.T.);
#1524=ORIENTED_EDGE('',*,*,#2545,.T.);
#1525=ORIENTED_EDGE('',*,*,#1912,.T.);
#1526=ORIENTED_EDGE('',*,*,#1978,.F.);
#1527=ORIENTED_EDGE('',*,*,#2546,.F.);
#1528=ORIENTED_EDGE('',*,*,#1971,.T.);
#1529=ORIENTED_EDGE('',*,*,#2547,.T.);
#1530=ORIENTED_EDGE('',*,*,#2548,.T.);
#1531=ORIENTED_EDGE('',*,*,#1850,.T.);
#1532=ORIENTED_EDGE('',*,*,#1973,.F.);
#1533=ORIENTED_EDGE('',*,*,#2549,.F.);
#1534=ORIENTED_EDGE('',*,*,#1976,.T.);
#1535=ORIENTED_EDGE('',*,*,#1962,.T.);
#1536=ORIENTED_EDGE('',*,*,#2550,.T.);
#1537=ORIENTED_EDGE('',*,*,#1972,.T.);
#1538=ORIENTED_EDGE('',*,*,#2546,.T.);
#1539=ORIENTED_EDGE('',*,*,#1977,.T.);
#1540=ORIENTED_EDGE('',*,*,#2549,.T.);
#1541=ORIENTED_EDGE('',*,*,#2522,.F.);
#1542=ORIENTED_EDGE('',*,*,#2518,.F.);
#1543=ORIENTED_EDGE('',*,*,#2185,.F.);
#1544=ORIENTED_EDGE('',*,*,#2512,.F.);
#1545=ORIENTED_EDGE('',*,*,#2485,.F.);
#1546=ORIENTED_EDGE('',*,*,#2479,.F.);
#1547=ORIENTED_EDGE('',*,*,#2196,.F.);
#1548=ORIENTED_EDGE('',*,*,#2482,.F.);
#1549=ORIENTED_EDGE('',*,*,#2460,.F.);
#1550=ORIENTED_EDGE('',*,*,#2449,.F.);
#1551=ORIENTED_EDGE('',*,*,#2203,.F.);
#1552=ORIENTED_EDGE('',*,*,#2453,.F.);
#1553=ORIENTED_EDGE('',*,*,#2448,.F.);
#1554=ORIENTED_EDGE('',*,*,#2442,.F.);
#1555=ORIENTED_EDGE('',*,*,#2206,.F.);
#1556=ORIENTED_EDGE('',*,*,#2445,.F.);
#1557=ORIENTED_EDGE('',*,*,#2534,.F.);
#1558=ORIENTED_EDGE('',*,*,#2530,.F.);
#1559=ORIENTED_EDGE('',*,*,#2180,.F.);
#1560=ORIENTED_EDGE('',*,*,#2524,.F.);
#1561=ORIENTED_EDGE('',*,*,#2510,.F.);
#1562=ORIENTED_EDGE('',*,*,#2504,.F.);
#1563=ORIENTED_EDGE('',*,*,#2191,.F.);
#1564=ORIENTED_EDGE('',*,*,#2507,.F.);
#1565=ORIENTED_EDGE('',*,*,#1869,.F.);
#1566=ORIENTED_EDGE('',*,*,#1855,.T.);
#1567=ORIENTED_EDGE('',*,*,#2371,.F.);
#1568=ORIENTED_EDGE('',*,*,#2551,.T.);
#1569=ORIENTED_EDGE('',*,*,#2295,.T.);
#1570=ORIENTED_EDGE('',*,*,#1841,.T.);
#1571=ORIENTED_EDGE('',*,*,#1893,.F.);
#1572=ORIENTED_EDGE('',*,*,#1810,.F.);
#1573=ORIENTED_EDGE('',*,*,#1901,.F.);
#1574=ORIENTED_EDGE('',*,*,#1847,.T.);
#1575=ORIENTED_EDGE('',*,*,#2548,.F.);
#1576=ORIENTED_EDGE('',*,*,#2552,.F.);
#1577=ORIENTED_EDGE('',*,*,#2543,.F.);
#1578=ORIENTED_EDGE('',*,*,#1833,.T.);
#1579=ORIENTED_EDGE('',*,*,#1877,.F.);
#1580=ORIENTED_EDGE('',*,*,#1818,.F.);
#1581=ORIENTED_EDGE('',*,*,#1885,.F.);
#1582=ORIENTED_EDGE('',*,*,#1851,.T.);
#1583=ORIENTED_EDGE('',*,*,#2540,.F.);
#1584=ORIENTED_EDGE('',*,*,#2553,.F.);
#1585=ORIENTED_EDGE('',*,*,#2535,.F.);
#1586=ORIENTED_EDGE('',*,*,#1837,.T.);
#1587=ORIENTED_EDGE('',*,*,#1861,.F.);
#1588=ORIENTED_EDGE('',*,*,#1826,.F.);
#1589=ORIENTED_EDGE('',*,*,#2369,.T.);
#1590=ORIENTED_EDGE('',*,*,#2058,.T.);
#1591=ORIENTED_EDGE('',*,*,#2430,.F.);
#1592=ORIENTED_EDGE('',*,*,#1830,.F.);
#1593=ORIENTED_EDGE('',*,*,#2424,.F.);
#1594=ORIENTED_EDGE('',*,*,#1913,.T.);
#1595=ORIENTED_EDGE('',*,*,#2537,.F.);
#1596=ORIENTED_EDGE('',*,*,#2554,.F.);
#1597=ORIENTED_EDGE('',*,*,#2542,.F.);
#1598=ORIENTED_EDGE('',*,*,#1987,.T.);
#1599=ORIENTED_EDGE('',*,*,#2467,.F.);
#1600=ORIENTED_EDGE('',*,*,#1822,.F.);
#1601=ORIENTED_EDGE('',*,*,#2461,.F.);
#1602=ORIENTED_EDGE('',*,*,#1909,.T.);
#1603=ORIENTED_EDGE('',*,*,#2545,.F.);
#1604=ORIENTED_EDGE('',*,*,#2555,.F.);
#1605=ORIENTED_EDGE('',*,*,#2550,.F.);
#1606=ORIENTED_EDGE('',*,*,#1961,.T.);
#1607=ORIENTED_EDGE('',*,*,#2492,.F.);
#1608=ORIENTED_EDGE('',*,*,#1814,.F.);
#1609=ORIENTED_EDGE('',*,*,#2486,.F.);
#1610=ORIENTED_EDGE('',*,*,#1927,.T.);
#1611=ORIENTED_EDGE('',*,*,#2297,.F.);
#1612=ORIENTED_EDGE('',*,*,#2556,.T.);
#1613=ORIENTED_EDGE('',*,*,#2536,.F.);
#1614=ORIENTED_EDGE('',*,*,#2553,.T.);
#1615=ORIENTED_EDGE('',*,*,#2539,.F.);
#1616=ORIENTED_EDGE('',*,*,#2554,.T.);
#1617=ORIENTED_EDGE('',*,*,#2544,.F.);
#1618=ORIENTED_EDGE('',*,*,#2552,.T.);
#1619=ORIENTED_EDGE('',*,*,#2547,.F.);
#1620=ORIENTED_EDGE('',*,*,#2555,.T.);
#1621=ORIENTED_EDGE('',*,*,#2370,.F.);
#1622=ORIENTED_EDGE('',*,*,#2556,.F.);
#1623=ORIENTED_EDGE('',*,*,#2296,.F.);
#1624=ORIENTED_EDGE('',*,*,#2551,.F.);
#1625=ORIENTED_EDGE('',*,*,#2213,.F.);
#1626=ORIENTED_EDGE('',*,*,#2122,.F.);
#1627=ORIENTED_EDGE('',*,*,#2557,.F.);
#1628=ORIENTED_EDGE('',*,*,#2178,.F.);
#1629=ORIENTED_EDGE('',*,*,#2557,.T.);
#1630=ORIENTED_EDGE('',*,*,#2309,.F.);
#1631=ORIENTED_EDGE('',*,*,#2558,.F.);
#1632=ORIENTED_EDGE('',*,*,#2153,.F.);
#1633=ORIENTED_EDGE('',*,*,#2211,.F.);
#1634=ORIENTED_EDGE('',*,*,#2154,.F.);
#1635=ORIENTED_EDGE('',*,*,#2558,.T.);
#1636=ORIENTED_EDGE('',*,*,#2100,.F.);
#1637=ORIENTED_EDGE('',*,*,#2214,.F.);
#1638=ORIENTED_EDGE('',*,*,#2176,.F.);
#1639=ORIENTED_EDGE('',*,*,#2559,.F.);
#1640=ORIENTED_EDGE('',*,*,#2065,.F.);
#1641=ORIENTED_EDGE('',*,*,#2559,.T.);
#1642=ORIENTED_EDGE('',*,*,#2175,.F.);
#1643=ORIENTED_EDGE('',*,*,#2560,.F.);
#1644=ORIENTED_EDGE('',*,*,#2380,.F.);
#1645=ORIENTED_EDGE('',*,*,#2560,.T.);
#1646=ORIENTED_EDGE('',*,*,#2174,.F.);
#1647=ORIENTED_EDGE('',*,*,#2216,.F.);
#1648=ORIENTED_EDGE('',*,*,#2035,.F.);
#1649=ORIENTED_EDGE('',*,*,#2561,.T.);
#1650=ORIENTED_EDGE('',*,*,#2562,.T.);
#1651=ORIENTED_EDGE('',*,*,#2563,.T.);
#1652=ORIENTED_EDGE('',*,*,#2564,.T.);
#1653=ORIENTED_EDGE('',*,*,#2565,.F.);
#1654=ORIENTED_EDGE('',*,*,#2566,.T.);
#1655=ORIENTED_EDGE('',*,*,#2567,.T.);
#1656=ORIENTED_EDGE('',*,*,#2568,.F.);
#1657=ORIENTED_EDGE('',*,*,#2569,.T.);
#1658=ORIENTED_EDGE('',*,*,#2570,.F.);
#1659=ORIENTED_EDGE('',*,*,#2571,.F.);
#1660=ORIENTED_EDGE('',*,*,#2568,.T.);
#1661=ORIENTED_EDGE('',*,*,#2572,.T.);
#1662=ORIENTED_EDGE('',*,*,#2573,.T.);
#1663=ORIENTED_EDGE('',*,*,#2574,.F.);
#1664=ORIENTED_EDGE('',*,*,#2570,.T.);
#1665=ORIENTED_EDGE('',*,*,#2575,.T.);
#1666=ORIENTED_EDGE('',*,*,#2576,.T.);
#1667=ORIENTED_EDGE('',*,*,#2577,.T.);
#1668=ORIENTED_EDGE('',*,*,#2578,.T.);
#1669=ORIENTED_EDGE('',*,*,#2579,.F.);
#1670=ORIENTED_EDGE('',*,*,#2580,.T.);
#1671=ORIENTED_EDGE('',*,*,#2581,.T.);
#1672=ORIENTED_EDGE('',*,*,#2582,.F.);
#1673=ORIENTED_EDGE('',*,*,#2583,.T.);
#1674=ORIENTED_EDGE('',*,*,#2584,.F.);
#1675=ORIENTED_EDGE('',*,*,#2585,.F.);
#1676=ORIENTED_EDGE('',*,*,#2582,.T.);
#1677=ORIENTED_EDGE('',*,*,#2586,.T.);
#1678=ORIENTED_EDGE('',*,*,#2587,.T.);
#1679=ORIENTED_EDGE('',*,*,#2588,.F.);
#1680=ORIENTED_EDGE('',*,*,#2584,.T.);
#1681=ORIENTED_EDGE('',*,*,#2588,.T.);
#1682=ORIENTED_EDGE('',*,*,#2589,.T.);
#1683=ORIENTED_EDGE('',*,*,#2565,.T.);
#1684=ORIENTED_EDGE('',*,*,#2571,.T.);
#1685=ORIENTED_EDGE('',*,*,#2574,.T.);
#1686=ORIENTED_EDGE('',*,*,#2590,.T.);
#1687=ORIENTED_EDGE('',*,*,#2579,.T.);
#1688=ORIENTED_EDGE('',*,*,#2585,.T.);
#1689=ORIENTED_EDGE('',*,*,#2567,.F.);
#1690=ORIENTED_EDGE('',*,*,#2591,.T.);
#1691=ORIENTED_EDGE('',*,*,#2586,.F.);
#1692=ORIENTED_EDGE('',*,*,#2583,.F.);
#1693=ORIENTED_EDGE('',*,*,#2581,.F.);
#1694=ORIENTED_EDGE('',*,*,#2592,.T.);
#1695=ORIENTED_EDGE('',*,*,#2572,.F.);
#1696=ORIENTED_EDGE('',*,*,#2569,.F.);
#1697=ORIENTED_EDGE('',*,*,#2593,.F.);
#1698=ORIENTED_EDGE('',*,*,#2589,.F.);
#1699=ORIENTED_EDGE('',*,*,#2594,.F.);
#1700=ORIENTED_EDGE('',*,*,#2564,.F.);
#1701=ORIENTED_EDGE('',*,*,#2594,.T.);
#1702=ORIENTED_EDGE('',*,*,#2587,.F.);
#1703=ORIENTED_EDGE('',*,*,#2595,.F.);
#1704=ORIENTED_EDGE('',*,*,#2561,.F.);
#1705=ORIENTED_EDGE('',*,*,#2593,.T.);
#1706=ORIENTED_EDGE('',*,*,#2563,.F.);
#1707=ORIENTED_EDGE('',*,*,#2596,.F.);
#1708=ORIENTED_EDGE('',*,*,#2566,.F.);
#1709=ORIENTED_EDGE('',*,*,#2595,.T.);
#1710=ORIENTED_EDGE('',*,*,#2591,.F.);
#1711=ORIENTED_EDGE('',*,*,#2596,.T.);
#1712=ORIENTED_EDGE('',*,*,#2562,.F.);
#1713=ORIENTED_EDGE('',*,*,#2597,.F.);
#1714=ORIENTED_EDGE('',*,*,#2590,.F.);
#1715=ORIENTED_EDGE('',*,*,#2598,.F.);
#1716=ORIENTED_EDGE('',*,*,#2578,.F.);
#1717=ORIENTED_EDGE('',*,*,#2598,.T.);
#1718=ORIENTED_EDGE('',*,*,#2573,.F.);
#1719=ORIENTED_EDGE('',*,*,#2599,.F.);
#1720=ORIENTED_EDGE('',*,*,#2575,.F.);
#1721=ORIENTED_EDGE('',*,*,#2597,.T.);
#1722=ORIENTED_EDGE('',*,*,#2577,.F.);
#1723=ORIENTED_EDGE('',*,*,#2600,.F.);
#1724=ORIENTED_EDGE('',*,*,#2580,.F.);
#1725=ORIENTED_EDGE('',*,*,#2599,.T.);
#1726=ORIENTED_EDGE('',*,*,#2592,.F.);
#1727=ORIENTED_EDGE('',*,*,#2600,.T.);
#1728=ORIENTED_EDGE('',*,*,#2576,.F.);
#1729=ORIENTED_EDGE('',*,*,#2601,.T.);
#1730=ORIENTED_EDGE('',*,*,#2602,.T.);
#1731=ORIENTED_EDGE('',*,*,#2603,.T.);
#1732=ORIENTED_EDGE('',*,*,#2604,.T.);
#1733=ORIENTED_EDGE('',*,*,#2605,.F.);
#1734=ORIENTED_EDGE('',*,*,#2606,.T.);
#1735=ORIENTED_EDGE('',*,*,#2607,.T.);
#1736=ORIENTED_EDGE('',*,*,#2608,.F.);
#1737=ORIENTED_EDGE('',*,*,#2609,.T.);
#1738=ORIENTED_EDGE('',*,*,#2610,.F.);
#1739=ORIENTED_EDGE('',*,*,#2611,.F.);
#1740=ORIENTED_EDGE('',*,*,#2608,.T.);
#1741=ORIENTED_EDGE('',*,*,#2612,.T.);
#1742=ORIENTED_EDGE('',*,*,#2613,.T.);
#1743=ORIENTED_EDGE('',*,*,#2614,.F.);
#1744=ORIENTED_EDGE('',*,*,#2610,.T.);
#1745=ORIENTED_EDGE('',*,*,#2615,.T.);
#1746=ORIENTED_EDGE('',*,*,#2616,.T.);
#1747=ORIENTED_EDGE('',*,*,#2617,.T.);
#1748=ORIENTED_EDGE('',*,*,#2618,.T.);
#1749=ORIENTED_EDGE('',*,*,#2619,.F.);
#1750=ORIENTED_EDGE('',*,*,#2620,.T.);
#1751=ORIENTED_EDGE('',*,*,#2621,.T.);
#1752=ORIENTED_EDGE('',*,*,#2622,.F.);
#1753=ORIENTED_EDGE('',*,*,#2623,.T.);
#1754=ORIENTED_EDGE('',*,*,#2624,.F.);
#1755=ORIENTED_EDGE('',*,*,#2625,.F.);
#1756=ORIENTED_EDGE('',*,*,#2622,.T.);
#1757=ORIENTED_EDGE('',*,*,#2626,.T.);
#1758=ORIENTED_EDGE('',*,*,#2627,.T.);
#1759=ORIENTED_EDGE('',*,*,#2628,.F.);
#1760=ORIENTED_EDGE('',*,*,#2624,.T.);
#1761=ORIENTED_EDGE('',*,*,#2628,.T.);
#1762=ORIENTED_EDGE('',*,*,#2629,.T.);
#1763=ORIENTED_EDGE('',*,*,#2605,.T.);
#1764=ORIENTED_EDGE('',*,*,#2611,.T.);
#1765=ORIENTED_EDGE('',*,*,#2614,.T.);
#1766=ORIENTED_EDGE('',*,*,#2630,.T.);
#1767=ORIENTED_EDGE('',*,*,#2619,.T.);
#1768=ORIENTED_EDGE('',*,*,#2625,.T.);
#1769=ORIENTED_EDGE('',*,*,#2607,.F.);
#1770=ORIENTED_EDGE('',*,*,#2631,.T.);
#1771=ORIENTED_EDGE('',*,*,#2626,.F.);
#1772=ORIENTED_EDGE('',*,*,#2623,.F.);
#1773=ORIENTED_EDGE('',*,*,#2621,.F.);
#1774=ORIENTED_EDGE('',*,*,#2632,.T.);
#1775=ORIENTED_EDGE('',*,*,#2612,.F.);
#1776=ORIENTED_EDGE('',*,*,#2609,.F.);
#1777=ORIENTED_EDGE('',*,*,#2633,.F.);
#1778=ORIENTED_EDGE('',*,*,#2629,.F.);
#1779=ORIENTED_EDGE('',*,*,#2634,.F.);
#1780=ORIENTED_EDGE('',*,*,#2604,.F.);
#1781=ORIENTED_EDGE('',*,*,#2634,.T.);
#1782=ORIENTED_EDGE('',*,*,#2627,.F.);
#1783=ORIENTED_EDGE('',*,*,#2635,.F.);
#1784=ORIENTED_EDGE('',*,*,#2601,.F.);
#1785=ORIENTED_EDGE('',*,*,#2633,.T.);
#1786=ORIENTED_EDGE('',*,*,#2603,.F.);
#1787=ORIENTED_EDGE('',*,*,#2636,.F.);
#1788=ORIENTED_EDGE('',*,*,#2606,.F.);
#1789=ORIENTED_EDGE('',*,*,#2635,.T.);
#1790=ORIENTED_EDGE('',*,*,#2631,.F.);
#1791=ORIENTED_EDGE('',*,*,#2636,.T.);
#1792=ORIENTED_EDGE('',*,*,#2602,.F.);
#1793=ORIENTED_EDGE('',*,*,#2637,.F.);
#1794=ORIENTED_EDGE('',*,*,#2630,.F.);
#1795=ORIENTED_EDGE('',*,*,#2638,.F.);
#1796=ORIENTED_EDGE('',*,*,#2618,.F.);
#1797=ORIENTED_EDGE('',*,*,#2638,.T.);
#1798=ORIENTED_EDGE('',*,*,#2613,.F.);
#1799=ORIENTED_EDGE('',*,*,#2639,.F.);
#1800=ORIENTED_EDGE('',*,*,#2615,.F.);
#1801=ORIENTED_EDGE('',*,*,#2637,.T.);
#1802=ORIENTED_EDGE('',*,*,#2617,.F.);
#1803=ORIENTED_EDGE('',*,*,#2640,.F.);
#1804=ORIENTED_EDGE('',*,*,#2620,.F.);
#1805=ORIENTED_EDGE('',*,*,#2639,.T.);
#1806=ORIENTED_EDGE('',*,*,#2632,.F.);
#1807=ORIENTED_EDGE('',*,*,#2640,.T.);
#1808=ORIENTED_EDGE('',*,*,#2616,.F.);
#1809=EDGE_CURVE('',#2641,#2642,#3187,.T.);
#1810=EDGE_CURVE('',#2642,#2643,#3188,.T.);
#1811=EDGE_CURVE('',#2643,#2644,#3189,.T.);
#1812=EDGE_CURVE('',#2641,#2644,#3190,.T.);
#1813=EDGE_CURVE('',#2645,#2646,#3191,.T.);
#1814=EDGE_CURVE('',#2646,#2647,#3192,.T.);
#1815=EDGE_CURVE('',#2647,#2648,#3193,.T.);
#1816=EDGE_CURVE('',#2645,#2648,#3194,.T.);
#1817=EDGE_CURVE('',#2649,#2650,#3195,.T.);
#1818=EDGE_CURVE('',#2650,#2651,#3196,.T.);
#1819=EDGE_CURVE('',#2651,#2652,#3197,.T.);
#1820=EDGE_CURVE('',#2649,#2652,#3198,.T.);
#1821=EDGE_CURVE('',#2653,#2654,#3199,.T.);
#1822=EDGE_CURVE('',#2654,#2655,#3200,.T.);
#1823=EDGE_CURVE('',#2655,#2656,#3201,.T.);
#1824=EDGE_CURVE('',#2653,#2656,#3202,.T.);
#1825=EDGE_CURVE('',#2657,#2658,#3203,.T.);
#1826=EDGE_CURVE('',#2658,#2659,#3204,.T.);
#1827=EDGE_CURVE('',#2659,#2660,#3205,.T.);
#1828=EDGE_CURVE('',#2657,#2660,#3206,.T.);
#1829=EDGE_CURVE('',#2661,#2662,#3207,.T.);
#1830=EDGE_CURVE('',#2662,#2663,#3208,.T.);
#1831=EDGE_CURVE('',#2663,#2664,#3209,.T.);
#1832=EDGE_CURVE('',#2661,#2664,#3210,.T.);
#1833=EDGE_CURVE('',#2665,#2666,#3211,.T.);
#1834=EDGE_CURVE('',#2667,#2665,#3212,.T.);
#1835=EDGE_CURVE('',#2667,#2668,#3213,.T.);
#1836=EDGE_CURVE('',#2666,#2668,#3214,.T.);
#1837=EDGE_CURVE('',#2669,#2670,#3215,.T.);
#1838=EDGE_CURVE('',#2671,#2669,#3216,.T.);
#1839=EDGE_CURVE('',#2671,#2672,#3217,.T.);
#1840=EDGE_CURVE('',#2670,#2672,#3218,.T.);
#1841=EDGE_CURVE('',#2673,#2674,#3219,.T.);
#1842=EDGE_CURVE('',#2673,#2675,#3220,.T.);
#1843=EDGE_CURVE('',#2675,#2676,#3221,.T.);
#1844=EDGE_CURVE('',#2676,#2677,#3222,.T.);
#1845=EDGE_CURVE('',#2677,#2678,#3223,.T.);
#1846=EDGE_CURVE('',#2674,#2678,#3224,.T.);
#1847=EDGE_CURVE('',#2679,#2680,#3225,.T.);
#1848=EDGE_CURVE('',#2681,#2679,#3226,.T.);
#1849=EDGE_CURVE('',#2681,#2682,#3227,.T.);
#1850=EDGE_CURVE('',#2680,#2682,#3228,.T.);
#1851=EDGE_CURVE('',#2683,#2684,#3229,.T.);
#1852=EDGE_CURVE('',#2685,#2683,#3230,.T.);
#1853=EDGE_CURVE('',#2685,#2686,#3231,.T.);
#1854=EDGE_CURVE('',#2684,#2686,#3232,.T.);
#1855=EDGE_CURVE('',#2687,#2688,#3233,.T.);
#1856=EDGE_CURVE('',#2689,#2687,#3234,.T.);
#1857=EDGE_CURVE('',#2689,#2690,#3235,.T.);
#1858=EDGE_CURVE('',#2690,#2691,#3236,.T.);
#1859=EDGE_CURVE('',#2691,#2692,#3237,.T.);
#1860=EDGE_CURVE('',#2692,#2688,#3238,.T.);
#1861=EDGE_CURVE('',#2659,#2670,#3239,.T.);
#1862=EDGE_CURVE('',#2672,#2693,#3240,.T.);
#1863=EDGE_CURVE('',#2693,#2694,#3241,.T.);
#1864=EDGE_CURVE('',#2695,#2694,#3242,.T.);
#1865=EDGE_CURVE('',#2696,#2695,#3243,.T.);
#1866=EDGE_CURVE('',#2696,#2697,#3244,.T.);
#1867=EDGE_CURVE('',#2697,#2698,#3245,.T.);
#1868=EDGE_CURVE('',#2660,#2698,#3246,.T.);
#1869=EDGE_CURVE('',#2687,#2658,#3247,.T.);
#1870=EDGE_CURVE('',#2657,#2699,#3248,.T.);
#1871=EDGE_CURVE('',#2699,#2700,#3249,.T.);
#1872=EDGE_CURVE('',#2701,#2700,#3250,.T.);
#1873=EDGE_CURVE('',#2702,#2701,#3251,.T.);
#1874=EDGE_CURVE('',#2702,#2703,#3252,.T.);
#1875=EDGE_CURVE('',#2703,#2704,#3253,.T.);
#1876=EDGE_CURVE('',#2704,#2689,#3254,.T.);
#1877=EDGE_CURVE('',#2651,#2666,#3255,.T.);
#1878=EDGE_CURVE('',#2668,#2705,#3256,.T.);
#1879=EDGE_CURVE('',#2705,#2706,#3257,.T.);
#1880=EDGE_CURVE('',#2707,#2706,#3258,.T.);
#1881=EDGE_CURVE('',#2708,#2707,#3259,.T.);
#1882=EDGE_CURVE('',#2708,#2709,#3260,.T.);
#1883=EDGE_CURVE('',#2709,#2710,#3261,.T.);
#1884=EDGE_CURVE('',#2652,#2710,#3262,.T.);
#1885=EDGE_CURVE('',#2683,#2650,#3263,.T.);
#1886=EDGE_CURVE('',#2649,#2711,#3264,.T.);
#1887=EDGE_CURVE('',#2711,#2712,#3265,.T.);
#1888=EDGE_CURVE('',#2713,#2712,#3266,.T.);
#1889=EDGE_CURVE('',#2714,#2713,#3267,.T.);
#1890=EDGE_CURVE('',#2714,#2715,#3268,.T.);
#1891=EDGE_CURVE('',#2715,#2716,#3269,.T.);
#1892=EDGE_CURVE('',#2716,#2685,#3270,.T.);
#1893=EDGE_CURVE('',#2643,#2674,#3271,.T.);
#1894=EDGE_CURVE('',#2678,#2717,#3272,.T.);
#1895=EDGE_CURVE('',#2717,#2718,#3273,.T.);
#1896=EDGE_CURVE('',#2719,#2718,#3274,.T.);
#1897=EDGE_CURVE('',#2720,#2719,#3275,.T.);
#1898=EDGE_CURVE('',#2720,#2721,#3276,.T.);
#1899=EDGE_CURVE('',#2721,#2722,#3277,.T.);
#1900=EDGE_CURVE('',#2644,#2722,#3278,.T.);
#1901=EDGE_CURVE('',#2679,#2642,#3279,.T.);
#1902=EDGE_CURVE('',#2641,#2723,#3280,.T.);
#1903=EDGE_CURVE('',#2723,#2724,#3281,.T.);
#1904=EDGE_CURVE('',#2725,#2724,#3282,.T.);
#1905=EDGE_CURVE('',#2726,#2725,#3283,.T.);
#1906=EDGE_CURVE('',#2726,#2727,#3284,.T.);
#1907=EDGE_CURVE('',#2727,#2728,#3285,.T.);
#1908=EDGE_CURVE('',#2728,#2681,#3286,.T.);
#1909=EDGE_CURVE('',#2729,#2730,#3287,.T.);
#1910=EDGE_CURVE('',#2731,#2729,#3288,.T.);
#1911=EDGE_CURVE('',#2731,#2732,#3289,.T.);
#1912=EDGE_CURVE('',#2730,#2732,#3290,.T.);
#1913=EDGE_CURVE('',#2733,#2734,#3291,.T.);
#1914=EDGE_CURVE('',#2735,#2733,#3292,.T.);
#1915=EDGE_CURVE('',#2735,#2736,#3293,.T.);
#1916=EDGE_CURVE('',#2734,#2736,#3294,.T.);
#1917=EDGE_CURVE('',#2720,#2725,#3295,.T.);
#1918=EDGE_CURVE('',#2719,#2726,#3296,.T.);
#1919=EDGE_CURVE('',#2737,#2738,#3297,.T.);
#1920=EDGE_CURVE('',#2738,#2739,#3298,.F.);
#1921=EDGE_CURVE('',#2740,#2739,#3299,.T.);
#1922=EDGE_CURVE('',#2741,#2740,#3300,.T.);
#1923=EDGE_CURVE('',#2742,#2741,#3301,.T.);
#1924=EDGE_CURVE('',#2742,#2743,#3302,.T.);
#1925=EDGE_CURVE('',#2743,#2744,#3303,.T.);
#1926=EDGE_CURVE('',#2737,#2744,#3304,.T.);
#1927=EDGE_CURVE('',#2745,#2746,#3305,.T.);
#1928=EDGE_CURVE('',#2747,#2745,#3306,.T.);
#1929=EDGE_CURVE('',#2747,#2748,#3307,.T.);
#1930=EDGE_CURVE('',#2748,#2749,#3308,.T.);
#1931=EDGE_CURVE('',#2749,#2750,#3309,.T.);
#1932=EDGE_CURVE('',#2750,#2746,#3310,.T.);
#1933=EDGE_CURVE('',#2751,#2752,#3311,.T.);
#1934=EDGE_CURVE('',#2751,#2753,#3312,.F.);
#1935=EDGE_CURVE('',#2753,#2754,#3313,.T.);
#1936=EDGE_CURVE('',#2754,#2755,#3314,.T.);
#1937=EDGE_CURVE('',#2756,#2755,#3315,.T.);
#1938=EDGE_CURVE('',#2757,#2756,#3316,.T.);
#1939=EDGE_CURVE('',#2757,#2758,#3317,.T.);
#1940=EDGE_CURVE('',#2758,#2752,#3318,.T.);
#1941=EDGE_CURVE('',#2739,#2717,#93,.T.);
#1942=EDGE_CURVE('',#2677,#2759,#3319,.T.);
#1943=EDGE_CURVE('',#2759,#2760,#3320,.T.);
#1944=EDGE_CURVE('',#2760,#2761,#3321,.T.);
#1945=EDGE_CURVE('',#2740,#2761,#3322,.T.);
#1946=EDGE_CURVE('',#2747,#2762,#3323,.T.);
#1947=EDGE_CURVE('',#2762,#2751,#94,.F.);
#1948=EDGE_CURVE('',#2763,#2752,#3324,.T.);
#1949=EDGE_CURVE('',#2763,#2764,#3325,.T.);
#1950=EDGE_CURVE('',#2764,#2765,#3326,.T.);
#1951=EDGE_CURVE('',#2765,#2766,#3327,.T.);
#1952=EDGE_CURVE('',#2767,#2766,#3328,.T.);
#1953=EDGE_CURVE('',#2768,#2767,#3329,.T.);
#1954=EDGE_CURVE('',#2768,#2748,#3330,.T.);
#1955=EDGE_CURVE('',#2708,#2713,#3331,.T.);
#1956=EDGE_CURVE('',#2707,#2714,#3332,.T.);
#1957=EDGE_CURVE('',#2769,#2770,#3333,.T.);
#1958=EDGE_CURVE('',#2769,#2771,#3334,.F.);
#1959=EDGE_CURVE('',#2771,#2772,#3335,.T.);
#1960=EDGE_CURVE('',#2772,#2770,#3336,.F.);
#1961=EDGE_CURVE('',#2773,#2774,#3337,.T.);
#1962=EDGE_CURVE('',#2775,#2773,#3338,.T.);
#1963=EDGE_CURVE('',#2775,#2776,#3339,.T.);
#1964=EDGE_CURVE('',#2774,#2776,#3340,.T.);
#1965=EDGE_CURVE('',#2777,#2778,#3341,.T.);
#1966=EDGE_CURVE('',#2778,#2779,#3342,.F.);
#1967=EDGE_CURVE('',#2780,#2779,#3343,.T.);
#1968=EDGE_CURVE('',#2780,#2777,#3344,.F.);
#1969=EDGE_CURVE('',#2728,#2769,#95,.T.);
#1970=EDGE_CURVE('',#2770,#2705,#96,.T.);
#1971=EDGE_CURVE('',#2781,#2667,#3345,.T.);
#1972=EDGE_CURVE('',#2782,#2781,#3346,.T.);
#1973=EDGE_CURVE('',#2782,#2682,#3347,.T.);
#1974=EDGE_CURVE('',#2779,#2783,#97,.F.);
#1975=EDGE_CURVE('',#2783,#2776,#3348,.T.);
#1976=EDGE_CURVE('',#2784,#2775,#3349,.T.);
#1977=EDGE_CURVE('',#2785,#2784,#3350,.T.);
#1978=EDGE_CURVE('',#2785,#2732,#3351,.T.);
#1979=EDGE_CURVE('',#2731,#2786,#3352,.T.);
#1980=EDGE_CURVE('',#2786,#2780,#98,.F.);
#1981=EDGE_CURVE('',#2696,#2701,#3353,.T.);
#1982=EDGE_CURVE('',#2695,#2702,#3354,.T.);
#1983=EDGE_CURVE('',#2787,#2788,#3355,.T.);
#1984=EDGE_CURVE('',#2787,#2789,#3356,.F.);
#1985=EDGE_CURVE('',#2789,#2790,#3357,.T.);
#1986=EDGE_CURVE('',#2790,#2788,#3358,.F.);
#1987=EDGE_CURVE('',#2791,#2792,#3359,.T.);
#1988=EDGE_CURVE('',#2793,#2791,#3360,.T.);
#1989=EDGE_CURVE('',#2793,#2794,#3361,.T.);
#1990=EDGE_CURVE('',#2792,#2794,#3362,.T.);
#1991=EDGE_CURVE('',#2795,#2796,#3363,.T.);
#1992=EDGE_CURVE('',#2796,#2797,#3364,.F.);
#1993=EDGE_CURVE('',#2798,#2797,#3365,.T.);
#1994=EDGE_CURVE('',#2798,#2795,#3366,.F.);
#1995=EDGE_CURVE('',#2716,#2787,#99,.T.);
#1996=EDGE_CURVE('',#2788,#2693,#100,.T.);
#1997=EDGE_CURVE('',#2799,#2671,#3367,.T.);
#1998=EDGE_CURVE('',#2800,#2799,#3368,.T.);
#1999=EDGE_CURVE('',#2800,#2686,#3369,.T.);
#2000=EDGE_CURVE('',#2797,#2801,#101,.F.);
#2001=EDGE_CURVE('',#2801,#2794,#3370,.T.);
#2002=EDGE_CURVE('',#2802,#2793,#3371,.T.);
#2003=EDGE_CURVE('',#2803,#2802,#3372,.T.);
#2004=EDGE_CURVE('',#2803,#2736,#3373,.T.);
#2005=EDGE_CURVE('',#2735,#2804,#3374,.T.);
#2006=EDGE_CURVE('',#2804,#2798,#102,.F.);
#2007=EDGE_CURVE('',#2805,#2806,#3375,.T.);
#2008=EDGE_CURVE('',#2807,#2805,#3376,.T.);
#2009=EDGE_CURVE('',#2807,#2808,#3377,.T.);
#2010=EDGE_CURVE('',#2808,#2806,#3378,.T.);
#2011=EDGE_CURVE('',#2809,#2810,#3379,.T.);
#2012=EDGE_CURVE('',#2810,#2744,#3380,.T.);
#2013=EDGE_CURVE('',#2743,#2811,#3381,.T.);
#2014=EDGE_CURVE('',#2811,#2812,#3382,.T.);
#2015=EDGE_CURVE('',#2813,#2812,#3383,.T.);
#2016=EDGE_CURVE('',#2814,#2813,#3384,.T.);
#2017=EDGE_CURVE('',#2814,#2809,#3385,.T.);
#2018=EDGE_CURVE('',#2815,#2816,#3386,.T.);
#2019=EDGE_CURVE('',#2815,#2817,#3387,.F.);
#2020=EDGE_CURVE('',#2817,#2818,#3388,.T.);
#2021=EDGE_CURVE('',#2818,#2814,#3389,.T.);
#2022=EDGE_CURVE('',#2819,#2813,#3390,.T.);
#2023=EDGE_CURVE('',#2820,#2819,#3391,.T.);
#2024=EDGE_CURVE('',#2816,#2820,#3392,.T.);
#2025=EDGE_CURVE('',#2821,#2822,#3393,.T.);
#2026=EDGE_CURVE('',#2821,#2823,#3394,.T.);
#2027=EDGE_CURVE('',#2823,#2824,#103,.T.);
#2028=EDGE_CURVE('',#2825,#2824,#3395,.T.);
#2029=EDGE_CURVE('',#2822,#2825,#3396,.T.);
#2030=EDGE_CURVE('',#2826,#2827,#3397,.T.);
#2031=EDGE_CURVE('',#2828,#2827,#3398,.T.);
#2032=EDGE_CURVE('',#2829,#2828,#3399,.T.);
#2033=EDGE_CURVE('',#2826,#2829,#3400,.T.);
#2034=EDGE_CURVE('',#2830,#2831,#3401,.T.);
#2035=EDGE_CURVE('',#2831,#2832,#3402,.T.);
#2036=EDGE_CURVE('',#2832,#2833,#3403,.T.);
#2037=EDGE_CURVE('',#2833,#2834,#3404,.T.);
#2038=EDGE_CURVE('',#2834,#2835,#3405,.T.);
#2039=EDGE_CURVE('',#2835,#2836,#3406,.T.);
#2040=EDGE_CURVE('',#2836,#2837,#3407,.T.);
#2041=EDGE_CURVE('',#2837,#2838,#3408,.T.);
#2042=EDGE_CURVE('',#2838,#2839,#3409,.T.);
#2043=EDGE_CURVE('',#2839,#2840,#3410,.T.);
#2044=EDGE_CURVE('',#2840,#2841,#3411,.T.);
#2045=EDGE_CURVE('',#2841,#2816,#3412,.T.);
#2046=EDGE_CURVE('',#2842,#2820,#3413,.T.);
#2047=EDGE_CURVE('',#2842,#2843,#3414,.T.);
#2048=EDGE_CURVE('',#2843,#2844,#3415,.T.);
#2049=EDGE_CURVE('',#2844,#2845,#3416,.T.);
#2050=EDGE_CURVE('',#2846,#2845,#3417,.T.);
#2051=EDGE_CURVE('',#2846,#2847,#3418,.T.);
#2052=EDGE_CURVE('',#2847,#2848,#3419,.T.);
#2053=EDGE_CURVE('',#2848,#2849,#3420,.T.);
#2054=EDGE_CURVE('',#2849,#2850,#3421,.T.);
#2055=EDGE_CURVE('',#2850,#2851,#3422,.T.);
#2056=EDGE_CURVE('',#2851,#2829,#3423,.T.);
#2057=EDGE_CURVE('',#2830,#2828,#3424,.T.);
#2058=EDGE_CURVE('',#2852,#2853,#3425,.T.);
#2059=EDGE_CURVE('',#2852,#2854,#3426,.T.);
#2060=EDGE_CURVE('',#2854,#2855,#3427,.T.);
#2061=EDGE_CURVE('',#2855,#2856,#3428,.T.);
#2062=EDGE_CURVE('',#2856,#2857,#3429,.T.);
#2063=EDGE_CURVE('',#2853,#2857,#3430,.T.);
#2064=EDGE_CURVE('',#2858,#2859,#3431,.T.);
#2065=EDGE_CURVE('',#2858,#2860,#3432,.T.);
#2066=EDGE_CURVE('',#2861,#2860,#3433,.T.);
#2067=EDGE_CURVE('',#2827,#2861,#3434,.T.);
#2068=EDGE_CURVE('',#2862,#2826,#3435,.T.);
#2069=EDGE_CURVE('',#2863,#2862,#3436,.T.);
#2070=EDGE_CURVE('',#2864,#2863,#3437,.T.);
#2071=EDGE_CURVE('',#2865,#2864,#3438,.T.);
#2072=EDGE_CURVE('',#2865,#2866,#3439,.T.);
#2073=EDGE_CURVE('',#2866,#2867,#3440,.T.);
#2074=EDGE_CURVE('',#2868,#2867,#3441,.T.);
#2075=EDGE_CURVE('',#2868,#2869,#3442,.T.);
#2076=EDGE_CURVE('',#2869,#2870,#3443,.T.);
#2077=EDGE_CURVE('',#2870,#2871,#3444,.T.);
#2078=EDGE_CURVE('',#2872,#2871,#3445,.T.);
#2079=EDGE_CURVE('',#2873,#2872,#3446,.T.);
#2080=EDGE_CURVE('',#2874,#2873,#3447,.T.);
#2081=EDGE_CURVE('',#2875,#2874,#3448,.T.);
#2082=EDGE_CURVE('',#2876,#2875,#3449,.T.);
#2083=EDGE_CURVE('',#2877,#2876,#3450,.T.);
#2084=EDGE_CURVE('',#2878,#2877,#3451,.T.);
#2085=EDGE_CURVE('',#2879,#2878,#3452,.T.);
#2086=EDGE_CURVE('',#2859,#2879,#3453,.T.);
#2087=EDGE_CURVE('',#2880,#2881,#3454,.T.);
#2088=EDGE_CURVE('',#2881,#2842,#3455,.F.);
#2089=EDGE_CURVE('',#2880,#2819,#3456,.T.);
#2090=EDGE_CURVE('',#2882,#2883,#104,.T.);
#2091=EDGE_CURVE('',#2883,#2884,#3457,.T.);
#2092=EDGE_CURVE('',#2885,#2884,#3458,.T.);
#2093=EDGE_CURVE('',#2886,#2885,#3459,.T.);
#2094=EDGE_CURVE('',#2882,#2886,#3460,.T.);
#2095=EDGE_CURVE('',#2887,#2888,#3461,.T.);
#2096=EDGE_CURVE('',#2889,#2887,#3462,.T.);
#2097=EDGE_CURVE('',#2889,#2890,#3463,.T.);
#2098=EDGE_CURVE('',#2890,#2888,#3464,.T.);
#2099=EDGE_CURVE('',#2891,#2892,#3465,.T.);
#2100=EDGE_CURVE('',#2892,#2893,#3466,.T.);
#2101=EDGE_CURVE('',#2894,#2893,#3467,.T.);
#2102=EDGE_CURVE('',#2887,#2894,#3468,.T.);
#2103=EDGE_CURVE('',#2888,#2895,#3469,.T.);
#2104=EDGE_CURVE('',#2895,#2896,#3470,.T.);
#2105=EDGE_CURVE('',#2896,#2897,#3471,.T.);
#2106=EDGE_CURVE('',#2897,#2766,#3472,.T.);
#2107=EDGE_CURVE('',#2765,#2898,#3473,.T.);
#2108=EDGE_CURVE('',#2898,#2899,#3474,.T.);
#2109=EDGE_CURVE('',#2899,#2900,#3475,.T.);
#2110=EDGE_CURVE('',#2901,#2900,#3476,.T.);
#2111=EDGE_CURVE('',#2901,#2902,#3477,.T.);
#2112=EDGE_CURVE('',#2902,#2741,#3478,.T.);
#2113=EDGE_CURVE('',#2761,#2903,#3479,.T.);
#2114=EDGE_CURVE('',#2903,#2904,#3480,.T.);
#2115=EDGE_CURVE('',#2904,#2905,#3481,.T.);
#2116=EDGE_CURVE('',#2905,#2906,#3482,.T.);
#2117=EDGE_CURVE('',#2906,#2907,#3483,.T.);
#2118=EDGE_CURVE('',#2907,#2908,#3484,.T.);
#2119=EDGE_CURVE('',#2908,#2909,#3485,.T.);
#2120=EDGE_CURVE('',#2909,#2891,#3486,.T.);
#2121=EDGE_CURVE('',#2910,#2911,#3487,.T.);
#2122=EDGE_CURVE('',#2911,#2912,#3488,.T.);
#2123=EDGE_CURVE('',#2913,#2912,#3489,.T.);
#2124=EDGE_CURVE('',#2914,#2913,#3490,.T.);
#2125=EDGE_CURVE('',#2915,#2914,#3491,.T.);
#2126=EDGE_CURVE('',#2916,#2915,#3492,.T.);
#2127=EDGE_CURVE('',#2917,#2916,#3493,.T.);
#2128=EDGE_CURVE('',#2918,#2917,#3494,.T.);
#2129=EDGE_CURVE('',#2919,#2918,#3495,.T.);
#2130=EDGE_CURVE('',#2920,#2919,#3496,.T.);
#2131=EDGE_CURVE('',#2760,#2920,#3497,.T.);
#2132=EDGE_CURVE('',#2759,#2921,#3498,.T.);
#2133=EDGE_CURVE('',#2922,#2921,#3499,.T.);
#2134=EDGE_CURVE('',#2922,#2923,#3500,.T.);
#2135=EDGE_CURVE('',#2923,#2924,#3501,.T.);
#2136=EDGE_CURVE('',#2924,#2768,#3502,.T.);
#2137=EDGE_CURVE('',#2925,#2767,#3503,.T.);
#2138=EDGE_CURVE('',#2926,#2925,#3504,.T.);
#2139=EDGE_CURVE('',#2927,#2926,#3505,.T.);
#2140=EDGE_CURVE('',#2890,#2927,#3506,.T.);
#2141=EDGE_CURVE('',#2910,#2889,#3507,.T.);
#2142=EDGE_CURVE('',#2902,#2928,#3508,.T.);
#2143=EDGE_CURVE('',#2928,#2929,#3509,.T.);
#2144=EDGE_CURVE('',#2929,#2742,#3510,.T.);
#2145=EDGE_CURVE('',#2930,#2931,#3511,.T.);
#2146=EDGE_CURVE('',#2931,#2932,#3512,.F.);
#2147=EDGE_CURVE('',#2933,#2932,#3513,.T.);
#2148=EDGE_CURVE('',#2934,#2933,#3514,.T.);
#2149=EDGE_CURVE('',#2934,#2935,#3515,.T.);
#2150=EDGE_CURVE('',#2935,#2936,#3516,.T.);
#2151=EDGE_CURVE('',#2937,#2936,#3517,.T.);
#2152=EDGE_CURVE('',#2930,#2937,#3518,.T.);
#2153=EDGE_CURVE('',#2938,#2939,#3519,.T.);
#2154=EDGE_CURVE('',#2939,#2940,#3520,.T.);
#2155=EDGE_CURVE('',#2941,#2940,#3521,.T.);
#2156=EDGE_CURVE('',#2941,#2942,#3522,.T.);
#2157=EDGE_CURVE('',#2942,#2943,#3523,.T.);
#2158=EDGE_CURVE('',#2943,#2756,#3524,.T.);
#2159=EDGE_CURVE('',#2755,#2944,#3525,.T.);
#2160=EDGE_CURVE('',#2944,#2945,#3526,.T.);
#2161=EDGE_CURVE('',#2945,#2946,#3527,.T.);
#2162=EDGE_CURVE('',#2946,#2947,#3528,.T.);
#2163=EDGE_CURVE('',#2947,#2948,#3529,.T.);
#2164=EDGE_CURVE('',#2948,#2949,#3530,.T.);
#2165=EDGE_CURVE('',#2949,#2950,#3531,.T.);
#2166=EDGE_CURVE('',#2950,#2951,#3532,.T.);
#2167=EDGE_CURVE('',#2951,#2952,#3533,.T.);
#2168=EDGE_CURVE('',#2952,#2953,#3534,.T.);
#2169=EDGE_CURVE('',#2953,#2937,#3535,.T.);
#2170=EDGE_CURVE('',#2936,#2954,#3536,.T.);
#2171=EDGE_CURVE('',#2954,#2955,#3537,.T.);
#2172=EDGE_CURVE('',#2956,#2955,#3538,.T.);
#2173=EDGE_CURVE('',#2957,#2956,#3539,.T.);
#2174=EDGE_CURVE('',#2957,#2958,#3540,.T.);
#2175=EDGE_CURVE('',#2958,#2959,#3541,.T.);
#2176=EDGE_CURVE('',#2959,#2960,#3542,.T.);
#2177=EDGE_CURVE('',#2961,#2960,#3543,.T.);
#2178=EDGE_CURVE('',#2961,#2938,#3544,.T.);
#2179=EDGE_CURVE('',#2962,#2963,#3545,.T.);
#2180=EDGE_CURVE('',#2962,#2964,#3546,.F.);
#2181=EDGE_CURVE('',#2965,#2964,#3547,.T.);
#2182=EDGE_CURVE('',#2966,#2965,#3548,.T.);
#2183=EDGE_CURVE('',#2963,#2966,#3549,.T.);
#2184=EDGE_CURVE('',#2967,#2968,#3550,.T.);
#2185=EDGE_CURVE('',#2967,#2969,#3551,.F.);
#2186=EDGE_CURVE('',#2970,#2969,#3552,.T.);
#2187=EDGE_CURVE('',#2971,#2970,#3553,.T.);
#2188=EDGE_CURVE('',#2968,#2971,#3554,.T.);
#2189=EDGE_CURVE('',#2972,#2973,#3555,.T.);
#2190=EDGE_CURVE('',#2974,#2972,#3556,.T.);
#2191=EDGE_CURVE('',#2974,#2975,#3557,.F.);
#2192=EDGE_CURVE('',#2976,#2975,#3558,.T.);
#2193=EDGE_CURVE('',#2973,#2976,#3559,.T.);
#2194=EDGE_CURVE('',#2977,#2978,#3560,.T.);
#2195=EDGE_CURVE('',#2979,#2977,#3561,.T.);
#2196=EDGE_CURVE('',#2979,#2980,#3562,.F.);
#2197=EDGE_CURVE('',#2981,#2980,#3563,.T.);
#2198=EDGE_CURVE('',#2978,#2981,#3564,.T.);
#2199=EDGE_CURVE('',#2982,#2983,#3565,.T.);
#2200=EDGE_CURVE('',#2984,#2982,#3566,.T.);
#2201=EDGE_CURVE('',#2985,#2984,#3567,.T.);
#2202=EDGE_CURVE('',#2986,#2985,#3568,.T.);
#2203=EDGE_CURVE('',#2986,#2983,#3569,.F.);
#2204=EDGE_CURVE('',#2987,#2988,#3570,.T.);
#2205=EDGE_CURVE('',#2989,#2987,#3571,.T.);
#2206=EDGE_CURVE('',#2989,#2990,#3572,.F.);
#2207=EDGE_CURVE('',#2991,#2990,#3573,.T.);
#2208=EDGE_CURVE('',#2988,#2991,#3574,.T.);
#2209=EDGE_CURVE('',#2876,#2837,#3575,.T.);
#2210=EDGE_CURVE('',#2877,#2836,#3576,.T.);
#2211=EDGE_CURVE('',#2940,#2892,#3577,.F.);
#2212=EDGE_CURVE('',#2913,#2891,#3578,.T.);
#2213=EDGE_CURVE('',#2912,#2961,#3579,.T.);
#2214=EDGE_CURVE('',#2960,#2858,#3580,.T.);
#2215=EDGE_CURVE('',#2859,#2833,#3581,.T.);
#2216=EDGE_CURVE('',#2832,#2957,#3582,.T.);
#2217=EDGE_CURVE('',#2812,#2956,#3583,.T.);
#2218=EDGE_CURVE('',#2811,#2941,#3584,.T.);
#2219=EDGE_CURVE('',#2916,#2907,#3585,.T.);
#2220=EDGE_CURVE('',#2917,#2906,#3586,.T.);
#2221=EDGE_CURVE('',#2929,#2763,#3587,.T.);
#2222=EDGE_CURVE('',#2758,#2992,#3588,.T.);
#2223=EDGE_CURVE('',#2992,#2942,#3589,.T.);
#2224=EDGE_CURVE('',#2993,#2933,#3590,.T.);
#2225=EDGE_CURVE('',#2993,#2880,#3591,.T.);
#2226=EDGE_CURVE('',#2994,#2955,#3592,.T.);
#2227=EDGE_CURVE('',#2994,#2934,#3593,.T.);
#2228=EDGE_CURVE('',#2995,#2945,#3594,.T.);
#2229=EDGE_CURVE('',#2995,#2882,#3595,.T.);
#2230=EDGE_CURVE('',#2886,#2946,#3596,.T.);
#2231=EDGE_CURVE('',#2885,#2947,#3597,.T.);
#2232=EDGE_CURVE('',#2996,#2997,#3598,.T.);
#2233=EDGE_CURVE('',#2996,#2998,#105,.T.);
#2234=EDGE_CURVE('',#2998,#2999,#3599,.F.);
#2235=EDGE_CURVE('',#2999,#3000,#3600,.T.);
#2236=EDGE_CURVE('',#3000,#3001,#3601,.T.);
#2237=EDGE_CURVE('',#3001,#2948,#3602,.T.);
#2238=EDGE_CURVE('',#3002,#2884,#3603,.T.);
#2239=EDGE_CURVE('',#3002,#3003,#3604,.F.);
#2240=EDGE_CURVE('',#3003,#2997,#106,.T.);
#2241=EDGE_CURVE('',#3004,#2944,#3605,.T.);
#2242=EDGE_CURVE('',#3004,#3005,#3606,.T.);
#2243=EDGE_CURVE('',#3005,#2953,#3607,.T.);
#2244=EDGE_CURVE('',#3006,#2952,#3608,.T.);
#2245=EDGE_CURVE('',#3006,#3007,#3609,.T.);
#2246=EDGE_CURVE('',#3007,#2949,#3610,.T.);
#2247=EDGE_CURVE('',#3001,#2995,#3611,.T.);
#2248=EDGE_CURVE('',#3000,#3008,#3612,.T.);
#2249=EDGE_CURVE('',#3008,#2882,#107,.T.);
#2250=EDGE_CURVE('',#2992,#3009,#3613,.T.);
#2251=EDGE_CURVE('',#3009,#2943,#3614,.T.);
#2252=EDGE_CURVE('',#3009,#2757,#3615,.T.);
#2253=EDGE_CURVE('',#2927,#2895,#3616,.T.);
#2254=EDGE_CURVE('',#2926,#2896,#3617,.T.);
#2255=EDGE_CURVE('',#2925,#2897,#3618,.T.);
#2256=EDGE_CURVE('',#2704,#2815,#108,.T.);
#2257=EDGE_CURVE('',#2872,#2841,#3619,.T.);
#2258=EDGE_CURVE('',#2871,#2690,#3620,.T.);
#2259=EDGE_CURVE('',#2920,#2903,#3621,.T.);
#2260=EDGE_CURVE('',#2919,#2904,#3622,.T.);
#2261=EDGE_CURVE('',#2918,#2905,#3623,.T.);
#2262=EDGE_CURVE('',#2915,#2908,#3624,.T.);
#2263=EDGE_CURVE('',#2914,#2909,#3625,.T.);
#2264=EDGE_CURVE('',#2932,#3010,#109,.F.);
#2265=EDGE_CURVE('',#3010,#2857,#3626,.T.);
#2266=EDGE_CURVE('',#2856,#2866,#3627,.T.);
#2267=EDGE_CURVE('',#2848,#2865,#3628,.T.);
#2268=EDGE_CURVE('',#2847,#3011,#3629,.F.);
#2269=EDGE_CURVE('',#3011,#2993,#3630,.T.);
#2270=EDGE_CURVE('',#2754,#3004,#3631,.T.);
#2271=EDGE_CURVE('',#3005,#2930,#3632,.T.);
#2272=EDGE_CURVE('',#3012,#3013,#3633,.T.);
#2273=EDGE_CURVE('',#3013,#2778,#110,.F.);
#2274=EDGE_CURVE('',#2777,#3014,#111,.F.);
#2275=EDGE_CURVE('',#3015,#3014,#3634,.T.);
#2276=EDGE_CURVE('',#3016,#3015,#3635,.T.);
#2277=EDGE_CURVE('',#3016,#3017,#3636,.T.);
#2278=EDGE_CURVE('',#3017,#2796,#112,.F.);
#2279=EDGE_CURVE('',#2795,#3018,#113,.F.);
#2280=EDGE_CURVE('',#3019,#3018,#3637,.T.);
#2281=EDGE_CURVE('',#3020,#3019,#3638,.T.);
#2282=EDGE_CURVE('',#3020,#3021,#3639,.T.);
#2283=EDGE_CURVE('',#3021,#2931,#114,.F.);
#2284=EDGE_CURVE('',#2753,#3022,#115,.F.);
#2285=EDGE_CURVE('',#3023,#3022,#3640,.T.);
#2286=EDGE_CURVE('',#3012,#3023,#3641,.T.);
#2287=EDGE_CURVE('',#2928,#3024,#3642,.T.);
#2288=EDGE_CURVE('',#3024,#3025,#3643,.T.);
#2289=EDGE_CURVE('',#3025,#3026,#3644,.T.);
#2290=EDGE_CURVE('',#3026,#3027,#3645,.T.);
#2291=EDGE_CURVE('',#3027,#2764,#3646,.T.);
#2292=EDGE_CURVE('',#2749,#2924,#3647,.T.);
#2293=EDGE_CURVE('',#2923,#3028,#3648,.T.);
#2294=EDGE_CURVE('',#3028,#2750,#3649,.T.);
#2295=EDGE_CURVE('',#3029,#2673,#3650,.T.);
#2296=EDGE_CURVE('',#3029,#3030,#3651,.T.);
#2297=EDGE_CURVE('',#3030,#2746,#3652,.T.);
#2298=EDGE_CURVE('',#3028,#3031,#3653,.T.);
#2299=EDGE_CURVE('',#3031,#2675,#3654,.T.);
#2300=EDGE_CURVE('',#2921,#2676,#3655,.T.);
#2301=EDGE_CURVE('',#3031,#2922,#3656,.T.);
#2302=EDGE_CURVE('',#3024,#2901,#3657,.T.);
#2303=EDGE_CURVE('',#2900,#3032,#3658,.T.);
#2304=EDGE_CURVE('',#3025,#3032,#3659,.T.);
#2305=EDGE_CURVE('',#3032,#3033,#3660,.T.);
#2306=EDGE_CURVE('',#3026,#3033,#3661,.T.);
#2307=EDGE_CURVE('',#2898,#3027,#3662,.T.);
#2308=EDGE_CURVE('',#3033,#2899,#3663,.T.);
#2309=EDGE_CURVE('',#2893,#2911,#3664,.T.);
#2310=EDGE_CURVE('',#2894,#2910,#3665,.T.);
#2311=EDGE_CURVE('',#3034,#3035,#3666,.T.);
#2312=EDGE_CURVE('',#3034,#3002,#3667,.T.);
#2313=EDGE_CURVE('',#3036,#2883,#3668,.T.);
#2314=EDGE_CURVE('',#3036,#3035,#3669,.T.);
#2315=EDGE_CURVE('',#2999,#3037,#3670,.T.);
#2316=EDGE_CURVE('',#3037,#3038,#3671,.T.);
#2317=EDGE_CURVE('',#3038,#3039,#3672,.T.);
#2318=EDGE_CURVE('',#3039,#3008,#3673,.T.);
#2319=EDGE_CURVE('',#3039,#3036,#116,.T.);
#2320=EDGE_CURVE('',#3037,#3034,#117,.F.);
#2321=EDGE_CURVE('',#3035,#3038,#118,.T.);
#2322=EDGE_CURVE('',#2997,#3040,#3674,.F.);
#2323=EDGE_CURVE('',#3040,#3041,#119,.T.);
#2324=EDGE_CURVE('',#3041,#2996,#3675,.F.);
#2325=EDGE_CURVE('',#2998,#3042,#3676,.F.);
#2326=EDGE_CURVE('',#3042,#3037,#56,.T.);
#2327=EDGE_CURVE('',#3034,#3043,#57,.T.);
#2328=EDGE_CURVE('',#3043,#3003,#3677,.F.);
#2329=EDGE_CURVE('',#3043,#3044,#58,.T.);
#2330=EDGE_CURVE('',#3044,#3040,#59,.T.);
#2331=EDGE_CURVE('',#3041,#3045,#60,.F.);
#2332=EDGE_CURVE('',#3045,#3042,#61,.T.);
#2333=EDGE_CURVE('',#3045,#3044,#120,.F.);
#2334=EDGE_CURVE('',#2822,#2950,#3678,.T.);
#2335=EDGE_CURVE('',#2825,#2951,#3679,.T.);
#2336=EDGE_CURVE('',#2824,#3006,#3680,.T.);
#2337=EDGE_CURVE('',#3046,#3047,#3681,.F.);
#2338=EDGE_CURVE('',#3047,#3048,#121,.T.);
#2339=EDGE_CURVE('',#3049,#3048,#3682,.T.);
#2340=EDGE_CURVE('',#3049,#3050,#122,.T.);
#2341=EDGE_CURVE('',#3050,#3051,#3683,.F.);
#2342=EDGE_CURVE('',#3051,#2821,#3684,.T.);
#2343=EDGE_CURVE('',#3007,#3052,#3685,.T.);
#2344=EDGE_CURVE('',#3046,#3052,#3686,.T.);
#2345=EDGE_CURVE('',#2824,#3053,#123,.T.);
#2346=EDGE_CURVE('',#3053,#3052,#3687,.T.);
#2347=EDGE_CURVE('',#3054,#2954,#3688,.T.);
#2348=EDGE_CURVE('',#3054,#2994,#3689,.T.);
#2349=EDGE_CURVE('',#2935,#3054,#3690,.T.);
#2350=EDGE_CURVE('',#2864,#2849,#3691,.T.);
#2351=EDGE_CURVE('',#2879,#2834,#3692,.T.);
#2352=EDGE_CURVE('',#2878,#2835,#3693,.T.);
#2353=EDGE_CURVE('',#2875,#2838,#3694,.T.);
#2354=EDGE_CURVE('',#2874,#2839,#3695,.T.);
#2355=EDGE_CURVE('',#2873,#2840,#3696,.T.);
#2356=EDGE_CURVE('',#2863,#2850,#3697,.T.);
#2357=EDGE_CURVE('',#2862,#2851,#3698,.T.);
#2358=EDGE_CURVE('',#3055,#3056,#3699,.T.);
#2359=EDGE_CURVE('',#3056,#2881,#3700,.T.);
#2360=EDGE_CURVE('',#3011,#3057,#3701,.T.);
#2361=EDGE_CURVE('',#3057,#3058,#3702,.T.);
#2362=EDGE_CURVE('',#3058,#3055,#3703,.T.);
#2363=EDGE_CURVE('',#2867,#2855,#3704,.T.);
#2364=EDGE_CURVE('',#3059,#2854,#3705,.T.);
#2365=EDGE_CURVE('',#3059,#2868,#3706,.T.);
#2366=EDGE_CURVE('',#2691,#2870,#3707,.T.);
#2367=EDGE_CURVE('',#2869,#3060,#3708,.T.);
#2368=EDGE_CURVE('',#3060,#2692,#3709,.T.);
#2369=EDGE_CURVE('',#3061,#2852,#3710,.T.);
#2370=EDGE_CURVE('',#3061,#3062,#3711,.T.);
#2371=EDGE_CURVE('',#3062,#2688,#3712,.T.);
#2372=EDGE_CURVE('',#3060,#3059,#3713,.T.);
#2373=EDGE_CURVE('',#3058,#3063,#3714,.T.);
#2374=EDGE_CURVE('',#3063,#3064,#3715,.T.);
#2375=EDGE_CURVE('',#3055,#3064,#3716,.T.);
#2376=EDGE_CURVE('',#2843,#3056,#3717,.F.);
#2377=EDGE_CURVE('',#3064,#2844,#3718,.T.);
#2378=EDGE_CURVE('',#3057,#2846,#3719,.F.);
#2379=EDGE_CURVE('',#2845,#3063,#3720,.T.);
#2380=EDGE_CURVE('',#2860,#2831,#3721,.T.);
#2381=EDGE_CURVE('',#2861,#2830,#3722,.T.);
#2382=EDGE_CURVE('',#3051,#3065,#3723,.T.);
#2383=EDGE_CURVE('',#3065,#3066,#3724,.T.);
#2384=EDGE_CURVE('',#3066,#3067,#3725,.T.);
#2385=EDGE_CURVE('',#3067,#2823,#3726,.T.);
#2386=EDGE_CURVE('',#3067,#3068,#124,.T.);
#2387=EDGE_CURVE('',#3068,#3053,#3727,.T.);
#2388=EDGE_CURVE('',#3069,#3070,#3728,.T.);
#2389=EDGE_CURVE('',#3069,#3046,#3729,.T.);
#2390=EDGE_CURVE('',#3068,#3070,#3730,.T.);
#2391=EDGE_CURVE('',#3065,#3069,#125,.F.);
#2392=EDGE_CURVE('',#3070,#3066,#126,.T.);
#2393=EDGE_CURVE('',#3048,#3071,#3731,.F.);
#2394=EDGE_CURVE('',#3071,#3072,#127,.T.);
#2395=EDGE_CURVE('',#3072,#3049,#3732,.F.);
#2396=EDGE_CURVE('',#3069,#3073,#62,.T.);
#2397=EDGE_CURVE('',#3073,#3047,#3733,.F.);
#2398=EDGE_CURVE('',#3050,#3074,#3734,.F.);
#2399=EDGE_CURVE('',#3074,#3065,#63,.T.);
#2400=EDGE_CURVE('',#3072,#3075,#64,.F.);
#2401=EDGE_CURVE('',#3075,#3074,#65,.T.);
#2402=EDGE_CURVE('',#3073,#3076,#66,.T.);
#2403=EDGE_CURVE('',#3076,#3071,#67,.T.);
#2404=EDGE_CURVE('',#3075,#3076,#128,.F.);
#2405=EDGE_CURVE('',#2806,#3077,#3735,.T.);
#2406=EDGE_CURVE('',#3078,#3077,#3736,.T.);
#2407=EDGE_CURVE('',#2805,#3078,#3737,.T.);
#2408=EDGE_CURVE('',#3077,#3079,#3738,.T.);
#2409=EDGE_CURVE('',#3080,#3079,#3739,.T.);
#2410=EDGE_CURVE('',#3078,#3080,#3740,.T.);
#2411=EDGE_CURVE('',#3079,#2808,#129,.T.);
#2412=EDGE_CURVE('',#3080,#2807,#130,.T.);
#2413=EDGE_CURVE('',#3081,#2810,#3741,.T.);
#2414=EDGE_CURVE('',#3081,#2737,#3742,.T.);
#2415=EDGE_CURVE('',#2818,#3082,#3743,.T.);
#2416=EDGE_CURVE('',#3082,#2809,#3744,.T.);
#2417=EDGE_CURVE('',#3082,#3081,#3745,.T.);
#2418=EDGE_CURVE('',#2718,#2738,#131,.F.);
#2419=EDGE_CURVE('',#2817,#2703,#132,.F.);
#2420=EDGE_CURVE('',#2694,#2790,#133,.F.);
#2421=EDGE_CURVE('',#2789,#2715,#134,.F.);
#2422=EDGE_CURVE('',#2706,#2772,#135,.F.);
#2423=EDGE_CURVE('',#2771,#2727,#136,.F.);
#2424=EDGE_CURVE('',#2733,#2662,#3746,.T.);
#2425=EDGE_CURVE('',#2661,#3083,#3747,.T.);
#2426=EDGE_CURVE('',#3083,#3084,#3748,.T.);
#2427=EDGE_CURVE('',#3085,#3084,#3749,.T.);
#2428=EDGE_CURVE('',#3019,#3085,#3750,.T.);
#2429=EDGE_CURVE('',#3018,#2804,#3751,.T.);
#2430=EDGE_CURVE('',#2663,#2853,#3752,.T.);
#2431=EDGE_CURVE('',#3010,#3021,#3753,.T.);
#2432=EDGE_CURVE('',#3086,#3020,#3754,.T.);
#2433=EDGE_CURVE('',#3086,#3087,#3755,.T.);
#2434=EDGE_CURVE('',#3087,#3088,#3756,.T.);
#2435=EDGE_CURVE('',#2664,#3088,#3757,.T.);
#2436=EDGE_CURVE('',#3086,#3085,#3758,.T.);
#2437=EDGE_CURVE('',#3089,#2988,#3759,.T.);
#2438=EDGE_CURVE('',#3090,#3089,#3760,.T.);
#2439=EDGE_CURVE('',#3090,#2987,#3761,.T.);
#2440=EDGE_CURVE('',#3091,#2991,#3762,.T.);
#2441=EDGE_CURVE('',#3089,#3091,#3763,.T.);
#2442=EDGE_CURVE('',#2990,#3092,#3764,.T.);
#2443=EDGE_CURVE('',#3091,#3092,#3765,.T.);
#2444=EDGE_CURVE('',#3093,#3090,#3766,.T.);
#2445=EDGE_CURVE('',#3093,#2989,#3767,.T.);
#2446=EDGE_CURVE('',#3084,#3087,#3768,.T.);
#2447=EDGE_CURVE('',#3088,#3083,#3769,.T.);
#2448=EDGE_CURVE('',#3092,#3093,#3770,.F.);
#2449=EDGE_CURVE('',#2983,#3094,#3771,.T.);
#2450=EDGE_CURVE('',#3095,#3094,#3772,.T.);
#2451=EDGE_CURVE('',#3095,#2982,#3773,.T.);
#2452=EDGE_CURVE('',#3096,#3097,#3774,.T.);
#2453=EDGE_CURVE('',#3096,#2986,#3775,.T.);
#2454=EDGE_CURVE('',#3097,#2985,#3776,.T.);
#2455=EDGE_CURVE('',#3098,#2984,#3777,.T.);
#2456=EDGE_CURVE('',#3097,#3098,#3778,.T.);
#2457=EDGE_CURVE('',#3098,#3095,#3779,.T.);
#2458=EDGE_CURVE('',#2698,#2699,#3780,.T.);
#2459=EDGE_CURVE('',#2700,#2697,#3781,.T.);
#2460=EDGE_CURVE('',#3094,#3096,#3782,.F.);
#2461=EDGE_CURVE('',#2729,#2654,#3783,.T.);
#2462=EDGE_CURVE('',#2653,#3099,#3784,.T.);
#2463=EDGE_CURVE('',#3099,#3100,#3785,.T.);
#2464=EDGE_CURVE('',#3101,#3100,#3786,.T.);
#2465=EDGE_CURVE('',#3015,#3101,#3787,.T.);
#2466=EDGE_CURVE('',#3014,#2786,#3788,.T.);
#2467=EDGE_CURVE('',#2655,#2792,#3789,.T.);
#2468=EDGE_CURVE('',#2801,#3017,#3790,.T.);
#2469=EDGE_CURVE('',#3102,#3016,#3791,.T.);
#2470=EDGE_CURVE('',#3102,#3103,#3792,.T.);
#2471=EDGE_CURVE('',#3103,#3104,#3793,.T.);
#2472=EDGE_CURVE('',#2656,#3104,#3794,.T.);
#2473=EDGE_CURVE('',#3102,#3101,#3795,.T.);
#2474=EDGE_CURVE('',#3105,#2978,#3796,.T.);
#2475=EDGE_CURVE('',#3106,#3105,#3797,.T.);
#2476=EDGE_CURVE('',#3106,#2977,#3798,.T.);
#2477=EDGE_CURVE('',#3107,#2981,#3799,.T.);
#2478=EDGE_CURVE('',#3105,#3107,#3800,.T.);
#2479=EDGE_CURVE('',#2980,#3108,#3801,.T.);
#2480=EDGE_CURVE('',#3107,#3108,#3802,.T.);
#2481=EDGE_CURVE('',#3109,#3106,#3803,.T.);
#2482=EDGE_CURVE('',#3109,#2979,#3804,.T.);
#2483=EDGE_CURVE('',#3100,#3103,#3805,.T.);
#2484=EDGE_CURVE('',#3104,#3099,#3806,.T.);
#2485=EDGE_CURVE('',#3108,#3109,#3807,.F.);
#2486=EDGE_CURVE('',#2745,#2646,#3808,.T.);
#2487=EDGE_CURVE('',#2645,#3110,#3809,.T.);
#2488=EDGE_CURVE('',#3110,#3111,#3810,.T.);
#2489=EDGE_CURVE('',#3112,#3111,#3811,.T.);
#2490=EDGE_CURVE('',#3023,#3112,#3812,.T.);
#2491=EDGE_CURVE('',#3022,#2762,#3813,.T.);
#2492=EDGE_CURVE('',#2647,#2774,#3814,.T.);
#2493=EDGE_CURVE('',#2783,#3013,#3815,.T.);
#2494=EDGE_CURVE('',#3113,#3012,#3816,.T.);
#2495=EDGE_CURVE('',#3113,#3114,#3817,.T.);
#2496=EDGE_CURVE('',#3114,#3115,#3818,.T.);
#2497=EDGE_CURVE('',#2648,#3115,#3819,.T.);
#2498=EDGE_CURVE('',#3113,#3112,#3820,.T.);
#2499=EDGE_CURVE('',#3116,#2973,#3821,.T.);
#2500=EDGE_CURVE('',#3117,#3116,#3822,.T.);
#2501=EDGE_CURVE('',#3117,#2972,#3823,.T.);
#2502=EDGE_CURVE('',#3118,#2976,#3824,.T.);
#2503=EDGE_CURVE('',#3116,#3118,#3825,.T.);
#2504=EDGE_CURVE('',#2975,#3119,#3826,.T.);
#2505=EDGE_CURVE('',#3118,#3119,#3827,.T.);
#2506=EDGE_CURVE('',#3120,#3117,#3828,.T.);
#2507=EDGE_CURVE('',#3120,#2974,#3829,.T.);
#2508=EDGE_CURVE('',#3111,#3114,#3830,.T.);
#2509=EDGE_CURVE('',#3115,#3110,#3831,.T.);
#2510=EDGE_CURVE('',#3119,#3120,#3832,.F.);
#2511=EDGE_CURVE('',#3121,#3122,#3833,.T.);
#2512=EDGE_CURVE('',#3121,#2967,#3834,.T.);
#2513=EDGE_CURVE('',#3122,#2968,#3835,.T.);
#2514=EDGE_CURVE('',#3123,#2971,#3836,.T.);
#2515=EDGE_CURVE('',#3122,#3123,#3837,.T.);
#2516=EDGE_CURVE('',#3124,#2970,#3838,.T.);
#2517=EDGE_CURVE('',#3123,#3124,#3839,.T.);
#2518=EDGE_CURVE('',#2969,#3125,#3840,.T.);
#2519=EDGE_CURVE('',#3124,#3125,#3841,.T.);
#2520=EDGE_CURVE('',#2710,#2711,#3842,.T.);
#2521=EDGE_CURVE('',#2712,#2709,#3843,.T.);
#2522=EDGE_CURVE('',#3125,#3121,#3844,.F.);
#2523=EDGE_CURVE('',#3126,#3127,#3845,.T.);
#2524=EDGE_CURVE('',#3126,#2962,#3846,.T.);
#2525=EDGE_CURVE('',#3127,#2963,#3847,.T.);
#2526=EDGE_CURVE('',#3128,#2966,#3848,.T.);
#2527=EDGE_CURVE('',#3127,#3128,#3849,.T.);
#2528=EDGE_CURVE('',#3129,#2965,#3850,.T.);
#2529=EDGE_CURVE('',#3128,#3129,#3851,.T.);
#2530=EDGE_CURVE('',#2964,#3130,#3852,.T.);
#2531=EDGE_CURVE('',#3129,#3130,#3853,.T.);
#2532=EDGE_CURVE('',#2722,#2723,#3854,.T.);
#2533=EDGE_CURVE('',#2724,#2721,#3855,.T.);
#2534=EDGE_CURVE('',#3130,#3126,#3856,.F.);
#2535=EDGE_CURVE('',#2669,#3131,#3857,.T.);
#2536=EDGE_CURVE('',#3131,#3132,#3858,.T.);
#2537=EDGE_CURVE('',#3132,#2734,#3859,.T.);
#2538=EDGE_CURVE('',#2799,#2803,#3860,.T.);
#2539=EDGE_CURVE('',#3133,#3134,#3861,.T.);
#2540=EDGE_CURVE('',#3134,#2684,#3862,.T.);
#2541=EDGE_CURVE('',#2802,#2800,#3863,.T.);
#2542=EDGE_CURVE('',#2791,#3133,#3864,.T.);
#2543=EDGE_CURVE('',#2665,#3135,#3865,.T.);
#2544=EDGE_CURVE('',#3135,#3136,#3866,.T.);
#2545=EDGE_CURVE('',#3136,#2730,#3867,.T.);
#2546=EDGE_CURVE('',#2781,#2785,#3868,.T.);
#2547=EDGE_CURVE('',#3137,#3138,#3869,.T.);
#2548=EDGE_CURVE('',#3138,#2680,#3870,.T.);
#2549=EDGE_CURVE('',#2784,#2782,#3871,.T.);
#2550=EDGE_CURVE('',#2773,#3137,#3872,.T.);
#2551=EDGE_CURVE('',#3062,#3029,#3873,.T.);
#2552=EDGE_CURVE('',#3135,#3138,#3874,.T.);
#2553=EDGE_CURVE('',#3131,#3134,#3875,.T.);
#2554=EDGE_CURVE('',#3133,#3132,#3876,.T.);
#2555=EDGE_CURVE('',#3137,#3136,#3877,.T.);
#2556=EDGE_CURVE('',#3030,#3061,#3878,.T.);
#2557=EDGE_CURVE('',#2938,#2911,#3879,.T.);
#2558=EDGE_CURVE('',#2939,#2893,#3880,.T.);
#2559=EDGE_CURVE('',#2860,#2959,#3881,.F.);
#2560=EDGE_CURVE('',#2831,#2958,#3882,.F.);
#2561=EDGE_CURVE('',#3139,#3140,#3883,.T.);
#2562=EDGE_CURVE('',#3140,#3141,#3884,.T.);
#2563=EDGE_CURVE('',#3141,#3142,#3885,.T.);
#2564=EDGE_CURVE('',#3142,#3139,#3886,.T.);
#2565=EDGE_CURVE('',#3143,#3144,#3887,.T.);
#2566=EDGE_CURVE('',#3143,#3145,#3888,.T.);
#2567=EDGE_CURVE('',#3145,#3146,#3889,.T.);
#2568=EDGE_CURVE('',#3144,#3146,#3890,.T.);
#2569=EDGE_CURVE('',#3146,#3147,#137,.T.);
#2570=EDGE_CURVE('',#3148,#3147,#3891,.T.);
#2571=EDGE_CURVE('',#3144,#3148,#138,.T.);
#2572=EDGE_CURVE('',#3147,#3149,#3892,.T.);
#2573=EDGE_CURVE('',#3149,#3150,#3893,.T.);
#2574=EDGE_CURVE('',#3148,#3150,#3894,.T.);
#2575=EDGE_CURVE('',#3151,#3152,#3895,.T.);
#2576=EDGE_CURVE('',#3152,#3153,#3896,.T.);
#2577=EDGE_CURVE('',#3153,#3154,#3897,.T.);
#2578=EDGE_CURVE('',#3154,#3151,#3898,.T.);
#2579=EDGE_CURVE('',#3155,#3156,#3899,.T.);
#2580=EDGE_CURVE('',#3155,#3157,#3900,.T.);
#2581=EDGE_CURVE('',#3157,#3158,#3901,.T.);
#2582=EDGE_CURVE('',#3156,#3158,#3902,.T.);
#2583=EDGE_CURVE('',#3158,#3159,#139,.T.);
#2584=EDGE_CURVE('',#3160,#3159,#3903,.T.);
#2585=EDGE_CURVE('',#3156,#3160,#140,.T.);
#2586=EDGE_CURVE('',#3159,#3161,#3904,.T.);
#2587=EDGE_CURVE('',#3161,#3162,#3905,.T.);
#2588=EDGE_CURVE('',#3160,#3162,#3906,.T.);
#2589=EDGE_CURVE('',#3162,#3143,#3907,.T.);
#2590=EDGE_CURVE('',#3150,#3155,#3908,.T.);
#2591=EDGE_CURVE('',#3145,#3161,#3909,.T.);
#2592=EDGE_CURVE('',#3157,#3149,#3910,.T.);
#2593=EDGE_CURVE('',#3143,#3142,#3911,.T.);
#2594=EDGE_CURVE('',#3139,#3162,#3912,.F.);
#2595=EDGE_CURVE('',#3140,#3161,#3913,.F.);
#2596=EDGE_CURVE('',#3145,#3141,#3914,.F.);
#2597=EDGE_CURVE('',#3155,#3154,#3915,.F.);
#2598=EDGE_CURVE('',#3151,#3150,#3916,.T.);
#2599=EDGE_CURVE('',#3152,#3149,#3917,.F.);
#2600=EDGE_CURVE('',#3157,#3153,#3918,.F.);
#2601=EDGE_CURVE('',#3163,#3164,#3919,.T.);
#2602=EDGE_CURVE('',#3164,#3165,#3920,.T.);
#2603=EDGE_CURVE('',#3165,#3166,#3921,.T.);
#2604=EDGE_CURVE('',#3166,#3163,#3922,.T.);
#2605=EDGE_CURVE('',#3167,#3168,#3923,.T.);
#2606=EDGE_CURVE('',#3167,#3169,#3924,.T.);
#2607=EDGE_CURVE('',#3169,#3170,#3925,.T.);
#2608=EDGE_CURVE('',#3168,#3170,#3926,.T.);
#2609=EDGE_CURVE('',#3170,#3171,#141,.T.);
#2610=EDGE_CURVE('',#3172,#3171,#3927,.T.);
#2611=EDGE_CURVE('',#3168,#3172,#142,.T.);
#2612=EDGE_CURVE('',#3171,#3173,#3928,.T.);
#2613=EDGE_CURVE('',#3173,#3174,#3929,.T.);
#2614=EDGE_CURVE('',#3172,#3174,#3930,.T.);
#2615=EDGE_CURVE('',#3175,#3176,#3931,.T.);
#2616=EDGE_CURVE('',#3176,#3177,#3932,.T.);
#2617=EDGE_CURVE('',#3177,#3178,#3933,.T.);
#2618=EDGE_CURVE('',#3178,#3175,#3934,.T.);
#2619=EDGE_CURVE('',#3179,#3180,#3935,.T.);
#2620=EDGE_CURVE('',#3179,#3181,#3936,.T.);
#2621=EDGE_CURVE('',#3181,#3182,#3937,.T.);
#2622=EDGE_CURVE('',#3180,#3182,#3938,.T.);
#2623=EDGE_CURVE('',#3182,#3183,#143,.T.);
#2624=EDGE_CURVE('',#3184,#3183,#3939,.T.);
#2625=EDGE_CURVE('',#3180,#3184,#144,.T.);
#2626=EDGE_CURVE('',#3183,#3185,#3940,.T.);
#2627=EDGE_CURVE('',#3185,#3186,#3941,.T.);
#2628=EDGE_CURVE('',#3184,#3186,#3942,.T.);
#2629=EDGE_CURVE('',#3186,#3167,#3943,.T.);
#2630=EDGE_CURVE('',#3174,#3179,#3944,.T.);
#2631=EDGE_CURVE('',#3169,#3185,#3945,.T.);
#2632=EDGE_CURVE('',#3181,#3173,#3946,.T.);
#2633=EDGE_CURVE('',#3167,#3166,#3947,.T.);
#2634=EDGE_CURVE('',#3163,#3186,#3948,.F.);
#2635=EDGE_CURVE('',#3164,#3185,#3949,.F.);
#2636=EDGE_CURVE('',#3169,#3165,#3950,.F.);
#2637=EDGE_CURVE('',#3179,#3178,#3951,.F.);
#2638=EDGE_CURVE('',#3175,#3174,#3952,.T.);
#2639=EDGE_CURVE('',#3176,#3173,#3953,.F.);
#2640=EDGE_CURVE('',#3181,#3177,#3954,.F.);
#2641=VERTEX_POINT('',#7693);
#2642=VERTEX_POINT('',#7694);
#2643=VERTEX_POINT('',#7696);
#2644=VERTEX_POINT('',#7698);
#2645=VERTEX_POINT('',#7702);
#2646=VERTEX_POINT('',#7703);
#2647=VERTEX_POINT('',#7705);
#2648=VERTEX_POINT('',#7707);
#2649=VERTEX_POINT('',#7711);
#2650=VERTEX_POINT('',#7712);
#2651=VERTEX_POINT('',#7714);
#2652=VERTEX_POINT('',#7716);
#2653=VERTEX_POINT('',#7720);
#2654=VERTEX_POINT('',#7721);
#2655=VERTEX_POINT('',#7723);
#2656=VERTEX_POINT('',#7725);
#2657=VERTEX_POINT('',#7729);
#2658=VERTEX_POINT('',#7730);
#2659=VERTEX_POINT('',#7732);
#2660=VERTEX_POINT('',#7734);
#2661=VERTEX_POINT('',#7738);
#2662=VERTEX_POINT('',#7739);
#2663=VERTEX_POINT('',#7741);
#2664=VERTEX_POINT('',#7743);
#2665=VERTEX_POINT('',#7747);
#2666=VERTEX_POINT('',#7748);
#2667=VERTEX_POINT('',#7750);
#2668=VERTEX_POINT('',#7752);
#2669=VERTEX_POINT('',#7756);
#2670=VERTEX_POINT('',#7757);
#2671=VERTEX_POINT('',#7759);
#2672=VERTEX_POINT('',#7761);
#2673=VERTEX_POINT('',#7765);
#2674=VERTEX_POINT('',#7766);
#2675=VERTEX_POINT('',#7768);
#2676=VERTEX_POINT('',#7770);
#2677=VERTEX_POINT('',#7772);
#2678=VERTEX_POINT('',#7774);
#2679=VERTEX_POINT('',#7778);
#2680=VERTEX_POINT('',#7779);
#2681=VERTEX_POINT('',#7781);
#2682=VERTEX_POINT('',#7783);
#2683=VERTEX_POINT('',#7787);
#2684=VERTEX_POINT('',#7788);
#2685=VERTEX_POINT('',#7790);
#2686=VERTEX_POINT('',#7792);
#2687=VERTEX_POINT('',#7796);
#2688=VERTEX_POINT('',#7797);
#2689=VERTEX_POINT('',#7799);
#2690=VERTEX_POINT('',#7801);
#2691=VERTEX_POINT('',#7803);
#2692=VERTEX_POINT('',#7805);
#2693=VERTEX_POINT('',#7810);
#2694=VERTEX_POINT('',#7812);
#2695=VERTEX_POINT('',#7814);
#2696=VERTEX_POINT('',#7816);
#2697=VERTEX_POINT('',#7818);
#2698=VERTEX_POINT('',#7820);
#2699=VERTEX_POINT('',#7825);
#2700=VERTEX_POINT('',#7827);
#2701=VERTEX_POINT('',#7829);
#2702=VERTEX_POINT('',#7831);
#2703=VERTEX_POINT('',#7833);
#2704=VERTEX_POINT('',#7835);
#2705=VERTEX_POINT('',#7840);
#2706=VERTEX_POINT('',#7842);
#2707=VERTEX_POINT('',#7844);
#2708=VERTEX_POINT('',#7846);
#2709=VERTEX_POINT('',#7848);
#2710=VERTEX_POINT('',#7850);
#2711=VERTEX_POINT('',#7855);
#2712=VERTEX_POINT('',#7857);
#2713=VERTEX_POINT('',#7859);
#2714=VERTEX_POINT('',#7861);
#2715=VERTEX_POINT('',#7863);
#2716=VERTEX_POINT('',#7865);
#2717=VERTEX_POINT('',#7870);
#2718=VERTEX_POINT('',#7872);
#2719=VERTEX_POINT('',#7874);
#2720=VERTEX_POINT('',#7876);
#2721=VERTEX_POINT('',#7878);
#2722=VERTEX_POINT('',#7880);
#2723=VERTEX_POINT('',#7885);
#2724=VERTEX_POINT('',#7887);
#2725=VERTEX_POINT('',#7889);
#2726=VERTEX_POINT('',#7891);
#2727=VERTEX_POINT('',#7893);
#2728=VERTEX_POINT('',#7895);
#2729=VERTEX_POINT('',#7899);
#2730=VERTEX_POINT('',#7900);
#2731=VERTEX_POINT('',#7902);
#2732=VERTEX_POINT('',#7904);
#2733=VERTEX_POINT('',#7908);
#2734=VERTEX_POINT('',#7909);
#2735=VERTEX_POINT('',#7911);
#2736=VERTEX_POINT('',#7913);
#2737=VERTEX_POINT('',#7920);
#2738=VERTEX_POINT('',#7921);
#2739=VERTEX_POINT('',#7923);
#2740=VERTEX_POINT('',#7925);
#2741=VERTEX_POINT('',#7927);
#2742=VERTEX_POINT('',#7929);
#2743=VERTEX_POINT('',#7931);
#2744=VERTEX_POINT('',#7933);
#2745=VERTEX_POINT('',#7937);
#2746=VERTEX_POINT('',#7938);
#2747=VERTEX_POINT('',#7940);
#2748=VERTEX_POINT('',#7942);
#2749=VERTEX_POINT('',#7944);
#2750=VERTEX_POINT('',#7946);
#2751=VERTEX_POINT('',#7950);
#2752=VERTEX_POINT('',#7951);
#2753=VERTEX_POINT('',#7953);
#2754=VERTEX_POINT('',#7955);
#2755=VERTEX_POINT('',#7957);
#2756=VERTEX_POINT('',#7959);
#2757=VERTEX_POINT('',#7961);
#2758=VERTEX_POINT('',#7963);
#2759=VERTEX_POINT('',#7968);
#2760=VERTEX_POINT('',#7970);
#2761=VERTEX_POINT('',#7972);
#2762=VERTEX_POINT('',#7976);
#2763=VERTEX_POINT('',#7979);
#2764=VERTEX_POINT('',#7981);
#2765=VERTEX_POINT('',#7983);
#2766=VERTEX_POINT('',#7985);
#2767=VERTEX_POINT('',#7987);
#2768=VERTEX_POINT('',#7989);
#2769=VERTEX_POINT('',#7996);
#2770=VERTEX_POINT('',#7997);
#2771=VERTEX_POINT('',#7999);
#2772=VERTEX_POINT('',#8001);
#2773=VERTEX_POINT('',#8005);
#2774=VERTEX_POINT('',#8006);
#2775=VERTEX_POINT('',#8008);
#2776=VERTEX_POINT('',#8010);
#2777=VERTEX_POINT('',#8014);
#2778=VERTEX_POINT('',#8015);
#2779=VERTEX_POINT('',#8017);
#2780=VERTEX_POINT('',#8019);
#2781=VERTEX_POINT('',#8025);
#2782=VERTEX_POINT('',#8027);
#2783=VERTEX_POINT('',#8031);
#2784=VERTEX_POINT('',#8034);
#2785=VERTEX_POINT('',#8036);
#2786=VERTEX_POINT('',#8039);
#2787=VERTEX_POINT('',#8046);
#2788=VERTEX_POINT('',#8047);
#2789=VERTEX_POINT('',#8049);
#2790=VERTEX_POINT('',#8051);
#2791=VERTEX_POINT('',#8055);
#2792=VERTEX_POINT('',#8056);
#2793=VERTEX_POINT('',#8058);
#2794=VERTEX_POINT('',#8060);
#2795=VERTEX_POINT('',#8064);
#2796=VERTEX_POINT('',#8065);
#2797=VERTEX_POINT('',#8067);
#2798=VERTEX_POINT('',#8069);
#2799=VERTEX_POINT('',#8075);
#2800=VERTEX_POINT('',#8077);
#2801=VERTEX_POINT('',#8081);
#2802=VERTEX_POINT('',#8084);
#2803=VERTEX_POINT('',#8086);
#2804=VERTEX_POINT('',#8089);
#2805=VERTEX_POINT('',#8093);
#2806=VERTEX_POINT('',#8094);
#2807=VERTEX_POINT('',#8096);
#2808=VERTEX_POINT('',#8098);
#2809=VERTEX_POINT('',#8101);
#2810=VERTEX_POINT('',#8102);
#2811=VERTEX_POINT('',#8105);
#2812=VERTEX_POINT('',#8107);
#2813=VERTEX_POINT('',#8109);
#2814=VERTEX_POINT('',#8111);
#2815=VERTEX_POINT('',#8115);
#2816=VERTEX_POINT('',#8116);
#2817=VERTEX_POINT('',#8118);
#2818=VERTEX_POINT('',#8120);
#2819=VERTEX_POINT('',#8123);
#2820=VERTEX_POINT('',#8125);
#2821=VERTEX_POINT('',#8129);
#2822=VERTEX_POINT('',#8130);
#2823=VERTEX_POINT('',#8132);
#2824=VERTEX_POINT('',#8134);
#2825=VERTEX_POINT('',#8136);
#2826=VERTEX_POINT('',#8140);
#2827=VERTEX_POINT('',#8141);
#2828=VERTEX_POINT('',#8143);
#2829=VERTEX_POINT('',#8145);
#2830=VERTEX_POINT('',#8149);
#2831=VERTEX_POINT('',#8150);
#2832=VERTEX_POINT('',#8152);
#2833=VERTEX_POINT('',#8154);
#2834=VERTEX_POINT('',#8156);
#2835=VERTEX_POINT('',#8158);
#2836=VERTEX_POINT('',#8160);
#2837=VERTEX_POINT('',#8162);
#2838=VERTEX_POINT('',#8164);
#2839=VERTEX_POINT('',#8166);
#2840=VERTEX_POINT('',#8168);
#2841=VERTEX_POINT('',#8170);
#2842=VERTEX_POINT('',#8173);
#2843=VERTEX_POINT('',#8175);
#2844=VERTEX_POINT('',#8177);
#2845=VERTEX_POINT('',#8179);
#2846=VERTEX_POINT('',#8181);
#2847=VERTEX_POINT('',#8183);
#2848=VERTEX_POINT('',#8185);
#2849=VERTEX_POINT('',#8187);
#2850=VERTEX_POINT('',#8189);
#2851=VERTEX_POINT('',#8191);
#2852=VERTEX_POINT('',#8196);
#2853=VERTEX_POINT('',#8197);
#2854=VERTEX_POINT('',#8199);
#2855=VERTEX_POINT('',#8201);
#2856=VERTEX_POINT('',#8203);
#2857=VERTEX_POINT('',#8205);
#2858=VERTEX_POINT('',#8209);
#2859=VERTEX_POINT('',#8210);
#2860=VERTEX_POINT('',#8212);
#2861=VERTEX_POINT('',#8214);
#2862=VERTEX_POINT('',#8217);
#2863=VERTEX_POINT('',#8219);
#2864=VERTEX_POINT('',#8221);
#2865=VERTEX_POINT('',#8223);
#2866=VERTEX_POINT('',#8225);
#2867=VERTEX_POINT('',#8227);
#2868=VERTEX_POINT('',#8229);
#2869=VERTEX_POINT('',#8231);
#2870=VERTEX_POINT('',#8233);
#2871=VERTEX_POINT('',#8235);
#2872=VERTEX_POINT('',#8237);
#2873=VERTEX_POINT('',#8239);
#2874=VERTEX_POINT('',#8241);
#2875=VERTEX_POINT('',#8243);
#2876=VERTEX_POINT('',#8245);
#2877=VERTEX_POINT('',#8247);
#2878=VERTEX_POINT('',#8249);
#2879=VERTEX_POINT('',#8251);
#2880=VERTEX_POINT('',#8255);
#2881=VERTEX_POINT('',#8256);
#2882=VERTEX_POINT('',#8261);
#2883=VERTEX_POINT('',#8262);
#2884=VERTEX_POINT('',#8264);
#2885=VERTEX_POINT('',#8266);
#2886=VERTEX_POINT('',#8268);
#2887=VERTEX_POINT('',#8272);
#2888=VERTEX_POINT('',#8273);
#2889=VERTEX_POINT('',#8275);
#2890=VERTEX_POINT('',#8277);
#2891=VERTEX_POINT('',#8281);
#2892=VERTEX_POINT('',#8282);
#2893=VERTEX_POINT('',#8284);
#2894=VERTEX_POINT('',#8286);
#2895=VERTEX_POINT('',#8289);
#2896=VERTEX_POINT('',#8291);
#2897=VERTEX_POINT('',#8293);
#2898=VERTEX_POINT('',#8296);
#2899=VERTEX_POINT('',#8298);
#2900=VERTEX_POINT('',#8300);
#2901=VERTEX_POINT('',#8302);
#2902=VERTEX_POINT('',#8304);
#2903=VERTEX_POINT('',#8307);
#2904=VERTEX_POINT('',#8309);
#2905=VERTEX_POINT('',#8311);
#2906=VERTEX_POINT('',#8313);
#2907=VERTEX_POINT('',#8315);
#2908=VERTEX_POINT('',#8317);
#2909=VERTEX_POINT('',#8319);
#2910=VERTEX_POINT('',#8323);
#2911=VERTEX_POINT('',#8324);
#2912=VERTEX_POINT('',#8326);
#2913=VERTEX_POINT('',#8328);
#2914=VERTEX_POINT('',#8330);
#2915=VERTEX_POINT('',#8332);
#2916=VERTEX_POINT('',#8334);
#2917=VERTEX_POINT('',#8336);
#2918=VERTEX_POINT('',#8338);
#2919=VERTEX_POINT('',#8340);
#2920=VERTEX_POINT('',#8342);
#2921=VERTEX_POINT('',#8345);
#2922=VERTEX_POINT('',#8347);
#2923=VERTEX_POINT('',#8349);
#2924=VERTEX_POINT('',#8351);
#2925=VERTEX_POINT('',#8354);
#2926=VERTEX_POINT('',#8356);
#2927=VERTEX_POINT('',#8358);
#2928=VERTEX_POINT('',#8363);
#2929=VERTEX_POINT('',#8365);
#2930=VERTEX_POINT('',#8369);
#2931=VERTEX_POINT('',#8370);
#2932=VERTEX_POINT('',#8372);
#2933=VERTEX_POINT('',#8374);
#2934=VERTEX_POINT('',#8376);
#2935=VERTEX_POINT('',#8378);
#2936=VERTEX_POINT('',#8380);
#2937=VERTEX_POINT('',#8382);
#2938=VERTEX_POINT('',#8386);
#2939=VERTEX_POINT('',#8387);
#2940=VERTEX_POINT('',#8389);
#2941=VERTEX_POINT('',#8391);
#2942=VERTEX_POINT('',#8393);
#2943=VERTEX_POINT('',#8395);
#2944=VERTEX_POINT('',#8398);
#2945=VERTEX_POINT('',#8400);
#2946=VERTEX_POINT('',#8402);
#2947=VERTEX_POINT('',#8404);
#2948=VERTEX_POINT('',#8406);
#2949=VERTEX_POINT('',#8408);
#2950=VERTEX_POINT('',#8410);
#2951=VERTEX_POINT('',#8412);
#2952=VERTEX_POINT('',#8414);
#2953=VERTEX_POINT('',#8416);
#2954=VERTEX_POINT('',#8419);
#2955=VERTEX_POINT('',#8421);
#2956=VERTEX_POINT('',#8423);
#2957=VERTEX_POINT('',#8425);
#2958=VERTEX_POINT('',#8427);
#2959=VERTEX_POINT('',#8429);
#2960=VERTEX_POINT('',#8431);
#2961=VERTEX_POINT('',#8433);
#2962=VERTEX_POINT('',#8437);
#2963=VERTEX_POINT('',#8438);
#2964=VERTEX_POINT('',#8440);
#2965=VERTEX_POINT('',#8442);
#2966=VERTEX_POINT('',#8444);
#2967=VERTEX_POINT('',#8447);
#2968=VERTEX_POINT('',#8448);
#2969=VERTEX_POINT('',#8450);
#2970=VERTEX_POINT('',#8452);
#2971=VERTEX_POINT('',#8454);
#2972=VERTEX_POINT('',#8457);
#2973=VERTEX_POINT('',#8458);
#2974=VERTEX_POINT('',#8460);
#2975=VERTEX_POINT('',#8462);
#2976=VERTEX_POINT('',#8464);
#2977=VERTEX_POINT('',#8467);
#2978=VERTEX_POINT('',#8468);
#2979=VERTEX_POINT('',#8470);
#2980=VERTEX_POINT('',#8472);
#2981=VERTEX_POINT('',#8474);
#2982=VERTEX_POINT('',#8477);
#2983=VERTEX_POINT('',#8478);
#2984=VERTEX_POINT('',#8480);
#2985=VERTEX_POINT('',#8482);
#2986=VERTEX_POINT('',#8484);
#2987=VERTEX_POINT('',#8487);
#2988=VERTEX_POINT('',#8488);
#2989=VERTEX_POINT('',#8490);
#2990=VERTEX_POINT('',#8492);
#2991=VERTEX_POINT('',#8494);
#2992=VERTEX_POINT('',#8511);
#2993=VERTEX_POINT('',#8515);
#2994=VERTEX_POINT('',#8518);
#2995=VERTEX_POINT('',#8522);
#2996=VERTEX_POINT('',#8529);
#2997=VERTEX_POINT('',#8530);
#2998=VERTEX_POINT('',#8532);
#2999=VERTEX_POINT('',#8534);
#3000=VERTEX_POINT('',#8536);
#3001=VERTEX_POINT('',#8538);
#3002=VERTEX_POINT('',#8541);
#3003=VERTEX_POINT('',#8543);
#3004=VERTEX_POINT('',#8547);
#3005=VERTEX_POINT('',#8549);
#3006=VERTEX_POINT('',#8552);
#3007=VERTEX_POINT('',#8554);
#3008=VERTEX_POINT('',#8559);
#3009=VERTEX_POINT('',#8563);
#3010=VERTEX_POINT('',#8593);
#3011=VERTEX_POINT('',#8598);
#3012=VERTEX_POINT('',#8606);
#3013=VERTEX_POINT('',#8607);
#3014=VERTEX_POINT('',#8610);
#3015=VERTEX_POINT('',#8612);
#3016=VERTEX_POINT('',#8614);
#3017=VERTEX_POINT('',#8616);
#3018=VERTEX_POINT('',#8619);
#3019=VERTEX_POINT('',#8621);
#3020=VERTEX_POINT('',#8623);
#3021=VERTEX_POINT('',#8625);
#3022=VERTEX_POINT('',#8628);
#3023=VERTEX_POINT('',#8630);
#3024=VERTEX_POINT('',#8634);
#3025=VERTEX_POINT('',#8636);
#3026=VERTEX_POINT('',#8638);
#3027=VERTEX_POINT('',#8640);
#3028=VERTEX_POINT('',#8645);
#3029=VERTEX_POINT('',#8649);
#3030=VERTEX_POINT('',#8651);
#3031=VERTEX_POINT('',#8654);
#3032=VERTEX_POINT('',#8663);
#3033=VERTEX_POINT('',#8667);
#3034=VERTEX_POINT('',#8683);
#3035=VERTEX_POINT('',#8684);
#3036=VERTEX_POINT('',#8687);
#3037=VERTEX_POINT('',#8691);
#3038=VERTEX_POINT('',#8693);
#3039=VERTEX_POINT('',#8695);
#3040=VERTEX_POINT('',#8704);
#3041=VERTEX_POINT('',#8706);
#3042=VERTEX_POINT('',#8711);
#3043=VERTEX_POINT('',#8721);
#3044=VERTEX_POINT('',#8728);
#3045=VERTEX_POINT('',#8738);
#3046=VERTEX_POINT('',#8753);
#3047=VERTEX_POINT('',#8754);
#3048=VERTEX_POINT('',#8756);
#3049=VERTEX_POINT('',#8758);
#3050=VERTEX_POINT('',#8760);
#3051=VERTEX_POINT('',#8762);
#3052=VERTEX_POINT('',#8765);
#3053=VERTEX_POINT('',#8769);
#3054=VERTEX_POINT('',#8773);
#3055=VERTEX_POINT('',#8799);
#3056=VERTEX_POINT('',#8800);
#3057=VERTEX_POINT('',#8803);
#3058=VERTEX_POINT('',#8805);
#3059=VERTEX_POINT('',#8810);
#3060=VERTEX_POINT('',#8815);
#3061=VERTEX_POINT('',#8819);
#3062=VERTEX_POINT('',#8821);
#3063=VERTEX_POINT('',#8827);
#3064=VERTEX_POINT('',#8829);
#3065=VERTEX_POINT('',#8848);
#3066=VERTEX_POINT('',#8850);
#3067=VERTEX_POINT('',#8852);
#3068=VERTEX_POINT('',#8856);
#3069=VERTEX_POINT('',#8860);
#3070=VERTEX_POINT('',#8861);
#3071=VERTEX_POINT('',#8869);
#3072=VERTEX_POINT('',#8871);
#3073=VERTEX_POINT('',#8879);
#3074=VERTEX_POINT('',#8883);
#3075=VERTEX_POINT('',#8893);
#3076=VERTEX_POINT('',#8903);
#3077=VERTEX_POINT('',#8913);
#3078=VERTEX_POINT('',#8915);
#3079=VERTEX_POINT('',#8919);
#3080=VERTEX_POINT('',#8921);
#3081=VERTEX_POINT('',#8930);
#3082=VERTEX_POINT('',#8934);
#3083=VERTEX_POINT('',#8948);
#3084=VERTEX_POINT('',#8950);
#3085=VERTEX_POINT('',#8952);
#3086=VERTEX_POINT('',#8959);
#3087=VERTEX_POINT('',#8961);
#3088=VERTEX_POINT('',#8963);
#3089=VERTEX_POINT('',#8973);
#3090=VERTEX_POINT('',#8975);
#3091=VERTEX_POINT('',#8979);
#3092=VERTEX_POINT('',#8983);
#3093=VERTEX_POINT('',#8987);
#3094=VERTEX_POINT('',#8997);
#3095=VERTEX_POINT('',#8999);
#3096=VERTEX_POINT('',#9003);
#3097=VERTEX_POINT('',#9004);
#3098=VERTEX_POINT('',#9009);
#3099=VERTEX_POINT('',#9022);
#3100=VERTEX_POINT('',#9024);
#3101=VERTEX_POINT('',#9026);
#3102=VERTEX_POINT('',#9033);
#3103=VERTEX_POINT('',#9035);
#3104=VERTEX_POINT('',#9037);
#3105=VERTEX_POINT('',#9047);
#3106=VERTEX_POINT('',#9049);
#3107=VERTEX_POINT('',#9053);
#3108=VERTEX_POINT('',#9057);
#3109=VERTEX_POINT('',#9061);
#3110=VERTEX_POINT('',#9072);
#3111=VERTEX_POINT('',#9074);
#3112=VERTEX_POINT('',#9076);
#3113=VERTEX_POINT('',#9083);
#3114=VERTEX_POINT('',#9085);
#3115=VERTEX_POINT('',#9087);
#3116=VERTEX_POINT('',#9097);
#3117=VERTEX_POINT('',#9099);
#3118=VERTEX_POINT('',#9103);
#3119=VERTEX_POINT('',#9107);
#3120=VERTEX_POINT('',#9111);
#3121=VERTEX_POINT('',#9121);
#3122=VERTEX_POINT('',#9122);
#3123=VERTEX_POINT('',#9127);
#3124=VERTEX_POINT('',#9131);
#3125=VERTEX_POINT('',#9135);
#3126=VERTEX_POINT('',#9145);
#3127=VERTEX_POINT('',#9146);
#3128=VERTEX_POINT('',#9151);
#3129=VERTEX_POINT('',#9155);
#3130=VERTEX_POINT('',#9159);
#3131=VERTEX_POINT('',#9169);
#3132=VERTEX_POINT('',#9171);
#3133=VERTEX_POINT('',#9176);
#3134=VERTEX_POINT('',#9177);
#3135=VERTEX_POINT('',#9184);
#3136=VERTEX_POINT('',#9186);
#3137=VERTEX_POINT('',#9191);
#3138=VERTEX_POINT('',#9192);
#3139=VERTEX_POINT('',#9227);
#3140=VERTEX_POINT('',#9228);
#3141=VERTEX_POINT('',#9230);
#3142=VERTEX_POINT('',#9232);
#3143=VERTEX_POINT('',#9236);
#3144=VERTEX_POINT('',#9237);
#3145=VERTEX_POINT('',#9239);
#3146=VERTEX_POINT('',#9241);
#3147=VERTEX_POINT('',#9245);
#3148=VERTEX_POINT('',#9247);
#3149=VERTEX_POINT('',#9251);
#3150=VERTEX_POINT('',#9253);
#3151=VERTEX_POINT('',#9257);
#3152=VERTEX_POINT('',#9258);
#3153=VERTEX_POINT('',#9260);
#3154=VERTEX_POINT('',#9262);
#3155=VERTEX_POINT('',#9266);
#3156=VERTEX_POINT('',#9267);
#3157=VERTEX_POINT('',#9269);
#3158=VERTEX_POINT('',#9271);
#3159=VERTEX_POINT('',#9275);
#3160=VERTEX_POINT('',#9277);
#3161=VERTEX_POINT('',#9281);
#3162=VERTEX_POINT('',#9283);
#3163=VERTEX_POINT('',#9310);
#3164=VERTEX_POINT('',#9311);
#3165=VERTEX_POINT('',#9313);
#3166=VERTEX_POINT('',#9315);
#3167=VERTEX_POINT('',#9319);
#3168=VERTEX_POINT('',#9320);
#3169=VERTEX_POINT('',#9322);
#3170=VERTEX_POINT('',#9324);
#3171=VERTEX_POINT('',#9328);
#3172=VERTEX_POINT('',#9330);
#3173=VERTEX_POINT('',#9334);
#3174=VERTEX_POINT('',#9336);
#3175=VERTEX_POINT('',#9340);
#3176=VERTEX_POINT('',#9341);
#3177=VERTEX_POINT('',#9343);
#3178=VERTEX_POINT('',#9345);
#3179=VERTEX_POINT('',#9349);
#3180=VERTEX_POINT('',#9350);
#3181=VERTEX_POINT('',#9352);
#3182=VERTEX_POINT('',#9354);
#3183=VERTEX_POINT('',#9358);
#3184=VERTEX_POINT('',#9360);
#3185=VERTEX_POINT('',#9364);
#3186=VERTEX_POINT('',#9366);
#3187=LINE('',#7692,#3955);
#3188=LINE('',#7695,#3956);
#3189=LINE('',#7697,#3957);
#3190=LINE('',#7699,#3958);
#3191=LINE('',#7701,#3959);
#3192=LINE('',#7704,#3960);
#3193=LINE('',#7706,#3961);
#3194=LINE('',#7708,#3962);
#3195=LINE('',#7710,#3963);
#3196=LINE('',#7713,#3964);
#3197=LINE('',#7715,#3965);
#3198=LINE('',#7717,#3966);
#3199=LINE('',#7719,#3967);
#3200=LINE('',#7722,#3968);
#3201=LINE('',#7724,#3969);
#3202=LINE('',#7726,#3970);
#3203=LINE('',#7728,#3971);
#3204=LINE('',#7731,#3972);
#3205=LINE('',#7733,#3973);
#3206=LINE('',#7735,#3974);
#3207=LINE('',#7737,#3975);
#3208=LINE('',#7740,#3976);
#3209=LINE('',#7742,#3977);
#3210=LINE('',#7744,#3978);
#3211=LINE('',#7746,#3979);
#3212=LINE('',#7749,#3980);
#3213=LINE('',#7751,#3981);
#3214=LINE('',#7753,#3982);
#3215=LINE('',#7755,#3983);
#3216=LINE('',#7758,#3984);
#3217=LINE('',#7760,#3985);
#3218=LINE('',#7762,#3986);
#3219=LINE('',#7764,#3987);
#3220=LINE('',#7767,#3988);
#3221=LINE('',#7769,#3989);
#3222=LINE('',#7771,#3990);
#3223=LINE('',#7773,#3991);
#3224=LINE('',#7775,#3992);
#3225=LINE('',#7777,#3993);
#3226=LINE('',#7780,#3994);
#3227=LINE('',#7782,#3995);
#3228=LINE('',#7784,#3996);
#3229=LINE('',#7786,#3997);
#3230=LINE('',#7789,#3998);
#3231=LINE('',#7791,#3999);
#3232=LINE('',#7793,#4000);
#3233=LINE('',#7795,#4001);
#3234=LINE('',#7798,#4002);
#3235=LINE('',#7800,#4003);
#3236=LINE('',#7802,#4004);
#3237=LINE('',#7804,#4005);
#3238=LINE('',#7806,#4006);
#3239=LINE('',#7808,#4007);
#3240=LINE('',#7809,#4008);
#3241=LINE('',#7811,#4009);
#3242=LINE('',#7813,#4010);
#3243=LINE('',#7815,#4011);
#3244=LINE('',#7817,#4012);
#3245=LINE('',#7819,#4013);
#3246=LINE('',#7821,#4014);
#3247=LINE('',#7823,#4015);
#3248=LINE('',#7824,#4016);
#3249=LINE('',#7826,#4017);
#3250=LINE('',#7828,#4018);
#3251=LINE('',#7830,#4019);
#3252=LINE('',#7832,#4020);
#3253=LINE('',#7834,#4021);
#3254=LINE('',#7836,#4022);
#3255=LINE('',#7838,#4023);
#3256=LINE('',#7839,#4024);
#3257=LINE('',#7841,#4025);
#3258=LINE('',#7843,#4026);
#3259=LINE('',#7845,#4027);
#3260=LINE('',#7847,#4028);
#3261=LINE('',#7849,#4029);
#3262=LINE('',#7851,#4030);
#3263=LINE('',#7853,#4031);
#3264=LINE('',#7854,#4032);
#3265=LINE('',#7856,#4033);
#3266=LINE('',#7858,#4034);
#3267=LINE('',#7860,#4035);
#3268=LINE('',#7862,#4036);
#3269=LINE('',#7864,#4037);
#3270=LINE('',#7866,#4038);
#3271=LINE('',#7868,#4039);
#3272=LINE('',#7869,#4040);
#3273=LINE('',#7871,#4041);
#3274=LINE('',#7873,#4042);
#3275=LINE('',#7875,#4043);
#3276=LINE('',#7877,#4044);
#3277=LINE('',#7879,#4045);
#3278=LINE('',#7881,#4046);
#3279=LINE('',#7883,#4047);
#3280=LINE('',#7884,#4048);
#3281=LINE('',#7886,#4049);
#3282=LINE('',#7888,#4050);
#3283=LINE('',#7890,#4051);
#3284=LINE('',#7892,#4052);
#3285=LINE('',#7894,#4053);
#3286=LINE('',#7896,#4054);
#3287=LINE('',#7898,#4055);
#3288=LINE('',#7901,#4056);
#3289=LINE('',#7903,#4057);
#3290=LINE('',#7905,#4058);
#3291=LINE('',#7907,#4059);
#3292=LINE('',#7910,#4060);
#3293=LINE('',#7912,#4061);
#3294=LINE('',#7914,#4062);
#3295=LINE('',#7916,#4063);
#3296=LINE('',#7917,#4064);
#3297=LINE('',#7919,#4065);
#3298=LINE('',#7922,#4066);
#3299=LINE('',#7924,#4067);
#3300=LINE('',#7926,#4068);
#3301=LINE('',#7928,#4069);
#3302=LINE('',#7930,#4070);
#3303=LINE('',#7932,#4071);
#3304=LINE('',#7934,#4072);
#3305=LINE('',#7936,#4073);
#3306=LINE('',#7939,#4074);
#3307=LINE('',#7941,#4075);
#3308=LINE('',#7943,#4076);
#3309=LINE('',#7945,#4077);
#3310=LINE('',#7947,#4078);
#3311=LINE('',#7949,#4079);
#3312=LINE('',#7952,#4080);
#3313=LINE('',#7954,#4081);
#3314=LINE('',#7956,#4082);
#3315=LINE('',#7958,#4083);
#3316=LINE('',#7960,#4084);
#3317=LINE('',#7962,#4085);
#3318=LINE('',#7964,#4086);
#3319=LINE('',#7967,#4087);
#3320=LINE('',#7969,#4088);
#3321=LINE('',#7971,#4089);
#3322=LINE('',#7973,#4090);
#3323=LINE('',#7975,#4091);
#3324=LINE('',#7978,#4092);
#3325=LINE('',#7980,#4093);
#3326=LINE('',#7982,#4094);
#3327=LINE('',#7984,#4095);
#3328=LINE('',#7986,#4096);
#3329=LINE('',#7988,#4097);
#3330=LINE('',#7990,#4098);
#3331=LINE('',#7992,#4099);
#3332=LINE('',#7993,#4100);
#3333=LINE('',#7995,#4101);
#3334=LINE('',#7998,#4102);
#3335=LINE('',#8000,#4103);
#3336=LINE('',#8002,#4104);
#3337=LINE('',#8004,#4105);
#3338=LINE('',#8007,#4106);
#3339=LINE('',#8009,#4107);
#3340=LINE('',#8011,#4108);
#3341=LINE('',#8013,#4109);
#3342=LINE('',#8016,#4110);
#3343=LINE('',#8018,#4111);
#3344=LINE('',#8020,#4112);
#3345=LINE('',#8024,#4113);
#3346=LINE('',#8026,#4114);
#3347=LINE('',#8028,#4115);
#3348=LINE('',#8032,#4116);
#3349=LINE('',#8033,#4117);
#3350=LINE('',#8035,#4118);
#3351=LINE('',#8037,#4119);
#3352=LINE('',#8038,#4120);
#3353=LINE('',#8042,#4121);
#3354=LINE('',#8043,#4122);
#3355=LINE('',#8045,#4123);
#3356=LINE('',#8048,#4124);
#3357=LINE('',#8050,#4125);
#3358=LINE('',#8052,#4126);
#3359=LINE('',#8054,#4127);
#3360=LINE('',#8057,#4128);
#3361=LINE('',#8059,#4129);
#3362=LINE('',#8061,#4130);
#3363=LINE('',#8063,#4131);
#3364=LINE('',#8066,#4132);
#3365=LINE('',#8068,#4133);
#3366=LINE('',#8070,#4134);
#3367=LINE('',#8074,#4135);
#3368=LINE('',#8076,#4136);
#3369=LINE('',#8078,#4137);
#3370=LINE('',#8082,#4138);
#3371=LINE('',#8083,#4139);
#3372=LINE('',#8085,#4140);
#3373=LINE('',#8087,#4141);
#3374=LINE('',#8088,#4142);
#3375=LINE('',#8092,#4143);
#3376=LINE('',#8095,#4144);
#3377=LINE('',#8097,#4145);
#3378=LINE('',#8099,#4146);
#3379=LINE('',#8100,#4147);
#3380=LINE('',#8103,#4148);
#3381=LINE('',#8104,#4149);
#3382=LINE('',#8106,#4150);
#3383=LINE('',#8108,#4151);
#3384=LINE('',#8110,#4152);
#3385=LINE('',#8112,#4153);
#3386=LINE('',#8114,#4154);
#3387=LINE('',#8117,#4155);
#3388=LINE('',#8119,#4156);
#3389=LINE('',#8121,#4157);
#3390=LINE('',#8122,#4158);
#3391=LINE('',#8124,#4159);
#3392=LINE('',#8126,#4160);
#3393=LINE('',#8128,#4161);
#3394=LINE('',#8131,#4162);
#3395=LINE('',#8135,#4163);
#3396=LINE('',#8137,#4164);
#3397=LINE('',#8139,#4165);
#3398=LINE('',#8142,#4166);
#3399=LINE('',#8144,#4167);
#3400=LINE('',#8146,#4168);
#3401=LINE('',#8148,#4169);
#3402=LINE('',#8151,#4170);
#3403=LINE('',#8153,#4171);
#3404=LINE('',#8155,#4172);
#3405=LINE('',#8157,#4173);
#3406=LINE('',#8159,#4174);
#3407=LINE('',#8161,#4175);
#3408=LINE('',#8163,#4176);
#3409=LINE('',#8165,#4177);
#3410=LINE('',#8167,#4178);
#3411=LINE('',#8169,#4179);
#3412=LINE('',#8171,#4180);
#3413=LINE('',#8172,#4181);
#3414=LINE('',#8174,#4182);
#3415=LINE('',#8176,#4183);
#3416=LINE('',#8178,#4184);
#3417=LINE('',#8180,#4185);
#3418=LINE('',#8182,#4186);
#3419=LINE('',#8184,#4187);
#3420=LINE('',#8186,#4188);
#3421=LINE('',#8188,#4189);
#3422=LINE('',#8190,#4190);
#3423=LINE('',#8192,#4191);
#3424=LINE('',#8193,#4192);
#3425=LINE('',#8195,#4193);
#3426=LINE('',#8198,#4194);
#3427=LINE('',#8200,#4195);
#3428=LINE('',#8202,#4196);
#3429=LINE('',#8204,#4197);
#3430=LINE('',#8206,#4198);
#3431=LINE('',#8208,#4199);
#3432=LINE('',#8211,#4200);
#3433=LINE('',#8213,#4201);
#3434=LINE('',#8215,#4202);
#3435=LINE('',#8216,#4203);
#3436=LINE('',#8218,#4204);
#3437=LINE('',#8220,#4205);
#3438=LINE('',#8222,#4206);
#3439=LINE('',#8224,#4207);
#3440=LINE('',#8226,#4208);
#3441=LINE('',#8228,#4209);
#3442=LINE('',#8230,#4210);
#3443=LINE('',#8232,#4211);
#3444=LINE('',#8234,#4212);
#3445=LINE('',#8236,#4213);
#3446=LINE('',#8238,#4214);
#3447=LINE('',#8240,#4215);
#3448=LINE('',#8242,#4216);
#3449=LINE('',#8244,#4217);
#3450=LINE('',#8246,#4218);
#3451=LINE('',#8248,#4219);
#3452=LINE('',#8250,#4220);
#3453=LINE('',#8252,#4221);
#3454=LINE('',#8254,#4222);
#3455=LINE('',#8257,#4223);
#3456=LINE('',#8258,#4224);
#3457=LINE('',#8263,#4225);
#3458=LINE('',#8265,#4226);
#3459=LINE('',#8267,#4227);
#3460=LINE('',#8269,#4228);
#3461=LINE('',#8271,#4229);
#3462=LINE('',#8274,#4230);
#3463=LINE('',#8276,#4231);
#3464=LINE('',#8278,#4232);
#3465=LINE('',#8280,#4233);
#3466=LINE('',#8283,#4234);
#3467=LINE('',#8285,#4235);
#3468=LINE('',#8287,#4236);
#3469=LINE('',#8288,#4237);
#3470=LINE('',#8290,#4238);
#3471=LINE('',#8292,#4239);
#3472=LINE('',#8294,#4240);
#3473=LINE('',#8295,#4241);
#3474=LINE('',#8297,#4242);
#3475=LINE('',#8299,#4243);
#3476=LINE('',#8301,#4244);
#3477=LINE('',#8303,#4245);
#3478=LINE('',#8305,#4246);
#3479=LINE('',#8306,#4247);
#3480=LINE('',#8308,#4248);
#3481=LINE('',#8310,#4249);
#3482=LINE('',#8312,#4250);
#3483=LINE('',#8314,#4251);
#3484=LINE('',#8316,#4252);
#3485=LINE('',#8318,#4253);
#3486=LINE('',#8320,#4254);
#3487=LINE('',#8322,#4255);
#3488=LINE('',#8325,#4256);
#3489=LINE('',#8327,#4257);
#3490=LINE('',#8329,#4258);
#3491=LINE('',#8331,#4259);
#3492=LINE('',#8333,#4260);
#3493=LINE('',#8335,#4261);
#3494=LINE('',#8337,#4262);
#3495=LINE('',#8339,#4263);
#3496=LINE('',#8341,#4264);
#3497=LINE('',#8343,#4265);
#3498=LINE('',#8344,#4266);
#3499=LINE('',#8346,#4267);
#3500=LINE('',#8348,#4268);
#3501=LINE('',#8350,#4269);
#3502=LINE('',#8352,#4270);
#3503=LINE('',#8353,#4271);
#3504=LINE('',#8355,#4272);
#3505=LINE('',#8357,#4273);
#3506=LINE('',#8359,#4274);
#3507=LINE('',#8360,#4275);
#3508=LINE('',#8362,#4276);
#3509=LINE('',#8364,#4277);
#3510=LINE('',#8366,#4278);
#3511=LINE('',#8368,#4279);
#3512=LINE('',#8371,#4280);
#3513=LINE('',#8373,#4281);
#3514=LINE('',#8375,#4282);
#3515=LINE('',#8377,#4283);
#3516=LINE('',#8379,#4284);
#3517=LINE('',#8381,#4285);
#3518=LINE('',#8383,#4286);
#3519=LINE('',#8385,#4287);
#3520=LINE('',#8388,#4288);
#3521=LINE('',#8390,#4289);
#3522=LINE('',#8392,#4290);
#3523=LINE('',#8394,#4291);
#3524=LINE('',#8396,#4292);
#3525=LINE('',#8397,#4293);
#3526=LINE('',#8399,#4294);
#3527=LINE('',#8401,#4295);
#3528=LINE('',#8403,#4296);
#3529=LINE('',#8405,#4297);
#3530=LINE('',#8407,#4298);
#3531=LINE('',#8409,#4299);
#3532=LINE('',#8411,#4300);
#3533=LINE('',#8413,#4301);
#3534=LINE('',#8415,#4302);
#3535=LINE('',#8417,#4303);
#3536=LINE('',#8418,#4304);
#3537=LINE('',#8420,#4305);
#3538=LINE('',#8422,#4306);
#3539=LINE('',#8424,#4307);
#3540=LINE('',#8426,#4308);
#3541=LINE('',#8428,#4309);
#3542=LINE('',#8430,#4310);
#3543=LINE('',#8432,#4311);
#3544=LINE('',#8434,#4312);
#3545=LINE('',#8436,#4313);
#3546=LINE('',#8439,#4314);
#3547=LINE('',#8441,#4315);
#3548=LINE('',#8443,#4316);
#3549=LINE('',#8445,#4317);
#3550=LINE('',#8446,#4318);
#3551=LINE('',#8449,#4319);
#3552=LINE('',#8451,#4320);
#3553=LINE('',#8453,#4321);
#3554=LINE('',#8455,#4322);
#3555=LINE('',#8456,#4323);
#3556=LINE('',#8459,#4324);
#3557=LINE('',#8461,#4325);
#3558=LINE('',#8463,#4326);
#3559=LINE('',#8465,#4327);
#3560=LINE('',#8466,#4328);
#3561=LINE('',#8469,#4329);
#3562=LINE('',#8471,#4330);
#3563=LINE('',#8473,#4331);
#3564=LINE('',#8475,#4332);
#3565=LINE('',#8476,#4333);
#3566=LINE('',#8479,#4334);
#3567=LINE('',#8481,#4335);
#3568=LINE('',#8483,#4336);
#3569=LINE('',#8485,#4337);
#3570=LINE('',#8486,#4338);
#3571=LINE('',#8489,#4339);
#3572=LINE('',#8491,#4340);
#3573=LINE('',#8493,#4341);
#3574=LINE('',#8495,#4342);
#3575=LINE('',#8496,#4343);
#3576=LINE('',#8497,#4344);
#3577=LINE('',#8498,#4345);
#3578=LINE('',#8499,#4346);
#3579=LINE('',#8500,#4347);
#3580=LINE('',#8501,#4348);
#3581=LINE('',#8502,#4349);
#3582=LINE('',#8503,#4350);
#3583=LINE('',#8504,#4351);
#3584=LINE('',#8505,#4352);
#3585=LINE('',#8506,#4353);
#3586=LINE('',#8507,#4354);
#3587=LINE('',#8509,#4355);
#3588=LINE('',#8510,#4356);
#3589=LINE('',#8512,#4357);
#3590=LINE('',#8514,#4358);
#3591=LINE('',#8516,#4359);
#3592=LINE('',#8517,#4360);
#3593=LINE('',#8519,#4361);
#3594=LINE('',#8521,#4362);
#3595=LINE('',#8523,#4363);
#3596=LINE('',#8524,#4364);
#3597=LINE('',#8526,#4365);
#3598=LINE('',#8528,#4366);
#3599=LINE('',#8533,#4367);
#3600=LINE('',#8535,#4368);
#3601=LINE('',#8537,#4369);
#3602=LINE('',#8539,#4370);
#3603=LINE('',#8540,#4371);
#3604=LINE('',#8542,#4372);
#3605=LINE('',#8546,#4373);
#3606=LINE('',#8548,#4374);
#3607=LINE('',#8550,#4375);
#3608=LINE('',#8551,#4376);
#3609=LINE('',#8553,#4377);
#3610=LINE('',#8555,#4378);
#3611=LINE('',#8556,#4379);
#3612=LINE('',#8558,#4380);
#3613=LINE('',#8562,#4381);
#3614=LINE('',#8564,#4382);
#3615=LINE('',#8566,#4383);
#3616=LINE('',#8569,#4384);
#3617=LINE('',#8571,#4385);
#3618=LINE('',#8573,#4386);
#3619=LINE('',#8577,#4387);
#3620=LINE('',#8578,#4388);
#3621=LINE('',#8580,#4389);
#3622=LINE('',#8582,#4390);
#3623=LINE('',#8584,#4391);
#3624=LINE('',#8587,#4392);
#3625=LINE('',#8589,#4393);
#3626=LINE('',#8594,#4394);
#3627=LINE('',#8595,#4395);
#3628=LINE('',#8596,#4396);
#3629=LINE('',#8597,#4397);
#3630=LINE('',#8599,#4398);
#3631=LINE('',#8601,#4399);
#3632=LINE('',#8603,#4400);
#3633=LINE('',#8605,#4401);
#3634=LINE('',#8611,#4402);
#3635=LINE('',#8613,#4403);
#3636=LINE('',#8615,#4404);
#3637=LINE('',#8620,#4405);
#3638=LINE('',#8622,#4406);
#3639=LINE('',#8624,#4407);
#3640=LINE('',#8629,#4408);
#3641=LINE('',#8631,#4409);
#3642=LINE('',#8633,#4410);
#3643=LINE('',#8635,#4411);
#3644=LINE('',#8637,#4412);
#3645=LINE('',#8639,#4413);
#3646=LINE('',#8641,#4414);
#3647=LINE('',#8643,#4415);
#3648=LINE('',#8644,#4416);
#3649=LINE('',#8646,#4417);
#3650=LINE('',#8648,#4418);
#3651=LINE('',#8650,#4419);
#3652=LINE('',#8652,#4420);
#3653=LINE('',#8653,#4421);
#3654=LINE('',#8655,#4422);
#3655=LINE('',#8657,#4423);
#3656=LINE('',#8658,#4424);
#3657=LINE('',#8661,#4425);
#3658=LINE('',#8662,#4426);
#3659=LINE('',#8664,#4427);
#3660=LINE('',#8666,#4428);
#3661=LINE('',#8668,#4429);
#3662=LINE('',#8670,#4430);
#3663=LINE('',#8671,#4431);
#3664=LINE('',#8678,#4432);
#3665=LINE('',#8679,#4433);
#3666=LINE('',#8682,#4434);
#3667=LINE('',#8685,#4435);
#3668=LINE('',#8686,#4436);
#3669=LINE('',#8688,#4437);
#3670=LINE('',#8690,#4438);
#3671=LINE('',#8692,#4439);
#3672=LINE('',#8694,#4440);
#3673=LINE('',#8696,#4441);
#3674=LINE('',#8703,#4442);
#3675=LINE('',#8707,#4443);
#3676=LINE('',#8710,#4444);
#3677=LINE('',#8722,#4445);
#3678=LINE('',#8747,#4446);
#3679=LINE('',#8748,#4447);
#3680=LINE('',#8750,#4448);
#3681=LINE('',#8752,#4449);
#3682=LINE('',#8757,#4450);
#3683=LINE('',#8761,#4451);
#3684=LINE('',#8763,#4452);
#3685=LINE('',#8764,#4453);
#3686=LINE('',#8766,#4454);
#3687=LINE('',#8770,#4455);
#3688=LINE('',#8772,#4456);
#3689=LINE('',#8774,#4457);
#3690=LINE('',#8776,#4458);
#3691=LINE('',#8779,#4459);
#3692=LINE('',#8781,#4460);
#3693=LINE('',#8783,#4461);
#3694=LINE('',#8786,#4462);
#3695=LINE('',#8788,#4463);
#3696=LINE('',#8790,#4464);
#3697=LINE('',#8793,#4465);
#3698=LINE('',#8795,#4466);
#3699=LINE('',#8798,#4467);
#3700=LINE('',#8801,#4468);
#3701=LINE('',#8802,#4469);
#3702=LINE('',#8804,#4470);
#3703=LINE('',#8806,#4471);
#3704=LINE('',#8808,#4472);
#3705=LINE('',#8809,#4473);
#3706=LINE('',#8811,#4474);
#3707=LINE('',#8813,#4475);
#3708=LINE('',#8814,#4476);
#3709=LINE('',#8816,#4477);
#3710=LINE('',#8818,#4478);
#3711=LINE('',#8820,#4479);
#3712=LINE('',#8822,#4480);
#3713=LINE('',#8823,#4481);
#3714=LINE('',#8826,#4482);
#3715=LINE('',#8828,#4483);
#3716=LINE('',#8830,#4484);
#3717=LINE('',#8832,#4485);
#3718=LINE('',#8833,#4486);
#3719=LINE('',#8835,#4487);
#3720=LINE('',#8836,#4488);
#3721=LINE('',#8843,#4489);
#3722=LINE('',#8844,#4490);
#3723=LINE('',#8847,#4491);
#3724=LINE('',#8849,#4492);
#3725=LINE('',#8851,#4493);
#3726=LINE('',#8853,#4494);
#3727=LINE('',#8857,#4495);
#3728=LINE('',#8859,#4496);
#3729=LINE('',#8862,#4497);
#3730=LINE('',#8863,#4498);
#3731=LINE('',#8868,#4499);
#3732=LINE('',#8872,#4500);
#3733=LINE('',#8880,#4501);
#3734=LINE('',#8882,#4502);
#3735=LINE('',#8912,#4503);
#3736=LINE('',#8914,#4504);
#3737=LINE('',#8916,#4505);
#3738=LINE('',#8918,#4506);
#3739=LINE('',#8920,#4507);
#3740=LINE('',#8922,#4508);
#3741=LINE('',#8929,#4509);
#3742=LINE('',#8931,#4510);
#3743=LINE('',#8933,#4511);
#3744=LINE('',#8935,#4512);
#3745=LINE('',#8937,#4513);
#3746=LINE('',#8946,#4514);
#3747=LINE('',#8947,#4515);
#3748=LINE('',#8949,#4516);
#3749=LINE('',#8951,#4517);
#3750=LINE('',#8953,#4518);
#3751=LINE('',#8954,#4519);
#3752=LINE('',#8956,#4520);
#3753=LINE('',#8957,#4521);
#3754=LINE('',#8958,#4522);
#3755=LINE('',#8960,#4523);
#3756=LINE('',#8962,#4524);
#3757=LINE('',#8964,#4525);
#3758=LINE('',#8966,#4526);
#3759=LINE('',#8972,#4527);
#3760=LINE('',#8974,#4528);
#3761=LINE('',#8976,#4529);
#3762=LINE('',#8978,#4530);
#3763=LINE('',#8980,#4531);
#3764=LINE('',#8982,#4532);
#3765=LINE('',#8984,#4533);
#3766=LINE('',#8986,#4534);
#3767=LINE('',#8988,#4535);
#3768=LINE('',#8990,#4536);
#3769=LINE('',#8991,#4537);
#3770=LINE('',#8992,#4538);
#3771=LINE('',#8996,#4539);
#3772=LINE('',#8998,#4540);
#3773=LINE('',#9000,#4541);
#3774=LINE('',#9002,#4542);
#3775=LINE('',#9005,#4543);
#3776=LINE('',#9006,#4544);
#3777=LINE('',#9008,#4545);
#3778=LINE('',#9010,#4546);
#3779=LINE('',#9012,#4547);
#3780=LINE('',#9014,#4548);
#3781=LINE('',#9015,#4549);
#3782=LINE('',#9016,#4550);
#3783=LINE('',#9020,#4551);
#3784=LINE('',#9021,#4552);
#3785=LINE('',#9023,#4553);
#3786=LINE('',#9025,#4554);
#3787=LINE('',#9027,#4555);
#3788=LINE('',#9028,#4556);
#3789=LINE('',#9030,#4557);
#3790=LINE('',#9031,#4558);
#3791=LINE('',#9032,#4559);
#3792=LINE('',#9034,#4560);
#3793=LINE('',#9036,#4561);
#3794=LINE('',#9038,#4562);
#3795=LINE('',#9040,#4563);
#3796=LINE('',#9046,#4564);
#3797=LINE('',#9048,#4565);
#3798=LINE('',#9050,#4566);
#3799=LINE('',#9052,#4567);
#3800=LINE('',#9054,#4568);
#3801=LINE('',#9056,#4569);
#3802=LINE('',#9058,#4570);
#3803=LINE('',#9060,#4571);
#3804=LINE('',#9062,#4572);
#3805=LINE('',#9064,#4573);
#3806=LINE('',#9065,#4574);
#3807=LINE('',#9066,#4575);
#3808=LINE('',#9070,#4576);
#3809=LINE('',#9071,#4577);
#3810=LINE('',#9073,#4578);
#3811=LINE('',#9075,#4579);
#3812=LINE('',#9077,#4580);
#3813=LINE('',#9078,#4581);
#3814=LINE('',#9080,#4582);
#3815=LINE('',#9081,#4583);
#3816=LINE('',#9082,#4584);
#3817=LINE('',#9084,#4585);
#3818=LINE('',#9086,#4586);
#3819=LINE('',#9088,#4587);
#3820=LINE('',#9090,#4588);
#3821=LINE('',#9096,#4589);
#3822=LINE('',#9098,#4590);
#3823=LINE('',#9100,#4591);
#3824=LINE('',#9102,#4592);
#3825=LINE('',#9104,#4593);
#3826=LINE('',#9106,#4594);
#3827=LINE('',#9108,#4595);
#3828=LINE('',#9110,#4596);
#3829=LINE('',#9112,#4597);
#3830=LINE('',#9114,#4598);
#3831=LINE('',#9115,#4599);
#3832=LINE('',#9116,#4600);
#3833=LINE('',#9120,#4601);
#3834=LINE('',#9123,#4602);
#3835=LINE('',#9124,#4603);
#3836=LINE('',#9126,#4604);
#3837=LINE('',#9128,#4605);
#3838=LINE('',#9130,#4606);
#3839=LINE('',#9132,#4607);
#3840=LINE('',#9134,#4608);
#3841=LINE('',#9136,#4609);
#3842=LINE('',#9138,#4610);
#3843=LINE('',#9139,#4611);
#3844=LINE('',#9140,#4612);
#3845=LINE('',#9144,#4613);
#3846=LINE('',#9147,#4614);
#3847=LINE('',#9148,#4615);
#3848=LINE('',#9150,#4616);
#3849=LINE('',#9152,#4617);
#3850=LINE('',#9154,#4618);
#3851=LINE('',#9156,#4619);
#3852=LINE('',#9158,#4620);
#3853=LINE('',#9160,#4621);
#3854=LINE('',#9162,#4622);
#3855=LINE('',#9163,#4623);
#3856=LINE('',#9164,#4624);
#3857=LINE('',#9168,#4625);
#3858=LINE('',#9170,#4626);
#3859=LINE('',#9172,#4627);
#3860=LINE('',#9173,#4628);
#3861=LINE('',#9175,#4629);
#3862=LINE('',#9178,#4630);
#3863=LINE('',#9179,#4631);
#3864=LINE('',#9180,#4632);
#3865=LINE('',#9183,#4633);
#3866=LINE('',#9185,#4634);
#3867=LINE('',#9187,#4635);
#3868=LINE('',#9188,#4636);
#3869=LINE('',#9190,#4637);
#3870=LINE('',#9193,#4638);
#3871=LINE('',#9194,#4639);
#3872=LINE('',#9195,#4640);
#3873=LINE('',#9204,#4641);
#3874=LINE('',#9205,#4642);
#3875=LINE('',#9206,#4643);
#3876=LINE('',#9208,#4644);
#3877=LINE('',#9209,#4645);
#3878=LINE('',#9210,#4646);
#3879=LINE('',#9215,#4647);
#3880=LINE('',#9217,#4648);
#3881=LINE('',#9220,#4649);
#3882=LINE('',#9222,#4650);
#3883=LINE('',#9226,#4651);
#3884=LINE('',#9229,#4652);
#3885=LINE('',#9231,#4653);
#3886=LINE('',#9233,#4654);
#3887=LINE('',#9235,#4655);
#3888=LINE('',#9238,#4656);
#3889=LINE('',#9240,#4657);
#3890=LINE('',#9242,#4658);
#3891=LINE('',#9246,#4659);
#3892=LINE('',#9250,#4660);
#3893=LINE('',#9252,#4661);
#3894=LINE('',#9254,#4662);
#3895=LINE('',#9256,#4663);
#3896=LINE('',#9259,#4664);
#3897=LINE('',#9261,#4665);
#3898=LINE('',#9263,#4666);
#3899=LINE('',#9265,#4667);
#3900=LINE('',#9268,#4668);
#3901=LINE('',#9270,#4669);
#3902=LINE('',#9272,#4670);
#3903=LINE('',#9276,#4671);
#3904=LINE('',#9280,#4672);
#3905=LINE('',#9282,#4673);
#3906=LINE('',#9284,#4674);
#3907=LINE('',#9286,#4675);
#3908=LINE('',#9287,#4676);
#3909=LINE('',#9289,#4677);
#3910=LINE('',#9290,#4678);
#3911=LINE('',#9292,#4679);
#3912=LINE('',#9293,#4680);
#3913=LINE('',#9295,#4681);
#3914=LINE('',#9297,#4682);
#3915=LINE('',#9300,#4683);
#3916=LINE('',#9301,#4684);
#3917=LINE('',#9303,#4685);
#3918=LINE('',#9305,#4686);
#3919=LINE('',#9309,#4687);
#3920=LINE('',#9312,#4688);
#3921=LINE('',#9314,#4689);
#3922=LINE('',#9316,#4690);
#3923=LINE('',#9318,#4691);
#3924=LINE('',#9321,#4692);
#3925=LINE('',#9323,#4693);
#3926=LINE('',#9325,#4694);
#3927=LINE('',#9329,#4695);
#3928=LINE('',#9333,#4696);
#3929=LINE('',#9335,#4697);
#3930=LINE('',#9337,#4698);
#3931=LINE('',#9339,#4699);
#3932=LINE('',#9342,#4700);
#3933=LINE('',#9344,#4701);
#3934=LINE('',#9346,#4702);
#3935=LINE('',#9348,#4703);
#3936=LINE('',#9351,#4704);
#3937=LINE('',#9353,#4705);
#3938=LINE('',#9355,#4706);
#3939=LINE('',#9359,#4707);
#3940=LINE('',#9363,#4708);
#3941=LINE('',#9365,#4709);
#3942=LINE('',#9367,#4710);
#3943=LINE('',#9369,#4711);
#3944=LINE('',#9370,#4712);
#3945=LINE('',#9372,#4713);
#3946=LINE('',#9373,#4714);
#3947=LINE('',#9375,#4715);
#3948=LINE('',#9376,#4716);
#3949=LINE('',#9378,#4717);
#3950=LINE('',#9380,#4718);
#3951=LINE('',#9383,#4719);
#3952=LINE('',#9384,#4720);
#3953=LINE('',#9386,#4721);
#3954=LINE('',#9388,#4722);
#3955=VECTOR('',#6240,1000.);
#3956=VECTOR('',#6241,1000.);
#3957=VECTOR('',#6242,1000.);
#3958=VECTOR('',#6243,1000.);
#3959=VECTOR('',#6246,1000.);
#3960=VECTOR('',#6247,1000.);
#3961=VECTOR('',#6248,1000.);
#3962=VECTOR('',#6249,1000.);
#3963=VECTOR('',#6252,1000.);
#3964=VECTOR('',#6253,1000.);
#3965=VECTOR('',#6254,1000.);
#3966=VECTOR('',#6255,1000.);
#3967=VECTOR('',#6258,1000.);
#3968=VECTOR('',#6259,1000.);
#3969=VECTOR('',#6260,1000.);
#3970=VECTOR('',#6261,1000.);
#3971=VECTOR('',#6264,1000.);
#3972=VECTOR('',#6265,1000.);
#3973=VECTOR('',#6266,1000.);
#3974=VECTOR('',#6267,1000.);
#3975=VECTOR('',#6270,1000.);
#3976=VECTOR('',#6271,1000.);
#3977=VECTOR('',#6272,1000.);
#3978=VECTOR('',#6273,1000.);
#3979=VECTOR('',#6276,1000.);
#3980=VECTOR('',#6277,1000.);
#3981=VECTOR('',#6278,1000.);
#3982=VECTOR('',#6279,1000.);
#3983=VECTOR('',#6282,1000.);
#3984=VECTOR('',#6283,1000.);
#3985=VECTOR('',#6284,1000.);
#3986=VECTOR('',#6285,1000.);
#3987=VECTOR('',#6288,1000.);
#3988=VECTOR('',#6289,1000.);
#3989=VECTOR('',#6290,1000.);
#3990=VECTOR('',#6291,1000.);
#3991=VECTOR('',#6292,1000.);
#3992=VECTOR('',#6293,1000.);
#3993=VECTOR('',#6296,1000.);
#3994=VECTOR('',#6297,1000.);
#3995=VECTOR('',#6298,1000.);
#3996=VECTOR('',#6299,1000.);
#3997=VECTOR('',#6302,1000.);
#3998=VECTOR('',#6303,1000.);
#3999=VECTOR('',#6304,1000.);
#4000=VECTOR('',#6305,1000.);
#4001=VECTOR('',#6308,1000.);
#4002=VECTOR('',#6309,1000.);
#4003=VECTOR('',#6310,1000.);
#4004=VECTOR('',#6311,1000.);
#4005=VECTOR('',#6312,1000.);
#4006=VECTOR('',#6313,1000.);
#4007=VECTOR('',#6316,1000.);
#4008=VECTOR('',#6317,1000.);
#4009=VECTOR('',#6318,1000.);
#4010=VECTOR('',#6319,1000.);
#4011=VECTOR('',#6320,1000.);
#4012=VECTOR('',#6321,1000.);
#4013=VECTOR('',#6322,1000.);
#4014=VECTOR('',#6323,1000.);
#4015=VECTOR('',#6326,1000.);
#4016=VECTOR('',#6327,1000.);
#4017=VECTOR('',#6328,1000.);
#4018=VECTOR('',#6329,1000.);
#4019=VECTOR('',#6330,1000.);
#4020=VECTOR('',#6331,1000.);
#4021=VECTOR('',#6332,1000.);
#4022=VECTOR('',#6333,1000.);
#4023=VECTOR('',#6336,1000.);
#4024=VECTOR('',#6337,1000.);
#4025=VECTOR('',#6338,1000.);
#4026=VECTOR('',#6339,1000.);
#4027=VECTOR('',#6340,1000.);
#4028=VECTOR('',#6341,1000.);
#4029=VECTOR('',#6342,1000.);
#4030=VECTOR('',#6343,1000.);
#4031=VECTOR('',#6346,1000.);
#4032=VECTOR('',#6347,1000.);
#4033=VECTOR('',#6348,1000.);
#4034=VECTOR('',#6349,1000.);
#4035=VECTOR('',#6350,1000.);
#4036=VECTOR('',#6351,1000.);
#4037=VECTOR('',#6352,1000.);
#4038=VECTOR('',#6353,1000.);
#4039=VECTOR('',#6356,1000.);
#4040=VECTOR('',#6357,1000.);
#4041=VECTOR('',#6358,1000.);
#4042=VECTOR('',#6359,1000.);
#4043=VECTOR('',#6360,1000.);
#4044=VECTOR('',#6361,1000.);
#4045=VECTOR('',#6362,1000.);
#4046=VECTOR('',#6363,1000.);
#4047=VECTOR('',#6366,1000.);
#4048=VECTOR('',#6367,1000.);
#4049=VECTOR('',#6368,1000.);
#4050=VECTOR('',#6369,1000.);
#4051=VECTOR('',#6370,1000.);
#4052=VECTOR('',#6371,1000.);
#4053=VECTOR('',#6372,1000.);
#4054=VECTOR('',#6373,1000.);
#4055=VECTOR('',#6376,1000.);
#4056=VECTOR('',#6377,1000.);
#4057=VECTOR('',#6378,1000.);
#4058=VECTOR('',#6379,1000.);
#4059=VECTOR('',#6382,1000.);
#4060=VECTOR('',#6383,1000.);
#4061=VECTOR('',#6384,1000.);
#4062=VECTOR('',#6385,1000.);
#4063=VECTOR('',#6388,1000.);
#4064=VECTOR('',#6389,1000.);
#4065=VECTOR('',#6392,1000.);
#4066=VECTOR('',#6393,1000.);
#4067=VECTOR('',#6394,1000.);
#4068=VECTOR('',#6395,1000.);
#4069=VECTOR('',#6396,1000.);
#4070=VECTOR('',#6397,1000.);
#4071=VECTOR('',#6398,1000.);
#4072=VECTOR('',#6399,1000.);
#4073=VECTOR('',#6402,1000.);
#4074=VECTOR('',#6403,1000.);
#4075=VECTOR('',#6404,1000.);
#4076=VECTOR('',#6405,1000.);
#4077=VECTOR('',#6406,1000.);
#4078=VECTOR('',#6407,1000.);
#4079=VECTOR('',#6410,1000.);
#4080=VECTOR('',#6411,1000.);
#4081=VECTOR('',#6412,1000.);
#4082=VECTOR('',#6413,1000.);
#4083=VECTOR('',#6414,1000.);
#4084=VECTOR('',#6415,1000.);
#4085=VECTOR('',#6416,1000.);
#4086=VECTOR('',#6417,1000.);
#4087=VECTOR('',#6422,1000.);
#4088=VECTOR('',#6423,1000.);
#4089=VECTOR('',#6424,1000.);
#4090=VECTOR('',#6425,1000.);
#4091=VECTOR('',#6428,1000.);
#4092=VECTOR('',#6431,1000.);
#4093=VECTOR('',#6432,1000.);
#4094=VECTOR('',#6433,1000.);
#4095=VECTOR('',#6434,1000.);
#4096=VECTOR('',#6435,1000.);
#4097=VECTOR('',#6436,1000.);
#4098=VECTOR('',#6437,1000.);
#4099=VECTOR('',#6440,1000.);
#4100=VECTOR('',#6441,1000.);
#4101=VECTOR('',#6444,1000.);
#4102=VECTOR('',#6445,1000.);
#4103=VECTOR('',#6446,1000.);
#4104=VECTOR('',#6447,1000.);
#4105=VECTOR('',#6450,1000.);
#4106=VECTOR('',#6451,1000.);
#4107=VECTOR('',#6452,1000.);
#4108=VECTOR('',#6453,1000.);
#4109=VECTOR('',#6456,1000.);
#4110=VECTOR('',#6457,1000.);
#4111=VECTOR('',#6458,1000.);
#4112=VECTOR('',#6459,1000.);
#4113=VECTOR('',#6466,1000.);
#4114=VECTOR('',#6467,1000.);
#4115=VECTOR('',#6468,1000.);
#4116=VECTOR('',#6473,1000.);
#4117=VECTOR('',#6474,1000.);
#4118=VECTOR('',#6475,1000.);
#4119=VECTOR('',#6476,1000.);
#4120=VECTOR('',#6477,1000.);
#4121=VECTOR('',#6482,1000.);
#4122=VECTOR('',#6483,1000.);
#4123=VECTOR('',#6486,1000.);
#4124=VECTOR('',#6487,1000.);
#4125=VECTOR('',#6488,1000.);
#4126=VECTOR('',#6489,1000.);
#4127=VECTOR('',#6492,1000.);
#4128=VECTOR('',#6493,1000.);
#4129=VECTOR('',#6494,1000.);
#4130=VECTOR('',#6495,1000.);
#4131=VECTOR('',#6498,1000.);
#4132=VECTOR('',#6499,1000.);
#4133=VECTOR('',#6500,1000.);
#4134=VECTOR('',#6501,1000.);
#4135=VECTOR('',#6508,1000.);
#4136=VECTOR('',#6509,1000.);
#4137=VECTOR('',#6510,1000.);
#4138=VECTOR('',#6515,1000.);
#4139=VECTOR('',#6516,1000.);
#4140=VECTOR('',#6517,1000.);
#4141=VECTOR('',#6518,1000.);
#4142=VECTOR('',#6519,1000.);
#4143=VECTOR('',#6524,1000.);
#4144=VECTOR('',#6525,1000.);
#4145=VECTOR('',#6526,1000.);
#4146=VECTOR('',#6527,1000.);
#4147=VECTOR('',#6528,1000.);
#4148=VECTOR('',#6529,1000.);
#4149=VECTOR('',#6530,1000.);
#4150=VECTOR('',#6531,1000.);
#4151=VECTOR('',#6532,1000.);
#4152=VECTOR('',#6533,1000.);
#4153=VECTOR('',#6534,1000.);
#4154=VECTOR('',#6537,1000.);
#4155=VECTOR('',#6538,1000.);
#4156=VECTOR('',#6539,1000.);
#4157=VECTOR('',#6540,1000.);
#4158=VECTOR('',#6541,1000.);
#4159=VECTOR('',#6542,1000.);
#4160=VECTOR('',#6543,1000.);
#4161=VECTOR('',#6546,1000.);
#4162=VECTOR('',#6547,1000.);
#4163=VECTOR('',#6550,1000.);
#4164=VECTOR('',#6551,1000.);
#4165=VECTOR('',#6554,1000.);
#4166=VECTOR('',#6555,1000.);
#4167=VECTOR('',#6556,1000.);
#4168=VECTOR('',#6557,1000.);
#4169=VECTOR('',#6560,1000.);
#4170=VECTOR('',#6561,1000.);
#4171=VECTOR('',#6562,1000.);
#4172=VECTOR('',#6563,1000.);
#4173=VECTOR('',#6564,1000.);
#4174=VECTOR('',#6565,1000.);
#4175=VECTOR('',#6566,1000.);
#4176=VECTOR('',#6567,1000.);
#4177=VECTOR('',#6568,1000.);
#4178=VECTOR('',#6569,1000.);
#4179=VECTOR('',#6570,1000.);
#4180=VECTOR('',#6571,1000.);
#4181=VECTOR('',#6572,1000.);
#4182=VECTOR('',#6573,1000.);
#4183=VECTOR('',#6574,1000.);
#4184=VECTOR('',#6575,1000.);
#4185=VECTOR('',#6576,1000.);
#4186=VECTOR('',#6577,1000.);
#4187=VECTOR('',#6578,1000.);
#4188=VECTOR('',#6579,1000.);
#4189=VECTOR('',#6580,1000.);
#4190=VECTOR('',#6581,1000.);
#4191=VECTOR('',#6582,1000.);
#4192=VECTOR('',#6583,1000.);
#4193=VECTOR('',#6586,1000.);
#4194=VECTOR('',#6587,1000.);
#4195=VECTOR('',#6588,1000.);
#4196=VECTOR('',#6589,1000.);
#4197=VECTOR('',#6590,1000.);
#4198=VECTOR('',#6591,1000.);
#4199=VECTOR('',#6594,1000.);
#4200=VECTOR('',#6595,1000.);
#4201=VECTOR('',#6596,1000.);
#4202=VECTOR('',#6597,1000.);
#4203=VECTOR('',#6598,1000.);
#4204=VECTOR('',#6599,1000.);
#4205=VECTOR('',#6600,1000.);
#4206=VECTOR('',#6601,1000.);
#4207=VECTOR('',#6602,1000.);
#4208=VECTOR('',#6603,1000.);
#4209=VECTOR('',#6604,1000.);
#4210=VECTOR('',#6605,1000.);
#4211=VECTOR('',#6606,1000.);
#4212=VECTOR('',#6607,1000.);
#4213=VECTOR('',#6608,1000.);
#4214=VECTOR('',#6609,1000.);
#4215=VECTOR('',#6610,1000.);
#4216=VECTOR('',#6611,1000.);
#4217=VECTOR('',#6612,1000.);
#4218=VECTOR('',#6613,1000.);
#4219=VECTOR('',#6614,1000.);
#4220=VECTOR('',#6615,1000.);
#4221=VECTOR('',#6616,1000.);
#4222=VECTOR('',#6619,1000.);
#4223=VECTOR('',#6620,1000.);
#4224=VECTOR('',#6621,1000.);
#4225=VECTOR('',#6626,1000.);
#4226=VECTOR('',#6627,1000.);
#4227=VECTOR('',#6628,1000.);
#4228=VECTOR('',#6629,1000.);
#4229=VECTOR('',#6632,1000.);
#4230=VECTOR('',#6633,1000.);
#4231=VECTOR('',#6634,1000.);
#4232=VECTOR('',#6635,1000.);
#4233=VECTOR('',#6638,1000.);
#4234=VECTOR('',#6639,1000.);
#4235=VECTOR('',#6640,1000.);
#4236=VECTOR('',#6641,1000.);
#4237=VECTOR('',#6642,1000.);
#4238=VECTOR('',#6643,1000.);
#4239=VECTOR('',#6644,1000.);
#4240=VECTOR('',#6645,1000.);
#4241=VECTOR('',#6646,1000.);
#4242=VECTOR('',#6647,1000.);
#4243=VECTOR('',#6648,1000.);
#4244=VECTOR('',#6649,1000.);
#4245=VECTOR('',#6650,1000.);
#4246=VECTOR('',#6651,1000.);
#4247=VECTOR('',#6652,1000.);
#4248=VECTOR('',#6653,1000.);
#4249=VECTOR('',#6654,1000.);
#4250=VECTOR('',#6655,1000.);
#4251=VECTOR('',#6656,1000.);
#4252=VECTOR('',#6657,1000.);
#4253=VECTOR('',#6658,1000.);
#4254=VECTOR('',#6659,1000.);
#4255=VECTOR('',#6662,1000.);
#4256=VECTOR('',#6663,1000.);
#4257=VECTOR('',#6664,1000.);
#4258=VECTOR('',#6665,1000.);
#4259=VECTOR('',#6666,1000.);
#4260=VECTOR('',#6667,1000.);
#4261=VECTOR('',#6668,1000.);
#4262=VECTOR('',#6669,1000.);
#4263=VECTOR('',#6670,1000.);
#4264=VECTOR('',#6671,1000.);
#4265=VECTOR('',#6672,1000.);
#4266=VECTOR('',#6673,1000.);
#4267=VECTOR('',#6674,1000.);
#4268=VECTOR('',#6675,1000.);
#4269=VECTOR('',#6676,1000.);
#4270=VECTOR('',#6677,1000.);
#4271=VECTOR('',#6678,1000.);
#4272=VECTOR('',#6679,1000.);
#4273=VECTOR('',#6680,1000.);
#4274=VECTOR('',#6681,1000.);
#4275=VECTOR('',#6682,1000.);
#4276=VECTOR('',#6685,1000.);
#4277=VECTOR('',#6686,1000.);
#4278=VECTOR('',#6687,1000.);
#4279=VECTOR('',#6690,1000.);
#4280=VECTOR('',#6691,1000.);
#4281=VECTOR('',#6692,1000.);
#4282=VECTOR('',#6693,1000.);
#4283=VECTOR('',#6694,1000.);
#4284=VECTOR('',#6695,1000.);
#4285=VECTOR('',#6696,1000.);
#4286=VECTOR('',#6697,1000.);
#4287=VECTOR('',#6700,1000.);
#4288=VECTOR('',#6701,1000.);
#4289=VECTOR('',#6702,1000.);
#4290=VECTOR('',#6703,1000.);
#4291=VECTOR('',#6704,1000.);
#4292=VECTOR('',#6705,1000.);
#4293=VECTOR('',#6706,1000.);
#4294=VECTOR('',#6707,1000.);
#4295=VECTOR('',#6708,1000.);
#4296=VECTOR('',#6709,1000.);
#4297=VECTOR('',#6710,1000.);
#4298=VECTOR('',#6711,1000.);
#4299=VECTOR('',#6712,1000.);
#4300=VECTOR('',#6713,1000.);
#4301=VECTOR('',#6714,1000.);
#4302=VECTOR('',#6715,1000.);
#4303=VECTOR('',#6716,1000.);
#4304=VECTOR('',#6717,1000.);
#4305=VECTOR('',#6718,1000.);
#4306=VECTOR('',#6719,1000.);
#4307=VECTOR('',#6720,1000.);
#4308=VECTOR('',#6721,1000.);
#4309=VECTOR('',#6722,1000.);
#4310=VECTOR('',#6723,1000.);
#4311=VECTOR('',#6724,1000.);
#4312=VECTOR('',#6725,1000.);
#4313=VECTOR('',#6728,1000.);
#4314=VECTOR('',#6729,1000.);
#4315=VECTOR('',#6730,1000.);
#4316=VECTOR('',#6731,1000.);
#4317=VECTOR('',#6732,1000.);
#4318=VECTOR('',#6733,1000.);
#4319=VECTOR('',#6734,1000.);
#4320=VECTOR('',#6735,1000.);
#4321=VECTOR('',#6736,1000.);
#4322=VECTOR('',#6737,1000.);
#4323=VECTOR('',#6738,1000.);
#4324=VECTOR('',#6739,1000.);
#4325=VECTOR('',#6740,1000.);
#4326=VECTOR('',#6741,1000.);
#4327=VECTOR('',#6742,1000.);
#4328=VECTOR('',#6743,1000.);
#4329=VECTOR('',#6744,1000.);
#4330=VECTOR('',#6745,1000.);
#4331=VECTOR('',#6746,1000.);
#4332=VECTOR('',#6747,1000.);
#4333=VECTOR('',#6748,1000.);
#4334=VECTOR('',#6749,1000.);
#4335=VECTOR('',#6750,1000.);
#4336=VECTOR('',#6751,1000.);
#4337=VECTOR('',#6752,1000.);
#4338=VECTOR('',#6753,1000.);
#4339=VECTOR('',#6754,1000.);
#4340=VECTOR('',#6755,1000.);
#4341=VECTOR('',#6756,1000.);
#4342=VECTOR('',#6757,1000.);
#4343=VECTOR('',#6758,1000.);
#4344=VECTOR('',#6759,1000.);
#4345=VECTOR('',#6760,1000.);
#4346=VECTOR('',#6761,1000.);
#4347=VECTOR('',#6762,1000.);
#4348=VECTOR('',#6763,1000.);
#4349=VECTOR('',#6764,1000.);
#4350=VECTOR('',#6765,1000.);
#4351=VECTOR('',#6766,1000.);
#4352=VECTOR('',#6767,1000.);
#4353=VECTOR('',#6768,1000.);
#4354=VECTOR('',#6769,1000.);
#4355=VECTOR('',#6772,1000.);
#4356=VECTOR('',#6773,1000.);
#4357=VECTOR('',#6774,1000.);
#4358=VECTOR('',#6777,1000.);
#4359=VECTOR('',#6778,1000.);
#4360=VECTOR('',#6779,1000.);
#4361=VECTOR('',#6780,1000.);
#4362=VECTOR('',#6783,1000.);
#4363=VECTOR('',#6784,1000.);
#4364=VECTOR('',#6785,1000.);
#4365=VECTOR('',#6788,1000.);
#4366=VECTOR('',#6791,1000.);
#4367=VECTOR('',#6794,1000.);
#4368=VECTOR('',#6795,1000.);
#4369=VECTOR('',#6796,1000.);
#4370=VECTOR('',#6797,1000.);
#4371=VECTOR('',#6798,1000.);
#4372=VECTOR('',#6799,1000.);
#4373=VECTOR('',#6804,1000.);
#4374=VECTOR('',#6805,1000.);
#4375=VECTOR('',#6806,1000.);
#4376=VECTOR('',#6807,1000.);
#4377=VECTOR('',#6808,1000.);
#4378=VECTOR('',#6809,1000.);
#4379=VECTOR('',#6810,1000.);
#4380=VECTOR('',#6813,1000.);
#4381=VECTOR('',#6818,1000.);
#4382=VECTOR('',#6819,1000.);
#4383=VECTOR('',#6822,1000.);
#4384=VECTOR('',#6827,1000.);
#4385=VECTOR('',#6830,1000.);
#4386=VECTOR('',#6833,1000.);
#4387=VECTOR('',#6840,1000.);
#4388=VECTOR('',#6841,1000.);
#4389=VECTOR('',#6844,1000.);
#4390=VECTOR('',#6847,1000.);
#4391=VECTOR('',#6850,1000.);
#4392=VECTOR('',#6855,1000.);
#4393=VECTOR('',#6858,1000.);
#4394=VECTOR('',#6865,1000.);
#4395=VECTOR('',#6866,1000.);
#4396=VECTOR('',#6867,1000.);
#4397=VECTOR('',#6868,1000.);
#4398=VECTOR('',#6869,1000.);
#4399=VECTOR('',#6872,1000.);
#4400=VECTOR('',#6875,1000.);
#4401=VECTOR('',#6878,1000.);
#4402=VECTOR('',#6883,1000.);
#4403=VECTOR('',#6884,1000.);
#4404=VECTOR('',#6885,1000.);
#4405=VECTOR('',#6890,1000.);
#4406=VECTOR('',#6891,1000.);
#4407=VECTOR('',#6892,1000.);
#4408=VECTOR('',#6897,1000.);
#4409=VECTOR('',#6898,1000.);
#4410=VECTOR('',#6901,1000.);
#4411=VECTOR('',#6902,1000.);
#4412=VECTOR('',#6903,1000.);
#4413=VECTOR('',#6904,1000.);
#4414=VECTOR('',#6905,1000.);
#4415=VECTOR('',#6908,1000.);
#4416=VECTOR('',#6909,1000.);
#4417=VECTOR('',#6910,1000.);
#4418=VECTOR('',#6913,1000.);
#4419=VECTOR('',#6914,1000.);
#4420=VECTOR('',#6915,1000.);
#4421=VECTOR('',#6916,1000.);
#4422=VECTOR('',#6917,1000.);
#4423=VECTOR('',#6920,1000.);
#4424=VECTOR('',#6921,1000.);
#4425=VECTOR('',#6926,1000.);
#4426=VECTOR('',#6927,1000.);
#4427=VECTOR('',#6928,1000.);
#4428=VECTOR('',#6931,1000.);
#4429=VECTOR('',#6932,1000.);
#4430=VECTOR('',#6935,1000.);
#4431=VECTOR('',#6936,1000.);
#4432=VECTOR('',#6949,1000.);
#4433=VECTOR('',#6950,1000.);
#4434=VECTOR('',#6955,1000.);
#4435=VECTOR('',#6956,1000.);
#4436=VECTOR('',#6957,1000.);
#4437=VECTOR('',#6958,1000.);
#4438=VECTOR('',#6961,1000.);
#4439=VECTOR('',#6962,1000.);
#4440=VECTOR('',#6963,1000.);
#4441=VECTOR('',#6964,1000.);
#4442=VECTOR('',#6977,1000.);
#4443=VECTOR('',#6980,1000.);
#4444=VECTOR('',#6985,1000.);
#4445=VECTOR('',#6988,1000.);
#4446=VECTOR('',#7001,1000.);
#4447=VECTOR('',#7002,1000.);
#4448=VECTOR('',#7005,1000.);
#4449=VECTOR('',#7008,1000.);
#4450=VECTOR('',#7011,1000.);
#4451=VECTOR('',#7014,1000.);
#4452=VECTOR('',#7015,1000.);
#4453=VECTOR('',#7016,1000.);
#4454=VECTOR('',#7017,1000.);
#4455=VECTOR('',#7022,1000.);
#4456=VECTOR('',#7025,1000.);
#4457=VECTOR('',#7026,1000.);
#4458=VECTOR('',#7029,1000.);
#4459=VECTOR('',#7034,1000.);
#4460=VECTOR('',#7037,1000.);
#4461=VECTOR('',#7040,1000.);
#4462=VECTOR('',#7045,1000.);
#4463=VECTOR('',#7048,1000.);
#4464=VECTOR('',#7051,1000.);
#4465=VECTOR('',#7056,1000.);
#4466=VECTOR('',#7059,1000.);
#4467=VECTOR('',#7064,1000.);
#4468=VECTOR('',#7065,1000.);
#4469=VECTOR('',#7066,1000.);
#4470=VECTOR('',#7067,1000.);
#4471=VECTOR('',#7068,1000.);
#4472=VECTOR('',#7071,1000.);
#4473=VECTOR('',#7072,1000.);
#4474=VECTOR('',#7073,1000.);
#4475=VECTOR('',#7076,1000.);
#4476=VECTOR('',#7077,1000.);
#4477=VECTOR('',#7078,1000.);
#4478=VECTOR('',#7081,1000.);
#4479=VECTOR('',#7082,1000.);
#4480=VECTOR('',#7083,1000.);
#4481=VECTOR('',#7084,1000.);
#4482=VECTOR('',#7089,1000.);
#4483=VECTOR('',#7090,1000.);
#4484=VECTOR('',#7091,1000.);
#4485=VECTOR('',#7094,1000.);
#4486=VECTOR('',#7095,1000.);
#4487=VECTOR('',#7098,1000.);
#4488=VECTOR('',#7099,1000.);
#4489=VECTOR('',#7112,1000.);
#4490=VECTOR('',#7113,1000.);
#4491=VECTOR('',#7118,1000.);
#4492=VECTOR('',#7119,1000.);
#4493=VECTOR('',#7120,1000.);
#4494=VECTOR('',#7121,1000.);
#4495=VECTOR('',#7126,1000.);
#4496=VECTOR('',#7129,1000.);
#4497=VECTOR('',#7130,1000.);
#4498=VECTOR('',#7131,1000.);
#4499=VECTOR('',#7140,1000.);
#4500=VECTOR('',#7143,1000.);
#4501=VECTOR('',#7148,1000.);
#4502=VECTOR('',#7151,1000.);
#4503=VECTOR('',#7164,1000.);
#4504=VECTOR('',#7165,1000.);
#4505=VECTOR('',#7166,1000.);
#4506=VECTOR('',#7169,1000.);
#4507=VECTOR('',#7170,1000.);
#4508=VECTOR('',#7171,1000.);
#4509=VECTOR('',#7184,1000.);
#4510=VECTOR('',#7185,1000.);
#4511=VECTOR('',#7188,1000.);
#4512=VECTOR('',#7189,1000.);
#4513=VECTOR('',#7192,1000.);
#4514=VECTOR('',#7209,1000.);
#4515=VECTOR('',#7210,1000.);
#4516=VECTOR('',#7211,1000.);
#4517=VECTOR('',#7212,1000.);
#4518=VECTOR('',#7213,1000.);
#4519=VECTOR('',#7214,1000.);
#4520=VECTOR('',#7217,1000.);
#4521=VECTOR('',#7218,1000.);
#4522=VECTOR('',#7219,1000.);
#4523=VECTOR('',#7220,1000.);
#4524=VECTOR('',#7221,1000.);
#4525=VECTOR('',#7222,1000.);
#4526=VECTOR('',#7225,1000.);
#4527=VECTOR('',#7236,1000.);
#4528=VECTOR('',#7237,1000.);
#4529=VECTOR('',#7238,1000.);
#4530=VECTOR('',#7241,1000.);
#4531=VECTOR('',#7242,1000.);
#4532=VECTOR('',#7245,1000.);
#4533=VECTOR('',#7246,1000.);
#4534=VECTOR('',#7249,1000.);
#4535=VECTOR('',#7250,1000.);
#4536=VECTOR('',#7253,1000.);
#4537=VECTOR('',#7254,1000.);
#4538=VECTOR('',#7255,1000.);
#4539=VECTOR('',#7262,1000.);
#4540=VECTOR('',#7263,1000.);
#4541=VECTOR('',#7264,1000.);
#4542=VECTOR('',#7267,1000.);
#4543=VECTOR('',#7268,1000.);
#4544=VECTOR('',#7269,1000.);
#4545=VECTOR('',#7272,1000.);
#4546=VECTOR('',#7273,1000.);
#4547=VECTOR('',#7276,1000.);
#4548=VECTOR('',#7279,1000.);
#4549=VECTOR('',#7280,1000.);
#4550=VECTOR('',#7281,1000.);
#4551=VECTOR('',#7288,1000.);
#4552=VECTOR('',#7289,1000.);
#4553=VECTOR('',#7290,1000.);
#4554=VECTOR('',#7291,1000.);
#4555=VECTOR('',#7292,1000.);
#4556=VECTOR('',#7293,1000.);
#4557=VECTOR('',#7296,1000.);
#4558=VECTOR('',#7297,1000.);
#4559=VECTOR('',#7298,1000.);
#4560=VECTOR('',#7299,1000.);
#4561=VECTOR('',#7300,1000.);
#4562=VECTOR('',#7301,1000.);
#4563=VECTOR('',#7304,1000.);
#4564=VECTOR('',#7315,1000.);
#4565=VECTOR('',#7316,1000.);
#4566=VECTOR('',#7317,1000.);
#4567=VECTOR('',#7320,1000.);
#4568=VECTOR('',#7321,1000.);
#4569=VECTOR('',#7324,1000.);
#4570=VECTOR('',#7325,1000.);
#4571=VECTOR('',#7328,1000.);
#4572=VECTOR('',#7329,1000.);
#4573=VECTOR('',#7332,1000.);
#4574=VECTOR('',#7333,1000.);
#4575=VECTOR('',#7334,1000.);
#4576=VECTOR('',#7341,1000.);
#4577=VECTOR('',#7342,1000.);
#4578=VECTOR('',#7343,1000.);
#4579=VECTOR('',#7344,1000.);
#4580=VECTOR('',#7345,1000.);
#4581=VECTOR('',#7346,1000.);
#4582=VECTOR('',#7349,1000.);
#4583=VECTOR('',#7350,1000.);
#4584=VECTOR('',#7351,1000.);
#4585=VECTOR('',#7352,1000.);
#4586=VECTOR('',#7353,1000.);
#4587=VECTOR('',#7354,1000.);
#4588=VECTOR('',#7357,1000.);
#4589=VECTOR('',#7368,1000.);
#4590=VECTOR('',#7369,1000.);
#4591=VECTOR('',#7370,1000.);
#4592=VECTOR('',#7373,1000.);
#4593=VECTOR('',#7374,1000.);
#4594=VECTOR('',#7377,1000.);
#4595=VECTOR('',#7378,1000.);
#4596=VECTOR('',#7381,1000.);
#4597=VECTOR('',#7382,1000.);
#4598=VECTOR('',#7385,1000.);
#4599=VECTOR('',#7386,1000.);
#4600=VECTOR('',#7387,1000.);
#4601=VECTOR('',#7394,1000.);
#4602=VECTOR('',#7395,1000.);
#4603=VECTOR('',#7396,1000.);
#4604=VECTOR('',#7399,1000.);
#4605=VECTOR('',#7400,1000.);
#4606=VECTOR('',#7403,1000.);
#4607=VECTOR('',#7404,1000.);
#4608=VECTOR('',#7407,1000.);
#4609=VECTOR('',#7408,1000.);
#4610=VECTOR('',#7411,1000.);
#4611=VECTOR('',#7412,1000.);
#4612=VECTOR('',#7413,1000.);
#4613=VECTOR('',#7420,1000.);
#4614=VECTOR('',#7421,1000.);
#4615=VECTOR('',#7422,1000.);
#4616=VECTOR('',#7425,1000.);
#4617=VECTOR('',#7426,1000.);
#4618=VECTOR('',#7429,1000.);
#4619=VECTOR('',#7430,1000.);
#4620=VECTOR('',#7433,1000.);
#4621=VECTOR('',#7434,1000.);
#4622=VECTOR('',#7437,1000.);
#4623=VECTOR('',#7438,1000.);
#4624=VECTOR('',#7439,1000.);
#4625=VECTOR('',#7446,1000.);
#4626=VECTOR('',#7447,1000.);
#4627=VECTOR('',#7448,1000.);
#4628=VECTOR('',#7449,1000.);
#4629=VECTOR('',#7452,1000.);
#4630=VECTOR('',#7453,1000.);
#4631=VECTOR('',#7454,1000.);
#4632=VECTOR('',#7455,1000.);
#4633=VECTOR('',#7460,1000.);
#4634=VECTOR('',#7461,1000.);
#4635=VECTOR('',#7462,1000.);
#4636=VECTOR('',#7463,1000.);
#4637=VECTOR('',#7466,1000.);
#4638=VECTOR('',#7467,1000.);
#4639=VECTOR('',#7468,1000.);
#4640=VECTOR('',#7469,1000.);
#4641=VECTOR('',#7486,1000.);
#4642=VECTOR('',#7487,1000.);
#4643=VECTOR('',#7488,1000.);
#4644=VECTOR('',#7491,1000.);
#4645=VECTOR('',#7492,1000.);
#4646=VECTOR('',#7493,1000.);
#4647=VECTOR('',#7502,1000.);
#4648=VECTOR('',#7505,1000.);
#4649=VECTOR('',#7510,1000.);
#4650=VECTOR('',#7513,1000.);
#4651=VECTOR('',#7520,1000.);
#4652=VECTOR('',#7521,1000.);
#4653=VECTOR('',#7522,1000.);
#4654=VECTOR('',#7523,1000.);
#4655=VECTOR('',#7526,1000.);
#4656=VECTOR('',#7527,1000.);
#4657=VECTOR('',#7528,1000.);
#4658=VECTOR('',#7529,1000.);
#4659=VECTOR('',#7534,1000.);
#4660=VECTOR('',#7539,1000.);
#4661=VECTOR('',#7540,1000.);
#4662=VECTOR('',#7541,1000.);
#4663=VECTOR('',#7544,1000.);
#4664=VECTOR('',#7545,1000.);
#4665=VECTOR('',#7546,1000.);
#4666=VECTOR('',#7547,1000.);
#4667=VECTOR('',#7550,1000.);
#4668=VECTOR('',#7551,1000.);
#4669=VECTOR('',#7552,1000.);
#4670=VECTOR('',#7553,1000.);
#4671=VECTOR('',#7558,1000.);
#4672=VECTOR('',#7563,1000.);
#4673=VECTOR('',#7564,1000.);
#4674=VECTOR('',#7565,1000.);
#4675=VECTOR('',#7568,1000.);
#4676=VECTOR('',#7569,1000.);
#4677=VECTOR('',#7572,1000.);
#4678=VECTOR('',#7573,1000.);
#4679=VECTOR('',#7576,1000.);
#4680=VECTOR('',#7577,1000.);
#4681=VECTOR('',#7580,1000.);
#4682=VECTOR('',#7583,1000.);
#4683=VECTOR('',#7588,1000.);
#4684=VECTOR('',#7589,1000.);
#4685=VECTOR('',#7592,1000.);
#4686=VECTOR('',#7595,1000.);
#4687=VECTOR('',#7602,1000.);
#4688=VECTOR('',#7603,1000.);
#4689=VECTOR('',#7604,1000.);
#4690=VECTOR('',#7605,1000.);
#4691=VECTOR('',#7608,1000.);
#4692=VECTOR('',#7609,1000.);
#4693=VECTOR('',#7610,1000.);
#4694=VECTOR('',#7611,1000.);
#4695=VECTOR('',#7616,1000.);
#4696=VECTOR('',#7621,1000.);
#4697=VECTOR('',#7622,1000.);
#4698=VECTOR('',#7623,1000.);
#4699=VECTOR('',#7626,1000.);
#4700=VECTOR('',#7627,1000.);
#4701=VECTOR('',#7628,1000.);
#4702=VECTOR('',#7629,1000.);
#4703=VECTOR('',#7632,1000.);
#4704=VECTOR('',#7633,1000.);
#4705=VECTOR('',#7634,1000.);
#4706=VECTOR('',#7635,1000.);
#4707=VECTOR('',#7640,1000.);
#4708=VECTOR('',#7645,1000.);
#4709=VECTOR('',#7646,1000.);
#4710=VECTOR('',#7647,1000.);
#4711=VECTOR('',#7650,1000.);
#4712=VECTOR('',#7651,1000.);
#4713=VECTOR('',#7654,1000.);
#4714=VECTOR('',#7655,1000.);
#4715=VECTOR('',#7658,1000.);
#4716=VECTOR('',#7659,1000.);
#4717=VECTOR('',#7662,1000.);
#4718=VECTOR('',#7665,1000.);
#4719=VECTOR('',#7670,1000.);
#4720=VECTOR('',#7671,1000.);
#4721=VECTOR('',#7674,1000.);
#4722=VECTOR('',#7677,1000.);
#4723=EDGE_LOOP('',(#145,#146,#147,#148));
#4724=EDGE_LOOP('',(#149,#150,#151,#152));
#4725=EDGE_LOOP('',(#153,#154,#155,#156));
#4726=EDGE_LOOP('',(#157,#158,#159,#160));
#4727=EDGE_LOOP('',(#161,#162,#163,#164));
#4728=EDGE_LOOP('',(#165,#166,#167,#168));
#4729=EDGE_LOOP('',(#169,#170,#171,#172));
#4730=EDGE_LOOP('',(#173,#174,#175,#176));
#4731=EDGE_LOOP('',(#177,#178,#179,#180,#181,#182));
#4732=EDGE_LOOP('',(#183,#184,#185,#186));
#4733=EDGE_LOOP('',(#187,#188,#189,#190));
#4734=EDGE_LOOP('',(#191,#192,#193,#194,#195,#196));
#4735=EDGE_LOOP('',(#197,#198,#199,#200,#201,#202,#203,#204,#205,#206));
#4736=EDGE_LOOP('',(#207,#208,#209,#210,#211,#212,#213,#214,#215,#216));
#4737=EDGE_LOOP('',(#217,#218,#219,#220,#221,#222,#223,#224,#225,#226));
#4738=EDGE_LOOP('',(#227,#228,#229,#230,#231,#232,#233,#234,#235,#236));
#4739=EDGE_LOOP('',(#237,#238,#239,#240,#241,#242,#243,#244,#245,#246));
#4740=EDGE_LOOP('',(#247,#248,#249,#250,#251,#252,#253,#254,#255,#256));
#4741=EDGE_LOOP('',(#257,#258,#259,#260));
#4742=EDGE_LOOP('',(#261,#262,#263,#264));
#4743=EDGE_LOOP('',(#265,#266,#267,#268));
#4744=EDGE_LOOP('',(#269,#270,#271,#272,#273,#274,#275,#276));
#4745=EDGE_LOOP('',(#277,#278,#279,#280,#281,#282));
#4746=EDGE_LOOP('',(#283,#284,#285,#286,#287,#288,#289,#290));
#4747=EDGE_LOOP('',(#291,#292,#293,#294,#295,#296,#297,#298));
#4748=EDGE_LOOP('',(#299,#300,#301,#302,#303,#304,#305,#306,#307,#308,#309));
#4749=EDGE_LOOP('',(#310,#311,#312,#313));
#4750=EDGE_LOOP('',(#314,#315,#316,#317));
#4751=EDGE_LOOP('',(#318,#319,#320,#321));
#4752=EDGE_LOOP('',(#322,#323,#324,#325));
#4753=EDGE_LOOP('',(#326,#327,#328,#329,#330,#331,#332,#333,#334,#335));
#4754=EDGE_LOOP('',(#336,#337,#338,#339,#340,#341,#342,#343,#344,#345));
#4755=EDGE_LOOP('',(#346,#347,#348,#349));
#4756=EDGE_LOOP('',(#350,#351,#352,#353));
#4757=EDGE_LOOP('',(#354,#355,#356,#357));
#4758=EDGE_LOOP('',(#358,#359,#360,#361));
#4759=EDGE_LOOP('',(#362,#363,#364,#365,#366,#367,#368,#369,#370,#371));
#4760=EDGE_LOOP('',(#372,#373,#374,#375,#376,#377,#378,#379,#380,#381));
#4761=EDGE_LOOP('',(#382,#383,#384,#385));
#4762=EDGE_LOOP('',(#386,#387,#388,#389,#390,#391,#392,#393));
#4763=EDGE_LOOP('',(#394,#395,#396,#397,#398,#399,#400,#401));
#4764=EDGE_LOOP('',(#402,#403,#404,#405,#406));
#4765=EDGE_LOOP('',(#407,#408,#409,#410));
#4766=EDGE_LOOP('',(#411,#412,#413,#414,#415,#416,#417,#418,#419,#420,#421,
#422,#423,#424,#425,#426,#427,#428,#429,#430,#431,#432,#433,#434,#435,#436));
#4767=EDGE_LOOP('',(#437,#438,#439,#440,#441,#442));
#4768=EDGE_LOOP('',(#443,#444,#445,#446,#447,#448,#449,#450,#451,#452,#453,
#454,#455,#456,#457,#458,#459,#460,#461,#462,#463,#464,#465,#466));
#4769=EDGE_LOOP('',(#467,#468,#469,#470,#471));
#4770=EDGE_LOOP('',(#472,#473,#474,#475,#476));
#4771=EDGE_LOOP('',(#477,#478,#479,#480));
#4772=EDGE_LOOP('',(#481,#482,#483,#484,#485,#486,#487,#488,#489,#490,#491,
#492,#493,#494,#495,#496,#497,#498,#499,#500,#501,#502,#503,#504,#505,#506));
#4773=EDGE_LOOP('',(#507,#508,#509,#510,#511,#512,#513,#514,#515,#516,#517,
#518,#519,#520,#521,#522,#523,#524,#525,#526,#527,#528,#529,#530));
#4774=EDGE_LOOP('',(#531,#532,#533,#534,#535));
#4775=EDGE_LOOP('',(#536,#537,#538,#539,#540,#541,#542,#543));
#4776=EDGE_LOOP('',(#544,#545,#546,#547,#548,#549,#550,#551,#552,#553,#554,
#555,#556,#557,#558,#559,#560,#561,#562,#563,#564,#565,#566,#567,#568,#569,
#570,#571));
#4777=EDGE_LOOP('',(#572,#573,#574,#575,#576));
#4778=EDGE_LOOP('',(#577,#578,#579,#580,#581));
#4779=EDGE_LOOP('',(#582,#583,#584,#585,#586));
#4780=EDGE_LOOP('',(#587,#588,#589,#590,#591));
#4781=EDGE_LOOP('',(#592,#593,#594,#595,#596));
#4782=EDGE_LOOP('',(#597,#598,#599,#600,#601));
#4783=EDGE_LOOP('',(#602,#603,#604,#605));
#4784=EDGE_LOOP('',(#606,#607,#608,#609,#610,#611,#612,#613,#614,#615,#616,
#617,#618,#619,#620,#621));
#4785=EDGE_LOOP('',(#622,#623,#624,#625));
#4786=EDGE_LOOP('',(#626,#627,#628,#629,#630,#631,#632,#633,#634,#635));
#4787=EDGE_LOOP('',(#636,#637,#638,#639,#640,#641,#642,#643,#644,#645));
#4788=EDGE_LOOP('',(#646,#647,#648,#649,#650));
#4789=EDGE_LOOP('',(#651,#652,#653,#654));
#4790=EDGE_LOOP('',(#655,#656,#657,#658,#659,#660,#661,#662,#663,#664,#665,
#666));
#4791=EDGE_LOOP('',(#667,#668,#669,#670,#671,#672,#673,#674,#675,#676,#677,
#678));
#4792=EDGE_LOOP('',(#679,#680,#681,#682,#683));
#4793=EDGE_LOOP('',(#684,#685,#686,#687));
#4794=EDGE_LOOP('',(#688,#689,#690,#691));
#4795=EDGE_LOOP('',(#692,#693,#694,#695));
#4796=EDGE_LOOP('',(#696,#697,#698,#699));
#4797=EDGE_LOOP('',(#700,#701,#702,#703));
#4798=EDGE_LOOP('',(#704,#705,#706,#707));
#4799=EDGE_LOOP('',(#708,#709,#710,#711));
#4800=EDGE_LOOP('',(#712,#713,#714,#715,#716,#717,#718,#719));
#4801=EDGE_LOOP('',(#720,#721,#722,#723));
#4802=EDGE_LOOP('',(#724,#725,#726,#727));
#4803=EDGE_LOOP('',(#728,#729,#730,#731));
#4804=EDGE_LOOP('',(#732,#733,#734,#735));
#4805=EDGE_LOOP('',(#736,#737,#738,#739));
#4806=EDGE_LOOP('',(#740,#741,#742,#743));
#4807=EDGE_LOOP('',(#744,#745,#746,#747));
#4808=EDGE_LOOP('',(#748,#749,#750,#751,#752,#753,#754,#755,#756,#757,#758));
#4809=EDGE_LOOP('',(#759,#760,#761,#762));
#4810=EDGE_LOOP('',(#763,#764,#765,#766));
#4811=EDGE_LOOP('',(#767,#768,#769,#770,#771,#772,#773,#774,#775,#776,#777,
#778,#779,#780,#781,#782,#783,#784,#785,#786,#787,#788));
#4812=EDGE_LOOP('',(#789,#790,#791,#792,#793,#794,#795,#796));
#4813=EDGE_LOOP('',(#797,#798,#799,#800,#801));
#4814=EDGE_LOOP('',(#802,#803,#804,#805,#806,#807,#808,#809));
#4815=EDGE_LOOP('',(#810,#811,#812,#813,#814));
#4816=EDGE_LOOP('',(#815,#816,#817,#818));
#4817=EDGE_LOOP('',(#819,#820,#821,#822,#823));
#4818=EDGE_LOOP('',(#824,#825,#826,#827));
#4819=EDGE_LOOP('',(#828,#829,#830,#831,#832));
#4820=EDGE_LOOP('',(#833,#834,#835,#836));
#4821=EDGE_LOOP('',(#837,#838,#839,#840));
#4822=EDGE_LOOP('',(#841,#842,#843,#844));
#4823=EDGE_LOOP('',(#845,#846,#847,#848));
#4824=EDGE_LOOP('',(#849,#850,#851,#852));
#4825=EDGE_LOOP('',(#853,#854,#855,#856));
#4826=EDGE_LOOP('',(#857,#858,#859,#860));
#4827=EDGE_LOOP('',(#861,#862,#863,#864,#865,#866));
#4828=EDGE_LOOP('',(#867,#868,#869,#870,#871,#872));
#4829=EDGE_LOOP('',(#873,#874,#875,#876,#877));
#4830=EDGE_LOOP('',(#878,#879,#880,#881));
#4831=EDGE_LOOP('',(#882,#883,#884,#885));
#4832=EDGE_LOOP('',(#886,#887,#888,#889));
#4833=EDGE_LOOP('',(#890,#891,#892,#893));
#4834=EDGE_LOOP('',(#894,#895,#896,#897));
#4835=EDGE_LOOP('',(#898,#899,#900,#901,#902));
#4836=EDGE_LOOP('',(#903,#904,#905,#906,#907));
#4837=EDGE_LOOP('',(#908,#909,#910,#911,#912,#913));
#4838=EDGE_LOOP('',(#914,#915,#916,#917));
#4839=EDGE_LOOP('',(#918,#919,#920,#921));
#4840=EDGE_LOOP('',(#922,#923,#924,#925,#926));
#4841=EDGE_LOOP('',(#927,#928,#929,#930,#931,#932,#933,#934,#935,#936,#937,
#938));
#4842=EDGE_LOOP('',(#939,#940,#941,#942,#943));
#4843=EDGE_LOOP('',(#944,#945,#946,#947));
#4844=EDGE_LOOP('',(#948,#949,#950,#951));
#4845=EDGE_LOOP('',(#952,#953,#954,#955));
#4846=EDGE_LOOP('',(#956,#957,#958,#959));
#4847=EDGE_LOOP('',(#960,#961,#962,#963));
#4848=EDGE_LOOP('',(#964,#965,#966,#967));
#4849=EDGE_LOOP('',(#968,#969,#970,#971));
#4850=EDGE_LOOP('',(#972,#973,#974,#975));
#4851=EDGE_LOOP('',(#976,#977,#978,#979));
#4852=EDGE_LOOP('',(#980,#981,#982,#983));
#4853=EDGE_LOOP('',(#984,#985,#986,#987));
#4854=EDGE_LOOP('',(#988,#989,#990,#991));
#4855=EDGE_LOOP('',(#992,#993,#994,#995));
#4856=EDGE_LOOP('',(#996,#997,#998,#999));
#4857=EDGE_LOOP('',(#1000,#1001,#1002,#1003,#1004,#1005,#1006,#1007));
#4858=EDGE_LOOP('',(#1008,#1009,#1010,#1011,#1012));
#4859=EDGE_LOOP('',(#1013,#1014,#1015,#1016,#1017));
#4860=EDGE_LOOP('',(#1018,#1019,#1020,#1021,#1022,#1023,#1024,#1025));
#4861=EDGE_LOOP('',(#1026,#1027,#1028,#1029));
#4862=EDGE_LOOP('',(#1030,#1031,#1032,#1033));
#4863=EDGE_LOOP('',(#1034,#1035,#1036,#1037,#1038));
#4864=EDGE_LOOP('',(#1039,#1040,#1041,#1042,#1043));
#4865=EDGE_LOOP('',(#1044,#1045,#1046,#1047));
#4866=EDGE_LOOP('',(#1048,#1049,#1050,#1051));
#4867=EDGE_LOOP('',(#1052,#1053,#1054,#1055));
#4868=EDGE_LOOP('',(#1056,#1057,#1058,#1059));
#4869=EDGE_LOOP('',(#1060,#1061,#1062,#1063));
#4870=EDGE_LOOP('',(#1064,#1065,#1066,#1067));
#4871=EDGE_LOOP('',(#1068,#1069,#1070,#1071));
#4872=EDGE_LOOP('',(#1072,#1073,#1074,#1075,#1076,#1077));
#4873=EDGE_LOOP('',(#1078,#1079,#1080,#1081,#1082));
#4874=EDGE_LOOP('',(#1083,#1084,#1085,#1086,#1087,#1088));
#4875=EDGE_LOOP('',(#1089,#1090,#1091,#1092));
#4876=EDGE_LOOP('',(#1093,#1094,#1095,#1096));
#4877=EDGE_LOOP('',(#1097,#1098,#1099,#1100));
#4878=EDGE_LOOP('',(#1101,#1102,#1103,#1104));
#4879=EDGE_LOOP('',(#1105,#1106,#1107,#1108));
#4880=EDGE_LOOP('',(#1109,#1110,#1111,#1112,#1113));
#4881=EDGE_LOOP('',(#1114,#1115,#1116,#1117,#1118));
#4882=EDGE_LOOP('',(#1119,#1120,#1121,#1122,#1123,#1124));
#4883=EDGE_LOOP('',(#1125,#1126,#1127,#1128));
#4884=EDGE_LOOP('',(#1129,#1130,#1131,#1132));
#4885=EDGE_LOOP('',(#1133,#1134,#1135,#1136));
#4886=EDGE_LOOP('',(#1137,#1138,#1139,#1140));
#4887=EDGE_LOOP('',(#1141,#1142,#1143,#1144));
#4888=EDGE_LOOP('',(#1145,#1146,#1147,#1148));
#4889=EDGE_LOOP('',(#1149,#1150,#1151,#1152));
#4890=EDGE_LOOP('',(#1153,#1154,#1155,#1156));
#4891=EDGE_LOOP('',(#1157,#1158,#1159,#1160));
#4892=EDGE_LOOP('',(#1161,#1162,#1163,#1164,#1165,#1166,#1167,#1168,#1169,
#1170,#1171,#1172,#1173,#1174,#1175,#1176,#1177,#1178,#1179,#1180,#1181,
#1182));
#4893=EDGE_LOOP('',(#1183,#1184,#1185,#1186,#1187,#1188,#1189,#1190,#1191,
#1192));
#4894=EDGE_LOOP('',(#1193,#1194,#1195,#1196,#1197,#1198,#1199,#1200,#1201,
#1202));
#4895=EDGE_LOOP('',(#1203,#1204,#1205,#1206));
#4896=EDGE_LOOP('',(#1207,#1208,#1209,#1210));
#4897=EDGE_LOOP('',(#1211,#1212,#1213,#1214));
#4898=EDGE_LOOP('',(#1215,#1216,#1217,#1218));
#4899=EDGE_LOOP('',(#1219,#1220,#1221,#1222));
#4900=EDGE_LOOP('',(#1223,#1224,#1225,#1226));
#4901=EDGE_LOOP('',(#1227,#1228,#1229,#1230));
#4902=EDGE_LOOP('',(#1231,#1232,#1233,#1234));
#4903=EDGE_LOOP('',(#1235,#1236,#1237,#1238));
#4904=EDGE_LOOP('',(#1239,#1240,#1241,#1242));
#4905=EDGE_LOOP('',(#1243,#1244,#1245,#1246,#1247));
#4906=EDGE_LOOP('',(#1248,#1249,#1250,#1251));
#4907=EDGE_LOOP('',(#1252,#1253,#1254,#1255));
#4908=EDGE_LOOP('',(#1256,#1257,#1258,#1259));
#4909=EDGE_LOOP('',(#1260,#1261,#1262,#1263));
#4910=EDGE_LOOP('',(#1264,#1265,#1266,#1267));
#4911=EDGE_LOOP('',(#1268,#1269,#1270,#1271));
#4912=EDGE_LOOP('',(#1272,#1273,#1274,#1275));
#4913=EDGE_LOOP('',(#1276,#1277,#1278,#1279,#1280));
#4914=EDGE_LOOP('',(#1281,#1282,#1283,#1284));
#4915=EDGE_LOOP('',(#1285,#1286,#1287,#1288));
#4916=EDGE_LOOP('',(#1289,#1290,#1291,#1292,#1293,#1294,#1295,#1296,#1297,
#1298));
#4917=EDGE_LOOP('',(#1299,#1300,#1301,#1302,#1303,#1304,#1305,#1306,#1307,
#1308));
#4918=EDGE_LOOP('',(#1309,#1310,#1311,#1312));
#4919=EDGE_LOOP('',(#1313,#1314,#1315,#1316));
#4920=EDGE_LOOP('',(#1317,#1318,#1319,#1320));
#4921=EDGE_LOOP('',(#1321,#1322,#1323,#1324));
#4922=EDGE_LOOP('',(#1325,#1326,#1327,#1328));
#4923=EDGE_LOOP('',(#1329,#1330,#1331,#1332));
#4924=EDGE_LOOP('',(#1333,#1334,#1335,#1336));
#4925=EDGE_LOOP('',(#1337,#1338,#1339,#1340));
#4926=EDGE_LOOP('',(#1341,#1342,#1343,#1344));
#4927=EDGE_LOOP('',(#1345,#1346,#1347,#1348));
#4928=EDGE_LOOP('',(#1349,#1350,#1351,#1352,#1353));
#4929=EDGE_LOOP('',(#1354,#1355,#1356,#1357));
#4930=EDGE_LOOP('',(#1358,#1359,#1360,#1361));
#4931=EDGE_LOOP('',(#1362,#1363,#1364,#1365,#1366,#1367,#1368,#1369,#1370,
#1371));
#4932=EDGE_LOOP('',(#1372,#1373,#1374,#1375,#1376,#1377,#1378,#1379,#1380,
#1381));
#4933=EDGE_LOOP('',(#1382,#1383,#1384,#1385));
#4934=EDGE_LOOP('',(#1386,#1387,#1388,#1389));
#4935=EDGE_LOOP('',(#1390,#1391,#1392,#1393));
#4936=EDGE_LOOP('',(#1394,#1395,#1396,#1397));
#4937=EDGE_LOOP('',(#1398,#1399,#1400,#1401));
#4938=EDGE_LOOP('',(#1402,#1403,#1404,#1405));
#4939=EDGE_LOOP('',(#1406,#1407,#1408,#1409));
#4940=EDGE_LOOP('',(#1410,#1411,#1412,#1413));
#4941=EDGE_LOOP('',(#1414,#1415,#1416,#1417));
#4942=EDGE_LOOP('',(#1418,#1419,#1420,#1421));
#4943=EDGE_LOOP('',(#1422,#1423,#1424,#1425,#1426));
#4944=EDGE_LOOP('',(#1427,#1428,#1429,#1430));
#4945=EDGE_LOOP('',(#1431,#1432,#1433,#1434));
#4946=EDGE_LOOP('',(#1435,#1436,#1437,#1438));
#4947=EDGE_LOOP('',(#1439,#1440,#1441,#1442));
#4948=EDGE_LOOP('',(#1443,#1444,#1445,#1446));
#4949=EDGE_LOOP('',(#1447,#1448,#1449,#1450));
#4950=EDGE_LOOP('',(#1451,#1452,#1453,#1454));
#4951=EDGE_LOOP('',(#1455,#1456,#1457,#1458,#1459));
#4952=EDGE_LOOP('',(#1460,#1461,#1462,#1463));
#4953=EDGE_LOOP('',(#1464,#1465,#1466,#1467));
#4954=EDGE_LOOP('',(#1468,#1469,#1470,#1471));
#4955=EDGE_LOOP('',(#1472,#1473,#1474,#1475));
#4956=EDGE_LOOP('',(#1476,#1477,#1478,#1479));
#4957=EDGE_LOOP('',(#1480,#1481,#1482,#1483));
#4958=EDGE_LOOP('',(#1484,#1485,#1486,#1487));
#4959=EDGE_LOOP('',(#1488,#1489,#1490,#1491,#1492));
#4960=EDGE_LOOP('',(#1493,#1494,#1495,#1496));
#4961=EDGE_LOOP('',(#1497,#1498,#1499,#1500));
#4962=EDGE_LOOP('',(#1501,#1502,#1503,#1504,#1505,#1506,#1507,#1508));
#4963=EDGE_LOOP('',(#1509,#1510,#1511,#1512,#1513,#1514,#1515,#1516));
#4964=EDGE_LOOP('',(#1517,#1518,#1519,#1520));
#4965=EDGE_LOOP('',(#1521,#1522,#1523,#1524,#1525,#1526,#1527,#1528));
#4966=EDGE_LOOP('',(#1529,#1530,#1531,#1532,#1533,#1534,#1535,#1536));
#4967=EDGE_LOOP('',(#1537,#1538,#1539,#1540));
#4968=EDGE_LOOP('',(#1541,#1542,#1543,#1544));
#4969=EDGE_LOOP('',(#1545,#1546,#1547,#1548));
#4970=EDGE_LOOP('',(#1549,#1550,#1551,#1552));
#4971=EDGE_LOOP('',(#1553,#1554,#1555,#1556));
#4972=EDGE_LOOP('',(#1557,#1558,#1559,#1560));
#4973=EDGE_LOOP('',(#1561,#1562,#1563,#1564));
#4974=EDGE_LOOP('',(#1565,#1566,#1567,#1568,#1569,#1570,#1571,#1572,#1573,
#1574,#1575,#1576,#1577,#1578,#1579,#1580,#1581,#1582,#1583,#1584,#1585,
#1586,#1587,#1588));
#4975=EDGE_LOOP('',(#1589,#1590,#1591,#1592,#1593,#1594,#1595,#1596,#1597,
#1598,#1599,#1600,#1601,#1602,#1603,#1604,#1605,#1606,#1607,#1608,#1609,
#1610,#1611,#1612));
#4976=EDGE_LOOP('',(#1613,#1614,#1615,#1616));
#4977=EDGE_LOOP('',(#1617,#1618,#1619,#1620));
#4978=EDGE_LOOP('',(#1621,#1622,#1623,#1624));
#4979=EDGE_LOOP('',(#1625,#1626,#1627,#1628));
#4980=EDGE_LOOP('',(#1629,#1630,#1631,#1632));
#4981=EDGE_LOOP('',(#1633,#1634,#1635,#1636));
#4982=EDGE_LOOP('',(#1637,#1638,#1639,#1640));
#4983=EDGE_LOOP('',(#1641,#1642,#1643,#1644));
#4984=EDGE_LOOP('',(#1645,#1646,#1647,#1648));
#4985=EDGE_LOOP('',(#1649,#1650,#1651,#1652));
#4986=EDGE_LOOP('',(#1653,#1654,#1655,#1656));
#4987=EDGE_LOOP('',(#1657,#1658,#1659,#1660));
#4988=EDGE_LOOP('',(#1661,#1662,#1663,#1664));
#4989=EDGE_LOOP('',(#1665,#1666,#1667,#1668));
#4990=EDGE_LOOP('',(#1669,#1670,#1671,#1672));
#4991=EDGE_LOOP('',(#1673,#1674,#1675,#1676));
#4992=EDGE_LOOP('',(#1677,#1678,#1679,#1680));
#4993=EDGE_LOOP('',(#1681,#1682,#1683,#1684,#1685,#1686,#1687,#1688));
#4994=EDGE_LOOP('',(#1689,#1690,#1691,#1692,#1693,#1694,#1695,#1696));
#4995=EDGE_LOOP('',(#1697,#1698,#1699,#1700));
#4996=EDGE_LOOP('',(#1701,#1702,#1703,#1704));
#4997=EDGE_LOOP('',(#1705,#1706,#1707,#1708));
#4998=EDGE_LOOP('',(#1709,#1710,#1711,#1712));
#4999=EDGE_LOOP('',(#1713,#1714,#1715,#1716));
#5000=EDGE_LOOP('',(#1717,#1718,#1719,#1720));
#5001=EDGE_LOOP('',(#1721,#1722,#1723,#1724));
#5002=EDGE_LOOP('',(#1725,#1726,#1727,#1728));
#5003=EDGE_LOOP('',(#1729,#1730,#1731,#1732));
#5004=EDGE_LOOP('',(#1733,#1734,#1735,#1736));
#5005=EDGE_LOOP('',(#1737,#1738,#1739,#1740));
#5006=EDGE_LOOP('',(#1741,#1742,#1743,#1744));
#5007=EDGE_LOOP('',(#1745,#1746,#1747,#1748));
#5008=EDGE_LOOP('',(#1749,#1750,#1751,#1752));
#5009=EDGE_LOOP('',(#1753,#1754,#1755,#1756));
#5010=EDGE_LOOP('',(#1757,#1758,#1759,#1760));
#5011=EDGE_LOOP('',(#1761,#1762,#1763,#1764,#1765,#1766,#1767,#1768));
#5012=EDGE_LOOP('',(#1769,#1770,#1771,#1772,#1773,#1774,#1775,#1776));
#5013=EDGE_LOOP('',(#1777,#1778,#1779,#1780));
#5014=EDGE_LOOP('',(#1781,#1782,#1783,#1784));
#5015=EDGE_LOOP('',(#1785,#1786,#1787,#1788));
#5016=EDGE_LOOP('',(#1789,#1790,#1791,#1792));
#5017=EDGE_LOOP('',(#1793,#1794,#1795,#1796));
#5018=EDGE_LOOP('',(#1797,#1798,#1799,#1800));
#5019=EDGE_LOOP('',(#1801,#1802,#1803,#1804));
#5020=EDGE_LOOP('',(#1805,#1806,#1807,#1808));
#5021=FACE_BOUND('',#4723,.T.);
#5022=FACE_BOUND('',#4724,.T.);
#5023=FACE_BOUND('',#4725,.T.);
#5024=FACE_BOUND('',#4726,.T.);
#5025=FACE_BOUND('',#4727,.T.);
#5026=FACE_BOUND('',#4728,.T.);
#5027=FACE_BOUND('',#4729,.T.);
#5028=FACE_BOUND('',#4730,.T.);
#5029=FACE_BOUND('',#4731,.T.);
#5030=FACE_BOUND('',#4732,.T.);
#5031=FACE_BOUND('',#4733,.T.);
#5032=FACE_BOUND('',#4734,.T.);
#5033=FACE_BOUND('',#4735,.T.);
#5034=FACE_BOUND('',#4736,.T.);
#5035=FACE_BOUND('',#4737,.T.);
#5036=FACE_BOUND('',#4738,.T.);
#5037=FACE_BOUND('',#4739,.T.);
#5038=FACE_BOUND('',#4740,.T.);
#5039=FACE_BOUND('',#4741,.T.);
#5040=FACE_BOUND('',#4742,.T.);
#5041=FACE_BOUND('',#4743,.T.);
#5042=FACE_BOUND('',#4744,.T.);
#5043=FACE_BOUND('',#4745,.T.);
#5044=FACE_BOUND('',#4746,.T.);
#5045=FACE_BOUND('',#4747,.T.);
#5046=FACE_BOUND('',#4748,.T.);
#5047=FACE_BOUND('',#4749,.T.);
#5048=FACE_BOUND('',#4750,.T.);
#5049=FACE_BOUND('',#4751,.T.);
#5050=FACE_BOUND('',#4752,.T.);
#5051=FACE_BOUND('',#4753,.T.);
#5052=FACE_BOUND('',#4754,.T.);
#5053=FACE_BOUND('',#4755,.T.);
#5054=FACE_BOUND('',#4756,.T.);
#5055=FACE_BOUND('',#4757,.T.);
#5056=FACE_BOUND('',#4758,.T.);
#5057=FACE_BOUND('',#4759,.T.);
#5058=FACE_BOUND('',#4760,.T.);
#5059=FACE_BOUND('',#4761,.T.);
#5060=FACE_BOUND('',#4762,.T.);
#5061=FACE_BOUND('',#4763,.T.);
#5062=FACE_BOUND('',#4764,.T.);
#5063=FACE_BOUND('',#4765,.T.);
#5064=FACE_BOUND('',#4766,.T.);
#5065=FACE_BOUND('',#4767,.T.);
#5066=FACE_BOUND('',#4768,.T.);
#5067=FACE_BOUND('',#4769,.T.);
#5068=FACE_BOUND('',#4770,.T.);
#5069=FACE_BOUND('',#4771,.T.);
#5070=FACE_BOUND('',#4772,.T.);
#5071=FACE_BOUND('',#4773,.T.);
#5072=FACE_BOUND('',#4774,.T.);
#5073=FACE_BOUND('',#4775,.T.);
#5074=FACE_BOUND('',#4776,.T.);
#5075=FACE_BOUND('',#4777,.T.);
#5076=FACE_BOUND('',#4778,.T.);
#5077=FACE_BOUND('',#4779,.T.);
#5078=FACE_BOUND('',#4780,.T.);
#5079=FACE_BOUND('',#4781,.T.);
#5080=FACE_BOUND('',#4782,.T.);
#5081=FACE_BOUND('',#4783,.T.);
#5082=FACE_BOUND('',#4784,.T.);
#5083=FACE_BOUND('',#4785,.T.);
#5084=FACE_BOUND('',#4786,.T.);
#5085=FACE_BOUND('',#4787,.T.);
#5086=FACE_BOUND('',#4788,.T.);
#5087=FACE_BOUND('',#4789,.T.);
#5088=FACE_BOUND('',#4790,.T.);
#5089=FACE_BOUND('',#4791,.T.);
#5090=FACE_BOUND('',#4792,.T.);
#5091=FACE_BOUND('',#4793,.T.);
#5092=FACE_BOUND('',#4794,.T.);
#5093=FACE_BOUND('',#4795,.T.);
#5094=FACE_BOUND('',#4796,.T.);
#5095=FACE_BOUND('',#4797,.T.);
#5096=FACE_BOUND('',#4798,.T.);
#5097=FACE_BOUND('',#4799,.T.);
#5098=FACE_BOUND('',#4800,.T.);
#5099=FACE_BOUND('',#4801,.T.);
#5100=FACE_BOUND('',#4802,.T.);
#5101=FACE_BOUND('',#4803,.T.);
#5102=FACE_BOUND('',#4804,.T.);
#5103=FACE_BOUND('',#4805,.T.);
#5104=FACE_BOUND('',#4806,.T.);
#5105=FACE_BOUND('',#4807,.T.);
#5106=FACE_BOUND('',#4808,.T.);
#5107=FACE_BOUND('',#4809,.T.);
#5108=FACE_BOUND('',#4810,.T.);
#5109=FACE_BOUND('',#4811,.T.);
#5110=FACE_BOUND('',#4812,.T.);
#5111=FACE_BOUND('',#4813,.T.);
#5112=FACE_BOUND('',#4814,.T.);
#5113=FACE_BOUND('',#4815,.T.);
#5114=FACE_BOUND('',#4816,.T.);
#5115=FACE_BOUND('',#4817,.T.);
#5116=FACE_BOUND('',#4818,.T.);
#5117=FACE_BOUND('',#4819,.T.);
#5118=FACE_BOUND('',#4820,.T.);
#5119=FACE_BOUND('',#4821,.T.);
#5120=FACE_BOUND('',#4822,.T.);
#5121=FACE_BOUND('',#4823,.T.);
#5122=FACE_BOUND('',#4824,.T.);
#5123=FACE_BOUND('',#4825,.T.);
#5124=FACE_BOUND('',#4826,.T.);
#5125=FACE_BOUND('',#4827,.T.);
#5126=FACE_BOUND('',#4828,.T.);
#5127=FACE_BOUND('',#4829,.T.);
#5128=FACE_BOUND('',#4830,.T.);
#5129=FACE_BOUND('',#4831,.T.);
#5130=FACE_BOUND('',#4832,.T.);
#5131=FACE_BOUND('',#4833,.T.);
#5132=FACE_BOUND('',#4834,.T.);
#5133=FACE_BOUND('',#4835,.T.);
#5134=FACE_BOUND('',#4836,.T.);
#5135=FACE_BOUND('',#4837,.T.);
#5136=FACE_BOUND('',#4838,.T.);
#5137=FACE_BOUND('',#4839,.T.);
#5138=FACE_BOUND('',#4840,.T.);
#5139=FACE_BOUND('',#4841,.T.);
#5140=FACE_BOUND('',#4842,.T.);
#5141=FACE_BOUND('',#4843,.T.);
#5142=FACE_BOUND('',#4844,.T.);
#5143=FACE_BOUND('',#4845,.T.);
#5144=FACE_BOUND('',#4846,.T.);
#5145=FACE_BOUND('',#4847,.T.);
#5146=FACE_BOUND('',#4848,.T.);
#5147=FACE_BOUND('',#4849,.T.);
#5148=FACE_BOUND('',#4850,.T.);
#5149=FACE_BOUND('',#4851,.T.);
#5150=FACE_BOUND('',#4852,.T.);
#5151=FACE_BOUND('',#4853,.T.);
#5152=FACE_BOUND('',#4854,.T.);
#5153=FACE_BOUND('',#4855,.T.);
#5154=FACE_BOUND('',#4856,.T.);
#5155=FACE_BOUND('',#4857,.T.);
#5156=FACE_BOUND('',#4858,.T.);
#5157=FACE_BOUND('',#4859,.T.);
#5158=FACE_BOUND('',#4860,.T.);
#5159=FACE_BOUND('',#4861,.T.);
#5160=FACE_BOUND('',#4862,.T.);
#5161=FACE_BOUND('',#4863,.T.);
#5162=FACE_BOUND('',#4864,.T.);
#5163=FACE_BOUND('',#4865,.T.);
#5164=FACE_BOUND('',#4866,.T.);
#5165=FACE_BOUND('',#4867,.T.);
#5166=FACE_BOUND('',#4868,.T.);
#5167=FACE_BOUND('',#4869,.T.);
#5168=FACE_BOUND('',#4870,.T.);
#5169=FACE_BOUND('',#4871,.T.);
#5170=FACE_BOUND('',#4872,.T.);
#5171=FACE_BOUND('',#4873,.T.);
#5172=FACE_BOUND('',#4874,.T.);
#5173=FACE_BOUND('',#4875,.T.);
#5174=FACE_BOUND('',#4876,.T.);
#5175=FACE_BOUND('',#4877,.T.);
#5176=FACE_BOUND('',#4878,.T.);
#5177=FACE_BOUND('',#4879,.T.);
#5178=FACE_BOUND('',#4880,.T.);
#5179=FACE_BOUND('',#4881,.T.);
#5180=FACE_BOUND('',#4882,.T.);
#5181=FACE_BOUND('',#4883,.T.);
#5182=FACE_BOUND('',#4884,.T.);
#5183=FACE_BOUND('',#4885,.T.);
#5184=FACE_BOUND('',#4886,.T.);
#5185=FACE_BOUND('',#4887,.T.);
#5186=FACE_BOUND('',#4888,.T.);
#5187=FACE_BOUND('',#4889,.T.);
#5188=FACE_BOUND('',#4890,.T.);
#5189=FACE_BOUND('',#4891,.T.);
#5190=FACE_BOUND('',#4892,.T.);
#5191=FACE_BOUND('',#4893,.T.);
#5192=FACE_BOUND('',#4894,.T.);
#5193=FACE_BOUND('',#4895,.T.);
#5194=FACE_BOUND('',#4896,.T.);
#5195=FACE_BOUND('',#4897,.T.);
#5196=FACE_BOUND('',#4898,.T.);
#5197=FACE_BOUND('',#4899,.T.);
#5198=FACE_BOUND('',#4900,.T.);
#5199=FACE_BOUND('',#4901,.T.);
#5200=FACE_BOUND('',#4902,.T.);
#5201=FACE_BOUND('',#4903,.T.);
#5202=FACE_BOUND('',#4904,.T.);
#5203=FACE_BOUND('',#4905,.T.);
#5204=FACE_BOUND('',#4906,.T.);
#5205=FACE_BOUND('',#4907,.T.);
#5206=FACE_BOUND('',#4908,.T.);
#5207=FACE_BOUND('',#4909,.T.);
#5208=FACE_BOUND('',#4910,.T.);
#5209=FACE_BOUND('',#4911,.T.);
#5210=FACE_BOUND('',#4912,.T.);
#5211=FACE_BOUND('',#4913,.T.);
#5212=FACE_BOUND('',#4914,.T.);
#5213=FACE_BOUND('',#4915,.T.);
#5214=FACE_BOUND('',#4916,.T.);
#5215=FACE_BOUND('',#4917,.T.);
#5216=FACE_BOUND('',#4918,.T.);
#5217=FACE_BOUND('',#4919,.T.);
#5218=FACE_BOUND('',#4920,.T.);
#5219=FACE_BOUND('',#4921,.T.);
#5220=FACE_BOUND('',#4922,.T.);
#5221=FACE_BOUND('',#4923,.T.);
#5222=FACE_BOUND('',#4924,.T.);
#5223=FACE_BOUND('',#4925,.T.);
#5224=FACE_BOUND('',#4926,.T.);
#5225=FACE_BOUND('',#4927,.T.);
#5226=FACE_BOUND('',#4928,.T.);
#5227=FACE_BOUND('',#4929,.T.);
#5228=FACE_BOUND('',#4930,.T.);
#5229=FACE_BOUND('',#4931,.T.);
#5230=FACE_BOUND('',#4932,.T.);
#5231=FACE_BOUND('',#4933,.T.);
#5232=FACE_BOUND('',#4934,.T.);
#5233=FACE_BOUND('',#4935,.T.);
#5234=FACE_BOUND('',#4936,.T.);
#5235=FACE_BOUND('',#4937,.T.);
#5236=FACE_BOUND('',#4938,.T.);
#5237=FACE_BOUND('',#4939,.T.);
#5238=FACE_BOUND('',#4940,.T.);
#5239=FACE_BOUND('',#4941,.T.);
#5240=FACE_BOUND('',#4942,.T.);
#5241=FACE_BOUND('',#4943,.T.);
#5242=FACE_BOUND('',#4944,.T.);
#5243=FACE_BOUND('',#4945,.T.);
#5244=FACE_BOUND('',#4946,.T.);
#5245=FACE_BOUND('',#4947,.T.);
#5246=FACE_BOUND('',#4948,.T.);
#5247=FACE_BOUND('',#4949,.T.);
#5248=FACE_BOUND('',#4950,.T.);
#5249=FACE_BOUND('',#4951,.T.);
#5250=FACE_BOUND('',#4952,.T.);
#5251=FACE_BOUND('',#4953,.T.);
#5252=FACE_BOUND('',#4954,.T.);
#5253=FACE_BOUND('',#4955,.T.);
#5254=FACE_BOUND('',#4956,.T.);
#5255=FACE_BOUND('',#4957,.T.);
#5256=FACE_BOUND('',#4958,.T.);
#5257=FACE_BOUND('',#4959,.T.);
#5258=FACE_BOUND('',#4960,.T.);
#5259=FACE_BOUND('',#4961,.T.);
#5260=FACE_BOUND('',#4962,.T.);
#5261=FACE_BOUND('',#4963,.T.);
#5262=FACE_BOUND('',#4964,.T.);
#5263=FACE_BOUND('',#4965,.T.);
#5264=FACE_BOUND('',#4966,.T.);
#5265=FACE_BOUND('',#4967,.T.);
#5266=FACE_BOUND('',#4968,.T.);
#5267=FACE_BOUND('',#4969,.T.);
#5268=FACE_BOUND('',#4970,.T.);
#5269=FACE_BOUND('',#4971,.T.);
#5270=FACE_BOUND('',#4972,.T.);
#5271=FACE_BOUND('',#4973,.T.);
#5272=FACE_BOUND('',#4974,.T.);
#5273=FACE_BOUND('',#4975,.T.);
#5274=FACE_BOUND('',#4976,.T.);
#5275=FACE_BOUND('',#4977,.T.);
#5276=FACE_BOUND('',#4978,.T.);
#5277=FACE_BOUND('',#4979,.T.);
#5278=FACE_BOUND('',#4980,.T.);
#5279=FACE_BOUND('',#4981,.T.);
#5280=FACE_BOUND('',#4982,.T.);
#5281=FACE_BOUND('',#4983,.T.);
#5282=FACE_BOUND('',#4984,.T.);
#5283=FACE_BOUND('',#4985,.T.);
#5284=FACE_BOUND('',#4986,.T.);
#5285=FACE_BOUND('',#4987,.T.);
#5286=FACE_BOUND('',#4988,.T.);
#5287=FACE_BOUND('',#4989,.T.);
#5288=FACE_BOUND('',#4990,.T.);
#5289=FACE_BOUND('',#4991,.T.);
#5290=FACE_BOUND('',#4992,.T.);
#5291=FACE_BOUND('',#4993,.T.);
#5292=FACE_BOUND('',#4994,.T.);
#5293=FACE_BOUND('',#4995,.T.);
#5294=FACE_BOUND('',#4996,.T.);
#5295=FACE_BOUND('',#4997,.T.);
#5296=FACE_BOUND('',#4998,.T.);
#5297=FACE_BOUND('',#4999,.T.);
#5298=FACE_BOUND('',#5000,.T.);
#5299=FACE_BOUND('',#5001,.T.);
#5300=FACE_BOUND('',#5002,.T.);
#5301=FACE_BOUND('',#5003,.T.);
#5302=FACE_BOUND('',#5004,.T.);
#5303=FACE_BOUND('',#5005,.T.);
#5304=FACE_BOUND('',#5006,.T.);
#5305=FACE_BOUND('',#5007,.T.);
#5306=FACE_BOUND('',#5008,.T.);
#5307=FACE_BOUND('',#5009,.T.);
#5308=FACE_BOUND('',#5010,.T.);
#5309=FACE_BOUND('',#5011,.T.);
#5310=FACE_BOUND('',#5012,.T.);
#5311=FACE_BOUND('',#5013,.T.);
#5312=FACE_BOUND('',#5014,.T.);
#5313=FACE_BOUND('',#5015,.T.);
#5314=FACE_BOUND('',#5016,.T.);
#5315=FACE_BOUND('',#5017,.T.);
#5316=FACE_BOUND('',#5018,.T.);
#5317=FACE_BOUND('',#5019,.T.);
#5318=FACE_BOUND('',#5020,.T.);
#5319=PLANE('',#5894);
#5320=PLANE('',#5895);
#5321=PLANE('',#5896);
#5322=PLANE('',#5897);
#5323=PLANE('',#5898);
#5324=PLANE('',#5899);
#5325=PLANE('',#5900);
#5326=PLANE('',#5901);
#5327=PLANE('',#5902);
#5328=PLANE('',#5903);
#5329=PLANE('',#5904);
#5330=PLANE('',#5905);
#5331=PLANE('',#5906);
#5332=PLANE('',#5907);
#5333=PLANE('',#5908);
#5334=PLANE('',#5909);
#5335=PLANE('',#5910);
#5336=PLANE('',#5911);
#5337=PLANE('',#5912);
#5338=PLANE('',#5913);
#5339=PLANE('',#5914);
#5340=PLANE('',#5915);
#5341=PLANE('',#5916);
#5342=PLANE('',#5917);
#5343=PLANE('',#5918);
#5344=PLANE('',#5920);
#5345=PLANE('',#5922);
#5346=PLANE('',#5923);
#5347=PLANE('',#5924);
#5348=PLANE('',#5925);
#5349=PLANE('',#5926);
#5350=PLANE('',#5929);
#5351=PLANE('',#5932);
#5352=PLANE('',#5933);
#5353=PLANE('',#5934);
#5354=PLANE('',#5935);
#5355=PLANE('',#5936);
#5356=PLANE('',#5939);
#5357=PLANE('',#5942);
#5358=PLANE('',#5943);
#5359=PLANE('',#5944);
#5360=PLANE('',#5946);
#5361=PLANE('',#5947);
#5362=PLANE('',#5948);
#5363=PLANE('',#5949);
#5364=PLANE('',#5950);
#5365=PLANE('',#5951);
#5366=PLANE('',#5953);
#5367=PLANE('',#5954);
#5368=PLANE('',#5955);
#5369=PLANE('',#5956);
#5370=PLANE('',#5957);
#5371=PLANE('',#5958);
#5372=PLANE('',#5959);
#5373=PLANE('',#5960);
#5374=PLANE('',#5961);
#5375=PLANE('',#5962);
#5376=PLANE('',#5963);
#5377=PLANE('',#5964);
#5378=PLANE('',#5967);
#5379=PLANE('',#5968);
#5380=PLANE('',#5970);
#5381=PLANE('',#5971);
#5382=PLANE('',#5972);
#5383=PLANE('',#5973);
#5384=PLANE('',#5974);
#5385=PLANE('',#5975);
#5386=PLANE('',#5976);
#5387=PLANE('',#5977);
#5388=PLANE('',#5979);
#5389=PLANE('',#5980);
#5390=PLANE('',#5981);
#5391=PLANE('',#5982);
#5392=PLANE('',#5983);
#5393=PLANE('',#5984);
#5394=PLANE('',#5985);
#5395=PLANE('',#5986);
#5396=PLANE('',#5988);
#5397=PLANE('',#5989);
#5398=PLANE('',#5990);
#5399=PLANE('',#5997);
#5400=PLANE('',#5998);
#5401=PLANE('',#5999);
#5402=PLANE('',#6000);
#5403=PLANE('',#6001);
#5404=PLANE('',#6002);
#5405=PLANE('',#6003);
#5406=PLANE('',#6004);
#5407=PLANE('',#6005);
#5408=PLANE('',#6006);
#5409=PLANE('',#6007);
#5410=PLANE('',#6008);
#5411=PLANE('',#6009);
#5412=PLANE('',#6010);
#5413=PLANE('',#6011);
#5414=PLANE('',#6012);
#5415=PLANE('',#6013);
#5416=PLANE('',#6019);
#5417=PLANE('',#6021);
#5418=PLANE('',#6022);
#5419=PLANE('',#6023);
#5420=PLANE('',#6029);
#5421=PLANE('',#6030);
#5422=PLANE('',#6031);
#5423=PLANE('',#6034);
#5424=PLANE('',#6036);
#5425=PLANE('',#6037);
#5426=PLANE('',#6038);
#5427=PLANE('',#6039);
#5428=PLANE('',#6040);
#5429=PLANE('',#6041);
#5430=PLANE('',#6042);
#5431=PLANE('',#6043);
#5432=PLANE('',#6044);
#5433=PLANE('',#6045);
#5434=PLANE('',#6046);
#5435=PLANE('',#6047);
#5436=PLANE('',#6048);
#5437=PLANE('',#6049);
#5438=PLANE('',#6050);
#5439=PLANE('',#6051);
#5440=PLANE('',#6052);
#5441=PLANE('',#6053);
#5442=PLANE('',#6054);
#5443=PLANE('',#6055);
#5444=PLANE('',#6056);
#5445=PLANE('',#6057);
#5446=PLANE('',#6058);
#5447=PLANE('',#6059);
#5448=PLANE('',#6060);
#5449=PLANE('',#6061);
#5450=PLANE('',#6062);
#5451=PLANE('',#6063);
#5452=PLANE('',#6064);
#5453=PLANE('',#6065);
#5454=PLANE('',#6068);
#5455=PLANE('',#6072);
#5456=PLANE('',#6074);
#5457=PLANE('',#6075);
#5458=PLANE('',#6076);
#5459=PLANE('',#6082);
#5460=PLANE('',#6083);
#5461=PLANE('',#6087);
#5462=PLANE('',#6088);
#5463=PLANE('',#6089);
#5464=PLANE('',#6090);
#5465=PLANE('',#6091);
#5466=PLANE('',#6092);
#5467=PLANE('',#6099);
#5468=PLANE('',#6100);
#5469=PLANE('',#6101);
#5470=PLANE('',#6106);
#5471=PLANE('',#6107);
#5472=PLANE('',#6108);
#5473=PLANE('',#6109);
#5474=PLANE('',#6110);
#5475=PLANE('',#6111);
#5476=PLANE('',#6112);
#5477=PLANE('',#6113);
#5478=PLANE('',#6114);
#5479=PLANE('',#6115);
#5480=PLANE('',#6116);
#5481=PLANE('',#6117);
#5482=PLANE('',#6118);
#5483=PLANE('',#6119);
#5484=PLANE('',#6120);
#5485=PLANE('',#6121);
#5486=PLANE('',#6122);
#5487=PLANE('',#6127);
#5488=PLANE('',#6128);
#5489=PLANE('',#6129);
#5490=PLANE('',#6130);
#5491=PLANE('',#6131);
#5492=PLANE('',#6132);
#5493=PLANE('',#6133);
#5494=PLANE('',#6134);
#5495=PLANE('',#6135);
#5496=PLANE('',#6136);
#5497=PLANE('',#6141);
#5498=PLANE('',#6142);
#5499=PLANE('',#6143);
#5500=PLANE('',#6144);
#5501=PLANE('',#6145);
#5502=PLANE('',#6146);
#5503=PLANE('',#6147);
#5504=PLANE('',#6148);
#5505=PLANE('',#6149);
#5506=PLANE('',#6150);
#5507=PLANE('',#6151);
#5508=PLANE('',#6152);
#5509=PLANE('',#6153);
#5510=PLANE('',#6154);
#5511=PLANE('',#6155);
#5512=PLANE('',#6156);
#5513=PLANE('',#6157);
#5514=PLANE('',#6158);
#5515=PLANE('',#6159);
#5516=PLANE('',#6160);
#5517=PLANE('',#6161);
#5518=PLANE('',#6162);
#5519=PLANE('',#6163);
#5520=PLANE('',#6164);
#5521=PLANE('',#6165);
#5522=PLANE('',#6166);
#5523=PLANE('',#6167);
#5524=PLANE('',#6168);
#5525=PLANE('',#6169);
#5526=PLANE('',#6170);
#5527=PLANE('',#6171);
#5528=PLANE('',#6172);
#5529=PLANE('',#6173);
#5530=PLANE('',#6174);
#5531=PLANE('',#6175);
#5532=PLANE('',#6176);
#5533=PLANE('',#6177);
#5534=PLANE('',#6178);
#5535=PLANE('',#6179);
#5536=PLANE('',#6180);
#5537=PLANE('',#6181);
#5538=PLANE('',#6182);
#5539=PLANE('',#6183);
#5540=PLANE('',#6184);
#5541=PLANE('',#6186);
#5542=PLANE('',#6187);
#5543=PLANE('',#6191);
#5544=PLANE('',#6192);
#5545=PLANE('',#6193);
#5546=PLANE('',#6197);
#5547=PLANE('',#6198);
#5548=PLANE('',#6199);
#5549=PLANE('',#6200);
#5550=PLANE('',#6201);
#5551=PLANE('',#6202);
#5552=PLANE('',#6203);
#5553=PLANE('',#6204);
#5554=PLANE('',#6205);
#5555=PLANE('',#6206);
#5556=PLANE('',#6207);
#5557=PLANE('',#6209);
#5558=PLANE('',#6210);
#5559=PLANE('',#6214);
#5560=PLANE('',#6215);
#5561=PLANE('',#6216);
#5562=PLANE('',#6220);
#5563=PLANE('',#6221);
#5564=PLANE('',#6222);
#5565=PLANE('',#6223);
#5566=PLANE('',#6224);
#5567=PLANE('',#6225);
#5568=PLANE('',#6226);
#5569=PLANE('',#6227);
#5570=PLANE('',#6228);
#5571=PLANE('',#6229);
#5572=PLANE('',#6230);
#5573=ADVANCED_FACE('',(#5021),#5319,.T.);
#5574=ADVANCED_FACE('',(#5022),#5320,.T.);
#5575=ADVANCED_FACE('',(#5023),#5321,.T.);
#5576=ADVANCED_FACE('',(#5024),#5322,.T.);
#5577=ADVANCED_FACE('',(#5025),#5323,.T.);
#5578=ADVANCED_FACE('',(#5026),#5324,.T.);
#5579=ADVANCED_FACE('',(#5027),#5325,.T.);
#5580=ADVANCED_FACE('',(#5028),#5326,.T.);
#5581=ADVANCED_FACE('',(#5029),#5327,.T.);
#5582=ADVANCED_FACE('',(#5030),#5328,.T.);
#5583=ADVANCED_FACE('',(#5031),#5329,.T.);
#5584=ADVANCED_FACE('',(#5032),#5330,.T.);
#5585=ADVANCED_FACE('',(#5033),#5331,.F.);
#5586=ADVANCED_FACE('',(#5034),#5332,.F.);
#5587=ADVANCED_FACE('',(#5035),#5333,.F.);
#5588=ADVANCED_FACE('',(#5036),#5334,.F.);
#5589=ADVANCED_FACE('',(#5037),#5335,.F.);
#5590=ADVANCED_FACE('',(#5038),#5336,.F.);
#5591=ADVANCED_FACE('',(#5039),#5337,.T.);
#5592=ADVANCED_FACE('',(#5040),#5338,.T.);
#5593=ADVANCED_FACE('',(#5041),#5339,.T.);
#5594=ADVANCED_FACE('',(#5042),#5340,.T.);
#5595=ADVANCED_FACE('',(#5043),#5341,.T.);
#5596=ADVANCED_FACE('',(#5044),#5342,.T.);
#5597=ADVANCED_FACE('',(#5045),#5343,.T.);
#5598=ADVANCED_FACE('',(#5046),#5344,.F.);
#5599=ADVANCED_FACE('',(#5047),#5345,.T.);
#5600=ADVANCED_FACE('',(#5048),#5346,.T.);
#5601=ADVANCED_FACE('',(#5049),#5347,.T.);
#5602=ADVANCED_FACE('',(#5050),#5348,.T.);
#5603=ADVANCED_FACE('',(#5051),#5349,.T.);
#5604=ADVANCED_FACE('',(#5052),#5350,.F.);
#5605=ADVANCED_FACE('',(#5053),#5351,.T.);
#5606=ADVANCED_FACE('',(#5054),#5352,.T.);
#5607=ADVANCED_FACE('',(#5055),#5353,.T.);
#5608=ADVANCED_FACE('',(#5056),#5354,.T.);
#5609=ADVANCED_FACE('',(#5057),#5355,.T.);
#5610=ADVANCED_FACE('',(#5058),#5356,.F.);
#5611=ADVANCED_FACE('',(#5059,#5060),#5357,.T.);
#5612=ADVANCED_FACE('',(#5061),#5358,.T.);
#5613=ADVANCED_FACE('',(#5062),#5359,.F.);
#5614=ADVANCED_FACE('',(#5063),#5360,.T.);
#5615=ADVANCED_FACE('',(#5064),#5361,.F.);
#5616=ADVANCED_FACE('',(#5065),#5362,.T.);
#5617=ADVANCED_FACE('',(#5066),#5363,.F.);
#5618=ADVANCED_FACE('',(#5067),#5364,.F.);
#5619=ADVANCED_FACE('',(#5068),#5365,.F.);
#5620=ADVANCED_FACE('',(#5069),#5366,.T.);
#5621=ADVANCED_FACE('',(#5070),#5367,.T.);
#5622=ADVANCED_FACE('',(#5071),#5368,.F.);
#5623=ADVANCED_FACE('',(#5072),#5369,.F.);
#5624=ADVANCED_FACE('',(#5073),#5370,.T.);
#5625=ADVANCED_FACE('',(#5074),#5371,.T.);
#5626=ADVANCED_FACE('',(#5075,#5076,#5077,#5078,#5079,#5080,#5081,#5082,
#5083),#5372,.T.);
#5627=ADVANCED_FACE('',(#5084),#5373,.F.);
#5628=ADVANCED_FACE('',(#5085),#5374,.T.);
#5629=ADVANCED_FACE('',(#5086),#5375,.T.);
#5630=ADVANCED_FACE('',(#5087),#5376,.T.);
#5631=ADVANCED_FACE('',(#5088),#5377,.T.);
#5632=ADVANCED_FACE('',(#5089),#5378,.T.);
#5633=ADVANCED_FACE('',(#5090),#5379,.F.);
#5634=ADVANCED_FACE('',(#5091),#5380,.T.);
#5635=ADVANCED_FACE('',(#5092),#5381,.T.);
#5636=ADVANCED_FACE('',(#5093),#5382,.F.);
#5637=ADVANCED_FACE('',(#5094),#5383,.T.);
#5638=ADVANCED_FACE('',(#5095),#5384,.T.);
#5639=ADVANCED_FACE('',(#5096),#5385,.T.);
#5640=ADVANCED_FACE('',(#5097),#5386,.T.);
#5641=ADVANCED_FACE('',(#5098),#5387,.T.);
#5642=ADVANCED_FACE('',(#5099),#5388,.T.);
#5643=ADVANCED_FACE('',(#5100),#5389,.T.);
#5644=ADVANCED_FACE('',(#5101),#5390,.T.);
#5645=ADVANCED_FACE('',(#5102),#5391,.T.);
#5646=ADVANCED_FACE('',(#5103),#5392,.T.);
#5647=ADVANCED_FACE('',(#5104),#5393,.T.);
#5648=ADVANCED_FACE('',(#5105),#5394,.T.);
#5649=ADVANCED_FACE('',(#5106),#5395,.F.);
#5650=ADVANCED_FACE('',(#5107),#5396,.T.);
#5651=ADVANCED_FACE('',(#5108),#5397,.T.);
#5652=ADVANCED_FACE('',(#5109),#5398,.F.);
#5653=ADVANCED_FACE('',(#5110),#5399,.F.);
#5654=ADVANCED_FACE('',(#5111),#5400,.T.);
#5655=ADVANCED_FACE('',(#5112),#5401,.T.);
#5656=ADVANCED_FACE('',(#5113),#5402,.T.);
#5657=ADVANCED_FACE('',(#5114),#5403,.F.);
#5658=ADVANCED_FACE('',(#5115),#5404,.F.);
#5659=ADVANCED_FACE('',(#5116),#5405,.F.);
#5660=ADVANCED_FACE('',(#5117),#5406,.F.);
#5661=ADVANCED_FACE('',(#5118),#5407,.F.);
#5662=ADVANCED_FACE('',(#5119),#5408,.T.);
#5663=ADVANCED_FACE('',(#5120),#5409,.T.);
#5664=ADVANCED_FACE('',(#5121),#5410,.T.);
#5665=ADVANCED_FACE('',(#5122),#5411,.T.);
#5666=ADVANCED_FACE('',(#5123),#5412,.F.);
#5667=ADVANCED_FACE('',(#5124),#5413,.T.);
#5668=ADVANCED_FACE('',(#5125),#5414,.T.);
#5669=ADVANCED_FACE('',(#5126),#5415,.T.);
#5670=ADVANCED_FACE('',(#5127),#68,.T.);
#5671=ADVANCED_FACE('',(#5128),#69,.T.);
#5672=ADVANCED_FACE('',(#5129),#5416,.T.);
#5673=ADVANCED_FACE('',(#5130),#5417,.F.);
#5674=ADVANCED_FACE('',(#5131),#5418,.F.);
#5675=ADVANCED_FACE('',(#5132),#5419,.F.);
#5676=ADVANCED_FACE('',(#5133),#70,.T.);
#5677=ADVANCED_FACE('',(#5134),#71,.T.);
#5678=ADVANCED_FACE('',(#5135),#54,.T.);
#5679=ADVANCED_FACE('',(#5136),#52,.T.);
#5680=ADVANCED_FACE('',(#5137),#5420,.T.);
#5681=ADVANCED_FACE('',(#5138),#5421,.T.);
#5682=ADVANCED_FACE('',(#5139),#5422,.T.);
#5683=ADVANCED_FACE('',(#5140),#5423,.F.);
#5684=ADVANCED_FACE('',(#5141),#5424,.T.);
#5685=ADVANCED_FACE('',(#5142),#5425,.T.);
#5686=ADVANCED_FACE('',(#5143),#5426,.F.);
#5687=ADVANCED_FACE('',(#5144),#5427,.T.);
#5688=ADVANCED_FACE('',(#5145),#5428,.T.);
#5689=ADVANCED_FACE('',(#5146),#5429,.T.);
#5690=ADVANCED_FACE('',(#5147),#5430,.T.);
#5691=ADVANCED_FACE('',(#5148),#5431,.T.);
#5692=ADVANCED_FACE('',(#5149),#5432,.T.);
#5693=ADVANCED_FACE('',(#5150),#5433,.T.);
#5694=ADVANCED_FACE('',(#5151),#5434,.T.);
#5695=ADVANCED_FACE('',(#5152),#5435,.T.);
#5696=ADVANCED_FACE('',(#5153),#5436,.T.);
#5697=ADVANCED_FACE('',(#5154),#5437,.T.);
#5698=ADVANCED_FACE('',(#5155),#5438,.F.);
#5699=ADVANCED_FACE('',(#5156),#5439,.T.);
#5700=ADVANCED_FACE('',(#5157),#5440,.T.);
#5701=ADVANCED_FACE('',(#5158),#5441,.T.);
#5702=ADVANCED_FACE('',(#5159),#5442,.F.);
#5703=ADVANCED_FACE('',(#5160),#5443,.F.);
#5704=ADVANCED_FACE('',(#5161),#5444,.F.);
#5705=ADVANCED_FACE('',(#5162),#5445,.F.);
#5706=ADVANCED_FACE('',(#5163),#5446,.F.);
#5707=ADVANCED_FACE('',(#5164),#5447,.T.);
#5708=ADVANCED_FACE('',(#5165),#5448,.T.);
#5709=ADVANCED_FACE('',(#5166),#5449,.F.);
#5710=ADVANCED_FACE('',(#5167),#5450,.F.);
#5711=ADVANCED_FACE('',(#5168),#5451,.F.);
#5712=ADVANCED_FACE('',(#5169),#5452,.T.);
#5713=ADVANCED_FACE('',(#5170),#5453,.T.);
#5714=ADVANCED_FACE('',(#5171),#72,.T.);
#5715=ADVANCED_FACE('',(#5172),#5454,.T.);
#5716=ADVANCED_FACE('',(#5173),#73,.T.);
#5717=ADVANCED_FACE('',(#5174),#5455,.T.);
#5718=ADVANCED_FACE('',(#5175),#5456,.F.);
#5719=ADVANCED_FACE('',(#5176),#5457,.F.);
#5720=ADVANCED_FACE('',(#5177),#5458,.F.);
#5721=ADVANCED_FACE('',(#5178),#74,.T.);
#5722=ADVANCED_FACE('',(#5179),#75,.T.);
#5723=ADVANCED_FACE('',(#5180),#55,.T.);
#5724=ADVANCED_FACE('',(#5181),#53,.T.);
#5725=ADVANCED_FACE('',(#5182),#5459,.F.);
#5726=ADVANCED_FACE('',(#5183),#5460,.F.);
#5727=ADVANCED_FACE('',(#5184),#76,.F.);
#5728=ADVANCED_FACE('',(#5185),#5461,.F.);
#5729=ADVANCED_FACE('',(#5186),#5462,.T.);
#5730=ADVANCED_FACE('',(#5187),#5463,.T.);
#5731=ADVANCED_FACE('',(#5188),#5464,.T.);
#5732=ADVANCED_FACE('',(#5189),#5465,.T.);
#5733=ADVANCED_FACE('',(#5190),#5466,.F.);
#5734=ADVANCED_FACE('',(#5191),#5467,.F.);
#5735=ADVANCED_FACE('',(#5192),#5468,.F.);
#5736=ADVANCED_FACE('',(#5193),#5469,.T.);
#5737=ADVANCED_FACE('',(#5194),#77,.T.);
#5738=ADVANCED_FACE('',(#5195),#78,.T.);
#5739=ADVANCED_FACE('',(#5196),#79,.T.);
#5740=ADVANCED_FACE('',(#5197),#80,.T.);
#5741=ADVANCED_FACE('',(#5198),#5470,.F.);
#5742=ADVANCED_FACE('',(#5199),#5471,.F.);
#5743=ADVANCED_FACE('',(#5200),#5472,.F.);
#5744=ADVANCED_FACE('',(#5201),#5473,.F.);
#5745=ADVANCED_FACE('',(#5202,#5203),#5474,.T.);
#5746=ADVANCED_FACE('',(#5204),#5475,.F.);
#5747=ADVANCED_FACE('',(#5205),#5476,.F.);
#5748=ADVANCED_FACE('',(#5206),#5477,.F.);
#5749=ADVANCED_FACE('',(#5207),#5478,.F.);
#5750=ADVANCED_FACE('',(#5208),#5479,.F.);
#5751=ADVANCED_FACE('',(#5209),#5480,.F.);
#5752=ADVANCED_FACE('',(#5210,#5211),#5481,.T.);
#5753=ADVANCED_FACE('',(#5212),#5482,.F.);
#5754=ADVANCED_FACE('',(#5213),#5483,.F.);
#5755=ADVANCED_FACE('',(#5214),#5484,.F.);
#5756=ADVANCED_FACE('',(#5215),#5485,.F.);
#5757=ADVANCED_FACE('',(#5216),#5486,.T.);
#5758=ADVANCED_FACE('',(#5217),#81,.T.);
#5759=ADVANCED_FACE('',(#5218),#82,.T.);
#5760=ADVANCED_FACE('',(#5219),#83,.T.);
#5761=ADVANCED_FACE('',(#5220),#84,.T.);
#5762=ADVANCED_FACE('',(#5221),#5487,.F.);
#5763=ADVANCED_FACE('',(#5222),#5488,.F.);
#5764=ADVANCED_FACE('',(#5223),#5489,.F.);
#5765=ADVANCED_FACE('',(#5224),#5490,.F.);
#5766=ADVANCED_FACE('',(#5225,#5226),#5491,.T.);
#5767=ADVANCED_FACE('',(#5227),#5492,.F.);
#5768=ADVANCED_FACE('',(#5228),#5493,.F.);
#5769=ADVANCED_FACE('',(#5229),#5494,.F.);
#5770=ADVANCED_FACE('',(#5230),#5495,.F.);
#5771=ADVANCED_FACE('',(#5231),#5496,.T.);
#5772=ADVANCED_FACE('',(#5232),#85,.T.);
#5773=ADVANCED_FACE('',(#5233),#86,.T.);
#5774=ADVANCED_FACE('',(#5234),#87,.T.);
#5775=ADVANCED_FACE('',(#5235),#88,.T.);
#5776=ADVANCED_FACE('',(#5236),#5497,.F.);
#5777=ADVANCED_FACE('',(#5237),#5498,.F.);
#5778=ADVANCED_FACE('',(#5238),#5499,.F.);
#5779=ADVANCED_FACE('',(#5239),#5500,.F.);
#5780=ADVANCED_FACE('',(#5240,#5241),#5501,.T.);
#5781=ADVANCED_FACE('',(#5242),#5502,.F.);
#5782=ADVANCED_FACE('',(#5243),#5503,.F.);
#5783=ADVANCED_FACE('',(#5244),#5504,.F.);
#5784=ADVANCED_FACE('',(#5245),#5505,.F.);
#5785=ADVANCED_FACE('',(#5246),#5506,.F.);
#5786=ADVANCED_FACE('',(#5247),#5507,.F.);
#5787=ADVANCED_FACE('',(#5248,#5249),#5508,.T.);
#5788=ADVANCED_FACE('',(#5250),#5509,.F.);
#5789=ADVANCED_FACE('',(#5251),#5510,.F.);
#5790=ADVANCED_FACE('',(#5252),#5511,.F.);
#5791=ADVANCED_FACE('',(#5253),#5512,.F.);
#5792=ADVANCED_FACE('',(#5254),#5513,.F.);
#5793=ADVANCED_FACE('',(#5255),#5514,.F.);
#5794=ADVANCED_FACE('',(#5256,#5257),#5515,.T.);
#5795=ADVANCED_FACE('',(#5258),#5516,.F.);
#5796=ADVANCED_FACE('',(#5259),#5517,.F.);
#5797=ADVANCED_FACE('',(#5260),#5518,.F.);
#5798=ADVANCED_FACE('',(#5261),#5519,.F.);
#5799=ADVANCED_FACE('',(#5262),#5520,.T.);
#5800=ADVANCED_FACE('',(#5263),#5521,.F.);
#5801=ADVANCED_FACE('',(#5264),#5522,.F.);
#5802=ADVANCED_FACE('',(#5265),#5523,.T.);
#5803=ADVANCED_FACE('',(#5266),#5524,.T.);
#5804=ADVANCED_FACE('',(#5267),#5525,.T.);
#5805=ADVANCED_FACE('',(#5268),#5526,.T.);
#5806=ADVANCED_FACE('',(#5269),#5527,.T.);
#5807=ADVANCED_FACE('',(#5270),#5528,.T.);
#5808=ADVANCED_FACE('',(#5271),#5529,.T.);
#5809=ADVANCED_FACE('',(#5272),#5530,.T.);
#5810=ADVANCED_FACE('',(#5273),#5531,.T.);
#5811=ADVANCED_FACE('',(#5274),#5532,.T.);
#5812=ADVANCED_FACE('',(#5275),#5533,.T.);
#5813=ADVANCED_FACE('',(#5276),#5534,.F.);
#5814=ADVANCED_FACE('',(#5277),#5535,.T.);
#5815=ADVANCED_FACE('',(#5278),#5536,.T.);
#5816=ADVANCED_FACE('',(#5279),#5537,.F.);
#5817=ADVANCED_FACE('',(#5280),#5538,.T.);
#5818=ADVANCED_FACE('',(#5281),#5539,.T.);
#5819=ADVANCED_FACE('',(#5282),#5540,.T.);
#5820=ADVANCED_FACE('',(#5283),#5541,.F.);
#5821=ADVANCED_FACE('',(#5284),#5542,.F.);
#5822=ADVANCED_FACE('',(#5285),#89,.T.);
#5823=ADVANCED_FACE('',(#5286),#5543,.F.);
#5824=ADVANCED_FACE('',(#5287),#5544,.F.);
#5825=ADVANCED_FACE('',(#5288),#5545,.F.);
#5826=ADVANCED_FACE('',(#5289),#90,.F.);
#5827=ADVANCED_FACE('',(#5290),#5546,.F.);
#5828=ADVANCED_FACE('',(#5291),#5547,.T.);
#5829=ADVANCED_FACE('',(#5292),#5548,.F.);
#5830=ADVANCED_FACE('',(#5293),#5549,.T.);
#5831=ADVANCED_FACE('',(#5294),#5550,.F.);
#5832=ADVANCED_FACE('',(#5295),#5551,.F.);
#5833=ADVANCED_FACE('',(#5296),#5552,.F.);
#5834=ADVANCED_FACE('',(#5297),#5553,.T.);
#5835=ADVANCED_FACE('',(#5298),#5554,.F.);
#5836=ADVANCED_FACE('',(#5299),#5555,.F.);
#5837=ADVANCED_FACE('',(#5300),#5556,.F.);
#5838=ADVANCED_FACE('',(#5301),#5557,.F.);
#5839=ADVANCED_FACE('',(#5302),#5558,.F.);
#5840=ADVANCED_FACE('',(#5303),#91,.T.);
#5841=ADVANCED_FACE('',(#5304),#5559,.F.);
#5842=ADVANCED_FACE('',(#5305),#5560,.F.);
#5843=ADVANCED_FACE('',(#5306),#5561,.F.);
#5844=ADVANCED_FACE('',(#5307),#92,.F.);
#5845=ADVANCED_FACE('',(#5308),#5562,.F.);
#5846=ADVANCED_FACE('',(#5309),#5563,.T.);
#5847=ADVANCED_FACE('',(#5310),#5564,.F.);
#5848=ADVANCED_FACE('',(#5311),#5565,.T.);
#5849=ADVANCED_FACE('',(#5312),#5566,.F.);
#5850=ADVANCED_FACE('',(#5313),#5567,.F.);
#5851=ADVANCED_FACE('',(#5314),#5568,.F.);
#5852=ADVANCED_FACE('',(#5315),#5569,.T.);
#5853=ADVANCED_FACE('',(#5316),#5570,.F.);
#5854=ADVANCED_FACE('',(#5317),#5571,.F.);
#5855=ADVANCED_FACE('',(#5318),#5572,.F.);
#5856=CLOSED_SHELL('',(#5573,#5574,#5575,#5576,#5577,#5578,#5579,#5580,
#5581,#5582,#5583,#5584,#5585,#5586,#5587,#5588,#5589,#5590,#5591,#5592,
#5593,#5594,#5595,#5596,#5597,#5598,#5599,#5600,#5601,#5602,#5603,#5604,
#5605,#5606,#5607,#5608,#5609,#5610,#5611,#5612,#5613,#5614,#5615,#5616,
#5617,#5618,#5619,#5620,#5621,#5622,#5623,#5624,#5625,#5626,#5627,#5628,
#5629,#5630,#5631,#5632,#5633,#5634,#5635,#5636,#5637,#5638,#5639,#5640,
#5641,#5642,#5643,#5644,#5645,#5646,#5647,#5648,#5649,#5650,#5651,#5652,
#5653,#5654,#5655,#5656,#5657,#5658,#5659,#5660,#5661,#5662,#5663,#5664,
#5665,#5666,#5667,#5668,#5669,#5670,#5671,#5672,#5673,#5674,#5675,#5676,
#5677,#5678,#5679,#5680,#5681,#5682,#5683,#5684,#5685,#5686,#5687,#5688,
#5689,#5690,#5691,#5692,#5693,#5694,#5695,#5696,#5697,#5698,#5699,#5700,
#5701,#5702,#5703,#5704,#5705,#5706,#5707,#5708,#5709,#5710,#5711,#5712,
#5713,#5714,#5715,#5716,#5717,#5718,#5719,#5720,#5721,#5722,#5723,#5724,
#5725,#5726,#5727,#5728,#5729,#5730,#5731,#5732,#5733,#5734,#5735,#5736,
#5737,#5738,#5739,#5740,#5741,#5742,#5743,#5744,#5745,#5746,#5747,#5748,
#5749,#5750,#5751,#5752,#5753,#5754,#5755,#5756,#5757,#5758,#5759,#5760,
#5761,#5762,#5763,#5764,#5765,#5766,#5767,#5768,#5769,#5770,#5771,#5772,
#5773,#5774,#5775,#5776,#5777,#5778,#5779,#5780,#5781,#5782,#5783,#5784,
#5785,#5786,#5787,#5788,#5789,#5790,#5791,#5792,#5793,#5794,#5795,#5796,
#5797,#5798,#5799,#5800,#5801,#5802,#5803,#5804,#5805,#5806,#5807,#5808,
#5809,#5810,#5811,#5812,#5813,#5814,#5815,#5816,#5817,#5818,#5819));
#5857=CLOSED_SHELL('',(#5820,#5821,#5822,#5823,#5824,#5825,#5826,#5827,
#5828,#5829,#5830,#5831,#5832,#5833,#5834,#5835,#5836,#5837));
#5858=CLOSED_SHELL('',(#5838,#5839,#5840,#5841,#5842,#5843,#5844,#5845,
#5846,#5847,#5848,#5849,#5850,#5851,#5852,#5853,#5854,#5855));
#5859=STYLED_ITEM('',(#5862),#5882);
#5860=STYLED_ITEM('',(#5863),#5883);
#5861=STYLED_ITEM('',(#5864),#5884);
#5862=PRESENTATION_STYLE_ASSIGNMENT((#5865));
#5863=PRESENTATION_STYLE_ASSIGNMENT((#5866));
#5864=PRESENTATION_STYLE_ASSIGNMENT((#5867));
#5865=SURFACE_STYLE_USAGE(.BOTH.,#5868);
#5866=SURFACE_STYLE_USAGE(.BOTH.,#5869);
#5867=SURFACE_STYLE_USAGE(.BOTH.,#5870);
#5868=SURFACE_SIDE_STYLE('',(#5871));
#5869=SURFACE_SIDE_STYLE('',(#5872));
#5870=SURFACE_SIDE_STYLE('',(#5873));
#5871=SURFACE_STYLE_FILL_AREA(#5874);
#5872=SURFACE_STYLE_FILL_AREA(#5875);
#5873=SURFACE_STYLE_FILL_AREA(#5876);
#5874=FILL_AREA_STYLE('',(#5877));
#5875=FILL_AREA_STYLE('',(#5878));
#5876=FILL_AREA_STYLE('',(#5879));
#5877=FILL_AREA_STYLE_COLOUR('',#5880);
#5878=FILL_AREA_STYLE_COLOUR('',#5881);
#5879=FILL_AREA_STYLE_COLOUR('',#5881);
#5880=COLOUR_RGB('',0.200000002980232,0.200000002980232,0.200000002980232);
#5881=COLOUR_RGB('',0.645180702209473,0.678915679454803,0.699999988079071);
#5882=MANIFOLD_SOLID_BREP('',#5856);
#5883=MANIFOLD_SOLID_BREP('',#5857);
#5884=MANIFOLD_SOLID_BREP('',#5858);
#5885=SHAPE_DEFINITION_REPRESENTATION(#9408,#5889);
#5886=SHAPE_DEFINITION_REPRESENTATION(#9407,#5890);
#5887=SHAPE_DEFINITION_REPRESENTATION(#9410,#5891);
#5888=SHAPE_DEFINITION_REPRESENTATION(#9412,#5892);
#5889=SHAPE_REPRESENTATION('66200621022',(#5893),#9397);
#5890=SHAPE_REPRESENTATION('6620xx21022',(#5893,#6185,#6208,#6231,#6232,
#6233,#6234,#6235),#9396);
#5891=SHAPE_REPRESENTATION('6620xx21022_PIN_COURTE',(#5893),#9398);
#5892=SHAPE_REPRESENTATION('6620xx21022_PIN_LONGUE',(#5893),#9399);
#5893=AXIS2_PLACEMENT_3D('',#7690,#6236,#6237);
#5894=AXIS2_PLACEMENT_3D('',#7691,#6238,#6239);
#5895=AXIS2_PLACEMENT_3D('',#7700,#6244,#6245);
#5896=AXIS2_PLACEMENT_3D('',#7709,#6250,#6251);
#5897=AXIS2_PLACEMENT_3D('',#7718,#6256,#6257);
#5898=AXIS2_PLACEMENT_3D('',#7727,#6262,#6263);
#5899=AXIS2_PLACEMENT_3D('',#7736,#6268,#6269);
#5900=AXIS2_PLACEMENT_3D('',#7745,#6274,#6275);
#5901=AXIS2_PLACEMENT_3D('',#7754,#6280,#6281);
#5902=AXIS2_PLACEMENT_3D('',#7763,#6286,#6287);
#5903=AXIS2_PLACEMENT_3D('',#7776,#6294,#6295);
#5904=AXIS2_PLACEMENT_3D('',#7785,#6300,#6301);
#5905=AXIS2_PLACEMENT_3D('',#7794,#6306,#6307);
#5906=AXIS2_PLACEMENT_3D('',#7807,#6314,#6315);
#5907=AXIS2_PLACEMENT_3D('',#7822,#6324,#6325);
#5908=AXIS2_PLACEMENT_3D('',#7837,#6334,#6335);
#5909=AXIS2_PLACEMENT_3D('',#7852,#6344,#6345);
#5910=AXIS2_PLACEMENT_3D('',#7867,#6354,#6355);
#5911=AXIS2_PLACEMENT_3D('',#7882,#6364,#6365);
#5912=AXIS2_PLACEMENT_3D('',#7897,#6374,#6375);
#5913=AXIS2_PLACEMENT_3D('',#7906,#6380,#6381);
#5914=AXIS2_PLACEMENT_3D('',#7915,#6386,#6387);
#5915=AXIS2_PLACEMENT_3D('',#7918,#6390,#6391);
#5916=AXIS2_PLACEMENT_3D('',#7935,#6400,#6401);
#5917=AXIS2_PLACEMENT_3D('',#7948,#6408,#6409);
#5918=AXIS2_PLACEMENT_3D('',#7965,#6418,#6419);
#5919=AXIS2_PLACEMENT_3D('',#7966,#6420,#6421);
#5920=AXIS2_PLACEMENT_3D('',#7974,#6426,#6427);
#5921=AXIS2_PLACEMENT_3D('',#7977,#6429,#6430);
#5922=AXIS2_PLACEMENT_3D('',#7991,#6438,#6439);
#5923=AXIS2_PLACEMENT_3D('',#7994,#6442,#6443);
#5924=AXIS2_PLACEMENT_3D('',#8003,#6448,#6449);
#5925=AXIS2_PLACEMENT_3D('',#8012,#6454,#6455);
#5926=AXIS2_PLACEMENT_3D('',#8021,#6460,#6461);
#5927=AXIS2_PLACEMENT_3D('',#8022,#6462,#6463);
#5928=AXIS2_PLACEMENT_3D('',#8023,#6464,#6465);
#5929=AXIS2_PLACEMENT_3D('',#8029,#6469,#6470);
#5930=AXIS2_PLACEMENT_3D('',#8030,#6471,#6472);
#5931=AXIS2_PLACEMENT_3D('',#8040,#6478,#6479);
#5932=AXIS2_PLACEMENT_3D('',#8041,#6480,#6481);
#5933=AXIS2_PLACEMENT_3D('',#8044,#6484,#6485);
#5934=AXIS2_PLACEMENT_3D('',#8053,#6490,#6491);
#5935=AXIS2_PLACEMENT_3D('',#8062,#6496,#6497);
#5936=AXIS2_PLACEMENT_3D('',#8071,#6502,#6503);
#5937=AXIS2_PLACEMENT_3D('',#8072,#6504,#6505);
#5938=AXIS2_PLACEMENT_3D('',#8073,#6506,#6507);
#5939=AXIS2_PLACEMENT_3D('',#8079,#6511,#6512);
#5940=AXIS2_PLACEMENT_3D('',#8080,#6513,#6514);
#5941=AXIS2_PLACEMENT_3D('',#8090,#6520,#6521);
#5942=AXIS2_PLACEMENT_3D('',#8091,#6522,#6523);
#5943=AXIS2_PLACEMENT_3D('',#8113,#6535,#6536);
#5944=AXIS2_PLACEMENT_3D('',#8127,#6544,#6545);
#5945=AXIS2_PLACEMENT_3D('',#8133,#6548,#6549);
#5946=AXIS2_PLACEMENT_3D('',#8138,#6552,#6553);
#5947=AXIS2_PLACEMENT_3D('',#8147,#6558,#6559);
#5948=AXIS2_PLACEMENT_3D('',#8194,#6584,#6585);
#5949=AXIS2_PLACEMENT_3D('',#8207,#6592,#6593);
#5950=AXIS2_PLACEMENT_3D('',#8253,#6617,#6618);
#5951=AXIS2_PLACEMENT_3D('',#8259,#6622,#6623);
#5952=AXIS2_PLACEMENT_3D('',#8260,#6624,#6625);
#5953=AXIS2_PLACEMENT_3D('',#8270,#6630,#6631);
#5954=AXIS2_PLACEMENT_3D('',#8279,#6636,#6637);
#5955=AXIS2_PLACEMENT_3D('',#8321,#6660,#6661);
#5956=AXIS2_PLACEMENT_3D('',#8361,#6683,#6684);
#5957=AXIS2_PLACEMENT_3D('',#8367,#6688,#6689);
#5958=AXIS2_PLACEMENT_3D('',#8384,#6698,#6699);
#5959=AXIS2_PLACEMENT_3D('',#8435,#6726,#6727);
#5960=AXIS2_PLACEMENT_3D('',#8508,#6770,#6771);
#5961=AXIS2_PLACEMENT_3D('',#8513,#6775,#6776);
#5962=AXIS2_PLACEMENT_3D('',#8520,#6781,#6782);
#5963=AXIS2_PLACEMENT_3D('',#8525,#6786,#6787);
#5964=AXIS2_PLACEMENT_3D('',#8527,#6789,#6790);
#5965=AXIS2_PLACEMENT_3D('',#8531,#6792,#6793);
#5966=AXIS2_PLACEMENT_3D('',#8544,#6800,#6801);
#5967=AXIS2_PLACEMENT_3D('',#8545,#6802,#6803);
#5968=AXIS2_PLACEMENT_3D('',#8557,#6811,#6812);
#5969=AXIS2_PLACEMENT_3D('',#8560,#6814,#6815);
#5970=AXIS2_PLACEMENT_3D('',#8561,#6816,#6817);
#5971=AXIS2_PLACEMENT_3D('',#8565,#6820,#6821);
#5972=AXIS2_PLACEMENT_3D('',#8567,#6823,#6824);
#5973=AXIS2_PLACEMENT_3D('',#8568,#6825,#6826);
#5974=AXIS2_PLACEMENT_3D('',#8570,#6828,#6829);
#5975=AXIS2_PLACEMENT_3D('',#8572,#6831,#6832);
#5976=AXIS2_PLACEMENT_3D('',#8574,#6834,#6835);
#5977=AXIS2_PLACEMENT_3D('',#8575,#6836,#6837);
#5978=AXIS2_PLACEMENT_3D('',#8576,#6838,#6839);
#5979=AXIS2_PLACEMENT_3D('',#8579,#6842,#6843);
#5980=AXIS2_PLACEMENT_3D('',#8581,#6845,#6846);
#5981=AXIS2_PLACEMENT_3D('',#8583,#6848,#6849);
#5982=AXIS2_PLACEMENT_3D('',#8585,#6851,#6852);
#5983=AXIS2_PLACEMENT_3D('',#8586,#6853,#6854);
#5984=AXIS2_PLACEMENT_3D('',#8588,#6856,#6857);
#5985=AXIS2_PLACEMENT_3D('',#8590,#6859,#6860);
#5986=AXIS2_PLACEMENT_3D('',#8591,#6861,#6862);
#5987=AXIS2_PLACEMENT_3D('',#8592,#6863,#6864);
#5988=AXIS2_PLACEMENT_3D('',#8600,#6870,#6871);
#5989=AXIS2_PLACEMENT_3D('',#8602,#6873,#6874);
#5990=AXIS2_PLACEMENT_3D('',#8604,#6876,#6877);
#5991=AXIS2_PLACEMENT_3D('',#8608,#6879,#6880);
#5992=AXIS2_PLACEMENT_3D('',#8609,#6881,#6882);
#5993=AXIS2_PLACEMENT_3D('',#8617,#6886,#6887);
#5994=AXIS2_PLACEMENT_3D('',#8618,#6888,#6889);
#5995=AXIS2_PLACEMENT_3D('',#8626,#6893,#6894);
#5996=AXIS2_PLACEMENT_3D('',#8627,#6895,#6896);
#5997=AXIS2_PLACEMENT_3D('',#8632,#6899,#6900);
#5998=AXIS2_PLACEMENT_3D('',#8642,#6906,#6907);
#5999=AXIS2_PLACEMENT_3D('',#8647,#6911,#6912);
#6000=AXIS2_PLACEMENT_3D('',#8656,#6918,#6919);
#6001=AXIS2_PLACEMENT_3D('',#8659,#6922,#6923);
#6002=AXIS2_PLACEMENT_3D('',#8660,#6924,#6925);
#6003=AXIS2_PLACEMENT_3D('',#8665,#6929,#6930);
#6004=AXIS2_PLACEMENT_3D('',#8669,#6933,#6934);
#6005=AXIS2_PLACEMENT_3D('',#8672,#6937,#6938);
#6006=AXIS2_PLACEMENT_3D('',#8673,#6939,#6940);
#6007=AXIS2_PLACEMENT_3D('',#8674,#6941,#6942);
#6008=AXIS2_PLACEMENT_3D('',#8675,#6943,#6944);
#6009=AXIS2_PLACEMENT_3D('',#8676,#6945,#6946);
#6010=AXIS2_PLACEMENT_3D('',#8677,#6947,#6948);
#6011=AXIS2_PLACEMENT_3D('',#8680,#6951,#6952);
#6012=AXIS2_PLACEMENT_3D('',#8681,#6953,#6954);
#6013=AXIS2_PLACEMENT_3D('',#8689,#6959,#6960);
#6014=AXIS2_PLACEMENT_3D('',#8697,#6965,#6966);
#6015=AXIS2_PLACEMENT_3D('',#8698,#6967,#6968);
#6016=AXIS2_PLACEMENT_3D('',#8699,#6969,#6970);
#6017=AXIS2_PLACEMENT_3D('',#8700,#6971,#6972);
#6018=AXIS2_PLACEMENT_3D('',#8701,#6973,#6974);
#6019=AXIS2_PLACEMENT_3D('',#8702,#6975,#6976);
#6020=AXIS2_PLACEMENT_3D('',#8705,#6978,#6979);
#6021=AXIS2_PLACEMENT_3D('',#8708,#6981,#6982);
#6022=AXIS2_PLACEMENT_3D('',#8709,#6983,#6984);
#6023=AXIS2_PLACEMENT_3D('',#8716,#6986,#6987);
#6024=AXIS2_PLACEMENT_3D('',#8723,#6989,#6990);
#6025=AXIS2_PLACEMENT_3D('',#8733,#6991,#6992);
#6026=AXIS2_PLACEMENT_3D('',#8743,#6993,#6994);
#6027=AXIS2_PLACEMENT_3D('',#8744,#6995,#6996);
#6028=AXIS2_PLACEMENT_3D('',#8745,#6997,#6998);
#6029=AXIS2_PLACEMENT_3D('',#8746,#6999,#7000);
#6030=AXIS2_PLACEMENT_3D('',#8749,#7003,#7004);
#6031=AXIS2_PLACEMENT_3D('',#8751,#7006,#7007);
#6032=AXIS2_PLACEMENT_3D('',#8755,#7009,#7010);
#6033=AXIS2_PLACEMENT_3D('',#8759,#7012,#7013);
#6034=AXIS2_PLACEMENT_3D('',#8767,#7018,#7019);
#6035=AXIS2_PLACEMENT_3D('',#8768,#7020,#7021);
#6036=AXIS2_PLACEMENT_3D('',#8771,#7023,#7024);
#6037=AXIS2_PLACEMENT_3D('',#8775,#7027,#7028);
#6038=AXIS2_PLACEMENT_3D('',#8777,#7030,#7031);
#6039=AXIS2_PLACEMENT_3D('',#8778,#7032,#7033);
#6040=AXIS2_PLACEMENT_3D('',#8780,#7035,#7036);
#6041=AXIS2_PLACEMENT_3D('',#8782,#7038,#7039);
#6042=AXIS2_PLACEMENT_3D('',#8784,#7041,#7042);
#6043=AXIS2_PLACEMENT_3D('',#8785,#7043,#7044);
#6044=AXIS2_PLACEMENT_3D('',#8787,#7046,#7047);
#6045=AXIS2_PLACEMENT_3D('',#8789,#7049,#7050);
#6046=AXIS2_PLACEMENT_3D('',#8791,#7052,#7053);
#6047=AXIS2_PLACEMENT_3D('',#8792,#7054,#7055);
#6048=AXIS2_PLACEMENT_3D('',#8794,#7057,#7058);
#6049=AXIS2_PLACEMENT_3D('',#8796,#7060,#7061);
#6050=AXIS2_PLACEMENT_3D('',#8797,#7062,#7063);
#6051=AXIS2_PLACEMENT_3D('',#8807,#7069,#7070);
#6052=AXIS2_PLACEMENT_3D('',#8812,#7074,#7075);
#6053=AXIS2_PLACEMENT_3D('',#8817,#7079,#7080);
#6054=AXIS2_PLACEMENT_3D('',#8824,#7085,#7086);
#6055=AXIS2_PLACEMENT_3D('',#8825,#7087,#7088);
#6056=AXIS2_PLACEMENT_3D('',#8831,#7092,#7093);
#6057=AXIS2_PLACEMENT_3D('',#8834,#7096,#7097);
#6058=AXIS2_PLACEMENT_3D('',#8837,#7100,#7101);
#6059=AXIS2_PLACEMENT_3D('',#8838,#7102,#7103);
#6060=AXIS2_PLACEMENT_3D('',#8839,#7104,#7105);
#6061=AXIS2_PLACEMENT_3D('',#8840,#7106,#7107);
#6062=AXIS2_PLACEMENT_3D('',#8841,#7108,#7109);
#6063=AXIS2_PLACEMENT_3D('',#8842,#7110,#7111);
#6064=AXIS2_PLACEMENT_3D('',#8845,#7114,#7115);
#6065=AXIS2_PLACEMENT_3D('',#8846,#7116,#7117);
#6066=AXIS2_PLACEMENT_3D('',#8854,#7122,#7123);
#6067=AXIS2_PLACEMENT_3D('',#8855,#7124,#7125);
#6068=AXIS2_PLACEMENT_3D('',#8858,#7127,#7128);
#6069=AXIS2_PLACEMENT_3D('',#8864,#7132,#7133);
#6070=AXIS2_PLACEMENT_3D('',#8865,#7134,#7135);
#6071=AXIS2_PLACEMENT_3D('',#8866,#7136,#7137);
#6072=AXIS2_PLACEMENT_3D('',#8867,#7138,#7139);
#6073=AXIS2_PLACEMENT_3D('',#8870,#7141,#7142);
#6074=AXIS2_PLACEMENT_3D('',#8873,#7144,#7145);
#6075=AXIS2_PLACEMENT_3D('',#8874,#7146,#7147);
#6076=AXIS2_PLACEMENT_3D('',#8881,#7149,#7150);
#6077=AXIS2_PLACEMENT_3D('',#8888,#7152,#7153);
#6078=AXIS2_PLACEMENT_3D('',#8898,#7154,#7155);
#6079=AXIS2_PLACEMENT_3D('',#8908,#7156,#7157);
#6080=AXIS2_PLACEMENT_3D('',#8909,#7158,#7159);
#6081=AXIS2_PLACEMENT_3D('',#8910,#7160,#7161);
#6082=AXIS2_PLACEMENT_3D('',#8911,#7162,#7163);
#6083=AXIS2_PLACEMENT_3D('',#8917,#7167,#7168);
#6084=AXIS2_PLACEMENT_3D('',#8923,#7172,#7173);
#6085=AXIS2_PLACEMENT_3D('',#8924,#7174,#7175);
#6086=AXIS2_PLACEMENT_3D('',#8925,#7176,#7177);
#6087=AXIS2_PLACEMENT_3D('',#8926,#7178,#7179);
#6088=AXIS2_PLACEMENT_3D('',#8927,#7180,#7181);
#6089=AXIS2_PLACEMENT_3D('',#8928,#7182,#7183);
#6090=AXIS2_PLACEMENT_3D('',#8932,#7186,#7187);
#6091=AXIS2_PLACEMENT_3D('',#8936,#7190,#7191);
#6092=AXIS2_PLACEMENT_3D('',#8938,#7193,#7194);
#6093=AXIS2_PLACEMENT_3D('',#8939,#7195,#7196);
#6094=AXIS2_PLACEMENT_3D('',#8940,#7197,#7198);
#6095=AXIS2_PLACEMENT_3D('',#8941,#7199,#7200);
#6096=AXIS2_PLACEMENT_3D('',#8942,#7201,#7202);
#6097=AXIS2_PLACEMENT_3D('',#8943,#7203,#7204);
#6098=AXIS2_PLACEMENT_3D('',#8944,#7205,#7206);
#6099=AXIS2_PLACEMENT_3D('',#8945,#7207,#7208);
#6100=AXIS2_PLACEMENT_3D('',#8955,#7215,#7216);
#6101=AXIS2_PLACEMENT_3D('',#8965,#7223,#7224);
#6102=AXIS2_PLACEMENT_3D('',#8967,#7226,#7227);
#6103=AXIS2_PLACEMENT_3D('',#8968,#7228,#7229);
#6104=AXIS2_PLACEMENT_3D('',#8969,#7230,#7231);
#6105=AXIS2_PLACEMENT_3D('',#8970,#7232,#7233);
#6106=AXIS2_PLACEMENT_3D('',#8971,#7234,#7235);
#6107=AXIS2_PLACEMENT_3D('',#8977,#7239,#7240);
#6108=AXIS2_PLACEMENT_3D('',#8981,#7243,#7244);
#6109=AXIS2_PLACEMENT_3D('',#8985,#7247,#7248);
#6110=AXIS2_PLACEMENT_3D('',#8989,#7251,#7252);
#6111=AXIS2_PLACEMENT_3D('',#8993,#7256,#7257);
#6112=AXIS2_PLACEMENT_3D('',#8994,#7258,#7259);
#6113=AXIS2_PLACEMENT_3D('',#8995,#7260,#7261);
#6114=AXIS2_PLACEMENT_3D('',#9001,#7265,#7266);
#6115=AXIS2_PLACEMENT_3D('',#9007,#7270,#7271);
#6116=AXIS2_PLACEMENT_3D('',#9011,#7274,#7275);
#6117=AXIS2_PLACEMENT_3D('',#9013,#7277,#7278);
#6118=AXIS2_PLACEMENT_3D('',#9017,#7282,#7283);
#6119=AXIS2_PLACEMENT_3D('',#9018,#7284,#7285);
#6120=AXIS2_PLACEMENT_3D('',#9019,#7286,#7287);
#6121=AXIS2_PLACEMENT_3D('',#9029,#7294,#7295);
#6122=AXIS2_PLACEMENT_3D('',#9039,#7302,#7303);
#6123=AXIS2_PLACEMENT_3D('',#9041,#7305,#7306);
#6124=AXIS2_PLACEMENT_3D('',#9042,#7307,#7308);
#6125=AXIS2_PLACEMENT_3D('',#9043,#7309,#7310);
#6126=AXIS2_PLACEMENT_3D('',#9044,#7311,#7312);
#6127=AXIS2_PLACEMENT_3D('',#9045,#7313,#7314);
#6128=AXIS2_PLACEMENT_3D('',#9051,#7318,#7319);
#6129=AXIS2_PLACEMENT_3D('',#9055,#7322,#7323);
#6130=AXIS2_PLACEMENT_3D('',#9059,#7326,#7327);
#6131=AXIS2_PLACEMENT_3D('',#9063,#7330,#7331);
#6132=AXIS2_PLACEMENT_3D('',#9067,#7335,#7336);
#6133=AXIS2_PLACEMENT_3D('',#9068,#7337,#7338);
#6134=AXIS2_PLACEMENT_3D('',#9069,#7339,#7340);
#6135=AXIS2_PLACEMENT_3D('',#9079,#7347,#7348);
#6136=AXIS2_PLACEMENT_3D('',#9089,#7355,#7356);
#6137=AXIS2_PLACEMENT_3D('',#9091,#7358,#7359);
#6138=AXIS2_PLACEMENT_3D('',#9092,#7360,#7361);
#6139=AXIS2_PLACEMENT_3D('',#9093,#7362,#7363);
#6140=AXIS2_PLACEMENT_3D('',#9094,#7364,#7365);
#6141=AXIS2_PLACEMENT_3D('',#9095,#7366,#7367);
#6142=AXIS2_PLACEMENT_3D('',#9101,#7371,#7372);
#6143=AXIS2_PLACEMENT_3D('',#9105,#7375,#7376);
#6144=AXIS2_PLACEMENT_3D('',#9109,#7379,#7380);
#6145=AXIS2_PLACEMENT_3D('',#9113,#7383,#7384);
#6146=AXIS2_PLACEMENT_3D('',#9117,#7388,#7389);
#6147=AXIS2_PLACEMENT_3D('',#9118,#7390,#7391);
#6148=AXIS2_PLACEMENT_3D('',#9119,#7392,#7393);
#6149=AXIS2_PLACEMENT_3D('',#9125,#7397,#7398);
#6150=AXIS2_PLACEMENT_3D('',#9129,#7401,#7402);
#6151=AXIS2_PLACEMENT_3D('',#9133,#7405,#7406);
#6152=AXIS2_PLACEMENT_3D('',#9137,#7409,#7410);
#6153=AXIS2_PLACEMENT_3D('',#9141,#7414,#7415);
#6154=AXIS2_PLACEMENT_3D('',#9142,#7416,#7417);
#6155=AXIS2_PLACEMENT_3D('',#9143,#7418,#7419);
#6156=AXIS2_PLACEMENT_3D('',#9149,#7423,#7424);
#6157=AXIS2_PLACEMENT_3D('',#9153,#7427,#7428);
#6158=AXIS2_PLACEMENT_3D('',#9157,#7431,#7432);
#6159=AXIS2_PLACEMENT_3D('',#9161,#7435,#7436);
#6160=AXIS2_PLACEMENT_3D('',#9165,#7440,#7441);
#6161=AXIS2_PLACEMENT_3D('',#9166,#7442,#7443);
#6162=AXIS2_PLACEMENT_3D('',#9167,#7444,#7445);
#6163=AXIS2_PLACEMENT_3D('',#9174,#7450,#7451);
#6164=AXIS2_PLACEMENT_3D('',#9181,#7456,#7457);
#6165=AXIS2_PLACEMENT_3D('',#9182,#7458,#7459);
#6166=AXIS2_PLACEMENT_3D('',#9189,#7464,#7465);
#6167=AXIS2_PLACEMENT_3D('',#9196,#7470,#7471);
#6168=AXIS2_PLACEMENT_3D('',#9197,#7472,#7473);
#6169=AXIS2_PLACEMENT_3D('',#9198,#7474,#7475);
#6170=AXIS2_PLACEMENT_3D('',#9199,#7476,#7477);
#6171=AXIS2_PLACEMENT_3D('',#9200,#7478,#7479);
#6172=AXIS2_PLACEMENT_3D('',#9201,#7480,#7481);
#6173=AXIS2_PLACEMENT_3D('',#9202,#7482,#7483);
#6174=AXIS2_PLACEMENT_3D('',#9203,#7484,#7485);
#6175=AXIS2_PLACEMENT_3D('',#9207,#7489,#7490);
#6176=AXIS2_PLACEMENT_3D('',#9211,#7494,#7495);
#6177=AXIS2_PLACEMENT_3D('',#9212,#7496,#7497);
#6178=AXIS2_PLACEMENT_3D('',#9213,#7498,#7499);
#6179=AXIS2_PLACEMENT_3D('',#9214,#7500,#7501);
#6180=AXIS2_PLACEMENT_3D('',#9216,#7503,#7504);
#6181=AXIS2_PLACEMENT_3D('',#9218,#7506,#7507);
#6182=AXIS2_PLACEMENT_3D('',#9219,#7508,#7509);
#6183=AXIS2_PLACEMENT_3D('',#9221,#7511,#7512);
#6184=AXIS2_PLACEMENT_3D('',#9223,#7514,#7515);
#6185=AXIS2_PLACEMENT_3D('',#9224,#7516,#7517);
#6186=AXIS2_PLACEMENT_3D('',#9225,#7518,#7519);
#6187=AXIS2_PLACEMENT_3D('',#9234,#7524,#7525);
#6188=AXIS2_PLACEMENT_3D('',#9243,#7530,#7531);
#6189=AXIS2_PLACEMENT_3D('',#9244,#7532,#7533);
#6190=AXIS2_PLACEMENT_3D('',#9248,#7535,#7536);
#6191=AXIS2_PLACEMENT_3D('',#9249,#7537,#7538);
#6192=AXIS2_PLACEMENT_3D('',#9255,#7542,#7543);
#6193=AXIS2_PLACEMENT_3D('',#9264,#7548,#7549);
#6194=AXIS2_PLACEMENT_3D('',#9273,#7554,#7555);
#6195=AXIS2_PLACEMENT_3D('',#9274,#7556,#7557);
#6196=AXIS2_PLACEMENT_3D('',#9278,#7559,#7560);
#6197=AXIS2_PLACEMENT_3D('',#9279,#7561,#7562);
#6198=AXIS2_PLACEMENT_3D('',#9285,#7566,#7567);
#6199=AXIS2_PLACEMENT_3D('',#9288,#7570,#7571);
#6200=AXIS2_PLACEMENT_3D('',#9291,#7574,#7575);
#6201=AXIS2_PLACEMENT_3D('',#9294,#7578,#7579);
#6202=AXIS2_PLACEMENT_3D('',#9296,#7581,#7582);
#6203=AXIS2_PLACEMENT_3D('',#9298,#7584,#7585);
#6204=AXIS2_PLACEMENT_3D('',#9299,#7586,#7587);
#6205=AXIS2_PLACEMENT_3D('',#9302,#7590,#7591);
#6206=AXIS2_PLACEMENT_3D('',#9304,#7593,#7594);
#6207=AXIS2_PLACEMENT_3D('',#9306,#7596,#7597);
#6208=AXIS2_PLACEMENT_3D('',#9307,#7598,#7599);
#6209=AXIS2_PLACEMENT_3D('',#9308,#7600,#7601);
#6210=AXIS2_PLACEMENT_3D('',#9317,#7606,#7607);
#6211=AXIS2_PLACEMENT_3D('',#9326,#7612,#7613);
#6212=AXIS2_PLACEMENT_3D('',#9327,#7614,#7615);
#6213=AXIS2_PLACEMENT_3D('',#9331,#7617,#7618);
#6214=AXIS2_PLACEMENT_3D('',#9332,#7619,#7620);
#6215=AXIS2_PLACEMENT_3D('',#9338,#7624,#7625);
#6216=AXIS2_PLACEMENT_3D('',#9347,#7630,#7631);
#6217=AXIS2_PLACEMENT_3D('',#9356,#7636,#7637);
#6218=AXIS2_PLACEMENT_3D('',#9357,#7638,#7639);
#6219=AXIS2_PLACEMENT_3D('',#9361,#7641,#7642);
#6220=AXIS2_PLACEMENT_3D('',#9362,#7643,#7644);
#6221=AXIS2_PLACEMENT_3D('',#9368,#7648,#7649);
#6222=AXIS2_PLACEMENT_3D('',#9371,#7652,#7653);
#6223=AXIS2_PLACEMENT_3D('',#9374,#7656,#7657);
#6224=AXIS2_PLACEMENT_3D('',#9377,#7660,#7661);
#6225=AXIS2_PLACEMENT_3D('',#9379,#7663,#7664);
#6226=AXIS2_PLACEMENT_3D('',#9381,#7666,#7667);
#6227=AXIS2_PLACEMENT_3D('',#9382,#7668,#7669);
#6228=AXIS2_PLACEMENT_3D('',#9385,#7672,#7673);
#6229=AXIS2_PLACEMENT_3D('',#9387,#7675,#7676);
#6230=AXIS2_PLACEMENT_3D('',#9389,#7678,#7679);
#6231=AXIS2_PLACEMENT_3D('',#9390,#7680,#7681);
#6232=AXIS2_PLACEMENT_3D('',#9391,#7682,#7683);
#6233=AXIS2_PLACEMENT_3D('',#9392,#7684,#7685);
#6234=AXIS2_PLACEMENT_3D('',#9393,#7686,#7687);
#6235=AXIS2_PLACEMENT_3D('',#9394,#7688,#7689);
#6236=DIRECTION('',(0.,0.,1.));
#6237=DIRECTION('',(1.,0.,0.));
#6238=DIRECTION('',(0.,0.,-1.));
#6239=DIRECTION('',(-1.,0.,0.));
#6240=DIRECTION('',(0.,1.,0.));
#6241=DIRECTION('',(1.,0.,0.));
#6242=DIRECTION('',(0.,-1.,0.));
#6243=DIRECTION('',(1.,0.,0.));
#6244=DIRECTION('',(0.,0.,-1.));
#6245=DIRECTION('',(-1.,0.,0.));
#6246=DIRECTION('',(0.,-1.,0.));
#6247=DIRECTION('',(-1.,0.,0.));
#6248=DIRECTION('',(0.,1.,0.));
#6249=DIRECTION('',(-1.,0.,0.));
#6250=DIRECTION('',(0.,0.,-1.));
#6251=DIRECTION('',(-1.,0.,0.));
#6252=DIRECTION('',(0.,1.,0.));
#6253=DIRECTION('',(1.,0.,0.));
#6254=DIRECTION('',(0.,-1.,0.));
#6255=DIRECTION('',(1.,0.,0.));
#6256=DIRECTION('',(0.,0.,-1.));
#6257=DIRECTION('',(-1.,0.,0.));
#6258=DIRECTION('',(0.,-1.,0.));
#6259=DIRECTION('',(-1.,0.,0.));
#6260=DIRECTION('',(0.,1.,0.));
#6261=DIRECTION('',(-1.,0.,0.));
#6262=DIRECTION('',(0.,0.,-1.));
#6263=DIRECTION('',(-1.,0.,0.));
#6264=DIRECTION('',(0.,1.,0.));
#6265=DIRECTION('',(1.,0.,0.));
#6266=DIRECTION('',(0.,-1.,0.));
#6267=DIRECTION('',(1.,0.,0.));
#6268=DIRECTION('',(0.,0.,-1.));
#6269=DIRECTION('',(-1.,0.,0.));
#6270=DIRECTION('',(0.,-1.,0.));
#6271=DIRECTION('',(-1.,0.,0.));
#6272=DIRECTION('',(0.,1.,0.));
#6273=DIRECTION('',(-1.,0.,0.));
#6274=DIRECTION('',(0.,0.,-1.));
#6275=DIRECTION('',(-1.,0.,0.));
#6276=DIRECTION('',(-1.,0.,0.));
#6277=DIRECTION('',(0.,1.,0.));
#6278=DIRECTION('',(-1.,0.,0.));
#6279=DIRECTION('',(0.,-1.,0.));
#6280=DIRECTION('',(0.,0.,-1.));
#6281=DIRECTION('',(-1.,0.,0.));
#6282=DIRECTION('',(-1.,0.,0.));
#6283=DIRECTION('',(0.,1.,0.));
#6284=DIRECTION('',(-1.,0.,0.));
#6285=DIRECTION('',(0.,-1.,0.));
#6286=DIRECTION('',(0.,0.,-1.));
#6287=DIRECTION('',(-1.,0.,0.));
#6288=DIRECTION('',(-1.,0.,0.));
#6289=DIRECTION('',(0.,-1.,0.));
#6290=DIRECTION('',(1.,-1.0734674975104E-16,0.));
#6291=DIRECTION('',(0.,-1.,0.));
#6292=DIRECTION('',(-1.,0.,0.));
#6293=DIRECTION('',(0.,-1.,0.));
#6294=DIRECTION('',(0.,0.,-1.));
#6295=DIRECTION('',(-1.,0.,0.));
#6296=DIRECTION('',(-1.,0.,0.));
#6297=DIRECTION('',(0.,1.,0.));
#6298=DIRECTION('',(-1.,0.,0.));
#6299=DIRECTION('',(0.,-1.,0.));
#6300=DIRECTION('',(0.,0.,-1.));
#6301=DIRECTION('',(-1.,0.,0.));
#6302=DIRECTION('',(-1.,0.,0.));
#6303=DIRECTION('',(0.,1.,0.));
#6304=DIRECTION('',(-1.,0.,0.));
#6305=DIRECTION('',(0.,-1.,0.));
#6306=DIRECTION('',(0.,0.,-1.));
#6307=DIRECTION('',(-1.,0.,0.));
#6308=DIRECTION('',(-1.,0.,0.));
#6309=DIRECTION('',(0.,1.,0.));
#6310=DIRECTION('',(-1.,0.,0.));
#6311=DIRECTION('',(0.,1.,0.));
#6312=DIRECTION('',(1.,1.0734674975104E-16,0.));
#6313=DIRECTION('',(0.,1.,0.));
#6314=DIRECTION('',(1.,0.,0.));
#6315=DIRECTION('',(0.,0.,-1.));
#6316=DIRECTION('',(0.,0.,-1.));
#6317=DIRECTION('',(0.,0.,-1.));
#6318=DIRECTION('',(0.,-1.,0.));
#6319=DIRECTION('',(0.,0.,-1.));
#6320=DIRECTION('',(0.,-1.,0.));
#6321=DIRECTION('',(0.,0.,1.));
#6322=DIRECTION('',(0.,1.,0.));
#6323=DIRECTION('',(0.,0.,1.));
#6324=DIRECTION('',(-1.,0.,0.));
#6325=DIRECTION('',(0.,0.,1.));
#6326=DIRECTION('',(0.,0.,1.));
#6327=DIRECTION('',(0.,0.,1.));
#6328=DIRECTION('',(0.,-1.,0.));
#6329=DIRECTION('',(0.,0.,1.));
#6330=DIRECTION('',(0.,1.,0.));
#6331=DIRECTION('',(0.,0.,-1.));
#6332=DIRECTION('',(0.,1.,0.));
#6333=DIRECTION('',(0.,0.,1.));
#6334=DIRECTION('',(1.,0.,0.));
#6335=DIRECTION('',(0.,0.,-1.));
#6336=DIRECTION('',(0.,0.,-1.));
#6337=DIRECTION('',(0.,0.,-1.));
#6338=DIRECTION('',(0.,-1.,0.));
#6339=DIRECTION('',(0.,0.,-1.));
#6340=DIRECTION('',(0.,-1.,0.));
#6341=DIRECTION('',(0.,0.,1.));
#6342=DIRECTION('',(0.,1.,0.));
#6343=DIRECTION('',(0.,0.,1.));
#6344=DIRECTION('',(-1.,0.,0.));
#6345=DIRECTION('',(0.,0.,1.));
#6346=DIRECTION('',(0.,0.,1.));
#6347=DIRECTION('',(0.,0.,1.));
#6348=DIRECTION('',(0.,-1.,0.));
#6349=DIRECTION('',(0.,0.,1.));
#6350=DIRECTION('',(0.,1.,0.));
#6351=DIRECTION('',(0.,0.,-1.));
#6352=DIRECTION('',(0.,1.,0.));
#6353=DIRECTION('',(0.,0.,1.));
#6354=DIRECTION('',(1.,0.,0.));
#6355=DIRECTION('',(0.,0.,-1.));
#6356=DIRECTION('',(0.,0.,-1.));
#6357=DIRECTION('',(0.,0.,-1.));
#6358=DIRECTION('',(0.,-1.,0.));
#6359=DIRECTION('',(0.,0.,-1.));
#6360=DIRECTION('',(0.,-1.,0.));
#6361=DIRECTION('',(0.,0.,1.));
#6362=DIRECTION('',(0.,1.,0.));
#6363=DIRECTION('',(0.,0.,1.));
#6364=DIRECTION('',(-1.,0.,0.));
#6365=DIRECTION('',(0.,0.,1.));
#6366=DIRECTION('',(0.,0.,1.));
#6367=DIRECTION('',(0.,0.,1.));
#6368=DIRECTION('',(0.,-1.,0.));
#6369=DIRECTION('',(0.,0.,1.));
#6370=DIRECTION('',(0.,1.,0.));
#6371=DIRECTION('',(0.,0.,-1.));
#6372=DIRECTION('',(0.,1.,0.));
#6373=DIRECTION('',(0.,0.,1.));
#6374=DIRECTION('',(0.,0.,-1.));
#6375=DIRECTION('',(-1.,0.,0.));
#6376=DIRECTION('',(1.,0.,0.));
#6377=DIRECTION('',(0.,-1.,0.));
#6378=DIRECTION('',(1.,-1.70740499604016E-16,0.));
#6379=DIRECTION('',(0.,1.,0.));
#6380=DIRECTION('',(0.,0.,-1.));
#6381=DIRECTION('',(-1.,0.,0.));
#6382=DIRECTION('',(1.,0.,0.));
#6383=DIRECTION('',(0.,-1.,0.));
#6384=DIRECTION('',(1.,-1.70740499604016E-16,0.));
#6385=DIRECTION('',(0.,1.,0.));
#6386=DIRECTION('',(0.,0.,-1.));
#6387=DIRECTION('',(-1.,0.,0.));
#6388=DIRECTION('',(-1.,0.,0.));
#6389=DIRECTION('',(-1.,0.,0.));
#6390=DIRECTION('',(0.,0.,-1.));
#6391=DIRECTION('',(-1.,0.,0.));
#6392=DIRECTION('',(-1.,0.,0.));
#6393=DIRECTION('',(0.,-1.,0.));
#6394=DIRECTION('',(-1.,0.,0.));
#6395=DIRECTION('',(0.,-1.,0.));
#6396=DIRECTION('',(-1.,-4.38061483832527E-16,0.));
#6397=DIRECTION('',(0.,-1.,0.));
#6398=DIRECTION('',(-1.,0.,0.));
#6399=DIRECTION('',(0.,-1.,0.));
#6400=DIRECTION('',(0.,0.,-1.));
#6401=DIRECTION('',(-1.,0.,0.));
#6402=DIRECTION('',(1.,0.,0.));
#6403=DIRECTION('',(0.,-1.,0.));
#6404=DIRECTION('',(1.,-1.70740499604016E-16,0.));
#6405=DIRECTION('',(0.,-1.,0.));
#6406=DIRECTION('',(-1.,0.,0.));
#6407=DIRECTION('',(0.,-1.,0.));
#6408=DIRECTION('',(0.,0.,-1.));
#6409=DIRECTION('',(-1.,0.,0.));
#6410=DIRECTION('',(1.,-1.70740499604016E-16,0.));
#6411=DIRECTION('',(0.,-1.,0.));
#6412=DIRECTION('',(1.,0.,0.));
#6413=DIRECTION('',(0.,1.,0.));
#6414=DIRECTION('',(-1.,0.,0.));
#6415=DIRECTION('',(0.,-1.,0.));
#6416=DIRECTION('',(1.,0.,0.));
#6417=DIRECTION('',(0.,-1.,0.));
#6418=DIRECTION('',(0.,1.,0.));
#6419=DIRECTION('',(0.,0.,1.));
#6420=DIRECTION('',(0.,1.,0.));
#6421=DIRECTION('',(0.,0.,1.));
#6422=DIRECTION('',(0.707106781186547,0.,0.707106781186548));
#6423=DIRECTION('',(0.,0.,1.));
#6424=DIRECTION('',(1.,0.,0.));
#6425=DIRECTION('',(0.,0.,1.));
#6426=DIRECTION('',(1.70740499604016E-16,1.,0.));
#6427=DIRECTION('',(-1.,1.70740499604016E-16,0.));
#6428=DIRECTION('',(0.,0.,-1.));
#6429=DIRECTION('',(1.70740499604016E-16,1.,0.));
#6430=DIRECTION('',(-1.,1.70740499604016E-16,0.));
#6431=DIRECTION('',(0.,0.,-1.));
#6432=DIRECTION('',(-1.,4.38061483832527E-16,0.));
#6433=DIRECTION('',(-0.707106781186548,1.20731765093179E-16,0.707106781186548));
#6434=DIRECTION('',(0.,0.,1.));
#6435=DIRECTION('',(1.,-1.70740499604016E-16,0.));
#6436=DIRECTION('',(0.,0.,-1.));
#6437=DIRECTION('',(-0.707106781186547,1.20731765093179E-16,-0.707106781186548));
#6438=DIRECTION('',(0.,0.,-1.));
#6439=DIRECTION('',(-1.,0.,0.));
#6440=DIRECTION('',(-1.,0.,0.));
#6441=DIRECTION('',(-1.,0.,0.));
#6442=DIRECTION('',(0.,0.,-1.));
#6443=DIRECTION('',(-1.,0.,0.));
#6444=DIRECTION('',(-1.,0.,0.));
#6445=DIRECTION('',(0.,1.,0.));
#6446=DIRECTION('',(-1.,0.,0.));
#6447=DIRECTION('',(0.,-1.,0.));
#6448=DIRECTION('',(0.,0.,-1.));
#6449=DIRECTION('',(-1.,0.,0.));
#6450=DIRECTION('',(1.,0.,0.));
#6451=DIRECTION('',(0.,-1.,0.));
#6452=DIRECTION('',(1.,-1.70740499604016E-16,0.));
#6453=DIRECTION('',(0.,1.,0.));
#6454=DIRECTION('',(0.,0.,-1.));
#6455=DIRECTION('',(-1.,0.,0.));
#6456=DIRECTION('',(1.,0.,0.));
#6457=DIRECTION('',(0.,1.,0.));
#6458=DIRECTION('',(1.,-1.70740499604016E-16,0.));
#6459=DIRECTION('',(0.,-1.,0.));
#6460=DIRECTION('',(0.,1.,0.));
#6461=DIRECTION('',(0.,0.,1.));
#6462=DIRECTION('',(0.,1.,0.));
#6463=DIRECTION('',(0.,0.,1.));
#6464=DIRECTION('',(0.,1.,0.));
#6465=DIRECTION('',(0.,0.,1.));
#6466=DIRECTION('',(0.,0.,-1.));
#6467=DIRECTION('',(-1.,0.,0.));
#6468=DIRECTION('',(0.,0.,-1.));
#6469=DIRECTION('',(1.70740499604016E-16,1.,0.));
#6470=DIRECTION('',(-1.,1.70740499604016E-16,0.));
#6471=DIRECTION('',(1.70740499604016E-16,1.,0.));
#6472=DIRECTION('',(-1.,1.70740499604016E-16,0.));
#6473=DIRECTION('',(0.,0.,1.));
#6474=DIRECTION('',(0.,0.,-1.));
#6475=DIRECTION('',(1.,0.,0.));
#6476=DIRECTION('',(0.,0.,-1.));
#6477=DIRECTION('',(0.,0.,-1.));
#6478=DIRECTION('',(1.70740499604016E-16,1.,0.));
#6479=DIRECTION('',(-1.,1.70740499604016E-16,0.));
#6480=DIRECTION('',(0.,0.,-1.));
#6481=DIRECTION('',(-1.,0.,0.));
#6482=DIRECTION('',(-1.,0.,0.));
#6483=DIRECTION('',(-1.,0.,0.));
#6484=DIRECTION('',(0.,0.,-1.));
#6485=DIRECTION('',(-1.,0.,0.));
#6486=DIRECTION('',(-1.,0.,0.));
#6487=DIRECTION('',(0.,1.,0.));
#6488=DIRECTION('',(-1.,0.,0.));
#6489=DIRECTION('',(0.,-1.,0.));
#6490=DIRECTION('',(0.,0.,-1.));
#6491=DIRECTION('',(-1.,0.,0.));
#6492=DIRECTION('',(1.,0.,0.));
#6493=DIRECTION('',(0.,-1.,0.));
#6494=DIRECTION('',(1.,-1.70740499604016E-16,0.));
#6495=DIRECTION('',(0.,1.,0.));
#6496=DIRECTION('',(0.,0.,-1.));
#6497=DIRECTION('',(-1.,0.,0.));
#6498=DIRECTION('',(1.,0.,0.));
#6499=DIRECTION('',(0.,1.,0.));
#6500=DIRECTION('',(1.,-1.70740499604016E-16,0.));
#6501=DIRECTION('',(0.,-1.,0.));
#6502=DIRECTION('',(0.,1.,0.));
#6503=DIRECTION('',(0.,0.,1.));
#6504=DIRECTION('',(0.,1.,0.));
#6505=DIRECTION('',(0.,0.,1.));
#6506=DIRECTION('',(0.,1.,0.));
#6507=DIRECTION('',(0.,0.,1.));
#6508=DIRECTION('',(0.,0.,-1.));
#6509=DIRECTION('',(-1.,0.,0.));
#6510=DIRECTION('',(0.,0.,-1.));
#6511=DIRECTION('',(1.70740499604016E-16,1.,0.));
#6512=DIRECTION('',(-1.,1.70740499604016E-16,0.));
#6513=DIRECTION('',(1.70740499604016E-16,1.,0.));
#6514=DIRECTION('',(-1.,1.70740499604016E-16,0.));
#6515=DIRECTION('',(0.,0.,1.));
#6516=DIRECTION('',(0.,0.,-1.));
#6517=DIRECTION('',(1.,0.,0.));
#6518=DIRECTION('',(0.,0.,-1.));
#6519=DIRECTION('',(0.,0.,-1.));
#6520=DIRECTION('',(1.70740499604016E-16,1.,0.));
#6521=DIRECTION('',(-1.,1.70740499604016E-16,0.));
#6522=DIRECTION('',(0.,-1.,0.));
#6523=DIRECTION('',(0.,0.,-1.));
#6524=DIRECTION('',(-1.,0.,0.));
#6525=DIRECTION('',(0.,0.,1.));
#6526=DIRECTION('',(-1.,0.,0.));
#6527=DIRECTION('',(0.,0.,1.));
#6528=DIRECTION('',(1.,0.,0.));
#6529=DIRECTION('',(0.,0.,-1.));
#6530=DIRECTION('',(0.,0.,1.));
#6531=DIRECTION('',(-1.,0.,0.));
#6532=DIRECTION('',(0.,0.,1.));
#6533=DIRECTION('',(-1.,0.,0.));
#6534=DIRECTION('',(0.,0.,1.));
#6535=DIRECTION('',(0.,0.,-1.));
#6536=DIRECTION('',(-1.,0.,0.));
#6537=DIRECTION('',(-1.,0.,0.));
#6538=DIRECTION('',(0.,1.,0.));
#6539=DIRECTION('',(-1.,0.,0.));
#6540=DIRECTION('',(0.,-1.,0.));
#6541=DIRECTION('',(0.,-1.,0.));
#6542=DIRECTION('',(-1.,4.38061483832527E-16,0.));
#6543=DIRECTION('',(0.,1.,0.));
#6544=DIRECTION('',(0.,-1.,0.));
#6545=DIRECTION('',(0.,0.,-1.));
#6546=DIRECTION('',(0.,0.,1.));
#6547=DIRECTION('',(-1.,0.,0.));
#6548=DIRECTION('',(0.,-1.,0.));
#6549=DIRECTION('',(0.,0.,-1.));
#6550=DIRECTION('',(0.,0.,-1.));
#6551=DIRECTION('',(-1.,0.,0.));
#6552=DIRECTION('',(0.,0.,1.));
#6553=DIRECTION('',(1.,0.,0.));
#6554=DIRECTION('',(0.,1.,0.));
#6555=DIRECTION('',(1.,0.,-5.42101086242753E-16));
#6556=DIRECTION('',(0.,1.,0.));
#6557=DIRECTION('',(-1.,0.,0.));
#6558=DIRECTION('',(-1.,0.,0.));
#6559=DIRECTION('',(0.,0.,1.));
#6560=DIRECTION('',(0.,1.,0.));
#6561=DIRECTION('',(0.,0.,1.));
#6562=DIRECTION('',(0.,-1.,0.));
#6563=DIRECTION('',(0.,0.,-1.));
#6564=DIRECTION('',(0.,-1.,0.));
#6565=DIRECTION('',(0.,-1.44560289664734E-16,1.));
#6566=DIRECTION('',(0.,-1.,0.));
#6567=DIRECTION('',(0.,0.,-1.));
#6568=DIRECTION('',(0.,1.,0.));
#6569=DIRECTION('',(0.,0.,-1.));
#6570=DIRECTION('',(0.,-1.,0.));
#6571=DIRECTION('',(0.,0.,-1.));
#6572=DIRECTION('',(0.,0.,-1.));
#6573=DIRECTION('',(0.,1.,0.));
#6574=DIRECTION('',(0.,0.,1.));
#6575=DIRECTION('',(0.,1.,0.));
#6576=DIRECTION('',(0.,0.,1.));
#6577=DIRECTION('',(0.,1.,0.));
#6578=DIRECTION('',(0.,0.,1.));
#6579=DIRECTION('',(0.,1.,0.));
#6580=DIRECTION('',(0.,0.,1.));
#6581=DIRECTION('',(0.,-1.,0.));
#6582=DIRECTION('',(0.,-8.67361737988403E-17,1.));
#6583=DIRECTION('',(0.,0.,1.));
#6584=DIRECTION('',(0.,0.,-1.));
#6585=DIRECTION('',(-1.,0.,0.));
#6586=DIRECTION('',(1.,0.,0.));
#6587=DIRECTION('',(0.,1.,0.));
#6588=DIRECTION('',(-1.,0.,0.));
#6589=DIRECTION('',(0.,1.,0.));
#6590=DIRECTION('',(1.,-1.70740499604016E-16,0.));
#6591=DIRECTION('',(0.,1.,0.));
#6592=DIRECTION('',(1.,0.,0.));
#6593=DIRECTION('',(0.,0.,-1.));
#6594=DIRECTION('',(0.,-1.,0.));
#6595=DIRECTION('',(0.,0.,-1.));
#6596=DIRECTION('',(0.,1.,0.));
#6597=DIRECTION('',(0.,0.,-1.));
#6598=DIRECTION('',(0.,-8.67361737988403E-17,1.));
#6599=DIRECTION('',(0.,-1.,0.));
#6600=DIRECTION('',(0.,0.,1.));
#6601=DIRECTION('',(0.,1.,0.));
#6602=DIRECTION('',(0.,0.,1.));
#6603=DIRECTION('',(0.,-1.,0.));
#6604=DIRECTION('',(0.,0.,-1.));
#6605=DIRECTION('',(0.,-1.,0.));
#6606=DIRECTION('',(0.,0.,-1.));
#6607=DIRECTION('',(0.,-1.,0.));
#6608=DIRECTION('',(0.,0.,-1.));
#6609=DIRECTION('',(0.,-1.,0.));
#6610=DIRECTION('',(0.,0.,-1.));
#6611=DIRECTION('',(0.,1.,0.));
#6612=DIRECTION('',(0.,0.,-1.));
#6613=DIRECTION('',(0.,-1.,0.));
#6614=DIRECTION('',(0.,-1.44560289664734E-16,1.));
#6615=DIRECTION('',(0.,-1.,0.));
#6616=DIRECTION('',(0.,0.,-1.));
#6617=DIRECTION('',(-4.38061483832527E-16,-1.,0.));
#6618=DIRECTION('',(1.,-4.38061483832527E-16,0.));
#6619=DIRECTION('',(1.,0.,0.));
#6620=DIRECTION('',(-0.707106781186548,3.09756245794621E-16,-0.707106781186548));
#6621=DIRECTION('',(0.,0.,-1.));
#6622=DIRECTION('',(0.,-1.,0.));
#6623=DIRECTION('',(0.,0.,-1.));
#6624=DIRECTION('',(0.,-1.,0.));
#6625=DIRECTION('',(0.,0.,-1.));
#6626=DIRECTION('',(-1.,0.,0.));
#6627=DIRECTION('',(0.,0.,-1.));
#6628=DIRECTION('',(-1.,0.,0.));
#6629=DIRECTION('',(0.,0.,1.));
#6630=DIRECTION('',(0.,0.,1.));
#6631=DIRECTION('',(1.,0.,0.));
#6632=DIRECTION('',(0.,-1.,0.));
#6633=DIRECTION('',(1.,0.,5.42101086242753E-16));
#6634=DIRECTION('',(0.,-1.,0.));
#6635=DIRECTION('',(1.,0.,0.));
#6636=DIRECTION('',(-1.,0.,0.));
#6637=DIRECTION('',(0.,0.,1.));
#6638=DIRECTION('',(0.,1.,0.));
#6639=DIRECTION('',(0.,0.,-1.));
#6640=DIRECTION('',(0.,1.,0.));
#6641=DIRECTION('',(0.,0.,-1.));
#6642=DIRECTION('',(0.,8.67361737988403E-17,-1.));
#6643=DIRECTION('',(0.,1.,0.));
#6644=DIRECTION('',(0.,0.,-1.));
#6645=DIRECTION('',(0.,-1.,0.));
#6646=DIRECTION('',(0.,-1.,0.));
#6647=DIRECTION('',(0.,0.,1.));
#6648=DIRECTION('',(0.,-1.,0.));
#6649=DIRECTION('',(0.,0.,1.));
#6650=DIRECTION('',(0.,-1.,0.));
#6651=DIRECTION('',(0.,0.,-1.));
#6652=DIRECTION('',(0.,1.,0.));
#6653=DIRECTION('',(0.,0.,1.));
#6654=DIRECTION('',(0.,-1.,0.));
#6655=DIRECTION('',(0.,0.,1.));
#6656=DIRECTION('',(0.,1.,0.));
#6657=DIRECTION('',(0.,1.44560289664734E-16,-1.));
#6658=DIRECTION('',(0.,1.,0.));
#6659=DIRECTION('',(0.,0.,1.));
#6660=DIRECTION('',(-1.,0.,0.));
#6661=DIRECTION('',(0.,0.,1.));
#6662=DIRECTION('',(0.,1.,0.));
#6663=DIRECTION('',(0.,0.,1.));
#6664=DIRECTION('',(0.,1.,0.));
#6665=DIRECTION('',(0.,0.,1.));
#6666=DIRECTION('',(0.,1.,0.));
#6667=DIRECTION('',(0.,1.44560289664734E-16,-1.));
#6668=DIRECTION('',(0.,1.,0.));
#6669=DIRECTION('',(0.,0.,1.));
#6670=DIRECTION('',(0.,-1.,0.));
#6671=DIRECTION('',(0.,0.,1.));
#6672=DIRECTION('',(0.,1.,0.));
#6673=DIRECTION('',(0.,1.,0.));
#6674=DIRECTION('',(0.,0.,-1.));
#6675=DIRECTION('',(0.,1.,0.));
#6676=DIRECTION('',(0.,0.,-1.));
#6677=DIRECTION('',(0.,1.,0.));
#6678=DIRECTION('',(0.,-1.,0.));
#6679=DIRECTION('',(0.,0.,-1.));
#6680=DIRECTION('',(0.,1.,0.));
#6681=DIRECTION('',(0.,8.67361737988403E-17,-1.));
#6682=DIRECTION('',(0.,0.,1.));
#6683=DIRECTION('',(4.38061483832527E-16,-1.,0.));
#6684=DIRECTION('',(1.,4.38061483832527E-16,0.));
#6685=DIRECTION('',(0.707106781186548,3.09756245794621E-16,-0.707106781186548));
#6686=DIRECTION('',(1.,0.,0.));
#6687=DIRECTION('',(0.,0.,-1.));
#6688=DIRECTION('',(0.,0.,-1.));
#6689=DIRECTION('',(-1.,0.,0.));
#6690=DIRECTION('',(1.,0.,0.));
#6691=DIRECTION('',(0.,1.,0.));
#6692=DIRECTION('',(1.,-1.70740499604016E-16,0.));
#6693=DIRECTION('',(0.,-1.,0.));
#6694=DIRECTION('',(1.,0.,0.));
#6695=DIRECTION('',(0.,-1.,0.));
#6696=DIRECTION('',(-1.,0.,0.));
#6697=DIRECTION('',(0.,1.,0.));
#6698=DIRECTION('',(0.,1.,0.));
#6699=DIRECTION('',(0.,0.,1.));
#6700=DIRECTION('',(1.,0.,0.));
#6701=DIRECTION('',(0.,0.,1.));
#6702=DIRECTION('',(-1.,0.,0.));
#6703=DIRECTION('',(0.,0.,-1.));
#6704=DIRECTION('',(-1.,0.,0.));
#6705=DIRECTION('',(0.,0.,-1.));
#6706=DIRECTION('',(0.,0.,1.));
#6707=DIRECTION('',(-1.,0.,0.));
#6708=DIRECTION('',(0.,0.,1.));
#6709=DIRECTION('',(-1.,0.,0.));
#6710=DIRECTION('',(0.,0.,-1.));
#6711=DIRECTION('',(-1.,0.,0.));
#6712=DIRECTION('',(0.,0.,1.));
#6713=DIRECTION('',(-1.,0.,0.));
#6714=DIRECTION('',(0.,0.,-1.));
#6715=DIRECTION('',(-1.,0.,0.));
#6716=DIRECTION('',(0.,0.,-1.));
#6717=DIRECTION('',(0.,0.,1.));
#6718=DIRECTION('',(-1.,0.,0.));
#6719=DIRECTION('',(0.,0.,-1.));
#6720=DIRECTION('',(-1.,0.,0.));
#6721=DIRECTION('',(0.,0.,-1.));
#6722=DIRECTION('',(1.,0.,0.));
#6723=DIRECTION('',(0.,0.,1.));
#6724=DIRECTION('',(-1.,0.,0.));
#6725=DIRECTION('',(0.,0.,-1.));
#6726=DIRECTION('',(0.,0.,1.));
#6727=DIRECTION('',(1.,0.,0.));
#6728=DIRECTION('',(-1.,3.33600668457078E-16,0.));
#6729=DIRECTION('',(-0.707106781186547,0.707106781186548,0.));
#6730=DIRECTION('',(0.,1.,0.));
#6731=DIRECTION('',(1.,0.,0.));
#6732=DIRECTION('',(-6.67201336914155E-16,-1.,0.));
#6733=DIRECTION('',(-1.,3.33600668457078E-16,0.));
#6734=DIRECTION('',(-0.707106781186547,0.707106781186548,0.));
#6735=DIRECTION('',(0.,1.,0.));
#6736=DIRECTION('',(1.,0.,0.));
#6737=DIRECTION('',(-6.67201336914155E-16,-1.,0.));
#6738=DIRECTION('',(6.67201336914155E-16,-1.,0.));
#6739=DIRECTION('',(-1.,0.,0.));
#6740=DIRECTION('',(-0.707106781186547,0.707106781186547,0.));
#6741=DIRECTION('',(0.,1.,0.));
#6742=DIRECTION('',(1.,3.33600668457078E-16,0.));
#6743=DIRECTION('',(6.67201336914155E-16,-1.,0.));
#6744=DIRECTION('',(-1.,0.,0.));
#6745=DIRECTION('',(-0.707106781186547,0.707106781186548,0.));
#6746=DIRECTION('',(0.,1.,0.));
#6747=DIRECTION('',(1.,3.33600668457078E-16,0.));
#6748=DIRECTION('',(-1.,3.33600668457078E-16,0.));
#6749=DIRECTION('',(0.,1.,0.));
#6750=DIRECTION('',(1.,0.,0.));
#6751=DIRECTION('',(-6.67201336914155E-16,-1.,0.));
#6752=DIRECTION('',(-0.707106781186549,-0.707106781186546,0.));
#6753=DIRECTION('',(6.67201336914155E-16,-1.,0.));
#6754=DIRECTION('',(-1.,0.,0.));
#6755=DIRECTION('',(-0.707106781186547,0.707106781186547,0.));
#6756=DIRECTION('',(0.,1.,0.));
#6757=DIRECTION('',(1.,3.33600668457078E-16,0.));
#6758=DIRECTION('',(-1.,0.,0.));
#6759=DIRECTION('',(-1.,0.,0.));
#6760=DIRECTION('',(0.707106781186547,0.707106781186548,0.));
#6761=DIRECTION('',(1.,0.,0.));
#6762=DIRECTION('',(-0.707106781186547,0.707106781186548,0.));
#6763=DIRECTION('',(-0.707106781186547,-0.707106781186548,0.));
#6764=DIRECTION('',(-1.,0.,0.));
#6765=DIRECTION('',(-0.707106781186549,0.707106781186546,0.));
#6766=DIRECTION('',(0.,1.,0.));
#6767=DIRECTION('',(0.,1.,0.));
#6768=DIRECTION('',(1.,0.,0.));
#6769=DIRECTION('',(1.,0.,0.));
#6770=DIRECTION('',(-1.,0.,0.));
#6771=DIRECTION('',(0.,0.,1.));
#6772=DIRECTION('',(0.,1.,0.));
#6773=DIRECTION('',(0.,0.,1.));
#6774=DIRECTION('',(0.,-1.,0.));
#6775=DIRECTION('',(-1.,0.,0.));
#6776=DIRECTION('',(0.,0.,1.));
#6777=DIRECTION('',(0.,0.,-1.));
#6778=DIRECTION('',(0.,-1.,0.));
#6779=DIRECTION('',(0.,-1.,0.));
#6780=DIRECTION('',(0.,0.,-1.));
#6781=DIRECTION('',(1.,0.,0.));
#6782=DIRECTION('',(0.,0.,-1.));
#6783=DIRECTION('',(0.,-1.,0.));
#6784=DIRECTION('',(0.,0.,1.));
#6785=DIRECTION('',(0.,-1.,0.));
#6786=DIRECTION('',(0.,0.,1.));
#6787=DIRECTION('',(1.,0.,0.));
#6788=DIRECTION('',(0.,-1.,0.));
#6789=DIRECTION('',(-1.,0.,0.));
#6790=DIRECTION('',(0.,0.,1.));
#6791=DIRECTION('',(0.,0.,1.));
#6792=DIRECTION('',(-1.,0.,0.));
#6793=DIRECTION('',(0.,0.,1.));
#6794=DIRECTION('',(0.,0.894427190999916,0.447213595499958));
#6795=DIRECTION('',(0.,-1.,0.));
#6796=DIRECTION('',(0.,0.,-1.));
#6797=DIRECTION('',(0.,-1.,0.));
#6798=DIRECTION('',(0.,-1.,0.));
#6799=DIRECTION('',(0.,-0.894427190999916,0.447213595499958));
#6800=DIRECTION('',(-1.,0.,0.));
#6801=DIRECTION('',(0.,0.,1.));
#6802=DIRECTION('',(0.,0.,-1.));
#6803=DIRECTION('',(-1.,0.,0.));
#6804=DIRECTION('',(0.,1.,0.));
#6805=DIRECTION('',(-1.,0.,0.));
#6806=DIRECTION('',(0.,1.,0.));
#6807=DIRECTION('',(0.,-1.,0.));
#6808=DIRECTION('',(1.,0.,0.));
#6809=DIRECTION('',(0.,-1.,0.));
#6810=DIRECTION('',(1.,0.,0.));
#6811=DIRECTION('',(0.,-1.,0.));
#6812=DIRECTION('',(0.,0.,-1.));
#6813=DIRECTION('',(1.,0.,0.));
#6814=DIRECTION('',(0.,-1.,0.));
#6815=DIRECTION('',(0.,0.,-1.));
#6816=DIRECTION('',(0.,0.,1.));
#6817=DIRECTION('',(1.,0.,0.));
#6818=DIRECTION('',(-1.,0.,0.));
#6819=DIRECTION('',(0.,-1.,0.));
#6820=DIRECTION('',(-1.,0.,0.));
#6821=DIRECTION('',(0.,0.,1.));
#6822=DIRECTION('',(0.,0.,-1.));
#6823=DIRECTION('',(0.,-1.,0.));
#6824=DIRECTION('',(0.,0.,-1.));
#6825=DIRECTION('',(0.,-1.,-8.67361737988403E-17));
#6826=DIRECTION('',(0.,8.67361737988403E-17,-1.));
#6827=DIRECTION('',(1.,0.,0.));
#6828=DIRECTION('',(0.,0.,-1.));
#6829=DIRECTION('',(-1.,0.,0.));
#6830=DIRECTION('',(1.,0.,0.));
#6831=DIRECTION('',(0.,-1.,0.));
#6832=DIRECTION('',(0.,0.,-1.));
#6833=DIRECTION('',(1.,0.,0.));
#6834=DIRECTION('',(0.,0.,1.));
#6835=DIRECTION('',(1.,0.,0.));
#6836=DIRECTION('',(0.,1.,0.));
#6837=DIRECTION('',(0.,0.,1.));
#6838=DIRECTION('',(0.,1.,0.));
#6839=DIRECTION('',(0.,0.,1.));
#6840=DIRECTION('',(-1.,0.,0.));
#6841=DIRECTION('',(0.707106781186547,0.,-0.707106781186548));
#6842=DIRECTION('',(0.,0.,-1.));
#6843=DIRECTION('',(-1.,0.,0.));
#6844=DIRECTION('',(1.,0.,0.));
#6845=DIRECTION('',(0.,1.,0.));
#6846=DIRECTION('',(0.,0.,1.));
#6847=DIRECTION('',(1.,0.,0.));
#6848=DIRECTION('',(0.,0.,1.));
#6849=DIRECTION('',(1.,0.,0.));
#6850=DIRECTION('',(1.,0.,0.));
#6851=DIRECTION('',(0.,1.,0.));
#6852=DIRECTION('',(0.,0.,1.));
#6853=DIRECTION('',(0.,-1.,-1.44560289664734E-16));
#6854=DIRECTION('',(0.,1.44560289664734E-16,-1.));
#6855=DIRECTION('',(1.,0.,0.));
#6856=DIRECTION('',(0.,0.,-1.));
#6857=DIRECTION('',(-1.,0.,0.));
#6858=DIRECTION('',(1.,0.,0.));
#6859=DIRECTION('',(0.,1.,0.));
#6860=DIRECTION('',(0.,0.,1.));
#6861=DIRECTION('',(1.70740499604016E-16,1.,0.));
#6862=DIRECTION('',(-1.,1.70740499604016E-16,0.));
#6863=DIRECTION('',(1.70740499604016E-16,1.,0.));
#6864=DIRECTION('',(-1.,1.70740499604016E-16,0.));
#6865=DIRECTION('',(0.,0.,1.));
#6866=DIRECTION('',(-0.707106781186547,1.20731765093179E-16,0.707106781186548));
#6867=DIRECTION('',(1.,-1.70740499604016E-16,0.));
#6868=DIRECTION('',(0.707106781186548,-1.20731765093179E-16,0.707106781186548));
#6869=DIRECTION('',(-1.,-4.38061483832527E-16,0.));
#6870=DIRECTION('',(-1.,0.,0.));
#6871=DIRECTION('',(0.,0.,1.));
#6872=DIRECTION('',(0.,0.,1.));
#6873=DIRECTION('',(1.,0.,0.));
#6874=DIRECTION('',(0.,0.,-1.));
#6875=DIRECTION('',(0.,0.,-1.));
#6876=DIRECTION('',(0.,-1.,0.));
#6877=DIRECTION('',(0.,0.,-1.));
#6878=DIRECTION('',(0.,0.,-1.));
#6879=DIRECTION('',(0.,-1.,0.));
#6880=DIRECTION('',(0.,0.,-1.));
#6881=DIRECTION('',(0.,-1.,0.));
#6882=DIRECTION('',(0.,0.,-1.));
#6883=DIRECTION('',(0.,0.,-1.));
#6884=DIRECTION('',(1.,0.,0.));
#6885=DIRECTION('',(0.,0.,-1.));
#6886=DIRECTION('',(0.,-1.,0.));
#6887=DIRECTION('',(0.,0.,-1.));
#6888=DIRECTION('',(0.,-1.,0.));
#6889=DIRECTION('',(0.,0.,-1.));
#6890=DIRECTION('',(0.,0.,-1.));
#6891=DIRECTION('',(1.,0.,0.));
#6892=DIRECTION('',(0.,0.,-1.));
#6893=DIRECTION('',(0.,-1.,0.));
#6894=DIRECTION('',(0.,0.,-1.));
#6895=DIRECTION('',(0.,-1.,0.));
#6896=DIRECTION('',(0.,0.,-1.));
#6897=DIRECTION('',(0.,0.,-1.));
#6898=DIRECTION('',(1.,0.,0.));
#6899=DIRECTION('',(0.,0.,1.));
#6900=DIRECTION('',(1.,0.,0.));
#6901=DIRECTION('',(0.,1.,0.));
#6902=DIRECTION('',(1.,3.73862818098445E-16,0.));
#6903=DIRECTION('',(0.,1.,0.));
#6904=DIRECTION('',(-1.,0.,0.));
#6905=DIRECTION('',(0.,1.,0.));
#6906=DIRECTION('',(0.,-1.,0.));
#6907=DIRECTION('',(0.,0.,-1.));
#6908=DIRECTION('',(0.707106781186547,0.,0.707106781186548));
#6909=DIRECTION('',(-1.,0.,0.));
#6910=DIRECTION('',(0.,0.,-1.));
#6911=DIRECTION('',(1.,0.,0.));
#6912=DIRECTION('',(0.,0.,-1.));
#6913=DIRECTION('',(0.,0.,1.));
#6914=DIRECTION('',(0.,1.,0.));
#6915=DIRECTION('',(0.,0.,1.));
#6916=DIRECTION('',(0.,-1.,0.));
#6917=DIRECTION('',(0.,0.,-1.));
#6918=DIRECTION('',(1.0734674975104E-16,1.,0.));
#6919=DIRECTION('',(-1.,1.0734674975104E-16,0.));
#6920=DIRECTION('',(-0.707106781186547,7.59056146872958E-17,-0.707106781186548));
#6921=DIRECTION('',(1.,-1.0734674975104E-16,0.));
#6922=DIRECTION('',(0.,0.,1.));
#6923=DIRECTION('',(1.,0.,0.));
#6924=DIRECTION('',(3.73862818098445E-16,-1.,0.));
#6925=DIRECTION('',(1.,3.73862818098445E-16,0.));
#6926=DIRECTION('',(-0.707106781186548,-2.64360933910923E-16,0.707106781186548));
#6927=DIRECTION('',(1.,3.73862818098445E-16,0.));
#6928=DIRECTION('',(0.,0.,1.));
#6929=DIRECTION('',(1.,0.,0.));
#6930=DIRECTION('',(0.,0.,-1.));
#6931=DIRECTION('',(0.,1.,0.));
#6932=DIRECTION('',(0.,0.,1.));
#6933=DIRECTION('',(0.,1.,0.));
#6934=DIRECTION('',(0.,0.,1.));
#6935=DIRECTION('',(0.707106781186548,0.,-0.707106781186548));
#6936=DIRECTION('',(-1.,0.,0.));
#6937=DIRECTION('',(0.,0.,1.));
#6938=DIRECTION('',(1.,0.,0.));
#6939=DIRECTION('',(0.707106781186548,0.,-0.707106781186547));
#6940=DIRECTION('',(0.,1.,0.));
#6941=DIRECTION('',(0.707106781186548,0.,-0.707106781186547));
#6942=DIRECTION('',(0.,1.,0.));
#6943=DIRECTION('',(-0.707106781186547,0.,-0.707106781186547));
#6944=DIRECTION('',(0.,1.,0.));
#6945=DIRECTION('',(-0.707106781186547,0.,-0.707106781186547));
#6946=DIRECTION('',(0.,1.,0.));
#6947=DIRECTION('',(0.,0.,-1.));
#6948=DIRECTION('',(-1.,0.,0.));
#6949=DIRECTION('',(-1.,0.,0.));
#6950=DIRECTION('',(-1.,0.,0.));
#6951=DIRECTION('',(0.,1.,0.));
#6952=DIRECTION('',(0.,0.,1.));
#6953=DIRECTION('',(0.,0.,1.));
#6954=DIRECTION('',(1.,0.,0.));
#6955=DIRECTION('',(0.,-1.,0.));
#6956=DIRECTION('',(-1.,0.,0.));
#6957=DIRECTION('',(0.,-1.,0.));
#6958=DIRECTION('',(1.,0.,-2.56784725062356E-15));
#6959=DIRECTION('',(0.,0.,-1.));
#6960=DIRECTION('',(-1.,0.,0.));
#6961=DIRECTION('',(1.,0.,0.));
#6962=DIRECTION('',(0.,-1.,0.));
#6963=DIRECTION('',(-1.,0.,-2.28253088944317E-15));
#6964=DIRECTION('',(0.,-1.,0.));
#6965=DIRECTION('',(0.,-1.,0.));
#6966=DIRECTION('',(0.,0.,-1.));
#6967=DIRECTION('',(0.,-1.,0.));
#6968=DIRECTION('',(0.,0.,-1.));
#6969=DIRECTION('',(0.,-1.,0.));
#6970=DIRECTION('',(0.,0.,-1.));
#6971=DIRECTION('',(0.,1.,0.));
#6972=DIRECTION('',(0.,0.,1.));
#6973=DIRECTION('',(0.,1.,0.));
#6974=DIRECTION('',(0.,0.,1.));
#6975=DIRECTION('',(0.,1.,0.));
#6976=DIRECTION('',(0.,0.,1.));
#6977=DIRECTION('',(-1.,0.,0.));
#6978=DIRECTION('',(0.,1.,0.));
#6979=DIRECTION('',(0.,0.,1.));
#6980=DIRECTION('',(1.,0.,0.));
#6981=DIRECTION('',(0.,1.,0.));
#6982=DIRECTION('',(0.,0.,1.));
#6983=DIRECTION('',(0.,-0.447213595499958,0.894427190999916));
#6984=DIRECTION('',(-1.,0.,0.));
#6985=DIRECTION('',(-1.,0.,0.));
#6986=DIRECTION('',(0.,-0.447213595499958,-0.894427190999916));
#6987=DIRECTION('',(1.,0.,0.));
#6988=DIRECTION('',(1.,0.,0.));
#6989=DIRECTION('',(-1.,0.,0.));
#6990=DIRECTION('',(0.,0.,1.));
#6991=DIRECTION('',(1.,0.,0.));
#6992=DIRECTION('',(0.,0.,-1.));
#6993=DIRECTION('',(0.,-1.,0.));
#6994=DIRECTION('',(0.,0.,-1.));
#6995=DIRECTION('',(0.,1.,0.));
#6996=DIRECTION('',(0.,0.,1.));
#6997=DIRECTION('',(0.,1.,0.));
#6998=DIRECTION('',(0.,0.,1.));
#6999=DIRECTION('',(0.,0.,1.));
#7000=DIRECTION('',(1.,0.,0.));
#7001=DIRECTION('',(0.,-1.,0.));
#7002=DIRECTION('',(0.,-1.,0.));
#7003=DIRECTION('',(-1.,0.,0.));
#7004=DIRECTION('',(0.,0.,1.));
#7005=DIRECTION('',(0.,0.,-1.));
#7006=DIRECTION('',(1.,0.,0.));
#7007=DIRECTION('',(0.,0.,-1.));
#7008=DIRECTION('',(0.,-0.894427190999916,-0.447213595499958));
#7009=DIRECTION('',(1.,0.,0.));
#7010=DIRECTION('',(0.,0.,-1.));
#7011=DIRECTION('',(0.,0.,-1.));
#7012=DIRECTION('',(1.,0.,0.));
#7013=DIRECTION('',(0.,0.,-1.));
#7014=DIRECTION('',(0.,0.894427190999916,-0.447213595499958));
#7015=DIRECTION('',(0.,-1.,0.));
#7016=DIRECTION('',(0.,0.,1.));
#7017=DIRECTION('',(0.,-1.,0.));
#7018=DIRECTION('',(0.,-1.,0.));
#7019=DIRECTION('',(0.,0.,-1.));
#7020=DIRECTION('',(0.,-1.,0.));
#7021=DIRECTION('',(0.,0.,-1.));
#7022=DIRECTION('',(1.,0.,0.));
#7023=DIRECTION('',(0.,0.,1.));
#7024=DIRECTION('',(1.,0.,0.));
#7025=DIRECTION('',(0.,-1.,0.));
#7026=DIRECTION('',(-1.,0.,0.));
#7027=DIRECTION('',(1.,0.,0.));
#7028=DIRECTION('',(0.,0.,-1.));
#7029=DIRECTION('',(0.,0.,1.));
#7030=DIRECTION('',(0.,-1.,0.));
#7031=DIRECTION('',(0.,0.,-1.));
#7032=DIRECTION('',(0.,0.,1.));
#7033=DIRECTION('',(1.,0.,0.));
#7034=DIRECTION('',(-1.,0.,0.));
#7035=DIRECTION('',(0.,1.,0.));
#7036=DIRECTION('',(0.,0.,1.));
#7037=DIRECTION('',(-1.,0.,0.));
#7038=DIRECTION('',(0.,0.,-1.));
#7039=DIRECTION('',(-1.,0.,0.));
#7040=DIRECTION('',(-1.,0.,0.));
#7041=DIRECTION('',(0.,-1.,-1.44560289664734E-16));
#7042=DIRECTION('',(0.,1.44560289664734E-16,-1.));
#7043=DIRECTION('',(0.,1.,0.));
#7044=DIRECTION('',(0.,0.,1.));
#7045=DIRECTION('',(-1.,0.,0.));
#7046=DIRECTION('',(0.,0.,1.));
#7047=DIRECTION('',(1.,0.,0.));
#7048=DIRECTION('',(-1.,0.,0.));
#7049=DIRECTION('',(0.,1.,0.));
#7050=DIRECTION('',(0.,0.,1.));
#7051=DIRECTION('',(-1.,0.,0.));
#7052=DIRECTION('',(0.,0.,-1.));
#7053=DIRECTION('',(-1.,0.,0.));
#7054=DIRECTION('',(0.,-1.,0.));
#7055=DIRECTION('',(0.,0.,-1.));
#7056=DIRECTION('',(-1.,0.,0.));
#7057=DIRECTION('',(0.,0.,-1.));
#7058=DIRECTION('',(-1.,0.,0.));
#7059=DIRECTION('',(-1.,0.,0.));
#7060=DIRECTION('',(0.,-1.,-8.67361737988403E-17));
#7061=DIRECTION('',(0.,8.67361737988403E-17,-1.));
#7062=DIRECTION('',(0.,0.,1.));
#7063=DIRECTION('',(1.,0.,0.));
#7064=DIRECTION('',(1.,-3.73862818098445E-16,0.));
#7065=DIRECTION('',(0.,-1.,0.));
#7066=DIRECTION('',(0.,-1.,0.));
#7067=DIRECTION('',(-1.,0.,0.));
#7068=DIRECTION('',(0.,-1.,0.));
#7069=DIRECTION('',(0.,-1.,0.));
#7070=DIRECTION('',(0.,0.,-1.));
#7071=DIRECTION('',(0.707106781186547,0.,-0.707106781186548));
#7072=DIRECTION('',(0.,0.,-1.));
#7073=DIRECTION('',(-1.,0.,0.));
#7074=DIRECTION('',(-1.0734674975104E-16,1.,0.));
#7075=DIRECTION('',(-1.,-1.0734674975104E-16,0.));
#7076=DIRECTION('',(-0.707106781186547,-7.59056146872958E-17,0.707106781186548));
#7077=DIRECTION('',(1.,1.0734674975104E-16,0.));
#7078=DIRECTION('',(0.,0.,-1.));
#7079=DIRECTION('',(-1.,0.,0.));
#7080=DIRECTION('',(0.,0.,1.));
#7081=DIRECTION('',(0.,0.,1.));
#7082=DIRECTION('',(0.,-1.,0.));
#7083=DIRECTION('',(0.,0.,1.));
#7084=DIRECTION('',(0.,1.,0.));
#7085=DIRECTION('',(0.,0.,1.));
#7086=DIRECTION('',(1.,0.,0.));
#7087=DIRECTION('',(-1.,0.,0.));
#7088=DIRECTION('',(0.,0.,1.));
#7089=DIRECTION('',(0.,0.,1.));
#7090=DIRECTION('',(0.,-1.,0.));
#7091=DIRECTION('',(0.,0.,1.));
#7092=DIRECTION('',(-3.73862818098445E-16,-1.,0.));
#7093=DIRECTION('',(1.,-3.73862818098445E-16,0.));
#7094=DIRECTION('',(0.707106781186548,-2.64360933910923E-16,0.707106781186548));
#7095=DIRECTION('',(1.,-3.73862818098445E-16,0.));
#7096=DIRECTION('',(0.,1.,0.));
#7097=DIRECTION('',(0.,0.,1.));
#7098=DIRECTION('',(-0.707106781186548,0.,-0.707106781186548));
#7099=DIRECTION('',(-1.,0.,0.));
#7100=DIRECTION('',(0.,0.,1.));
#7101=DIRECTION('',(1.,0.,0.));
#7102=DIRECTION('',(-0.707106781186548,0.,-0.707106781186547));
#7103=DIRECTION('',(0.,-1.,0.));
#7104=DIRECTION('',(-0.707106781186548,0.,-0.707106781186547));
#7105=DIRECTION('',(0.,-1.,0.));
#7106=DIRECTION('',(-0.707106781186547,0.,0.707106781186547));
#7107=DIRECTION('',(0.,1.,0.));
#7108=DIRECTION('',(-0.707106781186547,0.,0.707106781186547));
#7109=DIRECTION('',(0.,1.,0.));
#7110=DIRECTION('',(0.,0.,-1.));
#7111=DIRECTION('',(-1.,0.,0.));
#7112=DIRECTION('',(-1.,0.,0.));
#7113=DIRECTION('',(-1.,0.,0.));
#7114=DIRECTION('',(0.,1.,0.));
#7115=DIRECTION('',(0.,0.,1.));
#7116=DIRECTION('',(0.,0.,1.));
#7117=DIRECTION('',(1.,0.,0.));
#7118=DIRECTION('',(-1.,0.,0.));
#7119=DIRECTION('',(0.,-1.,0.));
#7120=DIRECTION('',(1.,0.,2.56784725062356E-15));
#7121=DIRECTION('',(0.,-1.,0.));
#7122=DIRECTION('',(0.,-1.,0.));
#7123=DIRECTION('',(0.,0.,-1.));
#7124=DIRECTION('',(0.,-1.,0.));
#7125=DIRECTION('',(0.,0.,-1.));
#7126=DIRECTION('',(0.,-1.,0.));
#7127=DIRECTION('',(0.,0.,-1.));
#7128=DIRECTION('',(-1.,0.,0.));
#7129=DIRECTION('',(0.,-1.,0.));
#7130=DIRECTION('',(1.,0.,0.));
#7131=DIRECTION('',(-1.,0.,2.28253088944317E-15));
#7132=DIRECTION('',(0.,-1.,0.));
#7133=DIRECTION('',(0.,0.,-1.));
#7134=DIRECTION('',(0.,1.,0.));
#7135=DIRECTION('',(0.,0.,1.));
#7136=DIRECTION('',(0.,1.,0.));
#7137=DIRECTION('',(0.,0.,1.));
#7138=DIRECTION('',(0.,1.,0.));
#7139=DIRECTION('',(0.,0.,1.));
#7140=DIRECTION('',(1.,0.,0.));
#7141=DIRECTION('',(0.,1.,0.));
#7142=DIRECTION('',(0.,0.,1.));
#7143=DIRECTION('',(-1.,0.,0.));
#7144=DIRECTION('',(0.,1.,0.));
#7145=DIRECTION('',(0.,0.,1.));
#7146=DIRECTION('',(0.,-0.447213595499958,0.894427190999916));
#7147=DIRECTION('',(-1.,0.,0.));
#7148=DIRECTION('',(-1.,0.,0.));
#7149=DIRECTION('',(0.,-0.447213595499958,-0.894427190999916));
#7150=DIRECTION('',(1.,0.,0.));
#7151=DIRECTION('',(1.,0.,0.));
#7152=DIRECTION('',(-1.,0.,0.));
#7153=DIRECTION('',(0.,0.,1.));
#7154=DIRECTION('',(1.,0.,0.));
#7155=DIRECTION('',(0.,0.,-1.));
#7156=DIRECTION('',(0.,-1.,0.));
#7157=DIRECTION('',(0.,0.,-1.));
#7158=DIRECTION('',(0.,1.,0.));
#7159=DIRECTION('',(0.,0.,1.));
#7160=DIRECTION('',(0.,1.,0.));
#7161=DIRECTION('',(0.,0.,1.));
#7162=DIRECTION('',(0.,0.702898960738023,-0.711289709607419));
#7163=DIRECTION('',(0.,0.711289709607419,0.702898960738023));
#7164=DIRECTION('',(0.,-0.711289709607419,-0.702898960738023));
#7165=DIRECTION('',(-1.,0.,0.));
#7166=DIRECTION('',(0.,-0.711289709607419,-0.702898960738023));
#7167=DIRECTION('',(0.,1.,0.));
#7168=DIRECTION('',(0.,0.,1.));
#7169=DIRECTION('',(0.,0.,-1.));
#7170=DIRECTION('',(-1.,0.,0.));
#7171=DIRECTION('',(0.,0.,-1.));
#7172=DIRECTION('',(-1.,0.,0.));
#7173=DIRECTION('',(0.,0.,1.));
#7174=DIRECTION('',(-1.,0.,0.));
#7175=DIRECTION('',(0.,-1.,0.));
#7176=DIRECTION('',(-1.,0.,0.));
#7177=DIRECTION('',(0.,-1.,0.));
#7178=DIRECTION('',(-1.,0.,0.));
#7179=DIRECTION('',(0.,0.,1.));
#7180=DIRECTION('',(-1.,0.,0.));
#7181=DIRECTION('',(0.,0.,1.));
#7182=DIRECTION('',(-1.,0.,0.));
#7183=DIRECTION('',(0.,0.,1.));
#7184=DIRECTION('',(0.,-1.,0.));
#7185=DIRECTION('',(0.,0.,-1.));
#7186=DIRECTION('',(1.,0.,0.));
#7187=DIRECTION('',(0.,0.,-1.));
#7188=DIRECTION('',(0.,0.,1.));
#7189=DIRECTION('',(0.,-1.,0.));
#7190=DIRECTION('',(0.,0.,-1.));
#7191=DIRECTION('',(-1.,0.,0.));
#7192=DIRECTION('',(1.,0.,0.));
#7193=DIRECTION('',(0.,1.,0.));
#7194=DIRECTION('',(0.,0.,1.));
#7195=DIRECTION('',(0.,1.,0.));
#7196=DIRECTION('',(0.,0.,1.));
#7197=DIRECTION('',(0.,1.,0.));
#7198=DIRECTION('',(0.,0.,1.));
#7199=DIRECTION('',(0.,1.,0.));
#7200=DIRECTION('',(0.,0.,1.));
#7201=DIRECTION('',(0.,1.,0.));
#7202=DIRECTION('',(0.,0.,1.));
#7203=DIRECTION('',(0.,1.,0.));
#7204=DIRECTION('',(0.,0.,1.));
#7205=DIRECTION('',(0.,1.,0.));
#7206=DIRECTION('',(0.,0.,1.));
#7207=DIRECTION('',(1.,0.,0.));
#7208=DIRECTION('',(0.,0.,-1.));
#7209=DIRECTION('',(0.,0.,1.));
#7210=DIRECTION('',(0.,0.,1.));
#7211=DIRECTION('',(0.,1.,0.));
#7212=DIRECTION('',(0.,0.,1.));
#7213=DIRECTION('',(0.,-1.,0.));
#7214=DIRECTION('',(0.,-1.,0.));
#7215=DIRECTION('',(-1.,0.,0.));
#7216=DIRECTION('',(0.,0.,1.));
#7217=DIRECTION('',(0.,0.,-1.));
#7218=DIRECTION('',(0.,1.,0.));
#7219=DIRECTION('',(0.,1.,0.));
#7220=DIRECTION('',(0.,0.,1.));
#7221=DIRECTION('',(0.,-1.,0.));
#7222=DIRECTION('',(0.,0.,1.));
#7223=DIRECTION('',(0.,0.,-1.));
#7224=DIRECTION('',(-1.,0.,0.));
#7225=DIRECTION('',(1.,0.,0.));
#7226=DIRECTION('',(0.,1.,0.));
#7227=DIRECTION('',(0.,0.,1.));
#7228=DIRECTION('',(0.,-1.,0.));
#7229=DIRECTION('',(0.,0.,-1.));
#7230=DIRECTION('',(0.,1.,0.));
#7231=DIRECTION('',(0.,0.,1.));
#7232=DIRECTION('',(0.,-1.,0.));
#7233=DIRECTION('',(0.,0.,-1.));
#7234=DIRECTION('',(-1.,-6.67201336914155E-16,0.));
#7235=DIRECTION('',(6.67201336914155E-16,-1.,0.));
#7236=DIRECTION('',(0.,0.,1.));
#7237=DIRECTION('',(6.67201336914155E-16,-1.,0.));
#7238=DIRECTION('',(0.,0.,1.));
#7239=DIRECTION('',(3.33600668457078E-16,-1.,0.));
#7240=DIRECTION('',(1.,3.33600668457078E-16,0.));
#7241=DIRECTION('',(0.,0.,1.));
#7242=DIRECTION('',(1.,3.33600668457078E-16,0.));
#7243=DIRECTION('',(1.,0.,0.));
#7244=DIRECTION('',(0.,0.,-1.));
#7245=DIRECTION('',(0.,0.,-1.));
#7246=DIRECTION('',(0.,1.,0.));
#7247=DIRECTION('',(0.,1.,0.));
#7248=DIRECTION('',(0.,0.,1.));
#7249=DIRECTION('',(-1.,0.,0.));
#7250=DIRECTION('',(0.,0.,1.));
#7251=DIRECTION('',(0.,0.,1.));
#7252=DIRECTION('',(1.,0.,0.));
#7253=DIRECTION('',(-1.,0.,0.));
#7254=DIRECTION('',(1.,0.,0.));
#7255=DIRECTION('',(0.707106781186547,-0.707106781186547,0.));
#7256=DIRECTION('',(0.,-1.,0.));
#7257=DIRECTION('',(0.,0.,-1.));
#7258=DIRECTION('',(0.,1.,0.));
#7259=DIRECTION('',(0.,0.,1.));
#7260=DIRECTION('',(3.33600668457078E-16,1.,0.));
#7261=DIRECTION('',(-1.,3.33600668457078E-16,0.));
#7262=DIRECTION('',(0.,0.,-1.));
#7263=DIRECTION('',(-1.,3.33600668457078E-16,0.));
#7264=DIRECTION('',(0.,0.,1.));
#7265=DIRECTION('',(-1.,6.67201336914155E-16,0.));
#7266=DIRECTION('',(-6.67201336914155E-16,-1.,0.));
#7267=DIRECTION('',(-6.67201336914155E-16,-1.,0.));
#7268=DIRECTION('',(0.,0.,1.));
#7269=DIRECTION('',(0.,0.,1.));
#7270=DIRECTION('',(0.,-1.,0.));
#7271=DIRECTION('',(0.,0.,-1.));
#7272=DIRECTION('',(0.,0.,1.));
#7273=DIRECTION('',(1.,0.,0.));
#7274=DIRECTION('',(1.,0.,0.));
#7275=DIRECTION('',(0.,0.,-1.));
#7276=DIRECTION('',(0.,1.,0.));
#7277=DIRECTION('',(0.,0.,1.));
#7278=DIRECTION('',(1.,0.,0.));
#7279=DIRECTION('',(-1.,0.,0.));
#7280=DIRECTION('',(1.,0.,0.));
#7281=DIRECTION('',(0.707106781186549,0.707106781186546,0.));
#7282=DIRECTION('',(0.,1.,0.));
#7283=DIRECTION('',(0.,0.,1.));
#7284=DIRECTION('',(0.,-1.,0.));
#7285=DIRECTION('',(0.,0.,-1.));
#7286=DIRECTION('',(1.,0.,0.));
#7287=DIRECTION('',(0.,0.,-1.));
#7288=DIRECTION('',(0.,0.,1.));
#7289=DIRECTION('',(0.,0.,1.));
#7290=DIRECTION('',(0.,1.,0.));
#7291=DIRECTION('',(0.,0.,1.));
#7292=DIRECTION('',(0.,-1.,0.));
#7293=DIRECTION('',(0.,-1.,0.));
#7294=DIRECTION('',(-1.,0.,0.));
#7295=DIRECTION('',(0.,0.,1.));
#7296=DIRECTION('',(0.,0.,-1.));
#7297=DIRECTION('',(0.,1.,0.));
#7298=DIRECTION('',(0.,1.,0.));
#7299=DIRECTION('',(0.,0.,1.));
#7300=DIRECTION('',(0.,-1.,0.));
#7301=DIRECTION('',(0.,0.,1.));
#7302=DIRECTION('',(0.,0.,-1.));
#7303=DIRECTION('',(-1.,0.,0.));
#7304=DIRECTION('',(1.,0.,0.));
#7305=DIRECTION('',(0.,1.,0.));
#7306=DIRECTION('',(0.,0.,1.));
#7307=DIRECTION('',(0.,-1.,0.));
#7308=DIRECTION('',(0.,0.,-1.));
#7309=DIRECTION('',(0.,1.,0.));
#7310=DIRECTION('',(0.,0.,1.));
#7311=DIRECTION('',(0.,-1.,0.));
#7312=DIRECTION('',(0.,0.,-1.));
#7313=DIRECTION('',(-1.,-6.67201336914155E-16,0.));
#7314=DIRECTION('',(6.67201336914155E-16,-1.,0.));
#7315=DIRECTION('',(0.,0.,1.));
#7316=DIRECTION('',(6.67201336914155E-16,-1.,0.));
#7317=DIRECTION('',(0.,0.,1.));
#7318=DIRECTION('',(3.33600668457078E-16,-1.,0.));
#7319=DIRECTION('',(1.,3.33600668457078E-16,0.));
#7320=DIRECTION('',(0.,0.,1.));
#7321=DIRECTION('',(1.,3.33600668457078E-16,0.));
#7322=DIRECTION('',(1.,0.,0.));
#7323=DIRECTION('',(0.,0.,-1.));
#7324=DIRECTION('',(0.,0.,-1.));
#7325=DIRECTION('',(0.,1.,0.));
#7326=DIRECTION('',(0.,1.,0.));
#7327=DIRECTION('',(0.,0.,1.));
#7328=DIRECTION('',(-1.,0.,0.));
#7329=DIRECTION('',(0.,0.,1.));
#7330=DIRECTION('',(0.,0.,1.));
#7331=DIRECTION('',(1.,0.,0.));
#7332=DIRECTION('',(-1.,0.,0.));
#7333=DIRECTION('',(1.,0.,0.));
#7334=DIRECTION('',(0.707106781186547,-0.707106781186548,0.));
#7335=DIRECTION('',(0.,-1.,0.));
#7336=DIRECTION('',(0.,0.,-1.));
#7337=DIRECTION('',(0.,1.,0.));
#7338=DIRECTION('',(0.,0.,1.));
#7339=DIRECTION('',(1.,0.,0.));
#7340=DIRECTION('',(0.,0.,-1.));
#7341=DIRECTION('',(0.,0.,1.));
#7342=DIRECTION('',(0.,0.,1.));
#7343=DIRECTION('',(0.,1.,0.));
#7344=DIRECTION('',(0.,0.,1.));
#7345=DIRECTION('',(0.,-1.,0.));
#7346=DIRECTION('',(0.,-1.,0.));
#7347=DIRECTION('',(-1.,0.,0.));
#7348=DIRECTION('',(0.,0.,1.));
#7349=DIRECTION('',(0.,0.,-1.));
#7350=DIRECTION('',(0.,1.,0.));
#7351=DIRECTION('',(0.,1.,0.));
#7352=DIRECTION('',(0.,0.,1.));
#7353=DIRECTION('',(0.,-1.,0.));
#7354=DIRECTION('',(0.,0.,1.));
#7355=DIRECTION('',(0.,0.,-1.));
#7356=DIRECTION('',(-1.,0.,0.));
#7357=DIRECTION('',(1.,0.,0.));
#7358=DIRECTION('',(0.,1.,0.));
#7359=DIRECTION('',(0.,0.,1.));
#7360=DIRECTION('',(0.,-1.,0.));
#7361=DIRECTION('',(0.,0.,-1.));
#7362=DIRECTION('',(0.,1.,0.));
#7363=DIRECTION('',(0.,0.,1.));
#7364=DIRECTION('',(0.,-1.,0.));
#7365=DIRECTION('',(0.,0.,-1.));
#7366=DIRECTION('',(-1.,-6.67201336914155E-16,0.));
#7367=DIRECTION('',(6.67201336914155E-16,-1.,0.));
#7368=DIRECTION('',(0.,0.,1.));
#7369=DIRECTION('',(6.67201336914155E-16,-1.,0.));
#7370=DIRECTION('',(0.,0.,1.));
#7371=DIRECTION('',(3.33600668457078E-16,-1.,0.));
#7372=DIRECTION('',(1.,3.33600668457078E-16,0.));
#7373=DIRECTION('',(0.,0.,1.));
#7374=DIRECTION('',(1.,3.33600668457078E-16,0.));
#7375=DIRECTION('',(1.,0.,0.));
#7376=DIRECTION('',(0.,0.,-1.));
#7377=DIRECTION('',(0.,0.,-1.));
#7378=DIRECTION('',(0.,1.,0.));
#7379=DIRECTION('',(0.,1.,0.));
#7380=DIRECTION('',(0.,0.,1.));
#7381=DIRECTION('',(-1.,0.,0.));
#7382=DIRECTION('',(0.,0.,1.));
#7383=DIRECTION('',(0.,0.,1.));
#7384=DIRECTION('',(1.,0.,0.));
#7385=DIRECTION('',(-1.,0.,0.));
#7386=DIRECTION('',(1.,0.,0.));
#7387=DIRECTION('',(0.707106781186547,-0.707106781186547,0.));
#7388=DIRECTION('',(0.,-1.,0.));
#7389=DIRECTION('',(0.,0.,-1.));
#7390=DIRECTION('',(0.,1.,0.));
#7391=DIRECTION('',(0.,0.,1.));
#7392=DIRECTION('',(3.33600668457078E-16,1.,0.));
#7393=DIRECTION('',(-1.,3.33600668457078E-16,0.));
#7394=DIRECTION('',(-1.,3.33600668457078E-16,0.));
#7395=DIRECTION('',(0.,0.,1.));
#7396=DIRECTION('',(0.,0.,1.));
#7397=DIRECTION('',(-1.,6.67201336914155E-16,0.));
#7398=DIRECTION('',(-6.67201336914155E-16,-1.,0.));
#7399=DIRECTION('',(0.,0.,1.));
#7400=DIRECTION('',(-6.67201336914155E-16,-1.,0.));
#7401=DIRECTION('',(0.,-1.,0.));
#7402=DIRECTION('',(0.,0.,-1.));
#7403=DIRECTION('',(0.,0.,1.));
#7404=DIRECTION('',(1.,0.,0.));
#7405=DIRECTION('',(1.,0.,0.));
#7406=DIRECTION('',(0.,0.,-1.));
#7407=DIRECTION('',(0.,0.,-1.));
#7408=DIRECTION('',(0.,1.,0.));
#7409=DIRECTION('',(0.,0.,1.));
#7410=DIRECTION('',(1.,0.,0.));
#7411=DIRECTION('',(-1.,0.,0.));
#7412=DIRECTION('',(1.,0.,0.));
#7413=DIRECTION('',(0.707106781186547,-0.707106781186548,0.));
#7414=DIRECTION('',(0.,1.,0.));
#7415=DIRECTION('',(0.,0.,1.));
#7416=DIRECTION('',(0.,-1.,0.));
#7417=DIRECTION('',(0.,0.,-1.));
#7418=DIRECTION('',(3.33600668457078E-16,1.,0.));
#7419=DIRECTION('',(-1.,3.33600668457078E-16,0.));
#7420=DIRECTION('',(-1.,3.33600668457078E-16,0.));
#7421=DIRECTION('',(0.,0.,1.));
#7422=DIRECTION('',(0.,0.,1.));
#7423=DIRECTION('',(-1.,6.67201336914155E-16,0.));
#7424=DIRECTION('',(-6.67201336914155E-16,-1.,0.));
#7425=DIRECTION('',(0.,0.,1.));
#7426=DIRECTION('',(-6.67201336914155E-16,-1.,0.));
#7427=DIRECTION('',(0.,-1.,0.));
#7428=DIRECTION('',(0.,0.,-1.));
#7429=DIRECTION('',(0.,0.,1.));
#7430=DIRECTION('',(1.,0.,0.));
#7431=DIRECTION('',(1.,0.,0.));
#7432=DIRECTION('',(0.,0.,-1.));
#7433=DIRECTION('',(0.,0.,-1.));
#7434=DIRECTION('',(0.,1.,0.));
#7435=DIRECTION('',(0.,0.,1.));
#7436=DIRECTION('',(1.,0.,0.));
#7437=DIRECTION('',(-1.,0.,0.));
#7438=DIRECTION('',(1.,0.,0.));
#7439=DIRECTION('',(0.707106781186547,-0.707106781186548,0.));
#7440=DIRECTION('',(0.,1.,0.));
#7441=DIRECTION('',(0.,0.,1.));
#7442=DIRECTION('',(0.,-1.,0.));
#7443=DIRECTION('',(0.,0.,-1.));
#7444=DIRECTION('',(-1.,0.,0.));
#7445=DIRECTION('',(0.,0.,1.));
#7446=DIRECTION('',(0.,0.,1.));
#7447=DIRECTION('',(0.,1.,0.));
#7448=DIRECTION('',(0.,0.,-1.));
#7449=DIRECTION('',(0.,1.,0.));
#7450=DIRECTION('',(1.,0.,0.));
#7451=DIRECTION('',(0.,0.,-1.));
#7452=DIRECTION('',(0.,-1.,0.));
#7453=DIRECTION('',(0.,0.,-1.));
#7454=DIRECTION('',(0.,-1.,0.));
#7455=DIRECTION('',(0.,0.,1.));
#7456=DIRECTION('',(0.,0.,-1.));
#7457=DIRECTION('',(-1.,0.,0.));
#7458=DIRECTION('',(-1.,0.,0.));
#7459=DIRECTION('',(0.,0.,1.));
#7460=DIRECTION('',(0.,0.,1.));
#7461=DIRECTION('',(0.,1.,0.));
#7462=DIRECTION('',(0.,0.,-1.));
#7463=DIRECTION('',(0.,1.,0.));
#7464=DIRECTION('',(1.,0.,0.));
#7465=DIRECTION('',(0.,0.,-1.));
#7466=DIRECTION('',(0.,-1.,0.));
#7467=DIRECTION('',(0.,0.,-1.));
#7468=DIRECTION('',(0.,-1.,0.));
#7469=DIRECTION('',(0.,0.,1.));
#7470=DIRECTION('',(0.,0.,-1.));
#7471=DIRECTION('',(-1.,0.,0.));
#7472=DIRECTION('',(-0.707106781186548,-0.707106781186547,0.));
#7473=DIRECTION('',(0.,0.,-1.));
#7474=DIRECTION('',(-0.707106781186548,-0.707106781186547,0.));
#7475=DIRECTION('',(0.,0.,-1.));
#7476=DIRECTION('',(0.707106781186546,-0.707106781186549,0.));
#7477=DIRECTION('',(0.,0.,-1.));
#7478=DIRECTION('',(-0.707106781186547,-0.707106781186547,0.));
#7479=DIRECTION('',(0.,0.,-1.));
#7480=DIRECTION('',(-0.707106781186547,-0.707106781186547,0.));
#7481=DIRECTION('',(0.,0.,-1.));
#7482=DIRECTION('',(-0.707106781186547,-0.707106781186547,0.));
#7483=DIRECTION('',(0.,0.,-1.));
#7484=DIRECTION('',(0.,-1.,0.));
#7485=DIRECTION('',(0.,0.,-1.));
#7486=DIRECTION('',(1.,0.,0.));
#7487=DIRECTION('',(1.,0.,0.));
#7488=DIRECTION('',(1.,0.,0.));
#7489=DIRECTION('',(0.,1.,0.));
#7490=DIRECTION('',(0.,0.,1.));
#7491=DIRECTION('',(-1.,0.,0.));
#7492=DIRECTION('',(-1.,0.,0.));
#7493=DIRECTION('',(-1.,0.,0.));
#7494=DIRECTION('',(0.,0.,1.));
#7495=DIRECTION('',(1.,0.,0.));
#7496=DIRECTION('',(0.,0.,1.));
#7497=DIRECTION('',(1.,0.,0.));
#7498=DIRECTION('',(0.,0.,1.));
#7499=DIRECTION('',(1.,0.,0.));
#7500=DIRECTION('',(0.707106781186548,0.707106781186547,0.));
#7501=DIRECTION('',(0.,0.,1.));
#7502=DIRECTION('',(0.577350269189625,-0.577350269189626,0.577350269189627));
#7503=DIRECTION('',(0.,0.707106781186548,0.707106781186547));
#7504=DIRECTION('',(1.,0.,0.));
#7505=DIRECTION('',(-0.577350269189625,-0.577350269189626,0.577350269189627));
#7506=DIRECTION('',(0.707106781186548,-0.707106781186547,0.));
#7507=DIRECTION('',(0.,0.,-1.));
#7508=DIRECTION('',(-0.707106781186548,0.707106781186547,0.));
#7509=DIRECTION('',(0.,0.,-1.));
#7510=DIRECTION('',(-0.577350269189625,-0.577350269189626,0.577350269189627));
#7511=DIRECTION('',(0.,0.707106781186548,0.707106781186547));
#7512=DIRECTION('',(1.,0.,0.));
#7513=DIRECTION('',(0.577350269189627,-0.577350269189625,0.577350269189626));
#7514=DIRECTION('',(0.707106781186546,0.707106781186549,0.));
#7515=DIRECTION('',(0.,0.,-1.));
#7516=DIRECTION('',(0.,0.,1.));
#7517=DIRECTION('',(1.,0.,0.));
#7518=DIRECTION('',(0.,0.,-1.));
#7519=DIRECTION('',(-1.,0.,0.));
#7520=DIRECTION('',(-1.,0.,0.));
#7521=DIRECTION('',(0.,-1.,0.));
#7522=DIRECTION('',(1.,0.,0.));
#7523=DIRECTION('',(0.,1.,0.));
#7524=DIRECTION('',(0.,1.,0.));
#7525=DIRECTION('',(0.,0.,1.));
#7526=DIRECTION('',(0.,0.,-1.));
#7527=DIRECTION('',(-1.,0.,0.));
#7528=DIRECTION('',(0.,0.,-1.));
#7529=DIRECTION('',(-1.,0.,0.));
#7530=DIRECTION('',(-1.,0.,0.));
#7531=DIRECTION('',(0.,0.,1.));
#7532=DIRECTION('',(1.,0.,0.));
#7533=DIRECTION('',(0.,1.,0.));
#7534=DIRECTION('',(-1.,0.,0.));
#7535=DIRECTION('',(1.,0.,0.));
#7536=DIRECTION('',(0.,1.,0.));
#7537=DIRECTION('',(0.,0.,1.));
#7538=DIRECTION('',(1.,0.,0.));
#7539=DIRECTION('',(0.,1.,0.));
#7540=DIRECTION('',(1.,0.,0.));
#7541=DIRECTION('',(0.,1.,0.));
#7542=DIRECTION('',(0.,-1.,0.));
#7543=DIRECTION('',(0.,0.,-1.));
#7544=DIRECTION('',(-1.,0.,0.));
#7545=DIRECTION('',(0.,0.,1.));
#7546=DIRECTION('',(1.,0.,0.));
#7547=DIRECTION('',(0.,0.,-1.));
#7548=DIRECTION('',(0.,0.,-1.));
#7549=DIRECTION('',(-1.,0.,0.));
#7550=DIRECTION('',(0.,-1.,0.));
#7551=DIRECTION('',(-1.,0.,0.));
#7552=DIRECTION('',(0.,-1.,0.));
#7553=DIRECTION('',(-1.,0.,0.));
#7554=DIRECTION('',(-1.,0.,0.));
#7555=DIRECTION('',(0.,0.,1.));
#7556=DIRECTION('',(-1.,0.,0.));
#7557=DIRECTION('',(0.,1.,0.));
#7558=DIRECTION('',(-1.,0.,0.));
#7559=DIRECTION('',(-1.,0.,0.));
#7560=DIRECTION('',(0.,1.,0.));
#7561=DIRECTION('',(0.,-1.,-1.47010464065831E-16));
#7562=DIRECTION('',(0.,1.47010464065831E-16,-1.));
#7563=DIRECTION('',(0.,-1.47010464065831E-16,1.));
#7564=DIRECTION('',(1.,0.,0.));
#7565=DIRECTION('',(0.,-1.47010464065831E-16,1.));
#7566=DIRECTION('',(1.,0.,0.));
#7567=DIRECTION('',(0.,0.,-1.));
#7568=DIRECTION('',(0.,-1.,0.));
#7569=DIRECTION('',(0.,0.,1.));
#7570=DIRECTION('',(1.,0.,0.));
#7571=DIRECTION('',(0.,0.,-1.));
#7572=DIRECTION('',(0.,1.,0.));
#7573=DIRECTION('',(0.,0.,-1.));
#7574=DIRECTION('',(0.948683298050514,0.,0.316227766016838));
#7575=DIRECTION('',(0.,1.,0.));
#7576=DIRECTION('',(-0.301511344577764,0.301511344577764,0.904534033733291));
#7577=DIRECTION('',(-0.301511344577764,-0.301511344577764,0.904534033733291));
#7578=DIRECTION('',(0.,-0.948683298050514,-0.316227766016838));
#7579=DIRECTION('',(-1.,0.,0.));
#7580=DIRECTION('',(0.301511344577764,-0.301511344577764,0.904534033733291));
#7581=DIRECTION('',(0.,0.948683298050514,-0.316227766016838));
#7582=DIRECTION('',(-1.,0.,0.));
#7583=DIRECTION('',(-0.301511344577764,-0.301511344577764,-0.904534033733291));
#7584=DIRECTION('',(0.948683298050514,0.,-0.316227766016838));
#7585=DIRECTION('',(0.,-1.,0.));
#7586=DIRECTION('',(0.948683298050514,0.316227766016838,0.));
#7587=DIRECTION('',(0.,0.,-1.));
#7588=DIRECTION('',(0.301511344577764,-0.904534033733291,0.301511344577763));
#7589=DIRECTION('',(0.301511344577764,-0.904534033733291,-0.301511344577763));
#7590=DIRECTION('',(0.,-0.316227766016838,0.948683298050514));
#7591=DIRECTION('',(-1.,0.,0.));
#7592=DIRECTION('',(0.301511344577764,0.904534033733291,0.301511344577763));
#7593=DIRECTION('',(0.,-0.316227766016838,-0.948683298050514));
#7594=DIRECTION('',(-1.,0.,0.));
#7595=DIRECTION('',(-0.301511344577764,-0.904534033733291,0.301511344577763));
#7596=DIRECTION('',(0.948683298050514,-0.316227766016838,0.));
#7597=DIRECTION('',(0.,0.,1.));
#7598=DIRECTION('',(0.,0.,1.));
#7599=DIRECTION('',(1.,-1.66533453693774E-16,0.));
#7600=DIRECTION('',(0.,0.,-1.));
#7601=DIRECTION('',(-1.,0.,0.));
#7602=DIRECTION('',(-1.,0.,0.));
#7603=DIRECTION('',(0.,-1.,0.));
#7604=DIRECTION('',(1.,0.,0.));
#7605=DIRECTION('',(0.,1.,0.));
#7606=DIRECTION('',(0.,1.,0.));
#7607=DIRECTION('',(0.,0.,1.));
#7608=DIRECTION('',(0.,0.,-1.));
#7609=DIRECTION('',(-1.,0.,0.));
#7610=DIRECTION('',(0.,0.,-1.));
#7611=DIRECTION('',(-1.,0.,0.));
#7612=DIRECTION('',(-1.,0.,0.));
#7613=DIRECTION('',(0.,0.,1.));
#7614=DIRECTION('',(1.,0.,0.));
#7615=DIRECTION('',(0.,1.,0.));
#7616=DIRECTION('',(-1.,0.,0.));
#7617=DIRECTION('',(1.,0.,0.));
#7618=DIRECTION('',(0.,1.,0.));
#7619=DIRECTION('',(0.,0.,1.));
#7620=DIRECTION('',(1.,0.,0.));
#7621=DIRECTION('',(0.,1.,0.));
#7622=DIRECTION('',(1.,0.,0.));
#7623=DIRECTION('',(0.,1.,0.));
#7624=DIRECTION('',(0.,-1.,0.));
#7625=DIRECTION('',(0.,0.,-1.));
#7626=DIRECTION('',(-1.,0.,0.));
#7627=DIRECTION('',(0.,0.,1.));
#7628=DIRECTION('',(1.,0.,0.));
#7629=DIRECTION('',(0.,0.,-1.));
#7630=DIRECTION('',(0.,0.,-1.));
#7631=DIRECTION('',(-1.,0.,0.));
#7632=DIRECTION('',(0.,-1.,0.));
#7633=DIRECTION('',(-1.,0.,0.));
#7634=DIRECTION('',(0.,-1.,0.));
#7635=DIRECTION('',(-1.,0.,0.));
#7636=DIRECTION('',(-1.,0.,0.));
#7637=DIRECTION('',(0.,0.,1.));
#7638=DIRECTION('',(-1.,0.,0.));
#7639=DIRECTION('',(0.,1.,0.));
#7640=DIRECTION('',(-1.,0.,0.));
#7641=DIRECTION('',(-1.,0.,0.));
#7642=DIRECTION('',(0.,1.,0.));
#7643=DIRECTION('',(0.,-1.,-1.94912750109753E-16));
#7644=DIRECTION('',(0.,1.94912750109754E-16,-1.));
#7645=DIRECTION('',(0.,-1.94912750109753E-16,1.));
#7646=DIRECTION('',(1.,0.,0.));
#7647=DIRECTION('',(0.,-1.94912750109753E-16,1.));
#7648=DIRECTION('',(1.,0.,0.));
#7649=DIRECTION('',(0.,0.,-1.));
#7650=DIRECTION('',(0.,-1.,0.));
#7651=DIRECTION('',(0.,0.,1.));
#7652=DIRECTION('',(1.,0.,0.));
#7653=DIRECTION('',(0.,0.,-1.));
#7654=DIRECTION('',(0.,1.,0.));
#7655=DIRECTION('',(0.,0.,-1.));
#7656=DIRECTION('',(0.948683298050514,0.,0.316227766016838));
#7657=DIRECTION('',(0.,1.,0.));
#7658=DIRECTION('',(-0.301511344577764,0.301511344577763,0.904534033733291));
#7659=DIRECTION('',(-0.301511344577764,-0.301511344577763,0.904534033733291));
#7660=DIRECTION('',(0.,-0.948683298050514,-0.316227766016838));
#7661=DIRECTION('',(-1.,0.,0.));
#7662=DIRECTION('',(0.301511344577764,-0.301511344577763,0.904534033733291));
#7663=DIRECTION('',(0.,0.948683298050514,-0.316227766016838));
#7664=DIRECTION('',(-1.,0.,0.));
#7665=DIRECTION('',(-0.301511344577764,-0.301511344577763,-0.904534033733291));
#7666=DIRECTION('',(0.948683298050514,0.,-0.316227766016838));
#7667=DIRECTION('',(0.,-1.,0.));
#7668=DIRECTION('',(0.948683298050514,0.316227766016838,0.));
#7669=DIRECTION('',(0.,0.,-1.));
#7670=DIRECTION('',(0.301511344577764,-0.904534033733291,0.301511344577763));
#7671=DIRECTION('',(0.301511344577764,-0.904534033733291,-0.301511344577763));
#7672=DIRECTION('',(0.,-0.316227766016838,0.948683298050514));
#7673=DIRECTION('',(-1.,0.,0.));
#7674=DIRECTION('',(0.301511344577764,0.904534033733291,0.301511344577763));
#7675=DIRECTION('',(0.,-0.316227766016838,-0.948683298050514));
#7676=DIRECTION('',(-1.,0.,0.));
#7677=DIRECTION('',(-0.301511344577764,-0.904534033733291,0.301511344577763));
#7678=DIRECTION('',(0.948683298050514,-0.316227766016838,0.));
#7679=DIRECTION('',(0.,0.,1.));
#7680=DIRECTION('',(6.32681775863964E-17,5.55111512312579E-17,1.));
#7681=DIRECTION('',(1.,-8.67572747598013E-16,-6.32681775863963E-17));
#7682=DIRECTION('',(0.,0.,1.));
#7683=DIRECTION('',(1.,-1.66533453693774E-16,0.));
#7684=DIRECTION('',(6.32681775863964E-17,5.55111512312579E-17,1.));
#7685=DIRECTION('',(1.,-8.67572747598013E-16,-6.32681775863963E-17));
#7686=DIRECTION('',(0.,0.,1.));
#7687=DIRECTION('',(1.,-1.66533453693774E-16,0.));
#7688=DIRECTION('',(6.32681775863964E-17,5.55111512312579E-17,1.));
#7689=DIRECTION('',(1.,-8.67572747598013E-16,-6.32681775863963E-17));
#7690=CARTESIAN_POINT('',(0.,0.,0.));
#7691=CARTESIAN_POINT('',(0.,0.,-3.63));
#7692=CARTESIAN_POINT('',(2.68,-3.13,-3.63));
#7693=CARTESIAN_POINT('',(2.68,-1.18,-3.63));
#7694=CARTESIAN_POINT('',(2.68,-0.305000000000003,-3.63));
#7695=CARTESIAN_POINT('',(-3.95,-0.305000000000003,-3.63));
#7696=CARTESIAN_POINT('',(3.32,-0.305000000000003,-3.63));
#7697=CARTESIAN_POINT('',(3.32,3.13,-3.63));
#7698=CARTESIAN_POINT('',(3.32,-1.18,-3.63));
#7699=CARTESIAN_POINT('',(0.,-1.18,-3.63));
#7700=CARTESIAN_POINT('',(0.,0.,-3.63));
#7701=CARTESIAN_POINT('',(3.32,3.13,-3.63));
#7702=CARTESIAN_POINT('',(3.32,1.18,-3.63));
#7703=CARTESIAN_POINT('',(3.32,0.305000000000003,-3.63));
#7704=CARTESIAN_POINT('',(3.95,0.305000000000003,-3.63));
#7705=CARTESIAN_POINT('',(2.68,0.305000000000003,-3.63));
#7706=CARTESIAN_POINT('',(2.68,-3.13,-3.63));
#7707=CARTESIAN_POINT('',(2.68,1.18,-3.63));
#7708=CARTESIAN_POINT('',(0.,1.18,-3.63));
#7709=CARTESIAN_POINT('',(0.,0.,-3.63));
#7710=CARTESIAN_POINT('',(-0.319999999999998,-3.13,-3.63));
#7711=CARTESIAN_POINT('',(-0.319999999999998,-1.18,-3.63));
#7712=CARTESIAN_POINT('',(-0.319999999999998,-0.305000000000003,-3.63));
#7713=CARTESIAN_POINT('',(-3.95,-0.305000000000003,-3.63));
#7714=CARTESIAN_POINT('',(0.32,-0.305000000000003,-3.63));
#7715=CARTESIAN_POINT('',(0.32,3.13,-3.63));
#7716=CARTESIAN_POINT('',(0.32,-1.18,-3.63));
#7717=CARTESIAN_POINT('',(0.,-1.18,-3.63));
#7718=CARTESIAN_POINT('',(0.,0.,-3.63));
#7719=CARTESIAN_POINT('',(0.32,3.13,-3.63));
#7720=CARTESIAN_POINT('',(0.320000000000002,1.18,-3.63));
#7721=CARTESIAN_POINT('',(0.32,0.305000000000003,-3.63));
#7722=CARTESIAN_POINT('',(3.95,0.305000000000003,-3.63));
#7723=CARTESIAN_POINT('',(-0.319999999999998,0.305000000000003,-3.63));
#7724=CARTESIAN_POINT('',(-0.319999999999998,-3.13,-3.63));
#7725=CARTESIAN_POINT('',(-0.319999999999998,1.18,-3.63));
#7726=CARTESIAN_POINT('',(0.,1.18,-3.63));
#7727=CARTESIAN_POINT('',(0.,0.,-3.63));
#7728=CARTESIAN_POINT('',(-3.32,-3.13,-3.63));
#7729=CARTESIAN_POINT('',(-3.32,-1.18,-3.63));
#7730=CARTESIAN_POINT('',(-3.32,-0.305000000000003,-3.63));
#7731=CARTESIAN_POINT('',(-3.95,-0.305000000000003,-3.63));
#7732=CARTESIAN_POINT('',(-2.68,-0.305000000000003,-3.63));
#7733=CARTESIAN_POINT('',(-2.68,3.13,-3.63));
#7734=CARTESIAN_POINT('',(-2.68,-1.18,-3.63));
#7735=CARTESIAN_POINT('',(0.,-1.18,-3.63));
#7736=CARTESIAN_POINT('',(0.,0.,-3.63));
#7737=CARTESIAN_POINT('',(-2.68,3.13,-3.63));
#7738=CARTESIAN_POINT('',(-2.68,1.18,-3.63));
#7739=CARTESIAN_POINT('',(-2.68,0.305000000000003,-3.63));
#7740=CARTESIAN_POINT('',(3.95,0.305000000000003,-3.63));
#7741=CARTESIAN_POINT('',(-3.32,0.305000000000003,-3.63));
#7742=CARTESIAN_POINT('',(-3.32,-3.13,-3.63));
#7743=CARTESIAN_POINT('',(-3.32,1.18,-3.63));
#7744=CARTESIAN_POINT('',(0.,1.18,-3.63));
#7745=CARTESIAN_POINT('',(0.,0.,-3.95));
#7746=CARTESIAN_POINT('',(0.,-0.305000000000003,-3.95));
#7747=CARTESIAN_POINT('',(0.95,-0.305000000000003,-3.95));
#7748=CARTESIAN_POINT('',(0.32,-0.305000000000003,-3.95));
#7749=CARTESIAN_POINT('',(0.95,-2.73000000000001,-3.95));
#7750=CARTESIAN_POINT('',(0.95,-2.73000000000001,-3.95));
#7751=CARTESIAN_POINT('',(5.36,-2.73000000000001,-3.95));
#7752=CARTESIAN_POINT('',(0.32,-2.73000000000001,-3.95));
#7753=CARTESIAN_POINT('',(0.32,0.,-3.95));
#7754=CARTESIAN_POINT('',(0.,0.,-3.95));
#7755=CARTESIAN_POINT('',(0.,-0.305000000000003,-3.95));
#7756=CARTESIAN_POINT('',(-2.05,-0.305000000000003,-3.95));
#7757=CARTESIAN_POINT('',(-2.68,-0.305000000000003,-3.95));
#7758=CARTESIAN_POINT('',(-2.05,-2.73000000000001,-3.95));
#7759=CARTESIAN_POINT('',(-2.05,-2.73000000000001,-3.95));
#7760=CARTESIAN_POINT('',(5.36,-2.73000000000001,-3.95));
#7761=CARTESIAN_POINT('',(-2.68,-2.73000000000001,-3.95));
#7762=CARTESIAN_POINT('',(-2.68,0.,-3.95));
#7763=CARTESIAN_POINT('',(0.,0.,-3.95));
#7764=CARTESIAN_POINT('',(0.,-0.305000000000003,-3.95));
#7765=CARTESIAN_POINT('',(3.95,-0.305000000000003,-3.95));
#7766=CARTESIAN_POINT('',(3.32,-0.305000000000003,-3.95));
#7767=CARTESIAN_POINT('',(3.95,0.969999999999999,-3.95));
#7768=CARTESIAN_POINT('',(3.95,-0.58,-3.95));
#7769=CARTESIAN_POINT('',(3.95,-0.58,-3.95));
#7770=CARTESIAN_POINT('',(4.76,-0.58,-3.95));
#7771=CARTESIAN_POINT('',(4.76,-2.73000000000001,-3.95));
#7772=CARTESIAN_POINT('',(4.76,-2.73000000000001,-3.95));
#7773=CARTESIAN_POINT('',(5.36,-2.73000000000001,-3.95));
#7774=CARTESIAN_POINT('',(3.32,-2.73000000000001,-3.95));
#7775=CARTESIAN_POINT('',(3.32,0.,-3.95));
#7776=CARTESIAN_POINT('',(0.,0.,-3.95));
#7777=CARTESIAN_POINT('',(0.,-0.305000000000003,-3.95));
#7778=CARTESIAN_POINT('',(2.68,-0.305000000000003,-3.95));
#7779=CARTESIAN_POINT('',(2.05,-0.305000000000003,-3.95));
#7780=CARTESIAN_POINT('',(2.68,0.,-3.95));
#7781=CARTESIAN_POINT('',(2.68,-2.73000000000001,-3.95));
#7782=CARTESIAN_POINT('',(5.36,-2.73000000000001,-3.95));
#7783=CARTESIAN_POINT('',(2.05,-2.73000000000001,-3.95));
#7784=CARTESIAN_POINT('',(2.05,2.73,-3.95));
#7785=CARTESIAN_POINT('',(0.,0.,-3.95));
#7786=CARTESIAN_POINT('',(0.,-0.305000000000003,-3.95));
#7787=CARTESIAN_POINT('',(-0.319999999999998,-0.305000000000003,-3.95));
#7788=CARTESIAN_POINT('',(-0.95,-0.305000000000003,-3.95));
#7789=CARTESIAN_POINT('',(-0.319999999999998,0.,-3.95));
#7790=CARTESIAN_POINT('',(-0.319999999999998,-2.73000000000001,-3.95));
#7791=CARTESIAN_POINT('',(5.36,-2.73000000000001,-3.95));
#7792=CARTESIAN_POINT('',(-0.95,-2.73000000000001,-3.95));
#7793=CARTESIAN_POINT('',(-0.95,2.73,-3.95));
#7794=CARTESIAN_POINT('',(0.,0.,-3.95));
#7795=CARTESIAN_POINT('',(0.,-0.305000000000003,-3.95));
#7796=CARTESIAN_POINT('',(-3.32,-0.305000000000003,-3.95));
#7797=CARTESIAN_POINT('',(-3.95,-0.305000000000003,-3.95));
#7798=CARTESIAN_POINT('',(-3.32,0.,-3.95));
#7799=CARTESIAN_POINT('',(-3.32,-2.73000000000001,-3.95));
#7800=CARTESIAN_POINT('',(5.36,-2.73000000000001,-3.95));
#7801=CARTESIAN_POINT('',(-4.76,-2.73000000000001,-3.95));
#7802=CARTESIAN_POINT('',(-4.76,-0.58,-3.95));
#7803=CARTESIAN_POINT('',(-4.76,-0.58,-3.95));
#7804=CARTESIAN_POINT('',(-4.96,-0.58,-3.95));
#7805=CARTESIAN_POINT('',(-3.95,-0.58,-3.95));
#7806=CARTESIAN_POINT('',(-3.95,-0.58,-3.95));
#7807=CARTESIAN_POINT('',(-2.68,3.13,-3.63));
#7808=CARTESIAN_POINT('',(-2.68,-0.305000000000003,-3.63));
#7809=CARTESIAN_POINT('',(-2.68,-2.73,-3.95));
#7810=CARTESIAN_POINT('',(-2.68,-2.73,-4.65));
#7811=CARTESIAN_POINT('',(-2.68,-3.13,-4.65));
#7812=CARTESIAN_POINT('',(-2.68,-3.13,-4.65));
#7813=CARTESIAN_POINT('',(-2.68,-3.13,-3.63));
#7814=CARTESIAN_POINT('',(-2.68,-3.13,-3.63));
#7815=CARTESIAN_POINT('',(-2.68,3.13,-3.63));
#7816=CARTESIAN_POINT('',(-2.68,-1.82,-3.63));
#7817=CARTESIAN_POINT('',(-2.68,-1.82,-21.608454576562));
#7818=CARTESIAN_POINT('',(-2.68,-1.82,-1.55));
#7819=CARTESIAN_POINT('',(-2.68,-1.82,-1.55));
#7820=CARTESIAN_POINT('',(-2.68,-1.18,-1.55));
#7821=CARTESIAN_POINT('',(-2.68,-1.18,-21.608454576562));
#7822=CARTESIAN_POINT('',(-3.32,-3.13,-3.63));
#7823=CARTESIAN_POINT('',(-3.32,-0.305000000000003,-3.63));
#7824=CARTESIAN_POINT('',(-3.32,-1.18,-21.608454576562));
#7825=CARTESIAN_POINT('',(-3.32,-1.18,-1.55));
#7826=CARTESIAN_POINT('',(-3.32,-1.18,-1.55));
#7827=CARTESIAN_POINT('',(-3.32,-1.82,-1.55));
#7828=CARTESIAN_POINT('',(-3.32,-1.82,-21.608454576562));
#7829=CARTESIAN_POINT('',(-3.32,-1.82,-3.63));
#7830=CARTESIAN_POINT('',(-3.32,-3.13,-3.63));
#7831=CARTESIAN_POINT('',(-3.32,-3.13,-3.63));
#7832=CARTESIAN_POINT('',(-3.32,-3.13,-3.63));
#7833=CARTESIAN_POINT('',(-3.32,-3.13,-4.65));
#7834=CARTESIAN_POINT('',(-3.32,-2.73,-4.65));
#7835=CARTESIAN_POINT('',(-3.32,-2.73,-4.65));
#7836=CARTESIAN_POINT('',(-3.32,-2.73,-3.95));
#7837=CARTESIAN_POINT('',(0.32,3.13,-3.63));
#7838=CARTESIAN_POINT('',(0.32,-0.305000000000003,-3.63));
#7839=CARTESIAN_POINT('',(0.32,-2.73,-3.95));
#7840=CARTESIAN_POINT('',(0.32,-2.73,-4.65));
#7841=CARTESIAN_POINT('',(0.32,-3.13,-4.65));
#7842=CARTESIAN_POINT('',(0.32,-3.13,-4.65));
#7843=CARTESIAN_POINT('',(0.32,-3.13,-3.63));
#7844=CARTESIAN_POINT('',(0.32,-3.13,-3.63));
#7845=CARTESIAN_POINT('',(0.32,3.13,-3.63));
#7846=CARTESIAN_POINT('',(0.32,-1.82,-3.63));
#7847=CARTESIAN_POINT('',(0.32,-1.82,-21.608454576562));
#7848=CARTESIAN_POINT('',(0.32,-1.82,-1.55));
#7849=CARTESIAN_POINT('',(0.32,-1.82,-1.55));
#7850=CARTESIAN_POINT('',(0.32,-1.18,-1.55));
#7851=CARTESIAN_POINT('',(0.32,-1.18,-21.608454576562));
#7852=CARTESIAN_POINT('',(-0.319999999999998,-3.13,-3.63));
#7853=CARTESIAN_POINT('',(-0.319999999999998,-0.305000000000003,-3.63));
#7854=CARTESIAN_POINT('',(-0.320000000000001,-1.18,-21.608454576562));
#7855=CARTESIAN_POINT('',(-0.320000000000001,-1.18,-1.55));
#7856=CARTESIAN_POINT('',(-0.320000000000001,-1.18,-1.55));
#7857=CARTESIAN_POINT('',(-0.320000000000001,-1.82,-1.55));
#7858=CARTESIAN_POINT('',(-0.320000000000001,-1.82,-21.608454576562));
#7859=CARTESIAN_POINT('',(-0.320000000000001,-1.82,-3.63));
#7860=CARTESIAN_POINT('',(-0.319999999999998,-3.13,-3.63));
#7861=CARTESIAN_POINT('',(-0.319999999999998,-3.13,-3.63));
#7862=CARTESIAN_POINT('',(-0.319999999999998,-3.13,-3.63));
#7863=CARTESIAN_POINT('',(-0.319999999999998,-3.13,-4.65));
#7864=CARTESIAN_POINT('',(-0.319999999999998,-2.73,-4.65));
#7865=CARTESIAN_POINT('',(-0.319999999999998,-2.73,-4.65));
#7866=CARTESIAN_POINT('',(-0.319999999999998,-2.73,-3.95));
#7867=CARTESIAN_POINT('',(3.32,3.13,-3.63));
#7868=CARTESIAN_POINT('',(3.32,-0.305000000000003,-3.63));
#7869=CARTESIAN_POINT('',(3.32,-2.73,-3.95));
#7870=CARTESIAN_POINT('',(3.32,-2.73,-4.65));
#7871=CARTESIAN_POINT('',(3.32,-3.13,-4.65));
#7872=CARTESIAN_POINT('',(3.32,-3.13,-4.65));
#7873=CARTESIAN_POINT('',(3.32,-3.13,-3.63));
#7874=CARTESIAN_POINT('',(3.32,-3.13,-3.63));
#7875=CARTESIAN_POINT('',(3.32,3.13,-3.63));
#7876=CARTESIAN_POINT('',(3.32,-1.82,-3.63));
#7877=CARTESIAN_POINT('',(3.32,-1.82,-21.608454576562));
#7878=CARTESIAN_POINT('',(3.32,-1.82,-1.55));
#7879=CARTESIAN_POINT('',(3.32,-1.82,-1.55));
#7880=CARTESIAN_POINT('',(3.32,-1.18,-1.55));
#7881=CARTESIAN_POINT('',(3.32,-1.18,-21.608454576562));
#7882=CARTESIAN_POINT('',(2.68,-3.13,-3.63));
#7883=CARTESIAN_POINT('',(2.68,-0.305000000000003,-3.63));
#7884=CARTESIAN_POINT('',(2.68,-1.18,-21.608454576562));
#7885=CARTESIAN_POINT('',(2.68,-1.18,-1.55));
#7886=CARTESIAN_POINT('',(2.68,-1.18,-1.55));
#7887=CARTESIAN_POINT('',(2.68,-1.82,-1.55));
#7888=CARTESIAN_POINT('',(2.68,-1.82,-21.608454576562));
#7889=CARTESIAN_POINT('',(2.68,-1.82,-3.63));
#7890=CARTESIAN_POINT('',(2.68,-3.13,-3.63));
#7891=CARTESIAN_POINT('',(2.68,-3.13,-3.63));
#7892=CARTESIAN_POINT('',(2.68,-3.13,-3.63));
#7893=CARTESIAN_POINT('',(2.68,-3.13,-4.65));
#7894=CARTESIAN_POINT('',(2.68,-2.73,-4.65));
#7895=CARTESIAN_POINT('',(2.68,-2.73,-4.65));
#7896=CARTESIAN_POINT('',(2.68,-2.73,-3.95));
#7897=CARTESIAN_POINT('',(0.,0.,-3.95));
#7898=CARTESIAN_POINT('',(0.,0.305000000000003,-3.95));
#7899=CARTESIAN_POINT('',(0.32,0.305000000000003,-3.95));
#7900=CARTESIAN_POINT('',(0.95,0.305000000000003,-3.95));
#7901=CARTESIAN_POINT('',(0.32,0.,-3.95));
#7902=CARTESIAN_POINT('',(0.32,2.73,-3.95));
#7903=CARTESIAN_POINT('',(-6.35,2.73,-3.95));
#7904=CARTESIAN_POINT('',(0.95,2.73,-3.95));
#7905=CARTESIAN_POINT('',(0.95,-2.73000000000001,-3.95));
#7906=CARTESIAN_POINT('',(0.,0.,-3.95));
#7907=CARTESIAN_POINT('',(0.,0.305000000000003,-3.95));
#7908=CARTESIAN_POINT('',(-2.68,0.305000000000003,-3.95));
#7909=CARTESIAN_POINT('',(-2.05,0.305000000000003,-3.95));
#7910=CARTESIAN_POINT('',(-2.68,0.,-3.95));
#7911=CARTESIAN_POINT('',(-2.68,2.73,-3.95));
#7912=CARTESIAN_POINT('',(-6.35,2.73,-3.95));
#7913=CARTESIAN_POINT('',(-2.05,2.73,-3.95));
#7914=CARTESIAN_POINT('',(-2.05,-2.73000000000001,-3.95));
#7915=CARTESIAN_POINT('',(0.,0.,-3.63));
#7916=CARTESIAN_POINT('',(0.,-1.82,-3.63));
#7917=CARTESIAN_POINT('',(3.32,-3.13,-3.63));
#7918=CARTESIAN_POINT('',(6.35,3.43,-4.95));
#7919=CARTESIAN_POINT('',(4.65,-3.13,-4.95));
#7920=CARTESIAN_POINT('',(4.65,-3.13,-4.95));
#7921=CARTESIAN_POINT('',(3.62,-3.13,-4.95));
#7922=CARTESIAN_POINT('',(3.62,-2.73,-4.95));
#7923=CARTESIAN_POINT('',(3.62,-2.73000000000001,-4.95));
#7924=CARTESIAN_POINT('',(5.36,-2.73000000000001,-4.95));
#7925=CARTESIAN_POINT('',(5.36,-2.73000000000001,-4.95));
#7926=CARTESIAN_POINT('',(5.36,-1.73,-4.95));
#7927=CARTESIAN_POINT('',(5.36,-1.73,-4.95));
#7928=CARTESIAN_POINT('',(6.35,-1.73,-4.95));
#7929=CARTESIAN_POINT('',(6.35,-1.73,-4.95));
#7930=CARTESIAN_POINT('',(6.35,3.43,-4.95));
#7931=CARTESIAN_POINT('',(6.35,-3.43,-4.95));
#7932=CARTESIAN_POINT('',(6.35,-3.43,-4.95));
#7933=CARTESIAN_POINT('',(4.65,-3.43,-4.95));
#7934=CARTESIAN_POINT('',(4.65,-3.13,-4.95));
#7935=CARTESIAN_POINT('',(0.,0.,-3.95));
#7936=CARTESIAN_POINT('',(0.,0.305000000000003,-3.95));
#7937=CARTESIAN_POINT('',(3.32,0.305000000000003,-3.95));
#7938=CARTESIAN_POINT('',(3.95,0.305000000000003,-3.95));
#7939=CARTESIAN_POINT('',(3.32,0.,-3.95));
#7940=CARTESIAN_POINT('',(3.32,2.73,-3.95));
#7941=CARTESIAN_POINT('',(-6.35,2.73,-3.95));
#7942=CARTESIAN_POINT('',(4.76,2.73,-3.95));
#7943=CARTESIAN_POINT('',(4.76,0.969999999999999,-3.95));
#7944=CARTESIAN_POINT('',(4.76,0.969999999999999,-3.95));
#7945=CARTESIAN_POINT('',(4.96,0.969999999999999,-3.95));
#7946=CARTESIAN_POINT('',(3.95,0.969999999999999,-3.95));
#7947=CARTESIAN_POINT('',(3.95,0.969999999999999,-3.95));
#7948=CARTESIAN_POINT('',(6.35,3.43,-4.95));
#7949=CARTESIAN_POINT('',(-6.35,2.73,-4.95));
#7950=CARTESIAN_POINT('',(3.62,2.73,-4.95));
#7951=CARTESIAN_POINT('',(6.35,2.73,-4.95));
#7952=CARTESIAN_POINT('',(3.62,3.13,-4.95));
#7953=CARTESIAN_POINT('',(3.62,3.13,-4.95));
#7954=CARTESIAN_POINT('',(-4.65,3.13,-4.95));
#7955=CARTESIAN_POINT('',(4.65,3.13,-4.95));
#7956=CARTESIAN_POINT('',(4.65,3.13,-4.95));
#7957=CARTESIAN_POINT('',(4.65,3.43,-4.95));
#7958=CARTESIAN_POINT('',(6.35,3.43,-4.95));
#7959=CARTESIAN_POINT('',(5.45,3.43,-4.95));
#7960=CARTESIAN_POINT('',(5.45,3.93,-4.95));
#7961=CARTESIAN_POINT('',(5.45,3.93,-4.95));
#7962=CARTESIAN_POINT('',(5.45,3.93,-4.95));
#7963=CARTESIAN_POINT('',(6.35,3.93,-4.95));
#7964=CARTESIAN_POINT('',(6.35,3.43,-4.95));
#7965=CARTESIAN_POINT('',(4.96,-2.73,-3.95));
#7966=CARTESIAN_POINT('',(3.62,-2.73,-4.65));
#7967=CARTESIAN_POINT('',(4.76,-2.73,-3.95));
#7968=CARTESIAN_POINT('',(4.96,-2.73,-3.75));
#7969=CARTESIAN_POINT('',(4.96,-2.73,-3.95));
#7970=CARTESIAN_POINT('',(4.96,-2.73,-3.65));
#7971=CARTESIAN_POINT('',(4.96,-2.73,-3.65));
#7972=CARTESIAN_POINT('',(5.36,-2.73,-3.65));
#7973=CARTESIAN_POINT('',(5.36,-2.73,-3.95));
#7974=CARTESIAN_POINT('',(-6.35,2.73,-3.95));
#7975=CARTESIAN_POINT('',(3.32,2.73,-3.95));
#7976=CARTESIAN_POINT('',(3.32,2.73,-4.65));
#7977=CARTESIAN_POINT('',(3.62,2.73,-4.65));
#7978=CARTESIAN_POINT('',(6.35,2.73,-3.95));
#7979=CARTESIAN_POINT('',(6.35,2.73,-4.25));
#7980=CARTESIAN_POINT('',(6.35,2.73,-4.25));
#7981=CARTESIAN_POINT('',(5.56,2.73,-4.25));
#7982=CARTESIAN_POINT('',(-0.544999999999999,2.73,1.855));
#7983=CARTESIAN_POINT('',(5.36,2.73,-4.05));
#7984=CARTESIAN_POINT('',(5.36,2.73,-4.25));
#7985=CARTESIAN_POINT('',(5.36,2.73,-3.95));
#7986=CARTESIAN_POINT('',(-6.35,2.73,-3.95));
#7987=CARTESIAN_POINT('',(4.96,2.73,-3.95));
#7988=CARTESIAN_POINT('',(4.96,2.73,0.));
#7989=CARTESIAN_POINT('',(4.96,2.73,-3.75));
#7990=CARTESIAN_POINT('',(-0.794999999999988,2.73,-9.505));
#7991=CARTESIAN_POINT('',(0.,0.,-3.63));
#7992=CARTESIAN_POINT('',(0.,-1.82,-3.63));
#7993=CARTESIAN_POINT('',(0.32,-3.13,-3.63));
#7994=CARTESIAN_POINT('',(6.35,3.43,-4.95));
#7995=CARTESIAN_POINT('',(5.36,-2.73000000000001,-4.95));
#7996=CARTESIAN_POINT('',(2.38,-2.73000000000001,-4.95));
#7997=CARTESIAN_POINT('',(0.62,-2.73000000000001,-4.95));
#7998=CARTESIAN_POINT('',(2.38,-3.13,-4.95));
#7999=CARTESIAN_POINT('',(2.38,-3.13,-4.95));
#8000=CARTESIAN_POINT('',(4.65,-3.13,-4.95));
#8001=CARTESIAN_POINT('',(0.62,-3.13,-4.95));
#8002=CARTESIAN_POINT('',(0.62,-2.73,-4.95));
#8003=CARTESIAN_POINT('',(0.,0.,-3.95));
#8004=CARTESIAN_POINT('',(0.,0.305000000000003,-3.95));
#8005=CARTESIAN_POINT('',(2.05,0.305000000000003,-3.95));
#8006=CARTESIAN_POINT('',(2.68,0.305000000000003,-3.95));
#8007=CARTESIAN_POINT('',(2.05,2.73,-3.95));
#8008=CARTESIAN_POINT('',(2.05,2.73,-3.95));
#8009=CARTESIAN_POINT('',(-6.35,2.73,-3.95));
#8010=CARTESIAN_POINT('',(2.68,2.73,-3.95));
#8011=CARTESIAN_POINT('',(2.68,0.,-3.95));
#8012=CARTESIAN_POINT('',(6.35,3.43,-4.95));
#8013=CARTESIAN_POINT('',(-4.65,3.13,-4.95));
#8014=CARTESIAN_POINT('',(0.62,3.13,-4.95));
#8015=CARTESIAN_POINT('',(2.38,3.13,-4.95));
#8016=CARTESIAN_POINT('',(2.38,2.73,-4.95));
#8017=CARTESIAN_POINT('',(2.38,2.73,-4.95));
#8018=CARTESIAN_POINT('',(-6.35,2.73,-4.95));
#8019=CARTESIAN_POINT('',(0.62,2.73,-4.95));
#8020=CARTESIAN_POINT('',(0.62,3.13,-4.95));
#8021=CARTESIAN_POINT('',(4.96,-2.73,-3.95));
#8022=CARTESIAN_POINT('',(2.38,-2.73,-4.65));
#8023=CARTESIAN_POINT('',(0.62,-2.73,-4.65));
#8024=CARTESIAN_POINT('',(0.95,-2.73000000000001,-3.45));
#8025=CARTESIAN_POINT('',(0.95,-2.73000000000001,-3.45));
#8026=CARTESIAN_POINT('',(2.05,-2.73000000000001,-3.45));
#8027=CARTESIAN_POINT('',(2.05,-2.73000000000001,-3.45));
#8028=CARTESIAN_POINT('',(2.05,-2.73000000000001,-3.45));
#8029=CARTESIAN_POINT('',(-6.35,2.73,-3.95));
#8030=CARTESIAN_POINT('',(2.38,2.73,-4.65));
#8031=CARTESIAN_POINT('',(2.68,2.73,-4.65));
#8032=CARTESIAN_POINT('',(2.68,2.73,-3.95));
#8033=CARTESIAN_POINT('',(2.05,2.73,-3.45));
#8034=CARTESIAN_POINT('',(2.05,2.73,-3.45));
#8035=CARTESIAN_POINT('',(0.95,2.73,-3.45));
#8036=CARTESIAN_POINT('',(0.95,2.73,-3.45));
#8037=CARTESIAN_POINT('',(0.95,2.73,-3.45));
#8038=CARTESIAN_POINT('',(0.32,2.73,-3.95));
#8039=CARTESIAN_POINT('',(0.32,2.73,-4.65));
#8040=CARTESIAN_POINT('',(0.62,2.73,-4.65));
#8041=CARTESIAN_POINT('',(0.,0.,-3.63));
#8042=CARTESIAN_POINT('',(0.,-1.82,-3.63));
#8043=CARTESIAN_POINT('',(-2.68,-3.13,-3.63));
#8044=CARTESIAN_POINT('',(6.35,3.43,-4.95));
#8045=CARTESIAN_POINT('',(5.36,-2.73000000000001,-4.95));
#8046=CARTESIAN_POINT('',(-0.619999999999998,-2.73000000000001,-4.95));
#8047=CARTESIAN_POINT('',(-2.38,-2.73000000000001,-4.95));
#8048=CARTESIAN_POINT('',(-0.619999999999998,-3.13,-4.95));
#8049=CARTESIAN_POINT('',(-0.619999999999998,-3.13,-4.95));
#8050=CARTESIAN_POINT('',(4.65,-3.13,-4.95));
#8051=CARTESIAN_POINT('',(-2.38,-3.13,-4.95));
#8052=CARTESIAN_POINT('',(-2.38,-2.73,-4.95));
#8053=CARTESIAN_POINT('',(0.,0.,-3.95));
#8054=CARTESIAN_POINT('',(0.,0.305000000000003,-3.95));
#8055=CARTESIAN_POINT('',(-0.95,0.305000000000003,-3.95));
#8056=CARTESIAN_POINT('',(-0.319999999999998,0.305000000000003,-3.95));
#8057=CARTESIAN_POINT('',(-0.95,2.73,-3.95));
#8058=CARTESIAN_POINT('',(-0.95,2.73,-3.95));
#8059=CARTESIAN_POINT('',(-6.35,2.73,-3.95));
#8060=CARTESIAN_POINT('',(-0.319999999999998,2.73,-3.95));
#8061=CARTESIAN_POINT('',(-0.319999999999998,0.,-3.95));
#8062=CARTESIAN_POINT('',(6.35,3.43,-4.95));
#8063=CARTESIAN_POINT('',(-4.65,3.13,-4.95));
#8064=CARTESIAN_POINT('',(-2.38,3.13,-4.95));
#8065=CARTESIAN_POINT('',(-0.619999999999998,3.13,-4.95));
#8066=CARTESIAN_POINT('',(-0.619999999999998,2.73,-4.95));
#8067=CARTESIAN_POINT('',(-0.619999999999998,2.73,-4.95));
#8068=CARTESIAN_POINT('',(-6.35,2.73,-4.95));
#8069=CARTESIAN_POINT('',(-2.38,2.73,-4.95));
#8070=CARTESIAN_POINT('',(-2.38,3.13,-4.95));
#8071=CARTESIAN_POINT('',(4.96,-2.73,-3.95));
#8072=CARTESIAN_POINT('',(-0.619999999999998,-2.73,-4.65));
#8073=CARTESIAN_POINT('',(-2.38,-2.73,-4.65));
#8074=CARTESIAN_POINT('',(-2.05,-2.73000000000001,-3.45));
#8075=CARTESIAN_POINT('',(-2.05,-2.73000000000001,-3.45));
#8076=CARTESIAN_POINT('',(-0.95,-2.73000000000001,-3.45));
#8077=CARTESIAN_POINT('',(-0.95,-2.73000000000001,-3.45));
#8078=CARTESIAN_POINT('',(-0.95,-2.73000000000001,-3.45));
#8079=CARTESIAN_POINT('',(-6.35,2.73,-3.95));
#8080=CARTESIAN_POINT('',(-0.619999999999998,2.73,-4.65));
#8081=CARTESIAN_POINT('',(-0.319999999999998,2.73,-4.65));
#8082=CARTESIAN_POINT('',(-0.319999999999998,2.73,-3.95));
#8083=CARTESIAN_POINT('',(-0.95,2.73,-3.45));
#8084=CARTESIAN_POINT('',(-0.95,2.73,-3.45));
#8085=CARTESIAN_POINT('',(-2.05,2.73,-3.45));
#8086=CARTESIAN_POINT('',(-2.05,2.73,-3.45));
#8087=CARTESIAN_POINT('',(-2.05,2.73,-3.45));
#8088=CARTESIAN_POINT('',(-2.68,2.73,-3.95));
#8089=CARTESIAN_POINT('',(-2.68,2.73,-4.65));
#8090=CARTESIAN_POINT('',(-2.38,2.73,-4.65));
#8091=CARTESIAN_POINT('',(6.35,-3.43,-4.95));
#8092=CARTESIAN_POINT('',(0.7,-3.43,4.35));
#8093=CARTESIAN_POINT('',(0.7,-3.43,4.35));
#8094=CARTESIAN_POINT('',(-0.7,-3.43,4.35));
#8095=CARTESIAN_POINT('',(0.7,-3.43,1.55));
#8096=CARTESIAN_POINT('',(0.7,-3.43,1.55));
#8097=CARTESIAN_POINT('',(0.7,-3.43,1.55));
#8098=CARTESIAN_POINT('',(-0.7,-3.43,1.55));
#8099=CARTESIAN_POINT('',(-0.7,-3.43,1.55));
#8100=CARTESIAN_POINT('',(-4.65,-3.43,-3.05));
#8101=CARTESIAN_POINT('',(-4.65,-3.43,-3.05));
#8102=CARTESIAN_POINT('',(4.65,-3.43,-3.05));
#8103=CARTESIAN_POINT('',(4.65,-3.43,-3.05));
#8104=CARTESIAN_POINT('',(6.35,-3.43,-4.95));
#8105=CARTESIAN_POINT('',(6.35,-3.43,4.95));
#8106=CARTESIAN_POINT('',(6.35,-3.43,4.95));
#8107=CARTESIAN_POINT('',(-6.35,-3.43,4.95));
#8108=CARTESIAN_POINT('',(-6.35,-3.43,-4.95));
#8109=CARTESIAN_POINT('',(-6.35,-3.43,-4.95));
#8110=CARTESIAN_POINT('',(6.35,-3.43,-4.95));
#8111=CARTESIAN_POINT('',(-4.65,-3.43,-4.95));
#8112=CARTESIAN_POINT('',(-4.65,-3.43,-4.95));
#8113=CARTESIAN_POINT('',(6.35,3.43,-4.95));
#8114=CARTESIAN_POINT('',(5.36,-2.73000000000001,-4.95));
#8115=CARTESIAN_POINT('',(-3.62,-2.73000000000001,-4.95));
#8116=CARTESIAN_POINT('',(-5.36,-2.73000000000001,-4.95));
#8117=CARTESIAN_POINT('',(-3.62,-3.13,-4.95));
#8118=CARTESIAN_POINT('',(-3.62,-3.13,-4.95));
#8119=CARTESIAN_POINT('',(4.65,-3.13,-4.95));
#8120=CARTESIAN_POINT('',(-4.65,-3.13,-4.95));
#8121=CARTESIAN_POINT('',(-4.65,-3.13,-4.95));
#8122=CARTESIAN_POINT('',(-6.35,3.43,-4.95));
#8123=CARTESIAN_POINT('',(-6.35,-1.73,-4.95));
#8124=CARTESIAN_POINT('',(-5.36,-1.73,-4.95));
#8125=CARTESIAN_POINT('',(-5.36,-1.73,-4.95));
#8126=CARTESIAN_POINT('',(-5.36,-2.73000000000001,-4.95));
#8127=CARTESIAN_POINT('',(0.,3.93,0.));
#8128=CARTESIAN_POINT('',(-0.449999999999999,3.93,-3.05));
#8129=CARTESIAN_POINT('',(-0.449999999999999,3.93,1.27));
#8130=CARTESIAN_POINT('',(-0.449999999999999,3.93,3.95));
#8131=CARTESIAN_POINT('',(-0.449999999999999,3.93,1.27));
#8132=CARTESIAN_POINT('',(-0.76422618401604,3.93,1.27));
#8133=CARTESIAN_POINT('',(-0.49,3.93,0.349999999999998));
#8134=CARTESIAN_POINT('',(-1.45,3.93,0.349999999999998));
#8135=CARTESIAN_POINT('',(-1.45,3.93,3.95));
#8136=CARTESIAN_POINT('',(-1.45,3.93,3.95));
#8137=CARTESIAN_POINT('',(-0.449999999999999,3.93,3.95));
#8138=CARTESIAN_POINT('',(-4.96,1.57,-1.15));
#8139=CARTESIAN_POINT('',(-4.96,1.57,-1.15));
#8140=CARTESIAN_POINT('',(-4.96,1.57,-1.15));
#8141=CARTESIAN_POINT('',(-4.96,2.93,-1.15));
#8142=CARTESIAN_POINT('',(-5.36,2.93,-1.15));
#8143=CARTESIAN_POINT('',(-5.36,2.93,-1.15));
#8144=CARTESIAN_POINT('',(-5.36,1.57,-1.15));
#8145=CARTESIAN_POINT('',(-5.36,1.57,-1.15));
#8146=CARTESIAN_POINT('',(-4.96,1.57,-1.15));
#8147=CARTESIAN_POINT('',(-5.36,-2.73000000000001,-3.95));
#8148=CARTESIAN_POINT('',(-5.36,2.93,-2.15));
#8149=CARTESIAN_POINT('',(-5.36,2.93,-2.15));
#8150=CARTESIAN_POINT('',(-5.36,3.23,-2.15));
#8151=CARTESIAN_POINT('',(-5.36,3.23,4.95));
#8152=CARTESIAN_POINT('',(-5.36,3.23,4.95));
#8153=CARTESIAN_POINT('',(-5.36,3.43,4.95));
#8154=CARTESIAN_POINT('',(-5.36,1.02,4.95));
#8155=CARTESIAN_POINT('',(-5.36,1.02,4.95));
#8156=CARTESIAN_POINT('',(-5.36,1.02,1.95));
#8157=CARTESIAN_POINT('',(-5.36,1.02,1.95));
#8158=CARTESIAN_POINT('',(-5.36,-0.880000000000001,1.95));
#8159=CARTESIAN_POINT('',(-5.36,-0.880000000000001,1.95));
#8160=CARTESIAN_POINT('',(-5.36,-0.880000000000001,4.95));
#8161=CARTESIAN_POINT('',(-5.36,-0.880000000000001,4.95));
#8162=CARTESIAN_POINT('',(-5.36,-2.63,4.95));
#8163=CARTESIAN_POINT('',(-5.36,-2.63,4.95));
#8164=CARTESIAN_POINT('',(-5.36,-2.63,-1.15));
#8165=CARTESIAN_POINT('',(-5.36,-2.63,-1.15));
#8166=CARTESIAN_POINT('',(-5.36,-1.43,-1.15));
#8167=CARTESIAN_POINT('',(-5.36,-1.43,-1.15));
#8168=CARTESIAN_POINT('',(-5.36,-1.43,-3.65));
#8169=CARTESIAN_POINT('',(-5.36,-1.43,-3.65));
#8170=CARTESIAN_POINT('',(-5.36,-2.73,-3.65));
#8171=CARTESIAN_POINT('',(-5.36,-2.73000000000001,-3.95));
#8172=CARTESIAN_POINT('',(-5.36,-1.73,-3.95));
#8173=CARTESIAN_POINT('',(-5.36,-1.73,-4.05));
#8174=CARTESIAN_POINT('',(-5.36,-2.73000000000001,-4.05));
#8175=CARTESIAN_POINT('',(-5.36,-0.53,-4.05));
#8176=CARTESIAN_POINT('',(-5.36,-0.53,-4.25));
#8177=CARTESIAN_POINT('',(-5.36,-0.53,-2.95));
#8178=CARTESIAN_POINT('',(-5.36,-0.529999999999999,-2.95));
#8179=CARTESIAN_POINT('',(-5.36,1.47,-2.95));
#8180=CARTESIAN_POINT('',(-5.36,1.47,-4.25));
#8181=CARTESIAN_POINT('',(-5.36,1.47,-4.05));
#8182=CARTESIAN_POINT('',(-5.36,-2.73000000000001,-4.05));
#8183=CARTESIAN_POINT('',(-5.36,2.73,-4.05));
#8184=CARTESIAN_POINT('',(-5.36,2.73,-4.25));
#8185=CARTESIAN_POINT('',(-5.36,2.73,-3.95));
#8186=CARTESIAN_POINT('',(-5.36,-2.73,-3.95));
#8187=CARTESIAN_POINT('',(-5.36,2.87,-3.95));
#8188=CARTESIAN_POINT('',(-5.36,2.87,-3.95));
#8189=CARTESIAN_POINT('',(-5.36,2.87,-3.65));
#8190=CARTESIAN_POINT('',(-5.36,2.87,-3.65));
#8191=CARTESIAN_POINT('',(-5.36,1.57,-3.65));
#8192=CARTESIAN_POINT('',(-5.36,1.57,-3.65));
#8193=CARTESIAN_POINT('',(-5.36,2.93,-2.15));
#8194=CARTESIAN_POINT('',(0.,0.,-3.95));
#8195=CARTESIAN_POINT('',(0.,0.305000000000003,-3.95));
#8196=CARTESIAN_POINT('',(-3.95,0.305000000000003,-3.95));
#8197=CARTESIAN_POINT('',(-3.32,0.305000000000003,-3.95));
#8198=CARTESIAN_POINT('',(-3.95,-0.58,-3.95));
#8199=CARTESIAN_POINT('',(-3.95,0.969999999999999,-3.95));
#8200=CARTESIAN_POINT('',(-3.95,0.969999999999999,-3.95));
#8201=CARTESIAN_POINT('',(-4.76,0.969999999999999,-3.95));
#8202=CARTESIAN_POINT('',(-4.76,2.73,-3.95));
#8203=CARTESIAN_POINT('',(-4.76,2.73,-3.95));
#8204=CARTESIAN_POINT('',(-6.35,2.73,-3.95));
#8205=CARTESIAN_POINT('',(-3.32,2.73,-3.95));
#8206=CARTESIAN_POINT('',(-3.32,0.,-3.95));
#8207=CARTESIAN_POINT('',(-4.96,0.,0.));
#8208=CARTESIAN_POINT('',(-4.96,3.43,4.95));
#8209=CARTESIAN_POINT('',(-4.96,3.23,4.95));
#8210=CARTESIAN_POINT('',(-4.96,1.02,4.95));
#8211=CARTESIAN_POINT('',(-4.96,3.23,-2.15));
#8212=CARTESIAN_POINT('',(-4.96,3.23,-2.15));
#8213=CARTESIAN_POINT('',(-4.96,2.93,-2.15));
#8214=CARTESIAN_POINT('',(-4.96,2.93,-2.15));
#8215=CARTESIAN_POINT('',(-4.96,2.93,-1.15));
#8216=CARTESIAN_POINT('',(-4.96,1.57,-3.65));
#8217=CARTESIAN_POINT('',(-4.96,1.57,-3.65));
#8218=CARTESIAN_POINT('',(-4.96,2.87,-3.65));
#8219=CARTESIAN_POINT('',(-4.96,2.87,-3.65));
#8220=CARTESIAN_POINT('',(-4.96,2.87,-3.95));
#8221=CARTESIAN_POINT('',(-4.96,2.87,-3.95));
#8222=CARTESIAN_POINT('',(-4.96,-2.73,-3.95));
#8223=CARTESIAN_POINT('',(-4.96,2.73,-3.95));
#8224=CARTESIAN_POINT('',(-4.96,2.73,0.));
#8225=CARTESIAN_POINT('',(-4.96,2.73,-3.75));
#8226=CARTESIAN_POINT('',(-4.96,0.969999999999999,-3.75));
#8227=CARTESIAN_POINT('',(-4.96,0.969999999999999,-3.75));
#8228=CARTESIAN_POINT('',(-4.96,0.969999999999999,-2.95));
#8229=CARTESIAN_POINT('',(-4.96,0.969999999999999,-2.95));
#8230=CARTESIAN_POINT('',(-4.96,0.969999999999999,-2.95));
#8231=CARTESIAN_POINT('',(-4.96,-0.58,-2.95));
#8232=CARTESIAN_POINT('',(-4.96,-0.58,-2.95));
#8233=CARTESIAN_POINT('',(-4.96,-0.58,-3.75));
#8234=CARTESIAN_POINT('',(-4.96,-2.73,-3.75));
#8235=CARTESIAN_POINT('',(-4.96,-2.73,-3.75));
#8236=CARTESIAN_POINT('',(-4.96,-2.73,-3.65));
#8237=CARTESIAN_POINT('',(-4.96,-2.73,-3.65));
#8238=CARTESIAN_POINT('',(-4.96,-1.43,-3.65));
#8239=CARTESIAN_POINT('',(-4.96,-1.43,-3.65));
#8240=CARTESIAN_POINT('',(-4.96,-1.43,-1.15));
#8241=CARTESIAN_POINT('',(-4.96,-1.43,-1.15));
#8242=CARTESIAN_POINT('',(-4.96,-2.63,-1.15));
#8243=CARTESIAN_POINT('',(-4.96,-2.63,-1.15));
#8244=CARTESIAN_POINT('',(-4.96,-2.63,4.95));
#8245=CARTESIAN_POINT('',(-4.96,-2.63,4.95));
#8246=CARTESIAN_POINT('',(-4.96,-0.880000000000001,4.95));
#8247=CARTESIAN_POINT('',(-4.96,-0.880000000000001,4.95));
#8248=CARTESIAN_POINT('',(-4.96,-0.880000000000001,1.95));
#8249=CARTESIAN_POINT('',(-4.96,-0.880000000000001,1.95));
#8250=CARTESIAN_POINT('',(-4.96,1.02,1.95));
#8251=CARTESIAN_POINT('',(-4.96,1.02,1.95));
#8252=CARTESIAN_POINT('',(-4.96,1.02,4.95));
#8253=CARTESIAN_POINT('',(-5.36,-1.73,-3.95));
#8254=CARTESIAN_POINT('',(-6.35,-1.73,-4.25));
#8255=CARTESIAN_POINT('',(-6.35,-1.73,-4.25));
#8256=CARTESIAN_POINT('',(-5.56,-1.73,-4.25));
#8257=CARTESIAN_POINT('',(-5.31,-1.73,-4.));
#8258=CARTESIAN_POINT('',(-6.35,-1.73,-3.95));
#8259=CARTESIAN_POINT('',(0.,3.93,0.));
#8260=CARTESIAN_POINT('',(0.49,3.93,0.349999999999998));
#8261=CARTESIAN_POINT('',(1.45,3.93,0.349999999999998));
#8262=CARTESIAN_POINT('',(0.76422618401604,3.93,1.27));
#8263=CARTESIAN_POINT('',(0.449999999999999,3.93,1.27));
#8264=CARTESIAN_POINT('',(0.449999999999999,3.93,1.27));
#8265=CARTESIAN_POINT('',(0.449999999999999,3.93,3.95));
#8266=CARTESIAN_POINT('',(0.449999999999999,3.93,3.95));
#8267=CARTESIAN_POINT('',(1.45,3.93,3.95));
#8268=CARTESIAN_POINT('',(1.45,3.93,3.95));
#8269=CARTESIAN_POINT('',(1.45,3.93,-3.05));
#8270=CARTESIAN_POINT('',(4.96,1.57,-1.15));
#8271=CARTESIAN_POINT('',(5.36,1.57,-1.15));
#8272=CARTESIAN_POINT('',(5.36,2.93,-1.15));
#8273=CARTESIAN_POINT('',(5.36,1.57,-1.15));
#8274=CARTESIAN_POINT('',(4.96,2.93,-1.15));
#8275=CARTESIAN_POINT('',(4.96,2.93,-1.15));
#8276=CARTESIAN_POINT('',(4.96,1.57,-1.15));
#8277=CARTESIAN_POINT('',(4.96,1.57,-1.15));
#8278=CARTESIAN_POINT('',(4.96,1.57,-1.15));
#8279=CARTESIAN_POINT('',(5.36,0.,0.));
#8280=CARTESIAN_POINT('',(5.36,1.02,4.95));
#8281=CARTESIAN_POINT('',(5.36,1.02,4.95));
#8282=CARTESIAN_POINT('',(5.36,3.23,4.95));
#8283=CARTESIAN_POINT('',(5.36,3.23,0.));
#8284=CARTESIAN_POINT('',(5.36,3.23,-2.15));
#8285=CARTESIAN_POINT('',(5.36,2.93,-2.15));
#8286=CARTESIAN_POINT('',(5.36,2.93,-2.15));
#8287=CARTESIAN_POINT('',(5.36,2.93,-1.15));
#8288=CARTESIAN_POINT('',(5.36,1.57,-1.15));
#8289=CARTESIAN_POINT('',(5.36,1.57,-3.65));
#8290=CARTESIAN_POINT('',(5.36,1.57,-3.65));
#8291=CARTESIAN_POINT('',(5.36,2.87,-3.65));
#8292=CARTESIAN_POINT('',(5.36,2.87,-3.65));
#8293=CARTESIAN_POINT('',(5.36,2.87,-3.95));
#8294=CARTESIAN_POINT('',(5.36,2.87,-3.95));
#8295=CARTESIAN_POINT('',(5.36,1.47,-4.05));
#8296=CARTESIAN_POINT('',(5.36,1.47,-4.05));
#8297=CARTESIAN_POINT('',(5.36,1.47,-4.25));
#8298=CARTESIAN_POINT('',(5.36,1.47,-2.95));
#8299=CARTESIAN_POINT('',(5.36,1.47,-2.95));
#8300=CARTESIAN_POINT('',(5.36,-0.529999999999999,-2.95));
#8301=CARTESIAN_POINT('',(5.36,-0.529999999999999,-4.25));
#8302=CARTESIAN_POINT('',(5.36,-0.529999999999999,-4.05));
#8303=CARTESIAN_POINT('',(5.36,-1.73,-4.05));
#8304=CARTESIAN_POINT('',(5.36,-1.73,-4.05));
#8305=CARTESIAN_POINT('',(5.36,-1.73,-3.95));
#8306=CARTESIAN_POINT('',(5.36,-2.73,-3.65));
#8307=CARTESIAN_POINT('',(5.36,-1.43,-3.65));
#8308=CARTESIAN_POINT('',(5.36,-1.43,-3.65));
#8309=CARTESIAN_POINT('',(5.36,-1.43,-1.15));
#8310=CARTESIAN_POINT('',(5.36,-1.43,-1.15));
#8311=CARTESIAN_POINT('',(5.36,-2.63,-1.15));
#8312=CARTESIAN_POINT('',(5.36,-2.63,-1.15));
#8313=CARTESIAN_POINT('',(5.36,-2.63,4.95));
#8314=CARTESIAN_POINT('',(5.36,-2.63,4.95));
#8315=CARTESIAN_POINT('',(5.36,-0.880000000000001,4.95));
#8316=CARTESIAN_POINT('',(5.36,-0.880000000000001,4.95));
#8317=CARTESIAN_POINT('',(5.36,-0.880000000000001,1.95));
#8318=CARTESIAN_POINT('',(5.36,-0.880000000000001,1.95));
#8319=CARTESIAN_POINT('',(5.36,1.02,1.95));
#8320=CARTESIAN_POINT('',(5.36,1.02,1.95));
#8321=CARTESIAN_POINT('',(4.96,0.,0.));
#8322=CARTESIAN_POINT('',(4.96,2.93,-2.15));
#8323=CARTESIAN_POINT('',(4.96,2.93,-2.15));
#8324=CARTESIAN_POINT('',(4.96,3.23,-2.15));
#8325=CARTESIAN_POINT('',(4.96,3.23,4.95));
#8326=CARTESIAN_POINT('',(4.96,3.23,4.95));
#8327=CARTESIAN_POINT('',(4.96,1.02,4.95));
#8328=CARTESIAN_POINT('',(4.96,1.02,4.95));
#8329=CARTESIAN_POINT('',(4.96,1.02,1.95));
#8330=CARTESIAN_POINT('',(4.96,1.02,1.95));
#8331=CARTESIAN_POINT('',(4.96,-0.880000000000001,1.95));
#8332=CARTESIAN_POINT('',(4.96,-0.880000000000001,1.95));
#8333=CARTESIAN_POINT('',(4.96,-0.880000000000001,4.95));
#8334=CARTESIAN_POINT('',(4.96,-0.880000000000001,4.95));
#8335=CARTESIAN_POINT('',(4.96,-2.63,4.95));
#8336=CARTESIAN_POINT('',(4.96,-2.63,4.95));
#8337=CARTESIAN_POINT('',(4.96,-2.63,-1.15));
#8338=CARTESIAN_POINT('',(4.96,-2.63,-1.15));
#8339=CARTESIAN_POINT('',(4.96,-1.43,-1.15));
#8340=CARTESIAN_POINT('',(4.96,-1.43,-1.15));
#8341=CARTESIAN_POINT('',(4.96,-1.43,-3.65));
#8342=CARTESIAN_POINT('',(4.96,-1.43,-3.65));
#8343=CARTESIAN_POINT('',(4.96,-2.73,-3.65));
#8344=CARTESIAN_POINT('',(4.96,-0.58,-3.75));
#8345=CARTESIAN_POINT('',(4.96,-0.58,-3.75));
#8346=CARTESIAN_POINT('',(4.96,-0.58,-2.95));
#8347=CARTESIAN_POINT('',(4.96,-0.58,-2.95));
#8348=CARTESIAN_POINT('',(4.96,0.969999999999999,-2.95));
#8349=CARTESIAN_POINT('',(4.96,0.969999999999999,-2.95));
#8350=CARTESIAN_POINT('',(4.96,0.969999999999999,-2.95));
#8351=CARTESIAN_POINT('',(4.96,0.969999999999999,-3.75));
#8352=CARTESIAN_POINT('',(4.96,2.73,-3.75));
#8353=CARTESIAN_POINT('',(4.96,2.87,-3.95));
#8354=CARTESIAN_POINT('',(4.96,2.87,-3.95));
#8355=CARTESIAN_POINT('',(4.96,2.87,-3.65));
#8356=CARTESIAN_POINT('',(4.96,2.87,-3.65));
#8357=CARTESIAN_POINT('',(4.96,1.57,-3.65));
#8358=CARTESIAN_POINT('',(4.96,1.57,-3.65));
#8359=CARTESIAN_POINT('',(4.96,1.57,-1.15));
#8360=CARTESIAN_POINT('',(4.96,2.93,-2.15));
#8361=CARTESIAN_POINT('',(6.35,-1.73,-3.95));
#8362=CARTESIAN_POINT('',(5.805,-1.73,-4.495));
#8363=CARTESIAN_POINT('',(5.56,-1.73,-4.25));
#8364=CARTESIAN_POINT('',(5.36,-1.73,-4.25));
#8365=CARTESIAN_POINT('',(6.35,-1.73,-4.25));
#8366=CARTESIAN_POINT('',(6.35,-1.73,-3.95));
#8367=CARTESIAN_POINT('',(6.35,3.43,-4.95));
#8368=CARTESIAN_POINT('',(-4.65,3.13,-4.95));
#8369=CARTESIAN_POINT('',(-4.65,3.13,-4.95));
#8370=CARTESIAN_POINT('',(-3.62,3.13,-4.95));
#8371=CARTESIAN_POINT('',(-3.62,2.73,-4.95));
#8372=CARTESIAN_POINT('',(-3.62,2.73,-4.95));
#8373=CARTESIAN_POINT('',(-6.35,2.73,-4.95));
#8374=CARTESIAN_POINT('',(-6.35,2.73,-4.95));
#8375=CARTESIAN_POINT('',(-6.35,3.43,-4.95));
#8376=CARTESIAN_POINT('',(-6.35,3.93,-4.95));
#8377=CARTESIAN_POINT('',(-6.35,3.93,-4.95));
#8378=CARTESIAN_POINT('',(-5.45,3.93,-4.95));
#8379=CARTESIAN_POINT('',(-5.45,3.93,-4.95));
#8380=CARTESIAN_POINT('',(-5.45,3.43,-4.95));
#8381=CARTESIAN_POINT('',(6.35,3.43,-4.95));
#8382=CARTESIAN_POINT('',(-4.65,3.43,-4.95));
#8383=CARTESIAN_POINT('',(-4.65,3.13,-4.95));
#8384=CARTESIAN_POINT('',(6.35,3.43,4.95));
#8385=CARTESIAN_POINT('',(5.36,3.43,-2.35));
#8386=CARTESIAN_POINT('',(4.76,3.43,-2.35));
#8387=CARTESIAN_POINT('',(5.56,3.43,-2.35));
#8388=CARTESIAN_POINT('',(5.56,3.43,4.95));
#8389=CARTESIAN_POINT('',(5.56,3.43,4.95));
#8390=CARTESIAN_POINT('',(6.35,3.43,4.95));
#8391=CARTESIAN_POINT('',(6.35,3.43,4.95));
#8392=CARTESIAN_POINT('',(6.35,3.43,4.95));
#8393=CARTESIAN_POINT('',(6.35,3.43,-3.05));
#8394=CARTESIAN_POINT('',(6.35,3.43,-3.05));
#8395=CARTESIAN_POINT('',(5.45,3.43,-3.05));
#8396=CARTESIAN_POINT('',(5.45,3.43,-3.05));
#8397=CARTESIAN_POINT('',(4.65,3.43,-4.95));
#8398=CARTESIAN_POINT('',(4.65,3.43,-3.05));
#8399=CARTESIAN_POINT('',(4.65,3.43,-3.05));
#8400=CARTESIAN_POINT('',(1.45,3.43,-3.05));
#8401=CARTESIAN_POINT('',(1.45,3.43,-3.05));
#8402=CARTESIAN_POINT('',(1.45,3.43,3.95));
#8403=CARTESIAN_POINT('',(1.45,3.43,3.95));
#8404=CARTESIAN_POINT('',(0.449999999999999,3.43,3.95));
#8405=CARTESIAN_POINT('',(0.449999999999999,3.43,3.95));
#8406=CARTESIAN_POINT('',(0.449999999999999,3.43,-3.05));
#8407=CARTESIAN_POINT('',(4.65,3.43,-3.05));
#8408=CARTESIAN_POINT('',(-0.449999999999999,3.43,-3.05));
#8409=CARTESIAN_POINT('',(-0.449999999999999,3.43,-3.05));
#8410=CARTESIAN_POINT('',(-0.449999999999999,3.43,3.95));
#8411=CARTESIAN_POINT('',(-0.449999999999999,3.43,3.95));
#8412=CARTESIAN_POINT('',(-1.45,3.43,3.95));
#8413=CARTESIAN_POINT('',(-1.45,3.43,3.95));
#8414=CARTESIAN_POINT('',(-1.45,3.43,-3.05));
#8415=CARTESIAN_POINT('',(4.65,3.43,-3.05));
#8416=CARTESIAN_POINT('',(-4.65,3.43,-3.05));
#8417=CARTESIAN_POINT('',(-4.65,3.43,-3.05));
#8418=CARTESIAN_POINT('',(-5.45,3.43,-4.95));
#8419=CARTESIAN_POINT('',(-5.45,3.43,-3.05));
#8420=CARTESIAN_POINT('',(-5.45,3.43,-3.05));
#8421=CARTESIAN_POINT('',(-6.35,3.43,-3.05));
#8422=CARTESIAN_POINT('',(-6.35,3.43,4.95));
#8423=CARTESIAN_POINT('',(-6.35,3.43,4.95));
#8424=CARTESIAN_POINT('',(6.35,3.43,4.95));
#8425=CARTESIAN_POINT('',(-5.56,3.43,4.95));
#8426=CARTESIAN_POINT('',(-5.56,3.43,-2.15));
#8427=CARTESIAN_POINT('',(-5.56,3.43,-2.35));
#8428=CARTESIAN_POINT('',(-4.96,3.43,-2.35));
#8429=CARTESIAN_POINT('',(-4.76,3.43,-2.35));
#8430=CARTESIAN_POINT('',(-4.76,3.43,4.95));
#8431=CARTESIAN_POINT('',(-4.76,3.43,4.95));
#8432=CARTESIAN_POINT('',(6.35,3.43,4.95));
#8433=CARTESIAN_POINT('',(4.76,3.43,4.95));
#8434=CARTESIAN_POINT('',(4.76,3.43,-2.15));
#8435=CARTESIAN_POINT('',(6.35,-3.43,4.95));
#8436=CARTESIAN_POINT('',(4.3,-0.199999999999998,4.95));
#8437=CARTESIAN_POINT('',(3.6,-0.199999999999998,4.95));
#8438=CARTESIAN_POINT('',(1.7,-0.199999999999997,4.95));
#8439=CARTESIAN_POINT('',(3.6,-0.199999999999998,4.95));
#8440=CARTESIAN_POINT('',(4.3,-0.899999999999998,4.95));
#8441=CARTESIAN_POINT('',(4.3,-2.8,4.95));
#8442=CARTESIAN_POINT('',(4.3,-2.80000000000001,4.95));
#8443=CARTESIAN_POINT('',(1.69999999999999,-2.80000000000001,4.95));
#8444=CARTESIAN_POINT('',(1.7,-2.8,4.95));
#8445=CARTESIAN_POINT('',(1.7,-0.199999999999997,4.95));
#8446=CARTESIAN_POINT('',(1.3,-0.199999999999998,4.95));
#8447=CARTESIAN_POINT('',(0.600000000000004,-0.199999999999998,4.95));
#8448=CARTESIAN_POINT('',(-1.3,-0.199999999999997,4.95));
#8449=CARTESIAN_POINT('',(0.600000000000004,-0.199999999999998,4.95));
#8450=CARTESIAN_POINT('',(1.3,-0.899999999999998,4.95));
#8451=CARTESIAN_POINT('',(1.3,-2.8,4.95));
#8452=CARTESIAN_POINT('',(1.3,-2.80000000000001,4.95));
#8453=CARTESIAN_POINT('',(-1.3,-2.80000000000001,4.95));
#8454=CARTESIAN_POINT('',(-1.3,-2.8,4.95));
#8455=CARTESIAN_POINT('',(-1.3,-0.199999999999997,4.95));
#8456=CARTESIAN_POINT('',(1.7,2.8,4.95));
#8457=CARTESIAN_POINT('',(1.7,2.80000000000001,4.95));
#8458=CARTESIAN_POINT('',(1.7,0.199999999999997,4.95));
#8459=CARTESIAN_POINT('',(4.3,2.80000000000001,4.95));
#8460=CARTESIAN_POINT('',(3.6,2.80000000000001,4.95));
#8461=CARTESIAN_POINT('',(3.6,2.80000000000001,4.95));
#8462=CARTESIAN_POINT('',(4.30000000000001,2.10000000000001,4.95));
#8463=CARTESIAN_POINT('',(4.30000000000001,0.199999999999998,4.95));
#8464=CARTESIAN_POINT('',(4.30000000000001,0.199999999999998,4.95));
#8465=CARTESIAN_POINT('',(1.7,0.199999999999997,4.95));
#8466=CARTESIAN_POINT('',(-1.3,2.8,4.95));
#8467=CARTESIAN_POINT('',(-1.3,2.80000000000001,4.95));
#8468=CARTESIAN_POINT('',(-1.3,0.199999999999997,4.95));
#8469=CARTESIAN_POINT('',(1.3,2.80000000000001,4.95));
#8470=CARTESIAN_POINT('',(0.600000000000005,2.80000000000001,4.95));
#8471=CARTESIAN_POINT('',(0.600000000000005,2.80000000000001,4.95));
#8472=CARTESIAN_POINT('',(1.30000000000001,2.10000000000001,4.95));
#8473=CARTESIAN_POINT('',(1.30000000000001,0.199999999999998,4.95));
#8474=CARTESIAN_POINT('',(1.30000000000001,0.199999999999998,4.95));
#8475=CARTESIAN_POINT('',(-1.3,0.199999999999997,4.95));
#8476=CARTESIAN_POINT('',(-1.69999999999999,-0.199999999999998,4.95));
#8477=CARTESIAN_POINT('',(-1.69999999999999,-0.199999999999998,4.95));
#8478=CARTESIAN_POINT('',(-3.6,-0.199999999999997,4.95));
#8479=CARTESIAN_POINT('',(-1.69999999999999,-2.8,4.95));
#8480=CARTESIAN_POINT('',(-1.69999999999999,-2.80000000000001,4.95));
#8481=CARTESIAN_POINT('',(-4.3,-2.80000000000001,4.95));
#8482=CARTESIAN_POINT('',(-4.3,-2.8,4.95));
#8483=CARTESIAN_POINT('',(-4.3,-0.199999999999997,4.95));
#8484=CARTESIAN_POINT('',(-4.3,-0.899999999999997,4.95));
#8485=CARTESIAN_POINT('',(-4.3,-0.899999999999997,4.95));
#8486=CARTESIAN_POINT('',(-4.3,2.8,4.95));
#8487=CARTESIAN_POINT('',(-4.3,2.80000000000001,4.95));
#8488=CARTESIAN_POINT('',(-4.3,0.199999999999997,4.95));
#8489=CARTESIAN_POINT('',(-1.7,2.80000000000001,4.95));
#8490=CARTESIAN_POINT('',(-2.4,2.80000000000001,4.95));
#8491=CARTESIAN_POINT('',(-2.4,2.80000000000001,4.95));
#8492=CARTESIAN_POINT('',(-1.69999999999999,2.10000000000001,4.95));
#8493=CARTESIAN_POINT('',(-1.69999999999999,0.199999999999998,4.95));
#8494=CARTESIAN_POINT('',(-1.69999999999999,0.199999999999998,4.95));
#8495=CARTESIAN_POINT('',(-4.3,0.199999999999997,4.95));
#8496=CARTESIAN_POINT('',(-4.96,-2.63,4.95));
#8497=CARTESIAN_POINT('',(-4.96,-0.880000000000001,4.95));
#8498=CARTESIAN_POINT('',(2.525,0.394999999999992,4.95));
#8499=CARTESIAN_POINT('',(4.96,1.02,4.95));
#8500=CARTESIAN_POINT('',(8.985,-0.795000000000007,4.95));
#8501=CARTESIAN_POINT('',(-2.63500000000001,5.55499999999999,4.95));
#8502=CARTESIAN_POINT('',(-4.96,1.02,4.95));
#8503=CARTESIAN_POINT('',(3.82500000000003,-5.95499999999998,4.95));
#8504=CARTESIAN_POINT('',(-6.35,-3.43,4.95));
#8505=CARTESIAN_POINT('',(6.35,-3.43,4.95));
#8506=CARTESIAN_POINT('',(4.96,-0.880000000000001,4.95));
#8507=CARTESIAN_POINT('',(4.96,-2.63,4.95));
#8508=CARTESIAN_POINT('',(6.35,0.,0.));
#8509=CARTESIAN_POINT('',(6.35,-1.73,-4.25));
#8510=CARTESIAN_POINT('',(6.35,3.93,-4.95));
#8511=CARTESIAN_POINT('',(6.35,3.93,-3.05));
#8512=CARTESIAN_POINT('',(6.35,3.93,-3.05));
#8513=CARTESIAN_POINT('',(-6.35,0.,0.));
#8514=CARTESIAN_POINT('',(-6.35,2.73,-3.95));
#8515=CARTESIAN_POINT('',(-6.35,2.73,-4.25));
#8516=CARTESIAN_POINT('',(-6.35,2.73,-4.25));
#8517=CARTESIAN_POINT('',(-6.35,3.93,-3.05));
#8518=CARTESIAN_POINT('',(-6.35,3.93,-3.05));
#8519=CARTESIAN_POINT('',(-6.35,3.93,-3.05));
#8520=CARTESIAN_POINT('',(1.45,3.93,-3.05));
#8521=CARTESIAN_POINT('',(1.45,3.93,-3.05));
#8522=CARTESIAN_POINT('',(1.45,3.93,-3.05));
#8523=CARTESIAN_POINT('',(1.45,3.93,-3.05));
#8524=CARTESIAN_POINT('',(1.45,3.93,3.95));
#8525=CARTESIAN_POINT('',(1.45,3.93,3.95));
#8526=CARTESIAN_POINT('',(0.449999999999999,3.93,3.95));
#8527=CARTESIAN_POINT('',(0.449999999999999,3.93,3.95));
#8528=CARTESIAN_POINT('',(0.449999999999999,7.13,-0.570000000000002));
#8529=CARTESIAN_POINT('',(0.449999999999999,7.13,0.103049516849969));
#8530=CARTESIAN_POINT('',(0.449999999999999,7.13,0.596950483150027));
#8531=CARTESIAN_POINT('',(0.449999999999999,6.85,0.103049516849969));
#8532=CARTESIAN_POINT('',(0.449999999999999,6.97521980673999,-0.147390096630008));
#8533=CARTESIAN_POINT('',(0.449999999999999,6.178,-0.546000000000002));
#8534=CARTESIAN_POINT('',(0.449999999999999,6.13,-0.570000000000002));
#8535=CARTESIAN_POINT('',(0.449999999999999,5.73,-0.570000000000002));
#8536=CARTESIAN_POINT('',(0.449999999999999,3.93,-0.570000000000002));
#8537=CARTESIAN_POINT('',(0.449999999999999,3.93,3.95));
#8538=CARTESIAN_POINT('',(0.449999999999999,3.93,-3.05));
#8539=CARTESIAN_POINT('',(0.449999999999999,3.93,-3.05));
#8540=CARTESIAN_POINT('',(0.449999999999999,5.73,1.27));
#8541=CARTESIAN_POINT('',(0.449999999999999,6.13,1.27));
#8542=CARTESIAN_POINT('',(0.449999999999999,3.298,2.686));
#8543=CARTESIAN_POINT('',(0.449999999999999,6.97521980673999,0.847390096630003));
#8544=CARTESIAN_POINT('',(0.449999999999999,6.85,0.596950483150027));
#8545=CARTESIAN_POINT('',(0.449999999999999,3.93,-3.05));
#8546=CARTESIAN_POINT('',(4.65,3.13,-3.05));
#8547=CARTESIAN_POINT('',(4.65,3.13,-3.05));
#8548=CARTESIAN_POINT('',(4.65,3.13,-3.05));
#8549=CARTESIAN_POINT('',(-4.65,3.13,-3.05));
#8550=CARTESIAN_POINT('',(-4.65,3.13,-3.05));
#8551=CARTESIAN_POINT('',(-1.45,3.93,-3.05));
#8552=CARTESIAN_POINT('',(-1.45,3.93,-3.05));
#8553=CARTESIAN_POINT('',(-1.45,3.93,-3.05));
#8554=CARTESIAN_POINT('',(-0.449999999999999,3.93,-3.05));
#8555=CARTESIAN_POINT('',(-0.449999999999999,3.93,-3.05));
#8556=CARTESIAN_POINT('',(0.449999999999999,3.93,-3.05));
#8557=CARTESIAN_POINT('',(0.,3.93,0.));
#8558=CARTESIAN_POINT('',(0.449999999999999,3.93,-0.570000000000002));
#8559=CARTESIAN_POINT('',(0.76422618401604,3.93,-0.570000000000002));
#8560=CARTESIAN_POINT('',(0.49,3.93,0.349999999999998));
#8561=CARTESIAN_POINT('',(6.35,3.93,-3.05));
#8562=CARTESIAN_POINT('',(6.35,3.93,-3.05));
#8563=CARTESIAN_POINT('',(5.45,3.93,-3.05));
#8564=CARTESIAN_POINT('',(5.45,3.93,-3.05));
#8565=CARTESIAN_POINT('',(5.45,3.93,-3.05));
#8566=CARTESIAN_POINT('',(5.45,3.93,-3.05));
#8567=CARTESIAN_POINT('',(0.,3.93,0.));
#8568=CARTESIAN_POINT('',(4.96,1.57,-1.15));
#8569=CARTESIAN_POINT('',(4.96,1.57,-3.65));
#8570=CARTESIAN_POINT('',(4.96,1.57,-3.65));
#8571=CARTESIAN_POINT('',(4.96,2.87,-3.65));
#8572=CARTESIAN_POINT('',(4.96,2.87,-3.65));
#8573=CARTESIAN_POINT('',(4.96,2.87,-3.95));
#8574=CARTESIAN_POINT('',(4.96,2.87,-3.95));
#8575=CARTESIAN_POINT('',(4.96,-2.73,-3.95));
#8576=CARTESIAN_POINT('',(-3.62,-2.73,-4.65));
#8577=CARTESIAN_POINT('',(-4.96,-2.73,-3.65));
#8578=CARTESIAN_POINT('',(-4.76,-2.73,-3.95));
#8579=CARTESIAN_POINT('',(4.96,-2.73,-3.65));
#8580=CARTESIAN_POINT('',(4.96,-1.43,-3.65));
#8581=CARTESIAN_POINT('',(4.96,-1.43,-3.65));
#8582=CARTESIAN_POINT('',(4.96,-1.43,-1.15));
#8583=CARTESIAN_POINT('',(4.96,-1.43,-1.15));
#8584=CARTESIAN_POINT('',(4.96,-2.63,-1.15));
#8585=CARTESIAN_POINT('',(4.96,-2.63,-1.15));
#8586=CARTESIAN_POINT('',(4.96,-0.880000000000001,4.95));
#8587=CARTESIAN_POINT('',(4.96,-0.880000000000001,1.95));
#8588=CARTESIAN_POINT('',(4.96,-0.880000000000001,1.95));
#8589=CARTESIAN_POINT('',(4.96,1.02,1.95));
#8590=CARTESIAN_POINT('',(4.96,1.02,1.95));
#8591=CARTESIAN_POINT('',(-6.35,2.73,-3.95));
#8592=CARTESIAN_POINT('',(-3.62,2.73,-4.65));
#8593=CARTESIAN_POINT('',(-3.32,2.73,-4.65));
#8594=CARTESIAN_POINT('',(-3.32,2.73,-3.95));
#8595=CARTESIAN_POINT('',(-5.555,2.73,-3.155));
#8596=CARTESIAN_POINT('',(-6.35,2.73,-3.95));
#8597=CARTESIAN_POINT('',(-5.805,2.73,-4.495));
#8598=CARTESIAN_POINT('',(-5.56,2.73,-4.25));
#8599=CARTESIAN_POINT('',(-5.36,2.73,-4.25));
#8600=CARTESIAN_POINT('',(4.65,3.13,-4.95));
#8601=CARTESIAN_POINT('',(4.65,3.13,-4.95));
#8602=CARTESIAN_POINT('',(-4.65,3.13,-3.05));
#8603=CARTESIAN_POINT('',(-4.65,3.13,-3.05));
#8604=CARTESIAN_POINT('',(0.,3.13,0.));
#8605=CARTESIAN_POINT('',(2.68,3.13,-3.63));
#8606=CARTESIAN_POINT('',(2.68,3.13,-3.63));
#8607=CARTESIAN_POINT('',(2.68,3.13,-4.65));
#8608=CARTESIAN_POINT('',(2.38,3.13,-4.65));
#8609=CARTESIAN_POINT('',(0.62,3.13,-4.65));
#8610=CARTESIAN_POINT('',(0.32,3.13,-4.65));
#8611=CARTESIAN_POINT('',(0.32,3.13,-3.63));
#8612=CARTESIAN_POINT('',(0.32,3.13,-3.63));
#8613=CARTESIAN_POINT('',(-0.319999999999998,3.13,-3.63));
#8614=CARTESIAN_POINT('',(-0.319999999999998,3.13,-3.63));
#8615=CARTESIAN_POINT('',(-0.319999999999998,3.13,-3.63));
#8616=CARTESIAN_POINT('',(-0.319999999999998,3.13,-4.65));
#8617=CARTESIAN_POINT('',(-0.619999999999998,3.13,-4.65));
#8618=CARTESIAN_POINT('',(-2.38,3.13,-4.65));
#8619=CARTESIAN_POINT('',(-2.68,3.13,-4.65));
#8620=CARTESIAN_POINT('',(-2.68,3.13,-3.63));
#8621=CARTESIAN_POINT('',(-2.68,3.13,-3.63));
#8622=CARTESIAN_POINT('',(-3.32,3.13,-3.63));
#8623=CARTESIAN_POINT('',(-3.32,3.13,-3.63));
#8624=CARTESIAN_POINT('',(-3.32,3.13,-3.63));
#8625=CARTESIAN_POINT('',(-3.32,3.13,-4.65));
#8626=CARTESIAN_POINT('',(-3.62,3.13,-4.65));
#8627=CARTESIAN_POINT('',(3.62,3.13,-4.65));
#8628=CARTESIAN_POINT('',(3.32,3.13,-4.65));
#8629=CARTESIAN_POINT('',(3.32,3.13,-3.63));
#8630=CARTESIAN_POINT('',(3.32,3.13,-3.63));
#8631=CARTESIAN_POINT('',(2.68,3.13,-3.63));
#8632=CARTESIAN_POINT('',(0.,0.,-4.25));
#8633=CARTESIAN_POINT('',(5.56,-0.529999999999999,-4.25));
#8634=CARTESIAN_POINT('',(5.56,-0.53,-4.25));
#8635=CARTESIAN_POINT('',(5.36,-0.53,-4.25));
#8636=CARTESIAN_POINT('',(5.65,-0.53,-4.25));
#8637=CARTESIAN_POINT('',(5.65,-0.53,-4.25));
#8638=CARTESIAN_POINT('',(5.65,1.47,-4.25));
#8639=CARTESIAN_POINT('',(5.65,1.47,-4.25));
#8640=CARTESIAN_POINT('',(5.56,1.47,-4.25));
#8641=CARTESIAN_POINT('',(5.56,2.73,-4.25));
#8642=CARTESIAN_POINT('',(4.96,0.969999999999999,-2.95));
#8643=CARTESIAN_POINT('',(5.36,0.969999999999999,-3.34999999999999));
#8644=CARTESIAN_POINT('',(4.96,0.969999999999999,-2.95));
#8645=CARTESIAN_POINT('',(3.95,0.969999999999999,-2.95));
#8646=CARTESIAN_POINT('',(3.95,0.969999999999999,-2.95));
#8647=CARTESIAN_POINT('',(3.95,0.969999999999999,-2.95));
#8648=CARTESIAN_POINT('',(3.95,-0.305000000000003,-4.75));
#8649=CARTESIAN_POINT('',(3.95,-0.305000000000003,-4.75));
#8650=CARTESIAN_POINT('',(3.95,-0.305000000000003,-4.75));
#8651=CARTESIAN_POINT('',(3.95,0.305000000000003,-4.75));
#8652=CARTESIAN_POINT('',(3.95,0.305000000000003,-4.75));
#8653=CARTESIAN_POINT('',(3.95,0.969999999999999,-2.95));
#8654=CARTESIAN_POINT('',(3.95,-0.58,-2.95));
#8655=CARTESIAN_POINT('',(3.95,-0.58,-2.95));
#8656=CARTESIAN_POINT('',(3.95,-0.58,-2.95));
#8657=CARTESIAN_POINT('',(4.855,-0.58,-3.85499999999999));
#8658=CARTESIAN_POINT('',(3.95,-0.58,-2.95));
#8659=CARTESIAN_POINT('',(0.,0.,-2.95));
#8660=CARTESIAN_POINT('',(5.36,-0.53,-4.25));
#8661=CARTESIAN_POINT('',(5.36,-0.53,-4.05));
#8662=CARTESIAN_POINT('',(5.36,-0.53,-2.95));
#8663=CARTESIAN_POINT('',(5.65,-0.53,-2.95));
#8664=CARTESIAN_POINT('',(5.65,-0.53,-4.25));
#8665=CARTESIAN_POINT('',(5.65,-0.53,-4.25));
#8666=CARTESIAN_POINT('',(5.65,-0.53,-2.95));
#8667=CARTESIAN_POINT('',(5.65,1.47,-2.95));
#8668=CARTESIAN_POINT('',(5.65,1.47,-4.25));
#8669=CARTESIAN_POINT('',(5.65,1.47,-4.25));
#8670=CARTESIAN_POINT('',(5.36,1.47,-4.05));
#8671=CARTESIAN_POINT('',(5.65,1.47,-2.95));
#8672=CARTESIAN_POINT('',(0.,0.,-2.95));
#8673=CARTESIAN_POINT('',(4.76,0.,-3.95));
#8674=CARTESIAN_POINT('',(4.76,0.,-3.95));
#8675=CARTESIAN_POINT('',(5.36,0.,-4.05));
#8676=CARTESIAN_POINT('',(5.36,0.,-4.05));
#8677=CARTESIAN_POINT('',(5.36,2.93,-2.15));
#8678=CARTESIAN_POINT('',(4.96,3.23,-2.15));
#8679=CARTESIAN_POINT('',(5.36,2.93,-2.15));
#8680=CARTESIAN_POINT('',(0.,2.93,0.));
#8681=CARTESIAN_POINT('',(0.449999999999999,5.73,1.27));
#8682=CARTESIAN_POINT('',(1.21,7.13,1.27));
#8683=CARTESIAN_POINT('',(1.21,6.13,1.27));
#8684=CARTESIAN_POINT('',(1.21,5.73,1.27));
#8685=CARTESIAN_POINT('',(0.449999999999999,6.13,1.27));
#8686=CARTESIAN_POINT('',(0.76422618401604,5.73,1.27));
#8687=CARTESIAN_POINT('',(0.76422618401604,5.73,1.27));
#8688=CARTESIAN_POINT('',(0.449999999999999,5.73,1.27));
#8689=CARTESIAN_POINT('',(0.449999999999999,5.73,-0.570000000000002));
#8690=CARTESIAN_POINT('',(0.449999999999999,6.13,-0.570000000000002));
#8691=CARTESIAN_POINT('',(1.21,6.13,-0.57));
#8692=CARTESIAN_POINT('',(1.21,7.13,-0.57));
#8693=CARTESIAN_POINT('',(1.21,5.73,-0.57));
#8694=CARTESIAN_POINT('',(1.21,5.73,-0.57));
#8695=CARTESIAN_POINT('',(0.764226184016044,5.73,-0.570000000000001));
#8696=CARTESIAN_POINT('',(0.76422618401604,5.73,-0.570000000000002));
#8697=CARTESIAN_POINT('',(0.49,5.73,0.349999999999998));
#8698=CARTESIAN_POINT('',(0.49,5.73,0.349999999999998));
#8699=CARTESIAN_POINT('',(0.352000000000002,7.13,0.349999999999998));
#8700=CARTESIAN_POINT('',(0.352000000000002,6.13,0.349999999999998));
#8701=CARTESIAN_POINT('',(0.352000000000002,5.73,0.349999999999998));
#8702=CARTESIAN_POINT('',(0.352000000000002,7.13,0.349999999999998));
#8703=CARTESIAN_POINT('',(0.352000000000002,7.13,0.596950483150027));
#8704=CARTESIAN_POINT('',(0.835457990477881,7.13,0.596950483150027));
#8705=CARTESIAN_POINT('',(0.352000000000002,7.13,0.349999999999998));
#8706=CARTESIAN_POINT('',(0.835457990477881,7.13,0.103049516849969));
#8707=CARTESIAN_POINT('',(0.352000000000002,7.13,0.103049516849969));
#8708=CARTESIAN_POINT('',(0.352000000000002,5.73,0.349999999999998));
#8709=CARTESIAN_POINT('',(0.352000000000002,7.13,-0.0700000000000021));
#8710=CARTESIAN_POINT('',(0.352000000000002,6.97521980673999,-0.147390096630008));
#8711=CARTESIAN_POINT('',(0.856705013104114,6.97521980673999,-0.147390096630008));
#8712=CARTESIAN_POINT('',(0.856705013104114,6.97521980673999,-0.147390096630008));
#8713=CARTESIAN_POINT('',(0.974928675056535,6.69363324618541,-0.288183376907298));
#8714=CARTESIAN_POINT('',(1.0925050410982,6.41183023410096,-0.429084882949524));
#8715=CARTESIAN_POINT('',(1.21000000000017,6.13000000000006,-0.569999999999973));
#8716=CARTESIAN_POINT('',(0.352000000000002,7.13,0.769999999999998));
#8717=CARTESIAN_POINT('',(1.21,6.13,1.27));
#8718=CARTESIAN_POINT('',(1.09250504109803,6.4118302341009,1.12908488294955));
#8719=CARTESIAN_POINT('',(0.974928675056623,6.69363324618544,0.988183376907279));
#8720=CARTESIAN_POINT('',(0.8567050131042,6.97521980674002,0.847390096629989));
#8721=CARTESIAN_POINT('',(0.856705013104114,6.97521980673999,0.847390096630004));
#8722=CARTESIAN_POINT('',(0.352000000000002,6.97521980673999,0.847390096630004));
#8723=CARTESIAN_POINT('',(0.352000000000002,6.85,0.596950483150027));
#8724=CARTESIAN_POINT('',(0.856705013104114,6.97521980673999,0.847390096630004));
#8725=CARTESIAN_POINT('',(0.840820431677154,7.01305389659983,0.828473051700086));
#8726=CARTESIAN_POINT('',(0.837816643110633,7.04904875137961,0.798822161143946));
#8727=CARTESIAN_POINT('',(0.845410864143435,7.07539860207145,0.763069326705587));
#8728=CARTESIAN_POINT('',(0.845410864143435,7.07539860207145,0.763069326705587));
#8729=CARTESIAN_POINT('',(0.845410864143435,7.07539860207145,0.763069326705587));
#8730=CARTESIAN_POINT('',(0.855550879579117,7.11058165660583,0.715331146382892));
#8731=CARTESIAN_POINT('',(0.84837030504044,7.13,0.655109615419801));
#8732=CARTESIAN_POINT('',(0.835457990477881,7.13,0.596950483150027));
#8733=CARTESIAN_POINT('',(0.352000000000002,6.85,0.103049516849969));
#8734=CARTESIAN_POINT('',(0.845410864143438,7.07539860207145,-0.0630693267055882));
#8735=CARTESIAN_POINT('',(0.855550879579119,7.11058165660583,-0.015331146382894));
#8736=CARTESIAN_POINT('',(0.848370305040435,7.13,0.0448903845801949));
#8737=CARTESIAN_POINT('',(0.835457990477881,7.13,0.103049516849969));
#8738=CARTESIAN_POINT('',(0.845410864143439,7.07539860207145,-0.0630693267055894));
#8739=CARTESIAN_POINT('',(0.845410864143439,7.07539860207145,-0.0630693267055893));
#8740=CARTESIAN_POINT('',(0.837803403765169,7.0490028145054,-0.0988844906606309));
#8741=CARTESIAN_POINT('',(0.840802748948721,7.01309601353817,-0.12845199323092));
#8742=CARTESIAN_POINT('',(0.856705013104114,6.97521980673999,-0.147390096630008));
#8743=CARTESIAN_POINT('',(0.352000000000002,7.13,0.349999999999998));
#8744=CARTESIAN_POINT('',(0.352000000000002,7.07539860207145,0.349999999999998));
#8745=CARTESIAN_POINT('',(0.352000000000002,7.01,0.349999999999998));
#8746=CARTESIAN_POINT('',(-0.449999999999999,3.93,3.95));
#8747=CARTESIAN_POINT('',(-0.449999999999999,3.93,3.95));
#8748=CARTESIAN_POINT('',(-1.45,3.93,3.95));
#8749=CARTESIAN_POINT('',(-1.45,3.93,3.95));
#8750=CARTESIAN_POINT('',(-1.45,3.93,3.95));
#8751=CARTESIAN_POINT('',(-0.449999999999999,3.93,-3.05));
#8752=CARTESIAN_POINT('',(-0.449999999999999,3.378,-1.946));
#8753=CARTESIAN_POINT('',(-0.449999999999999,6.13,-0.570000000000002));
#8754=CARTESIAN_POINT('',(-0.449999999999999,6.97521980673999,-0.147390096630008));
#8755=CARTESIAN_POINT('',(-0.449999999999999,6.85,0.103049516849969));
#8756=CARTESIAN_POINT('',(-0.449999999999999,7.13,0.103049516849968));
#8757=CARTESIAN_POINT('',(-0.449999999999999,7.13,1.27));
#8758=CARTESIAN_POINT('',(-0.449999999999999,7.13,0.596950483150027));
#8759=CARTESIAN_POINT('',(-0.449999999999999,6.85,0.596950483150027));
#8760=CARTESIAN_POINT('',(-0.449999999999999,6.97521980673999,0.847390096630004));
#8761=CARTESIAN_POINT('',(-0.449999999999999,6.098,1.286));
#8762=CARTESIAN_POINT('',(-0.449999999999999,6.13,1.27));
#8763=CARTESIAN_POINT('',(-0.449999999999999,5.73,1.27));
#8764=CARTESIAN_POINT('',(-0.449999999999999,3.93,-3.05));
#8765=CARTESIAN_POINT('',(-0.449999999999999,3.93,-0.570000000000002));
#8766=CARTESIAN_POINT('',(-0.449999999999999,5.73,-0.570000000000002));
#8767=CARTESIAN_POINT('',(0.,3.93,0.));
#8768=CARTESIAN_POINT('',(-0.49,3.93,0.349999999999998));
#8769=CARTESIAN_POINT('',(-0.764226184016041,3.93,-0.570000000000002));
#8770=CARTESIAN_POINT('',(-0.76422618401604,3.93,-0.570000000000002));
#8771=CARTESIAN_POINT('',(-5.45,3.93,-3.05));
#8772=CARTESIAN_POINT('',(-5.45,3.93,-3.05));
#8773=CARTESIAN_POINT('',(-5.45,3.93,-3.05));
#8774=CARTESIAN_POINT('',(-5.45,3.93,-3.05));
#8775=CARTESIAN_POINT('',(-5.45,3.93,-4.95));
#8776=CARTESIAN_POINT('',(-5.45,3.93,-4.95));
#8777=CARTESIAN_POINT('',(0.,3.93,0.));
#8778=CARTESIAN_POINT('',(-4.96,-2.73,-3.95));
#8779=CARTESIAN_POINT('',(-4.96,2.87,-3.95));
#8780=CARTESIAN_POINT('',(-4.96,1.02,4.95));
#8781=CARTESIAN_POINT('',(-4.96,1.02,1.95));
#8782=CARTESIAN_POINT('',(-4.96,1.02,1.95));
#8783=CARTESIAN_POINT('',(-4.96,-0.880000000000001,1.95));
#8784=CARTESIAN_POINT('',(-4.96,-0.880000000000001,1.95));
#8785=CARTESIAN_POINT('',(-4.96,-2.63,4.95));
#8786=CARTESIAN_POINT('',(-4.96,-2.63,-1.15));
#8787=CARTESIAN_POINT('',(-4.96,-2.63,-1.15));
#8788=CARTESIAN_POINT('',(-4.96,-1.43,-1.15));
#8789=CARTESIAN_POINT('',(-4.96,-1.43,-1.15));
#8790=CARTESIAN_POINT('',(-4.96,-1.43,-3.65));
#8791=CARTESIAN_POINT('',(-4.96,-1.43,-3.65));
#8792=CARTESIAN_POINT('',(-4.96,2.87,-3.95));
#8793=CARTESIAN_POINT('',(-4.96,2.87,-3.65));
#8794=CARTESIAN_POINT('',(-4.96,2.87,-3.65));
#8795=CARTESIAN_POINT('',(-4.96,1.57,-3.65));
#8796=CARTESIAN_POINT('',(-4.96,1.57,-3.65));
#8797=CARTESIAN_POINT('',(0.,0.,-4.25));
#8798=CARTESIAN_POINT('',(-5.65,-0.53,-4.25));
#8799=CARTESIAN_POINT('',(-5.65,-0.53,-4.25));
#8800=CARTESIAN_POINT('',(-5.56,-0.53,-4.25));
#8801=CARTESIAN_POINT('',(-5.56,0.,-4.25));
#8802=CARTESIAN_POINT('',(-5.56,0.,-4.25));
#8803=CARTESIAN_POINT('',(-5.56,1.47,-4.25));
#8804=CARTESIAN_POINT('',(-5.36,1.47,-4.25));
#8805=CARTESIAN_POINT('',(-5.65,1.47,-4.25));
#8806=CARTESIAN_POINT('',(-5.65,1.47,-4.25));
#8807=CARTESIAN_POINT('',(-3.95,0.969999999999999,-2.95));
#8808=CARTESIAN_POINT('',(-4.855,0.969999999999999,-3.85499999999999));
#8809=CARTESIAN_POINT('',(-3.95,0.969999999999999,-2.95));
#8810=CARTESIAN_POINT('',(-3.95,0.969999999999999,-2.95));
#8811=CARTESIAN_POINT('',(-3.95,0.969999999999999,-2.95));
#8812=CARTESIAN_POINT('',(-4.96,-0.58,-2.95));
#8813=CARTESIAN_POINT('',(-5.36,-0.58,-3.34999999999999));
#8814=CARTESIAN_POINT('',(-4.96,-0.58,-2.95));
#8815=CARTESIAN_POINT('',(-3.95,-0.58,-2.95));
#8816=CARTESIAN_POINT('',(-3.95,-0.58,-2.95));
#8817=CARTESIAN_POINT('',(-3.95,-0.58,-2.95));
#8818=CARTESIAN_POINT('',(-3.95,0.305000000000003,-4.75));
#8819=CARTESIAN_POINT('',(-3.95,0.305000000000003,-4.75));
#8820=CARTESIAN_POINT('',(-3.95,0.305000000000003,-4.75));
#8821=CARTESIAN_POINT('',(-3.95,-0.305000000000003,-4.75));
#8822=CARTESIAN_POINT('',(-3.95,-0.305000000000003,-4.75));
#8823=CARTESIAN_POINT('',(-3.95,-0.58,-2.95));
#8824=CARTESIAN_POINT('',(0.,0.,-2.95));
#8825=CARTESIAN_POINT('',(-5.65,1.47,-4.25));
#8826=CARTESIAN_POINT('',(-5.65,1.47,-4.25));
#8827=CARTESIAN_POINT('',(-5.65,1.47,-2.95));
#8828=CARTESIAN_POINT('',(-5.65,1.47,-2.95));
#8829=CARTESIAN_POINT('',(-5.65,-0.53,-2.95));
#8830=CARTESIAN_POINT('',(-5.65,-0.53,-4.25));
#8831=CARTESIAN_POINT('',(-5.65,-0.53,-4.25));
#8832=CARTESIAN_POINT('',(-5.36,-0.53,-4.05));
#8833=CARTESIAN_POINT('',(-5.65,-0.53,-2.95));
#8834=CARTESIAN_POINT('',(-5.36,1.47,-4.25));
#8835=CARTESIAN_POINT('',(-5.36,1.47,-4.05));
#8836=CARTESIAN_POINT('',(-5.36,1.47,-2.95));
#8837=CARTESIAN_POINT('',(0.,0.,-2.95));
#8838=CARTESIAN_POINT('',(-4.76,0.,-3.95));
#8839=CARTESIAN_POINT('',(-4.76,0.,-3.95));
#8840=CARTESIAN_POINT('',(-5.36,-2.73000000000001,-4.05));
#8841=CARTESIAN_POINT('',(-5.36,-2.73000000000001,-4.05));
#8842=CARTESIAN_POINT('',(-4.96,2.93,-2.15));
#8843=CARTESIAN_POINT('',(-5.36,3.23,-2.15));
#8844=CARTESIAN_POINT('',(-4.96,2.93,-2.15));
#8845=CARTESIAN_POINT('',(0.,2.93,0.));
#8846=CARTESIAN_POINT('',(-0.449999999999999,5.73,1.27));
#8847=CARTESIAN_POINT('',(-0.449999999999999,6.13,1.27));
#8848=CARTESIAN_POINT('',(-1.21,6.13,1.27));
#8849=CARTESIAN_POINT('',(-1.21,7.13,1.27));
#8850=CARTESIAN_POINT('',(-1.21,5.73,1.27));
#8851=CARTESIAN_POINT('',(-1.21,5.73,1.27));
#8852=CARTESIAN_POINT('',(-0.764226184016044,5.73,1.27));
#8853=CARTESIAN_POINT('',(-0.76422618401604,5.73,1.27));
#8854=CARTESIAN_POINT('',(-0.49,5.73,0.349999999999998));
#8855=CARTESIAN_POINT('',(-0.49,5.73,0.349999999999998));
#8856=CARTESIAN_POINT('',(-0.764226184016041,5.73,-0.570000000000002));
#8857=CARTESIAN_POINT('',(-0.764226184016041,5.73,-0.570000000000002));
#8858=CARTESIAN_POINT('',(-0.76422618401604,5.73,-0.570000000000002));
#8859=CARTESIAN_POINT('',(-1.21,7.13,-0.57));
#8860=CARTESIAN_POINT('',(-1.21,6.13,-0.57));
#8861=CARTESIAN_POINT('',(-1.21,5.73,-0.57));
#8862=CARTESIAN_POINT('',(-0.76422618401604,6.13,-0.570000000000002));
#8863=CARTESIAN_POINT('',(-0.449999999999999,5.73,-0.570000000000002));
#8864=CARTESIAN_POINT('',(-0.352000000000002,7.13,0.349999999999998));
#8865=CARTESIAN_POINT('',(-0.352000000000002,6.13,0.349999999999998));
#8866=CARTESIAN_POINT('',(-0.352000000000002,5.73,0.349999999999998));
#8867=CARTESIAN_POINT('',(-0.352000000000002,7.13,0.349999999999998));
#8868=CARTESIAN_POINT('',(-0.352000000000002,7.13,0.103049516849969));
#8869=CARTESIAN_POINT('',(-0.835457990477881,7.13,0.103049516849969));
#8870=CARTESIAN_POINT('',(-0.352000000000002,7.13,0.349999999999998));
#8871=CARTESIAN_POINT('',(-0.835457990477881,7.13,0.596950483150027));
#8872=CARTESIAN_POINT('',(-0.352000000000002,7.13,0.596950483150027));
#8873=CARTESIAN_POINT('',(-0.352000000000002,5.73,0.349999999999998));
#8874=CARTESIAN_POINT('',(-0.352000000000002,7.13,-0.0700000000000021));
#8875=CARTESIAN_POINT('',(-1.21,6.13,-0.570000000000003));
#8876=CARTESIAN_POINT('',(-1.09250504109803,6.4118302341009,-0.429084882949553));
#8877=CARTESIAN_POINT('',(-0.974928675056623,6.69363324618544,-0.288183376907283));
#8878=CARTESIAN_POINT('',(-0.8567050131042,6.97521980674002,-0.147390096629994));
#8879=CARTESIAN_POINT('',(-0.856705013104114,6.97521980673999,-0.147390096630008));
#8880=CARTESIAN_POINT('',(-0.352000000000002,6.97521980673999,-0.147390096630008));
#8881=CARTESIAN_POINT('',(-0.352000000000002,7.13,0.769999999999998));
#8882=CARTESIAN_POINT('',(-0.352000000000002,6.97521980673999,0.847390096630004));
#8883=CARTESIAN_POINT('',(-0.856705013104114,6.97521980673999,0.847390096630004));
#8884=CARTESIAN_POINT('',(-0.856705013104114,6.97521980673999,0.847390096630004));
#8885=CARTESIAN_POINT('',(-0.974928675056535,6.69363324618541,0.988183376907294));
#8886=CARTESIAN_POINT('',(-1.0925050410982,6.41183023410096,1.12908488294952));
#8887=CARTESIAN_POINT('',(-1.21000000000017,6.13000000000006,1.26999999999997));
#8888=CARTESIAN_POINT('',(-0.352000000000002,6.85,0.596950483150027));
#8889=CARTESIAN_POINT('',(-0.845410864143438,7.07539860207145,0.763069326705584));
#8890=CARTESIAN_POINT('',(-0.855550879579119,7.11058165660583,0.71533114638289));
#8891=CARTESIAN_POINT('',(-0.84837030504044,7.13,0.6551096154198));
#8892=CARTESIAN_POINT('',(-0.835457990477881,7.13,0.596950483150027));
#8893=CARTESIAN_POINT('',(-0.845410864143439,7.07539860207145,0.763069326705585));
#8894=CARTESIAN_POINT('',(-0.845410864143439,7.07539860207145,0.763069326705585));
#8895=CARTESIAN_POINT('',(-0.837803403765169,7.0490028145054,0.798884490660627));
#8896=CARTESIAN_POINT('',(-0.840802748948721,7.01309601353817,0.828451993230916));
#8897=CARTESIAN_POINT('',(-0.856705013104114,6.97521980673999,0.847390096630004));
#8898=CARTESIAN_POINT('',(-0.352000000000002,6.85,0.103049516849969));
#8899=CARTESIAN_POINT('',(-0.856705013104114,6.97521980673999,-0.147390096630008));
#8900=CARTESIAN_POINT('',(-0.840820431677154,7.01305389659983,-0.12847305170009));
#8901=CARTESIAN_POINT('',(-0.837816643110633,7.04904875137961,-0.0988221611439505));
#8902=CARTESIAN_POINT('',(-0.845410864143435,7.07539860207145,-0.063069326705591));
#8903=CARTESIAN_POINT('',(-0.845410864143435,7.07539860207145,-0.063069326705591));
#8904=CARTESIAN_POINT('',(-0.845410864143435,7.07539860207145,-0.0630693267055911));
#8905=CARTESIAN_POINT('',(-0.855550879579117,7.11058165660583,-0.0153311463828965));
#8906=CARTESIAN_POINT('',(-0.848370305040439,7.13,0.0448903845801947));
#8907=CARTESIAN_POINT('',(-0.835457990477881,7.13,0.103049516849969));
#8908=CARTESIAN_POINT('',(-0.352000000000002,7.13,0.349999999999998));
#8909=CARTESIAN_POINT('',(-0.352000000000002,7.07539860207145,0.349999999999998));
#8910=CARTESIAN_POINT('',(-0.352000000000002,7.01,0.349999999999998));
#8911=CARTESIAN_POINT('',(0.7,-3.43,4.35));
#8912=CARTESIAN_POINT('',(-0.7,-3.43,4.35));
#8913=CARTESIAN_POINT('',(-0.7,-4.83,2.96651513899117));
#8914=CARTESIAN_POINT('',(0.7,-4.83,2.96651513899117));
#8915=CARTESIAN_POINT('',(0.7,-4.83,2.96651513899117));
#8916=CARTESIAN_POINT('',(0.7,-3.43,4.35));
#8917=CARTESIAN_POINT('',(0.7,-4.83,2.96651513899117));
#8918=CARTESIAN_POINT('',(-0.7,-4.83,2.96651513899117));
#8919=CARTESIAN_POINT('',(-0.7,-4.83,2.46651513899117));
#8920=CARTESIAN_POINT('',(0.7,-4.83,2.46651513899117));
#8921=CARTESIAN_POINT('',(0.7,-4.83,2.46651513899117));
#8922=CARTESIAN_POINT('',(0.7,-4.83,2.96651513899117));
#8923=CARTESIAN_POINT('',(0.7,-4.43,1.55));
#8924=CARTESIAN_POINT('',(-0.7,-4.43,1.55));
#8925=CARTESIAN_POINT('',(0.7,-4.43,1.55));
#8926=CARTESIAN_POINT('',(0.7,-4.43,1.55));
#8927=CARTESIAN_POINT('',(-0.7,-4.43,1.55));
#8928=CARTESIAN_POINT('',(4.65,-3.13,-3.05));
#8929=CARTESIAN_POINT('',(4.65,-3.13,-3.05));
#8930=CARTESIAN_POINT('',(4.65,-3.13,-3.05));
#8931=CARTESIAN_POINT('',(4.65,-3.13,-3.05));
#8932=CARTESIAN_POINT('',(-4.65,-3.13,-4.95));
#8933=CARTESIAN_POINT('',(-4.65,-3.13,-4.95));
#8934=CARTESIAN_POINT('',(-4.65,-3.13,-3.05));
#8935=CARTESIAN_POINT('',(-4.65,-3.13,-3.05));
#8936=CARTESIAN_POINT('',(-4.65,-3.13,-3.05));
#8937=CARTESIAN_POINT('',(-4.65,-3.13,-3.05));
#8938=CARTESIAN_POINT('',(0.,-3.13,0.));
#8939=CARTESIAN_POINT('',(3.62,-3.13,-4.65));
#8940=CARTESIAN_POINT('',(-3.62,-3.13,-4.65));
#8941=CARTESIAN_POINT('',(-2.38,-3.13,-4.65));
#8942=CARTESIAN_POINT('',(-0.619999999999998,-3.13,-4.65));
#8943=CARTESIAN_POINT('',(0.62,-3.13,-4.65));
#8944=CARTESIAN_POINT('',(2.38,-3.13,-4.65));
#8945=CARTESIAN_POINT('',(-2.68,3.13,-3.63));
#8946=CARTESIAN_POINT('',(-2.68,0.305000000000003,-3.63));
#8947=CARTESIAN_POINT('',(-2.68,1.18,-21.608454576562));
#8948=CARTESIAN_POINT('',(-2.68,1.18,-1.55));
#8949=CARTESIAN_POINT('',(-2.68,1.18,-1.55));
#8950=CARTESIAN_POINT('',(-2.68,1.82,-1.55));
#8951=CARTESIAN_POINT('',(-2.68,1.82,-21.608454576562));
#8952=CARTESIAN_POINT('',(-2.68,1.82,-3.63));
#8953=CARTESIAN_POINT('',(-2.68,3.13,-3.63));
#8954=CARTESIAN_POINT('',(-2.68,2.73,-4.65));
#8955=CARTESIAN_POINT('',(-3.32,-3.13,-3.63));
#8956=CARTESIAN_POINT('',(-3.32,0.305000000000003,-3.63));
#8957=CARTESIAN_POINT('',(-3.32,3.13,-4.65));
#8958=CARTESIAN_POINT('',(-3.32,-3.13,-3.63));
#8959=CARTESIAN_POINT('',(-3.32,1.82,-3.63));
#8960=CARTESIAN_POINT('',(-3.32,1.82,-21.608454576562));
#8961=CARTESIAN_POINT('',(-3.32,1.82,-1.55));
#8962=CARTESIAN_POINT('',(-3.32,1.82,-1.55));
#8963=CARTESIAN_POINT('',(-3.32,1.18,-1.55));
#8964=CARTESIAN_POINT('',(-3.32,1.18,-21.608454576562));
#8965=CARTESIAN_POINT('',(0.,0.,-3.63));
#8966=CARTESIAN_POINT('',(0.,1.82,-3.63));
#8967=CARTESIAN_POINT('',(-2.38,3.13,-4.65));
#8968=CARTESIAN_POINT('',(-3.62,-3.13,-4.65));
#8969=CARTESIAN_POINT('',(-2.38,3.13,-4.65));
#8970=CARTESIAN_POINT('',(-3.62,-3.13,-4.65));
#8971=CARTESIAN_POINT('',(-4.3,2.8,-1.55));
#8972=CARTESIAN_POINT('',(-4.3,0.199999999999997,-1.55));
#8973=CARTESIAN_POINT('',(-4.3,0.199999999999997,-1.55));
#8974=CARTESIAN_POINT('',(-4.3,2.8,-1.55));
#8975=CARTESIAN_POINT('',(-4.3,2.80000000000001,-1.55));
#8976=CARTESIAN_POINT('',(-4.3,2.80000000000001,-1.55));
#8977=CARTESIAN_POINT('',(-4.3,0.199999999999997,-1.55));
#8978=CARTESIAN_POINT('',(-1.69999999999999,0.199999999999998,-1.55));
#8979=CARTESIAN_POINT('',(-1.69999999999999,0.199999999999998,-1.55));
#8980=CARTESIAN_POINT('',(-4.3,0.199999999999997,-1.55));
#8981=CARTESIAN_POINT('',(-1.69999999999999,0.199999999999998,-1.55));
#8982=CARTESIAN_POINT('',(-1.69999999999999,2.10000000000001,-1.55));
#8983=CARTESIAN_POINT('',(-1.69999999999999,2.10000000000001,-1.55));
#8984=CARTESIAN_POINT('',(-1.69999999999999,0.199999999999998,-1.55));
#8985=CARTESIAN_POINT('',(-1.7,2.80000000000001,-1.55));
#8986=CARTESIAN_POINT('',(-1.7,2.80000000000001,-1.55));
#8987=CARTESIAN_POINT('',(-2.4,2.80000000000001,-1.55));
#8988=CARTESIAN_POINT('',(-2.4,2.80000000000001,4.95));
#8989=CARTESIAN_POINT('',(0.,0.,-1.55));
#8990=CARTESIAN_POINT('',(-2.68,1.82,-1.55));
#8991=CARTESIAN_POINT('',(-3.32,1.18,-1.55));
#8992=CARTESIAN_POINT('',(0.200000000000006,0.200000000000006,-1.55));
#8993=CARTESIAN_POINT('',(-3.32,1.18,-21.608454576562));
#8994=CARTESIAN_POINT('',(-2.68,1.82,-21.608454576562));
#8995=CARTESIAN_POINT('',(-1.69999999999999,-0.199999999999998,-1.55));
#8996=CARTESIAN_POINT('',(-3.6,-0.199999999999997,-1.55));
#8997=CARTESIAN_POINT('',(-3.6,-0.199999999999997,-1.55));
#8998=CARTESIAN_POINT('',(-1.69999999999999,-0.199999999999998,-1.55));
#8999=CARTESIAN_POINT('',(-1.69999999999999,-0.199999999999998,-1.55));
#9000=CARTESIAN_POINT('',(-1.69999999999999,-0.199999999999998,-1.55));
#9001=CARTESIAN_POINT('',(-4.3,-0.199999999999997,-1.55));
#9002=CARTESIAN_POINT('',(-4.3,-0.199999999999997,-1.55));
#9003=CARTESIAN_POINT('',(-4.3,-0.899999999999997,-1.55));
#9004=CARTESIAN_POINT('',(-4.3,-2.8,-1.55));
#9005=CARTESIAN_POINT('',(-4.3,-0.899999999999997,4.95));
#9006=CARTESIAN_POINT('',(-4.3,-2.8,-1.55));
#9007=CARTESIAN_POINT('',(-4.3,-2.80000000000001,-1.55));
#9008=CARTESIAN_POINT('',(-1.7,-2.80000000000001,-1.55));
#9009=CARTESIAN_POINT('',(-1.7,-2.80000000000001,-1.55));
#9010=CARTESIAN_POINT('',(-4.3,-2.80000000000001,-1.55));
#9011=CARTESIAN_POINT('',(-1.69999999999999,-2.8,-1.55));
#9012=CARTESIAN_POINT('',(-1.69999999999999,-2.8,-1.55));
#9013=CARTESIAN_POINT('',(0.,0.,-1.55));
#9014=CARTESIAN_POINT('',(-2.68,-1.18,-1.55));
#9015=CARTESIAN_POINT('',(-3.32,-1.82,-1.55));
#9016=CARTESIAN_POINT('',(-1.7,1.7,-1.55));
#9017=CARTESIAN_POINT('',(-2.68,-1.18,-21.608454576562));
#9018=CARTESIAN_POINT('',(-3.32,-1.82,-21.608454576562));
#9019=CARTESIAN_POINT('',(0.32,3.13,-3.63));
#9020=CARTESIAN_POINT('',(0.32,0.305000000000003,-3.63));
#9021=CARTESIAN_POINT('',(0.320000000000002,1.18,-21.608454576562));
#9022=CARTESIAN_POINT('',(0.320000000000002,1.18,-1.55));
#9023=CARTESIAN_POINT('',(0.320000000000002,1.18,-1.55));
#9024=CARTESIAN_POINT('',(0.320000000000002,1.82,-1.55));
#9025=CARTESIAN_POINT('',(0.320000000000002,1.82,-21.608454576562));
#9026=CARTESIAN_POINT('',(0.320000000000002,1.82,-3.63));
#9027=CARTESIAN_POINT('',(0.32,3.13,-3.63));
#9028=CARTESIAN_POINT('',(0.32,2.73,-4.65));
#9029=CARTESIAN_POINT('',(-0.319999999999998,-3.13,-3.63));
#9030=CARTESIAN_POINT('',(-0.319999999999998,0.305000000000003,-3.63));
#9031=CARTESIAN_POINT('',(-0.319999999999998,3.13,-4.65));
#9032=CARTESIAN_POINT('',(-0.319999999999998,-3.13,-3.63));
#9033=CARTESIAN_POINT('',(-0.32,1.82,-3.63));
#9034=CARTESIAN_POINT('',(-0.32,1.82,-21.608454576562));
#9035=CARTESIAN_POINT('',(-0.32,1.82,-1.55));
#9036=CARTESIAN_POINT('',(-0.32,1.82,-1.55));
#9037=CARTESIAN_POINT('',(-0.32,1.18,-1.55));
#9038=CARTESIAN_POINT('',(-0.32,1.18,-21.608454576562));
#9039=CARTESIAN_POINT('',(0.,0.,-3.63));
#9040=CARTESIAN_POINT('',(0.,1.82,-3.63));
#9041=CARTESIAN_POINT('',(0.62,3.13,-4.65));
#9042=CARTESIAN_POINT('',(-0.619999999999998,-3.13,-4.65));
#9043=CARTESIAN_POINT('',(0.62,3.13,-4.65));
#9044=CARTESIAN_POINT('',(-0.619999999999998,-3.13,-4.65));
#9045=CARTESIAN_POINT('',(-1.3,2.8,-1.55));
#9046=CARTESIAN_POINT('',(-1.3,0.199999999999997,-1.55));
#9047=CARTESIAN_POINT('',(-1.3,0.199999999999997,-1.55));
#9048=CARTESIAN_POINT('',(-1.3,2.8,-1.55));
#9049=CARTESIAN_POINT('',(-1.3,2.80000000000001,-1.55));
#9050=CARTESIAN_POINT('',(-1.3,2.80000000000001,-1.55));
#9051=CARTESIAN_POINT('',(-1.3,0.199999999999997,-1.55));
#9052=CARTESIAN_POINT('',(1.30000000000001,0.199999999999998,-1.55));
#9053=CARTESIAN_POINT('',(1.30000000000001,0.199999999999998,-1.55));
#9054=CARTESIAN_POINT('',(-1.3,0.199999999999997,-1.55));
#9055=CARTESIAN_POINT('',(1.30000000000001,0.199999999999998,-1.55));
#9056=CARTESIAN_POINT('',(1.30000000000001,2.10000000000001,-1.55));
#9057=CARTESIAN_POINT('',(1.30000000000001,2.10000000000001,-1.55));
#9058=CARTESIAN_POINT('',(1.30000000000001,0.199999999999998,-1.55));
#9059=CARTESIAN_POINT('',(1.3,2.80000000000001,-1.55));
#9060=CARTESIAN_POINT('',(1.3,2.80000000000001,-1.55));
#9061=CARTESIAN_POINT('',(0.600000000000005,2.80000000000001,-1.55));
#9062=CARTESIAN_POINT('',(0.600000000000005,2.80000000000001,4.95));
#9063=CARTESIAN_POINT('',(0.,0.,-1.55));
#9064=CARTESIAN_POINT('',(0.320000000000002,1.82,-1.55));
#9065=CARTESIAN_POINT('',(-0.32,1.18,-1.55));
#9066=CARTESIAN_POINT('',(1.70000000000001,1.70000000000001,-1.55));
#9067=CARTESIAN_POINT('',(-0.32,1.18,-21.608454576562));
#9068=CARTESIAN_POINT('',(0.320000000000002,1.82,-21.608454576562));
#9069=CARTESIAN_POINT('',(3.32,3.13,-3.63));
#9070=CARTESIAN_POINT('',(3.32,0.305000000000003,-3.63));
#9071=CARTESIAN_POINT('',(3.32,1.18,-21.608454576562));
#9072=CARTESIAN_POINT('',(3.32,1.18,-1.55));
#9073=CARTESIAN_POINT('',(3.32,1.18,-1.55));
#9074=CARTESIAN_POINT('',(3.32,1.82,-1.55));
#9075=CARTESIAN_POINT('',(3.32,1.82,-21.608454576562));
#9076=CARTESIAN_POINT('',(3.32,1.82,-3.63));
#9077=CARTESIAN_POINT('',(3.32,3.13,-3.63));
#9078=CARTESIAN_POINT('',(3.32,2.73,-4.65));
#9079=CARTESIAN_POINT('',(2.68,-3.13,-3.63));
#9080=CARTESIAN_POINT('',(2.68,0.305000000000003,-3.63));
#9081=CARTESIAN_POINT('',(2.68,3.13,-4.65));
#9082=CARTESIAN_POINT('',(2.68,-3.13,-3.63));
#9083=CARTESIAN_POINT('',(2.68,1.82,-3.63));
#9084=CARTESIAN_POINT('',(2.68,1.82,-21.608454576562));
#9085=CARTESIAN_POINT('',(2.68,1.82,-1.55));
#9086=CARTESIAN_POINT('',(2.68,1.82,-1.55));
#9087=CARTESIAN_POINT('',(2.68,1.18,-1.55));
#9088=CARTESIAN_POINT('',(2.68,1.18,-21.608454576562));
#9089=CARTESIAN_POINT('',(0.,0.,-3.63));
#9090=CARTESIAN_POINT('',(0.,1.82,-3.63));
#9091=CARTESIAN_POINT('',(3.62,3.13,-4.65));
#9092=CARTESIAN_POINT('',(2.38,-3.13,-4.65));
#9093=CARTESIAN_POINT('',(3.62,3.13,-4.65));
#9094=CARTESIAN_POINT('',(2.38,-3.13,-4.65));
#9095=CARTESIAN_POINT('',(1.7,2.8,-1.55));
#9096=CARTESIAN_POINT('',(1.7,0.199999999999997,-1.55));
#9097=CARTESIAN_POINT('',(1.7,0.199999999999997,-1.55));
#9098=CARTESIAN_POINT('',(1.7,2.8,-1.55));
#9099=CARTESIAN_POINT('',(1.7,2.80000000000001,-1.55));
#9100=CARTESIAN_POINT('',(1.7,2.80000000000001,-1.55));
#9101=CARTESIAN_POINT('',(1.7,0.199999999999997,-1.55));
#9102=CARTESIAN_POINT('',(4.30000000000001,0.199999999999998,-1.55));
#9103=CARTESIAN_POINT('',(4.30000000000001,0.199999999999998,-1.55));
#9104=CARTESIAN_POINT('',(1.7,0.199999999999997,-1.55));
#9105=CARTESIAN_POINT('',(4.30000000000001,0.199999999999998,-1.55));
#9106=CARTESIAN_POINT('',(4.30000000000001,2.10000000000001,-1.55));
#9107=CARTESIAN_POINT('',(4.30000000000001,2.10000000000001,-1.55));
#9108=CARTESIAN_POINT('',(4.30000000000001,0.199999999999998,-1.55));
#9109=CARTESIAN_POINT('',(4.3,2.80000000000001,-1.55));
#9110=CARTESIAN_POINT('',(4.3,2.80000000000001,-1.55));
#9111=CARTESIAN_POINT('',(3.6,2.80000000000001,-1.55));
#9112=CARTESIAN_POINT('',(3.6,2.80000000000001,4.95));
#9113=CARTESIAN_POINT('',(0.,0.,-1.55));
#9114=CARTESIAN_POINT('',(3.32,1.82,-1.55));
#9115=CARTESIAN_POINT('',(2.68,1.18,-1.55));
#9116=CARTESIAN_POINT('',(3.20000000000001,3.20000000000001,-1.55));
#9117=CARTESIAN_POINT('',(2.68,1.18,-21.608454576562));
#9118=CARTESIAN_POINT('',(3.32,1.82,-21.608454576562));
#9119=CARTESIAN_POINT('',(1.3,-0.199999999999998,-1.55));
#9120=CARTESIAN_POINT('',(1.3,-0.199999999999998,-1.55));
#9121=CARTESIAN_POINT('',(0.600000000000004,-0.199999999999998,-1.55));
#9122=CARTESIAN_POINT('',(-1.3,-0.199999999999997,-1.55));
#9123=CARTESIAN_POINT('',(0.600000000000004,-0.199999999999998,4.95));
#9124=CARTESIAN_POINT('',(-1.3,-0.199999999999997,-1.55));
#9125=CARTESIAN_POINT('',(-1.3,-0.199999999999997,-1.55));
#9126=CARTESIAN_POINT('',(-1.3,-2.8,-1.55));
#9127=CARTESIAN_POINT('',(-1.3,-2.8,-1.55));
#9128=CARTESIAN_POINT('',(-1.3,-0.199999999999997,-1.55));
#9129=CARTESIAN_POINT('',(-1.3,-2.80000000000001,-1.55));
#9130=CARTESIAN_POINT('',(1.3,-2.80000000000001,-1.55));
#9131=CARTESIAN_POINT('',(1.3,-2.80000000000001,-1.55));
#9132=CARTESIAN_POINT('',(-1.3,-2.80000000000001,-1.55));
#9133=CARTESIAN_POINT('',(1.3,-2.8,-1.55));
#9134=CARTESIAN_POINT('',(1.3,-0.899999999999998,-1.55));
#9135=CARTESIAN_POINT('',(1.3,-0.899999999999998,-1.55));
#9136=CARTESIAN_POINT('',(1.3,-2.8,-1.55));
#9137=CARTESIAN_POINT('',(0.,0.,-1.55));
#9138=CARTESIAN_POINT('',(0.32,-1.18,-1.55));
#9139=CARTESIAN_POINT('',(-0.320000000000001,-1.82,-1.55));
#9140=CARTESIAN_POINT('',(0.200000000000003,0.200000000000003,-1.55));
#9141=CARTESIAN_POINT('',(0.32,-1.18,-21.608454576562));
#9142=CARTESIAN_POINT('',(-0.320000000000001,-1.82,-21.608454576562));
#9143=CARTESIAN_POINT('',(4.3,-0.199999999999998,-1.55));
#9144=CARTESIAN_POINT('',(4.3,-0.199999999999998,-1.55));
#9145=CARTESIAN_POINT('',(3.6,-0.199999999999998,-1.55));
#9146=CARTESIAN_POINT('',(1.7,-0.199999999999997,-1.55));
#9147=CARTESIAN_POINT('',(3.6,-0.199999999999998,4.95));
#9148=CARTESIAN_POINT('',(1.7,-0.199999999999997,-1.55));
#9149=CARTESIAN_POINT('',(1.7,-0.199999999999997,-1.55));
#9150=CARTESIAN_POINT('',(1.7,-2.8,-1.55));
#9151=CARTESIAN_POINT('',(1.7,-2.8,-1.55));
#9152=CARTESIAN_POINT('',(1.7,-0.199999999999997,-1.55));
#9153=CARTESIAN_POINT('',(1.69999999999999,-2.80000000000001,-1.55));
#9154=CARTESIAN_POINT('',(4.3,-2.80000000000001,-1.55));
#9155=CARTESIAN_POINT('',(4.3,-2.80000000000001,-1.55));
#9156=CARTESIAN_POINT('',(1.69999999999999,-2.80000000000001,-1.55));
#9157=CARTESIAN_POINT('',(4.3,-2.8,-1.55));
#9158=CARTESIAN_POINT('',(4.3,-0.899999999999998,-1.55));
#9159=CARTESIAN_POINT('',(4.3,-0.899999999999998,-1.55));
#9160=CARTESIAN_POINT('',(4.3,-2.8,-1.55));
#9161=CARTESIAN_POINT('',(0.,0.,-1.55));
#9162=CARTESIAN_POINT('',(3.32,-1.18,-1.55));
#9163=CARTESIAN_POINT('',(2.68,-1.82,-1.55));
#9164=CARTESIAN_POINT('',(1.7,1.7,-1.55));
#9165=CARTESIAN_POINT('',(3.32,-1.18,-21.608454576562));
#9166=CARTESIAN_POINT('',(2.68,-1.82,-21.608454576562));
#9167=CARTESIAN_POINT('',(-2.05,-2.73000000000001,-3.45));
#9168=CARTESIAN_POINT('',(-2.05,-0.305000000000003,-3.45));
#9169=CARTESIAN_POINT('',(-2.05,-0.305000000000003,-3.63));
#9170=CARTESIAN_POINT('',(-2.05,-2.73000000000001,-3.63));
#9171=CARTESIAN_POINT('',(-2.05,0.305000000000002,-3.63));
#9172=CARTESIAN_POINT('',(-2.05,0.305000000000003,-3.45));
#9173=CARTESIAN_POINT('',(-2.05,-2.73000000000001,-3.45));
#9174=CARTESIAN_POINT('',(-0.95,2.73,-3.45));
#9175=CARTESIAN_POINT('',(-0.95,2.73,-3.63));
#9176=CARTESIAN_POINT('',(-0.95,0.305000000000003,-3.63));
#9177=CARTESIAN_POINT('',(-0.95,-0.305000000000003,-3.63));
#9178=CARTESIAN_POINT('',(-0.95,-0.305000000000003,-3.45));
#9179=CARTESIAN_POINT('',(-0.95,2.73,-3.45));
#9180=CARTESIAN_POINT('',(-0.95,0.305000000000003,-3.45));
#9181=CARTESIAN_POINT('',(0.,0.,-3.45));
#9182=CARTESIAN_POINT('',(0.95,-2.73000000000001,-3.45));
#9183=CARTESIAN_POINT('',(0.95,-0.305000000000003,-3.45));
#9184=CARTESIAN_POINT('',(0.95,-0.305000000000003,-3.63));
#9185=CARTESIAN_POINT('',(0.95,-2.73000000000001,-3.63));
#9186=CARTESIAN_POINT('',(0.95,0.305000000000002,-3.63));
#9187=CARTESIAN_POINT('',(0.95,0.305000000000003,-3.45));
#9188=CARTESIAN_POINT('',(0.95,-2.73000000000001,-3.45));
#9189=CARTESIAN_POINT('',(2.05,2.73,-3.45));
#9190=CARTESIAN_POINT('',(2.05,2.73,-3.63));
#9191=CARTESIAN_POINT('',(2.05,0.305000000000003,-3.63));
#9192=CARTESIAN_POINT('',(2.05,-0.305000000000002,-3.63));
#9193=CARTESIAN_POINT('',(2.05,-0.305000000000003,-3.45));
#9194=CARTESIAN_POINT('',(2.05,2.73,-3.45));
#9195=CARTESIAN_POINT('',(2.05,0.305000000000003,-3.45));
#9196=CARTESIAN_POINT('',(0.,0.,-3.45));
#9197=CARTESIAN_POINT('',(0.600000000000004,-0.199999999999998,-1.55));
#9198=CARTESIAN_POINT('',(0.600000000000005,2.80000000000001,-1.55));
#9199=CARTESIAN_POINT('',(-4.3,-0.899999999999997,-1.55));
#9200=CARTESIAN_POINT('',(-2.4,2.80000000000001,-1.55));
#9201=CARTESIAN_POINT('',(3.6,-0.199999999999998,-1.55));
#9202=CARTESIAN_POINT('',(3.6,2.80000000000001,-1.55));
#9203=CARTESIAN_POINT('',(-3.95,-0.305000000000003,-4.75));
#9204=CARTESIAN_POINT('',(-3.95,-0.305000000000003,-4.75));
#9205=CARTESIAN_POINT('',(-3.95,-0.305000000000003,-3.63));
#9206=CARTESIAN_POINT('',(-3.95,-0.305000000000003,-3.63));
#9207=CARTESIAN_POINT('',(3.95,0.305000000000003,-4.75));
#9208=CARTESIAN_POINT('',(3.95,0.305000000000003,-3.63));
#9209=CARTESIAN_POINT('',(3.95,0.305000000000003,-3.63));
#9210=CARTESIAN_POINT('',(3.95,0.305000000000003,-4.75));
#9211=CARTESIAN_POINT('',(0.,0.,-3.63));
#9212=CARTESIAN_POINT('',(0.,0.,-3.63));
#9213=CARTESIAN_POINT('',(0.,0.,-4.75));
#9214=CARTESIAN_POINT('',(4.76,3.43,4.95));
#9215=CARTESIAN_POINT('',(7.19333333333333,0.996666666666663,0.0833333333333458));
#9216=CARTESIAN_POINT('',(5.36,3.23,-2.15));
#9217=CARTESIAN_POINT('',(4.64333333333333,2.51333333333333,-1.43333333333333));
#9218=CARTESIAN_POINT('',(5.36,3.23,0.));
#9219=CARTESIAN_POINT('',(-4.76,3.43,4.95));
#9220=CARTESIAN_POINT('',(-4.96,3.23,-2.15));
#9221=CARTESIAN_POINT('',(-4.96,3.23,-2.15));
#9222=CARTESIAN_POINT('',(-5.96,3.83,-2.75));
#9223=CARTESIAN_POINT('',(-5.36,3.23,-3.95));
#9224=CARTESIAN_POINT('',(0.,0.,0.));
#9225=CARTESIAN_POINT('',(0.32,-2.835,2.95));
#9226=CARTESIAN_POINT('',(0.32,-3.035,2.95));
#9227=CARTESIAN_POINT('',(0.12,-3.035,2.95));
#9228=CARTESIAN_POINT('',(-0.12,-3.035,2.95));
#9229=CARTESIAN_POINT('',(-0.12,-2.835,2.95));
#9230=CARTESIAN_POINT('',(-0.12,-3.275,2.95));
#9231=CARTESIAN_POINT('',(0.32,-3.275,2.95));
#9232=CARTESIAN_POINT('',(0.12,-3.275,2.95));
#9233=CARTESIAN_POINT('',(0.12,-2.835,2.95));
#9234=CARTESIAN_POINT('',(0.32,-3.475,2.95));
#9235=CARTESIAN_POINT('',(0.32,-3.475,2.95));
#9236=CARTESIAN_POINT('',(0.32,-3.475,2.35));
#9237=CARTESIAN_POINT('',(0.32,-3.475,-2.95));
#9238=CARTESIAN_POINT('',(0.32,-3.475,2.35));
#9239=CARTESIAN_POINT('',(-0.32,-3.475,2.35));
#9240=CARTESIAN_POINT('',(-0.32,-3.475,2.95));
#9241=CARTESIAN_POINT('',(-0.32,-3.475,-2.95));
#9242=CARTESIAN_POINT('',(0.32,-3.475,-2.95));
#9243=CARTESIAN_POINT('',(0.32,-2.475,-2.95));
#9244=CARTESIAN_POINT('',(-0.32,-2.475,-2.95));
#9245=CARTESIAN_POINT('',(-0.32,-2.475,-3.95));
#9246=CARTESIAN_POINT('',(0.32,-2.475,-3.95));
#9247=CARTESIAN_POINT('',(0.32,-2.475,-3.95));
#9248=CARTESIAN_POINT('',(0.32,-2.475,-2.95));
#9249=CARTESIAN_POINT('',(0.32,-2.475,-3.95));
#9250=CARTESIAN_POINT('',(-0.32,-2.475,-3.95));
#9251=CARTESIAN_POINT('',(-0.32,1.875,-3.95));
#9252=CARTESIAN_POINT('',(0.32,1.875,-3.95));
#9253=CARTESIAN_POINT('',(0.32,1.875,-3.95));
#9254=CARTESIAN_POINT('',(0.32,-2.475,-3.95));
#9255=CARTESIAN_POINT('',(0.32,2.475,-3.31));
#9256=CARTESIAN_POINT('',(0.32,2.475,-3.75));
#9257=CARTESIAN_POINT('',(0.12,2.475,-3.75));
#9258=CARTESIAN_POINT('',(-0.12,2.475,-3.75));
#9259=CARTESIAN_POINT('',(-0.12,2.475,-3.31));
#9260=CARTESIAN_POINT('',(-0.12,2.475,-3.51));
#9261=CARTESIAN_POINT('',(0.32,2.475,-3.51));
#9262=CARTESIAN_POINT('',(0.12,2.475,-3.51));
#9263=CARTESIAN_POINT('',(0.12,2.475,-3.95));
#9264=CARTESIAN_POINT('',(0.32,-2.475,-3.31));
#9265=CARTESIAN_POINT('',(0.32,-2.475,-3.31));
#9266=CARTESIAN_POINT('',(0.32,1.875,-3.31));
#9267=CARTESIAN_POINT('',(0.32,-2.475,-3.31));
#9268=CARTESIAN_POINT('',(0.32,1.875,-3.31));
#9269=CARTESIAN_POINT('',(-0.32,1.875,-3.31));
#9270=CARTESIAN_POINT('',(-0.32,-2.475,-3.31));
#9271=CARTESIAN_POINT('',(-0.32,-2.475,-3.31));
#9272=CARTESIAN_POINT('',(0.32,-2.475,-3.31));
#9273=CARTESIAN_POINT('',(0.32,-2.475,-2.95));
#9274=CARTESIAN_POINT('',(-0.32,-2.475,-2.95));
#9275=CARTESIAN_POINT('',(-0.32,-2.835,-2.95));
#9276=CARTESIAN_POINT('',(0.32,-2.835,-2.95));
#9277=CARTESIAN_POINT('',(0.32,-2.835,-2.95));
#9278=CARTESIAN_POINT('',(0.32,-2.475,-2.95));
#9279=CARTESIAN_POINT('',(0.32,-2.835,2.95));
#9280=CARTESIAN_POINT('',(-0.32,-2.835,2.95));
#9281=CARTESIAN_POINT('',(-0.32,-2.835,2.35));
#9282=CARTESIAN_POINT('',(0.32,-2.835,2.35));
#9283=CARTESIAN_POINT('',(0.32,-2.835,2.35));
#9284=CARTESIAN_POINT('',(0.32,-2.835,2.95));
#9285=CARTESIAN_POINT('',(0.32,-2.475,-2.95));
#9286=CARTESIAN_POINT('',(0.32,-3.475,2.35));
#9287=CARTESIAN_POINT('',(0.32,1.875,-3.31));
#9288=CARTESIAN_POINT('',(-0.32,-2.475,-2.95));
#9289=CARTESIAN_POINT('',(-0.32,-2.475,2.35));
#9290=CARTESIAN_POINT('',(-0.32,1.875,-2.95));
#9291=CARTESIAN_POINT('',(0.32,-2.475,2.35));
#9292=CARTESIAN_POINT('',(0.229090909090909,-3.38409090909091,2.62272727272727));
#9293=CARTESIAN_POINT('',(0.138181818181818,-3.01681818181818,2.89545454545455));
#9294=CARTESIAN_POINT('',(0.32,-3.035,2.95));
#9295=CARTESIAN_POINT('',(-0.08,-3.075,3.07));
#9296=CARTESIAN_POINT('',(0.32,-3.475,2.35));
#9297=CARTESIAN_POINT('',(-0.261818181818182,-3.41681818181818,2.52454545454546));
#9298=CARTESIAN_POINT('',(-0.12,-2.835,2.95));
#9299=CARTESIAN_POINT('',(0.32,1.875,-2.95));
#9300=CARTESIAN_POINT('',(0.32,1.875,-3.31));
#9301=CARTESIAN_POINT('',(0.229090909090909,2.14772727272727,-3.85909090909091));
#9302=CARTESIAN_POINT('',(0.32,2.475,-3.75));
#9303=CARTESIAN_POINT('',(-0.08,2.595,-3.71));
#9304=CARTESIAN_POINT('',(0.32,1.875,-3.31));
#9305=CARTESIAN_POINT('',(-0.261818181818182,2.04954545454545,-3.36818181818182));
#9306=CARTESIAN_POINT('',(-0.12,2.475,-3.31));
#9307=CARTESIAN_POINT('',(-3.,4.655,-0.319999999999997));
#9308=CARTESIAN_POINT('',(0.32,-4.335,4.45));
#9309=CARTESIAN_POINT('',(0.32,-4.535,4.45));
#9310=CARTESIAN_POINT('',(0.12,-4.535,4.45));
#9311=CARTESIAN_POINT('',(-0.12,-4.535,4.45));
#9312=CARTESIAN_POINT('',(-0.12,-4.335,4.45));
#9313=CARTESIAN_POINT('',(-0.12,-4.775,4.45));
#9314=CARTESIAN_POINT('',(0.32,-4.775,4.45));
#9315=CARTESIAN_POINT('',(0.12,-4.775,4.45));
#9316=CARTESIAN_POINT('',(0.12,-4.335,4.45));
#9317=CARTESIAN_POINT('',(0.32,-4.975,4.45));
#9318=CARTESIAN_POINT('',(0.32,-4.975,4.45));
#9319=CARTESIAN_POINT('',(0.32,-4.975,3.85));
#9320=CARTESIAN_POINT('',(0.32,-4.975,-4.45));
#9321=CARTESIAN_POINT('',(0.32,-4.975,3.85));
#9322=CARTESIAN_POINT('',(-0.32,-4.975,3.85));
#9323=CARTESIAN_POINT('',(-0.32,-4.975,4.45));
#9324=CARTESIAN_POINT('',(-0.32,-4.975,-4.45));
#9325=CARTESIAN_POINT('',(0.32,-4.975,-4.45));
#9326=CARTESIAN_POINT('',(0.32,-3.975,-4.45));
#9327=CARTESIAN_POINT('',(-0.32,-3.975,-4.45));
#9328=CARTESIAN_POINT('',(-0.32,-3.975,-5.45));
#9329=CARTESIAN_POINT('',(0.32,-3.975,-5.45));
#9330=CARTESIAN_POINT('',(0.32,-3.975,-5.45));
#9331=CARTESIAN_POINT('',(0.32,-3.975,-4.45));
#9332=CARTESIAN_POINT('',(0.32,-3.975,-5.45));
#9333=CARTESIAN_POINT('',(-0.32,-3.975,-5.45));
#9334=CARTESIAN_POINT('',(-0.32,3.375,-5.45));
#9335=CARTESIAN_POINT('',(0.32,3.375,-5.45));
#9336=CARTESIAN_POINT('',(0.32,3.375,-5.45));
#9337=CARTESIAN_POINT('',(0.32,-3.975,-5.45));
#9338=CARTESIAN_POINT('',(0.32,3.975,-4.81));
#9339=CARTESIAN_POINT('',(0.32,3.975,-5.25));
#9340=CARTESIAN_POINT('',(0.12,3.975,-5.25));
#9341=CARTESIAN_POINT('',(-0.12,3.975,-5.25));
#9342=CARTESIAN_POINT('',(-0.12,3.975,-4.81));
#9343=CARTESIAN_POINT('',(-0.12,3.975,-5.01));
#9344=CARTESIAN_POINT('',(0.32,3.975,-5.01));
#9345=CARTESIAN_POINT('',(0.12,3.975,-5.01));
#9346=CARTESIAN_POINT('',(0.12,3.975,-5.45));
#9347=CARTESIAN_POINT('',(0.32,-3.975,-4.81));
#9348=CARTESIAN_POINT('',(0.32,-3.975,-4.81));
#9349=CARTESIAN_POINT('',(0.32,3.375,-4.81));
#9350=CARTESIAN_POINT('',(0.32,-3.975,-4.81));
#9351=CARTESIAN_POINT('',(0.32,3.375,-4.81));
#9352=CARTESIAN_POINT('',(-0.32,3.375,-4.81));
#9353=CARTESIAN_POINT('',(-0.32,-3.975,-4.81));
#9354=CARTESIAN_POINT('',(-0.32,-3.975,-4.81));
#9355=CARTESIAN_POINT('',(0.32,-3.975,-4.81));
#9356=CARTESIAN_POINT('',(0.32,-3.975,-4.45));
#9357=CARTESIAN_POINT('',(-0.32,-3.975,-4.45));
#9358=CARTESIAN_POINT('',(-0.32,-4.335,-4.45));
#9359=CARTESIAN_POINT('',(0.32,-4.335,-4.45));
#9360=CARTESIAN_POINT('',(0.32,-4.335,-4.45));
#9361=CARTESIAN_POINT('',(0.32,-3.975,-4.45));
#9362=CARTESIAN_POINT('',(0.32,-4.335,4.45));
#9363=CARTESIAN_POINT('',(-0.32,-4.335,4.45));
#9364=CARTESIAN_POINT('',(-0.32,-4.335,3.85));
#9365=CARTESIAN_POINT('',(0.32,-4.335,3.85));
#9366=CARTESIAN_POINT('',(0.32,-4.335,3.85));
#9367=CARTESIAN_POINT('',(0.32,-4.335,4.45));
#9368=CARTESIAN_POINT('',(0.32,-3.975,-4.45));
#9369=CARTESIAN_POINT('',(0.32,-4.975,3.85));
#9370=CARTESIAN_POINT('',(0.32,3.375,-4.81));
#9371=CARTESIAN_POINT('',(-0.32,-3.975,-4.45));
#9372=CARTESIAN_POINT('',(-0.32,-3.975,3.85));
#9373=CARTESIAN_POINT('',(-0.32,3.375,-4.45));
#9374=CARTESIAN_POINT('',(0.32,-3.975,3.85));
#9375=CARTESIAN_POINT('',(0.229090909090909,-4.88409090909091,4.12272727272727));
#9376=CARTESIAN_POINT('',(0.138181818181818,-4.51681818181818,4.39545454545455));
#9377=CARTESIAN_POINT('',(0.32,-4.535,4.45));
#9378=CARTESIAN_POINT('',(-0.08,-4.575,4.57));
#9379=CARTESIAN_POINT('',(0.32,-4.975,3.85));
#9380=CARTESIAN_POINT('',(-0.261818181818182,-4.91681818181818,4.02454545454546));
#9381=CARTESIAN_POINT('',(-0.12,-4.335,4.45));
#9382=CARTESIAN_POINT('',(0.32,3.375,-4.45));
#9383=CARTESIAN_POINT('',(0.32,3.375,-4.81));
#9384=CARTESIAN_POINT('',(0.229090909090909,3.64772727272727,-5.35909090909091));
#9385=CARTESIAN_POINT('',(0.32,3.975,-5.25));
#9386=CARTESIAN_POINT('',(-0.08,4.095,-5.21));
#9387=CARTESIAN_POINT('',(0.32,3.375,-4.81));
#9388=CARTESIAN_POINT('',(-0.261818181818182,3.54954545454546,-4.86818181818182));
#9389=CARTESIAN_POINT('',(-0.12,3.975,-4.81));
#9390=CARTESIAN_POINT('',(-3.,3.15499999999999,-1.82));
#9391=CARTESIAN_POINT('',(4.33680868994202E-16,4.655,-0.319999999999997));
#9392=CARTESIAN_POINT('',(1.73472347597681E-15,3.15499999999999,-1.82));
#9393=CARTESIAN_POINT('',(3.,4.655,-0.319999999999997));
#9394=CARTESIAN_POINT('',(3.,3.15499999999999,-1.82));
#9395=MECHANICAL_DESIGN_GEOMETRIC_PRESENTATION_REPRESENTATION('',(#5859,
#5860,#5861),#9396);
#9396=(
GEOMETRIC_REPRESENTATION_CONTEXT(3)
GLOBAL_UNCERTAINTY_ASSIGNED_CONTEXT((#9400))
GLOBAL_UNIT_ASSIGNED_CONTEXT((#9406,#9405,#9404))
REPRESENTATION_CONTEXT('6620xx21022','TOP_LEVEL_ASSEMBLY_PART')
);
#9397=(
GEOMETRIC_REPRESENTATION_CONTEXT(3)
GLOBAL_UNCERTAINTY_ASSIGNED_CONTEXT((#9401))
GLOBAL_UNIT_ASSIGNED_CONTEXT((#9406,#9405,#9404))
REPRESENTATION_CONTEXT('66200621022','COMPONENT_PART')
);
#9398=(
GEOMETRIC_REPRESENTATION_CONTEXT(3)
GLOBAL_UNCERTAINTY_ASSIGNED_CONTEXT((#9402))
GLOBAL_UNIT_ASSIGNED_CONTEXT((#9406,#9405,#9404))
REPRESENTATION_CONTEXT('6620xx21022_PIN_COURTE','COMPONENT_PART')
);
#9399=(
GEOMETRIC_REPRESENTATION_CONTEXT(3)
GLOBAL_UNCERTAINTY_ASSIGNED_CONTEXT((#9403))
GLOBAL_UNIT_ASSIGNED_CONTEXT((#9406,#9405,#9404))
REPRESENTATION_CONTEXT('6620xx21022_PIN_LONGUE','COMPONENT_PART')
);
#9400=UNCERTAINTY_MEASURE_WITH_UNIT(LENGTH_MEASURE(0.005),#9406,
'DISTANCE_ACCURACY_VALUE','Maximum Tolerance applied to model');
#9401=UNCERTAINTY_MEASURE_WITH_UNIT(LENGTH_MEASURE(0.005),#9406,
'DISTANCE_ACCURACY_VALUE','Maximum Tolerance applied to model');
#9402=UNCERTAINTY_MEASURE_WITH_UNIT(LENGTH_MEASURE(0.005),#9406,
'DISTANCE_ACCURACY_VALUE','Maximum Tolerance applied to model');
#9403=UNCERTAINTY_MEASURE_WITH_UNIT(LENGTH_MEASURE(0.005),#9406,
'DISTANCE_ACCURACY_VALUE','Maximum Tolerance applied to model');
#9404=(
NAMED_UNIT(*)
SI_UNIT($,.STERADIAN.)
SOLID_ANGLE_UNIT()
);
#9405=(
NAMED_UNIT(*)
PLANE_ANGLE_UNIT()
SI_UNIT($,.RADIAN.)
);
#9406=(
LENGTH_UNIT()
NAMED_UNIT(*)
SI_UNIT(.MILLI.,.METRE.)
);
#9407=PRODUCT_DEFINITION_SHAPE('','',#9418);
#9408=PRODUCT_DEFINITION_SHAPE('','',#9419);
#9409=PRODUCT_DEFINITION_SHAPE(' ','NAUO PRDDFN',#25);
#9410=PRODUCT_DEFINITION_SHAPE('','',#9420);
#9411=PRODUCT_DEFINITION_SHAPE(' ','NAUO PRDDFN',#26);
#9412=PRODUCT_DEFINITION_SHAPE('','',#9421);
#9413=PRODUCT_DEFINITION_SHAPE(' ','NAUO PRDDFN',#27);
#9414=PRODUCT_DEFINITION_SHAPE(' ','NAUO PRDDFN',#28);
#9415=PRODUCT_DEFINITION_SHAPE(' ','NAUO PRDDFN',#29);
#9416=PRODUCT_DEFINITION_SHAPE(' ','NAUO PRDDFN',#30);
#9417=PRODUCT_DEFINITION_SHAPE(' ','NAUO PRDDFN',#31);
#9418=PRODUCT_DEFINITION('','',#9426,#9422);
#9419=PRODUCT_DEFINITION('','',#9427,#9423);
#9420=PRODUCT_DEFINITION('','',#9428,#9424);
#9421=PRODUCT_DEFINITION('','',#9429,#9425);
#9422=PRODUCT_DEFINITION_CONTEXT('',#9447,'design');
#9423=PRODUCT_DEFINITION_CONTEXT('',#9447,'design');
#9424=PRODUCT_DEFINITION_CONTEXT('',#9447,'design');
#9425=PRODUCT_DEFINITION_CONTEXT('',#9447,'design');
#9426=PRODUCT_DEFINITION_FORMATION_WITH_SPECIFIED_SOURCE('','',#9434,
 .NOT_KNOWN.);
#9427=PRODUCT_DEFINITION_FORMATION_WITH_SPECIFIED_SOURCE('','',#9435,
 .NOT_KNOWN.);
#9428=PRODUCT_DEFINITION_FORMATION_WITH_SPECIFIED_SOURCE('','',#9436,
 .NOT_KNOWN.);
#9429=PRODUCT_DEFINITION_FORMATION_WITH_SPECIFIED_SOURCE('','',#9437,
 .NOT_KNOWN.);
#9430=PRODUCT_RELATED_PRODUCT_CATEGORY('','',(#9434));
#9431=PRODUCT_RELATED_PRODUCT_CATEGORY('','',(#9435));
#9432=PRODUCT_RELATED_PRODUCT_CATEGORY('','',(#9436));
#9433=PRODUCT_RELATED_PRODUCT_CATEGORY('','',(#9437));
#9434=PRODUCT('6620xx21022','6620xx21022','6620xx21022',(#9442));
#9435=PRODUCT('66200621022','66200621022','66200621022',(#9443));
#9436=PRODUCT('6620xx21022_PIN_COURTE','6620xx21022_PIN_COURTE',
'6620xx21022_PIN_COURTE',(#9444));
#9437=PRODUCT('6620xx21022_PIN_LONGUE','6620xx21022_PIN_LONGUE',
'6620xx21022_PIN_LONGUE',(#9445));
#9438=PRODUCT_CATEGORY('','');
#9439=PRODUCT_CATEGORY('','');
#9440=PRODUCT_CATEGORY('','');
#9441=PRODUCT_CATEGORY('','');
#9442=PRODUCT_CONTEXT('',#9447,'mechanical');
#9443=PRODUCT_CONTEXT('',#9447,'mechanical');
#9444=PRODUCT_CONTEXT('',#9447,'mechanical');
#9445=PRODUCT_CONTEXT('',#9447,'mechanical');
#9446=APPLICATION_PROTOCOL_DEFINITION('international standard',
'automotive_design',2010,#9447);
#9447=APPLICATION_CONTEXT(
'core data for automotive mechanical design processes');
ENDSEC;
END-ISO-10303-21;
