solid 
 facet normal  1.119638e-01  9.937123e-01  0.000000e+00
   outer loop
     vertex  2.444504e+01  1.344986e+01  0.000000e+00
     vertex  2.400000e+01  1.350000e+01  0.000000e+00
     vertex  2.400000e+01  1.350000e+01  1.510000e+00
   endloop
 endfacet
 facet normal  1.119638e-01  9.937123e-01 -0.000000e+00
   outer loop
     vertex  2.444504e+01  1.344986e+01  0.000000e+00
     vertex  2.400000e+01  1.350000e+01  1.510000e+00
     vertex  2.444504e+01  1.344986e+01  1.510000e+00
   endloop
 endfacet
 facet normal  3.302787e-01  9.438835e-01 -0.000000e+00
   outer loop
     vertex  2.486777e+01  1.330194e+01  0.000000e+00
     vertex  2.444504e+01  1.344986e+01  1.510000e+00
     vertex  2.486777e+01  1.330194e+01  1.510000e+00
   endloop
 endfacet
 facet normal  3.302787e-01  9.438835e-01  0.000000e+00
   outer loop
     vertex  2.486777e+01  1.330194e+01  0.000000e+00
     vertex  2.444504e+01  1.344986e+01  0.000000e+00
     vertex  2.444504e+01  1.344986e+01  1.510000e+00
   endloop
 endfacet
 facet normal  5.320319e-01  8.467243e-01 -0.000000e+00
   outer loop
     vertex  2.524698e+01  1.306366e+01  0.000000e+00
     vertex  2.486777e+01  1.330194e+01  1.510000e+00
     vertex  2.524698e+01  1.306366e+01  1.510000e+00
   endloop
 endfacet
 facet normal  5.320319e-01  8.467243e-01  0.000000e+00
   outer loop
     vertex  2.524698e+01  1.306366e+01  0.000000e+00
     vertex  2.486777e+01  1.330194e+01  0.000000e+00
     vertex  2.486777e+01  1.330194e+01  1.510000e+00
   endloop
 endfacet
 facet normal  7.071068e-01  7.071068e-01 -0.000000e+00
   outer loop
     vertex  2.556366e+01  1.274698e+01  0.000000e+00
     vertex  2.524698e+01  1.306366e+01  1.510000e+00
     vertex  2.556366e+01  1.274698e+01  1.510000e+00
   endloop
 endfacet
 facet normal  7.071068e-01  7.071068e-01  0.000000e+00
   outer loop
     vertex  2.556366e+01  1.274698e+01  0.000000e+00
     vertex  2.524698e+01  1.306366e+01  0.000000e+00
     vertex  2.524698e+01  1.306366e+01  1.510000e+00
   endloop
 endfacet
 facet normal  8.467243e-01  5.320319e-01 -0.000000e+00
   outer loop
     vertex  2.580194e+01  1.236777e+01  0.000000e+00
     vertex  2.556366e+01  1.274698e+01  1.510000e+00
     vertex  2.580194e+01  1.236777e+01  1.510000e+00
   endloop
 endfacet
 facet normal  8.467243e-01  5.320319e-01  0.000000e+00
   outer loop
     vertex  2.580194e+01  1.236777e+01  0.000000e+00
     vertex  2.556366e+01  1.274698e+01  0.000000e+00
     vertex  2.556366e+01  1.274698e+01  1.510000e+00
   endloop
 endfacet
 facet normal  9.438835e-01  3.302787e-01 -0.000000e+00
   outer loop
     vertex  2.594986e+01  1.194504e+01  0.000000e+00
     vertex  2.580194e+01  1.236777e+01  1.510000e+00
     vertex  2.594986e+01  1.194504e+01  1.510000e+00
   endloop
 endfacet
 facet normal  9.937123e-01  1.119638e-01 -0.000000e+00
   outer loop
     vertex  2.594986e+01  1.194504e+01  0.000000e+00
     vertex  2.594986e+01  1.194504e+01  1.510000e+00
     vertex  2.600000e+01  1.150000e+01  1.510000e+00
   endloop
 endfacet
 facet normal  9.438835e-01  3.302787e-01  0.000000e+00
   outer loop
     vertex  2.594986e+01  1.194504e+01  0.000000e+00
     vertex  2.580194e+01  1.236777e+01  0.000000e+00
     vertex  2.580194e+01  1.236777e+01  1.510000e+00
   endloop
 endfacet
 facet normal  9.937123e-01  1.119638e-01 -0.000000e+00
   outer loop
     vertex  2.600000e+01  1.150000e+01  0.000000e+00
     vertex  2.594986e+01  1.194504e+01  0.000000e+00
     vertex  2.600000e+01  1.150000e+01  1.510000e+00
   endloop
 endfacet
 facet normal  0.000000e+00  1.000000e+00  0.000000e+00
   outer loop
     vertex  2.400000e+01  1.350000e+01  0.000000e+00
     vertex -2.400000e+01  1.350000e+01  0.000000e+00
     vertex -2.400000e+01  1.350000e+01  1.510000e+00
   endloop
 endfacet
 facet normal  0.000000e+00  1.000000e+00 -0.000000e+00
   outer loop
     vertex  2.400000e+01  1.350000e+01  0.000000e+00
     vertex -2.400000e+01  1.350000e+01  1.510000e+00
     vertex  2.400000e+01  1.350000e+01  1.510000e+00
   endloop
 endfacet
 facet normal  1.000000e+00  0.000000e+00  0.000000e+00
   outer loop
     vertex  2.600000e+01 -1.150000e+01  0.000000e+00
     vertex  2.600000e+01  1.150000e+01  0.000000e+00
     vertex  2.600000e+01  1.150000e+01  1.510000e+00
   endloop
 endfacet
 facet normal  1.000000e+00  0.000000e+00  0.000000e+00
   outer loop
     vertex  2.600000e+01 -1.150000e+01  0.000000e+00
     vertex  2.600000e+01  1.150000e+01  1.510000e+00
     vertex  2.600000e+01 -1.150000e+01  1.510000e+00
   endloop
 endfacet
 facet normal  0.000000e+00  0.000000e+00 -1.000000e+00
   outer loop
     vertex -2.313137e+01 -1.063137e+01  0.000000e+00
     vertex -2.400000e+01 -1.350000e+01  0.000000e+00
     vertex -2.444504e+01 -1.344986e+01  0.000000e+00
   endloop
 endfacet
 facet normal  0.000000e+00  0.000000e+00 -1.000000e+00
   outer loop
     vertex -2.313137e+01 -1.063137e+01  0.000000e+00
     vertex -2.444504e+01 -1.344986e+01  0.000000e+00
     vertex -2.486777e+01 -1.330194e+01  0.000000e+00
   endloop
 endfacet
 facet normal  0.000000e+00  0.000000e+00 -1.000000e+00
   outer loop
     vertex -2.313137e+01 -1.063137e+01  0.000000e+00
     vertex -2.486777e+01 -1.330194e+01  0.000000e+00
     vertex -2.524698e+01 -1.306366e+01  0.000000e+00
   endloop
 endfacet
 facet normal  0.000000e+00  0.000000e+00 -1.000000e+00
   outer loop
     vertex -2.313137e+01 -1.063137e+01  0.000000e+00
     vertex -2.524698e+01 -1.306366e+01  0.000000e+00
     vertex -2.556366e+01 -1.274698e+01  0.000000e+00
   endloop
 endfacet
 facet normal  0.000000e+00  0.000000e+00 -1.000000e+00
   outer loop
     vertex -2.313137e+01 -1.063137e+01  0.000000e+00
     vertex -2.556366e+01 -1.274698e+01  0.000000e+00
     vertex -2.580194e+01 -1.236777e+01  0.000000e+00
   endloop
 endfacet
 facet normal  0.000000e+00  0.000000e+00 -1.000000e+00
   outer loop
     vertex -2.313137e+01 -1.063137e+01  0.000000e+00
     vertex -2.580194e+01 -1.236777e+01  0.000000e+00
     vertex -2.594986e+01 -1.194504e+01  0.000000e+00
   endloop
 endfacet
 facet normal  0.000000e+00  0.000000e+00 -1.000000e+00
   outer loop
     vertex -2.313137e+01 -1.063137e+01  0.000000e+00
     vertex -2.594986e+01 -1.194504e+01  0.000000e+00
     vertex -2.600000e+01 -1.150000e+01  0.000000e+00
   endloop
 endfacet
 facet normal -0.000000e+00  0.000000e+00 -1.000000e+00
   outer loop
     vertex -2.280000e+01 -1.088564e+01  0.000000e+00
     vertex -2.400000e+01 -1.350000e+01  0.000000e+00
     vertex -2.313137e+01 -1.063137e+01  0.000000e+00
   endloop
 endfacet
 facet normal  0.000000e+00 -0.000000e+00 -1.000000e+00
   outer loop
     vertex -2.338564e+01 -1.030000e+01  0.000000e+00
     vertex -2.313137e+01 -1.063137e+01  0.000000e+00
     vertex -2.600000e+01 -1.150000e+01  0.000000e+00
   endloop
 endfacet
 facet normal  0.000000e+00 -0.000000e+00 -1.000000e+00
   outer loop
     vertex -2.354548e+01 -9.914110e+00  0.000000e+00
     vertex -2.338564e+01 -1.030000e+01  0.000000e+00
     vertex -2.600000e+01 -1.150000e+01  0.000000e+00
   endloop
 endfacet
 facet normal -0.000000e+00  0.000000e+00 -1.000000e+00
   outer loop
     vertex -2.241411e+01 -1.104548e+01  0.000000e+00
     vertex -2.400000e+01 -1.350000e+01  0.000000e+00
     vertex -2.280000e+01 -1.088564e+01  0.000000e+00
   endloop
 endfacet
 facet normal  0.000000e+00 -0.000000e+00 -1.000000e+00
   outer loop
     vertex -2.360000e+01 -9.500000e+00  0.000000e+00
     vertex -2.354548e+01 -9.914110e+00  0.000000e+00
     vertex -2.600000e+01 -1.150000e+01  0.000000e+00
   endloop
 endfacet
 facet normal -0.000000e+00  0.000000e+00 -1.000000e+00
   outer loop
     vertex -2.200000e+01 -1.110000e+01  0.000000e+00
     vertex -2.400000e+01 -1.350000e+01  0.000000e+00
     vertex -2.241411e+01 -1.104548e+01  0.000000e+00
   endloop
 endfacet
 facet normal  0.000000e+00  0.000000e+00 -1.000000e+00
   outer loop
     vertex -2.354548e+01 -9.085890e+00  0.000000e+00
     vertex -2.360000e+01 -9.500000e+00  0.000000e+00
     vertex -2.600000e+01 -1.150000e+01  0.000000e+00
   endloop
 endfacet
 facet normal  0.000000e+00  0.000000e+00 -1.000000e+00
   outer loop
     vertex -2.158589e+01 -1.104548e+01  0.000000e+00
     vertex -2.400000e+01 -1.350000e+01  0.000000e+00
     vertex -2.200000e+01 -1.110000e+01  0.000000e+00
   endloop
 endfacet
 facet normal  0.000000e+00  0.000000e+00 -1.000000e+00
   outer loop
     vertex -2.338564e+01 -8.700000e+00  0.000000e+00
     vertex -2.354548e+01 -9.085890e+00  0.000000e+00
     vertex -2.600000e+01 -1.150000e+01  0.000000e+00
   endloop
 endfacet
 facet normal  0.000000e+00  0.000000e+00 -1.000000e+00
   outer loop
     vertex -2.120000e+01 -1.088564e+01  0.000000e+00
     vertex -2.400000e+01 -1.350000e+01  0.000000e+00
     vertex -2.158589e+01 -1.104548e+01  0.000000e+00
   endloop
 endfacet
 facet normal  0.000000e+00  0.000000e+00 -1.000000e+00
   outer loop
     vertex -1.585355e+01 -6.853553e+00  0.000000e+00
     vertex -2.040000e+01 -9.500000e+00  0.000000e+00
     vertex -2.045452e+01 -9.085890e+00  0.000000e+00
   endloop
 endfacet
 facet normal -0.000000e+00  0.000000e+00 -1.000000e+00
   outer loop
     vertex -1.575000e+01 -6.933013e+00  0.000000e+00
     vertex -2.040000e+01 -9.500000e+00  0.000000e+00
     vertex -1.585355e+01 -6.853553e+00  0.000000e+00
   endloop
 endfacet
 facet normal  0.000000e+00 -0.000000e+00 -1.000000e+00
   outer loop
     vertex -1.593301e+01 -6.750000e+00  0.000000e+00
     vertex -1.585355e+01 -6.853553e+00  0.000000e+00
     vertex -2.045452e+01 -9.085890e+00  0.000000e+00
   endloop
 endfacet
 facet normal  0.000000e+00  0.000000e+00 -1.000000e+00
   outer loop
     vertex -1.593301e+01 -6.750000e+00  0.000000e+00
     vertex -2.045452e+01 -9.085890e+00  0.000000e+00
     vertex -2.061436e+01 -8.700000e+00  0.000000e+00
   endloop
 endfacet
 facet normal  0.000000e+00 -0.000000e+00 -1.000000e+00
   outer loop
     vertex -1.598296e+01 -6.629410e+00  0.000000e+00
     vertex -1.593301e+01 -6.750000e+00  0.000000e+00
     vertex -2.061436e+01 -8.700000e+00  0.000000e+00
   endloop
 endfacet
 facet normal  0.000000e+00  0.000000e+00 -1.000000e+00
   outer loop
     vertex -1.598296e+01 -6.629410e+00  0.000000e+00
     vertex -2.061436e+01 -8.700000e+00  0.000000e+00
     vertex -2.086863e+01 -8.368629e+00  0.000000e+00
   endloop
 endfacet
 facet normal -0.000000e+00  0.000000e+00 -1.000000e+00
   outer loop
     vertex -1.562941e+01 -6.982963e+00  0.000000e+00
     vertex -2.040000e+01 -9.500000e+00  0.000000e+00
     vertex -1.575000e+01 -6.933013e+00  0.000000e+00
   endloop
 endfacet
 facet normal  0.000000e+00  0.000000e+00 -1.000000e+00
   outer loop
     vertex -1.562941e+01 -6.982963e+00  0.000000e+00
     vertex -2.045452e+01 -9.914110e+00  0.000000e+00
     vertex -2.040000e+01 -9.500000e+00  0.000000e+00
   endloop
 endfacet
 facet normal  0.000000e+00 -0.000000e+00 -1.000000e+00
   outer loop
     vertex -1.600000e+01 -6.500000e+00  0.000000e+00
     vertex -1.598296e+01 -6.629410e+00  0.000000e+00
     vertex -2.086863e+01 -8.368629e+00  0.000000e+00
   endloop
 endfacet
 facet normal -0.000000e+00  0.000000e+00 -1.000000e+00
   outer loop
     vertex -1.550000e+01 -7.000000e+00  0.000000e+00
     vertex -2.045452e+01 -9.914110e+00  0.000000e+00
     vertex -1.562941e+01 -6.982963e+00  0.000000e+00
   endloop
 endfacet
 facet normal  0.000000e+00  0.000000e+00 -1.000000e+00
   outer loop
     vertex -1.550000e+01 -7.000000e+00  0.000000e+00
     vertex -2.061436e+01 -1.030000e+01  0.000000e+00
     vertex -2.045452e+01 -9.914110e+00  0.000000e+00
   endloop
 endfacet
 facet normal  0.000000e+00  0.000000e+00 -1.000000e+00
   outer loop
     vertex -1.598296e+01 -6.370590e+00  0.000000e+00
     vertex -2.086863e+01 -8.368629e+00  0.000000e+00
     vertex -2.120000e+01 -8.114359e+00  0.000000e+00
   endloop
 endfacet
 facet normal  0.000000e+00  0.000000e+00 -1.000000e+00
   outer loop
     vertex -1.598296e+01 -6.370590e+00  0.000000e+00
     vertex -1.600000e+01 -6.500000e+00  0.000000e+00
     vertex -2.086863e+01 -8.368629e+00  0.000000e+00
   endloop
 endfacet
 facet normal  0.000000e+00  0.000000e+00 -1.000000e+00
   outer loop
     vertex -1.537059e+01 -6.982963e+00  0.000000e+00
     vertex -2.061436e+01 -1.030000e+01  0.000000e+00
     vertex -1.550000e+01 -7.000000e+00  0.000000e+00
   endloop
 endfacet
 facet normal  0.000000e+00  0.000000e+00 -1.000000e+00
   outer loop
     vertex -1.593301e+01 -6.250000e+00  0.000000e+00
     vertex -1.598296e+01 -6.370590e+00  0.000000e+00
     vertex -2.120000e+01 -8.114359e+00  0.000000e+00
   endloop
 endfacet
 facet normal  0.000000e+00  0.000000e+00 -1.000000e+00
   outer loop
     vertex -1.593301e+01 -6.250000e+00  0.000000e+00
     vertex -2.120000e+01 -8.114359e+00  0.000000e+00
     vertex -2.158589e+01 -7.954519e+00  0.000000e+00
   endloop
 endfacet
 facet normal  0.000000e+00  0.000000e+00 -1.000000e+00
   outer loop
     vertex -2.261658e+01  1.037030e+00  0.000000e+00
     vertex -2.280000e+01 -8.114359e+00  0.000000e+00
     vertex -2.313137e+01 -8.368629e+00  0.000000e+00
   endloop
 endfacet
 facet normal  0.000000e+00 -0.000000e+00 -1.000000e+00
   outer loop
     vertex -2.251096e+01  9.559810e-01  0.000000e+00
     vertex -2.241411e+01 -7.954519e+00  0.000000e+00
     vertex -2.280000e+01 -8.114359e+00  0.000000e+00
   endloop
 endfacet
 facet normal -0.000000e+00  0.000000e+00 -1.000000e+00
   outer loop
     vertex -2.251096e+01  9.559810e-01  0.000000e+00
     vertex -2.280000e+01 -8.114359e+00  0.000000e+00
     vertex -2.261658e+01  1.037030e+00  0.000000e+00
   endloop
 endfacet
 facet normal  0.000000e+00  0.000000e+00 -1.000000e+00
   outer loop
     vertex -2.269763e+01  1.142654e+00  0.000000e+00
     vertex -2.313137e+01 -8.368629e+00  0.000000e+00
     vertex -2.338564e+01 -8.700000e+00  0.000000e+00
   endloop
 endfacet
 facet normal  0.000000e+00  0.000000e+00 -1.000000e+00
   outer loop
     vertex -2.269763e+01  1.142654e+00  0.000000e+00
     vertex -2.338564e+01 -8.700000e+00  0.000000e+00
     vertex -2.600000e+01 -1.150000e+01  0.000000e+00
   endloop
 endfacet
 facet normal  0.000000e+00 -0.000000e+00 -1.000000e+00
   outer loop
     vertex -2.269763e+01  1.142654e+00  0.000000e+00
     vertex -2.261658e+01  1.037030e+00  0.000000e+00
     vertex -2.313137e+01 -8.368629e+00  0.000000e+00
   endloop
 endfacet
 facet normal -0.000000e+00  0.000000e+00 -1.000000e+00
   outer loop
     vertex -2.238795e+01  9.050318e-01  0.000000e+00
     vertex -2.241411e+01 -7.954519e+00  0.000000e+00
     vertex -2.251096e+01  9.559810e-01  0.000000e+00
   endloop
 endfacet
 facet normal  0.000000e+00 -0.000000e+00 -1.000000e+00
   outer loop
     vertex -2.274858e+01  1.265656e+00  0.000000e+00
     vertex -2.269763e+01  1.142654e+00  0.000000e+00
     vertex -2.600000e+01 -1.150000e+01  0.000000e+00
   endloop
 endfacet
 facet normal  0.000000e+00 -0.000000e+00 -1.000000e+00
   outer loop
     vertex -2.225596e+01  8.876540e-01  0.000000e+00
     vertex -2.200000e+01 -7.900000e+00  0.000000e+00
     vertex -2.241411e+01 -7.954519e+00  0.000000e+00
   endloop
 endfacet
 facet normal -0.000000e+00  0.000000e+00 -1.000000e+00
   outer loop
     vertex -2.225596e+01  8.876540e-01  0.000000e+00
     vertex -2.241411e+01 -7.954519e+00  0.000000e+00
     vertex -2.238795e+01  9.050318e-01  0.000000e+00
   endloop
 endfacet
 facet normal  0.000000e+00 -0.000000e+00 -1.000000e+00
   outer loop
     vertex -2.276596e+01  1.397654e+00  0.000000e+00
     vertex -2.274858e+01  1.265656e+00  0.000000e+00
     vertex -2.600000e+01 -1.150000e+01  0.000000e+00
   endloop
 endfacet
 facet normal  0.000000e+00  0.000000e+00 -1.000000e+00
   outer loop
     vertex -2.212396e+01  9.050318e-01  0.000000e+00
     vertex -2.158589e+01 -7.954519e+00  0.000000e+00
     vertex -2.200000e+01 -7.900000e+00  0.000000e+00
   endloop
 endfacet
 facet normal  0.000000e+00 -0.000000e+00 -1.000000e+00
   outer loop
     vertex -2.212396e+01  9.050318e-01  0.000000e+00
     vertex -2.200000e+01 -7.900000e+00  0.000000e+00
     vertex -2.225596e+01  8.876540e-01  0.000000e+00
   endloop
 endfacet
 facet normal  0.000000e+00 -0.000000e+00 -1.000000e+00
   outer loop
     vertex -1.343301e+01 -6.750000e+00  0.000000e+00
     vertex -1.335355e+01 -6.853553e+00  0.000000e+00
     vertex -1.514645e+01 -6.853553e+00  0.000000e+00
   endloop
 endfacet
 facet normal -0.000000e+00  0.000000e+00 -1.000000e+00
   outer loop
     vertex -1.343301e+01 -6.750000e+00  0.000000e+00
     vertex -1.514645e+01 -6.853553e+00  0.000000e+00
     vertex -1.506699e+01 -6.750000e+00  0.000000e+00
   endloop
 endfacet
 facet normal  0.000000e+00  0.000000e+00 -1.000000e+00
   outer loop
     vertex -1.325000e+01 -6.933013e+00  0.000000e+00
     vertex -1.514645e+01 -6.853553e+00  0.000000e+00
     vertex -1.335355e+01 -6.853553e+00  0.000000e+00
   endloop
 endfacet
 facet normal  0.000000e+00  0.000000e+00 -1.000000e+00
   outer loop
     vertex -1.325000e+01 -6.933013e+00  0.000000e+00
     vertex -1.525000e+01 -6.933013e+00  0.000000e+00
     vertex -1.514645e+01 -6.853553e+00  0.000000e+00
   endloop
 endfacet
 facet normal -0.000000e+00  0.000000e+00 -1.000000e+00
   outer loop
     vertex -1.325000e+01 -6.933013e+00  0.000000e+00
     vertex -1.537059e+01 -6.982963e+00  0.000000e+00
     vertex -1.525000e+01 -6.933013e+00  0.000000e+00
   endloop
 endfacet
 facet normal -0.000000e+00  0.000000e+00 -1.000000e+00
   outer loop
     vertex -1.312941e+01 -6.982963e+00  0.000000e+00
     vertex -2.061436e+01 -1.030000e+01  0.000000e+00
     vertex -1.537059e+01 -6.982963e+00  0.000000e+00
   endloop
 endfacet
 facet normal  0.000000e+00  0.000000e+00 -1.000000e+00
   outer loop
     vertex -1.312941e+01 -6.982963e+00  0.000000e+00
     vertex -1.537059e+01 -6.982963e+00  0.000000e+00
     vertex -1.325000e+01 -6.933013e+00  0.000000e+00
   endloop
 endfacet
 facet normal  0.000000e+00 -0.000000e+00 -1.000000e+00
   outer loop
     vertex -1.348296e+01 -6.629410e+00  0.000000e+00
     vertex -1.343301e+01 -6.750000e+00  0.000000e+00
     vertex -1.506699e+01 -6.750000e+00  0.000000e+00
   endloop
 endfacet
 facet normal  0.000000e+00  0.000000e+00 -1.000000e+00
   outer loop
     vertex -1.348296e+01 -6.629410e+00  0.000000e+00
     vertex -1.501704e+01 -6.629410e+00  0.000000e+00
     vertex -1.500000e+01 -6.500000e+00  0.000000e+00
   endloop
 endfacet
 facet normal -0.000000e+00  0.000000e+00 -1.000000e+00
   outer loop
     vertex -1.348296e+01 -6.629410e+00  0.000000e+00
     vertex -1.506699e+01 -6.750000e+00  0.000000e+00
     vertex -1.501704e+01 -6.629410e+00  0.000000e+00
   endloop
 endfacet
 facet normal -0.000000e+00  0.000000e+00 -1.000000e+00
   outer loop
     vertex -1.300000e+01 -7.000000e+00  0.000000e+00
     vertex -2.061436e+01 -1.030000e+01  0.000000e+00
     vertex -1.312941e+01 -6.982963e+00  0.000000e+00
   endloop
 endfacet
 facet normal  0.000000e+00  0.000000e+00 -1.000000e+00
   outer loop
     vertex -1.300000e+01 -7.000000e+00  0.000000e+00
     vertex -2.086863e+01 -1.063137e+01  0.000000e+00
     vertex -2.061436e+01 -1.030000e+01  0.000000e+00
   endloop
 endfacet
 facet normal -0.000000e+00 -0.000000e+00 -1.000000e+00
   outer loop
     vertex -1.350000e+01 -6.500000e+00  0.000000e+00
     vertex -1.348296e+01 -6.629410e+00  0.000000e+00
     vertex -1.500000e+01 -6.500000e+00  0.000000e+00
   endloop
 endfacet
 facet normal  0.000000e+00  0.000000e+00 -1.000000e+00
   outer loop
     vertex -1.348296e+01 -6.370590e+00  0.000000e+00
     vertex -1.350000e+01 -6.500000e+00  0.000000e+00
     vertex -1.500000e+01 -6.500000e+00  0.000000e+00
   endloop
 endfacet
 facet normal -0.000000e+00  0.000000e+00 -1.000000e+00
   outer loop
     vertex -1.348296e+01 -6.370590e+00  0.000000e+00
     vertex -1.500000e+01 -6.500000e+00  0.000000e+00
     vertex -1.501704e+01 -6.370590e+00  0.000000e+00
   endloop
 endfacet
 facet normal  0.000000e+00  0.000000e+00 -1.000000e+00
   outer loop
     vertex -1.343301e+01 -6.250000e+00  0.000000e+00
     vertex -1.348296e+01 -6.370590e+00  0.000000e+00
     vertex -1.501704e+01 -6.370590e+00  0.000000e+00
   endloop
 endfacet
 facet normal  0.000000e+00  0.000000e+00 -1.000000e+00
   outer loop
     vertex -1.343301e+01 -6.250000e+00  0.000000e+00
     vertex -1.506699e+01 -6.250000e+00  0.000000e+00
     vertex -1.514645e+01 -6.146447e+00  0.000000e+00
   endloop
 endfacet
 facet normal -0.000000e+00  0.000000e+00 -1.000000e+00
   outer loop
     vertex -1.343301e+01 -6.250000e+00  0.000000e+00
     vertex -1.501704e+01 -6.370590e+00  0.000000e+00
     vertex -1.506699e+01 -6.250000e+00  0.000000e+00
   endloop
 endfacet
 facet normal  0.000000e+00  0.000000e+00 -1.000000e+00
   outer loop
     vertex -1.335355e+01 -6.146447e+00  0.000000e+00
     vertex -1.343301e+01 -6.250000e+00  0.000000e+00
     vertex -1.514645e+01 -6.146447e+00  0.000000e+00
   endloop
 endfacet
 facet normal  0.000000e+00  0.000000e+00 -1.000000e+00
   outer loop
     vertex -1.325000e+01 -6.066987e+00  0.000000e+00
     vertex -1.335355e+01 -6.146447e+00  0.000000e+00
     vertex -1.514645e+01 -6.146447e+00  0.000000e+00
   endloop
 endfacet
 facet normal  0.000000e+00  0.000000e+00 -1.000000e+00
   outer loop
     vertex -1.325000e+01 -6.066987e+00  0.000000e+00
     vertex -1.514645e+01 -6.146447e+00  0.000000e+00
     vertex -1.525000e+01 -6.066987e+00  0.000000e+00
   endloop
 endfacet
 facet normal  0.000000e+00  0.000000e+00 -1.000000e+00
   outer loop
     vertex -1.312941e+01 -6.017037e+00  0.000000e+00
     vertex -1.325000e+01 -6.066987e+00  0.000000e+00
     vertex -1.525000e+01 -6.066987e+00  0.000000e+00
   endloop
 endfacet
 facet normal -0.000000e+00  0.000000e+00 -1.000000e+00
   outer loop
     vertex -1.312941e+01 -6.017037e+00  0.000000e+00
     vertex -1.525000e+01 -6.066987e+00  0.000000e+00
     vertex -1.537059e+01 -6.017037e+00  0.000000e+00
   endloop
 endfacet
 facet normal  0.000000e+00  0.000000e+00 -1.000000e+00
   outer loop
     vertex -1.175000e+01 -6.933013e+00  0.000000e+00
     vertex -1.275000e+01 -6.933013e+00  0.000000e+00
     vertex -1.264645e+01 -6.853553e+00  0.000000e+00
   endloop
 endfacet
 facet normal  0.000000e+00  0.000000e+00 -1.000000e+00
   outer loop
     vertex -1.175000e+01 -6.933013e+00  0.000000e+00
     vertex -1.264645e+01 -6.853553e+00  0.000000e+00
     vertex -1.185355e+01 -6.853553e+00  0.000000e+00
   endloop
 endfacet
 facet normal -0.000000e+00  0.000000e+00 -1.000000e+00
   outer loop
     vertex -1.193301e+01 -6.750000e+00  0.000000e+00
     vertex -1.264645e+01 -6.853553e+00  0.000000e+00
     vertex -1.256699e+01 -6.750000e+00  0.000000e+00
   endloop
 endfacet
 facet normal  0.000000e+00 -0.000000e+00 -1.000000e+00
   outer loop
     vertex -1.193301e+01 -6.750000e+00  0.000000e+00
     vertex -1.185355e+01 -6.853553e+00  0.000000e+00
     vertex -1.264645e+01 -6.853553e+00  0.000000e+00
   endloop
 endfacet
 facet normal  0.000000e+00 -0.000000e+00 -1.000000e+00
   outer loop
     vertex -1.198296e+01 -6.629410e+00  0.000000e+00
     vertex -1.193301e+01 -6.750000e+00  0.000000e+00
     vertex -1.256699e+01 -6.750000e+00  0.000000e+00
   endloop
 endfacet
 facet normal -0.000000e+00  0.000000e+00 -1.000000e+00
   outer loop
     vertex -1.198296e+01 -6.629410e+00  0.000000e+00
     vertex -1.256699e+01 -6.750000e+00  0.000000e+00
     vertex -1.251704e+01 -6.629410e+00  0.000000e+00
   endloop
 endfacet
 facet normal  0.000000e+00  0.000000e+00 -1.000000e+00
   outer loop
     vertex -1.162941e+01 -6.982963e+00  0.000000e+00
     vertex -1.287059e+01 -6.982963e+00  0.000000e+00
     vertex -1.275000e+01 -6.933013e+00  0.000000e+00
   endloop
 endfacet
 facet normal  0.000000e+00  0.000000e+00 -1.000000e+00
   outer loop
     vertex -1.162941e+01 -6.982963e+00  0.000000e+00
     vertex -1.275000e+01 -6.933013e+00  0.000000e+00
     vertex -1.175000e+01 -6.933013e+00  0.000000e+00
   endloop
 endfacet
 facet normal -0.000000e+00  0.000000e+00 -1.000000e+00
   outer loop
     vertex -2.251096e+01  3.955981e+00  0.000000e+00
     vertex -2.261658e+01  1.758278e+00  0.000000e+00
     vertex -2.261658e+01  4.037030e+00  0.000000e+00
   endloop
 endfacet
 facet normal  0.000000e+00 -0.000000e+00 -1.000000e+00
   outer loop
     vertex -2.251096e+01  3.955981e+00  0.000000e+00
     vertex -2.251096e+01  1.839327e+00  0.000000e+00
     vertex -2.261658e+01  1.758278e+00  0.000000e+00
   endloop
 endfacet
 facet normal -0.000000e+00  0.000000e+00 -1.000000e+00
   outer loop
     vertex -1.951096e+01  9.559810e-01  0.000000e+00
     vertex -2.200096e+01  9.559810e-01  0.000000e+00
     vertex -2.189533e+01  1.037030e+00  0.000000e+00
   endloop
 endfacet
 facet normal  0.000000e+00  0.000000e+00 -1.000000e+00
   outer loop
     vertex -1.951096e+01  9.559810e-01  0.000000e+00
     vertex -2.189533e+01  1.037030e+00  0.000000e+00
     vertex -1.961658e+01  1.037030e+00  0.000000e+00
   endloop
 endfacet
 facet normal -0.000000e+00  0.000000e+00 -1.000000e+00
   outer loop
     vertex -1.969763e+01  1.142654e+00  0.000000e+00
     vertex -2.181428e+01  1.142654e+00  0.000000e+00
     vertex -2.176333e+01  1.265656e+00  0.000000e+00
   endloop
 endfacet
 facet normal  0.000000e+00  0.000000e+00 -1.000000e+00
   outer loop
     vertex -1.969763e+01  1.142654e+00  0.000000e+00
     vertex -2.189533e+01  1.037030e+00  0.000000e+00
     vertex -2.181428e+01  1.142654e+00  0.000000e+00
   endloop
 endfacet
 facet normal  0.000000e+00 -0.000000e+00 -1.000000e+00
   outer loop
     vertex -1.969763e+01  1.142654e+00  0.000000e+00
     vertex -1.961658e+01  1.037030e+00  0.000000e+00
     vertex -2.189533e+01  1.037030e+00  0.000000e+00
   endloop
 endfacet
 facet normal  0.000000e+00  0.000000e+00 -1.000000e+00
   outer loop
     vertex -2.269763e+01  4.142654e+00  0.000000e+00
     vertex -2.261658e+01  4.037030e+00  0.000000e+00
     vertex -2.261658e+01  1.758278e+00  0.000000e+00
   endloop
 endfacet
 facet normal  0.000000e+00 -0.000000e+00 -1.000000e+00
   outer loop
     vertex -2.269763e+01  4.142654e+00  0.000000e+00
     vertex -2.269763e+01  1.652654e+00  0.000000e+00
     vertex -2.274858e+01  1.529652e+00  0.000000e+00
   endloop
 endfacet
 facet normal  0.000000e+00  0.000000e+00 -1.000000e+00
   outer loop
     vertex -2.269763e+01  4.142654e+00  0.000000e+00
     vertex -2.261658e+01  1.758278e+00  0.000000e+00
     vertex -2.269763e+01  1.652654e+00  0.000000e+00
   endloop
 endfacet
 facet normal  0.000000e+00 -0.000000e+00 -1.000000e+00
   outer loop
     vertex -1.200000e+01 -6.500000e+00  0.000000e+00
     vertex -1.198296e+01 -6.629410e+00  0.000000e+00
     vertex -1.251704e+01 -6.629410e+00  0.000000e+00
   endloop
 endfacet
 facet normal -0.000000e+00  0.000000e+00 -1.000000e+00
   outer loop
     vertex -1.200000e+01 -6.500000e+00  0.000000e+00
     vertex -1.251704e+01 -6.629410e+00  0.000000e+00
     vertex -1.250000e+01 -6.500000e+00  0.000000e+00
   endloop
 endfacet
 facet normal  0.000000e+00  0.000000e+00 -1.000000e+00
   outer loop
     vertex -1.150000e+01 -7.000000e+00  0.000000e+00
     vertex -1.300000e+01 -7.000000e+00  0.000000e+00
     vertex -1.287059e+01 -6.982963e+00  0.000000e+00
   endloop
 endfacet
 facet normal  0.000000e+00  0.000000e+00 -1.000000e+00
   outer loop
     vertex -1.150000e+01 -7.000000e+00  0.000000e+00
     vertex -1.287059e+01 -6.982963e+00  0.000000e+00
     vertex -1.162941e+01 -6.982963e+00  0.000000e+00
   endloop
 endfacet
 facet normal -0.000000e+00  0.000000e+00 -1.000000e+00
   outer loop
     vertex -1.150000e+01 -7.000000e+00  0.000000e+00
     vertex -2.086863e+01 -1.063137e+01  0.000000e+00
     vertex -1.300000e+01 -7.000000e+00  0.000000e+00
   endloop
 endfacet
 facet normal  0.000000e+00  0.000000e+00 -1.000000e+00
   outer loop
     vertex -1.938795e+01  9.050318e-01  0.000000e+00
     vertex -2.158589e+01 -7.954519e+00  0.000000e+00
     vertex -2.212396e+01  9.050318e-01  0.000000e+00
   endloop
 endfacet
 facet normal  0.000000e+00  0.000000e+00 -1.000000e+00
   outer loop
     vertex -1.938795e+01  9.050318e-01  0.000000e+00
     vertex -2.200096e+01  9.559810e-01  0.000000e+00
     vertex -1.951096e+01  9.559810e-01  0.000000e+00
   endloop
 endfacet
 facet normal -0.000000e+00  0.000000e+00 -1.000000e+00
   outer loop
     vertex -1.938795e+01  9.050318e-01  0.000000e+00
     vertex -2.212396e+01  9.050318e-01  0.000000e+00
     vertex -2.200096e+01  9.559810e-01  0.000000e+00
   endloop
 endfacet
 facet normal  0.000000e+00 -0.000000e+00 -1.000000e+00
   outer loop
     vertex -2.238795e+01  3.905032e+00  0.000000e+00
     vertex -2.238795e+01  1.890276e+00  0.000000e+00
     vertex -2.251096e+01  1.839327e+00  0.000000e+00
   endloop
 endfacet
 facet normal -0.000000e+00  0.000000e+00 -1.000000e+00
   outer loop
     vertex -2.238795e+01  3.905032e+00  0.000000e+00
     vertex -2.251096e+01  1.839327e+00  0.000000e+00
     vertex -2.251096e+01  3.955981e+00  0.000000e+00
   endloop
 endfacet
 facet normal  0.000000e+00  0.000000e+00 -1.000000e+00
   outer loop
     vertex -2.274858e+01  4.265656e+00  0.000000e+00
     vertex -2.269763e+01  4.142654e+00  0.000000e+00
     vertex -2.274858e+01  1.529652e+00  0.000000e+00
   endloop
 endfacet
 facet normal  0.000000e+00 -0.000000e+00 -1.000000e+00
   outer loop
     vertex -2.274858e+01  4.265656e+00  0.000000e+00
     vertex -2.274858e+01  1.529652e+00  0.000000e+00
     vertex -2.276596e+01  1.397654e+00  0.000000e+00
   endloop
 endfacet
 facet normal  0.000000e+00 -0.000000e+00 -1.000000e+00
   outer loop
     vertex -1.974858e+01  1.265656e+00  0.000000e+00
     vertex -1.969763e+01  1.142654e+00  0.000000e+00
     vertex -2.176333e+01  1.265656e+00  0.000000e+00
   endloop
 endfacet
 facet normal  0.000000e+00 -0.000000e+00 -1.000000e+00
   outer loop
     vertex -1.925596e+01  8.876540e-01  0.000000e+00
     vertex -1.593301e+01 -6.250000e+00  0.000000e+00
     vertex -2.158589e+01 -7.954519e+00  0.000000e+00
   endloop
 endfacet
 facet normal  0.000000e+00  0.000000e+00 -1.000000e+00
   outer loop
     vertex -1.925596e+01  8.876540e-01  0.000000e+00
     vertex -1.585355e+01 -6.146447e+00  0.000000e+00
     vertex -1.593301e+01 -6.250000e+00  0.000000e+00
   endloop
 endfacet
 facet normal -0.000000e+00  0.000000e+00 -1.000000e+00
   outer loop
     vertex -1.925596e+01  8.876540e-01  0.000000e+00
     vertex -2.158589e+01 -7.954519e+00  0.000000e+00
     vertex -1.938795e+01  9.050318e-01  0.000000e+00
   endloop
 endfacet
 facet normal  0.000000e+00 -0.000000e+00 -1.000000e+00
   outer loop
     vertex -2.225596e+01  3.887654e+00  0.000000e+00
     vertex -2.225596e+01  1.907654e+00  0.000000e+00
     vertex -2.238795e+01  1.890276e+00  0.000000e+00
   endloop
 endfacet
 facet normal  0.000000e+00  0.000000e+00 -1.000000e+00
   outer loop
     vertex -2.225596e+01  3.887654e+00  0.000000e+00
     vertex -2.212396e+01  1.890276e+00  0.000000e+00
     vertex -2.225596e+01  1.907654e+00  0.000000e+00
   endloop
 endfacet
 facet normal -0.000000e+00  0.000000e+00 -1.000000e+00
   outer loop
     vertex -2.225596e+01  3.887654e+00  0.000000e+00
     vertex -2.238795e+01  1.890276e+00  0.000000e+00
     vertex -2.238795e+01  3.905032e+00  0.000000e+00
   endloop
 endfacet
 facet normal  0.000000e+00 -0.000000e+00 -1.000000e+00
   outer loop
     vertex -1.976596e+01  1.397654e+00  0.000000e+00
     vertex -1.974858e+01  1.265656e+00  0.000000e+00
     vertex -2.176333e+01  1.265656e+00  0.000000e+00
   endloop
 endfacet
 facet normal -0.000000e+00  0.000000e+00 -1.000000e+00
   outer loop
     vertex -1.976596e+01  1.397654e+00  0.000000e+00
     vertex -2.174596e+01  1.397654e+00  0.000000e+00
     vertex -2.176333e+01  1.529652e+00  0.000000e+00
   endloop
 endfacet
 facet normal  0.000000e+00  0.000000e+00 -1.000000e+00
   outer loop
     vertex -1.976596e+01  1.397654e+00  0.000000e+00
     vertex -2.176333e+01  1.265656e+00  0.000000e+00
     vertex -2.174596e+01  1.397654e+00  0.000000e+00
   endloop
 endfacet
 facet normal  0.000000e+00  0.000000e+00 -1.000000e+00
   outer loop
     vertex -2.276596e+01  4.397654e+00  0.000000e+00
     vertex -2.274858e+01  4.265656e+00  0.000000e+00
     vertex -2.276596e+01  1.397654e+00  0.000000e+00
   endloop
 endfacet
 facet normal  0.000000e+00  0.000000e+00 -1.000000e+00
   outer loop
     vertex -1.198296e+01 -6.370590e+00  0.000000e+00
     vertex -1.200000e+01 -6.500000e+00  0.000000e+00
     vertex -1.250000e+01 -6.500000e+00  0.000000e+00
   endloop
 endfacet
 facet normal -0.000000e+00  0.000000e+00 -1.000000e+00
   outer loop
     vertex -1.198296e+01 -6.370590e+00  0.000000e+00
     vertex -1.250000e+01 -6.500000e+00  0.000000e+00
     vertex -1.251704e+01 -6.370590e+00  0.000000e+00
   endloop
 endfacet
 facet normal  0.000000e+00  0.000000e+00 -1.000000e+00
   outer loop
     vertex -2.212396e+01  3.905032e+00  0.000000e+00
     vertex -2.200096e+01  1.839327e+00  0.000000e+00
     vertex -2.212396e+01  1.890276e+00  0.000000e+00
   endloop
 endfacet
 facet normal  0.000000e+00 -0.000000e+00 -1.000000e+00
   outer loop
     vertex -2.212396e+01  3.905032e+00  0.000000e+00
     vertex -2.212396e+01  1.890276e+00  0.000000e+00
     vertex -2.225596e+01  3.887654e+00  0.000000e+00
   endloop
 endfacet
 facet normal  0.000000e+00  0.000000e+00 -1.000000e+00
   outer loop
     vertex -1.912396e+01  9.050318e-01  0.000000e+00
     vertex -1.575000e+01 -6.066987e+00  0.000000e+00
     vertex -1.585355e+01 -6.146447e+00  0.000000e+00
   endloop
 endfacet
 facet normal  0.000000e+00 -0.000000e+00 -1.000000e+00
   outer loop
     vertex -1.912396e+01  9.050318e-01  0.000000e+00
     vertex -1.585355e+01 -6.146447e+00  0.000000e+00
     vertex -1.925596e+01  8.876540e-01  0.000000e+00
   endloop
 endfacet
 facet normal  0.000000e+00  0.000000e+00 -1.000000e+00
   outer loop
     vertex -1.974858e+01  1.529652e+00  0.000000e+00
     vertex -1.976596e+01  1.397654e+00  0.000000e+00
     vertex -2.176333e+01  1.529652e+00  0.000000e+00
   endloop
 endfacet
 facet normal  0.000000e+00  0.000000e+00 -1.000000e+00
   outer loop
     vertex -1.193301e+01 -6.250000e+00  0.000000e+00
     vertex -1.198296e+01 -6.370590e+00  0.000000e+00
     vertex -1.251704e+01 -6.370590e+00  0.000000e+00
   endloop
 endfacet
 facet normal -0.000000e+00  0.000000e+00 -1.000000e+00
   outer loop
     vertex -1.193301e+01 -6.250000e+00  0.000000e+00
     vertex -1.251704e+01 -6.370590e+00  0.000000e+00
     vertex -1.256699e+01 -6.250000e+00  0.000000e+00
   endloop
 endfacet
 facet normal  0.000000e+00 -0.000000e+00 -1.000000e+00
   outer loop
     vertex -2.200096e+01  3.955981e+00  0.000000e+00
     vertex -2.200096e+01  1.839327e+00  0.000000e+00
     vertex -2.212396e+01  3.905032e+00  0.000000e+00
   endloop
 endfacet
 facet normal  0.000000e+00  0.000000e+00 -1.000000e+00
   outer loop
     vertex -1.969763e+01  1.652654e+00  0.000000e+00
     vertex -2.176333e+01  1.529652e+00  0.000000e+00
     vertex -2.181428e+01  1.652654e+00  0.000000e+00
   endloop
 endfacet
 facet normal  0.000000e+00  0.000000e+00 -1.000000e+00
   outer loop
     vertex -1.969763e+01  1.652654e+00  0.000000e+00
     vertex -1.974858e+01  1.529652e+00  0.000000e+00
     vertex -2.176333e+01  1.529652e+00  0.000000e+00
   endloop
 endfacet
 facet normal  0.000000e+00  0.000000e+00 -1.000000e+00
   outer loop
     vertex -1.185355e+01 -6.146447e+00  0.000000e+00
     vertex -1.193301e+01 -6.250000e+00  0.000000e+00
     vertex -1.256699e+01 -6.250000e+00  0.000000e+00
   endloop
 endfacet
 facet normal  0.000000e+00  0.000000e+00 -1.000000e+00
   outer loop
     vertex -1.185355e+01 -6.146447e+00  0.000000e+00
     vertex -1.256699e+01 -6.250000e+00  0.000000e+00
     vertex -1.264645e+01 -6.146447e+00  0.000000e+00
   endloop
 endfacet
 facet normal  0.000000e+00  0.000000e+00 -1.000000e+00
   outer loop
     vertex -2.189533e+01  4.037030e+00  0.000000e+00
     vertex -2.200096e+01  1.839327e+00  0.000000e+00
     vertex -2.200096e+01  3.955981e+00  0.000000e+00
   endloop
 endfacet
 facet normal  0.000000e+00 -0.000000e+00 -1.000000e+00
   outer loop
     vertex -2.189533e+01  4.037030e+00  0.000000e+00
     vertex -2.189533e+01  1.758278e+00  0.000000e+00
     vertex -2.200096e+01  1.839327e+00  0.000000e+00
   endloop
 endfacet
 facet normal  0.000000e+00  0.000000e+00 -1.000000e+00
   outer loop
     vertex -1.961658e+01  1.758278e+00  0.000000e+00
     vertex -1.969763e+01  1.652654e+00  0.000000e+00
     vertex -2.181428e+01  1.652654e+00  0.000000e+00
   endloop
 endfacet
 facet normal  0.000000e+00  0.000000e+00 -1.000000e+00
   outer loop
     vertex -1.961658e+01  1.758278e+00  0.000000e+00
     vertex -2.181428e+01  1.652654e+00  0.000000e+00
     vertex -2.189533e+01  1.758278e+00  0.000000e+00
   endloop
 endfacet
 facet normal  0.000000e+00  0.000000e+00 -1.000000e+00
   outer loop
     vertex -1.175000e+01 -6.066987e+00  0.000000e+00
     vertex -1.185355e+01 -6.146447e+00  0.000000e+00
     vertex -1.264645e+01 -6.146447e+00  0.000000e+00
   endloop
 endfacet
 facet normal -0.000000e+00  0.000000e+00 -1.000000e+00
   outer loop
     vertex -1.175000e+01 -6.066987e+00  0.000000e+00
     vertex -1.275000e+01 -6.066987e+00  0.000000e+00
     vertex -1.287059e+01 -6.017037e+00  0.000000e+00
   endloop
 endfacet
 facet normal  0.000000e+00  0.000000e+00 -1.000000e+00
   outer loop
     vertex -1.175000e+01 -6.066987e+00  0.000000e+00
     vertex -1.264645e+01 -6.146447e+00  0.000000e+00
     vertex -1.275000e+01 -6.066987e+00  0.000000e+00
   endloop
 endfacet
 facet normal -0.000000e+00  0.000000e+00 -1.000000e+00
   outer loop
     vertex -1.162941e+01 -6.017037e+00  0.000000e+00
     vertex -1.175000e+01 -6.066987e+00  0.000000e+00
     vertex -1.287059e+01 -6.017037e+00  0.000000e+00
   endloop
 endfacet
 facet normal  0.000000e+00  0.000000e+00 -1.000000e+00
   outer loop
     vertex -9.750000e+00 -6.933013e+00  0.000000e+00
     vertex -1.125000e+01 -6.933013e+00  0.000000e+00
     vertex -1.114645e+01 -6.853553e+00  0.000000e+00
   endloop
 endfacet
 facet normal -0.000000e+00  0.000000e+00 -1.000000e+00
   outer loop
     vertex -9.750000e+00 -6.933013e+00  0.000000e+00
     vertex -1.137059e+01 -6.982963e+00  0.000000e+00
     vertex -1.125000e+01 -6.933013e+00  0.000000e+00
   endloop
 endfacet
 facet normal  0.000000e+00  0.000000e+00 -1.000000e+00
   outer loop
     vertex -9.750000e+00 -6.933013e+00  0.000000e+00
     vertex -1.114645e+01 -6.853553e+00  0.000000e+00
     vertex -9.853553e+00 -6.853553e+00  0.000000e+00
   endloop
 endfacet
 facet normal -0.000000e+00  0.000000e+00 -1.000000e+00
   outer loop
     vertex -9.933013e+00 -6.750000e+00  0.000000e+00
     vertex -1.114645e+01 -6.853553e+00  0.000000e+00
     vertex -1.106699e+01 -6.750000e+00  0.000000e+00
   endloop
 endfacet
 facet normal  0.000000e+00 -0.000000e+00 -1.000000e+00
   outer loop
     vertex -9.933013e+00 -6.750000e+00  0.000000e+00
     vertex -9.853553e+00 -6.853553e+00  0.000000e+00
     vertex -1.114645e+01 -6.853553e+00  0.000000e+00
   endloop
 endfacet
 facet normal  0.000000e+00  0.000000e+00 -1.000000e+00
   outer loop
     vertex -9.982963e+00 -6.629410e+00  0.000000e+00
     vertex -1.101704e+01 -6.629410e+00  0.000000e+00
     vertex -1.100000e+01 -6.500000e+00  0.000000e+00
   endloop
 endfacet
 facet normal -0.000000e+00  0.000000e+00 -1.000000e+00
   outer loop
     vertex -9.982963e+00 -6.629410e+00  0.000000e+00
     vertex -1.106699e+01 -6.750000e+00  0.000000e+00
     vertex -1.101704e+01 -6.629410e+00  0.000000e+00
   endloop
 endfacet
 facet normal  0.000000e+00 -0.000000e+00 -1.000000e+00
   outer loop
     vertex -9.982963e+00 -6.629410e+00  0.000000e+00
     vertex -9.933013e+00 -6.750000e+00  0.000000e+00
     vertex -1.106699e+01 -6.750000e+00  0.000000e+00
   endloop
 endfacet
 facet normal  0.000000e+00  0.000000e+00 -1.000000e+00
   outer loop
     vertex -9.629410e+00 -6.982963e+00  0.000000e+00
     vertex -1.137059e+01 -6.982963e+00  0.000000e+00
     vertex -9.750000e+00 -6.933013e+00  0.000000e+00
   endloop
 endfacet
 facet normal  0.000000e+00  0.000000e+00 -1.000000e+00
   outer loop
     vertex -9.500000e+00 -7.000000e+00  0.000000e+00
     vertex -1.150000e+01 -7.000000e+00  0.000000e+00
     vertex -1.137059e+01 -6.982963e+00  0.000000e+00
   endloop
 endfacet
 facet normal  0.000000e+00  0.000000e+00 -1.000000e+00
   outer loop
     vertex -9.500000e+00 -7.000000e+00  0.000000e+00
     vertex -2.120000e+01 -1.088564e+01  0.000000e+00
     vertex -2.086863e+01 -1.063137e+01  0.000000e+00
   endloop
 endfacet
 facet normal -0.000000e+00  0.000000e+00 -1.000000e+00
   outer loop
     vertex -9.500000e+00 -7.000000e+00  0.000000e+00
     vertex -2.086863e+01 -1.063137e+01  0.000000e+00
     vertex -1.150000e+01 -7.000000e+00  0.000000e+00
   endloop
 endfacet
 facet normal  0.000000e+00  0.000000e+00 -1.000000e+00
   outer loop
     vertex -9.500000e+00 -7.000000e+00  0.000000e+00
     vertex -2.400000e+01 -1.350000e+01  0.000000e+00
     vertex -2.120000e+01 -1.088564e+01  0.000000e+00
   endloop
 endfacet
 facet normal  0.000000e+00  0.000000e+00 -1.000000e+00
   outer loop
     vertex -9.500000e+00 -7.000000e+00  0.000000e+00
     vertex -1.137059e+01 -6.982963e+00  0.000000e+00
     vertex -9.629410e+00 -6.982963e+00  0.000000e+00
   endloop
 endfacet
 facet normal -0.000000e+00 -0.000000e+00 -1.000000e+00
   outer loop
     vertex -1.000000e+01 -6.500000e+00  0.000000e+00
     vertex -9.982963e+00 -6.629410e+00  0.000000e+00
     vertex -1.100000e+01 -6.500000e+00  0.000000e+00
   endloop
 endfacet
 facet normal -0.000000e+00  0.000000e+00 -1.000000e+00
   outer loop
     vertex -9.982963e+00 -6.370590e+00  0.000000e+00
     vertex -1.100000e+01 -6.500000e+00  0.000000e+00
     vertex -1.101704e+01 -6.370590e+00  0.000000e+00
   endloop
 endfacet
 facet normal  0.000000e+00  0.000000e+00 -1.000000e+00
   outer loop
     vertex -9.982963e+00 -6.370590e+00  0.000000e+00
     vertex -1.000000e+01 -6.500000e+00  0.000000e+00
     vertex -1.100000e+01 -6.500000e+00  0.000000e+00
   endloop
 endfacet
 facet normal  0.000000e+00  0.000000e+00 -1.000000e+00
   outer loop
     vertex -9.370590e+00 -6.982963e+00  0.000000e+00
     vertex -2.400000e+01 -1.350000e+01  0.000000e+00
     vertex -9.500000e+00 -7.000000e+00  0.000000e+00
   endloop
 endfacet
 facet normal  0.000000e+00  0.000000e+00 -1.000000e+00
   outer loop
     vertex -9.933013e+00 -6.250000e+00  0.000000e+00
     vertex -1.106699e+01 -6.250000e+00  0.000000e+00
     vertex -1.114645e+01 -6.146447e+00  0.000000e+00
   endloop
 endfacet
 facet normal -0.000000e+00  0.000000e+00 -1.000000e+00
   outer loop
     vertex -9.933013e+00 -6.250000e+00  0.000000e+00
     vertex -1.101704e+01 -6.370590e+00  0.000000e+00
     vertex -1.106699e+01 -6.250000e+00  0.000000e+00
   endloop
 endfacet
 facet normal  0.000000e+00  0.000000e+00 -1.000000e+00
   outer loop
     vertex -9.933013e+00 -6.250000e+00  0.000000e+00
     vertex -9.982963e+00 -6.370590e+00  0.000000e+00
     vertex -1.101704e+01 -6.370590e+00  0.000000e+00
   endloop
 endfacet
 facet normal  0.000000e+00  0.000000e+00 -1.000000e+00
   outer loop
     vertex -9.853553e+00 -6.146447e+00  0.000000e+00
     vertex -9.933013e+00 -6.250000e+00  0.000000e+00
     vertex -1.114645e+01 -6.146447e+00  0.000000e+00
   endloop
 endfacet
 facet normal -0.000000e+00  0.000000e+00 -1.000000e+00
   outer loop
     vertex -9.853553e+00 -6.146447e+00  0.000000e+00
     vertex -1.114645e+01 -6.146447e+00  0.000000e+00
     vertex -1.125000e+01 -6.066987e+00  0.000000e+00
   endloop
 endfacet
 facet normal  0.000000e+00  0.000000e+00 -1.000000e+00
   outer loop
     vertex -9.750000e+00 -6.066987e+00  0.000000e+00
     vertex -9.853553e+00 -6.146447e+00  0.000000e+00
     vertex -1.125000e+01 -6.066987e+00  0.000000e+00
   endloop
 endfacet
 facet normal -0.000000e+00  0.000000e+00 -1.000000e+00
   outer loop
     vertex -9.629410e+00 -6.017037e+00  0.000000e+00
     vertex -1.125000e+01 -6.066987e+00  0.000000e+00
     vertex -1.137059e+01 -6.017037e+00  0.000000e+00
   endloop
 endfacet
 facet normal  0.000000e+00  0.000000e+00 -1.000000e+00
   outer loop
     vertex -9.629410e+00 -6.017037e+00  0.000000e+00
     vertex -9.750000e+00 -6.066987e+00  0.000000e+00
     vertex -1.125000e+01 -6.066987e+00  0.000000e+00
   endloop
 endfacet
 facet normal -0.000000e+00  0.000000e+00 -1.000000e+00
   outer loop
     vertex -1.661658e+01  1.037030e+00  0.000000e+00
     vertex -1.889533e+01  1.037030e+00  0.000000e+00
     vertex -1.881428e+01  1.142654e+00  0.000000e+00
   endloop
 endfacet
 facet normal -0.000000e+00  0.000000e+00 -1.000000e+00
   outer loop
     vertex -1.961658e+01  4.037030e+00  0.000000e+00
     vertex -2.189533e+01  4.037030e+00  0.000000e+00
     vertex -2.181428e+01  4.142654e+00  0.000000e+00
   endloop
 endfacet
 facet normal  0.000000e+00  0.000000e+00 -1.000000e+00
   outer loop
     vertex -1.961658e+01  4.037030e+00  0.000000e+00
     vertex -2.189533e+01  1.758278e+00  0.000000e+00
     vertex -2.189533e+01  4.037030e+00  0.000000e+00
   endloop
 endfacet
 facet normal  0.000000e+00 -0.000000e+00 -1.000000e+00
   outer loop
     vertex -1.961658e+01  4.037030e+00  0.000000e+00
     vertex -1.961658e+01  1.758278e+00  0.000000e+00
     vertex -2.189533e+01  1.758278e+00  0.000000e+00
   endloop
 endfacet
 facet normal -0.000000e+00  0.000000e+00 -1.000000e+00
   outer loop
     vertex -1.951096e+01  3.955981e+00  0.000000e+00
     vertex -1.961658e+01  1.758278e+00  0.000000e+00
     vertex -1.961658e+01  4.037030e+00  0.000000e+00
   endloop
 endfacet
 facet normal  0.000000e+00 -0.000000e+00 -1.000000e+00
   outer loop
     vertex -1.951096e+01  3.955981e+00  0.000000e+00
     vertex -1.951096e+01  1.839327e+00  0.000000e+00
     vertex -1.961658e+01  1.758278e+00  0.000000e+00
   endloop
 endfacet
 facet normal  0.000000e+00  0.000000e+00 -1.000000e+00
   outer loop
     vertex -1.951096e+01  3.955981e+00  0.000000e+00
     vertex -1.938795e+01  1.890276e+00  0.000000e+00
     vertex -1.951096e+01  1.839327e+00  0.000000e+00
   endloop
 endfacet
 facet normal  0.000000e+00  0.000000e+00 -1.000000e+00
   outer loop
     vertex -1.651096e+01  9.559810e-01  0.000000e+00
     vertex -1.889533e+01  1.037030e+00  0.000000e+00
     vertex -1.661658e+01  1.037030e+00  0.000000e+00
   endloop
 endfacet
 facet normal -0.000000e+00  0.000000e+00 -1.000000e+00
   outer loop
     vertex -1.651096e+01  9.559810e-01  0.000000e+00
     vertex -1.900096e+01  9.559810e-01  0.000000e+00
     vertex -1.889533e+01  1.037030e+00  0.000000e+00
   endloop
 endfacet
 facet normal  0.000000e+00 -0.000000e+00 -1.000000e+00
   outer loop
     vertex -1.969763e+01  4.142654e+00  0.000000e+00
     vertex -1.961658e+01  4.037030e+00  0.000000e+00
     vertex -2.181428e+01  4.142654e+00  0.000000e+00
   endloop
 endfacet
 facet normal -0.000000e+00  0.000000e+00 -1.000000e+00
   outer loop
     vertex -1.669763e+01  1.142654e+00  0.000000e+00
     vertex -1.881428e+01  1.142654e+00  0.000000e+00
     vertex -1.876333e+01  1.265656e+00  0.000000e+00
   endloop
 endfacet
 facet normal  0.000000e+00 -0.000000e+00 -1.000000e+00
   outer loop
     vertex -1.669763e+01  1.142654e+00  0.000000e+00
     vertex -1.661658e+01  1.037030e+00  0.000000e+00
     vertex -1.881428e+01  1.142654e+00  0.000000e+00
   endloop
 endfacet
 facet normal  0.000000e+00  0.000000e+00 -1.000000e+00
   outer loop
     vertex -1.638795e+01  9.050318e-01  0.000000e+00
     vertex -1.900096e+01  9.559810e-01  0.000000e+00
     vertex -1.651096e+01  9.559810e-01  0.000000e+00
   endloop
 endfacet
 facet normal  0.000000e+00  0.000000e+00 -1.000000e+00
   outer loop
     vertex -1.638795e+01  9.050318e-01  0.000000e+00
     vertex -1.562941e+01 -6.017037e+00  0.000000e+00
     vertex -1.575000e+01 -6.066987e+00  0.000000e+00
   endloop
 endfacet
 facet normal -0.000000e+00  0.000000e+00 -1.000000e+00
   outer loop
     vertex -1.638795e+01  9.050318e-01  0.000000e+00
     vertex -1.912396e+01  9.050318e-01  0.000000e+00
     vertex -1.900096e+01  9.559810e-01  0.000000e+00
   endloop
 endfacet
 facet normal  0.000000e+00 -0.000000e+00 -1.000000e+00
   outer loop
     vertex -1.638795e+01  9.050318e-01  0.000000e+00
     vertex -1.575000e+01 -6.066987e+00  0.000000e+00
     vertex -1.912396e+01  9.050318e-01  0.000000e+00
   endloop
 endfacet
 facet normal -0.000000e+00 -0.000000e+00 -1.000000e+00
   outer loop
     vertex -1.938795e+01  3.905032e+00  0.000000e+00
     vertex -1.938795e+01  1.890276e+00  0.000000e+00
     vertex -1.951096e+01  3.955981e+00  0.000000e+00
   endloop
 endfacet
 facet normal -0.000000e+00  0.000000e+00 -1.000000e+00
   outer loop
     vertex -1.974858e+01  4.265656e+00  0.000000e+00
     vertex -2.176333e+01  4.265656e+00  0.000000e+00
     vertex -2.174596e+01  4.397654e+00  0.000000e+00
   endloop
 endfacet
 facet normal  0.000000e+00  0.000000e+00 -1.000000e+00
   outer loop
     vertex -1.974858e+01  4.265656e+00  0.000000e+00
     vertex -2.181428e+01  4.142654e+00  0.000000e+00
     vertex -2.176333e+01  4.265656e+00  0.000000e+00
   endloop
 endfacet
 facet normal  0.000000e+00 -0.000000e+00 -1.000000e+00
   outer loop
     vertex -1.974858e+01  4.265656e+00  0.000000e+00
     vertex -1.969763e+01  4.142654e+00  0.000000e+00
     vertex -2.181428e+01  4.142654e+00  0.000000e+00
   endloop
 endfacet
 facet normal  0.000000e+00 -0.000000e+00 -1.000000e+00
   outer loop
     vertex -1.674858e+01  1.265656e+00  0.000000e+00
     vertex -1.669763e+01  1.142654e+00  0.000000e+00
     vertex -1.876333e+01  1.265656e+00  0.000000e+00
   endloop
 endfacet
 facet normal -0.000000e+00  0.000000e+00 -1.000000e+00
   outer loop
     vertex -1.925596e+01  3.887654e+00  0.000000e+00
     vertex -1.938795e+01  1.890276e+00  0.000000e+00
     vertex -1.938795e+01  3.905032e+00  0.000000e+00
   endloop
 endfacet
 facet normal  0.000000e+00 -0.000000e+00 -1.000000e+00
   outer loop
     vertex -1.925596e+01  3.887654e+00  0.000000e+00
     vertex -1.925596e+01  1.907654e+00  0.000000e+00
     vertex -1.938795e+01  1.890276e+00  0.000000e+00
   endloop
 endfacet
 facet normal  0.000000e+00  0.000000e+00 -1.000000e+00
   outer loop
     vertex -1.925596e+01  3.887654e+00  0.000000e+00
     vertex -1.912396e+01  1.890276e+00  0.000000e+00
     vertex -1.925596e+01  1.907654e+00  0.000000e+00
   endloop
 endfacet
 facet normal -0.000000e+00 -0.000000e+00 -1.000000e+00
   outer loop
     vertex -1.625596e+01  8.876540e-01  0.000000e+00
     vertex -1.562941e+01 -6.017037e+00  0.000000e+00
     vertex -1.638795e+01  9.050318e-01  0.000000e+00
   endloop
 endfacet
 facet normal  0.000000e+00  0.000000e+00 -1.000000e+00
   outer loop
     vertex -1.625596e+01  8.876540e-01  0.000000e+00
     vertex -1.550000e+01 -6.000000e+00  0.000000e+00
     vertex -1.562941e+01 -6.017037e+00  0.000000e+00
   endloop
 endfacet
 facet normal  0.000000e+00 -0.000000e+00 -1.000000e+00
   outer loop
     vertex -1.976596e+01  4.397654e+00  0.000000e+00
     vertex -1.974858e+01  4.265656e+00  0.000000e+00
     vertex -2.174596e+01  4.397654e+00  0.000000e+00
   endloop
 endfacet
 facet normal  0.000000e+00 -0.000000e+00 -1.000000e+00
   outer loop
     vertex -1.676596e+01  1.397654e+00  0.000000e+00
     vertex -1.674858e+01  1.265656e+00  0.000000e+00
     vertex -1.876333e+01  1.265656e+00  0.000000e+00
   endloop
 endfacet
 facet normal -0.000000e+00  0.000000e+00 -1.000000e+00
   outer loop
     vertex -1.676596e+01  1.397654e+00  0.000000e+00
     vertex -1.874596e+01  1.397654e+00  0.000000e+00
     vertex -1.876333e+01  1.529652e+00  0.000000e+00
   endloop
 endfacet
 facet normal  0.000000e+00  0.000000e+00 -1.000000e+00
   outer loop
     vertex -1.676596e+01  1.397654e+00  0.000000e+00
     vertex -1.876333e+01  1.265656e+00  0.000000e+00
     vertex -1.874596e+01  1.397654e+00  0.000000e+00
   endloop
 endfacet
 facet normal  0.000000e+00  0.000000e+00 -1.000000e+00
   outer loop
     vertex -1.612396e+01  9.050318e-01  0.000000e+00
     vertex -1.537059e+01 -6.017037e+00  0.000000e+00
     vertex -1.550000e+01 -6.000000e+00  0.000000e+00
   endloop
 endfacet
 facet normal  0.000000e+00 -0.000000e+00 -1.000000e+00
   outer loop
     vertex -1.612396e+01  9.050318e-01  0.000000e+00
     vertex -1.550000e+01 -6.000000e+00  0.000000e+00
     vertex -1.625596e+01  8.876540e-01  0.000000e+00
   endloop
 endfacet
 facet normal  0.000000e+00 -0.000000e+00 -1.000000e+00
   outer loop
     vertex -1.912396e+01  3.905032e+00  0.000000e+00
     vertex -1.912396e+01  1.890276e+00  0.000000e+00
     vertex -1.925596e+01  3.887654e+00  0.000000e+00
   endloop
 endfacet
 facet normal  0.000000e+00  0.000000e+00 -1.000000e+00
   outer loop
     vertex -1.974858e+01  4.529652e+00  0.000000e+00
     vertex -1.976596e+01  4.397654e+00  0.000000e+00
     vertex -2.174596e+01  4.397654e+00  0.000000e+00
   endloop
 endfacet
 facet normal  0.000000e+00  0.000000e+00 -1.000000e+00
   outer loop
     vertex -1.974858e+01  4.529652e+00  0.000000e+00
     vertex -2.174596e+01  4.397654e+00  0.000000e+00
     vertex -2.176333e+01  4.529652e+00  0.000000e+00
   endloop
 endfacet
 facet normal  0.000000e+00  0.000000e+00 -1.000000e+00
   outer loop
     vertex -1.674858e+01  1.529652e+00  0.000000e+00
     vertex -1.676596e+01  1.397654e+00  0.000000e+00
     vertex -1.876333e+01  1.529652e+00  0.000000e+00
   endloop
 endfacet
 facet normal  0.000000e+00  0.000000e+00 -1.000000e+00
   outer loop
     vertex -1.900096e+01  3.955981e+00  0.000000e+00
     vertex -1.912396e+01  1.890276e+00  0.000000e+00
     vertex -1.912396e+01  3.905032e+00  0.000000e+00
   endloop
 endfacet
 facet normal  0.000000e+00 -0.000000e+00 -1.000000e+00
   outer loop
     vertex -1.900096e+01  3.955981e+00  0.000000e+00
     vertex -1.900096e+01  1.839327e+00  0.000000e+00
     vertex -1.912396e+01  1.890276e+00  0.000000e+00
   endloop
 endfacet
 facet normal  0.000000e+00  0.000000e+00 -1.000000e+00
   outer loop
     vertex -1.600096e+01  9.559810e-01  0.000000e+00
     vertex -1.312941e+01 -6.017037e+00  0.000000e+00
     vertex -1.537059e+01 -6.017037e+00  0.000000e+00
   endloop
 endfacet
 facet normal  0.000000e+00 -0.000000e+00 -1.000000e+00
   outer loop
     vertex -1.600096e+01  9.559810e-01  0.000000e+00
     vertex -1.537059e+01 -6.017037e+00  0.000000e+00
     vertex -1.612396e+01  9.050318e-01  0.000000e+00
   endloop
 endfacet
 facet normal  0.000000e+00  0.000000e+00 -1.000000e+00
   outer loop
     vertex -1.600096e+01  9.559810e-01  0.000000e+00
     vertex -1.300000e+01 -6.000000e+00  0.000000e+00
     vertex -1.312941e+01 -6.017037e+00  0.000000e+00
   endloop
 endfacet
 facet normal  0.000000e+00  0.000000e+00 -1.000000e+00
   outer loop
     vertex -1.669763e+01  1.652654e+00  0.000000e+00
     vertex -1.876333e+01  1.529652e+00  0.000000e+00
     vertex -1.881428e+01  1.652654e+00  0.000000e+00
   endloop
 endfacet
 facet normal  0.000000e+00  0.000000e+00 -1.000000e+00
   outer loop
     vertex -1.669763e+01  1.652654e+00  0.000000e+00
     vertex -1.674858e+01  1.529652e+00  0.000000e+00
     vertex -1.876333e+01  1.529652e+00  0.000000e+00
   endloop
 endfacet
 facet normal  0.000000e+00  0.000000e+00 -1.000000e+00
   outer loop
     vertex -1.969763e+01  4.652654e+00  0.000000e+00
     vertex -1.974858e+01  4.529652e+00  0.000000e+00
     vertex -2.176333e+01  4.529652e+00  0.000000e+00
   endloop
 endfacet
 facet normal  0.000000e+00  0.000000e+00 -1.000000e+00
   outer loop
     vertex -1.969763e+01  4.652654e+00  0.000000e+00
     vertex -2.176333e+01  4.529652e+00  0.000000e+00
     vertex -2.181428e+01  4.652654e+00  0.000000e+00
   endloop
 endfacet
 facet normal  0.000000e+00 -0.000000e+00 -1.000000e+00
   outer loop
     vertex -1.889533e+01  4.037030e+00  0.000000e+00
     vertex -1.889533e+01  1.758278e+00  0.000000e+00
     vertex -1.900096e+01  1.839327e+00  0.000000e+00
   endloop
 endfacet
 facet normal  0.000000e+00  0.000000e+00 -1.000000e+00
   outer loop
     vertex -1.889533e+01  4.037030e+00  0.000000e+00
     vertex -1.900096e+01  1.839327e+00  0.000000e+00
     vertex -1.900096e+01  3.955981e+00  0.000000e+00
   endloop
 endfacet
 facet normal  0.000000e+00 -0.000000e+00 -1.000000e+00
   outer loop
     vertex -1.589533e+01  1.037030e+00  0.000000e+00
     vertex -1.300000e+01 -6.000000e+00  0.000000e+00
     vertex -1.600096e+01  9.559810e-01  0.000000e+00
   endloop
 endfacet
 facet normal  0.000000e+00  0.000000e+00 -1.000000e+00
   outer loop
     vertex -1.589533e+01  1.037030e+00  0.000000e+00
     vertex -1.287059e+01 -6.017037e+00  0.000000e+00
     vertex -1.300000e+01 -6.000000e+00  0.000000e+00
   endloop
 endfacet
 facet normal  0.000000e+00  0.000000e+00 -1.000000e+00
   outer loop
     vertex -1.961658e+01  4.758278e+00  0.000000e+00
     vertex -2.181428e+01  4.652654e+00  0.000000e+00
     vertex -2.189533e+01  4.758278e+00  0.000000e+00
   endloop
 endfacet
 facet normal  0.000000e+00  0.000000e+00 -1.000000e+00
   outer loop
     vertex -1.961658e+01  4.758278e+00  0.000000e+00
     vertex -1.969763e+01  4.652654e+00  0.000000e+00
     vertex -2.181428e+01  4.652654e+00  0.000000e+00
   endloop
 endfacet
 facet normal  0.000000e+00  0.000000e+00 -1.000000e+00
   outer loop
     vertex -1.661658e+01  1.758278e+00  0.000000e+00
     vertex -1.881428e+01  1.652654e+00  0.000000e+00
     vertex -1.889533e+01  1.758278e+00  0.000000e+00
   endloop
 endfacet
 facet normal  0.000000e+00  0.000000e+00 -1.000000e+00
   outer loop
     vertex -1.661658e+01  1.758278e+00  0.000000e+00
     vertex -1.669763e+01  1.652654e+00  0.000000e+00
     vertex -1.881428e+01  1.652654e+00  0.000000e+00
   endloop
 endfacet
 facet normal  0.000000e+00  0.000000e+00 -1.000000e+00
   outer loop
     vertex -1.581428e+01  1.142654e+00  0.000000e+00
     vertex -1.150000e+01 -6.000000e+00  0.000000e+00
     vertex -1.162941e+01 -6.017037e+00  0.000000e+00
   endloop
 endfacet
 facet normal  0.000000e+00  0.000000e+00 -1.000000e+00
   outer loop
     vertex -1.581428e+01  1.142654e+00  0.000000e+00
     vertex -1.162941e+01 -6.017037e+00  0.000000e+00
     vertex -1.287059e+01 -6.017037e+00  0.000000e+00
   endloop
 endfacet
 facet normal  0.000000e+00 -0.000000e+00 -1.000000e+00
   outer loop
     vertex -1.581428e+01  1.142654e+00  0.000000e+00
     vertex -1.287059e+01 -6.017037e+00  0.000000e+00
     vertex -1.589533e+01  1.037030e+00  0.000000e+00
   endloop
 endfacet
 facet normal  0.000000e+00  0.000000e+00 -1.000000e+00
   outer loop
     vertex -2.600000e+01  1.150000e+01  0.000000e+00
     vertex -2.276596e+01  4.397654e+00  0.000000e+00
     vertex -2.276596e+01  1.397654e+00  0.000000e+00
   endloop
 endfacet
 facet normal  0.000000e+00  0.000000e+00 -1.000000e+00
   outer loop
     vertex -2.600000e+01  1.150000e+01  0.000000e+00
     vertex -2.274858e+01  4.529652e+00  0.000000e+00
     vertex -2.276596e+01  4.397654e+00  0.000000e+00
   endloop
 endfacet
 facet normal  0.000000e+00  0.000000e+00 -1.000000e+00
   outer loop
     vertex -2.600000e+01  1.150000e+01  0.000000e+00
     vertex -2.269763e+01  4.652654e+00  0.000000e+00
     vertex -2.274858e+01  4.529652e+00  0.000000e+00
   endloop
 endfacet
 facet normal  0.000000e+00  0.000000e+00 -1.000000e+00
   outer loop
     vertex -2.600000e+01  1.150000e+01  0.000000e+00
     vertex -2.261658e+01  4.758278e+00  0.000000e+00
     vertex -2.269763e+01  4.652654e+00  0.000000e+00
   endloop
 endfacet
 facet normal  0.000000e+00  0.000000e+00 -1.000000e+00
   outer loop
     vertex -2.600000e+01  1.150000e+01  0.000000e+00
     vertex -2.251096e+01  4.839327e+00  0.000000e+00
     vertex -2.261658e+01  4.758278e+00  0.000000e+00
   endloop
 endfacet
 facet normal  0.000000e+00  0.000000e+00 -1.000000e+00
   outer loop
     vertex -2.600000e+01  1.150000e+01  0.000000e+00
     vertex -2.276596e+01  1.397654e+00  0.000000e+00
     vertex -2.600000e+01 -1.150000e+01  0.000000e+00
   endloop
 endfacet
 facet normal  0.000000e+00  0.000000e+00 -1.000000e+00
   outer loop
     vertex -1.576333e+01  1.265656e+00  0.000000e+00
     vertex -1.137059e+01 -6.017037e+00  0.000000e+00
     vertex -1.150000e+01 -6.000000e+00  0.000000e+00
   endloop
 endfacet
 facet normal  0.000000e+00  0.000000e+00 -1.000000e+00
   outer loop
     vertex -1.576333e+01  1.265656e+00  0.000000e+00
     vertex -9.629410e+00 -6.017037e+00  0.000000e+00
     vertex -1.137059e+01 -6.017037e+00  0.000000e+00
   endloop
 endfacet
 facet normal  0.000000e+00  0.000000e+00 -1.000000e+00
   outer loop
     vertex -1.576333e+01  1.265656e+00  0.000000e+00
     vertex -9.500000e+00 -6.000000e+00  0.000000e+00
     vertex -9.629410e+00 -6.017037e+00  0.000000e+00
   endloop
 endfacet
 facet normal  0.000000e+00 -0.000000e+00 -1.000000e+00
   outer loop
     vertex -1.576333e+01  1.265656e+00  0.000000e+00
     vertex -1.150000e+01 -6.000000e+00  0.000000e+00
     vertex -1.581428e+01  1.142654e+00  0.000000e+00
   endloop
 endfacet
 facet normal  0.000000e+00  0.000000e+00 -1.000000e+00
   outer loop
     vertex -1.574596e+01  1.397654e+00  0.000000e+00
     vertex -9.370590e+00 -6.017037e+00  0.000000e+00
     vertex -9.500000e+00 -6.000000e+00  0.000000e+00
   endloop
 endfacet
 facet normal  0.000000e+00 -0.000000e+00 -1.000000e+00
   outer loop
     vertex -1.574596e+01  1.397654e+00  0.000000e+00
     vertex -9.500000e+00 -6.000000e+00  0.000000e+00
     vertex -1.576333e+01  1.265656e+00  0.000000e+00
   endloop
 endfacet
 facet normal  0.000000e+00  0.000000e+00 -1.000000e+00
   outer loop
     vertex -1.576333e+01  1.529652e+00  0.000000e+00
     vertex -9.370590e+00 -6.017037e+00  0.000000e+00
     vertex -1.574596e+01  1.397654e+00  0.000000e+00
   endloop
 endfacet
 facet normal  0.000000e+00  0.000000e+00 -1.000000e+00
   outer loop
     vertex -2.556366e+01  1.274698e+01  0.000000e+00
     vertex -2.594986e+01  1.194504e+01  0.000000e+00
     vertex -2.580194e+01  1.236777e+01  0.000000e+00
   endloop
 endfacet
 facet normal  0.000000e+00  0.000000e+00 -1.000000e+00
   outer loop
     vertex -2.031662e+01  7.656994e+00  0.000000e+00
     vertex -2.200096e+01  4.839327e+00  0.000000e+00
     vertex -2.212396e+01  4.890276e+00  0.000000e+00
   endloop
 endfacet
 facet normal  0.000000e+00  0.000000e+00 -1.000000e+00
   outer loop
     vertex -2.000596e+01  7.418616e+00  0.000000e+00
     vertex -2.189533e+01  4.758278e+00  0.000000e+00
     vertex -2.200096e+01  4.839327e+00  0.000000e+00
   endloop
 endfacet
 facet normal  0.000000e+00  0.000000e+00 -1.000000e+00
   outer loop
     vertex -2.000596e+01  7.418616e+00  0.000000e+00
     vertex -1.951096e+01  4.839327e+00  0.000000e+00
     vertex -1.961658e+01  4.758278e+00  0.000000e+00
   endloop
 endfacet
 facet normal -0.000000e+00  0.000000e+00 -1.000000e+00
   outer loop
     vertex -2.000596e+01  7.418616e+00  0.000000e+00
     vertex -2.200096e+01  4.839327e+00  0.000000e+00
     vertex -2.031662e+01  7.656994e+00  0.000000e+00
   endloop
 endfacet
 facet normal  0.000000e+00 -0.000000e+00 -1.000000e+00
   outer loop
     vertex -2.000596e+01  7.418616e+00  0.000000e+00
     vertex -1.961658e+01  4.758278e+00  0.000000e+00
     vertex -2.189533e+01  4.758278e+00  0.000000e+00
   endloop
 endfacet
 facet normal  0.000000e+00  0.000000e+00 -1.000000e+00
   outer loop
     vertex -2.055499e+01  7.967654e+00  0.000000e+00
     vertex -2.225596e+01  4.907654e+00  0.000000e+00
     vertex -2.238795e+01  4.890276e+00  0.000000e+00
   endloop
 endfacet
 facet normal  0.000000e+00  0.000000e+00 -1.000000e+00
   outer loop
     vertex -2.055499e+01  7.967654e+00  0.000000e+00
     vertex -2.212396e+01  4.890276e+00  0.000000e+00
     vertex -2.225596e+01  4.907654e+00  0.000000e+00
   endloop
 endfacet
 facet normal  0.000000e+00 -0.000000e+00 -1.000000e+00
   outer loop
     vertex -2.055499e+01  7.967654e+00  0.000000e+00
     vertex -2.031662e+01  7.656994e+00  0.000000e+00
     vertex -2.212396e+01  4.890276e+00  0.000000e+00
   endloop
 endfacet
 facet normal  0.000000e+00 -0.000000e+00 -1.000000e+00
   outer loop
     vertex -1.661658e+01  4.037030e+00  0.000000e+00
     vertex -1.661658e+01  1.758278e+00  0.000000e+00
     vertex -1.889533e+01  1.758278e+00  0.000000e+00
   endloop
 endfacet
 facet normal  0.000000e+00  0.000000e+00 -1.000000e+00
   outer loop
     vertex -1.661658e+01  4.037030e+00  0.000000e+00
     vertex -1.889533e+01  1.758278e+00  0.000000e+00
     vertex -1.889533e+01  4.037030e+00  0.000000e+00
   endloop
 endfacet
 facet normal -0.000000e+00  0.000000e+00 -1.000000e+00
   outer loop
     vertex -1.651096e+01  3.955981e+00  0.000000e+00
     vertex -1.661658e+01  1.758278e+00  0.000000e+00
     vertex -1.661658e+01  4.037030e+00  0.000000e+00
   endloop
 endfacet
 facet normal  0.000000e+00 -0.000000e+00 -1.000000e+00
   outer loop
     vertex -1.651096e+01  3.955981e+00  0.000000e+00
     vertex -1.651096e+01  1.839327e+00  0.000000e+00
     vertex -1.661658e+01  1.758278e+00  0.000000e+00
   endloop
 endfacet
 facet normal  0.000000e+00  0.000000e+00 -1.000000e+00
   outer loop
     vertex -1.669763e+01  4.142654e+00  0.000000e+00
     vertex -1.889533e+01  4.037030e+00  0.000000e+00
     vertex -1.881428e+01  4.142654e+00  0.000000e+00
   endloop
 endfacet
 facet normal  0.000000e+00 -0.000000e+00 -1.000000e+00
   outer loop
     vertex -1.669763e+01  4.142654e+00  0.000000e+00
     vertex -1.661658e+01  4.037030e+00  0.000000e+00
     vertex -1.889533e+01  4.037030e+00  0.000000e+00
   endloop
 endfacet
 facet normal -0.000000e+00  0.000000e+00 -1.000000e+00
   outer loop
     vertex -1.638795e+01  3.905032e+00  0.000000e+00
     vertex -1.651096e+01  1.839327e+00  0.000000e+00
     vertex -1.651096e+01  3.955981e+00  0.000000e+00
   endloop
 endfacet
 facet normal  0.000000e+00 -0.000000e+00 -1.000000e+00
   outer loop
     vertex -1.638795e+01  3.905032e+00  0.000000e+00
     vertex -1.638795e+01  1.890276e+00  0.000000e+00
     vertex -1.651096e+01  1.839327e+00  0.000000e+00
   endloop
 endfacet
 facet normal -0.000000e+00  0.000000e+00 -1.000000e+00
   outer loop
     vertex -1.674858e+01  4.265656e+00  0.000000e+00
     vertex -1.876333e+01  4.265656e+00  0.000000e+00
     vertex -1.874596e+01  4.397654e+00  0.000000e+00
   endloop
 endfacet
 facet normal  0.000000e+00  0.000000e+00 -1.000000e+00
   outer loop
     vertex -1.674858e+01  4.265656e+00  0.000000e+00
     vertex -1.881428e+01  4.142654e+00  0.000000e+00
     vertex -1.876333e+01  4.265656e+00  0.000000e+00
   endloop
 endfacet
 facet normal  0.000000e+00 -0.000000e+00 -1.000000e+00
   outer loop
     vertex -1.674858e+01  4.265656e+00  0.000000e+00
     vertex -1.669763e+01  4.142654e+00  0.000000e+00
     vertex -1.881428e+01  4.142654e+00  0.000000e+00
   endloop
 endfacet
 facet normal  0.000000e+00  0.000000e+00 -1.000000e+00
   outer loop
     vertex -2.070484e+01  8.329425e+00  0.000000e+00
     vertex -2.238795e+01  4.890276e+00  0.000000e+00
     vertex -2.251096e+01  4.839327e+00  0.000000e+00
   endloop
 endfacet
 facet normal  0.000000e+00 -0.000000e+00 -1.000000e+00
   outer loop
     vertex -2.070484e+01  8.329425e+00  0.000000e+00
     vertex -2.055499e+01  7.967654e+00  0.000000e+00
     vertex -2.238795e+01  4.890276e+00  0.000000e+00
   endloop
 endfacet
 facet normal  0.000000e+00  0.000000e+00 -1.000000e+00
   outer loop
     vertex -1.964418e+01  7.268765e+00  0.000000e+00
     vertex -1.938795e+01  4.890276e+00  0.000000e+00
     vertex -1.951096e+01  4.839327e+00  0.000000e+00
   endloop
 endfacet
 facet normal -0.000000e+00 -0.000000e+00 -1.000000e+00
   outer loop
     vertex -1.964418e+01  7.268765e+00  0.000000e+00
     vertex -1.951096e+01  4.839327e+00  0.000000e+00
     vertex -2.000596e+01  7.418616e+00  0.000000e+00
   endloop
 endfacet
 facet normal  0.000000e+00 -0.000000e+00 -1.000000e+00
   outer loop
     vertex -1.625596e+01  3.887654e+00  0.000000e+00
     vertex -1.625596e+01  1.907654e+00  0.000000e+00
     vertex -1.638795e+01  1.890276e+00  0.000000e+00
   endloop
 endfacet
 facet normal -0.000000e+00  0.000000e+00 -1.000000e+00
   outer loop
     vertex -1.625596e+01  3.887654e+00  0.000000e+00
     vertex -1.638795e+01  1.890276e+00  0.000000e+00
     vertex -1.638795e+01  3.905032e+00  0.000000e+00
   endloop
 endfacet
 facet normal  0.000000e+00 -0.000000e+00 -1.000000e+00
   outer loop
     vertex -1.676596e+01  4.397654e+00  0.000000e+00
     vertex -1.674858e+01  4.265656e+00  0.000000e+00
     vertex -1.874596e+01  4.397654e+00  0.000000e+00
   endloop
 endfacet
 facet normal -0.000000e+00  0.000000e+00 -1.000000e+00
   outer loop
     vertex -1.676596e+01  4.397654e+00  0.000000e+00
     vertex -1.874596e+01  4.397654e+00  0.000000e+00
     vertex -1.876333e+01  4.529652e+00  0.000000e+00
   endloop
 endfacet
 facet normal  0.000000e+00 -0.000000e+00 -1.000000e+00
   outer loop
     vertex -1.612396e+01  3.905032e+00  0.000000e+00
     vertex -1.612396e+01  1.890276e+00  0.000000e+00
     vertex -1.625596e+01  1.907654e+00  0.000000e+00
   endloop
 endfacet
 facet normal  0.000000e+00  0.000000e+00 -1.000000e+00
   outer loop
     vertex -1.612396e+01  3.905032e+00  0.000000e+00
     vertex -1.625596e+01  1.907654e+00  0.000000e+00
     vertex -1.625596e+01  3.887654e+00  0.000000e+00
   endloop
 endfacet
 facet normal  0.000000e+00  0.000000e+00 -1.000000e+00
   outer loop
     vertex -1.674858e+01  4.529652e+00  0.000000e+00
     vertex -1.676596e+01  4.397654e+00  0.000000e+00
     vertex -1.876333e+01  4.529652e+00  0.000000e+00
   endloop
 endfacet
 facet normal  0.000000e+00 -0.000000e+00 -1.000000e+00
   outer loop
     vertex -1.600096e+01  3.955981e+00  0.000000e+00
     vertex -1.600096e+01  1.839327e+00  0.000000e+00
     vertex -1.612396e+01  1.890276e+00  0.000000e+00
   endloop
 endfacet
 facet normal  0.000000e+00  0.000000e+00 -1.000000e+00
   outer loop
     vertex -1.600096e+01  3.955981e+00  0.000000e+00
     vertex -1.589533e+01  1.758278e+00  0.000000e+00
     vertex -1.600096e+01  1.839327e+00  0.000000e+00
   endloop
 endfacet
 facet normal  0.000000e+00  0.000000e+00 -1.000000e+00
   outer loop
     vertex -1.600096e+01  3.955981e+00  0.000000e+00
     vertex -1.612396e+01  1.890276e+00  0.000000e+00
     vertex -1.612396e+01  3.905032e+00  0.000000e+00
   endloop
 endfacet
 facet normal  0.000000e+00  0.000000e+00 -1.000000e+00
   outer loop
     vertex -1.669763e+01  4.652654e+00  0.000000e+00
     vertex -1.876333e+01  4.529652e+00  0.000000e+00
     vertex -1.881428e+01  4.652654e+00  0.000000e+00
   endloop
 endfacet
 facet normal  0.000000e+00  0.000000e+00 -1.000000e+00
   outer loop
     vertex -1.669763e+01  4.652654e+00  0.000000e+00
     vertex -1.674858e+01  4.529652e+00  0.000000e+00
     vertex -1.876333e+01  4.529652e+00  0.000000e+00
   endloop
 endfacet
 facet normal  0.000000e+00 -0.000000e+00 -1.000000e+00
   outer loop
     vertex -1.925596e+01  7.217654e+00  0.000000e+00
     vertex -1.925596e+01  4.907654e+00  0.000000e+00
     vertex -1.938795e+01  4.890276e+00  0.000000e+00
   endloop
 endfacet
 facet normal  0.000000e+00  0.000000e+00 -1.000000e+00
   outer loop
     vertex -1.925596e+01  7.217654e+00  0.000000e+00
     vertex -1.912396e+01  4.890276e+00  0.000000e+00
     vertex -1.925596e+01  4.907654e+00  0.000000e+00
   endloop
 endfacet
 facet normal -0.000000e+00  0.000000e+00 -1.000000e+00
   outer loop
     vertex -1.925596e+01  7.217654e+00  0.000000e+00
     vertex -1.938795e+01  4.890276e+00  0.000000e+00
     vertex -1.964418e+01  7.268765e+00  0.000000e+00
   endloop
 endfacet
 facet normal  0.000000e+00 -0.000000e+00 -1.000000e+00
   outer loop
     vertex -2.075596e+01  8.717654e+00  0.000000e+00
     vertex -2.070484e+01  8.329425e+00  0.000000e+00
     vertex -2.251096e+01  4.839327e+00  0.000000e+00
   endloop
 endfacet
 facet normal -0.000000e+00  0.000000e+00 -1.000000e+00
   outer loop
     vertex -2.075596e+01  8.717654e+00  0.000000e+00
     vertex -2.251096e+01  4.839327e+00  0.000000e+00
     vertex -2.600000e+01  1.150000e+01  0.000000e+00
   endloop
 endfacet
 facet normal  0.000000e+00  0.000000e+00 -1.000000e+00
   outer loop
     vertex -1.589533e+01  4.037030e+00  0.000000e+00
     vertex -1.581428e+01  1.652654e+00  0.000000e+00
     vertex -1.589533e+01  1.758278e+00  0.000000e+00
   endloop
 endfacet
 facet normal  0.000000e+00 -0.000000e+00 -1.000000e+00
   outer loop
     vertex -1.589533e+01  4.037030e+00  0.000000e+00
     vertex -1.589533e+01  1.758278e+00  0.000000e+00
     vertex -1.600096e+01  3.955981e+00  0.000000e+00
   endloop
 endfacet
 facet normal  0.000000e+00  0.000000e+00 -1.000000e+00
   outer loop
     vertex -1.661658e+01  4.758278e+00  0.000000e+00
     vertex -1.881428e+01  4.652654e+00  0.000000e+00
     vertex -1.889533e+01  4.758278e+00  0.000000e+00
   endloop
 endfacet
 facet normal  0.000000e+00  0.000000e+00 -1.000000e+00
   outer loop
     vertex -1.661658e+01  4.758278e+00  0.000000e+00
     vertex -1.669763e+01  4.652654e+00  0.000000e+00
     vertex -1.881428e+01  4.652654e+00  0.000000e+00
   endloop
 endfacet
 facet normal  0.000000e+00 -0.000000e+00 -1.000000e+00
   outer loop
     vertex -1.581428e+01  4.142654e+00  0.000000e+00
     vertex -1.581428e+01  1.652654e+00  0.000000e+00
     vertex -1.589533e+01  4.037030e+00  0.000000e+00
   endloop
 endfacet
 facet normal -0.000000e+00  0.000000e+00 -1.000000e+00
   outer loop
     vertex -2.070484e+01  9.105883e+00  0.000000e+00
     vertex -2.075596e+01  8.717654e+00  0.000000e+00
     vertex -2.600000e+01  1.150000e+01  0.000000e+00
   endloop
 endfacet
 facet normal  0.000000e+00  0.000000e+00 -1.000000e+00
   outer loop
     vertex -1.886773e+01  7.268765e+00  0.000000e+00
     vertex -1.900096e+01  4.839327e+00  0.000000e+00
     vertex -1.912396e+01  4.890276e+00  0.000000e+00
   endloop
 endfacet
 facet normal  0.000000e+00  0.000000e+00 -1.000000e+00
   outer loop
     vertex -1.886773e+01  7.268765e+00  0.000000e+00
     vertex -1.912396e+01  4.890276e+00  0.000000e+00
     vertex -1.925596e+01  7.217654e+00  0.000000e+00
   endloop
 endfacet
 facet normal  0.000000e+00  0.000000e+00 -1.000000e+00
   outer loop
     vertex -2.486777e+01  1.330194e+01  0.000000e+00
     vertex -2.600000e+01  1.150000e+01  0.000000e+00
     vertex -2.594986e+01  1.194504e+01  0.000000e+00
   endloop
 endfacet
 facet normal  0.000000e+00  0.000000e+00 -1.000000e+00
   outer loop
     vertex -2.486777e+01  1.330194e+01  0.000000e+00
     vertex -2.556366e+01  1.274698e+01  0.000000e+00
     vertex -2.524698e+01  1.306366e+01  0.000000e+00
   endloop
 endfacet
 facet normal  0.000000e+00  0.000000e+00 -1.000000e+00
   outer loop
     vertex -2.486777e+01  1.330194e+01  0.000000e+00
     vertex -2.594986e+01  1.194504e+01  0.000000e+00
     vertex -2.556366e+01  1.274698e+01  0.000000e+00
   endloop
 endfacet
 facet normal  0.000000e+00 -0.000000e+00 -1.000000e+00
   outer loop
     vertex -1.576333e+01  4.265656e+00  0.000000e+00
     vertex -1.576333e+01  1.529652e+00  0.000000e+00
     vertex -1.581428e+01  1.652654e+00  0.000000e+00
   endloop
 endfacet
 facet normal  0.000000e+00  0.000000e+00 -1.000000e+00
   outer loop
     vertex -1.576333e+01  4.265656e+00  0.000000e+00
     vertex -9.370590e+00 -6.017037e+00  0.000000e+00
     vertex -1.576333e+01  1.529652e+00  0.000000e+00
   endloop
 endfacet
 facet normal  0.000000e+00  0.000000e+00 -1.000000e+00
   outer loop
     vertex -1.576333e+01  4.265656e+00  0.000000e+00
     vertex -1.581428e+01  1.652654e+00  0.000000e+00
     vertex -1.581428e+01  4.142654e+00  0.000000e+00
   endloop
 endfacet
 facet normal  0.000000e+00 -0.000000e+00 -1.000000e+00
   outer loop
     vertex -1.574596e+01  4.397654e+00  0.000000e+00
     vertex -9.370590e+00 -6.017037e+00  0.000000e+00
     vertex -1.576333e+01  4.265656e+00  0.000000e+00
   endloop
 endfacet
 facet normal -0.000000e+00  0.000000e+00 -1.000000e+00
   outer loop
     vertex -2.055499e+01  9.467654e+00  0.000000e+00
     vertex -2.070484e+01  9.105883e+00  0.000000e+00
     vertex -2.600000e+01  1.150000e+01  0.000000e+00
   endloop
 endfacet
 facet normal  0.000000e+00  0.000000e+00 -1.000000e+00
   outer loop
     vertex -1.850596e+01  7.418616e+00  0.000000e+00
     vertex -1.889533e+01  4.758278e+00  0.000000e+00
     vertex -1.900096e+01  4.839327e+00  0.000000e+00
   endloop
 endfacet
 facet normal  0.000000e+00 -0.000000e+00 -1.000000e+00
   outer loop
     vertex -1.850596e+01  7.418616e+00  0.000000e+00
     vertex -1.661658e+01  4.758278e+00  0.000000e+00
     vertex -1.889533e+01  4.758278e+00  0.000000e+00
   endloop
 endfacet
 facet normal  0.000000e+00  0.000000e+00 -1.000000e+00
   outer loop
     vertex -1.850596e+01  7.418616e+00  0.000000e+00
     vertex -1.651096e+01  4.839327e+00  0.000000e+00
     vertex -1.661658e+01  4.758278e+00  0.000000e+00
   endloop
 endfacet
 facet normal  0.000000e+00  0.000000e+00 -1.000000e+00
   outer loop
     vertex -1.850596e+01  7.418616e+00  0.000000e+00
     vertex -1.900096e+01  4.839327e+00  0.000000e+00
     vertex -1.886773e+01  7.268765e+00  0.000000e+00
   endloop
 endfacet
 facet normal  0.000000e+00  0.000000e+00 -1.000000e+00
   outer loop
     vertex -2.444504e+01  1.344986e+01  0.000000e+00
     vertex -2.600000e+01  1.150000e+01  0.000000e+00
     vertex -2.486777e+01  1.330194e+01  0.000000e+00
   endloop
 endfacet
 facet normal  0.000000e+00 -0.000000e+00 -1.000000e+00
   outer loop
     vertex -1.819530e+01  7.656994e+00  0.000000e+00
     vertex -1.651096e+01  4.839327e+00  0.000000e+00
     vertex -1.850596e+01  7.418616e+00  0.000000e+00
   endloop
 endfacet
 facet normal  0.000000e+00  0.000000e+00 -1.000000e+00
   outer loop
     vertex -1.819530e+01  7.656994e+00  0.000000e+00
     vertex -1.638795e+01  4.890276e+00  0.000000e+00
     vertex -1.651096e+01  4.839327e+00  0.000000e+00
   endloop
 endfacet
 facet normal  0.000000e+00 -0.000000e+00 -1.000000e+00
   outer loop
     vertex -2.400000e+01  1.350000e+01  0.000000e+00
     vertex -2.055499e+01  9.467654e+00  0.000000e+00
     vertex -2.600000e+01  1.150000e+01  0.000000e+00
   endloop
 endfacet
 facet normal  0.000000e+00  0.000000e+00 -1.000000e+00
   outer loop
     vertex -2.400000e+01  1.350000e+01  0.000000e+00
     vertex -2.600000e+01  1.150000e+01  0.000000e+00
     vertex -2.444504e+01  1.344986e+01  0.000000e+00
   endloop
 endfacet
 facet normal  0.000000e+00  0.000000e+00 -1.000000e+00
   outer loop
     vertex -2.400000e+01  1.350000e+01  0.000000e+00
     vertex -2.031662e+01  9.778314e+00  0.000000e+00
     vertex -2.055499e+01  9.467654e+00  0.000000e+00
   endloop
 endfacet
 facet normal -0.000000e+00  0.000000e+00 -1.000000e+00
   outer loop
     vertex -2.000596e+01  1.001669e+01  0.000000e+00
     vertex -2.031662e+01  9.778314e+00  0.000000e+00
     vertex -2.400000e+01  1.350000e+01  0.000000e+00
   endloop
 endfacet
 facet normal  0.000000e+00  0.000000e+00 -1.000000e+00
   outer loop
     vertex -1.795692e+01  7.967654e+00  0.000000e+00
     vertex -1.625596e+01  4.907654e+00  0.000000e+00
     vertex -1.638795e+01  4.890276e+00  0.000000e+00
   endloop
 endfacet
 facet normal  0.000000e+00  0.000000e+00 -1.000000e+00
   outer loop
     vertex -1.795692e+01  7.967654e+00  0.000000e+00
     vertex -1.612396e+01  4.890276e+00  0.000000e+00
     vertex -1.625596e+01  4.907654e+00  0.000000e+00
   endloop
 endfacet
 facet normal  0.000000e+00 -0.000000e+00 -1.000000e+00
   outer loop
     vertex -1.795692e+01  7.967654e+00  0.000000e+00
     vertex -1.638795e+01  4.890276e+00  0.000000e+00
     vertex -1.819530e+01  7.656994e+00  0.000000e+00
   endloop
 endfacet
 facet normal -0.000000e+00  0.000000e+00 -1.000000e+00
   outer loop
     vertex -1.964418e+01  1.016654e+01  0.000000e+00
     vertex -2.000596e+01  1.001669e+01  0.000000e+00
     vertex -2.400000e+01  1.350000e+01  0.000000e+00
   endloop
 endfacet
 facet normal  0.000000e+00 -0.000000e+00 -1.000000e+00
   outer loop
     vertex -1.780707e+01  8.329425e+00  0.000000e+00
     vertex -1.612396e+01  4.890276e+00  0.000000e+00
     vertex -1.795692e+01  7.967654e+00  0.000000e+00
   endloop
 endfacet
 facet normal  0.000000e+00  0.000000e+00 -1.000000e+00
   outer loop
     vertex -1.780707e+01  8.329425e+00  0.000000e+00
     vertex -1.600096e+01  4.839327e+00  0.000000e+00
     vertex -1.612396e+01  4.890276e+00  0.000000e+00
   endloop
 endfacet
 facet normal -0.000000e+00  0.000000e+00 -1.000000e+00
   outer loop
     vertex -1.925596e+01  1.021765e+01  0.000000e+00
     vertex -1.964418e+01  1.016654e+01  0.000000e+00
     vertex -2.400000e+01  1.350000e+01  0.000000e+00
   endloop
 endfacet
 facet normal  0.000000e+00 -0.000000e+00 -1.000000e+00
   outer loop
     vertex -1.775596e+01  8.717654e+00  0.000000e+00
     vertex -1.600096e+01  4.839327e+00  0.000000e+00
     vertex -1.780707e+01  8.329425e+00  0.000000e+00
   endloop
 endfacet
 facet normal  0.000000e+00  0.000000e+00 -1.000000e+00
   outer loop
     vertex -1.775596e+01  8.717654e+00  0.000000e+00
     vertex -1.589533e+01  4.758278e+00  0.000000e+00
     vertex -1.600096e+01  4.839327e+00  0.000000e+00
   endloop
 endfacet
 facet normal  0.000000e+00  0.000000e+00 -1.000000e+00
   outer loop
     vertex -1.886773e+01  1.016654e+01  0.000000e+00
     vertex -1.925596e+01  1.021765e+01  0.000000e+00
     vertex -2.400000e+01  1.350000e+01  0.000000e+00
   endloop
 endfacet
 facet normal  0.000000e+00  0.000000e+00 -1.000000e+00
   outer loop
     vertex -1.780707e+01  9.105883e+00  0.000000e+00
     vertex -1.589533e+01  4.758278e+00  0.000000e+00
     vertex -1.775596e+01  8.717654e+00  0.000000e+00
   endloop
 endfacet
 facet normal  0.000000e+00  0.000000e+00 -1.000000e+00
   outer loop
     vertex -1.780707e+01  9.105883e+00  0.000000e+00
     vertex -1.581428e+01  4.652654e+00  0.000000e+00
     vertex -1.589533e+01  4.758278e+00  0.000000e+00
   endloop
 endfacet
 facet normal -0.000000e+00  0.000000e+00 -1.000000e+00
   outer loop
     vertex -1.933013e+00 -6.750000e+00  0.000000e+00
     vertex -9.146447e+00 -6.853553e+00  0.000000e+00
     vertex -9.066987e+00 -6.750000e+00  0.000000e+00
   endloop
 endfacet
 facet normal  0.000000e+00 -0.000000e+00 -1.000000e+00
   outer loop
     vertex -1.933013e+00 -6.750000e+00  0.000000e+00
     vertex -1.853553e+00 -6.853553e+00  0.000000e+00
     vertex -9.146447e+00 -6.853553e+00  0.000000e+00
   endloop
 endfacet
 facet normal  0.000000e+00  0.000000e+00 -1.000000e+00
   outer loop
     vertex -1.750000e+00 -6.933013e+00  0.000000e+00
     vertex -9.250000e+00 -6.933013e+00  0.000000e+00
     vertex -9.146447e+00 -6.853553e+00  0.000000e+00
   endloop
 endfacet
 facet normal  0.000000e+00  0.000000e+00 -1.000000e+00
   outer loop
     vertex -1.750000e+00 -6.933013e+00  0.000000e+00
     vertex -9.146447e+00 -6.853553e+00  0.000000e+00
     vertex -1.853553e+00 -6.853553e+00  0.000000e+00
   endloop
 endfacet
 facet normal -0.000000e+00  0.000000e+00 -1.000000e+00
   outer loop
     vertex -1.629410e+00 -6.982963e+00  0.000000e+00
     vertex -2.400000e+01 -1.350000e+01  0.000000e+00
     vertex -9.370590e+00 -6.982963e+00  0.000000e+00
   endloop
 endfacet
 facet normal  0.000000e+00  0.000000e+00 -1.000000e+00
   outer loop
     vertex -1.629410e+00 -6.982963e+00  0.000000e+00
     vertex -9.250000e+00 -6.933013e+00  0.000000e+00
     vertex -1.750000e+00 -6.933013e+00  0.000000e+00
   endloop
 endfacet
 facet normal  0.000000e+00  0.000000e+00 -1.000000e+00
   outer loop
     vertex -1.629410e+00 -6.982963e+00  0.000000e+00
     vertex -9.370590e+00 -6.982963e+00  0.000000e+00
     vertex -9.250000e+00 -6.933013e+00  0.000000e+00
   endloop
 endfacet
 facet normal  0.000000e+00  0.000000e+00 -1.000000e+00
   outer loop
     vertex -1.982963e+00 -6.629410e+00  0.000000e+00
     vertex -9.017037e+00 -6.629410e+00  0.000000e+00
     vertex -9.000000e+00 -6.500000e+00  0.000000e+00
   endloop
 endfacet
 facet normal -0.000000e+00  0.000000e+00 -1.000000e+00
   outer loop
     vertex -1.982963e+00 -6.629410e+00  0.000000e+00
     vertex -9.066987e+00 -6.750000e+00  0.000000e+00
     vertex -9.017037e+00 -6.629410e+00  0.000000e+00
   endloop
 endfacet
 facet normal  0.000000e+00 -0.000000e+00 -1.000000e+00
   outer loop
     vertex -1.982963e+00 -6.629410e+00  0.000000e+00
     vertex -1.933013e+00 -6.750000e+00  0.000000e+00
     vertex -9.066987e+00 -6.750000e+00  0.000000e+00
   endloop
 endfacet
 facet normal -0.000000e+00  0.000000e+00 -1.000000e+00
   outer loop
     vertex -1.500000e+00 -7.000000e+00  0.000000e+00
     vertex -2.400000e+01 -1.350000e+01  0.000000e+00
     vertex -1.629410e+00 -6.982963e+00  0.000000e+00
   endloop
 endfacet
 facet normal -0.000000e+00 -0.000000e+00 -1.000000e+00
   outer loop
     vertex -2.000000e+00 -6.500000e+00  0.000000e+00
     vertex -1.982963e+00 -6.629410e+00  0.000000e+00
     vertex -9.000000e+00 -6.500000e+00  0.000000e+00
   endloop
 endfacet
 facet normal  0.000000e+00  0.000000e+00 -1.000000e+00
   outer loop
     vertex -1.850596e+01  1.001669e+01  0.000000e+00
     vertex -1.886773e+01  1.016654e+01  0.000000e+00
     vertex -2.400000e+01  1.350000e+01  0.000000e+00
   endloop
 endfacet
 facet normal  0.000000e+00  0.000000e+00 -1.000000e+00
   outer loop
     vertex -1.982963e+00 -6.370590e+00  0.000000e+00
     vertex -2.000000e+00 -6.500000e+00  0.000000e+00
     vertex -9.000000e+00 -6.500000e+00  0.000000e+00
   endloop
 endfacet
 facet normal -0.000000e+00  0.000000e+00 -1.000000e+00
   outer loop
     vertex -1.982963e+00 -6.370590e+00  0.000000e+00
     vertex -9.000000e+00 -6.500000e+00  0.000000e+00
     vertex -9.017037e+00 -6.370590e+00  0.000000e+00
   endloop
 endfacet
 facet normal  0.000000e+00  0.000000e+00 -1.000000e+00
   outer loop
     vertex -1.933013e+00 -6.250000e+00  0.000000e+00
     vertex -9.066987e+00 -6.250000e+00  0.000000e+00
     vertex -9.146447e+00 -6.146447e+00  0.000000e+00
   endloop
 endfacet
 facet normal -0.000000e+00  0.000000e+00 -1.000000e+00
   outer loop
     vertex -1.933013e+00 -6.250000e+00  0.000000e+00
     vertex -9.017037e+00 -6.370590e+00  0.000000e+00
     vertex -9.066987e+00 -6.250000e+00  0.000000e+00
   endloop
 endfacet
 facet normal  0.000000e+00  0.000000e+00 -1.000000e+00
   outer loop
     vertex -1.933013e+00 -6.250000e+00  0.000000e+00
     vertex -1.982963e+00 -6.370590e+00  0.000000e+00
     vertex -9.017037e+00 -6.370590e+00  0.000000e+00
   endloop
 endfacet
 facet normal  0.000000e+00  0.000000e+00 -1.000000e+00
   outer loop
     vertex -1.853553e+00 -6.146447e+00  0.000000e+00
     vertex -1.933013e+00 -6.250000e+00  0.000000e+00
     vertex -9.146447e+00 -6.146447e+00  0.000000e+00
   endloop
 endfacet
 facet normal  0.000000e+00  0.000000e+00 -1.000000e+00
   outer loop
     vertex -1.750000e+00 -6.066987e+00  0.000000e+00
     vertex -9.146447e+00 -6.146447e+00  0.000000e+00
     vertex -9.250000e+00 -6.066987e+00  0.000000e+00
   endloop
 endfacet
 facet normal  0.000000e+00  0.000000e+00 -1.000000e+00
   outer loop
     vertex -1.750000e+00 -6.066987e+00  0.000000e+00
     vertex -1.853553e+00 -6.146447e+00  0.000000e+00
     vertex -9.146447e+00 -6.146447e+00  0.000000e+00
   endloop
 endfacet
 facet normal -0.000000e+00  0.000000e+00 -1.000000e+00
   outer loop
     vertex -1.629410e+00 -6.017037e+00  0.000000e+00
     vertex -9.250000e+00 -6.066987e+00  0.000000e+00
     vertex -9.370590e+00 -6.017037e+00  0.000000e+00
   endloop
 endfacet
 facet normal  0.000000e+00  0.000000e+00 -1.000000e+00
   outer loop
     vertex -1.629410e+00 -6.017037e+00  0.000000e+00
     vertex -1.574596e+01  4.397654e+00  0.000000e+00
     vertex -1.576333e+01  4.529652e+00  0.000000e+00
   endloop
 endfacet
 facet normal  0.000000e+00  0.000000e+00 -1.000000e+00
   outer loop
     vertex -1.629410e+00 -6.017037e+00  0.000000e+00
     vertex -1.750000e+00 -6.066987e+00  0.000000e+00
     vertex -9.250000e+00 -6.066987e+00  0.000000e+00
   endloop
 endfacet
 facet normal  0.000000e+00  0.000000e+00 -1.000000e+00
   outer loop
     vertex -1.629410e+00 -6.017037e+00  0.000000e+00
     vertex -9.370590e+00 -6.017037e+00  0.000000e+00
     vertex -1.574596e+01  4.397654e+00  0.000000e+00
   endloop
 endfacet
 facet normal -0.000000e+00  0.000000e+00 -1.000000e+00
   outer loop
     vertex -1.500000e+00 -6.000000e+00  0.000000e+00
     vertex -1.629410e+00 -6.017037e+00  0.000000e+00
     vertex -1.576333e+01  4.529652e+00  0.000000e+00
   endloop
 endfacet
 facet normal  0.000000e+00  0.000000e+00 -1.000000e+00
   outer loop
     vertex  2.500000e-01 -6.933013e+00  0.000000e+00
     vertex -1.146447e+00 -6.853553e+00  0.000000e+00
     vertex  1.464466e-01 -6.853553e+00  0.000000e+00
   endloop
 endfacet
 facet normal  0.000000e+00  0.000000e+00 -1.000000e+00
   outer loop
     vertex  2.500000e-01 -6.933013e+00  0.000000e+00
     vertex -1.250000e+00 -6.933013e+00  0.000000e+00
     vertex -1.146447e+00 -6.853553e+00  0.000000e+00
   endloop
 endfacet
 facet normal  0.000000e+00 -0.000000e+00 -1.000000e+00
   outer loop
     vertex  6.698730e-02 -6.750000e+00  0.000000e+00
     vertex  1.464466e-01 -6.853553e+00  0.000000e+00
     vertex -1.146447e+00 -6.853553e+00  0.000000e+00
   endloop
 endfacet
 facet normal  0.000000e+00  0.000000e+00 -1.000000e+00
   outer loop
     vertex  6.698730e-02 -6.750000e+00  0.000000e+00
     vertex -1.066987e+00 -6.750000e+00  0.000000e+00
     vertex -1.017037e+00 -6.629410e+00  0.000000e+00
   endloop
 endfacet
 facet normal -0.000000e+00  0.000000e+00 -1.000000e+00
   outer loop
     vertex  6.698730e-02 -6.750000e+00  0.000000e+00
     vertex -1.146447e+00 -6.853553e+00  0.000000e+00
     vertex -1.066987e+00 -6.750000e+00  0.000000e+00
   endloop
 endfacet
 facet normal  0.000000e+00  0.000000e+00 -1.000000e+00
   outer loop
     vertex  3.705905e-01 -6.982963e+00  0.000000e+00
     vertex -1.250000e+00 -6.933013e+00  0.000000e+00
     vertex  2.500000e-01 -6.933013e+00  0.000000e+00
   endloop
 endfacet
 facet normal  0.000000e+00  0.000000e+00 -1.000000e+00
   outer loop
     vertex  3.705905e-01 -6.982963e+00  0.000000e+00
     vertex -1.370590e+00 -6.982963e+00  0.000000e+00
     vertex -1.250000e+00 -6.933013e+00  0.000000e+00
   endloop
 endfacet
 facet normal -0.000000e+00 -0.000000e+00 -1.000000e+00
   outer loop
     vertex  1.703709e-02 -6.629410e+00  0.000000e+00
     vertex  6.698730e-02 -6.750000e+00  0.000000e+00
     vertex -1.017037e+00 -6.629410e+00  0.000000e+00
   endloop
 endfacet
 facet normal  0.000000e+00  0.000000e+00 -1.000000e+00
   outer loop
     vertex  5.000000e-01 -7.000000e+00  0.000000e+00
     vertex -1.370590e+00 -6.982963e+00  0.000000e+00
     vertex  3.705905e-01 -6.982963e+00  0.000000e+00
   endloop
 endfacet
 facet normal -0.000000e+00  0.000000e+00 -1.000000e+00
   outer loop
     vertex  5.000000e-01 -7.000000e+00  0.000000e+00
     vertex -2.400000e+01 -1.350000e+01  0.000000e+00
     vertex -1.500000e+00 -7.000000e+00  0.000000e+00
   endloop
 endfacet
 facet normal  0.000000e+00  0.000000e+00 -1.000000e+00
   outer loop
     vertex  5.000000e-01 -7.000000e+00  0.000000e+00
     vertex -1.500000e+00 -7.000000e+00  0.000000e+00
     vertex -1.370590e+00 -6.982963e+00  0.000000e+00
   endloop
 endfacet
 facet normal -0.000000e+00  0.000000e+00 -1.000000e+00
   outer loop
     vertex  0.000000e+00 -6.500000e+00  0.000000e+00
     vertex -1.017037e+00 -6.629410e+00  0.000000e+00
     vertex -1.000000e+00 -6.500000e+00  0.000000e+00
   endloop
 endfacet
 facet normal  0.000000e+00 -0.000000e+00 -1.000000e+00
   outer loop
     vertex  0.000000e+00 -6.500000e+00  0.000000e+00
     vertex  1.703709e-02 -6.629410e+00  0.000000e+00
     vertex -1.017037e+00 -6.629410e+00  0.000000e+00
   endloop
 endfacet
 facet normal -0.000000e+00  0.000000e+00 -1.000000e+00
   outer loop
     vertex  1.703709e-02 -6.370590e+00  0.000000e+00
     vertex -1.000000e+00 -6.500000e+00  0.000000e+00
     vertex -1.017037e+00 -6.370590e+00  0.000000e+00
   endloop
 endfacet
 facet normal  0.000000e+00  0.000000e+00 -1.000000e+00
   outer loop
     vertex  1.703709e-02 -6.370590e+00  0.000000e+00
     vertex  0.000000e+00 -6.500000e+00  0.000000e+00
     vertex -1.000000e+00 -6.500000e+00  0.000000e+00
   endloop
 endfacet
 facet normal  0.000000e+00  0.000000e+00 -1.000000e+00
   outer loop
     vertex  6.698730e-02 -6.250000e+00  0.000000e+00
     vertex -1.066987e+00 -6.250000e+00  0.000000e+00
     vertex -1.146447e+00 -6.146447e+00  0.000000e+00
   endloop
 endfacet
 facet normal -0.000000e+00  0.000000e+00 -1.000000e+00
   outer loop
     vertex  6.698730e-02 -6.250000e+00  0.000000e+00
     vertex -1.017037e+00 -6.370590e+00  0.000000e+00
     vertex -1.066987e+00 -6.250000e+00  0.000000e+00
   endloop
 endfacet
 facet normal  0.000000e+00  0.000000e+00 -1.000000e+00
   outer loop
     vertex  6.698730e-02 -6.250000e+00  0.000000e+00
     vertex  1.703709e-02 -6.370590e+00  0.000000e+00
     vertex -1.017037e+00 -6.370590e+00  0.000000e+00
   endloop
 endfacet
 facet normal  0.000000e+00  0.000000e+00 -1.000000e+00
   outer loop
     vertex  1.464466e-01 -6.146447e+00  0.000000e+00
     vertex  6.698730e-02 -6.250000e+00  0.000000e+00
     vertex -1.146447e+00 -6.146447e+00  0.000000e+00
   endloop
 endfacet
 facet normal  0.000000e+00  0.000000e+00 -1.000000e+00
   outer loop
     vertex  2.500000e-01 -6.066987e+00  0.000000e+00
     vertex  1.464466e-01 -6.146447e+00  0.000000e+00
     vertex -1.146447e+00 -6.146447e+00  0.000000e+00
   endloop
 endfacet
 facet normal  0.000000e+00  0.000000e+00 -1.000000e+00
   outer loop
     vertex  2.500000e-01 -6.066987e+00  0.000000e+00
     vertex -1.146447e+00 -6.146447e+00  0.000000e+00
     vertex -1.250000e+00 -6.066987e+00  0.000000e+00
   endloop
 endfacet
 facet normal  0.000000e+00  0.000000e+00 -1.000000e+00
   outer loop
     vertex  3.705905e-01 -6.017037e+00  0.000000e+00
     vertex  2.500000e-01 -6.066987e+00  0.000000e+00
     vertex -1.250000e+00 -6.066987e+00  0.000000e+00
   endloop
 endfacet
 facet normal -0.000000e+00  0.000000e+00 -1.000000e+00
   outer loop
     vertex  3.705905e-01 -6.017037e+00  0.000000e+00
     vertex -1.250000e+00 -6.066987e+00  0.000000e+00
     vertex -1.370590e+00 -6.017037e+00  0.000000e+00
   endloop
 endfacet
 facet normal  0.000000e+00  0.000000e+00 -1.000000e+00
   outer loop
     vertex  5.000000e-01 -6.000000e+00  0.000000e+00
     vertex  3.705905e-01 -6.017037e+00  0.000000e+00
     vertex -1.370590e+00 -6.017037e+00  0.000000e+00
   endloop
 endfacet
 facet normal -0.000000e+00  0.000000e+00 -1.000000e+00
   outer loop
     vertex  5.000000e-01 -6.000000e+00  0.000000e+00
     vertex -1.370590e+00 -6.017037e+00  0.000000e+00
     vertex -1.500000e+00 -6.000000e+00  0.000000e+00
   endloop
 endfacet
 facet normal -0.000000e+00  0.000000e+00 -1.000000e+00
   outer loop
     vertex  1.646447e+00 -6.853553e+00  0.000000e+00
     vertex  7.500000e-01 -6.933013e+00  0.000000e+00
     vertex  8.535534e-01 -6.853553e+00  0.000000e+00
   endloop
 endfacet
 facet normal  0.000000e+00  0.000000e+00 -1.000000e+00
   outer loop
     vertex  1.750000e+00 -6.933013e+00  0.000000e+00
     vertex  7.500000e-01 -6.933013e+00  0.000000e+00
     vertex  1.646447e+00 -6.853553e+00  0.000000e+00
   endloop
 endfacet
 facet normal -0.000000e+00  0.000000e+00 -1.000000e+00
   outer loop
     vertex  1.750000e+00 -6.933013e+00  0.000000e+00
     vertex  6.294095e-01 -6.982963e+00  0.000000e+00
     vertex  7.500000e-01 -6.933013e+00  0.000000e+00
   endloop
 endfacet
 facet normal  0.000000e+00 -0.000000e+00 -1.000000e+00
   outer loop
     vertex  1.566987e+00 -6.750000e+00  0.000000e+00
     vertex  1.646447e+00 -6.853553e+00  0.000000e+00
     vertex  8.535534e-01 -6.853553e+00  0.000000e+00
   endloop
 endfacet
 facet normal  0.000000e+00  0.000000e+00 -1.000000e+00
   outer loop
     vertex  1.566987e+00 -6.750000e+00  0.000000e+00
     vertex  9.330127e-01 -6.750000e+00  0.000000e+00
     vertex  9.829629e-01 -6.629410e+00  0.000000e+00
   endloop
 endfacet
 facet normal -0.000000e+00  0.000000e+00 -1.000000e+00
   outer loop
     vertex  1.566987e+00 -6.750000e+00  0.000000e+00
     vertex  8.535534e-01 -6.853553e+00  0.000000e+00
     vertex  9.330127e-01 -6.750000e+00  0.000000e+00
   endloop
 endfacet
 facet normal  0.000000e+00  0.000000e+00 -1.000000e+00
   outer loop
     vertex  1.870590e+00 -6.982963e+00  0.000000e+00
     vertex  6.294095e-01 -6.982963e+00  0.000000e+00
     vertex  1.750000e+00 -6.933013e+00  0.000000e+00
   endloop
 endfacet
 facet normal -0.000000e+00 -0.000000e+00 -1.000000e+00
   outer loop
     vertex  1.517037e+00 -6.629410e+00  0.000000e+00
     vertex  1.566987e+00 -6.750000e+00  0.000000e+00
     vertex  9.829629e-01 -6.629410e+00  0.000000e+00
   endloop
 endfacet
 facet normal  0.000000e+00  0.000000e+00 -1.000000e+00
   outer loop
     vertex  1.517037e+00 -6.629410e+00  0.000000e+00
     vertex  9.829629e-01 -6.629410e+00  0.000000e+00
     vertex  1.000000e+00 -6.500000e+00  0.000000e+00
   endloop
 endfacet
 facet normal  0.000000e+00  0.000000e+00 -1.000000e+00
   outer loop
     vertex  2.000000e+00 -7.000000e+00  0.000000e+00
     vertex  6.294095e-01 -6.982963e+00  0.000000e+00
     vertex  1.870590e+00 -6.982963e+00  0.000000e+00
   endloop
 endfacet
 facet normal  0.000000e+00  0.000000e+00 -1.000000e+00
   outer loop
     vertex  2.000000e+00 -7.000000e+00  0.000000e+00
     vertex  5.000000e-01 -7.000000e+00  0.000000e+00
     vertex  6.294095e-01 -6.982963e+00  0.000000e+00
   endloop
 endfacet
 facet normal -0.000000e+00 -0.000000e+00 -1.000000e+00
   outer loop
     vertex  1.500000e+00 -6.500000e+00  0.000000e+00
     vertex  1.517037e+00 -6.629410e+00  0.000000e+00
     vertex  1.000000e+00 -6.500000e+00  0.000000e+00
   endloop
 endfacet
 facet normal  0.000000e+00  0.000000e+00 -1.000000e+00
   outer loop
     vertex  1.517037e+00 -6.370590e+00  0.000000e+00
     vertex  1.500000e+00 -6.500000e+00  0.000000e+00
     vertex  1.000000e+00 -6.500000e+00  0.000000e+00
   endloop
 endfacet
 facet normal -0.000000e+00  0.000000e+00 -1.000000e+00
   outer loop
     vertex  1.517037e+00 -6.370590e+00  0.000000e+00
     vertex  1.000000e+00 -6.500000e+00  0.000000e+00
     vertex  9.829629e-01 -6.370590e+00  0.000000e+00
   endloop
 endfacet
 facet normal  0.000000e+00  0.000000e+00 -1.000000e+00
   outer loop
     vertex  1.566987e+00 -6.250000e+00  0.000000e+00
     vertex  1.517037e+00 -6.370590e+00  0.000000e+00
     vertex  9.829629e-01 -6.370590e+00  0.000000e+00
   endloop
 endfacet
 facet normal -0.000000e+00  0.000000e+00 -1.000000e+00
   outer loop
     vertex  1.566987e+00 -6.250000e+00  0.000000e+00
     vertex  9.829629e-01 -6.370590e+00  0.000000e+00
     vertex  9.330127e-01 -6.250000e+00  0.000000e+00
   endloop
 endfacet
 facet normal  0.000000e+00  0.000000e+00 -1.000000e+00
   outer loop
     vertex  1.646447e+00 -6.146447e+00  0.000000e+00
     vertex  1.566987e+00 -6.250000e+00  0.000000e+00
     vertex  9.330127e-01 -6.250000e+00  0.000000e+00
   endloop
 endfacet
 facet normal  0.000000e+00  0.000000e+00 -1.000000e+00
   outer loop
     vertex  1.646447e+00 -6.146447e+00  0.000000e+00
     vertex  9.330127e-01 -6.250000e+00  0.000000e+00
     vertex  8.535534e-01 -6.146447e+00  0.000000e+00
   endloop
 endfacet
 facet normal  0.000000e+00  0.000000e+00 -1.000000e+00
   outer loop
     vertex  1.750000e+00 -6.066987e+00  0.000000e+00
     vertex  1.646447e+00 -6.146447e+00  0.000000e+00
     vertex  8.535534e-01 -6.146447e+00  0.000000e+00
   endloop
 endfacet
 facet normal  0.000000e+00  0.000000e+00 -1.000000e+00
   outer loop
     vertex  1.750000e+00 -6.066987e+00  0.000000e+00
     vertex  8.535534e-01 -6.146447e+00  0.000000e+00
     vertex  7.500000e-01 -6.066987e+00  0.000000e+00
   endloop
 endfacet
 facet normal  0.000000e+00  0.000000e+00 -1.000000e+00
   outer loop
     vertex  1.870590e+00 -6.017037e+00  0.000000e+00
     vertex  1.750000e+00 -6.066987e+00  0.000000e+00
     vertex  7.500000e-01 -6.066987e+00  0.000000e+00
   endloop
 endfacet
 facet normal -0.000000e+00  0.000000e+00 -1.000000e+00
   outer loop
     vertex  1.870590e+00 -6.017037e+00  0.000000e+00
     vertex  7.500000e-01 -6.066987e+00  0.000000e+00
     vertex  6.294095e-01 -6.017037e+00  0.000000e+00
   endloop
 endfacet
 facet normal  0.000000e+00  0.000000e+00 -1.000000e+00
   outer loop
     vertex  2.000000e+00 -6.000000e+00  0.000000e+00
     vertex  1.870590e+00 -6.017037e+00  0.000000e+00
     vertex  6.294095e-01 -6.017037e+00  0.000000e+00
   endloop
 endfacet
 facet normal -0.000000e+00  0.000000e+00 -1.000000e+00
   outer loop
     vertex  2.000000e+00 -6.000000e+00  0.000000e+00
     vertex  6.294095e-01 -6.017037e+00  0.000000e+00
     vertex  5.000000e-01 -6.000000e+00  0.000000e+00
   endloop
 endfacet
 facet normal -0.000000e+00  0.000000e+00 -1.000000e+00
   outer loop
     vertex  4.146447e+00 -6.853553e+00  0.000000e+00
     vertex  2.250000e+00 -6.933013e+00  0.000000e+00
     vertex  2.353553e+00 -6.853553e+00  0.000000e+00
   endloop
 endfacet
 facet normal  0.000000e+00  0.000000e+00 -1.000000e+00
   outer loop
     vertex  4.250000e+00 -6.933013e+00  0.000000e+00
     vertex  2.250000e+00 -6.933013e+00  0.000000e+00
     vertex  4.146447e+00 -6.853553e+00  0.000000e+00
   endloop
 endfacet
 facet normal -0.000000e+00  0.000000e+00 -1.000000e+00
   outer loop
     vertex  4.066987e+00 -6.750000e+00  0.000000e+00
     vertex  2.353553e+00 -6.853553e+00  0.000000e+00
     vertex  2.433013e+00 -6.750000e+00  0.000000e+00
   endloop
 endfacet
 facet normal  0.000000e+00 -0.000000e+00 -1.000000e+00
   outer loop
     vertex  4.066987e+00 -6.750000e+00  0.000000e+00
     vertex  4.146447e+00 -6.853553e+00  0.000000e+00
     vertex  2.353553e+00 -6.853553e+00  0.000000e+00
   endloop
 endfacet
 facet normal  0.000000e+00  0.000000e+00 -1.000000e+00
   outer loop
     vertex  4.370590e+00 -6.982963e+00  0.000000e+00
     vertex  2.129410e+00 -6.982963e+00  0.000000e+00
     vertex  2.250000e+00 -6.933013e+00  0.000000e+00
   endloop
 endfacet
 facet normal  0.000000e+00  0.000000e+00 -1.000000e+00
   outer loop
     vertex  4.370590e+00 -6.982963e+00  0.000000e+00
     vertex  2.250000e+00 -6.933013e+00  0.000000e+00
     vertex  4.250000e+00 -6.933013e+00  0.000000e+00
   endloop
 endfacet
 facet normal  0.000000e+00 -0.000000e+00 -1.000000e+00
   outer loop
     vertex  4.017037e+00 -6.629410e+00  0.000000e+00
     vertex  4.066987e+00 -6.750000e+00  0.000000e+00
     vertex  2.433013e+00 -6.750000e+00  0.000000e+00
   endloop
 endfacet
 facet normal -0.000000e+00  0.000000e+00 -1.000000e+00
   outer loop
     vertex  4.017037e+00 -6.629410e+00  0.000000e+00
     vertex  2.433013e+00 -6.750000e+00  0.000000e+00
     vertex  2.482963e+00 -6.629410e+00  0.000000e+00
   endloop
 endfacet
 facet normal  0.000000e+00  0.000000e+00 -1.000000e+00
   outer loop
     vertex  4.500000e+00 -7.000000e+00  0.000000e+00
     vertex  2.129410e+00 -6.982963e+00  0.000000e+00
     vertex  4.370590e+00 -6.982963e+00  0.000000e+00
   endloop
 endfacet
 facet normal  0.000000e+00  0.000000e+00 -1.000000e+00
   outer loop
     vertex  4.500000e+00 -7.000000e+00  0.000000e+00
     vertex  2.000000e+00 -7.000000e+00  0.000000e+00
     vertex  2.129410e+00 -6.982963e+00  0.000000e+00
   endloop
 endfacet
 facet normal  0.000000e+00 -0.000000e+00 -1.000000e+00
   outer loop
     vertex  4.000000e+00 -6.500000e+00  0.000000e+00
     vertex  4.017037e+00 -6.629410e+00  0.000000e+00
     vertex  2.482963e+00 -6.629410e+00  0.000000e+00
   endloop
 endfacet
 facet normal -0.000000e+00  0.000000e+00 -1.000000e+00
   outer loop
     vertex  4.000000e+00 -6.500000e+00  0.000000e+00
     vertex  2.482963e+00 -6.629410e+00  0.000000e+00
     vertex  2.500000e+00 -6.500000e+00  0.000000e+00
   endloop
 endfacet
 facet normal -0.000000e+00  0.000000e+00 -1.000000e+00
   outer loop
     vertex  4.017037e+00 -6.370590e+00  0.000000e+00
     vertex  2.500000e+00 -6.500000e+00  0.000000e+00
     vertex  2.482963e+00 -6.370590e+00  0.000000e+00
   endloop
 endfacet
 facet normal  0.000000e+00  0.000000e+00 -1.000000e+00
   outer loop
     vertex  4.017037e+00 -6.370590e+00  0.000000e+00
     vertex  4.000000e+00 -6.500000e+00  0.000000e+00
     vertex  2.500000e+00 -6.500000e+00  0.000000e+00
   endloop
 endfacet
 facet normal -0.000000e+00  0.000000e+00 -1.000000e+00
   outer loop
     vertex  4.066987e+00 -6.250000e+00  0.000000e+00
     vertex  2.482963e+00 -6.370590e+00  0.000000e+00
     vertex  2.433013e+00 -6.250000e+00  0.000000e+00
   endloop
 endfacet
 facet normal  0.000000e+00  0.000000e+00 -1.000000e+00
   outer loop
     vertex  4.066987e+00 -6.250000e+00  0.000000e+00
     vertex  4.017037e+00 -6.370590e+00  0.000000e+00
     vertex  2.482963e+00 -6.370590e+00  0.000000e+00
   endloop
 endfacet
 facet normal  0.000000e+00  0.000000e+00 -1.000000e+00
   outer loop
     vertex  4.146447e+00 -6.146447e+00  0.000000e+00
     vertex  2.433013e+00 -6.250000e+00  0.000000e+00
     vertex  2.353553e+00 -6.146447e+00  0.000000e+00
   endloop
 endfacet
 facet normal  0.000000e+00  0.000000e+00 -1.000000e+00
   outer loop
     vertex  4.146447e+00 -6.146447e+00  0.000000e+00
     vertex  4.066987e+00 -6.250000e+00  0.000000e+00
     vertex  2.433013e+00 -6.250000e+00  0.000000e+00
   endloop
 endfacet
 facet normal  0.000000e+00  0.000000e+00 -1.000000e+00
   outer loop
     vertex  4.250000e+00 -6.066987e+00  0.000000e+00
     vertex  2.353553e+00 -6.146447e+00  0.000000e+00
     vertex  2.250000e+00 -6.066987e+00  0.000000e+00
   endloop
 endfacet
 facet normal  0.000000e+00  0.000000e+00 -1.000000e+00
   outer loop
     vertex  4.250000e+00 -6.066987e+00  0.000000e+00
     vertex  4.146447e+00 -6.146447e+00  0.000000e+00
     vertex  2.353553e+00 -6.146447e+00  0.000000e+00
   endloop
 endfacet
 facet normal  0.000000e+00  0.000000e+00 -1.000000e+00
   outer loop
     vertex  4.370590e+00 -6.017037e+00  0.000000e+00
     vertex  4.250000e+00 -6.066987e+00  0.000000e+00
     vertex  2.250000e+00 -6.066987e+00  0.000000e+00
   endloop
 endfacet
 facet normal -0.000000e+00  0.000000e+00 -1.000000e+00
   outer loop
     vertex  4.370590e+00 -6.017037e+00  0.000000e+00
     vertex  2.250000e+00 -6.066987e+00  0.000000e+00
     vertex  2.129410e+00 -6.017037e+00  0.000000e+00
   endloop
 endfacet
 facet normal  0.000000e+00  0.000000e+00 -1.000000e+00
   outer loop
     vertex  1.414645e+01 -6.853553e+00  0.000000e+00
     vertex  4.853553e+00 -6.853553e+00  0.000000e+00
     vertex  4.933013e+00 -6.750000e+00  0.000000e+00
   endloop
 endfacet
 facet normal -0.000000e+00  0.000000e+00 -1.000000e+00
   outer loop
     vertex  1.414645e+01 -6.853553e+00  0.000000e+00
     vertex  4.750000e+00 -6.933013e+00  0.000000e+00
     vertex  4.853553e+00 -6.853553e+00  0.000000e+00
   endloop
 endfacet
 facet normal  0.000000e+00  0.000000e+00 -1.000000e+00
   outer loop
     vertex  1.425000e+01 -6.933013e+00  0.000000e+00
     vertex  4.750000e+00 -6.933013e+00  0.000000e+00
     vertex  1.414645e+01 -6.853553e+00  0.000000e+00
   endloop
 endfacet
 facet normal -0.000000e+00 -0.000000e+00 -1.000000e+00
   outer loop
     vertex  1.406699e+01 -6.750000e+00  0.000000e+00
     vertex  1.414645e+01 -6.853553e+00  0.000000e+00
     vertex  4.933013e+00 -6.750000e+00  0.000000e+00
   endloop
 endfacet
 facet normal  0.000000e+00  0.000000e+00 -1.000000e+00
   outer loop
     vertex  1.437059e+01 -6.982963e+00  0.000000e+00
     vertex  4.629410e+00 -6.982963e+00  0.000000e+00
     vertex  4.750000e+00 -6.933013e+00  0.000000e+00
   endloop
 endfacet
 facet normal  0.000000e+00  0.000000e+00 -1.000000e+00
   outer loop
     vertex  1.437059e+01 -6.982963e+00  0.000000e+00
     vertex  4.750000e+00 -6.933013e+00  0.000000e+00
     vertex  1.425000e+01 -6.933013e+00  0.000000e+00
   endloop
 endfacet
 facet normal -0.000000e+00  0.000000e+00 -1.000000e+00
   outer loop
     vertex  1.401704e+01 -6.629410e+00  0.000000e+00
     vertex  4.933013e+00 -6.750000e+00  0.000000e+00
     vertex  4.982963e+00 -6.629410e+00  0.000000e+00
   endloop
 endfacet
 facet normal  0.000000e+00 -0.000000e+00 -1.000000e+00
   outer loop
     vertex  1.401704e+01 -6.629410e+00  0.000000e+00
     vertex  1.406699e+01 -6.750000e+00  0.000000e+00
     vertex  4.933013e+00 -6.750000e+00  0.000000e+00
   endloop
 endfacet
 facet normal  0.000000e+00 -0.000000e+00 -1.000000e+00
   outer loop
     vertex  1.400000e+01 -6.500000e+00  0.000000e+00
     vertex  1.401704e+01 -6.629410e+00  0.000000e+00
     vertex  4.982963e+00 -6.629410e+00  0.000000e+00
   endloop
 endfacet
 facet normal -0.000000e+00  0.000000e+00 -1.000000e+00
   outer loop
     vertex  1.400000e+01 -6.500000e+00  0.000000e+00
     vertex  4.982963e+00 -6.629410e+00  0.000000e+00
     vertex  5.000000e+00 -6.500000e+00  0.000000e+00
   endloop
 endfacet
 facet normal  0.000000e+00  0.000000e+00 -1.000000e+00
   outer loop
     vertex  1.401704e+01 -6.370590e+00  0.000000e+00
     vertex  1.400000e+01 -6.500000e+00  0.000000e+00
     vertex  5.000000e+00 -6.500000e+00  0.000000e+00
   endloop
 endfacet
 facet normal  0.000000e+00  0.000000e+00 -1.000000e+00
   outer loop
     vertex  1.401704e+01 -6.370590e+00  0.000000e+00
     vertex  4.982963e+00 -6.370590e+00  0.000000e+00
     vertex  4.933013e+00 -6.250000e+00  0.000000e+00
   endloop
 endfacet
 facet normal -0.000000e+00  0.000000e+00 -1.000000e+00
   outer loop
     vertex  1.401704e+01 -6.370590e+00  0.000000e+00
     vertex  5.000000e+00 -6.500000e+00  0.000000e+00
     vertex  4.982963e+00 -6.370590e+00  0.000000e+00
   endloop
 endfacet
 facet normal -0.000000e+00  0.000000e+00 -1.000000e+00
   outer loop
     vertex  1.406699e+01 -6.250000e+00  0.000000e+00
     vertex  1.401704e+01 -6.370590e+00  0.000000e+00
     vertex  4.933013e+00 -6.250000e+00  0.000000e+00
   endloop
 endfacet
 facet normal  0.000000e+00  0.000000e+00 -1.000000e+00
   outer loop
     vertex  1.675000e+01 -6.933013e+00  0.000000e+00
     vertex  1.475000e+01 -6.933013e+00  0.000000e+00
     vertex  1.485355e+01 -6.853553e+00  0.000000e+00
   endloop
 endfacet
 facet normal  0.000000e+00  0.000000e+00 -1.000000e+00
   outer loop
     vertex  1.675000e+01 -6.933013e+00  0.000000e+00
     vertex  1.485355e+01 -6.853553e+00  0.000000e+00
     vertex  1.664645e+01 -6.853553e+00  0.000000e+00
   endloop
 endfacet
 facet normal -0.000000e+00  0.000000e+00 -1.000000e+00
   outer loop
     vertex  1.656699e+01 -6.750000e+00  0.000000e+00
     vertex  1.485355e+01 -6.853553e+00  0.000000e+00
     vertex  1.493301e+01 -6.750000e+00  0.000000e+00
   endloop
 endfacet
 facet normal  0.000000e+00 -0.000000e+00 -1.000000e+00
   outer loop
     vertex  1.656699e+01 -6.750000e+00  0.000000e+00
     vertex  1.664645e+01 -6.853553e+00  0.000000e+00
     vertex  1.485355e+01 -6.853553e+00  0.000000e+00
   endloop
 endfacet
 facet normal  0.000000e+00  0.000000e+00 -1.000000e+00
   outer loop
     vertex  1.687059e+01 -6.982963e+00  0.000000e+00
     vertex  1.462941e+01 -6.982963e+00  0.000000e+00
     vertex  1.475000e+01 -6.933013e+00  0.000000e+00
   endloop
 endfacet
 facet normal  0.000000e+00  0.000000e+00 -1.000000e+00
   outer loop
     vertex  1.687059e+01 -6.982963e+00  0.000000e+00
     vertex  1.475000e+01 -6.933013e+00  0.000000e+00
     vertex  1.675000e+01 -6.933013e+00  0.000000e+00
   endloop
 endfacet
 facet normal  0.000000e+00 -0.000000e+00 -1.000000e+00
   outer loop
     vertex  1.651704e+01 -6.629410e+00  0.000000e+00
     vertex  1.656699e+01 -6.750000e+00  0.000000e+00
     vertex  1.493301e+01 -6.750000e+00  0.000000e+00
   endloop
 endfacet
 facet normal -0.000000e+00  0.000000e+00 -1.000000e+00
   outer loop
     vertex  1.651704e+01 -6.629410e+00  0.000000e+00
     vertex  1.493301e+01 -6.750000e+00  0.000000e+00
     vertex  1.498296e+01 -6.629410e+00  0.000000e+00
   endloop
 endfacet
 facet normal  0.000000e+00 -0.000000e+00 -1.000000e+00
   outer loop
     vertex  1.650000e+01 -6.500000e+00  0.000000e+00
     vertex  1.651704e+01 -6.629410e+00  0.000000e+00
     vertex  1.498296e+01 -6.629410e+00  0.000000e+00
   endloop
 endfacet
 facet normal -0.000000e+00  0.000000e+00 -1.000000e+00
   outer loop
     vertex  1.650000e+01 -6.500000e+00  0.000000e+00
     vertex  1.498296e+01 -6.629410e+00  0.000000e+00
     vertex  1.500000e+01 -6.500000e+00  0.000000e+00
   endloop
 endfacet
 facet normal -0.000000e+00  0.000000e+00 -1.000000e+00
   outer loop
     vertex  1.651704e+01 -6.370590e+00  0.000000e+00
     vertex  1.500000e+01 -6.500000e+00  0.000000e+00
     vertex  1.498296e+01 -6.370590e+00  0.000000e+00
   endloop
 endfacet
 facet normal  0.000000e+00  0.000000e+00 -1.000000e+00
   outer loop
     vertex  1.651704e+01 -6.370590e+00  0.000000e+00
     vertex  1.650000e+01 -6.500000e+00  0.000000e+00
     vertex  1.500000e+01 -6.500000e+00  0.000000e+00
   endloop
 endfacet
 facet normal  0.000000e+00  0.000000e+00 -1.000000e+00
   outer loop
     vertex  1.656699e+01 -6.250000e+00  0.000000e+00
     vertex  1.493301e+01 -6.250000e+00  0.000000e+00
     vertex  1.485355e+01 -6.146447e+00  0.000000e+00
   endloop
 endfacet
 facet normal -0.000000e+00  0.000000e+00 -1.000000e+00
   outer loop
     vertex  1.656699e+01 -6.250000e+00  0.000000e+00
     vertex  1.498296e+01 -6.370590e+00  0.000000e+00
     vertex  1.493301e+01 -6.250000e+00  0.000000e+00
   endloop
 endfacet
 facet normal  0.000000e+00  0.000000e+00 -1.000000e+00
   outer loop
     vertex  1.656699e+01 -6.250000e+00  0.000000e+00
     vertex  1.651704e+01 -6.370590e+00  0.000000e+00
     vertex  1.498296e+01 -6.370590e+00  0.000000e+00
   endloop
 endfacet
 facet normal  0.000000e+00  0.000000e+00 -1.000000e+00
   outer loop
     vertex  1.664645e+01 -6.146447e+00  0.000000e+00
     vertex  1.656699e+01 -6.250000e+00  0.000000e+00
     vertex  1.485355e+01 -6.146447e+00  0.000000e+00
   endloop
 endfacet
 facet normal  0.000000e+00  0.000000e+00 -1.000000e+00
   outer loop
     vertex  2.400000e+01 -1.350000e+01  0.000000e+00
     vertex  1.462941e+01 -6.982963e+00  0.000000e+00
     vertex  1.687059e+01 -6.982963e+00  0.000000e+00
   endloop
 endfacet
 facet normal  0.000000e+00  0.000000e+00 -1.000000e+00
   outer loop
     vertex  2.400000e+01 -1.350000e+01  0.000000e+00
     vertex -2.400000e+01 -1.350000e+01  0.000000e+00
     vertex  5.000000e-01 -7.000000e+00  0.000000e+00
   endloop
 endfacet
 facet normal  0.000000e+00  0.000000e+00 -1.000000e+00
   outer loop
     vertex  2.400000e+01 -1.350000e+01  0.000000e+00
     vertex  5.000000e-01 -7.000000e+00  0.000000e+00
     vertex  2.000000e+00 -7.000000e+00  0.000000e+00
   endloop
 endfacet
 facet normal  0.000000e+00  0.000000e+00 -1.000000e+00
   outer loop
     vertex  2.400000e+01 -1.350000e+01  0.000000e+00
     vertex  4.629410e+00 -6.982963e+00  0.000000e+00
     vertex  1.437059e+01 -6.982963e+00  0.000000e+00
   endloop
 endfacet
 facet normal  0.000000e+00  0.000000e+00 -1.000000e+00
   outer loop
     vertex  2.400000e+01 -1.350000e+01  0.000000e+00
     vertex  4.500000e+00 -7.000000e+00  0.000000e+00
     vertex  4.629410e+00 -6.982963e+00  0.000000e+00
   endloop
 endfacet
 facet normal  0.000000e+00  0.000000e+00 -1.000000e+00
   outer loop
     vertex  2.400000e+01 -1.350000e+01  0.000000e+00
     vertex  1.437059e+01 -6.982963e+00  0.000000e+00
     vertex  1.450000e+01 -7.000000e+00  0.000000e+00
   endloop
 endfacet
 facet normal  0.000000e+00  0.000000e+00 -1.000000e+00
   outer loop
     vertex  2.400000e+01 -1.350000e+01  0.000000e+00
     vertex  2.000000e+00 -7.000000e+00  0.000000e+00
     vertex  4.500000e+00 -7.000000e+00  0.000000e+00
   endloop
 endfacet
 facet normal  0.000000e+00  0.000000e+00 -1.000000e+00
   outer loop
     vertex  2.400000e+01 -1.350000e+01  0.000000e+00
     vertex  1.450000e+01 -7.000000e+00  0.000000e+00
     vertex  1.462941e+01 -6.982963e+00  0.000000e+00
   endloop
 endfacet
 facet normal  0.000000e+00  0.000000e+00 -1.000000e+00
   outer loop
     vertex  2.400000e+01 -1.350000e+01  0.000000e+00
     vertex  1.687059e+01 -6.982963e+00  0.000000e+00
     vertex  1.700000e+01 -7.000000e+00  0.000000e+00
   endloop
 endfacet
 facet normal  0.000000e+00  0.000000e+00 -1.000000e+00
   outer loop
     vertex  1.675000e+01 -6.066987e+00  0.000000e+00
     vertex  1.664645e+01 -6.146447e+00  0.000000e+00
     vertex  1.485355e+01 -6.146447e+00  0.000000e+00
   endloop
 endfacet
 facet normal -0.000000e+00  0.000000e+00 -1.000000e+00
   outer loop
     vertex  1.675000e+01 -6.066987e+00  0.000000e+00
     vertex  1.475000e+01 -6.066987e+00  0.000000e+00
     vertex  1.462941e+01 -6.017037e+00  0.000000e+00
   endloop
 endfacet
 facet normal  0.000000e+00  0.000000e+00 -1.000000e+00
   outer loop
     vertex  1.675000e+01 -6.066987e+00  0.000000e+00
     vertex  1.485355e+01 -6.146447e+00  0.000000e+00
     vertex  1.475000e+01 -6.066987e+00  0.000000e+00
   endloop
 endfacet
 facet normal -0.000000e+00  0.000000e+00 -1.000000e+00
   outer loop
     vertex  1.687059e+01 -6.017037e+00  0.000000e+00
     vertex  1.675000e+01 -6.066987e+00  0.000000e+00
     vertex  1.462941e+01 -6.017037e+00  0.000000e+00
   endloop
 endfacet
 facet normal  0.000000e+00  0.000000e+00 -1.000000e+00
   outer loop
     vertex  1.825000e+01 -6.933013e+00  0.000000e+00
     vertex  1.735355e+01 -6.853553e+00  0.000000e+00
     vertex  1.814645e+01 -6.853553e+00  0.000000e+00
   endloop
 endfacet
 facet normal  0.000000e+00  0.000000e+00 -1.000000e+00
   outer loop
     vertex  1.825000e+01 -6.933013e+00  0.000000e+00
     vertex  1.725000e+01 -6.933013e+00  0.000000e+00
     vertex  1.735355e+01 -6.853553e+00  0.000000e+00
   endloop
 endfacet
 facet normal  0.000000e+00 -0.000000e+00 -1.000000e+00
   outer loop
     vertex  1.806699e+01 -6.750000e+00  0.000000e+00
     vertex  1.814645e+01 -6.853553e+00  0.000000e+00
     vertex  1.735355e+01 -6.853553e+00  0.000000e+00
   endloop
 endfacet
 facet normal -0.000000e+00  0.000000e+00 -1.000000e+00
   outer loop
     vertex  1.806699e+01 -6.750000e+00  0.000000e+00
     vertex  1.735355e+01 -6.853553e+00  0.000000e+00
     vertex  1.743301e+01 -6.750000e+00  0.000000e+00
   endloop
 endfacet
 facet normal  0.000000e+00  0.000000e+00 -1.000000e+00
   outer loop
     vertex  1.837059e+01 -6.982963e+00  0.000000e+00
     vertex  1.725000e+01 -6.933013e+00  0.000000e+00
     vertex  1.825000e+01 -6.933013e+00  0.000000e+00
   endloop
 endfacet
 facet normal  0.000000e+00  0.000000e+00 -1.000000e+00
   outer loop
     vertex  1.837059e+01 -6.982963e+00  0.000000e+00
     vertex  1.712941e+01 -6.982963e+00  0.000000e+00
     vertex  1.725000e+01 -6.933013e+00  0.000000e+00
   endloop
 endfacet
 facet normal  0.000000e+00 -0.000000e+00 -1.000000e+00
   outer loop
     vertex  1.801704e+01 -6.629410e+00  0.000000e+00
     vertex  1.806699e+01 -6.750000e+00  0.000000e+00
     vertex  1.743301e+01 -6.750000e+00  0.000000e+00
   endloop
 endfacet
 facet normal  0.000000e+00  0.000000e+00 -1.000000e+00
   outer loop
     vertex  1.801704e+01 -6.629410e+00  0.000000e+00
     vertex  1.748296e+01 -6.629410e+00  0.000000e+00
     vertex  1.750000e+01 -6.500000e+00  0.000000e+00
   endloop
 endfacet
 facet normal -0.000000e+00  0.000000e+00 -1.000000e+00
   outer loop
     vertex  1.801704e+01 -6.629410e+00  0.000000e+00
     vertex  1.743301e+01 -6.750000e+00  0.000000e+00
     vertex  1.748296e+01 -6.629410e+00  0.000000e+00
   endloop
 endfacet
 facet normal  0.000000e+00  0.000000e+00 -1.000000e+00
   outer loop
     vertex  1.850000e+01 -7.000000e+00  0.000000e+00
     vertex  1.712941e+01 -6.982963e+00  0.000000e+00
     vertex  1.837059e+01 -6.982963e+00  0.000000e+00
   endloop
 endfacet
 facet normal -0.000000e+00 -0.000000e+00 -1.000000e+00
   outer loop
     vertex  1.850000e+01 -7.000000e+00  0.000000e+00
     vertex  2.400000e+01 -1.350000e+01  0.000000e+00
     vertex  1.700000e+01 -7.000000e+00  0.000000e+00
   endloop
 endfacet
 facet normal  0.000000e+00  0.000000e+00 -1.000000e+00
   outer loop
     vertex  1.850000e+01 -7.000000e+00  0.000000e+00
     vertex  1.700000e+01 -7.000000e+00  0.000000e+00
     vertex  1.712941e+01 -6.982963e+00  0.000000e+00
   endloop
 endfacet
 facet normal -0.000000e+00 -0.000000e+00 -1.000000e+00
   outer loop
     vertex  1.800000e+01 -6.500000e+00  0.000000e+00
     vertex  1.801704e+01 -6.629410e+00  0.000000e+00
     vertex  1.750000e+01 -6.500000e+00  0.000000e+00
   endloop
 endfacet
 facet normal  0.000000e+00 -0.000000e+00 -1.000000e+00
   outer loop
     vertex  1.862941e+01 -6.982963e+00  0.000000e+00
     vertex  2.400000e+01 -1.350000e+01  0.000000e+00
     vertex  1.850000e+01 -7.000000e+00  0.000000e+00
   endloop
 endfacet
 facet normal  0.000000e+00  0.000000e+00 -1.000000e+00
   outer loop
     vertex  1.801704e+01 -6.370590e+00  0.000000e+00
     vertex  1.800000e+01 -6.500000e+00  0.000000e+00
     vertex  1.750000e+01 -6.500000e+00  0.000000e+00
   endloop
 endfacet
 facet normal -0.000000e+00  0.000000e+00 -1.000000e+00
   outer loop
     vertex  1.801704e+01 -6.370590e+00  0.000000e+00
     vertex  1.750000e+01 -6.500000e+00  0.000000e+00
     vertex  1.748296e+01 -6.370590e+00  0.000000e+00
   endloop
 endfacet
 facet normal  0.000000e+00  0.000000e+00 -1.000000e+00
   outer loop
     vertex  1.806699e+01 -6.250000e+00  0.000000e+00
     vertex  1.801704e+01 -6.370590e+00  0.000000e+00
     vertex  1.748296e+01 -6.370590e+00  0.000000e+00
   endloop
 endfacet
 facet normal  0.000000e+00  0.000000e+00 -1.000000e+00
   outer loop
     vertex  1.806699e+01 -6.250000e+00  0.000000e+00
     vertex  1.743301e+01 -6.250000e+00  0.000000e+00
     vertex  1.735355e+01 -6.146447e+00  0.000000e+00
   endloop
 endfacet
 facet normal -0.000000e+00  0.000000e+00 -1.000000e+00
   outer loop
     vertex  1.806699e+01 -6.250000e+00  0.000000e+00
     vertex  1.748296e+01 -6.370590e+00  0.000000e+00
     vertex  1.743301e+01 -6.250000e+00  0.000000e+00
   endloop
 endfacet
 facet normal  0.000000e+00  0.000000e+00 -1.000000e+00
   outer loop
     vertex  1.814645e+01 -6.146447e+00  0.000000e+00
     vertex  1.806699e+01 -6.250000e+00  0.000000e+00
     vertex  1.735355e+01 -6.146447e+00  0.000000e+00
   endloop
 endfacet
 facet normal  0.000000e+00  0.000000e+00 -1.000000e+00
   outer loop
     vertex  1.825000e+01 -6.066987e+00  0.000000e+00
     vertex  1.814645e+01 -6.146447e+00  0.000000e+00
     vertex  1.735355e+01 -6.146447e+00  0.000000e+00
   endloop
 endfacet
 facet normal  0.000000e+00  0.000000e+00 -1.000000e+00
   outer loop
     vertex  1.825000e+01 -6.066987e+00  0.000000e+00
     vertex  1.735355e+01 -6.146447e+00  0.000000e+00
     vertex  1.725000e+01 -6.066987e+00  0.000000e+00
   endloop
 endfacet
 facet normal  0.000000e+00  0.000000e+00 -1.000000e+00
   outer loop
     vertex  1.837059e+01 -6.017037e+00  0.000000e+00
     vertex  1.825000e+01 -6.066987e+00  0.000000e+00
     vertex  1.725000e+01 -6.066987e+00  0.000000e+00
   endloop
 endfacet
 facet normal -0.000000e+00  0.000000e+00 -1.000000e+00
   outer loop
     vertex  1.837059e+01 -6.017037e+00  0.000000e+00
     vertex  1.725000e+01 -6.066987e+00  0.000000e+00
     vertex  1.712941e+01 -6.017037e+00  0.000000e+00
   endloop
 endfacet
 facet normal  0.000000e+00  0.000000e+00 -1.000000e+00
   outer loop
     vertex  1.178342e+01  1.002030e+00  0.000000e+00
     vertex  4.853553e+00 -6.146447e+00  0.000000e+00
     vertex  4.750000e+00 -6.066987e+00  0.000000e+00
   endloop
 endfacet
 facet normal  0.000000e+00  0.000000e+00 -1.000000e+00
   outer loop
     vertex  1.170237e+01  1.107654e+00  0.000000e+00
     vertex  4.750000e+00 -6.066987e+00  0.000000e+00
     vertex  4.629410e+00 -6.017037e+00  0.000000e+00
   endloop
 endfacet
 facet normal  0.000000e+00 -0.000000e+00 -1.000000e+00
   outer loop
     vertex  1.170237e+01  1.107654e+00  0.000000e+00
     vertex  1.178342e+01  1.002030e+00  0.000000e+00
     vertex  4.750000e+00 -6.066987e+00  0.000000e+00
   endloop
 endfacet
 facet normal  0.000000e+00  0.000000e+00 -1.000000e+00
   outer loop
     vertex  1.188904e+01  9.209810e-01  0.000000e+00
     vertex  4.933013e+00 -6.250000e+00  0.000000e+00
     vertex  4.853553e+00 -6.146447e+00  0.000000e+00
   endloop
 endfacet
 facet normal -0.000000e+00  0.000000e+00 -1.000000e+00
   outer loop
     vertex  1.188904e+01  9.209810e-01  0.000000e+00
     vertex  4.853553e+00 -6.146447e+00  0.000000e+00
     vertex  1.178342e+01  1.002030e+00  0.000000e+00
   endloop
 endfacet
 facet normal  0.000000e+00 -0.000000e+00 -1.000000e+00
   outer loop
     vertex  1.188904e+01  9.209810e-01  0.000000e+00
     vertex  1.406699e+01 -6.250000e+00  0.000000e+00
     vertex  4.933013e+00 -6.250000e+00  0.000000e+00
   endloop
 endfacet
 facet normal  0.000000e+00  0.000000e+00 -1.000000e+00
   outer loop
     vertex  2.556366e+01 -1.274698e+01  0.000000e+00
     vertex  2.524698e+01 -1.306366e+01  0.000000e+00
     vertex  2.486777e+01 -1.330194e+01  0.000000e+00
   endloop
 endfacet
 facet normal  0.000000e+00  0.000000e+00 -1.000000e+00
   outer loop
     vertex  1.201205e+01  8.700318e-01  0.000000e+00
     vertex  1.414645e+01 -6.146447e+00  0.000000e+00
     vertex  1.406699e+01 -6.250000e+00  0.000000e+00
   endloop
 endfacet
 facet normal -0.000000e+00 -0.000000e+00 -1.000000e+00
   outer loop
     vertex  1.201205e+01  8.700318e-01  0.000000e+00
     vertex  1.406699e+01 -6.250000e+00  0.000000e+00
     vertex  1.188904e+01  9.209810e-01  0.000000e+00
   endloop
 endfacet
 facet normal  0.000000e+00 -0.000000e+00 -1.000000e+00
   outer loop
     vertex  1.165142e+01  1.230656e+00  0.000000e+00
     vertex  1.170237e+01  1.107654e+00  0.000000e+00
     vertex  4.629410e+00 -6.017037e+00  0.000000e+00
   endloop
 endfacet
 facet normal  0.000000e+00  0.000000e+00 -1.000000e+00
   outer loop
     vertex  1.165142e+01  1.230656e+00  0.000000e+00
     vertex  4.629410e+00 -6.017037e+00  0.000000e+00
     vertex  4.500000e+00 -6.000000e+00  0.000000e+00
   endloop
 endfacet
 facet normal -0.000000e+00 -0.000000e+00 -1.000000e+00
   outer loop
     vertex  1.214404e+01  8.526540e-01  0.000000e+00
     vertex  1.414645e+01 -6.146447e+00  0.000000e+00
     vertex  1.201205e+01  8.700318e-01  0.000000e+00
   endloop
 endfacet
 facet normal  0.000000e+00  0.000000e+00 -1.000000e+00
   outer loop
     vertex  1.214404e+01  8.526540e-01  0.000000e+00
     vertex  1.425000e+01 -6.066987e+00  0.000000e+00
     vertex  1.414645e+01 -6.146447e+00  0.000000e+00
   endloop
 endfacet
 facet normal  0.000000e+00  0.000000e+00 -1.000000e+00
   outer loop
     vertex  1.163404e+01  1.362654e+00  0.000000e+00
     vertex  2.129410e+00 -6.017037e+00  0.000000e+00
     vertex  2.000000e+00 -6.000000e+00  0.000000e+00
   endloop
 endfacet
 facet normal  0.000000e+00  0.000000e+00 -1.000000e+00
   outer loop
     vertex  1.163404e+01  1.362654e+00  0.000000e+00
     vertex  4.370590e+00 -6.017037e+00  0.000000e+00
     vertex  2.129410e+00 -6.017037e+00  0.000000e+00
   endloop
 endfacet
 facet normal  0.000000e+00  0.000000e+00 -1.000000e+00
   outer loop
     vertex  1.163404e+01  1.362654e+00  0.000000e+00
     vertex  4.500000e+00 -6.000000e+00  0.000000e+00
     vertex  4.370590e+00 -6.017037e+00  0.000000e+00
   endloop
 endfacet
 facet normal  0.000000e+00 -0.000000e+00 -1.000000e+00
   outer loop
     vertex  1.163404e+01  1.362654e+00  0.000000e+00
     vertex  1.165142e+01  1.230656e+00  0.000000e+00
     vertex  4.500000e+00 -6.000000e+00  0.000000e+00
   endloop
 endfacet
 facet normal  0.000000e+00  0.000000e+00 -1.000000e+00
   outer loop
     vertex  1.165142e+01  1.494652e+00  0.000000e+00
     vertex  1.163404e+01  1.362654e+00  0.000000e+00
     vertex  2.000000e+00 -6.000000e+00  0.000000e+00
   endloop
 endfacet
 facet normal  0.000000e+00 -0.000000e+00 -1.000000e+00
   outer loop
     vertex  1.227604e+01  8.700318e-01  0.000000e+00
     vertex  1.425000e+01 -6.066987e+00  0.000000e+00
     vertex  1.214404e+01  8.526540e-01  0.000000e+00
   endloop
 endfacet
 facet normal  0.000000e+00  0.000000e+00 -1.000000e+00
   outer loop
     vertex  1.227604e+01  8.700318e-01  0.000000e+00
     vertex  1.437059e+01 -6.017037e+00  0.000000e+00
     vertex  1.425000e+01 -6.066987e+00  0.000000e+00
   endloop
 endfacet
 facet normal  0.000000e+00  0.000000e+00 -1.000000e+00
   outer loop
     vertex  2.025000e+01 -6.933013e+00  0.000000e+00
     vertex  1.875000e+01 -6.933013e+00  0.000000e+00
     vertex  1.885355e+01 -6.853553e+00  0.000000e+00
   endloop
 endfacet
 facet normal -0.000000e+00  0.000000e+00 -1.000000e+00
   outer loop
     vertex  2.025000e+01 -6.933013e+00  0.000000e+00
     vertex  1.862941e+01 -6.982963e+00  0.000000e+00
     vertex  1.875000e+01 -6.933013e+00  0.000000e+00
   endloop
 endfacet
 facet normal  0.000000e+00  0.000000e+00 -1.000000e+00
   outer loop
     vertex  2.025000e+01 -6.933013e+00  0.000000e+00
     vertex  1.885355e+01 -6.853553e+00  0.000000e+00
     vertex  2.014645e+01 -6.853553e+00  0.000000e+00
   endloop
 endfacet
 facet normal -0.000000e+00  0.000000e+00 -1.000000e+00
   outer loop
     vertex  2.006699e+01 -6.750000e+00  0.000000e+00
     vertex  1.885355e+01 -6.853553e+00  0.000000e+00
     vertex  1.893301e+01 -6.750000e+00  0.000000e+00
   endloop
 endfacet
 facet normal  0.000000e+00 -0.000000e+00 -1.000000e+00
   outer loop
     vertex  2.006699e+01 -6.750000e+00  0.000000e+00
     vertex  2.014645e+01 -6.853553e+00  0.000000e+00
     vertex  1.885355e+01 -6.853553e+00  0.000000e+00
   endloop
 endfacet
 facet normal -0.000000e+00  0.000000e+00 -1.000000e+00
   outer loop
     vertex  2.001704e+01 -6.629410e+00  0.000000e+00
     vertex  1.893301e+01 -6.750000e+00  0.000000e+00
     vertex  1.898296e+01 -6.629410e+00  0.000000e+00
   endloop
 endfacet
 facet normal  0.000000e+00 -0.000000e+00 -1.000000e+00
   outer loop
     vertex  2.001704e+01 -6.629410e+00  0.000000e+00
     vertex  2.006699e+01 -6.750000e+00  0.000000e+00
     vertex  1.893301e+01 -6.750000e+00  0.000000e+00
   endloop
 endfacet
 facet normal  0.000000e+00  0.000000e+00 -1.000000e+00
   outer loop
     vertex  2.037059e+01 -6.982963e+00  0.000000e+00
     vertex  1.862941e+01 -6.982963e+00  0.000000e+00
     vertex  2.025000e+01 -6.933013e+00  0.000000e+00
   endloop
 endfacet
 facet normal -0.000000e+00 -0.000000e+00 -1.000000e+00
   outer loop
     vertex  2.037059e+01 -6.982963e+00  0.000000e+00
     vertex  2.400000e+01 -1.350000e+01  0.000000e+00
     vertex  1.862941e+01 -6.982963e+00  0.000000e+00
   endloop
 endfacet
 facet normal  0.000000e+00  0.000000e+00 -1.000000e+00
   outer loop
     vertex  2.580194e+01 -1.236777e+01  0.000000e+00
     vertex  2.556366e+01 -1.274698e+01  0.000000e+00
     vertex  2.486777e+01 -1.330194e+01  0.000000e+00
   endloop
 endfacet
 facet normal -0.000000e+00 -0.000000e+00 -1.000000e+00
   outer loop
     vertex  2.050000e+01 -7.000000e+00  0.000000e+00
     vertex  2.400000e+01 -1.350000e+01  0.000000e+00
     vertex  2.037059e+01 -6.982963e+00  0.000000e+00
   endloop
 endfacet
 facet normal -0.000000e+00  0.000000e+00 -1.000000e+00
   outer loop
     vertex  2.000000e+01 -6.500000e+00  0.000000e+00
     vertex  1.898296e+01 -6.629410e+00  0.000000e+00
     vertex  1.900000e+01 -6.500000e+00  0.000000e+00
   endloop
 endfacet
 facet normal  0.000000e+00 -0.000000e+00 -1.000000e+00
   outer loop
     vertex  2.000000e+01 -6.500000e+00  0.000000e+00
     vertex  2.001704e+01 -6.629410e+00  0.000000e+00
     vertex  1.898296e+01 -6.629410e+00  0.000000e+00
   endloop
 endfacet
 facet normal  0.000000e+00 -0.000000e+00 -1.000000e+00
   outer loop
     vertex  2.062941e+01 -6.982963e+00  0.000000e+00
     vertex  2.400000e+01 -1.350000e+01  0.000000e+00
     vertex  2.050000e+01 -7.000000e+00  0.000000e+00
   endloop
 endfacet
 facet normal  0.000000e+00  0.000000e+00 -1.000000e+00
   outer loop
     vertex  2.001704e+01 -6.370590e+00  0.000000e+00
     vertex  1.898296e+01 -6.370590e+00  0.000000e+00
     vertex  1.893301e+01 -6.250000e+00  0.000000e+00
   endloop
 endfacet
 facet normal -0.000000e+00  0.000000e+00 -1.000000e+00
   outer loop
     vertex  2.001704e+01 -6.370590e+00  0.000000e+00
     vertex  1.900000e+01 -6.500000e+00  0.000000e+00
     vertex  1.898296e+01 -6.370590e+00  0.000000e+00
   endloop
 endfacet
 facet normal  0.000000e+00  0.000000e+00 -1.000000e+00
   outer loop
     vertex  2.001704e+01 -6.370590e+00  0.000000e+00
     vertex  2.000000e+01 -6.500000e+00  0.000000e+00
     vertex  1.900000e+01 -6.500000e+00  0.000000e+00
   endloop
 endfacet
 facet normal -0.000000e+00  0.000000e+00 -1.000000e+00
   outer loop
     vertex  2.006699e+01 -6.250000e+00  0.000000e+00
     vertex  2.001704e+01 -6.370590e+00  0.000000e+00
     vertex  1.893301e+01 -6.250000e+00  0.000000e+00
   endloop
 endfacet
 facet normal  0.000000e+00 -0.000000e+00 -1.000000e+00
   outer loop
     vertex  2.075000e+01 -6.933013e+00  0.000000e+00
     vertex  2.400000e+01 -1.350000e+01  0.000000e+00
     vertex  2.062941e+01 -6.982963e+00  0.000000e+00
   endloop
 endfacet
 facet normal -0.000000e+00  0.000000e+00 -1.000000e+00
   outer loop
     vertex  2.014645e+01 -6.146447e+00  0.000000e+00
     vertex  1.885355e+01 -6.146447e+00  0.000000e+00
     vertex  1.875000e+01 -6.066987e+00  0.000000e+00
   endloop
 endfacet
 facet normal  0.000000e+00  0.000000e+00 -1.000000e+00
   outer loop
     vertex  2.014645e+01 -6.146447e+00  0.000000e+00
     vertex  1.893301e+01 -6.250000e+00  0.000000e+00
     vertex  1.885355e+01 -6.146447e+00  0.000000e+00
   endloop
 endfacet
 facet normal  0.000000e+00  0.000000e+00 -1.000000e+00
   outer loop
     vertex  2.014645e+01 -6.146447e+00  0.000000e+00
     vertex  2.006699e+01 -6.250000e+00  0.000000e+00
     vertex  1.893301e+01 -6.250000e+00  0.000000e+00
   endloop
 endfacet
 facet normal -0.000000e+00  0.000000e+00 -1.000000e+00
   outer loop
     vertex  2.025000e+01 -6.066987e+00  0.000000e+00
     vertex  1.875000e+01 -6.066987e+00  0.000000e+00
     vertex  1.862941e+01 -6.017037e+00  0.000000e+00
   endloop
 endfacet
 facet normal  0.000000e+00  0.000000e+00 -1.000000e+00
   outer loop
     vertex  2.025000e+01 -6.066987e+00  0.000000e+00
     vertex  2.014645e+01 -6.146447e+00  0.000000e+00
     vertex  1.875000e+01 -6.066987e+00  0.000000e+00
   endloop
 endfacet
 facet normal -0.000000e+00  0.000000e+00 -1.000000e+00
   outer loop
     vertex  2.037059e+01 -6.017037e+00  0.000000e+00
     vertex  2.025000e+01 -6.066987e+00  0.000000e+00
     vertex  1.862941e+01 -6.017037e+00  0.000000e+00
   endloop
 endfacet
 facet normal  0.000000e+00  0.000000e+00 -1.000000e+00
   outer loop
     vertex  2.600000e+01 -1.150000e+01  0.000000e+00
     vertex  2.594986e+01 -1.194504e+01  0.000000e+00
     vertex  2.580194e+01 -1.236777e+01  0.000000e+00
   endloop
 endfacet
 facet normal  0.000000e+00  0.000000e+00 -1.000000e+00
   outer loop
     vertex  2.600000e+01 -1.150000e+01  0.000000e+00
     vertex  2.486777e+01 -1.330194e+01  0.000000e+00
     vertex  2.444504e+01 -1.344986e+01  0.000000e+00
   endloop
 endfacet
 facet normal  0.000000e+00  0.000000e+00 -1.000000e+00
   outer loop
     vertex  2.600000e+01 -1.150000e+01  0.000000e+00
     vertex  2.444504e+01 -1.344986e+01  0.000000e+00
     vertex  2.400000e+01 -1.350000e+01  0.000000e+00
   endloop
 endfacet
 facet normal  0.000000e+00  0.000000e+00 -1.000000e+00
   outer loop
     vertex  2.600000e+01 -1.150000e+01  0.000000e+00
     vertex  2.580194e+01 -1.236777e+01  0.000000e+00
     vertex  2.486777e+01 -1.330194e+01  0.000000e+00
   endloop
 endfacet
 facet normal  0.000000e+00  0.000000e+00 -1.000000e+00
   outer loop
     vertex  2.600000e+01 -1.150000e+01  0.000000e+00
     vertex  2.098296e+01 -6.629410e+00  0.000000e+00
     vertex  2.100000e+01 -6.500000e+00  0.000000e+00
   endloop
 endfacet
 facet normal  0.000000e+00  0.000000e+00 -1.000000e+00
   outer loop
     vertex  2.600000e+01 -1.150000e+01  0.000000e+00
     vertex  2.093301e+01 -6.750000e+00  0.000000e+00
     vertex  2.098296e+01 -6.629410e+00  0.000000e+00
   endloop
 endfacet
 facet normal  0.000000e+00  0.000000e+00 -1.000000e+00
   outer loop
     vertex  2.600000e+01 -1.150000e+01  0.000000e+00
     vertex  2.085355e+01 -6.853553e+00  0.000000e+00
     vertex  2.093301e+01 -6.750000e+00  0.000000e+00
   endloop
 endfacet
 facet normal  0.000000e+00  0.000000e+00 -1.000000e+00
   outer loop
     vertex  2.600000e+01 -1.150000e+01  0.000000e+00
     vertex  2.075000e+01 -6.933013e+00  0.000000e+00
     vertex  2.085355e+01 -6.853553e+00  0.000000e+00
   endloop
 endfacet
 facet normal -0.000000e+00  0.000000e+00 -1.000000e+00
   outer loop
     vertex  2.600000e+01 -1.150000e+01  0.000000e+00
     vertex  2.400000e+01 -1.350000e+01  0.000000e+00
     vertex  2.075000e+01 -6.933013e+00  0.000000e+00
   endloop
 endfacet
 facet normal  0.000000e+00  0.000000e+00 -1.000000e+00
   outer loop
     vertex  2.098296e+01 -6.370590e+00  0.000000e+00
     vertex  2.600000e+01 -1.150000e+01  0.000000e+00
     vertex  2.100000e+01 -6.500000e+00  0.000000e+00
   endloop
 endfacet
 facet normal  0.000000e+00  0.000000e+00 -1.000000e+00
   outer loop
     vertex  2.093301e+01 -6.250000e+00  0.000000e+00
     vertex  2.600000e+01 -1.150000e+01  0.000000e+00
     vertex  2.098296e+01 -6.370590e+00  0.000000e+00
   endloop
 endfacet
 facet normal -0.000000e+00  0.000000e+00 -1.000000e+00
   outer loop
     vertex  1.478342e+01  1.002030e+00  0.000000e+00
     vertex  1.250467e+01  1.002030e+00  0.000000e+00
     vertex  1.258572e+01  1.107654e+00  0.000000e+00
   endloop
 endfacet
 facet normal  0.000000e+00 -0.000000e+00 -1.000000e+00
   outer loop
     vertex  1.178342e+01  4.002030e+00  0.000000e+00
     vertex  1.178342e+01  1.723278e+00  0.000000e+00
     vertex  1.170237e+01  1.617654e+00  0.000000e+00
   endloop
 endfacet
 facet normal  0.000000e+00  0.000000e+00 -1.000000e+00
   outer loop
     vertex  1.178342e+01  4.002030e+00  0.000000e+00
     vertex  1.188904e+01  1.804327e+00  0.000000e+00
     vertex  1.178342e+01  1.723278e+00  0.000000e+00
   endloop
 endfacet
 facet normal  0.000000e+00  0.000000e+00 -1.000000e+00
   outer loop
     vertex  1.488904e+01  9.209810e-01  0.000000e+00
     vertex  1.250467e+01  1.002030e+00  0.000000e+00
     vertex  1.478342e+01  1.002030e+00  0.000000e+00
   endloop
 endfacet
 facet normal -0.000000e+00  0.000000e+00 -1.000000e+00
   outer loop
     vertex  1.488904e+01  9.209810e-01  0.000000e+00
     vertex  1.239904e+01  9.209810e-01  0.000000e+00
     vertex  1.250467e+01  1.002030e+00  0.000000e+00
   endloop
 endfacet
 facet normal  0.000000e+00 -0.000000e+00 -1.000000e+00
   outer loop
     vertex  1.470237e+01  1.107654e+00  0.000000e+00
     vertex  1.478342e+01  1.002030e+00  0.000000e+00
     vertex  1.258572e+01  1.107654e+00  0.000000e+00
   endloop
 endfacet
 facet normal  0.000000e+00 -0.000000e+00 -1.000000e+00
   outer loop
     vertex  1.170237e+01  4.107654e+00  0.000000e+00
     vertex  1.170237e+01  1.617654e+00  0.000000e+00
     vertex  1.165142e+01  1.494652e+00  0.000000e+00
   endloop
 endfacet
 facet normal  0.000000e+00  0.000000e+00 -1.000000e+00
   outer loop
     vertex  1.170237e+01  4.107654e+00  0.000000e+00
     vertex  1.178342e+01  4.002030e+00  0.000000e+00
     vertex  1.170237e+01  1.617654e+00  0.000000e+00
   endloop
 endfacet
 facet normal  0.000000e+00  0.000000e+00 -1.000000e+00
   outer loop
     vertex  1.188904e+01  3.920981e+00  0.000000e+00
     vertex  1.201205e+01  1.855276e+00  0.000000e+00
     vertex  1.188904e+01  1.804327e+00  0.000000e+00
   endloop
 endfacet
 facet normal -0.000000e+00 -0.000000e+00 -1.000000e+00
   outer loop
     vertex  1.188904e+01  3.920981e+00  0.000000e+00
     vertex  1.188904e+01  1.804327e+00  0.000000e+00
     vertex  1.178342e+01  4.002030e+00  0.000000e+00
   endloop
 endfacet
 facet normal  0.000000e+00  0.000000e+00 -1.000000e+00
   outer loop
     vertex  1.501205e+01  8.700318e-01  0.000000e+00
     vertex  1.437059e+01 -6.017037e+00  0.000000e+00
     vertex  1.227604e+01  8.700318e-01  0.000000e+00
   endloop
 endfacet
 facet normal -0.000000e+00  0.000000e+00 -1.000000e+00
   outer loop
     vertex  1.501205e+01  8.700318e-01  0.000000e+00
     vertex  1.227604e+01  8.700318e-01  0.000000e+00
     vertex  1.239904e+01  9.209810e-01  0.000000e+00
   endloop
 endfacet
 facet normal  0.000000e+00  0.000000e+00 -1.000000e+00
   outer loop
     vertex  1.501205e+01  8.700318e-01  0.000000e+00
     vertex  1.450000e+01 -6.000000e+00  0.000000e+00
     vertex  1.437059e+01 -6.017037e+00  0.000000e+00
   endloop
 endfacet
 facet normal  0.000000e+00  0.000000e+00 -1.000000e+00
   outer loop
     vertex  1.501205e+01  8.700318e-01  0.000000e+00
     vertex  1.239904e+01  9.209810e-01  0.000000e+00
     vertex  1.488904e+01  9.209810e-01  0.000000e+00
   endloop
 endfacet
 facet normal  0.000000e+00  0.000000e+00 -1.000000e+00
   outer loop
     vertex  1.465142e+01  1.230656e+00  0.000000e+00
     vertex  1.258572e+01  1.107654e+00  0.000000e+00
     vertex  1.263667e+01  1.230656e+00  0.000000e+00
   endloop
 endfacet
 facet normal  0.000000e+00 -0.000000e+00 -1.000000e+00
   outer loop
     vertex  1.465142e+01  1.230656e+00  0.000000e+00
     vertex  1.470237e+01  1.107654e+00  0.000000e+00
     vertex  1.258572e+01  1.107654e+00  0.000000e+00
   endloop
 endfacet
 facet normal -0.000000e+00 -0.000000e+00 -1.000000e+00
   outer loop
     vertex  1.201205e+01  3.870032e+00  0.000000e+00
     vertex  1.201205e+01  1.855276e+00  0.000000e+00
     vertex  1.188904e+01  3.920981e+00  0.000000e+00
   endloop
 endfacet
 facet normal  0.000000e+00  0.000000e+00 -1.000000e+00
   outer loop
     vertex  1.165142e+01  4.230656e+00  0.000000e+00
     vertex  1.170237e+01  4.107654e+00  0.000000e+00
     vertex  1.165142e+01  1.494652e+00  0.000000e+00
   endloop
 endfacet
 facet normal  0.000000e+00 -0.000000e+00 -1.000000e+00
   outer loop
     vertex  1.165142e+01  4.230656e+00  0.000000e+00
     vertex  1.165142e+01  1.494652e+00  0.000000e+00
     vertex  2.000000e+00 -6.000000e+00  0.000000e+00
   endloop
 endfacet
 facet normal  0.000000e+00  0.000000e+00 -1.000000e+00
   outer loop
     vertex  1.514404e+01  8.526540e-01  0.000000e+00
     vertex  1.462941e+01 -6.017037e+00  0.000000e+00
     vertex  1.450000e+01 -6.000000e+00  0.000000e+00
   endloop
 endfacet
 facet normal -0.000000e+00  0.000000e+00 -1.000000e+00
   outer loop
     vertex  1.514404e+01  8.526540e-01  0.000000e+00
     vertex  1.450000e+01 -6.000000e+00  0.000000e+00
     vertex  1.501205e+01  8.700318e-01  0.000000e+00
   endloop
 endfacet
 facet normal -0.000000e+00  0.000000e+00 -1.000000e+00
   outer loop
     vertex  1.463404e+01  1.362654e+00  0.000000e+00
     vertex  1.265404e+01  1.362654e+00  0.000000e+00
     vertex  1.263667e+01  1.494652e+00  0.000000e+00
   endloop
 endfacet
 facet normal  0.000000e+00  0.000000e+00 -1.000000e+00
   outer loop
     vertex  1.463404e+01  1.362654e+00  0.000000e+00
     vertex  1.263667e+01  1.230656e+00  0.000000e+00
     vertex  1.265404e+01  1.362654e+00  0.000000e+00
   endloop
 endfacet
 facet normal  0.000000e+00 -0.000000e+00 -1.000000e+00
   outer loop
     vertex  1.463404e+01  1.362654e+00  0.000000e+00
     vertex  1.465142e+01  1.230656e+00  0.000000e+00
     vertex  1.263667e+01  1.230656e+00  0.000000e+00
   endloop
 endfacet
 facet normal  0.000000e+00 -0.000000e+00 -1.000000e+00
   outer loop
     vertex  1.214404e+01  3.852654e+00  0.000000e+00
     vertex  1.214404e+01  1.872654e+00  0.000000e+00
     vertex  1.201205e+01  1.855276e+00  0.000000e+00
   endloop
 endfacet
 facet normal -0.000000e+00  0.000000e+00 -1.000000e+00
   outer loop
     vertex  1.214404e+01  3.852654e+00  0.000000e+00
     vertex  1.201205e+01  1.855276e+00  0.000000e+00
     vertex  1.201205e+01  3.870032e+00  0.000000e+00
   endloop
 endfacet
 facet normal  0.000000e+00 -0.000000e+00 -1.000000e+00
   outer loop
     vertex  1.163404e+01  4.362654e+00  0.000000e+00
     vertex  1.165142e+01  4.230656e+00  0.000000e+00
     vertex  2.000000e+00 -6.000000e+00  0.000000e+00
   endloop
 endfacet
 facet normal  0.000000e+00  0.000000e+00 -1.000000e+00
   outer loop
     vertex  1.163404e+01  4.362654e+00  0.000000e+00
     vertex  2.000000e+00 -6.000000e+00  0.000000e+00
     vertex  5.000000e-01 -6.000000e+00  0.000000e+00
   endloop
 endfacet
 facet normal  0.000000e+00  0.000000e+00 -1.000000e+00
   outer loop
     vertex  1.465142e+01  1.494652e+00  0.000000e+00
     vertex  1.463404e+01  1.362654e+00  0.000000e+00
     vertex  1.263667e+01  1.494652e+00  0.000000e+00
   endloop
 endfacet
 facet normal  0.000000e+00 -0.000000e+00 -1.000000e+00
   outer loop
     vertex  1.527604e+01  8.700318e-01  0.000000e+00
     vertex  1.687059e+01 -6.017037e+00  0.000000e+00
     vertex  1.462941e+01 -6.017037e+00  0.000000e+00
   endloop
 endfacet
 facet normal  0.000000e+00  0.000000e+00 -1.000000e+00
   outer loop
     vertex  1.527604e+01  8.700318e-01  0.000000e+00
     vertex  1.462941e+01 -6.017037e+00  0.000000e+00
     vertex  1.514404e+01  8.526540e-01  0.000000e+00
   endloop
 endfacet
 facet normal  0.000000e+00  0.000000e+00 -1.000000e+00
   outer loop
     vertex  1.527604e+01  8.700318e-01  0.000000e+00
     vertex  1.700000e+01 -6.000000e+00  0.000000e+00
     vertex  1.687059e+01 -6.017037e+00  0.000000e+00
   endloop
 endfacet
 facet normal  0.000000e+00  0.000000e+00 -1.000000e+00
   outer loop
     vertex  1.165142e+01  4.494652e+00  0.000000e+00
     vertex  5.000000e-01 -6.000000e+00  0.000000e+00
     vertex -1.500000e+00 -6.000000e+00  0.000000e+00
   endloop
 endfacet
 facet normal  0.000000e+00  0.000000e+00 -1.000000e+00
   outer loop
     vertex  1.165142e+01  4.494652e+00  0.000000e+00
     vertex  1.163404e+01  4.362654e+00  0.000000e+00
     vertex  5.000000e-01 -6.000000e+00  0.000000e+00
   endloop
 endfacet
 facet normal -0.000000e+00  0.000000e+00 -1.000000e+00
   outer loop
     vertex  1.165142e+01  4.494652e+00  0.000000e+00
     vertex -1.500000e+00 -6.000000e+00  0.000000e+00
     vertex -1.576333e+01  4.529652e+00  0.000000e+00
   endloop
 endfacet
 facet normal  0.000000e+00  0.000000e+00 -1.000000e+00
   outer loop
     vertex  1.227604e+01  3.870032e+00  0.000000e+00
     vertex  1.214404e+01  1.872654e+00  0.000000e+00
     vertex  1.214404e+01  3.852654e+00  0.000000e+00
   endloop
 endfacet
 facet normal  0.000000e+00 -0.000000e+00 -1.000000e+00
   outer loop
     vertex  1.227604e+01  3.870032e+00  0.000000e+00
     vertex  1.227604e+01  1.855276e+00  0.000000e+00
     vertex  1.214404e+01  1.872654e+00  0.000000e+00
   endloop
 endfacet
 facet normal -0.000000e+00  0.000000e+00 -1.000000e+00
   outer loop
     vertex  1.470237e+01  1.617654e+00  0.000000e+00
     vertex  1.258572e+01  1.617654e+00  0.000000e+00
     vertex  1.250467e+01  1.723278e+00  0.000000e+00
   endloop
 endfacet
 facet normal  0.000000e+00  0.000000e+00 -1.000000e+00
   outer loop
     vertex  1.470237e+01  1.617654e+00  0.000000e+00
     vertex  1.263667e+01  1.494652e+00  0.000000e+00
     vertex  1.258572e+01  1.617654e+00  0.000000e+00
   endloop
 endfacet
 facet normal  0.000000e+00  0.000000e+00 -1.000000e+00
   outer loop
     vertex  1.470237e+01  1.617654e+00  0.000000e+00
     vertex  1.465142e+01  1.494652e+00  0.000000e+00
     vertex  1.263667e+01  1.494652e+00  0.000000e+00
   endloop
 endfacet
 facet normal  0.000000e+00  0.000000e+00 -1.000000e+00
   outer loop
     vertex  1.539904e+01  9.209810e-01  0.000000e+00
     vertex  1.712941e+01 -6.017037e+00  0.000000e+00
     vertex  1.700000e+01 -6.000000e+00  0.000000e+00
   endloop
 endfacet
 facet normal  0.000000e+00  0.000000e+00 -1.000000e+00
   outer loop
     vertex  1.539904e+01  9.209810e-01  0.000000e+00
     vertex  1.837059e+01 -6.017037e+00  0.000000e+00
     vertex  1.712941e+01 -6.017037e+00  0.000000e+00
   endloop
 endfacet
 facet normal  0.000000e+00 -0.000000e+00 -1.000000e+00
   outer loop
     vertex  1.539904e+01  9.209810e-01  0.000000e+00
     vertex  1.700000e+01 -6.000000e+00  0.000000e+00
     vertex  1.527604e+01  8.700318e-01  0.000000e+00
   endloop
 endfacet
 facet normal  0.000000e+00  0.000000e+00 -1.000000e+00
   outer loop
     vertex  1.239904e+01  3.920981e+00  0.000000e+00
     vertex  1.227604e+01  1.855276e+00  0.000000e+00
     vertex  1.227604e+01  3.870032e+00  0.000000e+00
   endloop
 endfacet
 facet normal  0.000000e+00 -0.000000e+00 -1.000000e+00
   outer loop
     vertex  1.239904e+01  3.920981e+00  0.000000e+00
     vertex  1.239904e+01  1.804327e+00  0.000000e+00
     vertex  1.227604e+01  1.855276e+00  0.000000e+00
   endloop
 endfacet
 facet normal  0.000000e+00  0.000000e+00 -1.000000e+00
   outer loop
     vertex  1.550467e+01  1.002030e+00  0.000000e+00
     vertex  1.850000e+01 -6.000000e+00  0.000000e+00
     vertex  1.837059e+01 -6.017037e+00  0.000000e+00
   endloop
 endfacet
 facet normal  0.000000e+00 -0.000000e+00 -1.000000e+00
   outer loop
     vertex  1.550467e+01  1.002030e+00  0.000000e+00
     vertex  1.837059e+01 -6.017037e+00  0.000000e+00
     vertex  1.539904e+01  9.209810e-01  0.000000e+00
   endloop
 endfacet
 facet normal  0.000000e+00 -0.000000e+00 -1.000000e+00
   outer loop
     vertex  1.250467e+01  4.002030e+00  0.000000e+00
     vertex  1.250467e+01  1.723278e+00  0.000000e+00
     vertex  1.239904e+01  1.804327e+00  0.000000e+00
   endloop
 endfacet
 facet normal  0.000000e+00  0.000000e+00 -1.000000e+00
   outer loop
     vertex  1.250467e+01  4.002030e+00  0.000000e+00
     vertex  1.239904e+01  1.804327e+00  0.000000e+00
     vertex  1.239904e+01  3.920981e+00  0.000000e+00
   endloop
 endfacet
 facet normal  0.000000e+00  0.000000e+00 -1.000000e+00
   outer loop
     vertex  1.478342e+01  1.723278e+00  0.000000e+00
     vertex  1.470237e+01  1.617654e+00  0.000000e+00
     vertex  1.250467e+01  1.723278e+00  0.000000e+00
   endloop
 endfacet
 facet normal  0.000000e+00  0.000000e+00 -1.000000e+00
   outer loop
     vertex  1.558572e+01  1.107654e+00  0.000000e+00
     vertex  1.862941e+01 -6.017037e+00  0.000000e+00
     vertex  1.850000e+01 -6.000000e+00  0.000000e+00
   endloop
 endfacet
 facet normal  0.000000e+00 -0.000000e+00 -1.000000e+00
   outer loop
     vertex  1.558572e+01  1.107654e+00  0.000000e+00
     vertex  1.850000e+01 -6.000000e+00  0.000000e+00
     vertex  1.550467e+01  1.002030e+00  0.000000e+00
   endloop
 endfacet
 facet normal  0.000000e+00  0.000000e+00 -1.000000e+00
   outer loop
     vertex  1.558572e+01  1.107654e+00  0.000000e+00
     vertex  2.050000e+01 -6.000000e+00  0.000000e+00
     vertex  2.037059e+01 -6.017037e+00  0.000000e+00
   endloop
 endfacet
 facet normal  0.000000e+00  0.000000e+00 -1.000000e+00
   outer loop
     vertex  1.558572e+01  1.107654e+00  0.000000e+00
     vertex  2.037059e+01 -6.017037e+00  0.000000e+00
     vertex  1.862941e+01 -6.017037e+00  0.000000e+00
   endloop
 endfacet
 facet normal  0.000000e+00  0.000000e+00 -1.000000e+00
   outer loop
     vertex  1.563667e+01  1.230656e+00  0.000000e+00
     vertex  2.062941e+01 -6.017037e+00  0.000000e+00
     vertex  2.050000e+01 -6.000000e+00  0.000000e+00
   endloop
 endfacet
 facet normal  0.000000e+00 -0.000000e+00 -1.000000e+00
   outer loop
     vertex  1.563667e+01  1.230656e+00  0.000000e+00
     vertex  2.050000e+01 -6.000000e+00  0.000000e+00
     vertex  1.558572e+01  1.107654e+00  0.000000e+00
   endloop
 endfacet
 facet normal  0.000000e+00 -0.000000e+00 -1.000000e+00
   outer loop
     vertex  1.565404e+01  1.362654e+00  0.000000e+00
     vertex  2.062941e+01 -6.017037e+00  0.000000e+00
     vertex  1.563667e+01  1.230656e+00  0.000000e+00
   endloop
 endfacet
 facet normal  0.000000e+00 -0.000000e+00 -1.000000e+00
   outer loop
     vertex  1.478342e+01  4.002030e+00  0.000000e+00
     vertex  1.478342e+01  1.723278e+00  0.000000e+00
     vertex  1.250467e+01  1.723278e+00  0.000000e+00
   endloop
 endfacet
 facet normal -0.000000e+00  0.000000e+00 -1.000000e+00
   outer loop
     vertex  1.478342e+01  4.002030e+00  0.000000e+00
     vertex  1.250467e+01  4.002030e+00  0.000000e+00
     vertex  1.258572e+01  4.107654e+00  0.000000e+00
   endloop
 endfacet
 facet normal  0.000000e+00  0.000000e+00 -1.000000e+00
   outer loop
     vertex  1.478342e+01  4.002030e+00  0.000000e+00
     vertex  1.250467e+01  1.723278e+00  0.000000e+00
     vertex  1.250467e+01  4.002030e+00  0.000000e+00
   endloop
 endfacet
 facet normal  0.000000e+00 -0.000000e+00 -1.000000e+00
   outer loop
     vertex  1.488904e+01  3.920981e+00  0.000000e+00
     vertex  1.488904e+01  1.804327e+00  0.000000e+00
     vertex  1.478342e+01  1.723278e+00  0.000000e+00
   endloop
 endfacet
 facet normal -0.000000e+00  0.000000e+00 -1.000000e+00
   outer loop
     vertex  1.488904e+01  3.920981e+00  0.000000e+00
     vertex  1.478342e+01  1.723278e+00  0.000000e+00
     vertex  1.478342e+01  4.002030e+00  0.000000e+00
   endloop
 endfacet
 facet normal -0.000000e+00  0.000000e+00 -1.000000e+00
   outer loop
     vertex  1.470237e+01  4.107654e+00  0.000000e+00
     vertex  1.258572e+01  4.107654e+00  0.000000e+00
     vertex  1.263667e+01  4.230656e+00  0.000000e+00
   endloop
 endfacet
 facet normal  0.000000e+00 -0.000000e+00 -1.000000e+00
   outer loop
     vertex  1.470237e+01  4.107654e+00  0.000000e+00
     vertex  1.478342e+01  4.002030e+00  0.000000e+00
     vertex  1.258572e+01  4.107654e+00  0.000000e+00
   endloop
 endfacet
 facet normal  0.000000e+00 -0.000000e+00 -1.000000e+00
   outer loop
     vertex  1.501205e+01  3.870032e+00  0.000000e+00
     vertex  1.501205e+01  1.855276e+00  0.000000e+00
     vertex  1.488904e+01  1.804327e+00  0.000000e+00
   endloop
 endfacet
 facet normal -0.000000e+00  0.000000e+00 -1.000000e+00
   outer loop
     vertex  1.501205e+01  3.870032e+00  0.000000e+00
     vertex  1.488904e+01  1.804327e+00  0.000000e+00
     vertex  1.488904e+01  3.920981e+00  0.000000e+00
   endloop
 endfacet
 facet normal  0.000000e+00 -0.000000e+00 -1.000000e+00
   outer loop
     vertex  1.465142e+01  4.230656e+00  0.000000e+00
     vertex  1.470237e+01  4.107654e+00  0.000000e+00
     vertex  1.263667e+01  4.230656e+00  0.000000e+00
   endloop
 endfacet
 facet normal  0.000000e+00 -0.000000e+00 -1.000000e+00
   outer loop
     vertex  1.514404e+01  3.852654e+00  0.000000e+00
     vertex  1.514404e+01  1.872654e+00  0.000000e+00
     vertex  1.501205e+01  1.855276e+00  0.000000e+00
   endloop
 endfacet
 facet normal -0.000000e+00  0.000000e+00 -1.000000e+00
   outer loop
     vertex  1.514404e+01  3.852654e+00  0.000000e+00
     vertex  1.501205e+01  1.855276e+00  0.000000e+00
     vertex  1.501205e+01  3.870032e+00  0.000000e+00
   endloop
 endfacet
 facet normal  0.000000e+00 -0.000000e+00 -1.000000e+00
   outer loop
     vertex  1.463404e+01  4.362654e+00  0.000000e+00
     vertex  1.465142e+01  4.230656e+00  0.000000e+00
     vertex  1.263667e+01  4.230656e+00  0.000000e+00
   endloop
 endfacet
 facet normal  0.000000e+00  0.000000e+00 -1.000000e+00
   outer loop
     vertex  1.463404e+01  4.362654e+00  0.000000e+00
     vertex  1.263667e+01  4.230656e+00  0.000000e+00
     vertex  1.265404e+01  4.362654e+00  0.000000e+00
   endloop
 endfacet
 facet normal  0.000000e+00  0.000000e+00 -1.000000e+00
   outer loop
     vertex  1.465142e+01  4.494652e+00  0.000000e+00
     vertex  1.463404e+01  4.362654e+00  0.000000e+00
     vertex  1.265404e+01  4.362654e+00  0.000000e+00
   endloop
 endfacet
 facet normal  0.000000e+00  0.000000e+00 -1.000000e+00
   outer loop
     vertex  1.465142e+01  4.494652e+00  0.000000e+00
     vertex  1.265404e+01  4.362654e+00  0.000000e+00
     vertex  1.263667e+01  4.494652e+00  0.000000e+00
   endloop
 endfacet
 facet normal  0.000000e+00 -0.000000e+00 -1.000000e+00
   outer loop
     vertex  1.527604e+01  3.870032e+00  0.000000e+00
     vertex  1.527604e+01  1.855276e+00  0.000000e+00
     vertex  1.514404e+01  1.872654e+00  0.000000e+00
   endloop
 endfacet
 facet normal  0.000000e+00  0.000000e+00 -1.000000e+00
   outer loop
     vertex  1.527604e+01  3.870032e+00  0.000000e+00
     vertex  1.514404e+01  1.872654e+00  0.000000e+00
     vertex  1.514404e+01  3.852654e+00  0.000000e+00
   endloop
 endfacet
 facet normal  0.000000e+00  0.000000e+00 -1.000000e+00
   outer loop
     vertex  1.470237e+01  4.617654e+00  0.000000e+00
     vertex  1.465142e+01  4.494652e+00  0.000000e+00
     vertex  1.263667e+01  4.494652e+00  0.000000e+00
   endloop
 endfacet
 facet normal  0.000000e+00  0.000000e+00 -1.000000e+00
   outer loop
     vertex  1.470237e+01  4.617654e+00  0.000000e+00
     vertex  1.263667e+01  4.494652e+00  0.000000e+00
     vertex  1.258572e+01  4.617654e+00  0.000000e+00
   endloop
 endfacet
 facet normal  0.000000e+00 -0.000000e+00 -1.000000e+00
   outer loop
     vertex  1.539904e+01  3.920981e+00  0.000000e+00
     vertex  1.539904e+01  1.804327e+00  0.000000e+00
     vertex  1.527604e+01  1.855276e+00  0.000000e+00
   endloop
 endfacet
 facet normal  0.000000e+00  0.000000e+00 -1.000000e+00
   outer loop
     vertex  1.539904e+01  3.920981e+00  0.000000e+00
     vertex  1.550467e+01  1.723278e+00  0.000000e+00
     vertex  1.539904e+01  1.804327e+00  0.000000e+00
   endloop
 endfacet
 facet normal  0.000000e+00  0.000000e+00 -1.000000e+00
   outer loop
     vertex  1.539904e+01  3.920981e+00  0.000000e+00
     vertex  1.527604e+01  1.855276e+00  0.000000e+00
     vertex  1.527604e+01  3.870032e+00  0.000000e+00
   endloop
 endfacet
 facet normal  0.000000e+00  0.000000e+00 -1.000000e+00
   outer loop
     vertex  1.478342e+01  4.723278e+00  0.000000e+00
     vertex  1.470237e+01  4.617654e+00  0.000000e+00
     vertex  1.258572e+01  4.617654e+00  0.000000e+00
   endloop
 endfacet
 facet normal  0.000000e+00  0.000000e+00 -1.000000e+00
   outer loop
     vertex  1.478342e+01  4.723278e+00  0.000000e+00
     vertex  1.258572e+01  4.617654e+00  0.000000e+00
     vertex  1.250467e+01  4.723278e+00  0.000000e+00
   endloop
 endfacet
 facet normal  0.000000e+00 -0.000000e+00 -1.000000e+00
   outer loop
     vertex  1.550467e+01  4.002030e+00  0.000000e+00
     vertex  1.550467e+01  1.723278e+00  0.000000e+00
     vertex  1.539904e+01  3.920981e+00  0.000000e+00
   endloop
 endfacet
 facet normal  0.000000e+00  0.000000e+00 -1.000000e+00
   outer loop
     vertex  1.558572e+01  4.107654e+00  0.000000e+00
     vertex  1.550467e+01  1.723278e+00  0.000000e+00
     vertex  1.550467e+01  4.002030e+00  0.000000e+00
   endloop
 endfacet
 facet normal  0.000000e+00 -0.000000e+00 -1.000000e+00
   outer loop
     vertex  1.558572e+01  4.107654e+00  0.000000e+00
     vertex  1.558572e+01  1.617654e+00  0.000000e+00
     vertex  1.550467e+01  1.723278e+00  0.000000e+00
   endloop
 endfacet
 facet normal  0.000000e+00  0.000000e+00 -1.000000e+00
   outer loop
     vertex  1.563667e+01  4.230656e+00  0.000000e+00
     vertex  1.558572e+01  1.617654e+00  0.000000e+00
     vertex  1.558572e+01  4.107654e+00  0.000000e+00
   endloop
 endfacet
 facet normal  0.000000e+00 -0.000000e+00 -1.000000e+00
   outer loop
     vertex  1.563667e+01  4.230656e+00  0.000000e+00
     vertex  1.563667e+01  1.494652e+00  0.000000e+00
     vertex  1.558572e+01  1.617654e+00  0.000000e+00
   endloop
 endfacet
 facet normal  0.000000e+00  0.000000e+00 -1.000000e+00
   outer loop
     vertex  1.258338e+01  7.621994e+00  0.000000e+00
     vertex  1.201205e+01  4.855276e+00  0.000000e+00
     vertex  1.188904e+01  4.804327e+00  0.000000e+00
   endloop
 endfacet
 facet normal -0.000000e+00  0.000000e+00 -1.000000e+00
   outer loop
     vertex  1.289404e+01  7.383616e+00  0.000000e+00
     vertex  1.201205e+01  4.855276e+00  0.000000e+00
     vertex  1.258338e+01  7.621994e+00  0.000000e+00
   endloop
 endfacet
 facet normal  0.000000e+00  0.000000e+00 -1.000000e+00
   outer loop
     vertex  1.289404e+01  7.383616e+00  0.000000e+00
     vertex  1.214404e+01  4.872654e+00  0.000000e+00
     vertex  1.201205e+01  4.855276e+00  0.000000e+00
   endloop
 endfacet
 facet normal  0.000000e+00  0.000000e+00 -1.000000e+00
   outer loop
     vertex  1.289404e+01  7.383616e+00  0.000000e+00
     vertex  1.227604e+01  4.855276e+00  0.000000e+00
     vertex  1.214404e+01  4.872654e+00  0.000000e+00
   endloop
 endfacet
 facet normal  0.000000e+00  0.000000e+00 -1.000000e+00
   outer loop
     vertex  1.234501e+01  7.932654e+00  0.000000e+00
     vertex  1.188904e+01  4.804327e+00  0.000000e+00
     vertex  1.178342e+01  4.723278e+00  0.000000e+00
   endloop
 endfacet
 facet normal  0.000000e+00 -0.000000e+00 -1.000000e+00
   outer loop
     vertex  1.234501e+01  7.932654e+00  0.000000e+00
     vertex  1.258338e+01  7.621994e+00  0.000000e+00
     vertex  1.188904e+01  4.804327e+00  0.000000e+00
   endloop
 endfacet
 facet normal -0.000000e+00  0.000000e+00 -1.000000e+00
   outer loop
     vertex  1.325582e+01  7.233765e+00  0.000000e+00
     vertex  1.227604e+01  4.855276e+00  0.000000e+00
     vertex  1.289404e+01  7.383616e+00  0.000000e+00
   endloop
 endfacet
 facet normal  0.000000e+00  0.000000e+00 -1.000000e+00
   outer loop
     vertex  1.325582e+01  7.233765e+00  0.000000e+00
     vertex  1.239904e+01  4.804327e+00  0.000000e+00
     vertex  1.227604e+01  4.855276e+00  0.000000e+00
   endloop
 endfacet
 facet normal  0.000000e+00 -0.000000e+00 -1.000000e+00
   outer loop
     vertex  1.219516e+01  8.294425e+00  0.000000e+00
     vertex  1.234501e+01  7.932654e+00  0.000000e+00
     vertex  1.178342e+01  4.723278e+00  0.000000e+00
   endloop
 endfacet
 facet normal  0.000000e+00  0.000000e+00 -1.000000e+00
   outer loop
     vertex  1.219516e+01  8.294425e+00  0.000000e+00
     vertex  1.170237e+01  4.617654e+00  0.000000e+00
     vertex  1.165142e+01  4.494652e+00  0.000000e+00
   endloop
 endfacet
 facet normal  0.000000e+00  0.000000e+00 -1.000000e+00
   outer loop
     vertex  1.219516e+01  8.294425e+00  0.000000e+00
     vertex  1.178342e+01  4.723278e+00  0.000000e+00
     vertex  1.170237e+01  4.617654e+00  0.000000e+00
   endloop
 endfacet
 facet normal  0.000000e+00 -0.000000e+00 -1.000000e+00
   outer loop
     vertex  1.364404e+01  7.182654e+00  0.000000e+00
     vertex  1.478342e+01  4.723278e+00  0.000000e+00
     vertex  1.250467e+01  4.723278e+00  0.000000e+00
   endloop
 endfacet
 facet normal -0.000000e+00  0.000000e+00 -1.000000e+00
   outer loop
     vertex  1.364404e+01  7.182654e+00  0.000000e+00
     vertex  1.239904e+01  4.804327e+00  0.000000e+00
     vertex  1.325582e+01  7.233765e+00  0.000000e+00
   endloop
 endfacet
 facet normal  0.000000e+00  0.000000e+00 -1.000000e+00
   outer loop
     vertex  1.364404e+01  7.182654e+00  0.000000e+00
     vertex  1.250467e+01  4.723278e+00  0.000000e+00
     vertex  1.239904e+01  4.804327e+00  0.000000e+00
   endloop
 endfacet
 facet normal  0.000000e+00  0.000000e+00 -1.000000e+00
   outer loop
     vertex  1.364404e+01  7.182654e+00  0.000000e+00
     vertex  1.488904e+01  4.804327e+00  0.000000e+00
     vertex  1.478342e+01  4.723278e+00  0.000000e+00
   endloop
 endfacet
 facet normal  0.000000e+00  0.000000e+00 -1.000000e+00
   outer loop
     vertex  1.214404e+01  8.682654e+00  0.000000e+00
     vertex  1.165142e+01  4.494652e+00  0.000000e+00
     vertex -1.576333e+01  4.529652e+00  0.000000e+00
   endloop
 endfacet
 facet normal  0.000000e+00 -0.000000e+00 -1.000000e+00
   outer loop
     vertex  1.214404e+01  8.682654e+00  0.000000e+00
     vertex  1.219516e+01  8.294425e+00  0.000000e+00
     vertex  1.165142e+01  4.494652e+00  0.000000e+00
   endloop
 endfacet
 facet normal  0.000000e+00  0.000000e+00 -1.000000e+00
   outer loop
     vertex  1.214404e+01  8.682654e+00  0.000000e+00
     vertex -1.576333e+01  4.529652e+00  0.000000e+00
     vertex -1.581428e+01  4.652654e+00  0.000000e+00
   endloop
 endfacet
 facet normal  0.000000e+00  0.000000e+00 -1.000000e+00
   outer loop
     vertex  1.219516e+01  9.070883e+00  0.000000e+00
     vertex  1.214404e+01  8.682654e+00  0.000000e+00
     vertex -1.581428e+01  4.652654e+00  0.000000e+00
   endloop
 endfacet
 facet normal -0.000000e+00  0.000000e+00 -1.000000e+00
   outer loop
     vertex  1.219516e+01  9.070883e+00  0.000000e+00
     vertex -1.581428e+01  4.652654e+00  0.000000e+00
     vertex -1.780707e+01  9.105883e+00  0.000000e+00
   endloop
 endfacet
 facet normal  0.000000e+00 -0.000000e+00 -1.000000e+00
   outer loop
     vertex  1.403227e+01  7.233765e+00  0.000000e+00
     vertex  1.488904e+01  4.804327e+00  0.000000e+00
     vertex  1.364404e+01  7.182654e+00  0.000000e+00
   endloop
 endfacet
 facet normal  0.000000e+00  0.000000e+00 -1.000000e+00
   outer loop
     vertex  1.403227e+01  7.233765e+00  0.000000e+00
     vertex  1.501205e+01  4.855276e+00  0.000000e+00
     vertex  1.488904e+01  4.804327e+00  0.000000e+00
   endloop
 endfacet
 facet normal -0.000000e+00  0.000000e+00 -1.000000e+00
   outer loop
     vertex  1.234501e+01  9.432654e+00  0.000000e+00
     vertex -1.780707e+01  9.105883e+00  0.000000e+00
     vertex -1.795692e+01  9.467654e+00  0.000000e+00
   endloop
 endfacet
 facet normal  0.000000e+00  0.000000e+00 -1.000000e+00
   outer loop
     vertex  1.234501e+01  9.432654e+00  0.000000e+00
     vertex  1.219516e+01  9.070883e+00  0.000000e+00
     vertex -1.780707e+01  9.105883e+00  0.000000e+00
   endloop
 endfacet
 facet normal  0.000000e+00 -0.000000e+00 -1.000000e+00
   outer loop
     vertex  1.439404e+01  7.383616e+00  0.000000e+00
     vertex  1.501205e+01  4.855276e+00  0.000000e+00
     vertex  1.403227e+01  7.233765e+00  0.000000e+00
   endloop
 endfacet
 facet normal  0.000000e+00  0.000000e+00 -1.000000e+00
   outer loop
     vertex  1.439404e+01  7.383616e+00  0.000000e+00
     vertex  1.514404e+01  4.872654e+00  0.000000e+00
     vertex  1.501205e+01  4.855276e+00  0.000000e+00
   endloop
 endfacet
 facet normal  0.000000e+00  0.000000e+00 -1.000000e+00
   outer loop
     vertex  1.439404e+01  7.383616e+00  0.000000e+00
     vertex  1.527604e+01  4.855276e+00  0.000000e+00
     vertex  1.514404e+01  4.872654e+00  0.000000e+00
   endloop
 endfacet
 facet normal  0.000000e+00  0.000000e+00 -1.000000e+00
   outer loop
     vertex  1.258338e+01  9.743314e+00  0.000000e+00
     vertex  1.234501e+01  9.432654e+00  0.000000e+00
     vertex -1.795692e+01  9.467654e+00  0.000000e+00
   endloop
 endfacet
 facet normal -0.000000e+00  0.000000e+00 -1.000000e+00
   outer loop
     vertex  1.258338e+01  9.743314e+00  0.000000e+00
     vertex -1.795692e+01  9.467654e+00  0.000000e+00
     vertex -1.819530e+01  9.778314e+00  0.000000e+00
   endloop
 endfacet
 facet normal  0.000000e+00 -0.000000e+00 -1.000000e+00
   outer loop
     vertex  1.470470e+01  7.621994e+00  0.000000e+00
     vertex  1.527604e+01  4.855276e+00  0.000000e+00
     vertex  1.439404e+01  7.383616e+00  0.000000e+00
   endloop
 endfacet
 facet normal  0.000000e+00  0.000000e+00 -1.000000e+00
   outer loop
     vertex  1.470470e+01  7.621994e+00  0.000000e+00
     vertex  1.539904e+01  4.804327e+00  0.000000e+00
     vertex  1.527604e+01  4.855276e+00  0.000000e+00
   endloop
 endfacet
 facet normal  0.000000e+00  0.000000e+00 -1.000000e+00
   outer loop
     vertex  1.289404e+01  9.981692e+00  0.000000e+00
     vertex  1.258338e+01  9.743314e+00  0.000000e+00
     vertex -1.819530e+01  9.778314e+00  0.000000e+00
   endloop
 endfacet
 facet normal -0.000000e+00  0.000000e+00 -1.000000e+00
   outer loop
     vertex  1.289404e+01  9.981692e+00  0.000000e+00
     vertex -1.819530e+01  9.778314e+00  0.000000e+00
     vertex -1.850596e+01  1.001669e+01  0.000000e+00
   endloop
 endfacet
 facet normal  0.000000e+00 -0.000000e+00 -1.000000e+00
   outer loop
     vertex  1.494308e+01  7.932654e+00  0.000000e+00
     vertex  1.539904e+01  4.804327e+00  0.000000e+00
     vertex  1.470470e+01  7.621994e+00  0.000000e+00
   endloop
 endfacet
 facet normal  0.000000e+00  0.000000e+00 -1.000000e+00
   outer loop
     vertex  1.494308e+01  7.932654e+00  0.000000e+00
     vertex  1.550467e+01  4.723278e+00  0.000000e+00
     vertex  1.539904e+01  4.804327e+00  0.000000e+00
   endloop
 endfacet
 facet normal  0.000000e+00  0.000000e+00 -1.000000e+00
   outer loop
     vertex  2.086863e+01  8.368629e+00  0.000000e+00
     vertex  1.563667e+01  4.494652e+00  0.000000e+00
     vertex  1.558572e+01  4.617654e+00  0.000000e+00
   endloop
 endfacet
 facet normal -0.000000e+00  0.000000e+00 -1.000000e+00
   outer loop
     vertex  2.120000e+01  8.114359e+00  0.000000e+00
     vertex  1.563667e+01  4.494652e+00  0.000000e+00
     vertex  2.086863e+01  8.368629e+00  0.000000e+00
   endloop
 endfacet
 facet normal  0.000000e+00  0.000000e+00 -1.000000e+00
   outer loop
     vertex  2.120000e+01  8.114359e+00  0.000000e+00
     vertex  1.565404e+01  4.362654e+00  0.000000e+00
     vertex  1.563667e+01  4.494652e+00  0.000000e+00
   endloop
 endfacet
 facet normal  0.000000e+00  0.000000e+00 -1.000000e+00
   outer loop
     vertex  2.061436e+01  8.700000e+00  0.000000e+00
     vertex  1.494308e+01  7.932654e+00  0.000000e+00
     vertex  1.509293e+01  8.294425e+00  0.000000e+00
   endloop
 endfacet
 facet normal  0.000000e+00  0.000000e+00 -1.000000e+00
   outer loop
     vertex  2.061436e+01  8.700000e+00  0.000000e+00
     vertex  1.550467e+01  4.723278e+00  0.000000e+00
     vertex  1.494308e+01  7.932654e+00  0.000000e+00
   endloop
 endfacet
 facet normal  0.000000e+00 -0.000000e+00 -1.000000e+00
   outer loop
     vertex  2.061436e+01  8.700000e+00  0.000000e+00
     vertex  2.086863e+01  8.368629e+00  0.000000e+00
     vertex  1.558572e+01  4.617654e+00  0.000000e+00
   endloop
 endfacet
 facet normal  0.000000e+00  0.000000e+00 -1.000000e+00
   outer loop
     vertex  2.061436e+01  8.700000e+00  0.000000e+00
     vertex  1.558572e+01  4.617654e+00  0.000000e+00
     vertex  1.550467e+01  4.723278e+00  0.000000e+00
   endloop
 endfacet
 facet normal  0.000000e+00  0.000000e+00 -1.000000e+00
   outer loop
     vertex  2.045452e+01  9.085890e+00  0.000000e+00
     vertex  1.509293e+01  8.294425e+00  0.000000e+00
     vertex  1.514404e+01  8.682654e+00  0.000000e+00
   endloop
 endfacet
 facet normal  0.000000e+00 -0.000000e+00 -1.000000e+00
   outer loop
     vertex  2.045452e+01  9.085890e+00  0.000000e+00
     vertex  2.061436e+01  8.700000e+00  0.000000e+00
     vertex  1.509293e+01  8.294425e+00  0.000000e+00
   endloop
 endfacet
 facet normal  0.000000e+00  0.000000e+00 -1.000000e+00
   outer loop
     vertex  2.158589e+01  7.954519e+00  0.000000e+00
     vertex  1.563667e+01  1.494652e+00  0.000000e+00
     vertex  1.563667e+01  4.230656e+00  0.000000e+00
   endloop
 endfacet
 facet normal -0.000000e+00  0.000000e+00 -1.000000e+00
   outer loop
     vertex  2.158589e+01  7.954519e+00  0.000000e+00
     vertex  1.565404e+01  4.362654e+00  0.000000e+00
     vertex  2.120000e+01  8.114359e+00  0.000000e+00
   endloop
 endfacet
 facet normal  0.000000e+00  0.000000e+00 -1.000000e+00
   outer loop
     vertex  2.158589e+01  7.954519e+00  0.000000e+00
     vertex  1.563667e+01  4.230656e+00  0.000000e+00
     vertex  1.565404e+01  4.362654e+00  0.000000e+00
   endloop
 endfacet
 facet normal  0.000000e+00  0.000000e+00 -1.000000e+00
   outer loop
     vertex  2.200000e+01  7.900000e+00  0.000000e+00
     vertex  2.062941e+01 -6.017037e+00  0.000000e+00
     vertex  1.565404e+01  1.362654e+00  0.000000e+00
   endloop
 endfacet
 facet normal  0.000000e+00  0.000000e+00 -1.000000e+00
   outer loop
     vertex  2.200000e+01  7.900000e+00  0.000000e+00
     vertex  1.565404e+01  1.362654e+00  0.000000e+00
     vertex  1.563667e+01  1.494652e+00  0.000000e+00
   endloop
 endfacet
 facet normal -0.000000e+00  0.000000e+00 -1.000000e+00
   outer loop
     vertex  2.200000e+01  7.900000e+00  0.000000e+00
     vertex  1.563667e+01  1.494652e+00  0.000000e+00
     vertex  2.158589e+01  7.954519e+00  0.000000e+00
   endloop
 endfacet
 facet normal  0.000000e+00  0.000000e+00 -1.000000e+00
   outer loop
     vertex  2.040000e+01  9.500000e+00  0.000000e+00
     vertex  1.514404e+01  8.682654e+00  0.000000e+00
     vertex  1.509293e+01  9.070883e+00  0.000000e+00
   endloop
 endfacet
 facet normal  0.000000e+00 -0.000000e+00 -1.000000e+00
   outer loop
     vertex  2.040000e+01  9.500000e+00  0.000000e+00
     vertex  2.045452e+01  9.085890e+00  0.000000e+00
     vertex  1.514404e+01  8.682654e+00  0.000000e+00
   endloop
 endfacet
 facet normal  0.000000e+00  0.000000e+00 -1.000000e+00
   outer loop
     vertex  2.045452e+01  9.914110e+00  0.000000e+00
     vertex  2.040000e+01  9.500000e+00  0.000000e+00
     vertex  1.509293e+01  9.070883e+00  0.000000e+00
   endloop
 endfacet
 facet normal  0.000000e+00  0.000000e+00 -1.000000e+00
   outer loop
     vertex  2.045452e+01  9.914110e+00  0.000000e+00
     vertex  1.509293e+01  9.070883e+00  0.000000e+00
     vertex  1.494308e+01  9.432654e+00  0.000000e+00
   endloop
 endfacet
 facet normal  0.000000e+00  0.000000e+00 -1.000000e+00
   outer loop
     vertex  2.241411e+01  7.954519e+00  0.000000e+00
     vertex  2.075000e+01 -6.066987e+00  0.000000e+00
     vertex  2.062941e+01 -6.017037e+00  0.000000e+00
   endloop
 endfacet
 facet normal  0.000000e+00  0.000000e+00 -1.000000e+00
   outer loop
     vertex  2.241411e+01  7.954519e+00  0.000000e+00
     vertex  2.062941e+01 -6.017037e+00  0.000000e+00
     vertex  2.200000e+01  7.900000e+00  0.000000e+00
   endloop
 endfacet
 facet normal  0.000000e+00  0.000000e+00 -1.000000e+00
   outer loop
     vertex  2.061436e+01  1.030000e+01  0.000000e+00
     vertex  2.045452e+01  9.914110e+00  0.000000e+00
     vertex  1.494308e+01  9.432654e+00  0.000000e+00
   endloop
 endfacet
 facet normal  0.000000e+00  0.000000e+00 -1.000000e+00
   outer loop
     vertex  2.061436e+01  1.030000e+01  0.000000e+00
     vertex  1.494308e+01  9.432654e+00  0.000000e+00
     vertex  1.470470e+01  9.743314e+00  0.000000e+00
   endloop
 endfacet
 facet normal  0.000000e+00  0.000000e+00 -1.000000e+00
   outer loop
     vertex  2.280000e+01  8.114359e+00  0.000000e+00
     vertex  2.075000e+01 -6.066987e+00  0.000000e+00
     vertex  2.241411e+01  7.954519e+00  0.000000e+00
   endloop
 endfacet
 facet normal  0.000000e+00  0.000000e+00 -1.000000e+00
   outer loop
     vertex  2.280000e+01  8.114359e+00  0.000000e+00
     vertex  2.085355e+01 -6.146447e+00  0.000000e+00
     vertex  2.075000e+01 -6.066987e+00  0.000000e+00
   endloop
 endfacet
 facet normal  0.000000e+00  0.000000e+00 -1.000000e+00
   outer loop
     vertex  2.280000e+01  8.114359e+00  0.000000e+00
     vertex  2.093301e+01 -6.250000e+00  0.000000e+00
     vertex  2.085355e+01 -6.146447e+00  0.000000e+00
   endloop
 endfacet
 facet normal  0.000000e+00  0.000000e+00 -1.000000e+00
   outer loop
     vertex  2.086863e+01  1.063137e+01  0.000000e+00
     vertex  2.061436e+01  1.030000e+01  0.000000e+00
     vertex  1.470470e+01  9.743314e+00  0.000000e+00
   endloop
 endfacet
 facet normal  0.000000e+00  0.000000e+00 -1.000000e+00
   outer loop
     vertex  2.086863e+01  1.063137e+01  0.000000e+00
     vertex  1.470470e+01  9.743314e+00  0.000000e+00
     vertex  1.439404e+01  9.981692e+00  0.000000e+00
   endloop
 endfacet
 facet normal  0.000000e+00  0.000000e+00 -1.000000e+00
   outer loop
     vertex  2.313137e+01  8.368629e+00  0.000000e+00
     vertex  2.093301e+01 -6.250000e+00  0.000000e+00
     vertex  2.280000e+01  8.114359e+00  0.000000e+00
   endloop
 endfacet
 facet normal  0.000000e+00 -0.000000e+00 -1.000000e+00
   outer loop
     vertex  2.313137e+01  8.368629e+00  0.000000e+00
     vertex  2.600000e+01 -1.150000e+01  0.000000e+00
     vertex  2.093301e+01 -6.250000e+00  0.000000e+00
   endloop
 endfacet
 facet normal  0.000000e+00  0.000000e+00 -1.000000e+00
   outer loop
     vertex  2.120000e+01  1.088564e+01  0.000000e+00
     vertex  1.439404e+01  9.981692e+00  0.000000e+00
     vertex  1.403227e+01  1.013154e+01  0.000000e+00
   endloop
 endfacet
 facet normal  0.000000e+00  0.000000e+00 -1.000000e+00
   outer loop
     vertex  2.120000e+01  1.088564e+01  0.000000e+00
     vertex  2.086863e+01  1.063137e+01  0.000000e+00
     vertex  1.439404e+01  9.981692e+00  0.000000e+00
   endloop
 endfacet
 facet normal  0.000000e+00 -0.000000e+00 -1.000000e+00
   outer loop
     vertex  2.338564e+01  8.700000e+00  0.000000e+00
     vertex  2.600000e+01 -1.150000e+01  0.000000e+00
     vertex  2.313137e+01  8.368629e+00  0.000000e+00
   endloop
 endfacet
 facet normal  0.000000e+00  0.000000e+00 -1.000000e+00
   outer loop
     vertex  2.400000e+01  1.350000e+01  0.000000e+00
     vertex  2.120000e+01  1.088564e+01  0.000000e+00
     vertex  1.403227e+01  1.013154e+01  0.000000e+00
   endloop
 endfacet
 facet normal  0.000000e+00  0.000000e+00 -1.000000e+00
   outer loop
     vertex  2.400000e+01  1.350000e+01  0.000000e+00
     vertex  1.403227e+01  1.013154e+01  0.000000e+00
     vertex  1.364404e+01  1.018265e+01  0.000000e+00
   endloop
 endfacet
 facet normal  0.000000e+00  0.000000e+00 -1.000000e+00
   outer loop
     vertex  2.400000e+01  1.350000e+01  0.000000e+00
     vertex  2.158589e+01  1.104548e+01  0.000000e+00
     vertex  2.120000e+01  1.088564e+01  0.000000e+00
   endloop
 endfacet
 facet normal  0.000000e+00  0.000000e+00 -1.000000e+00
   outer loop
     vertex  2.400000e+01  1.350000e+01  0.000000e+00
     vertex  2.200000e+01  1.110000e+01  0.000000e+00
     vertex  2.158589e+01  1.104548e+01  0.000000e+00
   endloop
 endfacet
 facet normal  0.000000e+00  0.000000e+00 -1.000000e+00
   outer loop
     vertex  2.400000e+01  1.350000e+01  0.000000e+00
     vertex  2.241411e+01  1.104548e+01  0.000000e+00
     vertex  2.200000e+01  1.110000e+01  0.000000e+00
   endloop
 endfacet
 facet normal  0.000000e+00  0.000000e+00 -1.000000e+00
   outer loop
     vertex  2.400000e+01  1.350000e+01  0.000000e+00
     vertex  2.280000e+01  1.088564e+01  0.000000e+00
     vertex  2.241411e+01  1.104548e+01  0.000000e+00
   endloop
 endfacet
 facet normal  0.000000e+00  0.000000e+00 -1.000000e+00
   outer loop
     vertex  2.400000e+01  1.350000e+01  0.000000e+00
     vertex  2.313137e+01  1.063137e+01  0.000000e+00
     vertex  2.280000e+01  1.088564e+01  0.000000e+00
   endloop
 endfacet
 facet normal  0.000000e+00 -0.000000e+00 -1.000000e+00
   outer loop
     vertex  2.600000e+01  1.150000e+01  0.000000e+00
     vertex  2.600000e+01 -1.150000e+01  0.000000e+00
     vertex  2.338564e+01  8.700000e+00  0.000000e+00
   endloop
 endfacet
 facet normal  0.000000e+00  0.000000e+00 -1.000000e+00
   outer loop
     vertex  2.600000e+01  1.150000e+01  0.000000e+00
     vertex  2.338564e+01  1.030000e+01  0.000000e+00
     vertex  2.313137e+01  1.063137e+01  0.000000e+00
   endloop
 endfacet
 facet normal  0.000000e+00  0.000000e+00 -1.000000e+00
   outer loop
     vertex  2.600000e+01  1.150000e+01  0.000000e+00
     vertex  2.354548e+01  9.914110e+00  0.000000e+00
     vertex  2.338564e+01  1.030000e+01  0.000000e+00
   endloop
 endfacet
 facet normal  0.000000e+00  0.000000e+00 -1.000000e+00
   outer loop
     vertex  2.600000e+01  1.150000e+01  0.000000e+00
     vertex  2.360000e+01  9.500000e+00  0.000000e+00
     vertex  2.354548e+01  9.914110e+00  0.000000e+00
   endloop
 endfacet
 facet normal  0.000000e+00  0.000000e+00 -1.000000e+00
   outer loop
     vertex  2.600000e+01  1.150000e+01  0.000000e+00
     vertex  2.354548e+01  9.085890e+00  0.000000e+00
     vertex  2.360000e+01  9.500000e+00  0.000000e+00
   endloop
 endfacet
 facet normal  0.000000e+00  0.000000e+00 -1.000000e+00
   outer loop
     vertex  2.600000e+01  1.150000e+01  0.000000e+00
     vertex  2.338564e+01  8.700000e+00  0.000000e+00
     vertex  2.354548e+01  9.085890e+00  0.000000e+00
   endloop
 endfacet
 facet normal -0.000000e+00  0.000000e+00 -1.000000e+00
   outer loop
     vertex  2.444504e+01  1.344986e+01  0.000000e+00
     vertex  2.313137e+01  1.063137e+01  0.000000e+00
     vertex  2.400000e+01  1.350000e+01  0.000000e+00
   endloop
 endfacet
 facet normal  0.000000e+00 -0.000000e+00 -1.000000e+00
   outer loop
     vertex  2.594986e+01  1.194504e+01  0.000000e+00
     vertex  2.600000e+01  1.150000e+01  0.000000e+00
     vertex  2.313137e+01  1.063137e+01  0.000000e+00
   endloop
 endfacet
 facet normal -0.000000e+00  0.000000e+00 -1.000000e+00
   outer loop
     vertex  2.486777e+01  1.330194e+01  0.000000e+00
     vertex  2.313137e+01  1.063137e+01  0.000000e+00
     vertex  2.444504e+01  1.344986e+01  0.000000e+00
   endloop
 endfacet
 facet normal  0.000000e+00 -0.000000e+00 -1.000000e+00
   outer loop
     vertex  2.580194e+01  1.236777e+01  0.000000e+00
     vertex  2.594986e+01  1.194504e+01  0.000000e+00
     vertex  2.313137e+01  1.063137e+01  0.000000e+00
   endloop
 endfacet
 facet normal -0.000000e+00  0.000000e+00 -1.000000e+00
   outer loop
     vertex  2.524698e+01  1.306366e+01  0.000000e+00
     vertex  2.313137e+01  1.063137e+01  0.000000e+00
     vertex  2.486777e+01  1.330194e+01  0.000000e+00
   endloop
 endfacet
 facet normal -0.000000e+00  0.000000e+00 -1.000000e+00
   outer loop
     vertex  2.556366e+01  1.274698e+01  0.000000e+00
     vertex  2.313137e+01  1.063137e+01  0.000000e+00
     vertex  2.524698e+01  1.306366e+01  0.000000e+00
   endloop
 endfacet
 facet normal  0.000000e+00 -0.000000e+00 -1.000000e+00
   outer loop
     vertex  2.556366e+01  1.274698e+01  0.000000e+00
     vertex  2.580194e+01  1.236777e+01  0.000000e+00
     vertex  2.313137e+01  1.063137e+01  0.000000e+00
   endloop
 endfacet
 facet normal -0.000000e+00  0.000000e+00 -1.000000e+00
   outer loop
     vertex  2.400000e+01  1.350000e+01  0.000000e+00
     vertex  1.364404e+01  1.018265e+01  0.000000e+00
     vertex -2.400000e+01  1.350000e+01  0.000000e+00
   endloop
 endfacet
 facet normal -0.000000e+00  0.000000e+00 -1.000000e+00
   outer loop
     vertex  1.364404e+01  1.018265e+01  0.000000e+00
     vertex  1.325582e+01  1.013154e+01  0.000000e+00
     vertex -2.400000e+01  1.350000e+01  0.000000e+00
   endloop
 endfacet
 facet normal -0.000000e+00  0.000000e+00 -1.000000e+00
   outer loop
     vertex  1.325582e+01  1.013154e+01  0.000000e+00
     vertex  1.289404e+01  9.981692e+00  0.000000e+00
     vertex -2.400000e+01  1.350000e+01  0.000000e+00
   endloop
 endfacet
 facet normal  0.000000e+00  0.000000e+00 -1.000000e+00
   outer loop
     vertex  1.289404e+01  9.981692e+00  0.000000e+00
     vertex -1.850596e+01  1.001669e+01  0.000000e+00
     vertex -2.400000e+01  1.350000e+01  0.000000e+00
   endloop
 endfacet
 facet normal  0.000000e+00  0.000000e+00  1.000000e+00
   outer loop
     vertex -2.313137e+01 -1.063137e+01  1.510000e+00
     vertex -2.444504e+01 -1.344986e+01  1.510000e+00
     vertex -2.400000e+01 -1.350000e+01  1.510000e+00
   endloop
 endfacet
 facet normal  0.000000e+00  0.000000e+00  1.000000e+00
   outer loop
     vertex -2.313137e+01 -1.063137e+01  1.510000e+00
     vertex -2.486777e+01 -1.330194e+01  1.510000e+00
     vertex -2.444504e+01 -1.344986e+01  1.510000e+00
   endloop
 endfacet
 facet normal  0.000000e+00  0.000000e+00  1.000000e+00
   outer loop
     vertex -2.313137e+01 -1.063137e+01  1.510000e+00
     vertex -2.524698e+01 -1.306366e+01  1.510000e+00
     vertex -2.486777e+01 -1.330194e+01  1.510000e+00
   endloop
 endfacet
 facet normal  0.000000e+00  0.000000e+00  1.000000e+00
   outer loop
     vertex -2.313137e+01 -1.063137e+01  1.510000e+00
     vertex -2.556366e+01 -1.274698e+01  1.510000e+00
     vertex -2.524698e+01 -1.306366e+01  1.510000e+00
   endloop
 endfacet
 facet normal  0.000000e+00  0.000000e+00  1.000000e+00
   outer loop
     vertex -2.313137e+01 -1.063137e+01  1.510000e+00
     vertex -2.580194e+01 -1.236777e+01  1.510000e+00
     vertex -2.556366e+01 -1.274698e+01  1.510000e+00
   endloop
 endfacet
 facet normal  0.000000e+00  0.000000e+00  1.000000e+00
   outer loop
     vertex -2.313137e+01 -1.063137e+01  1.510000e+00
     vertex -2.594986e+01 -1.194504e+01  1.510000e+00
     vertex -2.580194e+01 -1.236777e+01  1.510000e+00
   endloop
 endfacet
 facet normal  0.000000e+00  0.000000e+00  1.000000e+00
   outer loop
     vertex -2.313137e+01 -1.063137e+01  1.510000e+00
     vertex -2.600000e+01 -1.150000e+01  1.510000e+00
     vertex -2.594986e+01 -1.194504e+01  1.510000e+00
   endloop
 endfacet
 facet normal  0.000000e+00  0.000000e+00  1.000000e+00
   outer loop
     vertex -2.280000e+01 -1.088564e+01  1.510000e+00
     vertex -2.313137e+01 -1.063137e+01  1.510000e+00
     vertex -2.400000e+01 -1.350000e+01  1.510000e+00
   endloop
 endfacet
 facet normal  0.000000e+00  0.000000e+00  1.000000e+00
   outer loop
     vertex -2.338564e+01 -1.030000e+01  1.510000e+00
     vertex -2.600000e+01 -1.150000e+01  1.510000e+00
     vertex -2.313137e+01 -1.063137e+01  1.510000e+00
   endloop
 endfacet
 facet normal  0.000000e+00  0.000000e+00  1.000000e+00
   outer loop
     vertex -2.354548e+01 -9.914110e+00  1.510000e+00
     vertex -2.600000e+01 -1.150000e+01  1.510000e+00
     vertex -2.338564e+01 -1.030000e+01  1.510000e+00
   endloop
 endfacet
 facet normal  0.000000e+00  0.000000e+00  1.000000e+00
   outer loop
     vertex -2.241411e+01 -1.104548e+01  1.510000e+00
     vertex -2.280000e+01 -1.088564e+01  1.510000e+00
     vertex -2.400000e+01 -1.350000e+01  1.510000e+00
   endloop
 endfacet
 facet normal  0.000000e+00  0.000000e+00  1.000000e+00
   outer loop
     vertex -2.360000e+01 -9.500000e+00  1.510000e+00
     vertex -2.600000e+01 -1.150000e+01  1.510000e+00
     vertex -2.354548e+01 -9.914110e+00  1.510000e+00
   endloop
 endfacet
 facet normal  0.000000e+00  0.000000e+00  1.000000e+00
   outer loop
     vertex -2.200000e+01 -1.110000e+01  1.510000e+00
     vertex -2.241411e+01 -1.104548e+01  1.510000e+00
     vertex -2.400000e+01 -1.350000e+01  1.510000e+00
   endloop
 endfacet
 facet normal  0.000000e+00  0.000000e+00  1.000000e+00
   outer loop
     vertex -2.354548e+01 -9.085890e+00  1.510000e+00
     vertex -2.600000e+01 -1.150000e+01  1.510000e+00
     vertex -2.360000e+01 -9.500000e+00  1.510000e+00
   endloop
 endfacet
 facet normal  0.000000e+00  0.000000e+00  1.000000e+00
   outer loop
     vertex -2.158589e+01 -1.104548e+01  1.510000e+00
     vertex -2.200000e+01 -1.110000e+01  1.510000e+00
     vertex -2.400000e+01 -1.350000e+01  1.510000e+00
   endloop
 endfacet
 facet normal  0.000000e+00  0.000000e+00  1.000000e+00
   outer loop
     vertex -2.338564e+01 -8.700000e+00  1.510000e+00
     vertex -2.600000e+01 -1.150000e+01  1.510000e+00
     vertex -2.354548e+01 -9.085890e+00  1.510000e+00
   endloop
 endfacet
 facet normal  0.000000e+00  0.000000e+00  1.000000e+00
   outer loop
     vertex -2.120000e+01 -1.088564e+01  1.510000e+00
     vertex -2.158589e+01 -1.104548e+01  1.510000e+00
     vertex -2.400000e+01 -1.350000e+01  1.510000e+00
   endloop
 endfacet
 facet normal  0.000000e+00  0.000000e+00  1.000000e+00
   outer loop
     vertex -1.585355e+01 -6.853553e+00  1.510000e+00
     vertex -2.045452e+01 -9.085890e+00  1.510000e+00
     vertex -2.040000e+01 -9.500000e+00  1.510000e+00
   endloop
 endfacet
 facet normal  0.000000e+00  0.000000e+00  1.000000e+00
   outer loop
     vertex -1.575000e+01 -6.933013e+00  1.510000e+00
     vertex -1.585355e+01 -6.853553e+00  1.510000e+00
     vertex -2.040000e+01 -9.500000e+00  1.510000e+00
   endloop
 endfacet
 facet normal  0.000000e+00  0.000000e+00  1.000000e+00
   outer loop
     vertex -1.593301e+01 -6.750000e+00  1.510000e+00
     vertex -2.045452e+01 -9.085890e+00  1.510000e+00
     vertex -1.585355e+01 -6.853553e+00  1.510000e+00
   endloop
 endfacet
 facet normal  0.000000e+00  0.000000e+00  1.000000e+00
   outer loop
     vertex -1.593301e+01 -6.750000e+00  1.510000e+00
     vertex -2.061436e+01 -8.700000e+00  1.510000e+00
     vertex -2.045452e+01 -9.085890e+00  1.510000e+00
   endloop
 endfacet
 facet normal  0.000000e+00  0.000000e+00  1.000000e+00
   outer loop
     vertex -1.598296e+01 -6.629410e+00  1.510000e+00
     vertex -2.061436e+01 -8.700000e+00  1.510000e+00
     vertex -1.593301e+01 -6.750000e+00  1.510000e+00
   endloop
 endfacet
 facet normal  0.000000e+00  0.000000e+00  1.000000e+00
   outer loop
     vertex -1.598296e+01 -6.629410e+00  1.510000e+00
     vertex -2.086863e+01 -8.368629e+00  1.510000e+00
     vertex -2.061436e+01 -8.700000e+00  1.510000e+00
   endloop
 endfacet
 facet normal  0.000000e+00  0.000000e+00  1.000000e+00
   outer loop
     vertex -1.562941e+01 -6.982963e+00  1.510000e+00
     vertex -1.575000e+01 -6.933013e+00  1.510000e+00
     vertex -2.040000e+01 -9.500000e+00  1.510000e+00
   endloop
 endfacet
 facet normal  0.000000e+00  0.000000e+00  1.000000e+00
   outer loop
     vertex -1.562941e+01 -6.982963e+00  1.510000e+00
     vertex -2.040000e+01 -9.500000e+00  1.510000e+00
     vertex -2.045452e+01 -9.914110e+00  1.510000e+00
   endloop
 endfacet
 facet normal  0.000000e+00  0.000000e+00  1.000000e+00
   outer loop
     vertex -1.600000e+01 -6.500000e+00  1.510000e+00
     vertex -2.086863e+01 -8.368629e+00  1.510000e+00
     vertex -1.598296e+01 -6.629410e+00  1.510000e+00
   endloop
 endfacet
 facet normal  0.000000e+00  0.000000e+00  1.000000e+00
   outer loop
     vertex -1.550000e+01 -7.000000e+00  1.510000e+00
     vertex -1.562941e+01 -6.982963e+00  1.510000e+00
     vertex -2.045452e+01 -9.914110e+00  1.510000e+00
   endloop
 endfacet
 facet normal  0.000000e+00  0.000000e+00  1.000000e+00
   outer loop
     vertex -1.550000e+01 -7.000000e+00  1.510000e+00
     vertex -2.045452e+01 -9.914110e+00  1.510000e+00
     vertex -2.061436e+01 -1.030000e+01  1.510000e+00
   endloop
 endfacet
 facet normal  0.000000e+00  0.000000e+00  1.000000e+00
   outer loop
     vertex -1.598296e+01 -6.370590e+00  1.510000e+00
     vertex -2.120000e+01 -8.114359e+00  1.510000e+00
     vertex -2.086863e+01 -8.368629e+00  1.510000e+00
   endloop
 endfacet
 facet normal  0.000000e+00  0.000000e+00  1.000000e+00
   outer loop
     vertex -1.598296e+01 -6.370590e+00  1.510000e+00
     vertex -2.086863e+01 -8.368629e+00  1.510000e+00
     vertex -1.600000e+01 -6.500000e+00  1.510000e+00
   endloop
 endfacet
 facet normal  0.000000e+00  0.000000e+00  1.000000e+00
   outer loop
     vertex -1.537059e+01 -6.982963e+00  1.510000e+00
     vertex -1.550000e+01 -7.000000e+00  1.510000e+00
     vertex -2.061436e+01 -1.030000e+01  1.510000e+00
   endloop
 endfacet
 facet normal  0.000000e+00  0.000000e+00  1.000000e+00
   outer loop
     vertex -1.593301e+01 -6.250000e+00  1.510000e+00
     vertex -2.120000e+01 -8.114359e+00  1.510000e+00
     vertex -1.598296e+01 -6.370590e+00  1.510000e+00
   endloop
 endfacet
 facet normal  0.000000e+00  0.000000e+00  1.000000e+00
   outer loop
     vertex -1.593301e+01 -6.250000e+00  1.510000e+00
     vertex -2.158589e+01 -7.954519e+00  1.510000e+00
     vertex -2.120000e+01 -8.114359e+00  1.510000e+00
   endloop
 endfacet
 facet normal  0.000000e+00  0.000000e+00  1.000000e+00
   outer loop
     vertex -2.261658e+01  1.037030e+00  1.510000e+00
     vertex -2.313137e+01 -8.368629e+00  1.510000e+00
     vertex -2.280000e+01 -8.114359e+00  1.510000e+00
   endloop
 endfacet
 facet normal  0.000000e+00  0.000000e+00  1.000000e+00
   outer loop
     vertex -2.251096e+01  9.559810e-01  1.510000e+00
     vertex -2.280000e+01 -8.114359e+00  1.510000e+00
     vertex -2.241411e+01 -7.954519e+00  1.510000e+00
   endloop
 endfacet
 facet normal  0.000000e+00  0.000000e+00  1.000000e+00
   outer loop
     vertex -2.251096e+01  9.559810e-01  1.510000e+00
     vertex -2.261658e+01  1.037030e+00  1.510000e+00
     vertex -2.280000e+01 -8.114359e+00  1.510000e+00
   endloop
 endfacet
 facet normal  0.000000e+00  0.000000e+00  1.000000e+00
   outer loop
     vertex -2.269763e+01  1.142654e+00  1.510000e+00
     vertex -2.338564e+01 -8.700000e+00  1.510000e+00
     vertex -2.313137e+01 -8.368629e+00  1.510000e+00
   endloop
 endfacet
 facet normal  0.000000e+00  0.000000e+00  1.000000e+00
   outer loop
     vertex -2.269763e+01  1.142654e+00  1.510000e+00
     vertex -2.600000e+01 -1.150000e+01  1.510000e+00
     vertex -2.338564e+01 -8.700000e+00  1.510000e+00
   endloop
 endfacet
 facet normal  0.000000e+00  0.000000e+00  1.000000e+00
   outer loop
     vertex -2.269763e+01  1.142654e+00  1.510000e+00
     vertex -2.313137e+01 -8.368629e+00  1.510000e+00
     vertex -2.261658e+01  1.037030e+00  1.510000e+00
   endloop
 endfacet
 facet normal  0.000000e+00  0.000000e+00  1.000000e+00
   outer loop
     vertex -2.238795e+01  9.050318e-01  1.510000e+00
     vertex -2.251096e+01  9.559810e-01  1.510000e+00
     vertex -2.241411e+01 -7.954519e+00  1.510000e+00
   endloop
 endfacet
 facet normal  0.000000e+00  0.000000e+00  1.000000e+00
   outer loop
     vertex -2.274858e+01  1.265656e+00  1.510000e+00
     vertex -2.600000e+01 -1.150000e+01  1.510000e+00
     vertex -2.269763e+01  1.142654e+00  1.510000e+00
   endloop
 endfacet
 facet normal  0.000000e+00  0.000000e+00  1.000000e+00
   outer loop
     vertex -2.225596e+01  8.876540e-01  1.510000e+00
     vertex -2.241411e+01 -7.954519e+00  1.510000e+00
     vertex -2.200000e+01 -7.900000e+00  1.510000e+00
   endloop
 endfacet
 facet normal  0.000000e+00  0.000000e+00  1.000000e+00
   outer loop
     vertex -2.225596e+01  8.876540e-01  1.510000e+00
     vertex -2.238795e+01  9.050318e-01  1.510000e+00
     vertex -2.241411e+01 -7.954519e+00  1.510000e+00
   endloop
 endfacet
 facet normal  0.000000e+00  0.000000e+00  1.000000e+00
   outer loop
     vertex -2.276596e+01  1.397654e+00  1.510000e+00
     vertex -2.600000e+01 -1.150000e+01  1.510000e+00
     vertex -2.274858e+01  1.265656e+00  1.510000e+00
   endloop
 endfacet
 facet normal  0.000000e+00  0.000000e+00  1.000000e+00
   outer loop
     vertex -2.212396e+01  9.050318e-01  1.510000e+00
     vertex -2.200000e+01 -7.900000e+00  1.510000e+00
     vertex -2.158589e+01 -7.954519e+00  1.510000e+00
   endloop
 endfacet
 facet normal  0.000000e+00  0.000000e+00  1.000000e+00
   outer loop
     vertex -2.212396e+01  9.050318e-01  1.510000e+00
     vertex -2.225596e+01  8.876540e-01  1.510000e+00
     vertex -2.200000e+01 -7.900000e+00  1.510000e+00
   endloop
 endfacet
 facet normal  0.000000e+00  0.000000e+00  1.000000e+00
   outer loop
     vertex -1.343301e+01 -6.750000e+00  1.510000e+00
     vertex -1.514645e+01 -6.853553e+00  1.510000e+00
     vertex -1.335355e+01 -6.853553e+00  1.510000e+00
   endloop
 endfacet
 facet normal  0.000000e+00  0.000000e+00  1.000000e+00
   outer loop
     vertex -1.343301e+01 -6.750000e+00  1.510000e+00
     vertex -1.506699e+01 -6.750000e+00  1.510000e+00
     vertex -1.514645e+01 -6.853553e+00  1.510000e+00
   endloop
 endfacet
 facet normal  0.000000e+00  0.000000e+00  1.000000e+00
   outer loop
     vertex -1.325000e+01 -6.933013e+00  1.510000e+00
     vertex -1.335355e+01 -6.853553e+00  1.510000e+00
     vertex -1.514645e+01 -6.853553e+00  1.510000e+00
   endloop
 endfacet
 facet normal  0.000000e+00  0.000000e+00  1.000000e+00
   outer loop
     vertex -1.325000e+01 -6.933013e+00  1.510000e+00
     vertex -1.514645e+01 -6.853553e+00  1.510000e+00
     vertex -1.525000e+01 -6.933013e+00  1.510000e+00
   endloop
 endfacet
 facet normal  0.000000e+00  0.000000e+00  1.000000e+00
   outer loop
     vertex -1.325000e+01 -6.933013e+00  1.510000e+00
     vertex -1.525000e+01 -6.933013e+00  1.510000e+00
     vertex -1.537059e+01 -6.982963e+00  1.510000e+00
   endloop
 endfacet
 facet normal  0.000000e+00  0.000000e+00  1.000000e+00
   outer loop
     vertex -1.312941e+01 -6.982963e+00  1.510000e+00
     vertex -1.537059e+01 -6.982963e+00  1.510000e+00
     vertex -2.061436e+01 -1.030000e+01  1.510000e+00
   endloop
 endfacet
 facet normal  0.000000e+00  0.000000e+00  1.000000e+00
   outer loop
     vertex -1.312941e+01 -6.982963e+00  1.510000e+00
     vertex -1.325000e+01 -6.933013e+00  1.510000e+00
     vertex -1.537059e+01 -6.982963e+00  1.510000e+00
   endloop
 endfacet
 facet normal  0.000000e+00  0.000000e+00  1.000000e+00
   outer loop
     vertex -1.348296e+01 -6.629410e+00  1.510000e+00
     vertex -1.506699e+01 -6.750000e+00  1.510000e+00
     vertex -1.343301e+01 -6.750000e+00  1.510000e+00
   endloop
 endfacet
 facet normal  0.000000e+00  0.000000e+00  1.000000e+00
   outer loop
     vertex -1.348296e+01 -6.629410e+00  1.510000e+00
     vertex -1.500000e+01 -6.500000e+00  1.510000e+00
     vertex -1.501704e+01 -6.629410e+00  1.510000e+00
   endloop
 endfacet
 facet normal  0.000000e+00  0.000000e+00  1.000000e+00
   outer loop
     vertex -1.348296e+01 -6.629410e+00  1.510000e+00
     vertex -1.501704e+01 -6.629410e+00  1.510000e+00
     vertex -1.506699e+01 -6.750000e+00  1.510000e+00
   endloop
 endfacet
 facet normal  0.000000e+00  0.000000e+00  1.000000e+00
   outer loop
     vertex -1.300000e+01 -7.000000e+00  1.510000e+00
     vertex -1.312941e+01 -6.982963e+00  1.510000e+00
     vertex -2.061436e+01 -1.030000e+01  1.510000e+00
   endloop
 endfacet
 facet normal  0.000000e+00  0.000000e+00  1.000000e+00
   outer loop
     vertex -1.300000e+01 -7.000000e+00  1.510000e+00
     vertex -2.061436e+01 -1.030000e+01  1.510000e+00
     vertex -2.086863e+01 -1.063137e+01  1.510000e+00
   endloop
 endfacet
 facet normal  0.000000e+00  0.000000e+00  1.000000e+00
   outer loop
     vertex -1.350000e+01 -6.500000e+00  1.510000e+00
     vertex -1.500000e+01 -6.500000e+00  1.510000e+00
     vertex -1.348296e+01 -6.629410e+00  1.510000e+00
   endloop
 endfacet
 facet normal  0.000000e+00  0.000000e+00  1.000000e+00
   outer loop
     vertex -1.348296e+01 -6.370590e+00  1.510000e+00
     vertex -1.500000e+01 -6.500000e+00  1.510000e+00
     vertex -1.350000e+01 -6.500000e+00  1.510000e+00
   endloop
 endfacet
 facet normal  0.000000e+00  0.000000e+00  1.000000e+00
   outer loop
     vertex -1.348296e+01 -6.370590e+00  1.510000e+00
     vertex -1.501704e+01 -6.370590e+00  1.510000e+00
     vertex -1.500000e+01 -6.500000e+00  1.510000e+00
   endloop
 endfacet
 facet normal  0.000000e+00  0.000000e+00  1.000000e+00
   outer loop
     vertex -1.343301e+01 -6.250000e+00  1.510000e+00
     vertex -1.501704e+01 -6.370590e+00  1.510000e+00
     vertex -1.348296e+01 -6.370590e+00  1.510000e+00
   endloop
 endfacet
 facet normal  0.000000e+00  0.000000e+00  1.000000e+00
   outer loop
     vertex -1.343301e+01 -6.250000e+00  1.510000e+00
     vertex -1.514645e+01 -6.146447e+00  1.510000e+00
     vertex -1.506699e+01 -6.250000e+00  1.510000e+00
   endloop
 endfacet
 facet normal  0.000000e+00  0.000000e+00  1.000000e+00
   outer loop
     vertex -1.343301e+01 -6.250000e+00  1.510000e+00
     vertex -1.506699e+01 -6.250000e+00  1.510000e+00
     vertex -1.501704e+01 -6.370590e+00  1.510000e+00
   endloop
 endfacet
 facet normal  0.000000e+00  0.000000e+00  1.000000e+00
   outer loop
     vertex -1.335355e+01 -6.146447e+00  1.510000e+00
     vertex -1.514645e+01 -6.146447e+00  1.510000e+00
     vertex -1.343301e+01 -6.250000e+00  1.510000e+00
   endloop
 endfacet
 facet normal  0.000000e+00  0.000000e+00  1.000000e+00
   outer loop
     vertex -1.325000e+01 -6.066987e+00  1.510000e+00
     vertex -1.514645e+01 -6.146447e+00  1.510000e+00
     vertex -1.335355e+01 -6.146447e+00  1.510000e+00
   endloop
 endfacet
 facet normal  0.000000e+00  0.000000e+00  1.000000e+00
   outer loop
     vertex -1.325000e+01 -6.066987e+00  1.510000e+00
     vertex -1.525000e+01 -6.066987e+00  1.510000e+00
     vertex -1.514645e+01 -6.146447e+00  1.510000e+00
   endloop
 endfacet
 facet normal  0.000000e+00  0.000000e+00  1.000000e+00
   outer loop
     vertex -1.312941e+01 -6.017037e+00  1.510000e+00
     vertex -1.525000e+01 -6.066987e+00  1.510000e+00
     vertex -1.325000e+01 -6.066987e+00  1.510000e+00
   endloop
 endfacet
 facet normal  0.000000e+00  0.000000e+00  1.000000e+00
   outer loop
     vertex -1.312941e+01 -6.017037e+00  1.510000e+00
     vertex -1.537059e+01 -6.017037e+00  1.510000e+00
     vertex -1.525000e+01 -6.066987e+00  1.510000e+00
   endloop
 endfacet
 facet normal  0.000000e+00  0.000000e+00  1.000000e+00
   outer loop
     vertex -1.175000e+01 -6.933013e+00  1.510000e+00
     vertex -1.264645e+01 -6.853553e+00  1.510000e+00
     vertex -1.275000e+01 -6.933013e+00  1.510000e+00
   endloop
 endfacet
 facet normal  0.000000e+00  0.000000e+00  1.000000e+00
   outer loop
     vertex -1.175000e+01 -6.933013e+00  1.510000e+00
     vertex -1.185355e+01 -6.853553e+00  1.510000e+00
     vertex -1.264645e+01 -6.853553e+00  1.510000e+00
   endloop
 endfacet
 facet normal  0.000000e+00  0.000000e+00  1.000000e+00
   outer loop
     vertex -1.193301e+01 -6.750000e+00  1.510000e+00
     vertex -1.256699e+01 -6.750000e+00  1.510000e+00
     vertex -1.264645e+01 -6.853553e+00  1.510000e+00
   endloop
 endfacet
 facet normal  0.000000e+00  0.000000e+00  1.000000e+00
   outer loop
     vertex -1.193301e+01 -6.750000e+00  1.510000e+00
     vertex -1.264645e+01 -6.853553e+00  1.510000e+00
     vertex -1.185355e+01 -6.853553e+00  1.510000e+00
   endloop
 endfacet
 facet normal  0.000000e+00  0.000000e+00  1.000000e+00
   outer loop
     vertex -1.198296e+01 -6.629410e+00  1.510000e+00
     vertex -1.256699e+01 -6.750000e+00  1.510000e+00
     vertex -1.193301e+01 -6.750000e+00  1.510000e+00
   endloop
 endfacet
 facet normal  0.000000e+00  0.000000e+00  1.000000e+00
   outer loop
     vertex -1.198296e+01 -6.629410e+00  1.510000e+00
     vertex -1.251704e+01 -6.629410e+00  1.510000e+00
     vertex -1.256699e+01 -6.750000e+00  1.510000e+00
   endloop
 endfacet
 facet normal  0.000000e+00  0.000000e+00  1.000000e+00
   outer loop
     vertex -1.162941e+01 -6.982963e+00  1.510000e+00
     vertex -1.275000e+01 -6.933013e+00  1.510000e+00
     vertex -1.287059e+01 -6.982963e+00  1.510000e+00
   endloop
 endfacet
 facet normal  0.000000e+00  0.000000e+00  1.000000e+00
   outer loop
     vertex -1.162941e+01 -6.982963e+00  1.510000e+00
     vertex -1.175000e+01 -6.933013e+00  1.510000e+00
     vertex -1.275000e+01 -6.933013e+00  1.510000e+00
   endloop
 endfacet
 facet normal  0.000000e+00  0.000000e+00  1.000000e+00
   outer loop
     vertex -2.251096e+01  3.955981e+00  1.510000e+00
     vertex -2.261658e+01  4.037030e+00  1.510000e+00
     vertex -2.261658e+01  1.758278e+00  1.510000e+00
   endloop
 endfacet
 facet normal  0.000000e+00  0.000000e+00  1.000000e+00
   outer loop
     vertex -2.251096e+01  3.955981e+00  1.510000e+00
     vertex -2.261658e+01  1.758278e+00  1.510000e+00
     vertex -2.251096e+01  1.839327e+00  1.510000e+00
   endloop
 endfacet
 facet normal  0.000000e+00  0.000000e+00  1.000000e+00
   outer loop
     vertex -1.951096e+01  9.559810e-01  1.510000e+00
     vertex -2.189533e+01  1.037030e+00  1.510000e+00
     vertex -2.200096e+01  9.559810e-01  1.510000e+00
   endloop
 endfacet
 facet normal  0.000000e+00  0.000000e+00  1.000000e+00
   outer loop
     vertex -1.951096e+01  9.559810e-01  1.510000e+00
     vertex -1.961658e+01  1.037030e+00  1.510000e+00
     vertex -2.189533e+01  1.037030e+00  1.510000e+00
   endloop
 endfacet
 facet normal  0.000000e+00  0.000000e+00  1.000000e+00
   outer loop
     vertex -1.969763e+01  1.142654e+00  1.510000e+00
     vertex -2.176333e+01  1.265656e+00  1.510000e+00
     vertex -2.181428e+01  1.142654e+00  1.510000e+00
   endloop
 endfacet
 facet normal  0.000000e+00  0.000000e+00  1.000000e+00
   outer loop
     vertex -1.969763e+01  1.142654e+00  1.510000e+00
     vertex -2.181428e+01  1.142654e+00  1.510000e+00
     vertex -2.189533e+01  1.037030e+00  1.510000e+00
   endloop
 endfacet
 facet normal  0.000000e+00  0.000000e+00  1.000000e+00
   outer loop
     vertex -1.969763e+01  1.142654e+00  1.510000e+00
     vertex -2.189533e+01  1.037030e+00  1.510000e+00
     vertex -1.961658e+01  1.037030e+00  1.510000e+00
   endloop
 endfacet
 facet normal  0.000000e+00  0.000000e+00  1.000000e+00
   outer loop
     vertex -2.269763e+01  4.142654e+00  1.510000e+00
     vertex -2.261658e+01  1.758278e+00  1.510000e+00
     vertex -2.261658e+01  4.037030e+00  1.510000e+00
   endloop
 endfacet
 facet normal  0.000000e+00  0.000000e+00  1.000000e+00
   outer loop
     vertex -2.269763e+01  4.142654e+00  1.510000e+00
     vertex -2.274858e+01  1.529652e+00  1.510000e+00
     vertex -2.269763e+01  1.652654e+00  1.510000e+00
   endloop
 endfacet
 facet normal  0.000000e+00  0.000000e+00  1.000000e+00
   outer loop
     vertex -2.269763e+01  4.142654e+00  1.510000e+00
     vertex -2.269763e+01  1.652654e+00  1.510000e+00
     vertex -2.261658e+01  1.758278e+00  1.510000e+00
   endloop
 endfacet
 facet normal  0.000000e+00  0.000000e+00  1.000000e+00
   outer loop
     vertex -1.200000e+01 -6.500000e+00  1.510000e+00
     vertex -1.251704e+01 -6.629410e+00  1.510000e+00
     vertex -1.198296e+01 -6.629410e+00  1.510000e+00
   endloop
 endfacet
 facet normal  0.000000e+00  0.000000e+00  1.000000e+00
   outer loop
     vertex -1.200000e+01 -6.500000e+00  1.510000e+00
     vertex -1.250000e+01 -6.500000e+00  1.510000e+00
     vertex -1.251704e+01 -6.629410e+00  1.510000e+00
   endloop
 endfacet
 facet normal  0.000000e+00  0.000000e+00  1.000000e+00
   outer loop
     vertex -1.150000e+01 -7.000000e+00  1.510000e+00
     vertex -1.287059e+01 -6.982963e+00  1.510000e+00
     vertex -1.300000e+01 -7.000000e+00  1.510000e+00
   endloop
 endfacet
 facet normal  0.000000e+00  0.000000e+00  1.000000e+00
   outer loop
     vertex -1.150000e+01 -7.000000e+00  1.510000e+00
     vertex -1.162941e+01 -6.982963e+00  1.510000e+00
     vertex -1.287059e+01 -6.982963e+00  1.510000e+00
   endloop
 endfacet
 facet normal  0.000000e+00  0.000000e+00  1.000000e+00
   outer loop
     vertex -1.150000e+01 -7.000000e+00  1.510000e+00
     vertex -1.300000e+01 -7.000000e+00  1.510000e+00
     vertex -2.086863e+01 -1.063137e+01  1.510000e+00
   endloop
 endfacet
 facet normal  0.000000e+00  0.000000e+00  1.000000e+00
   outer loop
     vertex -1.938795e+01  9.050318e-01  1.510000e+00
     vertex -2.212396e+01  9.050318e-01  1.510000e+00
     vertex -2.158589e+01 -7.954519e+00  1.510000e+00
   endloop
 endfacet
 facet normal  0.000000e+00  0.000000e+00  1.000000e+00
   outer loop
     vertex -1.938795e+01  9.050318e-01  1.510000e+00
     vertex -1.951096e+01  9.559810e-01  1.510000e+00
     vertex -2.200096e+01  9.559810e-01  1.510000e+00
   endloop
 endfacet
 facet normal  0.000000e+00  0.000000e+00  1.000000e+00
   outer loop
     vertex -1.938795e+01  9.050318e-01  1.510000e+00
     vertex -2.200096e+01  9.559810e-01  1.510000e+00
     vertex -2.212396e+01  9.050318e-01  1.510000e+00
   endloop
 endfacet
 facet normal  0.000000e+00  0.000000e+00  1.000000e+00
   outer loop
     vertex -2.238795e+01  3.905032e+00  1.510000e+00
     vertex -2.251096e+01  1.839327e+00  1.510000e+00
     vertex -2.238795e+01  1.890276e+00  1.510000e+00
   endloop
 endfacet
 facet normal  0.000000e+00  0.000000e+00  1.000000e+00
   outer loop
     vertex -2.238795e+01  3.905032e+00  1.510000e+00
     vertex -2.251096e+01  3.955981e+00  1.510000e+00
     vertex -2.251096e+01  1.839327e+00  1.510000e+00
   endloop
 endfacet
 facet normal  0.000000e+00  0.000000e+00  1.000000e+00
   outer loop
     vertex -2.274858e+01  4.265656e+00  1.510000e+00
     vertex -2.274858e+01  1.529652e+00  1.510000e+00
     vertex -2.269763e+01  4.142654e+00  1.510000e+00
   endloop
 endfacet
 facet normal  0.000000e+00  0.000000e+00  1.000000e+00
   outer loop
     vertex -2.274858e+01  4.265656e+00  1.510000e+00
     vertex -2.276596e+01  1.397654e+00  1.510000e+00
     vertex -2.274858e+01  1.529652e+00  1.510000e+00
   endloop
 endfacet
 facet normal  0.000000e+00  0.000000e+00  1.000000e+00
   outer loop
     vertex -1.974858e+01  1.265656e+00  1.510000e+00
     vertex -2.176333e+01  1.265656e+00  1.510000e+00
     vertex -1.969763e+01  1.142654e+00  1.510000e+00
   endloop
 endfacet
 facet normal  0.000000e+00  0.000000e+00  1.000000e+00
   outer loop
     vertex -1.925596e+01  8.876540e-01  1.510000e+00
     vertex -2.158589e+01 -7.954519e+00  1.510000e+00
     vertex -1.593301e+01 -6.250000e+00  1.510000e+00
   endloop
 endfacet
 facet normal  0.000000e+00  0.000000e+00  1.000000e+00
   outer loop
     vertex -1.925596e+01  8.876540e-01  1.510000e+00
     vertex -1.593301e+01 -6.250000e+00  1.510000e+00
     vertex -1.585355e+01 -6.146447e+00  1.510000e+00
   endloop
 endfacet
 facet normal  0.000000e+00  0.000000e+00  1.000000e+00
   outer loop
     vertex -1.925596e+01  8.876540e-01  1.510000e+00
     vertex -1.938795e+01  9.050318e-01  1.510000e+00
     vertex -2.158589e+01 -7.954519e+00  1.510000e+00
   endloop
 endfacet
 facet normal  0.000000e+00  0.000000e+00  1.000000e+00
   outer loop
     vertex -2.225596e+01  3.887654e+00  1.510000e+00
     vertex -2.238795e+01  1.890276e+00  1.510000e+00
     vertex -2.225596e+01  1.907654e+00  1.510000e+00
   endloop
 endfacet
 facet normal  0.000000e+00  0.000000e+00  1.000000e+00
   outer loop
     vertex -2.225596e+01  3.887654e+00  1.510000e+00
     vertex -2.225596e+01  1.907654e+00  1.510000e+00
     vertex -2.212396e+01  1.890276e+00  1.510000e+00
   endloop
 endfacet
 facet normal  0.000000e+00  0.000000e+00  1.000000e+00
   outer loop
     vertex -2.225596e+01  3.887654e+00  1.510000e+00
     vertex -2.238795e+01  3.905032e+00  1.510000e+00
     vertex -2.238795e+01  1.890276e+00  1.510000e+00
   endloop
 endfacet
 facet normal  0.000000e+00  0.000000e+00  1.000000e+00
   outer loop
     vertex -1.976596e+01  1.397654e+00  1.510000e+00
     vertex -2.176333e+01  1.265656e+00  1.510000e+00
     vertex -1.974858e+01  1.265656e+00  1.510000e+00
   endloop
 endfacet
 facet normal  0.000000e+00  0.000000e+00  1.000000e+00
   outer loop
     vertex -1.976596e+01  1.397654e+00  1.510000e+00
     vertex -2.176333e+01  1.529652e+00  1.510000e+00
     vertex -2.174596e+01  1.397654e+00  1.510000e+00
   endloop
 endfacet
 facet normal  0.000000e+00  0.000000e+00  1.000000e+00
   outer loop
     vertex -1.976596e+01  1.397654e+00  1.510000e+00
     vertex -2.174596e+01  1.397654e+00  1.510000e+00
     vertex -2.176333e+01  1.265656e+00  1.510000e+00
   endloop
 endfacet
 facet normal  0.000000e+00  0.000000e+00  1.000000e+00
   outer loop
     vertex -2.276596e+01  4.397654e+00  1.510000e+00
     vertex -2.276596e+01  1.397654e+00  1.510000e+00
     vertex -2.274858e+01  4.265656e+00  1.510000e+00
   endloop
 endfacet
 facet normal  0.000000e+00  0.000000e+00  1.000000e+00
   outer loop
     vertex -1.198296e+01 -6.370590e+00  1.510000e+00
     vertex -1.250000e+01 -6.500000e+00  1.510000e+00
     vertex -1.200000e+01 -6.500000e+00  1.510000e+00
   endloop
 endfacet
 facet normal  0.000000e+00  0.000000e+00  1.000000e+00
   outer loop
     vertex -1.198296e+01 -6.370590e+00  1.510000e+00
     vertex -1.251704e+01 -6.370590e+00  1.510000e+00
     vertex -1.250000e+01 -6.500000e+00  1.510000e+00
   endloop
 endfacet
 facet normal  0.000000e+00  0.000000e+00  1.000000e+00
   outer loop
     vertex -2.212396e+01  3.905032e+00  1.510000e+00
     vertex -2.212396e+01  1.890276e+00  1.510000e+00
     vertex -2.200096e+01  1.839327e+00  1.510000e+00
   endloop
 endfacet
 facet normal  0.000000e+00  0.000000e+00  1.000000e+00
   outer loop
     vertex -2.212396e+01  3.905032e+00  1.510000e+00
     vertex -2.225596e+01  3.887654e+00  1.510000e+00
     vertex -2.212396e+01  1.890276e+00  1.510000e+00
   endloop
 endfacet
 facet normal  0.000000e+00  0.000000e+00  1.000000e+00
   outer loop
     vertex -1.912396e+01  9.050318e-01  1.510000e+00
     vertex -1.585355e+01 -6.146447e+00  1.510000e+00
     vertex -1.575000e+01 -6.066987e+00  1.510000e+00
   endloop
 endfacet
 facet normal  0.000000e+00  0.000000e+00  1.000000e+00
   outer loop
     vertex -1.912396e+01  9.050318e-01  1.510000e+00
     vertex -1.925596e+01  8.876540e-01  1.510000e+00
     vertex -1.585355e+01 -6.146447e+00  1.510000e+00
   endloop
 endfacet
 facet normal  0.000000e+00  0.000000e+00  1.000000e+00
   outer loop
     vertex -1.974858e+01  1.529652e+00  1.510000e+00
     vertex -2.176333e+01  1.529652e+00  1.510000e+00
     vertex -1.976596e+01  1.397654e+00  1.510000e+00
   endloop
 endfacet
 facet normal  0.000000e+00  0.000000e+00  1.000000e+00
   outer loop
     vertex -1.193301e+01 -6.250000e+00  1.510000e+00
     vertex -1.251704e+01 -6.370590e+00  1.510000e+00
     vertex -1.198296e+01 -6.370590e+00  1.510000e+00
   endloop
 endfacet
 facet normal  0.000000e+00  0.000000e+00  1.000000e+00
   outer loop
     vertex -1.193301e+01 -6.250000e+00  1.510000e+00
     vertex -1.256699e+01 -6.250000e+00  1.510000e+00
     vertex -1.251704e+01 -6.370590e+00  1.510000e+00
   endloop
 endfacet
 facet normal  0.000000e+00  0.000000e+00  1.000000e+00
   outer loop
     vertex -2.200096e+01  3.955981e+00  1.510000e+00
     vertex -2.212396e+01  3.905032e+00  1.510000e+00
     vertex -2.200096e+01  1.839327e+00  1.510000e+00
   endloop
 endfacet
 facet normal  0.000000e+00  0.000000e+00  1.000000e+00
   outer loop
     vertex -1.969763e+01  1.652654e+00  1.510000e+00
     vertex -2.181428e+01  1.652654e+00  1.510000e+00
     vertex -2.176333e+01  1.529652e+00  1.510000e+00
   endloop
 endfacet
 facet normal  0.000000e+00  0.000000e+00  1.000000e+00
   outer loop
     vertex -1.969763e+01  1.652654e+00  1.510000e+00
     vertex -2.176333e+01  1.529652e+00  1.510000e+00
     vertex -1.974858e+01  1.529652e+00  1.510000e+00
   endloop
 endfacet
 facet normal  0.000000e+00  0.000000e+00  1.000000e+00
   outer loop
     vertex -1.185355e+01 -6.146447e+00  1.510000e+00
     vertex -1.256699e+01 -6.250000e+00  1.510000e+00
     vertex -1.193301e+01 -6.250000e+00  1.510000e+00
   endloop
 endfacet
 facet normal  0.000000e+00  0.000000e+00  1.000000e+00
   outer loop
     vertex -1.185355e+01 -6.146447e+00  1.510000e+00
     vertex -1.264645e+01 -6.146447e+00  1.510000e+00
     vertex -1.256699e+01 -6.250000e+00  1.510000e+00
   endloop
 endfacet
 facet normal  0.000000e+00  0.000000e+00  1.000000e+00
   outer loop
     vertex -2.189533e+01  4.037030e+00  1.510000e+00
     vertex -2.200096e+01  3.955981e+00  1.510000e+00
     vertex -2.200096e+01  1.839327e+00  1.510000e+00
   endloop
 endfacet
 facet normal  0.000000e+00  0.000000e+00  1.000000e+00
   outer loop
     vertex -2.189533e+01  4.037030e+00  1.510000e+00
     vertex -2.200096e+01  1.839327e+00  1.510000e+00
     vertex -2.189533e+01  1.758278e+00  1.510000e+00
   endloop
 endfacet
 facet normal  0.000000e+00  0.000000e+00  1.000000e+00
   outer loop
     vertex -1.961658e+01  1.758278e+00  1.510000e+00
     vertex -2.181428e+01  1.652654e+00  1.510000e+00
     vertex -1.969763e+01  1.652654e+00  1.510000e+00
   endloop
 endfacet
 facet normal  0.000000e+00  0.000000e+00  1.000000e+00
   outer loop
     vertex -1.961658e+01  1.758278e+00  1.510000e+00
     vertex -2.189533e+01  1.758278e+00  1.510000e+00
     vertex -2.181428e+01  1.652654e+00  1.510000e+00
   endloop
 endfacet
 facet normal  0.000000e+00  0.000000e+00  1.000000e+00
   outer loop
     vertex -1.175000e+01 -6.066987e+00  1.510000e+00
     vertex -1.264645e+01 -6.146447e+00  1.510000e+00
     vertex -1.185355e+01 -6.146447e+00  1.510000e+00
   endloop
 endfacet
 facet normal  0.000000e+00  0.000000e+00  1.000000e+00
   outer loop
     vertex -1.175000e+01 -6.066987e+00  1.510000e+00
     vertex -1.287059e+01 -6.017037e+00  1.510000e+00
     vertex -1.275000e+01 -6.066987e+00  1.510000e+00
   endloop
 endfacet
 facet normal  0.000000e+00  0.000000e+00  1.000000e+00
   outer loop
     vertex -1.175000e+01 -6.066987e+00  1.510000e+00
     vertex -1.275000e+01 -6.066987e+00  1.510000e+00
     vertex -1.264645e+01 -6.146447e+00  1.510000e+00
   endloop
 endfacet
 facet normal  0.000000e+00  0.000000e+00  1.000000e+00
   outer loop
     vertex -1.162941e+01 -6.017037e+00  1.510000e+00
     vertex -1.287059e+01 -6.017037e+00  1.510000e+00
     vertex -1.175000e+01 -6.066987e+00  1.510000e+00
   endloop
 endfacet
 facet normal  0.000000e+00  0.000000e+00  1.000000e+00
   outer loop
     vertex -9.750000e+00 -6.933013e+00  1.510000e+00
     vertex -1.114645e+01 -6.853553e+00  1.510000e+00
     vertex -1.125000e+01 -6.933013e+00  1.510000e+00
   endloop
 endfacet
 facet normal  0.000000e+00  0.000000e+00  1.000000e+00
   outer loop
     vertex -9.750000e+00 -6.933013e+00  1.510000e+00
     vertex -1.125000e+01 -6.933013e+00  1.510000e+00
     vertex -1.137059e+01 -6.982963e+00  1.510000e+00
   endloop
 endfacet
 facet normal  0.000000e+00  0.000000e+00  1.000000e+00
   outer loop
     vertex -9.750000e+00 -6.933013e+00  1.510000e+00
     vertex -9.853553e+00 -6.853553e+00  1.510000e+00
     vertex -1.114645e+01 -6.853553e+00  1.510000e+00
   endloop
 endfacet
 facet normal  0.000000e+00  0.000000e+00  1.000000e+00
   outer loop
     vertex -9.933013e+00 -6.750000e+00  1.510000e+00
     vertex -1.106699e+01 -6.750000e+00  1.510000e+00
     vertex -1.114645e+01 -6.853553e+00  1.510000e+00
   endloop
 endfacet
 facet normal  0.000000e+00  0.000000e+00  1.000000e+00
   outer loop
     vertex -9.933013e+00 -6.750000e+00  1.510000e+00
     vertex -1.114645e+01 -6.853553e+00  1.510000e+00
     vertex -9.853553e+00 -6.853553e+00  1.510000e+00
   endloop
 endfacet
 facet normal  0.000000e+00  0.000000e+00  1.000000e+00
   outer loop
     vertex -9.982963e+00 -6.629410e+00  1.510000e+00
     vertex -1.100000e+01 -6.500000e+00  1.510000e+00
     vertex -1.101704e+01 -6.629410e+00  1.510000e+00
   endloop
 endfacet
 facet normal  0.000000e+00  0.000000e+00  1.000000e+00
   outer loop
     vertex -9.982963e+00 -6.629410e+00  1.510000e+00
     vertex -1.101704e+01 -6.629410e+00  1.510000e+00
     vertex -1.106699e+01 -6.750000e+00  1.510000e+00
   endloop
 endfacet
 facet normal  0.000000e+00  0.000000e+00  1.000000e+00
   outer loop
     vertex -9.982963e+00 -6.629410e+00  1.510000e+00
     vertex -1.106699e+01 -6.750000e+00  1.510000e+00
     vertex -9.933013e+00 -6.750000e+00  1.510000e+00
   endloop
 endfacet
 facet normal  0.000000e+00  0.000000e+00  1.000000e+00
   outer loop
     vertex -9.629410e+00 -6.982963e+00  1.510000e+00
     vertex -9.750000e+00 -6.933013e+00  1.510000e+00
     vertex -1.137059e+01 -6.982963e+00  1.510000e+00
   endloop
 endfacet
 facet normal  0.000000e+00  0.000000e+00  1.000000e+00
   outer loop
     vertex -9.500000e+00 -7.000000e+00  1.510000e+00
     vertex -1.137059e+01 -6.982963e+00  1.510000e+00
     vertex -1.150000e+01 -7.000000e+00  1.510000e+00
   endloop
 endfacet
 facet normal  0.000000e+00  0.000000e+00  1.000000e+00
   outer loop
     vertex -9.500000e+00 -7.000000e+00  1.510000e+00
     vertex -2.086863e+01 -1.063137e+01  1.510000e+00
     vertex -2.120000e+01 -1.088564e+01  1.510000e+00
   endloop
 endfacet
 facet normal  0.000000e+00  0.000000e+00  1.000000e+00
   outer loop
     vertex -9.500000e+00 -7.000000e+00  1.510000e+00
     vertex -1.150000e+01 -7.000000e+00  1.510000e+00
     vertex -2.086863e+01 -1.063137e+01  1.510000e+00
   endloop
 endfacet
 facet normal  0.000000e+00  0.000000e+00  1.000000e+00
   outer loop
     vertex -9.500000e+00 -7.000000e+00  1.510000e+00
     vertex -2.120000e+01 -1.088564e+01  1.510000e+00
     vertex -2.400000e+01 -1.350000e+01  1.510000e+00
   endloop
 endfacet
 facet normal  0.000000e+00  0.000000e+00  1.000000e+00
   outer loop
     vertex -9.500000e+00 -7.000000e+00  1.510000e+00
     vertex -9.629410e+00 -6.982963e+00  1.510000e+00
     vertex -1.137059e+01 -6.982963e+00  1.510000e+00
   endloop
 endfacet
 facet normal  0.000000e+00  0.000000e+00  1.000000e+00
   outer loop
     vertex -1.000000e+01 -6.500000e+00  1.510000e+00
     vertex -1.100000e+01 -6.500000e+00  1.510000e+00
     vertex -9.982963e+00 -6.629410e+00  1.510000e+00
   endloop
 endfacet
 facet normal  0.000000e+00  0.000000e+00  1.000000e+00
   outer loop
     vertex -9.982963e+00 -6.370590e+00  1.510000e+00
     vertex -1.101704e+01 -6.370590e+00  1.510000e+00
     vertex -1.100000e+01 -6.500000e+00  1.510000e+00
   endloop
 endfacet
 facet normal  0.000000e+00  0.000000e+00  1.000000e+00
   outer loop
     vertex -9.982963e+00 -6.370590e+00  1.510000e+00
     vertex -1.100000e+01 -6.500000e+00  1.510000e+00
     vertex -1.000000e+01 -6.500000e+00  1.510000e+00
   endloop
 endfacet
 facet normal  0.000000e+00  0.000000e+00  1.000000e+00
   outer loop
     vertex -9.370590e+00 -6.982963e+00  1.510000e+00
     vertex -9.500000e+00 -7.000000e+00  1.510000e+00
     vertex -2.400000e+01 -1.350000e+01  1.510000e+00
   endloop
 endfacet
 facet normal  0.000000e+00  0.000000e+00  1.000000e+00
   outer loop
     vertex -9.933013e+00 -6.250000e+00  1.510000e+00
     vertex -1.114645e+01 -6.146447e+00  1.510000e+00
     vertex -1.106699e+01 -6.250000e+00  1.510000e+00
   endloop
 endfacet
 facet normal  0.000000e+00  0.000000e+00  1.000000e+00
   outer loop
     vertex -9.933013e+00 -6.250000e+00  1.510000e+00
     vertex -1.106699e+01 -6.250000e+00  1.510000e+00
     vertex -1.101704e+01 -6.370590e+00  1.510000e+00
   endloop
 endfacet
 facet normal  0.000000e+00  0.000000e+00  1.000000e+00
   outer loop
     vertex -9.933013e+00 -6.250000e+00  1.510000e+00
     vertex -1.101704e+01 -6.370590e+00  1.510000e+00
     vertex -9.982963e+00 -6.370590e+00  1.510000e+00
   endloop
 endfacet
 facet normal  0.000000e+00  0.000000e+00  1.000000e+00
   outer loop
     vertex -9.853553e+00 -6.146447e+00  1.510000e+00
     vertex -1.114645e+01 -6.146447e+00  1.510000e+00
     vertex -9.933013e+00 -6.250000e+00  1.510000e+00
   endloop
 endfacet
 facet normal  0.000000e+00  0.000000e+00  1.000000e+00
   outer loop
     vertex -9.853553e+00 -6.146447e+00  1.510000e+00
     vertex -1.125000e+01 -6.066987e+00  1.510000e+00
     vertex -1.114645e+01 -6.146447e+00  1.510000e+00
   endloop
 endfacet
 facet normal  0.000000e+00  0.000000e+00  1.000000e+00
   outer loop
     vertex -9.750000e+00 -6.066987e+00  1.510000e+00
     vertex -1.125000e+01 -6.066987e+00  1.510000e+00
     vertex -9.853553e+00 -6.146447e+00  1.510000e+00
   endloop
 endfacet
 facet normal  0.000000e+00  0.000000e+00  1.000000e+00
   outer loop
     vertex -9.629410e+00 -6.017037e+00  1.510000e+00
     vertex -1.137059e+01 -6.017037e+00  1.510000e+00
     vertex -1.125000e+01 -6.066987e+00  1.510000e+00
   endloop
 endfacet
 facet normal  0.000000e+00  0.000000e+00  1.000000e+00
   outer loop
     vertex -9.629410e+00 -6.017037e+00  1.510000e+00
     vertex -1.125000e+01 -6.066987e+00  1.510000e+00
     vertex -9.750000e+00 -6.066987e+00  1.510000e+00
   endloop
 endfacet
 facet normal  0.000000e+00  0.000000e+00  1.000000e+00
   outer loop
     vertex -1.661658e+01  1.037030e+00  1.510000e+00
     vertex -1.881428e+01  1.142654e+00  1.510000e+00
     vertex -1.889533e+01  1.037030e+00  1.510000e+00
   endloop
 endfacet
 facet normal  0.000000e+00  0.000000e+00  1.000000e+00
   outer loop
     vertex -1.961658e+01  4.037030e+00  1.510000e+00
     vertex -2.181428e+01  4.142654e+00  1.510000e+00
     vertex -2.189533e+01  4.037030e+00  1.510000e+00
   endloop
 endfacet
 facet normal  0.000000e+00  0.000000e+00  1.000000e+00
   outer loop
     vertex -1.961658e+01  4.037030e+00  1.510000e+00
     vertex -2.189533e+01  4.037030e+00  1.510000e+00
     vertex -2.189533e+01  1.758278e+00  1.510000e+00
   endloop
 endfacet
 facet normal  0.000000e+00  0.000000e+00  1.000000e+00
   outer loop
     vertex -1.961658e+01  4.037030e+00  1.510000e+00
     vertex -2.189533e+01  1.758278e+00  1.510000e+00
     vertex -1.961658e+01  1.758278e+00  1.510000e+00
   endloop
 endfacet
 facet normal  0.000000e+00  0.000000e+00  1.000000e+00
   outer loop
     vertex -1.951096e+01  3.955981e+00  1.510000e+00
     vertex -1.961658e+01  4.037030e+00  1.510000e+00
     vertex -1.961658e+01  1.758278e+00  1.510000e+00
   endloop
 endfacet
 facet normal  0.000000e+00  0.000000e+00  1.000000e+00
   outer loop
     vertex -1.951096e+01  3.955981e+00  1.510000e+00
     vertex -1.961658e+01  1.758278e+00  1.510000e+00
     vertex -1.951096e+01  1.839327e+00  1.510000e+00
   endloop
 endfacet
 facet normal  0.000000e+00  0.000000e+00  1.000000e+00
   outer loop
     vertex -1.951096e+01  3.955981e+00  1.510000e+00
     vertex -1.951096e+01  1.839327e+00  1.510000e+00
     vertex -1.938795e+01  1.890276e+00  1.510000e+00
   endloop
 endfacet
 facet normal  0.000000e+00  0.000000e+00  1.000000e+00
   outer loop
     vertex -1.651096e+01  9.559810e-01  1.510000e+00
     vertex -1.661658e+01  1.037030e+00  1.510000e+00
     vertex -1.889533e+01  1.037030e+00  1.510000e+00
   endloop
 endfacet
 facet normal  0.000000e+00  0.000000e+00  1.000000e+00
   outer loop
     vertex -1.651096e+01  9.559810e-01  1.510000e+00
     vertex -1.889533e+01  1.037030e+00  1.510000e+00
     vertex -1.900096e+01  9.559810e-01  1.510000e+00
   endloop
 endfacet
 facet normal  0.000000e+00  0.000000e+00  1.000000e+00
   outer loop
     vertex -1.969763e+01  4.142654e+00  1.510000e+00
     vertex -2.181428e+01  4.142654e+00  1.510000e+00
     vertex -1.961658e+01  4.037030e+00  1.510000e+00
   endloop
 endfacet
 facet normal  0.000000e+00  0.000000e+00  1.000000e+00
   outer loop
     vertex -1.669763e+01  1.142654e+00  1.510000e+00
     vertex -1.876333e+01  1.265656e+00  1.510000e+00
     vertex -1.881428e+01  1.142654e+00  1.510000e+00
   endloop
 endfacet
 facet normal  0.000000e+00  0.000000e+00  1.000000e+00
   outer loop
     vertex -1.669763e+01  1.142654e+00  1.510000e+00
     vertex -1.881428e+01  1.142654e+00  1.510000e+00
     vertex -1.661658e+01  1.037030e+00  1.510000e+00
   endloop
 endfacet
 facet normal  0.000000e+00  0.000000e+00  1.000000e+00
   outer loop
     vertex -1.638795e+01  9.050318e-01  1.510000e+00
     vertex -1.651096e+01  9.559810e-01  1.510000e+00
     vertex -1.900096e+01  9.559810e-01  1.510000e+00
   endloop
 endfacet
 facet normal  0.000000e+00  0.000000e+00  1.000000e+00
   outer loop
     vertex -1.638795e+01  9.050318e-01  1.510000e+00
     vertex -1.575000e+01 -6.066987e+00  1.510000e+00
     vertex -1.562941e+01 -6.017037e+00  1.510000e+00
   endloop
 endfacet
 facet normal  0.000000e+00  0.000000e+00  1.000000e+00
   outer loop
     vertex -1.638795e+01  9.050318e-01  1.510000e+00
     vertex -1.900096e+01  9.559810e-01  1.510000e+00
     vertex -1.912396e+01  9.050318e-01  1.510000e+00
   endloop
 endfacet
 facet normal  0.000000e+00  0.000000e+00  1.000000e+00
   outer loop
     vertex -1.638795e+01  9.050318e-01  1.510000e+00
     vertex -1.912396e+01  9.050318e-01  1.510000e+00
     vertex -1.575000e+01 -6.066987e+00  1.510000e+00
   endloop
 endfacet
 facet normal  0.000000e+00  0.000000e+00  1.000000e+00
   outer loop
     vertex -1.938795e+01  3.905032e+00  1.510000e+00
     vertex -1.951096e+01  3.955981e+00  1.510000e+00
     vertex -1.938795e+01  1.890276e+00  1.510000e+00
   endloop
 endfacet
 facet normal  0.000000e+00  0.000000e+00  1.000000e+00
   outer loop
     vertex -1.974858e+01  4.265656e+00  1.510000e+00
     vertex -2.174596e+01  4.397654e+00  1.510000e+00
     vertex -2.176333e+01  4.265656e+00  1.510000e+00
   endloop
 endfacet
 facet normal  0.000000e+00  0.000000e+00  1.000000e+00
   outer loop
     vertex -1.974858e+01  4.265656e+00  1.510000e+00
     vertex -2.176333e+01  4.265656e+00  1.510000e+00
     vertex -2.181428e+01  4.142654e+00  1.510000e+00
   endloop
 endfacet
 facet normal  0.000000e+00  0.000000e+00  1.000000e+00
   outer loop
     vertex -1.974858e+01  4.265656e+00  1.510000e+00
     vertex -2.181428e+01  4.142654e+00  1.510000e+00
     vertex -1.969763e+01  4.142654e+00  1.510000e+00
   endloop
 endfacet
 facet normal  0.000000e+00  0.000000e+00  1.000000e+00
   outer loop
     vertex -1.674858e+01  1.265656e+00  1.510000e+00
     vertex -1.876333e+01  1.265656e+00  1.510000e+00
     vertex -1.669763e+01  1.142654e+00  1.510000e+00
   endloop
 endfacet
 facet normal  0.000000e+00  0.000000e+00  1.000000e+00
   outer loop
     vertex -1.925596e+01  3.887654e+00  1.510000e+00
     vertex -1.938795e+01  3.905032e+00  1.510000e+00
     vertex -1.938795e+01  1.890276e+00  1.510000e+00
   endloop
 endfacet
 facet normal  0.000000e+00  0.000000e+00  1.000000e+00
   outer loop
     vertex -1.925596e+01  3.887654e+00  1.510000e+00
     vertex -1.938795e+01  1.890276e+00  1.510000e+00
     vertex -1.925596e+01  1.907654e+00  1.510000e+00
   endloop
 endfacet
 facet normal  0.000000e+00  0.000000e+00  1.000000e+00
   outer loop
     vertex -1.925596e+01  3.887654e+00  1.510000e+00
     vertex -1.925596e+01  1.907654e+00  1.510000e+00
     vertex -1.912396e+01  1.890276e+00  1.510000e+00
   endloop
 endfacet
 facet normal  0.000000e+00  0.000000e+00  1.000000e+00
   outer loop
     vertex -1.625596e+01  8.876540e-01  1.510000e+00
     vertex -1.638795e+01  9.050318e-01  1.510000e+00
     vertex -1.562941e+01 -6.017037e+00  1.510000e+00
   endloop
 endfacet
 facet normal  0.000000e+00  0.000000e+00  1.000000e+00
   outer loop
     vertex -1.625596e+01  8.876540e-01  1.510000e+00
     vertex -1.562941e+01 -6.017037e+00  1.510000e+00
     vertex -1.550000e+01 -6.000000e+00  1.510000e+00
   endloop
 endfacet
 facet normal  0.000000e+00  0.000000e+00  1.000000e+00
   outer loop
     vertex -1.976596e+01  4.397654e+00  1.510000e+00
     vertex -2.174596e+01  4.397654e+00  1.510000e+00
     vertex -1.974858e+01  4.265656e+00  1.510000e+00
   endloop
 endfacet
 facet normal  0.000000e+00  0.000000e+00  1.000000e+00
   outer loop
     vertex -1.676596e+01  1.397654e+00  1.510000e+00
     vertex -1.876333e+01  1.265656e+00  1.510000e+00
     vertex -1.674858e+01  1.265656e+00  1.510000e+00
   endloop
 endfacet
 facet normal  0.000000e+00  0.000000e+00  1.000000e+00
   outer loop
     vertex -1.676596e+01  1.397654e+00  1.510000e+00
     vertex -1.876333e+01  1.529652e+00  1.510000e+00
     vertex -1.874596e+01  1.397654e+00  1.510000e+00
   endloop
 endfacet
 facet normal  0.000000e+00  0.000000e+00  1.000000e+00
   outer loop
     vertex -1.676596e+01  1.397654e+00  1.510000e+00
     vertex -1.874596e+01  1.397654e+00  1.510000e+00
     vertex -1.876333e+01  1.265656e+00  1.510000e+00
   endloop
 endfacet
 facet normal  0.000000e+00  0.000000e+00  1.000000e+00
   outer loop
     vertex -1.612396e+01  9.050318e-01  1.510000e+00
     vertex -1.550000e+01 -6.000000e+00  1.510000e+00
     vertex -1.537059e+01 -6.017037e+00  1.510000e+00
   endloop
 endfacet
 facet normal  0.000000e+00  0.000000e+00  1.000000e+00
   outer loop
     vertex -1.612396e+01  9.050318e-01  1.510000e+00
     vertex -1.625596e+01  8.876540e-01  1.510000e+00
     vertex -1.550000e+01 -6.000000e+00  1.510000e+00
   endloop
 endfacet
 facet normal  0.000000e+00  0.000000e+00  1.000000e+00
   outer loop
     vertex -1.912396e+01  3.905032e+00  1.510000e+00
     vertex -1.925596e+01  3.887654e+00  1.510000e+00
     vertex -1.912396e+01  1.890276e+00  1.510000e+00
   endloop
 endfacet
 facet normal  0.000000e+00  0.000000e+00  1.000000e+00
   outer loop
     vertex -1.974858e+01  4.529652e+00  1.510000e+00
     vertex -2.174596e+01  4.397654e+00  1.510000e+00
     vertex -1.976596e+01  4.397654e+00  1.510000e+00
   endloop
 endfacet
 facet normal  0.000000e+00  0.000000e+00  1.000000e+00
   outer loop
     vertex -1.974858e+01  4.529652e+00  1.510000e+00
     vertex -2.176333e+01  4.529652e+00  1.510000e+00
     vertex -2.174596e+01  4.397654e+00  1.510000e+00
   endloop
 endfacet
 facet normal  0.000000e+00  0.000000e+00  1.000000e+00
   outer loop
     vertex -1.674858e+01  1.529652e+00  1.510000e+00
     vertex -1.876333e+01  1.529652e+00  1.510000e+00
     vertex -1.676596e+01  1.397654e+00  1.510000e+00
   endloop
 endfacet
 facet normal  0.000000e+00  0.000000e+00  1.000000e+00
   outer loop
     vertex -1.900096e+01  3.955981e+00  1.510000e+00
     vertex -1.912396e+01  3.905032e+00  1.510000e+00
     vertex -1.912396e+01  1.890276e+00  1.510000e+00
   endloop
 endfacet
 facet normal  0.000000e+00  0.000000e+00  1.000000e+00
   outer loop
     vertex -1.900096e+01  3.955981e+00  1.510000e+00
     vertex -1.912396e+01  1.890276e+00  1.510000e+00
     vertex -1.900096e+01  1.839327e+00  1.510000e+00
   endloop
 endfacet
 facet normal  0.000000e+00  0.000000e+00  1.000000e+00
   outer loop
     vertex -1.600096e+01  9.559810e-01  1.510000e+00
     vertex -1.537059e+01 -6.017037e+00  1.510000e+00
     vertex -1.312941e+01 -6.017037e+00  1.510000e+00
   endloop
 endfacet
 facet normal  0.000000e+00  0.000000e+00  1.000000e+00
   outer loop
     vertex -1.600096e+01  9.559810e-01  1.510000e+00
     vertex -1.612396e+01  9.050318e-01  1.510000e+00
     vertex -1.537059e+01 -6.017037e+00  1.510000e+00
   endloop
 endfacet
 facet normal  0.000000e+00  0.000000e+00  1.000000e+00
   outer loop
     vertex -1.600096e+01  9.559810e-01  1.510000e+00
     vertex -1.312941e+01 -6.017037e+00  1.510000e+00
     vertex -1.300000e+01 -6.000000e+00  1.510000e+00
   endloop
 endfacet
 facet normal  0.000000e+00  0.000000e+00  1.000000e+00
   outer loop
     vertex -1.669763e+01  1.652654e+00  1.510000e+00
     vertex -1.881428e+01  1.652654e+00  1.510000e+00
     vertex -1.876333e+01  1.529652e+00  1.510000e+00
   endloop
 endfacet
 facet normal  0.000000e+00  0.000000e+00  1.000000e+00
   outer loop
     vertex -1.669763e+01  1.652654e+00  1.510000e+00
     vertex -1.876333e+01  1.529652e+00  1.510000e+00
     vertex -1.674858e+01  1.529652e+00  1.510000e+00
   endloop
 endfacet
 facet normal  0.000000e+00  0.000000e+00  1.000000e+00
   outer loop
     vertex -1.969763e+01  4.652654e+00  1.510000e+00
     vertex -2.176333e+01  4.529652e+00  1.510000e+00
     vertex -1.974858e+01  4.529652e+00  1.510000e+00
   endloop
 endfacet
 facet normal  0.000000e+00  0.000000e+00  1.000000e+00
   outer loop
     vertex -1.969763e+01  4.652654e+00  1.510000e+00
     vertex -2.181428e+01  4.652654e+00  1.510000e+00
     vertex -2.176333e+01  4.529652e+00  1.510000e+00
   endloop
 endfacet
 facet normal  0.000000e+00  0.000000e+00  1.000000e+00
   outer loop
     vertex -1.889533e+01  4.037030e+00  1.510000e+00
     vertex -1.900096e+01  1.839327e+00  1.510000e+00
     vertex -1.889533e+01  1.758278e+00  1.510000e+00
   endloop
 endfacet
 facet normal  0.000000e+00  0.000000e+00  1.000000e+00
   outer loop
     vertex -1.889533e+01  4.037030e+00  1.510000e+00
     vertex -1.900096e+01  3.955981e+00  1.510000e+00
     vertex -1.900096e+01  1.839327e+00  1.510000e+00
   endloop
 endfacet
 facet normal  0.000000e+00  0.000000e+00  1.000000e+00
   outer loop
     vertex -1.589533e+01  1.037030e+00  1.510000e+00
     vertex -1.600096e+01  9.559810e-01  1.510000e+00
     vertex -1.300000e+01 -6.000000e+00  1.510000e+00
   endloop
 endfacet
 facet normal  0.000000e+00  0.000000e+00  1.000000e+00
   outer loop
     vertex -1.589533e+01  1.037030e+00  1.510000e+00
     vertex -1.300000e+01 -6.000000e+00  1.510000e+00
     vertex -1.287059e+01 -6.017037e+00  1.510000e+00
   endloop
 endfacet
 facet normal  0.000000e+00  0.000000e+00  1.000000e+00
   outer loop
     vertex -1.961658e+01  4.758278e+00  1.510000e+00
     vertex -2.189533e+01  4.758278e+00  1.510000e+00
     vertex -2.181428e+01  4.652654e+00  1.510000e+00
   endloop
 endfacet
 facet normal  0.000000e+00  0.000000e+00  1.000000e+00
   outer loop
     vertex -1.961658e+01  4.758278e+00  1.510000e+00
     vertex -2.181428e+01  4.652654e+00  1.510000e+00
     vertex -1.969763e+01  4.652654e+00  1.510000e+00
   endloop
 endfacet
 facet normal  0.000000e+00  0.000000e+00  1.000000e+00
   outer loop
     vertex -1.661658e+01  1.758278e+00  1.510000e+00
     vertex -1.889533e+01  1.758278e+00  1.510000e+00
     vertex -1.881428e+01  1.652654e+00  1.510000e+00
   endloop
 endfacet
 facet normal  0.000000e+00  0.000000e+00  1.000000e+00
   outer loop
     vertex -1.661658e+01  1.758278e+00  1.510000e+00
     vertex -1.881428e+01  1.652654e+00  1.510000e+00
     vertex -1.669763e+01  1.652654e+00  1.510000e+00
   endloop
 endfacet
 facet normal  0.000000e+00  0.000000e+00  1.000000e+00
   outer loop
     vertex -1.581428e+01  1.142654e+00  1.510000e+00
     vertex -1.162941e+01 -6.017037e+00  1.510000e+00
     vertex -1.150000e+01 -6.000000e+00  1.510000e+00
   endloop
 endfacet
 facet normal  0.000000e+00  0.000000e+00  1.000000e+00
   outer loop
     vertex -1.581428e+01  1.142654e+00  1.510000e+00
     vertex -1.287059e+01 -6.017037e+00  1.510000e+00
     vertex -1.162941e+01 -6.017037e+00  1.510000e+00
   endloop
 endfacet
 facet normal  0.000000e+00  0.000000e+00  1.000000e+00
   outer loop
     vertex -1.581428e+01  1.142654e+00  1.510000e+00
     vertex -1.589533e+01  1.037030e+00  1.510000e+00
     vertex -1.287059e+01 -6.017037e+00  1.510000e+00
   endloop
 endfacet
 facet normal  0.000000e+00  0.000000e+00  1.000000e+00
   outer loop
     vertex -2.600000e+01  1.150000e+01  1.510000e+00
     vertex -2.276596e+01  1.397654e+00  1.510000e+00
     vertex -2.276596e+01  4.397654e+00  1.510000e+00
   endloop
 endfacet
 facet normal  0.000000e+00  0.000000e+00  1.000000e+00
   outer loop
     vertex -2.600000e+01  1.150000e+01  1.510000e+00
     vertex -2.276596e+01  4.397654e+00  1.510000e+00
     vertex -2.274858e+01  4.529652e+00  1.510000e+00
   endloop
 endfacet
 facet normal  0.000000e+00  0.000000e+00  1.000000e+00
   outer loop
     vertex -2.600000e+01  1.150000e+01  1.510000e+00
     vertex -2.274858e+01  4.529652e+00  1.510000e+00
     vertex -2.269763e+01  4.652654e+00  1.510000e+00
   endloop
 endfacet
 facet normal  0.000000e+00  0.000000e+00  1.000000e+00
   outer loop
     vertex -2.600000e+01  1.150000e+01  1.510000e+00
     vertex -2.269763e+01  4.652654e+00  1.510000e+00
     vertex -2.261658e+01  4.758278e+00  1.510000e+00
   endloop
 endfacet
 facet normal  0.000000e+00  0.000000e+00  1.000000e+00
   outer loop
     vertex -2.600000e+01  1.150000e+01  1.510000e+00
     vertex -2.261658e+01  4.758278e+00  1.510000e+00
     vertex -2.251096e+01  4.839327e+00  1.510000e+00
   endloop
 endfacet
 facet normal  0.000000e+00  0.000000e+00  1.000000e+00
   outer loop
     vertex -2.600000e+01  1.150000e+01  1.510000e+00
     vertex -2.600000e+01 -1.150000e+01  1.510000e+00
     vertex -2.276596e+01  1.397654e+00  1.510000e+00
   endloop
 endfacet
 facet normal  0.000000e+00  0.000000e+00  1.000000e+00
   outer loop
     vertex -1.576333e+01  1.265656e+00  1.510000e+00
     vertex -1.150000e+01 -6.000000e+00  1.510000e+00
     vertex -1.137059e+01 -6.017037e+00  1.510000e+00
   endloop
 endfacet
 facet normal  0.000000e+00  0.000000e+00  1.000000e+00
   outer loop
     vertex -1.576333e+01  1.265656e+00  1.510000e+00
     vertex -1.137059e+01 -6.017037e+00  1.510000e+00
     vertex -9.629410e+00 -6.017037e+00  1.510000e+00
   endloop
 endfacet
 facet normal  0.000000e+00  0.000000e+00  1.000000e+00
   outer loop
     vertex -1.576333e+01  1.265656e+00  1.510000e+00
     vertex -9.629410e+00 -6.017037e+00  1.510000e+00
     vertex -9.500000e+00 -6.000000e+00  1.510000e+00
   endloop
 endfacet
 facet normal  0.000000e+00  0.000000e+00  1.000000e+00
   outer loop
     vertex -1.576333e+01  1.265656e+00  1.510000e+00
     vertex -1.581428e+01  1.142654e+00  1.510000e+00
     vertex -1.150000e+01 -6.000000e+00  1.510000e+00
   endloop
 endfacet
 facet normal  0.000000e+00  0.000000e+00  1.000000e+00
   outer loop
     vertex -1.574596e+01  1.397654e+00  1.510000e+00
     vertex -9.500000e+00 -6.000000e+00  1.510000e+00
     vertex -9.370590e+00 -6.017037e+00  1.510000e+00
   endloop
 endfacet
 facet normal  0.000000e+00  0.000000e+00  1.000000e+00
   outer loop
     vertex -1.574596e+01  1.397654e+00  1.510000e+00
     vertex -1.576333e+01  1.265656e+00  1.510000e+00
     vertex -9.500000e+00 -6.000000e+00  1.510000e+00
   endloop
 endfacet
 facet normal  0.000000e+00  0.000000e+00  1.000000e+00
   outer loop
     vertex -1.576333e+01  1.529652e+00  1.510000e+00
     vertex -1.574596e+01  1.397654e+00  1.510000e+00
     vertex -9.370590e+00 -6.017037e+00  1.510000e+00
   endloop
 endfacet
 facet normal  0.000000e+00  0.000000e+00  1.000000e+00
   outer loop
     vertex -2.556366e+01  1.274698e+01  1.510000e+00
     vertex -2.580194e+01  1.236777e+01  1.510000e+00
     vertex -2.594986e+01  1.194504e+01  1.510000e+00
   endloop
 endfacet
 facet normal  0.000000e+00  0.000000e+00  1.000000e+00
   outer loop
     vertex -2.031662e+01  7.656994e+00  1.510000e+00
     vertex -2.212396e+01  4.890276e+00  1.510000e+00
     vertex -2.200096e+01  4.839327e+00  1.510000e+00
   endloop
 endfacet
 facet normal  0.000000e+00  0.000000e+00  1.000000e+00
   outer loop
     vertex -2.000596e+01  7.418616e+00  1.510000e+00
     vertex -2.200096e+01  4.839327e+00  1.510000e+00
     vertex -2.189533e+01  4.758278e+00  1.510000e+00
   endloop
 endfacet
 facet normal  0.000000e+00  0.000000e+00  1.000000e+00
   outer loop
     vertex -2.000596e+01  7.418616e+00  1.510000e+00
     vertex -1.961658e+01  4.758278e+00  1.510000e+00
     vertex -1.951096e+01  4.839327e+00  1.510000e+00
   endloop
 endfacet
 facet normal  0.000000e+00  0.000000e+00  1.000000e+00
   outer loop
     vertex -2.000596e+01  7.418616e+00  1.510000e+00
     vertex -2.031662e+01  7.656994e+00  1.510000e+00
     vertex -2.200096e+01  4.839327e+00  1.510000e+00
   endloop
 endfacet
 facet normal  0.000000e+00  0.000000e+00  1.000000e+00
   outer loop
     vertex -2.000596e+01  7.418616e+00  1.510000e+00
     vertex -2.189533e+01  4.758278e+00  1.510000e+00
     vertex -1.961658e+01  4.758278e+00  1.510000e+00
   endloop
 endfacet
 facet normal  0.000000e+00  0.000000e+00  1.000000e+00
   outer loop
     vertex -2.055499e+01  7.967654e+00  1.510000e+00
     vertex -2.238795e+01  4.890276e+00  1.510000e+00
     vertex -2.225596e+01  4.907654e+00  1.510000e+00
   endloop
 endfacet
 facet normal  0.000000e+00  0.000000e+00  1.000000e+00
   outer loop
     vertex -2.055499e+01  7.967654e+00  1.510000e+00
     vertex -2.225596e+01  4.907654e+00  1.510000e+00
     vertex -2.212396e+01  4.890276e+00  1.510000e+00
   endloop
 endfacet
 facet normal  0.000000e+00  0.000000e+00  1.000000e+00
   outer loop
     vertex -2.055499e+01  7.967654e+00  1.510000e+00
     vertex -2.212396e+01  4.890276e+00  1.510000e+00
     vertex -2.031662e+01  7.656994e+00  1.510000e+00
   endloop
 endfacet
 facet normal  0.000000e+00  0.000000e+00  1.000000e+00
   outer loop
     vertex -1.661658e+01  4.037030e+00  1.510000e+00
     vertex -1.889533e+01  1.758278e+00  1.510000e+00
     vertex -1.661658e+01  1.758278e+00  1.510000e+00
   endloop
 endfacet
 facet normal  0.000000e+00  0.000000e+00  1.000000e+00
   outer loop
     vertex -1.661658e+01  4.037030e+00  1.510000e+00
     vertex -1.889533e+01  4.037030e+00  1.510000e+00
     vertex -1.889533e+01  1.758278e+00  1.510000e+00
   endloop
 endfacet
 facet normal  0.000000e+00  0.000000e+00  1.000000e+00
   outer loop
     vertex -1.651096e+01  3.955981e+00  1.510000e+00
     vertex -1.661658e+01  4.037030e+00  1.510000e+00
     vertex -1.661658e+01  1.758278e+00  1.510000e+00
   endloop
 endfacet
 facet normal  0.000000e+00  0.000000e+00  1.000000e+00
   outer loop
     vertex -1.651096e+01  3.955981e+00  1.510000e+00
     vertex -1.661658e+01  1.758278e+00  1.510000e+00
     vertex -1.651096e+01  1.839327e+00  1.510000e+00
   endloop
 endfacet
 facet normal  0.000000e+00  0.000000e+00  1.000000e+00
   outer loop
     vertex -1.669763e+01  4.142654e+00  1.510000e+00
     vertex -1.881428e+01  4.142654e+00  1.510000e+00
     vertex -1.889533e+01  4.037030e+00  1.510000e+00
   endloop
 endfacet
 facet normal  0.000000e+00  0.000000e+00  1.000000e+00
   outer loop
     vertex -1.669763e+01  4.142654e+00  1.510000e+00
     vertex -1.889533e+01  4.037030e+00  1.510000e+00
     vertex -1.661658e+01  4.037030e+00  1.510000e+00
   endloop
 endfacet
 facet normal  0.000000e+00  0.000000e+00  1.000000e+00
   outer loop
     vertex -1.638795e+01  3.905032e+00  1.510000e+00
     vertex -1.651096e+01  3.955981e+00  1.510000e+00
     vertex -1.651096e+01  1.839327e+00  1.510000e+00
   endloop
 endfacet
 facet normal  0.000000e+00  0.000000e+00  1.000000e+00
   outer loop
     vertex -1.638795e+01  3.905032e+00  1.510000e+00
     vertex -1.651096e+01  1.839327e+00  1.510000e+00
     vertex -1.638795e+01  1.890276e+00  1.510000e+00
   endloop
 endfacet
 facet normal  0.000000e+00  0.000000e+00  1.000000e+00
   outer loop
     vertex -1.674858e+01  4.265656e+00  1.510000e+00
     vertex -1.874596e+01  4.397654e+00  1.510000e+00
     vertex -1.876333e+01  4.265656e+00  1.510000e+00
   endloop
 endfacet
 facet normal  0.000000e+00  0.000000e+00  1.000000e+00
   outer loop
     vertex -1.674858e+01  4.265656e+00  1.510000e+00
     vertex -1.876333e+01  4.265656e+00  1.510000e+00
     vertex -1.881428e+01  4.142654e+00  1.510000e+00
   endloop
 endfacet
 facet normal  0.000000e+00  0.000000e+00  1.000000e+00
   outer loop
     vertex -1.674858e+01  4.265656e+00  1.510000e+00
     vertex -1.881428e+01  4.142654e+00  1.510000e+00
     vertex -1.669763e+01  4.142654e+00  1.510000e+00
   endloop
 endfacet
 facet normal  0.000000e+00  0.000000e+00  1.000000e+00
   outer loop
     vertex -2.070484e+01  8.329425e+00  1.510000e+00
     vertex -2.251096e+01  4.839327e+00  1.510000e+00
     vertex -2.238795e+01  4.890276e+00  1.510000e+00
   endloop
 endfacet
 facet normal  0.000000e+00  0.000000e+00  1.000000e+00
   outer loop
     vertex -2.070484e+01  8.329425e+00  1.510000e+00
     vertex -2.238795e+01  4.890276e+00  1.510000e+00
     vertex -2.055499e+01  7.967654e+00  1.510000e+00
   endloop
 endfacet
 facet normal  0.000000e+00  0.000000e+00  1.000000e+00
   outer loop
     vertex -1.964418e+01  7.268765e+00  1.510000e+00
     vertex -1.951096e+01  4.839327e+00  1.510000e+00
     vertex -1.938795e+01  4.890276e+00  1.510000e+00
   endloop
 endfacet
 facet normal  0.000000e+00  0.000000e+00  1.000000e+00
   outer loop
     vertex -1.964418e+01  7.268765e+00  1.510000e+00
     vertex -2.000596e+01  7.418616e+00  1.510000e+00
     vertex -1.951096e+01  4.839327e+00  1.510000e+00
   endloop
 endfacet
 facet normal  0.000000e+00  0.000000e+00  1.000000e+00
   outer loop
     vertex -1.625596e+01  3.887654e+00  1.510000e+00
     vertex -1.638795e+01  1.890276e+00  1.510000e+00
     vertex -1.625596e+01  1.907654e+00  1.510000e+00
   endloop
 endfacet
 facet normal  0.000000e+00  0.000000e+00  1.000000e+00
   outer loop
     vertex -1.625596e+01  3.887654e+00  1.510000e+00
     vertex -1.638795e+01  3.905032e+00  1.510000e+00
     vertex -1.638795e+01  1.890276e+00  1.510000e+00
   endloop
 endfacet
 facet normal  0.000000e+00  0.000000e+00  1.000000e+00
   outer loop
     vertex -1.676596e+01  4.397654e+00  1.510000e+00
     vertex -1.874596e+01  4.397654e+00  1.510000e+00
     vertex -1.674858e+01  4.265656e+00  1.510000e+00
   endloop
 endfacet
 facet normal  0.000000e+00  0.000000e+00  1.000000e+00
   outer loop
     vertex -1.676596e+01  4.397654e+00  1.510000e+00
     vertex -1.876333e+01  4.529652e+00  1.510000e+00
     vertex -1.874596e+01  4.397654e+00  1.510000e+00
   endloop
 endfacet
 facet normal  0.000000e+00  0.000000e+00  1.000000e+00
   outer loop
     vertex -1.612396e+01  3.905032e+00  1.510000e+00
     vertex -1.625596e+01  1.907654e+00  1.510000e+00
     vertex -1.612396e+01  1.890276e+00  1.510000e+00
   endloop
 endfacet
 facet normal  0.000000e+00  0.000000e+00  1.000000e+00
   outer loop
     vertex -1.612396e+01  3.905032e+00  1.510000e+00
     vertex -1.625596e+01  3.887654e+00  1.510000e+00
     vertex -1.625596e+01  1.907654e+00  1.510000e+00
   endloop
 endfacet
 facet normal  0.000000e+00  0.000000e+00  1.000000e+00
   outer loop
     vertex -1.674858e+01  4.529652e+00  1.510000e+00
     vertex -1.876333e+01  4.529652e+00  1.510000e+00
     vertex -1.676596e+01  4.397654e+00  1.510000e+00
   endloop
 endfacet
 facet normal  0.000000e+00  0.000000e+00  1.000000e+00
   outer loop
     vertex -1.600096e+01  3.955981e+00  1.510000e+00
     vertex -1.612396e+01  1.890276e+00  1.510000e+00
     vertex -1.600096e+01  1.839327e+00  1.510000e+00
   endloop
 endfacet
 facet normal  0.000000e+00  0.000000e+00  1.000000e+00
   outer loop
     vertex -1.600096e+01  3.955981e+00  1.510000e+00
     vertex -1.600096e+01  1.839327e+00  1.510000e+00
     vertex -1.589533e+01  1.758278e+00  1.510000e+00
   endloop
 endfacet
 facet normal  0.000000e+00  0.000000e+00  1.000000e+00
   outer loop
     vertex -1.600096e+01  3.955981e+00  1.510000e+00
     vertex -1.612396e+01  3.905032e+00  1.510000e+00
     vertex -1.612396e+01  1.890276e+00  1.510000e+00
   endloop
 endfacet
 facet normal  0.000000e+00  0.000000e+00  1.000000e+00
   outer loop
     vertex -1.669763e+01  4.652654e+00  1.510000e+00
     vertex -1.881428e+01  4.652654e+00  1.510000e+00
     vertex -1.876333e+01  4.529652e+00  1.510000e+00
   endloop
 endfacet
 facet normal  0.000000e+00  0.000000e+00  1.000000e+00
   outer loop
     vertex -1.669763e+01  4.652654e+00  1.510000e+00
     vertex -1.876333e+01  4.529652e+00  1.510000e+00
     vertex -1.674858e+01  4.529652e+00  1.510000e+00
   endloop
 endfacet
 facet normal  0.000000e+00  0.000000e+00  1.000000e+00
   outer loop
     vertex -1.925596e+01  7.217654e+00  1.510000e+00
     vertex -1.938795e+01  4.890276e+00  1.510000e+00
     vertex -1.925596e+01  4.907654e+00  1.510000e+00
   endloop
 endfacet
 facet normal  0.000000e+00  0.000000e+00  1.000000e+00
   outer loop
     vertex -1.925596e+01  7.217654e+00  1.510000e+00
     vertex -1.925596e+01  4.907654e+00  1.510000e+00
     vertex -1.912396e+01  4.890276e+00  1.510000e+00
   endloop
 endfacet
 facet normal  0.000000e+00  0.000000e+00  1.000000e+00
   outer loop
     vertex -1.925596e+01  7.217654e+00  1.510000e+00
     vertex -1.964418e+01  7.268765e+00  1.510000e+00
     vertex -1.938795e+01  4.890276e+00  1.510000e+00
   endloop
 endfacet
 facet normal  0.000000e+00  0.000000e+00  1.000000e+00
   outer loop
     vertex -2.075596e+01  8.717654e+00  1.510000e+00
     vertex -2.251096e+01  4.839327e+00  1.510000e+00
     vertex -2.070484e+01  8.329425e+00  1.510000e+00
   endloop
 endfacet
 facet normal  0.000000e+00  0.000000e+00  1.000000e+00
   outer loop
     vertex -2.075596e+01  8.717654e+00  1.510000e+00
     vertex -2.600000e+01  1.150000e+01  1.510000e+00
     vertex -2.251096e+01  4.839327e+00  1.510000e+00
   endloop
 endfacet
 facet normal  0.000000e+00  0.000000e+00  1.000000e+00
   outer loop
     vertex -1.589533e+01  4.037030e+00  1.510000e+00
     vertex -1.589533e+01  1.758278e+00  1.510000e+00
     vertex -1.581428e+01  1.652654e+00  1.510000e+00
   endloop
 endfacet
 facet normal  0.000000e+00  0.000000e+00  1.000000e+00
   outer loop
     vertex -1.589533e+01  4.037030e+00  1.510000e+00
     vertex -1.600096e+01  3.955981e+00  1.510000e+00
     vertex -1.589533e+01  1.758278e+00  1.510000e+00
   endloop
 endfacet
 facet normal  0.000000e+00  0.000000e+00  1.000000e+00
   outer loop
     vertex -1.661658e+01  4.758278e+00  1.510000e+00
     vertex -1.889533e+01  4.758278e+00  1.510000e+00
     vertex -1.881428e+01  4.652654e+00  1.510000e+00
   endloop
 endfacet
 facet normal  0.000000e+00  0.000000e+00  1.000000e+00
   outer loop
     vertex -1.661658e+01  4.758278e+00  1.510000e+00
     vertex -1.881428e+01  4.652654e+00  1.510000e+00
     vertex -1.669763e+01  4.652654e+00  1.510000e+00
   endloop
 endfacet
 facet normal  0.000000e+00  0.000000e+00  1.000000e+00
   outer loop
     vertex -1.581428e+01  4.142654e+00  1.510000e+00
     vertex -1.589533e+01  4.037030e+00  1.510000e+00
     vertex -1.581428e+01  1.652654e+00  1.510000e+00
   endloop
 endfacet
 facet normal  0.000000e+00  0.000000e+00  1.000000e+00
   outer loop
     vertex -2.070484e+01  9.105883e+00  1.510000e+00
     vertex -2.600000e+01  1.150000e+01  1.510000e+00
     vertex -2.075596e+01  8.717654e+00  1.510000e+00
   endloop
 endfacet
 facet normal  0.000000e+00  0.000000e+00  1.000000e+00
   outer loop
     vertex -1.886773e+01  7.268765e+00  1.510000e+00
     vertex -1.912396e+01  4.890276e+00  1.510000e+00
     vertex -1.900096e+01  4.839327e+00  1.510000e+00
   endloop
 endfacet
 facet normal  0.000000e+00  0.000000e+00  1.000000e+00
   outer loop
     vertex -1.886773e+01  7.268765e+00  1.510000e+00
     vertex -1.925596e+01  7.217654e+00  1.510000e+00
     vertex -1.912396e+01  4.890276e+00  1.510000e+00
   endloop
 endfacet
 facet normal  0.000000e+00  0.000000e+00  1.000000e+00
   outer loop
     vertex -2.486777e+01  1.330194e+01  1.510000e+00
     vertex -2.594986e+01  1.194504e+01  1.510000e+00
     vertex -2.600000e+01  1.150000e+01  1.510000e+00
   endloop
 endfacet
 facet normal  0.000000e+00  0.000000e+00  1.000000e+00
   outer loop
     vertex -2.486777e+01  1.330194e+01  1.510000e+00
     vertex -2.524698e+01  1.306366e+01  1.510000e+00
     vertex -2.556366e+01  1.274698e+01  1.510000e+00
   endloop
 endfacet
 facet normal  0.000000e+00  0.000000e+00  1.000000e+00
   outer loop
     vertex -2.486777e+01  1.330194e+01  1.510000e+00
     vertex -2.556366e+01  1.274698e+01  1.510000e+00
     vertex -2.594986e+01  1.194504e+01  1.510000e+00
   endloop
 endfacet
 facet normal  0.000000e+00  0.000000e+00  1.000000e+00
   outer loop
     vertex -1.576333e+01  4.265656e+00  1.510000e+00
     vertex -1.581428e+01  1.652654e+00  1.510000e+00
     vertex -1.576333e+01  1.529652e+00  1.510000e+00
   endloop
 endfacet
 facet normal  0.000000e+00  0.000000e+00  1.000000e+00
   outer loop
     vertex -1.576333e+01  4.265656e+00  1.510000e+00
     vertex -1.576333e+01  1.529652e+00  1.510000e+00
     vertex -9.370590e+00 -6.017037e+00  1.510000e+00
   endloop
 endfacet
 facet normal  0.000000e+00  0.000000e+00  1.000000e+00
   outer loop
     vertex -1.576333e+01  4.265656e+00  1.510000e+00
     vertex -1.581428e+01  4.142654e+00  1.510000e+00
     vertex -1.581428e+01  1.652654e+00  1.510000e+00
   endloop
 endfacet
 facet normal  0.000000e+00  0.000000e+00  1.000000e+00
   outer loop
     vertex -1.574596e+01  4.397654e+00  1.510000e+00
     vertex -1.576333e+01  4.265656e+00  1.510000e+00
     vertex -9.370590e+00 -6.017037e+00  1.510000e+00
   endloop
 endfacet
 facet normal  0.000000e+00  0.000000e+00  1.000000e+00
   outer loop
     vertex -2.055499e+01  9.467654e+00  1.510000e+00
     vertex -2.600000e+01  1.150000e+01  1.510000e+00
     vertex -2.070484e+01  9.105883e+00  1.510000e+00
   endloop
 endfacet
 facet normal  0.000000e+00  0.000000e+00  1.000000e+00
   outer loop
     vertex -1.850596e+01  7.418616e+00  1.510000e+00
     vertex -1.900096e+01  4.839327e+00  1.510000e+00
     vertex -1.889533e+01  4.758278e+00  1.510000e+00
   endloop
 endfacet
 facet normal  0.000000e+00  0.000000e+00  1.000000e+00
   outer loop
     vertex -1.850596e+01  7.418616e+00  1.510000e+00
     vertex -1.889533e+01  4.758278e+00  1.510000e+00
     vertex -1.661658e+01  4.758278e+00  1.510000e+00
   endloop
 endfacet
 facet normal  0.000000e+00  0.000000e+00  1.000000e+00
   outer loop
     vertex -1.850596e+01  7.418616e+00  1.510000e+00
     vertex -1.661658e+01  4.758278e+00  1.510000e+00
     vertex -1.651096e+01  4.839327e+00  1.510000e+00
   endloop
 endfacet
 facet normal  0.000000e+00  0.000000e+00  1.000000e+00
   outer loop
     vertex -1.850596e+01  7.418616e+00  1.510000e+00
     vertex -1.886773e+01  7.268765e+00  1.510000e+00
     vertex -1.900096e+01  4.839327e+00  1.510000e+00
   endloop
 endfacet
 facet normal  0.000000e+00  0.000000e+00  1.000000e+00
   outer loop
     vertex -2.444504e+01  1.344986e+01  1.510000e+00
     vertex -2.486777e+01  1.330194e+01  1.510000e+00
     vertex -2.600000e+01  1.150000e+01  1.510000e+00
   endloop
 endfacet
 facet normal  0.000000e+00  0.000000e+00  1.000000e+00
   outer loop
     vertex -1.819530e+01  7.656994e+00  1.510000e+00
     vertex -1.850596e+01  7.418616e+00  1.510000e+00
     vertex -1.651096e+01  4.839327e+00  1.510000e+00
   endloop
 endfacet
 facet normal  0.000000e+00  0.000000e+00  1.000000e+00
   outer loop
     vertex -1.819530e+01  7.656994e+00  1.510000e+00
     vertex -1.651096e+01  4.839327e+00  1.510000e+00
     vertex -1.638795e+01  4.890276e+00  1.510000e+00
   endloop
 endfacet
 facet normal  0.000000e+00  0.000000e+00  1.000000e+00
   outer loop
     vertex -2.400000e+01  1.350000e+01  1.510000e+00
     vertex -2.600000e+01  1.150000e+01  1.510000e+00
     vertex -2.055499e+01  9.467654e+00  1.510000e+00
   endloop
 endfacet
 facet normal  0.000000e+00  0.000000e+00  1.000000e+00
   outer loop
     vertex -2.400000e+01  1.350000e+01  1.510000e+00
     vertex -2.444504e+01  1.344986e+01  1.510000e+00
     vertex -2.600000e+01  1.150000e+01  1.510000e+00
   endloop
 endfacet
 facet normal  0.000000e+00  0.000000e+00  1.000000e+00
   outer loop
     vertex -2.400000e+01  1.350000e+01  1.510000e+00
     vertex -2.055499e+01  9.467654e+00  1.510000e+00
     vertex -2.031662e+01  9.778314e+00  1.510000e+00
   endloop
 endfacet
 facet normal  0.000000e+00  0.000000e+00  1.000000e+00
   outer loop
     vertex -2.000596e+01  1.001669e+01  1.510000e+00
     vertex -2.400000e+01  1.350000e+01  1.510000e+00
     vertex -2.031662e+01  9.778314e+00  1.510000e+00
   endloop
 endfacet
 facet normal  0.000000e+00  0.000000e+00  1.000000e+00
   outer loop
     vertex -1.795692e+01  7.967654e+00  1.510000e+00
     vertex -1.638795e+01  4.890276e+00  1.510000e+00
     vertex -1.625596e+01  4.907654e+00  1.510000e+00
   endloop
 endfacet
 facet normal  0.000000e+00  0.000000e+00  1.000000e+00
   outer loop
     vertex -1.795692e+01  7.967654e+00  1.510000e+00
     vertex -1.625596e+01  4.907654e+00  1.510000e+00
     vertex -1.612396e+01  4.890276e+00  1.510000e+00
   endloop
 endfacet
 facet normal  0.000000e+00  0.000000e+00  1.000000e+00
   outer loop
     vertex -1.795692e+01  7.967654e+00  1.510000e+00
     vertex -1.819530e+01  7.656994e+00  1.510000e+00
     vertex -1.638795e+01  4.890276e+00  1.510000e+00
   endloop
 endfacet
 facet normal  0.000000e+00  0.000000e+00  1.000000e+00
   outer loop
     vertex -1.964418e+01  1.016654e+01  1.510000e+00
     vertex -2.400000e+01  1.350000e+01  1.510000e+00
     vertex -2.000596e+01  1.001669e+01  1.510000e+00
   endloop
 endfacet
 facet normal  0.000000e+00  0.000000e+00  1.000000e+00
   outer loop
     vertex -1.780707e+01  8.329425e+00  1.510000e+00
     vertex -1.795692e+01  7.967654e+00  1.510000e+00
     vertex -1.612396e+01  4.890276e+00  1.510000e+00
   endloop
 endfacet
 facet normal  0.000000e+00  0.000000e+00  1.000000e+00
   outer loop
     vertex -1.780707e+01  8.329425e+00  1.510000e+00
     vertex -1.612396e+01  4.890276e+00  1.510000e+00
     vertex -1.600096e+01  4.839327e+00  1.510000e+00
   endloop
 endfacet
 facet normal  0.000000e+00  0.000000e+00  1.000000e+00
   outer loop
     vertex -1.925596e+01  1.021765e+01  1.510000e+00
     vertex -2.400000e+01  1.350000e+01  1.510000e+00
     vertex -1.964418e+01  1.016654e+01  1.510000e+00
   endloop
 endfacet
 facet normal  0.000000e+00  0.000000e+00  1.000000e+00
   outer loop
     vertex -1.775596e+01  8.717654e+00  1.510000e+00
     vertex -1.780707e+01  8.329425e+00  1.510000e+00
     vertex -1.600096e+01  4.839327e+00  1.510000e+00
   endloop
 endfacet
 facet normal  0.000000e+00  0.000000e+00  1.000000e+00
   outer loop
     vertex -1.775596e+01  8.717654e+00  1.510000e+00
     vertex -1.600096e+01  4.839327e+00  1.510000e+00
     vertex -1.589533e+01  4.758278e+00  1.510000e+00
   endloop
 endfacet
 facet normal  0.000000e+00  0.000000e+00  1.000000e+00
   outer loop
     vertex -1.886773e+01  1.016654e+01  1.510000e+00
     vertex -2.400000e+01  1.350000e+01  1.510000e+00
     vertex -1.925596e+01  1.021765e+01  1.510000e+00
   endloop
 endfacet
 facet normal  0.000000e+00  0.000000e+00  1.000000e+00
   outer loop
     vertex -1.780707e+01  9.105883e+00  1.510000e+00
     vertex -1.775596e+01  8.717654e+00  1.510000e+00
     vertex -1.589533e+01  4.758278e+00  1.510000e+00
   endloop
 endfacet
 facet normal  0.000000e+00  0.000000e+00  1.000000e+00
   outer loop
     vertex -1.780707e+01  9.105883e+00  1.510000e+00
     vertex -1.589533e+01  4.758278e+00  1.510000e+00
     vertex -1.581428e+01  4.652654e+00  1.510000e+00
   endloop
 endfacet
 facet normal  0.000000e+00  0.000000e+00  1.000000e+00
   outer loop
     vertex -1.933013e+00 -6.750000e+00  1.510000e+00
     vertex -9.066987e+00 -6.750000e+00  1.510000e+00
     vertex -9.146447e+00 -6.853553e+00  1.510000e+00
   endloop
 endfacet
 facet normal  0.000000e+00  0.000000e+00  1.000000e+00
   outer loop
     vertex -1.933013e+00 -6.750000e+00  1.510000e+00
     vertex -9.146447e+00 -6.853553e+00  1.510000e+00
     vertex -1.853553e+00 -6.853553e+00  1.510000e+00
   endloop
 endfacet
 facet normal  0.000000e+00  0.000000e+00  1.000000e+00
   outer loop
     vertex -1.750000e+00 -6.933013e+00  1.510000e+00
     vertex -9.146447e+00 -6.853553e+00  1.510000e+00
     vertex -9.250000e+00 -6.933013e+00  1.510000e+00
   endloop
 endfacet
 facet normal  0.000000e+00  0.000000e+00  1.000000e+00
   outer loop
     vertex -1.750000e+00 -6.933013e+00  1.510000e+00
     vertex -1.853553e+00 -6.853553e+00  1.510000e+00
     vertex -9.146447e+00 -6.853553e+00  1.510000e+00
   endloop
 endfacet
 facet normal  0.000000e+00  0.000000e+00  1.000000e+00
   outer loop
     vertex -1.629410e+00 -6.982963e+00  1.510000e+00
     vertex -9.370590e+00 -6.982963e+00  1.510000e+00
     vertex -2.400000e+01 -1.350000e+01  1.510000e+00
   endloop
 endfacet
 facet normal  0.000000e+00  0.000000e+00  1.000000e+00
   outer loop
     vertex -1.629410e+00 -6.982963e+00  1.510000e+00
     vertex -1.750000e+00 -6.933013e+00  1.510000e+00
     vertex -9.250000e+00 -6.933013e+00  1.510000e+00
   endloop
 endfacet
 facet normal  0.000000e+00  0.000000e+00  1.000000e+00
   outer loop
     vertex -1.629410e+00 -6.982963e+00  1.510000e+00
     vertex -9.250000e+00 -6.933013e+00  1.510000e+00
     vertex -9.370590e+00 -6.982963e+00  1.510000e+00
   endloop
 endfacet
 facet normal  0.000000e+00  0.000000e+00  1.000000e+00
   outer loop
     vertex -1.982963e+00 -6.629410e+00  1.510000e+00
     vertex -9.000000e+00 -6.500000e+00  1.510000e+00
     vertex -9.017037e+00 -6.629410e+00  1.510000e+00
   endloop
 endfacet
 facet normal  0.000000e+00  0.000000e+00  1.000000e+00
   outer loop
     vertex -1.982963e+00 -6.629410e+00  1.510000e+00
     vertex -9.017037e+00 -6.629410e+00  1.510000e+00
     vertex -9.066987e+00 -6.750000e+00  1.510000e+00
   endloop
 endfacet
 facet normal  0.000000e+00  0.000000e+00  1.000000e+00
   outer loop
     vertex -1.982963e+00 -6.629410e+00  1.510000e+00
     vertex -9.066987e+00 -6.750000e+00  1.510000e+00
     vertex -1.933013e+00 -6.750000e+00  1.510000e+00
   endloop
 endfacet
 facet normal  0.000000e+00  0.000000e+00  1.000000e+00
   outer loop
     vertex -1.500000e+00 -7.000000e+00  1.510000e+00
     vertex -1.629410e+00 -6.982963e+00  1.510000e+00
     vertex -2.400000e+01 -1.350000e+01  1.510000e+00
   endloop
 endfacet
 facet normal  0.000000e+00  0.000000e+00  1.000000e+00
   outer loop
     vertex -2.000000e+00 -6.500000e+00  1.510000e+00
     vertex -9.000000e+00 -6.500000e+00  1.510000e+00
     vertex -1.982963e+00 -6.629410e+00  1.510000e+00
   endloop
 endfacet
 facet normal  0.000000e+00  0.000000e+00  1.000000e+00
   outer loop
     vertex -1.850596e+01  1.001669e+01  1.510000e+00
     vertex -2.400000e+01  1.350000e+01  1.510000e+00
     vertex -1.886773e+01  1.016654e+01  1.510000e+00
   endloop
 endfacet
 facet normal  0.000000e+00  0.000000e+00  1.000000e+00
   outer loop
     vertex -1.982963e+00 -6.370590e+00  1.510000e+00
     vertex -9.000000e+00 -6.500000e+00  1.510000e+00
     vertex -2.000000e+00 -6.500000e+00  1.510000e+00
   endloop
 endfacet
 facet normal  0.000000e+00  0.000000e+00  1.000000e+00
   outer loop
     vertex -1.982963e+00 -6.370590e+00  1.510000e+00
     vertex -9.017037e+00 -6.370590e+00  1.510000e+00
     vertex -9.000000e+00 -6.500000e+00  1.510000e+00
   endloop
 endfacet
 facet normal  0.000000e+00  0.000000e+00  1.000000e+00
   outer loop
     vertex -1.933013e+00 -6.250000e+00  1.510000e+00
     vertex -9.146447e+00 -6.146447e+00  1.510000e+00
     vertex -9.066987e+00 -6.250000e+00  1.510000e+00
   endloop
 endfacet
 facet normal  0.000000e+00  0.000000e+00  1.000000e+00
   outer loop
     vertex -1.933013e+00 -6.250000e+00  1.510000e+00
     vertex -9.066987e+00 -6.250000e+00  1.510000e+00
     vertex -9.017037e+00 -6.370590e+00  1.510000e+00
   endloop
 endfacet
 facet normal  0.000000e+00  0.000000e+00  1.000000e+00
   outer loop
     vertex -1.933013e+00 -6.250000e+00  1.510000e+00
     vertex -9.017037e+00 -6.370590e+00  1.510000e+00
     vertex -1.982963e+00 -6.370590e+00  1.510000e+00
   endloop
 endfacet
 facet normal  0.000000e+00  0.000000e+00  1.000000e+00
   outer loop
     vertex -1.853553e+00 -6.146447e+00  1.510000e+00
     vertex -9.146447e+00 -6.146447e+00  1.510000e+00
     vertex -1.933013e+00 -6.250000e+00  1.510000e+00
   endloop
 endfacet
 facet normal  0.000000e+00  0.000000e+00  1.000000e+00
   outer loop
     vertex -1.750000e+00 -6.066987e+00  1.510000e+00
     vertex -9.250000e+00 -6.066987e+00  1.510000e+00
     vertex -9.146447e+00 -6.146447e+00  1.510000e+00
   endloop
 endfacet
 facet normal  0.000000e+00  0.000000e+00  1.000000e+00
   outer loop
     vertex -1.750000e+00 -6.066987e+00  1.510000e+00
     vertex -9.146447e+00 -6.146447e+00  1.510000e+00
     vertex -1.853553e+00 -6.146447e+00  1.510000e+00
   endloop
 endfacet
 facet normal  0.000000e+00  0.000000e+00  1.000000e+00
   outer loop
     vertex -1.629410e+00 -6.017037e+00  1.510000e+00
     vertex -9.370590e+00 -6.017037e+00  1.510000e+00
     vertex -9.250000e+00 -6.066987e+00  1.510000e+00
   endloop
 endfacet
 facet normal  0.000000e+00  0.000000e+00  1.000000e+00
   outer loop
     vertex -1.629410e+00 -6.017037e+00  1.510000e+00
     vertex -1.576333e+01  4.529652e+00  1.510000e+00
     vertex -1.574596e+01  4.397654e+00  1.510000e+00
   endloop
 endfacet
 facet normal  0.000000e+00  0.000000e+00  1.000000e+00
   outer loop
     vertex -1.629410e+00 -6.017037e+00  1.510000e+00
     vertex -9.250000e+00 -6.066987e+00  1.510000e+00
     vertex -1.750000e+00 -6.066987e+00  1.510000e+00
   endloop
 endfacet
 facet normal  0.000000e+00  0.000000e+00  1.000000e+00
   outer loop
     vertex -1.629410e+00 -6.017037e+00  1.510000e+00
     vertex -1.574596e+01  4.397654e+00  1.510000e+00
     vertex -9.370590e+00 -6.017037e+00  1.510000e+00
   endloop
 endfacet
 facet normal  0.000000e+00  0.000000e+00  1.000000e+00
   outer loop
     vertex -1.500000e+00 -6.000000e+00  1.510000e+00
     vertex -1.576333e+01  4.529652e+00  1.510000e+00
     vertex -1.629410e+00 -6.017037e+00  1.510000e+00
   endloop
 endfacet
 facet normal  0.000000e+00  0.000000e+00  1.000000e+00
   outer loop
     vertex  2.500000e-01 -6.933013e+00  1.510000e+00
     vertex  1.464466e-01 -6.853553e+00  1.510000e+00
     vertex -1.146447e+00 -6.853553e+00  1.510000e+00
   endloop
 endfacet
 facet normal  0.000000e+00  0.000000e+00  1.000000e+00
   outer loop
     vertex  2.500000e-01 -6.933013e+00  1.510000e+00
     vertex -1.146447e+00 -6.853553e+00  1.510000e+00
     vertex -1.250000e+00 -6.933013e+00  1.510000e+00
   endloop
 endfacet
 facet normal  0.000000e+00  0.000000e+00  1.000000e+00
   outer loop
     vertex  6.698730e-02 -6.750000e+00  1.510000e+00
     vertex -1.146447e+00 -6.853553e+00  1.510000e+00
     vertex  1.464466e-01 -6.853553e+00  1.510000e+00
   endloop
 endfacet
 facet normal  0.000000e+00  0.000000e+00  1.000000e+00
   outer loop
     vertex  6.698730e-02 -6.750000e+00  1.510000e+00
     vertex -1.017037e+00 -6.629410e+00  1.510000e+00
     vertex -1.066987e+00 -6.750000e+00  1.510000e+00
   endloop
 endfacet
 facet normal  0.000000e+00  0.000000e+00  1.000000e+00
   outer loop
     vertex  6.698730e-02 -6.750000e+00  1.510000e+00
     vertex -1.066987e+00 -6.750000e+00  1.510000e+00
     vertex -1.146447e+00 -6.853553e+00  1.510000e+00
   endloop
 endfacet
 facet normal  0.000000e+00  0.000000e+00  1.000000e+00
   outer loop
     vertex  3.705905e-01 -6.982963e+00  1.510000e+00
     vertex  2.500000e-01 -6.933013e+00  1.510000e+00
     vertex -1.250000e+00 -6.933013e+00  1.510000e+00
   endloop
 endfacet
 facet normal  0.000000e+00  0.000000e+00  1.000000e+00
   outer loop
     vertex  3.705905e-01 -6.982963e+00  1.510000e+00
     vertex -1.250000e+00 -6.933013e+00  1.510000e+00
     vertex -1.370590e+00 -6.982963e+00  1.510000e+00
   endloop
 endfacet
 facet normal  0.000000e+00  0.000000e+00  1.000000e+00
   outer loop
     vertex  1.703709e-02 -6.629410e+00  1.510000e+00
     vertex -1.017037e+00 -6.629410e+00  1.510000e+00
     vertex  6.698730e-02 -6.750000e+00  1.510000e+00
   endloop
 endfacet
 facet normal  0.000000e+00  0.000000e+00  1.000000e+00
   outer loop
     vertex  5.000000e-01 -7.000000e+00  1.510000e+00
     vertex  3.705905e-01 -6.982963e+00  1.510000e+00
     vertex -1.370590e+00 -6.982963e+00  1.510000e+00
   endloop
 endfacet
 facet normal  0.000000e+00  0.000000e+00  1.000000e+00
   outer loop
     vertex  5.000000e-01 -7.000000e+00  1.510000e+00
     vertex -1.500000e+00 -7.000000e+00  1.510000e+00
     vertex -2.400000e+01 -1.350000e+01  1.510000e+00
   endloop
 endfacet
 facet normal  0.000000e+00  0.000000e+00  1.000000e+00
   outer loop
     vertex  5.000000e-01 -7.000000e+00  1.510000e+00
     vertex -1.370590e+00 -6.982963e+00  1.510000e+00
     vertex -1.500000e+00 -7.000000e+00  1.510000e+00
   endloop
 endfacet
 facet normal  0.000000e+00  0.000000e+00  1.000000e+00
   outer loop
     vertex  0.000000e+00 -6.500000e+00  1.510000e+00
     vertex -1.000000e+00 -6.500000e+00  1.510000e+00
     vertex -1.017037e+00 -6.629410e+00  1.510000e+00
   endloop
 endfacet
 facet normal  0.000000e+00  0.000000e+00  1.000000e+00
   outer loop
     vertex  0.000000e+00 -6.500000e+00  1.510000e+00
     vertex -1.017037e+00 -6.629410e+00  1.510000e+00
     vertex  1.703709e-02 -6.629410e+00  1.510000e+00
   endloop
 endfacet
 facet normal  0.000000e+00  0.000000e+00  1.000000e+00
   outer loop
     vertex  1.703709e-02 -6.370590e+00  1.510000e+00
     vertex -1.017037e+00 -6.370590e+00  1.510000e+00
     vertex -1.000000e+00 -6.500000e+00  1.510000e+00
   endloop
 endfacet
 facet normal  0.000000e+00  0.000000e+00  1.000000e+00
   outer loop
     vertex  1.703709e-02 -6.370590e+00  1.510000e+00
     vertex -1.000000e+00 -6.500000e+00  1.510000e+00
     vertex  0.000000e+00 -6.500000e+00  1.510000e+00
   endloop
 endfacet
 facet normal  0.000000e+00  0.000000e+00  1.000000e+00
   outer loop
     vertex  6.698730e-02 -6.250000e+00  1.510000e+00
     vertex -1.146447e+00 -6.146447e+00  1.510000e+00
     vertex -1.066987e+00 -6.250000e+00  1.510000e+00
   endloop
 endfacet
 facet normal  0.000000e+00  0.000000e+00  1.000000e+00
   outer loop
     vertex  6.698730e-02 -6.250000e+00  1.510000e+00
     vertex -1.066987e+00 -6.250000e+00  1.510000e+00
     vertex -1.017037e+00 -6.370590e+00  1.510000e+00
   endloop
 endfacet
 facet normal  0.000000e+00  0.000000e+00  1.000000e+00
   outer loop
     vertex  6.698730e-02 -6.250000e+00  1.510000e+00
     vertex -1.017037e+00 -6.370590e+00  1.510000e+00
     vertex  1.703709e-02 -6.370590e+00  1.510000e+00
   endloop
 endfacet
 facet normal  0.000000e+00  0.000000e+00  1.000000e+00
   outer loop
     vertex  1.464466e-01 -6.146447e+00  1.510000e+00
     vertex -1.146447e+00 -6.146447e+00  1.510000e+00
     vertex  6.698730e-02 -6.250000e+00  1.510000e+00
   endloop
 endfacet
 facet normal  0.000000e+00  0.000000e+00  1.000000e+00
   outer loop
     vertex  2.500000e-01 -6.066987e+00  1.510000e+00
     vertex -1.146447e+00 -6.146447e+00  1.510000e+00
     vertex  1.464466e-01 -6.146447e+00  1.510000e+00
   endloop
 endfacet
 facet normal  0.000000e+00  0.000000e+00  1.000000e+00
   outer loop
     vertex  2.500000e-01 -6.066987e+00  1.510000e+00
     vertex -1.250000e+00 -6.066987e+00  1.510000e+00
     vertex -1.146447e+00 -6.146447e+00  1.510000e+00
   endloop
 endfacet
 facet normal  0.000000e+00  0.000000e+00  1.000000e+00
   outer loop
     vertex  3.705905e-01 -6.017037e+00  1.510000e+00
     vertex -1.250000e+00 -6.066987e+00  1.510000e+00
     vertex  2.500000e-01 -6.066987e+00  1.510000e+00
   endloop
 endfacet
 facet normal  0.000000e+00  0.000000e+00  1.000000e+00
   outer loop
     vertex  3.705905e-01 -6.017037e+00  1.510000e+00
     vertex -1.370590e+00 -6.017037e+00  1.510000e+00
     vertex -1.250000e+00 -6.066987e+00  1.510000e+00
   endloop
 endfacet
 facet normal  0.000000e+00  0.000000e+00  1.000000e+00
   outer loop
     vertex  5.000000e-01 -6.000000e+00  1.510000e+00
     vertex -1.370590e+00 -6.017037e+00  1.510000e+00
     vertex  3.705905e-01 -6.017037e+00  1.510000e+00
   endloop
 endfacet
 facet normal  0.000000e+00  0.000000e+00  1.000000e+00
   outer loop
     vertex  5.000000e-01 -6.000000e+00  1.510000e+00
     vertex -1.500000e+00 -6.000000e+00  1.510000e+00
     vertex -1.370590e+00 -6.017037e+00  1.510000e+00
   endloop
 endfacet
 facet normal  0.000000e+00  0.000000e+00  1.000000e+00
   outer loop
     vertex  1.646447e+00 -6.853553e+00  1.510000e+00
     vertex  8.535534e-01 -6.853553e+00  1.510000e+00
     vertex  7.500000e-01 -6.933013e+00  1.510000e+00
   endloop
 endfacet
 facet normal  0.000000e+00  0.000000e+00  1.000000e+00
   outer loop
     vertex  1.750000e+00 -6.933013e+00  1.510000e+00
     vertex  1.646447e+00 -6.853553e+00  1.510000e+00
     vertex  7.500000e-01 -6.933013e+00  1.510000e+00
   endloop
 endfacet
 facet normal  0.000000e+00  0.000000e+00  1.000000e+00
   outer loop
     vertex  1.750000e+00 -6.933013e+00  1.510000e+00
     vertex  7.500000e-01 -6.933013e+00  1.510000e+00
     vertex  6.294095e-01 -6.982963e+00  1.510000e+00
   endloop
 endfacet
 facet normal  0.000000e+00  0.000000e+00  1.000000e+00
   outer loop
     vertex  1.566987e+00 -6.750000e+00  1.510000e+00
     vertex  8.535534e-01 -6.853553e+00  1.510000e+00
     vertex  1.646447e+00 -6.853553e+00  1.510000e+00
   endloop
 endfacet
 facet normal  0.000000e+00  0.000000e+00  1.000000e+00
   outer loop
     vertex  1.566987e+00 -6.750000e+00  1.510000e+00
     vertex  9.829629e-01 -6.629410e+00  1.510000e+00
     vertex  9.330127e-01 -6.750000e+00  1.510000e+00
   endloop
 endfacet
 facet normal  0.000000e+00  0.000000e+00  1.000000e+00
   outer loop
     vertex  1.566987e+00 -6.750000e+00  1.510000e+00
     vertex  9.330127e-01 -6.750000e+00  1.510000e+00
     vertex  8.535534e-01 -6.853553e+00  1.510000e+00
   endloop
 endfacet
 facet normal  0.000000e+00  0.000000e+00  1.000000e+00
   outer loop
     vertex  1.870590e+00 -6.982963e+00  1.510000e+00
     vertex  1.750000e+00 -6.933013e+00  1.510000e+00
     vertex  6.294095e-01 -6.982963e+00  1.510000e+00
   endloop
 endfacet
 facet normal  0.000000e+00  0.000000e+00  1.000000e+00
   outer loop
     vertex  1.517037e+00 -6.629410e+00  1.510000e+00
     vertex  9.829629e-01 -6.629410e+00  1.510000e+00
     vertex  1.566987e+00 -6.750000e+00  1.510000e+00
   endloop
 endfacet
 facet normal  0.000000e+00  0.000000e+00  1.000000e+00
   outer loop
     vertex  1.517037e+00 -6.629410e+00  1.510000e+00
     vertex  1.000000e+00 -6.500000e+00  1.510000e+00
     vertex  9.829629e-01 -6.629410e+00  1.510000e+00
   endloop
 endfacet
 facet normal  0.000000e+00  0.000000e+00  1.000000e+00
   outer loop
     vertex  2.000000e+00 -7.000000e+00  1.510000e+00
     vertex  1.870590e+00 -6.982963e+00  1.510000e+00
     vertex  6.294095e-01 -6.982963e+00  1.510000e+00
   endloop
 endfacet
 facet normal  0.000000e+00  0.000000e+00  1.000000e+00
   outer loop
     vertex  2.000000e+00 -7.000000e+00  1.510000e+00
     vertex  6.294095e-01 -6.982963e+00  1.510000e+00
     vertex  5.000000e-01 -7.000000e+00  1.510000e+00
   endloop
 endfacet
 facet normal  0.000000e+00  0.000000e+00  1.000000e+00
   outer loop
     vertex  1.500000e+00 -6.500000e+00  1.510000e+00
     vertex  1.000000e+00 -6.500000e+00  1.510000e+00
     vertex  1.517037e+00 -6.629410e+00  1.510000e+00
   endloop
 endfacet
 facet normal  0.000000e+00  0.000000e+00  1.000000e+00
   outer loop
     vertex  1.517037e+00 -6.370590e+00  1.510000e+00
     vertex  1.000000e+00 -6.500000e+00  1.510000e+00
     vertex  1.500000e+00 -6.500000e+00  1.510000e+00
   endloop
 endfacet
 facet normal  0.000000e+00  0.000000e+00  1.000000e+00
   outer loop
     vertex  1.517037e+00 -6.370590e+00  1.510000e+00
     vertex  9.829629e-01 -6.370590e+00  1.510000e+00
     vertex  1.000000e+00 -6.500000e+00  1.510000e+00
   endloop
 endfacet
 facet normal  0.000000e+00  0.000000e+00  1.000000e+00
   outer loop
     vertex  1.566987e+00 -6.250000e+00  1.510000e+00
     vertex  9.829629e-01 -6.370590e+00  1.510000e+00
     vertex  1.517037e+00 -6.370590e+00  1.510000e+00
   endloop
 endfacet
 facet normal  0.000000e+00  0.000000e+00  1.000000e+00
   outer loop
     vertex  1.566987e+00 -6.250000e+00  1.510000e+00
     vertex  9.330127e-01 -6.250000e+00  1.510000e+00
     vertex  9.829629e-01 -6.370590e+00  1.510000e+00
   endloop
 endfacet
 facet normal  0.000000e+00  0.000000e+00  1.000000e+00
   outer loop
     vertex  1.646447e+00 -6.146447e+00  1.510000e+00
     vertex  9.330127e-01 -6.250000e+00  1.510000e+00
     vertex  1.566987e+00 -6.250000e+00  1.510000e+00
   endloop
 endfacet
 facet normal  0.000000e+00  0.000000e+00  1.000000e+00
   outer loop
     vertex  1.646447e+00 -6.146447e+00  1.510000e+00
     vertex  8.535534e-01 -6.146447e+00  1.510000e+00
     vertex  9.330127e-01 -6.250000e+00  1.510000e+00
   endloop
 endfacet
 facet normal  0.000000e+00  0.000000e+00  1.000000e+00
   outer loop
     vertex  1.750000e+00 -6.066987e+00  1.510000e+00
     vertex  8.535534e-01 -6.146447e+00  1.510000e+00
     vertex  1.646447e+00 -6.146447e+00  1.510000e+00
   endloop
 endfacet
 facet normal  0.000000e+00  0.000000e+00  1.000000e+00
   outer loop
     vertex  1.750000e+00 -6.066987e+00  1.510000e+00
     vertex  7.500000e-01 -6.066987e+00  1.510000e+00
     vertex  8.535534e-01 -6.146447e+00  1.510000e+00
   endloop
 endfacet
 facet normal  0.000000e+00  0.000000e+00  1.000000e+00
   outer loop
     vertex  1.870590e+00 -6.017037e+00  1.510000e+00
     vertex  7.500000e-01 -6.066987e+00  1.510000e+00
     vertex  1.750000e+00 -6.066987e+00  1.510000e+00
   endloop
 endfacet
 facet normal  0.000000e+00  0.000000e+00  1.000000e+00
   outer loop
     vertex  1.870590e+00 -6.017037e+00  1.510000e+00
     vertex  6.294095e-01 -6.017037e+00  1.510000e+00
     vertex  7.500000e-01 -6.066987e+00  1.510000e+00
   endloop
 endfacet
 facet normal  0.000000e+00  0.000000e+00  1.000000e+00
   outer loop
     vertex  2.000000e+00 -6.000000e+00  1.510000e+00
     vertex  6.294095e-01 -6.017037e+00  1.510000e+00
     vertex  1.870590e+00 -6.017037e+00  1.510000e+00
   endloop
 endfacet
 facet normal  0.000000e+00  0.000000e+00  1.000000e+00
   outer loop
     vertex  2.000000e+00 -6.000000e+00  1.510000e+00
     vertex  5.000000e-01 -6.000000e+00  1.510000e+00
     vertex  6.294095e-01 -6.017037e+00  1.510000e+00
   endloop
 endfacet
 facet normal  0.000000e+00  0.000000e+00  1.000000e+00
   outer loop
     vertex  4.146447e+00 -6.853553e+00  1.510000e+00
     vertex  2.353553e+00 -6.853553e+00  1.510000e+00
     vertex  2.250000e+00 -6.933013e+00  1.510000e+00
   endloop
 endfacet
 facet normal  0.000000e+00  0.000000e+00  1.000000e+00
   outer loop
     vertex  4.250000e+00 -6.933013e+00  1.510000e+00
     vertex  4.146447e+00 -6.853553e+00  1.510000e+00
     vertex  2.250000e+00 -6.933013e+00  1.510000e+00
   endloop
 endfacet
 facet normal  0.000000e+00  0.000000e+00  1.000000e+00
   outer loop
     vertex  4.066987e+00 -6.750000e+00  1.510000e+00
     vertex  2.433013e+00 -6.750000e+00  1.510000e+00
     vertex  2.353553e+00 -6.853553e+00  1.510000e+00
   endloop
 endfacet
 facet normal  0.000000e+00  0.000000e+00  1.000000e+00
   outer loop
     vertex  4.066987e+00 -6.750000e+00  1.510000e+00
     vertex  2.353553e+00 -6.853553e+00  1.510000e+00
     vertex  4.146447e+00 -6.853553e+00  1.510000e+00
   endloop
 endfacet
 facet normal  0.000000e+00  0.000000e+00  1.000000e+00
   outer loop
     vertex  4.370590e+00 -6.982963e+00  1.510000e+00
     vertex  2.250000e+00 -6.933013e+00  1.510000e+00
     vertex  2.129410e+00 -6.982963e+00  1.510000e+00
   endloop
 endfacet
 facet normal  0.000000e+00  0.000000e+00  1.000000e+00
   outer loop
     vertex  4.370590e+00 -6.982963e+00  1.510000e+00
     vertex  4.250000e+00 -6.933013e+00  1.510000e+00
     vertex  2.250000e+00 -6.933013e+00  1.510000e+00
   endloop
 endfacet
 facet normal  0.000000e+00  0.000000e+00  1.000000e+00
   outer loop
     vertex  4.017037e+00 -6.629410e+00  1.510000e+00
     vertex  2.433013e+00 -6.750000e+00  1.510000e+00
     vertex  4.066987e+00 -6.750000e+00  1.510000e+00
   endloop
 endfacet
 facet normal  0.000000e+00  0.000000e+00  1.000000e+00
   outer loop
     vertex  4.017037e+00 -6.629410e+00  1.510000e+00
     vertex  2.482963e+00 -6.629410e+00  1.510000e+00
     vertex  2.433013e+00 -6.750000e+00  1.510000e+00
   endloop
 endfacet
 facet normal  0.000000e+00  0.000000e+00  1.000000e+00
   outer loop
     vertex  4.500000e+00 -7.000000e+00  1.510000e+00
     vertex  4.370590e+00 -6.982963e+00  1.510000e+00
     vertex  2.129410e+00 -6.982963e+00  1.510000e+00
   endloop
 endfacet
 facet normal  0.000000e+00  0.000000e+00  1.000000e+00
   outer loop
     vertex  4.500000e+00 -7.000000e+00  1.510000e+00
     vertex  2.129410e+00 -6.982963e+00  1.510000e+00
     vertex  2.000000e+00 -7.000000e+00  1.510000e+00
   endloop
 endfacet
 facet normal  0.000000e+00  0.000000e+00  1.000000e+00
   outer loop
     vertex  4.000000e+00 -6.500000e+00  1.510000e+00
     vertex  2.482963e+00 -6.629410e+00  1.510000e+00
     vertex  4.017037e+00 -6.629410e+00  1.510000e+00
   endloop
 endfacet
 facet normal  0.000000e+00  0.000000e+00  1.000000e+00
   outer loop
     vertex  4.000000e+00 -6.500000e+00  1.510000e+00
     vertex  2.500000e+00 -6.500000e+00  1.510000e+00
     vertex  2.482963e+00 -6.629410e+00  1.510000e+00
   endloop
 endfacet
 facet normal  0.000000e+00  0.000000e+00  1.000000e+00
   outer loop
     vertex  4.017037e+00 -6.370590e+00  1.510000e+00
     vertex  2.482963e+00 -6.370590e+00  1.510000e+00
     vertex  2.500000e+00 -6.500000e+00  1.510000e+00
   endloop
 endfacet
 facet normal  0.000000e+00  0.000000e+00  1.000000e+00
   outer loop
     vertex  4.017037e+00 -6.370590e+00  1.510000e+00
     vertex  2.500000e+00 -6.500000e+00  1.510000e+00
     vertex  4.000000e+00 -6.500000e+00  1.510000e+00
   endloop
 endfacet
 facet normal  0.000000e+00  0.000000e+00  1.000000e+00
   outer loop
     vertex  4.066987e+00 -6.250000e+00  1.510000e+00
     vertex  2.433013e+00 -6.250000e+00  1.510000e+00
     vertex  2.482963e+00 -6.370590e+00  1.510000e+00
   endloop
 endfacet
 facet normal  0.000000e+00  0.000000e+00  1.000000e+00
   outer loop
     vertex  4.066987e+00 -6.250000e+00  1.510000e+00
     vertex  2.482963e+00 -6.370590e+00  1.510000e+00
     vertex  4.017037e+00 -6.370590e+00  1.510000e+00
   endloop
 endfacet
 facet normal  0.000000e+00  0.000000e+00  1.000000e+00
   outer loop
     vertex  4.146447e+00 -6.146447e+00  1.510000e+00
     vertex  2.353553e+00 -6.146447e+00  1.510000e+00
     vertex  2.433013e+00 -6.250000e+00  1.510000e+00
   endloop
 endfacet
 facet normal  0.000000e+00  0.000000e+00  1.000000e+00
   outer loop
     vertex  4.146447e+00 -6.146447e+00  1.510000e+00
     vertex  2.433013e+00 -6.250000e+00  1.510000e+00
     vertex  4.066987e+00 -6.250000e+00  1.510000e+00
   endloop
 endfacet
 facet normal  0.000000e+00  0.000000e+00  1.000000e+00
   outer loop
     vertex  4.250000e+00 -6.066987e+00  1.510000e+00
     vertex  2.250000e+00 -6.066987e+00  1.510000e+00
     vertex  2.353553e+00 -6.146447e+00  1.510000e+00
   endloop
 endfacet
 facet normal  0.000000e+00  0.000000e+00  1.000000e+00
   outer loop
     vertex  4.250000e+00 -6.066987e+00  1.510000e+00
     vertex  2.353553e+00 -6.146447e+00  1.510000e+00
     vertex  4.146447e+00 -6.146447e+00  1.510000e+00
   endloop
 endfacet
 facet normal  0.000000e+00  0.000000e+00  1.000000e+00
   outer loop
     vertex  4.370590e+00 -6.017037e+00  1.510000e+00
     vertex  2.250000e+00 -6.066987e+00  1.510000e+00
     vertex  4.250000e+00 -6.066987e+00  1.510000e+00
   endloop
 endfacet
 facet normal  0.000000e+00  0.000000e+00  1.000000e+00
   outer loop
     vertex  4.370590e+00 -6.017037e+00  1.510000e+00
     vertex  2.129410e+00 -6.017037e+00  1.510000e+00
     vertex  2.250000e+00 -6.066987e+00  1.510000e+00
   endloop
 endfacet
 facet normal  0.000000e+00  0.000000e+00  1.000000e+00
   outer loop
     vertex  1.414645e+01 -6.853553e+00  1.510000e+00
     vertex  4.933013e+00 -6.750000e+00  1.510000e+00
     vertex  4.853553e+00 -6.853553e+00  1.510000e+00
   endloop
 endfacet
 facet normal  0.000000e+00  0.000000e+00  1.000000e+00
   outer loop
     vertex  1.414645e+01 -6.853553e+00  1.510000e+00
     vertex  4.853553e+00 -6.853553e+00  1.510000e+00
     vertex  4.750000e+00 -6.933013e+00  1.510000e+00
   endloop
 endfacet
 facet normal  0.000000e+00  0.000000e+00  1.000000e+00
   outer loop
     vertex  1.425000e+01 -6.933013e+00  1.510000e+00
     vertex  1.414645e+01 -6.853553e+00  1.510000e+00
     vertex  4.750000e+00 -6.933013e+00  1.510000e+00
   endloop
 endfacet
 facet normal  0.000000e+00  0.000000e+00  1.000000e+00
   outer loop
     vertex  1.406699e+01 -6.750000e+00  1.510000e+00
     vertex  4.933013e+00 -6.750000e+00  1.510000e+00
     vertex  1.414645e+01 -6.853553e+00  1.510000e+00
   endloop
 endfacet
 facet normal  0.000000e+00  0.000000e+00  1.000000e+00
   outer loop
     vertex  1.437059e+01 -6.982963e+00  1.510000e+00
     vertex  4.750000e+00 -6.933013e+00  1.510000e+00
     vertex  4.629410e+00 -6.982963e+00  1.510000e+00
   endloop
 endfacet
 facet normal  0.000000e+00  0.000000e+00  1.000000e+00
   outer loop
     vertex  1.437059e+01 -6.982963e+00  1.510000e+00
     vertex  1.425000e+01 -6.933013e+00  1.510000e+00
     vertex  4.750000e+00 -6.933013e+00  1.510000e+00
   endloop
 endfacet
 facet normal  0.000000e+00  0.000000e+00  1.000000e+00
   outer loop
     vertex  1.401704e+01 -6.629410e+00  1.510000e+00
     vertex  4.982963e+00 -6.629410e+00  1.510000e+00
     vertex  4.933013e+00 -6.750000e+00  1.510000e+00
   endloop
 endfacet
 facet normal  0.000000e+00  0.000000e+00  1.000000e+00
   outer loop
     vertex  1.401704e+01 -6.629410e+00  1.510000e+00
     vertex  4.933013e+00 -6.750000e+00  1.510000e+00
     vertex  1.406699e+01 -6.750000e+00  1.510000e+00
   endloop
 endfacet
 facet normal  0.000000e+00  0.000000e+00  1.000000e+00
   outer loop
     vertex  1.400000e+01 -6.500000e+00  1.510000e+00
     vertex  4.982963e+00 -6.629410e+00  1.510000e+00
     vertex  1.401704e+01 -6.629410e+00  1.510000e+00
   endloop
 endfacet
 facet normal  0.000000e+00  0.000000e+00  1.000000e+00
   outer loop
     vertex  1.400000e+01 -6.500000e+00  1.510000e+00
     vertex  5.000000e+00 -6.500000e+00  1.510000e+00
     vertex  4.982963e+00 -6.629410e+00  1.510000e+00
   endloop
 endfacet
 facet normal  0.000000e+00  0.000000e+00  1.000000e+00
   outer loop
     vertex  1.401704e+01 -6.370590e+00  1.510000e+00
     vertex  5.000000e+00 -6.500000e+00  1.510000e+00
     vertex  1.400000e+01 -6.500000e+00  1.510000e+00
   endloop
 endfacet
 facet normal  0.000000e+00  0.000000e+00  1.000000e+00
   outer loop
     vertex  1.401704e+01 -6.370590e+00  1.510000e+00
     vertex  4.933013e+00 -6.250000e+00  1.510000e+00
     vertex  4.982963e+00 -6.370590e+00  1.510000e+00
   endloop
 endfacet
 facet normal  0.000000e+00  0.000000e+00  1.000000e+00
   outer loop
     vertex  1.401704e+01 -6.370590e+00  1.510000e+00
     vertex  4.982963e+00 -6.370590e+00  1.510000e+00
     vertex  5.000000e+00 -6.500000e+00  1.510000e+00
   endloop
 endfacet
 facet normal  0.000000e+00  0.000000e+00  1.000000e+00
   outer loop
     vertex  1.406699e+01 -6.250000e+00  1.510000e+00
     vertex  4.933013e+00 -6.250000e+00  1.510000e+00
     vertex  1.401704e+01 -6.370590e+00  1.510000e+00
   endloop
 endfacet
 facet normal  0.000000e+00  0.000000e+00  1.000000e+00
   outer loop
     vertex  1.675000e+01 -6.933013e+00  1.510000e+00
     vertex  1.485355e+01 -6.853553e+00  1.510000e+00
     vertex  1.475000e+01 -6.933013e+00  1.510000e+00
   endloop
 endfacet
 facet normal  0.000000e+00  0.000000e+00  1.000000e+00
   outer loop
     vertex  1.675000e+01 -6.933013e+00  1.510000e+00
     vertex  1.664645e+01 -6.853553e+00  1.510000e+00
     vertex  1.485355e+01 -6.853553e+00  1.510000e+00
   endloop
 endfacet
 facet normal  0.000000e+00  0.000000e+00  1.000000e+00
   outer loop
     vertex  1.656699e+01 -6.750000e+00  1.510000e+00
     vertex  1.493301e+01 -6.750000e+00  1.510000e+00
     vertex  1.485355e+01 -6.853553e+00  1.510000e+00
   endloop
 endfacet
 facet normal  0.000000e+00  0.000000e+00  1.000000e+00
   outer loop
     vertex  1.656699e+01 -6.750000e+00  1.510000e+00
     vertex  1.485355e+01 -6.853553e+00  1.510000e+00
     vertex  1.664645e+01 -6.853553e+00  1.510000e+00
   endloop
 endfacet
 facet normal  0.000000e+00  0.000000e+00  1.000000e+00
   outer loop
     vertex  1.687059e+01 -6.982963e+00  1.510000e+00
     vertex  1.475000e+01 -6.933013e+00  1.510000e+00
     vertex  1.462941e+01 -6.982963e+00  1.510000e+00
   endloop
 endfacet
 facet normal  0.000000e+00  0.000000e+00  1.000000e+00
   outer loop
     vertex  1.687059e+01 -6.982963e+00  1.510000e+00
     vertex  1.675000e+01 -6.933013e+00  1.510000e+00
     vertex  1.475000e+01 -6.933013e+00  1.510000e+00
   endloop
 endfacet
 facet normal  0.000000e+00  0.000000e+00  1.000000e+00
   outer loop
     vertex  1.651704e+01 -6.629410e+00  1.510000e+00
     vertex  1.493301e+01 -6.750000e+00  1.510000e+00
     vertex  1.656699e+01 -6.750000e+00  1.510000e+00
   endloop
 endfacet
 facet normal  0.000000e+00  0.000000e+00  1.000000e+00
   outer loop
     vertex  1.651704e+01 -6.629410e+00  1.510000e+00
     vertex  1.498296e+01 -6.629410e+00  1.510000e+00
     vertex  1.493301e+01 -6.750000e+00  1.510000e+00
   endloop
 endfacet
 facet normal  0.000000e+00  0.000000e+00  1.000000e+00
   outer loop
     vertex  1.650000e+01 -6.500000e+00  1.510000e+00
     vertex  1.498296e+01 -6.629410e+00  1.510000e+00
     vertex  1.651704e+01 -6.629410e+00  1.510000e+00
   endloop
 endfacet
 facet normal  0.000000e+00  0.000000e+00  1.000000e+00
   outer loop
     vertex  1.650000e+01 -6.500000e+00  1.510000e+00
     vertex  1.500000e+01 -6.500000e+00  1.510000e+00
     vertex  1.498296e+01 -6.629410e+00  1.510000e+00
   endloop
 endfacet
 facet normal  0.000000e+00  0.000000e+00  1.000000e+00
   outer loop
     vertex  1.651704e+01 -6.370590e+00  1.510000e+00
     vertex  1.498296e+01 -6.370590e+00  1.510000e+00
     vertex  1.500000e+01 -6.500000e+00  1.510000e+00
   endloop
 endfacet
 facet normal  0.000000e+00  0.000000e+00  1.000000e+00
   outer loop
     vertex  1.651704e+01 -6.370590e+00  1.510000e+00
     vertex  1.500000e+01 -6.500000e+00  1.510000e+00
     vertex  1.650000e+01 -6.500000e+00  1.510000e+00
   endloop
 endfacet
 facet normal  0.000000e+00  0.000000e+00  1.000000e+00
   outer loop
     vertex  1.656699e+01 -6.250000e+00  1.510000e+00
     vertex  1.485355e+01 -6.146447e+00  1.510000e+00
     vertex  1.493301e+01 -6.250000e+00  1.510000e+00
   endloop
 endfacet
 facet normal  0.000000e+00  0.000000e+00  1.000000e+00
   outer loop
     vertex  1.656699e+01 -6.250000e+00  1.510000e+00
     vertex  1.493301e+01 -6.250000e+00  1.510000e+00
     vertex  1.498296e+01 -6.370590e+00  1.510000e+00
   endloop
 endfacet
 facet normal  0.000000e+00  0.000000e+00  1.000000e+00
   outer loop
     vertex  1.656699e+01 -6.250000e+00  1.510000e+00
     vertex  1.498296e+01 -6.370590e+00  1.510000e+00
     vertex  1.651704e+01 -6.370590e+00  1.510000e+00
   endloop
 endfacet
 facet normal  0.000000e+00  0.000000e+00  1.000000e+00
   outer loop
     vertex  1.664645e+01 -6.146447e+00  1.510000e+00
     vertex  1.485355e+01 -6.146447e+00  1.510000e+00
     vertex  1.656699e+01 -6.250000e+00  1.510000e+00
   endloop
 endfacet
 facet normal  0.000000e+00  0.000000e+00  1.000000e+00
   outer loop
     vertex  2.400000e+01 -1.350000e+01  1.510000e+00
     vertex  1.687059e+01 -6.982963e+00  1.510000e+00
     vertex  1.462941e+01 -6.982963e+00  1.510000e+00
   endloop
 endfacet
 facet normal  0.000000e+00  0.000000e+00  1.000000e+00
   outer loop
     vertex  2.400000e+01 -1.350000e+01  1.510000e+00
     vertex  5.000000e-01 -7.000000e+00  1.510000e+00
     vertex -2.400000e+01 -1.350000e+01  1.510000e+00
   endloop
 endfacet
 facet normal  0.000000e+00  0.000000e+00  1.000000e+00
   outer loop
     vertex  2.400000e+01 -1.350000e+01  1.510000e+00
     vertex  2.000000e+00 -7.000000e+00  1.510000e+00
     vertex  5.000000e-01 -7.000000e+00  1.510000e+00
   endloop
 endfacet
 facet normal  0.000000e+00  0.000000e+00  1.000000e+00
   outer loop
     vertex  2.400000e+01 -1.350000e+01  1.510000e+00
     vertex  1.437059e+01 -6.982963e+00  1.510000e+00
     vertex  4.629410e+00 -6.982963e+00  1.510000e+00
   endloop
 endfacet
 facet normal  0.000000e+00  0.000000e+00  1.000000e+00
   outer loop
     vertex  2.400000e+01 -1.350000e+01  1.510000e+00
     vertex  4.629410e+00 -6.982963e+00  1.510000e+00
     vertex  4.500000e+00 -7.000000e+00  1.510000e+00
   endloop
 endfacet
 facet normal  0.000000e+00  0.000000e+00  1.000000e+00
   outer loop
     vertex  2.400000e+01 -1.350000e+01  1.510000e+00
     vertex  1.450000e+01 -7.000000e+00  1.510000e+00
     vertex  1.437059e+01 -6.982963e+00  1.510000e+00
   endloop
 endfacet
 facet normal  0.000000e+00  0.000000e+00  1.000000e+00
   outer loop
     vertex  2.400000e+01 -1.350000e+01  1.510000e+00
     vertex  4.500000e+00 -7.000000e+00  1.510000e+00
     vertex  2.000000e+00 -7.000000e+00  1.510000e+00
   endloop
 endfacet
 facet normal  0.000000e+00  0.000000e+00  1.000000e+00
   outer loop
     vertex  2.400000e+01 -1.350000e+01  1.510000e+00
     vertex  1.462941e+01 -6.982963e+00  1.510000e+00
     vertex  1.450000e+01 -7.000000e+00  1.510000e+00
   endloop
 endfacet
 facet normal  0.000000e+00  0.000000e+00  1.000000e+00
   outer loop
     vertex  2.400000e+01 -1.350000e+01  1.510000e+00
     vertex  1.700000e+01 -7.000000e+00  1.510000e+00
     vertex  1.687059e+01 -6.982963e+00  1.510000e+00
   endloop
 endfacet
 facet normal  0.000000e+00  0.000000e+00  1.000000e+00
   outer loop
     vertex  1.675000e+01 -6.066987e+00  1.510000e+00
     vertex  1.485355e+01 -6.146447e+00  1.510000e+00
     vertex  1.664645e+01 -6.146447e+00  1.510000e+00
   endloop
 endfacet
 facet normal  0.000000e+00  0.000000e+00  1.000000e+00
   outer loop
     vertex  1.675000e+01 -6.066987e+00  1.510000e+00
     vertex  1.462941e+01 -6.017037e+00  1.510000e+00
     vertex  1.475000e+01 -6.066987e+00  1.510000e+00
   endloop
 endfacet
 facet normal  0.000000e+00  0.000000e+00  1.000000e+00
   outer loop
     vertex  1.675000e+01 -6.066987e+00  1.510000e+00
     vertex  1.475000e+01 -6.066987e+00  1.510000e+00
     vertex  1.485355e+01 -6.146447e+00  1.510000e+00
   endloop
 endfacet
 facet normal  0.000000e+00  0.000000e+00  1.000000e+00
   outer loop
     vertex  1.687059e+01 -6.017037e+00  1.510000e+00
     vertex  1.462941e+01 -6.017037e+00  1.510000e+00
     vertex  1.675000e+01 -6.066987e+00  1.510000e+00
   endloop
 endfacet
 facet normal  0.000000e+00  0.000000e+00  1.000000e+00
   outer loop
     vertex  1.825000e+01 -6.933013e+00  1.510000e+00
     vertex  1.814645e+01 -6.853553e+00  1.510000e+00
     vertex  1.735355e+01 -6.853553e+00  1.510000e+00
   endloop
 endfacet
 facet normal  0.000000e+00  0.000000e+00  1.000000e+00
   outer loop
     vertex  1.825000e+01 -6.933013e+00  1.510000e+00
     vertex  1.735355e+01 -6.853553e+00  1.510000e+00
     vertex  1.725000e+01 -6.933013e+00  1.510000e+00
   endloop
 endfacet
 facet normal  0.000000e+00  0.000000e+00  1.000000e+00
   outer loop
     vertex  1.806699e+01 -6.750000e+00  1.510000e+00
     vertex  1.735355e+01 -6.853553e+00  1.510000e+00
     vertex  1.814645e+01 -6.853553e+00  1.510000e+00
   endloop
 endfacet
 facet normal  0.000000e+00  0.000000e+00  1.000000e+00
   outer loop
     vertex  1.806699e+01 -6.750000e+00  1.510000e+00
     vertex  1.743301e+01 -6.750000e+00  1.510000e+00
     vertex  1.735355e+01 -6.853553e+00  1.510000e+00
   endloop
 endfacet
 facet normal  0.000000e+00  0.000000e+00  1.000000e+00
   outer loop
     vertex  1.837059e+01 -6.982963e+00  1.510000e+00
     vertex  1.825000e+01 -6.933013e+00  1.510000e+00
     vertex  1.725000e+01 -6.933013e+00  1.510000e+00
   endloop
 endfacet
 facet normal  0.000000e+00  0.000000e+00  1.000000e+00
   outer loop
     vertex  1.837059e+01 -6.982963e+00  1.510000e+00
     vertex  1.725000e+01 -6.933013e+00  1.510000e+00
     vertex  1.712941e+01 -6.982963e+00  1.510000e+00
   endloop
 endfacet
 facet normal  0.000000e+00  0.000000e+00  1.000000e+00
   outer loop
     vertex  1.801704e+01 -6.629410e+00  1.510000e+00
     vertex  1.743301e+01 -6.750000e+00  1.510000e+00
     vertex  1.806699e+01 -6.750000e+00  1.510000e+00
   endloop
 endfacet
 facet normal  0.000000e+00  0.000000e+00  1.000000e+00
   outer loop
     vertex  1.801704e+01 -6.629410e+00  1.510000e+00
     vertex  1.750000e+01 -6.500000e+00  1.510000e+00
     vertex  1.748296e+01 -6.629410e+00  1.510000e+00
   endloop
 endfacet
 facet normal  0.000000e+00  0.000000e+00  1.000000e+00
   outer loop
     vertex  1.801704e+01 -6.629410e+00  1.510000e+00
     vertex  1.748296e+01 -6.629410e+00  1.510000e+00
     vertex  1.743301e+01 -6.750000e+00  1.510000e+00
   endloop
 endfacet
 facet normal  0.000000e+00  0.000000e+00  1.000000e+00
   outer loop
     vertex  1.850000e+01 -7.000000e+00  1.510000e+00
     vertex  1.837059e+01 -6.982963e+00  1.510000e+00
     vertex  1.712941e+01 -6.982963e+00  1.510000e+00
   endloop
 endfacet
 facet normal  0.000000e+00  0.000000e+00  1.000000e+00
   outer loop
     vertex  1.850000e+01 -7.000000e+00  1.510000e+00
     vertex  1.700000e+01 -7.000000e+00  1.510000e+00
     vertex  2.400000e+01 -1.350000e+01  1.510000e+00
   endloop
 endfacet
 facet normal  0.000000e+00  0.000000e+00  1.000000e+00
   outer loop
     vertex  1.850000e+01 -7.000000e+00  1.510000e+00
     vertex  1.712941e+01 -6.982963e+00  1.510000e+00
     vertex  1.700000e+01 -7.000000e+00  1.510000e+00
   endloop
 endfacet
 facet normal  0.000000e+00  0.000000e+00  1.000000e+00
   outer loop
     vertex  1.800000e+01 -6.500000e+00  1.510000e+00
     vertex  1.750000e+01 -6.500000e+00  1.510000e+00
     vertex  1.801704e+01 -6.629410e+00  1.510000e+00
   endloop
 endfacet
 facet normal  0.000000e+00  0.000000e+00  1.000000e+00
   outer loop
     vertex  1.862941e+01 -6.982963e+00  1.510000e+00
     vertex  1.850000e+01 -7.000000e+00  1.510000e+00
     vertex  2.400000e+01 -1.350000e+01  1.510000e+00
   endloop
 endfacet
 facet normal  0.000000e+00  0.000000e+00  1.000000e+00
   outer loop
     vertex  1.801704e+01 -6.370590e+00  1.510000e+00
     vertex  1.750000e+01 -6.500000e+00  1.510000e+00
     vertex  1.800000e+01 -6.500000e+00  1.510000e+00
   endloop
 endfacet
 facet normal  0.000000e+00  0.000000e+00  1.000000e+00
   outer loop
     vertex  1.801704e+01 -6.370590e+00  1.510000e+00
     vertex  1.748296e+01 -6.370590e+00  1.510000e+00
     vertex  1.750000e+01 -6.500000e+00  1.510000e+00
   endloop
 endfacet
 facet normal  0.000000e+00  0.000000e+00  1.000000e+00
   outer loop
     vertex  1.806699e+01 -6.250000e+00  1.510000e+00
     vertex  1.748296e+01 -6.370590e+00  1.510000e+00
     vertex  1.801704e+01 -6.370590e+00  1.510000e+00
   endloop
 endfacet
 facet normal  0.000000e+00  0.000000e+00  1.000000e+00
   outer loop
     vertex  1.806699e+01 -6.250000e+00  1.510000e+00
     vertex  1.735355e+01 -6.146447e+00  1.510000e+00
     vertex  1.743301e+01 -6.250000e+00  1.510000e+00
   endloop
 endfacet
 facet normal  0.000000e+00  0.000000e+00  1.000000e+00
   outer loop
     vertex  1.806699e+01 -6.250000e+00  1.510000e+00
     vertex  1.743301e+01 -6.250000e+00  1.510000e+00
     vertex  1.748296e+01 -6.370590e+00  1.510000e+00
   endloop
 endfacet
 facet normal  0.000000e+00  0.000000e+00  1.000000e+00
   outer loop
     vertex  1.814645e+01 -6.146447e+00  1.510000e+00
     vertex  1.735355e+01 -6.146447e+00  1.510000e+00
     vertex  1.806699e+01 -6.250000e+00  1.510000e+00
   endloop
 endfacet
 facet normal  0.000000e+00  0.000000e+00  1.000000e+00
   outer loop
     vertex  1.825000e+01 -6.066987e+00  1.510000e+00
     vertex  1.735355e+01 -6.146447e+00  1.510000e+00
     vertex  1.814645e+01 -6.146447e+00  1.510000e+00
   endloop
 endfacet
 facet normal  0.000000e+00  0.000000e+00  1.000000e+00
   outer loop
     vertex  1.825000e+01 -6.066987e+00  1.510000e+00
     vertex  1.725000e+01 -6.066987e+00  1.510000e+00
     vertex  1.735355e+01 -6.146447e+00  1.510000e+00
   endloop
 endfacet
 facet normal  0.000000e+00  0.000000e+00  1.000000e+00
   outer loop
     vertex  1.837059e+01 -6.017037e+00  1.510000e+00
     vertex  1.725000e+01 -6.066987e+00  1.510000e+00
     vertex  1.825000e+01 -6.066987e+00  1.510000e+00
   endloop
 endfacet
 facet normal  0.000000e+00  0.000000e+00  1.000000e+00
   outer loop
     vertex  1.837059e+01 -6.017037e+00  1.510000e+00
     vertex  1.712941e+01 -6.017037e+00  1.510000e+00
     vertex  1.725000e+01 -6.066987e+00  1.510000e+00
   endloop
 endfacet
 facet normal  0.000000e+00  0.000000e+00  1.000000e+00
   outer loop
     vertex  1.178342e+01  1.002030e+00  1.510000e+00
     vertex  4.750000e+00 -6.066987e+00  1.510000e+00
     vertex  4.853553e+00 -6.146447e+00  1.510000e+00
   endloop
 endfacet
 facet normal  0.000000e+00  0.000000e+00  1.000000e+00
   outer loop
     vertex  1.170237e+01  1.107654e+00  1.510000e+00
     vertex  4.629410e+00 -6.017037e+00  1.510000e+00
     vertex  4.750000e+00 -6.066987e+00  1.510000e+00
   endloop
 endfacet
 facet normal  0.000000e+00  0.000000e+00  1.000000e+00
   outer loop
     vertex  1.170237e+01  1.107654e+00  1.510000e+00
     vertex  4.750000e+00 -6.066987e+00  1.510000e+00
     vertex  1.178342e+01  1.002030e+00  1.510000e+00
   endloop
 endfacet
 facet normal  0.000000e+00  0.000000e+00  1.000000e+00
   outer loop
     vertex  1.188904e+01  9.209810e-01  1.510000e+00
     vertex  4.853553e+00 -6.146447e+00  1.510000e+00
     vertex  4.933013e+00 -6.250000e+00  1.510000e+00
   endloop
 endfacet
 facet normal  0.000000e+00  0.000000e+00  1.000000e+00
   outer loop
     vertex  1.188904e+01  9.209810e-01  1.510000e+00
     vertex  1.178342e+01  1.002030e+00  1.510000e+00
     vertex  4.853553e+00 -6.146447e+00  1.510000e+00
   endloop
 endfacet
 facet normal  0.000000e+00  0.000000e+00  1.000000e+00
   outer loop
     vertex  1.188904e+01  9.209810e-01  1.510000e+00
     vertex  4.933013e+00 -6.250000e+00  1.510000e+00
     vertex  1.406699e+01 -6.250000e+00  1.510000e+00
   endloop
 endfacet
 facet normal  0.000000e+00  0.000000e+00  1.000000e+00
   outer loop
     vertex  2.556366e+01 -1.274698e+01  1.510000e+00
     vertex  2.486777e+01 -1.330194e+01  1.510000e+00
     vertex  2.524698e+01 -1.306366e+01  1.510000e+00
   endloop
 endfacet
 facet normal  0.000000e+00  0.000000e+00  1.000000e+00
   outer loop
     vertex  1.201205e+01  8.700318e-01  1.510000e+00
     vertex  1.406699e+01 -6.250000e+00  1.510000e+00
     vertex  1.414645e+01 -6.146447e+00  1.510000e+00
   endloop
 endfacet
 facet normal  0.000000e+00  0.000000e+00  1.000000e+00
   outer loop
     vertex  1.201205e+01  8.700318e-01  1.510000e+00
     vertex  1.188904e+01  9.209810e-01  1.510000e+00
     vertex  1.406699e+01 -6.250000e+00  1.510000e+00
   endloop
 endfacet
 facet normal  0.000000e+00  0.000000e+00  1.000000e+00
   outer loop
     vertex  1.165142e+01  1.230656e+00  1.510000e+00
     vertex  4.629410e+00 -6.017037e+00  1.510000e+00
     vertex  1.170237e+01  1.107654e+00  1.510000e+00
   endloop
 endfacet
 facet normal  0.000000e+00  0.000000e+00  1.000000e+00
   outer loop
     vertex  1.165142e+01  1.230656e+00  1.510000e+00
     vertex  4.500000e+00 -6.000000e+00  1.510000e+00
     vertex  4.629410e+00 -6.017037e+00  1.510000e+00
   endloop
 endfacet
 facet normal  0.000000e+00  0.000000e+00  1.000000e+00
   outer loop
     vertex  1.214404e+01  8.526540e-01  1.510000e+00
     vertex  1.201205e+01  8.700318e-01  1.510000e+00
     vertex  1.414645e+01 -6.146447e+00  1.510000e+00
   endloop
 endfacet
 facet normal  0.000000e+00  0.000000e+00  1.000000e+00
   outer loop
     vertex  1.214404e+01  8.526540e-01  1.510000e+00
     vertex  1.414645e+01 -6.146447e+00  1.510000e+00
     vertex  1.425000e+01 -6.066987e+00  1.510000e+00
   endloop
 endfacet
 facet normal  0.000000e+00  0.000000e+00  1.000000e+00
   outer loop
     vertex  1.163404e+01  1.362654e+00  1.510000e+00
     vertex  2.000000e+00 -6.000000e+00  1.510000e+00
     vertex  2.129410e+00 -6.017037e+00  1.510000e+00
   endloop
 endfacet
 facet normal  0.000000e+00  0.000000e+00  1.000000e+00
   outer loop
     vertex  1.163404e+01  1.362654e+00  1.510000e+00
     vertex  2.129410e+00 -6.017037e+00  1.510000e+00
     vertex  4.370590e+00 -6.017037e+00  1.510000e+00
   endloop
 endfacet
 facet normal  0.000000e+00  0.000000e+00  1.000000e+00
   outer loop
     vertex  1.163404e+01  1.362654e+00  1.510000e+00
     vertex  4.370590e+00 -6.017037e+00  1.510000e+00
     vertex  4.500000e+00 -6.000000e+00  1.510000e+00
   endloop
 endfacet
 facet normal  0.000000e+00  0.000000e+00  1.000000e+00
   outer loop
     vertex  1.163404e+01  1.362654e+00  1.510000e+00
     vertex  4.500000e+00 -6.000000e+00  1.510000e+00
     vertex  1.165142e+01  1.230656e+00  1.510000e+00
   endloop
 endfacet
 facet normal  0.000000e+00  0.000000e+00  1.000000e+00
   outer loop
     vertex  1.165142e+01  1.494652e+00  1.510000e+00
     vertex  2.000000e+00 -6.000000e+00  1.510000e+00
     vertex  1.163404e+01  1.362654e+00  1.510000e+00
   endloop
 endfacet
 facet normal  0.000000e+00  0.000000e+00  1.000000e+00
   outer loop
     vertex  1.227604e+01  8.700318e-01  1.510000e+00
     vertex  1.214404e+01  8.526540e-01  1.510000e+00
     vertex  1.425000e+01 -6.066987e+00  1.510000e+00
   endloop
 endfacet
 facet normal  0.000000e+00  0.000000e+00  1.000000e+00
   outer loop
     vertex  1.227604e+01  8.700318e-01  1.510000e+00
     vertex  1.425000e+01 -6.066987e+00  1.510000e+00
     vertex  1.437059e+01 -6.017037e+00  1.510000e+00
   endloop
 endfacet
 facet normal  0.000000e+00  0.000000e+00  1.000000e+00
   outer loop
     vertex  2.025000e+01 -6.933013e+00  1.510000e+00
     vertex  1.885355e+01 -6.853553e+00  1.510000e+00
     vertex  1.875000e+01 -6.933013e+00  1.510000e+00
   endloop
 endfacet
 facet normal  0.000000e+00  0.000000e+00  1.000000e+00
   outer loop
     vertex  2.025000e+01 -6.933013e+00  1.510000e+00
     vertex  1.875000e+01 -6.933013e+00  1.510000e+00
     vertex  1.862941e+01 -6.982963e+00  1.510000e+00
   endloop
 endfacet
 facet normal  0.000000e+00  0.000000e+00  1.000000e+00
   outer loop
     vertex  2.025000e+01 -6.933013e+00  1.510000e+00
     vertex  2.014645e+01 -6.853553e+00  1.510000e+00
     vertex  1.885355e+01 -6.853553e+00  1.510000e+00
   endloop
 endfacet
 facet normal  0.000000e+00  0.000000e+00  1.000000e+00
   outer loop
     vertex  2.006699e+01 -6.750000e+00  1.510000e+00
     vertex  1.893301e+01 -6.750000e+00  1.510000e+00
     vertex  1.885355e+01 -6.853553e+00  1.510000e+00
   endloop
 endfacet
 facet normal  0.000000e+00  0.000000e+00  1.000000e+00
   outer loop
     vertex  2.006699e+01 -6.750000e+00  1.510000e+00
     vertex  1.885355e+01 -6.853553e+00  1.510000e+00
     vertex  2.014645e+01 -6.853553e+00  1.510000e+00
   endloop
 endfacet
 facet normal  0.000000e+00  0.000000e+00  1.000000e+00
   outer loop
     vertex  2.001704e+01 -6.629410e+00  1.510000e+00
     vertex  1.898296e+01 -6.629410e+00  1.510000e+00
     vertex  1.893301e+01 -6.750000e+00  1.510000e+00
   endloop
 endfacet
 facet normal  0.000000e+00  0.000000e+00  1.000000e+00
   outer loop
     vertex  2.001704e+01 -6.629410e+00  1.510000e+00
     vertex  1.893301e+01 -6.750000e+00  1.510000e+00
     vertex  2.006699e+01 -6.750000e+00  1.510000e+00
   endloop
 endfacet
 facet normal  0.000000e+00  0.000000e+00  1.000000e+00
   outer loop
     vertex  2.037059e+01 -6.982963e+00  1.510000e+00
     vertex  2.025000e+01 -6.933013e+00  1.510000e+00
     vertex  1.862941e+01 -6.982963e+00  1.510000e+00
   endloop
 endfacet
 facet normal  0.000000e+00  0.000000e+00  1.000000e+00
   outer loop
     vertex  2.037059e+01 -6.982963e+00  1.510000e+00
     vertex  1.862941e+01 -6.982963e+00  1.510000e+00
     vertex  2.400000e+01 -1.350000e+01  1.510000e+00
   endloop
 endfacet
 facet normal  0.000000e+00  0.000000e+00  1.000000e+00
   outer loop
     vertex  2.580194e+01 -1.236777e+01  1.510000e+00
     vertex  2.486777e+01 -1.330194e+01  1.510000e+00
     vertex  2.556366e+01 -1.274698e+01  1.510000e+00
   endloop
 endfacet
 facet normal  0.000000e+00  0.000000e+00  1.000000e+00
   outer loop
     vertex  2.050000e+01 -7.000000e+00  1.510000e+00
     vertex  2.037059e+01 -6.982963e+00  1.510000e+00
     vertex  2.400000e+01 -1.350000e+01  1.510000e+00
   endloop
 endfacet
 facet normal  0.000000e+00  0.000000e+00  1.000000e+00
   outer loop
     vertex  2.000000e+01 -6.500000e+00  1.510000e+00
     vertex  1.900000e+01 -6.500000e+00  1.510000e+00
     vertex  1.898296e+01 -6.629410e+00  1.510000e+00
   endloop
 endfacet
 facet normal  0.000000e+00  0.000000e+00  1.000000e+00
   outer loop
     vertex  2.000000e+01 -6.500000e+00  1.510000e+00
     vertex  1.898296e+01 -6.629410e+00  1.510000e+00
     vertex  2.001704e+01 -6.629410e+00  1.510000e+00
   endloop
 endfacet
 facet normal  0.000000e+00  0.000000e+00  1.000000e+00
   outer loop
     vertex  2.062941e+01 -6.982963e+00  1.510000e+00
     vertex  2.050000e+01 -7.000000e+00  1.510000e+00
     vertex  2.400000e+01 -1.350000e+01  1.510000e+00
   endloop
 endfacet
 facet normal  0.000000e+00  0.000000e+00  1.000000e+00
   outer loop
     vertex  2.001704e+01 -6.370590e+00  1.510000e+00
     vertex  1.893301e+01 -6.250000e+00  1.510000e+00
     vertex  1.898296e+01 -6.370590e+00  1.510000e+00
   endloop
 endfacet
 facet normal  0.000000e+00  0.000000e+00  1.000000e+00
   outer loop
     vertex  2.001704e+01 -6.370590e+00  1.510000e+00
     vertex  1.898296e+01 -6.370590e+00  1.510000e+00
     vertex  1.900000e+01 -6.500000e+00  1.510000e+00
   endloop
 endfacet
 facet normal  0.000000e+00  0.000000e+00  1.000000e+00
   outer loop
     vertex  2.001704e+01 -6.370590e+00  1.510000e+00
     vertex  1.900000e+01 -6.500000e+00  1.510000e+00
     vertex  2.000000e+01 -6.500000e+00  1.510000e+00
   endloop
 endfacet
 facet normal  0.000000e+00  0.000000e+00  1.000000e+00
   outer loop
     vertex  2.006699e+01 -6.250000e+00  1.510000e+00
     vertex  1.893301e+01 -6.250000e+00  1.510000e+00
     vertex  2.001704e+01 -6.370590e+00  1.510000e+00
   endloop
 endfacet
 facet normal  0.000000e+00  0.000000e+00  1.000000e+00
   outer loop
     vertex  2.075000e+01 -6.933013e+00  1.510000e+00
     vertex  2.062941e+01 -6.982963e+00  1.510000e+00
     vertex  2.400000e+01 -1.350000e+01  1.510000e+00
   endloop
 endfacet
 facet normal  0.000000e+00  0.000000e+00  1.000000e+00
   outer loop
     vertex  2.014645e+01 -6.146447e+00  1.510000e+00
     vertex  1.875000e+01 -6.066987e+00  1.510000e+00
     vertex  1.885355e+01 -6.146447e+00  1.510000e+00
   endloop
 endfacet
 facet normal  0.000000e+00  0.000000e+00  1.000000e+00
   outer loop
     vertex  2.014645e+01 -6.146447e+00  1.510000e+00
     vertex  1.885355e+01 -6.146447e+00  1.510000e+00
     vertex  1.893301e+01 -6.250000e+00  1.510000e+00
   endloop
 endfacet
 facet normal  0.000000e+00  0.000000e+00  1.000000e+00
   outer loop
     vertex  2.014645e+01 -6.146447e+00  1.510000e+00
     vertex  1.893301e+01 -6.250000e+00  1.510000e+00
     vertex  2.006699e+01 -6.250000e+00  1.510000e+00
   endloop
 endfacet
 facet normal  0.000000e+00  0.000000e+00  1.000000e+00
   outer loop
     vertex  2.025000e+01 -6.066987e+00  1.510000e+00
     vertex  1.862941e+01 -6.017037e+00  1.510000e+00
     vertex  1.875000e+01 -6.066987e+00  1.510000e+00
   endloop
 endfacet
 facet normal  0.000000e+00  0.000000e+00  1.000000e+00
   outer loop
     vertex  2.025000e+01 -6.066987e+00  1.510000e+00
     vertex  1.875000e+01 -6.066987e+00  1.510000e+00
     vertex  2.014645e+01 -6.146447e+00  1.510000e+00
   endloop
 endfacet
 facet normal  0.000000e+00  0.000000e+00  1.000000e+00
   outer loop
     vertex  2.037059e+01 -6.017037e+00  1.510000e+00
     vertex  1.862941e+01 -6.017037e+00  1.510000e+00
     vertex  2.025000e+01 -6.066987e+00  1.510000e+00
   endloop
 endfacet
 facet normal  0.000000e+00  0.000000e+00  1.000000e+00
   outer loop
     vertex  2.600000e+01 -1.150000e+01  1.510000e+00
     vertex  2.580194e+01 -1.236777e+01  1.510000e+00
     vertex  2.594986e+01 -1.194504e+01  1.510000e+00
   endloop
 endfacet
 facet normal  0.000000e+00  0.000000e+00  1.000000e+00
   outer loop
     vertex  2.600000e+01 -1.150000e+01  1.510000e+00
     vertex  2.444504e+01 -1.344986e+01  1.510000e+00
     vertex  2.486777e+01 -1.330194e+01  1.510000e+00
   endloop
 endfacet
 facet normal  0.000000e+00  0.000000e+00  1.000000e+00
   outer loop
     vertex  2.600000e+01 -1.150000e+01  1.510000e+00
     vertex  2.400000e+01 -1.350000e+01  1.510000e+00
     vertex  2.444504e+01 -1.344986e+01  1.510000e+00
   endloop
 endfacet
 facet normal  0.000000e+00  0.000000e+00  1.000000e+00
   outer loop
     vertex  2.600000e+01 -1.150000e+01  1.510000e+00
     vertex  2.486777e+01 -1.330194e+01  1.510000e+00
     vertex  2.580194e+01 -1.236777e+01  1.510000e+00
   endloop
 endfacet
 facet normal  0.000000e+00  0.000000e+00  1.000000e+00
   outer loop
     vertex  2.600000e+01 -1.150000e+01  1.510000e+00
     vertex  2.100000e+01 -6.500000e+00  1.510000e+00
     vertex  2.098296e+01 -6.629410e+00  1.510000e+00
   endloop
 endfacet
 facet normal  0.000000e+00  0.000000e+00  1.000000e+00
   outer loop
     vertex  2.600000e+01 -1.150000e+01  1.510000e+00
     vertex  2.098296e+01 -6.629410e+00  1.510000e+00
     vertex  2.093301e+01 -6.750000e+00  1.510000e+00
   endloop
 endfacet
 facet normal  0.000000e+00  0.000000e+00  1.000000e+00
   outer loop
     vertex  2.600000e+01 -1.150000e+01  1.510000e+00
     vertex  2.093301e+01 -6.750000e+00  1.510000e+00
     vertex  2.085355e+01 -6.853553e+00  1.510000e+00
   endloop
 endfacet
 facet normal  0.000000e+00  0.000000e+00  1.000000e+00
   outer loop
     vertex  2.600000e+01 -1.150000e+01  1.510000e+00
     vertex  2.085355e+01 -6.853553e+00  1.510000e+00
     vertex  2.075000e+01 -6.933013e+00  1.510000e+00
   endloop
 endfacet
 facet normal  0.000000e+00  0.000000e+00  1.000000e+00
   outer loop
     vertex  2.600000e+01 -1.150000e+01  1.510000e+00
     vertex  2.075000e+01 -6.933013e+00  1.510000e+00
     vertex  2.400000e+01 -1.350000e+01  1.510000e+00
   endloop
 endfacet
 facet normal  0.000000e+00  0.000000e+00  1.000000e+00
   outer loop
     vertex  2.098296e+01 -6.370590e+00  1.510000e+00
     vertex  2.100000e+01 -6.500000e+00  1.510000e+00
     vertex  2.600000e+01 -1.150000e+01  1.510000e+00
   endloop
 endfacet
 facet normal  0.000000e+00  0.000000e+00  1.000000e+00
   outer loop
     vertex  2.093301e+01 -6.250000e+00  1.510000e+00
     vertex  2.098296e+01 -6.370590e+00  1.510000e+00
     vertex  2.600000e+01 -1.150000e+01  1.510000e+00
   endloop
 endfacet
 facet normal  0.000000e+00  0.000000e+00  1.000000e+00
   outer loop
     vertex  1.478342e+01  1.002030e+00  1.510000e+00
     vertex  1.258572e+01  1.107654e+00  1.510000e+00
     vertex  1.250467e+01  1.002030e+00  1.510000e+00
   endloop
 endfacet
 facet normal  0.000000e+00  0.000000e+00  1.000000e+00
   outer loop
     vertex  1.178342e+01  4.002030e+00  1.510000e+00
     vertex  1.170237e+01  1.617654e+00  1.510000e+00
     vertex  1.178342e+01  1.723278e+00  1.510000e+00
   endloop
 endfacet
 facet normal  0.000000e+00  0.000000e+00  1.000000e+00
   outer loop
     vertex  1.178342e+01  4.002030e+00  1.510000e+00
     vertex  1.178342e+01  1.723278e+00  1.510000e+00
     vertex  1.188904e+01  1.804327e+00  1.510000e+00
   endloop
 endfacet
 facet normal  0.000000e+00  0.000000e+00  1.000000e+00
   outer loop
     vertex  1.488904e+01  9.209810e-01  1.510000e+00
     vertex  1.478342e+01  1.002030e+00  1.510000e+00
     vertex  1.250467e+01  1.002030e+00  1.510000e+00
   endloop
 endfacet
 facet normal  0.000000e+00  0.000000e+00  1.000000e+00
   outer loop
     vertex  1.488904e+01  9.209810e-01  1.510000e+00
     vertex  1.250467e+01  1.002030e+00  1.510000e+00
     vertex  1.239904e+01  9.209810e-01  1.510000e+00
   endloop
 endfacet
 facet normal  0.000000e+00  0.000000e+00  1.000000e+00
   outer loop
     vertex  1.470237e+01  1.107654e+00  1.510000e+00
     vertex  1.258572e+01  1.107654e+00  1.510000e+00
     vertex  1.478342e+01  1.002030e+00  1.510000e+00
   endloop
 endfacet
 facet normal  0.000000e+00  0.000000e+00  1.000000e+00
   outer loop
     vertex  1.170237e+01  4.107654e+00  1.510000e+00
     vertex  1.165142e+01  1.494652e+00  1.510000e+00
     vertex  1.170237e+01  1.617654e+00  1.510000e+00
   endloop
 endfacet
 facet normal  0.000000e+00  0.000000e+00  1.000000e+00
   outer loop
     vertex  1.170237e+01  4.107654e+00  1.510000e+00
     vertex  1.170237e+01  1.617654e+00  1.510000e+00
     vertex  1.178342e+01  4.002030e+00  1.510000e+00
   endloop
 endfacet
 facet normal  0.000000e+00  0.000000e+00  1.000000e+00
   outer loop
     vertex  1.188904e+01  3.920981e+00  1.510000e+00
     vertex  1.188904e+01  1.804327e+00  1.510000e+00
     vertex  1.201205e+01  1.855276e+00  1.510000e+00
   endloop
 endfacet
 facet normal  0.000000e+00  0.000000e+00  1.000000e+00
   outer loop
     vertex  1.188904e+01  3.920981e+00  1.510000e+00
     vertex  1.178342e+01  4.002030e+00  1.510000e+00
     vertex  1.188904e+01  1.804327e+00  1.510000e+00
   endloop
 endfacet
 facet normal  0.000000e+00  0.000000e+00  1.000000e+00
   outer loop
     vertex  1.501205e+01  8.700318e-01  1.510000e+00
     vertex  1.227604e+01  8.700318e-01  1.510000e+00
     vertex  1.437059e+01 -6.017037e+00  1.510000e+00
   endloop
 endfacet
 facet normal  0.000000e+00  0.000000e+00  1.000000e+00
   outer loop
     vertex  1.501205e+01  8.700318e-01  1.510000e+00
     vertex  1.239904e+01  9.209810e-01  1.510000e+00
     vertex  1.227604e+01  8.700318e-01  1.510000e+00
   endloop
 endfacet
 facet normal  0.000000e+00  0.000000e+00  1.000000e+00
   outer loop
     vertex  1.501205e+01  8.700318e-01  1.510000e+00
     vertex  1.437059e+01 -6.017037e+00  1.510000e+00
     vertex  1.450000e+01 -6.000000e+00  1.510000e+00
   endloop
 endfacet
 facet normal  0.000000e+00  0.000000e+00  1.000000e+00
   outer loop
     vertex  1.501205e+01  8.700318e-01  1.510000e+00
     vertex  1.488904e+01  9.209810e-01  1.510000e+00
     vertex  1.239904e+01  9.209810e-01  1.510000e+00
   endloop
 endfacet
 facet normal  0.000000e+00  0.000000e+00  1.000000e+00
   outer loop
     vertex  1.465142e+01  1.230656e+00  1.510000e+00
     vertex  1.263667e+01  1.230656e+00  1.510000e+00
     vertex  1.258572e+01  1.107654e+00  1.510000e+00
   endloop
 endfacet
 facet normal  0.000000e+00  0.000000e+00  1.000000e+00
   outer loop
     vertex  1.465142e+01  1.230656e+00  1.510000e+00
     vertex  1.258572e+01  1.107654e+00  1.510000e+00
     vertex  1.470237e+01  1.107654e+00  1.510000e+00
   endloop
 endfacet
 facet normal  0.000000e+00  0.000000e+00  1.000000e+00
   outer loop
     vertex  1.201205e+01  3.870032e+00  1.510000e+00
     vertex  1.188904e+01  3.920981e+00  1.510000e+00
     vertex  1.201205e+01  1.855276e+00  1.510000e+00
   endloop
 endfacet
 facet normal  0.000000e+00  0.000000e+00  1.000000e+00
   outer loop
     vertex  1.165142e+01  4.230656e+00  1.510000e+00
     vertex  1.165142e+01  1.494652e+00  1.510000e+00
     vertex  1.170237e+01  4.107654e+00  1.510000e+00
   endloop
 endfacet
 facet normal  0.000000e+00  0.000000e+00  1.000000e+00
   outer loop
     vertex  1.165142e+01  4.230656e+00  1.510000e+00
     vertex  2.000000e+00 -6.000000e+00  1.510000e+00
     vertex  1.165142e+01  1.494652e+00  1.510000e+00
   endloop
 endfacet
 facet normal  0.000000e+00  0.000000e+00  1.000000e+00
   outer loop
     vertex  1.514404e+01  8.526540e-01  1.510000e+00
     vertex  1.450000e+01 -6.000000e+00  1.510000e+00
     vertex  1.462941e+01 -6.017037e+00  1.510000e+00
   endloop
 endfacet
 facet normal  0.000000e+00  0.000000e+00  1.000000e+00
   outer loop
     vertex  1.514404e+01  8.526540e-01  1.510000e+00
     vertex  1.501205e+01  8.700318e-01  1.510000e+00
     vertex  1.450000e+01 -6.000000e+00  1.510000e+00
   endloop
 endfacet
 facet normal  0.000000e+00  0.000000e+00  1.000000e+00
   outer loop
     vertex  1.463404e+01  1.362654e+00  1.510000e+00
     vertex  1.263667e+01  1.494652e+00  1.510000e+00
     vertex  1.265404e+01  1.362654e+00  1.510000e+00
   endloop
 endfacet
 facet normal  0.000000e+00  0.000000e+00  1.000000e+00
   outer loop
     vertex  1.463404e+01  1.362654e+00  1.510000e+00
     vertex  1.265404e+01  1.362654e+00  1.510000e+00
     vertex  1.263667e+01  1.230656e+00  1.510000e+00
   endloop
 endfacet
 facet normal  0.000000e+00  0.000000e+00  1.000000e+00
   outer loop
     vertex  1.463404e+01  1.362654e+00  1.510000e+00
     vertex  1.263667e+01  1.230656e+00  1.510000e+00
     vertex  1.465142e+01  1.230656e+00  1.510000e+00
   endloop
 endfacet
 facet normal  0.000000e+00  0.000000e+00  1.000000e+00
   outer loop
     vertex  1.214404e+01  3.852654e+00  1.510000e+00
     vertex  1.201205e+01  1.855276e+00  1.510000e+00
     vertex  1.214404e+01  1.872654e+00  1.510000e+00
   endloop
 endfacet
 facet normal  0.000000e+00  0.000000e+00  1.000000e+00
   outer loop
     vertex  1.214404e+01  3.852654e+00  1.510000e+00
     vertex  1.201205e+01  3.870032e+00  1.510000e+00
     vertex  1.201205e+01  1.855276e+00  1.510000e+00
   endloop
 endfacet
 facet normal  0.000000e+00  0.000000e+00  1.000000e+00
   outer loop
     vertex  1.163404e+01  4.362654e+00  1.510000e+00
     vertex  2.000000e+00 -6.000000e+00  1.510000e+00
     vertex  1.165142e+01  4.230656e+00  1.510000e+00
   endloop
 endfacet
 facet normal  0.000000e+00  0.000000e+00  1.000000e+00
   outer loop
     vertex  1.163404e+01  4.362654e+00  1.510000e+00
     vertex  5.000000e-01 -6.000000e+00  1.510000e+00
     vertex  2.000000e+00 -6.000000e+00  1.510000e+00
   endloop
 endfacet
 facet normal  0.000000e+00  0.000000e+00  1.000000e+00
   outer loop
     vertex  1.465142e+01  1.494652e+00  1.510000e+00
     vertex  1.263667e+01  1.494652e+00  1.510000e+00
     vertex  1.463404e+01  1.362654e+00  1.510000e+00
   endloop
 endfacet
 facet normal  0.000000e+00  0.000000e+00  1.000000e+00
   outer loop
     vertex  1.527604e+01  8.700318e-01  1.510000e+00
     vertex  1.462941e+01 -6.017037e+00  1.510000e+00
     vertex  1.687059e+01 -6.017037e+00  1.510000e+00
   endloop
 endfacet
 facet normal  0.000000e+00  0.000000e+00  1.000000e+00
   outer loop
     vertex  1.527604e+01  8.700318e-01  1.510000e+00
     vertex  1.514404e+01  8.526540e-01  1.510000e+00
     vertex  1.462941e+01 -6.017037e+00  1.510000e+00
   endloop
 endfacet
 facet normal  0.000000e+00  0.000000e+00  1.000000e+00
   outer loop
     vertex  1.527604e+01  8.700318e-01  1.510000e+00
     vertex  1.687059e+01 -6.017037e+00  1.510000e+00
     vertex  1.700000e+01 -6.000000e+00  1.510000e+00
   endloop
 endfacet
 facet normal  0.000000e+00  0.000000e+00  1.000000e+00
   outer loop
     vertex  1.165142e+01  4.494652e+00  1.510000e+00
     vertex -1.500000e+00 -6.000000e+00  1.510000e+00
     vertex  5.000000e-01 -6.000000e+00  1.510000e+00
   endloop
 endfacet
 facet normal  0.000000e+00  0.000000e+00  1.000000e+00
   outer loop
     vertex  1.165142e+01  4.494652e+00  1.510000e+00
     vertex  5.000000e-01 -6.000000e+00  1.510000e+00
     vertex  1.163404e+01  4.362654e+00  1.510000e+00
   endloop
 endfacet
 facet normal  0.000000e+00  0.000000e+00  1.000000e+00
   outer loop
     vertex  1.165142e+01  4.494652e+00  1.510000e+00
     vertex -1.576333e+01  4.529652e+00  1.510000e+00
     vertex -1.500000e+00 -6.000000e+00  1.510000e+00
   endloop
 endfacet
 facet normal  0.000000e+00  0.000000e+00  1.000000e+00
   outer loop
     vertex  1.227604e+01  3.870032e+00  1.510000e+00
     vertex  1.214404e+01  3.852654e+00  1.510000e+00
     vertex  1.214404e+01  1.872654e+00  1.510000e+00
   endloop
 endfacet
 facet normal  0.000000e+00  0.000000e+00  1.000000e+00
   outer loop
     vertex  1.227604e+01  3.870032e+00  1.510000e+00
     vertex  1.214404e+01  1.872654e+00  1.510000e+00
     vertex  1.227604e+01  1.855276e+00  1.510000e+00
   endloop
 endfacet
 facet normal  0.000000e+00  0.000000e+00  1.000000e+00
   outer loop
     vertex  1.470237e+01  1.617654e+00  1.510000e+00
     vertex  1.250467e+01  1.723278e+00  1.510000e+00
     vertex  1.258572e+01  1.617654e+00  1.510000e+00
   endloop
 endfacet
 facet normal  0.000000e+00  0.000000e+00  1.000000e+00
   outer loop
     vertex  1.470237e+01  1.617654e+00  1.510000e+00
     vertex  1.258572e+01  1.617654e+00  1.510000e+00
     vertex  1.263667e+01  1.494652e+00  1.510000e+00
   endloop
 endfacet
 facet normal  0.000000e+00  0.000000e+00  1.000000e+00
   outer loop
     vertex  1.470237e+01  1.617654e+00  1.510000e+00
     vertex  1.263667e+01  1.494652e+00  1.510000e+00
     vertex  1.465142e+01  1.494652e+00  1.510000e+00
   endloop
 endfacet
 facet normal  0.000000e+00  0.000000e+00  1.000000e+00
   outer loop
     vertex  1.539904e+01  9.209810e-01  1.510000e+00
     vertex  1.700000e+01 -6.000000e+00  1.510000e+00
     vertex  1.712941e+01 -6.017037e+00  1.510000e+00
   endloop
 endfacet
 facet normal  0.000000e+00  0.000000e+00  1.000000e+00
   outer loop
     vertex  1.539904e+01  9.209810e-01  1.510000e+00
     vertex  1.712941e+01 -6.017037e+00  1.510000e+00
     vertex  1.837059e+01 -6.017037e+00  1.510000e+00
   endloop
 endfacet
 facet normal  0.000000e+00  0.000000e+00  1.000000e+00
   outer loop
     vertex  1.539904e+01  9.209810e-01  1.510000e+00
     vertex  1.527604e+01  8.700318e-01  1.510000e+00
     vertex  1.700000e+01 -6.000000e+00  1.510000e+00
   endloop
 endfacet
 facet normal  0.000000e+00  0.000000e+00  1.000000e+00
   outer loop
     vertex  1.239904e+01  3.920981e+00  1.510000e+00
     vertex  1.227604e+01  3.870032e+00  1.510000e+00
     vertex  1.227604e+01  1.855276e+00  1.510000e+00
   endloop
 endfacet
 facet normal  0.000000e+00  0.000000e+00  1.000000e+00
   outer loop
     vertex  1.239904e+01  3.920981e+00  1.510000e+00
     vertex  1.227604e+01  1.855276e+00  1.510000e+00
     vertex  1.239904e+01  1.804327e+00  1.510000e+00
   endloop
 endfacet
 facet normal  0.000000e+00  0.000000e+00  1.000000e+00
   outer loop
     vertex  1.550467e+01  1.002030e+00  1.510000e+00
     vertex  1.837059e+01 -6.017037e+00  1.510000e+00
     vertex  1.850000e+01 -6.000000e+00  1.510000e+00
   endloop
 endfacet
 facet normal  0.000000e+00  0.000000e+00  1.000000e+00
   outer loop
     vertex  1.550467e+01  1.002030e+00  1.510000e+00
     vertex  1.539904e+01  9.209810e-01  1.510000e+00
     vertex  1.837059e+01 -6.017037e+00  1.510000e+00
   endloop
 endfacet
 facet normal  0.000000e+00  0.000000e+00  1.000000e+00
   outer loop
     vertex  1.250467e+01  4.002030e+00  1.510000e+00
     vertex  1.239904e+01  1.804327e+00  1.510000e+00
     vertex  1.250467e+01  1.723278e+00  1.510000e+00
   endloop
 endfacet
 facet normal  0.000000e+00  0.000000e+00  1.000000e+00
   outer loop
     vertex  1.250467e+01  4.002030e+00  1.510000e+00
     vertex  1.239904e+01  3.920981e+00  1.510000e+00
     vertex  1.239904e+01  1.804327e+00  1.510000e+00
   endloop
 endfacet
 facet normal  0.000000e+00  0.000000e+00  1.000000e+00
   outer loop
     vertex  1.478342e+01  1.723278e+00  1.510000e+00
     vertex  1.250467e+01  1.723278e+00  1.510000e+00
     vertex  1.470237e+01  1.617654e+00  1.510000e+00
   endloop
 endfacet
 facet normal  0.000000e+00  0.000000e+00  1.000000e+00
   outer loop
     vertex  1.558572e+01  1.107654e+00  1.510000e+00
     vertex  1.850000e+01 -6.000000e+00  1.510000e+00
     vertex  1.862941e+01 -6.017037e+00  1.510000e+00
   endloop
 endfacet
 facet normal  0.000000e+00  0.000000e+00  1.000000e+00
   outer loop
     vertex  1.558572e+01  1.107654e+00  1.510000e+00
     vertex  1.550467e+01  1.002030e+00  1.510000e+00
     vertex  1.850000e+01 -6.000000e+00  1.510000e+00
   endloop
 endfacet
 facet normal  0.000000e+00  0.000000e+00  1.000000e+00
   outer loop
     vertex  1.558572e+01  1.107654e+00  1.510000e+00
     vertex  2.037059e+01 -6.017037e+00  1.510000e+00
     vertex  2.050000e+01 -6.000000e+00  1.510000e+00
   endloop
 endfacet
 facet normal  0.000000e+00  0.000000e+00  1.000000e+00
   outer loop
     vertex  1.558572e+01  1.107654e+00  1.510000e+00
     vertex  1.862941e+01 -6.017037e+00  1.510000e+00
     vertex  2.037059e+01 -6.017037e+00  1.510000e+00
   endloop
 endfacet
 facet normal  0.000000e+00  0.000000e+00  1.000000e+00
   outer loop
     vertex  1.563667e+01  1.230656e+00  1.510000e+00
     vertex  2.050000e+01 -6.000000e+00  1.510000e+00
     vertex  2.062941e+01 -6.017037e+00  1.510000e+00
   endloop
 endfacet
 facet normal  0.000000e+00  0.000000e+00  1.000000e+00
   outer loop
     vertex  1.563667e+01  1.230656e+00  1.510000e+00
     vertex  1.558572e+01  1.107654e+00  1.510000e+00
     vertex  2.050000e+01 -6.000000e+00  1.510000e+00
   endloop
 endfacet
 facet normal  0.000000e+00  0.000000e+00  1.000000e+00
   outer loop
     vertex  1.565404e+01  1.362654e+00  1.510000e+00
     vertex  1.563667e+01  1.230656e+00  1.510000e+00
     vertex  2.062941e+01 -6.017037e+00  1.510000e+00
   endloop
 endfacet
 facet normal  0.000000e+00  0.000000e+00  1.000000e+00
   outer loop
     vertex  1.478342e+01  4.002030e+00  1.510000e+00
     vertex  1.250467e+01  1.723278e+00  1.510000e+00
     vertex  1.478342e+01  1.723278e+00  1.510000e+00
   endloop
 endfacet
 facet normal  0.000000e+00  0.000000e+00  1.000000e+00
   outer loop
     vertex  1.478342e+01  4.002030e+00  1.510000e+00
     vertex  1.258572e+01  4.107654e+00  1.510000e+00
     vertex  1.250467e+01  4.002030e+00  1.510000e+00
   endloop
 endfacet
 facet normal  0.000000e+00  0.000000e+00  1.000000e+00
   outer loop
     vertex  1.478342e+01  4.002030e+00  1.510000e+00
     vertex  1.250467e+01  4.002030e+00  1.510000e+00
     vertex  1.250467e+01  1.723278e+00  1.510000e+00
   endloop
 endfacet
 facet normal  0.000000e+00  0.000000e+00  1.000000e+00
   outer loop
     vertex  1.488904e+01  3.920981e+00  1.510000e+00
     vertex  1.478342e+01  1.723278e+00  1.510000e+00
     vertex  1.488904e+01  1.804327e+00  1.510000e+00
   endloop
 endfacet
 facet normal  0.000000e+00  0.000000e+00  1.000000e+00
   outer loop
     vertex  1.488904e+01  3.920981e+00  1.510000e+00
     vertex  1.478342e+01  4.002030e+00  1.510000e+00
     vertex  1.478342e+01  1.723278e+00  1.510000e+00
   endloop
 endfacet
 facet normal  0.000000e+00  0.000000e+00  1.000000e+00
   outer loop
     vertex  1.470237e+01  4.107654e+00  1.510000e+00
     vertex  1.263667e+01  4.230656e+00  1.510000e+00
     vertex  1.258572e+01  4.107654e+00  1.510000e+00
   endloop
 endfacet
 facet normal  0.000000e+00  0.000000e+00  1.000000e+00
   outer loop
     vertex  1.470237e+01  4.107654e+00  1.510000e+00
     vertex  1.258572e+01  4.107654e+00  1.510000e+00
     vertex  1.478342e+01  4.002030e+00  1.510000e+00
   endloop
 endfacet
 facet normal  0.000000e+00  0.000000e+00  1.000000e+00
   outer loop
     vertex  1.501205e+01  3.870032e+00  1.510000e+00
     vertex  1.488904e+01  1.804327e+00  1.510000e+00
     vertex  1.501205e+01  1.855276e+00  1.510000e+00
   endloop
 endfacet
 facet normal  0.000000e+00  0.000000e+00  1.000000e+00
   outer loop
     vertex  1.501205e+01  3.870032e+00  1.510000e+00
     vertex  1.488904e+01  3.920981e+00  1.510000e+00
     vertex  1.488904e+01  1.804327e+00  1.510000e+00
   endloop
 endfacet
 facet normal  0.000000e+00  0.000000e+00  1.000000e+00
   outer loop
     vertex  1.465142e+01  4.230656e+00  1.510000e+00
     vertex  1.263667e+01  4.230656e+00  1.510000e+00
     vertex  1.470237e+01  4.107654e+00  1.510000e+00
   endloop
 endfacet
 facet normal  0.000000e+00  0.000000e+00  1.000000e+00
   outer loop
     vertex  1.514404e+01  3.852654e+00  1.510000e+00
     vertex  1.501205e+01  1.855276e+00  1.510000e+00
     vertex  1.514404e+01  1.872654e+00  1.510000e+00
   endloop
 endfacet
 facet normal  0.000000e+00  0.000000e+00  1.000000e+00
   outer loop
     vertex  1.514404e+01  3.852654e+00  1.510000e+00
     vertex  1.501205e+01  3.870032e+00  1.510000e+00
     vertex  1.501205e+01  1.855276e+00  1.510000e+00
   endloop
 endfacet
 facet normal  0.000000e+00  0.000000e+00  1.000000e+00
   outer loop
     vertex  1.463404e+01  4.362654e+00  1.510000e+00
     vertex  1.263667e+01  4.230656e+00  1.510000e+00
     vertex  1.465142e+01  4.230656e+00  1.510000e+00
   endloop
 endfacet
 facet normal  0.000000e+00  0.000000e+00  1.000000e+00
   outer loop
     vertex  1.463404e+01  4.362654e+00  1.510000e+00
     vertex  1.265404e+01  4.362654e+00  1.510000e+00
     vertex  1.263667e+01  4.230656e+00  1.510000e+00
   endloop
 endfacet
 facet normal  0.000000e+00  0.000000e+00  1.000000e+00
   outer loop
     vertex  1.465142e+01  4.494652e+00  1.510000e+00
     vertex  1.265404e+01  4.362654e+00  1.510000e+00
     vertex  1.463404e+01  4.362654e+00  1.510000e+00
   endloop
 endfacet
 facet normal  0.000000e+00  0.000000e+00  1.000000e+00
   outer loop
     vertex  1.465142e+01  4.494652e+00  1.510000e+00
     vertex  1.263667e+01  4.494652e+00  1.510000e+00
     vertex  1.265404e+01  4.362654e+00  1.510000e+00
   endloop
 endfacet
 facet normal  0.000000e+00  0.000000e+00  1.000000e+00
   outer loop
     vertex  1.527604e+01  3.870032e+00  1.510000e+00
     vertex  1.514404e+01  1.872654e+00  1.510000e+00
     vertex  1.527604e+01  1.855276e+00  1.510000e+00
   endloop
 endfacet
 facet normal  0.000000e+00  0.000000e+00  1.000000e+00
   outer loop
     vertex  1.527604e+01  3.870032e+00  1.510000e+00
     vertex  1.514404e+01  3.852654e+00  1.510000e+00
     vertex  1.514404e+01  1.872654e+00  1.510000e+00
   endloop
 endfacet
 facet normal  0.000000e+00  0.000000e+00  1.000000e+00
   outer loop
     vertex  1.470237e+01  4.617654e+00  1.510000e+00
     vertex  1.263667e+01  4.494652e+00  1.510000e+00
     vertex  1.465142e+01  4.494652e+00  1.510000e+00
   endloop
 endfacet
 facet normal  0.000000e+00  0.000000e+00  1.000000e+00
   outer loop
     vertex  1.470237e+01  4.617654e+00  1.510000e+00
     vertex  1.258572e+01  4.617654e+00  1.510000e+00
     vertex  1.263667e+01  4.494652e+00  1.510000e+00
   endloop
 endfacet
 facet normal  0.000000e+00  0.000000e+00  1.000000e+00
   outer loop
     vertex  1.539904e+01  3.920981e+00  1.510000e+00
     vertex  1.527604e+01  1.855276e+00  1.510000e+00
     vertex  1.539904e+01  1.804327e+00  1.510000e+00
   endloop
 endfacet
 facet normal  0.000000e+00  0.000000e+00  1.000000e+00
   outer loop
     vertex  1.539904e+01  3.920981e+00  1.510000e+00
     vertex  1.539904e+01  1.804327e+00  1.510000e+00
     vertex  1.550467e+01  1.723278e+00  1.510000e+00
   endloop
 endfacet
 facet normal  0.000000e+00  0.000000e+00  1.000000e+00
   outer loop
     vertex  1.539904e+01  3.920981e+00  1.510000e+00
     vertex  1.527604e+01  3.870032e+00  1.510000e+00
     vertex  1.527604e+01  1.855276e+00  1.510000e+00
   endloop
 endfacet
 facet normal  0.000000e+00  0.000000e+00  1.000000e+00
   outer loop
     vertex  1.478342e+01  4.723278e+00  1.510000e+00
     vertex  1.258572e+01  4.617654e+00  1.510000e+00
     vertex  1.470237e+01  4.617654e+00  1.510000e+00
   endloop
 endfacet
 facet normal  0.000000e+00  0.000000e+00  1.000000e+00
   outer loop
     vertex  1.478342e+01  4.723278e+00  1.510000e+00
     vertex  1.250467e+01  4.723278e+00  1.510000e+00
     vertex  1.258572e+01  4.617654e+00  1.510000e+00
   endloop
 endfacet
 facet normal  0.000000e+00  0.000000e+00  1.000000e+00
   outer loop
     vertex  1.550467e+01  4.002030e+00  1.510000e+00
     vertex  1.539904e+01  3.920981e+00  1.510000e+00
     vertex  1.550467e+01  1.723278e+00  1.510000e+00
   endloop
 endfacet
 facet normal  0.000000e+00  0.000000e+00  1.000000e+00
   outer loop
     vertex  1.558572e+01  4.107654e+00  1.510000e+00
     vertex  1.550467e+01  4.002030e+00  1.510000e+00
     vertex  1.550467e+01  1.723278e+00  1.510000e+00
   endloop
 endfacet
 facet normal  0.000000e+00  0.000000e+00  1.000000e+00
   outer loop
     vertex  1.558572e+01  4.107654e+00  1.510000e+00
     vertex  1.550467e+01  1.723278e+00  1.510000e+00
     vertex  1.558572e+01  1.617654e+00  1.510000e+00
   endloop
 endfacet
 facet normal  0.000000e+00  0.000000e+00  1.000000e+00
   outer loop
     vertex  1.563667e+01  4.230656e+00  1.510000e+00
     vertex  1.558572e+01  4.107654e+00  1.510000e+00
     vertex  1.558572e+01  1.617654e+00  1.510000e+00
   endloop
 endfacet
 facet normal  0.000000e+00  0.000000e+00  1.000000e+00
   outer loop
     vertex  1.563667e+01  4.230656e+00  1.510000e+00
     vertex  1.558572e+01  1.617654e+00  1.510000e+00
     vertex  1.563667e+01  1.494652e+00  1.510000e+00
   endloop
 endfacet
 facet normal  0.000000e+00  0.000000e+00  1.000000e+00
   outer loop
     vertex  1.258338e+01  7.621994e+00  1.510000e+00
     vertex  1.188904e+01  4.804327e+00  1.510000e+00
     vertex  1.201205e+01  4.855276e+00  1.510000e+00
   endloop
 endfacet
 facet normal  0.000000e+00  0.000000e+00  1.000000e+00
   outer loop
     vertex  1.289404e+01  7.383616e+00  1.510000e+00
     vertex  1.258338e+01  7.621994e+00  1.510000e+00
     vertex  1.201205e+01  4.855276e+00  1.510000e+00
   endloop
 endfacet
 facet normal  0.000000e+00  0.000000e+00  1.000000e+00
   outer loop
     vertex  1.289404e+01  7.383616e+00  1.510000e+00
     vertex  1.201205e+01  4.855276e+00  1.510000e+00
     vertex  1.214404e+01  4.872654e+00  1.510000e+00
   endloop
 endfacet
 facet normal  0.000000e+00  0.000000e+00  1.000000e+00
   outer loop
     vertex  1.289404e+01  7.383616e+00  1.510000e+00
     vertex  1.214404e+01  4.872654e+00  1.510000e+00
     vertex  1.227604e+01  4.855276e+00  1.510000e+00
   endloop
 endfacet
 facet normal  0.000000e+00  0.000000e+00  1.000000e+00
   outer loop
     vertex  1.234501e+01  7.932654e+00  1.510000e+00
     vertex  1.178342e+01  4.723278e+00  1.510000e+00
     vertex  1.188904e+01  4.804327e+00  1.510000e+00
   endloop
 endfacet
 facet normal  0.000000e+00  0.000000e+00  1.000000e+00
   outer loop
     vertex  1.234501e+01  7.932654e+00  1.510000e+00
     vertex  1.188904e+01  4.804327e+00  1.510000e+00
     vertex  1.258338e+01  7.621994e+00  1.510000e+00
   endloop
 endfacet
 facet normal  0.000000e+00  0.000000e+00  1.000000e+00
   outer loop
     vertex  1.325582e+01  7.233765e+00  1.510000e+00
     vertex  1.289404e+01  7.383616e+00  1.510000e+00
     vertex  1.227604e+01  4.855276e+00  1.510000e+00
   endloop
 endfacet
 facet normal  0.000000e+00  0.000000e+00  1.000000e+00
   outer loop
     vertex  1.325582e+01  7.233765e+00  1.510000e+00
     vertex  1.227604e+01  4.855276e+00  1.510000e+00
     vertex  1.239904e+01  4.804327e+00  1.510000e+00
   endloop
 endfacet
 facet normal  0.000000e+00  0.000000e+00  1.000000e+00
   outer loop
     vertex  1.219516e+01  8.294425e+00  1.510000e+00
     vertex  1.178342e+01  4.723278e+00  1.510000e+00
     vertex  1.234501e+01  7.932654e+00  1.510000e+00
   endloop
 endfacet
 facet normal  0.000000e+00  0.000000e+00  1.000000e+00
   outer loop
     vertex  1.219516e+01  8.294425e+00  1.510000e+00
     vertex  1.165142e+01  4.494652e+00  1.510000e+00
     vertex  1.170237e+01  4.617654e+00  1.510000e+00
   endloop
 endfacet
 facet normal  0.000000e+00  0.000000e+00  1.000000e+00
   outer loop
     vertex  1.219516e+01  8.294425e+00  1.510000e+00
     vertex  1.170237e+01  4.617654e+00  1.510000e+00
     vertex  1.178342e+01  4.723278e+00  1.510000e+00
   endloop
 endfacet
 facet normal  0.000000e+00  0.000000e+00  1.000000e+00
   outer loop
     vertex  1.364404e+01  7.182654e+00  1.510000e+00
     vertex  1.250467e+01  4.723278e+00  1.510000e+00
     vertex  1.478342e+01  4.723278e+00  1.510000e+00
   endloop
 endfacet
 facet normal  0.000000e+00  0.000000e+00  1.000000e+00
   outer loop
     vertex  1.364404e+01  7.182654e+00  1.510000e+00
     vertex  1.325582e+01  7.233765e+00  1.510000e+00
     vertex  1.239904e+01  4.804327e+00  1.510000e+00
   endloop
 endfacet
 facet normal  0.000000e+00  0.000000e+00  1.000000e+00
   outer loop
     vertex  1.364404e+01  7.182654e+00  1.510000e+00
     vertex  1.239904e+01  4.804327e+00  1.510000e+00
     vertex  1.250467e+01  4.723278e+00  1.510000e+00
   endloop
 endfacet
 facet normal  0.000000e+00  0.000000e+00  1.000000e+00
   outer loop
     vertex  1.364404e+01  7.182654e+00  1.510000e+00
     vertex  1.478342e+01  4.723278e+00  1.510000e+00
     vertex  1.488904e+01  4.804327e+00  1.510000e+00
   endloop
 endfacet
 facet normal  0.000000e+00  0.000000e+00  1.000000e+00
   outer loop
     vertex  1.214404e+01  8.682654e+00  1.510000e+00
     vertex -1.576333e+01  4.529652e+00  1.510000e+00
     vertex  1.165142e+01  4.494652e+00  1.510000e+00
   endloop
 endfacet
 facet normal  0.000000e+00  0.000000e+00  1.000000e+00
   outer loop
     vertex  1.214404e+01  8.682654e+00  1.510000e+00
     vertex  1.165142e+01  4.494652e+00  1.510000e+00
     vertex  1.219516e+01  8.294425e+00  1.510000e+00
   endloop
 endfacet
 facet normal  0.000000e+00  0.000000e+00  1.000000e+00
   outer loop
     vertex  1.214404e+01  8.682654e+00  1.510000e+00
     vertex -1.581428e+01  4.652654e+00  1.510000e+00
     vertex -1.576333e+01  4.529652e+00  1.510000e+00
   endloop
 endfacet
 facet normal  0.000000e+00  0.000000e+00  1.000000e+00
   outer loop
     vertex  1.219516e+01  9.070883e+00  1.510000e+00
     vertex -1.581428e+01  4.652654e+00  1.510000e+00
     vertex  1.214404e+01  8.682654e+00  1.510000e+00
   endloop
 endfacet
 facet normal  0.000000e+00  0.000000e+00  1.000000e+00
   outer loop
     vertex  1.219516e+01  9.070883e+00  1.510000e+00
     vertex -1.780707e+01  9.105883e+00  1.510000e+00
     vertex -1.581428e+01  4.652654e+00  1.510000e+00
   endloop
 endfacet
 facet normal  0.000000e+00  0.000000e+00  1.000000e+00
   outer loop
     vertex  1.403227e+01  7.233765e+00  1.510000e+00
     vertex  1.364404e+01  7.182654e+00  1.510000e+00
     vertex  1.488904e+01  4.804327e+00  1.510000e+00
   endloop
 endfacet
 facet normal  0.000000e+00  0.000000e+00  1.000000e+00
   outer loop
     vertex  1.403227e+01  7.233765e+00  1.510000e+00
     vertex  1.488904e+01  4.804327e+00  1.510000e+00
     vertex  1.501205e+01  4.855276e+00  1.510000e+00
   endloop
 endfacet
 facet normal  0.000000e+00  0.000000e+00  1.000000e+00
   outer loop
     vertex  1.234501e+01  9.432654e+00  1.510000e+00
     vertex -1.795692e+01  9.467654e+00  1.510000e+00
     vertex -1.780707e+01  9.105883e+00  1.510000e+00
   endloop
 endfacet
 facet normal  0.000000e+00  0.000000e+00  1.000000e+00
   outer loop
     vertex  1.234501e+01  9.432654e+00  1.510000e+00
     vertex -1.780707e+01  9.105883e+00  1.510000e+00
     vertex  1.219516e+01  9.070883e+00  1.510000e+00
   endloop
 endfacet
 facet normal  0.000000e+00  0.000000e+00  1.000000e+00
   outer loop
     vertex  1.439404e+01  7.383616e+00  1.510000e+00
     vertex  1.403227e+01  7.233765e+00  1.510000e+00
     vertex  1.501205e+01  4.855276e+00  1.510000e+00
   endloop
 endfacet
 facet normal  0.000000e+00  0.000000e+00  1.000000e+00
   outer loop
     vertex  1.439404e+01  7.383616e+00  1.510000e+00
     vertex  1.501205e+01  4.855276e+00  1.510000e+00
     vertex  1.514404e+01  4.872654e+00  1.510000e+00
   endloop
 endfacet
 facet normal  0.000000e+00  0.000000e+00  1.000000e+00
   outer loop
     vertex  1.439404e+01  7.383616e+00  1.510000e+00
     vertex  1.514404e+01  4.872654e+00  1.510000e+00
     vertex  1.527604e+01  4.855276e+00  1.510000e+00
   endloop
 endfacet
 facet normal  0.000000e+00  0.000000e+00  1.000000e+00
   outer loop
     vertex  1.258338e+01  9.743314e+00  1.510000e+00
     vertex -1.795692e+01  9.467654e+00  1.510000e+00
     vertex  1.234501e+01  9.432654e+00  1.510000e+00
   endloop
 endfacet
 facet normal  0.000000e+00  0.000000e+00  1.000000e+00
   outer loop
     vertex  1.258338e+01  9.743314e+00  1.510000e+00
     vertex -1.819530e+01  9.778314e+00  1.510000e+00
     vertex -1.795692e+01  9.467654e+00  1.510000e+00
   endloop
 endfacet
 facet normal  0.000000e+00  0.000000e+00  1.000000e+00
   outer loop
     vertex  1.470470e+01  7.621994e+00  1.510000e+00
     vertex  1.439404e+01  7.383616e+00  1.510000e+00
     vertex  1.527604e+01  4.855276e+00  1.510000e+00
   endloop
 endfacet
 facet normal  0.000000e+00  0.000000e+00  1.000000e+00
   outer loop
     vertex  1.470470e+01  7.621994e+00  1.510000e+00
     vertex  1.527604e+01  4.855276e+00  1.510000e+00
     vertex  1.539904e+01  4.804327e+00  1.510000e+00
   endloop
 endfacet
 facet normal  0.000000e+00  0.000000e+00  1.000000e+00
   outer loop
     vertex  1.289404e+01  9.981692e+00  1.510000e+00
     vertex -1.819530e+01  9.778314e+00  1.510000e+00
     vertex  1.258338e+01  9.743314e+00  1.510000e+00
   endloop
 endfacet
 facet normal  0.000000e+00  0.000000e+00  1.000000e+00
   outer loop
     vertex  1.289404e+01  9.981692e+00  1.510000e+00
     vertex -1.850596e+01  1.001669e+01  1.510000e+00
     vertex -1.819530e+01  9.778314e+00  1.510000e+00
   endloop
 endfacet
 facet normal  0.000000e+00  0.000000e+00  1.000000e+00
   outer loop
     vertex  1.494308e+01  7.932654e+00  1.510000e+00
     vertex  1.470470e+01  7.621994e+00  1.510000e+00
     vertex  1.539904e+01  4.804327e+00  1.510000e+00
   endloop
 endfacet
 facet normal  0.000000e+00  0.000000e+00  1.000000e+00
   outer loop
     vertex  1.494308e+01  7.932654e+00  1.510000e+00
     vertex  1.539904e+01  4.804327e+00  1.510000e+00
     vertex  1.550467e+01  4.723278e+00  1.510000e+00
   endloop
 endfacet
 facet normal  0.000000e+00  0.000000e+00  1.000000e+00
   outer loop
     vertex  2.086863e+01  8.368629e+00  1.510000e+00
     vertex  1.558572e+01  4.617654e+00  1.510000e+00
     vertex  1.563667e+01  4.494652e+00  1.510000e+00
   endloop
 endfacet
 facet normal  0.000000e+00  0.000000e+00  1.000000e+00
   outer loop
     vertex  2.120000e+01  8.114359e+00  1.510000e+00
     vertex  2.086863e+01  8.368629e+00  1.510000e+00
     vertex  1.563667e+01  4.494652e+00  1.510000e+00
   endloop
 endfacet
 facet normal  0.000000e+00  0.000000e+00  1.000000e+00
   outer loop
     vertex  2.120000e+01  8.114359e+00  1.510000e+00
     vertex  1.563667e+01  4.494652e+00  1.510000e+00
     vertex  1.565404e+01  4.362654e+00  1.510000e+00
   endloop
 endfacet
 facet normal  0.000000e+00  0.000000e+00  1.000000e+00
   outer loop
     vertex  2.061436e+01  8.700000e+00  1.510000e+00
     vertex  1.509293e+01  8.294425e+00  1.510000e+00
     vertex  1.494308e+01  7.932654e+00  1.510000e+00
   endloop
 endfacet
 facet normal  0.000000e+00  0.000000e+00  1.000000e+00
   outer loop
     vertex  2.061436e+01  8.700000e+00  1.510000e+00
     vertex  1.494308e+01  7.932654e+00  1.510000e+00
     vertex  1.550467e+01  4.723278e+00  1.510000e+00
   endloop
 endfacet
 facet normal  0.000000e+00  0.000000e+00  1.000000e+00
   outer loop
     vertex  2.061436e+01  8.700000e+00  1.510000e+00
     vertex  1.558572e+01  4.617654e+00  1.510000e+00
     vertex  2.086863e+01  8.368629e+00  1.510000e+00
   endloop
 endfacet
 facet normal  0.000000e+00  0.000000e+00  1.000000e+00
   outer loop
     vertex  2.061436e+01  8.700000e+00  1.510000e+00
     vertex  1.550467e+01  4.723278e+00  1.510000e+00
     vertex  1.558572e+01  4.617654e+00  1.510000e+00
   endloop
 endfacet
 facet normal  0.000000e+00  0.000000e+00  1.000000e+00
   outer loop
     vertex  2.045452e+01  9.085890e+00  1.510000e+00
     vertex  1.514404e+01  8.682654e+00  1.510000e+00
     vertex  1.509293e+01  8.294425e+00  1.510000e+00
   endloop
 endfacet
 facet normal  0.000000e+00  0.000000e+00  1.000000e+00
   outer loop
     vertex  2.045452e+01  9.085890e+00  1.510000e+00
     vertex  1.509293e+01  8.294425e+00  1.510000e+00
     vertex  2.061436e+01  8.700000e+00  1.510000e+00
   endloop
 endfacet
 facet normal  0.000000e+00  0.000000e+00  1.000000e+00
   outer loop
     vertex  2.158589e+01  7.954519e+00  1.510000e+00
     vertex  1.563667e+01  4.230656e+00  1.510000e+00
     vertex  1.563667e+01  1.494652e+00  1.510000e+00
   endloop
 endfacet
 facet normal  0.000000e+00  0.000000e+00  1.000000e+00
   outer loop
     vertex  2.158589e+01  7.954519e+00  1.510000e+00
     vertex  2.120000e+01  8.114359e+00  1.510000e+00
     vertex  1.565404e+01  4.362654e+00  1.510000e+00
   endloop
 endfacet
 facet normal  0.000000e+00  0.000000e+00  1.000000e+00
   outer loop
     vertex  2.158589e+01  7.954519e+00  1.510000e+00
     vertex  1.565404e+01  4.362654e+00  1.510000e+00
     vertex  1.563667e+01  4.230656e+00  1.510000e+00
   endloop
 endfacet
 facet normal  0.000000e+00  0.000000e+00  1.000000e+00
   outer loop
     vertex  2.200000e+01  7.900000e+00  1.510000e+00
     vertex  1.565404e+01  1.362654e+00  1.510000e+00
     vertex  2.062941e+01 -6.017037e+00  1.510000e+00
   endloop
 endfacet
 facet normal  0.000000e+00  0.000000e+00  1.000000e+00
   outer loop
     vertex  2.200000e+01  7.900000e+00  1.510000e+00
     vertex  1.563667e+01  1.494652e+00  1.510000e+00
     vertex  1.565404e+01  1.362654e+00  1.510000e+00
   endloop
 endfacet
 facet normal  0.000000e+00  0.000000e+00  1.000000e+00
   outer loop
     vertex  2.200000e+01  7.900000e+00  1.510000e+00
     vertex  2.158589e+01  7.954519e+00  1.510000e+00
     vertex  1.563667e+01  1.494652e+00  1.510000e+00
   endloop
 endfacet
 facet normal  0.000000e+00  0.000000e+00  1.000000e+00
   outer loop
     vertex  2.040000e+01  9.500000e+00  1.510000e+00
     vertex  1.509293e+01  9.070883e+00  1.510000e+00
     vertex  1.514404e+01  8.682654e+00  1.510000e+00
   endloop
 endfacet
 facet normal  0.000000e+00  0.000000e+00  1.000000e+00
   outer loop
     vertex  2.040000e+01  9.500000e+00  1.510000e+00
     vertex  1.514404e+01  8.682654e+00  1.510000e+00
     vertex  2.045452e+01  9.085890e+00  1.510000e+00
   endloop
 endfacet
 facet normal  0.000000e+00  0.000000e+00  1.000000e+00
   outer loop
     vertex  2.045452e+01  9.914110e+00  1.510000e+00
     vertex  1.509293e+01  9.070883e+00  1.510000e+00
     vertex  2.040000e+01  9.500000e+00  1.510000e+00
   endloop
 endfacet
 facet normal  0.000000e+00  0.000000e+00  1.000000e+00
   outer loop
     vertex  2.045452e+01  9.914110e+00  1.510000e+00
     vertex  1.494308e+01  9.432654e+00  1.510000e+00
     vertex  1.509293e+01  9.070883e+00  1.510000e+00
   endloop
 endfacet
 facet normal  0.000000e+00  0.000000e+00  1.000000e+00
   outer loop
     vertex  2.241411e+01  7.954519e+00  1.510000e+00
     vertex  2.062941e+01 -6.017037e+00  1.510000e+00
     vertex  2.075000e+01 -6.066987e+00  1.510000e+00
   endloop
 endfacet
 facet normal  0.000000e+00  0.000000e+00  1.000000e+00
   outer loop
     vertex  2.241411e+01  7.954519e+00  1.510000e+00
     vertex  2.200000e+01  7.900000e+00  1.510000e+00
     vertex  2.062941e+01 -6.017037e+00  1.510000e+00
   endloop
 endfacet
 facet normal  0.000000e+00  0.000000e+00  1.000000e+00
   outer loop
     vertex  2.061436e+01  1.030000e+01  1.510000e+00
     vertex  1.494308e+01  9.432654e+00  1.510000e+00
     vertex  2.045452e+01  9.914110e+00  1.510000e+00
   endloop
 endfacet
 facet normal  0.000000e+00  0.000000e+00  1.000000e+00
   outer loop
     vertex  2.061436e+01  1.030000e+01  1.510000e+00
     vertex  1.470470e+01  9.743314e+00  1.510000e+00
     vertex  1.494308e+01  9.432654e+00  1.510000e+00
   endloop
 endfacet
 facet normal  0.000000e+00  0.000000e+00  1.000000e+00
   outer loop
     vertex  2.280000e+01  8.114359e+00  1.510000e+00
     vertex  2.241411e+01  7.954519e+00  1.510000e+00
     vertex  2.075000e+01 -6.066987e+00  1.510000e+00
   endloop
 endfacet
 facet normal  0.000000e+00  0.000000e+00  1.000000e+00
   outer loop
     vertex  2.280000e+01  8.114359e+00  1.510000e+00
     vertex  2.075000e+01 -6.066987e+00  1.510000e+00
     vertex  2.085355e+01 -6.146447e+00  1.510000e+00
   endloop
 endfacet
 facet normal  0.000000e+00  0.000000e+00  1.000000e+00
   outer loop
     vertex  2.280000e+01  8.114359e+00  1.510000e+00
     vertex  2.085355e+01 -6.146447e+00  1.510000e+00
     vertex  2.093301e+01 -6.250000e+00  1.510000e+00
   endloop
 endfacet
 facet normal  0.000000e+00  0.000000e+00  1.000000e+00
   outer loop
     vertex  2.086863e+01  1.063137e+01  1.510000e+00
     vertex  1.470470e+01  9.743314e+00  1.510000e+00
     vertex  2.061436e+01  1.030000e+01  1.510000e+00
   endloop
 endfacet
 facet normal  0.000000e+00  0.000000e+00  1.000000e+00
   outer loop
     vertex  2.086863e+01  1.063137e+01  1.510000e+00
     vertex  1.439404e+01  9.981692e+00  1.510000e+00
     vertex  1.470470e+01  9.743314e+00  1.510000e+00
   endloop
 endfacet
 facet normal  0.000000e+00  0.000000e+00  1.000000e+00
   outer loop
     vertex  2.313137e+01  8.368629e+00  1.510000e+00
     vertex  2.280000e+01  8.114359e+00  1.510000e+00
     vertex  2.093301e+01 -6.250000e+00  1.510000e+00
   endloop
 endfacet
 facet normal  0.000000e+00  0.000000e+00  1.000000e+00
   outer loop
     vertex  2.313137e+01  8.368629e+00  1.510000e+00
     vertex  2.093301e+01 -6.250000e+00  1.510000e+00
     vertex  2.600000e+01 -1.150000e+01  1.510000e+00
   endloop
 endfacet
 facet normal  0.000000e+00  0.000000e+00  1.000000e+00
   outer loop
     vertex  2.120000e+01  1.088564e+01  1.510000e+00
     vertex  1.403227e+01  1.013154e+01  1.510000e+00
     vertex  1.439404e+01  9.981692e+00  1.510000e+00
   endloop
 endfacet
 facet normal  0.000000e+00  0.000000e+00  1.000000e+00
   outer loop
     vertex  2.120000e+01  1.088564e+01  1.510000e+00
     vertex  1.439404e+01  9.981692e+00  1.510000e+00
     vertex  2.086863e+01  1.063137e+01  1.510000e+00
   endloop
 endfacet
 facet normal  0.000000e+00  0.000000e+00  1.000000e+00
   outer loop
     vertex  2.338564e+01  8.700000e+00  1.510000e+00
     vertex  2.313137e+01  8.368629e+00  1.510000e+00
     vertex  2.600000e+01 -1.150000e+01  1.510000e+00
   endloop
 endfacet
 facet normal  0.000000e+00  0.000000e+00  1.000000e+00
   outer loop
     vertex  2.400000e+01  1.350000e+01  1.510000e+00
     vertex  1.403227e+01  1.013154e+01  1.510000e+00
     vertex  2.120000e+01  1.088564e+01  1.510000e+00
   endloop
 endfacet
 facet normal  0.000000e+00  0.000000e+00  1.000000e+00
   outer loop
     vertex  2.400000e+01  1.350000e+01  1.510000e+00
     vertex  1.364404e+01  1.018265e+01  1.510000e+00
     vertex  1.403227e+01  1.013154e+01  1.510000e+00
   endloop
 endfacet
 facet normal  0.000000e+00  0.000000e+00  1.000000e+00
   outer loop
     vertex  2.400000e+01  1.350000e+01  1.510000e+00
     vertex  2.120000e+01  1.088564e+01  1.510000e+00
     vertex  2.158589e+01  1.104548e+01  1.510000e+00
   endloop
 endfacet
 facet normal  0.000000e+00  0.000000e+00  1.000000e+00
   outer loop
     vertex  2.400000e+01  1.350000e+01  1.510000e+00
     vertex  2.158589e+01  1.104548e+01  1.510000e+00
     vertex  2.200000e+01  1.110000e+01  1.510000e+00
   endloop
 endfacet
 facet normal  0.000000e+00  0.000000e+00  1.000000e+00
   outer loop
     vertex  2.400000e+01  1.350000e+01  1.510000e+00
     vertex  2.200000e+01  1.110000e+01  1.510000e+00
     vertex  2.241411e+01  1.104548e+01  1.510000e+00
   endloop
 endfacet
 facet normal  0.000000e+00  0.000000e+00  1.000000e+00
   outer loop
     vertex  2.400000e+01  1.350000e+01  1.510000e+00
     vertex  2.241411e+01  1.104548e+01  1.510000e+00
     vertex  2.280000e+01  1.088564e+01  1.510000e+00
   endloop
 endfacet
 facet normal  0.000000e+00  0.000000e+00  1.000000e+00
   outer loop
     vertex  2.400000e+01  1.350000e+01  1.510000e+00
     vertex  2.280000e+01  1.088564e+01  1.510000e+00
     vertex  2.313137e+01  1.063137e+01  1.510000e+00
   endloop
 endfacet
 facet normal  0.000000e+00  0.000000e+00  1.000000e+00
   outer loop
     vertex  2.600000e+01  1.150000e+01  1.510000e+00
     vertex  2.338564e+01  8.700000e+00  1.510000e+00
     vertex  2.600000e+01 -1.150000e+01  1.510000e+00
   endloop
 endfacet
 facet normal  0.000000e+00  0.000000e+00  1.000000e+00
   outer loop
     vertex  2.600000e+01  1.150000e+01  1.510000e+00
     vertex  2.313137e+01  1.063137e+01  1.510000e+00
     vertex  2.338564e+01  1.030000e+01  1.510000e+00
   endloop
 endfacet
 facet normal  0.000000e+00  0.000000e+00  1.000000e+00
   outer loop
     vertex  2.600000e+01  1.150000e+01  1.510000e+00
     vertex  2.338564e+01  1.030000e+01  1.510000e+00
     vertex  2.354548e+01  9.914110e+00  1.510000e+00
   endloop
 endfacet
 facet normal  0.000000e+00  0.000000e+00  1.000000e+00
   outer loop
     vertex  2.600000e+01  1.150000e+01  1.510000e+00
     vertex  2.354548e+01  9.914110e+00  1.510000e+00
     vertex  2.360000e+01  9.500000e+00  1.510000e+00
   endloop
 endfacet
 facet normal  0.000000e+00  0.000000e+00  1.000000e+00
   outer loop
     vertex  2.600000e+01  1.150000e+01  1.510000e+00
     vertex  2.360000e+01  9.500000e+00  1.510000e+00
     vertex  2.354548e+01  9.085890e+00  1.510000e+00
   endloop
 endfacet
 facet normal  0.000000e+00  0.000000e+00  1.000000e+00
   outer loop
     vertex  2.600000e+01  1.150000e+01  1.510000e+00
     vertex  2.354548e+01  9.085890e+00  1.510000e+00
     vertex  2.338564e+01  8.700000e+00  1.510000e+00
   endloop
 endfacet
 facet normal  0.000000e+00  0.000000e+00  1.000000e+00
   outer loop
     vertex  2.444504e+01  1.344986e+01  1.510000e+00
     vertex  2.400000e+01  1.350000e+01  1.510000e+00
     vertex  2.313137e+01  1.063137e+01  1.510000e+00
   endloop
 endfacet
 facet normal  0.000000e+00  0.000000e+00  1.000000e+00
   outer loop
     vertex  2.594986e+01  1.194504e+01  1.510000e+00
     vertex  2.313137e+01  1.063137e+01  1.510000e+00
     vertex  2.600000e+01  1.150000e+01  1.510000e+00
   endloop
 endfacet
 facet normal  0.000000e+00  0.000000e+00  1.000000e+00
   outer loop
     vertex  2.486777e+01  1.330194e+01  1.510000e+00
     vertex  2.444504e+01  1.344986e+01  1.510000e+00
     vertex  2.313137e+01  1.063137e+01  1.510000e+00
   endloop
 endfacet
 facet normal  0.000000e+00  0.000000e+00  1.000000e+00
   outer loop
     vertex  2.580194e+01  1.236777e+01  1.510000e+00
     vertex  2.313137e+01  1.063137e+01  1.510000e+00
     vertex  2.594986e+01  1.194504e+01  1.510000e+00
   endloop
 endfacet
 facet normal  0.000000e+00  0.000000e+00  1.000000e+00
   outer loop
     vertex  2.524698e+01  1.306366e+01  1.510000e+00
     vertex  2.486777e+01  1.330194e+01  1.510000e+00
     vertex  2.313137e+01  1.063137e+01  1.510000e+00
   endloop
 endfacet
 facet normal  0.000000e+00  0.000000e+00  1.000000e+00
   outer loop
     vertex  2.556366e+01  1.274698e+01  1.510000e+00
     vertex  2.524698e+01  1.306366e+01  1.510000e+00
     vertex  2.313137e+01  1.063137e+01  1.510000e+00
   endloop
 endfacet
 facet normal  0.000000e+00  0.000000e+00  1.000000e+00
   outer loop
     vertex  2.556366e+01  1.274698e+01  1.510000e+00
     vertex  2.313137e+01  1.063137e+01  1.510000e+00
     vertex  2.580194e+01  1.236777e+01  1.510000e+00
   endloop
 endfacet
 facet normal  0.000000e+00  0.000000e+00  1.000000e+00
   outer loop
     vertex  2.400000e+01  1.350000e+01  1.510000e+00
     vertex -2.400000e+01  1.350000e+01  1.510000e+00
     vertex  1.364404e+01  1.018265e+01  1.510000e+00
   endloop
 endfacet
 facet normal  0.000000e+00  0.000000e+00  1.000000e+00
   outer loop
     vertex  1.364404e+01  1.018265e+01  1.510000e+00
     vertex -2.400000e+01  1.350000e+01  1.510000e+00
     vertex  1.325582e+01  1.013154e+01  1.510000e+00
   endloop
 endfacet
 facet normal  0.000000e+00  0.000000e+00  1.000000e+00
   outer loop
     vertex  1.325582e+01  1.013154e+01  1.510000e+00
     vertex -2.400000e+01  1.350000e+01  1.510000e+00
     vertex  1.289404e+01  9.981692e+00  1.510000e+00
   endloop
 endfacet
 facet normal  0.000000e+00  0.000000e+00  1.000000e+00
   outer loop
     vertex  1.289404e+01  9.981692e+00  1.510000e+00
     vertex -2.400000e+01  1.350000e+01  1.510000e+00
     vertex -1.850596e+01  1.001669e+01  1.510000e+00
   endloop
 endfacet
 facet normal -9.937123e-01  1.119638e-01  0.000000e+00
   outer loop
     vertex -2.594986e+01  1.194504e+01  0.000000e+00
     vertex -2.600000e+01  1.150000e+01  0.000000e+00
     vertex -2.600000e+01  1.150000e+01  1.510000e+00
   endloop
 endfacet
 facet normal -9.937123e-01  1.119638e-01  0.000000e+00
   outer loop
     vertex -2.594986e+01  1.194504e+01  0.000000e+00
     vertex -2.600000e+01  1.150000e+01  1.510000e+00
     vertex -2.594986e+01  1.194504e+01  1.510000e+00
   endloop
 endfacet
 facet normal -9.438835e-01  3.302787e-01  0.000000e+00
   outer loop
     vertex -2.580194e+01  1.236777e+01  0.000000e+00
     vertex -2.594986e+01  1.194504e+01  1.510000e+00
     vertex -2.580194e+01  1.236777e+01  1.510000e+00
   endloop
 endfacet
 facet normal -9.438835e-01  3.302787e-01  0.000000e+00
   outer loop
     vertex -2.580194e+01  1.236777e+01  0.000000e+00
     vertex -2.594986e+01  1.194504e+01  0.000000e+00
     vertex -2.594986e+01  1.194504e+01  1.510000e+00
   endloop
 endfacet
 facet normal -8.467243e-01  5.320319e-01  0.000000e+00
   outer loop
     vertex -2.556366e+01  1.274698e+01  0.000000e+00
     vertex -2.580194e+01  1.236777e+01  1.510000e+00
     vertex -2.556366e+01  1.274698e+01  1.510000e+00
   endloop
 endfacet
 facet normal -8.467243e-01  5.320319e-01  0.000000e+00
   outer loop
     vertex -2.556366e+01  1.274698e+01  0.000000e+00
     vertex -2.580194e+01  1.236777e+01  0.000000e+00
     vertex -2.580194e+01  1.236777e+01  1.510000e+00
   endloop
 endfacet
 facet normal -7.071068e-01  7.071068e-01  0.000000e+00
   outer loop
     vertex -2.524698e+01  1.306366e+01  0.000000e+00
     vertex -2.556366e+01  1.274698e+01  1.510000e+00
     vertex -2.524698e+01  1.306366e+01  1.510000e+00
   endloop
 endfacet
 facet normal -7.071068e-01  7.071068e-01  0.000000e+00
   outer loop
     vertex -2.524698e+01  1.306366e+01  0.000000e+00
     vertex -2.556366e+01  1.274698e+01  0.000000e+00
     vertex -2.556366e+01  1.274698e+01  1.510000e+00
   endloop
 endfacet
 facet normal -5.320319e-01  8.467243e-01  0.000000e+00
   outer loop
     vertex -2.486777e+01  1.330194e+01  0.000000e+00
     vertex -2.524698e+01  1.306366e+01  1.510000e+00
     vertex -2.486777e+01  1.330194e+01  1.510000e+00
   endloop
 endfacet
 facet normal -5.320319e-01  8.467243e-01  0.000000e+00
   outer loop
     vertex -2.486777e+01  1.330194e+01  0.000000e+00
     vertex -2.524698e+01  1.306366e+01  0.000000e+00
     vertex -2.524698e+01  1.306366e+01  1.510000e+00
   endloop
 endfacet
 facet normal -3.302787e-01  9.438835e-01  0.000000e+00
   outer loop
     vertex -2.444504e+01  1.344986e+01  0.000000e+00
     vertex -2.486777e+01  1.330194e+01  1.510000e+00
     vertex -2.444504e+01  1.344986e+01  1.510000e+00
   endloop
 endfacet
 facet normal -1.119638e-01  9.937123e-01  0.000000e+00
   outer loop
     vertex -2.444504e+01  1.344986e+01  0.000000e+00
     vertex -2.444504e+01  1.344986e+01  1.510000e+00
     vertex -2.400000e+01  1.350000e+01  1.510000e+00
   endloop
 endfacet
 facet normal -3.302787e-01  9.438835e-01  0.000000e+00
   outer loop
     vertex -2.444504e+01  1.344986e+01  0.000000e+00
     vertex -2.486777e+01  1.330194e+01  0.000000e+00
     vertex -2.486777e+01  1.330194e+01  1.510000e+00
   endloop
 endfacet
 facet normal -1.119638e-01  9.937123e-01  0.000000e+00
   outer loop
     vertex -2.400000e+01  1.350000e+01  0.000000e+00
     vertex -2.444504e+01  1.344986e+01  0.000000e+00
     vertex -2.400000e+01  1.350000e+01  1.510000e+00
   endloop
 endfacet
 facet normal  9.937123e-01 -1.119638e-01  0.000000e+00
   outer loop
     vertex  2.594986e+01 -1.194504e+01  0.000000e+00
     vertex  2.600000e+01 -1.150000e+01  0.000000e+00
     vertex  2.600000e+01 -1.150000e+01  1.510000e+00
   endloop
 endfacet
 facet normal  9.937123e-01 -1.119638e-01  0.000000e+00
   outer loop
     vertex  2.594986e+01 -1.194504e+01  0.000000e+00
     vertex  2.600000e+01 -1.150000e+01  1.510000e+00
     vertex  2.594986e+01 -1.194504e+01  1.510000e+00
   endloop
 endfacet
 facet normal  9.438835e-01 -3.302787e-01  0.000000e+00
   outer loop
     vertex  2.580194e+01 -1.236777e+01  0.000000e+00
     vertex  2.594986e+01 -1.194504e+01  1.510000e+00
     vertex  2.580194e+01 -1.236777e+01  1.510000e+00
   endloop
 endfacet
 facet normal  9.438835e-01 -3.302787e-01  0.000000e+00
   outer loop
     vertex  2.580194e+01 -1.236777e+01  0.000000e+00
     vertex  2.594986e+01 -1.194504e+01  0.000000e+00
     vertex  2.594986e+01 -1.194504e+01  1.510000e+00
   endloop
 endfacet
 facet normal  8.467243e-01 -5.320319e-01  0.000000e+00
   outer loop
     vertex  2.556366e+01 -1.274698e+01  0.000000e+00
     vertex  2.580194e+01 -1.236777e+01  1.510000e+00
     vertex  2.556366e+01 -1.274698e+01  1.510000e+00
   endloop
 endfacet
 facet normal  8.467243e-01 -5.320319e-01  0.000000e+00
   outer loop
     vertex  2.556366e+01 -1.274698e+01  0.000000e+00
     vertex  2.580194e+01 -1.236777e+01  0.000000e+00
     vertex  2.580194e+01 -1.236777e+01  1.510000e+00
   endloop
 endfacet
 facet normal  7.071068e-01 -7.071068e-01  0.000000e+00
   outer loop
     vertex  2.524698e+01 -1.306366e+01  0.000000e+00
     vertex  2.556366e+01 -1.274698e+01  1.510000e+00
     vertex  2.524698e+01 -1.306366e+01  1.510000e+00
   endloop
 endfacet
 facet normal  7.071068e-01 -7.071068e-01  0.000000e+00
   outer loop
     vertex  2.524698e+01 -1.306366e+01  0.000000e+00
     vertex  2.556366e+01 -1.274698e+01  0.000000e+00
     vertex  2.556366e+01 -1.274698e+01  1.510000e+00
   endloop
 endfacet
 facet normal  5.320319e-01 -8.467243e-01  0.000000e+00
   outer loop
     vertex  2.486777e+01 -1.330194e+01  0.000000e+00
     vertex  2.524698e+01 -1.306366e+01  1.510000e+00
     vertex  2.486777e+01 -1.330194e+01  1.510000e+00
   endloop
 endfacet
 facet normal  5.320319e-01 -8.467243e-01  0.000000e+00
   outer loop
     vertex  2.486777e+01 -1.330194e+01  0.000000e+00
     vertex  2.524698e+01 -1.306366e+01  0.000000e+00
     vertex  2.524698e+01 -1.306366e+01  1.510000e+00
   endloop
 endfacet
 facet normal  3.302787e-01 -9.438835e-01  0.000000e+00
   outer loop
     vertex  2.444504e+01 -1.344986e+01  0.000000e+00
     vertex  2.486777e+01 -1.330194e+01  1.510000e+00
     vertex  2.444504e+01 -1.344986e+01  1.510000e+00
   endloop
 endfacet
 facet normal  1.119638e-01 -9.937123e-01  0.000000e+00
   outer loop
     vertex  2.444504e+01 -1.344986e+01  0.000000e+00
     vertex  2.444504e+01 -1.344986e+01  1.510000e+00
     vertex  2.400000e+01 -1.350000e+01  1.510000e+00
   endloop
 endfacet
 facet normal  3.302787e-01 -9.438835e-01  0.000000e+00
   outer loop
     vertex  2.444504e+01 -1.344986e+01  0.000000e+00
     vertex  2.486777e+01 -1.330194e+01  0.000000e+00
     vertex  2.486777e+01 -1.330194e+01  1.510000e+00
   endloop
 endfacet
 facet normal  1.119638e-01 -9.937123e-01  0.000000e+00
   outer loop
     vertex  2.400000e+01 -1.350000e+01  0.000000e+00
     vertex  2.444504e+01 -1.344986e+01  0.000000e+00
     vertex  2.400000e+01 -1.350000e+01  1.510000e+00
   endloop
 endfacet
 facet normal -1.000000e+00  0.000000e+00  0.000000e+00
   outer loop
     vertex -2.600000e+01  1.150000e+01  0.000000e+00
     vertex -2.600000e+01 -1.150000e+01  0.000000e+00
     vertex -2.600000e+01 -1.150000e+01  1.510000e+00
   endloop
 endfacet
 facet normal -1.000000e+00  0.000000e+00  0.000000e+00
   outer loop
     vertex -2.600000e+01  1.150000e+01  0.000000e+00
     vertex -2.600000e+01 -1.150000e+01  1.510000e+00
     vertex -2.600000e+01  1.150000e+01  1.510000e+00
   endloop
 endfacet
 facet normal  0.000000e+00 -1.000000e+00  0.000000e+00
   outer loop
     vertex -2.400000e+01 -1.350000e+01  0.000000e+00
     vertex  2.400000e+01 -1.350000e+01  0.000000e+00
     vertex  2.400000e+01 -1.350000e+01  1.510000e+00
   endloop
 endfacet
 facet normal  0.000000e+00 -1.000000e+00  0.000000e+00
   outer loop
     vertex -2.400000e+01 -1.350000e+01  0.000000e+00
     vertex  2.400000e+01 -1.350000e+01  1.510000e+00
     vertex -2.400000e+01 -1.350000e+01  1.510000e+00
   endloop
 endfacet
 facet normal -1.119638e-01 -9.937123e-01  0.000000e+00
   outer loop
     vertex -2.444504e+01 -1.344986e+01  0.000000e+00
     vertex -2.400000e+01 -1.350000e+01  0.000000e+00
     vertex -2.400000e+01 -1.350000e+01  1.510000e+00
   endloop
 endfacet
 facet normal -1.119638e-01 -9.937123e-01  0.000000e+00
   outer loop
     vertex -2.444504e+01 -1.344986e+01  0.000000e+00
     vertex -2.400000e+01 -1.350000e+01  1.510000e+00
     vertex -2.444504e+01 -1.344986e+01  1.510000e+00
   endloop
 endfacet
 facet normal -3.302787e-01 -9.438835e-01  0.000000e+00
   outer loop
     vertex -2.486777e+01 -1.330194e+01  0.000000e+00
     vertex -2.444504e+01 -1.344986e+01  1.510000e+00
     vertex -2.486777e+01 -1.330194e+01  1.510000e+00
   endloop
 endfacet
 facet normal -3.302787e-01 -9.438835e-01  0.000000e+00
   outer loop
     vertex -2.486777e+01 -1.330194e+01  0.000000e+00
     vertex -2.444504e+01 -1.344986e+01  0.000000e+00
     vertex -2.444504e+01 -1.344986e+01  1.510000e+00
   endloop
 endfacet
 facet normal -5.320319e-01 -8.467243e-01  0.000000e+00
   outer loop
     vertex -2.524698e+01 -1.306366e+01  0.000000e+00
     vertex -2.486777e+01 -1.330194e+01  1.510000e+00
     vertex -2.524698e+01 -1.306366e+01  1.510000e+00
   endloop
 endfacet
 facet normal -5.320319e-01 -8.467243e-01  0.000000e+00
   outer loop
     vertex -2.524698e+01 -1.306366e+01  0.000000e+00
     vertex -2.486777e+01 -1.330194e+01  0.000000e+00
     vertex -2.486777e+01 -1.330194e+01  1.510000e+00
   endloop
 endfacet
 facet normal -7.071068e-01 -7.071068e-01  0.000000e+00
   outer loop
     vertex -2.556366e+01 -1.274698e+01  0.000000e+00
     vertex -2.524698e+01 -1.306366e+01  1.510000e+00
     vertex -2.556366e+01 -1.274698e+01  1.510000e+00
   endloop
 endfacet
 facet normal -7.071068e-01 -7.071068e-01  0.000000e+00
   outer loop
     vertex -2.556366e+01 -1.274698e+01  0.000000e+00
     vertex -2.524698e+01 -1.306366e+01  0.000000e+00
     vertex -2.524698e+01 -1.306366e+01  1.510000e+00
   endloop
 endfacet
 facet normal -8.467243e-01 -5.320319e-01  0.000000e+00
   outer loop
     vertex -2.580194e+01 -1.236777e+01  0.000000e+00
     vertex -2.556366e+01 -1.274698e+01  1.510000e+00
     vertex -2.580194e+01 -1.236777e+01  1.510000e+00
   endloop
 endfacet
 facet normal -8.467243e-01 -5.320319e-01  0.000000e+00
   outer loop
     vertex -2.580194e+01 -1.236777e+01  0.000000e+00
     vertex -2.556366e+01 -1.274698e+01  0.000000e+00
     vertex -2.556366e+01 -1.274698e+01  1.510000e+00
   endloop
 endfacet
 facet normal -9.438835e-01 -3.302787e-01  0.000000e+00
   outer loop
     vertex -2.594986e+01 -1.194504e+01  0.000000e+00
     vertex -2.580194e+01 -1.236777e+01  1.510000e+00
     vertex -2.594986e+01 -1.194504e+01  1.510000e+00
   endloop
 endfacet
 facet normal -9.937123e-01 -1.119638e-01  0.000000e+00
   outer loop
     vertex -2.594986e+01 -1.194504e+01  0.000000e+00
     vertex -2.594986e+01 -1.194504e+01  1.510000e+00
     vertex -2.600000e+01 -1.150000e+01  1.510000e+00
   endloop
 endfacet
 facet normal -9.438835e-01 -3.302787e-01  0.000000e+00
   outer loop
     vertex -2.594986e+01 -1.194504e+01  0.000000e+00
     vertex -2.580194e+01 -1.236777e+01  0.000000e+00
     vertex -2.580194e+01 -1.236777e+01  1.510000e+00
   endloop
 endfacet
 facet normal -9.937123e-01 -1.119638e-01  0.000000e+00
   outer loop
     vertex -2.600000e+01 -1.150000e+01  0.000000e+00
     vertex -2.594986e+01 -1.194504e+01  0.000000e+00
     vertex -2.600000e+01 -1.150000e+01  1.510000e+00
   endloop
 endfacet
 facet normal -1.305262e-01  9.914449e-01  0.000000e+00
   outer loop
     vertex -2.158589e+01 -1.104548e+01  0.000000e+00
     vertex -2.200000e+01 -1.110000e+01  0.000000e+00
     vertex -2.200000e+01 -1.110000e+01  1.510000e+00
   endloop
 endfacet
 facet normal -1.305262e-01  9.914449e-01  0.000000e+00
   outer loop
     vertex -2.158589e+01 -1.104548e+01  0.000000e+00
     vertex -2.200000e+01 -1.110000e+01  1.510000e+00
     vertex -2.158589e+01 -1.104548e+01  1.510000e+00
   endloop
 endfacet
 facet normal -3.826834e-01  9.238795e-01  0.000000e+00
   outer loop
     vertex -2.120000e+01 -1.088564e+01  0.000000e+00
     vertex -2.158589e+01 -1.104548e+01  1.510000e+00
     vertex -2.120000e+01 -1.088564e+01  1.510000e+00
   endloop
 endfacet
 facet normal -3.826834e-01  9.238795e-01  0.000000e+00
   outer loop
     vertex -2.120000e+01 -1.088564e+01  0.000000e+00
     vertex -2.158589e+01 -1.104548e+01  0.000000e+00
     vertex -2.158589e+01 -1.104548e+01  1.510000e+00
   endloop
 endfacet
 facet normal -6.087614e-01  7.933533e-01  0.000000e+00
   outer loop
     vertex -2.086863e+01 -1.063137e+01  0.000000e+00
     vertex -2.120000e+01 -1.088564e+01  1.510000e+00
     vertex -2.086863e+01 -1.063137e+01  1.510000e+00
   endloop
 endfacet
 facet normal -6.087614e-01  7.933533e-01  0.000000e+00
   outer loop
     vertex -2.086863e+01 -1.063137e+01  0.000000e+00
     vertex -2.120000e+01 -1.088564e+01  0.000000e+00
     vertex -2.120000e+01 -1.088564e+01  1.510000e+00
   endloop
 endfacet
 facet normal -7.933533e-01  6.087614e-01  0.000000e+00
   outer loop
     vertex -2.061436e+01 -1.030000e+01  0.000000e+00
     vertex -2.086863e+01 -1.063137e+01  1.510000e+00
     vertex -2.061436e+01 -1.030000e+01  1.510000e+00
   endloop
 endfacet
 facet normal -7.933533e-01  6.087614e-01  0.000000e+00
   outer loop
     vertex -2.061436e+01 -1.030000e+01  0.000000e+00
     vertex -2.086863e+01 -1.063137e+01  0.000000e+00
     vertex -2.086863e+01 -1.063137e+01  1.510000e+00
   endloop
 endfacet
 facet normal -9.238795e-01  3.826834e-01  0.000000e+00
   outer loop
     vertex -2.045452e+01 -9.914110e+00  0.000000e+00
     vertex -2.061436e+01 -1.030000e+01  1.510000e+00
     vertex -2.045452e+01 -9.914110e+00  1.510000e+00
   endloop
 endfacet
 facet normal -9.238795e-01  3.826834e-01  0.000000e+00
   outer loop
     vertex -2.045452e+01 -9.914110e+00  0.000000e+00
     vertex -2.061436e+01 -1.030000e+01  0.000000e+00
     vertex -2.061436e+01 -1.030000e+01  1.510000e+00
   endloop
 endfacet
 facet normal -9.914449e-01  1.305262e-01  0.000000e+00
   outer loop
     vertex -2.040000e+01 -9.500000e+00  0.000000e+00
     vertex -2.045452e+01 -9.914110e+00  1.510000e+00
     vertex -2.040000e+01 -9.500000e+00  1.510000e+00
   endloop
 endfacet
 facet normal -9.914449e-01  1.305262e-01  0.000000e+00
   outer loop
     vertex -2.040000e+01 -9.500000e+00  0.000000e+00
     vertex -2.045452e+01 -9.914110e+00  0.000000e+00
     vertex -2.045452e+01 -9.914110e+00  1.510000e+00
   endloop
 endfacet
 facet normal -9.914449e-01 -1.305262e-01  0.000000e+00
   outer loop
     vertex -2.045452e+01 -9.085890e+00  0.000000e+00
     vertex -2.040000e+01 -9.500000e+00  1.510000e+00
     vertex -2.045452e+01 -9.085890e+00  1.510000e+00
   endloop
 endfacet
 facet normal -9.914449e-01 -1.305262e-01  0.000000e+00
   outer loop
     vertex -2.045452e+01 -9.085890e+00  0.000000e+00
     vertex -2.040000e+01 -9.500000e+00  0.000000e+00
     vertex -2.040000e+01 -9.500000e+00  1.510000e+00
   endloop
 endfacet
 facet normal -9.238795e-01 -3.826834e-01  0.000000e+00
   outer loop
     vertex -2.061436e+01 -8.700000e+00  0.000000e+00
     vertex -2.045452e+01 -9.085890e+00  1.510000e+00
     vertex -2.061436e+01 -8.700000e+00  1.510000e+00
   endloop
 endfacet
 facet normal -9.238795e-01 -3.826834e-01  0.000000e+00
   outer loop
     vertex -2.061436e+01 -8.700000e+00  0.000000e+00
     vertex -2.045452e+01 -9.085890e+00  0.000000e+00
     vertex -2.045452e+01 -9.085890e+00  1.510000e+00
   endloop
 endfacet
 facet normal -7.933533e-01 -6.087614e-01  0.000000e+00
   outer loop
     vertex -2.086863e+01 -8.368629e+00  0.000000e+00
     vertex -2.061436e+01 -8.700000e+00  1.510000e+00
     vertex -2.086863e+01 -8.368629e+00  1.510000e+00
   endloop
 endfacet
 facet normal -7.933533e-01 -6.087614e-01  0.000000e+00
   outer loop
     vertex -2.086863e+01 -8.368629e+00  0.000000e+00
     vertex -2.061436e+01 -8.700000e+00  0.000000e+00
     vertex -2.061436e+01 -8.700000e+00  1.510000e+00
   endloop
 endfacet
 facet normal -6.087614e-01 -7.933533e-01  0.000000e+00
   outer loop
     vertex -2.120000e+01 -8.114359e+00  0.000000e+00
     vertex -2.086863e+01 -8.368629e+00  1.510000e+00
     vertex -2.120000e+01 -8.114359e+00  1.510000e+00
   endloop
 endfacet
 facet normal -6.087614e-01 -7.933533e-01  0.000000e+00
   outer loop
     vertex -2.120000e+01 -8.114359e+00  0.000000e+00
     vertex -2.086863e+01 -8.368629e+00  0.000000e+00
     vertex -2.086863e+01 -8.368629e+00  1.510000e+00
   endloop
 endfacet
 facet normal -3.826834e-01 -9.238795e-01  0.000000e+00
   outer loop
     vertex -2.158589e+01 -7.954519e+00  0.000000e+00
     vertex -2.120000e+01 -8.114359e+00  1.510000e+00
     vertex -2.158589e+01 -7.954519e+00  1.510000e+00
   endloop
 endfacet
 facet normal -3.826834e-01 -9.238795e-01  0.000000e+00
   outer loop
     vertex -2.158589e+01 -7.954519e+00  0.000000e+00
     vertex -2.120000e+01 -8.114359e+00  0.000000e+00
     vertex -2.120000e+01 -8.114359e+00  1.510000e+00
   endloop
 endfacet
 facet normal -1.305262e-01 -9.914449e-01  0.000000e+00
   outer loop
     vertex -2.200000e+01 -7.900000e+00  0.000000e+00
     vertex -2.158589e+01 -7.954519e+00  1.510000e+00
     vertex -2.200000e+01 -7.900000e+00  1.510000e+00
   endloop
 endfacet
 facet normal -1.305262e-01 -9.914449e-01  0.000000e+00
   outer loop
     vertex -2.200000e+01 -7.900000e+00  0.000000e+00
     vertex -2.158589e+01 -7.954519e+00  0.000000e+00
     vertex -2.158589e+01 -7.954519e+00  1.510000e+00
   endloop
 endfacet
 facet normal  1.305262e-01 -9.914449e-01  0.000000e+00
   outer loop
     vertex -2.241411e+01 -7.954519e+00  0.000000e+00
     vertex -2.200000e+01 -7.900000e+00  1.510000e+00
     vertex -2.241411e+01 -7.954519e+00  1.510000e+00
   endloop
 endfacet
 facet normal  1.305262e-01 -9.914449e-01  0.000000e+00
   outer loop
     vertex -2.241411e+01 -7.954519e+00  0.000000e+00
     vertex -2.200000e+01 -7.900000e+00  0.000000e+00
     vertex -2.200000e+01 -7.900000e+00  1.510000e+00
   endloop
 endfacet
 facet normal  3.826834e-01 -9.238795e-01  0.000000e+00
   outer loop
     vertex -2.280000e+01 -8.114359e+00  0.000000e+00
     vertex -2.241411e+01 -7.954519e+00  0.000000e+00
     vertex -2.241411e+01 -7.954519e+00  1.510000e+00
   endloop
 endfacet
 facet normal  3.826834e-01 -9.238795e-01  0.000000e+00
   outer loop
     vertex -2.280000e+01 -8.114359e+00  0.000000e+00
     vertex -2.241411e+01 -7.954519e+00  1.510000e+00
     vertex -2.280000e+01 -8.114359e+00  1.510000e+00
   endloop
 endfacet
 facet normal  6.087614e-01 -7.933533e-01  0.000000e+00
   outer loop
     vertex -2.313137e+01 -8.368629e+00  0.000000e+00
     vertex -2.280000e+01 -8.114359e+00  0.000000e+00
     vertex -2.280000e+01 -8.114359e+00  1.510000e+00
   endloop
 endfacet
 facet normal  7.933533e-01 -6.087614e-01  0.000000e+00
   outer loop
     vertex -2.313137e+01 -8.368629e+00  0.000000e+00
     vertex -2.313137e+01 -8.368629e+00  1.510000e+00
     vertex -2.338564e+01 -8.700000e+00  1.510000e+00
   endloop
 endfacet
 facet normal  6.087614e-01 -7.933533e-01  0.000000e+00
   outer loop
     vertex -2.313137e+01 -8.368629e+00  0.000000e+00
     vertex -2.280000e+01 -8.114359e+00  1.510000e+00
     vertex -2.313137e+01 -8.368629e+00  1.510000e+00
   endloop
 endfacet
 facet normal  7.933533e-01 -6.087614e-01  0.000000e+00
   outer loop
     vertex -2.338564e+01 -8.700000e+00  0.000000e+00
     vertex -2.313137e+01 -8.368629e+00  0.000000e+00
     vertex -2.338564e+01 -8.700000e+00  1.510000e+00
   endloop
 endfacet
 facet normal  9.238795e-01 -3.826834e-01  0.000000e+00
   outer loop
     vertex -2.338564e+01 -8.700000e+00  0.000000e+00
     vertex -2.338564e+01 -8.700000e+00  1.510000e+00
     vertex -2.354548e+01 -9.085890e+00  1.510000e+00
   endloop
 endfacet
 facet normal  9.238795e-01 -3.826834e-01  0.000000e+00
   outer loop
     vertex -2.354548e+01 -9.085890e+00  0.000000e+00
     vertex -2.338564e+01 -8.700000e+00  0.000000e+00
     vertex -2.354548e+01 -9.085890e+00  1.510000e+00
   endloop
 endfacet
 facet normal  9.914449e-01 -1.305262e-01  0.000000e+00
   outer loop
     vertex -2.360000e+01 -9.500000e+00  0.000000e+00
     vertex -2.354548e+01 -9.085890e+00  0.000000e+00
     vertex -2.354548e+01 -9.085890e+00  1.510000e+00
   endloop
 endfacet
 facet normal  9.914449e-01 -1.305262e-01  0.000000e+00
   outer loop
     vertex -2.360000e+01 -9.500000e+00  0.000000e+00
     vertex -2.354548e+01 -9.085890e+00  1.510000e+00
     vertex -2.360000e+01 -9.500000e+00  1.510000e+00
   endloop
 endfacet
 facet normal  9.914449e-01  1.305262e-01 -0.000000e+00
   outer loop
     vertex -2.354548e+01 -9.914110e+00  0.000000e+00
     vertex -2.360000e+01 -9.500000e+00  1.510000e+00
     vertex -2.354548e+01 -9.914110e+00  1.510000e+00
   endloop
 endfacet
 facet normal  9.914449e-01  1.305262e-01  0.000000e+00
   outer loop
     vertex -2.354548e+01 -9.914110e+00  0.000000e+00
     vertex -2.360000e+01 -9.500000e+00  0.000000e+00
     vertex -2.360000e+01 -9.500000e+00  1.510000e+00
   endloop
 endfacet
 facet normal  9.238795e-01  3.826834e-01 -0.000000e+00
   outer loop
     vertex -2.338564e+01 -1.030000e+01  0.000000e+00
     vertex -2.354548e+01 -9.914110e+00  1.510000e+00
     vertex -2.338564e+01 -1.030000e+01  1.510000e+00
   endloop
 endfacet
 facet normal  9.238795e-01  3.826834e-01  0.000000e+00
   outer loop
     vertex -2.338564e+01 -1.030000e+01  0.000000e+00
     vertex -2.354548e+01 -9.914110e+00  0.000000e+00
     vertex -2.354548e+01 -9.914110e+00  1.510000e+00
   endloop
 endfacet
 facet normal  6.087614e-01  7.933533e-01 -0.000000e+00
   outer loop
     vertex -2.313137e+01 -1.063137e+01  0.000000e+00
     vertex -2.313137e+01 -1.063137e+01  1.510000e+00
     vertex -2.280000e+01 -1.088564e+01  1.510000e+00
   endloop
 endfacet
 facet normal  7.933533e-01  6.087614e-01 -0.000000e+00
   outer loop
     vertex -2.313137e+01 -1.063137e+01  0.000000e+00
     vertex -2.338564e+01 -1.030000e+01  1.510000e+00
     vertex -2.313137e+01 -1.063137e+01  1.510000e+00
   endloop
 endfacet
 facet normal  7.933533e-01  6.087614e-01  0.000000e+00
   outer loop
     vertex -2.313137e+01 -1.063137e+01  0.000000e+00
     vertex -2.338564e+01 -1.030000e+01  0.000000e+00
     vertex -2.338564e+01 -1.030000e+01  1.510000e+00
   endloop
 endfacet
 facet normal  6.087614e-01  7.933533e-01 -0.000000e+00
   outer loop
     vertex -2.280000e+01 -1.088564e+01  0.000000e+00
     vertex -2.313137e+01 -1.063137e+01  0.000000e+00
     vertex -2.280000e+01 -1.088564e+01  1.510000e+00
   endloop
 endfacet
 facet normal  3.826834e-01  9.238795e-01 -0.000000e+00
   outer loop
     vertex -2.241411e+01 -1.104548e+01  0.000000e+00
     vertex -2.280000e+01 -1.088564e+01  1.510000e+00
     vertex -2.241411e+01 -1.104548e+01  1.510000e+00
   endloop
 endfacet
 facet normal  3.826834e-01  9.238795e-01  0.000000e+00
   outer loop
     vertex -2.241411e+01 -1.104548e+01  0.000000e+00
     vertex -2.280000e+01 -1.088564e+01  0.000000e+00
     vertex -2.280000e+01 -1.088564e+01  1.510000e+00
   endloop
 endfacet
 facet normal  1.305262e-01  9.914449e-01 -0.000000e+00
   outer loop
     vertex -2.200000e+01 -1.110000e+01  0.000000e+00
     vertex -2.241411e+01 -1.104548e+01  1.510000e+00
     vertex -2.200000e+01 -1.110000e+01  1.510000e+00
   endloop
 endfacet
 facet normal  1.305262e-01  9.914449e-01  0.000000e+00
   outer loop
     vertex -2.200000e+01 -1.110000e+01  0.000000e+00
     vertex -2.241411e+01 -1.104548e+01  0.000000e+00
     vertex -2.241411e+01 -1.104548e+01  1.510000e+00
   endloop
 endfacet
 facet normal -1.305262e-01  9.914449e-01  0.000000e+00
   outer loop
     vertex -1.537059e+01 -6.982963e+00  0.000000e+00
     vertex -1.550000e+01 -7.000000e+00  0.000000e+00
     vertex -1.550000e+01 -7.000000e+00  1.510000e+00
   endloop
 endfacet
 facet normal -1.305262e-01  9.914449e-01  0.000000e+00
   outer loop
     vertex -1.537059e+01 -6.982963e+00  0.000000e+00
     vertex -1.550000e+01 -7.000000e+00  1.510000e+00
     vertex -1.537059e+01 -6.982963e+00  1.510000e+00
   endloop
 endfacet
 facet normal -3.826834e-01  9.238795e-01  0.000000e+00
   outer loop
     vertex -1.525000e+01 -6.933013e+00  0.000000e+00
     vertex -1.537059e+01 -6.982963e+00  1.510000e+00
     vertex -1.525000e+01 -6.933013e+00  1.510000e+00
   endloop
 endfacet
 facet normal -3.826834e-01  9.238795e-01  0.000000e+00
   outer loop
     vertex -1.525000e+01 -6.933013e+00  0.000000e+00
     vertex -1.537059e+01 -6.982963e+00  0.000000e+00
     vertex -1.537059e+01 -6.982963e+00  1.510000e+00
   endloop
 endfacet
 facet normal -6.087614e-01  7.933533e-01  0.000000e+00
   outer loop
     vertex -1.514645e+01 -6.853553e+00  0.000000e+00
     vertex -1.525000e+01 -6.933013e+00  1.510000e+00
     vertex -1.514645e+01 -6.853553e+00  1.510000e+00
   endloop
 endfacet
 facet normal -6.087614e-01  7.933533e-01  0.000000e+00
   outer loop
     vertex -1.514645e+01 -6.853553e+00  0.000000e+00
     vertex -1.525000e+01 -6.933013e+00  0.000000e+00
     vertex -1.525000e+01 -6.933013e+00  1.510000e+00
   endloop
 endfacet
 facet normal -7.933533e-01  6.087614e-01  0.000000e+00
   outer loop
     vertex -1.506699e+01 -6.750000e+00  0.000000e+00
     vertex -1.514645e+01 -6.853553e+00  1.510000e+00
     vertex -1.506699e+01 -6.750000e+00  1.510000e+00
   endloop
 endfacet
 facet normal -7.933533e-01  6.087614e-01  0.000000e+00
   outer loop
     vertex -1.506699e+01 -6.750000e+00  0.000000e+00
     vertex -1.514645e+01 -6.853553e+00  0.000000e+00
     vertex -1.514645e+01 -6.853553e+00  1.510000e+00
   endloop
 endfacet
 facet normal -9.238795e-01  3.826834e-01  0.000000e+00
   outer loop
     vertex -1.501704e+01 -6.629410e+00  0.000000e+00
     vertex -1.506699e+01 -6.750000e+00  1.510000e+00
     vertex -1.501704e+01 -6.629410e+00  1.510000e+00
   endloop
 endfacet
 facet normal -9.238795e-01  3.826834e-01  0.000000e+00
   outer loop
     vertex -1.501704e+01 -6.629410e+00  0.000000e+00
     vertex -1.506699e+01 -6.750000e+00  0.000000e+00
     vertex -1.506699e+01 -6.750000e+00  1.510000e+00
   endloop
 endfacet
 facet normal -9.914449e-01  1.305262e-01  0.000000e+00
   outer loop
     vertex -1.500000e+01 -6.500000e+00  0.000000e+00
     vertex -1.501704e+01 -6.629410e+00  1.510000e+00
     vertex -1.500000e+01 -6.500000e+00  1.510000e+00
   endloop
 endfacet
 facet normal -9.914449e-01  1.305262e-01  0.000000e+00
   outer loop
     vertex -1.500000e+01 -6.500000e+00  0.000000e+00
     vertex -1.501704e+01 -6.629410e+00  0.000000e+00
     vertex -1.501704e+01 -6.629410e+00  1.510000e+00
   endloop
 endfacet
 facet normal -9.914449e-01 -1.305262e-01  0.000000e+00
   outer loop
     vertex -1.501704e+01 -6.370590e+00  0.000000e+00
     vertex -1.500000e+01 -6.500000e+00  1.510000e+00
     vertex -1.501704e+01 -6.370590e+00  1.510000e+00
   endloop
 endfacet
 facet normal -9.914449e-01 -1.305262e-01  0.000000e+00
   outer loop
     vertex -1.501704e+01 -6.370590e+00  0.000000e+00
     vertex -1.500000e+01 -6.500000e+00  0.000000e+00
     vertex -1.500000e+01 -6.500000e+00  1.510000e+00
   endloop
 endfacet
 facet normal -9.238795e-01 -3.826834e-01  0.000000e+00
   outer loop
     vertex -1.506699e+01 -6.250000e+00  0.000000e+00
     vertex -1.501704e+01 -6.370590e+00  1.510000e+00
     vertex -1.506699e+01 -6.250000e+00  1.510000e+00
   endloop
 endfacet
 facet normal -9.238795e-01 -3.826834e-01  0.000000e+00
   outer loop
     vertex -1.506699e+01 -6.250000e+00  0.000000e+00
     vertex -1.501704e+01 -6.370590e+00  0.000000e+00
     vertex -1.501704e+01 -6.370590e+00  1.510000e+00
   endloop
 endfacet
 facet normal -7.933533e-01 -6.087614e-01  0.000000e+00
   outer loop
     vertex -1.514645e+01 -6.146447e+00  0.000000e+00
     vertex -1.506699e+01 -6.250000e+00  1.510000e+00
     vertex -1.514645e+01 -6.146447e+00  1.510000e+00
   endloop
 endfacet
 facet normal -7.933533e-01 -6.087614e-01  0.000000e+00
   outer loop
     vertex -1.514645e+01 -6.146447e+00  0.000000e+00
     vertex -1.506699e+01 -6.250000e+00  0.000000e+00
     vertex -1.506699e+01 -6.250000e+00  1.510000e+00
   endloop
 endfacet
 facet normal -6.087614e-01 -7.933533e-01  0.000000e+00
   outer loop
     vertex -1.525000e+01 -6.066987e+00  0.000000e+00
     vertex -1.514645e+01 -6.146447e+00  1.510000e+00
     vertex -1.525000e+01 -6.066987e+00  1.510000e+00
   endloop
 endfacet
 facet normal -6.087614e-01 -7.933533e-01  0.000000e+00
   outer loop
     vertex -1.525000e+01 -6.066987e+00  0.000000e+00
     vertex -1.514645e+01 -6.146447e+00  0.000000e+00
     vertex -1.514645e+01 -6.146447e+00  1.510000e+00
   endloop
 endfacet
 facet normal -3.826834e-01 -9.238795e-01  0.000000e+00
   outer loop
     vertex -1.537059e+01 -6.017037e+00  0.000000e+00
     vertex -1.525000e+01 -6.066987e+00  1.510000e+00
     vertex -1.537059e+01 -6.017037e+00  1.510000e+00
   endloop
 endfacet
 facet normal -3.826834e-01 -9.238795e-01  0.000000e+00
   outer loop
     vertex -1.537059e+01 -6.017037e+00  0.000000e+00
     vertex -1.525000e+01 -6.066987e+00  0.000000e+00
     vertex -1.525000e+01 -6.066987e+00  1.510000e+00
   endloop
 endfacet
 facet normal -1.305262e-01 -9.914449e-01  0.000000e+00
   outer loop
     vertex -1.550000e+01 -6.000000e+00  0.000000e+00
     vertex -1.537059e+01 -6.017037e+00  1.510000e+00
     vertex -1.550000e+01 -6.000000e+00  1.510000e+00
   endloop
 endfacet
 facet normal -1.305262e-01 -9.914449e-01  0.000000e+00
   outer loop
     vertex -1.550000e+01 -6.000000e+00  0.000000e+00
     vertex -1.537059e+01 -6.017037e+00  0.000000e+00
     vertex -1.537059e+01 -6.017037e+00  1.510000e+00
   endloop
 endfacet
 facet normal  1.305262e-01 -9.914449e-01  0.000000e+00
   outer loop
     vertex -1.562941e+01 -6.017037e+00  0.000000e+00
     vertex -1.550000e+01 -6.000000e+00  1.510000e+00
     vertex -1.562941e+01 -6.017037e+00  1.510000e+00
   endloop
 endfacet
 facet normal  1.305262e-01 -9.914449e-01  0.000000e+00
   outer loop
     vertex -1.562941e+01 -6.017037e+00  0.000000e+00
     vertex -1.550000e+01 -6.000000e+00  0.000000e+00
     vertex -1.550000e+01 -6.000000e+00  1.510000e+00
   endloop
 endfacet
 facet normal  3.826834e-01 -9.238795e-01  0.000000e+00
   outer loop
     vertex -1.575000e+01 -6.066987e+00  0.000000e+00
     vertex -1.562941e+01 -6.017037e+00  0.000000e+00
     vertex -1.562941e+01 -6.017037e+00  1.510000e+00
   endloop
 endfacet
 facet normal  3.826834e-01 -9.238795e-01  0.000000e+00
   outer loop
     vertex -1.575000e+01 -6.066987e+00  0.000000e+00
     vertex -1.562941e+01 -6.017037e+00  1.510000e+00
     vertex -1.575000e+01 -6.066987e+00  1.510000e+00
   endloop
 endfacet
 facet normal  6.087614e-01 -7.933533e-01  0.000000e+00
   outer loop
     vertex -1.585355e+01 -6.146447e+00  0.000000e+00
     vertex -1.575000e+01 -6.066987e+00  0.000000e+00
     vertex -1.575000e+01 -6.066987e+00  1.510000e+00
   endloop
 endfacet
 facet normal  7.933533e-01 -6.087614e-01  0.000000e+00
   outer loop
     vertex -1.585355e+01 -6.146447e+00  0.000000e+00
     vertex -1.585355e+01 -6.146447e+00  1.510000e+00
     vertex -1.593301e+01 -6.250000e+00  1.510000e+00
   endloop
 endfacet
 facet normal  6.087614e-01 -7.933533e-01  0.000000e+00
   outer loop
     vertex -1.585355e+01 -6.146447e+00  0.000000e+00
     vertex -1.575000e+01 -6.066987e+00  1.510000e+00
     vertex -1.585355e+01 -6.146447e+00  1.510000e+00
   endloop
 endfacet
 facet normal  7.933533e-01 -6.087614e-01  0.000000e+00
   outer loop
     vertex -1.593301e+01 -6.250000e+00  0.000000e+00
     vertex -1.585355e+01 -6.146447e+00  0.000000e+00
     vertex -1.593301e+01 -6.250000e+00  1.510000e+00
   endloop
 endfacet
 facet normal  9.238795e-01 -3.826834e-01  0.000000e+00
   outer loop
     vertex -1.593301e+01 -6.250000e+00  0.000000e+00
     vertex -1.593301e+01 -6.250000e+00  1.510000e+00
     vertex -1.598296e+01 -6.370590e+00  1.510000e+00
   endloop
 endfacet
 facet normal  9.238795e-01 -3.826834e-01  0.000000e+00
   outer loop
     vertex -1.598296e+01 -6.370590e+00  0.000000e+00
     vertex -1.593301e+01 -6.250000e+00  0.000000e+00
     vertex -1.598296e+01 -6.370590e+00  1.510000e+00
   endloop
 endfacet
 facet normal  9.914449e-01 -1.305262e-01  0.000000e+00
   outer loop
     vertex -1.600000e+01 -6.500000e+00  0.000000e+00
     vertex -1.598296e+01 -6.370590e+00  0.000000e+00
     vertex -1.598296e+01 -6.370590e+00  1.510000e+00
   endloop
 endfacet
 facet normal  9.914449e-01 -1.305262e-01  0.000000e+00
   outer loop
     vertex -1.600000e+01 -6.500000e+00  0.000000e+00
     vertex -1.598296e+01 -6.370590e+00  1.510000e+00
     vertex -1.600000e+01 -6.500000e+00  1.510000e+00
   endloop
 endfacet
 facet normal  9.914449e-01  1.305262e-01 -0.000000e+00
   outer loop
     vertex -1.598296e+01 -6.629410e+00  0.000000e+00
     vertex -1.600000e+01 -6.500000e+00  1.510000e+00
     vertex -1.598296e+01 -6.629410e+00  1.510000e+00
   endloop
 endfacet
 facet normal  9.914449e-01  1.305262e-01  0.000000e+00
   outer loop
     vertex -1.598296e+01 -6.629410e+00  0.000000e+00
     vertex -1.600000e+01 -6.500000e+00  0.000000e+00
     vertex -1.600000e+01 -6.500000e+00  1.510000e+00
   endloop
 endfacet
 facet normal  9.238795e-01  3.826834e-01 -0.000000e+00
   outer loop
     vertex -1.593301e+01 -6.750000e+00  0.000000e+00
     vertex -1.598296e+01 -6.629410e+00  1.510000e+00
     vertex -1.593301e+01 -6.750000e+00  1.510000e+00
   endloop
 endfacet
 facet normal  9.238795e-01  3.826834e-01  0.000000e+00
   outer loop
     vertex -1.593301e+01 -6.750000e+00  0.000000e+00
     vertex -1.598296e+01 -6.629410e+00  0.000000e+00
     vertex -1.598296e+01 -6.629410e+00  1.510000e+00
   endloop
 endfacet
 facet normal  6.087614e-01  7.933533e-01 -0.000000e+00
   outer loop
     vertex -1.585355e+01 -6.853553e+00  0.000000e+00
     vertex -1.585355e+01 -6.853553e+00  1.510000e+00
     vertex -1.575000e+01 -6.933013e+00  1.510000e+00
   endloop
 endfacet
 facet normal  7.933533e-01  6.087614e-01 -0.000000e+00
   outer loop
     vertex -1.585355e+01 -6.853553e+00  0.000000e+00
     vertex -1.593301e+01 -6.750000e+00  1.510000e+00
     vertex -1.585355e+01 -6.853553e+00  1.510000e+00
   endloop
 endfacet
 facet normal  7.933533e-01  6.087614e-01  0.000000e+00
   outer loop
     vertex -1.585355e+01 -6.853553e+00  0.000000e+00
     vertex -1.593301e+01 -6.750000e+00  0.000000e+00
     vertex -1.593301e+01 -6.750000e+00  1.510000e+00
   endloop
 endfacet
 facet normal  6.087614e-01  7.933533e-01 -0.000000e+00
   outer loop
     vertex -1.575000e+01 -6.933013e+00  0.000000e+00
     vertex -1.585355e+01 -6.853553e+00  0.000000e+00
     vertex -1.575000e+01 -6.933013e+00  1.510000e+00
   endloop
 endfacet
 facet normal  3.826834e-01  9.238795e-01 -0.000000e+00
   outer loop
     vertex -1.562941e+01 -6.982963e+00  0.000000e+00
     vertex -1.575000e+01 -6.933013e+00  1.510000e+00
     vertex -1.562941e+01 -6.982963e+00  1.510000e+00
   endloop
 endfacet
 facet normal  3.826834e-01  9.238795e-01  0.000000e+00
   outer loop
     vertex -1.562941e+01 -6.982963e+00  0.000000e+00
     vertex -1.575000e+01 -6.933013e+00  0.000000e+00
     vertex -1.575000e+01 -6.933013e+00  1.510000e+00
   endloop
 endfacet
 facet normal  1.305262e-01  9.914449e-01 -0.000000e+00
   outer loop
     vertex -1.550000e+01 -7.000000e+00  0.000000e+00
     vertex -1.562941e+01 -6.982963e+00  1.510000e+00
     vertex -1.550000e+01 -7.000000e+00  1.510000e+00
   endloop
 endfacet
 facet normal  1.305262e-01  9.914449e-01  0.000000e+00
   outer loop
     vertex -1.550000e+01 -7.000000e+00  0.000000e+00
     vertex -1.562941e+01 -6.982963e+00  0.000000e+00
     vertex -1.562941e+01 -6.982963e+00  1.510000e+00
   endloop
 endfacet
 facet normal -1.305262e-01  9.914449e-01  0.000000e+00
   outer loop
     vertex -1.287059e+01 -6.982963e+00  0.000000e+00
     vertex -1.300000e+01 -7.000000e+00  0.000000e+00
     vertex -1.300000e+01 -7.000000e+00  1.510000e+00
   endloop
 endfacet
 facet normal -1.305262e-01  9.914449e-01  0.000000e+00
   outer loop
     vertex -1.287059e+01 -6.982963e+00  0.000000e+00
     vertex -1.300000e+01 -7.000000e+00  1.510000e+00
     vertex -1.287059e+01 -6.982963e+00  1.510000e+00
   endloop
 endfacet
 facet normal -3.826834e-01  9.238795e-01  0.000000e+00
   outer loop
     vertex -1.275000e+01 -6.933013e+00  0.000000e+00
     vertex -1.287059e+01 -6.982963e+00  1.510000e+00
     vertex -1.275000e+01 -6.933013e+00  1.510000e+00
   endloop
 endfacet
 facet normal -3.826834e-01  9.238795e-01  0.000000e+00
   outer loop
     vertex -1.275000e+01 -6.933013e+00  0.000000e+00
     vertex -1.287059e+01 -6.982963e+00  0.000000e+00
     vertex -1.287059e+01 -6.982963e+00  1.510000e+00
   endloop
 endfacet
 facet normal -6.087614e-01  7.933533e-01  0.000000e+00
   outer loop
     vertex -1.264645e+01 -6.853553e+00  0.000000e+00
     vertex -1.275000e+01 -6.933013e+00  1.510000e+00
     vertex -1.264645e+01 -6.853553e+00  1.510000e+00
   endloop
 endfacet
 facet normal -6.087614e-01  7.933533e-01  0.000000e+00
   outer loop
     vertex -1.264645e+01 -6.853553e+00  0.000000e+00
     vertex -1.275000e+01 -6.933013e+00  0.000000e+00
     vertex -1.275000e+01 -6.933013e+00  1.510000e+00
   endloop
 endfacet
 facet normal -7.933533e-01  6.087614e-01  0.000000e+00
   outer loop
     vertex -1.256699e+01 -6.750000e+00  0.000000e+00
     vertex -1.264645e+01 -6.853553e+00  1.510000e+00
     vertex -1.256699e+01 -6.750000e+00  1.510000e+00
   endloop
 endfacet
 facet normal -7.933533e-01  6.087614e-01  0.000000e+00
   outer loop
     vertex -1.256699e+01 -6.750000e+00  0.000000e+00
     vertex -1.264645e+01 -6.853553e+00  0.000000e+00
     vertex -1.264645e+01 -6.853553e+00  1.510000e+00
   endloop
 endfacet
 facet normal -9.238795e-01  3.826834e-01  0.000000e+00
   outer loop
     vertex -1.251704e+01 -6.629410e+00  0.000000e+00
     vertex -1.256699e+01 -6.750000e+00  1.510000e+00
     vertex -1.251704e+01 -6.629410e+00  1.510000e+00
   endloop
 endfacet
 facet normal -9.238795e-01  3.826834e-01  0.000000e+00
   outer loop
     vertex -1.251704e+01 -6.629410e+00  0.000000e+00
     vertex -1.256699e+01 -6.750000e+00  0.000000e+00
     vertex -1.256699e+01 -6.750000e+00  1.510000e+00
   endloop
 endfacet
 facet normal -9.914449e-01  1.305262e-01  0.000000e+00
   outer loop
     vertex -1.250000e+01 -6.500000e+00  0.000000e+00
     vertex -1.251704e+01 -6.629410e+00  1.510000e+00
     vertex -1.250000e+01 -6.500000e+00  1.510000e+00
   endloop
 endfacet
 facet normal -9.914449e-01  1.305262e-01  0.000000e+00
   outer loop
     vertex -1.250000e+01 -6.500000e+00  0.000000e+00
     vertex -1.251704e+01 -6.629410e+00  0.000000e+00
     vertex -1.251704e+01 -6.629410e+00  1.510000e+00
   endloop
 endfacet
 facet normal -9.914449e-01 -1.305262e-01  0.000000e+00
   outer loop
     vertex -1.251704e+01 -6.370590e+00  0.000000e+00
     vertex -1.250000e+01 -6.500000e+00  1.510000e+00
     vertex -1.251704e+01 -6.370590e+00  1.510000e+00
   endloop
 endfacet
 facet normal -9.914449e-01 -1.305262e-01  0.000000e+00
   outer loop
     vertex -1.251704e+01 -6.370590e+00  0.000000e+00
     vertex -1.250000e+01 -6.500000e+00  0.000000e+00
     vertex -1.250000e+01 -6.500000e+00  1.510000e+00
   endloop
 endfacet
 facet normal -9.238795e-01 -3.826834e-01  0.000000e+00
   outer loop
     vertex -1.256699e+01 -6.250000e+00  0.000000e+00
     vertex -1.251704e+01 -6.370590e+00  1.510000e+00
     vertex -1.256699e+01 -6.250000e+00  1.510000e+00
   endloop
 endfacet
 facet normal -9.238795e-01 -3.826834e-01  0.000000e+00
   outer loop
     vertex -1.256699e+01 -6.250000e+00  0.000000e+00
     vertex -1.251704e+01 -6.370590e+00  0.000000e+00
     vertex -1.251704e+01 -6.370590e+00  1.510000e+00
   endloop
 endfacet
 facet normal -7.933533e-01 -6.087614e-01  0.000000e+00
   outer loop
     vertex -1.264645e+01 -6.146447e+00  0.000000e+00
     vertex -1.256699e+01 -6.250000e+00  1.510000e+00
     vertex -1.264645e+01 -6.146447e+00  1.510000e+00
   endloop
 endfacet
 facet normal -7.933533e-01 -6.087614e-01  0.000000e+00
   outer loop
     vertex -1.264645e+01 -6.146447e+00  0.000000e+00
     vertex -1.256699e+01 -6.250000e+00  0.000000e+00
     vertex -1.256699e+01 -6.250000e+00  1.510000e+00
   endloop
 endfacet
 facet normal -6.087614e-01 -7.933533e-01  0.000000e+00
   outer loop
     vertex -1.275000e+01 -6.066987e+00  0.000000e+00
     vertex -1.264645e+01 -6.146447e+00  1.510000e+00
     vertex -1.275000e+01 -6.066987e+00  1.510000e+00
   endloop
 endfacet
 facet normal -6.087614e-01 -7.933533e-01  0.000000e+00
   outer loop
     vertex -1.275000e+01 -6.066987e+00  0.000000e+00
     vertex -1.264645e+01 -6.146447e+00  0.000000e+00
     vertex -1.264645e+01 -6.146447e+00  1.510000e+00
   endloop
 endfacet
 facet normal -3.826834e-01 -9.238795e-01  0.000000e+00
   outer loop
     vertex -1.287059e+01 -6.017037e+00  0.000000e+00
     vertex -1.275000e+01 -6.066987e+00  1.510000e+00
     vertex -1.287059e+01 -6.017037e+00  1.510000e+00
   endloop
 endfacet
 facet normal -3.826834e-01 -9.238795e-01  0.000000e+00
   outer loop
     vertex -1.287059e+01 -6.017037e+00  0.000000e+00
     vertex -1.275000e+01 -6.066987e+00  0.000000e+00
     vertex -1.275000e+01 -6.066987e+00  1.510000e+00
   endloop
 endfacet
 facet normal -1.305262e-01 -9.914449e-01  0.000000e+00
   outer loop
     vertex -1.300000e+01 -6.000000e+00  0.000000e+00
     vertex -1.287059e+01 -6.017037e+00  1.510000e+00
     vertex -1.300000e+01 -6.000000e+00  1.510000e+00
   endloop
 endfacet
 facet normal -1.305262e-01 -9.914449e-01  0.000000e+00
   outer loop
     vertex -1.300000e+01 -6.000000e+00  0.000000e+00
     vertex -1.287059e+01 -6.017037e+00  0.000000e+00
     vertex -1.287059e+01 -6.017037e+00  1.510000e+00
   endloop
 endfacet
 facet normal  1.305262e-01 -9.914449e-01  0.000000e+00
   outer loop
     vertex -1.312941e+01 -6.017037e+00  0.000000e+00
     vertex -1.300000e+01 -6.000000e+00  1.510000e+00
     vertex -1.312941e+01 -6.017037e+00  1.510000e+00
   endloop
 endfacet
 facet normal  1.305262e-01 -9.914449e-01  0.000000e+00
   outer loop
     vertex -1.312941e+01 -6.017037e+00  0.000000e+00
     vertex -1.300000e+01 -6.000000e+00  0.000000e+00
     vertex -1.300000e+01 -6.000000e+00  1.510000e+00
   endloop
 endfacet
 facet normal  3.826834e-01 -9.238795e-01  0.000000e+00
   outer loop
     vertex -1.325000e+01 -6.066987e+00  0.000000e+00
     vertex -1.312941e+01 -6.017037e+00  0.000000e+00
     vertex -1.312941e+01 -6.017037e+00  1.510000e+00
   endloop
 endfacet
 facet normal  3.826834e-01 -9.238795e-01  0.000000e+00
   outer loop
     vertex -1.325000e+01 -6.066987e+00  0.000000e+00
     vertex -1.312941e+01 -6.017037e+00  1.510000e+00
     vertex -1.325000e+01 -6.066987e+00  1.510000e+00
   endloop
 endfacet
 facet normal  6.087614e-01 -7.933533e-01  0.000000e+00
   outer loop
     vertex -1.335355e+01 -6.146447e+00  0.000000e+00
     vertex -1.325000e+01 -6.066987e+00  0.000000e+00
     vertex -1.325000e+01 -6.066987e+00  1.510000e+00
   endloop
 endfacet
 facet normal  7.933533e-01 -6.087614e-01  0.000000e+00
   outer loop
     vertex -1.335355e+01 -6.146447e+00  0.000000e+00
     vertex -1.335355e+01 -6.146447e+00  1.510000e+00
     vertex -1.343301e+01 -6.250000e+00  1.510000e+00
   endloop
 endfacet
 facet normal  6.087614e-01 -7.933533e-01  0.000000e+00
   outer loop
     vertex -1.335355e+01 -6.146447e+00  0.000000e+00
     vertex -1.325000e+01 -6.066987e+00  1.510000e+00
     vertex -1.335355e+01 -6.146447e+00  1.510000e+00
   endloop
 endfacet
 facet normal  7.933533e-01 -6.087614e-01  0.000000e+00
   outer loop
     vertex -1.343301e+01 -6.250000e+00  0.000000e+00
     vertex -1.335355e+01 -6.146447e+00  0.000000e+00
     vertex -1.343301e+01 -6.250000e+00  1.510000e+00
   endloop
 endfacet
 facet normal  9.238795e-01 -3.826834e-01  0.000000e+00
   outer loop
     vertex -1.343301e+01 -6.250000e+00  0.000000e+00
     vertex -1.343301e+01 -6.250000e+00  1.510000e+00
     vertex -1.348296e+01 -6.370590e+00  1.510000e+00
   endloop
 endfacet
 facet normal  9.238795e-01 -3.826834e-01  0.000000e+00
   outer loop
     vertex -1.348296e+01 -6.370590e+00  0.000000e+00
     vertex -1.343301e+01 -6.250000e+00  0.000000e+00
     vertex -1.348296e+01 -6.370590e+00  1.510000e+00
   endloop
 endfacet
 facet normal  9.914449e-01 -1.305262e-01  0.000000e+00
   outer loop
     vertex -1.350000e+01 -6.500000e+00  0.000000e+00
     vertex -1.348296e+01 -6.370590e+00  0.000000e+00
     vertex -1.348296e+01 -6.370590e+00  1.510000e+00
   endloop
 endfacet
 facet normal  9.914449e-01 -1.305262e-01  0.000000e+00
   outer loop
     vertex -1.350000e+01 -6.500000e+00  0.000000e+00
     vertex -1.348296e+01 -6.370590e+00  1.510000e+00
     vertex -1.350000e+01 -6.500000e+00  1.510000e+00
   endloop
 endfacet
 facet normal  9.914449e-01  1.305262e-01 -0.000000e+00
   outer loop
     vertex -1.348296e+01 -6.629410e+00  0.000000e+00
     vertex -1.350000e+01 -6.500000e+00  1.510000e+00
     vertex -1.348296e+01 -6.629410e+00  1.510000e+00
   endloop
 endfacet
 facet normal  9.914449e-01  1.305262e-01  0.000000e+00
   outer loop
     vertex -1.348296e+01 -6.629410e+00  0.000000e+00
     vertex -1.350000e+01 -6.500000e+00  0.000000e+00
     vertex -1.350000e+01 -6.500000e+00  1.510000e+00
   endloop
 endfacet
 facet normal  9.238795e-01  3.826834e-01 -0.000000e+00
   outer loop
     vertex -1.343301e+01 -6.750000e+00  0.000000e+00
     vertex -1.348296e+01 -6.629410e+00  1.510000e+00
     vertex -1.343301e+01 -6.750000e+00  1.510000e+00
   endloop
 endfacet
 facet normal  9.238795e-01  3.826834e-01  0.000000e+00
   outer loop
     vertex -1.343301e+01 -6.750000e+00  0.000000e+00
     vertex -1.348296e+01 -6.629410e+00  0.000000e+00
     vertex -1.348296e+01 -6.629410e+00  1.510000e+00
   endloop
 endfacet
 facet normal  6.087614e-01  7.933533e-01 -0.000000e+00
   outer loop
     vertex -1.335355e+01 -6.853553e+00  0.000000e+00
     vertex -1.335355e+01 -6.853553e+00  1.510000e+00
     vertex -1.325000e+01 -6.933013e+00  1.510000e+00
   endloop
 endfacet
 facet normal  7.933533e-01  6.087614e-01 -0.000000e+00
   outer loop
     vertex -1.335355e+01 -6.853553e+00  0.000000e+00
     vertex -1.343301e+01 -6.750000e+00  1.510000e+00
     vertex -1.335355e+01 -6.853553e+00  1.510000e+00
   endloop
 endfacet
 facet normal  7.933533e-01  6.087614e-01  0.000000e+00
   outer loop
     vertex -1.335355e+01 -6.853553e+00  0.000000e+00
     vertex -1.343301e+01 -6.750000e+00  0.000000e+00
     vertex -1.343301e+01 -6.750000e+00  1.510000e+00
   endloop
 endfacet
 facet normal  6.087614e-01  7.933533e-01 -0.000000e+00
   outer loop
     vertex -1.325000e+01 -6.933013e+00  0.000000e+00
     vertex -1.335355e+01 -6.853553e+00  0.000000e+00
     vertex -1.325000e+01 -6.933013e+00  1.510000e+00
   endloop
 endfacet
 facet normal  3.826834e-01  9.238795e-01 -0.000000e+00
   outer loop
     vertex -1.312941e+01 -6.982963e+00  0.000000e+00
     vertex -1.325000e+01 -6.933013e+00  1.510000e+00
     vertex -1.312941e+01 -6.982963e+00  1.510000e+00
   endloop
 endfacet
 facet normal  3.826834e-01  9.238795e-01  0.000000e+00
   outer loop
     vertex -1.312941e+01 -6.982963e+00  0.000000e+00
     vertex -1.325000e+01 -6.933013e+00  0.000000e+00
     vertex -1.325000e+01 -6.933013e+00  1.510000e+00
   endloop
 endfacet
 facet normal  1.305262e-01  9.914449e-01 -0.000000e+00
   outer loop
     vertex -1.300000e+01 -7.000000e+00  0.000000e+00
     vertex -1.312941e+01 -6.982963e+00  1.510000e+00
     vertex -1.300000e+01 -7.000000e+00  1.510000e+00
   endloop
 endfacet
 facet normal  1.305262e-01  9.914449e-01  0.000000e+00
   outer loop
     vertex -1.300000e+01 -7.000000e+00  0.000000e+00
     vertex -1.312941e+01 -6.982963e+00  0.000000e+00
     vertex -1.312941e+01 -6.982963e+00  1.510000e+00
   endloop
 endfacet
 facet normal -1.305262e-01  9.914449e-01  0.000000e+00
   outer loop
     vertex -1.137059e+01 -6.982963e+00  0.000000e+00
     vertex -1.150000e+01 -7.000000e+00  0.000000e+00
     vertex -1.150000e+01 -7.000000e+00  1.510000e+00
   endloop
 endfacet
 facet normal -1.305262e-01  9.914449e-01  0.000000e+00
   outer loop
     vertex -1.137059e+01 -6.982963e+00  0.000000e+00
     vertex -1.150000e+01 -7.000000e+00  1.510000e+00
     vertex -1.137059e+01 -6.982963e+00  1.510000e+00
   endloop
 endfacet
 facet normal -3.826834e-01  9.238795e-01  0.000000e+00
   outer loop
     vertex -1.125000e+01 -6.933013e+00  0.000000e+00
     vertex -1.137059e+01 -6.982963e+00  1.510000e+00
     vertex -1.125000e+01 -6.933013e+00  1.510000e+00
   endloop
 endfacet
 facet normal -3.826834e-01  9.238795e-01  0.000000e+00
   outer loop
     vertex -1.125000e+01 -6.933013e+00  0.000000e+00
     vertex -1.137059e+01 -6.982963e+00  0.000000e+00
     vertex -1.137059e+01 -6.982963e+00  1.510000e+00
   endloop
 endfacet
 facet normal -6.087614e-01  7.933533e-01  0.000000e+00
   outer loop
     vertex -1.114645e+01 -6.853553e+00  0.000000e+00
     vertex -1.125000e+01 -6.933013e+00  1.510000e+00
     vertex -1.114645e+01 -6.853553e+00  1.510000e+00
   endloop
 endfacet
 facet normal -6.087614e-01  7.933533e-01  0.000000e+00
   outer loop
     vertex -1.114645e+01 -6.853553e+00  0.000000e+00
     vertex -1.125000e+01 -6.933013e+00  0.000000e+00
     vertex -1.125000e+01 -6.933013e+00  1.510000e+00
   endloop
 endfacet
 facet normal -7.933533e-01  6.087614e-01  0.000000e+00
   outer loop
     vertex -1.106699e+01 -6.750000e+00  0.000000e+00
     vertex -1.114645e+01 -6.853553e+00  1.510000e+00
     vertex -1.106699e+01 -6.750000e+00  1.510000e+00
   endloop
 endfacet
 facet normal -7.933533e-01  6.087614e-01  0.000000e+00
   outer loop
     vertex -1.106699e+01 -6.750000e+00  0.000000e+00
     vertex -1.114645e+01 -6.853553e+00  0.000000e+00
     vertex -1.114645e+01 -6.853553e+00  1.510000e+00
   endloop
 endfacet
 facet normal -9.238795e-01  3.826834e-01  0.000000e+00
   outer loop
     vertex -1.101704e+01 -6.629410e+00  0.000000e+00
     vertex -1.106699e+01 -6.750000e+00  1.510000e+00
     vertex -1.101704e+01 -6.629410e+00  1.510000e+00
   endloop
 endfacet
 facet normal -9.238795e-01  3.826834e-01  0.000000e+00
   outer loop
     vertex -1.101704e+01 -6.629410e+00  0.000000e+00
     vertex -1.106699e+01 -6.750000e+00  0.000000e+00
     vertex -1.106699e+01 -6.750000e+00  1.510000e+00
   endloop
 endfacet
 facet normal -9.914449e-01  1.305262e-01  0.000000e+00
   outer loop
     vertex -1.100000e+01 -6.500000e+00  0.000000e+00
     vertex -1.101704e+01 -6.629410e+00  1.510000e+00
     vertex -1.100000e+01 -6.500000e+00  1.510000e+00
   endloop
 endfacet
 facet normal -9.914449e-01  1.305262e-01  0.000000e+00
   outer loop
     vertex -1.100000e+01 -6.500000e+00  0.000000e+00
     vertex -1.101704e+01 -6.629410e+00  0.000000e+00
     vertex -1.101704e+01 -6.629410e+00  1.510000e+00
   endloop
 endfacet
 facet normal -9.914449e-01 -1.305262e-01  0.000000e+00
   outer loop
     vertex -1.101704e+01 -6.370590e+00  0.000000e+00
     vertex -1.100000e+01 -6.500000e+00  1.510000e+00
     vertex -1.101704e+01 -6.370590e+00  1.510000e+00
   endloop
 endfacet
 facet normal -9.914449e-01 -1.305262e-01  0.000000e+00
   outer loop
     vertex -1.101704e+01 -6.370590e+00  0.000000e+00
     vertex -1.100000e+01 -6.500000e+00  0.000000e+00
     vertex -1.100000e+01 -6.500000e+00  1.510000e+00
   endloop
 endfacet
 facet normal -9.238795e-01 -3.826834e-01  0.000000e+00
   outer loop
     vertex -1.106699e+01 -6.250000e+00  0.000000e+00
     vertex -1.101704e+01 -6.370590e+00  1.510000e+00
     vertex -1.106699e+01 -6.250000e+00  1.510000e+00
   endloop
 endfacet
 facet normal -9.238795e-01 -3.826834e-01  0.000000e+00
   outer loop
     vertex -1.106699e+01 -6.250000e+00  0.000000e+00
     vertex -1.101704e+01 -6.370590e+00  0.000000e+00
     vertex -1.101704e+01 -6.370590e+00  1.510000e+00
   endloop
 endfacet
 facet normal -7.933533e-01 -6.087614e-01  0.000000e+00
   outer loop
     vertex -1.114645e+01 -6.146447e+00  0.000000e+00
     vertex -1.106699e+01 -6.250000e+00  1.510000e+00
     vertex -1.114645e+01 -6.146447e+00  1.510000e+00
   endloop
 endfacet
 facet normal -7.933533e-01 -6.087614e-01  0.000000e+00
   outer loop
     vertex -1.114645e+01 -6.146447e+00  0.000000e+00
     vertex -1.106699e+01 -6.250000e+00  0.000000e+00
     vertex -1.106699e+01 -6.250000e+00  1.510000e+00
   endloop
 endfacet
 facet normal -6.087614e-01 -7.933533e-01  0.000000e+00
   outer loop
     vertex -1.125000e+01 -6.066987e+00  0.000000e+00
     vertex -1.114645e+01 -6.146447e+00  1.510000e+00
     vertex -1.125000e+01 -6.066987e+00  1.510000e+00
   endloop
 endfacet
 facet normal -6.087614e-01 -7.933533e-01  0.000000e+00
   outer loop
     vertex -1.125000e+01 -6.066987e+00  0.000000e+00
     vertex -1.114645e+01 -6.146447e+00  0.000000e+00
     vertex -1.114645e+01 -6.146447e+00  1.510000e+00
   endloop
 endfacet
 facet normal -3.826834e-01 -9.238795e-01  0.000000e+00
   outer loop
     vertex -1.137059e+01 -6.017037e+00  0.000000e+00
     vertex -1.125000e+01 -6.066987e+00  1.510000e+00
     vertex -1.137059e+01 -6.017037e+00  1.510000e+00
   endloop
 endfacet
 facet normal -3.826834e-01 -9.238795e-01  0.000000e+00
   outer loop
     vertex -1.137059e+01 -6.017037e+00  0.000000e+00
     vertex -1.125000e+01 -6.066987e+00  0.000000e+00
     vertex -1.125000e+01 -6.066987e+00  1.510000e+00
   endloop
 endfacet
 facet normal -1.305262e-01 -9.914449e-01  0.000000e+00
   outer loop
     vertex -1.150000e+01 -6.000000e+00  0.000000e+00
     vertex -1.137059e+01 -6.017037e+00  1.510000e+00
     vertex -1.150000e+01 -6.000000e+00  1.510000e+00
   endloop
 endfacet
 facet normal -1.305262e-01 -9.914449e-01  0.000000e+00
   outer loop
     vertex -1.150000e+01 -6.000000e+00  0.000000e+00
     vertex -1.137059e+01 -6.017037e+00  0.000000e+00
     vertex -1.137059e+01 -6.017037e+00  1.510000e+00
   endloop
 endfacet
 facet normal  1.305262e-01 -9.914449e-01  0.000000e+00
   outer loop
     vertex -1.162941e+01 -6.017037e+00  0.000000e+00
     vertex -1.150000e+01 -6.000000e+00  1.510000e+00
     vertex -1.162941e+01 -6.017037e+00  1.510000e+00
   endloop
 endfacet
 facet normal  1.305262e-01 -9.914449e-01  0.000000e+00
   outer loop
     vertex -1.162941e+01 -6.017037e+00  0.000000e+00
     vertex -1.150000e+01 -6.000000e+00  0.000000e+00
     vertex -1.150000e+01 -6.000000e+00  1.510000e+00
   endloop
 endfacet
 facet normal  3.826834e-01 -9.238795e-01  0.000000e+00
   outer loop
     vertex -1.175000e+01 -6.066987e+00  0.000000e+00
     vertex -1.162941e+01 -6.017037e+00  0.000000e+00
     vertex -1.162941e+01 -6.017037e+00  1.510000e+00
   endloop
 endfacet
 facet normal  3.826834e-01 -9.238795e-01  0.000000e+00
   outer loop
     vertex -1.175000e+01 -6.066987e+00  0.000000e+00
     vertex -1.162941e+01 -6.017037e+00  1.510000e+00
     vertex -1.175000e+01 -6.066987e+00  1.510000e+00
   endloop
 endfacet
 facet normal  6.087614e-01 -7.933533e-01  0.000000e+00
   outer loop
     vertex -1.185355e+01 -6.146447e+00  0.000000e+00
     vertex -1.175000e+01 -6.066987e+00  0.000000e+00
     vertex -1.175000e+01 -6.066987e+00  1.510000e+00
   endloop
 endfacet
 facet normal  7.933533e-01 -6.087614e-01  0.000000e+00
   outer loop
     vertex -1.185355e+01 -6.146447e+00  0.000000e+00
     vertex -1.185355e+01 -6.146447e+00  1.510000e+00
     vertex -1.193301e+01 -6.250000e+00  1.510000e+00
   endloop
 endfacet
 facet normal  6.087614e-01 -7.933533e-01  0.000000e+00
   outer loop
     vertex -1.185355e+01 -6.146447e+00  0.000000e+00
     vertex -1.175000e+01 -6.066987e+00  1.510000e+00
     vertex -1.185355e+01 -6.146447e+00  1.510000e+00
   endloop
 endfacet
 facet normal  7.933533e-01 -6.087614e-01  0.000000e+00
   outer loop
     vertex -1.193301e+01 -6.250000e+00  0.000000e+00
     vertex -1.185355e+01 -6.146447e+00  0.000000e+00
     vertex -1.193301e+01 -6.250000e+00  1.510000e+00
   endloop
 endfacet
 facet normal  9.238795e-01 -3.826834e-01  0.000000e+00
   outer loop
     vertex -1.193301e+01 -6.250000e+00  0.000000e+00
     vertex -1.193301e+01 -6.250000e+00  1.510000e+00
     vertex -1.198296e+01 -6.370590e+00  1.510000e+00
   endloop
 endfacet
 facet normal  9.238795e-01 -3.826834e-01  0.000000e+00
   outer loop
     vertex -1.198296e+01 -6.370590e+00  0.000000e+00
     vertex -1.193301e+01 -6.250000e+00  0.000000e+00
     vertex -1.198296e+01 -6.370590e+00  1.510000e+00
   endloop
 endfacet
 facet normal  9.914449e-01 -1.305262e-01  0.000000e+00
   outer loop
     vertex -1.200000e+01 -6.500000e+00  0.000000e+00
     vertex -1.198296e+01 -6.370590e+00  0.000000e+00
     vertex -1.198296e+01 -6.370590e+00  1.510000e+00
   endloop
 endfacet
 facet normal  9.914449e-01 -1.305262e-01  0.000000e+00
   outer loop
     vertex -1.200000e+01 -6.500000e+00  0.000000e+00
     vertex -1.198296e+01 -6.370590e+00  1.510000e+00
     vertex -1.200000e+01 -6.500000e+00  1.510000e+00
   endloop
 endfacet
 facet normal  9.914449e-01  1.305262e-01 -0.000000e+00
   outer loop
     vertex -1.198296e+01 -6.629410e+00  0.000000e+00
     vertex -1.200000e+01 -6.500000e+00  1.510000e+00
     vertex -1.198296e+01 -6.629410e+00  1.510000e+00
   endloop
 endfacet
 facet normal  9.914449e-01  1.305262e-01  0.000000e+00
   outer loop
     vertex -1.198296e+01 -6.629410e+00  0.000000e+00
     vertex -1.200000e+01 -6.500000e+00  0.000000e+00
     vertex -1.200000e+01 -6.500000e+00  1.510000e+00
   endloop
 endfacet
 facet normal  9.238795e-01  3.826834e-01 -0.000000e+00
   outer loop
     vertex -1.193301e+01 -6.750000e+00  0.000000e+00
     vertex -1.198296e+01 -6.629410e+00  1.510000e+00
     vertex -1.193301e+01 -6.750000e+00  1.510000e+00
   endloop
 endfacet
 facet normal  9.238795e-01  3.826834e-01  0.000000e+00
   outer loop
     vertex -1.193301e+01 -6.750000e+00  0.000000e+00
     vertex -1.198296e+01 -6.629410e+00  0.000000e+00
     vertex -1.198296e+01 -6.629410e+00  1.510000e+00
   endloop
 endfacet
 facet normal  6.087614e-01  7.933533e-01 -0.000000e+00
   outer loop
     vertex -1.185355e+01 -6.853553e+00  0.000000e+00
     vertex -1.185355e+01 -6.853553e+00  1.510000e+00
     vertex -1.175000e+01 -6.933013e+00  1.510000e+00
   endloop
 endfacet
 facet normal  7.933533e-01  6.087614e-01 -0.000000e+00
   outer loop
     vertex -1.185355e+01 -6.853553e+00  0.000000e+00
     vertex -1.193301e+01 -6.750000e+00  1.510000e+00
     vertex -1.185355e+01 -6.853553e+00  1.510000e+00
   endloop
 endfacet
 facet normal  7.933533e-01  6.087614e-01  0.000000e+00
   outer loop
     vertex -1.185355e+01 -6.853553e+00  0.000000e+00
     vertex -1.193301e+01 -6.750000e+00  0.000000e+00
     vertex -1.193301e+01 -6.750000e+00  1.510000e+00
   endloop
 endfacet
 facet normal  6.087614e-01  7.933533e-01 -0.000000e+00
   outer loop
     vertex -1.175000e+01 -6.933013e+00  0.000000e+00
     vertex -1.185355e+01 -6.853553e+00  0.000000e+00
     vertex -1.175000e+01 -6.933013e+00  1.510000e+00
   endloop
 endfacet
 facet normal  3.826834e-01  9.238795e-01 -0.000000e+00
   outer loop
     vertex -1.162941e+01 -6.982963e+00  0.000000e+00
     vertex -1.175000e+01 -6.933013e+00  1.510000e+00
     vertex -1.162941e+01 -6.982963e+00  1.510000e+00
   endloop
 endfacet
 facet normal  3.826834e-01  9.238795e-01  0.000000e+00
   outer loop
     vertex -1.162941e+01 -6.982963e+00  0.000000e+00
     vertex -1.175000e+01 -6.933013e+00  0.000000e+00
     vertex -1.175000e+01 -6.933013e+00  1.510000e+00
   endloop
 endfacet
 facet normal  1.305262e-01  9.914449e-01 -0.000000e+00
   outer loop
     vertex -1.150000e+01 -7.000000e+00  0.000000e+00
     vertex -1.162941e+01 -6.982963e+00  1.510000e+00
     vertex -1.150000e+01 -7.000000e+00  1.510000e+00
   endloop
 endfacet
 facet normal  1.305262e-01  9.914449e-01  0.000000e+00
   outer loop
     vertex -1.150000e+01 -7.000000e+00  0.000000e+00
     vertex -1.162941e+01 -6.982963e+00  0.000000e+00
     vertex -1.162941e+01 -6.982963e+00  1.510000e+00
   endloop
 endfacet
 facet normal -1.305262e-01  9.914449e-01  0.000000e+00
   outer loop
     vertex -9.370590e+00 -6.982963e+00  0.000000e+00
     vertex -9.500000e+00 -7.000000e+00  0.000000e+00
     vertex -9.500000e+00 -7.000000e+00  1.510000e+00
   endloop
 endfacet
 facet normal -1.305262e-01  9.914449e-01  0.000000e+00
   outer loop
     vertex -9.370590e+00 -6.982963e+00  0.000000e+00
     vertex -9.500000e+00 -7.000000e+00  1.510000e+00
     vertex -9.370590e+00 -6.982963e+00  1.510000e+00
   endloop
 endfacet
 facet normal -3.826834e-01  9.238795e-01  0.000000e+00
   outer loop
     vertex -9.250000e+00 -6.933013e+00  0.000000e+00
     vertex -9.370590e+00 -6.982963e+00  1.510000e+00
     vertex -9.250000e+00 -6.933013e+00  1.510000e+00
   endloop
 endfacet
 facet normal -3.826834e-01  9.238795e-01  0.000000e+00
   outer loop
     vertex -9.250000e+00 -6.933013e+00  0.000000e+00
     vertex -9.370590e+00 -6.982963e+00  0.000000e+00
     vertex -9.370590e+00 -6.982963e+00  1.510000e+00
   endloop
 endfacet
 facet normal -6.087614e-01  7.933533e-01  0.000000e+00
   outer loop
     vertex -9.146447e+00 -6.853553e+00  0.000000e+00
     vertex -9.250000e+00 -6.933013e+00  1.510000e+00
     vertex -9.146447e+00 -6.853553e+00  1.510000e+00
   endloop
 endfacet
 facet normal -6.087614e-01  7.933533e-01  0.000000e+00
   outer loop
     vertex -9.146447e+00 -6.853553e+00  0.000000e+00
     vertex -9.250000e+00 -6.933013e+00  0.000000e+00
     vertex -9.250000e+00 -6.933013e+00  1.510000e+00
   endloop
 endfacet
 facet normal -7.933533e-01  6.087614e-01  0.000000e+00
   outer loop
     vertex -9.066987e+00 -6.750000e+00  0.000000e+00
     vertex -9.146447e+00 -6.853553e+00  1.510000e+00
     vertex -9.066987e+00 -6.750000e+00  1.510000e+00
   endloop
 endfacet
 facet normal -7.933533e-01  6.087614e-01  0.000000e+00
   outer loop
     vertex -9.066987e+00 -6.750000e+00  0.000000e+00
     vertex -9.146447e+00 -6.853553e+00  0.000000e+00
     vertex -9.146447e+00 -6.853553e+00  1.510000e+00
   endloop
 endfacet
 facet normal -9.238795e-01  3.826834e-01  0.000000e+00
   outer loop
     vertex -9.017037e+00 -6.629410e+00  0.000000e+00
     vertex -9.066987e+00 -6.750000e+00  1.510000e+00
     vertex -9.017037e+00 -6.629410e+00  1.510000e+00
   endloop
 endfacet
 facet normal -9.238795e-01  3.826834e-01  0.000000e+00
   outer loop
     vertex -9.017037e+00 -6.629410e+00  0.000000e+00
     vertex -9.066987e+00 -6.750000e+00  0.000000e+00
     vertex -9.066987e+00 -6.750000e+00  1.510000e+00
   endloop
 endfacet
 facet normal -9.914449e-01  1.305262e-01  0.000000e+00
   outer loop
     vertex -9.000000e+00 -6.500000e+00  0.000000e+00
     vertex -9.017037e+00 -6.629410e+00  1.510000e+00
     vertex -9.000000e+00 -6.500000e+00  1.510000e+00
   endloop
 endfacet
 facet normal -9.914449e-01  1.305262e-01  0.000000e+00
   outer loop
     vertex -9.000000e+00 -6.500000e+00  0.000000e+00
     vertex -9.017037e+00 -6.629410e+00  0.000000e+00
     vertex -9.017037e+00 -6.629410e+00  1.510000e+00
   endloop
 endfacet
 facet normal -9.914449e-01 -1.305262e-01  0.000000e+00
   outer loop
     vertex -9.017037e+00 -6.370590e+00  0.000000e+00
     vertex -9.000000e+00 -6.500000e+00  1.510000e+00
     vertex -9.017037e+00 -6.370590e+00  1.510000e+00
   endloop
 endfacet
 facet normal -9.914449e-01 -1.305262e-01  0.000000e+00
   outer loop
     vertex -9.017037e+00 -6.370590e+00  0.000000e+00
     vertex -9.000000e+00 -6.500000e+00  0.000000e+00
     vertex -9.000000e+00 -6.500000e+00  1.510000e+00
   endloop
 endfacet
 facet normal -9.238795e-01 -3.826834e-01  0.000000e+00
   outer loop
     vertex -9.066987e+00 -6.250000e+00  0.000000e+00
     vertex -9.017037e+00 -6.370590e+00  1.510000e+00
     vertex -9.066987e+00 -6.250000e+00  1.510000e+00
   endloop
 endfacet
 facet normal -9.238795e-01 -3.826834e-01  0.000000e+00
   outer loop
     vertex -9.066987e+00 -6.250000e+00  0.000000e+00
     vertex -9.017037e+00 -6.370590e+00  0.000000e+00
     vertex -9.017037e+00 -6.370590e+00  1.510000e+00
   endloop
 endfacet
 facet normal -7.933533e-01 -6.087614e-01  0.000000e+00
   outer loop
     vertex -9.146447e+00 -6.146447e+00  0.000000e+00
     vertex -9.066987e+00 -6.250000e+00  1.510000e+00
     vertex -9.146447e+00 -6.146447e+00  1.510000e+00
   endloop
 endfacet
 facet normal -7.933533e-01 -6.087614e-01  0.000000e+00
   outer loop
     vertex -9.146447e+00 -6.146447e+00  0.000000e+00
     vertex -9.066987e+00 -6.250000e+00  0.000000e+00
     vertex -9.066987e+00 -6.250000e+00  1.510000e+00
   endloop
 endfacet
 facet normal -6.087614e-01 -7.933533e-01  0.000000e+00
   outer loop
     vertex -9.250000e+00 -6.066987e+00  0.000000e+00
     vertex -9.146447e+00 -6.146447e+00  1.510000e+00
     vertex -9.250000e+00 -6.066987e+00  1.510000e+00
   endloop
 endfacet
 facet normal -6.087614e-01 -7.933533e-01  0.000000e+00
   outer loop
     vertex -9.250000e+00 -6.066987e+00  0.000000e+00
     vertex -9.146447e+00 -6.146447e+00  0.000000e+00
     vertex -9.146447e+00 -6.146447e+00  1.510000e+00
   endloop
 endfacet
 facet normal -3.826834e-01 -9.238795e-01  0.000000e+00
   outer loop
     vertex -9.370590e+00 -6.017037e+00  0.000000e+00
     vertex -9.250000e+00 -6.066987e+00  1.510000e+00
     vertex -9.370590e+00 -6.017037e+00  1.510000e+00
   endloop
 endfacet
 facet normal -3.826834e-01 -9.238795e-01  0.000000e+00
   outer loop
     vertex -9.370590e+00 -6.017037e+00  0.000000e+00
     vertex -9.250000e+00 -6.066987e+00  0.000000e+00
     vertex -9.250000e+00 -6.066987e+00  1.510000e+00
   endloop
 endfacet
 facet normal -1.305262e-01 -9.914449e-01  0.000000e+00
   outer loop
     vertex -9.500000e+00 -6.000000e+00  0.000000e+00
     vertex -9.370590e+00 -6.017037e+00  1.510000e+00
     vertex -9.500000e+00 -6.000000e+00  1.510000e+00
   endloop
 endfacet
 facet normal -1.305262e-01 -9.914449e-01  0.000000e+00
   outer loop
     vertex -9.500000e+00 -6.000000e+00  0.000000e+00
     vertex -9.370590e+00 -6.017037e+00  0.000000e+00
     vertex -9.370590e+00 -6.017037e+00  1.510000e+00
   endloop
 endfacet
 facet normal  1.305262e-01 -9.914449e-01  0.000000e+00
   outer loop
     vertex -9.629410e+00 -6.017037e+00  0.000000e+00
     vertex -9.500000e+00 -6.000000e+00  1.510000e+00
     vertex -9.629410e+00 -6.017037e+00  1.510000e+00
   endloop
 endfacet
 facet normal  1.305262e-01 -9.914449e-01  0.000000e+00
   outer loop
     vertex -9.629410e+00 -6.017037e+00  0.000000e+00
     vertex -9.500000e+00 -6.000000e+00  0.000000e+00
     vertex -9.500000e+00 -6.000000e+00  1.510000e+00
   endloop
 endfacet
 facet normal  3.826834e-01 -9.238795e-01  0.000000e+00
   outer loop
     vertex -9.750000e+00 -6.066987e+00  0.000000e+00
     vertex -9.629410e+00 -6.017037e+00  0.000000e+00
     vertex -9.629410e+00 -6.017037e+00  1.510000e+00
   endloop
 endfacet
 facet normal  3.826834e-01 -9.238795e-01  0.000000e+00
   outer loop
     vertex -9.750000e+00 -6.066987e+00  0.000000e+00
     vertex -9.629410e+00 -6.017037e+00  1.510000e+00
     vertex -9.750000e+00 -6.066987e+00  1.510000e+00
   endloop
 endfacet
 facet normal  6.087614e-01 -7.933533e-01  0.000000e+00
   outer loop
     vertex -9.853553e+00 -6.146447e+00  0.000000e+00
     vertex -9.750000e+00 -6.066987e+00  0.000000e+00
     vertex -9.750000e+00 -6.066987e+00  1.510000e+00
   endloop
 endfacet
 facet normal  7.933533e-01 -6.087614e-01  0.000000e+00
   outer loop
     vertex -9.853553e+00 -6.146447e+00  0.000000e+00
     vertex -9.853553e+00 -6.146447e+00  1.510000e+00
     vertex -9.933013e+00 -6.250000e+00  1.510000e+00
   endloop
 endfacet
 facet normal  6.087614e-01 -7.933533e-01  0.000000e+00
   outer loop
     vertex -9.853553e+00 -6.146447e+00  0.000000e+00
     vertex -9.750000e+00 -6.066987e+00  1.510000e+00
     vertex -9.853553e+00 -6.146447e+00  1.510000e+00
   endloop
 endfacet
 facet normal  7.933533e-01 -6.087614e-01  0.000000e+00
   outer loop
     vertex -9.933013e+00 -6.250000e+00  0.000000e+00
     vertex -9.853553e+00 -6.146447e+00  0.000000e+00
     vertex -9.933013e+00 -6.250000e+00  1.510000e+00
   endloop
 endfacet
 facet normal  9.238795e-01 -3.826834e-01  0.000000e+00
   outer loop
     vertex -9.933013e+00 -6.250000e+00  0.000000e+00
     vertex -9.933013e+00 -6.250000e+00  1.510000e+00
     vertex -9.982963e+00 -6.370590e+00  1.510000e+00
   endloop
 endfacet
 facet normal  9.238795e-01 -3.826834e-01  0.000000e+00
   outer loop
     vertex -9.982963e+00 -6.370590e+00  0.000000e+00
     vertex -9.933013e+00 -6.250000e+00  0.000000e+00
     vertex -9.982963e+00 -6.370590e+00  1.510000e+00
   endloop
 endfacet
 facet normal  9.914449e-01 -1.305262e-01  0.000000e+00
   outer loop
     vertex -1.000000e+01 -6.500000e+00  0.000000e+00
     vertex -9.982963e+00 -6.370590e+00  0.000000e+00
     vertex -9.982963e+00 -6.370590e+00  1.510000e+00
   endloop
 endfacet
 facet normal  9.914449e-01 -1.305262e-01  0.000000e+00
   outer loop
     vertex -1.000000e+01 -6.500000e+00  0.000000e+00
     vertex -9.982963e+00 -6.370590e+00  1.510000e+00
     vertex -1.000000e+01 -6.500000e+00  1.510000e+00
   endloop
 endfacet
 facet normal  9.914449e-01  1.305262e-01 -0.000000e+00
   outer loop
     vertex -9.982963e+00 -6.629410e+00  0.000000e+00
     vertex -1.000000e+01 -6.500000e+00  1.510000e+00
     vertex -9.982963e+00 -6.629410e+00  1.510000e+00
   endloop
 endfacet
 facet normal  9.914449e-01  1.305262e-01  0.000000e+00
   outer loop
     vertex -9.982963e+00 -6.629410e+00  0.000000e+00
     vertex -1.000000e+01 -6.500000e+00  0.000000e+00
     vertex -1.000000e+01 -6.500000e+00  1.510000e+00
   endloop
 endfacet
 facet normal  9.238795e-01  3.826834e-01 -0.000000e+00
   outer loop
     vertex -9.933013e+00 -6.750000e+00  0.000000e+00
     vertex -9.982963e+00 -6.629410e+00  1.510000e+00
     vertex -9.933013e+00 -6.750000e+00  1.510000e+00
   endloop
 endfacet
 facet normal  9.238795e-01  3.826834e-01  0.000000e+00
   outer loop
     vertex -9.933013e+00 -6.750000e+00  0.000000e+00
     vertex -9.982963e+00 -6.629410e+00  0.000000e+00
     vertex -9.982963e+00 -6.629410e+00  1.510000e+00
   endloop
 endfacet
 facet normal  6.087614e-01  7.933533e-01 -0.000000e+00
   outer loop
     vertex -9.853553e+00 -6.853553e+00  0.000000e+00
     vertex -9.853553e+00 -6.853553e+00  1.510000e+00
     vertex -9.750000e+00 -6.933013e+00  1.510000e+00
   endloop
 endfacet
 facet normal  7.933533e-01  6.087614e-01 -0.000000e+00
   outer loop
     vertex -9.853553e+00 -6.853553e+00  0.000000e+00
     vertex -9.933013e+00 -6.750000e+00  1.510000e+00
     vertex -9.853553e+00 -6.853553e+00  1.510000e+00
   endloop
 endfacet
 facet normal  7.933533e-01  6.087614e-01  0.000000e+00
   outer loop
     vertex -9.853553e+00 -6.853553e+00  0.000000e+00
     vertex -9.933013e+00 -6.750000e+00  0.000000e+00
     vertex -9.933013e+00 -6.750000e+00  1.510000e+00
   endloop
 endfacet
 facet normal  6.087614e-01  7.933533e-01 -0.000000e+00
   outer loop
     vertex -9.750000e+00 -6.933013e+00  0.000000e+00
     vertex -9.853553e+00 -6.853553e+00  0.000000e+00
     vertex -9.750000e+00 -6.933013e+00  1.510000e+00
   endloop
 endfacet
 facet normal  3.826834e-01  9.238795e-01 -0.000000e+00
   outer loop
     vertex -9.629410e+00 -6.982963e+00  0.000000e+00
     vertex -9.750000e+00 -6.933013e+00  1.510000e+00
     vertex -9.629410e+00 -6.982963e+00  1.510000e+00
   endloop
 endfacet
 facet normal  3.826834e-01  9.238795e-01  0.000000e+00
   outer loop
     vertex -9.629410e+00 -6.982963e+00  0.000000e+00
     vertex -9.750000e+00 -6.933013e+00  0.000000e+00
     vertex -9.750000e+00 -6.933013e+00  1.510000e+00
   endloop
 endfacet
 facet normal  1.305262e-01  9.914449e-01 -0.000000e+00
   outer loop
     vertex -9.500000e+00 -7.000000e+00  0.000000e+00
     vertex -9.629410e+00 -6.982963e+00  1.510000e+00
     vertex -9.500000e+00 -7.000000e+00  1.510000e+00
   endloop
 endfacet
 facet normal  1.305262e-01  9.914449e-01  0.000000e+00
   outer loop
     vertex -9.500000e+00 -7.000000e+00  0.000000e+00
     vertex -9.629410e+00 -6.982963e+00  0.000000e+00
     vertex -9.629410e+00 -6.982963e+00  1.510000e+00
   endloop
 endfacet
 facet normal -1.305262e-01  9.914449e-01  0.000000e+00
   outer loop
     vertex -1.370590e+00 -6.982963e+00  0.000000e+00
     vertex -1.500000e+00 -7.000000e+00  0.000000e+00
     vertex -1.500000e+00 -7.000000e+00  1.510000e+00
   endloop
 endfacet
 facet normal -1.305262e-01  9.914449e-01  0.000000e+00
   outer loop
     vertex -1.370590e+00 -6.982963e+00  0.000000e+00
     vertex -1.500000e+00 -7.000000e+00  1.510000e+00
     vertex -1.370590e+00 -6.982963e+00  1.510000e+00
   endloop
 endfacet
 facet normal -3.826834e-01  9.238795e-01  0.000000e+00
   outer loop
     vertex -1.250000e+00 -6.933013e+00  0.000000e+00
     vertex -1.370590e+00 -6.982963e+00  1.510000e+00
     vertex -1.250000e+00 -6.933013e+00  1.510000e+00
   endloop
 endfacet
 facet normal -3.826834e-01  9.238795e-01  0.000000e+00
   outer loop
     vertex -1.250000e+00 -6.933013e+00  0.000000e+00
     vertex -1.370590e+00 -6.982963e+00  0.000000e+00
     vertex -1.370590e+00 -6.982963e+00  1.510000e+00
   endloop
 endfacet
 facet normal -6.087614e-01  7.933533e-01  0.000000e+00
   outer loop
     vertex -1.146447e+00 -6.853553e+00  0.000000e+00
     vertex -1.250000e+00 -6.933013e+00  1.510000e+00
     vertex -1.146447e+00 -6.853553e+00  1.510000e+00
   endloop
 endfacet
 facet normal -6.087614e-01  7.933533e-01  0.000000e+00
   outer loop
     vertex -1.146447e+00 -6.853553e+00  0.000000e+00
     vertex -1.250000e+00 -6.933013e+00  0.000000e+00
     vertex -1.250000e+00 -6.933013e+00  1.510000e+00
   endloop
 endfacet
 facet normal -7.933533e-01  6.087614e-01  0.000000e+00
   outer loop
     vertex -1.066987e+00 -6.750000e+00  0.000000e+00
     vertex -1.146447e+00 -6.853553e+00  1.510000e+00
     vertex -1.066987e+00 -6.750000e+00  1.510000e+00
   endloop
 endfacet
 facet normal -7.933533e-01  6.087614e-01  0.000000e+00
   outer loop
     vertex -1.066987e+00 -6.750000e+00  0.000000e+00
     vertex -1.146447e+00 -6.853553e+00  0.000000e+00
     vertex -1.146447e+00 -6.853553e+00  1.510000e+00
   endloop
 endfacet
 facet normal -9.238795e-01  3.826834e-01  0.000000e+00
   outer loop
     vertex -1.017037e+00 -6.629410e+00  0.000000e+00
     vertex -1.066987e+00 -6.750000e+00  1.510000e+00
     vertex -1.017037e+00 -6.629410e+00  1.510000e+00
   endloop
 endfacet
 facet normal -9.238795e-01  3.826834e-01  0.000000e+00
   outer loop
     vertex -1.017037e+00 -6.629410e+00  0.000000e+00
     vertex -1.066987e+00 -6.750000e+00  0.000000e+00
     vertex -1.066987e+00 -6.750000e+00  1.510000e+00
   endloop
 endfacet
 facet normal -9.914449e-01  1.305262e-01  0.000000e+00
   outer loop
     vertex -1.000000e+00 -6.500000e+00  0.000000e+00
     vertex -1.017037e+00 -6.629410e+00  1.510000e+00
     vertex -1.000000e+00 -6.500000e+00  1.510000e+00
   endloop
 endfacet
 facet normal -9.914449e-01  1.305262e-01  0.000000e+00
   outer loop
     vertex -1.000000e+00 -6.500000e+00  0.000000e+00
     vertex -1.017037e+00 -6.629410e+00  0.000000e+00
     vertex -1.017037e+00 -6.629410e+00  1.510000e+00
   endloop
 endfacet
 facet normal -9.914449e-01 -1.305262e-01  0.000000e+00
   outer loop
     vertex -1.017037e+00 -6.370590e+00  0.000000e+00
     vertex -1.000000e+00 -6.500000e+00  1.510000e+00
     vertex -1.017037e+00 -6.370590e+00  1.510000e+00
   endloop
 endfacet
 facet normal -9.914449e-01 -1.305262e-01  0.000000e+00
   outer loop
     vertex -1.017037e+00 -6.370590e+00  0.000000e+00
     vertex -1.000000e+00 -6.500000e+00  0.000000e+00
     vertex -1.000000e+00 -6.500000e+00  1.510000e+00
   endloop
 endfacet
 facet normal -9.238795e-01 -3.826834e-01  0.000000e+00
   outer loop
     vertex -1.066987e+00 -6.250000e+00  0.000000e+00
     vertex -1.017037e+00 -6.370590e+00  1.510000e+00
     vertex -1.066987e+00 -6.250000e+00  1.510000e+00
   endloop
 endfacet
 facet normal -9.238795e-01 -3.826834e-01  0.000000e+00
   outer loop
     vertex -1.066987e+00 -6.250000e+00  0.000000e+00
     vertex -1.017037e+00 -6.370590e+00  0.000000e+00
     vertex -1.017037e+00 -6.370590e+00  1.510000e+00
   endloop
 endfacet
 facet normal -7.933533e-01 -6.087614e-01  0.000000e+00
   outer loop
     vertex -1.146447e+00 -6.146447e+00  0.000000e+00
     vertex -1.066987e+00 -6.250000e+00  1.510000e+00
     vertex -1.146447e+00 -6.146447e+00  1.510000e+00
   endloop
 endfacet
 facet normal -7.933533e-01 -6.087614e-01  0.000000e+00
   outer loop
     vertex -1.146447e+00 -6.146447e+00  0.000000e+00
     vertex -1.066987e+00 -6.250000e+00  0.000000e+00
     vertex -1.066987e+00 -6.250000e+00  1.510000e+00
   endloop
 endfacet
 facet normal -6.087614e-01 -7.933533e-01  0.000000e+00
   outer loop
     vertex -1.250000e+00 -6.066987e+00  0.000000e+00
     vertex -1.146447e+00 -6.146447e+00  1.510000e+00
     vertex -1.250000e+00 -6.066987e+00  1.510000e+00
   endloop
 endfacet
 facet normal -6.087614e-01 -7.933533e-01  0.000000e+00
   outer loop
     vertex -1.250000e+00 -6.066987e+00  0.000000e+00
     vertex -1.146447e+00 -6.146447e+00  0.000000e+00
     vertex -1.146447e+00 -6.146447e+00  1.510000e+00
   endloop
 endfacet
 facet normal -3.826834e-01 -9.238795e-01  0.000000e+00
   outer loop
     vertex -1.370590e+00 -6.017037e+00  0.000000e+00
     vertex -1.250000e+00 -6.066987e+00  1.510000e+00
     vertex -1.370590e+00 -6.017037e+00  1.510000e+00
   endloop
 endfacet
 facet normal -3.826834e-01 -9.238795e-01  0.000000e+00
   outer loop
     vertex -1.370590e+00 -6.017037e+00  0.000000e+00
     vertex -1.250000e+00 -6.066987e+00  0.000000e+00
     vertex -1.250000e+00 -6.066987e+00  1.510000e+00
   endloop
 endfacet
 facet normal -1.305262e-01 -9.914449e-01  0.000000e+00
   outer loop
     vertex -1.500000e+00 -6.000000e+00  0.000000e+00
     vertex -1.370590e+00 -6.017037e+00  1.510000e+00
     vertex -1.500000e+00 -6.000000e+00  1.510000e+00
   endloop
 endfacet
 facet normal -1.305262e-01 -9.914449e-01  0.000000e+00
   outer loop
     vertex -1.500000e+00 -6.000000e+00  0.000000e+00
     vertex -1.370590e+00 -6.017037e+00  0.000000e+00
     vertex -1.370590e+00 -6.017037e+00  1.510000e+00
   endloop
 endfacet
 facet normal  1.305262e-01 -9.914449e-01  0.000000e+00
   outer loop
     vertex -1.629410e+00 -6.017037e+00  0.000000e+00
     vertex -1.500000e+00 -6.000000e+00  1.510000e+00
     vertex -1.629410e+00 -6.017037e+00  1.510000e+00
   endloop
 endfacet
 facet normal  1.305262e-01 -9.914449e-01  0.000000e+00
   outer loop
     vertex -1.629410e+00 -6.017037e+00  0.000000e+00
     vertex -1.500000e+00 -6.000000e+00  0.000000e+00
     vertex -1.500000e+00 -6.000000e+00  1.510000e+00
   endloop
 endfacet
 facet normal  3.826834e-01 -9.238795e-01  0.000000e+00
   outer loop
     vertex -1.750000e+00 -6.066987e+00  0.000000e+00
     vertex -1.629410e+00 -6.017037e+00  0.000000e+00
     vertex -1.629410e+00 -6.017037e+00  1.510000e+00
   endloop
 endfacet
 facet normal  3.826834e-01 -9.238795e-01  0.000000e+00
   outer loop
     vertex -1.750000e+00 -6.066987e+00  0.000000e+00
     vertex -1.629410e+00 -6.017037e+00  1.510000e+00
     vertex -1.750000e+00 -6.066987e+00  1.510000e+00
   endloop
 endfacet
 facet normal  6.087614e-01 -7.933533e-01  0.000000e+00
   outer loop
     vertex -1.853553e+00 -6.146447e+00  0.000000e+00
     vertex -1.750000e+00 -6.066987e+00  0.000000e+00
     vertex -1.750000e+00 -6.066987e+00  1.510000e+00
   endloop
 endfacet
 facet normal  7.933533e-01 -6.087614e-01  0.000000e+00
   outer loop
     vertex -1.853553e+00 -6.146447e+00  0.000000e+00
     vertex -1.853553e+00 -6.146447e+00  1.510000e+00
     vertex -1.933013e+00 -6.250000e+00  1.510000e+00
   endloop
 endfacet
 facet normal  6.087614e-01 -7.933533e-01  0.000000e+00
   outer loop
     vertex -1.853553e+00 -6.146447e+00  0.000000e+00
     vertex -1.750000e+00 -6.066987e+00  1.510000e+00
     vertex -1.853553e+00 -6.146447e+00  1.510000e+00
   endloop
 endfacet
 facet normal  7.933533e-01 -6.087614e-01  0.000000e+00
   outer loop
     vertex -1.933013e+00 -6.250000e+00  0.000000e+00
     vertex -1.853553e+00 -6.146447e+00  0.000000e+00
     vertex -1.933013e+00 -6.250000e+00  1.510000e+00
   endloop
 endfacet
 facet normal  9.238795e-01 -3.826834e-01  0.000000e+00
   outer loop
     vertex -1.933013e+00 -6.250000e+00  0.000000e+00
     vertex -1.933013e+00 -6.250000e+00  1.510000e+00
     vertex -1.982963e+00 -6.370590e+00  1.510000e+00
   endloop
 endfacet
 facet normal  9.238795e-01 -3.826834e-01  0.000000e+00
   outer loop
     vertex -1.982963e+00 -6.370590e+00  0.000000e+00
     vertex -1.933013e+00 -6.250000e+00  0.000000e+00
     vertex -1.982963e+00 -6.370590e+00  1.510000e+00
   endloop
 endfacet
 facet normal  9.914449e-01 -1.305262e-01  0.000000e+00
   outer loop
     vertex -2.000000e+00 -6.500000e+00  0.000000e+00
     vertex -1.982963e+00 -6.370590e+00  0.000000e+00
     vertex -1.982963e+00 -6.370590e+00  1.510000e+00
   endloop
 endfacet
 facet normal  9.914449e-01 -1.305262e-01  0.000000e+00
   outer loop
     vertex -2.000000e+00 -6.500000e+00  0.000000e+00
     vertex -1.982963e+00 -6.370590e+00  1.510000e+00
     vertex -2.000000e+00 -6.500000e+00  1.510000e+00
   endloop
 endfacet
 facet normal  9.914449e-01  1.305262e-01 -0.000000e+00
   outer loop
     vertex -1.982963e+00 -6.629410e+00  0.000000e+00
     vertex -2.000000e+00 -6.500000e+00  1.510000e+00
     vertex -1.982963e+00 -6.629410e+00  1.510000e+00
   endloop
 endfacet
 facet normal  9.914449e-01  1.305262e-01  0.000000e+00
   outer loop
     vertex -1.982963e+00 -6.629410e+00  0.000000e+00
     vertex -2.000000e+00 -6.500000e+00  0.000000e+00
     vertex -2.000000e+00 -6.500000e+00  1.510000e+00
   endloop
 endfacet
 facet normal  9.238795e-01  3.826834e-01 -0.000000e+00
   outer loop
     vertex -1.933013e+00 -6.750000e+00  0.000000e+00
     vertex -1.982963e+00 -6.629410e+00  1.510000e+00
     vertex -1.933013e+00 -6.750000e+00  1.510000e+00
   endloop
 endfacet
 facet normal  9.238795e-01  3.826834e-01  0.000000e+00
   outer loop
     vertex -1.933013e+00 -6.750000e+00  0.000000e+00
     vertex -1.982963e+00 -6.629410e+00  0.000000e+00
     vertex -1.982963e+00 -6.629410e+00  1.510000e+00
   endloop
 endfacet
 facet normal  6.087614e-01  7.933533e-01 -0.000000e+00
   outer loop
     vertex -1.853553e+00 -6.853553e+00  0.000000e+00
     vertex -1.853553e+00 -6.853553e+00  1.510000e+00
     vertex -1.750000e+00 -6.933013e+00  1.510000e+00
   endloop
 endfacet
 facet normal  7.933533e-01  6.087614e-01 -0.000000e+00
   outer loop
     vertex -1.853553e+00 -6.853553e+00  0.000000e+00
     vertex -1.933013e+00 -6.750000e+00  1.510000e+00
     vertex -1.853553e+00 -6.853553e+00  1.510000e+00
   endloop
 endfacet
 facet normal  7.933533e-01  6.087614e-01  0.000000e+00
   outer loop
     vertex -1.853553e+00 -6.853553e+00  0.000000e+00
     vertex -1.933013e+00 -6.750000e+00  0.000000e+00
     vertex -1.933013e+00 -6.750000e+00  1.510000e+00
   endloop
 endfacet
 facet normal  6.087614e-01  7.933533e-01 -0.000000e+00
   outer loop
     vertex -1.750000e+00 -6.933013e+00  0.000000e+00
     vertex -1.853553e+00 -6.853553e+00  0.000000e+00
     vertex -1.750000e+00 -6.933013e+00  1.510000e+00
   endloop
 endfacet
 facet normal  3.826834e-01  9.238795e-01 -0.000000e+00
   outer loop
     vertex -1.629410e+00 -6.982963e+00  0.000000e+00
     vertex -1.750000e+00 -6.933013e+00  1.510000e+00
     vertex -1.629410e+00 -6.982963e+00  1.510000e+00
   endloop
 endfacet
 facet normal  3.826834e-01  9.238795e-01  0.000000e+00
   outer loop
     vertex -1.629410e+00 -6.982963e+00  0.000000e+00
     vertex -1.750000e+00 -6.933013e+00  0.000000e+00
     vertex -1.750000e+00 -6.933013e+00  1.510000e+00
   endloop
 endfacet
 facet normal  1.305262e-01  9.914449e-01 -0.000000e+00
   outer loop
     vertex -1.500000e+00 -7.000000e+00  0.000000e+00
     vertex -1.629410e+00 -6.982963e+00  1.510000e+00
     vertex -1.500000e+00 -7.000000e+00  1.510000e+00
   endloop
 endfacet
 facet normal  1.305262e-01  9.914449e-01  0.000000e+00
   outer loop
     vertex -1.500000e+00 -7.000000e+00  0.000000e+00
     vertex -1.629410e+00 -6.982963e+00  0.000000e+00
     vertex -1.629410e+00 -6.982963e+00  1.510000e+00
   endloop
 endfacet
 facet normal -1.305262e-01  9.914449e-01  0.000000e+00
   outer loop
     vertex  6.294095e-01 -6.982963e+00  0.000000e+00
     vertex  5.000000e-01 -7.000000e+00  0.000000e+00
     vertex  5.000000e-01 -7.000000e+00  1.510000e+00
   endloop
 endfacet
 facet normal -1.305262e-01  9.914449e-01  0.000000e+00
   outer loop
     vertex  6.294095e-01 -6.982963e+00  0.000000e+00
     vertex  5.000000e-01 -7.000000e+00  1.510000e+00
     vertex  6.294095e-01 -6.982963e+00  1.510000e+00
   endloop
 endfacet
 facet normal -3.826834e-01  9.238795e-01  0.000000e+00
   outer loop
     vertex  7.500000e-01 -6.933013e+00  0.000000e+00
     vertex  6.294095e-01 -6.982963e+00  1.510000e+00
     vertex  7.500000e-01 -6.933013e+00  1.510000e+00
   endloop
 endfacet
 facet normal -3.826834e-01  9.238795e-01  0.000000e+00
   outer loop
     vertex  7.500000e-01 -6.933013e+00  0.000000e+00
     vertex  6.294095e-01 -6.982963e+00  0.000000e+00
     vertex  6.294095e-01 -6.982963e+00  1.510000e+00
   endloop
 endfacet
 facet normal -6.087614e-01  7.933533e-01  0.000000e+00
   outer loop
     vertex  8.535534e-01 -6.853553e+00  0.000000e+00
     vertex  7.500000e-01 -6.933013e+00  1.510000e+00
     vertex  8.535534e-01 -6.853553e+00  1.510000e+00
   endloop
 endfacet
 facet normal -6.087614e-01  7.933533e-01  0.000000e+00
   outer loop
     vertex  8.535534e-01 -6.853553e+00  0.000000e+00
     vertex  7.500000e-01 -6.933013e+00  0.000000e+00
     vertex  7.500000e-01 -6.933013e+00  1.510000e+00
   endloop
 endfacet
 facet normal -7.933533e-01  6.087614e-01  0.000000e+00
   outer loop
     vertex  9.330127e-01 -6.750000e+00  0.000000e+00
     vertex  8.535534e-01 -6.853553e+00  1.510000e+00
     vertex  9.330127e-01 -6.750000e+00  1.510000e+00
   endloop
 endfacet
 facet normal -7.933533e-01  6.087614e-01  0.000000e+00
   outer loop
     vertex  9.330127e-01 -6.750000e+00  0.000000e+00
     vertex  8.535534e-01 -6.853553e+00  0.000000e+00
     vertex  8.535534e-01 -6.853553e+00  1.510000e+00
   endloop
 endfacet
 facet normal -9.238795e-01  3.826834e-01  0.000000e+00
   outer loop
     vertex  9.829629e-01 -6.629410e+00  0.000000e+00
     vertex  9.330127e-01 -6.750000e+00  1.510000e+00
     vertex  9.829629e-01 -6.629410e+00  1.510000e+00
   endloop
 endfacet
 facet normal -9.238795e-01  3.826834e-01  0.000000e+00
   outer loop
     vertex  9.829629e-01 -6.629410e+00  0.000000e+00
     vertex  9.330127e-01 -6.750000e+00  0.000000e+00
     vertex  9.330127e-01 -6.750000e+00  1.510000e+00
   endloop
 endfacet
 facet normal -9.914449e-01  1.305262e-01  0.000000e+00
   outer loop
     vertex  1.000000e+00 -6.500000e+00  0.000000e+00
     vertex  9.829629e-01 -6.629410e+00  1.510000e+00
     vertex  1.000000e+00 -6.500000e+00  1.510000e+00
   endloop
 endfacet
 facet normal -9.914449e-01  1.305262e-01  0.000000e+00
   outer loop
     vertex  1.000000e+00 -6.500000e+00  0.000000e+00
     vertex  9.829629e-01 -6.629410e+00  0.000000e+00
     vertex  9.829629e-01 -6.629410e+00  1.510000e+00
   endloop
 endfacet
 facet normal -9.914449e-01 -1.305262e-01  0.000000e+00
   outer loop
     vertex  9.829629e-01 -6.370590e+00  0.000000e+00
     vertex  1.000000e+00 -6.500000e+00  1.510000e+00
     vertex  9.829629e-01 -6.370590e+00  1.510000e+00
   endloop
 endfacet
 facet normal -9.914449e-01 -1.305262e-01  0.000000e+00
   outer loop
     vertex  9.829629e-01 -6.370590e+00  0.000000e+00
     vertex  1.000000e+00 -6.500000e+00  0.000000e+00
     vertex  1.000000e+00 -6.500000e+00  1.510000e+00
   endloop
 endfacet
 facet normal -9.238795e-01 -3.826834e-01  0.000000e+00
   outer loop
     vertex  9.330127e-01 -6.250000e+00  0.000000e+00
     vertex  9.829629e-01 -6.370590e+00  1.510000e+00
     vertex  9.330127e-01 -6.250000e+00  1.510000e+00
   endloop
 endfacet
 facet normal -9.238795e-01 -3.826834e-01  0.000000e+00
   outer loop
     vertex  9.330127e-01 -6.250000e+00  0.000000e+00
     vertex  9.829629e-01 -6.370590e+00  0.000000e+00
     vertex  9.829629e-01 -6.370590e+00  1.510000e+00
   endloop
 endfacet
 facet normal -7.933533e-01 -6.087614e-01  0.000000e+00
   outer loop
     vertex  8.535534e-01 -6.146447e+00  0.000000e+00
     vertex  9.330127e-01 -6.250000e+00  1.510000e+00
     vertex  8.535534e-01 -6.146447e+00  1.510000e+00
   endloop
 endfacet
 facet normal -7.933533e-01 -6.087614e-01  0.000000e+00
   outer loop
     vertex  8.535534e-01 -6.146447e+00  0.000000e+00
     vertex  9.330127e-01 -6.250000e+00  0.000000e+00
     vertex  9.330127e-01 -6.250000e+00  1.510000e+00
   endloop
 endfacet
 facet normal -6.087614e-01 -7.933533e-01  0.000000e+00
   outer loop
     vertex  7.500000e-01 -6.066987e+00  0.000000e+00
     vertex  8.535534e-01 -6.146447e+00  1.510000e+00
     vertex  7.500000e-01 -6.066987e+00  1.510000e+00
   endloop
 endfacet
 facet normal -6.087614e-01 -7.933533e-01  0.000000e+00
   outer loop
     vertex  7.500000e-01 -6.066987e+00  0.000000e+00
     vertex  8.535534e-01 -6.146447e+00  0.000000e+00
     vertex  8.535534e-01 -6.146447e+00  1.510000e+00
   endloop
 endfacet
 facet normal -3.826834e-01 -9.238795e-01  0.000000e+00
   outer loop
     vertex  6.294095e-01 -6.017037e+00  0.000000e+00
     vertex  7.500000e-01 -6.066987e+00  1.510000e+00
     vertex  6.294095e-01 -6.017037e+00  1.510000e+00
   endloop
 endfacet
 facet normal -3.826834e-01 -9.238795e-01  0.000000e+00
   outer loop
     vertex  6.294095e-01 -6.017037e+00  0.000000e+00
     vertex  7.500000e-01 -6.066987e+00  0.000000e+00
     vertex  7.500000e-01 -6.066987e+00  1.510000e+00
   endloop
 endfacet
 facet normal -1.305262e-01 -9.914449e-01  0.000000e+00
   outer loop
     vertex  5.000000e-01 -6.000000e+00  0.000000e+00
     vertex  6.294095e-01 -6.017037e+00  1.510000e+00
     vertex  5.000000e-01 -6.000000e+00  1.510000e+00
   endloop
 endfacet
 facet normal -1.305262e-01 -9.914449e-01  0.000000e+00
   outer loop
     vertex  5.000000e-01 -6.000000e+00  0.000000e+00
     vertex  6.294095e-01 -6.017037e+00  0.000000e+00
     vertex  6.294095e-01 -6.017037e+00  1.510000e+00
   endloop
 endfacet
 facet normal  1.305262e-01 -9.914449e-01  0.000000e+00
   outer loop
     vertex  3.705905e-01 -6.017037e+00  0.000000e+00
     vertex  5.000000e-01 -6.000000e+00  1.510000e+00
     vertex  3.705905e-01 -6.017037e+00  1.510000e+00
   endloop
 endfacet
 facet normal  1.305262e-01 -9.914449e-01  0.000000e+00
   outer loop
     vertex  3.705905e-01 -6.017037e+00  0.000000e+00
     vertex  5.000000e-01 -6.000000e+00  0.000000e+00
     vertex  5.000000e-01 -6.000000e+00  1.510000e+00
   endloop
 endfacet
 facet normal  3.826834e-01 -9.238795e-01  0.000000e+00
   outer loop
     vertex  2.500000e-01 -6.066987e+00  0.000000e+00
     vertex  3.705905e-01 -6.017037e+00  0.000000e+00
     vertex  3.705905e-01 -6.017037e+00  1.510000e+00
   endloop
 endfacet
 facet normal  3.826834e-01 -9.238795e-01  0.000000e+00
   outer loop
     vertex  2.500000e-01 -6.066987e+00  0.000000e+00
     vertex  3.705905e-01 -6.017037e+00  1.510000e+00
     vertex  2.500000e-01 -6.066987e+00  1.510000e+00
   endloop
 endfacet
 facet normal  6.087614e-01 -7.933533e-01  0.000000e+00
   outer loop
     vertex  1.464466e-01 -6.146447e+00  0.000000e+00
     vertex  2.500000e-01 -6.066987e+00  0.000000e+00
     vertex  2.500000e-01 -6.066987e+00  1.510000e+00
   endloop
 endfacet
 facet normal  7.933533e-01 -6.087614e-01  0.000000e+00
   outer loop
     vertex  1.464466e-01 -6.146447e+00  0.000000e+00
     vertex  1.464466e-01 -6.146447e+00  1.510000e+00
     vertex  6.698730e-02 -6.250000e+00  1.510000e+00
   endloop
 endfacet
 facet normal  6.087614e-01 -7.933533e-01  0.000000e+00
   outer loop
     vertex  1.464466e-01 -6.146447e+00  0.000000e+00
     vertex  2.500000e-01 -6.066987e+00  1.510000e+00
     vertex  1.464466e-01 -6.146447e+00  1.510000e+00
   endloop
 endfacet
 facet normal  7.933533e-01 -6.087614e-01  0.000000e+00
   outer loop
     vertex  6.698730e-02 -6.250000e+00  0.000000e+00
     vertex  1.464466e-01 -6.146447e+00  0.000000e+00
     vertex  6.698730e-02 -6.250000e+00  1.510000e+00
   endloop
 endfacet
 facet normal  9.238795e-01 -3.826834e-01  0.000000e+00
   outer loop
     vertex  6.698730e-02 -6.250000e+00  0.000000e+00
     vertex  6.698730e-02 -6.250000e+00  1.510000e+00
     vertex  1.703709e-02 -6.370590e+00  1.510000e+00
   endloop
 endfacet
 facet normal  9.238795e-01 -3.826834e-01  0.000000e+00
   outer loop
     vertex  1.703709e-02 -6.370590e+00  0.000000e+00
     vertex  6.698730e-02 -6.250000e+00  0.000000e+00
     vertex  1.703709e-02 -6.370590e+00  1.510000e+00
   endloop
 endfacet
 facet normal  9.914449e-01 -1.305262e-01  0.000000e+00
   outer loop
     vertex  0.000000e+00 -6.500000e+00  0.000000e+00
     vertex  1.703709e-02 -6.370590e+00  0.000000e+00
     vertex  1.703709e-02 -6.370590e+00  1.510000e+00
   endloop
 endfacet
 facet normal  9.914449e-01 -1.305262e-01  0.000000e+00
   outer loop
     vertex  0.000000e+00 -6.500000e+00  0.000000e+00
     vertex  1.703709e-02 -6.370590e+00  1.510000e+00
     vertex  0.000000e+00 -6.500000e+00  1.510000e+00
   endloop
 endfacet
 facet normal  9.914449e-01  1.305262e-01 -0.000000e+00
   outer loop
     vertex  1.703709e-02 -6.629410e+00  0.000000e+00
     vertex  0.000000e+00 -6.500000e+00  1.510000e+00
     vertex  1.703709e-02 -6.629410e+00  1.510000e+00
   endloop
 endfacet
 facet normal  9.914449e-01  1.305262e-01  0.000000e+00
   outer loop
     vertex  1.703709e-02 -6.629410e+00  0.000000e+00
     vertex  0.000000e+00 -6.500000e+00  0.000000e+00
     vertex  0.000000e+00 -6.500000e+00  1.510000e+00
   endloop
 endfacet
 facet normal  9.238795e-01  3.826834e-01 -0.000000e+00
   outer loop
     vertex  6.698730e-02 -6.750000e+00  0.000000e+00
     vertex  1.703709e-02 -6.629410e+00  1.510000e+00
     vertex  6.698730e-02 -6.750000e+00  1.510000e+00
   endloop
 endfacet
 facet normal  9.238795e-01  3.826834e-01  0.000000e+00
   outer loop
     vertex  6.698730e-02 -6.750000e+00  0.000000e+00
     vertex  1.703709e-02 -6.629410e+00  0.000000e+00
     vertex  1.703709e-02 -6.629410e+00  1.510000e+00
   endloop
 endfacet
 facet normal  6.087614e-01  7.933533e-01 -0.000000e+00
   outer loop
     vertex  1.464466e-01 -6.853553e+00  0.000000e+00
     vertex  1.464466e-01 -6.853553e+00  1.510000e+00
     vertex  2.500000e-01 -6.933013e+00  1.510000e+00
   endloop
 endfacet
 facet normal  7.933533e-01  6.087614e-01 -0.000000e+00
   outer loop
     vertex  1.464466e-01 -6.853553e+00  0.000000e+00
     vertex  6.698730e-02 -6.750000e+00  1.510000e+00
     vertex  1.464466e-01 -6.853553e+00  1.510000e+00
   endloop
 endfacet
 facet normal  7.933533e-01  6.087614e-01  0.000000e+00
   outer loop
     vertex  1.464466e-01 -6.853553e+00  0.000000e+00
     vertex  6.698730e-02 -6.750000e+00  0.000000e+00
     vertex  6.698730e-02 -6.750000e+00  1.510000e+00
   endloop
 endfacet
 facet normal  6.087614e-01  7.933533e-01 -0.000000e+00
   outer loop
     vertex  2.500000e-01 -6.933013e+00  0.000000e+00
     vertex  1.464466e-01 -6.853553e+00  0.000000e+00
     vertex  2.500000e-01 -6.933013e+00  1.510000e+00
   endloop
 endfacet
 facet normal  3.826834e-01  9.238795e-01 -0.000000e+00
   outer loop
     vertex  3.705905e-01 -6.982963e+00  0.000000e+00
     vertex  2.500000e-01 -6.933013e+00  1.510000e+00
     vertex  3.705905e-01 -6.982963e+00  1.510000e+00
   endloop
 endfacet
 facet normal  3.826834e-01  9.238795e-01  0.000000e+00
   outer loop
     vertex  3.705905e-01 -6.982963e+00  0.000000e+00
     vertex  2.500000e-01 -6.933013e+00  0.000000e+00
     vertex  2.500000e-01 -6.933013e+00  1.510000e+00
   endloop
 endfacet
 facet normal  1.305262e-01  9.914449e-01 -0.000000e+00
   outer loop
     vertex  5.000000e-01 -7.000000e+00  0.000000e+00
     vertex  3.705905e-01 -6.982963e+00  1.510000e+00
     vertex  5.000000e-01 -7.000000e+00  1.510000e+00
   endloop
 endfacet
 facet normal  1.305262e-01  9.914449e-01  0.000000e+00
   outer loop
     vertex  5.000000e-01 -7.000000e+00  0.000000e+00
     vertex  3.705905e-01 -6.982963e+00  0.000000e+00
     vertex  3.705905e-01 -6.982963e+00  1.510000e+00
   endloop
 endfacet
 facet normal -1.305262e-01  9.914449e-01  0.000000e+00
   outer loop
     vertex  2.129410e+00 -6.982963e+00  0.000000e+00
     vertex  2.000000e+00 -7.000000e+00  0.000000e+00
     vertex  2.000000e+00 -7.000000e+00  1.510000e+00
   endloop
 endfacet
 facet normal -1.305262e-01  9.914449e-01  0.000000e+00
   outer loop
     vertex  2.129410e+00 -6.982963e+00  0.000000e+00
     vertex  2.000000e+00 -7.000000e+00  1.510000e+00
     vertex  2.129410e+00 -6.982963e+00  1.510000e+00
   endloop
 endfacet
 facet normal -3.826834e-01  9.238795e-01  0.000000e+00
   outer loop
     vertex  2.250000e+00 -6.933013e+00  0.000000e+00
     vertex  2.129410e+00 -6.982963e+00  1.510000e+00
     vertex  2.250000e+00 -6.933013e+00  1.510000e+00
   endloop
 endfacet
 facet normal -3.826834e-01  9.238795e-01  0.000000e+00
   outer loop
     vertex  2.250000e+00 -6.933013e+00  0.000000e+00
     vertex  2.129410e+00 -6.982963e+00  0.000000e+00
     vertex  2.129410e+00 -6.982963e+00  1.510000e+00
   endloop
 endfacet
 facet normal -6.087614e-01  7.933533e-01  0.000000e+00
   outer loop
     vertex  2.353553e+00 -6.853553e+00  0.000000e+00
     vertex  2.250000e+00 -6.933013e+00  1.510000e+00
     vertex  2.353553e+00 -6.853553e+00  1.510000e+00
   endloop
 endfacet
 facet normal -6.087614e-01  7.933533e-01  0.000000e+00
   outer loop
     vertex  2.353553e+00 -6.853553e+00  0.000000e+00
     vertex  2.250000e+00 -6.933013e+00  0.000000e+00
     vertex  2.250000e+00 -6.933013e+00  1.510000e+00
   endloop
 endfacet
 facet normal -7.933533e-01  6.087614e-01  0.000000e+00
   outer loop
     vertex  2.433013e+00 -6.750000e+00  0.000000e+00
     vertex  2.353553e+00 -6.853553e+00  1.510000e+00
     vertex  2.433013e+00 -6.750000e+00  1.510000e+00
   endloop
 endfacet
 facet normal -7.933533e-01  6.087614e-01  0.000000e+00
   outer loop
     vertex  2.433013e+00 -6.750000e+00  0.000000e+00
     vertex  2.353553e+00 -6.853553e+00  0.000000e+00
     vertex  2.353553e+00 -6.853553e+00  1.510000e+00
   endloop
 endfacet
 facet normal -9.238795e-01  3.826834e-01  0.000000e+00
   outer loop
     vertex  2.482963e+00 -6.629410e+00  0.000000e+00
     vertex  2.433013e+00 -6.750000e+00  1.510000e+00
     vertex  2.482963e+00 -6.629410e+00  1.510000e+00
   endloop
 endfacet
 facet normal -9.238795e-01  3.826834e-01  0.000000e+00
   outer loop
     vertex  2.482963e+00 -6.629410e+00  0.000000e+00
     vertex  2.433013e+00 -6.750000e+00  0.000000e+00
     vertex  2.433013e+00 -6.750000e+00  1.510000e+00
   endloop
 endfacet
 facet normal -9.914449e-01  1.305262e-01  0.000000e+00
   outer loop
     vertex  2.500000e+00 -6.500000e+00  0.000000e+00
     vertex  2.482963e+00 -6.629410e+00  1.510000e+00
     vertex  2.500000e+00 -6.500000e+00  1.510000e+00
   endloop
 endfacet
 facet normal -9.914449e-01  1.305262e-01  0.000000e+00
   outer loop
     vertex  2.500000e+00 -6.500000e+00  0.000000e+00
     vertex  2.482963e+00 -6.629410e+00  0.000000e+00
     vertex  2.482963e+00 -6.629410e+00  1.510000e+00
   endloop
 endfacet
 facet normal -9.914449e-01 -1.305262e-01  0.000000e+00
   outer loop
     vertex  2.482963e+00 -6.370590e+00  0.000000e+00
     vertex  2.500000e+00 -6.500000e+00  1.510000e+00
     vertex  2.482963e+00 -6.370590e+00  1.510000e+00
   endloop
 endfacet
 facet normal -9.914449e-01 -1.305262e-01  0.000000e+00
   outer loop
     vertex  2.482963e+00 -6.370590e+00  0.000000e+00
     vertex  2.500000e+00 -6.500000e+00  0.000000e+00
     vertex  2.500000e+00 -6.500000e+00  1.510000e+00
   endloop
 endfacet
 facet normal -9.238795e-01 -3.826834e-01  0.000000e+00
   outer loop
     vertex  2.433013e+00 -6.250000e+00  0.000000e+00
     vertex  2.482963e+00 -6.370590e+00  1.510000e+00
     vertex  2.433013e+00 -6.250000e+00  1.510000e+00
   endloop
 endfacet
 facet normal -9.238795e-01 -3.826834e-01  0.000000e+00
   outer loop
     vertex  2.433013e+00 -6.250000e+00  0.000000e+00
     vertex  2.482963e+00 -6.370590e+00  0.000000e+00
     vertex  2.482963e+00 -6.370590e+00  1.510000e+00
   endloop
 endfacet
 facet normal -7.933533e-01 -6.087614e-01  0.000000e+00
   outer loop
     vertex  2.353553e+00 -6.146447e+00  0.000000e+00
     vertex  2.433013e+00 -6.250000e+00  1.510000e+00
     vertex  2.353553e+00 -6.146447e+00  1.510000e+00
   endloop
 endfacet
 facet normal -7.933533e-01 -6.087614e-01  0.000000e+00
   outer loop
     vertex  2.353553e+00 -6.146447e+00  0.000000e+00
     vertex  2.433013e+00 -6.250000e+00  0.000000e+00
     vertex  2.433013e+00 -6.250000e+00  1.510000e+00
   endloop
 endfacet
 facet normal -6.087614e-01 -7.933533e-01  0.000000e+00
   outer loop
     vertex  2.250000e+00 -6.066987e+00  0.000000e+00
     vertex  2.353553e+00 -6.146447e+00  1.510000e+00
     vertex  2.250000e+00 -6.066987e+00  1.510000e+00
   endloop
 endfacet
 facet normal -6.087614e-01 -7.933533e-01  0.000000e+00
   outer loop
     vertex  2.250000e+00 -6.066987e+00  0.000000e+00
     vertex  2.353553e+00 -6.146447e+00  0.000000e+00
     vertex  2.353553e+00 -6.146447e+00  1.510000e+00
   endloop
 endfacet
 facet normal -3.826834e-01 -9.238795e-01  0.000000e+00
   outer loop
     vertex  2.129410e+00 -6.017037e+00  0.000000e+00
     vertex  2.250000e+00 -6.066987e+00  1.510000e+00
     vertex  2.129410e+00 -6.017037e+00  1.510000e+00
   endloop
 endfacet
 facet normal -3.826834e-01 -9.238795e-01  0.000000e+00
   outer loop
     vertex  2.129410e+00 -6.017037e+00  0.000000e+00
     vertex  2.250000e+00 -6.066987e+00  0.000000e+00
     vertex  2.250000e+00 -6.066987e+00  1.510000e+00
   endloop
 endfacet
 facet normal -1.305262e-01 -9.914449e-01  0.000000e+00
   outer loop
     vertex  2.000000e+00 -6.000000e+00  0.000000e+00
     vertex  2.129410e+00 -6.017037e+00  1.510000e+00
     vertex  2.000000e+00 -6.000000e+00  1.510000e+00
   endloop
 endfacet
 facet normal -1.305262e-01 -9.914449e-01  0.000000e+00
   outer loop
     vertex  2.000000e+00 -6.000000e+00  0.000000e+00
     vertex  2.129410e+00 -6.017037e+00  0.000000e+00
     vertex  2.129410e+00 -6.017037e+00  1.510000e+00
   endloop
 endfacet
 facet normal  1.305262e-01 -9.914449e-01  0.000000e+00
   outer loop
     vertex  1.870590e+00 -6.017037e+00  0.000000e+00
     vertex  2.000000e+00 -6.000000e+00  1.510000e+00
     vertex  1.870590e+00 -6.017037e+00  1.510000e+00
   endloop
 endfacet
 facet normal  1.305262e-01 -9.914449e-01  0.000000e+00
   outer loop
     vertex  1.870590e+00 -6.017037e+00  0.000000e+00
     vertex  2.000000e+00 -6.000000e+00  0.000000e+00
     vertex  2.000000e+00 -6.000000e+00  1.510000e+00
   endloop
 endfacet
 facet normal  3.826834e-01 -9.238795e-01  0.000000e+00
   outer loop
     vertex  1.750000e+00 -6.066987e+00  0.000000e+00
     vertex  1.870590e+00 -6.017037e+00  0.000000e+00
     vertex  1.870590e+00 -6.017037e+00  1.510000e+00
   endloop
 endfacet
 facet normal  3.826834e-01 -9.238795e-01  0.000000e+00
   outer loop
     vertex  1.750000e+00 -6.066987e+00  0.000000e+00
     vertex  1.870590e+00 -6.017037e+00  1.510000e+00
     vertex  1.750000e+00 -6.066987e+00  1.510000e+00
   endloop
 endfacet
 facet normal  6.087614e-01 -7.933533e-01  0.000000e+00
   outer loop
     vertex  1.646447e+00 -6.146447e+00  0.000000e+00
     vertex  1.750000e+00 -6.066987e+00  0.000000e+00
     vertex  1.750000e+00 -6.066987e+00  1.510000e+00
   endloop
 endfacet
 facet normal  7.933533e-01 -6.087614e-01  0.000000e+00
   outer loop
     vertex  1.646447e+00 -6.146447e+00  0.000000e+00
     vertex  1.646447e+00 -6.146447e+00  1.510000e+00
     vertex  1.566987e+00 -6.250000e+00  1.510000e+00
   endloop
 endfacet
 facet normal  6.087614e-01 -7.933533e-01  0.000000e+00
   outer loop
     vertex  1.646447e+00 -6.146447e+00  0.000000e+00
     vertex  1.750000e+00 -6.066987e+00  1.510000e+00
     vertex  1.646447e+00 -6.146447e+00  1.510000e+00
   endloop
 endfacet
 facet normal  7.933533e-01 -6.087614e-01  0.000000e+00
   outer loop
     vertex  1.566987e+00 -6.250000e+00  0.000000e+00
     vertex  1.646447e+00 -6.146447e+00  0.000000e+00
     vertex  1.566987e+00 -6.250000e+00  1.510000e+00
   endloop
 endfacet
 facet normal  9.238795e-01 -3.826834e-01  0.000000e+00
   outer loop
     vertex  1.566987e+00 -6.250000e+00  0.000000e+00
     vertex  1.566987e+00 -6.250000e+00  1.510000e+00
     vertex  1.517037e+00 -6.370590e+00  1.510000e+00
   endloop
 endfacet
 facet normal  9.238795e-01 -3.826834e-01  0.000000e+00
   outer loop
     vertex  1.517037e+00 -6.370590e+00  0.000000e+00
     vertex  1.566987e+00 -6.250000e+00  0.000000e+00
     vertex  1.517037e+00 -6.370590e+00  1.510000e+00
   endloop
 endfacet
 facet normal  9.914449e-01 -1.305262e-01  0.000000e+00
   outer loop
     vertex  1.500000e+00 -6.500000e+00  0.000000e+00
     vertex  1.517037e+00 -6.370590e+00  0.000000e+00
     vertex  1.517037e+00 -6.370590e+00  1.510000e+00
   endloop
 endfacet
 facet normal  9.914449e-01 -1.305262e-01  0.000000e+00
   outer loop
     vertex  1.500000e+00 -6.500000e+00  0.000000e+00
     vertex  1.517037e+00 -6.370590e+00  1.510000e+00
     vertex  1.500000e+00 -6.500000e+00  1.510000e+00
   endloop
 endfacet
 facet normal  9.914449e-01  1.305262e-01 -0.000000e+00
   outer loop
     vertex  1.517037e+00 -6.629410e+00  0.000000e+00
     vertex  1.500000e+00 -6.500000e+00  1.510000e+00
     vertex  1.517037e+00 -6.629410e+00  1.510000e+00
   endloop
 endfacet
 facet normal  9.914449e-01  1.305262e-01  0.000000e+00
   outer loop
     vertex  1.517037e+00 -6.629410e+00  0.000000e+00
     vertex  1.500000e+00 -6.500000e+00  0.000000e+00
     vertex  1.500000e+00 -6.500000e+00  1.510000e+00
   endloop
 endfacet
 facet normal  9.238795e-01  3.826834e-01 -0.000000e+00
   outer loop
     vertex  1.566987e+00 -6.750000e+00  0.000000e+00
     vertex  1.517037e+00 -6.629410e+00  1.510000e+00
     vertex  1.566987e+00 -6.750000e+00  1.510000e+00
   endloop
 endfacet
 facet normal  9.238795e-01  3.826834e-01  0.000000e+00
   outer loop
     vertex  1.566987e+00 -6.750000e+00  0.000000e+00
     vertex  1.517037e+00 -6.629410e+00  0.000000e+00
     vertex  1.517037e+00 -6.629410e+00  1.510000e+00
   endloop
 endfacet
 facet normal  6.087614e-01  7.933533e-01 -0.000000e+00
   outer loop
     vertex  1.646447e+00 -6.853553e+00  0.000000e+00
     vertex  1.646447e+00 -6.853553e+00  1.510000e+00
     vertex  1.750000e+00 -6.933013e+00  1.510000e+00
   endloop
 endfacet
 facet normal  7.933533e-01  6.087614e-01 -0.000000e+00
   outer loop
     vertex  1.646447e+00 -6.853553e+00  0.000000e+00
     vertex  1.566987e+00 -6.750000e+00  1.510000e+00
     vertex  1.646447e+00 -6.853553e+00  1.510000e+00
   endloop
 endfacet
 facet normal  7.933533e-01  6.087614e-01  0.000000e+00
   outer loop
     vertex  1.646447e+00 -6.853553e+00  0.000000e+00
     vertex  1.566987e+00 -6.750000e+00  0.000000e+00
     vertex  1.566987e+00 -6.750000e+00  1.510000e+00
   endloop
 endfacet
 facet normal  6.087614e-01  7.933533e-01 -0.000000e+00
   outer loop
     vertex  1.750000e+00 -6.933013e+00  0.000000e+00
     vertex  1.646447e+00 -6.853553e+00  0.000000e+00
     vertex  1.750000e+00 -6.933013e+00  1.510000e+00
   endloop
 endfacet
 facet normal  3.826834e-01  9.238795e-01 -0.000000e+00
   outer loop
     vertex  1.870590e+00 -6.982963e+00  0.000000e+00
     vertex  1.750000e+00 -6.933013e+00  1.510000e+00
     vertex  1.870590e+00 -6.982963e+00  1.510000e+00
   endloop
 endfacet
 facet normal  3.826834e-01  9.238795e-01  0.000000e+00
   outer loop
     vertex  1.870590e+00 -6.982963e+00  0.000000e+00
     vertex  1.750000e+00 -6.933013e+00  0.000000e+00
     vertex  1.750000e+00 -6.933013e+00  1.510000e+00
   endloop
 endfacet
 facet normal  1.305262e-01  9.914449e-01 -0.000000e+00
   outer loop
     vertex  2.000000e+00 -7.000000e+00  0.000000e+00
     vertex  1.870590e+00 -6.982963e+00  1.510000e+00
     vertex  2.000000e+00 -7.000000e+00  1.510000e+00
   endloop
 endfacet
 facet normal  1.305262e-01  9.914449e-01  0.000000e+00
   outer loop
     vertex  2.000000e+00 -7.000000e+00  0.000000e+00
     vertex  1.870590e+00 -6.982963e+00  0.000000e+00
     vertex  1.870590e+00 -6.982963e+00  1.510000e+00
   endloop
 endfacet
 facet normal -1.305262e-01  9.914449e-01  0.000000e+00
   outer loop
     vertex  4.629410e+00 -6.982963e+00  0.000000e+00
     vertex  4.500000e+00 -7.000000e+00  0.000000e+00
     vertex  4.500000e+00 -7.000000e+00  1.510000e+00
   endloop
 endfacet
 facet normal -1.305262e-01  9.914449e-01  0.000000e+00
   outer loop
     vertex  4.629410e+00 -6.982963e+00  0.000000e+00
     vertex  4.500000e+00 -7.000000e+00  1.510000e+00
     vertex  4.629410e+00 -6.982963e+00  1.510000e+00
   endloop
 endfacet
 facet normal -3.826834e-01  9.238795e-01  0.000000e+00
   outer loop
     vertex  4.750000e+00 -6.933013e+00  0.000000e+00
     vertex  4.629410e+00 -6.982963e+00  1.510000e+00
     vertex  4.750000e+00 -6.933013e+00  1.510000e+00
   endloop
 endfacet
 facet normal -3.826834e-01  9.238795e-01  0.000000e+00
   outer loop
     vertex  4.750000e+00 -6.933013e+00  0.000000e+00
     vertex  4.629410e+00 -6.982963e+00  0.000000e+00
     vertex  4.629410e+00 -6.982963e+00  1.510000e+00
   endloop
 endfacet
 facet normal -6.087614e-01  7.933533e-01  0.000000e+00
   outer loop
     vertex  4.853553e+00 -6.853553e+00  0.000000e+00
     vertex  4.750000e+00 -6.933013e+00  1.510000e+00
     vertex  4.853553e+00 -6.853553e+00  1.510000e+00
   endloop
 endfacet
 facet normal -6.087614e-01  7.933533e-01  0.000000e+00
   outer loop
     vertex  4.853553e+00 -6.853553e+00  0.000000e+00
     vertex  4.750000e+00 -6.933013e+00  0.000000e+00
     vertex  4.750000e+00 -6.933013e+00  1.510000e+00
   endloop
 endfacet
 facet normal -7.933533e-01  6.087614e-01  0.000000e+00
   outer loop
     vertex  4.933013e+00 -6.750000e+00  0.000000e+00
     vertex  4.853553e+00 -6.853553e+00  1.510000e+00
     vertex  4.933013e+00 -6.750000e+00  1.510000e+00
   endloop
 endfacet
 facet normal -7.933533e-01  6.087614e-01  0.000000e+00
   outer loop
     vertex  4.933013e+00 -6.750000e+00  0.000000e+00
     vertex  4.853553e+00 -6.853553e+00  0.000000e+00
     vertex  4.853553e+00 -6.853553e+00  1.510000e+00
   endloop
 endfacet
 facet normal -9.238795e-01  3.826834e-01  0.000000e+00
   outer loop
     vertex  4.982963e+00 -6.629410e+00  0.000000e+00
     vertex  4.933013e+00 -6.750000e+00  1.510000e+00
     vertex  4.982963e+00 -6.629410e+00  1.510000e+00
   endloop
 endfacet
 facet normal -9.238795e-01  3.826834e-01  0.000000e+00
   outer loop
     vertex  4.982963e+00 -6.629410e+00  0.000000e+00
     vertex  4.933013e+00 -6.750000e+00  0.000000e+00
     vertex  4.933013e+00 -6.750000e+00  1.510000e+00
   endloop
 endfacet
 facet normal -9.914449e-01  1.305262e-01  0.000000e+00
   outer loop
     vertex  5.000000e+00 -6.500000e+00  0.000000e+00
     vertex  4.982963e+00 -6.629410e+00  1.510000e+00
     vertex  5.000000e+00 -6.500000e+00  1.510000e+00
   endloop
 endfacet
 facet normal -9.914449e-01  1.305262e-01  0.000000e+00
   outer loop
     vertex  5.000000e+00 -6.500000e+00  0.000000e+00
     vertex  4.982963e+00 -6.629410e+00  0.000000e+00
     vertex  4.982963e+00 -6.629410e+00  1.510000e+00
   endloop
 endfacet
 facet normal -9.914449e-01 -1.305262e-01  0.000000e+00
   outer loop
     vertex  4.982963e+00 -6.370590e+00  0.000000e+00
     vertex  5.000000e+00 -6.500000e+00  1.510000e+00
     vertex  4.982963e+00 -6.370590e+00  1.510000e+00
   endloop
 endfacet
 facet normal -9.914449e-01 -1.305262e-01  0.000000e+00
   outer loop
     vertex  4.982963e+00 -6.370590e+00  0.000000e+00
     vertex  5.000000e+00 -6.500000e+00  0.000000e+00
     vertex  5.000000e+00 -6.500000e+00  1.510000e+00
   endloop
 endfacet
 facet normal -9.238795e-01 -3.826834e-01  0.000000e+00
   outer loop
     vertex  4.933013e+00 -6.250000e+00  0.000000e+00
     vertex  4.982963e+00 -6.370590e+00  1.510000e+00
     vertex  4.933013e+00 -6.250000e+00  1.510000e+00
   endloop
 endfacet
 facet normal -9.238795e-01 -3.826834e-01  0.000000e+00
   outer loop
     vertex  4.933013e+00 -6.250000e+00  0.000000e+00
     vertex  4.982963e+00 -6.370590e+00  0.000000e+00
     vertex  4.982963e+00 -6.370590e+00  1.510000e+00
   endloop
 endfacet
 facet normal -7.933533e-01 -6.087614e-01  0.000000e+00
   outer loop
     vertex  4.853553e+00 -6.146447e+00  0.000000e+00
     vertex  4.933013e+00 -6.250000e+00  1.510000e+00
     vertex  4.853553e+00 -6.146447e+00  1.510000e+00
   endloop
 endfacet
 facet normal -7.933533e-01 -6.087614e-01  0.000000e+00
   outer loop
     vertex  4.853553e+00 -6.146447e+00  0.000000e+00
     vertex  4.933013e+00 -6.250000e+00  0.000000e+00
     vertex  4.933013e+00 -6.250000e+00  1.510000e+00
   endloop
 endfacet
 facet normal -6.087614e-01 -7.933533e-01  0.000000e+00
   outer loop
     vertex  4.750000e+00 -6.066987e+00  0.000000e+00
     vertex  4.853553e+00 -6.146447e+00  1.510000e+00
     vertex  4.750000e+00 -6.066987e+00  1.510000e+00
   endloop
 endfacet
 facet normal -6.087614e-01 -7.933533e-01  0.000000e+00
   outer loop
     vertex  4.750000e+00 -6.066987e+00  0.000000e+00
     vertex  4.853553e+00 -6.146447e+00  0.000000e+00
     vertex  4.853553e+00 -6.146447e+00  1.510000e+00
   endloop
 endfacet
 facet normal -3.826834e-01 -9.238795e-01  0.000000e+00
   outer loop
     vertex  4.629410e+00 -6.017037e+00  0.000000e+00
     vertex  4.750000e+00 -6.066987e+00  1.510000e+00
     vertex  4.629410e+00 -6.017037e+00  1.510000e+00
   endloop
 endfacet
 facet normal -3.826834e-01 -9.238795e-01  0.000000e+00
   outer loop
     vertex  4.629410e+00 -6.017037e+00  0.000000e+00
     vertex  4.750000e+00 -6.066987e+00  0.000000e+00
     vertex  4.750000e+00 -6.066987e+00  1.510000e+00
   endloop
 endfacet
 facet normal -1.305262e-01 -9.914449e-01  0.000000e+00
   outer loop
     vertex  4.500000e+00 -6.000000e+00  0.000000e+00
     vertex  4.629410e+00 -6.017037e+00  1.510000e+00
     vertex  4.500000e+00 -6.000000e+00  1.510000e+00
   endloop
 endfacet
 facet normal -1.305262e-01 -9.914449e-01  0.000000e+00
   outer loop
     vertex  4.500000e+00 -6.000000e+00  0.000000e+00
     vertex  4.629410e+00 -6.017037e+00  0.000000e+00
     vertex  4.629410e+00 -6.017037e+00  1.510000e+00
   endloop
 endfacet
 facet normal  1.305262e-01 -9.914449e-01  0.000000e+00
   outer loop
     vertex  4.370590e+00 -6.017037e+00  0.000000e+00
     vertex  4.500000e+00 -6.000000e+00  1.510000e+00
     vertex  4.370590e+00 -6.017037e+00  1.510000e+00
   endloop
 endfacet
 facet normal  1.305262e-01 -9.914449e-01  0.000000e+00
   outer loop
     vertex  4.370590e+00 -6.017037e+00  0.000000e+00
     vertex  4.500000e+00 -6.000000e+00  0.000000e+00
     vertex  4.500000e+00 -6.000000e+00  1.510000e+00
   endloop
 endfacet
 facet normal  3.826834e-01 -9.238795e-01  0.000000e+00
   outer loop
     vertex  4.250000e+00 -6.066987e+00  0.000000e+00
     vertex  4.370590e+00 -6.017037e+00  0.000000e+00
     vertex  4.370590e+00 -6.017037e+00  1.510000e+00
   endloop
 endfacet
 facet normal  3.826834e-01 -9.238795e-01  0.000000e+00
   outer loop
     vertex  4.250000e+00 -6.066987e+00  0.000000e+00
     vertex  4.370590e+00 -6.017037e+00  1.510000e+00
     vertex  4.250000e+00 -6.066987e+00  1.510000e+00
   endloop
 endfacet
 facet normal  6.087614e-01 -7.933533e-01  0.000000e+00
   outer loop
     vertex  4.146447e+00 -6.146447e+00  0.000000e+00
     vertex  4.250000e+00 -6.066987e+00  0.000000e+00
     vertex  4.250000e+00 -6.066987e+00  1.510000e+00
   endloop
 endfacet
 facet normal  7.933533e-01 -6.087614e-01  0.000000e+00
   outer loop
     vertex  4.146447e+00 -6.146447e+00  0.000000e+00
     vertex  4.146447e+00 -6.146447e+00  1.510000e+00
     vertex  4.066987e+00 -6.250000e+00  1.510000e+00
   endloop
 endfacet
 facet normal  6.087614e-01 -7.933533e-01  0.000000e+00
   outer loop
     vertex  4.146447e+00 -6.146447e+00  0.000000e+00
     vertex  4.250000e+00 -6.066987e+00  1.510000e+00
     vertex  4.146447e+00 -6.146447e+00  1.510000e+00
   endloop
 endfacet
 facet normal  7.933533e-01 -6.087614e-01  0.000000e+00
   outer loop
     vertex  4.066987e+00 -6.250000e+00  0.000000e+00
     vertex  4.146447e+00 -6.146447e+00  0.000000e+00
     vertex  4.066987e+00 -6.250000e+00  1.510000e+00
   endloop
 endfacet
 facet normal  9.238795e-01 -3.826834e-01  0.000000e+00
   outer loop
     vertex  4.066987e+00 -6.250000e+00  0.000000e+00
     vertex  4.066987e+00 -6.250000e+00  1.510000e+00
     vertex  4.017037e+00 -6.370590e+00  1.510000e+00
   endloop
 endfacet
 facet normal  9.238795e-01 -3.826834e-01  0.000000e+00
   outer loop
     vertex  4.017037e+00 -6.370590e+00  0.000000e+00
     vertex  4.066987e+00 -6.250000e+00  0.000000e+00
     vertex  4.017037e+00 -6.370590e+00  1.510000e+00
   endloop
 endfacet
 facet normal  9.914449e-01 -1.305262e-01  0.000000e+00
   outer loop
     vertex  4.000000e+00 -6.500000e+00  0.000000e+00
     vertex  4.017037e+00 -6.370590e+00  0.000000e+00
     vertex  4.017037e+00 -6.370590e+00  1.510000e+00
   endloop
 endfacet
 facet normal  9.914449e-01 -1.305262e-01  0.000000e+00
   outer loop
     vertex  4.000000e+00 -6.500000e+00  0.000000e+00
     vertex  4.017037e+00 -6.370590e+00  1.510000e+00
     vertex  4.000000e+00 -6.500000e+00  1.510000e+00
   endloop
 endfacet
 facet normal  9.914449e-01  1.305262e-01 -0.000000e+00
   outer loop
     vertex  4.017037e+00 -6.629410e+00  0.000000e+00
     vertex  4.000000e+00 -6.500000e+00  1.510000e+00
     vertex  4.017037e+00 -6.629410e+00  1.510000e+00
   endloop
 endfacet
 facet normal  9.914449e-01  1.305262e-01  0.000000e+00
   outer loop
     vertex  4.017037e+00 -6.629410e+00  0.000000e+00
     vertex  4.000000e+00 -6.500000e+00  0.000000e+00
     vertex  4.000000e+00 -6.500000e+00  1.510000e+00
   endloop
 endfacet
 facet normal  9.238795e-01  3.826834e-01 -0.000000e+00
   outer loop
     vertex  4.066987e+00 -6.750000e+00  0.000000e+00
     vertex  4.017037e+00 -6.629410e+00  1.510000e+00
     vertex  4.066987e+00 -6.750000e+00  1.510000e+00
   endloop
 endfacet
 facet normal  9.238795e-01  3.826834e-01  0.000000e+00
   outer loop
     vertex  4.066987e+00 -6.750000e+00  0.000000e+00
     vertex  4.017037e+00 -6.629410e+00  0.000000e+00
     vertex  4.017037e+00 -6.629410e+00  1.510000e+00
   endloop
 endfacet
 facet normal  6.087614e-01  7.933533e-01 -0.000000e+00
   outer loop
     vertex  4.146447e+00 -6.853553e+00  0.000000e+00
     vertex  4.146447e+00 -6.853553e+00  1.510000e+00
     vertex  4.250000e+00 -6.933013e+00  1.510000e+00
   endloop
 endfacet
 facet normal  7.933533e-01  6.087614e-01 -0.000000e+00
   outer loop
     vertex  4.146447e+00 -6.853553e+00  0.000000e+00
     vertex  4.066987e+00 -6.750000e+00  1.510000e+00
     vertex  4.146447e+00 -6.853553e+00  1.510000e+00
   endloop
 endfacet
 facet normal  7.933533e-01  6.087614e-01  0.000000e+00
   outer loop
     vertex  4.146447e+00 -6.853553e+00  0.000000e+00
     vertex  4.066987e+00 -6.750000e+00  0.000000e+00
     vertex  4.066987e+00 -6.750000e+00  1.510000e+00
   endloop
 endfacet
 facet normal  6.087614e-01  7.933533e-01 -0.000000e+00
   outer loop
     vertex  4.250000e+00 -6.933013e+00  0.000000e+00
     vertex  4.146447e+00 -6.853553e+00  0.000000e+00
     vertex  4.250000e+00 -6.933013e+00  1.510000e+00
   endloop
 endfacet
 facet normal  3.826834e-01  9.238795e-01 -0.000000e+00
   outer loop
     vertex  4.370590e+00 -6.982963e+00  0.000000e+00
     vertex  4.250000e+00 -6.933013e+00  1.510000e+00
     vertex  4.370590e+00 -6.982963e+00  1.510000e+00
   endloop
 endfacet
 facet normal  3.826834e-01  9.238795e-01  0.000000e+00
   outer loop
     vertex  4.370590e+00 -6.982963e+00  0.000000e+00
     vertex  4.250000e+00 -6.933013e+00  0.000000e+00
     vertex  4.250000e+00 -6.933013e+00  1.510000e+00
   endloop
 endfacet
 facet normal  1.305262e-01  9.914449e-01 -0.000000e+00
   outer loop
     vertex  4.500000e+00 -7.000000e+00  0.000000e+00
     vertex  4.370590e+00 -6.982963e+00  1.510000e+00
     vertex  4.500000e+00 -7.000000e+00  1.510000e+00
   endloop
 endfacet
 facet normal  1.305262e-01  9.914449e-01  0.000000e+00
   outer loop
     vertex  4.500000e+00 -7.000000e+00  0.000000e+00
     vertex  4.370590e+00 -6.982963e+00  0.000000e+00
     vertex  4.370590e+00 -6.982963e+00  1.510000e+00
   endloop
 endfacet
 facet normal -1.305262e-01  9.914449e-01  0.000000e+00
   outer loop
     vertex  1.462941e+01 -6.982963e+00  0.000000e+00
     vertex  1.450000e+01 -7.000000e+00  0.000000e+00
     vertex  1.450000e+01 -7.000000e+00  1.510000e+00
   endloop
 endfacet
 facet normal -1.305262e-01  9.914449e-01  0.000000e+00
   outer loop
     vertex  1.462941e+01 -6.982963e+00  0.000000e+00
     vertex  1.450000e+01 -7.000000e+00  1.510000e+00
     vertex  1.462941e+01 -6.982963e+00  1.510000e+00
   endloop
 endfacet
 facet normal -3.826834e-01  9.238795e-01  0.000000e+00
   outer loop
     vertex  1.475000e+01 -6.933013e+00  0.000000e+00
     vertex  1.462941e+01 -6.982963e+00  1.510000e+00
     vertex  1.475000e+01 -6.933013e+00  1.510000e+00
   endloop
 endfacet
 facet normal -3.826834e-01  9.238795e-01  0.000000e+00
   outer loop
     vertex  1.475000e+01 -6.933013e+00  0.000000e+00
     vertex  1.462941e+01 -6.982963e+00  0.000000e+00
     vertex  1.462941e+01 -6.982963e+00  1.510000e+00
   endloop
 endfacet
 facet normal -6.087614e-01  7.933533e-01  0.000000e+00
   outer loop
     vertex  1.485355e+01 -6.853553e+00  0.000000e+00
     vertex  1.475000e+01 -6.933013e+00  1.510000e+00
     vertex  1.485355e+01 -6.853553e+00  1.510000e+00
   endloop
 endfacet
 facet normal -6.087614e-01  7.933533e-01  0.000000e+00
   outer loop
     vertex  1.485355e+01 -6.853553e+00  0.000000e+00
     vertex  1.475000e+01 -6.933013e+00  0.000000e+00
     vertex  1.475000e+01 -6.933013e+00  1.510000e+00
   endloop
 endfacet
 facet normal -7.933533e-01  6.087614e-01  0.000000e+00
   outer loop
     vertex  1.493301e+01 -6.750000e+00  0.000000e+00
     vertex  1.485355e+01 -6.853553e+00  1.510000e+00
     vertex  1.493301e+01 -6.750000e+00  1.510000e+00
   endloop
 endfacet
 facet normal -7.933533e-01  6.087614e-01  0.000000e+00
   outer loop
     vertex  1.493301e+01 -6.750000e+00  0.000000e+00
     vertex  1.485355e+01 -6.853553e+00  0.000000e+00
     vertex  1.485355e+01 -6.853553e+00  1.510000e+00
   endloop
 endfacet
 facet normal -9.238795e-01  3.826834e-01  0.000000e+00
   outer loop
     vertex  1.498296e+01 -6.629410e+00  0.000000e+00
     vertex  1.493301e+01 -6.750000e+00  1.510000e+00
     vertex  1.498296e+01 -6.629410e+00  1.510000e+00
   endloop
 endfacet
 facet normal -9.238795e-01  3.826834e-01  0.000000e+00
   outer loop
     vertex  1.498296e+01 -6.629410e+00  0.000000e+00
     vertex  1.493301e+01 -6.750000e+00  0.000000e+00
     vertex  1.493301e+01 -6.750000e+00  1.510000e+00
   endloop
 endfacet
 facet normal -9.914449e-01  1.305262e-01  0.000000e+00
   outer loop
     vertex  1.500000e+01 -6.500000e+00  0.000000e+00
     vertex  1.498296e+01 -6.629410e+00  1.510000e+00
     vertex  1.500000e+01 -6.500000e+00  1.510000e+00
   endloop
 endfacet
 facet normal -9.914449e-01  1.305262e-01  0.000000e+00
   outer loop
     vertex  1.500000e+01 -6.500000e+00  0.000000e+00
     vertex  1.498296e+01 -6.629410e+00  0.000000e+00
     vertex  1.498296e+01 -6.629410e+00  1.510000e+00
   endloop
 endfacet
 facet normal -9.914449e-01 -1.305262e-01  0.000000e+00
   outer loop
     vertex  1.498296e+01 -6.370590e+00  0.000000e+00
     vertex  1.500000e+01 -6.500000e+00  1.510000e+00
     vertex  1.498296e+01 -6.370590e+00  1.510000e+00
   endloop
 endfacet
 facet normal -9.914449e-01 -1.305262e-01  0.000000e+00
   outer loop
     vertex  1.498296e+01 -6.370590e+00  0.000000e+00
     vertex  1.500000e+01 -6.500000e+00  0.000000e+00
     vertex  1.500000e+01 -6.500000e+00  1.510000e+00
   endloop
 endfacet
 facet normal -9.238795e-01 -3.826834e-01  0.000000e+00
   outer loop
     vertex  1.493301e+01 -6.250000e+00  0.000000e+00
     vertex  1.498296e+01 -6.370590e+00  1.510000e+00
     vertex  1.493301e+01 -6.250000e+00  1.510000e+00
   endloop
 endfacet
 facet normal -9.238795e-01 -3.826834e-01  0.000000e+00
   outer loop
     vertex  1.493301e+01 -6.250000e+00  0.000000e+00
     vertex  1.498296e+01 -6.370590e+00  0.000000e+00
     vertex  1.498296e+01 -6.370590e+00  1.510000e+00
   endloop
 endfacet
 facet normal -7.933533e-01 -6.087614e-01  0.000000e+00
   outer loop
     vertex  1.485355e+01 -6.146447e+00  0.000000e+00
     vertex  1.493301e+01 -6.250000e+00  1.510000e+00
     vertex  1.485355e+01 -6.146447e+00  1.510000e+00
   endloop
 endfacet
 facet normal -7.933533e-01 -6.087614e-01  0.000000e+00
   outer loop
     vertex  1.485355e+01 -6.146447e+00  0.000000e+00
     vertex  1.493301e+01 -6.250000e+00  0.000000e+00
     vertex  1.493301e+01 -6.250000e+00  1.510000e+00
   endloop
 endfacet
 facet normal -6.087614e-01 -7.933533e-01  0.000000e+00
   outer loop
     vertex  1.475000e+01 -6.066987e+00  0.000000e+00
     vertex  1.485355e+01 -6.146447e+00  1.510000e+00
     vertex  1.475000e+01 -6.066987e+00  1.510000e+00
   endloop
 endfacet
 facet normal -6.087614e-01 -7.933533e-01  0.000000e+00
   outer loop
     vertex  1.475000e+01 -6.066987e+00  0.000000e+00
     vertex  1.485355e+01 -6.146447e+00  0.000000e+00
     vertex  1.485355e+01 -6.146447e+00  1.510000e+00
   endloop
 endfacet
 facet normal -3.826834e-01 -9.238795e-01  0.000000e+00
   outer loop
     vertex  1.462941e+01 -6.017037e+00  0.000000e+00
     vertex  1.475000e+01 -6.066987e+00  1.510000e+00
     vertex  1.462941e+01 -6.017037e+00  1.510000e+00
   endloop
 endfacet
 facet normal -3.826834e-01 -9.238795e-01  0.000000e+00
   outer loop
     vertex  1.462941e+01 -6.017037e+00  0.000000e+00
     vertex  1.475000e+01 -6.066987e+00  0.000000e+00
     vertex  1.475000e+01 -6.066987e+00  1.510000e+00
   endloop
 endfacet
 facet normal -1.305262e-01 -9.914449e-01  0.000000e+00
   outer loop
     vertex  1.450000e+01 -6.000000e+00  0.000000e+00
     vertex  1.462941e+01 -6.017037e+00  1.510000e+00
     vertex  1.450000e+01 -6.000000e+00  1.510000e+00
   endloop
 endfacet
 facet normal -1.305262e-01 -9.914449e-01  0.000000e+00
   outer loop
     vertex  1.450000e+01 -6.000000e+00  0.000000e+00
     vertex  1.462941e+01 -6.017037e+00  0.000000e+00
     vertex  1.462941e+01 -6.017037e+00  1.510000e+00
   endloop
 endfacet
 facet normal  1.305262e-01 -9.914449e-01  0.000000e+00
   outer loop
     vertex  1.437059e+01 -6.017037e+00  0.000000e+00
     vertex  1.450000e+01 -6.000000e+00  1.510000e+00
     vertex  1.437059e+01 -6.017037e+00  1.510000e+00
   endloop
 endfacet
 facet normal  1.305262e-01 -9.914449e-01  0.000000e+00
   outer loop
     vertex  1.437059e+01 -6.017037e+00  0.000000e+00
     vertex  1.450000e+01 -6.000000e+00  0.000000e+00
     vertex  1.450000e+01 -6.000000e+00  1.510000e+00
   endloop
 endfacet
 facet normal  3.826834e-01 -9.238795e-01  0.000000e+00
   outer loop
     vertex  1.425000e+01 -6.066987e+00  0.000000e+00
     vertex  1.437059e+01 -6.017037e+00  0.000000e+00
     vertex  1.437059e+01 -6.017037e+00  1.510000e+00
   endloop
 endfacet
 facet normal  3.826834e-01 -9.238795e-01  0.000000e+00
   outer loop
     vertex  1.425000e+01 -6.066987e+00  0.000000e+00
     vertex  1.437059e+01 -6.017037e+00  1.510000e+00
     vertex  1.425000e+01 -6.066987e+00  1.510000e+00
   endloop
 endfacet
 facet normal  6.087614e-01 -7.933533e-01  0.000000e+00
   outer loop
     vertex  1.414645e+01 -6.146447e+00  0.000000e+00
     vertex  1.425000e+01 -6.066987e+00  0.000000e+00
     vertex  1.425000e+01 -6.066987e+00  1.510000e+00
   endloop
 endfacet
 facet normal  7.933533e-01 -6.087614e-01  0.000000e+00
   outer loop
     vertex  1.414645e+01 -6.146447e+00  0.000000e+00
     vertex  1.414645e+01 -6.146447e+00  1.510000e+00
     vertex  1.406699e+01 -6.250000e+00  1.510000e+00
   endloop
 endfacet
 facet normal  6.087614e-01 -7.933533e-01  0.000000e+00
   outer loop
     vertex  1.414645e+01 -6.146447e+00  0.000000e+00
     vertex  1.425000e+01 -6.066987e+00  1.510000e+00
     vertex  1.414645e+01 -6.146447e+00  1.510000e+00
   endloop
 endfacet
 facet normal  7.933533e-01 -6.087614e-01  0.000000e+00
   outer loop
     vertex  1.406699e+01 -6.250000e+00  0.000000e+00
     vertex  1.414645e+01 -6.146447e+00  0.000000e+00
     vertex  1.406699e+01 -6.250000e+00  1.510000e+00
   endloop
 endfacet
 facet normal  9.238795e-01 -3.826834e-01  0.000000e+00
   outer loop
     vertex  1.406699e+01 -6.250000e+00  0.000000e+00
     vertex  1.406699e+01 -6.250000e+00  1.510000e+00
     vertex  1.401704e+01 -6.370590e+00  1.510000e+00
   endloop
 endfacet
 facet normal  9.238795e-01 -3.826834e-01  0.000000e+00
   outer loop
     vertex  1.401704e+01 -6.370590e+00  0.000000e+00
     vertex  1.406699e+01 -6.250000e+00  0.000000e+00
     vertex  1.401704e+01 -6.370590e+00  1.510000e+00
   endloop
 endfacet
 facet normal  9.914449e-01 -1.305262e-01  0.000000e+00
   outer loop
     vertex  1.400000e+01 -6.500000e+00  0.000000e+00
     vertex  1.401704e+01 -6.370590e+00  0.000000e+00
     vertex  1.401704e+01 -6.370590e+00  1.510000e+00
   endloop
 endfacet
 facet normal  9.914449e-01 -1.305262e-01  0.000000e+00
   outer loop
     vertex  1.400000e+01 -6.500000e+00  0.000000e+00
     vertex  1.401704e+01 -6.370590e+00  1.510000e+00
     vertex  1.400000e+01 -6.500000e+00  1.510000e+00
   endloop
 endfacet
 facet normal  9.914449e-01  1.305262e-01 -0.000000e+00
   outer loop
     vertex  1.401704e+01 -6.629410e+00  0.000000e+00
     vertex  1.400000e+01 -6.500000e+00  1.510000e+00
     vertex  1.401704e+01 -6.629410e+00  1.510000e+00
   endloop
 endfacet
 facet normal  9.914449e-01  1.305262e-01  0.000000e+00
   outer loop
     vertex  1.401704e+01 -6.629410e+00  0.000000e+00
     vertex  1.400000e+01 -6.500000e+00  0.000000e+00
     vertex  1.400000e+01 -6.500000e+00  1.510000e+00
   endloop
 endfacet
 facet normal  9.238795e-01  3.826834e-01 -0.000000e+00
   outer loop
     vertex  1.406699e+01 -6.750000e+00  0.000000e+00
     vertex  1.401704e+01 -6.629410e+00  1.510000e+00
     vertex  1.406699e+01 -6.750000e+00  1.510000e+00
   endloop
 endfacet
 facet normal  9.238795e-01  3.826834e-01  0.000000e+00
   outer loop
     vertex  1.406699e+01 -6.750000e+00  0.000000e+00
     vertex  1.401704e+01 -6.629410e+00  0.000000e+00
     vertex  1.401704e+01 -6.629410e+00  1.510000e+00
   endloop
 endfacet
 facet normal  6.087614e-01  7.933533e-01 -0.000000e+00
   outer loop
     vertex  1.414645e+01 -6.853553e+00  0.000000e+00
     vertex  1.414645e+01 -6.853553e+00  1.510000e+00
     vertex  1.425000e+01 -6.933013e+00  1.510000e+00
   endloop
 endfacet
 facet normal  7.933533e-01  6.087614e-01 -0.000000e+00
   outer loop
     vertex  1.414645e+01 -6.853553e+00  0.000000e+00
     vertex  1.406699e+01 -6.750000e+00  1.510000e+00
     vertex  1.414645e+01 -6.853553e+00  1.510000e+00
   endloop
 endfacet
 facet normal  7.933533e-01  6.087614e-01  0.000000e+00
   outer loop
     vertex  1.414645e+01 -6.853553e+00  0.000000e+00
     vertex  1.406699e+01 -6.750000e+00  0.000000e+00
     vertex  1.406699e+01 -6.750000e+00  1.510000e+00
   endloop
 endfacet
 facet normal  6.087614e-01  7.933533e-01 -0.000000e+00
   outer loop
     vertex  1.425000e+01 -6.933013e+00  0.000000e+00
     vertex  1.414645e+01 -6.853553e+00  0.000000e+00
     vertex  1.425000e+01 -6.933013e+00  1.510000e+00
   endloop
 endfacet
 facet normal  3.826834e-01  9.238795e-01 -0.000000e+00
   outer loop
     vertex  1.437059e+01 -6.982963e+00  0.000000e+00
     vertex  1.425000e+01 -6.933013e+00  1.510000e+00
     vertex  1.437059e+01 -6.982963e+00  1.510000e+00
   endloop
 endfacet
 facet normal  3.826834e-01  9.238795e-01  0.000000e+00
   outer loop
     vertex  1.437059e+01 -6.982963e+00  0.000000e+00
     vertex  1.425000e+01 -6.933013e+00  0.000000e+00
     vertex  1.425000e+01 -6.933013e+00  1.510000e+00
   endloop
 endfacet
 facet normal  1.305262e-01  9.914449e-01 -0.000000e+00
   outer loop
     vertex  1.450000e+01 -7.000000e+00  0.000000e+00
     vertex  1.437059e+01 -6.982963e+00  1.510000e+00
     vertex  1.450000e+01 -7.000000e+00  1.510000e+00
   endloop
 endfacet
 facet normal  1.305262e-01  9.914449e-01  0.000000e+00
   outer loop
     vertex  1.450000e+01 -7.000000e+00  0.000000e+00
     vertex  1.437059e+01 -6.982963e+00  0.000000e+00
     vertex  1.437059e+01 -6.982963e+00  1.510000e+00
   endloop
 endfacet
 facet normal -1.305262e-01  9.914449e-01  0.000000e+00
   outer loop
     vertex  1.712941e+01 -6.982963e+00  0.000000e+00
     vertex  1.700000e+01 -7.000000e+00  0.000000e+00
     vertex  1.700000e+01 -7.000000e+00  1.510000e+00
   endloop
 endfacet
 facet normal -1.305262e-01  9.914449e-01  0.000000e+00
   outer loop
     vertex  1.712941e+01 -6.982963e+00  0.000000e+00
     vertex  1.700000e+01 -7.000000e+00  1.510000e+00
     vertex  1.712941e+01 -6.982963e+00  1.510000e+00
   endloop
 endfacet
 facet normal -3.826834e-01  9.238795e-01  0.000000e+00
   outer loop
     vertex  1.725000e+01 -6.933013e+00  0.000000e+00
     vertex  1.712941e+01 -6.982963e+00  1.510000e+00
     vertex  1.725000e+01 -6.933013e+00  1.510000e+00
   endloop
 endfacet
 facet normal -3.826834e-01  9.238795e-01  0.000000e+00
   outer loop
     vertex  1.725000e+01 -6.933013e+00  0.000000e+00
     vertex  1.712941e+01 -6.982963e+00  0.000000e+00
     vertex  1.712941e+01 -6.982963e+00  1.510000e+00
   endloop
 endfacet
 facet normal -6.087614e-01  7.933533e-01  0.000000e+00
   outer loop
     vertex  1.735355e+01 -6.853553e+00  0.000000e+00
     vertex  1.725000e+01 -6.933013e+00  1.510000e+00
     vertex  1.735355e+01 -6.853553e+00  1.510000e+00
   endloop
 endfacet
 facet normal -6.087614e-01  7.933533e-01  0.000000e+00
   outer loop
     vertex  1.735355e+01 -6.853553e+00  0.000000e+00
     vertex  1.725000e+01 -6.933013e+00  0.000000e+00
     vertex  1.725000e+01 -6.933013e+00  1.510000e+00
   endloop
 endfacet
 facet normal -7.933533e-01  6.087614e-01  0.000000e+00
   outer loop
     vertex  1.743301e+01 -6.750000e+00  0.000000e+00
     vertex  1.735355e+01 -6.853553e+00  1.510000e+00
     vertex  1.743301e+01 -6.750000e+00  1.510000e+00
   endloop
 endfacet
 facet normal -7.933533e-01  6.087614e-01  0.000000e+00
   outer loop
     vertex  1.743301e+01 -6.750000e+00  0.000000e+00
     vertex  1.735355e+01 -6.853553e+00  0.000000e+00
     vertex  1.735355e+01 -6.853553e+00  1.510000e+00
   endloop
 endfacet
 facet normal -9.238795e-01  3.826834e-01  0.000000e+00
   outer loop
     vertex  1.748296e+01 -6.629410e+00  0.000000e+00
     vertex  1.743301e+01 -6.750000e+00  1.510000e+00
     vertex  1.748296e+01 -6.629410e+00  1.510000e+00
   endloop
 endfacet
 facet normal -9.238795e-01  3.826834e-01  0.000000e+00
   outer loop
     vertex  1.748296e+01 -6.629410e+00  0.000000e+00
     vertex  1.743301e+01 -6.750000e+00  0.000000e+00
     vertex  1.743301e+01 -6.750000e+00  1.510000e+00
   endloop
 endfacet
 facet normal -9.914449e-01  1.305262e-01  0.000000e+00
   outer loop
     vertex  1.750000e+01 -6.500000e+00  0.000000e+00
     vertex  1.748296e+01 -6.629410e+00  1.510000e+00
     vertex  1.750000e+01 -6.500000e+00  1.510000e+00
   endloop
 endfacet
 facet normal -9.914449e-01  1.305262e-01  0.000000e+00
   outer loop
     vertex  1.750000e+01 -6.500000e+00  0.000000e+00
     vertex  1.748296e+01 -6.629410e+00  0.000000e+00
     vertex  1.748296e+01 -6.629410e+00  1.510000e+00
   endloop
 endfacet
 facet normal -9.914449e-01 -1.305262e-01  0.000000e+00
   outer loop
     vertex  1.748296e+01 -6.370590e+00  0.000000e+00
     vertex  1.750000e+01 -6.500000e+00  1.510000e+00
     vertex  1.748296e+01 -6.370590e+00  1.510000e+00
   endloop
 endfacet
 facet normal -9.914449e-01 -1.305262e-01  0.000000e+00
   outer loop
     vertex  1.748296e+01 -6.370590e+00  0.000000e+00
     vertex  1.750000e+01 -6.500000e+00  0.000000e+00
     vertex  1.750000e+01 -6.500000e+00  1.510000e+00
   endloop
 endfacet
 facet normal -9.238795e-01 -3.826834e-01  0.000000e+00
   outer loop
     vertex  1.743301e+01 -6.250000e+00  0.000000e+00
     vertex  1.748296e+01 -6.370590e+00  1.510000e+00
     vertex  1.743301e+01 -6.250000e+00  1.510000e+00
   endloop
 endfacet
 facet normal -9.238795e-01 -3.826834e-01  0.000000e+00
   outer loop
     vertex  1.743301e+01 -6.250000e+00  0.000000e+00
     vertex  1.748296e+01 -6.370590e+00  0.000000e+00
     vertex  1.748296e+01 -6.370590e+00  1.510000e+00
   endloop
 endfacet
 facet normal -7.933533e-01 -6.087614e-01  0.000000e+00
   outer loop
     vertex  1.735355e+01 -6.146447e+00  0.000000e+00
     vertex  1.743301e+01 -6.250000e+00  1.510000e+00
     vertex  1.735355e+01 -6.146447e+00  1.510000e+00
   endloop
 endfacet
 facet normal -7.933533e-01 -6.087614e-01  0.000000e+00
   outer loop
     vertex  1.735355e+01 -6.146447e+00  0.000000e+00
     vertex  1.743301e+01 -6.250000e+00  0.000000e+00
     vertex  1.743301e+01 -6.250000e+00  1.510000e+00
   endloop
 endfacet
 facet normal -6.087614e-01 -7.933533e-01  0.000000e+00
   outer loop
     vertex  1.725000e+01 -6.066987e+00  0.000000e+00
     vertex  1.735355e+01 -6.146447e+00  1.510000e+00
     vertex  1.725000e+01 -6.066987e+00  1.510000e+00
   endloop
 endfacet
 facet normal -6.087614e-01 -7.933533e-01  0.000000e+00
   outer loop
     vertex  1.725000e+01 -6.066987e+00  0.000000e+00
     vertex  1.735355e+01 -6.146447e+00  0.000000e+00
     vertex  1.735355e+01 -6.146447e+00  1.510000e+00
   endloop
 endfacet
 facet normal -3.826834e-01 -9.238795e-01  0.000000e+00
   outer loop
     vertex  1.712941e+01 -6.017037e+00  0.000000e+00
     vertex  1.725000e+01 -6.066987e+00  1.510000e+00
     vertex  1.712941e+01 -6.017037e+00  1.510000e+00
   endloop
 endfacet
 facet normal -3.826834e-01 -9.238795e-01  0.000000e+00
   outer loop
     vertex  1.712941e+01 -6.017037e+00  0.000000e+00
     vertex  1.725000e+01 -6.066987e+00  0.000000e+00
     vertex  1.725000e+01 -6.066987e+00  1.510000e+00
   endloop
 endfacet
 facet normal -1.305262e-01 -9.914449e-01  0.000000e+00
   outer loop
     vertex  1.700000e+01 -6.000000e+00  0.000000e+00
     vertex  1.712941e+01 -6.017037e+00  1.510000e+00
     vertex  1.700000e+01 -6.000000e+00  1.510000e+00
   endloop
 endfacet
 facet normal -1.305262e-01 -9.914449e-01  0.000000e+00
   outer loop
     vertex  1.700000e+01 -6.000000e+00  0.000000e+00
     vertex  1.712941e+01 -6.017037e+00  0.000000e+00
     vertex  1.712941e+01 -6.017037e+00  1.510000e+00
   endloop
 endfacet
 facet normal  1.305262e-01 -9.914449e-01  0.000000e+00
   outer loop
     vertex  1.687059e+01 -6.017037e+00  0.000000e+00
     vertex  1.700000e+01 -6.000000e+00  1.510000e+00
     vertex  1.687059e+01 -6.017037e+00  1.510000e+00
   endloop
 endfacet
 facet normal  1.305262e-01 -9.914449e-01  0.000000e+00
   outer loop
     vertex  1.687059e+01 -6.017037e+00  0.000000e+00
     vertex  1.700000e+01 -6.000000e+00  0.000000e+00
     vertex  1.700000e+01 -6.000000e+00  1.510000e+00
   endloop
 endfacet
 facet normal  3.826834e-01 -9.238795e-01  0.000000e+00
   outer loop
     vertex  1.675000e+01 -6.066987e+00  0.000000e+00
     vertex  1.687059e+01 -6.017037e+00  0.000000e+00
     vertex  1.687059e+01 -6.017037e+00  1.510000e+00
   endloop
 endfacet
 facet normal  3.826834e-01 -9.238795e-01  0.000000e+00
   outer loop
     vertex  1.675000e+01 -6.066987e+00  0.000000e+00
     vertex  1.687059e+01 -6.017037e+00  1.510000e+00
     vertex  1.675000e+01 -6.066987e+00  1.510000e+00
   endloop
 endfacet
 facet normal  6.087614e-01 -7.933533e-01  0.000000e+00
   outer loop
     vertex  1.664645e+01 -6.146447e+00  0.000000e+00
     vertex  1.675000e+01 -6.066987e+00  0.000000e+00
     vertex  1.675000e+01 -6.066987e+00  1.510000e+00
   endloop
 endfacet
 facet normal  7.933533e-01 -6.087614e-01  0.000000e+00
   outer loop
     vertex  1.664645e+01 -6.146447e+00  0.000000e+00
     vertex  1.664645e+01 -6.146447e+00  1.510000e+00
     vertex  1.656699e+01 -6.250000e+00  1.510000e+00
   endloop
 endfacet
 facet normal  6.087614e-01 -7.933533e-01  0.000000e+00
   outer loop
     vertex  1.664645e+01 -6.146447e+00  0.000000e+00
     vertex  1.675000e+01 -6.066987e+00  1.510000e+00
     vertex  1.664645e+01 -6.146447e+00  1.510000e+00
   endloop
 endfacet
 facet normal  7.933533e-01 -6.087614e-01  0.000000e+00
   outer loop
     vertex  1.656699e+01 -6.250000e+00  0.000000e+00
     vertex  1.664645e+01 -6.146447e+00  0.000000e+00
     vertex  1.656699e+01 -6.250000e+00  1.510000e+00
   endloop
 endfacet
 facet normal  9.238795e-01 -3.826834e-01  0.000000e+00
   outer loop
     vertex  1.656699e+01 -6.250000e+00  0.000000e+00
     vertex  1.656699e+01 -6.250000e+00  1.510000e+00
     vertex  1.651704e+01 -6.370590e+00  1.510000e+00
   endloop
 endfacet
 facet normal  9.238795e-01 -3.826834e-01  0.000000e+00
   outer loop
     vertex  1.651704e+01 -6.370590e+00  0.000000e+00
     vertex  1.656699e+01 -6.250000e+00  0.000000e+00
     vertex  1.651704e+01 -6.370590e+00  1.510000e+00
   endloop
 endfacet
 facet normal  9.914449e-01 -1.305262e-01  0.000000e+00
   outer loop
     vertex  1.650000e+01 -6.500000e+00  0.000000e+00
     vertex  1.651704e+01 -6.370590e+00  0.000000e+00
     vertex  1.651704e+01 -6.370590e+00  1.510000e+00
   endloop
 endfacet
 facet normal  9.914449e-01 -1.305262e-01  0.000000e+00
   outer loop
     vertex  1.650000e+01 -6.500000e+00  0.000000e+00
     vertex  1.651704e+01 -6.370590e+00  1.510000e+00
     vertex  1.650000e+01 -6.500000e+00  1.510000e+00
   endloop
 endfacet
 facet normal  9.914449e-01  1.305262e-01 -0.000000e+00
   outer loop
     vertex  1.651704e+01 -6.629410e+00  0.000000e+00
     vertex  1.650000e+01 -6.500000e+00  1.510000e+00
     vertex  1.651704e+01 -6.629410e+00  1.510000e+00
   endloop
 endfacet
 facet normal  9.914449e-01  1.305262e-01  0.000000e+00
   outer loop
     vertex  1.651704e+01 -6.629410e+00  0.000000e+00
     vertex  1.650000e+01 -6.500000e+00  0.000000e+00
     vertex  1.650000e+01 -6.500000e+00  1.510000e+00
   endloop
 endfacet
 facet normal  9.238795e-01  3.826834e-01 -0.000000e+00
   outer loop
     vertex  1.656699e+01 -6.750000e+00  0.000000e+00
     vertex  1.651704e+01 -6.629410e+00  1.510000e+00
     vertex  1.656699e+01 -6.750000e+00  1.510000e+00
   endloop
 endfacet
 facet normal  9.238795e-01  3.826834e-01  0.000000e+00
   outer loop
     vertex  1.656699e+01 -6.750000e+00  0.000000e+00
     vertex  1.651704e+01 -6.629410e+00  0.000000e+00
     vertex  1.651704e+01 -6.629410e+00  1.510000e+00
   endloop
 endfacet
 facet normal  6.087614e-01  7.933533e-01 -0.000000e+00
   outer loop
     vertex  1.664645e+01 -6.853553e+00  0.000000e+00
     vertex  1.664645e+01 -6.853553e+00  1.510000e+00
     vertex  1.675000e+01 -6.933013e+00  1.510000e+00
   endloop
 endfacet
 facet normal  7.933533e-01  6.087614e-01 -0.000000e+00
   outer loop
     vertex  1.664645e+01 -6.853553e+00  0.000000e+00
     vertex  1.656699e+01 -6.750000e+00  1.510000e+00
     vertex  1.664645e+01 -6.853553e+00  1.510000e+00
   endloop
 endfacet
 facet normal  7.933533e-01  6.087614e-01  0.000000e+00
   outer loop
     vertex  1.664645e+01 -6.853553e+00  0.000000e+00
     vertex  1.656699e+01 -6.750000e+00  0.000000e+00
     vertex  1.656699e+01 -6.750000e+00  1.510000e+00
   endloop
 endfacet
 facet normal  6.087614e-01  7.933533e-01 -0.000000e+00
   outer loop
     vertex  1.675000e+01 -6.933013e+00  0.000000e+00
     vertex  1.664645e+01 -6.853553e+00  0.000000e+00
     vertex  1.675000e+01 -6.933013e+00  1.510000e+00
   endloop
 endfacet
 facet normal  3.826834e-01  9.238795e-01 -0.000000e+00
   outer loop
     vertex  1.687059e+01 -6.982963e+00  0.000000e+00
     vertex  1.675000e+01 -6.933013e+00  1.510000e+00
     vertex  1.687059e+01 -6.982963e+00  1.510000e+00
   endloop
 endfacet
 facet normal  3.826834e-01  9.238795e-01  0.000000e+00
   outer loop
     vertex  1.687059e+01 -6.982963e+00  0.000000e+00
     vertex  1.675000e+01 -6.933013e+00  0.000000e+00
     vertex  1.675000e+01 -6.933013e+00  1.510000e+00
   endloop
 endfacet
 facet normal  1.305262e-01  9.914449e-01 -0.000000e+00
   outer loop
     vertex  1.700000e+01 -7.000000e+00  0.000000e+00
     vertex  1.687059e+01 -6.982963e+00  1.510000e+00
     vertex  1.700000e+01 -7.000000e+00  1.510000e+00
   endloop
 endfacet
 facet normal  1.305262e-01  9.914449e-01  0.000000e+00
   outer loop
     vertex  1.700000e+01 -7.000000e+00  0.000000e+00
     vertex  1.687059e+01 -6.982963e+00  0.000000e+00
     vertex  1.687059e+01 -6.982963e+00  1.510000e+00
   endloop
 endfacet
 facet normal -1.305262e-01  9.914449e-01  0.000000e+00
   outer loop
     vertex  1.862941e+01 -6.982963e+00  0.000000e+00
     vertex  1.850000e+01 -7.000000e+00  0.000000e+00
     vertex  1.850000e+01 -7.000000e+00  1.510000e+00
   endloop
 endfacet
 facet normal -1.305262e-01  9.914449e-01  0.000000e+00
   outer loop
     vertex  1.862941e+01 -6.982963e+00  0.000000e+00
     vertex  1.850000e+01 -7.000000e+00  1.510000e+00
     vertex  1.862941e+01 -6.982963e+00  1.510000e+00
   endloop
 endfacet
 facet normal -3.826834e-01  9.238795e-01  0.000000e+00
   outer loop
     vertex  1.875000e+01 -6.933013e+00  0.000000e+00
     vertex  1.862941e+01 -6.982963e+00  1.510000e+00
     vertex  1.875000e+01 -6.933013e+00  1.510000e+00
   endloop
 endfacet
 facet normal -3.826834e-01  9.238795e-01  0.000000e+00
   outer loop
     vertex  1.875000e+01 -6.933013e+00  0.000000e+00
     vertex  1.862941e+01 -6.982963e+00  0.000000e+00
     vertex  1.862941e+01 -6.982963e+00  1.510000e+00
   endloop
 endfacet
 facet normal -6.087614e-01  7.933533e-01  0.000000e+00
   outer loop
     vertex  1.885355e+01 -6.853553e+00  0.000000e+00
     vertex  1.875000e+01 -6.933013e+00  1.510000e+00
     vertex  1.885355e+01 -6.853553e+00  1.510000e+00
   endloop
 endfacet
 facet normal -6.087614e-01  7.933533e-01  0.000000e+00
   outer loop
     vertex  1.885355e+01 -6.853553e+00  0.000000e+00
     vertex  1.875000e+01 -6.933013e+00  0.000000e+00
     vertex  1.875000e+01 -6.933013e+00  1.510000e+00
   endloop
 endfacet
 facet normal -7.933533e-01  6.087614e-01  0.000000e+00
   outer loop
     vertex  1.893301e+01 -6.750000e+00  0.000000e+00
     vertex  1.885355e+01 -6.853553e+00  1.510000e+00
     vertex  1.893301e+01 -6.750000e+00  1.510000e+00
   endloop
 endfacet
 facet normal -7.933533e-01  6.087614e-01  0.000000e+00
   outer loop
     vertex  1.893301e+01 -6.750000e+00  0.000000e+00
     vertex  1.885355e+01 -6.853553e+00  0.000000e+00
     vertex  1.885355e+01 -6.853553e+00  1.510000e+00
   endloop
 endfacet
 facet normal -9.238795e-01  3.826834e-01  0.000000e+00
   outer loop
     vertex  1.898296e+01 -6.629410e+00  0.000000e+00
     vertex  1.893301e+01 -6.750000e+00  1.510000e+00
     vertex  1.898296e+01 -6.629410e+00  1.510000e+00
   endloop
 endfacet
 facet normal -9.238795e-01  3.826834e-01  0.000000e+00
   outer loop
     vertex  1.898296e+01 -6.629410e+00  0.000000e+00
     vertex  1.893301e+01 -6.750000e+00  0.000000e+00
     vertex  1.893301e+01 -6.750000e+00  1.510000e+00
   endloop
 endfacet
 facet normal -9.914449e-01  1.305262e-01  0.000000e+00
   outer loop
     vertex  1.900000e+01 -6.500000e+00  0.000000e+00
     vertex  1.898296e+01 -6.629410e+00  1.510000e+00
     vertex  1.900000e+01 -6.500000e+00  1.510000e+00
   endloop
 endfacet
 facet normal -9.914449e-01  1.305262e-01  0.000000e+00
   outer loop
     vertex  1.900000e+01 -6.500000e+00  0.000000e+00
     vertex  1.898296e+01 -6.629410e+00  0.000000e+00
     vertex  1.898296e+01 -6.629410e+00  1.510000e+00
   endloop
 endfacet
 facet normal -9.914449e-01 -1.305262e-01  0.000000e+00
   outer loop
     vertex  1.898296e+01 -6.370590e+00  0.000000e+00
     vertex  1.900000e+01 -6.500000e+00  1.510000e+00
     vertex  1.898296e+01 -6.370590e+00  1.510000e+00
   endloop
 endfacet
 facet normal -9.914449e-01 -1.305262e-01  0.000000e+00
   outer loop
     vertex  1.898296e+01 -6.370590e+00  0.000000e+00
     vertex  1.900000e+01 -6.500000e+00  0.000000e+00
     vertex  1.900000e+01 -6.500000e+00  1.510000e+00
   endloop
 endfacet
 facet normal -9.238795e-01 -3.826834e-01  0.000000e+00
   outer loop
     vertex  1.893301e+01 -6.250000e+00  0.000000e+00
     vertex  1.898296e+01 -6.370590e+00  1.510000e+00
     vertex  1.893301e+01 -6.250000e+00  1.510000e+00
   endloop
 endfacet
 facet normal -9.238795e-01 -3.826834e-01  0.000000e+00
   outer loop
     vertex  1.893301e+01 -6.250000e+00  0.000000e+00
     vertex  1.898296e+01 -6.370590e+00  0.000000e+00
     vertex  1.898296e+01 -6.370590e+00  1.510000e+00
   endloop
 endfacet
 facet normal -7.933533e-01 -6.087614e-01  0.000000e+00
   outer loop
     vertex  1.885355e+01 -6.146447e+00  0.000000e+00
     vertex  1.893301e+01 -6.250000e+00  1.510000e+00
     vertex  1.885355e+01 -6.146447e+00  1.510000e+00
   endloop
 endfacet
 facet normal -7.933533e-01 -6.087614e-01  0.000000e+00
   outer loop
     vertex  1.885355e+01 -6.146447e+00  0.000000e+00
     vertex  1.893301e+01 -6.250000e+00  0.000000e+00
     vertex  1.893301e+01 -6.250000e+00  1.510000e+00
   endloop
 endfacet
 facet normal -6.087614e-01 -7.933533e-01  0.000000e+00
   outer loop
     vertex  1.875000e+01 -6.066987e+00  0.000000e+00
     vertex  1.885355e+01 -6.146447e+00  1.510000e+00
     vertex  1.875000e+01 -6.066987e+00  1.510000e+00
   endloop
 endfacet
 facet normal -6.087614e-01 -7.933533e-01  0.000000e+00
   outer loop
     vertex  1.875000e+01 -6.066987e+00  0.000000e+00
     vertex  1.885355e+01 -6.146447e+00  0.000000e+00
     vertex  1.885355e+01 -6.146447e+00  1.510000e+00
   endloop
 endfacet
 facet normal -3.826834e-01 -9.238795e-01  0.000000e+00
   outer loop
     vertex  1.862941e+01 -6.017037e+00  0.000000e+00
     vertex  1.875000e+01 -6.066987e+00  1.510000e+00
     vertex  1.862941e+01 -6.017037e+00  1.510000e+00
   endloop
 endfacet
 facet normal -3.826834e-01 -9.238795e-01  0.000000e+00
   outer loop
     vertex  1.862941e+01 -6.017037e+00  0.000000e+00
     vertex  1.875000e+01 -6.066987e+00  0.000000e+00
     vertex  1.875000e+01 -6.066987e+00  1.510000e+00
   endloop
 endfacet
 facet normal -1.305262e-01 -9.914449e-01  0.000000e+00
   outer loop
     vertex  1.850000e+01 -6.000000e+00  0.000000e+00
     vertex  1.862941e+01 -6.017037e+00  1.510000e+00
     vertex  1.850000e+01 -6.000000e+00  1.510000e+00
   endloop
 endfacet
 facet normal -1.305262e-01 -9.914449e-01  0.000000e+00
   outer loop
     vertex  1.850000e+01 -6.000000e+00  0.000000e+00
     vertex  1.862941e+01 -6.017037e+00  0.000000e+00
     vertex  1.862941e+01 -6.017037e+00  1.510000e+00
   endloop
 endfacet
 facet normal  1.305262e-01 -9.914449e-01  0.000000e+00
   outer loop
     vertex  1.837059e+01 -6.017037e+00  0.000000e+00
     vertex  1.850000e+01 -6.000000e+00  1.510000e+00
     vertex  1.837059e+01 -6.017037e+00  1.510000e+00
   endloop
 endfacet
 facet normal  1.305262e-01 -9.914449e-01  0.000000e+00
   outer loop
     vertex  1.837059e+01 -6.017037e+00  0.000000e+00
     vertex  1.850000e+01 -6.000000e+00  0.000000e+00
     vertex  1.850000e+01 -6.000000e+00  1.510000e+00
   endloop
 endfacet
 facet normal  3.826834e-01 -9.238795e-01  0.000000e+00
   outer loop
     vertex  1.825000e+01 -6.066987e+00  0.000000e+00
     vertex  1.837059e+01 -6.017037e+00  0.000000e+00
     vertex  1.837059e+01 -6.017037e+00  1.510000e+00
   endloop
 endfacet
 facet normal  3.826834e-01 -9.238795e-01  0.000000e+00
   outer loop
     vertex  1.825000e+01 -6.066987e+00  0.000000e+00
     vertex  1.837059e+01 -6.017037e+00  1.510000e+00
     vertex  1.825000e+01 -6.066987e+00  1.510000e+00
   endloop
 endfacet
 facet normal  6.087614e-01 -7.933533e-01  0.000000e+00
   outer loop
     vertex  1.814645e+01 -6.146447e+00  0.000000e+00
     vertex  1.825000e+01 -6.066987e+00  0.000000e+00
     vertex  1.825000e+01 -6.066987e+00  1.510000e+00
   endloop
 endfacet
 facet normal  7.933533e-01 -6.087614e-01  0.000000e+00
   outer loop
     vertex  1.814645e+01 -6.146447e+00  0.000000e+00
     vertex  1.814645e+01 -6.146447e+00  1.510000e+00
     vertex  1.806699e+01 -6.250000e+00  1.510000e+00
   endloop
 endfacet
 facet normal  6.087614e-01 -7.933533e-01  0.000000e+00
   outer loop
     vertex  1.814645e+01 -6.146447e+00  0.000000e+00
     vertex  1.825000e+01 -6.066987e+00  1.510000e+00
     vertex  1.814645e+01 -6.146447e+00  1.510000e+00
   endloop
 endfacet
 facet normal  7.933533e-01 -6.087614e-01  0.000000e+00
   outer loop
     vertex  1.806699e+01 -6.250000e+00  0.000000e+00
     vertex  1.814645e+01 -6.146447e+00  0.000000e+00
     vertex  1.806699e+01 -6.250000e+00  1.510000e+00
   endloop
 endfacet
 facet normal  9.238795e-01 -3.826834e-01  0.000000e+00
   outer loop
     vertex  1.806699e+01 -6.250000e+00  0.000000e+00
     vertex  1.806699e+01 -6.250000e+00  1.510000e+00
     vertex  1.801704e+01 -6.370590e+00  1.510000e+00
   endloop
 endfacet
 facet normal  9.238795e-01 -3.826834e-01  0.000000e+00
   outer loop
     vertex  1.801704e+01 -6.370590e+00  0.000000e+00
     vertex  1.806699e+01 -6.250000e+00  0.000000e+00
     vertex  1.801704e+01 -6.370590e+00  1.510000e+00
   endloop
 endfacet
 facet normal  9.914449e-01 -1.305262e-01  0.000000e+00
   outer loop
     vertex  1.800000e+01 -6.500000e+00  0.000000e+00
     vertex  1.801704e+01 -6.370590e+00  0.000000e+00
     vertex  1.801704e+01 -6.370590e+00  1.510000e+00
   endloop
 endfacet
 facet normal  9.914449e-01 -1.305262e-01  0.000000e+00
   outer loop
     vertex  1.800000e+01 -6.500000e+00  0.000000e+00
     vertex  1.801704e+01 -6.370590e+00  1.510000e+00
     vertex  1.800000e+01 -6.500000e+00  1.510000e+00
   endloop
 endfacet
 facet normal  9.914449e-01  1.305262e-01 -0.000000e+00
   outer loop
     vertex  1.801704e+01 -6.629410e+00  0.000000e+00
     vertex  1.800000e+01 -6.500000e+00  1.510000e+00
     vertex  1.801704e+01 -6.629410e+00  1.510000e+00
   endloop
 endfacet
 facet normal  9.914449e-01  1.305262e-01  0.000000e+00
   outer loop
     vertex  1.801704e+01 -6.629410e+00  0.000000e+00
     vertex  1.800000e+01 -6.500000e+00  0.000000e+00
     vertex  1.800000e+01 -6.500000e+00  1.510000e+00
   endloop
 endfacet
 facet normal  9.238795e-01  3.826834e-01 -0.000000e+00
   outer loop
     vertex  1.806699e+01 -6.750000e+00  0.000000e+00
     vertex  1.801704e+01 -6.629410e+00  1.510000e+00
     vertex  1.806699e+01 -6.750000e+00  1.510000e+00
   endloop
 endfacet
 facet normal  9.238795e-01  3.826834e-01  0.000000e+00
   outer loop
     vertex  1.806699e+01 -6.750000e+00  0.000000e+00
     vertex  1.801704e+01 -6.629410e+00  0.000000e+00
     vertex  1.801704e+01 -6.629410e+00  1.510000e+00
   endloop
 endfacet
 facet normal  6.087614e-01  7.933533e-01 -0.000000e+00
   outer loop
     vertex  1.814645e+01 -6.853553e+00  0.000000e+00
     vertex  1.814645e+01 -6.853553e+00  1.510000e+00
     vertex  1.825000e+01 -6.933013e+00  1.510000e+00
   endloop
 endfacet
 facet normal  7.933533e-01  6.087614e-01 -0.000000e+00
   outer loop
     vertex  1.814645e+01 -6.853553e+00  0.000000e+00
     vertex  1.806699e+01 -6.750000e+00  1.510000e+00
     vertex  1.814645e+01 -6.853553e+00  1.510000e+00
   endloop
 endfacet
 facet normal  7.933533e-01  6.087614e-01  0.000000e+00
   outer loop
     vertex  1.814645e+01 -6.853553e+00  0.000000e+00
     vertex  1.806699e+01 -6.750000e+00  0.000000e+00
     vertex  1.806699e+01 -6.750000e+00  1.510000e+00
   endloop
 endfacet
 facet normal  6.087614e-01  7.933533e-01 -0.000000e+00
   outer loop
     vertex  1.825000e+01 -6.933013e+00  0.000000e+00
     vertex  1.814645e+01 -6.853553e+00  0.000000e+00
     vertex  1.825000e+01 -6.933013e+00  1.510000e+00
   endloop
 endfacet
 facet normal  3.826834e-01  9.238795e-01 -0.000000e+00
   outer loop
     vertex  1.837059e+01 -6.982963e+00  0.000000e+00
     vertex  1.825000e+01 -6.933013e+00  1.510000e+00
     vertex  1.837059e+01 -6.982963e+00  1.510000e+00
   endloop
 endfacet
 facet normal  3.826834e-01  9.238795e-01  0.000000e+00
   outer loop
     vertex  1.837059e+01 -6.982963e+00  0.000000e+00
     vertex  1.825000e+01 -6.933013e+00  0.000000e+00
     vertex  1.825000e+01 -6.933013e+00  1.510000e+00
   endloop
 endfacet
 facet normal  1.305262e-01  9.914449e-01 -0.000000e+00
   outer loop
     vertex  1.850000e+01 -7.000000e+00  0.000000e+00
     vertex  1.837059e+01 -6.982963e+00  1.510000e+00
     vertex  1.850000e+01 -7.000000e+00  1.510000e+00
   endloop
 endfacet
 facet normal  1.305262e-01  9.914449e-01  0.000000e+00
   outer loop
     vertex  1.850000e+01 -7.000000e+00  0.000000e+00
     vertex  1.837059e+01 -6.982963e+00  0.000000e+00
     vertex  1.837059e+01 -6.982963e+00  1.510000e+00
   endloop
 endfacet
 facet normal -1.305262e-01  9.914449e-01  0.000000e+00
   outer loop
     vertex  2.062941e+01 -6.982963e+00  0.000000e+00
     vertex  2.050000e+01 -7.000000e+00  0.000000e+00
     vertex  2.050000e+01 -7.000000e+00  1.510000e+00
   endloop
 endfacet
 facet normal -1.305262e-01  9.914449e-01  0.000000e+00
   outer loop
     vertex  2.062941e+01 -6.982963e+00  0.000000e+00
     vertex  2.050000e+01 -7.000000e+00  1.510000e+00
     vertex  2.062941e+01 -6.982963e+00  1.510000e+00
   endloop
 endfacet
 facet normal -3.826834e-01  9.238795e-01  0.000000e+00
   outer loop
     vertex  2.075000e+01 -6.933013e+00  0.000000e+00
     vertex  2.062941e+01 -6.982963e+00  1.510000e+00
     vertex  2.075000e+01 -6.933013e+00  1.510000e+00
   endloop
 endfacet
 facet normal -3.826834e-01  9.238795e-01  0.000000e+00
   outer loop
     vertex  2.075000e+01 -6.933013e+00  0.000000e+00
     vertex  2.062941e+01 -6.982963e+00  0.000000e+00
     vertex  2.062941e+01 -6.982963e+00  1.510000e+00
   endloop
 endfacet
 facet normal -6.087614e-01  7.933533e-01  0.000000e+00
   outer loop
     vertex  2.085355e+01 -6.853553e+00  0.000000e+00
     vertex  2.075000e+01 -6.933013e+00  1.510000e+00
     vertex  2.085355e+01 -6.853553e+00  1.510000e+00
   endloop
 endfacet
 facet normal -6.087614e-01  7.933533e-01  0.000000e+00
   outer loop
     vertex  2.085355e+01 -6.853553e+00  0.000000e+00
     vertex  2.075000e+01 -6.933013e+00  0.000000e+00
     vertex  2.075000e+01 -6.933013e+00  1.510000e+00
   endloop
 endfacet
 facet normal -7.933533e-01  6.087614e-01  0.000000e+00
   outer loop
     vertex  2.093301e+01 -6.750000e+00  0.000000e+00
     vertex  2.085355e+01 -6.853553e+00  1.510000e+00
     vertex  2.093301e+01 -6.750000e+00  1.510000e+00
   endloop
 endfacet
 facet normal -7.933533e-01  6.087614e-01  0.000000e+00
   outer loop
     vertex  2.093301e+01 -6.750000e+00  0.000000e+00
     vertex  2.085355e+01 -6.853553e+00  0.000000e+00
     vertex  2.085355e+01 -6.853553e+00  1.510000e+00
   endloop
 endfacet
 facet normal -9.238795e-01  3.826834e-01  0.000000e+00
   outer loop
     vertex  2.098296e+01 -6.629410e+00  0.000000e+00
     vertex  2.093301e+01 -6.750000e+00  1.510000e+00
     vertex  2.098296e+01 -6.629410e+00  1.510000e+00
   endloop
 endfacet
 facet normal -9.238795e-01  3.826834e-01  0.000000e+00
   outer loop
     vertex  2.098296e+01 -6.629410e+00  0.000000e+00
     vertex  2.093301e+01 -6.750000e+00  0.000000e+00
     vertex  2.093301e+01 -6.750000e+00  1.510000e+00
   endloop
 endfacet
 facet normal -9.914449e-01  1.305262e-01  0.000000e+00
   outer loop
     vertex  2.100000e+01 -6.500000e+00  0.000000e+00
     vertex  2.098296e+01 -6.629410e+00  1.510000e+00
     vertex  2.100000e+01 -6.500000e+00  1.510000e+00
   endloop
 endfacet
 facet normal -9.914449e-01  1.305262e-01  0.000000e+00
   outer loop
     vertex  2.100000e+01 -6.500000e+00  0.000000e+00
     vertex  2.098296e+01 -6.629410e+00  0.000000e+00
     vertex  2.098296e+01 -6.629410e+00  1.510000e+00
   endloop
 endfacet
 facet normal -9.914449e-01 -1.305262e-01  0.000000e+00
   outer loop
     vertex  2.098296e+01 -6.370590e+00  0.000000e+00
     vertex  2.100000e+01 -6.500000e+00  1.510000e+00
     vertex  2.098296e+01 -6.370590e+00  1.510000e+00
   endloop
 endfacet
 facet normal -9.914449e-01 -1.305262e-01  0.000000e+00
   outer loop
     vertex  2.098296e+01 -6.370590e+00  0.000000e+00
     vertex  2.100000e+01 -6.500000e+00  0.000000e+00
     vertex  2.100000e+01 -6.500000e+00  1.510000e+00
   endloop
 endfacet
 facet normal -9.238795e-01 -3.826834e-01  0.000000e+00
   outer loop
     vertex  2.093301e+01 -6.250000e+00  0.000000e+00
     vertex  2.098296e+01 -6.370590e+00  1.510000e+00
     vertex  2.093301e+01 -6.250000e+00  1.510000e+00
   endloop
 endfacet
 facet normal -9.238795e-01 -3.826834e-01  0.000000e+00
   outer loop
     vertex  2.093301e+01 -6.250000e+00  0.000000e+00
     vertex  2.098296e+01 -6.370590e+00  0.000000e+00
     vertex  2.098296e+01 -6.370590e+00  1.510000e+00
   endloop
 endfacet
 facet normal -7.933533e-01 -6.087614e-01  0.000000e+00
   outer loop
     vertex  2.085355e+01 -6.146447e+00  0.000000e+00
     vertex  2.093301e+01 -6.250000e+00  1.510000e+00
     vertex  2.085355e+01 -6.146447e+00  1.510000e+00
   endloop
 endfacet
 facet normal -7.933533e-01 -6.087614e-01  0.000000e+00
   outer loop
     vertex  2.085355e+01 -6.146447e+00  0.000000e+00
     vertex  2.093301e+01 -6.250000e+00  0.000000e+00
     vertex  2.093301e+01 -6.250000e+00  1.510000e+00
   endloop
 endfacet
 facet normal -6.087614e-01 -7.933533e-01  0.000000e+00
   outer loop
     vertex  2.075000e+01 -6.066987e+00  0.000000e+00
     vertex  2.085355e+01 -6.146447e+00  1.510000e+00
     vertex  2.075000e+01 -6.066987e+00  1.510000e+00
   endloop
 endfacet
 facet normal -6.087614e-01 -7.933533e-01  0.000000e+00
   outer loop
     vertex  2.075000e+01 -6.066987e+00  0.000000e+00
     vertex  2.085355e+01 -6.146447e+00  0.000000e+00
     vertex  2.085355e+01 -6.146447e+00  1.510000e+00
   endloop
 endfacet
 facet normal -3.826834e-01 -9.238795e-01  0.000000e+00
   outer loop
     vertex  2.062941e+01 -6.017037e+00  0.000000e+00
     vertex  2.075000e+01 -6.066987e+00  1.510000e+00
     vertex  2.062941e+01 -6.017037e+00  1.510000e+00
   endloop
 endfacet
 facet normal -3.826834e-01 -9.238795e-01  0.000000e+00
   outer loop
     vertex  2.062941e+01 -6.017037e+00  0.000000e+00
     vertex  2.075000e+01 -6.066987e+00  0.000000e+00
     vertex  2.075000e+01 -6.066987e+00  1.510000e+00
   endloop
 endfacet
 facet normal -1.305262e-01 -9.914449e-01  0.000000e+00
   outer loop
     vertex  2.050000e+01 -6.000000e+00  0.000000e+00
     vertex  2.062941e+01 -6.017037e+00  1.510000e+00
     vertex  2.050000e+01 -6.000000e+00  1.510000e+00
   endloop
 endfacet
 facet normal -1.305262e-01 -9.914449e-01  0.000000e+00
   outer loop
     vertex  2.050000e+01 -6.000000e+00  0.000000e+00
     vertex  2.062941e+01 -6.017037e+00  0.000000e+00
     vertex  2.062941e+01 -6.017037e+00  1.510000e+00
   endloop
 endfacet
 facet normal  1.305262e-01 -9.914449e-01  0.000000e+00
   outer loop
     vertex  2.037059e+01 -6.017037e+00  0.000000e+00
     vertex  2.050000e+01 -6.000000e+00  1.510000e+00
     vertex  2.037059e+01 -6.017037e+00  1.510000e+00
   endloop
 endfacet
 facet normal  1.305262e-01 -9.914449e-01  0.000000e+00
   outer loop
     vertex  2.037059e+01 -6.017037e+00  0.000000e+00
     vertex  2.050000e+01 -6.000000e+00  0.000000e+00
     vertex  2.050000e+01 -6.000000e+00  1.510000e+00
   endloop
 endfacet
 facet normal  3.826834e-01 -9.238795e-01  0.000000e+00
   outer loop
     vertex  2.025000e+01 -6.066987e+00  0.000000e+00
     vertex  2.037059e+01 -6.017037e+00  0.000000e+00
     vertex  2.037059e+01 -6.017037e+00  1.510000e+00
   endloop
 endfacet
 facet normal  3.826834e-01 -9.238795e-01  0.000000e+00
   outer loop
     vertex  2.025000e+01 -6.066987e+00  0.000000e+00
     vertex  2.037059e+01 -6.017037e+00  1.510000e+00
     vertex  2.025000e+01 -6.066987e+00  1.510000e+00
   endloop
 endfacet
 facet normal  6.087614e-01 -7.933533e-01  0.000000e+00
   outer loop
     vertex  2.014645e+01 -6.146447e+00  0.000000e+00
     vertex  2.025000e+01 -6.066987e+00  0.000000e+00
     vertex  2.025000e+01 -6.066987e+00  1.510000e+00
   endloop
 endfacet
 facet normal  7.933533e-01 -6.087614e-01  0.000000e+00
   outer loop
     vertex  2.014645e+01 -6.146447e+00  0.000000e+00
     vertex  2.014645e+01 -6.146447e+00  1.510000e+00
     vertex  2.006699e+01 -6.250000e+00  1.510000e+00
   endloop
 endfacet
 facet normal  6.087614e-01 -7.933533e-01  0.000000e+00
   outer loop
     vertex  2.014645e+01 -6.146447e+00  0.000000e+00
     vertex  2.025000e+01 -6.066987e+00  1.510000e+00
     vertex  2.014645e+01 -6.146447e+00  1.510000e+00
   endloop
 endfacet
 facet normal  7.933533e-01 -6.087614e-01  0.000000e+00
   outer loop
     vertex  2.006699e+01 -6.250000e+00  0.000000e+00
     vertex  2.014645e+01 -6.146447e+00  0.000000e+00
     vertex  2.006699e+01 -6.250000e+00  1.510000e+00
   endloop
 endfacet
 facet normal  9.238795e-01 -3.826834e-01  0.000000e+00
   outer loop
     vertex  2.006699e+01 -6.250000e+00  0.000000e+00
     vertex  2.006699e+01 -6.250000e+00  1.510000e+00
     vertex  2.001704e+01 -6.370590e+00  1.510000e+00
   endloop
 endfacet
 facet normal  9.238795e-01 -3.826834e-01  0.000000e+00
   outer loop
     vertex  2.001704e+01 -6.370590e+00  0.000000e+00
     vertex  2.006699e+01 -6.250000e+00  0.000000e+00
     vertex  2.001704e+01 -6.370590e+00  1.510000e+00
   endloop
 endfacet
 facet normal  9.914449e-01 -1.305262e-01  0.000000e+00
   outer loop
     vertex  2.000000e+01 -6.500000e+00  0.000000e+00
     vertex  2.001704e+01 -6.370590e+00  0.000000e+00
     vertex  2.001704e+01 -6.370590e+00  1.510000e+00
   endloop
 endfacet
 facet normal  9.914449e-01 -1.305262e-01  0.000000e+00
   outer loop
     vertex  2.000000e+01 -6.500000e+00  0.000000e+00
     vertex  2.001704e+01 -6.370590e+00  1.510000e+00
     vertex  2.000000e+01 -6.500000e+00  1.510000e+00
   endloop
 endfacet
 facet normal  9.914449e-01  1.305262e-01 -0.000000e+00
   outer loop
     vertex  2.001704e+01 -6.629410e+00  0.000000e+00
     vertex  2.000000e+01 -6.500000e+00  1.510000e+00
     vertex  2.001704e+01 -6.629410e+00  1.510000e+00
   endloop
 endfacet
 facet normal  9.914449e-01  1.305262e-01  0.000000e+00
   outer loop
     vertex  2.001704e+01 -6.629410e+00  0.000000e+00
     vertex  2.000000e+01 -6.500000e+00  0.000000e+00
     vertex  2.000000e+01 -6.500000e+00  1.510000e+00
   endloop
 endfacet
 facet normal  9.238795e-01  3.826834e-01 -0.000000e+00
   outer loop
     vertex  2.006699e+01 -6.750000e+00  0.000000e+00
     vertex  2.001704e+01 -6.629410e+00  1.510000e+00
     vertex  2.006699e+01 -6.750000e+00  1.510000e+00
   endloop
 endfacet
 facet normal  9.238795e-01  3.826834e-01  0.000000e+00
   outer loop
     vertex  2.006699e+01 -6.750000e+00  0.000000e+00
     vertex  2.001704e+01 -6.629410e+00  0.000000e+00
     vertex  2.001704e+01 -6.629410e+00  1.510000e+00
   endloop
 endfacet
 facet normal  6.087614e-01  7.933533e-01 -0.000000e+00
   outer loop
     vertex  2.014645e+01 -6.853553e+00  0.000000e+00
     vertex  2.014645e+01 -6.853553e+00  1.510000e+00
     vertex  2.025000e+01 -6.933013e+00  1.510000e+00
   endloop
 endfacet
 facet normal  7.933533e-01  6.087614e-01 -0.000000e+00
   outer loop
     vertex  2.014645e+01 -6.853553e+00  0.000000e+00
     vertex  2.006699e+01 -6.750000e+00  1.510000e+00
     vertex  2.014645e+01 -6.853553e+00  1.510000e+00
   endloop
 endfacet
 facet normal  7.933533e-01  6.087614e-01  0.000000e+00
   outer loop
     vertex  2.014645e+01 -6.853553e+00  0.000000e+00
     vertex  2.006699e+01 -6.750000e+00  0.000000e+00
     vertex  2.006699e+01 -6.750000e+00  1.510000e+00
   endloop
 endfacet
 facet normal  6.087614e-01  7.933533e-01 -0.000000e+00
   outer loop
     vertex  2.025000e+01 -6.933013e+00  0.000000e+00
     vertex  2.014645e+01 -6.853553e+00  0.000000e+00
     vertex  2.025000e+01 -6.933013e+00  1.510000e+00
   endloop
 endfacet
 facet normal  3.826834e-01  9.238795e-01 -0.000000e+00
   outer loop
     vertex  2.037059e+01 -6.982963e+00  0.000000e+00
     vertex  2.025000e+01 -6.933013e+00  1.510000e+00
     vertex  2.037059e+01 -6.982963e+00  1.510000e+00
   endloop
 endfacet
 facet normal  3.826834e-01  9.238795e-01  0.000000e+00
   outer loop
     vertex  2.037059e+01 -6.982963e+00  0.000000e+00
     vertex  2.025000e+01 -6.933013e+00  0.000000e+00
     vertex  2.025000e+01 -6.933013e+00  1.510000e+00
   endloop
 endfacet
 facet normal  1.305262e-01  9.914449e-01 -0.000000e+00
   outer loop
     vertex  2.050000e+01 -7.000000e+00  0.000000e+00
     vertex  2.037059e+01 -6.982963e+00  1.510000e+00
     vertex  2.050000e+01 -7.000000e+00  1.510000e+00
   endloop
 endfacet
 facet normal  1.305262e-01  9.914449e-01  0.000000e+00
   outer loop
     vertex  2.050000e+01 -7.000000e+00  0.000000e+00
     vertex  2.037059e+01 -6.982963e+00  0.000000e+00
     vertex  2.037059e+01 -6.982963e+00  1.510000e+00
   endloop
 endfacet
 facet normal -1.305262e-01  9.914449e-01  0.000000e+00
   outer loop
     vertex -2.212396e+01  9.050318e-01  0.000000e+00
     vertex -2.225596e+01  8.876540e-01  0.000000e+00
     vertex -2.225596e+01  8.876540e-01  1.510000e+00
   endloop
 endfacet
 facet normal -1.305262e-01  9.914449e-01  0.000000e+00
   outer loop
     vertex -2.212396e+01  9.050318e-01  0.000000e+00
     vertex -2.225596e+01  8.876540e-01  1.510000e+00
     vertex -2.212396e+01  9.050318e-01  1.510000e+00
   endloop
 endfacet
 facet normal -3.826834e-01  9.238795e-01  0.000000e+00
   outer loop
     vertex -2.200096e+01  9.559810e-01  0.000000e+00
     vertex -2.212396e+01  9.050318e-01  1.510000e+00
     vertex -2.200096e+01  9.559810e-01  1.510000e+00
   endloop
 endfacet
 facet normal -3.826834e-01  9.238795e-01  0.000000e+00
   outer loop
     vertex -2.200096e+01  9.559810e-01  0.000000e+00
     vertex -2.212396e+01  9.050318e-01  0.000000e+00
     vertex -2.212396e+01  9.050318e-01  1.510000e+00
   endloop
 endfacet
 facet normal -6.087614e-01  7.933533e-01  0.000000e+00
   outer loop
     vertex -2.189533e+01  1.037030e+00  0.000000e+00
     vertex -2.200096e+01  9.559810e-01  1.510000e+00
     vertex -2.189533e+01  1.037030e+00  1.510000e+00
   endloop
 endfacet
 facet normal -6.087614e-01  7.933533e-01  0.000000e+00
   outer loop
     vertex -2.189533e+01  1.037030e+00  0.000000e+00
     vertex -2.200096e+01  9.559810e-01  0.000000e+00
     vertex -2.200096e+01  9.559810e-01  1.510000e+00
   endloop
 endfacet
 facet normal -7.933533e-01  6.087614e-01  0.000000e+00
   outer loop
     vertex -2.181428e+01  1.142654e+00  0.000000e+00
     vertex -2.189533e+01  1.037030e+00  1.510000e+00
     vertex -2.181428e+01  1.142654e+00  1.510000e+00
   endloop
 endfacet
 facet normal -7.933533e-01  6.087614e-01  0.000000e+00
   outer loop
     vertex -2.181428e+01  1.142654e+00  0.000000e+00
     vertex -2.189533e+01  1.037030e+00  0.000000e+00
     vertex -2.189533e+01  1.037030e+00  1.510000e+00
   endloop
 endfacet
 facet normal -9.238795e-01  3.826834e-01  0.000000e+00
   outer loop
     vertex -2.176333e+01  1.265656e+00  0.000000e+00
     vertex -2.181428e+01  1.142654e+00  1.510000e+00
     vertex -2.176333e+01  1.265656e+00  1.510000e+00
   endloop
 endfacet
 facet normal -9.238795e-01  3.826834e-01  0.000000e+00
   outer loop
     vertex -2.176333e+01  1.265656e+00  0.000000e+00
     vertex -2.181428e+01  1.142654e+00  0.000000e+00
     vertex -2.181428e+01  1.142654e+00  1.510000e+00
   endloop
 endfacet
 facet normal -9.914449e-01  1.305262e-01  0.000000e+00
   outer loop
     vertex -2.174596e+01  1.397654e+00  0.000000e+00
     vertex -2.176333e+01  1.265656e+00  1.510000e+00
     vertex -2.174596e+01  1.397654e+00  1.510000e+00
   endloop
 endfacet
 facet normal -9.914449e-01  1.305262e-01  0.000000e+00
   outer loop
     vertex -2.174596e+01  1.397654e+00  0.000000e+00
     vertex -2.176333e+01  1.265656e+00  0.000000e+00
     vertex -2.176333e+01  1.265656e+00  1.510000e+00
   endloop
 endfacet
 facet normal -9.914449e-01 -1.305262e-01  0.000000e+00
   outer loop
     vertex -2.176333e+01  1.529652e+00  0.000000e+00
     vertex -2.174596e+01  1.397654e+00  1.510000e+00
     vertex -2.176333e+01  1.529652e+00  1.510000e+00
   endloop
 endfacet
 facet normal -9.914449e-01 -1.305262e-01  0.000000e+00
   outer loop
     vertex -2.176333e+01  1.529652e+00  0.000000e+00
     vertex -2.174596e+01  1.397654e+00  0.000000e+00
     vertex -2.174596e+01  1.397654e+00  1.510000e+00
   endloop
 endfacet
 facet normal -9.238795e-01 -3.826834e-01  0.000000e+00
   outer loop
     vertex -2.181428e+01  1.652654e+00  0.000000e+00
     vertex -2.176333e+01  1.529652e+00  1.510000e+00
     vertex -2.181428e+01  1.652654e+00  1.510000e+00
   endloop
 endfacet
 facet normal -9.238795e-01 -3.826834e-01  0.000000e+00
   outer loop
     vertex -2.181428e+01  1.652654e+00  0.000000e+00
     vertex -2.176333e+01  1.529652e+00  0.000000e+00
     vertex -2.176333e+01  1.529652e+00  1.510000e+00
   endloop
 endfacet
 facet normal -7.933533e-01 -6.087614e-01  0.000000e+00
   outer loop
     vertex -2.189533e+01  1.758278e+00  0.000000e+00
     vertex -2.181428e+01  1.652654e+00  1.510000e+00
     vertex -2.189533e+01  1.758278e+00  1.510000e+00
   endloop
 endfacet
 facet normal -7.933533e-01 -6.087614e-01  0.000000e+00
   outer loop
     vertex -2.189533e+01  1.758278e+00  0.000000e+00
     vertex -2.181428e+01  1.652654e+00  0.000000e+00
     vertex -2.181428e+01  1.652654e+00  1.510000e+00
   endloop
 endfacet
 facet normal -6.087614e-01 -7.933533e-01  0.000000e+00
   outer loop
     vertex -2.200096e+01  1.839327e+00  0.000000e+00
     vertex -2.189533e+01  1.758278e+00  1.510000e+00
     vertex -2.200096e+01  1.839327e+00  1.510000e+00
   endloop
 endfacet
 facet normal -6.087614e-01 -7.933533e-01  0.000000e+00
   outer loop
     vertex -2.200096e+01  1.839327e+00  0.000000e+00
     vertex -2.189533e+01  1.758278e+00  0.000000e+00
     vertex -2.189533e+01  1.758278e+00  1.510000e+00
   endloop
 endfacet
 facet normal -3.826834e-01 -9.238795e-01  0.000000e+00
   outer loop
     vertex -2.212396e+01  1.890276e+00  0.000000e+00
     vertex -2.200096e+01  1.839327e+00  1.510000e+00
     vertex -2.212396e+01  1.890276e+00  1.510000e+00
   endloop
 endfacet
 facet normal -3.826834e-01 -9.238795e-01  0.000000e+00
   outer loop
     vertex -2.212396e+01  1.890276e+00  0.000000e+00
     vertex -2.200096e+01  1.839327e+00  0.000000e+00
     vertex -2.200096e+01  1.839327e+00  1.510000e+00
   endloop
 endfacet
 facet normal -1.305262e-01 -9.914449e-01  0.000000e+00
   outer loop
     vertex -2.225596e+01  1.907654e+00  0.000000e+00
     vertex -2.212396e+01  1.890276e+00  1.510000e+00
     vertex -2.225596e+01  1.907654e+00  1.510000e+00
   endloop
 endfacet
 facet normal -1.305262e-01 -9.914449e-01  0.000000e+00
   outer loop
     vertex -2.225596e+01  1.907654e+00  0.000000e+00
     vertex -2.212396e+01  1.890276e+00  0.000000e+00
     vertex -2.212396e+01  1.890276e+00  1.510000e+00
   endloop
 endfacet
 facet normal  1.305262e-01 -9.914449e-01  0.000000e+00
   outer loop
     vertex -2.238795e+01  1.890276e+00  0.000000e+00
     vertex -2.225596e+01  1.907654e+00  1.510000e+00
     vertex -2.238795e+01  1.890276e+00  1.510000e+00
   endloop
 endfacet
 facet normal  1.305262e-01 -9.914449e-01  0.000000e+00
   outer loop
     vertex -2.238795e+01  1.890276e+00  0.000000e+00
     vertex -2.225596e+01  1.907654e+00  0.000000e+00
     vertex -2.225596e+01  1.907654e+00  1.510000e+00
   endloop
 endfacet
 facet normal  3.826834e-01 -9.238795e-01  0.000000e+00
   outer loop
     vertex -2.251096e+01  1.839327e+00  0.000000e+00
     vertex -2.238795e+01  1.890276e+00  0.000000e+00
     vertex -2.238795e+01  1.890276e+00  1.510000e+00
   endloop
 endfacet
 facet normal  3.826834e-01 -9.238795e-01  0.000000e+00
   outer loop
     vertex -2.251096e+01  1.839327e+00  0.000000e+00
     vertex -2.238795e+01  1.890276e+00  1.510000e+00
     vertex -2.251096e+01  1.839327e+00  1.510000e+00
   endloop
 endfacet
 facet normal  6.087614e-01 -7.933533e-01  0.000000e+00
   outer loop
     vertex -2.261658e+01  1.758278e+00  0.000000e+00
     vertex -2.251096e+01  1.839327e+00  0.000000e+00
     vertex -2.251096e+01  1.839327e+00  1.510000e+00
   endloop
 endfacet
 facet normal  7.933533e-01 -6.087614e-01  0.000000e+00
   outer loop
     vertex -2.261658e+01  1.758278e+00  0.000000e+00
     vertex -2.261658e+01  1.758278e+00  1.510000e+00
     vertex -2.269763e+01  1.652654e+00  1.510000e+00
   endloop
 endfacet
 facet normal  6.087614e-01 -7.933533e-01  0.000000e+00
   outer loop
     vertex -2.261658e+01  1.758278e+00  0.000000e+00
     vertex -2.251096e+01  1.839327e+00  1.510000e+00
     vertex -2.261658e+01  1.758278e+00  1.510000e+00
   endloop
 endfacet
 facet normal  7.933533e-01 -6.087614e-01  0.000000e+00
   outer loop
     vertex -2.269763e+01  1.652654e+00  0.000000e+00
     vertex -2.261658e+01  1.758278e+00  0.000000e+00
     vertex -2.269763e+01  1.652654e+00  1.510000e+00
   endloop
 endfacet
 facet normal  9.238795e-01 -3.826834e-01  0.000000e+00
   outer loop
     vertex -2.269763e+01  1.652654e+00  0.000000e+00
     vertex -2.269763e+01  1.652654e+00  1.510000e+00
     vertex -2.274858e+01  1.529652e+00  1.510000e+00
   endloop
 endfacet
 facet normal  9.238795e-01 -3.826834e-01  0.000000e+00
   outer loop
     vertex -2.274858e+01  1.529652e+00  0.000000e+00
     vertex -2.269763e+01  1.652654e+00  0.000000e+00
     vertex -2.274858e+01  1.529652e+00  1.510000e+00
   endloop
 endfacet
 facet normal  9.914449e-01 -1.305262e-01  0.000000e+00
   outer loop
     vertex -2.276596e+01  1.397654e+00  0.000000e+00
     vertex -2.274858e+01  1.529652e+00  0.000000e+00
     vertex -2.274858e+01  1.529652e+00  1.510000e+00
   endloop
 endfacet
 facet normal  9.914449e-01 -1.305262e-01  0.000000e+00
   outer loop
     vertex -2.276596e+01  1.397654e+00  0.000000e+00
     vertex -2.274858e+01  1.529652e+00  1.510000e+00
     vertex -2.276596e+01  1.397654e+00  1.510000e+00
   endloop
 endfacet
 facet normal  9.914449e-01  1.305262e-01 -0.000000e+00
   outer loop
     vertex -2.274858e+01  1.265656e+00  0.000000e+00
     vertex -2.276596e+01  1.397654e+00  1.510000e+00
     vertex -2.274858e+01  1.265656e+00  1.510000e+00
   endloop
 endfacet
 facet normal  9.914449e-01  1.305262e-01  0.000000e+00
   outer loop
     vertex -2.274858e+01  1.265656e+00  0.000000e+00
     vertex -2.276596e+01  1.397654e+00  0.000000e+00
     vertex -2.276596e+01  1.397654e+00  1.510000e+00
   endloop
 endfacet
 facet normal  9.238795e-01  3.826834e-01 -0.000000e+00
   outer loop
     vertex -2.269763e+01  1.142654e+00  0.000000e+00
     vertex -2.274858e+01  1.265656e+00  1.510000e+00
     vertex -2.269763e+01  1.142654e+00  1.510000e+00
   endloop
 endfacet
 facet normal  9.238795e-01  3.826834e-01  0.000000e+00
   outer loop
     vertex -2.269763e+01  1.142654e+00  0.000000e+00
     vertex -2.274858e+01  1.265656e+00  0.000000e+00
     vertex -2.274858e+01  1.265656e+00  1.510000e+00
   endloop
 endfacet
 facet normal  6.087614e-01  7.933533e-01 -0.000000e+00
   outer loop
     vertex -2.261658e+01  1.037030e+00  0.000000e+00
     vertex -2.261658e+01  1.037030e+00  1.510000e+00
     vertex -2.251096e+01  9.559810e-01  1.510000e+00
   endloop
 endfacet
 facet normal  7.933533e-01  6.087614e-01 -0.000000e+00
   outer loop
     vertex -2.261658e+01  1.037030e+00  0.000000e+00
     vertex -2.269763e+01  1.142654e+00  1.510000e+00
     vertex -2.261658e+01  1.037030e+00  1.510000e+00
   endloop
 endfacet
 facet normal  7.933533e-01  6.087614e-01  0.000000e+00
   outer loop
     vertex -2.261658e+01  1.037030e+00  0.000000e+00
     vertex -2.269763e+01  1.142654e+00  0.000000e+00
     vertex -2.269763e+01  1.142654e+00  1.510000e+00
   endloop
 endfacet
 facet normal  6.087614e-01  7.933533e-01 -0.000000e+00
   outer loop
     vertex -2.251096e+01  9.559810e-01  0.000000e+00
     vertex -2.261658e+01  1.037030e+00  0.000000e+00
     vertex -2.251096e+01  9.559810e-01  1.510000e+00
   endloop
 endfacet
 facet normal  3.826834e-01  9.238795e-01 -0.000000e+00
   outer loop
     vertex -2.238795e+01  9.050318e-01  0.000000e+00
     vertex -2.251096e+01  9.559810e-01  1.510000e+00
     vertex -2.238795e+01  9.050318e-01  1.510000e+00
   endloop
 endfacet
 facet normal  3.826834e-01  9.238795e-01  0.000000e+00
   outer loop
     vertex -2.238795e+01  9.050318e-01  0.000000e+00
     vertex -2.251096e+01  9.559810e-01  0.000000e+00
     vertex -2.251096e+01  9.559810e-01  1.510000e+00
   endloop
 endfacet
 facet normal  1.305262e-01  9.914449e-01 -0.000000e+00
   outer loop
     vertex -2.225596e+01  8.876540e-01  0.000000e+00
     vertex -2.238795e+01  9.050318e-01  1.510000e+00
     vertex -2.225596e+01  8.876540e-01  1.510000e+00
   endloop
 endfacet
 facet normal  1.305262e-01  9.914449e-01  0.000000e+00
   outer loop
     vertex -2.225596e+01  8.876540e-01  0.000000e+00
     vertex -2.238795e+01  9.050318e-01  0.000000e+00
     vertex -2.238795e+01  9.050318e-01  1.510000e+00
   endloop
 endfacet
 facet normal -1.305262e-01  9.914449e-01  0.000000e+00
   outer loop
     vertex -1.912396e+01  9.050318e-01  0.000000e+00
     vertex -1.925596e+01  8.876540e-01  0.000000e+00
     vertex -1.925596e+01  8.876540e-01  1.510000e+00
   endloop
 endfacet
 facet normal -1.305262e-01  9.914449e-01  0.000000e+00
   outer loop
     vertex -1.912396e+01  9.050318e-01  0.000000e+00
     vertex -1.925596e+01  8.876540e-01  1.510000e+00
     vertex -1.912396e+01  9.050318e-01  1.510000e+00
   endloop
 endfacet
 facet normal -3.826834e-01  9.238795e-01  0.000000e+00
   outer loop
     vertex -1.900096e+01  9.559810e-01  0.000000e+00
     vertex -1.912396e+01  9.050318e-01  1.510000e+00
     vertex -1.900096e+01  9.559810e-01  1.510000e+00
   endloop
 endfacet
 facet normal -3.826834e-01  9.238795e-01  0.000000e+00
   outer loop
     vertex -1.900096e+01  9.559810e-01  0.000000e+00
     vertex -1.912396e+01  9.050318e-01  0.000000e+00
     vertex -1.912396e+01  9.050318e-01  1.510000e+00
   endloop
 endfacet
 facet normal -6.087614e-01  7.933533e-01  0.000000e+00
   outer loop
     vertex -1.889533e+01  1.037030e+00  0.000000e+00
     vertex -1.900096e+01  9.559810e-01  1.510000e+00
     vertex -1.889533e+01  1.037030e+00  1.510000e+00
   endloop
 endfacet
 facet normal -6.087614e-01  7.933533e-01  0.000000e+00
   outer loop
     vertex -1.889533e+01  1.037030e+00  0.000000e+00
     vertex -1.900096e+01  9.559810e-01  0.000000e+00
     vertex -1.900096e+01  9.559810e-01  1.510000e+00
   endloop
 endfacet
 facet normal -7.933533e-01  6.087614e-01  0.000000e+00
   outer loop
     vertex -1.881428e+01  1.142654e+00  0.000000e+00
     vertex -1.889533e+01  1.037030e+00  1.510000e+00
     vertex -1.881428e+01  1.142654e+00  1.510000e+00
   endloop
 endfacet
 facet normal -7.933533e-01  6.087614e-01  0.000000e+00
   outer loop
     vertex -1.881428e+01  1.142654e+00  0.000000e+00
     vertex -1.889533e+01  1.037030e+00  0.000000e+00
     vertex -1.889533e+01  1.037030e+00  1.510000e+00
   endloop
 endfacet
 facet normal -9.238795e-01  3.826834e-01  0.000000e+00
   outer loop
     vertex -1.876333e+01  1.265656e+00  0.000000e+00
     vertex -1.881428e+01  1.142654e+00  1.510000e+00
     vertex -1.876333e+01  1.265656e+00  1.510000e+00
   endloop
 endfacet
 facet normal -9.238795e-01  3.826834e-01  0.000000e+00
   outer loop
     vertex -1.876333e+01  1.265656e+00  0.000000e+00
     vertex -1.881428e+01  1.142654e+00  0.000000e+00
     vertex -1.881428e+01  1.142654e+00  1.510000e+00
   endloop
 endfacet
 facet normal -9.914449e-01  1.305262e-01  0.000000e+00
   outer loop
     vertex -1.874596e+01  1.397654e+00  0.000000e+00
     vertex -1.876333e+01  1.265656e+00  1.510000e+00
     vertex -1.874596e+01  1.397654e+00  1.510000e+00
   endloop
 endfacet
 facet normal -9.914449e-01  1.305262e-01  0.000000e+00
   outer loop
     vertex -1.874596e+01  1.397654e+00  0.000000e+00
     vertex -1.876333e+01  1.265656e+00  0.000000e+00
     vertex -1.876333e+01  1.265656e+00  1.510000e+00
   endloop
 endfacet
 facet normal -9.914449e-01 -1.305262e-01  0.000000e+00
   outer loop
     vertex -1.876333e+01  1.529652e+00  0.000000e+00
     vertex -1.874596e+01  1.397654e+00  1.510000e+00
     vertex -1.876333e+01  1.529652e+00  1.510000e+00
   endloop
 endfacet
 facet normal -9.914449e-01 -1.305262e-01  0.000000e+00
   outer loop
     vertex -1.876333e+01  1.529652e+00  0.000000e+00
     vertex -1.874596e+01  1.397654e+00  0.000000e+00
     vertex -1.874596e+01  1.397654e+00  1.510000e+00
   endloop
 endfacet
 facet normal -9.238795e-01 -3.826834e-01  0.000000e+00
   outer loop
     vertex -1.881428e+01  1.652654e+00  0.000000e+00
     vertex -1.876333e+01  1.529652e+00  1.510000e+00
     vertex -1.881428e+01  1.652654e+00  1.510000e+00
   endloop
 endfacet
 facet normal -9.238795e-01 -3.826834e-01  0.000000e+00
   outer loop
     vertex -1.881428e+01  1.652654e+00  0.000000e+00
     vertex -1.876333e+01  1.529652e+00  0.000000e+00
     vertex -1.876333e+01  1.529652e+00  1.510000e+00
   endloop
 endfacet
 facet normal -7.933533e-01 -6.087614e-01  0.000000e+00
   outer loop
     vertex -1.889533e+01  1.758278e+00  0.000000e+00
     vertex -1.881428e+01  1.652654e+00  1.510000e+00
     vertex -1.889533e+01  1.758278e+00  1.510000e+00
   endloop
 endfacet
 facet normal -7.933533e-01 -6.087614e-01  0.000000e+00
   outer loop
     vertex -1.889533e+01  1.758278e+00  0.000000e+00
     vertex -1.881428e+01  1.652654e+00  0.000000e+00
     vertex -1.881428e+01  1.652654e+00  1.510000e+00
   endloop
 endfacet
 facet normal -6.087614e-01 -7.933533e-01  0.000000e+00
   outer loop
     vertex -1.900096e+01  1.839327e+00  0.000000e+00
     vertex -1.889533e+01  1.758278e+00  1.510000e+00
     vertex -1.900096e+01  1.839327e+00  1.510000e+00
   endloop
 endfacet
 facet normal -6.087614e-01 -7.933533e-01  0.000000e+00
   outer loop
     vertex -1.900096e+01  1.839327e+00  0.000000e+00
     vertex -1.889533e+01  1.758278e+00  0.000000e+00
     vertex -1.889533e+01  1.758278e+00  1.510000e+00
   endloop
 endfacet
 facet normal -3.826834e-01 -9.238795e-01  0.000000e+00
   outer loop
     vertex -1.912396e+01  1.890276e+00  0.000000e+00
     vertex -1.900096e+01  1.839327e+00  1.510000e+00
     vertex -1.912396e+01  1.890276e+00  1.510000e+00
   endloop
 endfacet
 facet normal -3.826834e-01 -9.238795e-01  0.000000e+00
   outer loop
     vertex -1.912396e+01  1.890276e+00  0.000000e+00
     vertex -1.900096e+01  1.839327e+00  0.000000e+00
     vertex -1.900096e+01  1.839327e+00  1.510000e+00
   endloop
 endfacet
 facet normal -1.305262e-01 -9.914449e-01  0.000000e+00
   outer loop
     vertex -1.925596e+01  1.907654e+00  0.000000e+00
     vertex -1.912396e+01  1.890276e+00  1.510000e+00
     vertex -1.925596e+01  1.907654e+00  1.510000e+00
   endloop
 endfacet
 facet normal -1.305262e-01 -9.914449e-01  0.000000e+00
   outer loop
     vertex -1.925596e+01  1.907654e+00  0.000000e+00
     vertex -1.912396e+01  1.890276e+00  0.000000e+00
     vertex -1.912396e+01  1.890276e+00  1.510000e+00
   endloop
 endfacet
 facet normal  1.305262e-01 -9.914449e-01  0.000000e+00
   outer loop
     vertex -1.938795e+01  1.890276e+00  0.000000e+00
     vertex -1.925596e+01  1.907654e+00  1.510000e+00
     vertex -1.938795e+01  1.890276e+00  1.510000e+00
   endloop
 endfacet
 facet normal  1.305262e-01 -9.914449e-01  0.000000e+00
   outer loop
     vertex -1.938795e+01  1.890276e+00  0.000000e+00
     vertex -1.925596e+01  1.907654e+00  0.000000e+00
     vertex -1.925596e+01  1.907654e+00  1.510000e+00
   endloop
 endfacet
 facet normal  3.826834e-01 -9.238795e-01  0.000000e+00
   outer loop
     vertex -1.951096e+01  1.839327e+00  0.000000e+00
     vertex -1.938795e+01  1.890276e+00  0.000000e+00
     vertex -1.938795e+01  1.890276e+00  1.510000e+00
   endloop
 endfacet
 facet normal  3.826834e-01 -9.238795e-01  0.000000e+00
   outer loop
     vertex -1.951096e+01  1.839327e+00  0.000000e+00
     vertex -1.938795e+01  1.890276e+00  1.510000e+00
     vertex -1.951096e+01  1.839327e+00  1.510000e+00
   endloop
 endfacet
 facet normal  6.087614e-01 -7.933533e-01  0.000000e+00
   outer loop
     vertex -1.961658e+01  1.758278e+00  0.000000e+00
     vertex -1.951096e+01  1.839327e+00  0.000000e+00
     vertex -1.951096e+01  1.839327e+00  1.510000e+00
   endloop
 endfacet
 facet normal  7.933533e-01 -6.087614e-01  0.000000e+00
   outer loop
     vertex -1.961658e+01  1.758278e+00  0.000000e+00
     vertex -1.961658e+01  1.758278e+00  1.510000e+00
     vertex -1.969763e+01  1.652654e+00  1.510000e+00
   endloop
 endfacet
 facet normal  6.087614e-01 -7.933533e-01  0.000000e+00
   outer loop
     vertex -1.961658e+01  1.758278e+00  0.000000e+00
     vertex -1.951096e+01  1.839327e+00  1.510000e+00
     vertex -1.961658e+01  1.758278e+00  1.510000e+00
   endloop
 endfacet
 facet normal  7.933533e-01 -6.087614e-01  0.000000e+00
   outer loop
     vertex -1.969763e+01  1.652654e+00  0.000000e+00
     vertex -1.961658e+01  1.758278e+00  0.000000e+00
     vertex -1.969763e+01  1.652654e+00  1.510000e+00
   endloop
 endfacet
 facet normal  9.238795e-01 -3.826834e-01  0.000000e+00
   outer loop
     vertex -1.969763e+01  1.652654e+00  0.000000e+00
     vertex -1.969763e+01  1.652654e+00  1.510000e+00
     vertex -1.974858e+01  1.529652e+00  1.510000e+00
   endloop
 endfacet
 facet normal  9.238795e-01 -3.826834e-01  0.000000e+00
   outer loop
     vertex -1.974858e+01  1.529652e+00  0.000000e+00
     vertex -1.969763e+01  1.652654e+00  0.000000e+00
     vertex -1.974858e+01  1.529652e+00  1.510000e+00
   endloop
 endfacet
 facet normal  9.914449e-01 -1.305262e-01  0.000000e+00
   outer loop
     vertex -1.976596e+01  1.397654e+00  0.000000e+00
     vertex -1.974858e+01  1.529652e+00  0.000000e+00
     vertex -1.974858e+01  1.529652e+00  1.510000e+00
   endloop
 endfacet
 facet normal  9.914449e-01 -1.305262e-01  0.000000e+00
   outer loop
     vertex -1.976596e+01  1.397654e+00  0.000000e+00
     vertex -1.974858e+01  1.529652e+00  1.510000e+00
     vertex -1.976596e+01  1.397654e+00  1.510000e+00
   endloop
 endfacet
 facet normal  9.914449e-01  1.305262e-01 -0.000000e+00
   outer loop
     vertex -1.974858e+01  1.265656e+00  0.000000e+00
     vertex -1.976596e+01  1.397654e+00  1.510000e+00
     vertex -1.974858e+01  1.265656e+00  1.510000e+00
   endloop
 endfacet
 facet normal  9.914449e-01  1.305262e-01  0.000000e+00
   outer loop
     vertex -1.974858e+01  1.265656e+00  0.000000e+00
     vertex -1.976596e+01  1.397654e+00  0.000000e+00
     vertex -1.976596e+01  1.397654e+00  1.510000e+00
   endloop
 endfacet
 facet normal  9.238795e-01  3.826834e-01 -0.000000e+00
   outer loop
     vertex -1.969763e+01  1.142654e+00  0.000000e+00
     vertex -1.974858e+01  1.265656e+00  1.510000e+00
     vertex -1.969763e+01  1.142654e+00  1.510000e+00
   endloop
 endfacet
 facet normal  9.238795e-01  3.826834e-01  0.000000e+00
   outer loop
     vertex -1.969763e+01  1.142654e+00  0.000000e+00
     vertex -1.974858e+01  1.265656e+00  0.000000e+00
     vertex -1.974858e+01  1.265656e+00  1.510000e+00
   endloop
 endfacet
 facet normal  6.087614e-01  7.933533e-01 -0.000000e+00
   outer loop
     vertex -1.961658e+01  1.037030e+00  0.000000e+00
     vertex -1.961658e+01  1.037030e+00  1.510000e+00
     vertex -1.951096e+01  9.559810e-01  1.510000e+00
   endloop
 endfacet
 facet normal  7.933533e-01  6.087614e-01 -0.000000e+00
   outer loop
     vertex -1.961658e+01  1.037030e+00  0.000000e+00
     vertex -1.969763e+01  1.142654e+00  1.510000e+00
     vertex -1.961658e+01  1.037030e+00  1.510000e+00
   endloop
 endfacet
 facet normal  7.933533e-01  6.087614e-01  0.000000e+00
   outer loop
     vertex -1.961658e+01  1.037030e+00  0.000000e+00
     vertex -1.969763e+01  1.142654e+00  0.000000e+00
     vertex -1.969763e+01  1.142654e+00  1.510000e+00
   endloop
 endfacet
 facet normal  6.087614e-01  7.933533e-01 -0.000000e+00
   outer loop
     vertex -1.951096e+01  9.559810e-01  0.000000e+00
     vertex -1.961658e+01  1.037030e+00  0.000000e+00
     vertex -1.951096e+01  9.559810e-01  1.510000e+00
   endloop
 endfacet
 facet normal  3.826834e-01  9.238795e-01 -0.000000e+00
   outer loop
     vertex -1.938795e+01  9.050318e-01  0.000000e+00
     vertex -1.951096e+01  9.559810e-01  1.510000e+00
     vertex -1.938795e+01  9.050318e-01  1.510000e+00
   endloop
 endfacet
 facet normal  3.826834e-01  9.238795e-01  0.000000e+00
   outer loop
     vertex -1.938795e+01  9.050318e-01  0.000000e+00
     vertex -1.951096e+01  9.559810e-01  0.000000e+00
     vertex -1.951096e+01  9.559810e-01  1.510000e+00
   endloop
 endfacet
 facet normal  1.305262e-01  9.914449e-01 -0.000000e+00
   outer loop
     vertex -1.925596e+01  8.876540e-01  0.000000e+00
     vertex -1.938795e+01  9.050318e-01  1.510000e+00
     vertex -1.925596e+01  8.876540e-01  1.510000e+00
   endloop
 endfacet
 facet normal  1.305262e-01  9.914449e-01  0.000000e+00
   outer loop
     vertex -1.925596e+01  8.876540e-01  0.000000e+00
     vertex -1.938795e+01  9.050318e-01  0.000000e+00
     vertex -1.938795e+01  9.050318e-01  1.510000e+00
   endloop
 endfacet
 facet normal -1.305262e-01  9.914449e-01  0.000000e+00
   outer loop
     vertex -1.612396e+01  9.050318e-01  0.000000e+00
     vertex -1.625596e+01  8.876540e-01  0.000000e+00
     vertex -1.625596e+01  8.876540e-01  1.510000e+00
   endloop
 endfacet
 facet normal -1.305262e-01  9.914449e-01  0.000000e+00
   outer loop
     vertex -1.612396e+01  9.050318e-01  0.000000e+00
     vertex -1.625596e+01  8.876540e-01  1.510000e+00
     vertex -1.612396e+01  9.050318e-01  1.510000e+00
   endloop
 endfacet
 facet normal -3.826834e-01  9.238795e-01  0.000000e+00
   outer loop
     vertex -1.600096e+01  9.559810e-01  0.000000e+00
     vertex -1.612396e+01  9.050318e-01  1.510000e+00
     vertex -1.600096e+01  9.559810e-01  1.510000e+00
   endloop
 endfacet
 facet normal -3.826834e-01  9.238795e-01  0.000000e+00
   outer loop
     vertex -1.600096e+01  9.559810e-01  0.000000e+00
     vertex -1.612396e+01  9.050318e-01  0.000000e+00
     vertex -1.612396e+01  9.050318e-01  1.510000e+00
   endloop
 endfacet
 facet normal -6.087614e-01  7.933533e-01  0.000000e+00
   outer loop
     vertex -1.589533e+01  1.037030e+00  0.000000e+00
     vertex -1.600096e+01  9.559810e-01  1.510000e+00
     vertex -1.589533e+01  1.037030e+00  1.510000e+00
   endloop
 endfacet
 facet normal -6.087614e-01  7.933533e-01  0.000000e+00
   outer loop
     vertex -1.589533e+01  1.037030e+00  0.000000e+00
     vertex -1.600096e+01  9.559810e-01  0.000000e+00
     vertex -1.600096e+01  9.559810e-01  1.510000e+00
   endloop
 endfacet
 facet normal -7.933533e-01  6.087614e-01  0.000000e+00
   outer loop
     vertex -1.581428e+01  1.142654e+00  0.000000e+00
     vertex -1.589533e+01  1.037030e+00  1.510000e+00
     vertex -1.581428e+01  1.142654e+00  1.510000e+00
   endloop
 endfacet
 facet normal -7.933533e-01  6.087614e-01  0.000000e+00
   outer loop
     vertex -1.581428e+01  1.142654e+00  0.000000e+00
     vertex -1.589533e+01  1.037030e+00  0.000000e+00
     vertex -1.589533e+01  1.037030e+00  1.510000e+00
   endloop
 endfacet
 facet normal -9.238795e-01  3.826834e-01  0.000000e+00
   outer loop
     vertex -1.576333e+01  1.265656e+00  0.000000e+00
     vertex -1.581428e+01  1.142654e+00  1.510000e+00
     vertex -1.576333e+01  1.265656e+00  1.510000e+00
   endloop
 endfacet
 facet normal -9.238795e-01  3.826834e-01  0.000000e+00
   outer loop
     vertex -1.576333e+01  1.265656e+00  0.000000e+00
     vertex -1.581428e+01  1.142654e+00  0.000000e+00
     vertex -1.581428e+01  1.142654e+00  1.510000e+00
   endloop
 endfacet
 facet normal -9.914449e-01  1.305262e-01  0.000000e+00
   outer loop
     vertex -1.574596e+01  1.397654e+00  0.000000e+00
     vertex -1.576333e+01  1.265656e+00  1.510000e+00
     vertex -1.574596e+01  1.397654e+00  1.510000e+00
   endloop
 endfacet
 facet normal -9.914449e-01  1.305262e-01  0.000000e+00
   outer loop
     vertex -1.574596e+01  1.397654e+00  0.000000e+00
     vertex -1.576333e+01  1.265656e+00  0.000000e+00
     vertex -1.576333e+01  1.265656e+00  1.510000e+00
   endloop
 endfacet
 facet normal -9.914449e-01 -1.305262e-01  0.000000e+00
   outer loop
     vertex -1.576333e+01  1.529652e+00  0.000000e+00
     vertex -1.574596e+01  1.397654e+00  1.510000e+00
     vertex -1.576333e+01  1.529652e+00  1.510000e+00
   endloop
 endfacet
 facet normal -9.914449e-01 -1.305262e-01  0.000000e+00
   outer loop
     vertex -1.576333e+01  1.529652e+00  0.000000e+00
     vertex -1.574596e+01  1.397654e+00  0.000000e+00
     vertex -1.574596e+01  1.397654e+00  1.510000e+00
   endloop
 endfacet
 facet normal -9.238795e-01 -3.826834e-01  0.000000e+00
   outer loop
     vertex -1.581428e+01  1.652654e+00  0.000000e+00
     vertex -1.576333e+01  1.529652e+00  1.510000e+00
     vertex -1.581428e+01  1.652654e+00  1.510000e+00
   endloop
 endfacet
 facet normal -9.238795e-01 -3.826834e-01  0.000000e+00
   outer loop
     vertex -1.581428e+01  1.652654e+00  0.000000e+00
     vertex -1.576333e+01  1.529652e+00  0.000000e+00
     vertex -1.576333e+01  1.529652e+00  1.510000e+00
   endloop
 endfacet
 facet normal -7.933533e-01 -6.087614e-01  0.000000e+00
   outer loop
     vertex -1.589533e+01  1.758278e+00  0.000000e+00
     vertex -1.581428e+01  1.652654e+00  1.510000e+00
     vertex -1.589533e+01  1.758278e+00  1.510000e+00
   endloop
 endfacet
 facet normal -7.933533e-01 -6.087614e-01  0.000000e+00
   outer loop
     vertex -1.589533e+01  1.758278e+00  0.000000e+00
     vertex -1.581428e+01  1.652654e+00  0.000000e+00
     vertex -1.581428e+01  1.652654e+00  1.510000e+00
   endloop
 endfacet
 facet normal -6.087614e-01 -7.933533e-01  0.000000e+00
   outer loop
     vertex -1.600096e+01  1.839327e+00  0.000000e+00
     vertex -1.589533e+01  1.758278e+00  1.510000e+00
     vertex -1.600096e+01  1.839327e+00  1.510000e+00
   endloop
 endfacet
 facet normal -6.087614e-01 -7.933533e-01  0.000000e+00
   outer loop
     vertex -1.600096e+01  1.839327e+00  0.000000e+00
     vertex -1.589533e+01  1.758278e+00  0.000000e+00
     vertex -1.589533e+01  1.758278e+00  1.510000e+00
   endloop
 endfacet
 facet normal -3.826834e-01 -9.238795e-01  0.000000e+00
   outer loop
     vertex -1.612396e+01  1.890276e+00  0.000000e+00
     vertex -1.600096e+01  1.839327e+00  1.510000e+00
     vertex -1.612396e+01  1.890276e+00  1.510000e+00
   endloop
 endfacet
 facet normal -3.826834e-01 -9.238795e-01  0.000000e+00
   outer loop
     vertex -1.612396e+01  1.890276e+00  0.000000e+00
     vertex -1.600096e+01  1.839327e+00  0.000000e+00
     vertex -1.600096e+01  1.839327e+00  1.510000e+00
   endloop
 endfacet
 facet normal -1.305262e-01 -9.914449e-01  0.000000e+00
   outer loop
     vertex -1.625596e+01  1.907654e+00  0.000000e+00
     vertex -1.612396e+01  1.890276e+00  1.510000e+00
     vertex -1.625596e+01  1.907654e+00  1.510000e+00
   endloop
 endfacet
 facet normal -1.305262e-01 -9.914449e-01  0.000000e+00
   outer loop
     vertex -1.625596e+01  1.907654e+00  0.000000e+00
     vertex -1.612396e+01  1.890276e+00  0.000000e+00
     vertex -1.612396e+01  1.890276e+00  1.510000e+00
   endloop
 endfacet
 facet normal  1.305262e-01 -9.914449e-01  0.000000e+00
   outer loop
     vertex -1.638795e+01  1.890276e+00  0.000000e+00
     vertex -1.625596e+01  1.907654e+00  1.510000e+00
     vertex -1.638795e+01  1.890276e+00  1.510000e+00
   endloop
 endfacet
 facet normal  1.305262e-01 -9.914449e-01  0.000000e+00
   outer loop
     vertex -1.638795e+01  1.890276e+00  0.000000e+00
     vertex -1.625596e+01  1.907654e+00  0.000000e+00
     vertex -1.625596e+01  1.907654e+00  1.510000e+00
   endloop
 endfacet
 facet normal  3.826834e-01 -9.238795e-01  0.000000e+00
   outer loop
     vertex -1.651096e+01  1.839327e+00  0.000000e+00
     vertex -1.638795e+01  1.890276e+00  0.000000e+00
     vertex -1.638795e+01  1.890276e+00  1.510000e+00
   endloop
 endfacet
 facet normal  3.826834e-01 -9.238795e-01  0.000000e+00
   outer loop
     vertex -1.651096e+01  1.839327e+00  0.000000e+00
     vertex -1.638795e+01  1.890276e+00  1.510000e+00
     vertex -1.651096e+01  1.839327e+00  1.510000e+00
   endloop
 endfacet
 facet normal  6.087614e-01 -7.933533e-01  0.000000e+00
   outer loop
     vertex -1.661658e+01  1.758278e+00  0.000000e+00
     vertex -1.651096e+01  1.839327e+00  0.000000e+00
     vertex -1.651096e+01  1.839327e+00  1.510000e+00
   endloop
 endfacet
 facet normal  7.933533e-01 -6.087614e-01  0.000000e+00
   outer loop
     vertex -1.661658e+01  1.758278e+00  0.000000e+00
     vertex -1.661658e+01  1.758278e+00  1.510000e+00
     vertex -1.669763e+01  1.652654e+00  1.510000e+00
   endloop
 endfacet
 facet normal  6.087614e-01 -7.933533e-01  0.000000e+00
   outer loop
     vertex -1.661658e+01  1.758278e+00  0.000000e+00
     vertex -1.651096e+01  1.839327e+00  1.510000e+00
     vertex -1.661658e+01  1.758278e+00  1.510000e+00
   endloop
 endfacet
 facet normal  7.933533e-01 -6.087614e-01  0.000000e+00
   outer loop
     vertex -1.669763e+01  1.652654e+00  0.000000e+00
     vertex -1.661658e+01  1.758278e+00  0.000000e+00
     vertex -1.669763e+01  1.652654e+00  1.510000e+00
   endloop
 endfacet
 facet normal  9.238795e-01 -3.826834e-01  0.000000e+00
   outer loop
     vertex -1.669763e+01  1.652654e+00  0.000000e+00
     vertex -1.669763e+01  1.652654e+00  1.510000e+00
     vertex -1.674858e+01  1.529652e+00  1.510000e+00
   endloop
 endfacet
 facet normal  9.238795e-01 -3.826834e-01  0.000000e+00
   outer loop
     vertex -1.674858e+01  1.529652e+00  0.000000e+00
     vertex -1.669763e+01  1.652654e+00  0.000000e+00
     vertex -1.674858e+01  1.529652e+00  1.510000e+00
   endloop
 endfacet
 facet normal  9.914449e-01 -1.305262e-01  0.000000e+00
   outer loop
     vertex -1.676596e+01  1.397654e+00  0.000000e+00
     vertex -1.674858e+01  1.529652e+00  0.000000e+00
     vertex -1.674858e+01  1.529652e+00  1.510000e+00
   endloop
 endfacet
 facet normal  9.914449e-01 -1.305262e-01  0.000000e+00
   outer loop
     vertex -1.676596e+01  1.397654e+00  0.000000e+00
     vertex -1.674858e+01  1.529652e+00  1.510000e+00
     vertex -1.676596e+01  1.397654e+00  1.510000e+00
   endloop
 endfacet
 facet normal  9.914449e-01  1.305262e-01 -0.000000e+00
   outer loop
     vertex -1.674858e+01  1.265656e+00  0.000000e+00
     vertex -1.676596e+01  1.397654e+00  1.510000e+00
     vertex -1.674858e+01  1.265656e+00  1.510000e+00
   endloop
 endfacet
 facet normal  9.914449e-01  1.305262e-01  0.000000e+00
   outer loop
     vertex -1.674858e+01  1.265656e+00  0.000000e+00
     vertex -1.676596e+01  1.397654e+00  0.000000e+00
     vertex -1.676596e+01  1.397654e+00  1.510000e+00
   endloop
 endfacet
 facet normal  9.238795e-01  3.826834e-01 -0.000000e+00
   outer loop
     vertex -1.669763e+01  1.142654e+00  0.000000e+00
     vertex -1.674858e+01  1.265656e+00  1.510000e+00
     vertex -1.669763e+01  1.142654e+00  1.510000e+00
   endloop
 endfacet
 facet normal  9.238795e-01  3.826834e-01  0.000000e+00
   outer loop
     vertex -1.669763e+01  1.142654e+00  0.000000e+00
     vertex -1.674858e+01  1.265656e+00  0.000000e+00
     vertex -1.674858e+01  1.265656e+00  1.510000e+00
   endloop
 endfacet
 facet normal  6.087614e-01  7.933533e-01 -0.000000e+00
   outer loop
     vertex -1.661658e+01  1.037030e+00  0.000000e+00
     vertex -1.661658e+01  1.037030e+00  1.510000e+00
     vertex -1.651096e+01  9.559810e-01  1.510000e+00
   endloop
 endfacet
 facet normal  7.933533e-01  6.087614e-01 -0.000000e+00
   outer loop
     vertex -1.661658e+01  1.037030e+00  0.000000e+00
     vertex -1.669763e+01  1.142654e+00  1.510000e+00
     vertex -1.661658e+01  1.037030e+00  1.510000e+00
   endloop
 endfacet
 facet normal  7.933533e-01  6.087614e-01  0.000000e+00
   outer loop
     vertex -1.661658e+01  1.037030e+00  0.000000e+00
     vertex -1.669763e+01  1.142654e+00  0.000000e+00
     vertex -1.669763e+01  1.142654e+00  1.510000e+00
   endloop
 endfacet
 facet normal  6.087614e-01  7.933533e-01 -0.000000e+00
   outer loop
     vertex -1.651096e+01  9.559810e-01  0.000000e+00
     vertex -1.661658e+01  1.037030e+00  0.000000e+00
     vertex -1.651096e+01  9.559810e-01  1.510000e+00
   endloop
 endfacet
 facet normal  3.826834e-01  9.238795e-01 -0.000000e+00
   outer loop
     vertex -1.638795e+01  9.050318e-01  0.000000e+00
     vertex -1.651096e+01  9.559810e-01  1.510000e+00
     vertex -1.638795e+01  9.050318e-01  1.510000e+00
   endloop
 endfacet
 facet normal  3.826834e-01  9.238795e-01  0.000000e+00
   outer loop
     vertex -1.638795e+01  9.050318e-01  0.000000e+00
     vertex -1.651096e+01  9.559810e-01  0.000000e+00
     vertex -1.651096e+01  9.559810e-01  1.510000e+00
   endloop
 endfacet
 facet normal  1.305262e-01  9.914449e-01 -0.000000e+00
   outer loop
     vertex -1.625596e+01  8.876540e-01  0.000000e+00
     vertex -1.638795e+01  9.050318e-01  1.510000e+00
     vertex -1.625596e+01  8.876540e-01  1.510000e+00
   endloop
 endfacet
 facet normal  1.305262e-01  9.914449e-01  0.000000e+00
   outer loop
     vertex -1.625596e+01  8.876540e-01  0.000000e+00
     vertex -1.638795e+01  9.050318e-01  0.000000e+00
     vertex -1.638795e+01  9.050318e-01  1.510000e+00
   endloop
 endfacet
 facet normal -1.305262e-01  9.914449e-01  0.000000e+00
   outer loop
     vertex -2.212396e+01  3.905032e+00  0.000000e+00
     vertex -2.225596e+01  3.887654e+00  0.000000e+00
     vertex -2.225596e+01  3.887654e+00  1.510000e+00
   endloop
 endfacet
 facet normal -1.305262e-01  9.914449e-01  0.000000e+00
   outer loop
     vertex -2.212396e+01  3.905032e+00  0.000000e+00
     vertex -2.225596e+01  3.887654e+00  1.510000e+00
     vertex -2.212396e+01  3.905032e+00  1.510000e+00
   endloop
 endfacet
 facet normal -3.826834e-01  9.238795e-01  0.000000e+00
   outer loop
     vertex -2.200096e+01  3.955981e+00  0.000000e+00
     vertex -2.212396e+01  3.905032e+00  1.510000e+00
     vertex -2.200096e+01  3.955981e+00  1.510000e+00
   endloop
 endfacet
 facet normal -3.826834e-01  9.238795e-01  0.000000e+00
   outer loop
     vertex -2.200096e+01  3.955981e+00  0.000000e+00
     vertex -2.212396e+01  3.905032e+00  0.000000e+00
     vertex -2.212396e+01  3.905032e+00  1.510000e+00
   endloop
 endfacet
 facet normal -6.087614e-01  7.933533e-01  0.000000e+00
   outer loop
     vertex -2.189533e+01  4.037030e+00  0.000000e+00
     vertex -2.200096e+01  3.955981e+00  1.510000e+00
     vertex -2.189533e+01  4.037030e+00  1.510000e+00
   endloop
 endfacet
 facet normal -6.087614e-01  7.933533e-01  0.000000e+00
   outer loop
     vertex -2.189533e+01  4.037030e+00  0.000000e+00
     vertex -2.200096e+01  3.955981e+00  0.000000e+00
     vertex -2.200096e+01  3.955981e+00  1.510000e+00
   endloop
 endfacet
 facet normal -7.933533e-01  6.087614e-01  0.000000e+00
   outer loop
     vertex -2.181428e+01  4.142654e+00  0.000000e+00
     vertex -2.189533e+01  4.037030e+00  1.510000e+00
     vertex -2.181428e+01  4.142654e+00  1.510000e+00
   endloop
 endfacet
 facet normal -7.933533e-01  6.087614e-01  0.000000e+00
   outer loop
     vertex -2.181428e+01  4.142654e+00  0.000000e+00
     vertex -2.189533e+01  4.037030e+00  0.000000e+00
     vertex -2.189533e+01  4.037030e+00  1.510000e+00
   endloop
 endfacet
 facet normal -9.238795e-01  3.826834e-01  0.000000e+00
   outer loop
     vertex -2.176333e+01  4.265656e+00  0.000000e+00
     vertex -2.181428e+01  4.142654e+00  1.510000e+00
     vertex -2.176333e+01  4.265656e+00  1.510000e+00
   endloop
 endfacet
 facet normal -9.238795e-01  3.826834e-01  0.000000e+00
   outer loop
     vertex -2.176333e+01  4.265656e+00  0.000000e+00
     vertex -2.181428e+01  4.142654e+00  0.000000e+00
     vertex -2.181428e+01  4.142654e+00  1.510000e+00
   endloop
 endfacet
 facet normal -9.914449e-01  1.305262e-01  0.000000e+00
   outer loop
     vertex -2.174596e+01  4.397654e+00  0.000000e+00
     vertex -2.176333e+01  4.265656e+00  1.510000e+00
     vertex -2.174596e+01  4.397654e+00  1.510000e+00
   endloop
 endfacet
 facet normal -9.914449e-01  1.305262e-01  0.000000e+00
   outer loop
     vertex -2.174596e+01  4.397654e+00  0.000000e+00
     vertex -2.176333e+01  4.265656e+00  0.000000e+00
     vertex -2.176333e+01  4.265656e+00  1.510000e+00
   endloop
 endfacet
 facet normal -9.914449e-01 -1.305262e-01  0.000000e+00
   outer loop
     vertex -2.176333e+01  4.529652e+00  0.000000e+00
     vertex -2.174596e+01  4.397654e+00  1.510000e+00
     vertex -2.176333e+01  4.529652e+00  1.510000e+00
   endloop
 endfacet
 facet normal -9.914449e-01 -1.305262e-01  0.000000e+00
   outer loop
     vertex -2.176333e+01  4.529652e+00  0.000000e+00
     vertex -2.174596e+01  4.397654e+00  0.000000e+00
     vertex -2.174596e+01  4.397654e+00  1.510000e+00
   endloop
 endfacet
 facet normal -9.238795e-01 -3.826834e-01  0.000000e+00
   outer loop
     vertex -2.181428e+01  4.652654e+00  0.000000e+00
     vertex -2.176333e+01  4.529652e+00  1.510000e+00
     vertex -2.181428e+01  4.652654e+00  1.510000e+00
   endloop
 endfacet
 facet normal -9.238795e-01 -3.826834e-01  0.000000e+00
   outer loop
     vertex -2.181428e+01  4.652654e+00  0.000000e+00
     vertex -2.176333e+01  4.529652e+00  0.000000e+00
     vertex -2.176333e+01  4.529652e+00  1.510000e+00
   endloop
 endfacet
 facet normal -7.933533e-01 -6.087614e-01  0.000000e+00
   outer loop
     vertex -2.189533e+01  4.758278e+00  0.000000e+00
     vertex -2.181428e+01  4.652654e+00  1.510000e+00
     vertex -2.189533e+01  4.758278e+00  1.510000e+00
   endloop
 endfacet
 facet normal -7.933533e-01 -6.087614e-01  0.000000e+00
   outer loop
     vertex -2.189533e+01  4.758278e+00  0.000000e+00
     vertex -2.181428e+01  4.652654e+00  0.000000e+00
     vertex -2.181428e+01  4.652654e+00  1.510000e+00
   endloop
 endfacet
 facet normal -6.087614e-01 -7.933533e-01  0.000000e+00
   outer loop
     vertex -2.200096e+01  4.839327e+00  0.000000e+00
     vertex -2.189533e+01  4.758278e+00  1.510000e+00
     vertex -2.200096e+01  4.839327e+00  1.510000e+00
   endloop
 endfacet
 facet normal -6.087614e-01 -7.933533e-01  0.000000e+00
   outer loop
     vertex -2.200096e+01  4.839327e+00  0.000000e+00
     vertex -2.189533e+01  4.758278e+00  0.000000e+00
     vertex -2.189533e+01  4.758278e+00  1.510000e+00
   endloop
 endfacet
 facet normal -3.826834e-01 -9.238795e-01  0.000000e+00
   outer loop
     vertex -2.212396e+01  4.890276e+00  0.000000e+00
     vertex -2.200096e+01  4.839327e+00  1.510000e+00
     vertex -2.212396e+01  4.890276e+00  1.510000e+00
   endloop
 endfacet
 facet normal -3.826834e-01 -9.238795e-01  0.000000e+00
   outer loop
     vertex -2.212396e+01  4.890276e+00  0.000000e+00
     vertex -2.200096e+01  4.839327e+00  0.000000e+00
     vertex -2.200096e+01  4.839327e+00  1.510000e+00
   endloop
 endfacet
 facet normal -1.305262e-01 -9.914449e-01  0.000000e+00
   outer loop
     vertex -2.225596e+01  4.907654e+00  0.000000e+00
     vertex -2.212396e+01  4.890276e+00  1.510000e+00
     vertex -2.225596e+01  4.907654e+00  1.510000e+00
   endloop
 endfacet
 facet normal -1.305262e-01 -9.914449e-01  0.000000e+00
   outer loop
     vertex -2.225596e+01  4.907654e+00  0.000000e+00
     vertex -2.212396e+01  4.890276e+00  0.000000e+00
     vertex -2.212396e+01  4.890276e+00  1.510000e+00
   endloop
 endfacet
 facet normal  1.305262e-01 -9.914449e-01  0.000000e+00
   outer loop
     vertex -2.238795e+01  4.890276e+00  0.000000e+00
     vertex -2.225596e+01  4.907654e+00  1.510000e+00
     vertex -2.238795e+01  4.890276e+00  1.510000e+00
   endloop
 endfacet
 facet normal  1.305262e-01 -9.914449e-01  0.000000e+00
   outer loop
     vertex -2.238795e+01  4.890276e+00  0.000000e+00
     vertex -2.225596e+01  4.907654e+00  0.000000e+00
     vertex -2.225596e+01  4.907654e+00  1.510000e+00
   endloop
 endfacet
 facet normal  3.826834e-01 -9.238795e-01  0.000000e+00
   outer loop
     vertex -2.251096e+01  4.839327e+00  0.000000e+00
     vertex -2.238795e+01  4.890276e+00  0.000000e+00
     vertex -2.238795e+01  4.890276e+00  1.510000e+00
   endloop
 endfacet
 facet normal  3.826834e-01 -9.238795e-01  0.000000e+00
   outer loop
     vertex -2.251096e+01  4.839327e+00  0.000000e+00
     vertex -2.238795e+01  4.890276e+00  1.510000e+00
     vertex -2.251096e+01  4.839327e+00  1.510000e+00
   endloop
 endfacet
 facet normal  6.087614e-01 -7.933533e-01  0.000000e+00
   outer loop
     vertex -2.261658e+01  4.758278e+00  0.000000e+00
     vertex -2.251096e+01  4.839327e+00  0.000000e+00
     vertex -2.251096e+01  4.839327e+00  1.510000e+00
   endloop
 endfacet
 facet normal  7.933533e-01 -6.087614e-01  0.000000e+00
   outer loop
     vertex -2.261658e+01  4.758278e+00  0.000000e+00
     vertex -2.261658e+01  4.758278e+00  1.510000e+00
     vertex -2.269763e+01  4.652654e+00  1.510000e+00
   endloop
 endfacet
 facet normal  6.087614e-01 -7.933533e-01  0.000000e+00
   outer loop
     vertex -2.261658e+01  4.758278e+00  0.000000e+00
     vertex -2.251096e+01  4.839327e+00  1.510000e+00
     vertex -2.261658e+01  4.758278e+00  1.510000e+00
   endloop
 endfacet
 facet normal  7.933533e-01 -6.087614e-01  0.000000e+00
   outer loop
     vertex -2.269763e+01  4.652654e+00  0.000000e+00
     vertex -2.261658e+01  4.758278e+00  0.000000e+00
     vertex -2.269763e+01  4.652654e+00  1.510000e+00
   endloop
 endfacet
 facet normal  9.238795e-01 -3.826834e-01  0.000000e+00
   outer loop
     vertex -2.269763e+01  4.652654e+00  0.000000e+00
     vertex -2.269763e+01  4.652654e+00  1.510000e+00
     vertex -2.274858e+01  4.529652e+00  1.510000e+00
   endloop
 endfacet
 facet normal  9.238795e-01 -3.826834e-01  0.000000e+00
   outer loop
     vertex -2.274858e+01  4.529652e+00  0.000000e+00
     vertex -2.269763e+01  4.652654e+00  0.000000e+00
     vertex -2.274858e+01  4.529652e+00  1.510000e+00
   endloop
 endfacet
 facet normal  9.914449e-01 -1.305262e-01  0.000000e+00
   outer loop
     vertex -2.276596e+01  4.397654e+00  0.000000e+00
     vertex -2.274858e+01  4.529652e+00  0.000000e+00
     vertex -2.274858e+01  4.529652e+00  1.510000e+00
   endloop
 endfacet
 facet normal  9.914449e-01 -1.305262e-01  0.000000e+00
   outer loop
     vertex -2.276596e+01  4.397654e+00  0.000000e+00
     vertex -2.274858e+01  4.529652e+00  1.510000e+00
     vertex -2.276596e+01  4.397654e+00  1.510000e+00
   endloop
 endfacet
 facet normal  9.914449e-01  1.305262e-01 -0.000000e+00
   outer loop
     vertex -2.274858e+01  4.265656e+00  0.000000e+00
     vertex -2.276596e+01  4.397654e+00  1.510000e+00
     vertex -2.274858e+01  4.265656e+00  1.510000e+00
   endloop
 endfacet
 facet normal  9.914449e-01  1.305262e-01  0.000000e+00
   outer loop
     vertex -2.274858e+01  4.265656e+00  0.000000e+00
     vertex -2.276596e+01  4.397654e+00  0.000000e+00
     vertex -2.276596e+01  4.397654e+00  1.510000e+00
   endloop
 endfacet
 facet normal  9.238795e-01  3.826834e-01 -0.000000e+00
   outer loop
     vertex -2.269763e+01  4.142654e+00  0.000000e+00
     vertex -2.274858e+01  4.265656e+00  1.510000e+00
     vertex -2.269763e+01  4.142654e+00  1.510000e+00
   endloop
 endfacet
 facet normal  9.238795e-01  3.826834e-01  0.000000e+00
   outer loop
     vertex -2.269763e+01  4.142654e+00  0.000000e+00
     vertex -2.274858e+01  4.265656e+00  0.000000e+00
     vertex -2.274858e+01  4.265656e+00  1.510000e+00
   endloop
 endfacet
 facet normal  6.087614e-01  7.933533e-01 -0.000000e+00
   outer loop
     vertex -2.261658e+01  4.037030e+00  0.000000e+00
     vertex -2.261658e+01  4.037030e+00  1.510000e+00
     vertex -2.251096e+01  3.955981e+00  1.510000e+00
   endloop
 endfacet
 facet normal  7.933533e-01  6.087614e-01 -0.000000e+00
   outer loop
     vertex -2.261658e+01  4.037030e+00  0.000000e+00
     vertex -2.269763e+01  4.142654e+00  1.510000e+00
     vertex -2.261658e+01  4.037030e+00  1.510000e+00
   endloop
 endfacet
 facet normal  7.933533e-01  6.087614e-01  0.000000e+00
   outer loop
     vertex -2.261658e+01  4.037030e+00  0.000000e+00
     vertex -2.269763e+01  4.142654e+00  0.000000e+00
     vertex -2.269763e+01  4.142654e+00  1.510000e+00
   endloop
 endfacet
 facet normal  6.087614e-01  7.933533e-01 -0.000000e+00
   outer loop
     vertex -2.251096e+01  3.955981e+00  0.000000e+00
     vertex -2.261658e+01  4.037030e+00  0.000000e+00
     vertex -2.251096e+01  3.955981e+00  1.510000e+00
   endloop
 endfacet
 facet normal  3.826834e-01  9.238795e-01 -0.000000e+00
   outer loop
     vertex -2.238795e+01  3.905032e+00  0.000000e+00
     vertex -2.251096e+01  3.955981e+00  1.510000e+00
     vertex -2.238795e+01  3.905032e+00  1.510000e+00
   endloop
 endfacet
 facet normal  3.826834e-01  9.238795e-01  0.000000e+00
   outer loop
     vertex -2.238795e+01  3.905032e+00  0.000000e+00
     vertex -2.251096e+01  3.955981e+00  0.000000e+00
     vertex -2.251096e+01  3.955981e+00  1.510000e+00
   endloop
 endfacet
 facet normal  1.305262e-01  9.914449e-01 -0.000000e+00
   outer loop
     vertex -2.225596e+01  3.887654e+00  0.000000e+00
     vertex -2.238795e+01  3.905032e+00  1.510000e+00
     vertex -2.225596e+01  3.887654e+00  1.510000e+00
   endloop
 endfacet
 facet normal  1.305262e-01  9.914449e-01  0.000000e+00
   outer loop
     vertex -2.225596e+01  3.887654e+00  0.000000e+00
     vertex -2.238795e+01  3.905032e+00  0.000000e+00
     vertex -2.238795e+01  3.905032e+00  1.510000e+00
   endloop
 endfacet
 facet normal -1.305262e-01  9.914449e-01  0.000000e+00
   outer loop
     vertex -1.912396e+01  3.905032e+00  0.000000e+00
     vertex -1.925596e+01  3.887654e+00  0.000000e+00
     vertex -1.925596e+01  3.887654e+00  1.510000e+00
   endloop
 endfacet
 facet normal -1.305262e-01  9.914449e-01  0.000000e+00
   outer loop
     vertex -1.912396e+01  3.905032e+00  0.000000e+00
     vertex -1.925596e+01  3.887654e+00  1.510000e+00
     vertex -1.912396e+01  3.905032e+00  1.510000e+00
   endloop
 endfacet
 facet normal -3.826834e-01  9.238795e-01  0.000000e+00
   outer loop
     vertex -1.900096e+01  3.955981e+00  0.000000e+00
     vertex -1.912396e+01  3.905032e+00  1.510000e+00
     vertex -1.900096e+01  3.955981e+00  1.510000e+00
   endloop
 endfacet
 facet normal -3.826834e-01  9.238795e-01  0.000000e+00
   outer loop
     vertex -1.900096e+01  3.955981e+00  0.000000e+00
     vertex -1.912396e+01  3.905032e+00  0.000000e+00
     vertex -1.912396e+01  3.905032e+00  1.510000e+00
   endloop
 endfacet
 facet normal -6.087614e-01  7.933533e-01  0.000000e+00
   outer loop
     vertex -1.889533e+01  4.037030e+00  0.000000e+00
     vertex -1.900096e+01  3.955981e+00  1.510000e+00
     vertex -1.889533e+01  4.037030e+00  1.510000e+00
   endloop
 endfacet
 facet normal -6.087614e-01  7.933533e-01  0.000000e+00
   outer loop
     vertex -1.889533e+01  4.037030e+00  0.000000e+00
     vertex -1.900096e+01  3.955981e+00  0.000000e+00
     vertex -1.900096e+01  3.955981e+00  1.510000e+00
   endloop
 endfacet
 facet normal -7.933533e-01  6.087614e-01  0.000000e+00
   outer loop
     vertex -1.881428e+01  4.142654e+00  0.000000e+00
     vertex -1.889533e+01  4.037030e+00  1.510000e+00
     vertex -1.881428e+01  4.142654e+00  1.510000e+00
   endloop
 endfacet
 facet normal -7.933533e-01  6.087614e-01  0.000000e+00
   outer loop
     vertex -1.881428e+01  4.142654e+00  0.000000e+00
     vertex -1.889533e+01  4.037030e+00  0.000000e+00
     vertex -1.889533e+01  4.037030e+00  1.510000e+00
   endloop
 endfacet
 facet normal -9.238795e-01  3.826834e-01  0.000000e+00
   outer loop
     vertex -1.876333e+01  4.265656e+00  0.000000e+00
     vertex -1.881428e+01  4.142654e+00  1.510000e+00
     vertex -1.876333e+01  4.265656e+00  1.510000e+00
   endloop
 endfacet
 facet normal -9.238795e-01  3.826834e-01  0.000000e+00
   outer loop
     vertex -1.876333e+01  4.265656e+00  0.000000e+00
     vertex -1.881428e+01  4.142654e+00  0.000000e+00
     vertex -1.881428e+01  4.142654e+00  1.510000e+00
   endloop
 endfacet
 facet normal -9.914449e-01  1.305262e-01  0.000000e+00
   outer loop
     vertex -1.874596e+01  4.397654e+00  0.000000e+00
     vertex -1.876333e+01  4.265656e+00  1.510000e+00
     vertex -1.874596e+01  4.397654e+00  1.510000e+00
   endloop
 endfacet
 facet normal -9.914449e-01  1.305262e-01  0.000000e+00
   outer loop
     vertex -1.874596e+01  4.397654e+00  0.000000e+00
     vertex -1.876333e+01  4.265656e+00  0.000000e+00
     vertex -1.876333e+01  4.265656e+00  1.510000e+00
   endloop
 endfacet
 facet normal -9.914449e-01 -1.305262e-01  0.000000e+00
   outer loop
     vertex -1.876333e+01  4.529652e+00  0.000000e+00
     vertex -1.874596e+01  4.397654e+00  1.510000e+00
     vertex -1.876333e+01  4.529652e+00  1.510000e+00
   endloop
 endfacet
 facet normal -9.914449e-01 -1.305262e-01  0.000000e+00
   outer loop
     vertex -1.876333e+01  4.529652e+00  0.000000e+00
     vertex -1.874596e+01  4.397654e+00  0.000000e+00
     vertex -1.874596e+01  4.397654e+00  1.510000e+00
   endloop
 endfacet
 facet normal -9.238795e-01 -3.826834e-01  0.000000e+00
   outer loop
     vertex -1.881428e+01  4.652654e+00  0.000000e+00
     vertex -1.876333e+01  4.529652e+00  1.510000e+00
     vertex -1.881428e+01  4.652654e+00  1.510000e+00
   endloop
 endfacet
 facet normal -9.238795e-01 -3.826834e-01  0.000000e+00
   outer loop
     vertex -1.881428e+01  4.652654e+00  0.000000e+00
     vertex -1.876333e+01  4.529652e+00  0.000000e+00
     vertex -1.876333e+01  4.529652e+00  1.510000e+00
   endloop
 endfacet
 facet normal -7.933533e-01 -6.087614e-01  0.000000e+00
   outer loop
     vertex -1.889533e+01  4.758278e+00  0.000000e+00
     vertex -1.881428e+01  4.652654e+00  1.510000e+00
     vertex -1.889533e+01  4.758278e+00  1.510000e+00
   endloop
 endfacet
 facet normal -7.933533e-01 -6.087614e-01  0.000000e+00
   outer loop
     vertex -1.889533e+01  4.758278e+00  0.000000e+00
     vertex -1.881428e+01  4.652654e+00  0.000000e+00
     vertex -1.881428e+01  4.652654e+00  1.510000e+00
   endloop
 endfacet
 facet normal -6.087614e-01 -7.933533e-01  0.000000e+00
   outer loop
     vertex -1.900096e+01  4.839327e+00  0.000000e+00
     vertex -1.889533e+01  4.758278e+00  1.510000e+00
     vertex -1.900096e+01  4.839327e+00  1.510000e+00
   endloop
 endfacet
 facet normal -6.087614e-01 -7.933533e-01  0.000000e+00
   outer loop
     vertex -1.900096e+01  4.839327e+00  0.000000e+00
     vertex -1.889533e+01  4.758278e+00  0.000000e+00
     vertex -1.889533e+01  4.758278e+00  1.510000e+00
   endloop
 endfacet
 facet normal -3.826834e-01 -9.238795e-01  0.000000e+00
   outer loop
     vertex -1.912396e+01  4.890276e+00  0.000000e+00
     vertex -1.900096e+01  4.839327e+00  1.510000e+00
     vertex -1.912396e+01  4.890276e+00  1.510000e+00
   endloop
 endfacet
 facet normal -3.826834e-01 -9.238795e-01  0.000000e+00
   outer loop
     vertex -1.912396e+01  4.890276e+00  0.000000e+00
     vertex -1.900096e+01  4.839327e+00  0.000000e+00
     vertex -1.900096e+01  4.839327e+00  1.510000e+00
   endloop
 endfacet
 facet normal -1.305262e-01 -9.914449e-01  0.000000e+00
   outer loop
     vertex -1.925596e+01  4.907654e+00  0.000000e+00
     vertex -1.912396e+01  4.890276e+00  1.510000e+00
     vertex -1.925596e+01  4.907654e+00  1.510000e+00
   endloop
 endfacet
 facet normal -1.305262e-01 -9.914449e-01  0.000000e+00
   outer loop
     vertex -1.925596e+01  4.907654e+00  0.000000e+00
     vertex -1.912396e+01  4.890276e+00  0.000000e+00
     vertex -1.912396e+01  4.890276e+00  1.510000e+00
   endloop
 endfacet
 facet normal  1.305262e-01 -9.914449e-01  0.000000e+00
   outer loop
     vertex -1.938795e+01  4.890276e+00  0.000000e+00
     vertex -1.925596e+01  4.907654e+00  1.510000e+00
     vertex -1.938795e+01  4.890276e+00  1.510000e+00
   endloop
 endfacet
 facet normal  1.305262e-01 -9.914449e-01  0.000000e+00
   outer loop
     vertex -1.938795e+01  4.890276e+00  0.000000e+00
     vertex -1.925596e+01  4.907654e+00  0.000000e+00
     vertex -1.925596e+01  4.907654e+00  1.510000e+00
   endloop
 endfacet
 facet normal  3.826834e-01 -9.238795e-01  0.000000e+00
   outer loop
     vertex -1.951096e+01  4.839327e+00  0.000000e+00
     vertex -1.938795e+01  4.890276e+00  0.000000e+00
     vertex -1.938795e+01  4.890276e+00  1.510000e+00
   endloop
 endfacet
 facet normal  3.826834e-01 -9.238795e-01  0.000000e+00
   outer loop
     vertex -1.951096e+01  4.839327e+00  0.000000e+00
     vertex -1.938795e+01  4.890276e+00  1.510000e+00
     vertex -1.951096e+01  4.839327e+00  1.510000e+00
   endloop
 endfacet
 facet normal  6.087614e-01 -7.933533e-01  0.000000e+00
   outer loop
     vertex -1.961658e+01  4.758278e+00  0.000000e+00
     vertex -1.951096e+01  4.839327e+00  0.000000e+00
     vertex -1.951096e+01  4.839327e+00  1.510000e+00
   endloop
 endfacet
 facet normal  7.933533e-01 -6.087614e-01  0.000000e+00
   outer loop
     vertex -1.961658e+01  4.758278e+00  0.000000e+00
     vertex -1.961658e+01  4.758278e+00  1.510000e+00
     vertex -1.969763e+01  4.652654e+00  1.510000e+00
   endloop
 endfacet
 facet normal  6.087614e-01 -7.933533e-01  0.000000e+00
   outer loop
     vertex -1.961658e+01  4.758278e+00  0.000000e+00
     vertex -1.951096e+01  4.839327e+00  1.510000e+00
     vertex -1.961658e+01  4.758278e+00  1.510000e+00
   endloop
 endfacet
 facet normal  7.933533e-01 -6.087614e-01  0.000000e+00
   outer loop
     vertex -1.969763e+01  4.652654e+00  0.000000e+00
     vertex -1.961658e+01  4.758278e+00  0.000000e+00
     vertex -1.969763e+01  4.652654e+00  1.510000e+00
   endloop
 endfacet
 facet normal  9.238795e-01 -3.826834e-01  0.000000e+00
   outer loop
     vertex -1.969763e+01  4.652654e+00  0.000000e+00
     vertex -1.969763e+01  4.652654e+00  1.510000e+00
     vertex -1.974858e+01  4.529652e+00  1.510000e+00
   endloop
 endfacet
 facet normal  9.238795e-01 -3.826834e-01  0.000000e+00
   outer loop
     vertex -1.974858e+01  4.529652e+00  0.000000e+00
     vertex -1.969763e+01  4.652654e+00  0.000000e+00
     vertex -1.974858e+01  4.529652e+00  1.510000e+00
   endloop
 endfacet
 facet normal  9.914449e-01 -1.305262e-01  0.000000e+00
   outer loop
     vertex -1.976596e+01  4.397654e+00  0.000000e+00
     vertex -1.974858e+01  4.529652e+00  0.000000e+00
     vertex -1.974858e+01  4.529652e+00  1.510000e+00
   endloop
 endfacet
 facet normal  9.914449e-01 -1.305262e-01  0.000000e+00
   outer loop
     vertex -1.976596e+01  4.397654e+00  0.000000e+00
     vertex -1.974858e+01  4.529652e+00  1.510000e+00
     vertex -1.976596e+01  4.397654e+00  1.510000e+00
   endloop
 endfacet
 facet normal  9.914449e-01  1.305262e-01 -0.000000e+00
   outer loop
     vertex -1.974858e+01  4.265656e+00  0.000000e+00
     vertex -1.976596e+01  4.397654e+00  1.510000e+00
     vertex -1.974858e+01  4.265656e+00  1.510000e+00
   endloop
 endfacet
 facet normal  9.914449e-01  1.305262e-01  0.000000e+00
   outer loop
     vertex -1.974858e+01  4.265656e+00  0.000000e+00
     vertex -1.976596e+01  4.397654e+00  0.000000e+00
     vertex -1.976596e+01  4.397654e+00  1.510000e+00
   endloop
 endfacet
 facet normal  9.238795e-01  3.826834e-01 -0.000000e+00
   outer loop
     vertex -1.969763e+01  4.142654e+00  0.000000e+00
     vertex -1.974858e+01  4.265656e+00  1.510000e+00
     vertex -1.969763e+01  4.142654e+00  1.510000e+00
   endloop
 endfacet
 facet normal  9.238795e-01  3.826834e-01  0.000000e+00
   outer loop
     vertex -1.969763e+01  4.142654e+00  0.000000e+00
     vertex -1.974858e+01  4.265656e+00  0.000000e+00
     vertex -1.974858e+01  4.265656e+00  1.510000e+00
   endloop
 endfacet
 facet normal  6.087614e-01  7.933533e-01 -0.000000e+00
   outer loop
     vertex -1.961658e+01  4.037030e+00  0.000000e+00
     vertex -1.961658e+01  4.037030e+00  1.510000e+00
     vertex -1.951096e+01  3.955981e+00  1.510000e+00
   endloop
 endfacet
 facet normal  7.933533e-01  6.087614e-01 -0.000000e+00
   outer loop
     vertex -1.961658e+01  4.037030e+00  0.000000e+00
     vertex -1.969763e+01  4.142654e+00  1.510000e+00
     vertex -1.961658e+01  4.037030e+00  1.510000e+00
   endloop
 endfacet
 facet normal  7.933533e-01  6.087614e-01  0.000000e+00
   outer loop
     vertex -1.961658e+01  4.037030e+00  0.000000e+00
     vertex -1.969763e+01  4.142654e+00  0.000000e+00
     vertex -1.969763e+01  4.142654e+00  1.510000e+00
   endloop
 endfacet
 facet normal  6.087614e-01  7.933533e-01 -0.000000e+00
   outer loop
     vertex -1.951096e+01  3.955981e+00  0.000000e+00
     vertex -1.961658e+01  4.037030e+00  0.000000e+00
     vertex -1.951096e+01  3.955981e+00  1.510000e+00
   endloop
 endfacet
 facet normal  3.826834e-01  9.238795e-01 -0.000000e+00
   outer loop
     vertex -1.938795e+01  3.905032e+00  0.000000e+00
     vertex -1.951096e+01  3.955981e+00  1.510000e+00
     vertex -1.938795e+01  3.905032e+00  1.510000e+00
   endloop
 endfacet
 facet normal  3.826834e-01  9.238795e-01  0.000000e+00
   outer loop
     vertex -1.938795e+01  3.905032e+00  0.000000e+00
     vertex -1.951096e+01  3.955981e+00  0.000000e+00
     vertex -1.951096e+01  3.955981e+00  1.510000e+00
   endloop
 endfacet
 facet normal  1.305262e-01  9.914449e-01 -0.000000e+00
   outer loop
     vertex -1.925596e+01  3.887654e+00  0.000000e+00
     vertex -1.938795e+01  3.905032e+00  1.510000e+00
     vertex -1.925596e+01  3.887654e+00  1.510000e+00
   endloop
 endfacet
 facet normal  1.305262e-01  9.914449e-01  0.000000e+00
   outer loop
     vertex -1.925596e+01  3.887654e+00  0.000000e+00
     vertex -1.938795e+01  3.905032e+00  0.000000e+00
     vertex -1.938795e+01  3.905032e+00  1.510000e+00
   endloop
 endfacet
 facet normal -1.305262e-01  9.914449e-01  0.000000e+00
   outer loop
     vertex -1.612396e+01  3.905032e+00  0.000000e+00
     vertex -1.625596e+01  3.887654e+00  0.000000e+00
     vertex -1.625596e+01  3.887654e+00  1.510000e+00
   endloop
 endfacet
 facet normal -1.305262e-01  9.914449e-01  0.000000e+00
   outer loop
     vertex -1.612396e+01  3.905032e+00  0.000000e+00
     vertex -1.625596e+01  3.887654e+00  1.510000e+00
     vertex -1.612396e+01  3.905032e+00  1.510000e+00
   endloop
 endfacet
 facet normal -3.826834e-01  9.238795e-01  0.000000e+00
   outer loop
     vertex -1.600096e+01  3.955981e+00  0.000000e+00
     vertex -1.612396e+01  3.905032e+00  1.510000e+00
     vertex -1.600096e+01  3.955981e+00  1.510000e+00
   endloop
 endfacet
 facet normal -3.826834e-01  9.238795e-01  0.000000e+00
   outer loop
     vertex -1.600096e+01  3.955981e+00  0.000000e+00
     vertex -1.612396e+01  3.905032e+00  0.000000e+00
     vertex -1.612396e+01  3.905032e+00  1.510000e+00
   endloop
 endfacet
 facet normal -6.087614e-01  7.933533e-01  0.000000e+00
   outer loop
     vertex -1.589533e+01  4.037030e+00  0.000000e+00
     vertex -1.600096e+01  3.955981e+00  1.510000e+00
     vertex -1.589533e+01  4.037030e+00  1.510000e+00
   endloop
 endfacet
 facet normal -6.087614e-01  7.933533e-01  0.000000e+00
   outer loop
     vertex -1.589533e+01  4.037030e+00  0.000000e+00
     vertex -1.600096e+01  3.955981e+00  0.000000e+00
     vertex -1.600096e+01  3.955981e+00  1.510000e+00
   endloop
 endfacet
 facet normal -7.933533e-01  6.087614e-01  0.000000e+00
   outer loop
     vertex -1.581428e+01  4.142654e+00  0.000000e+00
     vertex -1.589533e+01  4.037030e+00  1.510000e+00
     vertex -1.581428e+01  4.142654e+00  1.510000e+00
   endloop
 endfacet
 facet normal -7.933533e-01  6.087614e-01  0.000000e+00
   outer loop
     vertex -1.581428e+01  4.142654e+00  0.000000e+00
     vertex -1.589533e+01  4.037030e+00  0.000000e+00
     vertex -1.589533e+01  4.037030e+00  1.510000e+00
   endloop
 endfacet
 facet normal -9.238795e-01  3.826834e-01  0.000000e+00
   outer loop
     vertex -1.576333e+01  4.265656e+00  0.000000e+00
     vertex -1.581428e+01  4.142654e+00  1.510000e+00
     vertex -1.576333e+01  4.265656e+00  1.510000e+00
   endloop
 endfacet
 facet normal -9.238795e-01  3.826834e-01  0.000000e+00
   outer loop
     vertex -1.576333e+01  4.265656e+00  0.000000e+00
     vertex -1.581428e+01  4.142654e+00  0.000000e+00
     vertex -1.581428e+01  4.142654e+00  1.510000e+00
   endloop
 endfacet
 facet normal -9.914449e-01  1.305262e-01  0.000000e+00
   outer loop
     vertex -1.574596e+01  4.397654e+00  0.000000e+00
     vertex -1.576333e+01  4.265656e+00  1.510000e+00
     vertex -1.574596e+01  4.397654e+00  1.510000e+00
   endloop
 endfacet
 facet normal -9.914449e-01  1.305262e-01  0.000000e+00
   outer loop
     vertex -1.574596e+01  4.397654e+00  0.000000e+00
     vertex -1.576333e+01  4.265656e+00  0.000000e+00
     vertex -1.576333e+01  4.265656e+00  1.510000e+00
   endloop
 endfacet
 facet normal -9.914449e-01 -1.305262e-01  0.000000e+00
   outer loop
     vertex -1.576333e+01  4.529652e+00  0.000000e+00
     vertex -1.574596e+01  4.397654e+00  1.510000e+00
     vertex -1.576333e+01  4.529652e+00  1.510000e+00
   endloop
 endfacet
 facet normal -9.914449e-01 -1.305262e-01  0.000000e+00
   outer loop
     vertex -1.576333e+01  4.529652e+00  0.000000e+00
     vertex -1.574596e+01  4.397654e+00  0.000000e+00
     vertex -1.574596e+01  4.397654e+00  1.510000e+00
   endloop
 endfacet
 facet normal -9.238795e-01 -3.826834e-01  0.000000e+00
   outer loop
     vertex -1.581428e+01  4.652654e+00  0.000000e+00
     vertex -1.576333e+01  4.529652e+00  1.510000e+00
     vertex -1.581428e+01  4.652654e+00  1.510000e+00
   endloop
 endfacet
 facet normal -9.238795e-01 -3.826834e-01  0.000000e+00
   outer loop
     vertex -1.581428e+01  4.652654e+00  0.000000e+00
     vertex -1.576333e+01  4.529652e+00  0.000000e+00
     vertex -1.576333e+01  4.529652e+00  1.510000e+00
   endloop
 endfacet
 facet normal -7.933533e-01 -6.087614e-01  0.000000e+00
   outer loop
     vertex -1.589533e+01  4.758278e+00  0.000000e+00
     vertex -1.581428e+01  4.652654e+00  1.510000e+00
     vertex -1.589533e+01  4.758278e+00  1.510000e+00
   endloop
 endfacet
 facet normal -7.933533e-01 -6.087614e-01  0.000000e+00
   outer loop
     vertex -1.589533e+01  4.758278e+00  0.000000e+00
     vertex -1.581428e+01  4.652654e+00  0.000000e+00
     vertex -1.581428e+01  4.652654e+00  1.510000e+00
   endloop
 endfacet
 facet normal -6.087614e-01 -7.933533e-01  0.000000e+00
   outer loop
     vertex -1.600096e+01  4.839327e+00  0.000000e+00
     vertex -1.589533e+01  4.758278e+00  1.510000e+00
     vertex -1.600096e+01  4.839327e+00  1.510000e+00
   endloop
 endfacet
 facet normal -6.087614e-01 -7.933533e-01  0.000000e+00
   outer loop
     vertex -1.600096e+01  4.839327e+00  0.000000e+00
     vertex -1.589533e+01  4.758278e+00  0.000000e+00
     vertex -1.589533e+01  4.758278e+00  1.510000e+00
   endloop
 endfacet
 facet normal -3.826834e-01 -9.238795e-01  0.000000e+00
   outer loop
     vertex -1.612396e+01  4.890276e+00  0.000000e+00
     vertex -1.600096e+01  4.839327e+00  1.510000e+00
     vertex -1.612396e+01  4.890276e+00  1.510000e+00
   endloop
 endfacet
 facet normal -3.826834e-01 -9.238795e-01  0.000000e+00
   outer loop
     vertex -1.612396e+01  4.890276e+00  0.000000e+00
     vertex -1.600096e+01  4.839327e+00  0.000000e+00
     vertex -1.600096e+01  4.839327e+00  1.510000e+00
   endloop
 endfacet
 facet normal -1.305262e-01 -9.914449e-01  0.000000e+00
   outer loop
     vertex -1.625596e+01  4.907654e+00  0.000000e+00
     vertex -1.612396e+01  4.890276e+00  1.510000e+00
     vertex -1.625596e+01  4.907654e+00  1.510000e+00
   endloop
 endfacet
 facet normal -1.305262e-01 -9.914449e-01  0.000000e+00
   outer loop
     vertex -1.625596e+01  4.907654e+00  0.000000e+00
     vertex -1.612396e+01  4.890276e+00  0.000000e+00
     vertex -1.612396e+01  4.890276e+00  1.510000e+00
   endloop
 endfacet
 facet normal  1.305262e-01 -9.914449e-01  0.000000e+00
   outer loop
     vertex -1.638795e+01  4.890276e+00  0.000000e+00
     vertex -1.625596e+01  4.907654e+00  1.510000e+00
     vertex -1.638795e+01  4.890276e+00  1.510000e+00
   endloop
 endfacet
 facet normal  1.305262e-01 -9.914449e-01  0.000000e+00
   outer loop
     vertex -1.638795e+01  4.890276e+00  0.000000e+00
     vertex -1.625596e+01  4.907654e+00  0.000000e+00
     vertex -1.625596e+01  4.907654e+00  1.510000e+00
   endloop
 endfacet
 facet normal  3.826834e-01 -9.238795e-01  0.000000e+00
   outer loop
     vertex -1.651096e+01  4.839327e+00  0.000000e+00
     vertex -1.638795e+01  4.890276e+00  0.000000e+00
     vertex -1.638795e+01  4.890276e+00  1.510000e+00
   endloop
 endfacet
 facet normal  3.826834e-01 -9.238795e-01  0.000000e+00
   outer loop
     vertex -1.651096e+01  4.839327e+00  0.000000e+00
     vertex -1.638795e+01  4.890276e+00  1.510000e+00
     vertex -1.651096e+01  4.839327e+00  1.510000e+00
   endloop
 endfacet
 facet normal  6.087614e-01 -7.933533e-01  0.000000e+00
   outer loop
     vertex -1.661658e+01  4.758278e+00  0.000000e+00
     vertex -1.651096e+01  4.839327e+00  0.000000e+00
     vertex -1.651096e+01  4.839327e+00  1.510000e+00
   endloop
 endfacet
 facet normal  7.933533e-01 -6.087614e-01  0.000000e+00
   outer loop
     vertex -1.661658e+01  4.758278e+00  0.000000e+00
     vertex -1.661658e+01  4.758278e+00  1.510000e+00
     vertex -1.669763e+01  4.652654e+00  1.510000e+00
   endloop
 endfacet
 facet normal  6.087614e-01 -7.933533e-01  0.000000e+00
   outer loop
     vertex -1.661658e+01  4.758278e+00  0.000000e+00
     vertex -1.651096e+01  4.839327e+00  1.510000e+00
     vertex -1.661658e+01  4.758278e+00  1.510000e+00
   endloop
 endfacet
 facet normal  7.933533e-01 -6.087614e-01  0.000000e+00
   outer loop
     vertex -1.669763e+01  4.652654e+00  0.000000e+00
     vertex -1.661658e+01  4.758278e+00  0.000000e+00
     vertex -1.669763e+01  4.652654e+00  1.510000e+00
   endloop
 endfacet
 facet normal  9.238795e-01 -3.826834e-01  0.000000e+00
   outer loop
     vertex -1.669763e+01  4.652654e+00  0.000000e+00
     vertex -1.669763e+01  4.652654e+00  1.510000e+00
     vertex -1.674858e+01  4.529652e+00  1.510000e+00
   endloop
 endfacet
 facet normal  9.238795e-01 -3.826834e-01  0.000000e+00
   outer loop
     vertex -1.674858e+01  4.529652e+00  0.000000e+00
     vertex -1.669763e+01  4.652654e+00  0.000000e+00
     vertex -1.674858e+01  4.529652e+00  1.510000e+00
   endloop
 endfacet
 facet normal  9.914449e-01 -1.305262e-01  0.000000e+00
   outer loop
     vertex -1.676596e+01  4.397654e+00  0.000000e+00
     vertex -1.674858e+01  4.529652e+00  0.000000e+00
     vertex -1.674858e+01  4.529652e+00  1.510000e+00
   endloop
 endfacet
 facet normal  9.914449e-01 -1.305262e-01  0.000000e+00
   outer loop
     vertex -1.676596e+01  4.397654e+00  0.000000e+00
     vertex -1.674858e+01  4.529652e+00  1.510000e+00
     vertex -1.676596e+01  4.397654e+00  1.510000e+00
   endloop
 endfacet
 facet normal  9.914449e-01  1.305262e-01 -0.000000e+00
   outer loop
     vertex -1.674858e+01  4.265656e+00  0.000000e+00
     vertex -1.676596e+01  4.397654e+00  1.510000e+00
     vertex -1.674858e+01  4.265656e+00  1.510000e+00
   endloop
 endfacet
 facet normal  9.914449e-01  1.305262e-01  0.000000e+00
   outer loop
     vertex -1.674858e+01  4.265656e+00  0.000000e+00
     vertex -1.676596e+01  4.397654e+00  0.000000e+00
     vertex -1.676596e+01  4.397654e+00  1.510000e+00
   endloop
 endfacet
 facet normal  9.238795e-01  3.826834e-01 -0.000000e+00
   outer loop
     vertex -1.669763e+01  4.142654e+00  0.000000e+00
     vertex -1.674858e+01  4.265656e+00  1.510000e+00
     vertex -1.669763e+01  4.142654e+00  1.510000e+00
   endloop
 endfacet
 facet normal  9.238795e-01  3.826834e-01  0.000000e+00
   outer loop
     vertex -1.669763e+01  4.142654e+00  0.000000e+00
     vertex -1.674858e+01  4.265656e+00  0.000000e+00
     vertex -1.674858e+01  4.265656e+00  1.510000e+00
   endloop
 endfacet
 facet normal  6.087614e-01  7.933533e-01 -0.000000e+00
   outer loop
     vertex -1.661658e+01  4.037030e+00  0.000000e+00
     vertex -1.661658e+01  4.037030e+00  1.510000e+00
     vertex -1.651096e+01  3.955981e+00  1.510000e+00
   endloop
 endfacet
 facet normal  7.933533e-01  6.087614e-01 -0.000000e+00
   outer loop
     vertex -1.661658e+01  4.037030e+00  0.000000e+00
     vertex -1.669763e+01  4.142654e+00  1.510000e+00
     vertex -1.661658e+01  4.037030e+00  1.510000e+00
   endloop
 endfacet
 facet normal  7.933533e-01  6.087614e-01  0.000000e+00
   outer loop
     vertex -1.661658e+01  4.037030e+00  0.000000e+00
     vertex -1.669763e+01  4.142654e+00  0.000000e+00
     vertex -1.669763e+01  4.142654e+00  1.510000e+00
   endloop
 endfacet
 facet normal  6.087614e-01  7.933533e-01 -0.000000e+00
   outer loop
     vertex -1.651096e+01  3.955981e+00  0.000000e+00
     vertex -1.661658e+01  4.037030e+00  0.000000e+00
     vertex -1.651096e+01  3.955981e+00  1.510000e+00
   endloop
 endfacet
 facet normal  3.826834e-01  9.238795e-01 -0.000000e+00
   outer loop
     vertex -1.638795e+01  3.905032e+00  0.000000e+00
     vertex -1.651096e+01  3.955981e+00  1.510000e+00
     vertex -1.638795e+01  3.905032e+00  1.510000e+00
   endloop
 endfacet
 facet normal  3.826834e-01  9.238795e-01  0.000000e+00
   outer loop
     vertex -1.638795e+01  3.905032e+00  0.000000e+00
     vertex -1.651096e+01  3.955981e+00  0.000000e+00
     vertex -1.651096e+01  3.955981e+00  1.510000e+00
   endloop
 endfacet
 facet normal  1.305262e-01  9.914449e-01 -0.000000e+00
   outer loop
     vertex -1.625596e+01  3.887654e+00  0.000000e+00
     vertex -1.638795e+01  3.905032e+00  1.510000e+00
     vertex -1.625596e+01  3.887654e+00  1.510000e+00
   endloop
 endfacet
 facet normal  1.305262e-01  9.914449e-01  0.000000e+00
   outer loop
     vertex -1.625596e+01  3.887654e+00  0.000000e+00
     vertex -1.638795e+01  3.905032e+00  0.000000e+00
     vertex -1.638795e+01  3.905032e+00  1.510000e+00
   endloop
 endfacet
 facet normal -1.305262e-01  9.914449e-01  0.000000e+00
   outer loop
     vertex -1.886773e+01  7.268765e+00  0.000000e+00
     vertex -1.925596e+01  7.217654e+00  0.000000e+00
     vertex -1.925596e+01  7.217654e+00  1.510000e+00
   endloop
 endfacet
 facet normal -1.305262e-01  9.914449e-01  0.000000e+00
   outer loop
     vertex -1.886773e+01  7.268765e+00  0.000000e+00
     vertex -1.925596e+01  7.217654e+00  1.510000e+00
     vertex -1.886773e+01  7.268765e+00  1.510000e+00
   endloop
 endfacet
 facet normal -3.826834e-01  9.238795e-01  0.000000e+00
   outer loop
     vertex -1.850596e+01  7.418616e+00  0.000000e+00
     vertex -1.886773e+01  7.268765e+00  1.510000e+00
     vertex -1.850596e+01  7.418616e+00  1.510000e+00
   endloop
 endfacet
 facet normal -3.826834e-01  9.238795e-01  0.000000e+00
   outer loop
     vertex -1.850596e+01  7.418616e+00  0.000000e+00
     vertex -1.886773e+01  7.268765e+00  0.000000e+00
     vertex -1.886773e+01  7.268765e+00  1.510000e+00
   endloop
 endfacet
 facet normal -6.087614e-01  7.933533e-01  0.000000e+00
   outer loop
     vertex -1.819530e+01  7.656994e+00  0.000000e+00
     vertex -1.850596e+01  7.418616e+00  1.510000e+00
     vertex -1.819530e+01  7.656994e+00  1.510000e+00
   endloop
 endfacet
 facet normal -6.087614e-01  7.933533e-01  0.000000e+00
   outer loop
     vertex -1.819530e+01  7.656994e+00  0.000000e+00
     vertex -1.850596e+01  7.418616e+00  0.000000e+00
     vertex -1.850596e+01  7.418616e+00  1.510000e+00
   endloop
 endfacet
 facet normal -7.933533e-01  6.087614e-01  0.000000e+00
   outer loop
     vertex -1.795692e+01  7.967654e+00  0.000000e+00
     vertex -1.819530e+01  7.656994e+00  1.510000e+00
     vertex -1.795692e+01  7.967654e+00  1.510000e+00
   endloop
 endfacet
 facet normal -7.933533e-01  6.087614e-01  0.000000e+00
   outer loop
     vertex -1.795692e+01  7.967654e+00  0.000000e+00
     vertex -1.819530e+01  7.656994e+00  0.000000e+00
     vertex -1.819530e+01  7.656994e+00  1.510000e+00
   endloop
 endfacet
 facet normal -9.238795e-01  3.826834e-01  0.000000e+00
   outer loop
     vertex -1.780707e+01  8.329425e+00  0.000000e+00
     vertex -1.795692e+01  7.967654e+00  1.510000e+00
     vertex -1.780707e+01  8.329425e+00  1.510000e+00
   endloop
 endfacet
 facet normal -9.238795e-01  3.826834e-01  0.000000e+00
   outer loop
     vertex -1.780707e+01  8.329425e+00  0.000000e+00
     vertex -1.795692e+01  7.967654e+00  0.000000e+00
     vertex -1.795692e+01  7.967654e+00  1.510000e+00
   endloop
 endfacet
 facet normal -9.914449e-01  1.305262e-01  0.000000e+00
   outer loop
     vertex -1.775596e+01  8.717654e+00  0.000000e+00
     vertex -1.780707e+01  8.329425e+00  1.510000e+00
     vertex -1.775596e+01  8.717654e+00  1.510000e+00
   endloop
 endfacet
 facet normal -9.914449e-01  1.305262e-01  0.000000e+00
   outer loop
     vertex -1.775596e+01  8.717654e+00  0.000000e+00
     vertex -1.780707e+01  8.329425e+00  0.000000e+00
     vertex -1.780707e+01  8.329425e+00  1.510000e+00
   endloop
 endfacet
 facet normal -9.914449e-01 -1.305262e-01  0.000000e+00
   outer loop
     vertex -1.780707e+01  9.105883e+00  0.000000e+00
     vertex -1.775596e+01  8.717654e+00  1.510000e+00
     vertex -1.780707e+01  9.105883e+00  1.510000e+00
   endloop
 endfacet
 facet normal -9.914449e-01 -1.305262e-01  0.000000e+00
   outer loop
     vertex -1.780707e+01  9.105883e+00  0.000000e+00
     vertex -1.775596e+01  8.717654e+00  0.000000e+00
     vertex -1.775596e+01  8.717654e+00  1.510000e+00
   endloop
 endfacet
 facet normal -9.238795e-01 -3.826834e-01  0.000000e+00
   outer loop
     vertex -1.795692e+01  9.467654e+00  0.000000e+00
     vertex -1.780707e+01  9.105883e+00  1.510000e+00
     vertex -1.795692e+01  9.467654e+00  1.510000e+00
   endloop
 endfacet
 facet normal -9.238795e-01 -3.826834e-01  0.000000e+00
   outer loop
     vertex -1.795692e+01  9.467654e+00  0.000000e+00
     vertex -1.780707e+01  9.105883e+00  0.000000e+00
     vertex -1.780707e+01  9.105883e+00  1.510000e+00
   endloop
 endfacet
 facet normal -7.933533e-01 -6.087614e-01  0.000000e+00
   outer loop
     vertex -1.819530e+01  9.778314e+00  0.000000e+00
     vertex -1.795692e+01  9.467654e+00  1.510000e+00
     vertex -1.819530e+01  9.778314e+00  1.510000e+00
   endloop
 endfacet
 facet normal -7.933533e-01 -6.087614e-01  0.000000e+00
   outer loop
     vertex -1.819530e+01  9.778314e+00  0.000000e+00
     vertex -1.795692e+01  9.467654e+00  0.000000e+00
     vertex -1.795692e+01  9.467654e+00  1.510000e+00
   endloop
 endfacet
 facet normal -6.087614e-01 -7.933533e-01  0.000000e+00
   outer loop
     vertex -1.850596e+01  1.001669e+01  0.000000e+00
     vertex -1.819530e+01  9.778314e+00  1.510000e+00
     vertex -1.850596e+01  1.001669e+01  1.510000e+00
   endloop
 endfacet
 facet normal -6.087614e-01 -7.933533e-01  0.000000e+00
   outer loop
     vertex -1.850596e+01  1.001669e+01  0.000000e+00
     vertex -1.819530e+01  9.778314e+00  0.000000e+00
     vertex -1.819530e+01  9.778314e+00  1.510000e+00
   endloop
 endfacet
 facet normal -3.826834e-01 -9.238795e-01  0.000000e+00
   outer loop
     vertex -1.886773e+01  1.016654e+01  0.000000e+00
     vertex -1.850596e+01  1.001669e+01  1.510000e+00
     vertex -1.886773e+01  1.016654e+01  1.510000e+00
   endloop
 endfacet
 facet normal -3.826834e-01 -9.238795e-01  0.000000e+00
   outer loop
     vertex -1.886773e+01  1.016654e+01  0.000000e+00
     vertex -1.850596e+01  1.001669e+01  0.000000e+00
     vertex -1.850596e+01  1.001669e+01  1.510000e+00
   endloop
 endfacet
 facet normal -1.305262e-01 -9.914449e-01  0.000000e+00
   outer loop
     vertex -1.925596e+01  1.021765e+01  0.000000e+00
     vertex -1.886773e+01  1.016654e+01  1.510000e+00
     vertex -1.925596e+01  1.021765e+01  1.510000e+00
   endloop
 endfacet
 facet normal -1.305262e-01 -9.914449e-01  0.000000e+00
   outer loop
     vertex -1.925596e+01  1.021765e+01  0.000000e+00
     vertex -1.886773e+01  1.016654e+01  0.000000e+00
     vertex -1.886773e+01  1.016654e+01  1.510000e+00
   endloop
 endfacet
 facet normal  1.305262e-01 -9.914449e-01  0.000000e+00
   outer loop
     vertex -1.964418e+01  1.016654e+01  0.000000e+00
     vertex -1.925596e+01  1.021765e+01  1.510000e+00
     vertex -1.964418e+01  1.016654e+01  1.510000e+00
   endloop
 endfacet
 facet normal  1.305262e-01 -9.914449e-01  0.000000e+00
   outer loop
     vertex -1.964418e+01  1.016654e+01  0.000000e+00
     vertex -1.925596e+01  1.021765e+01  0.000000e+00
     vertex -1.925596e+01  1.021765e+01  1.510000e+00
   endloop
 endfacet
 facet normal  3.826834e-01 -9.238795e-01  0.000000e+00
   outer loop
     vertex -2.000596e+01  1.001669e+01  0.000000e+00
     vertex -1.964418e+01  1.016654e+01  0.000000e+00
     vertex -1.964418e+01  1.016654e+01  1.510000e+00
   endloop
 endfacet
 facet normal  3.826834e-01 -9.238795e-01  0.000000e+00
   outer loop
     vertex -2.000596e+01  1.001669e+01  0.000000e+00
     vertex -1.964418e+01  1.016654e+01  1.510000e+00
     vertex -2.000596e+01  1.001669e+01  1.510000e+00
   endloop
 endfacet
 facet normal  6.087614e-01 -7.933533e-01  0.000000e+00
   outer loop
     vertex -2.031662e+01  9.778314e+00  0.000000e+00
     vertex -2.000596e+01  1.001669e+01  0.000000e+00
     vertex -2.000596e+01  1.001669e+01  1.510000e+00
   endloop
 endfacet
 facet normal  7.933533e-01 -6.087614e-01  0.000000e+00
   outer loop
     vertex -2.031662e+01  9.778314e+00  0.000000e+00
     vertex -2.031662e+01  9.778314e+00  1.510000e+00
     vertex -2.055499e+01  9.467654e+00  1.510000e+00
   endloop
 endfacet
 facet normal  6.087614e-01 -7.933533e-01  0.000000e+00
   outer loop
     vertex -2.031662e+01  9.778314e+00  0.000000e+00
     vertex -2.000596e+01  1.001669e+01  1.510000e+00
     vertex -2.031662e+01  9.778314e+00  1.510000e+00
   endloop
 endfacet
 facet normal  7.933533e-01 -6.087614e-01  0.000000e+00
   outer loop
     vertex -2.055499e+01  9.467654e+00  0.000000e+00
     vertex -2.031662e+01  9.778314e+00  0.000000e+00
     vertex -2.055499e+01  9.467654e+00  1.510000e+00
   endloop
 endfacet
 facet normal  9.238795e-01 -3.826834e-01  0.000000e+00
   outer loop
     vertex -2.055499e+01  9.467654e+00  0.000000e+00
     vertex -2.055499e+01  9.467654e+00  1.510000e+00
     vertex -2.070484e+01  9.105883e+00  1.510000e+00
   endloop
 endfacet
 facet normal  9.238795e-01 -3.826834e-01  0.000000e+00
   outer loop
     vertex -2.070484e+01  9.105883e+00  0.000000e+00
     vertex -2.055499e+01  9.467654e+00  0.000000e+00
     vertex -2.070484e+01  9.105883e+00  1.510000e+00
   endloop
 endfacet
 facet normal  9.914449e-01 -1.305262e-01  0.000000e+00
   outer loop
     vertex -2.075596e+01  8.717654e+00  0.000000e+00
     vertex -2.070484e+01  9.105883e+00  0.000000e+00
     vertex -2.070484e+01  9.105883e+00  1.510000e+00
   endloop
 endfacet
 facet normal  9.914449e-01 -1.305262e-01  0.000000e+00
   outer loop
     vertex -2.075596e+01  8.717654e+00  0.000000e+00
     vertex -2.070484e+01  9.105883e+00  1.510000e+00
     vertex -2.075596e+01  8.717654e+00  1.510000e+00
   endloop
 endfacet
 facet normal  9.914449e-01  1.305262e-01 -0.000000e+00
   outer loop
     vertex -2.070484e+01  8.329425e+00  0.000000e+00
     vertex -2.075596e+01  8.717654e+00  1.510000e+00
     vertex -2.070484e+01  8.329425e+00  1.510000e+00
   endloop
 endfacet
 facet normal  9.914449e-01  1.305262e-01  0.000000e+00
   outer loop
     vertex -2.070484e+01  8.329425e+00  0.000000e+00
     vertex -2.075596e+01  8.717654e+00  0.000000e+00
     vertex -2.075596e+01  8.717654e+00  1.510000e+00
   endloop
 endfacet
 facet normal  9.238795e-01  3.826834e-01 -0.000000e+00
   outer loop
     vertex -2.055499e+01  7.967654e+00  0.000000e+00
     vertex -2.070484e+01  8.329425e+00  1.510000e+00
     vertex -2.055499e+01  7.967654e+00  1.510000e+00
   endloop
 endfacet
 facet normal  9.238795e-01  3.826834e-01  0.000000e+00
   outer loop
     vertex -2.055499e+01  7.967654e+00  0.000000e+00
     vertex -2.070484e+01  8.329425e+00  0.000000e+00
     vertex -2.070484e+01  8.329425e+00  1.510000e+00
   endloop
 endfacet
 facet normal  6.087614e-01  7.933533e-01 -0.000000e+00
   outer loop
     vertex -2.031662e+01  7.656994e+00  0.000000e+00
     vertex -2.031662e+01  7.656994e+00  1.510000e+00
     vertex -2.000596e+01  7.418616e+00  1.510000e+00
   endloop
 endfacet
 facet normal  7.933533e-01  6.087614e-01 -0.000000e+00
   outer loop
     vertex -2.031662e+01  7.656994e+00  0.000000e+00
     vertex -2.055499e+01  7.967654e+00  1.510000e+00
     vertex -2.031662e+01  7.656994e+00  1.510000e+00
   endloop
 endfacet
 facet normal  7.933533e-01  6.087614e-01  0.000000e+00
   outer loop
     vertex -2.031662e+01  7.656994e+00  0.000000e+00
     vertex -2.055499e+01  7.967654e+00  0.000000e+00
     vertex -2.055499e+01  7.967654e+00  1.510000e+00
   endloop
 endfacet
 facet normal  6.087614e-01  7.933533e-01 -0.000000e+00
   outer loop
     vertex -2.000596e+01  7.418616e+00  0.000000e+00
     vertex -2.031662e+01  7.656994e+00  0.000000e+00
     vertex -2.000596e+01  7.418616e+00  1.510000e+00
   endloop
 endfacet
 facet normal  3.826834e-01  9.238795e-01 -0.000000e+00
   outer loop
     vertex -1.964418e+01  7.268765e+00  0.000000e+00
     vertex -2.000596e+01  7.418616e+00  1.510000e+00
     vertex -1.964418e+01  7.268765e+00  1.510000e+00
   endloop
 endfacet
 facet normal  3.826834e-01  9.238795e-01  0.000000e+00
   outer loop
     vertex -1.964418e+01  7.268765e+00  0.000000e+00
     vertex -2.000596e+01  7.418616e+00  0.000000e+00
     vertex -2.000596e+01  7.418616e+00  1.510000e+00
   endloop
 endfacet
 facet normal  1.305262e-01  9.914449e-01 -0.000000e+00
   outer loop
     vertex -1.925596e+01  7.217654e+00  0.000000e+00
     vertex -1.964418e+01  7.268765e+00  1.510000e+00
     vertex -1.925596e+01  7.217654e+00  1.510000e+00
   endloop
 endfacet
 facet normal  1.305262e-01  9.914449e-01  0.000000e+00
   outer loop
     vertex -1.925596e+01  7.217654e+00  0.000000e+00
     vertex -1.964418e+01  7.268765e+00  0.000000e+00
     vertex -1.964418e+01  7.268765e+00  1.510000e+00
   endloop
 endfacet
 facet normal -1.305262e-01  9.914449e-01  0.000000e+00
   outer loop
     vertex  1.227604e+01  8.700318e-01  0.000000e+00
     vertex  1.214404e+01  8.526540e-01  0.000000e+00
     vertex  1.214404e+01  8.526540e-01  1.510000e+00
   endloop
 endfacet
 facet normal -1.305262e-01  9.914449e-01  0.000000e+00
   outer loop
     vertex  1.227604e+01  8.700318e-01  0.000000e+00
     vertex  1.214404e+01  8.526540e-01  1.510000e+00
     vertex  1.227604e+01  8.700318e-01  1.510000e+00
   endloop
 endfacet
 facet normal -3.826834e-01  9.238795e-01  0.000000e+00
   outer loop
     vertex  1.239904e+01  9.209810e-01  0.000000e+00
     vertex  1.227604e+01  8.700318e-01  1.510000e+00
     vertex  1.239904e+01  9.209810e-01  1.510000e+00
   endloop
 endfacet
 facet normal -3.826834e-01  9.238795e-01  0.000000e+00
   outer loop
     vertex  1.239904e+01  9.209810e-01  0.000000e+00
     vertex  1.227604e+01  8.700318e-01  0.000000e+00
     vertex  1.227604e+01  8.700318e-01  1.510000e+00
   endloop
 endfacet
 facet normal -6.087614e-01  7.933533e-01  0.000000e+00
   outer loop
     vertex  1.250467e+01  1.002030e+00  0.000000e+00
     vertex  1.239904e+01  9.209810e-01  1.510000e+00
     vertex  1.250467e+01  1.002030e+00  1.510000e+00
   endloop
 endfacet
 facet normal -6.087614e-01  7.933533e-01  0.000000e+00
   outer loop
     vertex  1.250467e+01  1.002030e+00  0.000000e+00
     vertex  1.239904e+01  9.209810e-01  0.000000e+00
     vertex  1.239904e+01  9.209810e-01  1.510000e+00
   endloop
 endfacet
 facet normal -7.933533e-01  6.087614e-01  0.000000e+00
   outer loop
     vertex  1.258572e+01  1.107654e+00  0.000000e+00
     vertex  1.250467e+01  1.002030e+00  1.510000e+00
     vertex  1.258572e+01  1.107654e+00  1.510000e+00
   endloop
 endfacet
 facet normal -7.933533e-01  6.087614e-01  0.000000e+00
   outer loop
     vertex  1.258572e+01  1.107654e+00  0.000000e+00
     vertex  1.250467e+01  1.002030e+00  0.000000e+00
     vertex  1.250467e+01  1.002030e+00  1.510000e+00
   endloop
 endfacet
 facet normal -9.238795e-01  3.826834e-01  0.000000e+00
   outer loop
     vertex  1.263667e+01  1.230656e+00  0.000000e+00
     vertex  1.258572e+01  1.107654e+00  1.510000e+00
     vertex  1.263667e+01  1.230656e+00  1.510000e+00
   endloop
 endfacet
 facet normal -9.238795e-01  3.826834e-01  0.000000e+00
   outer loop
     vertex  1.263667e+01  1.230656e+00  0.000000e+00
     vertex  1.258572e+01  1.107654e+00  0.000000e+00
     vertex  1.258572e+01  1.107654e+00  1.510000e+00
   endloop
 endfacet
 facet normal -9.914449e-01  1.305262e-01  0.000000e+00
   outer loop
     vertex  1.265404e+01  1.362654e+00  0.000000e+00
     vertex  1.263667e+01  1.230656e+00  1.510000e+00
     vertex  1.265404e+01  1.362654e+00  1.510000e+00
   endloop
 endfacet
 facet normal -9.914449e-01  1.305262e-01  0.000000e+00
   outer loop
     vertex  1.265404e+01  1.362654e+00  0.000000e+00
     vertex  1.263667e+01  1.230656e+00  0.000000e+00
     vertex  1.263667e+01  1.230656e+00  1.510000e+00
   endloop
 endfacet
 facet normal -9.914449e-01 -1.305262e-01  0.000000e+00
   outer loop
     vertex  1.263667e+01  1.494652e+00  0.000000e+00
     vertex  1.265404e+01  1.362654e+00  1.510000e+00
     vertex  1.263667e+01  1.494652e+00  1.510000e+00
   endloop
 endfacet
 facet normal -9.914449e-01 -1.305262e-01  0.000000e+00
   outer loop
     vertex  1.263667e+01  1.494652e+00  0.000000e+00
     vertex  1.265404e+01  1.362654e+00  0.000000e+00
     vertex  1.265404e+01  1.362654e+00  1.510000e+00
   endloop
 endfacet
 facet normal -9.238795e-01 -3.826834e-01  0.000000e+00
   outer loop
     vertex  1.258572e+01  1.617654e+00  0.000000e+00
     vertex  1.263667e+01  1.494652e+00  1.510000e+00
     vertex  1.258572e+01  1.617654e+00  1.510000e+00
   endloop
 endfacet
 facet normal -9.238795e-01 -3.826834e-01  0.000000e+00
   outer loop
     vertex  1.258572e+01  1.617654e+00  0.000000e+00
     vertex  1.263667e+01  1.494652e+00  0.000000e+00
     vertex  1.263667e+01  1.494652e+00  1.510000e+00
   endloop
 endfacet
 facet normal -7.933533e-01 -6.087614e-01  0.000000e+00
   outer loop
     vertex  1.250467e+01  1.723278e+00  0.000000e+00
     vertex  1.258572e+01  1.617654e+00  1.510000e+00
     vertex  1.250467e+01  1.723278e+00  1.510000e+00
   endloop
 endfacet
 facet normal -7.933533e-01 -6.087614e-01  0.000000e+00
   outer loop
     vertex  1.250467e+01  1.723278e+00  0.000000e+00
     vertex  1.258572e+01  1.617654e+00  0.000000e+00
     vertex  1.258572e+01  1.617654e+00  1.510000e+00
   endloop
 endfacet
 facet normal -6.087614e-01 -7.933533e-01  0.000000e+00
   outer loop
     vertex  1.239904e+01  1.804327e+00  0.000000e+00
     vertex  1.250467e+01  1.723278e+00  1.510000e+00
     vertex  1.239904e+01  1.804327e+00  1.510000e+00
   endloop
 endfacet
 facet normal -6.087614e-01 -7.933533e-01  0.000000e+00
   outer loop
     vertex  1.239904e+01  1.804327e+00  0.000000e+00
     vertex  1.250467e+01  1.723278e+00  0.000000e+00
     vertex  1.250467e+01  1.723278e+00  1.510000e+00
   endloop
 endfacet
 facet normal -3.826834e-01 -9.238795e-01  0.000000e+00
   outer loop
     vertex  1.227604e+01  1.855276e+00  0.000000e+00
     vertex  1.239904e+01  1.804327e+00  1.510000e+00
     vertex  1.227604e+01  1.855276e+00  1.510000e+00
   endloop
 endfacet
 facet normal -3.826834e-01 -9.238795e-01  0.000000e+00
   outer loop
     vertex  1.227604e+01  1.855276e+00  0.000000e+00
     vertex  1.239904e+01  1.804327e+00  0.000000e+00
     vertex  1.239904e+01  1.804327e+00  1.510000e+00
   endloop
 endfacet
 facet normal -1.305262e-01 -9.914449e-01  0.000000e+00
   outer loop
     vertex  1.214404e+01  1.872654e+00  0.000000e+00
     vertex  1.227604e+01  1.855276e+00  1.510000e+00
     vertex  1.214404e+01  1.872654e+00  1.510000e+00
   endloop
 endfacet
 facet normal -1.305262e-01 -9.914449e-01  0.000000e+00
   outer loop
     vertex  1.214404e+01  1.872654e+00  0.000000e+00
     vertex  1.227604e+01  1.855276e+00  0.000000e+00
     vertex  1.227604e+01  1.855276e+00  1.510000e+00
   endloop
 endfacet
 facet normal  1.305262e-01 -9.914449e-01  0.000000e+00
   outer loop
     vertex  1.201205e+01  1.855276e+00  0.000000e+00
     vertex  1.214404e+01  1.872654e+00  1.510000e+00
     vertex  1.201205e+01  1.855276e+00  1.510000e+00
   endloop
 endfacet
 facet normal  1.305262e-01 -9.914449e-01  0.000000e+00
   outer loop
     vertex  1.201205e+01  1.855276e+00  0.000000e+00
     vertex  1.214404e+01  1.872654e+00  0.000000e+00
     vertex  1.214404e+01  1.872654e+00  1.510000e+00
   endloop
 endfacet
 facet normal  3.826834e-01 -9.238795e-01  0.000000e+00
   outer loop
     vertex  1.188904e+01  1.804327e+00  0.000000e+00
     vertex  1.201205e+01  1.855276e+00  0.000000e+00
     vertex  1.201205e+01  1.855276e+00  1.510000e+00
   endloop
 endfacet
 facet normal  3.826834e-01 -9.238795e-01  0.000000e+00
   outer loop
     vertex  1.188904e+01  1.804327e+00  0.000000e+00
     vertex  1.201205e+01  1.855276e+00  1.510000e+00
     vertex  1.188904e+01  1.804327e+00  1.510000e+00
   endloop
 endfacet
 facet normal  6.087614e-01 -7.933533e-01  0.000000e+00
   outer loop
     vertex  1.178342e+01  1.723278e+00  0.000000e+00
     vertex  1.188904e+01  1.804327e+00  0.000000e+00
     vertex  1.188904e+01  1.804327e+00  1.510000e+00
   endloop
 endfacet
 facet normal  7.933533e-01 -6.087614e-01  0.000000e+00
   outer loop
     vertex  1.178342e+01  1.723278e+00  0.000000e+00
     vertex  1.178342e+01  1.723278e+00  1.510000e+00
     vertex  1.170237e+01  1.617654e+00  1.510000e+00
   endloop
 endfacet
 facet normal  6.087614e-01 -7.933533e-01  0.000000e+00
   outer loop
     vertex  1.178342e+01  1.723278e+00  0.000000e+00
     vertex  1.188904e+01  1.804327e+00  1.510000e+00
     vertex  1.178342e+01  1.723278e+00  1.510000e+00
   endloop
 endfacet
 facet normal  7.933533e-01 -6.087614e-01  0.000000e+00
   outer loop
     vertex  1.170237e+01  1.617654e+00  0.000000e+00
     vertex  1.178342e+01  1.723278e+00  0.000000e+00
     vertex  1.170237e+01  1.617654e+00  1.510000e+00
   endloop
 endfacet
 facet normal  9.238795e-01 -3.826834e-01  0.000000e+00
   outer loop
     vertex  1.170237e+01  1.617654e+00  0.000000e+00
     vertex  1.170237e+01  1.617654e+00  1.510000e+00
     vertex  1.165142e+01  1.494652e+00  1.510000e+00
   endloop
 endfacet
 facet normal  9.238795e-01 -3.826834e-01  0.000000e+00
   outer loop
     vertex  1.165142e+01  1.494652e+00  0.000000e+00
     vertex  1.170237e+01  1.617654e+00  0.000000e+00
     vertex  1.165142e+01  1.494652e+00  1.510000e+00
   endloop
 endfacet
 facet normal  9.914449e-01 -1.305262e-01  0.000000e+00
   outer loop
     vertex  1.163404e+01  1.362654e+00  0.000000e+00
     vertex  1.165142e+01  1.494652e+00  0.000000e+00
     vertex  1.165142e+01  1.494652e+00  1.510000e+00
   endloop
 endfacet
 facet normal  9.914449e-01 -1.305262e-01  0.000000e+00
   outer loop
     vertex  1.163404e+01  1.362654e+00  0.000000e+00
     vertex  1.165142e+01  1.494652e+00  1.510000e+00
     vertex  1.163404e+01  1.362654e+00  1.510000e+00
   endloop
 endfacet
 facet normal  9.914449e-01  1.305262e-01 -0.000000e+00
   outer loop
     vertex  1.165142e+01  1.230656e+00  0.000000e+00
     vertex  1.163404e+01  1.362654e+00  1.510000e+00
     vertex  1.165142e+01  1.230656e+00  1.510000e+00
   endloop
 endfacet
 facet normal  9.914449e-01  1.305262e-01  0.000000e+00
   outer loop
     vertex  1.165142e+01  1.230656e+00  0.000000e+00
     vertex  1.163404e+01  1.362654e+00  0.000000e+00
     vertex  1.163404e+01  1.362654e+00  1.510000e+00
   endloop
 endfacet
 facet normal  9.238795e-01  3.826834e-01 -0.000000e+00
   outer loop
     vertex  1.170237e+01  1.107654e+00  0.000000e+00
     vertex  1.165142e+01  1.230656e+00  1.510000e+00
     vertex  1.170237e+01  1.107654e+00  1.510000e+00
   endloop
 endfacet
 facet normal  9.238795e-01  3.826834e-01  0.000000e+00
   outer loop
     vertex  1.170237e+01  1.107654e+00  0.000000e+00
     vertex  1.165142e+01  1.230656e+00  0.000000e+00
     vertex  1.165142e+01  1.230656e+00  1.510000e+00
   endloop
 endfacet
 facet normal  6.087614e-01  7.933533e-01 -0.000000e+00
   outer loop
     vertex  1.178342e+01  1.002030e+00  0.000000e+00
     vertex  1.178342e+01  1.002030e+00  1.510000e+00
     vertex  1.188904e+01  9.209810e-01  1.510000e+00
   endloop
 endfacet
 facet normal  7.933533e-01  6.087614e-01 -0.000000e+00
   outer loop
     vertex  1.178342e+01  1.002030e+00  0.000000e+00
     vertex  1.170237e+01  1.107654e+00  1.510000e+00
     vertex  1.178342e+01  1.002030e+00  1.510000e+00
   endloop
 endfacet
 facet normal  7.933533e-01  6.087614e-01  0.000000e+00
   outer loop
     vertex  1.178342e+01  1.002030e+00  0.000000e+00
     vertex  1.170237e+01  1.107654e+00  0.000000e+00
     vertex  1.170237e+01  1.107654e+00  1.510000e+00
   endloop
 endfacet
 facet normal  6.087614e-01  7.933533e-01 -0.000000e+00
   outer loop
     vertex  1.188904e+01  9.209810e-01  0.000000e+00
     vertex  1.178342e+01  1.002030e+00  0.000000e+00
     vertex  1.188904e+01  9.209810e-01  1.510000e+00
   endloop
 endfacet
 facet normal  3.826834e-01  9.238795e-01 -0.000000e+00
   outer loop
     vertex  1.201205e+01  8.700318e-01  0.000000e+00
     vertex  1.188904e+01  9.209810e-01  1.510000e+00
     vertex  1.201205e+01  8.700318e-01  1.510000e+00
   endloop
 endfacet
 facet normal  3.826834e-01  9.238795e-01  0.000000e+00
   outer loop
     vertex  1.201205e+01  8.700318e-01  0.000000e+00
     vertex  1.188904e+01  9.209810e-01  0.000000e+00
     vertex  1.188904e+01  9.209810e-01  1.510000e+00
   endloop
 endfacet
 facet normal  1.305262e-01  9.914449e-01 -0.000000e+00
   outer loop
     vertex  1.214404e+01  8.526540e-01  0.000000e+00
     vertex  1.201205e+01  8.700318e-01  1.510000e+00
     vertex  1.214404e+01  8.526540e-01  1.510000e+00
   endloop
 endfacet
 facet normal  1.305262e-01  9.914449e-01  0.000000e+00
   outer loop
     vertex  1.214404e+01  8.526540e-01  0.000000e+00
     vertex  1.201205e+01  8.700318e-01  0.000000e+00
     vertex  1.201205e+01  8.700318e-01  1.510000e+00
   endloop
 endfacet
 facet normal -1.305262e-01  9.914449e-01  0.000000e+00
   outer loop
     vertex  1.527604e+01  8.700318e-01  0.000000e+00
     vertex  1.514404e+01  8.526540e-01  0.000000e+00
     vertex  1.514404e+01  8.526540e-01  1.510000e+00
   endloop
 endfacet
 facet normal -1.305262e-01  9.914449e-01  0.000000e+00
   outer loop
     vertex  1.527604e+01  8.700318e-01  0.000000e+00
     vertex  1.514404e+01  8.526540e-01  1.510000e+00
     vertex  1.527604e+01  8.700318e-01  1.510000e+00
   endloop
 endfacet
 facet normal -3.826834e-01  9.238795e-01  0.000000e+00
   outer loop
     vertex  1.539904e+01  9.209810e-01  0.000000e+00
     vertex  1.527604e+01  8.700318e-01  1.510000e+00
     vertex  1.539904e+01  9.209810e-01  1.510000e+00
   endloop
 endfacet
 facet normal -3.826834e-01  9.238795e-01  0.000000e+00
   outer loop
     vertex  1.539904e+01  9.209810e-01  0.000000e+00
     vertex  1.527604e+01  8.700318e-01  0.000000e+00
     vertex  1.527604e+01  8.700318e-01  1.510000e+00
   endloop
 endfacet
 facet normal -6.087614e-01  7.933533e-01  0.000000e+00
   outer loop
     vertex  1.550467e+01  1.002030e+00  0.000000e+00
     vertex  1.539904e+01  9.209810e-01  1.510000e+00
     vertex  1.550467e+01  1.002030e+00  1.510000e+00
   endloop
 endfacet
 facet normal -6.087614e-01  7.933533e-01  0.000000e+00
   outer loop
     vertex  1.550467e+01  1.002030e+00  0.000000e+00
     vertex  1.539904e+01  9.209810e-01  0.000000e+00
     vertex  1.539904e+01  9.209810e-01  1.510000e+00
   endloop
 endfacet
 facet normal -7.933533e-01  6.087614e-01  0.000000e+00
   outer loop
     vertex  1.558572e+01  1.107654e+00  0.000000e+00
     vertex  1.550467e+01  1.002030e+00  1.510000e+00
     vertex  1.558572e+01  1.107654e+00  1.510000e+00
   endloop
 endfacet
 facet normal -7.933533e-01  6.087614e-01  0.000000e+00
   outer loop
     vertex  1.558572e+01  1.107654e+00  0.000000e+00
     vertex  1.550467e+01  1.002030e+00  0.000000e+00
     vertex  1.550467e+01  1.002030e+00  1.510000e+00
   endloop
 endfacet
 facet normal -9.238795e-01  3.826834e-01  0.000000e+00
   outer loop
     vertex  1.563667e+01  1.230656e+00  0.000000e+00
     vertex  1.558572e+01  1.107654e+00  1.510000e+00
     vertex  1.563667e+01  1.230656e+00  1.510000e+00
   endloop
 endfacet
 facet normal -9.238795e-01  3.826834e-01  0.000000e+00
   outer loop
     vertex  1.563667e+01  1.230656e+00  0.000000e+00
     vertex  1.558572e+01  1.107654e+00  0.000000e+00
     vertex  1.558572e+01  1.107654e+00  1.510000e+00
   endloop
 endfacet
 facet normal -9.914449e-01  1.305262e-01  0.000000e+00
   outer loop
     vertex  1.565404e+01  1.362654e+00  0.000000e+00
     vertex  1.563667e+01  1.230656e+00  1.510000e+00
     vertex  1.565404e+01  1.362654e+00  1.510000e+00
   endloop
 endfacet
 facet normal -9.914449e-01  1.305262e-01  0.000000e+00
   outer loop
     vertex  1.565404e+01  1.362654e+00  0.000000e+00
     vertex  1.563667e+01  1.230656e+00  0.000000e+00
     vertex  1.563667e+01  1.230656e+00  1.510000e+00
   endloop
 endfacet
 facet normal -9.914449e-01 -1.305262e-01  0.000000e+00
   outer loop
     vertex  1.563667e+01  1.494652e+00  0.000000e+00
     vertex  1.565404e+01  1.362654e+00  1.510000e+00
     vertex  1.563667e+01  1.494652e+00  1.510000e+00
   endloop
 endfacet
 facet normal -9.914449e-01 -1.305262e-01  0.000000e+00
   outer loop
     vertex  1.563667e+01  1.494652e+00  0.000000e+00
     vertex  1.565404e+01  1.362654e+00  0.000000e+00
     vertex  1.565404e+01  1.362654e+00  1.510000e+00
   endloop
 endfacet
 facet normal -9.238795e-01 -3.826834e-01  0.000000e+00
   outer loop
     vertex  1.558572e+01  1.617654e+00  0.000000e+00
     vertex  1.563667e+01  1.494652e+00  1.510000e+00
     vertex  1.558572e+01  1.617654e+00  1.510000e+00
   endloop
 endfacet
 facet normal -9.238795e-01 -3.826834e-01  0.000000e+00
   outer loop
     vertex  1.558572e+01  1.617654e+00  0.000000e+00
     vertex  1.563667e+01  1.494652e+00  0.000000e+00
     vertex  1.563667e+01  1.494652e+00  1.510000e+00
   endloop
 endfacet
 facet normal -7.933533e-01 -6.087614e-01  0.000000e+00
   outer loop
     vertex  1.550467e+01  1.723278e+00  0.000000e+00
     vertex  1.558572e+01  1.617654e+00  1.510000e+00
     vertex  1.550467e+01  1.723278e+00  1.510000e+00
   endloop
 endfacet
 facet normal -7.933533e-01 -6.087614e-01  0.000000e+00
   outer loop
     vertex  1.550467e+01  1.723278e+00  0.000000e+00
     vertex  1.558572e+01  1.617654e+00  0.000000e+00
     vertex  1.558572e+01  1.617654e+00  1.510000e+00
   endloop
 endfacet
 facet normal -6.087614e-01 -7.933533e-01  0.000000e+00
   outer loop
     vertex  1.539904e+01  1.804327e+00  0.000000e+00
     vertex  1.550467e+01  1.723278e+00  1.510000e+00
     vertex  1.539904e+01  1.804327e+00  1.510000e+00
   endloop
 endfacet
 facet normal -6.087614e-01 -7.933533e-01  0.000000e+00
   outer loop
     vertex  1.539904e+01  1.804327e+00  0.000000e+00
     vertex  1.550467e+01  1.723278e+00  0.000000e+00
     vertex  1.550467e+01  1.723278e+00  1.510000e+00
   endloop
 endfacet
 facet normal -3.826834e-01 -9.238795e-01  0.000000e+00
   outer loop
     vertex  1.527604e+01  1.855276e+00  0.000000e+00
     vertex  1.539904e+01  1.804327e+00  1.510000e+00
     vertex  1.527604e+01  1.855276e+00  1.510000e+00
   endloop
 endfacet
 facet normal -3.826834e-01 -9.238795e-01  0.000000e+00
   outer loop
     vertex  1.527604e+01  1.855276e+00  0.000000e+00
     vertex  1.539904e+01  1.804327e+00  0.000000e+00
     vertex  1.539904e+01  1.804327e+00  1.510000e+00
   endloop
 endfacet
 facet normal -1.305262e-01 -9.914449e-01  0.000000e+00
   outer loop
     vertex  1.514404e+01  1.872654e+00  0.000000e+00
     vertex  1.527604e+01  1.855276e+00  1.510000e+00
     vertex  1.514404e+01  1.872654e+00  1.510000e+00
   endloop
 endfacet
 facet normal -1.305262e-01 -9.914449e-01  0.000000e+00
   outer loop
     vertex  1.514404e+01  1.872654e+00  0.000000e+00
     vertex  1.527604e+01  1.855276e+00  0.000000e+00
     vertex  1.527604e+01  1.855276e+00  1.510000e+00
   endloop
 endfacet
 facet normal  1.305262e-01 -9.914449e-01  0.000000e+00
   outer loop
     vertex  1.501205e+01  1.855276e+00  0.000000e+00
     vertex  1.514404e+01  1.872654e+00  1.510000e+00
     vertex  1.501205e+01  1.855276e+00  1.510000e+00
   endloop
 endfacet
 facet normal  1.305262e-01 -9.914449e-01  0.000000e+00
   outer loop
     vertex  1.501205e+01  1.855276e+00  0.000000e+00
     vertex  1.514404e+01  1.872654e+00  0.000000e+00
     vertex  1.514404e+01  1.872654e+00  1.510000e+00
   endloop
 endfacet
 facet normal  3.826834e-01 -9.238795e-01  0.000000e+00
   outer loop
     vertex  1.488904e+01  1.804327e+00  0.000000e+00
     vertex  1.501205e+01  1.855276e+00  0.000000e+00
     vertex  1.501205e+01  1.855276e+00  1.510000e+00
   endloop
 endfacet
 facet normal  3.826834e-01 -9.238795e-01  0.000000e+00
   outer loop
     vertex  1.488904e+01  1.804327e+00  0.000000e+00
     vertex  1.501205e+01  1.855276e+00  1.510000e+00
     vertex  1.488904e+01  1.804327e+00  1.510000e+00
   endloop
 endfacet
 facet normal  6.087614e-01 -7.933533e-01  0.000000e+00
   outer loop
     vertex  1.478342e+01  1.723278e+00  0.000000e+00
     vertex  1.488904e+01  1.804327e+00  0.000000e+00
     vertex  1.488904e+01  1.804327e+00  1.510000e+00
   endloop
 endfacet
 facet normal  7.933533e-01 -6.087614e-01  0.000000e+00
   outer loop
     vertex  1.478342e+01  1.723278e+00  0.000000e+00
     vertex  1.478342e+01  1.723278e+00  1.510000e+00
     vertex  1.470237e+01  1.617654e+00  1.510000e+00
   endloop
 endfacet
 facet normal  6.087614e-01 -7.933533e-01  0.000000e+00
   outer loop
     vertex  1.478342e+01  1.723278e+00  0.000000e+00
     vertex  1.488904e+01  1.804327e+00  1.510000e+00
     vertex  1.478342e+01  1.723278e+00  1.510000e+00
   endloop
 endfacet
 facet normal  7.933533e-01 -6.087614e-01  0.000000e+00
   outer loop
     vertex  1.470237e+01  1.617654e+00  0.000000e+00
     vertex  1.478342e+01  1.723278e+00  0.000000e+00
     vertex  1.470237e+01  1.617654e+00  1.510000e+00
   endloop
 endfacet
 facet normal  9.238795e-01 -3.826834e-01  0.000000e+00
   outer loop
     vertex  1.470237e+01  1.617654e+00  0.000000e+00
     vertex  1.470237e+01  1.617654e+00  1.510000e+00
     vertex  1.465142e+01  1.494652e+00  1.510000e+00
   endloop
 endfacet
 facet normal  9.238795e-01 -3.826834e-01  0.000000e+00
   outer loop
     vertex  1.465142e+01  1.494652e+00  0.000000e+00
     vertex  1.470237e+01  1.617654e+00  0.000000e+00
     vertex  1.465142e+01  1.494652e+00  1.510000e+00
   endloop
 endfacet
 facet normal  9.914449e-01 -1.305262e-01  0.000000e+00
   outer loop
     vertex  1.463404e+01  1.362654e+00  0.000000e+00
     vertex  1.465142e+01  1.494652e+00  0.000000e+00
     vertex  1.465142e+01  1.494652e+00  1.510000e+00
   endloop
 endfacet
 facet normal  9.914449e-01 -1.305262e-01  0.000000e+00
   outer loop
     vertex  1.463404e+01  1.362654e+00  0.000000e+00
     vertex  1.465142e+01  1.494652e+00  1.510000e+00
     vertex  1.463404e+01  1.362654e+00  1.510000e+00
   endloop
 endfacet
 facet normal  9.914449e-01  1.305262e-01 -0.000000e+00
   outer loop
     vertex  1.465142e+01  1.230656e+00  0.000000e+00
     vertex  1.463404e+01  1.362654e+00  1.510000e+00
     vertex  1.465142e+01  1.230656e+00  1.510000e+00
   endloop
 endfacet
 facet normal  9.914449e-01  1.305262e-01  0.000000e+00
   outer loop
     vertex  1.465142e+01  1.230656e+00  0.000000e+00
     vertex  1.463404e+01  1.362654e+00  0.000000e+00
     vertex  1.463404e+01  1.362654e+00  1.510000e+00
   endloop
 endfacet
 facet normal  9.238795e-01  3.826834e-01 -0.000000e+00
   outer loop
     vertex  1.470237e+01  1.107654e+00  0.000000e+00
     vertex  1.465142e+01  1.230656e+00  1.510000e+00
     vertex  1.470237e+01  1.107654e+00  1.510000e+00
   endloop
 endfacet
 facet normal  9.238795e-01  3.826834e-01  0.000000e+00
   outer loop
     vertex  1.470237e+01  1.107654e+00  0.000000e+00
     vertex  1.465142e+01  1.230656e+00  0.000000e+00
     vertex  1.465142e+01  1.230656e+00  1.510000e+00
   endloop
 endfacet
 facet normal  6.087614e-01  7.933533e-01 -0.000000e+00
   outer loop
     vertex  1.478342e+01  1.002030e+00  0.000000e+00
     vertex  1.478342e+01  1.002030e+00  1.510000e+00
     vertex  1.488904e+01  9.209810e-01  1.510000e+00
   endloop
 endfacet
 facet normal  7.933533e-01  6.087614e-01 -0.000000e+00
   outer loop
     vertex  1.478342e+01  1.002030e+00  0.000000e+00
     vertex  1.470237e+01  1.107654e+00  1.510000e+00
     vertex  1.478342e+01  1.002030e+00  1.510000e+00
   endloop
 endfacet
 facet normal  7.933533e-01  6.087614e-01  0.000000e+00
   outer loop
     vertex  1.478342e+01  1.002030e+00  0.000000e+00
     vertex  1.470237e+01  1.107654e+00  0.000000e+00
     vertex  1.470237e+01  1.107654e+00  1.510000e+00
   endloop
 endfacet
 facet normal  6.087614e-01  7.933533e-01 -0.000000e+00
   outer loop
     vertex  1.488904e+01  9.209810e-01  0.000000e+00
     vertex  1.478342e+01  1.002030e+00  0.000000e+00
     vertex  1.488904e+01  9.209810e-01  1.510000e+00
   endloop
 endfacet
 facet normal  3.826834e-01  9.238795e-01 -0.000000e+00
   outer loop
     vertex  1.501205e+01  8.700318e-01  0.000000e+00
     vertex  1.488904e+01  9.209810e-01  1.510000e+00
     vertex  1.501205e+01  8.700318e-01  1.510000e+00
   endloop
 endfacet
 facet normal  3.826834e-01  9.238795e-01  0.000000e+00
   outer loop
     vertex  1.501205e+01  8.700318e-01  0.000000e+00
     vertex  1.488904e+01  9.209810e-01  0.000000e+00
     vertex  1.488904e+01  9.209810e-01  1.510000e+00
   endloop
 endfacet
 facet normal  1.305262e-01  9.914449e-01 -0.000000e+00
   outer loop
     vertex  1.514404e+01  8.526540e-01  0.000000e+00
     vertex  1.501205e+01  8.700318e-01  1.510000e+00
     vertex  1.514404e+01  8.526540e-01  1.510000e+00
   endloop
 endfacet
 facet normal  1.305262e-01  9.914449e-01  0.000000e+00
   outer loop
     vertex  1.514404e+01  8.526540e-01  0.000000e+00
     vertex  1.501205e+01  8.700318e-01  0.000000e+00
     vertex  1.501205e+01  8.700318e-01  1.510000e+00
   endloop
 endfacet
 facet normal -1.305262e-01  9.914449e-01  0.000000e+00
   outer loop
     vertex  1.227604e+01  3.870032e+00  0.000000e+00
     vertex  1.214404e+01  3.852654e+00  0.000000e+00
     vertex  1.214404e+01  3.852654e+00  1.510000e+00
   endloop
 endfacet
 facet normal -1.305262e-01  9.914449e-01  0.000000e+00
   outer loop
     vertex  1.227604e+01  3.870032e+00  0.000000e+00
     vertex  1.214404e+01  3.852654e+00  1.510000e+00
     vertex  1.227604e+01  3.870032e+00  1.510000e+00
   endloop
 endfacet
 facet normal -3.826834e-01  9.238795e-01  0.000000e+00
   outer loop
     vertex  1.239904e+01  3.920981e+00  0.000000e+00
     vertex  1.227604e+01  3.870032e+00  1.510000e+00
     vertex  1.239904e+01  3.920981e+00  1.510000e+00
   endloop
 endfacet
 facet normal -3.826834e-01  9.238795e-01  0.000000e+00
   outer loop
     vertex  1.239904e+01  3.920981e+00  0.000000e+00
     vertex  1.227604e+01  3.870032e+00  0.000000e+00
     vertex  1.227604e+01  3.870032e+00  1.510000e+00
   endloop
 endfacet
 facet normal -6.087614e-01  7.933533e-01  0.000000e+00
   outer loop
     vertex  1.250467e+01  4.002030e+00  0.000000e+00
     vertex  1.239904e+01  3.920981e+00  1.510000e+00
     vertex  1.250467e+01  4.002030e+00  1.510000e+00
   endloop
 endfacet
 facet normal -6.087614e-01  7.933533e-01  0.000000e+00
   outer loop
     vertex  1.250467e+01  4.002030e+00  0.000000e+00
     vertex  1.239904e+01  3.920981e+00  0.000000e+00
     vertex  1.239904e+01  3.920981e+00  1.510000e+00
   endloop
 endfacet
 facet normal -7.933533e-01  6.087614e-01  0.000000e+00
   outer loop
     vertex  1.258572e+01  4.107654e+00  0.000000e+00
     vertex  1.250467e+01  4.002030e+00  1.510000e+00
     vertex  1.258572e+01  4.107654e+00  1.510000e+00
   endloop
 endfacet
 facet normal -7.933533e-01  6.087614e-01  0.000000e+00
   outer loop
     vertex  1.258572e+01  4.107654e+00  0.000000e+00
     vertex  1.250467e+01  4.002030e+00  0.000000e+00
     vertex  1.250467e+01  4.002030e+00  1.510000e+00
   endloop
 endfacet
 facet normal -9.238795e-01  3.826834e-01  0.000000e+00
   outer loop
     vertex  1.263667e+01  4.230656e+00  0.000000e+00
     vertex  1.258572e+01  4.107654e+00  1.510000e+00
     vertex  1.263667e+01  4.230656e+00  1.510000e+00
   endloop
 endfacet
 facet normal -9.238795e-01  3.826834e-01  0.000000e+00
   outer loop
     vertex  1.263667e+01  4.230656e+00  0.000000e+00
     vertex  1.258572e+01  4.107654e+00  0.000000e+00
     vertex  1.258572e+01  4.107654e+00  1.510000e+00
   endloop
 endfacet
 facet normal -9.914449e-01  1.305262e-01  0.000000e+00
   outer loop
     vertex  1.265404e+01  4.362654e+00  0.000000e+00
     vertex  1.263667e+01  4.230656e+00  1.510000e+00
     vertex  1.265404e+01  4.362654e+00  1.510000e+00
   endloop
 endfacet
 facet normal -9.914449e-01  1.305262e-01  0.000000e+00
   outer loop
     vertex  1.265404e+01  4.362654e+00  0.000000e+00
     vertex  1.263667e+01  4.230656e+00  0.000000e+00
     vertex  1.263667e+01  4.230656e+00  1.510000e+00
   endloop
 endfacet
 facet normal -9.914449e-01 -1.305262e-01  0.000000e+00
   outer loop
     vertex  1.263667e+01  4.494652e+00  0.000000e+00
     vertex  1.265404e+01  4.362654e+00  1.510000e+00
     vertex  1.263667e+01  4.494652e+00  1.510000e+00
   endloop
 endfacet
 facet normal -9.914449e-01 -1.305262e-01  0.000000e+00
   outer loop
     vertex  1.263667e+01  4.494652e+00  0.000000e+00
     vertex  1.265404e+01  4.362654e+00  0.000000e+00
     vertex  1.265404e+01  4.362654e+00  1.510000e+00
   endloop
 endfacet
 facet normal -9.238795e-01 -3.826834e-01  0.000000e+00
   outer loop
     vertex  1.258572e+01  4.617654e+00  0.000000e+00
     vertex  1.263667e+01  4.494652e+00  1.510000e+00
     vertex  1.258572e+01  4.617654e+00  1.510000e+00
   endloop
 endfacet
 facet normal -9.238795e-01 -3.826834e-01  0.000000e+00
   outer loop
     vertex  1.258572e+01  4.617654e+00  0.000000e+00
     vertex  1.263667e+01  4.494652e+00  0.000000e+00
     vertex  1.263667e+01  4.494652e+00  1.510000e+00
   endloop
 endfacet
 facet normal -7.933533e-01 -6.087614e-01  0.000000e+00
   outer loop
     vertex  1.250467e+01  4.723278e+00  0.000000e+00
     vertex  1.258572e+01  4.617654e+00  1.510000e+00
     vertex  1.250467e+01  4.723278e+00  1.510000e+00
   endloop
 endfacet
 facet normal -7.933533e-01 -6.087614e-01  0.000000e+00
   outer loop
     vertex  1.250467e+01  4.723278e+00  0.000000e+00
     vertex  1.258572e+01  4.617654e+00  0.000000e+00
     vertex  1.258572e+01  4.617654e+00  1.510000e+00
   endloop
 endfacet
 facet normal -6.087614e-01 -7.933533e-01  0.000000e+00
   outer loop
     vertex  1.239904e+01  4.804327e+00  0.000000e+00
     vertex  1.250467e+01  4.723278e+00  1.510000e+00
     vertex  1.239904e+01  4.804327e+00  1.510000e+00
   endloop
 endfacet
 facet normal -6.087614e-01 -7.933533e-01  0.000000e+00
   outer loop
     vertex  1.239904e+01  4.804327e+00  0.000000e+00
     vertex  1.250467e+01  4.723278e+00  0.000000e+00
     vertex  1.250467e+01  4.723278e+00  1.510000e+00
   endloop
 endfacet
 facet normal -3.826834e-01 -9.238795e-01  0.000000e+00
   outer loop
     vertex  1.227604e+01  4.855276e+00  0.000000e+00
     vertex  1.239904e+01  4.804327e+00  1.510000e+00
     vertex  1.227604e+01  4.855276e+00  1.510000e+00
   endloop
 endfacet
 facet normal -3.826834e-01 -9.238795e-01  0.000000e+00
   outer loop
     vertex  1.227604e+01  4.855276e+00  0.000000e+00
     vertex  1.239904e+01  4.804327e+00  0.000000e+00
     vertex  1.239904e+01  4.804327e+00  1.510000e+00
   endloop
 endfacet
 facet normal -1.305262e-01 -9.914449e-01  0.000000e+00
   outer loop
     vertex  1.214404e+01  4.872654e+00  0.000000e+00
     vertex  1.227604e+01  4.855276e+00  1.510000e+00
     vertex  1.214404e+01  4.872654e+00  1.510000e+00
   endloop
 endfacet
 facet normal -1.305262e-01 -9.914449e-01  0.000000e+00
   outer loop
     vertex  1.214404e+01  4.872654e+00  0.000000e+00
     vertex  1.227604e+01  4.855276e+00  0.000000e+00
     vertex  1.227604e+01  4.855276e+00  1.510000e+00
   endloop
 endfacet
 facet normal  1.305262e-01 -9.914449e-01  0.000000e+00
   outer loop
     vertex  1.201205e+01  4.855276e+00  0.000000e+00
     vertex  1.214404e+01  4.872654e+00  1.510000e+00
     vertex  1.201205e+01  4.855276e+00  1.510000e+00
   endloop
 endfacet
 facet normal  1.305262e-01 -9.914449e-01  0.000000e+00
   outer loop
     vertex  1.201205e+01  4.855276e+00  0.000000e+00
     vertex  1.214404e+01  4.872654e+00  0.000000e+00
     vertex  1.214404e+01  4.872654e+00  1.510000e+00
   endloop
 endfacet
 facet normal  3.826834e-01 -9.238795e-01  0.000000e+00
   outer loop
     vertex  1.188904e+01  4.804327e+00  0.000000e+00
     vertex  1.201205e+01  4.855276e+00  0.000000e+00
     vertex  1.201205e+01  4.855276e+00  1.510000e+00
   endloop
 endfacet
 facet normal  3.826834e-01 -9.238795e-01  0.000000e+00
   outer loop
     vertex  1.188904e+01  4.804327e+00  0.000000e+00
     vertex  1.201205e+01  4.855276e+00  1.510000e+00
     vertex  1.188904e+01  4.804327e+00  1.510000e+00
   endloop
 endfacet
 facet normal  6.087614e-01 -7.933533e-01  0.000000e+00
   outer loop
     vertex  1.178342e+01  4.723278e+00  0.000000e+00
     vertex  1.188904e+01  4.804327e+00  0.000000e+00
     vertex  1.188904e+01  4.804327e+00  1.510000e+00
   endloop
 endfacet
 facet normal  7.933533e-01 -6.087614e-01  0.000000e+00
   outer loop
     vertex  1.178342e+01  4.723278e+00  0.000000e+00
     vertex  1.178342e+01  4.723278e+00  1.510000e+00
     vertex  1.170237e+01  4.617654e+00  1.510000e+00
   endloop
 endfacet
 facet normal  6.087614e-01 -7.933533e-01  0.000000e+00
   outer loop
     vertex  1.178342e+01  4.723278e+00  0.000000e+00
     vertex  1.188904e+01  4.804327e+00  1.510000e+00
     vertex  1.178342e+01  4.723278e+00  1.510000e+00
   endloop
 endfacet
 facet normal  7.933533e-01 -6.087614e-01  0.000000e+00
   outer loop
     vertex  1.170237e+01  4.617654e+00  0.000000e+00
     vertex  1.178342e+01  4.723278e+00  0.000000e+00
     vertex  1.170237e+01  4.617654e+00  1.510000e+00
   endloop
 endfacet
 facet normal  9.238795e-01 -3.826834e-01  0.000000e+00
   outer loop
     vertex  1.170237e+01  4.617654e+00  0.000000e+00
     vertex  1.170237e+01  4.617654e+00  1.510000e+00
     vertex  1.165142e+01  4.494652e+00  1.510000e+00
   endloop
 endfacet
 facet normal  9.238795e-01 -3.826834e-01  0.000000e+00
   outer loop
     vertex  1.165142e+01  4.494652e+00  0.000000e+00
     vertex  1.170237e+01  4.617654e+00  0.000000e+00
     vertex  1.165142e+01  4.494652e+00  1.510000e+00
   endloop
 endfacet
 facet normal  9.914449e-01 -1.305262e-01  0.000000e+00
   outer loop
     vertex  1.163404e+01  4.362654e+00  0.000000e+00
     vertex  1.165142e+01  4.494652e+00  0.000000e+00
     vertex  1.165142e+01  4.494652e+00  1.510000e+00
   endloop
 endfacet
 facet normal  9.914449e-01 -1.305262e-01  0.000000e+00
   outer loop
     vertex  1.163404e+01  4.362654e+00  0.000000e+00
     vertex  1.165142e+01  4.494652e+00  1.510000e+00
     vertex  1.163404e+01  4.362654e+00  1.510000e+00
   endloop
 endfacet
 facet normal  9.914449e-01  1.305262e-01 -0.000000e+00
   outer loop
     vertex  1.165142e+01  4.230656e+00  0.000000e+00
     vertex  1.163404e+01  4.362654e+00  1.510000e+00
     vertex  1.165142e+01  4.230656e+00  1.510000e+00
   endloop
 endfacet
 facet normal  9.914449e-01  1.305262e-01  0.000000e+00
   outer loop
     vertex  1.165142e+01  4.230656e+00  0.000000e+00
     vertex  1.163404e+01  4.362654e+00  0.000000e+00
     vertex  1.163404e+01  4.362654e+00  1.510000e+00
   endloop
 endfacet
 facet normal  9.238795e-01  3.826834e-01 -0.000000e+00
   outer loop
     vertex  1.170237e+01  4.107654e+00  0.000000e+00
     vertex  1.165142e+01  4.230656e+00  1.510000e+00
     vertex  1.170237e+01  4.107654e+00  1.510000e+00
   endloop
 endfacet
 facet normal  9.238795e-01  3.826834e-01  0.000000e+00
   outer loop
     vertex  1.170237e+01  4.107654e+00  0.000000e+00
     vertex  1.165142e+01  4.230656e+00  0.000000e+00
     vertex  1.165142e+01  4.230656e+00  1.510000e+00
   endloop
 endfacet
 facet normal  6.087614e-01  7.933533e-01 -0.000000e+00
   outer loop
     vertex  1.178342e+01  4.002030e+00  0.000000e+00
     vertex  1.178342e+01  4.002030e+00  1.510000e+00
     vertex  1.188904e+01  3.920981e+00  1.510000e+00
   endloop
 endfacet
 facet normal  7.933533e-01  6.087614e-01 -0.000000e+00
   outer loop
     vertex  1.178342e+01  4.002030e+00  0.000000e+00
     vertex  1.170237e+01  4.107654e+00  1.510000e+00
     vertex  1.178342e+01  4.002030e+00  1.510000e+00
   endloop
 endfacet
 facet normal  7.933533e-01  6.087614e-01  0.000000e+00
   outer loop
     vertex  1.178342e+01  4.002030e+00  0.000000e+00
     vertex  1.170237e+01  4.107654e+00  0.000000e+00
     vertex  1.170237e+01  4.107654e+00  1.510000e+00
   endloop
 endfacet
 facet normal  6.087614e-01  7.933533e-01 -0.000000e+00
   outer loop
     vertex  1.188904e+01  3.920981e+00  0.000000e+00
     vertex  1.178342e+01  4.002030e+00  0.000000e+00
     vertex  1.188904e+01  3.920981e+00  1.510000e+00
   endloop
 endfacet
 facet normal  3.826834e-01  9.238795e-01 -0.000000e+00
   outer loop
     vertex  1.201205e+01  3.870032e+00  0.000000e+00
     vertex  1.188904e+01  3.920981e+00  1.510000e+00
     vertex  1.201205e+01  3.870032e+00  1.510000e+00
   endloop
 endfacet
 facet normal  3.826834e-01  9.238795e-01  0.000000e+00
   outer loop
     vertex  1.201205e+01  3.870032e+00  0.000000e+00
     vertex  1.188904e+01  3.920981e+00  0.000000e+00
     vertex  1.188904e+01  3.920981e+00  1.510000e+00
   endloop
 endfacet
 facet normal  1.305262e-01  9.914449e-01 -0.000000e+00
   outer loop
     vertex  1.214404e+01  3.852654e+00  0.000000e+00
     vertex  1.201205e+01  3.870032e+00  1.510000e+00
     vertex  1.214404e+01  3.852654e+00  1.510000e+00
   endloop
 endfacet
 facet normal  1.305262e-01  9.914449e-01  0.000000e+00
   outer loop
     vertex  1.214404e+01  3.852654e+00  0.000000e+00
     vertex  1.201205e+01  3.870032e+00  0.000000e+00
     vertex  1.201205e+01  3.870032e+00  1.510000e+00
   endloop
 endfacet
 facet normal -1.305262e-01  9.914449e-01  0.000000e+00
   outer loop
     vertex  1.527604e+01  3.870032e+00  0.000000e+00
     vertex  1.514404e+01  3.852654e+00  0.000000e+00
     vertex  1.514404e+01  3.852654e+00  1.510000e+00
   endloop
 endfacet
 facet normal -1.305262e-01  9.914449e-01  0.000000e+00
   outer loop
     vertex  1.527604e+01  3.870032e+00  0.000000e+00
     vertex  1.514404e+01  3.852654e+00  1.510000e+00
     vertex  1.527604e+01  3.870032e+00  1.510000e+00
   endloop
 endfacet
 facet normal -3.826834e-01  9.238795e-01  0.000000e+00
   outer loop
     vertex  1.539904e+01  3.920981e+00  0.000000e+00
     vertex  1.527604e+01  3.870032e+00  1.510000e+00
     vertex  1.539904e+01  3.920981e+00  1.510000e+00
   endloop
 endfacet
 facet normal -3.826834e-01  9.238795e-01  0.000000e+00
   outer loop
     vertex  1.539904e+01  3.920981e+00  0.000000e+00
     vertex  1.527604e+01  3.870032e+00  0.000000e+00
     vertex  1.527604e+01  3.870032e+00  1.510000e+00
   endloop
 endfacet
 facet normal -6.087614e-01  7.933533e-01  0.000000e+00
   outer loop
     vertex  1.550467e+01  4.002030e+00  0.000000e+00
     vertex  1.539904e+01  3.920981e+00  1.510000e+00
     vertex  1.550467e+01  4.002030e+00  1.510000e+00
   endloop
 endfacet
 facet normal -6.087614e-01  7.933533e-01  0.000000e+00
   outer loop
     vertex  1.550467e+01  4.002030e+00  0.000000e+00
     vertex  1.539904e+01  3.920981e+00  0.000000e+00
     vertex  1.539904e+01  3.920981e+00  1.510000e+00
   endloop
 endfacet
 facet normal -7.933533e-01  6.087614e-01  0.000000e+00
   outer loop
     vertex  1.558572e+01  4.107654e+00  0.000000e+00
     vertex  1.550467e+01  4.002030e+00  1.510000e+00
     vertex  1.558572e+01  4.107654e+00  1.510000e+00
   endloop
 endfacet
 facet normal -7.933533e-01  6.087614e-01  0.000000e+00
   outer loop
     vertex  1.558572e+01  4.107654e+00  0.000000e+00
     vertex  1.550467e+01  4.002030e+00  0.000000e+00
     vertex  1.550467e+01  4.002030e+00  1.510000e+00
   endloop
 endfacet
 facet normal -9.238795e-01  3.826834e-01  0.000000e+00
   outer loop
     vertex  1.563667e+01  4.230656e+00  0.000000e+00
     vertex  1.558572e+01  4.107654e+00  1.510000e+00
     vertex  1.563667e+01  4.230656e+00  1.510000e+00
   endloop
 endfacet
 facet normal -9.238795e-01  3.826834e-01  0.000000e+00
   outer loop
     vertex  1.563667e+01  4.230656e+00  0.000000e+00
     vertex  1.558572e+01  4.107654e+00  0.000000e+00
     vertex  1.558572e+01  4.107654e+00  1.510000e+00
   endloop
 endfacet
 facet normal -9.914449e-01  1.305262e-01  0.000000e+00
   outer loop
     vertex  1.565404e+01  4.362654e+00  0.000000e+00
     vertex  1.563667e+01  4.230656e+00  1.510000e+00
     vertex  1.565404e+01  4.362654e+00  1.510000e+00
   endloop
 endfacet
 facet normal -9.914449e-01  1.305262e-01  0.000000e+00
   outer loop
     vertex  1.565404e+01  4.362654e+00  0.000000e+00
     vertex  1.563667e+01  4.230656e+00  0.000000e+00
     vertex  1.563667e+01  4.230656e+00  1.510000e+00
   endloop
 endfacet
 facet normal -9.914449e-01 -1.305262e-01  0.000000e+00
   outer loop
     vertex  1.563667e+01  4.494652e+00  0.000000e+00
     vertex  1.565404e+01  4.362654e+00  1.510000e+00
     vertex  1.563667e+01  4.494652e+00  1.510000e+00
   endloop
 endfacet
 facet normal -9.914449e-01 -1.305262e-01  0.000000e+00
   outer loop
     vertex  1.563667e+01  4.494652e+00  0.000000e+00
     vertex  1.565404e+01  4.362654e+00  0.000000e+00
     vertex  1.565404e+01  4.362654e+00  1.510000e+00
   endloop
 endfacet
 facet normal -9.238795e-01 -3.826834e-01  0.000000e+00
   outer loop
     vertex  1.558572e+01  4.617654e+00  0.000000e+00
     vertex  1.563667e+01  4.494652e+00  1.510000e+00
     vertex  1.558572e+01  4.617654e+00  1.510000e+00
   endloop
 endfacet
 facet normal -9.238795e-01 -3.826834e-01  0.000000e+00
   outer loop
     vertex  1.558572e+01  4.617654e+00  0.000000e+00
     vertex  1.563667e+01  4.494652e+00  0.000000e+00
     vertex  1.563667e+01  4.494652e+00  1.510000e+00
   endloop
 endfacet
 facet normal -7.933533e-01 -6.087614e-01  0.000000e+00
   outer loop
     vertex  1.550467e+01  4.723278e+00  0.000000e+00
     vertex  1.558572e+01  4.617654e+00  1.510000e+00
     vertex  1.550467e+01  4.723278e+00  1.510000e+00
   endloop
 endfacet
 facet normal -7.933533e-01 -6.087614e-01  0.000000e+00
   outer loop
     vertex  1.550467e+01  4.723278e+00  0.000000e+00
     vertex  1.558572e+01  4.617654e+00  0.000000e+00
     vertex  1.558572e+01  4.617654e+00  1.510000e+00
   endloop
 endfacet
 facet normal -6.087614e-01 -7.933533e-01  0.000000e+00
   outer loop
     vertex  1.539904e+01  4.804327e+00  0.000000e+00
     vertex  1.550467e+01  4.723278e+00  1.510000e+00
     vertex  1.539904e+01  4.804327e+00  1.510000e+00
   endloop
 endfacet
 facet normal -6.087614e-01 -7.933533e-01  0.000000e+00
   outer loop
     vertex  1.539904e+01  4.804327e+00  0.000000e+00
     vertex  1.550467e+01  4.723278e+00  0.000000e+00
     vertex  1.550467e+01  4.723278e+00  1.510000e+00
   endloop
 endfacet
 facet normal -3.826834e-01 -9.238795e-01  0.000000e+00
   outer loop
     vertex  1.527604e+01  4.855276e+00  0.000000e+00
     vertex  1.539904e+01  4.804327e+00  1.510000e+00
     vertex  1.527604e+01  4.855276e+00  1.510000e+00
   endloop
 endfacet
 facet normal -3.826834e-01 -9.238795e-01  0.000000e+00
   outer loop
     vertex  1.527604e+01  4.855276e+00  0.000000e+00
     vertex  1.539904e+01  4.804327e+00  0.000000e+00
     vertex  1.539904e+01  4.804327e+00  1.510000e+00
   endloop
 endfacet
 facet normal -1.305262e-01 -9.914449e-01  0.000000e+00
   outer loop
     vertex  1.514404e+01  4.872654e+00  0.000000e+00
     vertex  1.527604e+01  4.855276e+00  1.510000e+00
     vertex  1.514404e+01  4.872654e+00  1.510000e+00
   endloop
 endfacet
 facet normal -1.305262e-01 -9.914449e-01  0.000000e+00
   outer loop
     vertex  1.514404e+01  4.872654e+00  0.000000e+00
     vertex  1.527604e+01  4.855276e+00  0.000000e+00
     vertex  1.527604e+01  4.855276e+00  1.510000e+00
   endloop
 endfacet
 facet normal  1.305262e-01 -9.914449e-01  0.000000e+00
   outer loop
     vertex  1.501205e+01  4.855276e+00  0.000000e+00
     vertex  1.514404e+01  4.872654e+00  1.510000e+00
     vertex  1.501205e+01  4.855276e+00  1.510000e+00
   endloop
 endfacet
 facet normal  1.305262e-01 -9.914449e-01  0.000000e+00
   outer loop
     vertex  1.501205e+01  4.855276e+00  0.000000e+00
     vertex  1.514404e+01  4.872654e+00  0.000000e+00
     vertex  1.514404e+01  4.872654e+00  1.510000e+00
   endloop
 endfacet
 facet normal  3.826834e-01 -9.238795e-01  0.000000e+00
   outer loop
     vertex  1.488904e+01  4.804327e+00  0.000000e+00
     vertex  1.501205e+01  4.855276e+00  0.000000e+00
     vertex  1.501205e+01  4.855276e+00  1.510000e+00
   endloop
 endfacet
 facet normal  3.826834e-01 -9.238795e-01  0.000000e+00
   outer loop
     vertex  1.488904e+01  4.804327e+00  0.000000e+00
     vertex  1.501205e+01  4.855276e+00  1.510000e+00
     vertex  1.488904e+01  4.804327e+00  1.510000e+00
   endloop
 endfacet
 facet normal  6.087614e-01 -7.933533e-01  0.000000e+00
   outer loop
     vertex  1.478342e+01  4.723278e+00  0.000000e+00
     vertex  1.488904e+01  4.804327e+00  0.000000e+00
     vertex  1.488904e+01  4.804327e+00  1.510000e+00
   endloop
 endfacet
 facet normal  7.933533e-01 -6.087614e-01  0.000000e+00
   outer loop
     vertex  1.478342e+01  4.723278e+00  0.000000e+00
     vertex  1.478342e+01  4.723278e+00  1.510000e+00
     vertex  1.470237e+01  4.617654e+00  1.510000e+00
   endloop
 endfacet
 facet normal  6.087614e-01 -7.933533e-01  0.000000e+00
   outer loop
     vertex  1.478342e+01  4.723278e+00  0.000000e+00
     vertex  1.488904e+01  4.804327e+00  1.510000e+00
     vertex  1.478342e+01  4.723278e+00  1.510000e+00
   endloop
 endfacet
 facet normal  7.933533e-01 -6.087614e-01  0.000000e+00
   outer loop
     vertex  1.470237e+01  4.617654e+00  0.000000e+00
     vertex  1.478342e+01  4.723278e+00  0.000000e+00
     vertex  1.470237e+01  4.617654e+00  1.510000e+00
   endloop
 endfacet
 facet normal  9.238795e-01 -3.826834e-01  0.000000e+00
   outer loop
     vertex  1.470237e+01  4.617654e+00  0.000000e+00
     vertex  1.470237e+01  4.617654e+00  1.510000e+00
     vertex  1.465142e+01  4.494652e+00  1.510000e+00
   endloop
 endfacet
 facet normal  9.238795e-01 -3.826834e-01  0.000000e+00
   outer loop
     vertex  1.465142e+01  4.494652e+00  0.000000e+00
     vertex  1.470237e+01  4.617654e+00  0.000000e+00
     vertex  1.465142e+01  4.494652e+00  1.510000e+00
   endloop
 endfacet
 facet normal  9.914449e-01 -1.305262e-01  0.000000e+00
   outer loop
     vertex  1.463404e+01  4.362654e+00  0.000000e+00
     vertex  1.465142e+01  4.494652e+00  0.000000e+00
     vertex  1.465142e+01  4.494652e+00  1.510000e+00
   endloop
 endfacet
 facet normal  9.914449e-01 -1.305262e-01  0.000000e+00
   outer loop
     vertex  1.463404e+01  4.362654e+00  0.000000e+00
     vertex  1.465142e+01  4.494652e+00  1.510000e+00
     vertex  1.463404e+01  4.362654e+00  1.510000e+00
   endloop
 endfacet
 facet normal  9.914449e-01  1.305262e-01 -0.000000e+00
   outer loop
     vertex  1.465142e+01  4.230656e+00  0.000000e+00
     vertex  1.463404e+01  4.362654e+00  1.510000e+00
     vertex  1.465142e+01  4.230656e+00  1.510000e+00
   endloop
 endfacet
 facet normal  9.914449e-01  1.305262e-01  0.000000e+00
   outer loop
     vertex  1.465142e+01  4.230656e+00  0.000000e+00
     vertex  1.463404e+01  4.362654e+00  0.000000e+00
     vertex  1.463404e+01  4.362654e+00  1.510000e+00
   endloop
 endfacet
 facet normal  9.238795e-01  3.826834e-01 -0.000000e+00
   outer loop
     vertex  1.470237e+01  4.107654e+00  0.000000e+00
     vertex  1.465142e+01  4.230656e+00  1.510000e+00
     vertex  1.470237e+01  4.107654e+00  1.510000e+00
   endloop
 endfacet
 facet normal  9.238795e-01  3.826834e-01  0.000000e+00
   outer loop
     vertex  1.470237e+01  4.107654e+00  0.000000e+00
     vertex  1.465142e+01  4.230656e+00  0.000000e+00
     vertex  1.465142e+01  4.230656e+00  1.510000e+00
   endloop
 endfacet
 facet normal  6.087614e-01  7.933533e-01 -0.000000e+00
   outer loop
     vertex  1.478342e+01  4.002030e+00  0.000000e+00
     vertex  1.478342e+01  4.002030e+00  1.510000e+00
     vertex  1.488904e+01  3.920981e+00  1.510000e+00
   endloop
 endfacet
 facet normal  7.933533e-01  6.087614e-01 -0.000000e+00
   outer loop
     vertex  1.478342e+01  4.002030e+00  0.000000e+00
     vertex  1.470237e+01  4.107654e+00  1.510000e+00
     vertex  1.478342e+01  4.002030e+00  1.510000e+00
   endloop
 endfacet
 facet normal  7.933533e-01  6.087614e-01  0.000000e+00
   outer loop
     vertex  1.478342e+01  4.002030e+00  0.000000e+00
     vertex  1.470237e+01  4.107654e+00  0.000000e+00
     vertex  1.470237e+01  4.107654e+00  1.510000e+00
   endloop
 endfacet
 facet normal  6.087614e-01  7.933533e-01 -0.000000e+00
   outer loop
     vertex  1.488904e+01  3.920981e+00  0.000000e+00
     vertex  1.478342e+01  4.002030e+00  0.000000e+00
     vertex  1.488904e+01  3.920981e+00  1.510000e+00
   endloop
 endfacet
 facet normal  3.826834e-01  9.238795e-01 -0.000000e+00
   outer loop
     vertex  1.501205e+01  3.870032e+00  0.000000e+00
     vertex  1.488904e+01  3.920981e+00  1.510000e+00
     vertex  1.501205e+01  3.870032e+00  1.510000e+00
   endloop
 endfacet
 facet normal  3.826834e-01  9.238795e-01  0.000000e+00
   outer loop
     vertex  1.501205e+01  3.870032e+00  0.000000e+00
     vertex  1.488904e+01  3.920981e+00  0.000000e+00
     vertex  1.488904e+01  3.920981e+00  1.510000e+00
   endloop
 endfacet
 facet normal  1.305262e-01  9.914449e-01 -0.000000e+00
   outer loop
     vertex  1.514404e+01  3.852654e+00  0.000000e+00
     vertex  1.501205e+01  3.870032e+00  1.510000e+00
     vertex  1.514404e+01  3.852654e+00  1.510000e+00
   endloop
 endfacet
 facet normal  1.305262e-01  9.914449e-01  0.000000e+00
   outer loop
     vertex  1.514404e+01  3.852654e+00  0.000000e+00
     vertex  1.501205e+01  3.870032e+00  0.000000e+00
     vertex  1.501205e+01  3.870032e+00  1.510000e+00
   endloop
 endfacet
 facet normal -1.305262e-01  9.914449e-01  0.000000e+00
   outer loop
     vertex  1.403227e+01  7.233765e+00  0.000000e+00
     vertex  1.364404e+01  7.182654e+00  0.000000e+00
     vertex  1.364404e+01  7.182654e+00  1.510000e+00
   endloop
 endfacet
 facet normal -1.305262e-01  9.914449e-01  0.000000e+00
   outer loop
     vertex  1.403227e+01  7.233765e+00  0.000000e+00
     vertex  1.364404e+01  7.182654e+00  1.510000e+00
     vertex  1.403227e+01  7.233765e+00  1.510000e+00
   endloop
 endfacet
 facet normal -3.826834e-01  9.238795e-01  0.000000e+00
   outer loop
     vertex  1.439404e+01  7.383616e+00  0.000000e+00
     vertex  1.403227e+01  7.233765e+00  1.510000e+00
     vertex  1.439404e+01  7.383616e+00  1.510000e+00
   endloop
 endfacet
 facet normal -3.826834e-01  9.238795e-01  0.000000e+00
   outer loop
     vertex  1.439404e+01  7.383616e+00  0.000000e+00
     vertex  1.403227e+01  7.233765e+00  0.000000e+00
     vertex  1.403227e+01  7.233765e+00  1.510000e+00
   endloop
 endfacet
 facet normal -6.087614e-01  7.933533e-01  0.000000e+00
   outer loop
     vertex  1.470470e+01  7.621994e+00  0.000000e+00
     vertex  1.439404e+01  7.383616e+00  1.510000e+00
     vertex  1.470470e+01  7.621994e+00  1.510000e+00
   endloop
 endfacet
 facet normal -6.087614e-01  7.933533e-01  0.000000e+00
   outer loop
     vertex  1.470470e+01  7.621994e+00  0.000000e+00
     vertex  1.439404e+01  7.383616e+00  0.000000e+00
     vertex  1.439404e+01  7.383616e+00  1.510000e+00
   endloop
 endfacet
 facet normal -7.933533e-01  6.087614e-01  0.000000e+00
   outer loop
     vertex  1.494308e+01  7.932654e+00  0.000000e+00
     vertex  1.470470e+01  7.621994e+00  1.510000e+00
     vertex  1.494308e+01  7.932654e+00  1.510000e+00
   endloop
 endfacet
 facet normal -7.933533e-01  6.087614e-01  0.000000e+00
   outer loop
     vertex  1.494308e+01  7.932654e+00  0.000000e+00
     vertex  1.470470e+01  7.621994e+00  0.000000e+00
     vertex  1.470470e+01  7.621994e+00  1.510000e+00
   endloop
 endfacet
 facet normal -9.238795e-01  3.826834e-01  0.000000e+00
   outer loop
     vertex  1.509293e+01  8.294425e+00  0.000000e+00
     vertex  1.494308e+01  7.932654e+00  1.510000e+00
     vertex  1.509293e+01  8.294425e+00  1.510000e+00
   endloop
 endfacet
 facet normal -9.238795e-01  3.826834e-01  0.000000e+00
   outer loop
     vertex  1.509293e+01  8.294425e+00  0.000000e+00
     vertex  1.494308e+01  7.932654e+00  0.000000e+00
     vertex  1.494308e+01  7.932654e+00  1.510000e+00
   endloop
 endfacet
 facet normal -9.914449e-01  1.305262e-01  0.000000e+00
   outer loop
     vertex  1.514404e+01  8.682654e+00  0.000000e+00
     vertex  1.509293e+01  8.294425e+00  1.510000e+00
     vertex  1.514404e+01  8.682654e+00  1.510000e+00
   endloop
 endfacet
 facet normal -9.914449e-01  1.305262e-01  0.000000e+00
   outer loop
     vertex  1.514404e+01  8.682654e+00  0.000000e+00
     vertex  1.509293e+01  8.294425e+00  0.000000e+00
     vertex  1.509293e+01  8.294425e+00  1.510000e+00
   endloop
 endfacet
 facet normal -9.914449e-01 -1.305262e-01  0.000000e+00
   outer loop
     vertex  1.509293e+01  9.070883e+00  0.000000e+00
     vertex  1.514404e+01  8.682654e+00  1.510000e+00
     vertex  1.509293e+01  9.070883e+00  1.510000e+00
   endloop
 endfacet
 facet normal -9.914449e-01 -1.305262e-01  0.000000e+00
   outer loop
     vertex  1.509293e+01  9.070883e+00  0.000000e+00
     vertex  1.514404e+01  8.682654e+00  0.000000e+00
     vertex  1.514404e+01  8.682654e+00  1.510000e+00
   endloop
 endfacet
 facet normal -9.238795e-01 -3.826834e-01  0.000000e+00
   outer loop
     vertex  1.494308e+01  9.432654e+00  0.000000e+00
     vertex  1.509293e+01  9.070883e+00  1.510000e+00
     vertex  1.494308e+01  9.432654e+00  1.510000e+00
   endloop
 endfacet
 facet normal -9.238795e-01 -3.826834e-01  0.000000e+00
   outer loop
     vertex  1.494308e+01  9.432654e+00  0.000000e+00
     vertex  1.509293e+01  9.070883e+00  0.000000e+00
     vertex  1.509293e+01  9.070883e+00  1.510000e+00
   endloop
 endfacet
 facet normal -7.933533e-01 -6.087614e-01  0.000000e+00
   outer loop
     vertex  1.470470e+01  9.743314e+00  0.000000e+00
     vertex  1.494308e+01  9.432654e+00  1.510000e+00
     vertex  1.470470e+01  9.743314e+00  1.510000e+00
   endloop
 endfacet
 facet normal -7.933533e-01 -6.087614e-01  0.000000e+00
   outer loop
     vertex  1.470470e+01  9.743314e+00  0.000000e+00
     vertex  1.494308e+01  9.432654e+00  0.000000e+00
     vertex  1.494308e+01  9.432654e+00  1.510000e+00
   endloop
 endfacet
 facet normal -6.087614e-01 -7.933533e-01  0.000000e+00
   outer loop
     vertex  1.439404e+01  9.981692e+00  0.000000e+00
     vertex  1.470470e+01  9.743314e+00  1.510000e+00
     vertex  1.439404e+01  9.981692e+00  1.510000e+00
   endloop
 endfacet
 facet normal -6.087614e-01 -7.933533e-01  0.000000e+00
   outer loop
     vertex  1.439404e+01  9.981692e+00  0.000000e+00
     vertex  1.470470e+01  9.743314e+00  0.000000e+00
     vertex  1.470470e+01  9.743314e+00  1.510000e+00
   endloop
 endfacet
 facet normal -3.826834e-01 -9.238795e-01  0.000000e+00
   outer loop
     vertex  1.403227e+01  1.013154e+01  0.000000e+00
     vertex  1.439404e+01  9.981692e+00  1.510000e+00
     vertex  1.403227e+01  1.013154e+01  1.510000e+00
   endloop
 endfacet
 facet normal -3.826834e-01 -9.238795e-01  0.000000e+00
   outer loop
     vertex  1.403227e+01  1.013154e+01  0.000000e+00
     vertex  1.439404e+01  9.981692e+00  0.000000e+00
     vertex  1.439404e+01  9.981692e+00  1.510000e+00
   endloop
 endfacet
 facet normal -1.305262e-01 -9.914449e-01  0.000000e+00
   outer loop
     vertex  1.364404e+01  1.018265e+01  0.000000e+00
     vertex  1.403227e+01  1.013154e+01  1.510000e+00
     vertex  1.364404e+01  1.018265e+01  1.510000e+00
   endloop
 endfacet
 facet normal -1.305262e-01 -9.914449e-01  0.000000e+00
   outer loop
     vertex  1.364404e+01  1.018265e+01  0.000000e+00
     vertex  1.403227e+01  1.013154e+01  0.000000e+00
     vertex  1.403227e+01  1.013154e+01  1.510000e+00
   endloop
 endfacet
 facet normal  1.305262e-01 -9.914449e-01  0.000000e+00
   outer loop
     vertex  1.325582e+01  1.013154e+01  0.000000e+00
     vertex  1.364404e+01  1.018265e+01  1.510000e+00
     vertex  1.325582e+01  1.013154e+01  1.510000e+00
   endloop
 endfacet
 facet normal  1.305262e-01 -9.914449e-01  0.000000e+00
   outer loop
     vertex  1.325582e+01  1.013154e+01  0.000000e+00
     vertex  1.364404e+01  1.018265e+01  0.000000e+00
     vertex  1.364404e+01  1.018265e+01  1.510000e+00
   endloop
 endfacet
 facet normal  3.826834e-01 -9.238795e-01  0.000000e+00
   outer loop
     vertex  1.289404e+01  9.981692e+00  0.000000e+00
     vertex  1.325582e+01  1.013154e+01  0.000000e+00
     vertex  1.325582e+01  1.013154e+01  1.510000e+00
   endloop
 endfacet
 facet normal  3.826834e-01 -9.238795e-01  0.000000e+00
   outer loop
     vertex  1.289404e+01  9.981692e+00  0.000000e+00
     vertex  1.325582e+01  1.013154e+01  1.510000e+00
     vertex  1.289404e+01  9.981692e+00  1.510000e+00
   endloop
 endfacet
 facet normal  6.087614e-01 -7.933533e-01  0.000000e+00
   outer loop
     vertex  1.258338e+01  9.743314e+00  0.000000e+00
     vertex  1.289404e+01  9.981692e+00  0.000000e+00
     vertex  1.289404e+01  9.981692e+00  1.510000e+00
   endloop
 endfacet
 facet normal  7.933533e-01 -6.087614e-01  0.000000e+00
   outer loop
     vertex  1.258338e+01  9.743314e+00  0.000000e+00
     vertex  1.258338e+01  9.743314e+00  1.510000e+00
     vertex  1.234501e+01  9.432654e+00  1.510000e+00
   endloop
 endfacet
 facet normal  6.087614e-01 -7.933533e-01  0.000000e+00
   outer loop
     vertex  1.258338e+01  9.743314e+00  0.000000e+00
     vertex  1.289404e+01  9.981692e+00  1.510000e+00
     vertex  1.258338e+01  9.743314e+00  1.510000e+00
   endloop
 endfacet
 facet normal  7.933533e-01 -6.087614e-01  0.000000e+00
   outer loop
     vertex  1.234501e+01  9.432654e+00  0.000000e+00
     vertex  1.258338e+01  9.743314e+00  0.000000e+00
     vertex  1.234501e+01  9.432654e+00  1.510000e+00
   endloop
 endfacet
 facet normal  9.238795e-01 -3.826834e-01  0.000000e+00
   outer loop
     vertex  1.234501e+01  9.432654e+00  0.000000e+00
     vertex  1.234501e+01  9.432654e+00  1.510000e+00
     vertex  1.219516e+01  9.070883e+00  1.510000e+00
   endloop
 endfacet
 facet normal  9.238795e-01 -3.826834e-01  0.000000e+00
   outer loop
     vertex  1.219516e+01  9.070883e+00  0.000000e+00
     vertex  1.234501e+01  9.432654e+00  0.000000e+00
     vertex  1.219516e+01  9.070883e+00  1.510000e+00
   endloop
 endfacet
 facet normal  9.914449e-01 -1.305262e-01  0.000000e+00
   outer loop
     vertex  1.214404e+01  8.682654e+00  0.000000e+00
     vertex  1.219516e+01  9.070883e+00  0.000000e+00
     vertex  1.219516e+01  9.070883e+00  1.510000e+00
   endloop
 endfacet
 facet normal  9.914449e-01 -1.305262e-01  0.000000e+00
   outer loop
     vertex  1.214404e+01  8.682654e+00  0.000000e+00
     vertex  1.219516e+01  9.070883e+00  1.510000e+00
     vertex  1.214404e+01  8.682654e+00  1.510000e+00
   endloop
 endfacet
 facet normal  9.914449e-01  1.305262e-01 -0.000000e+00
   outer loop
     vertex  1.219516e+01  8.294425e+00  0.000000e+00
     vertex  1.214404e+01  8.682654e+00  1.510000e+00
     vertex  1.219516e+01  8.294425e+00  1.510000e+00
   endloop
 endfacet
 facet normal  9.914449e-01  1.305262e-01  0.000000e+00
   outer loop
     vertex  1.219516e+01  8.294425e+00  0.000000e+00
     vertex  1.214404e+01  8.682654e+00  0.000000e+00
     vertex  1.214404e+01  8.682654e+00  1.510000e+00
   endloop
 endfacet
 facet normal  9.238795e-01  3.826834e-01 -0.000000e+00
   outer loop
     vertex  1.234501e+01  7.932654e+00  0.000000e+00
     vertex  1.219516e+01  8.294425e+00  1.510000e+00
     vertex  1.234501e+01  7.932654e+00  1.510000e+00
   endloop
 endfacet
 facet normal  9.238795e-01  3.826834e-01  0.000000e+00
   outer loop
     vertex  1.234501e+01  7.932654e+00  0.000000e+00
     vertex  1.219516e+01  8.294425e+00  0.000000e+00
     vertex  1.219516e+01  8.294425e+00  1.510000e+00
   endloop
 endfacet
 facet normal  6.087614e-01  7.933533e-01 -0.000000e+00
   outer loop
     vertex  1.258338e+01  7.621994e+00  0.000000e+00
     vertex  1.258338e+01  7.621994e+00  1.510000e+00
     vertex  1.289404e+01  7.383616e+00  1.510000e+00
   endloop
 endfacet
 facet normal  7.933533e-01  6.087614e-01 -0.000000e+00
   outer loop
     vertex  1.258338e+01  7.621994e+00  0.000000e+00
     vertex  1.234501e+01  7.932654e+00  1.510000e+00
     vertex  1.258338e+01  7.621994e+00  1.510000e+00
   endloop
 endfacet
 facet normal  7.933533e-01  6.087614e-01  0.000000e+00
   outer loop
     vertex  1.258338e+01  7.621994e+00  0.000000e+00
     vertex  1.234501e+01  7.932654e+00  0.000000e+00
     vertex  1.234501e+01  7.932654e+00  1.510000e+00
   endloop
 endfacet
 facet normal  6.087614e-01  7.933533e-01 -0.000000e+00
   outer loop
     vertex  1.289404e+01  7.383616e+00  0.000000e+00
     vertex  1.258338e+01  7.621994e+00  0.000000e+00
     vertex  1.289404e+01  7.383616e+00  1.510000e+00
   endloop
 endfacet
 facet normal  3.826834e-01  9.238795e-01 -0.000000e+00
   outer loop
     vertex  1.325582e+01  7.233765e+00  0.000000e+00
     vertex  1.289404e+01  7.383616e+00  1.510000e+00
     vertex  1.325582e+01  7.233765e+00  1.510000e+00
   endloop
 endfacet
 facet normal  3.826834e-01  9.238795e-01  0.000000e+00
   outer loop
     vertex  1.325582e+01  7.233765e+00  0.000000e+00
     vertex  1.289404e+01  7.383616e+00  0.000000e+00
     vertex  1.289404e+01  7.383616e+00  1.510000e+00
   endloop
 endfacet
 facet normal  1.305262e-01  9.914449e-01 -0.000000e+00
   outer loop
     vertex  1.364404e+01  7.182654e+00  0.000000e+00
     vertex  1.325582e+01  7.233765e+00  1.510000e+00
     vertex  1.364404e+01  7.182654e+00  1.510000e+00
   endloop
 endfacet
 facet normal  1.305262e-01  9.914449e-01  0.000000e+00
   outer loop
     vertex  1.364404e+01  7.182654e+00  0.000000e+00
     vertex  1.325582e+01  7.233765e+00  0.000000e+00
     vertex  1.325582e+01  7.233765e+00  1.510000e+00
   endloop
 endfacet
 facet normal -1.305262e-01  9.914449e-01  0.000000e+00
   outer loop
     vertex  2.241411e+01  7.954519e+00  0.000000e+00
     vertex  2.200000e+01  7.900000e+00  0.000000e+00
     vertex  2.200000e+01  7.900000e+00  1.510000e+00
   endloop
 endfacet
 facet normal -1.305262e-01  9.914449e-01  0.000000e+00
   outer loop
     vertex  2.241411e+01  7.954519e+00  0.000000e+00
     vertex  2.200000e+01  7.900000e+00  1.510000e+00
     vertex  2.241411e+01  7.954519e+00  1.510000e+00
   endloop
 endfacet
 facet normal -3.826834e-01  9.238795e-01  0.000000e+00
   outer loop
     vertex  2.280000e+01  8.114359e+00  0.000000e+00
     vertex  2.241411e+01  7.954519e+00  1.510000e+00
     vertex  2.280000e+01  8.114359e+00  1.510000e+00
   endloop
 endfacet
 facet normal -3.826834e-01  9.238795e-01  0.000000e+00
   outer loop
     vertex  2.280000e+01  8.114359e+00  0.000000e+00
     vertex  2.241411e+01  7.954519e+00  0.000000e+00
     vertex  2.241411e+01  7.954519e+00  1.510000e+00
   endloop
 endfacet
 facet normal -6.087614e-01  7.933533e-01  0.000000e+00
   outer loop
     vertex  2.313137e+01  8.368629e+00  0.000000e+00
     vertex  2.280000e+01  8.114359e+00  1.510000e+00
     vertex  2.313137e+01  8.368629e+00  1.510000e+00
   endloop
 endfacet
 facet normal -6.087614e-01  7.933533e-01  0.000000e+00
   outer loop
     vertex  2.313137e+01  8.368629e+00  0.000000e+00
     vertex  2.280000e+01  8.114359e+00  0.000000e+00
     vertex  2.280000e+01  8.114359e+00  1.510000e+00
   endloop
 endfacet
 facet normal -7.933533e-01  6.087614e-01  0.000000e+00
   outer loop
     vertex  2.338564e+01  8.700000e+00  0.000000e+00
     vertex  2.313137e+01  8.368629e+00  1.510000e+00
     vertex  2.338564e+01  8.700000e+00  1.510000e+00
   endloop
 endfacet
 facet normal -7.933533e-01  6.087614e-01  0.000000e+00
   outer loop
     vertex  2.338564e+01  8.700000e+00  0.000000e+00
     vertex  2.313137e+01  8.368629e+00  0.000000e+00
     vertex  2.313137e+01  8.368629e+00  1.510000e+00
   endloop
 endfacet
 facet normal -9.238795e-01  3.826834e-01  0.000000e+00
   outer loop
     vertex  2.354548e+01  9.085890e+00  0.000000e+00
     vertex  2.338564e+01  8.700000e+00  1.510000e+00
     vertex  2.354548e+01  9.085890e+00  1.510000e+00
   endloop
 endfacet
 facet normal -9.238795e-01  3.826834e-01  0.000000e+00
   outer loop
     vertex  2.354548e+01  9.085890e+00  0.000000e+00
     vertex  2.338564e+01  8.700000e+00  0.000000e+00
     vertex  2.338564e+01  8.700000e+00  1.510000e+00
   endloop
 endfacet
 facet normal -9.914449e-01  1.305262e-01  0.000000e+00
   outer loop
     vertex  2.360000e+01  9.500000e+00  0.000000e+00
     vertex  2.354548e+01  9.085890e+00  1.510000e+00
     vertex  2.360000e+01  9.500000e+00  1.510000e+00
   endloop
 endfacet
 facet normal -9.914449e-01  1.305262e-01  0.000000e+00
   outer loop
     vertex  2.360000e+01  9.500000e+00  0.000000e+00
     vertex  2.354548e+01  9.085890e+00  0.000000e+00
     vertex  2.354548e+01  9.085890e+00  1.510000e+00
   endloop
 endfacet
 facet normal -9.914449e-01 -1.305262e-01  0.000000e+00
   outer loop
     vertex  2.354548e+01  9.914110e+00  0.000000e+00
     vertex  2.360000e+01  9.500000e+00  1.510000e+00
     vertex  2.354548e+01  9.914110e+00  1.510000e+00
   endloop
 endfacet
 facet normal -9.914449e-01 -1.305262e-01  0.000000e+00
   outer loop
     vertex  2.354548e+01  9.914110e+00  0.000000e+00
     vertex  2.360000e+01  9.500000e+00  0.000000e+00
     vertex  2.360000e+01  9.500000e+00  1.510000e+00
   endloop
 endfacet
 facet normal -9.238795e-01 -3.826834e-01  0.000000e+00
   outer loop
     vertex  2.338564e+01  1.030000e+01  0.000000e+00
     vertex  2.354548e+01  9.914110e+00  1.510000e+00
     vertex  2.338564e+01  1.030000e+01  1.510000e+00
   endloop
 endfacet
 facet normal -9.238795e-01 -3.826834e-01  0.000000e+00
   outer loop
     vertex  2.338564e+01  1.030000e+01  0.000000e+00
     vertex  2.354548e+01  9.914110e+00  0.000000e+00
     vertex  2.354548e+01  9.914110e+00  1.510000e+00
   endloop
 endfacet
 facet normal -7.933533e-01 -6.087614e-01  0.000000e+00
   outer loop
     vertex  2.313137e+01  1.063137e+01  0.000000e+00
     vertex  2.338564e+01  1.030000e+01  1.510000e+00
     vertex  2.313137e+01  1.063137e+01  1.510000e+00
   endloop
 endfacet
 facet normal -7.933533e-01 -6.087614e-01  0.000000e+00
   outer loop
     vertex  2.313137e+01  1.063137e+01  0.000000e+00
     vertex  2.338564e+01  1.030000e+01  0.000000e+00
     vertex  2.338564e+01  1.030000e+01  1.510000e+00
   endloop
 endfacet
 facet normal -6.087614e-01 -7.933533e-01  0.000000e+00
   outer loop
     vertex  2.280000e+01  1.088564e+01  0.000000e+00
     vertex  2.313137e+01  1.063137e+01  1.510000e+00
     vertex  2.280000e+01  1.088564e+01  1.510000e+00
   endloop
 endfacet
 facet normal -6.087614e-01 -7.933533e-01  0.000000e+00
   outer loop
     vertex  2.280000e+01  1.088564e+01  0.000000e+00
     vertex  2.313137e+01  1.063137e+01  0.000000e+00
     vertex  2.313137e+01  1.063137e+01  1.510000e+00
   endloop
 endfacet
 facet normal -3.826834e-01 -9.238795e-01  0.000000e+00
   outer loop
     vertex  2.241411e+01  1.104548e+01  0.000000e+00
     vertex  2.280000e+01  1.088564e+01  1.510000e+00
     vertex  2.241411e+01  1.104548e+01  1.510000e+00
   endloop
 endfacet
 facet normal -3.826834e-01 -9.238795e-01  0.000000e+00
   outer loop
     vertex  2.241411e+01  1.104548e+01  0.000000e+00
     vertex  2.280000e+01  1.088564e+01  0.000000e+00
     vertex  2.280000e+01  1.088564e+01  1.510000e+00
   endloop
 endfacet
 facet normal -1.305262e-01 -9.914449e-01  0.000000e+00
   outer loop
     vertex  2.200000e+01  1.110000e+01  0.000000e+00
     vertex  2.241411e+01  1.104548e+01  1.510000e+00
     vertex  2.200000e+01  1.110000e+01  1.510000e+00
   endloop
 endfacet
 facet normal -1.305262e-01 -9.914449e-01  0.000000e+00
   outer loop
     vertex  2.200000e+01  1.110000e+01  0.000000e+00
     vertex  2.241411e+01  1.104548e+01  0.000000e+00
     vertex  2.241411e+01  1.104548e+01  1.510000e+00
   endloop
 endfacet
 facet normal  1.305262e-01 -9.914449e-01  0.000000e+00
   outer loop
     vertex  2.158589e+01  1.104548e+01  0.000000e+00
     vertex  2.200000e+01  1.110000e+01  1.510000e+00
     vertex  2.158589e+01  1.104548e+01  1.510000e+00
   endloop
 endfacet
 facet normal  1.305262e-01 -9.914449e-01  0.000000e+00
   outer loop
     vertex  2.158589e+01  1.104548e+01  0.000000e+00
     vertex  2.200000e+01  1.110000e+01  0.000000e+00
     vertex  2.200000e+01  1.110000e+01  1.510000e+00
   endloop
 endfacet
 facet normal  3.826834e-01 -9.238795e-01  0.000000e+00
   outer loop
     vertex  2.120000e+01  1.088564e+01  0.000000e+00
     vertex  2.158589e+01  1.104548e+01  0.000000e+00
     vertex  2.158589e+01  1.104548e+01  1.510000e+00
   endloop
 endfacet
 facet normal  3.826834e-01 -9.238795e-01  0.000000e+00
   outer loop
     vertex  2.120000e+01  1.088564e+01  0.000000e+00
     vertex  2.158589e+01  1.104548e+01  1.510000e+00
     vertex  2.120000e+01  1.088564e+01  1.510000e+00
   endloop
 endfacet
 facet normal  6.087614e-01 -7.933533e-01  0.000000e+00
   outer loop
     vertex  2.086863e+01  1.063137e+01  0.000000e+00
     vertex  2.120000e+01  1.088564e+01  0.000000e+00
     vertex  2.120000e+01  1.088564e+01  1.510000e+00
   endloop
 endfacet
 facet normal  7.933533e-01 -6.087614e-01  0.000000e+00
   outer loop
     vertex  2.086863e+01  1.063137e+01  0.000000e+00
     vertex  2.086863e+01  1.063137e+01  1.510000e+00
     vertex  2.061436e+01  1.030000e+01  1.510000e+00
   endloop
 endfacet
 facet normal  6.087614e-01 -7.933533e-01  0.000000e+00
   outer loop
     vertex  2.086863e+01  1.063137e+01  0.000000e+00
     vertex  2.120000e+01  1.088564e+01  1.510000e+00
     vertex  2.086863e+01  1.063137e+01  1.510000e+00
   endloop
 endfacet
 facet normal  7.933533e-01 -6.087614e-01  0.000000e+00
   outer loop
     vertex  2.061436e+01  1.030000e+01  0.000000e+00
     vertex  2.086863e+01  1.063137e+01  0.000000e+00
     vertex  2.061436e+01  1.030000e+01  1.510000e+00
   endloop
 endfacet
 facet normal  9.238795e-01 -3.826834e-01  0.000000e+00
   outer loop
     vertex  2.061436e+01  1.030000e+01  0.000000e+00
     vertex  2.061436e+01  1.030000e+01  1.510000e+00
     vertex  2.045452e+01  9.914110e+00  1.510000e+00
   endloop
 endfacet
 facet normal  9.238795e-01 -3.826834e-01  0.000000e+00
   outer loop
     vertex  2.045452e+01  9.914110e+00  0.000000e+00
     vertex  2.061436e+01  1.030000e+01  0.000000e+00
     vertex  2.045452e+01  9.914110e+00  1.510000e+00
   endloop
 endfacet
 facet normal  9.914449e-01 -1.305262e-01  0.000000e+00
   outer loop
     vertex  2.040000e+01  9.500000e+00  0.000000e+00
     vertex  2.045452e+01  9.914110e+00  0.000000e+00
     vertex  2.045452e+01  9.914110e+00  1.510000e+00
   endloop
 endfacet
 facet normal  9.914449e-01 -1.305262e-01  0.000000e+00
   outer loop
     vertex  2.040000e+01  9.500000e+00  0.000000e+00
     vertex  2.045452e+01  9.914110e+00  1.510000e+00
     vertex  2.040000e+01  9.500000e+00  1.510000e+00
   endloop
 endfacet
 facet normal  9.914449e-01  1.305262e-01 -0.000000e+00
   outer loop
     vertex  2.045452e+01  9.085890e+00  0.000000e+00
     vertex  2.040000e+01  9.500000e+00  1.510000e+00
     vertex  2.045452e+01  9.085890e+00  1.510000e+00
   endloop
 endfacet
 facet normal  9.914449e-01  1.305262e-01  0.000000e+00
   outer loop
     vertex  2.045452e+01  9.085890e+00  0.000000e+00
     vertex  2.040000e+01  9.500000e+00  0.000000e+00
     vertex  2.040000e+01  9.500000e+00  1.510000e+00
   endloop
 endfacet
 facet normal  9.238795e-01  3.826834e-01 -0.000000e+00
   outer loop
     vertex  2.061436e+01  8.700000e+00  0.000000e+00
     vertex  2.045452e+01  9.085890e+00  1.510000e+00
     vertex  2.061436e+01  8.700000e+00  1.510000e+00
   endloop
 endfacet
 facet normal  9.238795e-01  3.826834e-01  0.000000e+00
   outer loop
     vertex  2.061436e+01  8.700000e+00  0.000000e+00
     vertex  2.045452e+01  9.085890e+00  0.000000e+00
     vertex  2.045452e+01  9.085890e+00  1.510000e+00
   endloop
 endfacet
 facet normal  6.087614e-01  7.933533e-01 -0.000000e+00
   outer loop
     vertex  2.086863e+01  8.368629e+00  0.000000e+00
     vertex  2.086863e+01  8.368629e+00  1.510000e+00
     vertex  2.120000e+01  8.114359e+00  1.510000e+00
   endloop
 endfacet
 facet normal  7.933533e-01  6.087614e-01 -0.000000e+00
   outer loop
     vertex  2.086863e+01  8.368629e+00  0.000000e+00
     vertex  2.061436e+01  8.700000e+00  1.510000e+00
     vertex  2.086863e+01  8.368629e+00  1.510000e+00
   endloop
 endfacet
 facet normal  7.933533e-01  6.087614e-01  0.000000e+00
   outer loop
     vertex  2.086863e+01  8.368629e+00  0.000000e+00
     vertex  2.061436e+01  8.700000e+00  0.000000e+00
     vertex  2.061436e+01  8.700000e+00  1.510000e+00
   endloop
 endfacet
 facet normal  6.087614e-01  7.933533e-01 -0.000000e+00
   outer loop
     vertex  2.120000e+01  8.114359e+00  0.000000e+00
     vertex  2.086863e+01  8.368629e+00  0.000000e+00
     vertex  2.120000e+01  8.114359e+00  1.510000e+00
   endloop
 endfacet
 facet normal  3.826834e-01  9.238795e-01 -0.000000e+00
   outer loop
     vertex  2.158589e+01  7.954519e+00  0.000000e+00
     vertex  2.120000e+01  8.114359e+00  1.510000e+00
     vertex  2.158589e+01  7.954519e+00  1.510000e+00
   endloop
 endfacet
 facet normal  3.826834e-01  9.238795e-01  0.000000e+00
   outer loop
     vertex  2.158589e+01  7.954519e+00  0.000000e+00
     vertex  2.120000e+01  8.114359e+00  0.000000e+00
     vertex  2.120000e+01  8.114359e+00  1.510000e+00
   endloop
 endfacet
 facet normal  1.305262e-01  9.914449e-01 -0.000000e+00
   outer loop
     vertex  2.200000e+01  7.900000e+00  0.000000e+00
     vertex  2.158589e+01  7.954519e+00  1.510000e+00
     vertex  2.200000e+01  7.900000e+00  1.510000e+00
   endloop
 endfacet
 facet normal  1.305262e-01  9.914449e-01  0.000000e+00
   outer loop
     vertex  2.200000e+01  7.900000e+00  0.000000e+00
     vertex  2.158589e+01  7.954519e+00  0.000000e+00
     vertex  2.158589e+01  7.954519e+00  1.510000e+00
   endloop
 endfacet
endsolid
