ISO-10303-21;
HEADER;
FILE_DESCRIPTION(('KiCad electronic assembly'),'2;1');
FILE_NAME('rapid_power_module.step','2026-06-29T12:18:12',('Pcbnew'),(
    'Kicad'),'Open CASCADE STEP processor 7.9','KiCad to STEP converter'
  ,'Unknown');
FILE_SCHEMA(('AUTOMOTIVE_DESIGN { 1 0 10303 214 1 1 1 1 }'));
ENDSEC;
DATA;
#1 = APPLICATION_PROTOCOL_DEFINITION('international standard',
  'automotive_design',2000,#2);
#2 = APPLICATION_CONTEXT(
  'core data for automotive mechanical design processes');
#3 = SHAPE_DEFINITION_REPRESENTATION(#4,#10);
#4 = PRODUCT_DEFINITION_SHAPE('','',#5);
#5 = PRODUCT_DEFINITION('design','',#6,#9);
#6 = PRODUCT_DEFINITION_FORMATION('','',#7);
#7 = PRODUCT('rapid_power_module 1','rapid_power_module 1','',(#8));
#8 = PRODUCT_CONTEXT('',#2,'mechanical');
#9 = PRODUCT_DEFINITION_CONTEXT('part definition',#2,'design');
#10 = SHAPE_REPRESENTATION('',(#11,#15,#19,#23,#27,#31,#35,#39,#43,#47,
    #51,#55,#59),#63);
#11 = AXIS2_PLACEMENT_3D('',#12,#13,#14);
#12 = CARTESIAN_POINT('',(0.,0.,0.));
#13 = DIRECTION('',(0.,0.,1.));
#14 = DIRECTION('',(1.,0.,-0.));
#15 = AXIS2_PLACEMENT_3D('',#16,#17,#18);
#16 = CARTESIAN_POINT('',(5.994044,10.790564,1.595));
#17 = DIRECTION('',(0.,0.,1.));
#18 = DIRECTION('',(1.,0.,0.));
#19 = AXIS2_PLACEMENT_3D('',#20,#21,#22);
#20 = CARTESIAN_POINT('',(-9.778997,0.732654,1.595));
#21 = DIRECTION('',(0.,-0.,1.));
#22 = DIRECTION('',(1.110223024625E-16,1.,0.));
#23 = AXIS2_PLACEMENT_3D('',#24,#25,#26);
#24 = CARTESIAN_POINT('',(1.894044,6.982654,1.595));
#25 = DIRECTION('',(0.,0.,1.));
#26 = DIRECTION('',(1.,0.,0.));
#27 = AXIS2_PLACEMENT_3D('',#28,#29,#30);
#28 = CARTESIAN_POINT('',(7.194044,8.040564,1.595));
#29 = DIRECTION('',(0.,-0.,1.));
#30 = DIRECTION('',(1.110223024625E-16,1.,0.));
#31 = AXIS2_PLACEMENT_3D('',#32,#33,#34);
#32 = CARTESIAN_POINT('',(7.21286,4.182654,1.595));
#33 = DIRECTION('',(-0.,0.,1.));
#34 = DIRECTION('',(1.110223024625E-16,-1.,0.));
#35 = AXIS2_PLACEMENT_3D('',#36,#37,#38);
#36 = CARTESIAN_POINT('',(-10.755956,4.582654,1.595));
#37 = DIRECTION('',(-0.,0.,1.));
#38 = DIRECTION('',(1.110223024625E-16,-1.,0.));
#39 = AXIS2_PLACEMENT_3D('',#40,#41,#42);
#40 = CARTESIAN_POINT('',(-9.778997,-2.567346,1.595));
#41 = DIRECTION('',(-0.,0.,1.));
#42 = DIRECTION('',(1.110223024625E-16,-1.,0.));
#43 = AXIS2_PLACEMENT_3D('',#44,#45,#46);
#44 = CARTESIAN_POINT('',(-5.730956,6.982654,1.595));
#45 = DIRECTION('',(0.,0.,1.));
#46 = DIRECTION('',(-1.,1.224646799147E-16,0.));
#47 = AXIS2_PLACEMENT_3D('',#48,#49,#50);
#48 = CARTESIAN_POINT('',(-2.063997,-0.692346,1.595));
#49 = DIRECTION('',(0.,0.,1.));
#50 = DIRECTION('',(1.,0.,0.));
#51 = AXIS2_PLACEMENT_3D('',#52,#53,#54);
#52 = CARTESIAN_POINT('',(-0.91518,11.033024,1.595));
#53 = DIRECTION('',(0.,0.,1.));
#54 = DIRECTION('',(-1.,1.224646799147E-16,0.));
#55 = AXIS2_PLACEMENT_3D('',#56,#57,#58);
#56 = CARTESIAN_POINT('',(2.794044,11.582654,1.595));
#57 = DIRECTION('',(-0.,0.,1.));
#58 = DIRECTION('',(1.110223024625E-16,-1.,0.));
#59 = AXIS2_PLACEMENT_3D('',#60,#61,#62);
#60 = CARTESIAN_POINT('',(0.,0.,0.));
#61 = DIRECTION('',(0.,0.,1.));
#62 = DIRECTION('',(1.,0.,-0.));
#63 = ( GEOMETRIC_REPRESENTATION_CONTEXT(3) 
GLOBAL_UNCERTAINTY_ASSIGNED_CONTEXT((#67)) GLOBAL_UNIT_ASSIGNED_CONTEXT(
(#64,#65,#66)) REPRESENTATION_CONTEXT('Context #1',
  '3D Context with UNIT and UNCERTAINTY') );
#64 = ( LENGTH_UNIT() NAMED_UNIT(*) SI_UNIT(.MILLI.,.METRE.) );
#65 = ( NAMED_UNIT(*) PLANE_ANGLE_UNIT() SI_UNIT($,.RADIAN.) );
#66 = ( NAMED_UNIT(*) SI_UNIT($,.STERADIAN.) SOLID_ANGLE_UNIT() );
#67 = UNCERTAINTY_MEASURE_WITH_UNIT(LENGTH_MEASURE(1.E-07),#64,
  'distance_accuracy_value','confusion accuracy');
#68 = PRODUCT_RELATED_PRODUCT_CATEGORY('part',$,(#7));
#69 = SHAPE_DEFINITION_REPRESENTATION(#70,#76);
#70 = PRODUCT_DEFINITION_SHAPE('','',#71);
#71 = PRODUCT_DEFINITION('design','',#72,#75);
#72 = PRODUCT_DEFINITION_FORMATION('','',#73);
#73 = PRODUCT('C_0603_1608Metric','C_0603_1608Metric','',(#74));
#74 = PRODUCT_CONTEXT('',#2,'mechanical');
#75 = PRODUCT_DEFINITION_CONTEXT('part definition',#2,'design');
#76 = SHAPE_REPRESENTATION('',(#11,#77),#81);
#77 = AXIS2_PLACEMENT_3D('',#78,#79,#80);
#78 = CARTESIAN_POINT('',(0.,0.,0.));
#79 = DIRECTION('',(0.,0.,1.));
#80 = DIRECTION('',(1.,0.,-0.));
#81 = ( GEOMETRIC_REPRESENTATION_CONTEXT(3) 
GLOBAL_UNCERTAINTY_ASSIGNED_CONTEXT((#85)) GLOBAL_UNIT_ASSIGNED_CONTEXT(
(#82,#83,#84)) REPRESENTATION_CONTEXT('Context #1',
  '3D Context with UNIT and UNCERTAINTY') );
#82 = ( LENGTH_UNIT() NAMED_UNIT(*) SI_UNIT(.MILLI.,.METRE.) );
#83 = ( NAMED_UNIT(*) PLANE_ANGLE_UNIT() SI_UNIT($,.RADIAN.) );
#84 = ( NAMED_UNIT(*) SI_UNIT($,.STERADIAN.) SOLID_ANGLE_UNIT() );
#85 = UNCERTAINTY_MEASURE_WITH_UNIT(LENGTH_MEASURE(1.E-07),#82,
  'distance_accuracy_value','confusion accuracy');
#86 = CONTEXT_DEPENDENT_SHAPE_REPRESENTATION(#87,#89);
#87 = ( REPRESENTATION_RELATIONSHIP('','',#76,#10) 
REPRESENTATION_RELATIONSHIP_WITH_TRANSFORMATION(#88) 
SHAPE_REPRESENTATION_RELATIONSHIP() );
#88 = ITEM_DEFINED_TRANSFORMATION('','',#11,#15);
#89 = PRODUCT_DEFINITION_SHAPE('Placement','Placement of an item',#90);
#90 = NEXT_ASSEMBLY_USAGE_OCCURRENCE('2','C28','',#5,#71,$);
#91 = PRODUCT_RELATED_PRODUCT_CATEGORY('part',$,(#73));
#92 = SHAPE_DEFINITION_REPRESENTATION(#93,#99);
#93 = PRODUCT_DEFINITION_SHAPE('','',#94);
#94 = PRODUCT_DEFINITION('design','',#95,#98);
#95 = PRODUCT_DEFINITION_FORMATION('','',#96);
#96 = PRODUCT('C_0603_1608Metric','C_0603_1608Metric','',(#97));
#97 = PRODUCT_CONTEXT('',#2,'mechanical');
#98 = PRODUCT_DEFINITION_CONTEXT('part definition',#2,'design');
#99 = ADVANCED_BREP_SHAPE_REPRESENTATION('',(#11,#100),#954);
#100 = MANIFOLD_SOLID_BREP('',#101);
#101 = CLOSED_SHELL('',(#102,#178,#209,#234,#259,#283,#307,#332,#357,
    #374,#460,#492,#516,#541,#565,#590,#614,#639,#656,#742,#773,#798,
    #823,#847,#871,#896,#921,#938));
#102 = ADVANCED_FACE('',(#103),#173,.F.);
#103 = FACE_BOUND('',#104,.F.);
#104 = EDGE_LOOP('',(#105,#115,#124,#132,#141,#149,#158,#166));
#105 = ORIENTED_EDGE('',*,*,#106,.F.);
#106 = EDGE_CURVE('',#107,#109,#111,.T.);
#107 = VERTEX_POINT('',#108);
#108 = CARTESIAN_POINT('',(-0.8,-0.4,3.E-02));
#109 = VERTEX_POINT('',#110);
#110 = CARTESIAN_POINT('',(-0.8,-0.4,0.77));
#111 = LINE('',#112,#113);
#112 = CARTESIAN_POINT('',(-0.8,-0.4,0.));
#113 = VECTOR('',#114,1.);
#114 = DIRECTION('',(0.,0.,1.));
#115 = ORIENTED_EDGE('',*,*,#116,.T.);
#116 = EDGE_CURVE('',#107,#117,#119,.T.);
#117 = VERTEX_POINT('',#118);
#118 = CARTESIAN_POINT('',(-0.8,-0.37,0.));
#119 = CIRCLE('',#120,3.E-02);
#120 = AXIS2_PLACEMENT_3D('',#121,#122,#123);
#121 = CARTESIAN_POINT('',(-0.8,-0.37,3.E-02));
#122 = DIRECTION('',(1.,0.,-0.));
#123 = DIRECTION('',(0.,0.,1.));
#124 = ORIENTED_EDGE('',*,*,#125,.T.);
#125 = EDGE_CURVE('',#117,#126,#128,.T.);
#126 = VERTEX_POINT('',#127);
#127 = CARTESIAN_POINT('',(-0.8,0.37,0.));
#128 = LINE('',#129,#130);
#129 = CARTESIAN_POINT('',(-0.8,-0.4,0.));
#130 = VECTOR('',#131,1.);
#131 = DIRECTION('',(0.,1.,0.));
#132 = ORIENTED_EDGE('',*,*,#133,.F.);
#133 = EDGE_CURVE('',#134,#126,#136,.T.);
#134 = VERTEX_POINT('',#135);
#135 = CARTESIAN_POINT('',(-0.8,0.4,3.E-02));
#136 = CIRCLE('',#137,3.E-02);
#137 = AXIS2_PLACEMENT_3D('',#138,#139,#140);
#138 = CARTESIAN_POINT('',(-0.8,0.37,3.E-02));
#139 = DIRECTION('',(-1.,0.,0.));
#140 = DIRECTION('',(0.,0.,1.));
#141 = ORIENTED_EDGE('',*,*,#142,.T.);
#142 = EDGE_CURVE('',#134,#143,#145,.T.);
#143 = VERTEX_POINT('',#144);
#144 = CARTESIAN_POINT('',(-0.8,0.4,0.77));
#145 = LINE('',#146,#147);
#146 = CARTESIAN_POINT('',(-0.8,0.4,0.));
#147 = VECTOR('',#148,1.);
#148 = DIRECTION('',(0.,0.,1.));
#149 = ORIENTED_EDGE('',*,*,#150,.T.);
#150 = EDGE_CURVE('',#143,#151,#153,.T.);
#151 = VERTEX_POINT('',#152);
#152 = CARTESIAN_POINT('',(-0.8,0.37,0.8));
#153 = CIRCLE('',#154,3.E-02);
#154 = AXIS2_PLACEMENT_3D('',#155,#156,#157);
#155 = CARTESIAN_POINT('',(-0.8,0.37,0.77));
#156 = DIRECTION('',(1.,0.,-0.));
#157 = DIRECTION('',(0.,0.,1.));
#158 = ORIENTED_EDGE('',*,*,#159,.F.);
#159 = EDGE_CURVE('',#160,#151,#162,.T.);
#160 = VERTEX_POINT('',#161);
#161 = CARTESIAN_POINT('',(-0.8,-0.37,0.8));
#162 = LINE('',#163,#164);
#163 = CARTESIAN_POINT('',(-0.8,-0.4,0.8));
#164 = VECTOR('',#165,1.);
#165 = DIRECTION('',(0.,1.,0.));
#166 = ORIENTED_EDGE('',*,*,#167,.F.);
#167 = EDGE_CURVE('',#109,#160,#168,.T.);
#168 = CIRCLE('',#169,3.E-02);
#169 = AXIS2_PLACEMENT_3D('',#170,#171,#172);
#170 = CARTESIAN_POINT('',(-0.8,-0.37,0.77));
#171 = DIRECTION('',(-1.,0.,0.));
#172 = DIRECTION('',(0.,0.,1.));
#173 = PLANE('',#174);
#174 = AXIS2_PLACEMENT_3D('',#175,#176,#177);
#175 = CARTESIAN_POINT('',(-0.8,-0.4,0.));
#176 = DIRECTION('',(1.,0.,0.));
#177 = DIRECTION('',(0.,0.,1.));
#178 = ADVANCED_FACE('',(#179),#204,.F.);
#179 = FACE_BOUND('',#180,.F.);
#180 = EDGE_LOOP('',(#181,#191,#197,#198));
#181 = ORIENTED_EDGE('',*,*,#182,.F.);
#182 = EDGE_CURVE('',#183,#185,#187,.T.);
#183 = VERTEX_POINT('',#184);
#184 = CARTESIAN_POINT('',(-0.5,-0.4,3.E-02));
#185 = VERTEX_POINT('',#186);
#186 = CARTESIAN_POINT('',(-0.5,-0.4,0.77));
#187 = LINE('',#188,#189);
#188 = CARTESIAN_POINT('',(-0.5,-0.4,0.));
#189 = VECTOR('',#190,1.);
#190 = DIRECTION('',(0.,0.,1.));
#191 = ORIENTED_EDGE('',*,*,#192,.F.);
#192 = EDGE_CURVE('',#107,#183,#193,.T.);
#193 = LINE('',#194,#195);
#194 = CARTESIAN_POINT('',(-0.8,-0.4,3.E-02));
#195 = VECTOR('',#196,1.);
#196 = DIRECTION('',(1.,0.,0.));
#197 = ORIENTED_EDGE('',*,*,#106,.T.);
#198 = ORIENTED_EDGE('',*,*,#199,.T.);
#199 = EDGE_CURVE('',#109,#185,#200,.T.);
#200 = LINE('',#201,#202);
#201 = CARTESIAN_POINT('',(-0.8,-0.4,0.77));
#202 = VECTOR('',#203,1.);
#203 = DIRECTION('',(1.,0.,0.));
#204 = PLANE('',#205);
#205 = AXIS2_PLACEMENT_3D('',#206,#207,#208);
#206 = CARTESIAN_POINT('',(-0.8,-0.4,0.));
#207 = DIRECTION('',(0.,1.,0.));
#208 = DIRECTION('',(0.,-0.,1.));
#209 = ADVANCED_FACE('',(#210),#229,.T.);
#210 = FACE_BOUND('',#211,.T.);
#211 = EDGE_LOOP('',(#212,#213,#221,#228));
#212 = ORIENTED_EDGE('',*,*,#116,.T.);
#213 = ORIENTED_EDGE('',*,*,#214,.T.);
#214 = EDGE_CURVE('',#117,#215,#217,.T.);
#215 = VERTEX_POINT('',#216);
#216 = CARTESIAN_POINT('',(-0.5,-0.37,0.));
#217 = LINE('',#218,#219);
#218 = CARTESIAN_POINT('',(-0.8,-0.37,0.));
#219 = VECTOR('',#220,1.);
#220 = DIRECTION('',(1.,0.,0.));
#221 = ORIENTED_EDGE('',*,*,#222,.F.);
#222 = EDGE_CURVE('',#183,#215,#223,.T.);
#223 = CIRCLE('',#224,3.E-02);
#224 = AXIS2_PLACEMENT_3D('',#225,#226,#227);
#225 = CARTESIAN_POINT('',(-0.5,-0.37,3.E-02));
#226 = DIRECTION('',(1.,0.,-0.));
#227 = DIRECTION('',(0.,0.,1.));
#228 = ORIENTED_EDGE('',*,*,#192,.F.);
#229 = CYLINDRICAL_SURFACE('',#230,3.E-02);
#230 = AXIS2_PLACEMENT_3D('',#231,#232,#233);
#231 = CARTESIAN_POINT('',(-0.8,-0.37,3.E-02));
#232 = DIRECTION('',(1.,0.,0.));
#233 = DIRECTION('',(0.,-1.,0.));
#234 = ADVANCED_FACE('',(#235),#254,.T.);
#235 = FACE_BOUND('',#236,.T.);
#236 = EDGE_LOOP('',(#237,#238,#247,#253));
#237 = ORIENTED_EDGE('',*,*,#199,.T.);
#238 = ORIENTED_EDGE('',*,*,#239,.T.);
#239 = EDGE_CURVE('',#185,#240,#242,.T.);
#240 = VERTEX_POINT('',#241);
#241 = CARTESIAN_POINT('',(-0.5,-0.37,0.8));
#242 = CIRCLE('',#243,3.E-02);
#243 = AXIS2_PLACEMENT_3D('',#244,#245,#246);
#244 = CARTESIAN_POINT('',(-0.5,-0.37,0.77));
#245 = DIRECTION('',(-1.,0.,0.));
#246 = DIRECTION('',(0.,0.,1.));
#247 = ORIENTED_EDGE('',*,*,#248,.F.);
#248 = EDGE_CURVE('',#160,#240,#249,.T.);
#249 = LINE('',#250,#251);
#250 = CARTESIAN_POINT('',(-0.8,-0.37,0.8));
#251 = VECTOR('',#252,1.);
#252 = DIRECTION('',(1.,0.,0.));
#253 = ORIENTED_EDGE('',*,*,#167,.F.);
#254 = CYLINDRICAL_SURFACE('',#255,3.E-02);
#255 = AXIS2_PLACEMENT_3D('',#256,#257,#258);
#256 = CARTESIAN_POINT('',(-0.8,-0.37,0.77));
#257 = DIRECTION('',(1.,0.,0.));
#258 = DIRECTION('',(0.,-1.,0.));
#259 = ADVANCED_FACE('',(#260),#278,.F.);
#260 = FACE_BOUND('',#261,.F.);
#261 = EDGE_LOOP('',(#262,#263,#264,#272));
#262 = ORIENTED_EDGE('',*,*,#125,.F.);
#263 = ORIENTED_EDGE('',*,*,#214,.T.);
#264 = ORIENTED_EDGE('',*,*,#265,.T.);
#265 = EDGE_CURVE('',#215,#266,#268,.T.);
#266 = VERTEX_POINT('',#267);
#267 = CARTESIAN_POINT('',(-0.5,0.37,0.));
#268 = LINE('',#269,#270);
#269 = CARTESIAN_POINT('',(-0.5,-0.4,0.));
#270 = VECTOR('',#271,1.);
#271 = DIRECTION('',(0.,1.,0.));
#272 = ORIENTED_EDGE('',*,*,#273,.F.);
#273 = EDGE_CURVE('',#126,#266,#274,.T.);
#274 = LINE('',#275,#276);
#275 = CARTESIAN_POINT('',(-0.8,0.37,0.));
#276 = VECTOR('',#277,1.);
#277 = DIRECTION('',(1.,0.,0.));
#278 = PLANE('',#279);
#279 = AXIS2_PLACEMENT_3D('',#280,#281,#282);
#280 = CARTESIAN_POINT('',(-0.8,-0.4,0.));
#281 = DIRECTION('',(0.,0.,1.));
#282 = DIRECTION('',(1.,0.,-0.));
#283 = ADVANCED_FACE('',(#284),#302,.T.);
#284 = FACE_BOUND('',#285,.T.);
#285 = EDGE_LOOP('',(#286,#287,#288,#296));
#286 = ORIENTED_EDGE('',*,*,#159,.F.);
#287 = ORIENTED_EDGE('',*,*,#248,.T.);
#288 = ORIENTED_EDGE('',*,*,#289,.T.);
#289 = EDGE_CURVE('',#240,#290,#292,.T.);
#290 = VERTEX_POINT('',#291);
#291 = CARTESIAN_POINT('',(-0.5,0.37,0.8));
#292 = LINE('',#293,#294);
#293 = CARTESIAN_POINT('',(-0.5,-0.4,0.8));
#294 = VECTOR('',#295,1.);
#295 = DIRECTION('',(0.,1.,0.));
#296 = ORIENTED_EDGE('',*,*,#297,.F.);
#297 = EDGE_CURVE('',#151,#290,#298,.T.);
#298 = LINE('',#299,#300);
#299 = CARTESIAN_POINT('',(-0.8,0.37,0.8));
#300 = VECTOR('',#301,1.);
#301 = DIRECTION('',(1.,0.,0.));
#302 = PLANE('',#303);
#303 = AXIS2_PLACEMENT_3D('',#304,#305,#306);
#304 = CARTESIAN_POINT('',(-0.8,-0.4,0.8));
#305 = DIRECTION('',(0.,0.,1.));
#306 = DIRECTION('',(1.,0.,-0.));
#307 = ADVANCED_FACE('',(#308),#327,.T.);
#308 = FACE_BOUND('',#309,.T.);
#309 = EDGE_LOOP('',(#310,#318,#325,#326));
#310 = ORIENTED_EDGE('',*,*,#311,.T.);
#311 = EDGE_CURVE('',#134,#312,#314,.T.);
#312 = VERTEX_POINT('',#313);
#313 = CARTESIAN_POINT('',(-0.5,0.4,3.E-02));
#314 = LINE('',#315,#316);
#315 = CARTESIAN_POINT('',(-0.8,0.4,3.E-02));
#316 = VECTOR('',#317,1.);
#317 = DIRECTION('',(1.,0.,0.));
#318 = ORIENTED_EDGE('',*,*,#319,.T.);
#319 = EDGE_CURVE('',#312,#266,#320,.T.);
#320 = CIRCLE('',#321,3.E-02);
#321 = AXIS2_PLACEMENT_3D('',#322,#323,#324);
#322 = CARTESIAN_POINT('',(-0.5,0.37,3.E-02));
#323 = DIRECTION('',(-1.,0.,0.));
#324 = DIRECTION('',(0.,0.,1.));
#325 = ORIENTED_EDGE('',*,*,#273,.F.);
#326 = ORIENTED_EDGE('',*,*,#133,.F.);
#327 = CYLINDRICAL_SURFACE('',#328,3.E-02);
#328 = AXIS2_PLACEMENT_3D('',#329,#330,#331);
#329 = CARTESIAN_POINT('',(-0.8,0.37,3.E-02));
#330 = DIRECTION('',(1.,0.,0.));
#331 = DIRECTION('',(-0.,1.,0.));
#332 = ADVANCED_FACE('',(#333),#352,.T.);
#333 = FACE_BOUND('',#334,.T.);
#334 = EDGE_LOOP('',(#335,#336,#337,#346));
#335 = ORIENTED_EDGE('',*,*,#150,.T.);
#336 = ORIENTED_EDGE('',*,*,#297,.T.);
#337 = ORIENTED_EDGE('',*,*,#338,.F.);
#338 = EDGE_CURVE('',#339,#290,#341,.T.);
#339 = VERTEX_POINT('',#340);
#340 = CARTESIAN_POINT('',(-0.5,0.4,0.77));
#341 = CIRCLE('',#342,3.E-02);
#342 = AXIS2_PLACEMENT_3D('',#343,#344,#345);
#343 = CARTESIAN_POINT('',(-0.5,0.37,0.77));
#344 = DIRECTION('',(1.,0.,-0.));
#345 = DIRECTION('',(0.,0.,1.));
#346 = ORIENTED_EDGE('',*,*,#347,.F.);
#347 = EDGE_CURVE('',#143,#339,#348,.T.);
#348 = LINE('',#349,#350);
#349 = CARTESIAN_POINT('',(-0.8,0.4,0.77));
#350 = VECTOR('',#351,1.);
#351 = DIRECTION('',(1.,0.,0.));
#352 = CYLINDRICAL_SURFACE('',#353,3.E-02);
#353 = AXIS2_PLACEMENT_3D('',#354,#355,#356);
#354 = CARTESIAN_POINT('',(-0.8,0.37,0.77));
#355 = DIRECTION('',(1.,0.,0.));
#356 = DIRECTION('',(-0.,1.,0.));
#357 = ADVANCED_FACE('',(#358),#369,.T.);
#358 = FACE_BOUND('',#359,.T.);
#359 = EDGE_LOOP('',(#360,#366,#367,#368));
#360 = ORIENTED_EDGE('',*,*,#361,.F.);
#361 = EDGE_CURVE('',#312,#339,#362,.T.);
#362 = LINE('',#363,#364);
#363 = CARTESIAN_POINT('',(-0.5,0.4,0.));
#364 = VECTOR('',#365,1.);
#365 = DIRECTION('',(0.,0.,1.));
#366 = ORIENTED_EDGE('',*,*,#311,.F.);
#367 = ORIENTED_EDGE('',*,*,#142,.T.);
#368 = ORIENTED_EDGE('',*,*,#347,.T.);
#369 = PLANE('',#370);
#370 = AXIS2_PLACEMENT_3D('',#371,#372,#373);
#371 = CARTESIAN_POINT('',(-0.8,0.4,0.));
#372 = DIRECTION('',(0.,1.,0.));
#373 = DIRECTION('',(0.,-0.,1.));
#374 = ADVANCED_FACE('',(#375,#385),#455,.T.);
#375 = FACE_BOUND('',#376,.T.);
#376 = EDGE_LOOP('',(#377,#378,#379,#380,#381,#382,#383,#384));
#377 = ORIENTED_EDGE('',*,*,#182,.F.);
#378 = ORIENTED_EDGE('',*,*,#222,.T.);
#379 = ORIENTED_EDGE('',*,*,#265,.T.);
#380 = ORIENTED_EDGE('',*,*,#319,.F.);
#381 = ORIENTED_EDGE('',*,*,#361,.T.);
#382 = ORIENTED_EDGE('',*,*,#338,.T.);
#383 = ORIENTED_EDGE('',*,*,#289,.F.);
#384 = ORIENTED_EDGE('',*,*,#239,.F.);
#385 = FACE_BOUND('',#386,.T.);
#386 = EDGE_LOOP('',(#387,#398,#406,#415,#423,#432,#440,#449));
#387 = ORIENTED_EDGE('',*,*,#388,.F.);
#388 = EDGE_CURVE('',#389,#391,#393,.T.);
#389 = VERTEX_POINT('',#390);
#390 = CARTESIAN_POINT('',(-0.5,-0.37,6.E-02));
#391 = VERTEX_POINT('',#392);
#392 = CARTESIAN_POINT('',(-0.5,-0.34,3.E-02));
#393 = CIRCLE('',#394,3.E-02);
#394 = AXIS2_PLACEMENT_3D('',#395,#396,#397);
#395 = CARTESIAN_POINT('',(-0.5,-0.34,6.E-02));
#396 = DIRECTION('',(1.,0.,-0.));
#397 = DIRECTION('',(0.,0.,1.));
#398 = ORIENTED_EDGE('',*,*,#399,.T.);
#399 = EDGE_CURVE('',#389,#400,#402,.T.);
#400 = VERTEX_POINT('',#401);
#401 = CARTESIAN_POINT('',(-0.5,-0.37,0.74));
#402 = LINE('',#403,#404);
#403 = CARTESIAN_POINT('',(-0.5,-0.37,3.E-02));
#404 = VECTOR('',#405,1.);
#405 = DIRECTION('',(0.,0.,1.));
#406 = ORIENTED_EDGE('',*,*,#407,.T.);
#407 = EDGE_CURVE('',#400,#408,#410,.T.);
#408 = VERTEX_POINT('',#409);
#409 = CARTESIAN_POINT('',(-0.5,-0.34,0.77));
#410 = CIRCLE('',#411,3.E-02);
#411 = AXIS2_PLACEMENT_3D('',#412,#413,#414);
#412 = CARTESIAN_POINT('',(-0.5,-0.34,0.74));
#413 = DIRECTION('',(-1.,0.,0.));
#414 = DIRECTION('',(0.,0.,1.));
#415 = ORIENTED_EDGE('',*,*,#416,.T.);
#416 = EDGE_CURVE('',#408,#417,#419,.T.);
#417 = VERTEX_POINT('',#418);
#418 = CARTESIAN_POINT('',(-0.5,0.34,0.77));
#419 = LINE('',#420,#421);
#420 = CARTESIAN_POINT('',(-0.5,-0.37,0.77));
#421 = VECTOR('',#422,1.);
#422 = DIRECTION('',(0.,1.,0.));
#423 = ORIENTED_EDGE('',*,*,#424,.F.);
#424 = EDGE_CURVE('',#425,#417,#427,.T.);
#425 = VERTEX_POINT('',#426);
#426 = CARTESIAN_POINT('',(-0.5,0.37,0.74));
#427 = CIRCLE('',#428,3.E-02);
#428 = AXIS2_PLACEMENT_3D('',#429,#430,#431);
#429 = CARTESIAN_POINT('',(-0.5,0.34,0.74));
#430 = DIRECTION('',(1.,0.,-0.));
#431 = DIRECTION('',(0.,0.,1.));
#432 = ORIENTED_EDGE('',*,*,#433,.F.);
#433 = EDGE_CURVE('',#434,#425,#436,.T.);
#434 = VERTEX_POINT('',#435);
#435 = CARTESIAN_POINT('',(-0.5,0.37,6.E-02));
#436 = LINE('',#437,#438);
#437 = CARTESIAN_POINT('',(-0.5,0.37,3.E-02));
#438 = VECTOR('',#439,1.);
#439 = DIRECTION('',(0.,0.,1.));
#440 = ORIENTED_EDGE('',*,*,#441,.T.);
#441 = EDGE_CURVE('',#434,#442,#444,.T.);
#442 = VERTEX_POINT('',#443);
#443 = CARTESIAN_POINT('',(-0.5,0.34,3.E-02));
#444 = CIRCLE('',#445,3.E-02);
#445 = AXIS2_PLACEMENT_3D('',#446,#447,#448);
#446 = CARTESIAN_POINT('',(-0.5,0.34,6.E-02));
#447 = DIRECTION('',(-1.,0.,0.));
#448 = DIRECTION('',(0.,0.,1.));
#449 = ORIENTED_EDGE('',*,*,#450,.F.);
#450 = EDGE_CURVE('',#391,#442,#451,.T.);
#451 = LINE('',#452,#453);
#452 = CARTESIAN_POINT('',(-0.5,-0.37,3.E-02));
#453 = VECTOR('',#454,1.);
#454 = DIRECTION('',(0.,1.,0.));
#455 = PLANE('',#456);
#456 = AXIS2_PLACEMENT_3D('',#457,#458,#459);
#457 = CARTESIAN_POINT('',(-0.5,-0.4,0.));
#458 = DIRECTION('',(1.,0.,0.));
#459 = DIRECTION('',(0.,0.,1.));
#460 = ADVANCED_FACE('',(#461),#487,.T.);
#461 = FACE_BOUND('',#462,.T.);
#462 = EDGE_LOOP('',(#463,#464,#472,#481));
#463 = ORIENTED_EDGE('',*,*,#388,.T.);
#464 = ORIENTED_EDGE('',*,*,#465,.T.);
#465 = EDGE_CURVE('',#391,#466,#468,.T.);
#466 = VERTEX_POINT('',#467);
#467 = CARTESIAN_POINT('',(0.5,-0.34,3.E-02));
#468 = LINE('',#469,#470);
#469 = CARTESIAN_POINT('',(-0.5,-0.34,3.E-02));
#470 = VECTOR('',#471,1.);
#471 = DIRECTION('',(1.,0.,0.));
#472 = ORIENTED_EDGE('',*,*,#473,.F.);
#473 = EDGE_CURVE('',#474,#466,#476,.T.);
#474 = VERTEX_POINT('',#475);
#475 = CARTESIAN_POINT('',(0.5,-0.37,6.E-02));
#476 = CIRCLE('',#477,3.E-02);
#477 = AXIS2_PLACEMENT_3D('',#478,#479,#480);
#478 = CARTESIAN_POINT('',(0.5,-0.34,6.E-02));
#479 = DIRECTION('',(1.,0.,-0.));
#480 = DIRECTION('',(0.,0.,1.));
#481 = ORIENTED_EDGE('',*,*,#482,.F.);
#482 = EDGE_CURVE('',#389,#474,#483,.T.);
#483 = LINE('',#484,#485);
#484 = CARTESIAN_POINT('',(-0.5,-0.37,6.E-02));
#485 = VECTOR('',#486,1.);
#486 = DIRECTION('',(1.,0.,0.));
#487 = CYLINDRICAL_SURFACE('',#488,3.E-02);
#488 = AXIS2_PLACEMENT_3D('',#489,#490,#491);
#489 = CARTESIAN_POINT('',(-0.5,-0.34,6.E-02));
#490 = DIRECTION('',(1.,0.,0.));
#491 = DIRECTION('',(0.,-1.,0.));
#492 = ADVANCED_FACE('',(#493),#511,.F.);
#493 = FACE_BOUND('',#494,.F.);
#494 = EDGE_LOOP('',(#495,#496,#497,#505));
#495 = ORIENTED_EDGE('',*,*,#450,.F.);
#496 = ORIENTED_EDGE('',*,*,#465,.T.);
#497 = ORIENTED_EDGE('',*,*,#498,.T.);
#498 = EDGE_CURVE('',#466,#499,#501,.T.);
#499 = VERTEX_POINT('',#500);
#500 = CARTESIAN_POINT('',(0.5,0.34,3.E-02));
#501 = LINE('',#502,#503);
#502 = CARTESIAN_POINT('',(0.5,-0.37,3.E-02));
#503 = VECTOR('',#504,1.);
#504 = DIRECTION('',(0.,1.,0.));
#505 = ORIENTED_EDGE('',*,*,#506,.F.);
#506 = EDGE_CURVE('',#442,#499,#507,.T.);
#507 = LINE('',#508,#509);
#508 = CARTESIAN_POINT('',(-0.5,0.34,3.E-02));
#509 = VECTOR('',#510,1.);
#510 = DIRECTION('',(1.,0.,0.));
#511 = PLANE('',#512);
#512 = AXIS2_PLACEMENT_3D('',#513,#514,#515);
#513 = CARTESIAN_POINT('',(-0.5,-0.37,3.E-02));
#514 = DIRECTION('',(0.,0.,1.));
#515 = DIRECTION('',(1.,0.,-0.));
#516 = ADVANCED_FACE('',(#517),#536,.T.);
#517 = FACE_BOUND('',#518,.T.);
#518 = EDGE_LOOP('',(#519,#527,#534,#535));
#519 = ORIENTED_EDGE('',*,*,#520,.T.);
#520 = EDGE_CURVE('',#434,#521,#523,.T.);
#521 = VERTEX_POINT('',#522);
#522 = CARTESIAN_POINT('',(0.5,0.37,6.E-02));
#523 = LINE('',#524,#525);
#524 = CARTESIAN_POINT('',(-0.5,0.37,6.E-02));
#525 = VECTOR('',#526,1.);
#526 = DIRECTION('',(1.,0.,0.));
#527 = ORIENTED_EDGE('',*,*,#528,.T.);
#528 = EDGE_CURVE('',#521,#499,#529,.T.);
#529 = CIRCLE('',#530,3.E-02);
#530 = AXIS2_PLACEMENT_3D('',#531,#532,#533);
#531 = CARTESIAN_POINT('',(0.5,0.34,6.E-02));
#532 = DIRECTION('',(-1.,0.,0.));
#533 = DIRECTION('',(0.,0.,1.));
#534 = ORIENTED_EDGE('',*,*,#506,.F.);
#535 = ORIENTED_EDGE('',*,*,#441,.F.);
#536 = CYLINDRICAL_SURFACE('',#537,3.E-02);
#537 = AXIS2_PLACEMENT_3D('',#538,#539,#540);
#538 = CARTESIAN_POINT('',(-0.5,0.34,6.E-02));
#539 = DIRECTION('',(1.,0.,0.));
#540 = DIRECTION('',(-0.,1.,0.));
#541 = ADVANCED_FACE('',(#542),#560,.T.);
#542 = FACE_BOUND('',#543,.T.);
#543 = EDGE_LOOP('',(#544,#552,#553,#554));
#544 = ORIENTED_EDGE('',*,*,#545,.F.);
#545 = EDGE_CURVE('',#521,#546,#548,.T.);
#546 = VERTEX_POINT('',#547);
#547 = CARTESIAN_POINT('',(0.5,0.37,0.74));
#548 = LINE('',#549,#550);
#549 = CARTESIAN_POINT('',(0.5,0.37,3.E-02));
#550 = VECTOR('',#551,1.);
#551 = DIRECTION('',(0.,0.,1.));
#552 = ORIENTED_EDGE('',*,*,#520,.F.);
#553 = ORIENTED_EDGE('',*,*,#433,.T.);
#554 = ORIENTED_EDGE('',*,*,#555,.T.);
#555 = EDGE_CURVE('',#425,#546,#556,.T.);
#556 = LINE('',#557,#558);
#557 = CARTESIAN_POINT('',(-0.5,0.37,0.74));
#558 = VECTOR('',#559,1.);
#559 = DIRECTION('',(1.,0.,0.));
#560 = PLANE('',#561);
#561 = AXIS2_PLACEMENT_3D('',#562,#563,#564);
#562 = CARTESIAN_POINT('',(-0.5,0.37,3.E-02));
#563 = DIRECTION('',(0.,1.,0.));
#564 = DIRECTION('',(0.,-0.,1.));
#565 = ADVANCED_FACE('',(#566),#585,.T.);
#566 = FACE_BOUND('',#567,.T.);
#567 = EDGE_LOOP('',(#568,#569,#577,#584));
#568 = ORIENTED_EDGE('',*,*,#424,.T.);
#569 = ORIENTED_EDGE('',*,*,#570,.T.);
#570 = EDGE_CURVE('',#417,#571,#573,.T.);
#571 = VERTEX_POINT('',#572);
#572 = CARTESIAN_POINT('',(0.5,0.34,0.77));
#573 = LINE('',#574,#575);
#574 = CARTESIAN_POINT('',(-0.5,0.34,0.77));
#575 = VECTOR('',#576,1.);
#576 = DIRECTION('',(1.,0.,0.));
#577 = ORIENTED_EDGE('',*,*,#578,.F.);
#578 = EDGE_CURVE('',#546,#571,#579,.T.);
#579 = CIRCLE('',#580,3.E-02);
#580 = AXIS2_PLACEMENT_3D('',#581,#582,#583);
#581 = CARTESIAN_POINT('',(0.5,0.34,0.74));
#582 = DIRECTION('',(1.,0.,-0.));
#583 = DIRECTION('',(0.,0.,1.));
#584 = ORIENTED_EDGE('',*,*,#555,.F.);
#585 = CYLINDRICAL_SURFACE('',#586,3.E-02);
#586 = AXIS2_PLACEMENT_3D('',#587,#588,#589);
#587 = CARTESIAN_POINT('',(-0.5,0.34,0.74));
#588 = DIRECTION('',(1.,0.,0.));
#589 = DIRECTION('',(-0.,1.,0.));
#590 = ADVANCED_FACE('',(#591),#609,.T.);
#591 = FACE_BOUND('',#592,.T.);
#592 = EDGE_LOOP('',(#593,#594,#602,#608));
#593 = ORIENTED_EDGE('',*,*,#416,.F.);
#594 = ORIENTED_EDGE('',*,*,#595,.T.);
#595 = EDGE_CURVE('',#408,#596,#598,.T.);
#596 = VERTEX_POINT('',#597);
#597 = CARTESIAN_POINT('',(0.5,-0.34,0.77));
#598 = LINE('',#599,#600);
#599 = CARTESIAN_POINT('',(-0.5,-0.34,0.77));
#600 = VECTOR('',#601,1.);
#601 = DIRECTION('',(1.,0.,0.));
#602 = ORIENTED_EDGE('',*,*,#603,.T.);
#603 = EDGE_CURVE('',#596,#571,#604,.T.);
#604 = LINE('',#605,#606);
#605 = CARTESIAN_POINT('',(0.5,-0.37,0.77));
#606 = VECTOR('',#607,1.);
#607 = DIRECTION('',(0.,1.,0.));
#608 = ORIENTED_EDGE('',*,*,#570,.F.);
#609 = PLANE('',#610);
#610 = AXIS2_PLACEMENT_3D('',#611,#612,#613);
#611 = CARTESIAN_POINT('',(-0.5,-0.37,0.77));
#612 = DIRECTION('',(0.,0.,1.));
#613 = DIRECTION('',(1.,0.,-0.));
#614 = ADVANCED_FACE('',(#615),#634,.T.);
#615 = FACE_BOUND('',#616,.T.);
#616 = EDGE_LOOP('',(#617,#625,#632,#633));
#617 = ORIENTED_EDGE('',*,*,#618,.T.);
#618 = EDGE_CURVE('',#400,#619,#621,.T.);
#619 = VERTEX_POINT('',#620);
#620 = CARTESIAN_POINT('',(0.5,-0.37,0.74));
#621 = LINE('',#622,#623);
#622 = CARTESIAN_POINT('',(-0.5,-0.37,0.74));
#623 = VECTOR('',#624,1.);
#624 = DIRECTION('',(1.,0.,0.));
#625 = ORIENTED_EDGE('',*,*,#626,.T.);
#626 = EDGE_CURVE('',#619,#596,#627,.T.);
#627 = CIRCLE('',#628,3.E-02);
#628 = AXIS2_PLACEMENT_3D('',#629,#630,#631);
#629 = CARTESIAN_POINT('',(0.5,-0.34,0.74));
#630 = DIRECTION('',(-1.,0.,0.));
#631 = DIRECTION('',(0.,0.,1.));
#632 = ORIENTED_EDGE('',*,*,#595,.F.);
#633 = ORIENTED_EDGE('',*,*,#407,.F.);
#634 = CYLINDRICAL_SURFACE('',#635,3.E-02);
#635 = AXIS2_PLACEMENT_3D('',#636,#637,#638);
#636 = CARTESIAN_POINT('',(-0.5,-0.34,0.74));
#637 = DIRECTION('',(1.,0.,0.));
#638 = DIRECTION('',(0.,-1.,0.));
#639 = ADVANCED_FACE('',(#640),#651,.F.);
#640 = FACE_BOUND('',#641,.F.);
#641 = EDGE_LOOP('',(#642,#648,#649,#650));
#642 = ORIENTED_EDGE('',*,*,#643,.F.);
#643 = EDGE_CURVE('',#474,#619,#644,.T.);
#644 = LINE('',#645,#646);
#645 = CARTESIAN_POINT('',(0.5,-0.37,3.E-02));
#646 = VECTOR('',#647,1.);
#647 = DIRECTION('',(0.,0.,1.));
#648 = ORIENTED_EDGE('',*,*,#482,.F.);
#649 = ORIENTED_EDGE('',*,*,#399,.T.);
#650 = ORIENTED_EDGE('',*,*,#618,.T.);
#651 = PLANE('',#652);
#652 = AXIS2_PLACEMENT_3D('',#653,#654,#655);
#653 = CARTESIAN_POINT('',(-0.5,-0.37,3.E-02));
#654 = DIRECTION('',(0.,1.,0.));
#655 = DIRECTION('',(0.,-0.,1.));
#656 = ADVANCED_FACE('',(#657,#727),#737,.F.);
#657 = FACE_BOUND('',#658,.F.);
#658 = EDGE_LOOP('',(#659,#669,#678,#686,#695,#703,#712,#720));
#659 = ORIENTED_EDGE('',*,*,#660,.F.);
#660 = EDGE_CURVE('',#661,#663,#665,.T.);
#661 = VERTEX_POINT('',#662);
#662 = CARTESIAN_POINT('',(0.5,-0.4,3.E-02));
#663 = VERTEX_POINT('',#664);
#664 = CARTESIAN_POINT('',(0.5,-0.4,0.77));
#665 = LINE('',#666,#667);
#666 = CARTESIAN_POINT('',(0.5,-0.4,0.));
#667 = VECTOR('',#668,1.);
#668 = DIRECTION('',(0.,0.,1.));
#669 = ORIENTED_EDGE('',*,*,#670,.T.);
#670 = EDGE_CURVE('',#661,#671,#673,.T.);
#671 = VERTEX_POINT('',#672);
#672 = CARTESIAN_POINT('',(0.5,-0.37,0.));
#673 = CIRCLE('',#674,3.E-02);
#674 = AXIS2_PLACEMENT_3D('',#675,#676,#677);
#675 = CARTESIAN_POINT('',(0.5,-0.37,3.E-02));
#676 = DIRECTION('',(1.,0.,-0.));
#677 = DIRECTION('',(0.,0.,1.));
#678 = ORIENTED_EDGE('',*,*,#679,.T.);
#679 = EDGE_CURVE('',#671,#680,#682,.T.);
#680 = VERTEX_POINT('',#681);
#681 = CARTESIAN_POINT('',(0.5,0.37,0.));
#682 = LINE('',#683,#684);
#683 = CARTESIAN_POINT('',(0.5,-0.4,0.));
#684 = VECTOR('',#685,1.);
#685 = DIRECTION('',(0.,1.,0.));
#686 = ORIENTED_EDGE('',*,*,#687,.F.);
#687 = EDGE_CURVE('',#688,#680,#690,.T.);
#688 = VERTEX_POINT('',#689);
#689 = CARTESIAN_POINT('',(0.5,0.4,3.E-02));
#690 = CIRCLE('',#691,3.E-02);
#691 = AXIS2_PLACEMENT_3D('',#692,#693,#694);
#692 = CARTESIAN_POINT('',(0.5,0.37,3.E-02));
#693 = DIRECTION('',(-1.,0.,0.));
#694 = DIRECTION('',(0.,0.,1.));
#695 = ORIENTED_EDGE('',*,*,#696,.T.);
#696 = EDGE_CURVE('',#688,#697,#699,.T.);
#697 = VERTEX_POINT('',#698);
#698 = CARTESIAN_POINT('',(0.5,0.4,0.77));
#699 = LINE('',#700,#701);
#700 = CARTESIAN_POINT('',(0.5,0.4,0.));
#701 = VECTOR('',#702,1.);
#702 = DIRECTION('',(0.,0.,1.));
#703 = ORIENTED_EDGE('',*,*,#704,.T.);
#704 = EDGE_CURVE('',#697,#705,#707,.T.);
#705 = VERTEX_POINT('',#706);
#706 = CARTESIAN_POINT('',(0.5,0.37,0.8));
#707 = CIRCLE('',#708,3.E-02);
#708 = AXIS2_PLACEMENT_3D('',#709,#710,#711);
#709 = CARTESIAN_POINT('',(0.5,0.37,0.77));
#710 = DIRECTION('',(1.,0.,-0.));
#711 = DIRECTION('',(0.,0.,1.));
#712 = ORIENTED_EDGE('',*,*,#713,.F.);
#713 = EDGE_CURVE('',#714,#705,#716,.T.);
#714 = VERTEX_POINT('',#715);
#715 = CARTESIAN_POINT('',(0.5,-0.37,0.8));
#716 = LINE('',#717,#718);
#717 = CARTESIAN_POINT('',(0.5,-0.4,0.8));
#718 = VECTOR('',#719,1.);
#719 = DIRECTION('',(0.,1.,0.));
#720 = ORIENTED_EDGE('',*,*,#721,.F.);
#721 = EDGE_CURVE('',#663,#714,#722,.T.);
#722 = CIRCLE('',#723,3.E-02);
#723 = AXIS2_PLACEMENT_3D('',#724,#725,#726);
#724 = CARTESIAN_POINT('',(0.5,-0.37,0.77));
#725 = DIRECTION('',(-1.,0.,0.));
#726 = DIRECTION('',(0.,0.,1.));
#727 = FACE_BOUND('',#728,.F.);
#728 = EDGE_LOOP('',(#729,#730,#731,#732,#733,#734,#735,#736));
#729 = ORIENTED_EDGE('',*,*,#473,.F.);
#730 = ORIENTED_EDGE('',*,*,#643,.T.);
#731 = ORIENTED_EDGE('',*,*,#626,.T.);
#732 = ORIENTED_EDGE('',*,*,#603,.T.);
#733 = ORIENTED_EDGE('',*,*,#578,.F.);
#734 = ORIENTED_EDGE('',*,*,#545,.F.);
#735 = ORIENTED_EDGE('',*,*,#528,.T.);
#736 = ORIENTED_EDGE('',*,*,#498,.F.);
#737 = PLANE('',#738);
#738 = AXIS2_PLACEMENT_3D('',#739,#740,#741);
#739 = CARTESIAN_POINT('',(0.5,-0.4,0.));
#740 = DIRECTION('',(1.,0.,0.));
#741 = DIRECTION('',(0.,0.,1.));
#742 = ADVANCED_FACE('',(#743),#768,.F.);
#743 = FACE_BOUND('',#744,.F.);
#744 = EDGE_LOOP('',(#745,#755,#761,#762));
#745 = ORIENTED_EDGE('',*,*,#746,.F.);
#746 = EDGE_CURVE('',#747,#749,#751,.T.);
#747 = VERTEX_POINT('',#748);
#748 = CARTESIAN_POINT('',(0.8,-0.4,3.E-02));
#749 = VERTEX_POINT('',#750);
#750 = CARTESIAN_POINT('',(0.8,-0.4,0.77));
#751 = LINE('',#752,#753);
#752 = CARTESIAN_POINT('',(0.8,-0.4,0.));
#753 = VECTOR('',#754,1.);
#754 = DIRECTION('',(0.,0.,1.));
#755 = ORIENTED_EDGE('',*,*,#756,.F.);
#756 = EDGE_CURVE('',#661,#747,#757,.T.);
#757 = LINE('',#758,#759);
#758 = CARTESIAN_POINT('',(0.5,-0.4,3.E-02));
#759 = VECTOR('',#760,1.);
#760 = DIRECTION('',(1.,0.,0.));
#761 = ORIENTED_EDGE('',*,*,#660,.T.);
#762 = ORIENTED_EDGE('',*,*,#763,.T.);
#763 = EDGE_CURVE('',#663,#749,#764,.T.);
#764 = LINE('',#765,#766);
#765 = CARTESIAN_POINT('',(0.5,-0.4,0.77));
#766 = VECTOR('',#767,1.);
#767 = DIRECTION('',(1.,0.,0.));
#768 = PLANE('',#769);
#769 = AXIS2_PLACEMENT_3D('',#770,#771,#772);
#770 = CARTESIAN_POINT('',(0.5,-0.4,0.));
#771 = DIRECTION('',(0.,1.,0.));
#772 = DIRECTION('',(0.,-0.,1.));
#773 = ADVANCED_FACE('',(#774),#793,.T.);
#774 = FACE_BOUND('',#775,.T.);
#775 = EDGE_LOOP('',(#776,#777,#785,#792));
#776 = ORIENTED_EDGE('',*,*,#670,.T.);
#777 = ORIENTED_EDGE('',*,*,#778,.T.);
#778 = EDGE_CURVE('',#671,#779,#781,.T.);
#779 = VERTEX_POINT('',#780);
#780 = CARTESIAN_POINT('',(0.8,-0.37,0.));
#781 = LINE('',#782,#783);
#782 = CARTESIAN_POINT('',(0.5,-0.37,0.));
#783 = VECTOR('',#784,1.);
#784 = DIRECTION('',(1.,0.,0.));
#785 = ORIENTED_EDGE('',*,*,#786,.F.);
#786 = EDGE_CURVE('',#747,#779,#787,.T.);
#787 = CIRCLE('',#788,3.E-02);
#788 = AXIS2_PLACEMENT_3D('',#789,#790,#791);
#789 = CARTESIAN_POINT('',(0.8,-0.37,3.E-02));
#790 = DIRECTION('',(1.,0.,-0.));
#791 = DIRECTION('',(0.,0.,1.));
#792 = ORIENTED_EDGE('',*,*,#756,.F.);
#793 = CYLINDRICAL_SURFACE('',#794,3.E-02);
#794 = AXIS2_PLACEMENT_3D('',#795,#796,#797);
#795 = CARTESIAN_POINT('',(0.5,-0.37,3.E-02));
#796 = DIRECTION('',(1.,0.,0.));
#797 = DIRECTION('',(0.,-1.,0.));
#798 = ADVANCED_FACE('',(#799),#818,.T.);
#799 = FACE_BOUND('',#800,.T.);
#800 = EDGE_LOOP('',(#801,#802,#811,#817));
#801 = ORIENTED_EDGE('',*,*,#763,.T.);
#802 = ORIENTED_EDGE('',*,*,#803,.T.);
#803 = EDGE_CURVE('',#749,#804,#806,.T.);
#804 = VERTEX_POINT('',#805);
#805 = CARTESIAN_POINT('',(0.8,-0.37,0.8));
#806 = CIRCLE('',#807,3.E-02);
#807 = AXIS2_PLACEMENT_3D('',#808,#809,#810);
#808 = CARTESIAN_POINT('',(0.8,-0.37,0.77));
#809 = DIRECTION('',(-1.,0.,0.));
#810 = DIRECTION('',(0.,0.,1.));
#811 = ORIENTED_EDGE('',*,*,#812,.F.);
#812 = EDGE_CURVE('',#714,#804,#813,.T.);
#813 = LINE('',#814,#815);
#814 = CARTESIAN_POINT('',(0.5,-0.37,0.8));
#815 = VECTOR('',#816,1.);
#816 = DIRECTION('',(1.,0.,0.));
#817 = ORIENTED_EDGE('',*,*,#721,.F.);
#818 = CYLINDRICAL_SURFACE('',#819,3.E-02);
#819 = AXIS2_PLACEMENT_3D('',#820,#821,#822);
#820 = CARTESIAN_POINT('',(0.5,-0.37,0.77));
#821 = DIRECTION('',(1.,0.,0.));
#822 = DIRECTION('',(0.,-1.,0.));
#823 = ADVANCED_FACE('',(#824),#842,.F.);
#824 = FACE_BOUND('',#825,.F.);
#825 = EDGE_LOOP('',(#826,#827,#828,#836));
#826 = ORIENTED_EDGE('',*,*,#679,.F.);
#827 = ORIENTED_EDGE('',*,*,#778,.T.);
#828 = ORIENTED_EDGE('',*,*,#829,.T.);
#829 = EDGE_CURVE('',#779,#830,#832,.T.);
#830 = VERTEX_POINT('',#831);
#831 = CARTESIAN_POINT('',(0.8,0.37,0.));
#832 = LINE('',#833,#834);
#833 = CARTESIAN_POINT('',(0.8,-0.4,0.));
#834 = VECTOR('',#835,1.);
#835 = DIRECTION('',(0.,1.,0.));
#836 = ORIENTED_EDGE('',*,*,#837,.F.);
#837 = EDGE_CURVE('',#680,#830,#838,.T.);
#838 = LINE('',#839,#840);
#839 = CARTESIAN_POINT('',(0.5,0.37,0.));
#840 = VECTOR('',#841,1.);
#841 = DIRECTION('',(1.,0.,0.));
#842 = PLANE('',#843);
#843 = AXIS2_PLACEMENT_3D('',#844,#845,#846);
#844 = CARTESIAN_POINT('',(0.5,-0.4,0.));
#845 = DIRECTION('',(0.,0.,1.));
#846 = DIRECTION('',(1.,0.,-0.));
#847 = ADVANCED_FACE('',(#848),#866,.T.);
#848 = FACE_BOUND('',#849,.T.);
#849 = EDGE_LOOP('',(#850,#851,#852,#860));
#850 = ORIENTED_EDGE('',*,*,#713,.F.);
#851 = ORIENTED_EDGE('',*,*,#812,.T.);
#852 = ORIENTED_EDGE('',*,*,#853,.T.);
#853 = EDGE_CURVE('',#804,#854,#856,.T.);
#854 = VERTEX_POINT('',#855);
#855 = CARTESIAN_POINT('',(0.8,0.37,0.8));
#856 = LINE('',#857,#858);
#857 = CARTESIAN_POINT('',(0.8,-0.4,0.8));
#858 = VECTOR('',#859,1.);
#859 = DIRECTION('',(0.,1.,0.));
#860 = ORIENTED_EDGE('',*,*,#861,.F.);
#861 = EDGE_CURVE('',#705,#854,#862,.T.);
#862 = LINE('',#863,#864);
#863 = CARTESIAN_POINT('',(0.5,0.37,0.8));
#864 = VECTOR('',#865,1.);
#865 = DIRECTION('',(1.,0.,0.));
#866 = PLANE('',#867);
#867 = AXIS2_PLACEMENT_3D('',#868,#869,#870);
#868 = CARTESIAN_POINT('',(0.5,-0.4,0.8));
#869 = DIRECTION('',(0.,0.,1.));
#870 = DIRECTION('',(1.,0.,-0.));
#871 = ADVANCED_FACE('',(#872),#891,.T.);
#872 = FACE_BOUND('',#873,.T.);
#873 = EDGE_LOOP('',(#874,#882,#889,#890));
#874 = ORIENTED_EDGE('',*,*,#875,.T.);
#875 = EDGE_CURVE('',#688,#876,#878,.T.);
#876 = VERTEX_POINT('',#877);
#877 = CARTESIAN_POINT('',(0.8,0.4,3.E-02));
#878 = LINE('',#879,#880);
#879 = CARTESIAN_POINT('',(0.5,0.4,3.E-02));
#880 = VECTOR('',#881,1.);
#881 = DIRECTION('',(1.,0.,0.));
#882 = ORIENTED_EDGE('',*,*,#883,.T.);
#883 = EDGE_CURVE('',#876,#830,#884,.T.);
#884 = CIRCLE('',#885,3.E-02);
#885 = AXIS2_PLACEMENT_3D('',#886,#887,#888);
#886 = CARTESIAN_POINT('',(0.8,0.37,3.E-02));
#887 = DIRECTION('',(-1.,0.,0.));
#888 = DIRECTION('',(0.,0.,1.));
#889 = ORIENTED_EDGE('',*,*,#837,.F.);
#890 = ORIENTED_EDGE('',*,*,#687,.F.);
#891 = CYLINDRICAL_SURFACE('',#892,3.E-02);
#892 = AXIS2_PLACEMENT_3D('',#893,#894,#895);
#893 = CARTESIAN_POINT('',(0.5,0.37,3.E-02));
#894 = DIRECTION('',(1.,0.,0.));
#895 = DIRECTION('',(-0.,1.,0.));
#896 = ADVANCED_FACE('',(#897),#916,.T.);
#897 = FACE_BOUND('',#898,.T.);
#898 = EDGE_LOOP('',(#899,#900,#901,#910));
#899 = ORIENTED_EDGE('',*,*,#704,.T.);
#900 = ORIENTED_EDGE('',*,*,#861,.T.);
#901 = ORIENTED_EDGE('',*,*,#902,.F.);
#902 = EDGE_CURVE('',#903,#854,#905,.T.);
#903 = VERTEX_POINT('',#904);
#904 = CARTESIAN_POINT('',(0.8,0.4,0.77));
#905 = CIRCLE('',#906,3.E-02);
#906 = AXIS2_PLACEMENT_3D('',#907,#908,#909);
#907 = CARTESIAN_POINT('',(0.8,0.37,0.77));
#908 = DIRECTION('',(1.,0.,-0.));
#909 = DIRECTION('',(0.,0.,1.));
#910 = ORIENTED_EDGE('',*,*,#911,.F.);
#911 = EDGE_CURVE('',#697,#903,#912,.T.);
#912 = LINE('',#913,#914);
#913 = CARTESIAN_POINT('',(0.5,0.4,0.77));
#914 = VECTOR('',#915,1.);
#915 = DIRECTION('',(1.,0.,0.));
#916 = CYLINDRICAL_SURFACE('',#917,3.E-02);
#917 = AXIS2_PLACEMENT_3D('',#918,#919,#920);
#918 = CARTESIAN_POINT('',(0.5,0.37,0.77));
#919 = DIRECTION('',(1.,0.,0.));
#920 = DIRECTION('',(-0.,1.,0.));
#921 = ADVANCED_FACE('',(#922),#933,.T.);
#922 = FACE_BOUND('',#923,.T.);
#923 = EDGE_LOOP('',(#924,#930,#931,#932));
#924 = ORIENTED_EDGE('',*,*,#925,.F.);
#925 = EDGE_CURVE('',#876,#903,#926,.T.);
#926 = LINE('',#927,#928);
#927 = CARTESIAN_POINT('',(0.8,0.4,0.));
#928 = VECTOR('',#929,1.);
#929 = DIRECTION('',(0.,0.,1.));
#930 = ORIENTED_EDGE('',*,*,#875,.F.);
#931 = ORIENTED_EDGE('',*,*,#696,.T.);
#932 = ORIENTED_EDGE('',*,*,#911,.T.);
#933 = PLANE('',#934);
#934 = AXIS2_PLACEMENT_3D('',#935,#936,#937);
#935 = CARTESIAN_POINT('',(0.5,0.4,0.));
#936 = DIRECTION('',(0.,1.,0.));
#937 = DIRECTION('',(0.,-0.,1.));
#938 = ADVANCED_FACE('',(#939),#949,.T.);
#939 = FACE_BOUND('',#940,.T.);
#940 = EDGE_LOOP('',(#941,#942,#943,#944,#945,#946,#947,#948));
#941 = ORIENTED_EDGE('',*,*,#746,.F.);
#942 = ORIENTED_EDGE('',*,*,#786,.T.);
#943 = ORIENTED_EDGE('',*,*,#829,.T.);
#944 = ORIENTED_EDGE('',*,*,#883,.F.);
#945 = ORIENTED_EDGE('',*,*,#925,.T.);
#946 = ORIENTED_EDGE('',*,*,#902,.T.);
#947 = ORIENTED_EDGE('',*,*,#853,.F.);
#948 = ORIENTED_EDGE('',*,*,#803,.F.);
#949 = PLANE('',#950);
#950 = AXIS2_PLACEMENT_3D('',#951,#952,#953);
#951 = CARTESIAN_POINT('',(0.8,-0.4,0.));
#952 = DIRECTION('',(1.,0.,0.));
#953 = DIRECTION('',(0.,0.,1.));
#954 = ( GEOMETRIC_REPRESENTATION_CONTEXT(3) 
GLOBAL_UNCERTAINTY_ASSIGNED_CONTEXT((#958)) GLOBAL_UNIT_ASSIGNED_CONTEXT
((#955,#956,#957)) REPRESENTATION_CONTEXT('Context #1',
  '3D Context with UNIT and UNCERTAINTY') );
#955 = ( LENGTH_UNIT() NAMED_UNIT(*) SI_UNIT(.MILLI.,.METRE.) );
#956 = ( NAMED_UNIT(*) PLANE_ANGLE_UNIT() SI_UNIT($,.RADIAN.) );
#957 = ( NAMED_UNIT(*) SI_UNIT($,.STERADIAN.) SOLID_ANGLE_UNIT() );
#958 = UNCERTAINTY_MEASURE_WITH_UNIT(LENGTH_MEASURE(1.E-07),#955,
  'distance_accuracy_value','confusion accuracy');
#959 = CONTEXT_DEPENDENT_SHAPE_REPRESENTATION(#960,#962);
#960 = ( REPRESENTATION_RELATIONSHIP('','',#99,#76) 
REPRESENTATION_RELATIONSHIP_WITH_TRANSFORMATION(#961) 
SHAPE_REPRESENTATION_RELATIONSHIP() );
#961 = ITEM_DEFINED_TRANSFORMATION('','',#11,#77);
#962 = PRODUCT_DEFINITION_SHAPE('Placement','Placement of an item',#963
  );
#963 = NEXT_ASSEMBLY_USAGE_OCCURRENCE('1','=>[0:1:1:3]','',#71,#94,$);
#964 = PRODUCT_RELATED_PRODUCT_CATEGORY('part',$,(#96));
#965 = CONTEXT_DEPENDENT_SHAPE_REPRESENTATION(#966,#968);
#966 = ( REPRESENTATION_RELATIONSHIP('','',#76,#10) 
REPRESENTATION_RELATIONSHIP_WITH_TRANSFORMATION(#967) 
SHAPE_REPRESENTATION_RELATIONSHIP() );
#967 = ITEM_DEFINED_TRANSFORMATION('','',#11,#19);
#968 = PRODUCT_DEFINITION_SHAPE('Placement','Placement of an item',#969
  );
#969 = NEXT_ASSEMBLY_USAGE_OCCURRENCE('3','C18','',#5,#71,$);
#970 = SHAPE_DEFINITION_REPRESENTATION(#971,#977);
#971 = PRODUCT_DEFINITION_SHAPE('','',#972);
#972 = PRODUCT_DEFINITION('design','',#973,#976);
#973 = PRODUCT_DEFINITION_FORMATION('','',#974);
#974 = PRODUCT('SOIC-8_3.9x4.9mm_P1.27mm','SOIC-8_3.9x4.9mm_P1.27mm','',
  (#975));
#975 = PRODUCT_CONTEXT('',#2,'mechanical');
#976 = PRODUCT_DEFINITION_CONTEXT('part definition',#2,'design');
#977 = SHAPE_REPRESENTATION('',(#11,#978),#982);
#978 = AXIS2_PLACEMENT_3D('',#979,#980,#981);
#979 = CARTESIAN_POINT('',(0.,0.,0.));
#980 = DIRECTION('',(0.,0.,1.));
#981 = DIRECTION('',(1.,0.,-0.));
#982 = ( GEOMETRIC_REPRESENTATION_CONTEXT(3) 
GLOBAL_UNCERTAINTY_ASSIGNED_CONTEXT((#986)) GLOBAL_UNIT_ASSIGNED_CONTEXT
((#983,#984,#985)) REPRESENTATION_CONTEXT('Context #1',
  '3D Context with UNIT and UNCERTAINTY') );
#983 = ( LENGTH_UNIT() NAMED_UNIT(*) SI_UNIT(.MILLI.,.METRE.) );
#984 = ( NAMED_UNIT(*) PLANE_ANGLE_UNIT() SI_UNIT($,.RADIAN.) );
#985 = ( NAMED_UNIT(*) SI_UNIT($,.STERADIAN.) SOLID_ANGLE_UNIT() );
#986 = UNCERTAINTY_MEASURE_WITH_UNIT(LENGTH_MEASURE(1.E-07),#983,
  'distance_accuracy_value','confusion accuracy');
#987 = CONTEXT_DEPENDENT_SHAPE_REPRESENTATION(#988,#990);
#988 = ( REPRESENTATION_RELATIONSHIP('','',#977,#10) 
REPRESENTATION_RELATIONSHIP_WITH_TRANSFORMATION(#989) 
SHAPE_REPRESENTATION_RELATIONSHIP() );
#989 = ITEM_DEFINED_TRANSFORMATION('','',#11,#23);
#990 = PRODUCT_DEFINITION_SHAPE('Placement','Placement of an item',#991
  );
#991 = NEXT_ASSEMBLY_USAGE_OCCURRENCE('5','U7','',#5,#972,$);
#992 = PRODUCT_RELATED_PRODUCT_CATEGORY('part',$,(#974));
#993 = SHAPE_DEFINITION_REPRESENTATION(#994,#1000);
#994 = PRODUCT_DEFINITION_SHAPE('','',#995);
#995 = PRODUCT_DEFINITION('design','',#996,#999);
#996 = PRODUCT_DEFINITION_FORMATION('','',#997);
#997 = PRODUCT('SOIC-8_3.9x4.9mm_P1.27mm','SOIC-8_3.9x4.9mm_P1.27mm','',
  (#998));
#998 = PRODUCT_CONTEXT('',#2,'mechanical');
#999 = PRODUCT_DEFINITION_CONTEXT('part definition',#2,'design');
#1000 = ADVANCED_BREP_SHAPE_REPRESENTATION('',(#11,#1001),#5469);
#1001 = MANIFOLD_SOLID_BREP('',#1002);
#1002 = CLOSED_SHELL('',(#1003,#1041,#1104,#1127,#1156,#1179,#1266,#1353
    ,#1376,#1399,#1416,#1439,#1527,#1543,#1573,#1604,#1635,#1666,#1697,
    #1728,#1759,#1790,#1807,#1824,#1855,#1886,#1917,#1948,#1979,#2010,
    #2041,#2071,#2094,#2117,#2134,#2179,#2265,#2288,#2311,#2334,#2421,
    #2459,#2508,#2600,#2625,#2709,#2731,#2823,#2848,#2932,#2954,#3046,
    #3071,#3155,#3172,#3257,#3282,#3359,#3444,#3469,#3546,#3563,#3655,
    #3680,#3764,#3786,#3878,#3903,#3987,#4009,#4101,#4126,#4210,#4227,
    #4246,#4265,#4284,#4330,#4346,#4365,#4384,#4403,#4419,#4436,#4448,
    #4465,#4482,#4499,#4516,#4533,#4550,#4567,#4579,#4596,#4613,#4630,
    #4647,#4664,#4681,#4698,#4710,#4727,#4744,#4761,#4778,#4795,#4812,
    #4829,#4841,#4858,#4875,#4892,#4909,#4926,#4943,#4955,#4972,#4989,
    #5006,#5023,#5040,#5057,#5069,#5086,#5103,#5120,#5137,#5154,#5171,
    #5188,#5200,#5217,#5234,#5251,#5268,#5285,#5302,#5319,#5331,#5348,
    #5365,#5382,#5399,#5416,#5433,#5450,#5462));
#1003 = ADVANCED_FACE('',(#1004),#1036,.F.);
#1004 = FACE_BOUND('',#1005,.F.);
#1005 = EDGE_LOOP('',(#1006,#1016,#1023,#1031));
#1006 = ORIENTED_EDGE('',*,*,#1007,.T.);
#1007 = EDGE_CURVE('',#1008,#1010,#1012,.T.);
#1008 = VERTEX_POINT('',#1009);
#1009 = CARTESIAN_POINT('',(-1.717585640382,2.335171280765,0.1));
#1010 = VERTEX_POINT('',#1011);
#1011 = CARTESIAN_POINT('',(1.717585640382,2.335171280765,0.1));
#1012 = LINE('',#1013,#1014);
#1013 = CARTESIAN_POINT('',(-1.717585640382,2.335171280765,0.1));
#1014 = VECTOR('',#1015,1.);
#1015 = DIRECTION('',(1.,1.110223024625E-16,0.));
#1016 = ORIENTED_EDGE('',*,*,#1017,.T.);
#1017 = EDGE_CURVE('',#1010,#1018,#1020,.T.);
#1018 = VERTEX_POINT('',#1019);
#1019 = CARTESIAN_POINT('',(1.775,2.45,0.825));
#1020 = B_SPLINE_CURVE_WITH_KNOTS('',1,(#1021,#1022),.UNSPECIFIED.,.F.,
  .F.,(2,2),(0.,1.),.PIECEWISE_BEZIER_KNOTS.);
#1021 = CARTESIAN_POINT('',(1.717585640382,2.335171280765,0.1));
#1022 = CARTESIAN_POINT('',(1.775,2.45,0.825));
#1023 = ORIENTED_EDGE('',*,*,#1024,.F.);
#1024 = EDGE_CURVE('',#1025,#1018,#1027,.T.);
#1025 = VERTEX_POINT('',#1026);
#1026 = CARTESIAN_POINT('',(-1.775,2.45,0.825));
#1027 = LINE('',#1028,#1029);
#1028 = CARTESIAN_POINT('',(-1.775,2.45,0.825));
#1029 = VECTOR('',#1030,1.);
#1030 = DIRECTION('',(1.,1.110223024625E-16,0.));
#1031 = ORIENTED_EDGE('',*,*,#1032,.F.);
#1032 = EDGE_CURVE('',#1008,#1025,#1033,.T.);
#1033 = B_SPLINE_CURVE_WITH_KNOTS('',1,(#1034,#1035),.UNSPECIFIED.,.F.,
  .F.,(2,2),(0.,1.),.PIECEWISE_BEZIER_KNOTS.);
#1034 = CARTESIAN_POINT('',(-1.717585640382,2.335171280765,0.1));
#1035 = CARTESIAN_POINT('',(-1.775,2.45,0.825));
#1036 = B_SPLINE_SURFACE_WITH_KNOTS('',1,1,(
    (#1037,#1038)
    ,(#1039,#1040
    )),.UNSPECIFIED.,.F.,.F.,.F.,(2,2),(2,2),(0.,3.55),(0.,1.),
  .PIECEWISE_BEZIER_KNOTS.);
#1037 = CARTESIAN_POINT('',(-1.717585640382,2.335171280765,0.1));
#1038 = CARTESIAN_POINT('',(-1.775,2.45,0.825));
#1039 = CARTESIAN_POINT('',(1.717585640382,2.335171280765,0.1));
#1040 = CARTESIAN_POINT('',(1.775,2.45,0.825));
#1041 = ADVANCED_FACE('',(#1042),#1099,.F.);
#1042 = FACE_BOUND('',#1043,.T.);
#1043 = EDGE_LOOP('',(#1044,#1045,#1053,#1061,#1069,#1077,#1085,#1093));
#1044 = ORIENTED_EDGE('',*,*,#1007,.T.);
#1045 = ORIENTED_EDGE('',*,*,#1046,.T.);
#1046 = EDGE_CURVE('',#1010,#1047,#1049,.T.);
#1047 = VERTEX_POINT('',#1048);
#1048 = CARTESIAN_POINT('',(1.835171280765,2.217585640382,0.1));
#1049 = LINE('',#1050,#1051);
#1050 = CARTESIAN_POINT('',(1.717585640382,2.335171280765,0.1));
#1051 = VECTOR('',#1052,1.);
#1052 = DIRECTION('',(0.707106781187,-0.707106781187,0.));
#1053 = ORIENTED_EDGE('',*,*,#1054,.T.);
#1054 = EDGE_CURVE('',#1047,#1055,#1057,.T.);
#1055 = VERTEX_POINT('',#1056);
#1056 = CARTESIAN_POINT('',(1.835171280765,-2.217585640382,0.1));
#1057 = LINE('',#1058,#1059);
#1058 = CARTESIAN_POINT('',(1.835171280765,2.217585640382,0.1));
#1059 = VECTOR('',#1060,1.);
#1060 = DIRECTION('',(1.110223024625E-16,-1.,0.));
#1061 = ORIENTED_EDGE('',*,*,#1062,.T.);
#1062 = EDGE_CURVE('',#1055,#1063,#1065,.T.);
#1063 = VERTEX_POINT('',#1064);
#1064 = CARTESIAN_POINT('',(1.717585640382,-2.335171280765,0.1));
#1065 = LINE('',#1066,#1067);
#1066 = CARTESIAN_POINT('',(1.835171280765,-2.217585640382,0.1));
#1067 = VECTOR('',#1068,1.);
#1068 = DIRECTION('',(-0.707106781187,-0.707106781187,0.));
#1069 = ORIENTED_EDGE('',*,*,#1070,.T.);
#1070 = EDGE_CURVE('',#1063,#1071,#1073,.T.);
#1071 = VERTEX_POINT('',#1072);
#1072 = CARTESIAN_POINT('',(-1.717585640382,-2.335171280765,0.1));
#1073 = LINE('',#1074,#1075);
#1074 = CARTESIAN_POINT('',(1.717585640382,-2.335171280765,0.1));
#1075 = VECTOR('',#1076,1.);
#1076 = DIRECTION('',(-1.,-1.110223024625E-16,0.));
#1077 = ORIENTED_EDGE('',*,*,#1078,.T.);
#1078 = EDGE_CURVE('',#1071,#1079,#1081,.T.);
#1079 = VERTEX_POINT('',#1080);
#1080 = CARTESIAN_POINT('',(-1.835171280765,-2.217585640382,0.1));
#1081 = LINE('',#1082,#1083);
#1082 = CARTESIAN_POINT('',(-1.717585640382,-2.335171280765,0.1));
#1083 = VECTOR('',#1084,1.);
#1084 = DIRECTION('',(-0.707106781187,0.707106781187,0.));
#1085 = ORIENTED_EDGE('',*,*,#1086,.T.);
#1086 = EDGE_CURVE('',#1079,#1087,#1089,.T.);
#1087 = VERTEX_POINT('',#1088);
#1088 = CARTESIAN_POINT('',(-1.835171280765,2.217585640382,0.1));
#1089 = LINE('',#1090,#1091);
#1090 = CARTESIAN_POINT('',(-1.835171280765,-2.217585640382,0.1));
#1091 = VECTOR('',#1092,1.);
#1092 = DIRECTION('',(-1.110223024625E-16,1.,0.));
#1093 = ORIENTED_EDGE('',*,*,#1094,.T.);
#1094 = EDGE_CURVE('',#1087,#1008,#1095,.T.);
#1095 = LINE('',#1096,#1097);
#1096 = CARTESIAN_POINT('',(-1.835171280765,2.217585640382,0.1));
#1097 = VECTOR('',#1098,1.);
#1098 = DIRECTION('',(0.707106781187,0.707106781187,0.));
#1099 = PLANE('',#1100);
#1100 = AXIS2_PLACEMENT_3D('',#1101,#1102,#1103);
#1101 = CARTESIAN_POINT('',(-1.717585640382,2.335171280765,0.1));
#1102 = DIRECTION('',(0.,0.,1.));
#1103 = DIRECTION('',(0.592513131498,-0.805560791625,0.));
#1104 = ADVANCED_FACE('',(#1105),#1122,.F.);
#1105 = FACE_BOUND('',#1106,.F.);
#1106 = EDGE_LOOP('',(#1107,#1108,#1115,#1121));
#1107 = ORIENTED_EDGE('',*,*,#1046,.T.);
#1108 = ORIENTED_EDGE('',*,*,#1109,.T.);
#1109 = EDGE_CURVE('',#1047,#1110,#1112,.T.);
#1110 = VERTEX_POINT('',#1111);
#1111 = CARTESIAN_POINT('',(1.95,2.275,0.825));
#1112 = B_SPLINE_CURVE_WITH_KNOTS('',1,(#1113,#1114),.UNSPECIFIED.,.F.,
  .F.,(2,2),(0.,1.),.PIECEWISE_BEZIER_KNOTS.);
#1113 = CARTESIAN_POINT('',(1.835171280765,2.217585640382,0.1));
#1114 = CARTESIAN_POINT('',(1.95,2.275,0.825));
#1115 = ORIENTED_EDGE('',*,*,#1116,.F.);
#1116 = EDGE_CURVE('',#1018,#1110,#1117,.T.);
#1117 = LINE('',#1118,#1119);
#1118 = CARTESIAN_POINT('',(1.775,2.45,0.825));
#1119 = VECTOR('',#1120,1.);
#1120 = DIRECTION('',(0.707106781187,-0.707106781187,0.));
#1121 = ORIENTED_EDGE('',*,*,#1017,.F.);
#1122 = B_SPLINE_SURFACE_WITH_KNOTS('',1,1,(
    (#1123,#1124)
    ,(#1125,#1126
    )),.UNSPECIFIED.,.F.,.F.,.F.,(2,2),(2,2),(0.,0.247487373415),(0.,1.)
  ,.PIECEWISE_BEZIER_KNOTS.);
#1123 = CARTESIAN_POINT('',(1.717585640382,2.335171280765,0.1));
#1124 = CARTESIAN_POINT('',(1.775,2.45,0.825));
#1125 = CARTESIAN_POINT('',(1.835171280765,2.217585640382,0.1));
#1126 = CARTESIAN_POINT('',(1.95,2.275,0.825));
#1127 = ADVANCED_FACE('',(#1128),#1151,.F.);
#1128 = FACE_BOUND('',#1129,.F.);
#1129 = EDGE_LOOP('',(#1130,#1131,#1138,#1146));
#1130 = ORIENTED_EDGE('',*,*,#1024,.T.);
#1131 = ORIENTED_EDGE('',*,*,#1132,.T.);
#1132 = EDGE_CURVE('',#1018,#1133,#1135,.T.);
#1133 = VERTEX_POINT('',#1134);
#1134 = CARTESIAN_POINT('',(1.775,2.45,1.025));
#1135 = B_SPLINE_CURVE_WITH_KNOTS('',1,(#1136,#1137),.UNSPECIFIED.,.F.,
  .F.,(2,2),(0.,1.),.PIECEWISE_BEZIER_KNOTS.);
#1136 = CARTESIAN_POINT('',(1.775,2.45,0.825));
#1137 = CARTESIAN_POINT('',(1.775,2.45,1.025));
#1138 = ORIENTED_EDGE('',*,*,#1139,.F.);
#1139 = EDGE_CURVE('',#1140,#1133,#1142,.T.);
#1140 = VERTEX_POINT('',#1141);
#1141 = CARTESIAN_POINT('',(-1.775,2.45,1.025));
#1142 = LINE('',#1143,#1144);
#1143 = CARTESIAN_POINT('',(-1.775,2.45,1.025));
#1144 = VECTOR('',#1145,1.);
#1145 = DIRECTION('',(1.,1.110223024625E-16,0.));
#1146 = ORIENTED_EDGE('',*,*,#1147,.F.);
#1147 = EDGE_CURVE('',#1025,#1140,#1148,.T.);
#1148 = B_SPLINE_CURVE_WITH_KNOTS('',1,(#1149,#1150),.UNSPECIFIED.,.F.,
  .F.,(2,2),(0.,1.),.PIECEWISE_BEZIER_KNOTS.);
#1149 = CARTESIAN_POINT('',(-1.775,2.45,0.825));
#1150 = CARTESIAN_POINT('',(-1.775,2.45,1.025));
#1151 = PLANE('',#1152);
#1152 = AXIS2_PLACEMENT_3D('',#1153,#1154,#1155);
#1153 = CARTESIAN_POINT('',(-1.775,2.45,1.025));
#1154 = DIRECTION('',(1.110223024625E-16,-1.,0.));
#1155 = DIRECTION('',(1.,1.110223024625E-16,0.));
#1156 = ADVANCED_FACE('',(#1157),#1174,.F.);
#1157 = FACE_BOUND('',#1158,.F.);
#1158 = EDGE_LOOP('',(#1159,#1160,#1161,#1169));
#1159 = ORIENTED_EDGE('',*,*,#1094,.T.);
#1160 = ORIENTED_EDGE('',*,*,#1032,.T.);
#1161 = ORIENTED_EDGE('',*,*,#1162,.F.);
#1162 = EDGE_CURVE('',#1163,#1025,#1165,.T.);
#1163 = VERTEX_POINT('',#1164);
#1164 = CARTESIAN_POINT('',(-1.95,2.275,0.825));
#1165 = LINE('',#1166,#1167);
#1166 = CARTESIAN_POINT('',(-1.95,2.275,0.825));
#1167 = VECTOR('',#1168,1.);
#1168 = DIRECTION('',(0.707106781187,0.707106781187,0.));
#1169 = ORIENTED_EDGE('',*,*,#1170,.F.);
#1170 = EDGE_CURVE('',#1087,#1163,#1171,.T.);
#1171 = B_SPLINE_CURVE_WITH_KNOTS('',1,(#1172,#1173),.UNSPECIFIED.,.F.,
  .F.,(2,2),(0.,1.),.PIECEWISE_BEZIER_KNOTS.);
#1172 = CARTESIAN_POINT('',(-1.835171280765,2.217585640382,0.1));
#1173 = CARTESIAN_POINT('',(-1.95,2.275,0.825));
#1174 = B_SPLINE_SURFACE_WITH_KNOTS('',1,1,(
    (#1175,#1176)
    ,(#1177,#1178
    )),.UNSPECIFIED.,.F.,.F.,.F.,(2,2),(2,2),(0.,0.247487373415),(0.,1.)
  ,.PIECEWISE_BEZIER_KNOTS.);
#1175 = CARTESIAN_POINT('',(-1.835171280765,2.217585640382,0.1));
#1176 = CARTESIAN_POINT('',(-1.95,2.275,0.825));
#1177 = CARTESIAN_POINT('',(-1.717585640382,2.335171280765,0.1));
#1178 = CARTESIAN_POINT('',(-1.775,2.45,0.825));
#1179 = ADVANCED_FACE('',(#1180),#1261,.F.);
#1180 = FACE_BOUND('',#1181,.F.);
#1181 = EDGE_LOOP('',(#1182,#1183,#1184,#1192,#1200,#1208,#1216,#1224,
    #1232,#1240,#1248,#1256));
#1182 = ORIENTED_EDGE('',*,*,#1086,.T.);
#1183 = ORIENTED_EDGE('',*,*,#1170,.T.);
#1184 = ORIENTED_EDGE('',*,*,#1185,.F.);
#1185 = EDGE_CURVE('',#1186,#1163,#1188,.T.);
#1186 = VERTEX_POINT('',#1187);
#1187 = CARTESIAN_POINT('',(-1.95,2.11,0.825));
#1188 = LINE('',#1189,#1190);
#1189 = CARTESIAN_POINT('',(-1.95,-2.275,0.825));
#1190 = VECTOR('',#1191,1.);
#1191 = DIRECTION('',(-1.110223024625E-16,1.,0.));
#1192 = ORIENTED_EDGE('',*,*,#1193,.F.);
#1193 = EDGE_CURVE('',#1194,#1186,#1196,.T.);
#1194 = VERTEX_POINT('',#1195);
#1195 = CARTESIAN_POINT('',(-1.95,1.7,0.825));
#1196 = LINE('',#1197,#1198);
#1197 = CARTESIAN_POINT('',(-1.95,-2.275,0.825));
#1198 = VECTOR('',#1199,1.);
#1199 = DIRECTION('',(-1.110223024625E-16,1.,0.));
#1200 = ORIENTED_EDGE('',*,*,#1201,.F.);
#1201 = EDGE_CURVE('',#1202,#1194,#1204,.T.);
#1202 = VERTEX_POINT('',#1203);
#1203 = CARTESIAN_POINT('',(-1.95,0.84,0.825));
#1204 = LINE('',#1205,#1206);
#1205 = CARTESIAN_POINT('',(-1.95,-2.275,0.825));
#1206 = VECTOR('',#1207,1.);
#1207 = DIRECTION('',(-1.110223024625E-16,1.,0.));
#1208 = ORIENTED_EDGE('',*,*,#1209,.F.);
#1209 = EDGE_CURVE('',#1210,#1202,#1212,.T.);
#1210 = VERTEX_POINT('',#1211);
#1211 = CARTESIAN_POINT('',(-1.95,0.43,0.825));
#1212 = LINE('',#1213,#1214);
#1213 = CARTESIAN_POINT('',(-1.95,-2.275,0.825));
#1214 = VECTOR('',#1215,1.);
#1215 = DIRECTION('',(-1.110223024625E-16,1.,0.));
#1216 = ORIENTED_EDGE('',*,*,#1217,.F.);
#1217 = EDGE_CURVE('',#1218,#1210,#1220,.T.);
#1218 = VERTEX_POINT('',#1219);
#1219 = CARTESIAN_POINT('',(-1.95,-0.43,0.825));
#1220 = LINE('',#1221,#1222);
#1221 = CARTESIAN_POINT('',(-1.95,-2.275,0.825));
#1222 = VECTOR('',#1223,1.);
#1223 = DIRECTION('',(-1.110223024625E-16,1.,0.));
#1224 = ORIENTED_EDGE('',*,*,#1225,.F.);
#1225 = EDGE_CURVE('',#1226,#1218,#1228,.T.);
#1226 = VERTEX_POINT('',#1227);
#1227 = CARTESIAN_POINT('',(-1.95,-0.84,0.825));
#1228 = LINE('',#1229,#1230);
#1229 = CARTESIAN_POINT('',(-1.95,-2.275,0.825));
#1230 = VECTOR('',#1231,1.);
#1231 = DIRECTION('',(-1.110223024625E-16,1.,0.));
#1232 = ORIENTED_EDGE('',*,*,#1233,.F.);
#1233 = EDGE_CURVE('',#1234,#1226,#1236,.T.);
#1234 = VERTEX_POINT('',#1235);
#1235 = CARTESIAN_POINT('',(-1.95,-1.7,0.825));
#1236 = LINE('',#1237,#1238);
#1237 = CARTESIAN_POINT('',(-1.95,-2.275,0.825));
#1238 = VECTOR('',#1239,1.);
#1239 = DIRECTION('',(-1.110223024625E-16,1.,0.));
#1240 = ORIENTED_EDGE('',*,*,#1241,.F.);
#1241 = EDGE_CURVE('',#1242,#1234,#1244,.T.);
#1242 = VERTEX_POINT('',#1243);
#1243 = CARTESIAN_POINT('',(-1.95,-2.11,0.825));
#1244 = LINE('',#1245,#1246);
#1245 = CARTESIAN_POINT('',(-1.95,-2.275,0.825));
#1246 = VECTOR('',#1247,1.);
#1247 = DIRECTION('',(-1.110223024625E-16,1.,0.));
#1248 = ORIENTED_EDGE('',*,*,#1249,.F.);
#1249 = EDGE_CURVE('',#1250,#1242,#1252,.T.);
#1250 = VERTEX_POINT('',#1251);
#1251 = CARTESIAN_POINT('',(-1.95,-2.275,0.825));
#1252 = LINE('',#1253,#1254);
#1253 = CARTESIAN_POINT('',(-1.95,-2.275,0.825));
#1254 = VECTOR('',#1255,1.);
#1255 = DIRECTION('',(-1.110223024625E-16,1.,0.));
#1256 = ORIENTED_EDGE('',*,*,#1257,.F.);
#1257 = EDGE_CURVE('',#1079,#1250,#1258,.T.);
#1258 = B_SPLINE_CURVE_WITH_KNOTS('',1,(#1259,#1260),.UNSPECIFIED.,.F.,
  .F.,(2,2),(0.,1.),.PIECEWISE_BEZIER_KNOTS.);
#1259 = CARTESIAN_POINT('',(-1.835171280765,-2.217585640382,0.1));
#1260 = CARTESIAN_POINT('',(-1.95,-2.275,0.825));
#1261 = B_SPLINE_SURFACE_WITH_KNOTS('',1,1,(
    (#1262,#1263)
    ,(#1264,#1265
    )),.UNSPECIFIED.,.F.,.F.,.F.,(2,2),(2,2),(0.,4.55),(0.,1.),
  .PIECEWISE_BEZIER_KNOTS.);
#1262 = CARTESIAN_POINT('',(-1.835171280765,-2.217585640382,0.1));
#1263 = CARTESIAN_POINT('',(-1.95,-2.275,0.825));
#1264 = CARTESIAN_POINT('',(-1.835171280765,2.217585640382,0.1));
#1265 = CARTESIAN_POINT('',(-1.95,2.275,0.825));
#1266 = ADVANCED_FACE('',(#1267),#1348,.F.);
#1267 = FACE_BOUND('',#1268,.F.);
#1268 = EDGE_LOOP('',(#1269,#1270,#1277,#1285,#1293,#1301,#1309,#1317,
    #1325,#1333,#1341,#1347));
#1269 = ORIENTED_EDGE('',*,*,#1054,.T.);
#1270 = ORIENTED_EDGE('',*,*,#1271,.T.);
#1271 = EDGE_CURVE('',#1055,#1272,#1274,.T.);
#1272 = VERTEX_POINT('',#1273);
#1273 = CARTESIAN_POINT('',(1.95,-2.275,0.825));
#1274 = B_SPLINE_CURVE_WITH_KNOTS('',1,(#1275,#1276),.UNSPECIFIED.,.F.,
  .F.,(2,2),(0.,1.),.PIECEWISE_BEZIER_KNOTS.);
#1275 = CARTESIAN_POINT('',(1.835171280765,-2.217585640382,0.1));
#1276 = CARTESIAN_POINT('',(1.95,-2.275,0.825));
#1277 = ORIENTED_EDGE('',*,*,#1278,.F.);
#1278 = EDGE_CURVE('',#1279,#1272,#1281,.T.);
#1279 = VERTEX_POINT('',#1280);
#1280 = CARTESIAN_POINT('',(1.95,-2.11,0.825));
#1281 = LINE('',#1282,#1283);
#1282 = CARTESIAN_POINT('',(1.95,2.275,0.825));
#1283 = VECTOR('',#1284,1.);
#1284 = DIRECTION('',(1.110223024625E-16,-1.,0.));
#1285 = ORIENTED_EDGE('',*,*,#1286,.F.);
#1286 = EDGE_CURVE('',#1287,#1279,#1289,.T.);
#1287 = VERTEX_POINT('',#1288);
#1288 = CARTESIAN_POINT('',(1.95,-1.7,0.825));
#1289 = LINE('',#1290,#1291);
#1290 = CARTESIAN_POINT('',(1.95,2.275,0.825));
#1291 = VECTOR('',#1292,1.);
#1292 = DIRECTION('',(1.110223024625E-16,-1.,0.));
#1293 = ORIENTED_EDGE('',*,*,#1294,.F.);
#1294 = EDGE_CURVE('',#1295,#1287,#1297,.T.);
#1295 = VERTEX_POINT('',#1296);
#1296 = CARTESIAN_POINT('',(1.95,-0.84,0.825));
#1297 = LINE('',#1298,#1299);
#1298 = CARTESIAN_POINT('',(1.95,2.275,0.825));
#1299 = VECTOR('',#1300,1.);
#1300 = DIRECTION('',(1.110223024625E-16,-1.,0.));
#1301 = ORIENTED_EDGE('',*,*,#1302,.F.);
#1302 = EDGE_CURVE('',#1303,#1295,#1305,.T.);
#1303 = VERTEX_POINT('',#1304);
#1304 = CARTESIAN_POINT('',(1.95,-0.43,0.825));
#1305 = LINE('',#1306,#1307);
#1306 = CARTESIAN_POINT('',(1.95,2.275,0.825));
#1307 = VECTOR('',#1308,1.);
#1308 = DIRECTION('',(1.110223024625E-16,-1.,0.));
#1309 = ORIENTED_EDGE('',*,*,#1310,.F.);
#1310 = EDGE_CURVE('',#1311,#1303,#1313,.T.);
#1311 = VERTEX_POINT('',#1312);
#1312 = CARTESIAN_POINT('',(1.95,0.43,0.825));
#1313 = LINE('',#1314,#1315);
#1314 = CARTESIAN_POINT('',(1.95,2.275,0.825));
#1315 = VECTOR('',#1316,1.);
#1316 = DIRECTION('',(1.110223024625E-16,-1.,0.));
#1317 = ORIENTED_EDGE('',*,*,#1318,.F.);
#1318 = EDGE_CURVE('',#1319,#1311,#1321,.T.);
#1319 = VERTEX_POINT('',#1320);
#1320 = CARTESIAN_POINT('',(1.95,0.84,0.825));
#1321 = LINE('',#1322,#1323);
#1322 = CARTESIAN_POINT('',(1.95,2.275,0.825));
#1323 = VECTOR('',#1324,1.);
#1324 = DIRECTION('',(1.110223024625E-16,-1.,0.));
#1325 = ORIENTED_EDGE('',*,*,#1326,.F.);
#1326 = EDGE_CURVE('',#1327,#1319,#1329,.T.);
#1327 = VERTEX_POINT('',#1328);
#1328 = CARTESIAN_POINT('',(1.95,1.7,0.825));
#1329 = LINE('',#1330,#1331);
#1330 = CARTESIAN_POINT('',(1.95,2.275,0.825));
#1331 = VECTOR('',#1332,1.);
#1332 = DIRECTION('',(1.110223024625E-16,-1.,0.));
#1333 = ORIENTED_EDGE('',*,*,#1334,.F.);
#1334 = EDGE_CURVE('',#1335,#1327,#1337,.T.);
#1335 = VERTEX_POINT('',#1336);
#1336 = CARTESIAN_POINT('',(1.95,2.11,0.825));
#1337 = LINE('',#1338,#1339);
#1338 = CARTESIAN_POINT('',(1.95,2.275,0.825));
#1339 = VECTOR('',#1340,1.);
#1340 = DIRECTION('',(1.110223024625E-16,-1.,0.));
#1341 = ORIENTED_EDGE('',*,*,#1342,.F.);
#1342 = EDGE_CURVE('',#1110,#1335,#1343,.T.);
#1343 = LINE('',#1344,#1345);
#1344 = CARTESIAN_POINT('',(1.95,2.275,0.825));
#1345 = VECTOR('',#1346,1.);
#1346 = DIRECTION('',(1.110223024625E-16,-1.,0.));
#1347 = ORIENTED_EDGE('',*,*,#1109,.F.);
#1348 = B_SPLINE_SURFACE_WITH_KNOTS('',1,1,(
    (#1349,#1350)
    ,(#1351,#1352
    )),.UNSPECIFIED.,.F.,.F.,.F.,(2,2),(2,2),(0.,4.55),(0.,1.),
  .PIECEWISE_BEZIER_KNOTS.);
#1349 = CARTESIAN_POINT('',(1.835171280765,2.217585640382,0.1));
#1350 = CARTESIAN_POINT('',(1.95,2.275,0.825));
#1351 = CARTESIAN_POINT('',(1.835171280765,-2.217585640382,0.1));
#1352 = CARTESIAN_POINT('',(1.95,-2.275,0.825));
#1353 = ADVANCED_FACE('',(#1354),#1371,.F.);
#1354 = FACE_BOUND('',#1355,.F.);
#1355 = EDGE_LOOP('',(#1356,#1357,#1358,#1366));
#1356 = ORIENTED_EDGE('',*,*,#1078,.T.);
#1357 = ORIENTED_EDGE('',*,*,#1257,.T.);
#1358 = ORIENTED_EDGE('',*,*,#1359,.F.);
#1359 = EDGE_CURVE('',#1360,#1250,#1362,.T.);
#1360 = VERTEX_POINT('',#1361);
#1361 = CARTESIAN_POINT('',(-1.775,-2.45,0.825));
#1362 = LINE('',#1363,#1364);
#1363 = CARTESIAN_POINT('',(-1.775,-2.45,0.825));
#1364 = VECTOR('',#1365,1.);
#1365 = DIRECTION('',(-0.707106781187,0.707106781187,0.));
#1366 = ORIENTED_EDGE('',*,*,#1367,.F.);
#1367 = EDGE_CURVE('',#1071,#1360,#1368,.T.);
#1368 = B_SPLINE_CURVE_WITH_KNOTS('',1,(#1369,#1370),.UNSPECIFIED.,.F.,
  .F.,(2,2),(0.,1.),.PIECEWISE_BEZIER_KNOTS.);
#1369 = CARTESIAN_POINT('',(-1.717585640382,-2.335171280765,0.1));
#1370 = CARTESIAN_POINT('',(-1.775,-2.45,0.825));
#1371 = B_SPLINE_SURFACE_WITH_KNOTS('',1,1,(
    (#1372,#1373)
    ,(#1374,#1375
    )),.UNSPECIFIED.,.F.,.F.,.F.,(2,2),(2,2),(0.,0.247487373415),(0.,1.)
  ,.PIECEWISE_BEZIER_KNOTS.);
#1372 = CARTESIAN_POINT('',(-1.717585640382,-2.335171280765,0.1));
#1373 = CARTESIAN_POINT('',(-1.775,-2.45,0.825));
#1374 = CARTESIAN_POINT('',(-1.835171280765,-2.217585640382,0.1));
#1375 = CARTESIAN_POINT('',(-1.95,-2.275,0.825));
#1376 = ADVANCED_FACE('',(#1377),#1394,.F.);
#1377 = FACE_BOUND('',#1378,.F.);
#1378 = EDGE_LOOP('',(#1379,#1380,#1387,#1393));
#1379 = ORIENTED_EDGE('',*,*,#1062,.T.);
#1380 = ORIENTED_EDGE('',*,*,#1381,.T.);
#1381 = EDGE_CURVE('',#1063,#1382,#1384,.T.);
#1382 = VERTEX_POINT('',#1383);
#1383 = CARTESIAN_POINT('',(1.775,-2.45,0.825));
#1384 = B_SPLINE_CURVE_WITH_KNOTS('',1,(#1385,#1386),.UNSPECIFIED.,.F.,
  .F.,(2,2),(0.,1.),.PIECEWISE_BEZIER_KNOTS.);
#1385 = CARTESIAN_POINT('',(1.717585640382,-2.335171280765,0.1));
#1386 = CARTESIAN_POINT('',(1.775,-2.45,0.825));
#1387 = ORIENTED_EDGE('',*,*,#1388,.F.);
#1388 = EDGE_CURVE('',#1272,#1382,#1389,.T.);
#1389 = LINE('',#1390,#1391);
#1390 = CARTESIAN_POINT('',(1.95,-2.275,0.825));
#1391 = VECTOR('',#1392,1.);
#1392 = DIRECTION('',(-0.707106781187,-0.707106781187,0.));
#1393 = ORIENTED_EDGE('',*,*,#1271,.F.);
#1394 = B_SPLINE_SURFACE_WITH_KNOTS('',1,1,(
    (#1395,#1396)
    ,(#1397,#1398
    )),.UNSPECIFIED.,.F.,.F.,.F.,(2,2),(2,2),(0.,0.247487373415),(0.,1.)
  ,.PIECEWISE_BEZIER_KNOTS.);
#1395 = CARTESIAN_POINT('',(1.835171280765,-2.217585640382,0.1));
#1396 = CARTESIAN_POINT('',(1.95,-2.275,0.825));
#1397 = CARTESIAN_POINT('',(1.717585640382,-2.335171280765,0.1));
#1398 = CARTESIAN_POINT('',(1.775,-2.45,0.825));
#1399 = ADVANCED_FACE('',(#1400),#1411,.F.);
#1400 = FACE_BOUND('',#1401,.F.);
#1401 = EDGE_LOOP('',(#1402,#1403,#1404,#1410));
#1402 = ORIENTED_EDGE('',*,*,#1070,.T.);
#1403 = ORIENTED_EDGE('',*,*,#1367,.T.);
#1404 = ORIENTED_EDGE('',*,*,#1405,.F.);
#1405 = EDGE_CURVE('',#1382,#1360,#1406,.T.);
#1406 = LINE('',#1407,#1408);
#1407 = CARTESIAN_POINT('',(1.775,-2.45,0.825));
#1408 = VECTOR('',#1409,1.);
#1409 = DIRECTION('',(-1.,-1.110223024625E-16,0.));
#1410 = ORIENTED_EDGE('',*,*,#1381,.F.);
#1411 = B_SPLINE_SURFACE_WITH_KNOTS('',1,1,(
    (#1412,#1413)
    ,(#1414,#1415
    )),.UNSPECIFIED.,.F.,.F.,.F.,(2,2),(2,2),(0.,3.55),(0.,1.),
  .PIECEWISE_BEZIER_KNOTS.);
#1412 = CARTESIAN_POINT('',(1.717585640382,-2.335171280765,0.1));
#1413 = CARTESIAN_POINT('',(1.775,-2.45,0.825));
#1414 = CARTESIAN_POINT('',(-1.717585640382,-2.335171280765,0.1));
#1415 = CARTESIAN_POINT('',(-1.775,-2.45,0.825));
#1416 = ADVANCED_FACE('',(#1417),#1434,.F.);
#1417 = FACE_BOUND('',#1418,.F.);
#1418 = EDGE_LOOP('',(#1419,#1420,#1427,#1433));
#1419 = ORIENTED_EDGE('',*,*,#1116,.T.);
#1420 = ORIENTED_EDGE('',*,*,#1421,.T.);
#1421 = EDGE_CURVE('',#1110,#1422,#1424,.T.);
#1422 = VERTEX_POINT('',#1423);
#1423 = CARTESIAN_POINT('',(1.95,2.275,1.025));
#1424 = B_SPLINE_CURVE_WITH_KNOTS('',1,(#1425,#1426),.UNSPECIFIED.,.F.,
  .F.,(2,2),(0.,1.),.PIECEWISE_BEZIER_KNOTS.);
#1425 = CARTESIAN_POINT('',(1.95,2.275,0.825));
#1426 = CARTESIAN_POINT('',(1.95,2.275,1.025));
#1427 = ORIENTED_EDGE('',*,*,#1428,.F.);
#1428 = EDGE_CURVE('',#1133,#1422,#1429,.T.);
#1429 = LINE('',#1430,#1431);
#1430 = CARTESIAN_POINT('',(1.775,2.45,1.025));
#1431 = VECTOR('',#1432,1.);
#1432 = DIRECTION('',(0.707106781187,-0.707106781187,0.));
#1433 = ORIENTED_EDGE('',*,*,#1132,.F.);
#1434 = PLANE('',#1435);
#1435 = AXIS2_PLACEMENT_3D('',#1436,#1437,#1438);
#1436 = CARTESIAN_POINT('',(1.775,2.45,1.025));
#1437 = DIRECTION('',(-0.707106781187,-0.707106781187,0.));
#1438 = DIRECTION('',(0.707106781187,-0.707106781187,0.));
#1439 = ADVANCED_FACE('',(#1440),#1522,.F.);
#1440 = FACE_BOUND('',#1441,.F.);
#1441 = EDGE_LOOP('',(#1442,#1450,#1451,#1452,#1460,#1468,#1476,#1484,
    #1492,#1500,#1508,#1516));
#1442 = ORIENTED_EDGE('',*,*,#1443,.T.);
#1443 = EDGE_CURVE('',#1444,#1140,#1446,.T.);
#1444 = VERTEX_POINT('',#1445);
#1445 = CARTESIAN_POINT('',(-1.95,2.275,1.025));
#1446 = LINE('',#1447,#1448);
#1447 = CARTESIAN_POINT('',(-1.95,2.275,1.025));
#1448 = VECTOR('',#1449,1.);
#1449 = DIRECTION('',(0.707106781187,0.707106781187,0.));
#1450 = ORIENTED_EDGE('',*,*,#1139,.T.);
#1451 = ORIENTED_EDGE('',*,*,#1428,.T.);
#1452 = ORIENTED_EDGE('',*,*,#1453,.T.);
#1453 = EDGE_CURVE('',#1422,#1454,#1456,.T.);
#1454 = VERTEX_POINT('',#1455);
#1455 = CARTESIAN_POINT('',(1.95,2.11,1.025));
#1456 = LINE('',#1457,#1458);
#1457 = CARTESIAN_POINT('',(1.95,2.275,1.025));
#1458 = VECTOR('',#1459,1.);
#1459 = DIRECTION('',(1.110223024625E-16,-1.,0.));
#1460 = ORIENTED_EDGE('',*,*,#1461,.T.);
#1461 = EDGE_CURVE('',#1454,#1462,#1464,.T.);
#1462 = VERTEX_POINT('',#1463);
#1463 = CARTESIAN_POINT('',(1.875,2.11,1.025));
#1464 = LINE('',#1465,#1466);
#1465 = CARTESIAN_POINT('',(2.25,2.11,1.025));
#1466 = VECTOR('',#1467,1.);
#1467 = DIRECTION('',(-1.,-1.110223024625E-16,0.));
#1468 = ORIENTED_EDGE('',*,*,#1469,.F.);
#1469 = EDGE_CURVE('',#1470,#1462,#1472,.T.);
#1470 = VERTEX_POINT('',#1471);
#1471 = CARTESIAN_POINT('',(1.875,2.2375,1.025));
#1472 = LINE('',#1473,#1474);
#1473 = CARTESIAN_POINT('',(1.875,2.2375,1.025));
#1474 = VECTOR('',#1475,1.);
#1475 = DIRECTION('',(1.110223024625E-16,-1.,0.));
#1476 = ORIENTED_EDGE('',*,*,#1477,.F.);
#1477 = EDGE_CURVE('',#1478,#1470,#1480,.T.);
#1478 = VERTEX_POINT('',#1479);
#1479 = CARTESIAN_POINT('',(1.7375,2.375,1.025));
#1480 = LINE('',#1481,#1482);
#1481 = CARTESIAN_POINT('',(1.7375,2.375,1.025));
#1482 = VECTOR('',#1483,1.);
#1483 = DIRECTION('',(0.707106781187,-0.707106781187,0.));
#1484 = ORIENTED_EDGE('',*,*,#1485,.F.);
#1485 = EDGE_CURVE('',#1486,#1478,#1488,.T.);
#1486 = VERTEX_POINT('',#1487);
#1487 = CARTESIAN_POINT('',(-1.7375,2.375,1.025));
#1488 = LINE('',#1489,#1490);
#1489 = CARTESIAN_POINT('',(-1.7375,2.375,1.025));
#1490 = VECTOR('',#1491,1.);
#1491 = DIRECTION('',(1.,1.110223024625E-16,0.));
#1492 = ORIENTED_EDGE('',*,*,#1493,.F.);
#1493 = EDGE_CURVE('',#1494,#1486,#1496,.T.);
#1494 = VERTEX_POINT('',#1495);
#1495 = CARTESIAN_POINT('',(-1.875,2.2375,1.025));
#1496 = LINE('',#1497,#1498);
#1497 = CARTESIAN_POINT('',(-1.875,2.2375,1.025));
#1498 = VECTOR('',#1499,1.);
#1499 = DIRECTION('',(0.707106781187,0.707106781187,0.));
#1500 = ORIENTED_EDGE('',*,*,#1501,.F.);
#1501 = EDGE_CURVE('',#1502,#1494,#1504,.T.);
#1502 = VERTEX_POINT('',#1503);
#1503 = CARTESIAN_POINT('',(-1.875,2.11,1.025));
#1504 = LINE('',#1505,#1506);
#1505 = CARTESIAN_POINT('',(-1.875,-2.2375,1.025));
#1506 = VECTOR('',#1507,1.);
#1507 = DIRECTION('',(-1.110223024625E-16,1.,0.));
#1508 = ORIENTED_EDGE('',*,*,#1509,.F.);
#1509 = EDGE_CURVE('',#1510,#1502,#1512,.T.);
#1510 = VERTEX_POINT('',#1511);
#1511 = CARTESIAN_POINT('',(-1.95,2.11,1.025));
#1512 = LINE('',#1513,#1514);
#1513 = CARTESIAN_POINT('',(-2.25,2.11,1.025));
#1514 = VECTOR('',#1515,1.);
#1515 = DIRECTION('',(1.,-1.144237745222E-17,0.));
#1516 = ORIENTED_EDGE('',*,*,#1517,.T.);
#1517 = EDGE_CURVE('',#1510,#1444,#1518,.T.);
#1518 = LINE('',#1519,#1520);
#1519 = CARTESIAN_POINT('',(-1.95,-2.275,1.025));
#1520 = VECTOR('',#1521,1.);
#1521 = DIRECTION('',(-1.110223024625E-16,1.,0.));
#1522 = PLANE('',#1523);
#1523 = AXIS2_PLACEMENT_3D('',#1524,#1525,#1526);
#1524 = CARTESIAN_POINT('',(-3.027078129022E-16,2.4125,1.025));
#1525 = DIRECTION('',(2.007919022429E-31,-7.713306628828E-27,-1.));
#1526 = DIRECTION('',(1.,1.112083013911E-16,2.00791902242E-31));
#1527 = ADVANCED_FACE('',(#1528),#1538,.F.);
#1528 = FACE_BOUND('',#1529,.F.);
#1529 = EDGE_LOOP('',(#1530,#1531,#1532,#1533));
#1530 = ORIENTED_EDGE('',*,*,#1162,.T.);
#1531 = ORIENTED_EDGE('',*,*,#1147,.T.);
#1532 = ORIENTED_EDGE('',*,*,#1443,.F.);
#1533 = ORIENTED_EDGE('',*,*,#1534,.F.);
#1534 = EDGE_CURVE('',#1163,#1444,#1535,.T.);
#1535 = B_SPLINE_CURVE_WITH_KNOTS('',1,(#1536,#1537),.UNSPECIFIED.,.F.,
  .F.,(2,2),(0.,1.),.PIECEWISE_BEZIER_KNOTS.);
#1536 = CARTESIAN_POINT('',(-1.95,2.275,0.825));
#1537 = CARTESIAN_POINT('',(-1.95,2.275,1.025));
#1538 = PLANE('',#1539);
#1539 = AXIS2_PLACEMENT_3D('',#1540,#1541,#1542);
#1540 = CARTESIAN_POINT('',(-1.95,2.275,1.025));
#1541 = DIRECTION('',(0.707106781187,-0.707106781187,0.));
#1542 = DIRECTION('',(0.707106781187,0.707106781187,0.));
#1543 = ADVANCED_FACE('',(#1544),#1568,.F.);
#1544 = FACE_BOUND('',#1545,.F.);
#1545 = EDGE_LOOP('',(#1546,#1553,#1554,#1562));
#1546 = ORIENTED_EDGE('',*,*,#1547,.F.);
#1547 = EDGE_CURVE('',#1250,#1548,#1550,.T.);
#1548 = VERTEX_POINT('',#1549);
#1549 = CARTESIAN_POINT('',(-1.95,-2.275,1.025));
#1550 = B_SPLINE_CURVE_WITH_KNOTS('',1,(#1551,#1552),.UNSPECIFIED.,.F.,
  .F.,(2,2),(0.,1.),.PIECEWISE_BEZIER_KNOTS.);
#1551 = CARTESIAN_POINT('',(-1.95,-2.275,0.825));
#1552 = CARTESIAN_POINT('',(-1.95,-2.275,1.025));
#1553 = ORIENTED_EDGE('',*,*,#1249,.T.);
#1554 = ORIENTED_EDGE('',*,*,#1555,.T.);
#1555 = EDGE_CURVE('',#1242,#1556,#1558,.T.);
#1556 = VERTEX_POINT('',#1557);
#1557 = CARTESIAN_POINT('',(-1.95,-2.11,1.025));
#1558 = LINE('',#1559,#1560);
#1559 = CARTESIAN_POINT('',(-1.95,-2.11,0.786976568901));
#1560 = VECTOR('',#1561,1.);
#1561 = DIRECTION('',(0.,0.,1.));
#1562 = ORIENTED_EDGE('',*,*,#1563,.F.);
#1563 = EDGE_CURVE('',#1548,#1556,#1564,.T.);
#1564 = LINE('',#1565,#1566);
#1565 = CARTESIAN_POINT('',(-1.95,-2.275,1.025));
#1566 = VECTOR('',#1567,1.);
#1567 = DIRECTION('',(-1.110223024625E-16,1.,0.));
#1568 = PLANE('',#1569);
#1569 = AXIS2_PLACEMENT_3D('',#1570,#1571,#1572);
#1570 = CARTESIAN_POINT('',(-1.95,-2.275,1.025));
#1571 = DIRECTION('',(1.,1.110223024625E-16,0.));
#1572 = DIRECTION('',(-1.110223024625E-16,1.,0.));
#1573 = ADVANCED_FACE('',(#1574),#1599,.F.);
#1574 = FACE_BOUND('',#1575,.F.);
#1575 = EDGE_LOOP('',(#1576,#1584,#1585,#1593));
#1576 = ORIENTED_EDGE('',*,*,#1577,.F.);
#1577 = EDGE_CURVE('',#1242,#1578,#1580,.T.);
#1578 = VERTEX_POINT('',#1579);
#1579 = CARTESIAN_POINT('',(-2.25,-2.11,0.825));
#1580 = LINE('',#1581,#1582);
#1581 = CARTESIAN_POINT('',(-1.8,-2.11,0.825));
#1582 = VECTOR('',#1583,1.);
#1583 = DIRECTION('',(-1.,1.144237745222E-17,0.));
#1584 = ORIENTED_EDGE('',*,*,#1241,.T.);
#1585 = ORIENTED_EDGE('',*,*,#1586,.T.);
#1586 = EDGE_CURVE('',#1234,#1587,#1589,.T.);
#1587 = VERTEX_POINT('',#1588);
#1588 = CARTESIAN_POINT('',(-2.25,-1.7,0.825));
#1589 = LINE('',#1590,#1591);
#1590 = CARTESIAN_POINT('',(-1.8,-1.7,0.825));
#1591 = VECTOR('',#1592,1.);
#1592 = DIRECTION('',(-1.,1.144237745222E-17,0.));
#1593 = ORIENTED_EDGE('',*,*,#1594,.F.);
#1594 = EDGE_CURVE('',#1578,#1587,#1595,.T.);
#1595 = LINE('',#1596,#1597);
#1596 = CARTESIAN_POINT('',(-2.25,-2.11,0.825));
#1597 = VECTOR('',#1598,1.);
#1598 = DIRECTION('',(1.144237745222E-17,1.,0.));
#1599 = PLANE('',#1600);
#1600 = AXIS2_PLACEMENT_3D('',#1601,#1602,#1603);
#1601 = CARTESIAN_POINT('',(-1.8,-2.11,0.825));
#1602 = DIRECTION('',(0.,0.,1.));
#1603 = DIRECTION('',(-1.,1.144237745222E-17,0.));
#1604 = ADVANCED_FACE('',(#1605),#1630,.F.);
#1605 = FACE_BOUND('',#1606,.F.);
#1606 = EDGE_LOOP('',(#1607,#1615,#1616,#1624));
#1607 = ORIENTED_EDGE('',*,*,#1608,.F.);
#1608 = EDGE_CURVE('',#1234,#1609,#1611,.T.);
#1609 = VERTEX_POINT('',#1610);
#1610 = CARTESIAN_POINT('',(-1.95,-1.7,1.025));
#1611 = LINE('',#1612,#1613);
#1612 = CARTESIAN_POINT('',(-1.95,-1.7,0.786976568901));
#1613 = VECTOR('',#1614,1.);
#1614 = DIRECTION('',(0.,0.,1.));
#1615 = ORIENTED_EDGE('',*,*,#1233,.T.);
#1616 = ORIENTED_EDGE('',*,*,#1617,.T.);
#1617 = EDGE_CURVE('',#1226,#1618,#1620,.T.);
#1618 = VERTEX_POINT('',#1619);
#1619 = CARTESIAN_POINT('',(-1.95,-0.84,1.025));
#1620 = LINE('',#1621,#1622);
#1621 = CARTESIAN_POINT('',(-1.95,-0.84,0.786976568901));
#1622 = VECTOR('',#1623,1.);
#1623 = DIRECTION('',(0.,0.,1.));
#1624 = ORIENTED_EDGE('',*,*,#1625,.F.);
#1625 = EDGE_CURVE('',#1609,#1618,#1626,.T.);
#1626 = LINE('',#1627,#1628);
#1627 = CARTESIAN_POINT('',(-1.95,-2.275,1.025));
#1628 = VECTOR('',#1629,1.);
#1629 = DIRECTION('',(-1.110223024625E-16,1.,0.));
#1630 = PLANE('',#1631);
#1631 = AXIS2_PLACEMENT_3D('',#1632,#1633,#1634);
#1632 = CARTESIAN_POINT('',(-1.95,-2.275,1.025));
#1633 = DIRECTION('',(1.,1.110223024625E-16,0.));
#1634 = DIRECTION('',(-1.110223024625E-16,1.,0.));
#1635 = ADVANCED_FACE('',(#1636),#1661,.F.);
#1636 = FACE_BOUND('',#1637,.F.);
#1637 = EDGE_LOOP('',(#1638,#1646,#1647,#1655));
#1638 = ORIENTED_EDGE('',*,*,#1639,.F.);
#1639 = EDGE_CURVE('',#1226,#1640,#1642,.T.);
#1640 = VERTEX_POINT('',#1641);
#1641 = CARTESIAN_POINT('',(-2.25,-0.84,0.825));
#1642 = LINE('',#1643,#1644);
#1643 = CARTESIAN_POINT('',(-1.8,-0.84,0.825));
#1644 = VECTOR('',#1645,1.);
#1645 = DIRECTION('',(-1.,1.144237745222E-17,0.));
#1646 = ORIENTED_EDGE('',*,*,#1225,.T.);
#1647 = ORIENTED_EDGE('',*,*,#1648,.T.);
#1648 = EDGE_CURVE('',#1218,#1649,#1651,.T.);
#1649 = VERTEX_POINT('',#1650);
#1650 = CARTESIAN_POINT('',(-2.25,-0.43,0.825));
#1651 = LINE('',#1652,#1653);
#1652 = CARTESIAN_POINT('',(-1.8,-0.43,0.825));
#1653 = VECTOR('',#1654,1.);
#1654 = DIRECTION('',(-1.,1.144237745222E-17,0.));
#1655 = ORIENTED_EDGE('',*,*,#1656,.F.);
#1656 = EDGE_CURVE('',#1640,#1649,#1657,.T.);
#1657 = LINE('',#1658,#1659);
#1658 = CARTESIAN_POINT('',(-2.25,-0.84,0.825));
#1659 = VECTOR('',#1660,1.);
#1660 = DIRECTION('',(1.144237745222E-17,1.,0.));
#1661 = PLANE('',#1662);
#1662 = AXIS2_PLACEMENT_3D('',#1663,#1664,#1665);
#1663 = CARTESIAN_POINT('',(-1.8,-0.84,0.825));
#1664 = DIRECTION('',(0.,0.,1.));
#1665 = DIRECTION('',(-1.,1.144237745222E-17,0.));
#1666 = ADVANCED_FACE('',(#1667),#1692,.F.);
#1667 = FACE_BOUND('',#1668,.F.);
#1668 = EDGE_LOOP('',(#1669,#1677,#1678,#1686));
#1669 = ORIENTED_EDGE('',*,*,#1670,.F.);
#1670 = EDGE_CURVE('',#1218,#1671,#1673,.T.);
#1671 = VERTEX_POINT('',#1672);
#1672 = CARTESIAN_POINT('',(-1.95,-0.43,1.025));
#1673 = LINE('',#1674,#1675);
#1674 = CARTESIAN_POINT('',(-1.95,-0.43,0.786976568901));
#1675 = VECTOR('',#1676,1.);
#1676 = DIRECTION('',(0.,0.,1.));
#1677 = ORIENTED_EDGE('',*,*,#1217,.T.);
#1678 = ORIENTED_EDGE('',*,*,#1679,.T.);
#1679 = EDGE_CURVE('',#1210,#1680,#1682,.T.);
#1680 = VERTEX_POINT('',#1681);
#1681 = CARTESIAN_POINT('',(-1.95,0.43,1.025));
#1682 = LINE('',#1683,#1684);
#1683 = CARTESIAN_POINT('',(-1.95,0.43,0.786976568901));
#1684 = VECTOR('',#1685,1.);
#1685 = DIRECTION('',(0.,0.,1.));
#1686 = ORIENTED_EDGE('',*,*,#1687,.F.);
#1687 = EDGE_CURVE('',#1671,#1680,#1688,.T.);
#1688 = LINE('',#1689,#1690);
#1689 = CARTESIAN_POINT('',(-1.95,-2.275,1.025));
#1690 = VECTOR('',#1691,1.);
#1691 = DIRECTION('',(-1.110223024625E-16,1.,0.));
#1692 = PLANE('',#1693);
#1693 = AXIS2_PLACEMENT_3D('',#1694,#1695,#1696);
#1694 = CARTESIAN_POINT('',(-1.95,-2.275,1.025));
#1695 = DIRECTION('',(1.,1.110223024625E-16,0.));
#1696 = DIRECTION('',(-1.110223024625E-16,1.,0.));
#1697 = ADVANCED_FACE('',(#1698),#1723,.F.);
#1698 = FACE_BOUND('',#1699,.F.);
#1699 = EDGE_LOOP('',(#1700,#1708,#1709,#1717));
#1700 = ORIENTED_EDGE('',*,*,#1701,.F.);
#1701 = EDGE_CURVE('',#1210,#1702,#1704,.T.);
#1702 = VERTEX_POINT('',#1703);
#1703 = CARTESIAN_POINT('',(-2.25,0.43,0.825));
#1704 = LINE('',#1705,#1706);
#1705 = CARTESIAN_POINT('',(-1.8,0.43,0.825));
#1706 = VECTOR('',#1707,1.);
#1707 = DIRECTION('',(-1.,1.144237745222E-17,0.));
#1708 = ORIENTED_EDGE('',*,*,#1209,.T.);
#1709 = ORIENTED_EDGE('',*,*,#1710,.T.);
#1710 = EDGE_CURVE('',#1202,#1711,#1713,.T.);
#1711 = VERTEX_POINT('',#1712);
#1712 = CARTESIAN_POINT('',(-2.25,0.84,0.825));
#1713 = LINE('',#1714,#1715);
#1714 = CARTESIAN_POINT('',(-1.8,0.84,0.825));
#1715 = VECTOR('',#1716,1.);
#1716 = DIRECTION('',(-1.,1.144237745222E-17,0.));
#1717 = ORIENTED_EDGE('',*,*,#1718,.F.);
#1718 = EDGE_CURVE('',#1702,#1711,#1719,.T.);
#1719 = LINE('',#1720,#1721);
#1720 = CARTESIAN_POINT('',(-2.25,0.43,0.825));
#1721 = VECTOR('',#1722,1.);
#1722 = DIRECTION('',(1.144237745222E-17,1.,0.));
#1723 = PLANE('',#1724);
#1724 = AXIS2_PLACEMENT_3D('',#1725,#1726,#1727);
#1725 = CARTESIAN_POINT('',(-1.8,0.43,0.825));
#1726 = DIRECTION('',(0.,0.,1.));
#1727 = DIRECTION('',(-1.,1.144237745222E-17,0.));
#1728 = ADVANCED_FACE('',(#1729),#1754,.F.);
#1729 = FACE_BOUND('',#1730,.F.);
#1730 = EDGE_LOOP('',(#1731,#1739,#1740,#1748));
#1731 = ORIENTED_EDGE('',*,*,#1732,.F.);
#1732 = EDGE_CURVE('',#1202,#1733,#1735,.T.);
#1733 = VERTEX_POINT('',#1734);
#1734 = CARTESIAN_POINT('',(-1.95,0.84,1.025));
#1735 = LINE('',#1736,#1737);
#1736 = CARTESIAN_POINT('',(-1.95,0.84,0.786976568901));
#1737 = VECTOR('',#1738,1.);
#1738 = DIRECTION('',(0.,0.,1.));
#1739 = ORIENTED_EDGE('',*,*,#1201,.T.);
#1740 = ORIENTED_EDGE('',*,*,#1741,.T.);
#1741 = EDGE_CURVE('',#1194,#1742,#1744,.T.);
#1742 = VERTEX_POINT('',#1743);
#1743 = CARTESIAN_POINT('',(-1.95,1.7,1.025));
#1744 = LINE('',#1745,#1746);
#1745 = CARTESIAN_POINT('',(-1.95,1.7,0.786976568901));
#1746 = VECTOR('',#1747,1.);
#1747 = DIRECTION('',(0.,0.,1.));
#1748 = ORIENTED_EDGE('',*,*,#1749,.F.);
#1749 = EDGE_CURVE('',#1733,#1742,#1750,.T.);
#1750 = LINE('',#1751,#1752);
#1751 = CARTESIAN_POINT('',(-1.95,-2.275,1.025));
#1752 = VECTOR('',#1753,1.);
#1753 = DIRECTION('',(-1.110223024625E-16,1.,0.));
#1754 = PLANE('',#1755);
#1755 = AXIS2_PLACEMENT_3D('',#1756,#1757,#1758);
#1756 = CARTESIAN_POINT('',(-1.95,-2.275,1.025));
#1757 = DIRECTION('',(1.,1.110223024625E-16,0.));
#1758 = DIRECTION('',(-1.110223024625E-16,1.,0.));
#1759 = ADVANCED_FACE('',(#1760),#1785,.F.);
#1760 = FACE_BOUND('',#1761,.F.);
#1761 = EDGE_LOOP('',(#1762,#1770,#1771,#1779));
#1762 = ORIENTED_EDGE('',*,*,#1763,.F.);
#1763 = EDGE_CURVE('',#1194,#1764,#1766,.T.);
#1764 = VERTEX_POINT('',#1765);
#1765 = CARTESIAN_POINT('',(-2.25,1.7,0.825));
#1766 = LINE('',#1767,#1768);
#1767 = CARTESIAN_POINT('',(-1.8,1.7,0.825));
#1768 = VECTOR('',#1769,1.);
#1769 = DIRECTION('',(-1.,1.144237745222E-17,0.));
#1770 = ORIENTED_EDGE('',*,*,#1193,.T.);
#1771 = ORIENTED_EDGE('',*,*,#1772,.T.);
#1772 = EDGE_CURVE('',#1186,#1773,#1775,.T.);
#1773 = VERTEX_POINT('',#1774);
#1774 = CARTESIAN_POINT('',(-2.25,2.11,0.825));
#1775 = LINE('',#1776,#1777);
#1776 = CARTESIAN_POINT('',(-1.8,2.11,0.825));
#1777 = VECTOR('',#1778,1.);
#1778 = DIRECTION('',(-1.,1.144237745222E-17,0.));
#1779 = ORIENTED_EDGE('',*,*,#1780,.F.);
#1780 = EDGE_CURVE('',#1764,#1773,#1781,.T.);
#1781 = LINE('',#1782,#1783);
#1782 = CARTESIAN_POINT('',(-2.25,1.7,0.825));
#1783 = VECTOR('',#1784,1.);
#1784 = DIRECTION('',(1.144237745222E-17,1.,0.));
#1785 = PLANE('',#1786);
#1786 = AXIS2_PLACEMENT_3D('',#1787,#1788,#1789);
#1787 = CARTESIAN_POINT('',(-1.8,1.7,0.825));
#1788 = DIRECTION('',(0.,0.,1.));
#1789 = DIRECTION('',(-1.,1.144237745222E-17,0.));
#1790 = ADVANCED_FACE('',(#1791),#1802,.F.);
#1791 = FACE_BOUND('',#1792,.F.);
#1792 = EDGE_LOOP('',(#1793,#1799,#1800,#1801));
#1793 = ORIENTED_EDGE('',*,*,#1794,.F.);
#1794 = EDGE_CURVE('',#1186,#1510,#1795,.T.);
#1795 = LINE('',#1796,#1797);
#1796 = CARTESIAN_POINT('',(-1.95,2.11,0.786976568901));
#1797 = VECTOR('',#1798,1.);
#1798 = DIRECTION('',(0.,0.,1.));
#1799 = ORIENTED_EDGE('',*,*,#1185,.T.);
#1800 = ORIENTED_EDGE('',*,*,#1534,.T.);
#1801 = ORIENTED_EDGE('',*,*,#1517,.F.);
#1802 = PLANE('',#1803);
#1803 = AXIS2_PLACEMENT_3D('',#1804,#1805,#1806);
#1804 = CARTESIAN_POINT('',(-1.95,-2.275,1.025));
#1805 = DIRECTION('',(1.,1.110223024625E-16,0.));
#1806 = DIRECTION('',(-1.110223024625E-16,1.,0.));
#1807 = ADVANCED_FACE('',(#1808),#1819,.F.);
#1808 = FACE_BOUND('',#1809,.F.);
#1809 = EDGE_LOOP('',(#1810,#1811,#1812,#1818));
#1810 = ORIENTED_EDGE('',*,*,#1421,.F.);
#1811 = ORIENTED_EDGE('',*,*,#1342,.T.);
#1812 = ORIENTED_EDGE('',*,*,#1813,.T.);
#1813 = EDGE_CURVE('',#1335,#1454,#1814,.T.);
#1814 = LINE('',#1815,#1816);
#1815 = CARTESIAN_POINT('',(1.95,2.11,0.786976568901));
#1816 = VECTOR('',#1817,1.);
#1817 = DIRECTION('',(0.,0.,1.));
#1818 = ORIENTED_EDGE('',*,*,#1453,.F.);
#1819 = PLANE('',#1820);
#1820 = AXIS2_PLACEMENT_3D('',#1821,#1822,#1823);
#1821 = CARTESIAN_POINT('',(1.95,2.275,1.025));
#1822 = DIRECTION('',(-1.,-1.110223024625E-16,0.));
#1823 = DIRECTION('',(1.110223024625E-16,-1.,0.));
#1824 = ADVANCED_FACE('',(#1825),#1850,.F.);
#1825 = FACE_BOUND('',#1826,.F.);
#1826 = EDGE_LOOP('',(#1827,#1835,#1836,#1844));
#1827 = ORIENTED_EDGE('',*,*,#1828,.F.);
#1828 = EDGE_CURVE('',#1335,#1829,#1831,.T.);
#1829 = VERTEX_POINT('',#1830);
#1830 = CARTESIAN_POINT('',(2.25,2.11,0.825));
#1831 = LINE('',#1832,#1833);
#1832 = CARTESIAN_POINT('',(1.8,2.11,0.825));
#1833 = VECTOR('',#1834,1.);
#1834 = DIRECTION('',(1.,1.110223024625E-16,0.));
#1835 = ORIENTED_EDGE('',*,*,#1334,.T.);
#1836 = ORIENTED_EDGE('',*,*,#1837,.T.);
#1837 = EDGE_CURVE('',#1327,#1838,#1840,.T.);
#1838 = VERTEX_POINT('',#1839);
#1839 = CARTESIAN_POINT('',(2.25,1.7,0.825));
#1840 = LINE('',#1841,#1842);
#1841 = CARTESIAN_POINT('',(1.8,1.7,0.825));
#1842 = VECTOR('',#1843,1.);
#1843 = DIRECTION('',(1.,1.110223024625E-16,0.));
#1844 = ORIENTED_EDGE('',*,*,#1845,.F.);
#1845 = EDGE_CURVE('',#1829,#1838,#1846,.T.);
#1846 = LINE('',#1847,#1848);
#1847 = CARTESIAN_POINT('',(2.25,2.11,0.825));
#1848 = VECTOR('',#1849,1.);
#1849 = DIRECTION('',(1.110223024625E-16,-1.,0.));
#1850 = PLANE('',#1851);
#1851 = AXIS2_PLACEMENT_3D('',#1852,#1853,#1854);
#1852 = CARTESIAN_POINT('',(1.8,2.11,0.825));
#1853 = DIRECTION('',(0.,0.,1.));
#1854 = DIRECTION('',(1.,1.110223024625E-16,-0.));
#1855 = ADVANCED_FACE('',(#1856),#1881,.F.);
#1856 = FACE_BOUND('',#1857,.F.);
#1857 = EDGE_LOOP('',(#1858,#1866,#1867,#1875));
#1858 = ORIENTED_EDGE('',*,*,#1859,.F.);
#1859 = EDGE_CURVE('',#1327,#1860,#1862,.T.);
#1860 = VERTEX_POINT('',#1861);
#1861 = CARTESIAN_POINT('',(1.95,1.7,1.025));
#1862 = LINE('',#1863,#1864);
#1863 = CARTESIAN_POINT('',(1.95,1.7,0.786976568901));
#1864 = VECTOR('',#1865,1.);
#1865 = DIRECTION('',(0.,0.,1.));
#1866 = ORIENTED_EDGE('',*,*,#1326,.T.);
#1867 = ORIENTED_EDGE('',*,*,#1868,.T.);
#1868 = EDGE_CURVE('',#1319,#1869,#1871,.T.);
#1869 = VERTEX_POINT('',#1870);
#1870 = CARTESIAN_POINT('',(1.95,0.84,1.025));
#1871 = LINE('',#1872,#1873);
#1872 = CARTESIAN_POINT('',(1.95,0.84,0.786976568901));
#1873 = VECTOR('',#1874,1.);
#1874 = DIRECTION('',(0.,0.,1.));
#1875 = ORIENTED_EDGE('',*,*,#1876,.F.);
#1876 = EDGE_CURVE('',#1860,#1869,#1877,.T.);
#1877 = LINE('',#1878,#1879);
#1878 = CARTESIAN_POINT('',(1.95,2.275,1.025));
#1879 = VECTOR('',#1880,1.);
#1880 = DIRECTION('',(1.110223024625E-16,-1.,0.));
#1881 = PLANE('',#1882);
#1882 = AXIS2_PLACEMENT_3D('',#1883,#1884,#1885);
#1883 = CARTESIAN_POINT('',(1.95,2.275,1.025));
#1884 = DIRECTION('',(-1.,-1.110223024625E-16,0.));
#1885 = DIRECTION('',(1.110223024625E-16,-1.,0.));
#1886 = ADVANCED_FACE('',(#1887),#1912,.F.);
#1887 = FACE_BOUND('',#1888,.F.);
#1888 = EDGE_LOOP('',(#1889,#1897,#1898,#1906));
#1889 = ORIENTED_EDGE('',*,*,#1890,.F.);
#1890 = EDGE_CURVE('',#1319,#1891,#1893,.T.);
#1891 = VERTEX_POINT('',#1892);
#1892 = CARTESIAN_POINT('',(2.25,0.84,0.825));
#1893 = LINE('',#1894,#1895);
#1894 = CARTESIAN_POINT('',(1.8,0.84,0.825));
#1895 = VECTOR('',#1896,1.);
#1896 = DIRECTION('',(1.,1.110223024625E-16,0.));
#1897 = ORIENTED_EDGE('',*,*,#1318,.T.);
#1898 = ORIENTED_EDGE('',*,*,#1899,.T.);
#1899 = EDGE_CURVE('',#1311,#1900,#1902,.T.);
#1900 = VERTEX_POINT('',#1901);
#1901 = CARTESIAN_POINT('',(2.25,0.43,0.825));
#1902 = LINE('',#1903,#1904);
#1903 = CARTESIAN_POINT('',(1.8,0.43,0.825));
#1904 = VECTOR('',#1905,1.);
#1905 = DIRECTION('',(1.,1.110223024625E-16,0.));
#1906 = ORIENTED_EDGE('',*,*,#1907,.F.);
#1907 = EDGE_CURVE('',#1891,#1900,#1908,.T.);
#1908 = LINE('',#1909,#1910);
#1909 = CARTESIAN_POINT('',(2.25,0.84,0.825));
#1910 = VECTOR('',#1911,1.);
#1911 = DIRECTION('',(1.110223024625E-16,-1.,0.));
#1912 = PLANE('',#1913);
#1913 = AXIS2_PLACEMENT_3D('',#1914,#1915,#1916);
#1914 = CARTESIAN_POINT('',(1.8,0.84,0.825));
#1915 = DIRECTION('',(0.,0.,1.));
#1916 = DIRECTION('',(1.,1.110223024625E-16,-0.));
#1917 = ADVANCED_FACE('',(#1918),#1943,.F.);
#1918 = FACE_BOUND('',#1919,.F.);
#1919 = EDGE_LOOP('',(#1920,#1928,#1929,#1937));
#1920 = ORIENTED_EDGE('',*,*,#1921,.F.);
#1921 = EDGE_CURVE('',#1311,#1922,#1924,.T.);
#1922 = VERTEX_POINT('',#1923);
#1923 = CARTESIAN_POINT('',(1.95,0.43,1.025));
#1924 = LINE('',#1925,#1926);
#1925 = CARTESIAN_POINT('',(1.95,0.43,0.786976568901));
#1926 = VECTOR('',#1927,1.);
#1927 = DIRECTION('',(0.,0.,1.));
#1928 = ORIENTED_EDGE('',*,*,#1310,.T.);
#1929 = ORIENTED_EDGE('',*,*,#1930,.T.);
#1930 = EDGE_CURVE('',#1303,#1931,#1933,.T.);
#1931 = VERTEX_POINT('',#1932);
#1932 = CARTESIAN_POINT('',(1.95,-0.43,1.025));
#1933 = LINE('',#1934,#1935);
#1934 = CARTESIAN_POINT('',(1.95,-0.43,0.786976568901));
#1935 = VECTOR('',#1936,1.);
#1936 = DIRECTION('',(0.,0.,1.));
#1937 = ORIENTED_EDGE('',*,*,#1938,.F.);
#1938 = EDGE_CURVE('',#1922,#1931,#1939,.T.);
#1939 = LINE('',#1940,#1941);
#1940 = CARTESIAN_POINT('',(1.95,2.275,1.025));
#1941 = VECTOR('',#1942,1.);
#1942 = DIRECTION('',(1.110223024625E-16,-1.,0.));
#1943 = PLANE('',#1944);
#1944 = AXIS2_PLACEMENT_3D('',#1945,#1946,#1947);
#1945 = CARTESIAN_POINT('',(1.95,2.275,1.025));
#1946 = DIRECTION('',(-1.,-1.110223024625E-16,0.));
#1947 = DIRECTION('',(1.110223024625E-16,-1.,0.));
#1948 = ADVANCED_FACE('',(#1949),#1974,.F.);
#1949 = FACE_BOUND('',#1950,.F.);
#1950 = EDGE_LOOP('',(#1951,#1959,#1960,#1968));
#1951 = ORIENTED_EDGE('',*,*,#1952,.F.);
#1952 = EDGE_CURVE('',#1303,#1953,#1955,.T.);
#1953 = VERTEX_POINT('',#1954);
#1954 = CARTESIAN_POINT('',(2.25,-0.43,0.825));
#1955 = LINE('',#1956,#1957);
#1956 = CARTESIAN_POINT('',(1.8,-0.43,0.825));
#1957 = VECTOR('',#1958,1.);
#1958 = DIRECTION('',(1.,1.110223024625E-16,0.));
#1959 = ORIENTED_EDGE('',*,*,#1302,.T.);
#1960 = ORIENTED_EDGE('',*,*,#1961,.T.);
#1961 = EDGE_CURVE('',#1295,#1962,#1964,.T.);
#1962 = VERTEX_POINT('',#1963);
#1963 = CARTESIAN_POINT('',(2.25,-0.84,0.825));
#1964 = LINE('',#1965,#1966);
#1965 = CARTESIAN_POINT('',(1.8,-0.84,0.825));
#1966 = VECTOR('',#1967,1.);
#1967 = DIRECTION('',(1.,1.110223024625E-16,0.));
#1968 = ORIENTED_EDGE('',*,*,#1969,.F.);
#1969 = EDGE_CURVE('',#1953,#1962,#1970,.T.);
#1970 = LINE('',#1971,#1972);
#1971 = CARTESIAN_POINT('',(2.25,-0.43,0.825));
#1972 = VECTOR('',#1973,1.);
#1973 = DIRECTION('',(1.110223024625E-16,-1.,0.));
#1974 = PLANE('',#1975);
#1975 = AXIS2_PLACEMENT_3D('',#1976,#1977,#1978);
#1976 = CARTESIAN_POINT('',(1.8,-0.43,0.825));
#1977 = DIRECTION('',(0.,0.,1.));
#1978 = DIRECTION('',(1.,1.110223024625E-16,-0.));
#1979 = ADVANCED_FACE('',(#1980),#2005,.F.);
#1980 = FACE_BOUND('',#1981,.F.);
#1981 = EDGE_LOOP('',(#1982,#1990,#1991,#1999));
#1982 = ORIENTED_EDGE('',*,*,#1983,.F.);
#1983 = EDGE_CURVE('',#1295,#1984,#1986,.T.);
#1984 = VERTEX_POINT('',#1985);
#1985 = CARTESIAN_POINT('',(1.95,-0.84,1.025));
#1986 = LINE('',#1987,#1988);
#1987 = CARTESIAN_POINT('',(1.95,-0.84,0.786976568901));
#1988 = VECTOR('',#1989,1.);
#1989 = DIRECTION('',(0.,0.,1.));
#1990 = ORIENTED_EDGE('',*,*,#1294,.T.);
#1991 = ORIENTED_EDGE('',*,*,#1992,.T.);
#1992 = EDGE_CURVE('',#1287,#1993,#1995,.T.);
#1993 = VERTEX_POINT('',#1994);
#1994 = CARTESIAN_POINT('',(1.95,-1.7,1.025));
#1995 = LINE('',#1996,#1997);
#1996 = CARTESIAN_POINT('',(1.95,-1.7,0.786976568901));
#1997 = VECTOR('',#1998,1.);
#1998 = DIRECTION('',(0.,0.,1.));
#1999 = ORIENTED_EDGE('',*,*,#2000,.F.);
#2000 = EDGE_CURVE('',#1984,#1993,#2001,.T.);
#2001 = LINE('',#2002,#2003);
#2002 = CARTESIAN_POINT('',(1.95,2.275,1.025));
#2003 = VECTOR('',#2004,1.);
#2004 = DIRECTION('',(1.110223024625E-16,-1.,0.));
#2005 = PLANE('',#2006);
#2006 = AXIS2_PLACEMENT_3D('',#2007,#2008,#2009);
#2007 = CARTESIAN_POINT('',(1.95,2.275,1.025));
#2008 = DIRECTION('',(-1.,-1.110223024625E-16,0.));
#2009 = DIRECTION('',(1.110223024625E-16,-1.,0.));
#2010 = ADVANCED_FACE('',(#2011),#2036,.F.);
#2011 = FACE_BOUND('',#2012,.F.);
#2012 = EDGE_LOOP('',(#2013,#2021,#2022,#2030));
#2013 = ORIENTED_EDGE('',*,*,#2014,.F.);
#2014 = EDGE_CURVE('',#1287,#2015,#2017,.T.);
#2015 = VERTEX_POINT('',#2016);
#2016 = CARTESIAN_POINT('',(2.25,-1.7,0.825));
#2017 = LINE('',#2018,#2019);
#2018 = CARTESIAN_POINT('',(1.8,-1.7,0.825));
#2019 = VECTOR('',#2020,1.);
#2020 = DIRECTION('',(1.,1.110223024625E-16,0.));
#2021 = ORIENTED_EDGE('',*,*,#1286,.T.);
#2022 = ORIENTED_EDGE('',*,*,#2023,.T.);
#2023 = EDGE_CURVE('',#1279,#2024,#2026,.T.);
#2024 = VERTEX_POINT('',#2025);
#2025 = CARTESIAN_POINT('',(2.25,-2.11,0.825));
#2026 = LINE('',#2027,#2028);
#2027 = CARTESIAN_POINT('',(1.8,-2.11,0.825));
#2028 = VECTOR('',#2029,1.);
#2029 = DIRECTION('',(1.,1.110223024625E-16,0.));
#2030 = ORIENTED_EDGE('',*,*,#2031,.F.);
#2031 = EDGE_CURVE('',#2015,#2024,#2032,.T.);
#2032 = LINE('',#2033,#2034);
#2033 = CARTESIAN_POINT('',(2.25,-1.7,0.825));
#2034 = VECTOR('',#2035,1.);
#2035 = DIRECTION('',(1.110223024625E-16,-1.,0.));
#2036 = PLANE('',#2037);
#2037 = AXIS2_PLACEMENT_3D('',#2038,#2039,#2040);
#2038 = CARTESIAN_POINT('',(1.8,-1.7,0.825));
#2039 = DIRECTION('',(0.,0.,1.));
#2040 = DIRECTION('',(1.,1.110223024625E-16,-0.));
#2041 = ADVANCED_FACE('',(#2042),#2066,.F.);
#2042 = FACE_BOUND('',#2043,.F.);
#2043 = EDGE_LOOP('',(#2044,#2052,#2053,#2060));
#2044 = ORIENTED_EDGE('',*,*,#2045,.F.);
#2045 = EDGE_CURVE('',#1279,#2046,#2048,.T.);
#2046 = VERTEX_POINT('',#2047);
#2047 = CARTESIAN_POINT('',(1.95,-2.11,1.025));
#2048 = LINE('',#2049,#2050);
#2049 = CARTESIAN_POINT('',(1.95,-2.11,0.786976568901));
#2050 = VECTOR('',#2051,1.);
#2051 = DIRECTION('',(0.,0.,1.));
#2052 = ORIENTED_EDGE('',*,*,#1278,.T.);
#2053 = ORIENTED_EDGE('',*,*,#2054,.T.);
#2054 = EDGE_CURVE('',#1272,#2055,#2057,.T.);
#2055 = VERTEX_POINT('',#2056);
#2056 = CARTESIAN_POINT('',(1.95,-2.275,1.025));
#2057 = B_SPLINE_CURVE_WITH_KNOTS('',1,(#2058,#2059),.UNSPECIFIED.,.F.,
  .F.,(2,2),(0.,1.),.PIECEWISE_BEZIER_KNOTS.);
#2058 = CARTESIAN_POINT('',(1.95,-2.275,0.825));
#2059 = CARTESIAN_POINT('',(1.95,-2.275,1.025));
#2060 = ORIENTED_EDGE('',*,*,#2061,.F.);
#2061 = EDGE_CURVE('',#2046,#2055,#2062,.T.);
#2062 = LINE('',#2063,#2064);
#2063 = CARTESIAN_POINT('',(1.95,2.275,1.025));
#2064 = VECTOR('',#2065,1.);
#2065 = DIRECTION('',(1.110223024625E-16,-1.,0.));
#2066 = PLANE('',#2067);
#2067 = AXIS2_PLACEMENT_3D('',#2068,#2069,#2070);
#2068 = CARTESIAN_POINT('',(1.95,2.275,1.025));
#2069 = DIRECTION('',(-1.,-1.110223024625E-16,0.));
#2070 = DIRECTION('',(1.110223024625E-16,-1.,0.));
#2071 = ADVANCED_FACE('',(#2072),#2089,.F.);
#2072 = FACE_BOUND('',#2073,.F.);
#2073 = EDGE_LOOP('',(#2074,#2075,#2076,#2084));
#2074 = ORIENTED_EDGE('',*,*,#1359,.T.);
#2075 = ORIENTED_EDGE('',*,*,#1547,.T.);
#2076 = ORIENTED_EDGE('',*,*,#2077,.F.);
#2077 = EDGE_CURVE('',#2078,#1548,#2080,.T.);
#2078 = VERTEX_POINT('',#2079);
#2079 = CARTESIAN_POINT('',(-1.775,-2.45,1.025));
#2080 = LINE('',#2081,#2082);
#2081 = CARTESIAN_POINT('',(-1.775,-2.45,1.025));
#2082 = VECTOR('',#2083,1.);
#2083 = DIRECTION('',(-0.707106781187,0.707106781187,0.));
#2084 = ORIENTED_EDGE('',*,*,#2085,.F.);
#2085 = EDGE_CURVE('',#1360,#2078,#2086,.T.);
#2086 = B_SPLINE_CURVE_WITH_KNOTS('',1,(#2087,#2088),.UNSPECIFIED.,.F.,
  .F.,(2,2),(0.,1.),.PIECEWISE_BEZIER_KNOTS.);
#2087 = CARTESIAN_POINT('',(-1.775,-2.45,0.825));
#2088 = CARTESIAN_POINT('',(-1.775,-2.45,1.025));
#2089 = PLANE('',#2090);
#2090 = AXIS2_PLACEMENT_3D('',#2091,#2092,#2093);
#2091 = CARTESIAN_POINT('',(-1.775,-2.45,1.025));
#2092 = DIRECTION('',(0.707106781187,0.707106781187,0.));
#2093 = DIRECTION('',(-0.707106781187,0.707106781187,0.));
#2094 = ADVANCED_FACE('',(#2095),#2112,.F.);
#2095 = FACE_BOUND('',#2096,.F.);
#2096 = EDGE_LOOP('',(#2097,#2098,#2105,#2111));
#2097 = ORIENTED_EDGE('',*,*,#1388,.T.);
#2098 = ORIENTED_EDGE('',*,*,#2099,.T.);
#2099 = EDGE_CURVE('',#1382,#2100,#2102,.T.);
#2100 = VERTEX_POINT('',#2101);
#2101 = CARTESIAN_POINT('',(1.775,-2.45,1.025));
#2102 = B_SPLINE_CURVE_WITH_KNOTS('',1,(#2103,#2104),.UNSPECIFIED.,.F.,
  .F.,(2,2),(0.,1.),.PIECEWISE_BEZIER_KNOTS.);
#2103 = CARTESIAN_POINT('',(1.775,-2.45,0.825));
#2104 = CARTESIAN_POINT('',(1.775,-2.45,1.025));
#2105 = ORIENTED_EDGE('',*,*,#2106,.F.);
#2106 = EDGE_CURVE('',#2055,#2100,#2107,.T.);
#2107 = LINE('',#2108,#2109);
#2108 = CARTESIAN_POINT('',(1.95,-2.275,1.025));
#2109 = VECTOR('',#2110,1.);
#2110 = DIRECTION('',(-0.707106781187,-0.707106781187,0.));
#2111 = ORIENTED_EDGE('',*,*,#2054,.F.);
#2112 = PLANE('',#2113);
#2113 = AXIS2_PLACEMENT_3D('',#2114,#2115,#2116);
#2114 = CARTESIAN_POINT('',(1.95,-2.275,1.025));
#2115 = DIRECTION('',(-0.707106781187,0.707106781187,0.));
#2116 = DIRECTION('',(-0.707106781187,-0.707106781187,0.));
#2117 = ADVANCED_FACE('',(#2118),#2129,.F.);
#2118 = FACE_BOUND('',#2119,.F.);
#2119 = EDGE_LOOP('',(#2120,#2121,#2122,#2128));
#2120 = ORIENTED_EDGE('',*,*,#1405,.T.);
#2121 = ORIENTED_EDGE('',*,*,#2085,.T.);
#2122 = ORIENTED_EDGE('',*,*,#2123,.F.);
#2123 = EDGE_CURVE('',#2100,#2078,#2124,.T.);
#2124 = LINE('',#2125,#2126);
#2125 = CARTESIAN_POINT('',(1.775,-2.45,1.025));
#2126 = VECTOR('',#2127,1.);
#2127 = DIRECTION('',(-1.,-1.110223024625E-16,0.));
#2128 = ORIENTED_EDGE('',*,*,#2099,.F.);
#2129 = PLANE('',#2130);
#2130 = AXIS2_PLACEMENT_3D('',#2131,#2132,#2133);
#2131 = CARTESIAN_POINT('',(1.775,-2.45,1.025));
#2132 = DIRECTION('',(-1.110223024625E-16,1.,0.));
#2133 = DIRECTION('',(-1.,-1.110223024625E-16,0.));
#2134 = ADVANCED_FACE('',(#2135),#2174,.F.);
#2135 = FACE_BOUND('',#2136,.F.);
#2136 = EDGE_LOOP('',(#2137,#2145,#2153,#2159,#2160,#2168));
#2137 = ORIENTED_EDGE('',*,*,#2138,.F.);
#2138 = EDGE_CURVE('',#2139,#1742,#2141,.T.);
#2139 = VERTEX_POINT('',#2140);
#2140 = CARTESIAN_POINT('',(-2.25,1.7,1.025));
#2141 = LINE('',#2142,#2143);
#2142 = CARTESIAN_POINT('',(-2.25,1.7,1.025));
#2143 = VECTOR('',#2144,1.);
#2144 = DIRECTION('',(1.,-1.144237745222E-17,0.));
#2145 = ORIENTED_EDGE('',*,*,#2146,.T.);
#2146 = EDGE_CURVE('',#2139,#2147,#2149,.T.);
#2147 = VERTEX_POINT('',#2148);
#2148 = CARTESIAN_POINT('',(-2.25,2.11,1.025));
#2149 = LINE('',#2150,#2151);
#2150 = CARTESIAN_POINT('',(-2.25,1.7,1.025));
#2151 = VECTOR('',#2152,1.);
#2152 = DIRECTION('',(1.144237745222E-17,1.,0.));
#2153 = ORIENTED_EDGE('',*,*,#2154,.T.);
#2154 = EDGE_CURVE('',#2147,#1510,#2155,.T.);
#2155 = LINE('',#2156,#2157);
#2156 = CARTESIAN_POINT('',(-2.25,2.11,1.025));
#2157 = VECTOR('',#2158,1.);
#2158 = DIRECTION('',(1.,-1.144237745222E-17,0.));
#2159 = ORIENTED_EDGE('',*,*,#1509,.T.);
#2160 = ORIENTED_EDGE('',*,*,#2161,.F.);
#2161 = EDGE_CURVE('',#2162,#1502,#2164,.T.);
#2162 = VERTEX_POINT('',#2163);
#2163 = CARTESIAN_POINT('',(-1.875,1.7,1.025));
#2164 = LINE('',#2165,#2166);
#2165 = CARTESIAN_POINT('',(-1.875,-2.2375,1.025));
#2166 = VECTOR('',#2167,1.);
#2167 = DIRECTION('',(-1.110223024625E-16,1.,0.));
#2168 = ORIENTED_EDGE('',*,*,#2169,.F.);
#2169 = EDGE_CURVE('',#1742,#2162,#2170,.T.);
#2170 = LINE('',#2171,#2172);
#2171 = CARTESIAN_POINT('',(-2.25,1.7,1.025));
#2172 = VECTOR('',#2173,1.);
#2173 = DIRECTION('',(1.,-1.144237745222E-17,0.));
#2174 = PLANE('',#2175);
#2175 = AXIS2_PLACEMENT_3D('',#2176,#2177,#2178);
#2176 = CARTESIAN_POINT('',(-2.25,1.7,1.025));
#2177 = DIRECTION('',(0.,0.,-1.));
#2178 = DIRECTION('',(1.,-1.144237745222E-17,0.));
#2179 = ADVANCED_FACE('',(#2180),#2260,.F.);
#2180 = FACE_BOUND('',#2181,.F.);
#2181 = EDGE_LOOP('',(#2182,#2192,#2200,#2208,#2216,#2224,#2232,#2238,
    #2239,#2240,#2247,#2255));
#2182 = ORIENTED_EDGE('',*,*,#2183,.T.);
#2183 = EDGE_CURVE('',#2184,#2186,#2188,.T.);
#2184 = VERTEX_POINT('',#2185);
#2185 = CARTESIAN_POINT('',(-1.875,-2.2375,1.025));
#2186 = VERTEX_POINT('',#2187);
#2187 = CARTESIAN_POINT('',(-1.875,-2.11,1.025));
#2188 = LINE('',#2189,#2190);
#2189 = CARTESIAN_POINT('',(-1.875,-2.2375,1.025));
#2190 = VECTOR('',#2191,1.);
#2191 = DIRECTION('',(-1.110223024625E-16,1.,0.));
#2192 = ORIENTED_EDGE('',*,*,#2193,.T.);
#2193 = EDGE_CURVE('',#2186,#2194,#2196,.T.);
#2194 = VERTEX_POINT('',#2195);
#2195 = CARTESIAN_POINT('',(-1.875,-1.7,1.025));
#2196 = LINE('',#2197,#2198);
#2197 = CARTESIAN_POINT('',(-1.875,-2.2375,1.025));
#2198 = VECTOR('',#2199,1.);
#2199 = DIRECTION('',(-1.110223024625E-16,1.,0.));
#2200 = ORIENTED_EDGE('',*,*,#2201,.T.);
#2201 = EDGE_CURVE('',#2194,#2202,#2204,.T.);
#2202 = VERTEX_POINT('',#2203);
#2203 = CARTESIAN_POINT('',(-1.875,-0.84,1.025));
#2204 = LINE('',#2205,#2206);
#2205 = CARTESIAN_POINT('',(-1.875,-2.2375,1.025));
#2206 = VECTOR('',#2207,1.);
#2207 = DIRECTION('',(-1.110223024625E-16,1.,0.));
#2208 = ORIENTED_EDGE('',*,*,#2209,.T.);
#2209 = EDGE_CURVE('',#2202,#2210,#2212,.T.);
#2210 = VERTEX_POINT('',#2211);
#2211 = CARTESIAN_POINT('',(-1.875,-0.43,1.025));
#2212 = LINE('',#2213,#2214);
#2213 = CARTESIAN_POINT('',(-1.875,-2.2375,1.025));
#2214 = VECTOR('',#2215,1.);
#2215 = DIRECTION('',(-1.110223024625E-16,1.,0.));
#2216 = ORIENTED_EDGE('',*,*,#2217,.T.);
#2217 = EDGE_CURVE('',#2210,#2218,#2220,.T.);
#2218 = VERTEX_POINT('',#2219);
#2219 = CARTESIAN_POINT('',(-1.875,0.43,1.025));
#2220 = LINE('',#2221,#2222);
#2221 = CARTESIAN_POINT('',(-1.875,-2.2375,1.025));
#2222 = VECTOR('',#2223,1.);
#2223 = DIRECTION('',(-1.110223024625E-16,1.,0.));
#2224 = ORIENTED_EDGE('',*,*,#2225,.T.);
#2225 = EDGE_CURVE('',#2218,#2226,#2228,.T.);
#2226 = VERTEX_POINT('',#2227);
#2227 = CARTESIAN_POINT('',(-1.875,0.84,1.025));
#2228 = LINE('',#2229,#2230);
#2229 = CARTESIAN_POINT('',(-1.875,-2.2375,1.025));
#2230 = VECTOR('',#2231,1.);
#2231 = DIRECTION('',(-1.110223024625E-16,1.,0.));
#2232 = ORIENTED_EDGE('',*,*,#2233,.T.);
#2233 = EDGE_CURVE('',#2226,#2162,#2234,.T.);
#2234 = LINE('',#2235,#2236);
#2235 = CARTESIAN_POINT('',(-1.875,-2.2375,1.025));
#2236 = VECTOR('',#2237,1.);
#2237 = DIRECTION('',(-1.110223024625E-16,1.,0.));
#2238 = ORIENTED_EDGE('',*,*,#2161,.T.);
#2239 = ORIENTED_EDGE('',*,*,#1501,.T.);
#2240 = ORIENTED_EDGE('',*,*,#2241,.T.);
#2241 = EDGE_CURVE('',#1494,#2242,#2244,.T.);
#2242 = VERTEX_POINT('',#2243);
#2243 = CARTESIAN_POINT('',(-1.760171280765,2.180085640382,1.75));
#2244 = B_SPLINE_CURVE_WITH_KNOTS('',1,(#2245,#2246),.UNSPECIFIED.,.F.,
  .F.,(2,2),(0.,1.),.PIECEWISE_BEZIER_KNOTS.);
#2245 = CARTESIAN_POINT('',(-1.875,2.2375,1.025));
#2246 = CARTESIAN_POINT('',(-1.760171280765,2.180085640382,1.75));
#2247 = ORIENTED_EDGE('',*,*,#2248,.F.);
#2248 = EDGE_CURVE('',#2249,#2242,#2251,.T.);
#2249 = VERTEX_POINT('',#2250);
#2250 = CARTESIAN_POINT('',(-1.760171280765,-2.180085640382,1.75));
#2251 = LINE('',#2252,#2253);
#2252 = CARTESIAN_POINT('',(-1.760171280765,-2.180085640382,1.75));
#2253 = VECTOR('',#2254,1.);
#2254 = DIRECTION('',(-1.110223024625E-16,1.,0.));
#2255 = ORIENTED_EDGE('',*,*,#2256,.F.);
#2256 = EDGE_CURVE('',#2184,#2249,#2257,.T.);
#2257 = B_SPLINE_CURVE_WITH_KNOTS('',1,(#2258,#2259),.UNSPECIFIED.,.F.,
  .F.,(2,2),(0.,1.),.PIECEWISE_BEZIER_KNOTS.);
#2258 = CARTESIAN_POINT('',(-1.875,-2.2375,1.025));
#2259 = CARTESIAN_POINT('',(-1.760171280765,-2.180085640382,1.75));
#2260 = B_SPLINE_SURFACE_WITH_KNOTS('',1,1,(
    (#2261,#2262)
    ,(#2263,#2264
    )),.UNSPECIFIED.,.F.,.F.,.F.,(2,2),(2,2),(0.,4.475),(0.,1.),
  .PIECEWISE_BEZIER_KNOTS.);
#2261 = CARTESIAN_POINT('',(-1.875,-2.2375,1.025));
#2262 = CARTESIAN_POINT('',(-1.760171280765,-2.180085640382,1.75));
#2263 = CARTESIAN_POINT('',(-1.875,2.2375,1.025));
#2264 = CARTESIAN_POINT('',(-1.760171280765,2.180085640382,1.75));
#2265 = ADVANCED_FACE('',(#2266),#2283,.F.);
#2266 = FACE_BOUND('',#2267,.F.);
#2267 = EDGE_LOOP('',(#2268,#2269,#2276,#2282));
#2268 = ORIENTED_EDGE('',*,*,#1493,.T.);
#2269 = ORIENTED_EDGE('',*,*,#2270,.T.);
#2270 = EDGE_CURVE('',#1486,#2271,#2273,.T.);
#2271 = VERTEX_POINT('',#2272);
#2272 = CARTESIAN_POINT('',(-1.680085640382,2.260171280765,1.75));
#2273 = B_SPLINE_CURVE_WITH_KNOTS('',1,(#2274,#2275),.UNSPECIFIED.,.F.,
  .F.,(2,2),(0.,1.),.PIECEWISE_BEZIER_KNOTS.);
#2274 = CARTESIAN_POINT('',(-1.7375,2.375,1.025));
#2275 = CARTESIAN_POINT('',(-1.680085640382,2.260171280765,1.75));
#2276 = ORIENTED_EDGE('',*,*,#2277,.F.);
#2277 = EDGE_CURVE('',#2242,#2271,#2278,.T.);
#2278 = LINE('',#2279,#2280);
#2279 = CARTESIAN_POINT('',(-1.760171280765,2.180085640382,1.75));
#2280 = VECTOR('',#2281,1.);
#2281 = DIRECTION('',(0.707106781187,0.707106781187,0.));
#2282 = ORIENTED_EDGE('',*,*,#2241,.F.);
#2283 = B_SPLINE_SURFACE_WITH_KNOTS('',1,1,(
    (#2284,#2285)
    ,(#2286,#2287
    )),.UNSPECIFIED.,.F.,.F.,.F.,(2,2),(2,2),(0.,0.194454364826),(0.,1.)
  ,.PIECEWISE_BEZIER_KNOTS.);
#2284 = CARTESIAN_POINT('',(-1.875,2.2375,1.025));
#2285 = CARTESIAN_POINT('',(-1.760171280765,2.180085640382,1.75));
#2286 = CARTESIAN_POINT('',(-1.7375,2.375,1.025));
#2287 = CARTESIAN_POINT('',(-1.680085640382,2.260171280765,1.75));
#2288 = ADVANCED_FACE('',(#2289),#2306,.F.);
#2289 = FACE_BOUND('',#2290,.F.);
#2290 = EDGE_LOOP('',(#2291,#2292,#2299,#2305));
#2291 = ORIENTED_EDGE('',*,*,#1485,.T.);
#2292 = ORIENTED_EDGE('',*,*,#2293,.T.);
#2293 = EDGE_CURVE('',#1478,#2294,#2296,.T.);
#2294 = VERTEX_POINT('',#2295);
#2295 = CARTESIAN_POINT('',(1.680085640382,2.260171280765,1.75));
#2296 = B_SPLINE_CURVE_WITH_KNOTS('',1,(#2297,#2298),.UNSPECIFIED.,.F.,
  .F.,(2,2),(0.,1.),.PIECEWISE_BEZIER_KNOTS.);
#2297 = CARTESIAN_POINT('',(1.7375,2.375,1.025));
#2298 = CARTESIAN_POINT('',(1.680085640382,2.260171280765,1.75));
#2299 = ORIENTED_EDGE('',*,*,#2300,.F.);
#2300 = EDGE_CURVE('',#2271,#2294,#2301,.T.);
#2301 = LINE('',#2302,#2303);
#2302 = CARTESIAN_POINT('',(-1.680085640382,2.260171280765,1.75));
#2303 = VECTOR('',#2304,1.);
#2304 = DIRECTION('',(1.,1.110223024625E-16,0.));
#2305 = ORIENTED_EDGE('',*,*,#2270,.F.);
#2306 = B_SPLINE_SURFACE_WITH_KNOTS('',1,1,(
    (#2307,#2308)
    ,(#2309,#2310
    )),.UNSPECIFIED.,.F.,.F.,.F.,(2,2),(2,2),(0.,3.475),(0.,1.),
  .PIECEWISE_BEZIER_KNOTS.);
#2307 = CARTESIAN_POINT('',(-1.7375,2.375,1.025));
#2308 = CARTESIAN_POINT('',(-1.680085640382,2.260171280765,1.75));
#2309 = CARTESIAN_POINT('',(1.7375,2.375,1.025));
#2310 = CARTESIAN_POINT('',(1.680085640382,2.260171280765,1.75));
#2311 = ADVANCED_FACE('',(#2312),#2329,.F.);
#2312 = FACE_BOUND('',#2313,.F.);
#2313 = EDGE_LOOP('',(#2314,#2315,#2322,#2328));
#2314 = ORIENTED_EDGE('',*,*,#1477,.T.);
#2315 = ORIENTED_EDGE('',*,*,#2316,.T.);
#2316 = EDGE_CURVE('',#1470,#2317,#2319,.T.);
#2317 = VERTEX_POINT('',#2318);
#2318 = CARTESIAN_POINT('',(1.760171280765,2.180085640382,1.75));
#2319 = B_SPLINE_CURVE_WITH_KNOTS('',1,(#2320,#2321),.UNSPECIFIED.,.F.,
  .F.,(2,2),(0.,1.),.PIECEWISE_BEZIER_KNOTS.);
#2320 = CARTESIAN_POINT('',(1.875,2.2375,1.025));
#2321 = CARTESIAN_POINT('',(1.760171280765,2.180085640382,1.75));
#2322 = ORIENTED_EDGE('',*,*,#2323,.F.);
#2323 = EDGE_CURVE('',#2294,#2317,#2324,.T.);
#2324 = LINE('',#2325,#2326);
#2325 = CARTESIAN_POINT('',(1.680085640382,2.260171280765,1.75));
#2326 = VECTOR('',#2327,1.);
#2327 = DIRECTION('',(0.707106781187,-0.707106781187,0.));
#2328 = ORIENTED_EDGE('',*,*,#2293,.F.);
#2329 = B_SPLINE_SURFACE_WITH_KNOTS('',1,1,(
    (#2330,#2331)
    ,(#2332,#2333
    )),.UNSPECIFIED.,.F.,.F.,.F.,(2,2),(2,2),(0.,0.194454364826),(0.,1.)
  ,.PIECEWISE_BEZIER_KNOTS.);
#2330 = CARTESIAN_POINT('',(1.7375,2.375,1.025));
#2331 = CARTESIAN_POINT('',(1.680085640382,2.260171280765,1.75));
#2332 = CARTESIAN_POINT('',(1.875,2.2375,1.025));
#2333 = CARTESIAN_POINT('',(1.760171280765,2.180085640382,1.75));
#2334 = ADVANCED_FACE('',(#2335),#2416,.F.);
#2335 = FACE_BOUND('',#2336,.F.);
#2336 = EDGE_LOOP('',(#2337,#2338,#2346,#2354,#2362,#2370,#2378,#2386,
    #2394,#2402,#2409,#2415));
#2337 = ORIENTED_EDGE('',*,*,#1469,.T.);
#2338 = ORIENTED_EDGE('',*,*,#2339,.T.);
#2339 = EDGE_CURVE('',#1462,#2340,#2342,.T.);
#2340 = VERTEX_POINT('',#2341);
#2341 = CARTESIAN_POINT('',(1.875,1.7,1.025));
#2342 = LINE('',#2343,#2344);
#2343 = CARTESIAN_POINT('',(1.875,2.2375,1.025));
#2344 = VECTOR('',#2345,1.);
#2345 = DIRECTION('',(1.110223024625E-16,-1.,0.));
#2346 = ORIENTED_EDGE('',*,*,#2347,.T.);
#2347 = EDGE_CURVE('',#2340,#2348,#2350,.T.);
#2348 = VERTEX_POINT('',#2349);
#2349 = CARTESIAN_POINT('',(1.875,0.84,1.025));
#2350 = LINE('',#2351,#2352);
#2351 = CARTESIAN_POINT('',(1.875,2.2375,1.025));
#2352 = VECTOR('',#2353,1.);
#2353 = DIRECTION('',(1.110223024625E-16,-1.,0.));
#2354 = ORIENTED_EDGE('',*,*,#2355,.T.);
#2355 = EDGE_CURVE('',#2348,#2356,#2358,.T.);
#2356 = VERTEX_POINT('',#2357);
#2357 = CARTESIAN_POINT('',(1.875,0.43,1.025));
#2358 = LINE('',#2359,#2360);
#2359 = CARTESIAN_POINT('',(1.875,2.2375,1.025));
#2360 = VECTOR('',#2361,1.);
#2361 = DIRECTION('',(1.110223024625E-16,-1.,0.));
#2362 = ORIENTED_EDGE('',*,*,#2363,.T.);
#2363 = EDGE_CURVE('',#2356,#2364,#2366,.T.);
#2364 = VERTEX_POINT('',#2365);
#2365 = CARTESIAN_POINT('',(1.875,-0.43,1.025));
#2366 = LINE('',#2367,#2368);
#2367 = CARTESIAN_POINT('',(1.875,2.2375,1.025));
#2368 = VECTOR('',#2369,1.);
#2369 = DIRECTION('',(1.110223024625E-16,-1.,0.));
#2370 = ORIENTED_EDGE('',*,*,#2371,.T.);
#2371 = EDGE_CURVE('',#2364,#2372,#2374,.T.);
#2372 = VERTEX_POINT('',#2373);
#2373 = CARTESIAN_POINT('',(1.875,-0.84,1.025));
#2374 = LINE('',#2375,#2376);
#2375 = CARTESIAN_POINT('',(1.875,2.2375,1.025));
#2376 = VECTOR('',#2377,1.);
#2377 = DIRECTION('',(1.110223024625E-16,-1.,0.));
#2378 = ORIENTED_EDGE('',*,*,#2379,.T.);
#2379 = EDGE_CURVE('',#2372,#2380,#2382,.T.);
#2380 = VERTEX_POINT('',#2381);
#2381 = CARTESIAN_POINT('',(1.875,-1.7,1.025));
#2382 = LINE('',#2383,#2384);
#2383 = CARTESIAN_POINT('',(1.875,2.2375,1.025));
#2384 = VECTOR('',#2385,1.);
#2385 = DIRECTION('',(1.110223024625E-16,-1.,0.));
#2386 = ORIENTED_EDGE('',*,*,#2387,.T.);
#2387 = EDGE_CURVE('',#2380,#2388,#2390,.T.);
#2388 = VERTEX_POINT('',#2389);
#2389 = CARTESIAN_POINT('',(1.875,-2.11,1.025));
#2390 = LINE('',#2391,#2392);
#2391 = CARTESIAN_POINT('',(1.875,2.2375,1.025));
#2392 = VECTOR('',#2393,1.);
#2393 = DIRECTION('',(1.110223024625E-16,-1.,0.));
#2394 = ORIENTED_EDGE('',*,*,#2395,.T.);
#2395 = EDGE_CURVE('',#2388,#2396,#2398,.T.);
#2396 = VERTEX_POINT('',#2397);
#2397 = CARTESIAN_POINT('',(1.875,-2.2375,1.025));
#2398 = LINE('',#2399,#2400);
#2399 = CARTESIAN_POINT('',(1.875,2.2375,1.025));
#2400 = VECTOR('',#2401,1.);
#2401 = DIRECTION('',(1.110223024625E-16,-1.,0.));
#2402 = ORIENTED_EDGE('',*,*,#2403,.T.);
#2403 = EDGE_CURVE('',#2396,#2404,#2406,.T.);
#2404 = VERTEX_POINT('',#2405);
#2405 = CARTESIAN_POINT('',(1.760171280765,-2.180085640382,1.75));
#2406 = B_SPLINE_CURVE_WITH_KNOTS('',1,(#2407,#2408),.UNSPECIFIED.,.F.,
  .F.,(2,2),(0.,1.),.PIECEWISE_BEZIER_KNOTS.);
#2407 = CARTESIAN_POINT('',(1.875,-2.2375,1.025));
#2408 = CARTESIAN_POINT('',(1.760171280765,-2.180085640382,1.75));
#2409 = ORIENTED_EDGE('',*,*,#2410,.F.);
#2410 = EDGE_CURVE('',#2317,#2404,#2411,.T.);
#2411 = LINE('',#2412,#2413);
#2412 = CARTESIAN_POINT('',(1.760171280765,2.180085640382,1.75));
#2413 = VECTOR('',#2414,1.);
#2414 = DIRECTION('',(1.110223024625E-16,-1.,0.));
#2415 = ORIENTED_EDGE('',*,*,#2316,.F.);
#2416 = B_SPLINE_SURFACE_WITH_KNOTS('',1,1,(
    (#2417,#2418)
    ,(#2419,#2420
    )),.UNSPECIFIED.,.F.,.F.,.F.,(2,2),(2,2),(0.,4.475),(0.,1.),
  .PIECEWISE_BEZIER_KNOTS.);
#2417 = CARTESIAN_POINT('',(1.875,2.2375,1.025));
#2418 = CARTESIAN_POINT('',(1.760171280765,2.180085640382,1.75));
#2419 = CARTESIAN_POINT('',(1.875,-2.2375,1.025));
#2420 = CARTESIAN_POINT('',(1.760171280765,-2.180085640382,1.75));
#2421 = ADVANCED_FACE('',(#2422),#2454,.F.);
#2422 = FACE_BOUND('',#2423,.F.);
#2423 = EDGE_LOOP('',(#2424,#2432,#2440,#2446,#2452,#2453));
#2424 = ORIENTED_EDGE('',*,*,#2425,.F.);
#2425 = EDGE_CURVE('',#2426,#1454,#2428,.T.);
#2426 = VERTEX_POINT('',#2427);
#2427 = CARTESIAN_POINT('',(2.25,2.11,1.025));
#2428 = LINE('',#2429,#2430);
#2429 = CARTESIAN_POINT('',(2.25,2.11,1.025));
#2430 = VECTOR('',#2431,1.);
#2431 = DIRECTION('',(-1.,-1.110223024625E-16,0.));
#2432 = ORIENTED_EDGE('',*,*,#2433,.T.);
#2433 = EDGE_CURVE('',#2426,#2434,#2436,.T.);
#2434 = VERTEX_POINT('',#2435);
#2435 = CARTESIAN_POINT('',(2.25,1.7,1.025));
#2436 = LINE('',#2437,#2438);
#2437 = CARTESIAN_POINT('',(2.25,2.11,1.025));
#2438 = VECTOR('',#2439,1.);
#2439 = DIRECTION('',(1.110223024625E-16,-1.,0.));
#2440 = ORIENTED_EDGE('',*,*,#2441,.T.);
#2441 = EDGE_CURVE('',#2434,#1860,#2442,.T.);
#2442 = LINE('',#2443,#2444);
#2443 = CARTESIAN_POINT('',(2.25,1.7,1.025));
#2444 = VECTOR('',#2445,1.);
#2445 = DIRECTION('',(-1.,-1.110223024625E-16,0.));
#2446 = ORIENTED_EDGE('',*,*,#2447,.T.);
#2447 = EDGE_CURVE('',#1860,#2340,#2448,.T.);
#2448 = LINE('',#2449,#2450);
#2449 = CARTESIAN_POINT('',(2.25,1.7,1.025));
#2450 = VECTOR('',#2451,1.);
#2451 = DIRECTION('',(-1.,-1.110223024625E-16,0.));
#2452 = ORIENTED_EDGE('',*,*,#2339,.F.);
#2453 = ORIENTED_EDGE('',*,*,#1461,.F.);
#2454 = PLANE('',#2455);
#2455 = AXIS2_PLACEMENT_3D('',#2456,#2457,#2458);
#2456 = CARTESIAN_POINT('',(2.25,2.11,1.025));
#2457 = DIRECTION('',(0.,0.,-1.));
#2458 = DIRECTION('',(-1.,-1.110223024625E-16,-0.));
#2459 = ADVANCED_FACE('',(#2460),#2503,.F.);
#2460 = FACE_BOUND('',#2461,.F.);
#2461 = EDGE_LOOP('',(#2462,#2463,#2469,#2470,#2478,#2486,#2492,#2493,
    #2499,#2500,#2501,#2502));
#2462 = ORIENTED_EDGE('',*,*,#1563,.T.);
#2463 = ORIENTED_EDGE('',*,*,#2464,.T.);
#2464 = EDGE_CURVE('',#1556,#2186,#2465,.T.);
#2465 = LINE('',#2466,#2467);
#2466 = CARTESIAN_POINT('',(-2.25,-2.11,1.025));
#2467 = VECTOR('',#2468,1.);
#2468 = DIRECTION('',(1.,-1.144237745222E-17,0.));
#2469 = ORIENTED_EDGE('',*,*,#2183,.F.);
#2470 = ORIENTED_EDGE('',*,*,#2471,.F.);
#2471 = EDGE_CURVE('',#2472,#2184,#2474,.T.);
#2472 = VERTEX_POINT('',#2473);
#2473 = CARTESIAN_POINT('',(-1.7375,-2.375,1.025));
#2474 = LINE('',#2475,#2476);
#2475 = CARTESIAN_POINT('',(-1.7375,-2.375,1.025));
#2476 = VECTOR('',#2477,1.);
#2477 = DIRECTION('',(-0.707106781187,0.707106781187,0.));
#2478 = ORIENTED_EDGE('',*,*,#2479,.F.);
#2479 = EDGE_CURVE('',#2480,#2472,#2482,.T.);
#2480 = VERTEX_POINT('',#2481);
#2481 = CARTESIAN_POINT('',(1.7375,-2.375,1.025));
#2482 = LINE('',#2483,#2484);
#2483 = CARTESIAN_POINT('',(1.7375,-2.375,1.025));
#2484 = VECTOR('',#2485,1.);
#2485 = DIRECTION('',(-1.,-1.110223024625E-16,0.));
#2486 = ORIENTED_EDGE('',*,*,#2487,.F.);
#2487 = EDGE_CURVE('',#2396,#2480,#2488,.T.);
#2488 = LINE('',#2489,#2490);
#2489 = CARTESIAN_POINT('',(1.875,-2.2375,1.025));
#2490 = VECTOR('',#2491,1.);
#2491 = DIRECTION('',(-0.707106781187,-0.707106781187,0.));
#2492 = ORIENTED_EDGE('',*,*,#2395,.F.);
#2493 = ORIENTED_EDGE('',*,*,#2494,.F.);
#2494 = EDGE_CURVE('',#2046,#2388,#2495,.T.);
#2495 = LINE('',#2496,#2497);
#2496 = CARTESIAN_POINT('',(2.25,-2.11,1.025));
#2497 = VECTOR('',#2498,1.);
#2498 = DIRECTION('',(-1.,-1.110223024625E-16,0.));
#2499 = ORIENTED_EDGE('',*,*,#2061,.T.);
#2500 = ORIENTED_EDGE('',*,*,#2106,.T.);
#2501 = ORIENTED_EDGE('',*,*,#2123,.T.);
#2502 = ORIENTED_EDGE('',*,*,#2077,.T.);
#2503 = PLANE('',#2504);
#2504 = AXIS2_PLACEMENT_3D('',#2505,#2506,#2507);
#2505 = CARTESIAN_POINT('',(-3.027078129022E-16,2.4125,1.025));
#2506 = DIRECTION('',(2.007919022429E-31,-7.713306628828E-27,-1.));
#2507 = DIRECTION('',(1.,1.112083013911E-16,2.00791902242E-31));
#2508 = ADVANCED_FACE('',(#2509),#2595,.F.);
#2509 = FACE_BOUND('',#2510,.F.);
#2510 = EDGE_LOOP('',(#2511,#2512,#2513,#2522,#2530,#2539,#2547,#2555,
    #2563,#2572,#2580,#2589));
#2511 = ORIENTED_EDGE('',*,*,#1555,.F.);
#2512 = ORIENTED_EDGE('',*,*,#1577,.T.);
#2513 = ORIENTED_EDGE('',*,*,#2514,.T.);
#2514 = EDGE_CURVE('',#1578,#2515,#2517,.T.);
#2515 = VERTEX_POINT('',#2516);
#2516 = CARTESIAN_POINT('',(-2.348480775301,-2.11,0.742364817767));
#2517 = CIRCLE('',#2518,0.1);
#2518 = AXIS2_PLACEMENT_3D('',#2519,#2520,#2521);
#2519 = CARTESIAN_POINT('',(-2.25,-2.11,0.725));
#2520 = DIRECTION('',(-1.144237745222E-17,-1.,3.284293275761E-47));
#2521 = DIRECTION('',(-4.440892098501E-15,5.081436361563E-32,1.));
#2522 = ORIENTED_EDGE('',*,*,#2523,.T.);
#2523 = EDGE_CURVE('',#2515,#2524,#2526,.T.);
#2524 = VERTEX_POINT('',#2525);
#2525 = CARTESIAN_POINT('',(-2.429496640897,-2.11,0.2479055467));
#2526 = LINE('',#2527,#2528);
#2527 = CARTESIAN_POINT('',(-2.348480775301,-2.11,0.742364817767));
#2528 = VECTOR('',#2529,1.);
#2529 = DIRECTION('',(-0.161691392282,1.85013394127E-18,-0.986841372087)
  );
#2530 = ORIENTED_EDGE('',*,*,#2531,.T.);
#2531 = EDGE_CURVE('',#2524,#2532,#2534,.T.);
#2532 = VERTEX_POINT('',#2533);
#2533 = CARTESIAN_POINT('',(-2.724938966801,-2.11,-1.665334536938E-16));
#2534 = CIRCLE('',#2535,0.3);
#2535 = AXIS2_PLACEMENT_3D('',#2536,#2537,#2538);
#2536 = CARTESIAN_POINT('',(-2.724938966801,-2.11,0.3));
#2537 = DIRECTION('',(1.144237745222E-17,1.,7.703719777549E-34));
#2538 = DIRECTION('',(0.984807753012,-1.126854202784E-17,-0.173648177667
    ));
#2539 = ORIENTED_EDGE('',*,*,#2540,.T.);
#2540 = EDGE_CURVE('',#2532,#2541,#2543,.T.);
#2541 = VERTEX_POINT('',#2542);
#2542 = CARTESIAN_POINT('',(-3.,-2.11,-1.665334536938E-16));
#2543 = LINE('',#2544,#2545);
#2544 = CARTESIAN_POINT('',(-2.724938966801,-2.11,-1.665334536938E-16));
#2545 = VECTOR('',#2546,1.);
#2546 = DIRECTION('',(-1.,1.144237745222E-17,0.));
#2547 = ORIENTED_EDGE('',*,*,#2548,.T.);
#2548 = EDGE_CURVE('',#2541,#2549,#2551,.T.);
#2549 = VERTEX_POINT('',#2550);
#2550 = CARTESIAN_POINT('',(-3.,-2.11,0.2));
#2551 = LINE('',#2552,#2553);
#2552 = CARTESIAN_POINT('',(-3.,-2.11,-1.665334536938E-16));
#2553 = VECTOR('',#2554,1.);
#2554 = DIRECTION('',(0.,0.,1.));
#2555 = ORIENTED_EDGE('',*,*,#2556,.T.);
#2556 = EDGE_CURVE('',#2549,#2557,#2559,.T.);
#2557 = VERTEX_POINT('',#2558);
#2558 = CARTESIAN_POINT('',(-2.724938966801,-2.11,0.2));
#2559 = LINE('',#2560,#2561);
#2560 = CARTESIAN_POINT('',(-3.,-2.11,0.2));
#2561 = VECTOR('',#2562,1.);
#2562 = DIRECTION('',(1.,-1.144237745222E-17,0.));
#2563 = ORIENTED_EDGE('',*,*,#2564,.T.);
#2564 = EDGE_CURVE('',#2557,#2565,#2567,.T.);
#2565 = VERTEX_POINT('',#2566);
#2566 = CARTESIAN_POINT('',(-2.6264581915,-2.11,0.282635182233));
#2567 = CIRCLE('',#2568,0.1);
#2568 = AXIS2_PLACEMENT_3D('',#2569,#2570,#2571);
#2569 = CARTESIAN_POINT('',(-2.724938966801,-2.11,0.3));
#2570 = DIRECTION('',(-1.144237745222E-17,-1.,-0.));
#2571 = DIRECTION('',(0.,0.,-1.));
#2572 = ORIENTED_EDGE('',*,*,#2573,.T.);
#2573 = EDGE_CURVE('',#2565,#2574,#2576,.T.);
#2574 = VERTEX_POINT('',#2575);
#2575 = CARTESIAN_POINT('',(-2.545442325904,-2.11,0.7770944533));
#2576 = LINE('',#2577,#2578);
#2577 = CARTESIAN_POINT('',(-2.6264581915,-2.11,0.282635182233));
#2578 = VECTOR('',#2579,1.);
#2579 = DIRECTION('',(0.161691392282,-1.85013394127E-18,0.986841372087)
  );
#2580 = ORIENTED_EDGE('',*,*,#2581,.T.);
#2581 = EDGE_CURVE('',#2574,#2582,#2584,.T.);
#2582 = VERTEX_POINT('',#2583);
#2583 = CARTESIAN_POINT('',(-2.25,-2.11,1.025));
#2584 = CIRCLE('',#2585,0.3);
#2585 = AXIS2_PLACEMENT_3D('',#2586,#2587,#2588);
#2586 = CARTESIAN_POINT('',(-2.25,-2.11,0.725));
#2587 = DIRECTION('',(1.144237745222E-17,1.,7.703719777549E-34));
#2588 = DIRECTION('',(-0.984807753012,1.126854202784E-17,0.173648177667)
  );
#2589 = ORIENTED_EDGE('',*,*,#2590,.T.);
#2590 = EDGE_CURVE('',#2582,#1556,#2591,.T.);
#2591 = LINE('',#2592,#2593);
#2592 = CARTESIAN_POINT('',(-2.25,-2.11,1.025));
#2593 = VECTOR('',#2594,1.);
#2594 = DIRECTION('',(1.,-1.144237745222E-17,0.));
#2595 = PLANE('',#2596);
#2596 = AXIS2_PLACEMENT_3D('',#2597,#2598,#2599);
#2597 = CARTESIAN_POINT('',(-2.42560961319,-2.11,0.548953137803));
#2598 = DIRECTION('',(1.144237745222E-17,1.,0.));
#2599 = DIRECTION('',(0.,-0.,1.));
#2600 = ADVANCED_FACE('',(#2601),#2620,.F.);
#2601 = FACE_BOUND('',#2602,.F.);
#2602 = EDGE_LOOP('',(#2603,#2604,#2613,#2619));
#2603 = ORIENTED_EDGE('',*,*,#1594,.T.);
#2604 = ORIENTED_EDGE('',*,*,#2605,.T.);
#2605 = EDGE_CURVE('',#1587,#2606,#2608,.T.);
#2606 = VERTEX_POINT('',#2607);
#2607 = CARTESIAN_POINT('',(-2.348480775301,-1.7,0.742364817767));
#2608 = CIRCLE('',#2609,0.1);
#2609 = AXIS2_PLACEMENT_3D('',#2610,#2611,#2612);
#2610 = CARTESIAN_POINT('',(-2.25,-1.7,0.725));
#2611 = DIRECTION('',(-1.144237745222E-17,-1.,3.284293275761E-47));
#2612 = DIRECTION('',(-4.440892098501E-15,5.081436361563E-32,1.));
#2613 = ORIENTED_EDGE('',*,*,#2614,.F.);
#2614 = EDGE_CURVE('',#2515,#2606,#2615,.T.);
#2615 = LINE('',#2616,#2617);
#2616 = CARTESIAN_POINT('',(-2.348480775301,-2.11,0.742364817767));
#2617 = VECTOR('',#2618,1.);
#2618 = DIRECTION('',(1.144237745222E-17,1.,0.));
#2619 = ORIENTED_EDGE('',*,*,#2514,.F.);
#2620 = CYLINDRICAL_SURFACE('',#2621,0.1);
#2621 = AXIS2_PLACEMENT_3D('',#2622,#2623,#2624);
#2622 = CARTESIAN_POINT('',(-2.25,-2.11,0.725));
#2623 = DIRECTION('',(-1.144237745222E-17,-1.,0.));
#2624 = DIRECTION('',(-4.440892098501E-15,5.081436361563E-32,1.));
#2625 = ADVANCED_FACE('',(#2626),#2704,.T.);
#2626 = FACE_BOUND('',#2627,.T.);
#2627 = EDGE_LOOP('',(#2628,#2629,#2630,#2631,#2639,#2648,#2656,#2664,
    #2672,#2681,#2689,#2698));
#2628 = ORIENTED_EDGE('',*,*,#1608,.F.);
#2629 = ORIENTED_EDGE('',*,*,#1586,.T.);
#2630 = ORIENTED_EDGE('',*,*,#2605,.T.);
#2631 = ORIENTED_EDGE('',*,*,#2632,.T.);
#2632 = EDGE_CURVE('',#2606,#2633,#2635,.T.);
#2633 = VERTEX_POINT('',#2634);
#2634 = CARTESIAN_POINT('',(-2.429496640897,-1.7,0.2479055467));
#2635 = LINE('',#2636,#2637);
#2636 = CARTESIAN_POINT('',(-2.348480775301,-1.7,0.742364817767));
#2637 = VECTOR('',#2638,1.);
#2638 = DIRECTION('',(-0.161691392282,1.85013394127E-18,-0.986841372087)
  );
#2639 = ORIENTED_EDGE('',*,*,#2640,.T.);
#2640 = EDGE_CURVE('',#2633,#2641,#2643,.T.);
#2641 = VERTEX_POINT('',#2642);
#2642 = CARTESIAN_POINT('',(-2.724938966801,-1.7,-1.665334536938E-16));
#2643 = CIRCLE('',#2644,0.3);
#2644 = AXIS2_PLACEMENT_3D('',#2645,#2646,#2647);
#2645 = CARTESIAN_POINT('',(-2.724938966801,-1.7,0.3));
#2646 = DIRECTION('',(1.144237745222E-17,1.,7.703719777549E-34));
#2647 = DIRECTION('',(0.984807753012,-1.126854202784E-17,-0.173648177667
    ));
#2648 = ORIENTED_EDGE('',*,*,#2649,.T.);
#2649 = EDGE_CURVE('',#2641,#2650,#2652,.T.);
#2650 = VERTEX_POINT('',#2651);
#2651 = CARTESIAN_POINT('',(-3.,-1.7,-1.665334536938E-16));
#2652 = LINE('',#2653,#2654);
#2653 = CARTESIAN_POINT('',(-2.724938966801,-1.7,-1.665334536938E-16));
#2654 = VECTOR('',#2655,1.);
#2655 = DIRECTION('',(-1.,1.144237745222E-17,0.));
#2656 = ORIENTED_EDGE('',*,*,#2657,.T.);
#2657 = EDGE_CURVE('',#2650,#2658,#2660,.T.);
#2658 = VERTEX_POINT('',#2659);
#2659 = CARTESIAN_POINT('',(-3.,-1.7,0.2));
#2660 = LINE('',#2661,#2662);
#2661 = CARTESIAN_POINT('',(-3.,-1.7,-1.665334536938E-16));
#2662 = VECTOR('',#2663,1.);
#2663 = DIRECTION('',(0.,0.,1.));
#2664 = ORIENTED_EDGE('',*,*,#2665,.T.);
#2665 = EDGE_CURVE('',#2658,#2666,#2668,.T.);
#2666 = VERTEX_POINT('',#2667);
#2667 = CARTESIAN_POINT('',(-2.724938966801,-1.7,0.2));
#2668 = LINE('',#2669,#2670);
#2669 = CARTESIAN_POINT('',(-3.,-1.7,0.2));
#2670 = VECTOR('',#2671,1.);
#2671 = DIRECTION('',(1.,-1.144237745222E-17,0.));
#2672 = ORIENTED_EDGE('',*,*,#2673,.T.);
#2673 = EDGE_CURVE('',#2666,#2674,#2676,.T.);
#2674 = VERTEX_POINT('',#2675);
#2675 = CARTESIAN_POINT('',(-2.6264581915,-1.7,0.282635182233));
#2676 = CIRCLE('',#2677,0.1);
#2677 = AXIS2_PLACEMENT_3D('',#2678,#2679,#2680);
#2678 = CARTESIAN_POINT('',(-2.724938966801,-1.7,0.3));
#2679 = DIRECTION('',(-1.144237745222E-17,-1.,-0.));
#2680 = DIRECTION('',(0.,0.,-1.));
#2681 = ORIENTED_EDGE('',*,*,#2682,.T.);
#2682 = EDGE_CURVE('',#2674,#2683,#2685,.T.);
#2683 = VERTEX_POINT('',#2684);
#2684 = CARTESIAN_POINT('',(-2.545442325904,-1.7,0.7770944533));
#2685 = LINE('',#2686,#2687);
#2686 = CARTESIAN_POINT('',(-2.6264581915,-1.7,0.282635182233));
#2687 = VECTOR('',#2688,1.);
#2688 = DIRECTION('',(0.161691392282,-1.85013394127E-18,0.986841372087)
  );
#2689 = ORIENTED_EDGE('',*,*,#2690,.T.);
#2690 = EDGE_CURVE('',#2683,#2691,#2693,.T.);
#2691 = VERTEX_POINT('',#2692);
#2692 = CARTESIAN_POINT('',(-2.25,-1.7,1.025));
#2693 = CIRCLE('',#2694,0.3);
#2694 = AXIS2_PLACEMENT_3D('',#2695,#2696,#2697);
#2695 = CARTESIAN_POINT('',(-2.25,-1.7,0.725));
#2696 = DIRECTION('',(1.144237745222E-17,1.,7.703719777549E-34));
#2697 = DIRECTION('',(-0.984807753012,1.126854202784E-17,0.173648177667)
  );
#2698 = ORIENTED_EDGE('',*,*,#2699,.T.);
#2699 = EDGE_CURVE('',#2691,#1609,#2700,.T.);
#2700 = LINE('',#2701,#2702);
#2701 = CARTESIAN_POINT('',(-2.25,-1.7,1.025));
#2702 = VECTOR('',#2703,1.);
#2703 = DIRECTION('',(1.,-1.144237745222E-17,0.));
#2704 = PLANE('',#2705);
#2705 = AXIS2_PLACEMENT_3D('',#2706,#2707,#2708);
#2706 = CARTESIAN_POINT('',(-2.42560961319,-1.7,0.548953137803));
#2707 = DIRECTION('',(1.144237745222E-17,1.,0.));
#2708 = DIRECTION('',(0.,-0.,1.));
#2709 = ADVANCED_FACE('',(#2710),#2726,.F.);
#2710 = FACE_BOUND('',#2711,.F.);
#2711 = EDGE_LOOP('',(#2712,#2713,#2719,#2720));
#2712 = ORIENTED_EDGE('',*,*,#1625,.T.);
#2713 = ORIENTED_EDGE('',*,*,#2714,.T.);
#2714 = EDGE_CURVE('',#1618,#2202,#2715,.T.);
#2715 = LINE('',#2716,#2717);
#2716 = CARTESIAN_POINT('',(-2.25,-0.84,1.025));
#2717 = VECTOR('',#2718,1.);
#2718 = DIRECTION('',(1.,-1.144237745222E-17,0.));
#2719 = ORIENTED_EDGE('',*,*,#2201,.F.);
#2720 = ORIENTED_EDGE('',*,*,#2721,.F.);
#2721 = EDGE_CURVE('',#1609,#2194,#2722,.T.);
#2722 = LINE('',#2723,#2724);
#2723 = CARTESIAN_POINT('',(-2.25,-1.7,1.025));
#2724 = VECTOR('',#2725,1.);
#2725 = DIRECTION('',(1.,-1.144237745222E-17,0.));
#2726 = PLANE('',#2727);
#2727 = AXIS2_PLACEMENT_3D('',#2728,#2729,#2730);
#2728 = CARTESIAN_POINT('',(-3.027078129022E-16,2.4125,1.025));
#2729 = DIRECTION('',(2.007919022429E-31,-7.713306628828E-27,-1.));
#2730 = DIRECTION('',(1.,1.112083013911E-16,2.00791902242E-31));
#2731 = ADVANCED_FACE('',(#2732),#2818,.F.);
#2732 = FACE_BOUND('',#2733,.F.);
#2733 = EDGE_LOOP('',(#2734,#2735,#2736,#2745,#2753,#2762,#2770,#2778,
    #2786,#2795,#2803,#2812));
#2734 = ORIENTED_EDGE('',*,*,#1617,.F.);
#2735 = ORIENTED_EDGE('',*,*,#1639,.T.);
#2736 = ORIENTED_EDGE('',*,*,#2737,.T.);
#2737 = EDGE_CURVE('',#1640,#2738,#2740,.T.);
#2738 = VERTEX_POINT('',#2739);
#2739 = CARTESIAN_POINT('',(-2.348480775301,-0.84,0.742364817767));
#2740 = CIRCLE('',#2741,0.1);
#2741 = AXIS2_PLACEMENT_3D('',#2742,#2743,#2744);
#2742 = CARTESIAN_POINT('',(-2.25,-0.84,0.725));
#2743 = DIRECTION('',(-1.144237745222E-17,-1.,3.284293275761E-47));
#2744 = DIRECTION('',(-4.440892098501E-15,5.081436361563E-32,1.));
#2745 = ORIENTED_EDGE('',*,*,#2746,.T.);
#2746 = EDGE_CURVE('',#2738,#2747,#2749,.T.);
#2747 = VERTEX_POINT('',#2748);
#2748 = CARTESIAN_POINT('',(-2.429496640897,-0.84,0.2479055467));
#2749 = LINE('',#2750,#2751);
#2750 = CARTESIAN_POINT('',(-2.348480775301,-0.84,0.742364817767));
#2751 = VECTOR('',#2752,1.);
#2752 = DIRECTION('',(-0.161691392282,1.85013394127E-18,-0.986841372087)
  );
#2753 = ORIENTED_EDGE('',*,*,#2754,.T.);
#2754 = EDGE_CURVE('',#2747,#2755,#2757,.T.);
#2755 = VERTEX_POINT('',#2756);
#2756 = CARTESIAN_POINT('',(-2.724938966801,-0.84,-1.665334536938E-16));
#2757 = CIRCLE('',#2758,0.3);
#2758 = AXIS2_PLACEMENT_3D('',#2759,#2760,#2761);
#2759 = CARTESIAN_POINT('',(-2.724938966801,-0.84,0.3));
#2760 = DIRECTION('',(1.144237745222E-17,1.,7.703719777549E-34));
#2761 = DIRECTION('',(0.984807753012,-1.126854202784E-17,-0.173648177667
    ));
#2762 = ORIENTED_EDGE('',*,*,#2763,.T.);
#2763 = EDGE_CURVE('',#2755,#2764,#2766,.T.);
#2764 = VERTEX_POINT('',#2765);
#2765 = CARTESIAN_POINT('',(-3.,-0.84,-1.665334536938E-16));
#2766 = LINE('',#2767,#2768);
#2767 = CARTESIAN_POINT('',(-2.724938966801,-0.84,-1.665334536938E-16));
#2768 = VECTOR('',#2769,1.);
#2769 = DIRECTION('',(-1.,1.144237745222E-17,0.));
#2770 = ORIENTED_EDGE('',*,*,#2771,.T.);
#2771 = EDGE_CURVE('',#2764,#2772,#2774,.T.);
#2772 = VERTEX_POINT('',#2773);
#2773 = CARTESIAN_POINT('',(-3.,-0.84,0.2));
#2774 = LINE('',#2775,#2776);
#2775 = CARTESIAN_POINT('',(-3.,-0.84,-1.665334536938E-16));
#2776 = VECTOR('',#2777,1.);
#2777 = DIRECTION('',(0.,0.,1.));
#2778 = ORIENTED_EDGE('',*,*,#2779,.T.);
#2779 = EDGE_CURVE('',#2772,#2780,#2782,.T.);
#2780 = VERTEX_POINT('',#2781);
#2781 = CARTESIAN_POINT('',(-2.724938966801,-0.84,0.2));
#2782 = LINE('',#2783,#2784);
#2783 = CARTESIAN_POINT('',(-3.,-0.84,0.2));
#2784 = VECTOR('',#2785,1.);
#2785 = DIRECTION('',(1.,-1.144237745222E-17,0.));
#2786 = ORIENTED_EDGE('',*,*,#2787,.T.);
#2787 = EDGE_CURVE('',#2780,#2788,#2790,.T.);
#2788 = VERTEX_POINT('',#2789);
#2789 = CARTESIAN_POINT('',(-2.6264581915,-0.84,0.282635182233));
#2790 = CIRCLE('',#2791,0.1);
#2791 = AXIS2_PLACEMENT_3D('',#2792,#2793,#2794);
#2792 = CARTESIAN_POINT('',(-2.724938966801,-0.84,0.3));
#2793 = DIRECTION('',(-1.144237745222E-17,-1.,-0.));
#2794 = DIRECTION('',(0.,0.,-1.));
#2795 = ORIENTED_EDGE('',*,*,#2796,.T.);
#2796 = EDGE_CURVE('',#2788,#2797,#2799,.T.);
#2797 = VERTEX_POINT('',#2798);
#2798 = CARTESIAN_POINT('',(-2.545442325904,-0.84,0.7770944533));
#2799 = LINE('',#2800,#2801);
#2800 = CARTESIAN_POINT('',(-2.6264581915,-0.84,0.282635182233));
#2801 = VECTOR('',#2802,1.);
#2802 = DIRECTION('',(0.161691392282,-1.85013394127E-18,0.986841372087)
  );
#2803 = ORIENTED_EDGE('',*,*,#2804,.T.);
#2804 = EDGE_CURVE('',#2797,#2805,#2807,.T.);
#2805 = VERTEX_POINT('',#2806);
#2806 = CARTESIAN_POINT('',(-2.25,-0.84,1.025));
#2807 = CIRCLE('',#2808,0.3);
#2808 = AXIS2_PLACEMENT_3D('',#2809,#2810,#2811);
#2809 = CARTESIAN_POINT('',(-2.25,-0.84,0.725));
#2810 = DIRECTION('',(1.144237745222E-17,1.,7.703719777549E-34));
#2811 = DIRECTION('',(-0.984807753012,1.126854202784E-17,0.173648177667)
  );
#2812 = ORIENTED_EDGE('',*,*,#2813,.T.);
#2813 = EDGE_CURVE('',#2805,#1618,#2814,.T.);
#2814 = LINE('',#2815,#2816);
#2815 = CARTESIAN_POINT('',(-2.25,-0.84,1.025));
#2816 = VECTOR('',#2817,1.);
#2817 = DIRECTION('',(1.,-1.144237745222E-17,0.));
#2818 = PLANE('',#2819);
#2819 = AXIS2_PLACEMENT_3D('',#2820,#2821,#2822);
#2820 = CARTESIAN_POINT('',(-2.42560961319,-0.84,0.548953137803));
#2821 = DIRECTION('',(1.144237745222E-17,1.,0.));
#2822 = DIRECTION('',(0.,-0.,1.));
#2823 = ADVANCED_FACE('',(#2824),#2843,.F.);
#2824 = FACE_BOUND('',#2825,.F.);
#2825 = EDGE_LOOP('',(#2826,#2827,#2836,#2842));
#2826 = ORIENTED_EDGE('',*,*,#1656,.T.);
#2827 = ORIENTED_EDGE('',*,*,#2828,.T.);
#2828 = EDGE_CURVE('',#1649,#2829,#2831,.T.);
#2829 = VERTEX_POINT('',#2830);
#2830 = CARTESIAN_POINT('',(-2.348480775301,-0.43,0.742364817767));
#2831 = CIRCLE('',#2832,0.1);
#2832 = AXIS2_PLACEMENT_3D('',#2833,#2834,#2835);
#2833 = CARTESIAN_POINT('',(-2.25,-0.43,0.725));
#2834 = DIRECTION('',(-1.144237745222E-17,-1.,3.284293275761E-47));
#2835 = DIRECTION('',(-4.440892098501E-15,5.081436361563E-32,1.));
#2836 = ORIENTED_EDGE('',*,*,#2837,.F.);
#2837 = EDGE_CURVE('',#2738,#2829,#2838,.T.);
#2838 = LINE('',#2839,#2840);
#2839 = CARTESIAN_POINT('',(-2.348480775301,-0.84,0.742364817767));
#2840 = VECTOR('',#2841,1.);
#2841 = DIRECTION('',(1.144237745222E-17,1.,0.));
#2842 = ORIENTED_EDGE('',*,*,#2737,.F.);
#2843 = CYLINDRICAL_SURFACE('',#2844,0.1);
#2844 = AXIS2_PLACEMENT_3D('',#2845,#2846,#2847);
#2845 = CARTESIAN_POINT('',(-2.25,-0.84,0.725));
#2846 = DIRECTION('',(-1.144237745222E-17,-1.,0.));
#2847 = DIRECTION('',(-4.440892098501E-15,5.081436361563E-32,1.));
#2848 = ADVANCED_FACE('',(#2849),#2927,.T.);
#2849 = FACE_BOUND('',#2850,.T.);
#2850 = EDGE_LOOP('',(#2851,#2852,#2853,#2854,#2862,#2871,#2879,#2887,
    #2895,#2904,#2912,#2921));
#2851 = ORIENTED_EDGE('',*,*,#1670,.F.);
#2852 = ORIENTED_EDGE('',*,*,#1648,.T.);
#2853 = ORIENTED_EDGE('',*,*,#2828,.T.);
#2854 = ORIENTED_EDGE('',*,*,#2855,.T.);
#2855 = EDGE_CURVE('',#2829,#2856,#2858,.T.);
#2856 = VERTEX_POINT('',#2857);
#2857 = CARTESIAN_POINT('',(-2.429496640897,-0.43,0.2479055467));
#2858 = LINE('',#2859,#2860);
#2859 = CARTESIAN_POINT('',(-2.348480775301,-0.43,0.742364817767));
#2860 = VECTOR('',#2861,1.);
#2861 = DIRECTION('',(-0.161691392282,1.85013394127E-18,-0.986841372087)
  );
#2862 = ORIENTED_EDGE('',*,*,#2863,.T.);
#2863 = EDGE_CURVE('',#2856,#2864,#2866,.T.);
#2864 = VERTEX_POINT('',#2865);
#2865 = CARTESIAN_POINT('',(-2.724938966801,-0.43,-1.665334536938E-16));
#2866 = CIRCLE('',#2867,0.3);
#2867 = AXIS2_PLACEMENT_3D('',#2868,#2869,#2870);
#2868 = CARTESIAN_POINT('',(-2.724938966801,-0.43,0.3));
#2869 = DIRECTION('',(1.144237745222E-17,1.,7.703719777549E-34));
#2870 = DIRECTION('',(0.984807753012,-1.126854202784E-17,-0.173648177667
    ));
#2871 = ORIENTED_EDGE('',*,*,#2872,.T.);
#2872 = EDGE_CURVE('',#2864,#2873,#2875,.T.);
#2873 = VERTEX_POINT('',#2874);
#2874 = CARTESIAN_POINT('',(-3.,-0.43,-1.665334536938E-16));
#2875 = LINE('',#2876,#2877);
#2876 = CARTESIAN_POINT('',(-2.724938966801,-0.43,-1.665334536938E-16));
#2877 = VECTOR('',#2878,1.);
#2878 = DIRECTION('',(-1.,1.144237745222E-17,0.));
#2879 = ORIENTED_EDGE('',*,*,#2880,.T.);
#2880 = EDGE_CURVE('',#2873,#2881,#2883,.T.);
#2881 = VERTEX_POINT('',#2882);
#2882 = CARTESIAN_POINT('',(-3.,-0.43,0.2));
#2883 = LINE('',#2884,#2885);
#2884 = CARTESIAN_POINT('',(-3.,-0.43,-1.665334536938E-16));
#2885 = VECTOR('',#2886,1.);
#2886 = DIRECTION('',(0.,0.,1.));
#2887 = ORIENTED_EDGE('',*,*,#2888,.T.);
#2888 = EDGE_CURVE('',#2881,#2889,#2891,.T.);
#2889 = VERTEX_POINT('',#2890);
#2890 = CARTESIAN_POINT('',(-2.724938966801,-0.43,0.2));
#2891 = LINE('',#2892,#2893);
#2892 = CARTESIAN_POINT('',(-3.,-0.43,0.2));
#2893 = VECTOR('',#2894,1.);
#2894 = DIRECTION('',(1.,-1.144237745222E-17,0.));
#2895 = ORIENTED_EDGE('',*,*,#2896,.T.);
#2896 = EDGE_CURVE('',#2889,#2897,#2899,.T.);
#2897 = VERTEX_POINT('',#2898);
#2898 = CARTESIAN_POINT('',(-2.6264581915,-0.43,0.282635182233));
#2899 = CIRCLE('',#2900,0.1);
#2900 = AXIS2_PLACEMENT_3D('',#2901,#2902,#2903);
#2901 = CARTESIAN_POINT('',(-2.724938966801,-0.43,0.3));
#2902 = DIRECTION('',(-1.144237745222E-17,-1.,-0.));
#2903 = DIRECTION('',(0.,0.,-1.));
#2904 = ORIENTED_EDGE('',*,*,#2905,.T.);
#2905 = EDGE_CURVE('',#2897,#2906,#2908,.T.);
#2906 = VERTEX_POINT('',#2907);
#2907 = CARTESIAN_POINT('',(-2.545442325904,-0.43,0.7770944533));
#2908 = LINE('',#2909,#2910);
#2909 = CARTESIAN_POINT('',(-2.6264581915,-0.43,0.282635182233));
#2910 = VECTOR('',#2911,1.);
#2911 = DIRECTION('',(0.161691392282,-1.85013394127E-18,0.986841372087)
  );
#2912 = ORIENTED_EDGE('',*,*,#2913,.T.);
#2913 = EDGE_CURVE('',#2906,#2914,#2916,.T.);
#2914 = VERTEX_POINT('',#2915);
#2915 = CARTESIAN_POINT('',(-2.25,-0.43,1.025));
#2916 = CIRCLE('',#2917,0.3);
#2917 = AXIS2_PLACEMENT_3D('',#2918,#2919,#2920);
#2918 = CARTESIAN_POINT('',(-2.25,-0.43,0.725));
#2919 = DIRECTION('',(1.144237745222E-17,1.,7.703719777549E-34));
#2920 = DIRECTION('',(-0.984807753012,1.126854202784E-17,0.173648177667)
  );
#2921 = ORIENTED_EDGE('',*,*,#2922,.T.);
#2922 = EDGE_CURVE('',#2914,#1671,#2923,.T.);
#2923 = LINE('',#2924,#2925);
#2924 = CARTESIAN_POINT('',(-2.25,-0.43,1.025));
#2925 = VECTOR('',#2926,1.);
#2926 = DIRECTION('',(1.,-1.144237745222E-17,0.));
#2927 = PLANE('',#2928);
#2928 = AXIS2_PLACEMENT_3D('',#2929,#2930,#2931);
#2929 = CARTESIAN_POINT('',(-2.42560961319,-0.43,0.548953137803));
#2930 = DIRECTION('',(1.144237745222E-17,1.,0.));
#2931 = DIRECTION('',(0.,-0.,1.));
#2932 = ADVANCED_FACE('',(#2933),#2949,.F.);
#2933 = FACE_BOUND('',#2934,.F.);
#2934 = EDGE_LOOP('',(#2935,#2936,#2942,#2943));
#2935 = ORIENTED_EDGE('',*,*,#1687,.T.);
#2936 = ORIENTED_EDGE('',*,*,#2937,.T.);
#2937 = EDGE_CURVE('',#1680,#2218,#2938,.T.);
#2938 = LINE('',#2939,#2940);
#2939 = CARTESIAN_POINT('',(-2.25,0.43,1.025));
#2940 = VECTOR('',#2941,1.);
#2941 = DIRECTION('',(1.,-1.144237745222E-17,0.));
#2942 = ORIENTED_EDGE('',*,*,#2217,.F.);
#2943 = ORIENTED_EDGE('',*,*,#2944,.F.);
#2944 = EDGE_CURVE('',#1671,#2210,#2945,.T.);
#2945 = LINE('',#2946,#2947);
#2946 = CARTESIAN_POINT('',(-2.25,-0.43,1.025));
#2947 = VECTOR('',#2948,1.);
#2948 = DIRECTION('',(1.,-1.144237745222E-17,0.));
#2949 = PLANE('',#2950);
#2950 = AXIS2_PLACEMENT_3D('',#2951,#2952,#2953);
#2951 = CARTESIAN_POINT('',(-3.027078129022E-16,2.4125,1.025));
#2952 = DIRECTION('',(2.007919022429E-31,-7.713306628828E-27,-1.));
#2953 = DIRECTION('',(1.,1.112083013911E-16,2.00791902242E-31));
#2954 = ADVANCED_FACE('',(#2955),#3041,.F.);
#2955 = FACE_BOUND('',#2956,.F.);
#2956 = EDGE_LOOP('',(#2957,#2958,#2959,#2968,#2976,#2985,#2993,#3001,
    #3009,#3018,#3026,#3035));
#2957 = ORIENTED_EDGE('',*,*,#1679,.F.);
#2958 = ORIENTED_EDGE('',*,*,#1701,.T.);
#2959 = ORIENTED_EDGE('',*,*,#2960,.T.);
#2960 = EDGE_CURVE('',#1702,#2961,#2963,.T.);
#2961 = VERTEX_POINT('',#2962);
#2962 = CARTESIAN_POINT('',(-2.348480775301,0.43,0.742364817767));
#2963 = CIRCLE('',#2964,0.1);
#2964 = AXIS2_PLACEMENT_3D('',#2965,#2966,#2967);
#2965 = CARTESIAN_POINT('',(-2.25,0.43,0.725));
#2966 = DIRECTION('',(-1.144237745222E-17,-1.,3.284293275761E-47));
#2967 = DIRECTION('',(-4.440892098501E-15,5.081436361563E-32,1.));
#2968 = ORIENTED_EDGE('',*,*,#2969,.T.);
#2969 = EDGE_CURVE('',#2961,#2970,#2972,.T.);
#2970 = VERTEX_POINT('',#2971);
#2971 = CARTESIAN_POINT('',(-2.429496640897,0.43,0.2479055467));
#2972 = LINE('',#2973,#2974);
#2973 = CARTESIAN_POINT('',(-2.348480775301,0.43,0.742364817767));
#2974 = VECTOR('',#2975,1.);
#2975 = DIRECTION('',(-0.161691392282,1.85013394127E-18,-0.986841372087)
  );
#2976 = ORIENTED_EDGE('',*,*,#2977,.T.);
#2977 = EDGE_CURVE('',#2970,#2978,#2980,.T.);
#2978 = VERTEX_POINT('',#2979);
#2979 = CARTESIAN_POINT('',(-2.724938966801,0.43,-1.665334536938E-16));
#2980 = CIRCLE('',#2981,0.3);
#2981 = AXIS2_PLACEMENT_3D('',#2982,#2983,#2984);
#2982 = CARTESIAN_POINT('',(-2.724938966801,0.43,0.3));
#2983 = DIRECTION('',(1.144237745222E-17,1.,7.703719777549E-34));
#2984 = DIRECTION('',(0.984807753012,-1.126854202784E-17,-0.173648177667
    ));
#2985 = ORIENTED_EDGE('',*,*,#2986,.T.);
#2986 = EDGE_CURVE('',#2978,#2987,#2989,.T.);
#2987 = VERTEX_POINT('',#2988);
#2988 = CARTESIAN_POINT('',(-3.,0.43,-1.665334536938E-16));
#2989 = LINE('',#2990,#2991);
#2990 = CARTESIAN_POINT('',(-2.724938966801,0.43,-1.665334536938E-16));
#2991 = VECTOR('',#2992,1.);
#2992 = DIRECTION('',(-1.,1.144237745222E-17,0.));
#2993 = ORIENTED_EDGE('',*,*,#2994,.T.);
#2994 = EDGE_CURVE('',#2987,#2995,#2997,.T.);
#2995 = VERTEX_POINT('',#2996);
#2996 = CARTESIAN_POINT('',(-3.,0.43,0.2));
#2997 = LINE('',#2998,#2999);
#2998 = CARTESIAN_POINT('',(-3.,0.43,-1.665334536938E-16));
#2999 = VECTOR('',#3000,1.);
#3000 = DIRECTION('',(0.,0.,1.));
#3001 = ORIENTED_EDGE('',*,*,#3002,.T.);
#3002 = EDGE_CURVE('',#2995,#3003,#3005,.T.);
#3003 = VERTEX_POINT('',#3004);
#3004 = CARTESIAN_POINT('',(-2.724938966801,0.43,0.2));
#3005 = LINE('',#3006,#3007);
#3006 = CARTESIAN_POINT('',(-3.,0.43,0.2));
#3007 = VECTOR('',#3008,1.);
#3008 = DIRECTION('',(1.,-1.144237745222E-17,0.));
#3009 = ORIENTED_EDGE('',*,*,#3010,.T.);
#3010 = EDGE_CURVE('',#3003,#3011,#3013,.T.);
#3011 = VERTEX_POINT('',#3012);
#3012 = CARTESIAN_POINT('',(-2.6264581915,0.43,0.282635182233));
#3013 = CIRCLE('',#3014,0.1);
#3014 = AXIS2_PLACEMENT_3D('',#3015,#3016,#3017);
#3015 = CARTESIAN_POINT('',(-2.724938966801,0.43,0.3));
#3016 = DIRECTION('',(-1.144237745222E-17,-1.,-0.));
#3017 = DIRECTION('',(0.,0.,-1.));
#3018 = ORIENTED_EDGE('',*,*,#3019,.T.);
#3019 = EDGE_CURVE('',#3011,#3020,#3022,.T.);
#3020 = VERTEX_POINT('',#3021);
#3021 = CARTESIAN_POINT('',(-2.545442325904,0.43,0.7770944533));
#3022 = LINE('',#3023,#3024);
#3023 = CARTESIAN_POINT('',(-2.6264581915,0.43,0.282635182233));
#3024 = VECTOR('',#3025,1.);
#3025 = DIRECTION('',(0.161691392282,-1.85013394127E-18,0.986841372087)
  );
#3026 = ORIENTED_EDGE('',*,*,#3027,.T.);
#3027 = EDGE_CURVE('',#3020,#3028,#3030,.T.);
#3028 = VERTEX_POINT('',#3029);
#3029 = CARTESIAN_POINT('',(-2.25,0.43,1.025));
#3030 = CIRCLE('',#3031,0.3);
#3031 = AXIS2_PLACEMENT_3D('',#3032,#3033,#3034);
#3032 = CARTESIAN_POINT('',(-2.25,0.43,0.725));
#3033 = DIRECTION('',(1.144237745222E-17,1.,7.703719777549E-34));
#3034 = DIRECTION('',(-0.984807753012,1.126854202784E-17,0.173648177667)
  );
#3035 = ORIENTED_EDGE('',*,*,#3036,.T.);
#3036 = EDGE_CURVE('',#3028,#1680,#3037,.T.);
#3037 = LINE('',#3038,#3039);
#3038 = CARTESIAN_POINT('',(-2.25,0.43,1.025));
#3039 = VECTOR('',#3040,1.);
#3040 = DIRECTION('',(1.,-1.144237745222E-17,0.));
#3041 = PLANE('',#3042);
#3042 = AXIS2_PLACEMENT_3D('',#3043,#3044,#3045);
#3043 = CARTESIAN_POINT('',(-2.42560961319,0.43,0.548953137803));
#3044 = DIRECTION('',(1.144237745222E-17,1.,0.));
#3045 = DIRECTION('',(0.,-0.,1.));
#3046 = ADVANCED_FACE('',(#3047),#3066,.F.);
#3047 = FACE_BOUND('',#3048,.F.);
#3048 = EDGE_LOOP('',(#3049,#3050,#3059,#3065));
#3049 = ORIENTED_EDGE('',*,*,#1718,.T.);
#3050 = ORIENTED_EDGE('',*,*,#3051,.T.);
#3051 = EDGE_CURVE('',#1711,#3052,#3054,.T.);
#3052 = VERTEX_POINT('',#3053);
#3053 = CARTESIAN_POINT('',(-2.348480775301,0.84,0.742364817767));
#3054 = CIRCLE('',#3055,0.1);
#3055 = AXIS2_PLACEMENT_3D('',#3056,#3057,#3058);
#3056 = CARTESIAN_POINT('',(-2.25,0.84,0.725));
#3057 = DIRECTION('',(-1.144237745222E-17,-1.,3.284293275761E-47));
#3058 = DIRECTION('',(-4.440892098501E-15,5.081436361563E-32,1.));
#3059 = ORIENTED_EDGE('',*,*,#3060,.F.);
#3060 = EDGE_CURVE('',#2961,#3052,#3061,.T.);
#3061 = LINE('',#3062,#3063);
#3062 = CARTESIAN_POINT('',(-2.348480775301,0.43,0.742364817767));
#3063 = VECTOR('',#3064,1.);
#3064 = DIRECTION('',(1.144237745222E-17,1.,0.));
#3065 = ORIENTED_EDGE('',*,*,#2960,.F.);
#3066 = CYLINDRICAL_SURFACE('',#3067,0.1);
#3067 = AXIS2_PLACEMENT_3D('',#3068,#3069,#3070);
#3068 = CARTESIAN_POINT('',(-2.25,0.43,0.725));
#3069 = DIRECTION('',(-1.144237745222E-17,-1.,0.));
#3070 = DIRECTION('',(-4.440892098501E-15,5.081436361563E-32,1.));
#3071 = ADVANCED_FACE('',(#3072),#3150,.T.);
#3072 = FACE_BOUND('',#3073,.T.);
#3073 = EDGE_LOOP('',(#3074,#3075,#3076,#3077,#3085,#3094,#3102,#3110,
    #3118,#3127,#3135,#3144));
#3074 = ORIENTED_EDGE('',*,*,#1732,.F.);
#3075 = ORIENTED_EDGE('',*,*,#1710,.T.);
#3076 = ORIENTED_EDGE('',*,*,#3051,.T.);
#3077 = ORIENTED_EDGE('',*,*,#3078,.T.);
#3078 = EDGE_CURVE('',#3052,#3079,#3081,.T.);
#3079 = VERTEX_POINT('',#3080);
#3080 = CARTESIAN_POINT('',(-2.429496640897,0.84,0.2479055467));
#3081 = LINE('',#3082,#3083);
#3082 = CARTESIAN_POINT('',(-2.348480775301,0.84,0.742364817767));
#3083 = VECTOR('',#3084,1.);
#3084 = DIRECTION('',(-0.161691392282,1.85013394127E-18,-0.986841372087)
  );
#3085 = ORIENTED_EDGE('',*,*,#3086,.T.);
#3086 = EDGE_CURVE('',#3079,#3087,#3089,.T.);
#3087 = VERTEX_POINT('',#3088);
#3088 = CARTESIAN_POINT('',(-2.724938966801,0.84,-1.665334536938E-16));
#3089 = CIRCLE('',#3090,0.3);
#3090 = AXIS2_PLACEMENT_3D('',#3091,#3092,#3093);
#3091 = CARTESIAN_POINT('',(-2.724938966801,0.84,0.3));
#3092 = DIRECTION('',(1.144237745222E-17,1.,7.703719777549E-34));
#3093 = DIRECTION('',(0.984807753012,-1.126854202784E-17,-0.173648177667
    ));
#3094 = ORIENTED_EDGE('',*,*,#3095,.T.);
#3095 = EDGE_CURVE('',#3087,#3096,#3098,.T.);
#3096 = VERTEX_POINT('',#3097);
#3097 = CARTESIAN_POINT('',(-3.,0.84,-1.665334536938E-16));
#3098 = LINE('',#3099,#3100);
#3099 = CARTESIAN_POINT('',(-2.724938966801,0.84,-1.665334536938E-16));
#3100 = VECTOR('',#3101,1.);
#3101 = DIRECTION('',(-1.,1.144237745222E-17,0.));
#3102 = ORIENTED_EDGE('',*,*,#3103,.T.);
#3103 = EDGE_CURVE('',#3096,#3104,#3106,.T.);
#3104 = VERTEX_POINT('',#3105);
#3105 = CARTESIAN_POINT('',(-3.,0.84,0.2));
#3106 = LINE('',#3107,#3108);
#3107 = CARTESIAN_POINT('',(-3.,0.84,-1.665334536938E-16));
#3108 = VECTOR('',#3109,1.);
#3109 = DIRECTION('',(0.,0.,1.));
#3110 = ORIENTED_EDGE('',*,*,#3111,.T.);
#3111 = EDGE_CURVE('',#3104,#3112,#3114,.T.);
#3112 = VERTEX_POINT('',#3113);
#3113 = CARTESIAN_POINT('',(-2.724938966801,0.84,0.2));
#3114 = LINE('',#3115,#3116);
#3115 = CARTESIAN_POINT('',(-3.,0.84,0.2));
#3116 = VECTOR('',#3117,1.);
#3117 = DIRECTION('',(1.,-1.144237745222E-17,0.));
#3118 = ORIENTED_EDGE('',*,*,#3119,.T.);
#3119 = EDGE_CURVE('',#3112,#3120,#3122,.T.);
#3120 = VERTEX_POINT('',#3121);
#3121 = CARTESIAN_POINT('',(-2.6264581915,0.84,0.282635182233));
#3122 = CIRCLE('',#3123,0.1);
#3123 = AXIS2_PLACEMENT_3D('',#3124,#3125,#3126);
#3124 = CARTESIAN_POINT('',(-2.724938966801,0.84,0.3));
#3125 = DIRECTION('',(-1.144237745222E-17,-1.,-0.));
#3126 = DIRECTION('',(0.,0.,-1.));
#3127 = ORIENTED_EDGE('',*,*,#3128,.T.);
#3128 = EDGE_CURVE('',#3120,#3129,#3131,.T.);
#3129 = VERTEX_POINT('',#3130);
#3130 = CARTESIAN_POINT('',(-2.545442325904,0.84,0.7770944533));
#3131 = LINE('',#3132,#3133);
#3132 = CARTESIAN_POINT('',(-2.6264581915,0.84,0.282635182233));
#3133 = VECTOR('',#3134,1.);
#3134 = DIRECTION('',(0.161691392282,-1.85013394127E-18,0.986841372087)
  );
#3135 = ORIENTED_EDGE('',*,*,#3136,.T.);
#3136 = EDGE_CURVE('',#3129,#3137,#3139,.T.);
#3137 = VERTEX_POINT('',#3138);
#3138 = CARTESIAN_POINT('',(-2.25,0.84,1.025));
#3139 = CIRCLE('',#3140,0.3);
#3140 = AXIS2_PLACEMENT_3D('',#3141,#3142,#3143);
#3141 = CARTESIAN_POINT('',(-2.25,0.84,0.725));
#3142 = DIRECTION('',(1.144237745222E-17,1.,7.703719777549E-34));
#3143 = DIRECTION('',(-0.984807753012,1.126854202784E-17,0.173648177667)
  );
#3144 = ORIENTED_EDGE('',*,*,#3145,.T.);
#3145 = EDGE_CURVE('',#3137,#1733,#3146,.T.);
#3146 = LINE('',#3147,#3148);
#3147 = CARTESIAN_POINT('',(-2.25,0.84,1.025));
#3148 = VECTOR('',#3149,1.);
#3149 = DIRECTION('',(1.,-1.144237745222E-17,0.));
#3150 = PLANE('',#3151);
#3151 = AXIS2_PLACEMENT_3D('',#3152,#3153,#3154);
#3152 = CARTESIAN_POINT('',(-2.42560961319,0.84,0.548953137803));
#3153 = DIRECTION('',(1.144237745222E-17,1.,0.));
#3154 = DIRECTION('',(0.,-0.,1.));
#3155 = ADVANCED_FACE('',(#3156),#3167,.F.);
#3156 = FACE_BOUND('',#3157,.F.);
#3157 = EDGE_LOOP('',(#3158,#3159,#3160,#3161));
#3158 = ORIENTED_EDGE('',*,*,#1749,.T.);
#3159 = ORIENTED_EDGE('',*,*,#2169,.T.);
#3160 = ORIENTED_EDGE('',*,*,#2233,.F.);
#3161 = ORIENTED_EDGE('',*,*,#3162,.F.);
#3162 = EDGE_CURVE('',#1733,#2226,#3163,.T.);
#3163 = LINE('',#3164,#3165);
#3164 = CARTESIAN_POINT('',(-2.25,0.84,1.025));
#3165 = VECTOR('',#3166,1.);
#3166 = DIRECTION('',(1.,-1.144237745222E-17,0.));
#3167 = PLANE('',#3168);
#3168 = AXIS2_PLACEMENT_3D('',#3169,#3170,#3171);
#3169 = CARTESIAN_POINT('',(-3.027078129022E-16,2.4125,1.025));
#3170 = DIRECTION('',(2.007919022429E-31,-7.713306628828E-27,-1.));
#3171 = DIRECTION('',(1.,1.112083013911E-16,2.00791902242E-31));
#3172 = ADVANCED_FACE('',(#3173),#3252,.F.);
#3173 = FACE_BOUND('',#3174,.F.);
#3174 = EDGE_LOOP('',(#3175,#3176,#3177,#3186,#3194,#3203,#3211,#3219,
    #3227,#3236,#3244,#3251));
#3175 = ORIENTED_EDGE('',*,*,#1741,.F.);
#3176 = ORIENTED_EDGE('',*,*,#1763,.T.);
#3177 = ORIENTED_EDGE('',*,*,#3178,.T.);
#3178 = EDGE_CURVE('',#1764,#3179,#3181,.T.);
#3179 = VERTEX_POINT('',#3180);
#3180 = CARTESIAN_POINT('',(-2.348480775301,1.7,0.742364817767));
#3181 = CIRCLE('',#3182,0.1);
#3182 = AXIS2_PLACEMENT_3D('',#3183,#3184,#3185);
#3183 = CARTESIAN_POINT('',(-2.25,1.7,0.725));
#3184 = DIRECTION('',(-1.144237745222E-17,-1.,3.284293275761E-47));
#3185 = DIRECTION('',(-4.440892098501E-15,5.081436361563E-32,1.));
#3186 = ORIENTED_EDGE('',*,*,#3187,.T.);
#3187 = EDGE_CURVE('',#3179,#3188,#3190,.T.);
#3188 = VERTEX_POINT('',#3189);
#3189 = CARTESIAN_POINT('',(-2.429496640897,1.7,0.2479055467));
#3190 = LINE('',#3191,#3192);
#3191 = CARTESIAN_POINT('',(-2.348480775301,1.7,0.742364817767));
#3192 = VECTOR('',#3193,1.);
#3193 = DIRECTION('',(-0.161691392282,1.85013394127E-18,-0.986841372087)
  );
#3194 = ORIENTED_EDGE('',*,*,#3195,.T.);
#3195 = EDGE_CURVE('',#3188,#3196,#3198,.T.);
#3196 = VERTEX_POINT('',#3197);
#3197 = CARTESIAN_POINT('',(-2.724938966801,1.7,-1.665334536938E-16));
#3198 = CIRCLE('',#3199,0.3);
#3199 = AXIS2_PLACEMENT_3D('',#3200,#3201,#3202);
#3200 = CARTESIAN_POINT('',(-2.724938966801,1.7,0.3));
#3201 = DIRECTION('',(1.144237745222E-17,1.,7.703719777549E-34));
#3202 = DIRECTION('',(0.984807753012,-1.126854202784E-17,-0.173648177667
    ));
#3203 = ORIENTED_EDGE('',*,*,#3204,.T.);
#3204 = EDGE_CURVE('',#3196,#3205,#3207,.T.);
#3205 = VERTEX_POINT('',#3206);
#3206 = CARTESIAN_POINT('',(-3.,1.7,-1.665334536938E-16));
#3207 = LINE('',#3208,#3209);
#3208 = CARTESIAN_POINT('',(-2.724938966801,1.7,-1.665334536938E-16));
#3209 = VECTOR('',#3210,1.);
#3210 = DIRECTION('',(-1.,1.144237745222E-17,0.));
#3211 = ORIENTED_EDGE('',*,*,#3212,.T.);
#3212 = EDGE_CURVE('',#3205,#3213,#3215,.T.);
#3213 = VERTEX_POINT('',#3214);
#3214 = CARTESIAN_POINT('',(-3.,1.7,0.2));
#3215 = LINE('',#3216,#3217);
#3216 = CARTESIAN_POINT('',(-3.,1.7,-1.665334536938E-16));
#3217 = VECTOR('',#3218,1.);
#3218 = DIRECTION('',(0.,0.,1.));
#3219 = ORIENTED_EDGE('',*,*,#3220,.T.);
#3220 = EDGE_CURVE('',#3213,#3221,#3223,.T.);
#3221 = VERTEX_POINT('',#3222);
#3222 = CARTESIAN_POINT('',(-2.724938966801,1.7,0.2));
#3223 = LINE('',#3224,#3225);
#3224 = CARTESIAN_POINT('',(-3.,1.7,0.2));
#3225 = VECTOR('',#3226,1.);
#3226 = DIRECTION('',(1.,-1.144237745222E-17,0.));
#3227 = ORIENTED_EDGE('',*,*,#3228,.T.);
#3228 = EDGE_CURVE('',#3221,#3229,#3231,.T.);
#3229 = VERTEX_POINT('',#3230);
#3230 = CARTESIAN_POINT('',(-2.6264581915,1.7,0.282635182233));
#3231 = CIRCLE('',#3232,0.1);
#3232 = AXIS2_PLACEMENT_3D('',#3233,#3234,#3235);
#3233 = CARTESIAN_POINT('',(-2.724938966801,1.7,0.3));
#3234 = DIRECTION('',(-1.144237745222E-17,-1.,-0.));
#3235 = DIRECTION('',(0.,0.,-1.));
#3236 = ORIENTED_EDGE('',*,*,#3237,.T.);
#3237 = EDGE_CURVE('',#3229,#3238,#3240,.T.);
#3238 = VERTEX_POINT('',#3239);
#3239 = CARTESIAN_POINT('',(-2.545442325904,1.7,0.7770944533));
#3240 = LINE('',#3241,#3242);
#3241 = CARTESIAN_POINT('',(-2.6264581915,1.7,0.282635182233));
#3242 = VECTOR('',#3243,1.);
#3243 = DIRECTION('',(0.161691392282,-1.85013394127E-18,0.986841372087)
  );
#3244 = ORIENTED_EDGE('',*,*,#3245,.T.);
#3245 = EDGE_CURVE('',#3238,#2139,#3246,.T.);
#3246 = CIRCLE('',#3247,0.3);
#3247 = AXIS2_PLACEMENT_3D('',#3248,#3249,#3250);
#3248 = CARTESIAN_POINT('',(-2.25,1.7,0.725));
#3249 = DIRECTION('',(1.144237745222E-17,1.,7.703719777549E-34));
#3250 = DIRECTION('',(-0.984807753012,1.126854202784E-17,0.173648177667)
  );
#3251 = ORIENTED_EDGE('',*,*,#2138,.T.);
#3252 = PLANE('',#3253);
#3253 = AXIS2_PLACEMENT_3D('',#3254,#3255,#3256);
#3254 = CARTESIAN_POINT('',(-2.42560961319,1.7,0.548953137803));
#3255 = DIRECTION('',(1.144237745222E-17,1.,0.));
#3256 = DIRECTION('',(0.,-0.,1.));
#3257 = ADVANCED_FACE('',(#3258),#3277,.F.);
#3258 = FACE_BOUND('',#3259,.F.);
#3259 = EDGE_LOOP('',(#3260,#3261,#3270,#3276));
#3260 = ORIENTED_EDGE('',*,*,#1780,.T.);
#3261 = ORIENTED_EDGE('',*,*,#3262,.T.);
#3262 = EDGE_CURVE('',#1773,#3263,#3265,.T.);
#3263 = VERTEX_POINT('',#3264);
#3264 = CARTESIAN_POINT('',(-2.348480775301,2.11,0.742364817767));
#3265 = CIRCLE('',#3266,0.1);
#3266 = AXIS2_PLACEMENT_3D('',#3267,#3268,#3269);
#3267 = CARTESIAN_POINT('',(-2.25,2.11,0.725));
#3268 = DIRECTION('',(-1.144237745222E-17,-1.,3.284293275761E-47));
#3269 = DIRECTION('',(-4.440892098501E-15,5.081436361563E-32,1.));
#3270 = ORIENTED_EDGE('',*,*,#3271,.F.);
#3271 = EDGE_CURVE('',#3179,#3263,#3272,.T.);
#3272 = LINE('',#3273,#3274);
#3273 = CARTESIAN_POINT('',(-2.348480775301,1.7,0.742364817767));
#3274 = VECTOR('',#3275,1.);
#3275 = DIRECTION('',(1.144237745222E-17,1.,0.));
#3276 = ORIENTED_EDGE('',*,*,#3178,.F.);
#3277 = CYLINDRICAL_SURFACE('',#3278,0.1);
#3278 = AXIS2_PLACEMENT_3D('',#3279,#3280,#3281);
#3279 = CARTESIAN_POINT('',(-2.25,1.7,0.725));
#3280 = DIRECTION('',(-1.144237745222E-17,-1.,0.));
#3281 = DIRECTION('',(-4.440892098501E-15,5.081436361563E-32,1.));
#3282 = ADVANCED_FACE('',(#3283),#3354,.T.);
#3283 = FACE_BOUND('',#3284,.T.);
#3284 = EDGE_LOOP('',(#3285,#3286,#3287,#3288,#3296,#3305,#3313,#3321,
    #3329,#3338,#3346,#3353));
#3285 = ORIENTED_EDGE('',*,*,#1794,.F.);
#3286 = ORIENTED_EDGE('',*,*,#1772,.T.);
#3287 = ORIENTED_EDGE('',*,*,#3262,.T.);
#3288 = ORIENTED_EDGE('',*,*,#3289,.T.);
#3289 = EDGE_CURVE('',#3263,#3290,#3292,.T.);
#3290 = VERTEX_POINT('',#3291);
#3291 = CARTESIAN_POINT('',(-2.429496640897,2.11,0.2479055467));
#3292 = LINE('',#3293,#3294);
#3293 = CARTESIAN_POINT('',(-2.348480775301,2.11,0.742364817767));
#3294 = VECTOR('',#3295,1.);
#3295 = DIRECTION('',(-0.161691392282,1.85013394127E-18,-0.986841372087)
  );
#3296 = ORIENTED_EDGE('',*,*,#3297,.T.);
#3297 = EDGE_CURVE('',#3290,#3298,#3300,.T.);
#3298 = VERTEX_POINT('',#3299);
#3299 = CARTESIAN_POINT('',(-2.724938966801,2.11,-1.665334536938E-16));
#3300 = CIRCLE('',#3301,0.3);
#3301 = AXIS2_PLACEMENT_3D('',#3302,#3303,#3304);
#3302 = CARTESIAN_POINT('',(-2.724938966801,2.11,0.3));
#3303 = DIRECTION('',(1.144237745222E-17,1.,7.703719777549E-34));
#3304 = DIRECTION('',(0.984807753012,-1.126854202784E-17,-0.173648177667
    ));
#3305 = ORIENTED_EDGE('',*,*,#3306,.T.);
#3306 = EDGE_CURVE('',#3298,#3307,#3309,.T.);
#3307 = VERTEX_POINT('',#3308);
#3308 = CARTESIAN_POINT('',(-3.,2.11,-1.665334536938E-16));
#3309 = LINE('',#3310,#3311);
#3310 = CARTESIAN_POINT('',(-2.724938966801,2.11,-1.665334536938E-16));
#3311 = VECTOR('',#3312,1.);
#3312 = DIRECTION('',(-1.,1.144237745222E-17,0.));
#3313 = ORIENTED_EDGE('',*,*,#3314,.T.);
#3314 = EDGE_CURVE('',#3307,#3315,#3317,.T.);
#3315 = VERTEX_POINT('',#3316);
#3316 = CARTESIAN_POINT('',(-3.,2.11,0.2));
#3317 = LINE('',#3318,#3319);
#3318 = CARTESIAN_POINT('',(-3.,2.11,-1.665334536938E-16));
#3319 = VECTOR('',#3320,1.);
#3320 = DIRECTION('',(0.,0.,1.));
#3321 = ORIENTED_EDGE('',*,*,#3322,.T.);
#3322 = EDGE_CURVE('',#3315,#3323,#3325,.T.);
#3323 = VERTEX_POINT('',#3324);
#3324 = CARTESIAN_POINT('',(-2.724938966801,2.11,0.2));
#3325 = LINE('',#3326,#3327);
#3326 = CARTESIAN_POINT('',(-3.,2.11,0.2));
#3327 = VECTOR('',#3328,1.);
#3328 = DIRECTION('',(1.,-1.144237745222E-17,0.));
#3329 = ORIENTED_EDGE('',*,*,#3330,.T.);
#3330 = EDGE_CURVE('',#3323,#3331,#3333,.T.);
#3331 = VERTEX_POINT('',#3332);
#3332 = CARTESIAN_POINT('',(-2.6264581915,2.11,0.282635182233));
#3333 = CIRCLE('',#3334,0.1);
#3334 = AXIS2_PLACEMENT_3D('',#3335,#3336,#3337);
#3335 = CARTESIAN_POINT('',(-2.724938966801,2.11,0.3));
#3336 = DIRECTION('',(-1.144237745222E-17,-1.,-0.));
#3337 = DIRECTION('',(0.,0.,-1.));
#3338 = ORIENTED_EDGE('',*,*,#3339,.T.);
#3339 = EDGE_CURVE('',#3331,#3340,#3342,.T.);
#3340 = VERTEX_POINT('',#3341);
#3341 = CARTESIAN_POINT('',(-2.545442325904,2.11,0.7770944533));
#3342 = LINE('',#3343,#3344);
#3343 = CARTESIAN_POINT('',(-2.6264581915,2.11,0.282635182233));
#3344 = VECTOR('',#3345,1.);
#3345 = DIRECTION('',(0.161691392282,-1.85013394127E-18,0.986841372087)
  );
#3346 = ORIENTED_EDGE('',*,*,#3347,.T.);
#3347 = EDGE_CURVE('',#3340,#2147,#3348,.T.);
#3348 = CIRCLE('',#3349,0.3);
#3349 = AXIS2_PLACEMENT_3D('',#3350,#3351,#3352);
#3350 = CARTESIAN_POINT('',(-2.25,2.11,0.725));
#3351 = DIRECTION('',(1.144237745222E-17,1.,7.703719777549E-34));
#3352 = DIRECTION('',(-0.984807753012,1.126854202784E-17,0.173648177667)
  );
#3353 = ORIENTED_EDGE('',*,*,#2154,.T.);
#3354 = PLANE('',#3355);
#3355 = AXIS2_PLACEMENT_3D('',#3356,#3357,#3358);
#3356 = CARTESIAN_POINT('',(-2.42560961319,2.11,0.548953137803));
#3357 = DIRECTION('',(1.144237745222E-17,1.,0.));
#3358 = DIRECTION('',(0.,-0.,1.));
#3359 = ADVANCED_FACE('',(#3360),#3439,.F.);
#3360 = FACE_BOUND('',#3361,.F.);
#3361 = EDGE_LOOP('',(#3362,#3363,#3364,#3373,#3381,#3390,#3398,#3406,
    #3414,#3423,#3431,#3438));
#3362 = ORIENTED_EDGE('',*,*,#1813,.F.);
#3363 = ORIENTED_EDGE('',*,*,#1828,.T.);
#3364 = ORIENTED_EDGE('',*,*,#3365,.T.);
#3365 = EDGE_CURVE('',#1829,#3366,#3368,.T.);
#3366 = VERTEX_POINT('',#3367);
#3367 = CARTESIAN_POINT('',(2.348480775301,2.11,0.742364817767));
#3368 = CIRCLE('',#3369,0.1);
#3369 = AXIS2_PLACEMENT_3D('',#3370,#3371,#3372);
#3370 = CARTESIAN_POINT('',(2.25,2.11,0.725));
#3371 = DIRECTION('',(-1.110223024625E-16,1.,0.));
#3372 = DIRECTION('',(4.440892098501E-15,4.930380657631E-31,1.));
#3373 = ORIENTED_EDGE('',*,*,#3374,.T.);
#3374 = EDGE_CURVE('',#3366,#3375,#3377,.T.);
#3375 = VERTEX_POINT('',#3376);
#3376 = CARTESIAN_POINT('',(2.429496640897,2.11,0.2479055467));
#3377 = LINE('',#3378,#3379);
#3378 = CARTESIAN_POINT('',(2.348480775301,2.11,0.742364817767));
#3379 = VECTOR('',#3380,1.);
#3380 = DIRECTION('',(0.161691392282,1.795135065956E-17,-0.986841372087)
  );
#3381 = ORIENTED_EDGE('',*,*,#3382,.T.);
#3382 = EDGE_CURVE('',#3375,#3383,#3385,.T.);
#3383 = VERTEX_POINT('',#3384);
#3384 = CARTESIAN_POINT('',(2.724938966801,2.11,-1.665334536938E-16));
#3385 = CIRCLE('',#3386,0.3);
#3386 = AXIS2_PLACEMENT_3D('',#3387,#3388,#3389);
#3387 = CARTESIAN_POINT('',(2.724938966801,2.11,0.3));
#3388 = DIRECTION('',(1.110223024625E-16,-1.,0.));
#3389 = DIRECTION('',(-0.984807753012,-1.093356242223E-16,
    -0.173648177667));
#3390 = ORIENTED_EDGE('',*,*,#3391,.T.);
#3391 = EDGE_CURVE('',#3383,#3392,#3394,.T.);
#3392 = VERTEX_POINT('',#3393);
#3393 = CARTESIAN_POINT('',(3.,2.11,-1.665334536938E-16));
#3394 = LINE('',#3395,#3396);
#3395 = CARTESIAN_POINT('',(2.724938966801,2.11,-1.665334536938E-16));
#3396 = VECTOR('',#3397,1.);
#3397 = DIRECTION('',(1.,1.110223024625E-16,0.));
#3398 = ORIENTED_EDGE('',*,*,#3399,.T.);
#3399 = EDGE_CURVE('',#3392,#3400,#3402,.T.);
#3400 = VERTEX_POINT('',#3401);
#3401 = CARTESIAN_POINT('',(3.,2.11,0.2));
#3402 = LINE('',#3403,#3404);
#3403 = CARTESIAN_POINT('',(3.,2.11,-1.665334536938E-16));
#3404 = VECTOR('',#3405,1.);
#3405 = DIRECTION('',(0.,0.,1.));
#3406 = ORIENTED_EDGE('',*,*,#3407,.T.);
#3407 = EDGE_CURVE('',#3400,#3408,#3410,.T.);
#3408 = VERTEX_POINT('',#3409);
#3409 = CARTESIAN_POINT('',(2.724938966801,2.11,0.2));
#3410 = LINE('',#3411,#3412);
#3411 = CARTESIAN_POINT('',(3.,2.11,0.2));
#3412 = VECTOR('',#3413,1.);
#3413 = DIRECTION('',(-1.,-1.110223024625E-16,0.));
#3414 = ORIENTED_EDGE('',*,*,#3415,.T.);
#3415 = EDGE_CURVE('',#3408,#3416,#3418,.T.);
#3416 = VERTEX_POINT('',#3417);
#3417 = CARTESIAN_POINT('',(2.6264581915,2.11,0.282635182233));
#3418 = CIRCLE('',#3419,0.1);
#3419 = AXIS2_PLACEMENT_3D('',#3420,#3421,#3422);
#3420 = CARTESIAN_POINT('',(2.724938966801,2.11,0.3));
#3421 = DIRECTION('',(-1.110223024625E-16,1.,0.));
#3422 = DIRECTION('',(0.,0.,-1.));
#3423 = ORIENTED_EDGE('',*,*,#3424,.T.);
#3424 = EDGE_CURVE('',#3416,#3425,#3427,.T.);
#3425 = VERTEX_POINT('',#3426);
#3426 = CARTESIAN_POINT('',(2.545442325904,2.11,0.7770944533));
#3427 = LINE('',#3428,#3429);
#3428 = CARTESIAN_POINT('',(2.6264581915,2.11,0.282635182233));
#3429 = VECTOR('',#3430,1.);
#3430 = DIRECTION('',(-0.161691392282,-1.795135065956E-17,0.986841372087
    ));
#3431 = ORIENTED_EDGE('',*,*,#3432,.T.);
#3432 = EDGE_CURVE('',#3425,#2426,#3433,.T.);
#3433 = CIRCLE('',#3434,0.3);
#3434 = AXIS2_PLACEMENT_3D('',#3435,#3436,#3437);
#3435 = CARTESIAN_POINT('',(2.25,2.11,0.725));
#3436 = DIRECTION('',(1.110223024625E-16,-1.,0.));
#3437 = DIRECTION('',(0.984807753012,1.093356242223E-16,0.173648177667)
  );
#3438 = ORIENTED_EDGE('',*,*,#2425,.T.);
#3439 = PLANE('',#3440);
#3440 = AXIS2_PLACEMENT_3D('',#3441,#3442,#3443);
#3441 = CARTESIAN_POINT('',(2.42560961319,2.11,0.548953137803));
#3442 = DIRECTION('',(1.110223024625E-16,-1.,0.));
#3443 = DIRECTION('',(0.,0.,1.));
#3444 = ADVANCED_FACE('',(#3445),#3464,.F.);
#3445 = FACE_BOUND('',#3446,.F.);
#3446 = EDGE_LOOP('',(#3447,#3448,#3457,#3463));
#3447 = ORIENTED_EDGE('',*,*,#1845,.T.);
#3448 = ORIENTED_EDGE('',*,*,#3449,.T.);
#3449 = EDGE_CURVE('',#1838,#3450,#3452,.T.);
#3450 = VERTEX_POINT('',#3451);
#3451 = CARTESIAN_POINT('',(2.348480775301,1.7,0.742364817767));
#3452 = CIRCLE('',#3453,0.1);
#3453 = AXIS2_PLACEMENT_3D('',#3454,#3455,#3456);
#3454 = CARTESIAN_POINT('',(2.25,1.7,0.725));
#3455 = DIRECTION('',(-1.110223024625E-16,1.,0.));
#3456 = DIRECTION('',(4.440892098501E-15,4.930380657631E-31,1.));
#3457 = ORIENTED_EDGE('',*,*,#3458,.F.);
#3458 = EDGE_CURVE('',#3366,#3450,#3459,.T.);
#3459 = LINE('',#3460,#3461);
#3460 = CARTESIAN_POINT('',(2.348480775301,2.11,0.742364817767));
#3461 = VECTOR('',#3462,1.);
#3462 = DIRECTION('',(1.110223024625E-16,-1.,0.));
#3463 = ORIENTED_EDGE('',*,*,#3365,.F.);
#3464 = CYLINDRICAL_SURFACE('',#3465,0.1);
#3465 = AXIS2_PLACEMENT_3D('',#3466,#3467,#3468);
#3466 = CARTESIAN_POINT('',(2.25,2.11,0.725));
#3467 = DIRECTION('',(-1.110223024625E-16,1.,0.));
#3468 = DIRECTION('',(4.440892098501E-15,4.930380657631E-31,1.));
#3469 = ADVANCED_FACE('',(#3470),#3541,.T.);
#3470 = FACE_BOUND('',#3471,.T.);
#3471 = EDGE_LOOP('',(#3472,#3473,#3474,#3475,#3483,#3492,#3500,#3508,
    #3516,#3525,#3533,#3540));
#3472 = ORIENTED_EDGE('',*,*,#1859,.F.);
#3473 = ORIENTED_EDGE('',*,*,#1837,.T.);
#3474 = ORIENTED_EDGE('',*,*,#3449,.T.);
#3475 = ORIENTED_EDGE('',*,*,#3476,.T.);
#3476 = EDGE_CURVE('',#3450,#3477,#3479,.T.);
#3477 = VERTEX_POINT('',#3478);
#3478 = CARTESIAN_POINT('',(2.429496640897,1.7,0.2479055467));
#3479 = LINE('',#3480,#3481);
#3480 = CARTESIAN_POINT('',(2.348480775301,1.7,0.742364817767));
#3481 = VECTOR('',#3482,1.);
#3482 = DIRECTION('',(0.161691392282,1.795135065956E-17,-0.986841372087)
  );
#3483 = ORIENTED_EDGE('',*,*,#3484,.T.);
#3484 = EDGE_CURVE('',#3477,#3485,#3487,.T.);
#3485 = VERTEX_POINT('',#3486);
#3486 = CARTESIAN_POINT('',(2.724938966801,1.7,-1.665334536938E-16));
#3487 = CIRCLE('',#3488,0.3);
#3488 = AXIS2_PLACEMENT_3D('',#3489,#3490,#3491);
#3489 = CARTESIAN_POINT('',(2.724938966801,1.7,0.3));
#3490 = DIRECTION('',(1.110223024625E-16,-1.,0.));
#3491 = DIRECTION('',(-0.984807753012,-1.093356242223E-16,
    -0.173648177667));
#3492 = ORIENTED_EDGE('',*,*,#3493,.T.);
#3493 = EDGE_CURVE('',#3485,#3494,#3496,.T.);
#3494 = VERTEX_POINT('',#3495);
#3495 = CARTESIAN_POINT('',(3.,1.7,-1.665334536938E-16));
#3496 = LINE('',#3497,#3498);
#3497 = CARTESIAN_POINT('',(2.724938966801,1.7,-1.665334536938E-16));
#3498 = VECTOR('',#3499,1.);
#3499 = DIRECTION('',(1.,1.110223024625E-16,0.));
#3500 = ORIENTED_EDGE('',*,*,#3501,.T.);
#3501 = EDGE_CURVE('',#3494,#3502,#3504,.T.);
#3502 = VERTEX_POINT('',#3503);
#3503 = CARTESIAN_POINT('',(3.,1.7,0.2));
#3504 = LINE('',#3505,#3506);
#3505 = CARTESIAN_POINT('',(3.,1.7,-1.665334536938E-16));
#3506 = VECTOR('',#3507,1.);
#3507 = DIRECTION('',(0.,0.,1.));
#3508 = ORIENTED_EDGE('',*,*,#3509,.T.);
#3509 = EDGE_CURVE('',#3502,#3510,#3512,.T.);
#3510 = VERTEX_POINT('',#3511);
#3511 = CARTESIAN_POINT('',(2.724938966801,1.7,0.2));
#3512 = LINE('',#3513,#3514);
#3513 = CARTESIAN_POINT('',(3.,1.7,0.2));
#3514 = VECTOR('',#3515,1.);
#3515 = DIRECTION('',(-1.,-1.110223024625E-16,0.));
#3516 = ORIENTED_EDGE('',*,*,#3517,.T.);
#3517 = EDGE_CURVE('',#3510,#3518,#3520,.T.);
#3518 = VERTEX_POINT('',#3519);
#3519 = CARTESIAN_POINT('',(2.6264581915,1.7,0.282635182233));
#3520 = CIRCLE('',#3521,0.1);
#3521 = AXIS2_PLACEMENT_3D('',#3522,#3523,#3524);
#3522 = CARTESIAN_POINT('',(2.724938966801,1.7,0.3));
#3523 = DIRECTION('',(-1.110223024625E-16,1.,0.));
#3524 = DIRECTION('',(0.,0.,-1.));
#3525 = ORIENTED_EDGE('',*,*,#3526,.T.);
#3526 = EDGE_CURVE('',#3518,#3527,#3529,.T.);
#3527 = VERTEX_POINT('',#3528);
#3528 = CARTESIAN_POINT('',(2.545442325904,1.7,0.7770944533));
#3529 = LINE('',#3530,#3531);
#3530 = CARTESIAN_POINT('',(2.6264581915,1.7,0.282635182233));
#3531 = VECTOR('',#3532,1.);
#3532 = DIRECTION('',(-0.161691392282,-1.795135065956E-17,0.986841372087
    ));
#3533 = ORIENTED_EDGE('',*,*,#3534,.T.);
#3534 = EDGE_CURVE('',#3527,#2434,#3535,.T.);
#3535 = CIRCLE('',#3536,0.3);
#3536 = AXIS2_PLACEMENT_3D('',#3537,#3538,#3539);
#3537 = CARTESIAN_POINT('',(2.25,1.7,0.725));
#3538 = DIRECTION('',(1.110223024625E-16,-1.,0.));
#3539 = DIRECTION('',(0.984807753012,1.093356242223E-16,0.173648177667)
  );
#3540 = ORIENTED_EDGE('',*,*,#2441,.T.);
#3541 = PLANE('',#3542);
#3542 = AXIS2_PLACEMENT_3D('',#3543,#3544,#3545);
#3543 = CARTESIAN_POINT('',(2.42560961319,1.7,0.548953137803));
#3544 = DIRECTION('',(1.110223024625E-16,-1.,0.));
#3545 = DIRECTION('',(0.,0.,1.));
#3546 = ADVANCED_FACE('',(#3547),#3558,.F.);
#3547 = FACE_BOUND('',#3548,.F.);
#3548 = EDGE_LOOP('',(#3549,#3550,#3551,#3557));
#3549 = ORIENTED_EDGE('',*,*,#2447,.F.);
#3550 = ORIENTED_EDGE('',*,*,#1876,.T.);
#3551 = ORIENTED_EDGE('',*,*,#3552,.T.);
#3552 = EDGE_CURVE('',#1869,#2348,#3553,.T.);
#3553 = LINE('',#3554,#3555);
#3554 = CARTESIAN_POINT('',(2.25,0.84,1.025));
#3555 = VECTOR('',#3556,1.);
#3556 = DIRECTION('',(-1.,-1.110223024625E-16,0.));
#3557 = ORIENTED_EDGE('',*,*,#2347,.F.);
#3558 = PLANE('',#3559);
#3559 = AXIS2_PLACEMENT_3D('',#3560,#3561,#3562);
#3560 = CARTESIAN_POINT('',(-3.027078129022E-16,2.4125,1.025));
#3561 = DIRECTION('',(2.007919022429E-31,-7.713306628828E-27,-1.));
#3562 = DIRECTION('',(1.,1.112083013911E-16,2.00791902242E-31));
#3563 = ADVANCED_FACE('',(#3564),#3650,.F.);
#3564 = FACE_BOUND('',#3565,.F.);
#3565 = EDGE_LOOP('',(#3566,#3567,#3568,#3577,#3585,#3594,#3602,#3610,
    #3618,#3627,#3635,#3644));
#3566 = ORIENTED_EDGE('',*,*,#1868,.F.);
#3567 = ORIENTED_EDGE('',*,*,#1890,.T.);
#3568 = ORIENTED_EDGE('',*,*,#3569,.T.);
#3569 = EDGE_CURVE('',#1891,#3570,#3572,.T.);
#3570 = VERTEX_POINT('',#3571);
#3571 = CARTESIAN_POINT('',(2.348480775301,0.84,0.742364817767));
#3572 = CIRCLE('',#3573,0.1);
#3573 = AXIS2_PLACEMENT_3D('',#3574,#3575,#3576);
#3574 = CARTESIAN_POINT('',(2.25,0.84,0.725));
#3575 = DIRECTION('',(-1.110223024625E-16,1.,0.));
#3576 = DIRECTION('',(4.440892098501E-15,4.930380657631E-31,1.));
#3577 = ORIENTED_EDGE('',*,*,#3578,.T.);
#3578 = EDGE_CURVE('',#3570,#3579,#3581,.T.);
#3579 = VERTEX_POINT('',#3580);
#3580 = CARTESIAN_POINT('',(2.429496640897,0.84,0.2479055467));
#3581 = LINE('',#3582,#3583);
#3582 = CARTESIAN_POINT('',(2.348480775301,0.84,0.742364817767));
#3583 = VECTOR('',#3584,1.);
#3584 = DIRECTION('',(0.161691392282,1.795135065956E-17,-0.986841372087)
  );
#3585 = ORIENTED_EDGE('',*,*,#3586,.T.);
#3586 = EDGE_CURVE('',#3579,#3587,#3589,.T.);
#3587 = VERTEX_POINT('',#3588);
#3588 = CARTESIAN_POINT('',(2.724938966801,0.84,-1.665334536938E-16));
#3589 = CIRCLE('',#3590,0.3);
#3590 = AXIS2_PLACEMENT_3D('',#3591,#3592,#3593);
#3591 = CARTESIAN_POINT('',(2.724938966801,0.84,0.3));
#3592 = DIRECTION('',(1.110223024625E-16,-1.,0.));
#3593 = DIRECTION('',(-0.984807753012,-1.093356242223E-16,
    -0.173648177667));
#3594 = ORIENTED_EDGE('',*,*,#3595,.T.);
#3595 = EDGE_CURVE('',#3587,#3596,#3598,.T.);
#3596 = VERTEX_POINT('',#3597);
#3597 = CARTESIAN_POINT('',(3.,0.84,-1.665334536938E-16));
#3598 = LINE('',#3599,#3600);
#3599 = CARTESIAN_POINT('',(2.724938966801,0.84,-1.665334536938E-16));
#3600 = VECTOR('',#3601,1.);
#3601 = DIRECTION('',(1.,1.110223024625E-16,0.));
#3602 = ORIENTED_EDGE('',*,*,#3603,.T.);
#3603 = EDGE_CURVE('',#3596,#3604,#3606,.T.);
#3604 = VERTEX_POINT('',#3605);
#3605 = CARTESIAN_POINT('',(3.,0.84,0.2));
#3606 = LINE('',#3607,#3608);
#3607 = CARTESIAN_POINT('',(3.,0.84,-1.665334536938E-16));
#3608 = VECTOR('',#3609,1.);
#3609 = DIRECTION('',(0.,0.,1.));
#3610 = ORIENTED_EDGE('',*,*,#3611,.T.);
#3611 = EDGE_CURVE('',#3604,#3612,#3614,.T.);
#3612 = VERTEX_POINT('',#3613);
#3613 = CARTESIAN_POINT('',(2.724938966801,0.84,0.2));
#3614 = LINE('',#3615,#3616);
#3615 = CARTESIAN_POINT('',(3.,0.84,0.2));
#3616 = VECTOR('',#3617,1.);
#3617 = DIRECTION('',(-1.,-1.110223024625E-16,0.));
#3618 = ORIENTED_EDGE('',*,*,#3619,.T.);
#3619 = EDGE_CURVE('',#3612,#3620,#3622,.T.);
#3620 = VERTEX_POINT('',#3621);
#3621 = CARTESIAN_POINT('',(2.6264581915,0.84,0.282635182233));
#3622 = CIRCLE('',#3623,0.1);
#3623 = AXIS2_PLACEMENT_3D('',#3624,#3625,#3626);
#3624 = CARTESIAN_POINT('',(2.724938966801,0.84,0.3));
#3625 = DIRECTION('',(-1.110223024625E-16,1.,0.));
#3626 = DIRECTION('',(0.,0.,-1.));
#3627 = ORIENTED_EDGE('',*,*,#3628,.T.);
#3628 = EDGE_CURVE('',#3620,#3629,#3631,.T.);
#3629 = VERTEX_POINT('',#3630);
#3630 = CARTESIAN_POINT('',(2.545442325904,0.84,0.7770944533));
#3631 = LINE('',#3632,#3633);
#3632 = CARTESIAN_POINT('',(2.6264581915,0.84,0.282635182233));
#3633 = VECTOR('',#3634,1.);
#3634 = DIRECTION('',(-0.161691392282,-1.795135065956E-17,0.986841372087
    ));
#3635 = ORIENTED_EDGE('',*,*,#3636,.T.);
#3636 = EDGE_CURVE('',#3629,#3637,#3639,.T.);
#3637 = VERTEX_POINT('',#3638);
#3638 = CARTESIAN_POINT('',(2.25,0.84,1.025));
#3639 = CIRCLE('',#3640,0.3);
#3640 = AXIS2_PLACEMENT_3D('',#3641,#3642,#3643);
#3641 = CARTESIAN_POINT('',(2.25,0.84,0.725));
#3642 = DIRECTION('',(1.110223024625E-16,-1.,0.));
#3643 = DIRECTION('',(0.984807753012,1.093356242223E-16,0.173648177667)
  );
#3644 = ORIENTED_EDGE('',*,*,#3645,.T.);
#3645 = EDGE_CURVE('',#3637,#1869,#3646,.T.);
#3646 = LINE('',#3647,#3648);
#3647 = CARTESIAN_POINT('',(2.25,0.84,1.025));
#3648 = VECTOR('',#3649,1.);
#3649 = DIRECTION('',(-1.,-1.110223024625E-16,0.));
#3650 = PLANE('',#3651);
#3651 = AXIS2_PLACEMENT_3D('',#3652,#3653,#3654);
#3652 = CARTESIAN_POINT('',(2.42560961319,0.84,0.548953137803));
#3653 = DIRECTION('',(1.110223024625E-16,-1.,0.));
#3654 = DIRECTION('',(0.,0.,1.));
#3655 = ADVANCED_FACE('',(#3656),#3675,.F.);
#3656 = FACE_BOUND('',#3657,.F.);
#3657 = EDGE_LOOP('',(#3658,#3659,#3668,#3674));
#3658 = ORIENTED_EDGE('',*,*,#1907,.T.);
#3659 = ORIENTED_EDGE('',*,*,#3660,.T.);
#3660 = EDGE_CURVE('',#1900,#3661,#3663,.T.);
#3661 = VERTEX_POINT('',#3662);
#3662 = CARTESIAN_POINT('',(2.348480775301,0.43,0.742364817767));
#3663 = CIRCLE('',#3664,0.1);
#3664 = AXIS2_PLACEMENT_3D('',#3665,#3666,#3667);
#3665 = CARTESIAN_POINT('',(2.25,0.43,0.725));
#3666 = DIRECTION('',(-1.110223024625E-16,1.,0.));
#3667 = DIRECTION('',(4.440892098501E-15,4.930380657631E-31,1.));
#3668 = ORIENTED_EDGE('',*,*,#3669,.F.);
#3669 = EDGE_CURVE('',#3570,#3661,#3670,.T.);
#3670 = LINE('',#3671,#3672);
#3671 = CARTESIAN_POINT('',(2.348480775301,0.84,0.742364817767));
#3672 = VECTOR('',#3673,1.);
#3673 = DIRECTION('',(1.110223024625E-16,-1.,0.));
#3674 = ORIENTED_EDGE('',*,*,#3569,.F.);
#3675 = CYLINDRICAL_SURFACE('',#3676,0.1);
#3676 = AXIS2_PLACEMENT_3D('',#3677,#3678,#3679);
#3677 = CARTESIAN_POINT('',(2.25,0.84,0.725));
#3678 = DIRECTION('',(-1.110223024625E-16,1.,0.));
#3679 = DIRECTION('',(4.440892098501E-15,4.930380657631E-31,1.));
#3680 = ADVANCED_FACE('',(#3681),#3759,.T.);
#3681 = FACE_BOUND('',#3682,.T.);
#3682 = EDGE_LOOP('',(#3683,#3684,#3685,#3686,#3694,#3703,#3711,#3719,
    #3727,#3736,#3744,#3753));
#3683 = ORIENTED_EDGE('',*,*,#1921,.F.);
#3684 = ORIENTED_EDGE('',*,*,#1899,.T.);
#3685 = ORIENTED_EDGE('',*,*,#3660,.T.);
#3686 = ORIENTED_EDGE('',*,*,#3687,.T.);
#3687 = EDGE_CURVE('',#3661,#3688,#3690,.T.);
#3688 = VERTEX_POINT('',#3689);
#3689 = CARTESIAN_POINT('',(2.429496640897,0.43,0.2479055467));
#3690 = LINE('',#3691,#3692);
#3691 = CARTESIAN_POINT('',(2.348480775301,0.43,0.742364817767));
#3692 = VECTOR('',#3693,1.);
#3693 = DIRECTION('',(0.161691392282,1.795135065956E-17,-0.986841372087)
  );
#3694 = ORIENTED_EDGE('',*,*,#3695,.T.);
#3695 = EDGE_CURVE('',#3688,#3696,#3698,.T.);
#3696 = VERTEX_POINT('',#3697);
#3697 = CARTESIAN_POINT('',(2.724938966801,0.43,-1.665334536938E-16));
#3698 = CIRCLE('',#3699,0.3);
#3699 = AXIS2_PLACEMENT_3D('',#3700,#3701,#3702);
#3700 = CARTESIAN_POINT('',(2.724938966801,0.43,0.3));
#3701 = DIRECTION('',(1.110223024625E-16,-1.,0.));
#3702 = DIRECTION('',(-0.984807753012,-1.093356242223E-16,
    -0.173648177667));
#3703 = ORIENTED_EDGE('',*,*,#3704,.T.);
#3704 = EDGE_CURVE('',#3696,#3705,#3707,.T.);
#3705 = VERTEX_POINT('',#3706);
#3706 = CARTESIAN_POINT('',(3.,0.43,-1.665334536938E-16));
#3707 = LINE('',#3708,#3709);
#3708 = CARTESIAN_POINT('',(2.724938966801,0.43,-1.665334536938E-16));
#3709 = VECTOR('',#3710,1.);
#3710 = DIRECTION('',(1.,1.110223024625E-16,0.));
#3711 = ORIENTED_EDGE('',*,*,#3712,.T.);
#3712 = EDGE_CURVE('',#3705,#3713,#3715,.T.);
#3713 = VERTEX_POINT('',#3714);
#3714 = CARTESIAN_POINT('',(3.,0.43,0.2));
#3715 = LINE('',#3716,#3717);
#3716 = CARTESIAN_POINT('',(3.,0.43,-1.665334536938E-16));
#3717 = VECTOR('',#3718,1.);
#3718 = DIRECTION('',(0.,0.,1.));
#3719 = ORIENTED_EDGE('',*,*,#3720,.T.);
#3720 = EDGE_CURVE('',#3713,#3721,#3723,.T.);
#3721 = VERTEX_POINT('',#3722);
#3722 = CARTESIAN_POINT('',(2.724938966801,0.43,0.2));
#3723 = LINE('',#3724,#3725);
#3724 = CARTESIAN_POINT('',(3.,0.43,0.2));
#3725 = VECTOR('',#3726,1.);
#3726 = DIRECTION('',(-1.,-1.110223024625E-16,0.));
#3727 = ORIENTED_EDGE('',*,*,#3728,.T.);
#3728 = EDGE_CURVE('',#3721,#3729,#3731,.T.);
#3729 = VERTEX_POINT('',#3730);
#3730 = CARTESIAN_POINT('',(2.6264581915,0.43,0.282635182233));
#3731 = CIRCLE('',#3732,0.1);
#3732 = AXIS2_PLACEMENT_3D('',#3733,#3734,#3735);
#3733 = CARTESIAN_POINT('',(2.724938966801,0.43,0.3));
#3734 = DIRECTION('',(-1.110223024625E-16,1.,0.));
#3735 = DIRECTION('',(0.,0.,-1.));
#3736 = ORIENTED_EDGE('',*,*,#3737,.T.);
#3737 = EDGE_CURVE('',#3729,#3738,#3740,.T.);
#3738 = VERTEX_POINT('',#3739);
#3739 = CARTESIAN_POINT('',(2.545442325904,0.43,0.7770944533));
#3740 = LINE('',#3741,#3742);
#3741 = CARTESIAN_POINT('',(2.6264581915,0.43,0.282635182233));
#3742 = VECTOR('',#3743,1.);
#3743 = DIRECTION('',(-0.161691392282,-1.795135065956E-17,0.986841372087
    ));
#3744 = ORIENTED_EDGE('',*,*,#3745,.T.);
#3745 = EDGE_CURVE('',#3738,#3746,#3748,.T.);
#3746 = VERTEX_POINT('',#3747);
#3747 = CARTESIAN_POINT('',(2.25,0.43,1.025));
#3748 = CIRCLE('',#3749,0.3);
#3749 = AXIS2_PLACEMENT_3D('',#3750,#3751,#3752);
#3750 = CARTESIAN_POINT('',(2.25,0.43,0.725));
#3751 = DIRECTION('',(1.110223024625E-16,-1.,0.));
#3752 = DIRECTION('',(0.984807753012,1.093356242223E-16,0.173648177667)
  );
#3753 = ORIENTED_EDGE('',*,*,#3754,.T.);
#3754 = EDGE_CURVE('',#3746,#1922,#3755,.T.);
#3755 = LINE('',#3756,#3757);
#3756 = CARTESIAN_POINT('',(2.25,0.43,1.025));
#3757 = VECTOR('',#3758,1.);
#3758 = DIRECTION('',(-1.,-1.110223024625E-16,0.));
#3759 = PLANE('',#3760);
#3760 = AXIS2_PLACEMENT_3D('',#3761,#3762,#3763);
#3761 = CARTESIAN_POINT('',(2.42560961319,0.43,0.548953137803));
#3762 = DIRECTION('',(1.110223024625E-16,-1.,0.));
#3763 = DIRECTION('',(0.,0.,1.));
#3764 = ADVANCED_FACE('',(#3765),#3781,.F.);
#3765 = FACE_BOUND('',#3766,.F.);
#3766 = EDGE_LOOP('',(#3767,#3773,#3774,#3780));
#3767 = ORIENTED_EDGE('',*,*,#3768,.F.);
#3768 = EDGE_CURVE('',#1922,#2356,#3769,.T.);
#3769 = LINE('',#3770,#3771);
#3770 = CARTESIAN_POINT('',(2.25,0.43,1.025));
#3771 = VECTOR('',#3772,1.);
#3772 = DIRECTION('',(-1.,-1.110223024625E-16,0.));
#3773 = ORIENTED_EDGE('',*,*,#1938,.T.);
#3774 = ORIENTED_EDGE('',*,*,#3775,.T.);
#3775 = EDGE_CURVE('',#1931,#2364,#3776,.T.);
#3776 = LINE('',#3777,#3778);
#3777 = CARTESIAN_POINT('',(2.25,-0.43,1.025));
#3778 = VECTOR('',#3779,1.);
#3779 = DIRECTION('',(-1.,-1.110223024625E-16,0.));
#3780 = ORIENTED_EDGE('',*,*,#2363,.F.);
#3781 = PLANE('',#3782);
#3782 = AXIS2_PLACEMENT_3D('',#3783,#3784,#3785);
#3783 = CARTESIAN_POINT('',(-3.027078129022E-16,2.4125,1.025));
#3784 = DIRECTION('',(2.007919022429E-31,-7.713306628828E-27,-1.));
#3785 = DIRECTION('',(1.,1.112083013911E-16,2.00791902242E-31));
#3786 = ADVANCED_FACE('',(#3787),#3873,.F.);
#3787 = FACE_BOUND('',#3788,.F.);
#3788 = EDGE_LOOP('',(#3789,#3790,#3791,#3800,#3808,#3817,#3825,#3833,
    #3841,#3850,#3858,#3867));
#3789 = ORIENTED_EDGE('',*,*,#1930,.F.);
#3790 = ORIENTED_EDGE('',*,*,#1952,.T.);
#3791 = ORIENTED_EDGE('',*,*,#3792,.T.);
#3792 = EDGE_CURVE('',#1953,#3793,#3795,.T.);
#3793 = VERTEX_POINT('',#3794);
#3794 = CARTESIAN_POINT('',(2.348480775301,-0.43,0.742364817767));
#3795 = CIRCLE('',#3796,0.1);
#3796 = AXIS2_PLACEMENT_3D('',#3797,#3798,#3799);
#3797 = CARTESIAN_POINT('',(2.25,-0.43,0.725));
#3798 = DIRECTION('',(-1.110223024625E-16,1.,0.));
#3799 = DIRECTION('',(4.440892098501E-15,4.930380657631E-31,1.));
#3800 = ORIENTED_EDGE('',*,*,#3801,.T.);
#3801 = EDGE_CURVE('',#3793,#3802,#3804,.T.);
#3802 = VERTEX_POINT('',#3803);
#3803 = CARTESIAN_POINT('',(2.429496640897,-0.43,0.2479055467));
#3804 = LINE('',#3805,#3806);
#3805 = CARTESIAN_POINT('',(2.348480775301,-0.43,0.742364817767));
#3806 = VECTOR('',#3807,1.);
#3807 = DIRECTION('',(0.161691392282,1.795135065956E-17,-0.986841372087)
  );
#3808 = ORIENTED_EDGE('',*,*,#3809,.T.);
#3809 = EDGE_CURVE('',#3802,#3810,#3812,.T.);
#3810 = VERTEX_POINT('',#3811);
#3811 = CARTESIAN_POINT('',(2.724938966801,-0.43,-1.665334536938E-16));
#3812 = CIRCLE('',#3813,0.3);
#3813 = AXIS2_PLACEMENT_3D('',#3814,#3815,#3816);
#3814 = CARTESIAN_POINT('',(2.724938966801,-0.43,0.3));
#3815 = DIRECTION('',(1.110223024625E-16,-1.,0.));
#3816 = DIRECTION('',(-0.984807753012,-1.093356242223E-16,
    -0.173648177667));
#3817 = ORIENTED_EDGE('',*,*,#3818,.T.);
#3818 = EDGE_CURVE('',#3810,#3819,#3821,.T.);
#3819 = VERTEX_POINT('',#3820);
#3820 = CARTESIAN_POINT('',(3.,-0.43,-1.665334536938E-16));
#3821 = LINE('',#3822,#3823);
#3822 = CARTESIAN_POINT('',(2.724938966801,-0.43,-1.665334536938E-16));
#3823 = VECTOR('',#3824,1.);
#3824 = DIRECTION('',(1.,1.110223024625E-16,0.));
#3825 = ORIENTED_EDGE('',*,*,#3826,.T.);
#3826 = EDGE_CURVE('',#3819,#3827,#3829,.T.);
#3827 = VERTEX_POINT('',#3828);
#3828 = CARTESIAN_POINT('',(3.,-0.43,0.2));
#3829 = LINE('',#3830,#3831);
#3830 = CARTESIAN_POINT('',(3.,-0.43,-1.665334536938E-16));
#3831 = VECTOR('',#3832,1.);
#3832 = DIRECTION('',(0.,0.,1.));
#3833 = ORIENTED_EDGE('',*,*,#3834,.T.);
#3834 = EDGE_CURVE('',#3827,#3835,#3837,.T.);
#3835 = VERTEX_POINT('',#3836);
#3836 = CARTESIAN_POINT('',(2.724938966801,-0.43,0.2));
#3837 = LINE('',#3838,#3839);
#3838 = CARTESIAN_POINT('',(3.,-0.43,0.2));
#3839 = VECTOR('',#3840,1.);
#3840 = DIRECTION('',(-1.,-1.110223024625E-16,0.));
#3841 = ORIENTED_EDGE('',*,*,#3842,.T.);
#3842 = EDGE_CURVE('',#3835,#3843,#3845,.T.);
#3843 = VERTEX_POINT('',#3844);
#3844 = CARTESIAN_POINT('',(2.6264581915,-0.43,0.282635182233));
#3845 = CIRCLE('',#3846,0.1);
#3846 = AXIS2_PLACEMENT_3D('',#3847,#3848,#3849);
#3847 = CARTESIAN_POINT('',(2.724938966801,-0.43,0.3));
#3848 = DIRECTION('',(-1.110223024625E-16,1.,0.));
#3849 = DIRECTION('',(0.,0.,-1.));
#3850 = ORIENTED_EDGE('',*,*,#3851,.T.);
#3851 = EDGE_CURVE('',#3843,#3852,#3854,.T.);
#3852 = VERTEX_POINT('',#3853);
#3853 = CARTESIAN_POINT('',(2.545442325904,-0.43,0.7770944533));
#3854 = LINE('',#3855,#3856);
#3855 = CARTESIAN_POINT('',(2.6264581915,-0.43,0.282635182233));
#3856 = VECTOR('',#3857,1.);
#3857 = DIRECTION('',(-0.161691392282,-1.795135065956E-17,0.986841372087
    ));
#3858 = ORIENTED_EDGE('',*,*,#3859,.T.);
#3859 = EDGE_CURVE('',#3852,#3860,#3862,.T.);
#3860 = VERTEX_POINT('',#3861);
#3861 = CARTESIAN_POINT('',(2.25,-0.43,1.025));
#3862 = CIRCLE('',#3863,0.3);
#3863 = AXIS2_PLACEMENT_3D('',#3864,#3865,#3866);
#3864 = CARTESIAN_POINT('',(2.25,-0.43,0.725));
#3865 = DIRECTION('',(1.110223024625E-16,-1.,0.));
#3866 = DIRECTION('',(0.984807753012,1.093356242223E-16,0.173648177667)
  );
#3867 = ORIENTED_EDGE('',*,*,#3868,.T.);
#3868 = EDGE_CURVE('',#3860,#1931,#3869,.T.);
#3869 = LINE('',#3870,#3871);
#3870 = CARTESIAN_POINT('',(2.25,-0.43,1.025));
#3871 = VECTOR('',#3872,1.);
#3872 = DIRECTION('',(-1.,-1.110223024625E-16,0.));
#3873 = PLANE('',#3874);
#3874 = AXIS2_PLACEMENT_3D('',#3875,#3876,#3877);
#3875 = CARTESIAN_POINT('',(2.42560961319,-0.43,0.548953137803));
#3876 = DIRECTION('',(1.110223024625E-16,-1.,0.));
#3877 = DIRECTION('',(0.,0.,1.));
#3878 = ADVANCED_FACE('',(#3879),#3898,.F.);
#3879 = FACE_BOUND('',#3880,.F.);
#3880 = EDGE_LOOP('',(#3881,#3882,#3891,#3897));
#3881 = ORIENTED_EDGE('',*,*,#1969,.T.);
#3882 = ORIENTED_EDGE('',*,*,#3883,.T.);
#3883 = EDGE_CURVE('',#1962,#3884,#3886,.T.);
#3884 = VERTEX_POINT('',#3885);
#3885 = CARTESIAN_POINT('',(2.348480775301,-0.84,0.742364817767));
#3886 = CIRCLE('',#3887,0.1);
#3887 = AXIS2_PLACEMENT_3D('',#3888,#3889,#3890);
#3888 = CARTESIAN_POINT('',(2.25,-0.84,0.725));
#3889 = DIRECTION('',(-1.110223024625E-16,1.,0.));
#3890 = DIRECTION('',(4.440892098501E-15,4.930380657631E-31,1.));
#3891 = ORIENTED_EDGE('',*,*,#3892,.F.);
#3892 = EDGE_CURVE('',#3793,#3884,#3893,.T.);
#3893 = LINE('',#3894,#3895);
#3894 = CARTESIAN_POINT('',(2.348480775301,-0.43,0.742364817767));
#3895 = VECTOR('',#3896,1.);
#3896 = DIRECTION('',(1.110223024625E-16,-1.,0.));
#3897 = ORIENTED_EDGE('',*,*,#3792,.F.);
#3898 = CYLINDRICAL_SURFACE('',#3899,0.1);
#3899 = AXIS2_PLACEMENT_3D('',#3900,#3901,#3902);
#3900 = CARTESIAN_POINT('',(2.25,-0.43,0.725));
#3901 = DIRECTION('',(-1.110223024625E-16,1.,0.));
#3902 = DIRECTION('',(4.440892098501E-15,4.930380657631E-31,1.));
#3903 = ADVANCED_FACE('',(#3904),#3982,.T.);
#3904 = FACE_BOUND('',#3905,.T.);
#3905 = EDGE_LOOP('',(#3906,#3907,#3908,#3909,#3917,#3926,#3934,#3942,
    #3950,#3959,#3967,#3976));
#3906 = ORIENTED_EDGE('',*,*,#1983,.F.);
#3907 = ORIENTED_EDGE('',*,*,#1961,.T.);
#3908 = ORIENTED_EDGE('',*,*,#3883,.T.);
#3909 = ORIENTED_EDGE('',*,*,#3910,.T.);
#3910 = EDGE_CURVE('',#3884,#3911,#3913,.T.);
#3911 = VERTEX_POINT('',#3912);
#3912 = CARTESIAN_POINT('',(2.429496640897,-0.84,0.2479055467));
#3913 = LINE('',#3914,#3915);
#3914 = CARTESIAN_POINT('',(2.348480775301,-0.84,0.742364817767));
#3915 = VECTOR('',#3916,1.);
#3916 = DIRECTION('',(0.161691392282,1.795135065956E-17,-0.986841372087)
  );
#3917 = ORIENTED_EDGE('',*,*,#3918,.T.);
#3918 = EDGE_CURVE('',#3911,#3919,#3921,.T.);
#3919 = VERTEX_POINT('',#3920);
#3920 = CARTESIAN_POINT('',(2.724938966801,-0.84,-1.665334536938E-16));
#3921 = CIRCLE('',#3922,0.3);
#3922 = AXIS2_PLACEMENT_3D('',#3923,#3924,#3925);
#3923 = CARTESIAN_POINT('',(2.724938966801,-0.84,0.3));
#3924 = DIRECTION('',(1.110223024625E-16,-1.,0.));
#3925 = DIRECTION('',(-0.984807753012,-1.093356242223E-16,
    -0.173648177667));
#3926 = ORIENTED_EDGE('',*,*,#3927,.T.);
#3927 = EDGE_CURVE('',#3919,#3928,#3930,.T.);
#3928 = VERTEX_POINT('',#3929);
#3929 = CARTESIAN_POINT('',(3.,-0.84,-1.665334536938E-16));
#3930 = LINE('',#3931,#3932);
#3931 = CARTESIAN_POINT('',(2.724938966801,-0.84,-1.665334536938E-16));
#3932 = VECTOR('',#3933,1.);
#3933 = DIRECTION('',(1.,1.110223024625E-16,0.));
#3934 = ORIENTED_EDGE('',*,*,#3935,.T.);
#3935 = EDGE_CURVE('',#3928,#3936,#3938,.T.);
#3936 = VERTEX_POINT('',#3937);
#3937 = CARTESIAN_POINT('',(3.,-0.84,0.2));
#3938 = LINE('',#3939,#3940);
#3939 = CARTESIAN_POINT('',(3.,-0.84,-1.665334536938E-16));
#3940 = VECTOR('',#3941,1.);
#3941 = DIRECTION('',(0.,0.,1.));
#3942 = ORIENTED_EDGE('',*,*,#3943,.T.);
#3943 = EDGE_CURVE('',#3936,#3944,#3946,.T.);
#3944 = VERTEX_POINT('',#3945);
#3945 = CARTESIAN_POINT('',(2.724938966801,-0.84,0.2));
#3946 = LINE('',#3947,#3948);
#3947 = CARTESIAN_POINT('',(3.,-0.84,0.2));
#3948 = VECTOR('',#3949,1.);
#3949 = DIRECTION('',(-1.,-1.110223024625E-16,0.));
#3950 = ORIENTED_EDGE('',*,*,#3951,.T.);
#3951 = EDGE_CURVE('',#3944,#3952,#3954,.T.);
#3952 = VERTEX_POINT('',#3953);
#3953 = CARTESIAN_POINT('',(2.6264581915,-0.84,0.282635182233));
#3954 = CIRCLE('',#3955,0.1);
#3955 = AXIS2_PLACEMENT_3D('',#3956,#3957,#3958);
#3956 = CARTESIAN_POINT('',(2.724938966801,-0.84,0.3));
#3957 = DIRECTION('',(-1.110223024625E-16,1.,0.));
#3958 = DIRECTION('',(0.,0.,-1.));
#3959 = ORIENTED_EDGE('',*,*,#3960,.T.);
#3960 = EDGE_CURVE('',#3952,#3961,#3963,.T.);
#3961 = VERTEX_POINT('',#3962);
#3962 = CARTESIAN_POINT('',(2.545442325904,-0.84,0.7770944533));
#3963 = LINE('',#3964,#3965);
#3964 = CARTESIAN_POINT('',(2.6264581915,-0.84,0.282635182233));
#3965 = VECTOR('',#3966,1.);
#3966 = DIRECTION('',(-0.161691392282,-1.795135065956E-17,0.986841372087
    ));
#3967 = ORIENTED_EDGE('',*,*,#3968,.T.);
#3968 = EDGE_CURVE('',#3961,#3969,#3971,.T.);
#3969 = VERTEX_POINT('',#3970);
#3970 = CARTESIAN_POINT('',(2.25,-0.84,1.025));
#3971 = CIRCLE('',#3972,0.3);
#3972 = AXIS2_PLACEMENT_3D('',#3973,#3974,#3975);
#3973 = CARTESIAN_POINT('',(2.25,-0.84,0.725));
#3974 = DIRECTION('',(1.110223024625E-16,-1.,0.));
#3975 = DIRECTION('',(0.984807753012,1.093356242223E-16,0.173648177667)
  );
#3976 = ORIENTED_EDGE('',*,*,#3977,.T.);
#3977 = EDGE_CURVE('',#3969,#1984,#3978,.T.);
#3978 = LINE('',#3979,#3980);
#3979 = CARTESIAN_POINT('',(2.25,-0.84,1.025));
#3980 = VECTOR('',#3981,1.);
#3981 = DIRECTION('',(-1.,-1.110223024625E-16,0.));
#3982 = PLANE('',#3983);
#3983 = AXIS2_PLACEMENT_3D('',#3984,#3985,#3986);
#3984 = CARTESIAN_POINT('',(2.42560961319,-0.84,0.548953137803));
#3985 = DIRECTION('',(1.110223024625E-16,-1.,0.));
#3986 = DIRECTION('',(0.,0.,1.));
#3987 = ADVANCED_FACE('',(#3988),#4004,.F.);
#3988 = FACE_BOUND('',#3989,.F.);
#3989 = EDGE_LOOP('',(#3990,#3996,#3997,#4003));
#3990 = ORIENTED_EDGE('',*,*,#3991,.F.);
#3991 = EDGE_CURVE('',#1984,#2372,#3992,.T.);
#3992 = LINE('',#3993,#3994);
#3993 = CARTESIAN_POINT('',(2.25,-0.84,1.025));
#3994 = VECTOR('',#3995,1.);
#3995 = DIRECTION('',(-1.,-1.110223024625E-16,0.));
#3996 = ORIENTED_EDGE('',*,*,#2000,.T.);
#3997 = ORIENTED_EDGE('',*,*,#3998,.T.);
#3998 = EDGE_CURVE('',#1993,#2380,#3999,.T.);
#3999 = LINE('',#4000,#4001);
#4000 = CARTESIAN_POINT('',(2.25,-1.7,1.025));
#4001 = VECTOR('',#4002,1.);
#4002 = DIRECTION('',(-1.,-1.110223024625E-16,0.));
#4003 = ORIENTED_EDGE('',*,*,#2379,.F.);
#4004 = PLANE('',#4005);
#4005 = AXIS2_PLACEMENT_3D('',#4006,#4007,#4008);
#4006 = CARTESIAN_POINT('',(-3.027078129022E-16,2.4125,1.025));
#4007 = DIRECTION('',(2.007919022429E-31,-7.713306628828E-27,-1.));
#4008 = DIRECTION('',(1.,1.112083013911E-16,2.00791902242E-31));
#4009 = ADVANCED_FACE('',(#4010),#4096,.F.);
#4010 = FACE_BOUND('',#4011,.F.);
#4011 = EDGE_LOOP('',(#4012,#4013,#4014,#4023,#4031,#4040,#4048,#4056,
    #4064,#4073,#4081,#4090));
#4012 = ORIENTED_EDGE('',*,*,#1992,.F.);
#4013 = ORIENTED_EDGE('',*,*,#2014,.T.);
#4014 = ORIENTED_EDGE('',*,*,#4015,.T.);
#4015 = EDGE_CURVE('',#2015,#4016,#4018,.T.);
#4016 = VERTEX_POINT('',#4017);
#4017 = CARTESIAN_POINT('',(2.348480775301,-1.7,0.742364817767));
#4018 = CIRCLE('',#4019,0.1);
#4019 = AXIS2_PLACEMENT_3D('',#4020,#4021,#4022);
#4020 = CARTESIAN_POINT('',(2.25,-1.7,0.725));
#4021 = DIRECTION('',(-1.110223024625E-16,1.,0.));
#4022 = DIRECTION('',(4.440892098501E-15,4.930380657631E-31,1.));
#4023 = ORIENTED_EDGE('',*,*,#4024,.T.);
#4024 = EDGE_CURVE('',#4016,#4025,#4027,.T.);
#4025 = VERTEX_POINT('',#4026);
#4026 = CARTESIAN_POINT('',(2.429496640897,-1.7,0.2479055467));
#4027 = LINE('',#4028,#4029);
#4028 = CARTESIAN_POINT('',(2.348480775301,-1.7,0.742364817767));
#4029 = VECTOR('',#4030,1.);
#4030 = DIRECTION('',(0.161691392282,1.795135065956E-17,-0.986841372087)
  );
#4031 = ORIENTED_EDGE('',*,*,#4032,.T.);
#4032 = EDGE_CURVE('',#4025,#4033,#4035,.T.);
#4033 = VERTEX_POINT('',#4034);
#4034 = CARTESIAN_POINT('',(2.724938966801,-1.7,-1.665334536938E-16));
#4035 = CIRCLE('',#4036,0.3);
#4036 = AXIS2_PLACEMENT_3D('',#4037,#4038,#4039);
#4037 = CARTESIAN_POINT('',(2.724938966801,-1.7,0.3));
#4038 = DIRECTION('',(1.110223024625E-16,-1.,0.));
#4039 = DIRECTION('',(-0.984807753012,-1.093356242223E-16,
    -0.173648177667));
#4040 = ORIENTED_EDGE('',*,*,#4041,.T.);
#4041 = EDGE_CURVE('',#4033,#4042,#4044,.T.);
#4042 = VERTEX_POINT('',#4043);
#4043 = CARTESIAN_POINT('',(3.,-1.7,-1.665334536938E-16));
#4044 = LINE('',#4045,#4046);
#4045 = CARTESIAN_POINT('',(2.724938966801,-1.7,-1.665334536938E-16));
#4046 = VECTOR('',#4047,1.);
#4047 = DIRECTION('',(1.,1.110223024625E-16,0.));
#4048 = ORIENTED_EDGE('',*,*,#4049,.T.);
#4049 = EDGE_CURVE('',#4042,#4050,#4052,.T.);
#4050 = VERTEX_POINT('',#4051);
#4051 = CARTESIAN_POINT('',(3.,-1.7,0.2));
#4052 = LINE('',#4053,#4054);
#4053 = CARTESIAN_POINT('',(3.,-1.7,-1.665334536938E-16));
#4054 = VECTOR('',#4055,1.);
#4055 = DIRECTION('',(0.,0.,1.));
#4056 = ORIENTED_EDGE('',*,*,#4057,.T.);
#4057 = EDGE_CURVE('',#4050,#4058,#4060,.T.);
#4058 = VERTEX_POINT('',#4059);
#4059 = CARTESIAN_POINT('',(2.724938966801,-1.7,0.2));
#4060 = LINE('',#4061,#4062);
#4061 = CARTESIAN_POINT('',(3.,-1.7,0.2));
#4062 = VECTOR('',#4063,1.);
#4063 = DIRECTION('',(-1.,-1.110223024625E-16,0.));
#4064 = ORIENTED_EDGE('',*,*,#4065,.T.);
#4065 = EDGE_CURVE('',#4058,#4066,#4068,.T.);
#4066 = VERTEX_POINT('',#4067);
#4067 = CARTESIAN_POINT('',(2.6264581915,-1.7,0.282635182233));
#4068 = CIRCLE('',#4069,0.1);
#4069 = AXIS2_PLACEMENT_3D('',#4070,#4071,#4072);
#4070 = CARTESIAN_POINT('',(2.724938966801,-1.7,0.3));
#4071 = DIRECTION('',(-1.110223024625E-16,1.,0.));
#4072 = DIRECTION('',(0.,0.,-1.));
#4073 = ORIENTED_EDGE('',*,*,#4074,.T.);
#4074 = EDGE_CURVE('',#4066,#4075,#4077,.T.);
#4075 = VERTEX_POINT('',#4076);
#4076 = CARTESIAN_POINT('',(2.545442325904,-1.7,0.7770944533));
#4077 = LINE('',#4078,#4079);
#4078 = CARTESIAN_POINT('',(2.6264581915,-1.7,0.282635182233));
#4079 = VECTOR('',#4080,1.);
#4080 = DIRECTION('',(-0.161691392282,-1.795135065956E-17,0.986841372087
    ));
#4081 = ORIENTED_EDGE('',*,*,#4082,.T.);
#4082 = EDGE_CURVE('',#4075,#4083,#4085,.T.);
#4083 = VERTEX_POINT('',#4084);
#4084 = CARTESIAN_POINT('',(2.25,-1.7,1.025));
#4085 = CIRCLE('',#4086,0.3);
#4086 = AXIS2_PLACEMENT_3D('',#4087,#4088,#4089);
#4087 = CARTESIAN_POINT('',(2.25,-1.7,0.725));
#4088 = DIRECTION('',(1.110223024625E-16,-1.,0.));
#4089 = DIRECTION('',(0.984807753012,1.093356242223E-16,0.173648177667)
  );
#4090 = ORIENTED_EDGE('',*,*,#4091,.T.);
#4091 = EDGE_CURVE('',#4083,#1993,#4092,.T.);
#4092 = LINE('',#4093,#4094);
#4093 = CARTESIAN_POINT('',(2.25,-1.7,1.025));
#4094 = VECTOR('',#4095,1.);
#4095 = DIRECTION('',(-1.,-1.110223024625E-16,0.));
#4096 = PLANE('',#4097);
#4097 = AXIS2_PLACEMENT_3D('',#4098,#4099,#4100);
#4098 = CARTESIAN_POINT('',(2.42560961319,-1.7,0.548953137803));
#4099 = DIRECTION('',(1.110223024625E-16,-1.,0.));
#4100 = DIRECTION('',(0.,0.,1.));
#4101 = ADVANCED_FACE('',(#4102),#4121,.F.);
#4102 = FACE_BOUND('',#4103,.F.);
#4103 = EDGE_LOOP('',(#4104,#4105,#4114,#4120));
#4104 = ORIENTED_EDGE('',*,*,#2031,.T.);
#4105 = ORIENTED_EDGE('',*,*,#4106,.T.);
#4106 = EDGE_CURVE('',#2024,#4107,#4109,.T.);
#4107 = VERTEX_POINT('',#4108);
#4108 = CARTESIAN_POINT('',(2.348480775301,-2.11,0.742364817767));
#4109 = CIRCLE('',#4110,0.1);
#4110 = AXIS2_PLACEMENT_3D('',#4111,#4112,#4113);
#4111 = CARTESIAN_POINT('',(2.25,-2.11,0.725));
#4112 = DIRECTION('',(-1.110223024625E-16,1.,0.));
#4113 = DIRECTION('',(4.440892098501E-15,4.930380657631E-31,1.));
#4114 = ORIENTED_EDGE('',*,*,#4115,.F.);
#4115 = EDGE_CURVE('',#4016,#4107,#4116,.T.);
#4116 = LINE('',#4117,#4118);
#4117 = CARTESIAN_POINT('',(2.348480775301,-1.7,0.742364817767));
#4118 = VECTOR('',#4119,1.);
#4119 = DIRECTION('',(1.110223024625E-16,-1.,0.));
#4120 = ORIENTED_EDGE('',*,*,#4015,.F.);
#4121 = CYLINDRICAL_SURFACE('',#4122,0.1);
#4122 = AXIS2_PLACEMENT_3D('',#4123,#4124,#4125);
#4123 = CARTESIAN_POINT('',(2.25,-1.7,0.725));
#4124 = DIRECTION('',(-1.110223024625E-16,1.,0.));
#4125 = DIRECTION('',(4.440892098501E-15,4.930380657631E-31,1.));
#4126 = ADVANCED_FACE('',(#4127),#4205,.T.);
#4127 = FACE_BOUND('',#4128,.T.);
#4128 = EDGE_LOOP('',(#4129,#4130,#4131,#4132,#4140,#4149,#4157,#4165,
    #4173,#4182,#4190,#4199));
#4129 = ORIENTED_EDGE('',*,*,#2045,.F.);
#4130 = ORIENTED_EDGE('',*,*,#2023,.T.);
#4131 = ORIENTED_EDGE('',*,*,#4106,.T.);
#4132 = ORIENTED_EDGE('',*,*,#4133,.T.);
#4133 = EDGE_CURVE('',#4107,#4134,#4136,.T.);
#4134 = VERTEX_POINT('',#4135);
#4135 = CARTESIAN_POINT('',(2.429496640897,-2.11,0.2479055467));
#4136 = LINE('',#4137,#4138);
#4137 = CARTESIAN_POINT('',(2.348480775301,-2.11,0.742364817767));
#4138 = VECTOR('',#4139,1.);
#4139 = DIRECTION('',(0.161691392282,1.795135065956E-17,-0.986841372087)
  );
#4140 = ORIENTED_EDGE('',*,*,#4141,.T.);
#4141 = EDGE_CURVE('',#4134,#4142,#4144,.T.);
#4142 = VERTEX_POINT('',#4143);
#4143 = CARTESIAN_POINT('',(2.724938966801,-2.11,-1.665334536938E-16));
#4144 = CIRCLE('',#4145,0.3);
#4145 = AXIS2_PLACEMENT_3D('',#4146,#4147,#4148);
#4146 = CARTESIAN_POINT('',(2.724938966801,-2.11,0.3));
#4147 = DIRECTION('',(1.110223024625E-16,-1.,0.));
#4148 = DIRECTION('',(-0.984807753012,-1.093356242223E-16,
    -0.173648177667));
#4149 = ORIENTED_EDGE('',*,*,#4150,.T.);
#4150 = EDGE_CURVE('',#4142,#4151,#4153,.T.);
#4151 = VERTEX_POINT('',#4152);
#4152 = CARTESIAN_POINT('',(3.,-2.11,-1.665334536938E-16));
#4153 = LINE('',#4154,#4155);
#4154 = CARTESIAN_POINT('',(2.724938966801,-2.11,-1.665334536938E-16));
#4155 = VECTOR('',#4156,1.);
#4156 = DIRECTION('',(1.,1.110223024625E-16,0.));
#4157 = ORIENTED_EDGE('',*,*,#4158,.T.);
#4158 = EDGE_CURVE('',#4151,#4159,#4161,.T.);
#4159 = VERTEX_POINT('',#4160);
#4160 = CARTESIAN_POINT('',(3.,-2.11,0.2));
#4161 = LINE('',#4162,#4163);
#4162 = CARTESIAN_POINT('',(3.,-2.11,-1.665334536938E-16));
#4163 = VECTOR('',#4164,1.);
#4164 = DIRECTION('',(0.,0.,1.));
#4165 = ORIENTED_EDGE('',*,*,#4166,.T.);
#4166 = EDGE_CURVE('',#4159,#4167,#4169,.T.);
#4167 = VERTEX_POINT('',#4168);
#4168 = CARTESIAN_POINT('',(2.724938966801,-2.11,0.2));
#4169 = LINE('',#4170,#4171);
#4170 = CARTESIAN_POINT('',(3.,-2.11,0.2));
#4171 = VECTOR('',#4172,1.);
#4172 = DIRECTION('',(-1.,-1.110223024625E-16,0.));
#4173 = ORIENTED_EDGE('',*,*,#4174,.T.);
#4174 = EDGE_CURVE('',#4167,#4175,#4177,.T.);
#4175 = VERTEX_POINT('',#4176);
#4176 = CARTESIAN_POINT('',(2.6264581915,-2.11,0.282635182233));
#4177 = CIRCLE('',#4178,0.1);
#4178 = AXIS2_PLACEMENT_3D('',#4179,#4180,#4181);
#4179 = CARTESIAN_POINT('',(2.724938966801,-2.11,0.3));
#4180 = DIRECTION('',(-1.110223024625E-16,1.,0.));
#4181 = DIRECTION('',(0.,0.,-1.));
#4182 = ORIENTED_EDGE('',*,*,#4183,.T.);
#4183 = EDGE_CURVE('',#4175,#4184,#4186,.T.);
#4184 = VERTEX_POINT('',#4185);
#4185 = CARTESIAN_POINT('',(2.545442325904,-2.11,0.7770944533));
#4186 = LINE('',#4187,#4188);
#4187 = CARTESIAN_POINT('',(2.6264581915,-2.11,0.282635182233));
#4188 = VECTOR('',#4189,1.);
#4189 = DIRECTION('',(-0.161691392282,-1.795135065956E-17,0.986841372087
    ));
#4190 = ORIENTED_EDGE('',*,*,#4191,.T.);
#4191 = EDGE_CURVE('',#4184,#4192,#4194,.T.);
#4192 = VERTEX_POINT('',#4193);
#4193 = CARTESIAN_POINT('',(2.25,-2.11,1.025));
#4194 = CIRCLE('',#4195,0.3);
#4195 = AXIS2_PLACEMENT_3D('',#4196,#4197,#4198);
#4196 = CARTESIAN_POINT('',(2.25,-2.11,0.725));
#4197 = DIRECTION('',(1.110223024625E-16,-1.,0.));
#4198 = DIRECTION('',(0.984807753012,1.093356242223E-16,0.173648177667)
  );
#4199 = ORIENTED_EDGE('',*,*,#4200,.T.);
#4200 = EDGE_CURVE('',#4192,#2046,#4201,.T.);
#4201 = LINE('',#4202,#4203);
#4202 = CARTESIAN_POINT('',(2.25,-2.11,1.025));
#4203 = VECTOR('',#4204,1.);
#4204 = DIRECTION('',(-1.,-1.110223024625E-16,0.));
#4205 = PLANE('',#4206);
#4206 = AXIS2_PLACEMENT_3D('',#4207,#4208,#4209);
#4207 = CARTESIAN_POINT('',(2.42560961319,-2.11,0.548953137803));
#4208 = DIRECTION('',(1.110223024625E-16,-1.,0.));
#4209 = DIRECTION('',(0.,0.,1.));
#4210 = ADVANCED_FACE('',(#4211),#4222,.T.);
#4211 = FACE_BOUND('',#4212,.T.);
#4212 = EDGE_LOOP('',(#4213,#4214,#4215,#4216));
#4213 = ORIENTED_EDGE('',*,*,#3245,.T.);
#4214 = ORIENTED_EDGE('',*,*,#2146,.T.);
#4215 = ORIENTED_EDGE('',*,*,#3347,.F.);
#4216 = ORIENTED_EDGE('',*,*,#4217,.F.);
#4217 = EDGE_CURVE('',#3238,#3340,#4218,.T.);
#4218 = LINE('',#4219,#4220);
#4219 = CARTESIAN_POINT('',(-2.545442325904,1.7,0.7770944533));
#4220 = VECTOR('',#4221,1.);
#4221 = DIRECTION('',(1.144237745222E-17,1.,0.));
#4222 = CYLINDRICAL_SURFACE('',#4223,0.3);
#4223 = AXIS2_PLACEMENT_3D('',#4224,#4225,#4226);
#4224 = CARTESIAN_POINT('',(-2.25,1.7,0.725));
#4225 = DIRECTION('',(-1.144237745222E-17,-1.,0.));
#4226 = DIRECTION('',(-0.984807753012,1.126854202784E-17,0.173648177667)
  );
#4227 = ADVANCED_FACE('',(#4228),#4241,.F.);
#4228 = FACE_BOUND('',#4229,.F.);
#4229 = EDGE_LOOP('',(#4230,#4231,#4237,#4238,#4239,#4240));
#4230 = ORIENTED_EDGE('',*,*,#2590,.F.);
#4231 = ORIENTED_EDGE('',*,*,#4232,.T.);
#4232 = EDGE_CURVE('',#2582,#2691,#4233,.T.);
#4233 = LINE('',#4234,#4235);
#4234 = CARTESIAN_POINT('',(-2.25,-2.11,1.025));
#4235 = VECTOR('',#4236,1.);
#4236 = DIRECTION('',(1.144237745222E-17,1.,0.));
#4237 = ORIENTED_EDGE('',*,*,#2699,.T.);
#4238 = ORIENTED_EDGE('',*,*,#2721,.T.);
#4239 = ORIENTED_EDGE('',*,*,#2193,.F.);
#4240 = ORIENTED_EDGE('',*,*,#2464,.F.);
#4241 = PLANE('',#4242);
#4242 = AXIS2_PLACEMENT_3D('',#4243,#4244,#4245);
#4243 = CARTESIAN_POINT('',(-2.25,-2.11,1.025));
#4244 = DIRECTION('',(0.,0.,-1.));
#4245 = DIRECTION('',(1.,-1.144237745222E-17,0.));
#4246 = ADVANCED_FACE('',(#4247),#4260,.F.);
#4247 = FACE_BOUND('',#4248,.F.);
#4248 = EDGE_LOOP('',(#4249,#4250,#4256,#4257,#4258,#4259));
#4249 = ORIENTED_EDGE('',*,*,#2813,.F.);
#4250 = ORIENTED_EDGE('',*,*,#4251,.T.);
#4251 = EDGE_CURVE('',#2805,#2914,#4252,.T.);
#4252 = LINE('',#4253,#4254);
#4253 = CARTESIAN_POINT('',(-2.25,-0.84,1.025));
#4254 = VECTOR('',#4255,1.);
#4255 = DIRECTION('',(1.144237745222E-17,1.,0.));
#4256 = ORIENTED_EDGE('',*,*,#2922,.T.);
#4257 = ORIENTED_EDGE('',*,*,#2944,.T.);
#4258 = ORIENTED_EDGE('',*,*,#2209,.F.);
#4259 = ORIENTED_EDGE('',*,*,#2714,.F.);
#4260 = PLANE('',#4261);
#4261 = AXIS2_PLACEMENT_3D('',#4262,#4263,#4264);
#4262 = CARTESIAN_POINT('',(-2.25,-0.84,1.025));
#4263 = DIRECTION('',(0.,0.,-1.));
#4264 = DIRECTION('',(1.,-1.144237745222E-17,0.));
#4265 = ADVANCED_FACE('',(#4266),#4279,.F.);
#4266 = FACE_BOUND('',#4267,.F.);
#4267 = EDGE_LOOP('',(#4268,#4269,#4275,#4276,#4277,#4278));
#4268 = ORIENTED_EDGE('',*,*,#3036,.F.);
#4269 = ORIENTED_EDGE('',*,*,#4270,.T.);
#4270 = EDGE_CURVE('',#3028,#3137,#4271,.T.);
#4271 = LINE('',#4272,#4273);
#4272 = CARTESIAN_POINT('',(-2.25,0.43,1.025));
#4273 = VECTOR('',#4274,1.);
#4274 = DIRECTION('',(1.144237745222E-17,1.,0.));
#4275 = ORIENTED_EDGE('',*,*,#3145,.T.);
#4276 = ORIENTED_EDGE('',*,*,#3162,.T.);
#4277 = ORIENTED_EDGE('',*,*,#2225,.F.);
#4278 = ORIENTED_EDGE('',*,*,#2937,.F.);
#4279 = PLANE('',#4280);
#4280 = AXIS2_PLACEMENT_3D('',#4281,#4282,#4283);
#4281 = CARTESIAN_POINT('',(-2.25,0.43,1.025));
#4282 = DIRECTION('',(0.,0.,-1.));
#4283 = DIRECTION('',(1.,-1.144237745222E-17,0.));
#4284 = ADVANCED_FACE('',(#4285,#4314),#4325,.F.);
#4285 = FACE_BOUND('',#4286,.F.);
#4286 = EDGE_LOOP('',(#4287,#4288,#4289,#4290,#4298,#4306,#4312,#4313));
#4287 = ORIENTED_EDGE('',*,*,#2300,.T.);
#4288 = ORIENTED_EDGE('',*,*,#2323,.T.);
#4289 = ORIENTED_EDGE('',*,*,#2410,.T.);
#4290 = ORIENTED_EDGE('',*,*,#4291,.T.);
#4291 = EDGE_CURVE('',#2404,#4292,#4294,.T.);
#4292 = VERTEX_POINT('',#4293);
#4293 = CARTESIAN_POINT('',(1.680085640382,-2.260171280765,1.75));
#4294 = LINE('',#4295,#4296);
#4295 = CARTESIAN_POINT('',(1.760171280765,-2.180085640382,1.75));
#4296 = VECTOR('',#4297,1.);
#4297 = DIRECTION('',(-0.707106781187,-0.707106781187,0.));
#4298 = ORIENTED_EDGE('',*,*,#4299,.T.);
#4299 = EDGE_CURVE('',#4292,#4300,#4302,.T.);
#4300 = VERTEX_POINT('',#4301);
#4301 = CARTESIAN_POINT('',(-1.680085640382,-2.260171280765,1.75));
#4302 = LINE('',#4303,#4304);
#4303 = CARTESIAN_POINT('',(1.680085640382,-2.260171280765,1.75));
#4304 = VECTOR('',#4305,1.);
#4305 = DIRECTION('',(-1.,-1.110223024625E-16,0.));
#4306 = ORIENTED_EDGE('',*,*,#4307,.T.);
#4307 = EDGE_CURVE('',#4300,#2249,#4308,.T.);
#4308 = LINE('',#4309,#4310);
#4309 = CARTESIAN_POINT('',(-1.680085640382,-2.260171280765,1.75));
#4310 = VECTOR('',#4311,1.);
#4311 = DIRECTION('',(-0.707106781187,0.707106781187,0.));
#4312 = ORIENTED_EDGE('',*,*,#2248,.T.);
#4313 = ORIENTED_EDGE('',*,*,#2277,.T.);
#4314 = FACE_BOUND('',#4315,.F.);
#4315 = EDGE_LOOP('',(#4316));
#4316 = ORIENTED_EDGE('',*,*,#4317,.F.);
#4317 = EDGE_CURVE('',#4318,#4318,#4320,.T.);
#4318 = VERTEX_POINT('',#4319);
#4319 = CARTESIAN_POINT('',(-1.110171280765,1.310171280765,1.75));
#4320 = CIRCLE('',#4321,0.3);
#4321 = AXIS2_PLACEMENT_3D('',#4322,#4323,#4324);
#4322 = CARTESIAN_POINT('',(-1.110171280765,1.610171280765,1.75));
#4323 = DIRECTION('',(0.,-0.,-1.));
#4324 = DIRECTION('',(1.110223024625E-16,-1.,0.));
#4325 = PLANE('',#4326);
#4326 = AXIS2_PLACEMENT_3D('',#4327,#4328,#4329);
#4327 = CARTESIAN_POINT('',(-1.680085640382,2.260171280765,1.75));
#4328 = DIRECTION('',(0.,0.,-1.));
#4329 = DIRECTION('',(0.596575959062,-0.802556617983,0.));
#4330 = ADVANCED_FACE('',(#4331),#4341,.F.);
#4331 = FACE_BOUND('',#4332,.F.);
#4332 = EDGE_LOOP('',(#4333,#4334,#4335,#4336));
#4333 = ORIENTED_EDGE('',*,*,#2471,.T.);
#4334 = ORIENTED_EDGE('',*,*,#2256,.T.);
#4335 = ORIENTED_EDGE('',*,*,#4307,.F.);
#4336 = ORIENTED_EDGE('',*,*,#4337,.F.);
#4337 = EDGE_CURVE('',#2472,#4300,#4338,.T.);
#4338 = B_SPLINE_CURVE_WITH_KNOTS('',1,(#4339,#4340),.UNSPECIFIED.,.F.,
  .F.,(2,2),(0.,1.),.PIECEWISE_BEZIER_KNOTS.);
#4339 = CARTESIAN_POINT('',(-1.7375,-2.375,1.025));
#4340 = CARTESIAN_POINT('',(-1.680085640382,-2.260171280765,1.75));
#4341 = B_SPLINE_SURFACE_WITH_KNOTS('',1,1,(
    (#4342,#4343)
    ,(#4344,#4345
    )),.UNSPECIFIED.,.F.,.F.,.F.,(2,2),(2,2),(0.,0.194454364826),(0.,1.)
  ,.PIECEWISE_BEZIER_KNOTS.);
#4342 = CARTESIAN_POINT('',(-1.7375,-2.375,1.025));
#4343 = CARTESIAN_POINT('',(-1.680085640382,-2.260171280765,1.75));
#4344 = CARTESIAN_POINT('',(-1.875,-2.2375,1.025));
#4345 = CARTESIAN_POINT('',(-1.760171280765,-2.180085640382,1.75));
#4346 = ADVANCED_FACE('',(#4347),#4360,.F.);
#4347 = FACE_BOUND('',#4348,.F.);
#4348 = EDGE_LOOP('',(#4349,#4350,#4356,#4357,#4358,#4359));
#4349 = ORIENTED_EDGE('',*,*,#3645,.F.);
#4350 = ORIENTED_EDGE('',*,*,#4351,.T.);
#4351 = EDGE_CURVE('',#3637,#3746,#4352,.T.);
#4352 = LINE('',#4353,#4354);
#4353 = CARTESIAN_POINT('',(2.25,0.84,1.025));
#4354 = VECTOR('',#4355,1.);
#4355 = DIRECTION('',(1.110223024625E-16,-1.,0.));
#4356 = ORIENTED_EDGE('',*,*,#3754,.T.);
#4357 = ORIENTED_EDGE('',*,*,#3768,.T.);
#4358 = ORIENTED_EDGE('',*,*,#2355,.F.);
#4359 = ORIENTED_EDGE('',*,*,#3552,.F.);
#4360 = PLANE('',#4361);
#4361 = AXIS2_PLACEMENT_3D('',#4362,#4363,#4364);
#4362 = CARTESIAN_POINT('',(2.25,0.84,1.025));
#4363 = DIRECTION('',(0.,0.,-1.));
#4364 = DIRECTION('',(-1.,-1.110223024625E-16,-0.));
#4365 = ADVANCED_FACE('',(#4366),#4379,.F.);
#4366 = FACE_BOUND('',#4367,.F.);
#4367 = EDGE_LOOP('',(#4368,#4369,#4375,#4376,#4377,#4378));
#4368 = ORIENTED_EDGE('',*,*,#3868,.F.);
#4369 = ORIENTED_EDGE('',*,*,#4370,.T.);
#4370 = EDGE_CURVE('',#3860,#3969,#4371,.T.);
#4371 = LINE('',#4372,#4373);
#4372 = CARTESIAN_POINT('',(2.25,-0.43,1.025));
#4373 = VECTOR('',#4374,1.);
#4374 = DIRECTION('',(1.110223024625E-16,-1.,0.));
#4375 = ORIENTED_EDGE('',*,*,#3977,.T.);
#4376 = ORIENTED_EDGE('',*,*,#3991,.T.);
#4377 = ORIENTED_EDGE('',*,*,#2371,.F.);
#4378 = ORIENTED_EDGE('',*,*,#3775,.F.);
#4379 = PLANE('',#4380);
#4380 = AXIS2_PLACEMENT_3D('',#4381,#4382,#4383);
#4381 = CARTESIAN_POINT('',(2.25,-0.43,1.025));
#4382 = DIRECTION('',(0.,0.,-1.));
#4383 = DIRECTION('',(-1.,-1.110223024625E-16,-0.));
#4384 = ADVANCED_FACE('',(#4385),#4398,.F.);
#4385 = FACE_BOUND('',#4386,.F.);
#4386 = EDGE_LOOP('',(#4387,#4388,#4394,#4395,#4396,#4397));
#4387 = ORIENTED_EDGE('',*,*,#4091,.F.);
#4388 = ORIENTED_EDGE('',*,*,#4389,.T.);
#4389 = EDGE_CURVE('',#4083,#4192,#4390,.T.);
#4390 = LINE('',#4391,#4392);
#4391 = CARTESIAN_POINT('',(2.25,-1.7,1.025));
#4392 = VECTOR('',#4393,1.);
#4393 = DIRECTION('',(1.110223024625E-16,-1.,0.));
#4394 = ORIENTED_EDGE('',*,*,#4200,.T.);
#4395 = ORIENTED_EDGE('',*,*,#2494,.T.);
#4396 = ORIENTED_EDGE('',*,*,#2387,.F.);
#4397 = ORIENTED_EDGE('',*,*,#3998,.F.);
#4398 = PLANE('',#4399);
#4399 = AXIS2_PLACEMENT_3D('',#4400,#4401,#4402);
#4400 = CARTESIAN_POINT('',(2.25,-1.7,1.025));
#4401 = DIRECTION('',(0.,0.,-1.));
#4402 = DIRECTION('',(-1.,-1.110223024625E-16,-0.));
#4403 = ADVANCED_FACE('',(#4404),#4414,.F.);
#4404 = FACE_BOUND('',#4405,.F.);
#4405 = EDGE_LOOP('',(#4406,#4407,#4412,#4413));
#4406 = ORIENTED_EDGE('',*,*,#2487,.T.);
#4407 = ORIENTED_EDGE('',*,*,#4408,.T.);
#4408 = EDGE_CURVE('',#2480,#4292,#4409,.T.);
#4409 = B_SPLINE_CURVE_WITH_KNOTS('',1,(#4410,#4411),.UNSPECIFIED.,.F.,
  .F.,(2,2),(0.,1.),.PIECEWISE_BEZIER_KNOTS.);
#4410 = CARTESIAN_POINT('',(1.7375,-2.375,1.025));
#4411 = CARTESIAN_POINT('',(1.680085640382,-2.260171280765,1.75));
#4412 = ORIENTED_EDGE('',*,*,#4291,.F.);
#4413 = ORIENTED_EDGE('',*,*,#2403,.F.);
#4414 = B_SPLINE_SURFACE_WITH_KNOTS('',1,1,(
    (#4415,#4416)
    ,(#4417,#4418
    )),.UNSPECIFIED.,.F.,.F.,.F.,(2,2),(2,2),(0.,0.194454364826),(0.,1.)
  ,.PIECEWISE_BEZIER_KNOTS.);
#4415 = CARTESIAN_POINT('',(1.875,-2.2375,1.025));
#4416 = CARTESIAN_POINT('',(1.760171280765,-2.180085640382,1.75));
#4417 = CARTESIAN_POINT('',(1.7375,-2.375,1.025));
#4418 = CARTESIAN_POINT('',(1.680085640382,-2.260171280765,1.75));
#4419 = ADVANCED_FACE('',(#4420),#4431,.T.);
#4420 = FACE_BOUND('',#4421,.T.);
#4421 = EDGE_LOOP('',(#4422,#4423,#4424,#4425));
#4422 = ORIENTED_EDGE('',*,*,#3432,.T.);
#4423 = ORIENTED_EDGE('',*,*,#2433,.T.);
#4424 = ORIENTED_EDGE('',*,*,#3534,.F.);
#4425 = ORIENTED_EDGE('',*,*,#4426,.F.);
#4426 = EDGE_CURVE('',#3425,#3527,#4427,.T.);
#4427 = LINE('',#4428,#4429);
#4428 = CARTESIAN_POINT('',(2.545442325904,2.11,0.7770944533));
#4429 = VECTOR('',#4430,1.);
#4430 = DIRECTION('',(1.110223024625E-16,-1.,0.));
#4431 = CYLINDRICAL_SURFACE('',#4432,0.3);
#4432 = AXIS2_PLACEMENT_3D('',#4433,#4434,#4435);
#4433 = CARTESIAN_POINT('',(2.25,2.11,0.725));
#4434 = DIRECTION('',(-1.110223024625E-16,1.,0.));
#4435 = DIRECTION('',(0.984807753012,1.093356242223E-16,0.173648177667)
  );
#4436 = ADVANCED_FACE('',(#4437),#4443,.F.);
#4437 = FACE_BOUND('',#4438,.F.);
#4438 = EDGE_LOOP('',(#4439,#4440,#4441,#4442));
#4439 = ORIENTED_EDGE('',*,*,#2479,.T.);
#4440 = ORIENTED_EDGE('',*,*,#4337,.T.);
#4441 = ORIENTED_EDGE('',*,*,#4299,.F.);
#4442 = ORIENTED_EDGE('',*,*,#4408,.F.);
#4443 = B_SPLINE_SURFACE_WITH_KNOTS('',1,1,(
    (#4444,#4445)
    ,(#4446,#4447
    )),.UNSPECIFIED.,.F.,.F.,.F.,(2,2),(2,2),(0.,3.475),(0.,1.),
  .PIECEWISE_BEZIER_KNOTS.);
#4444 = CARTESIAN_POINT('',(1.7375,-2.375,1.025));
#4445 = CARTESIAN_POINT('',(1.680085640382,-2.260171280765,1.75));
#4446 = CARTESIAN_POINT('',(-1.7375,-2.375,1.025));
#4447 = CARTESIAN_POINT('',(-1.680085640382,-2.260171280765,1.75));
#4448 = ADVANCED_FACE('',(#4449),#4460,.T.);
#4449 = FACE_BOUND('',#4450,.T.);
#4450 = EDGE_LOOP('',(#4451,#4452,#4453,#4454));
#4451 = ORIENTED_EDGE('',*,*,#2581,.T.);
#4452 = ORIENTED_EDGE('',*,*,#4232,.T.);
#4453 = ORIENTED_EDGE('',*,*,#2690,.F.);
#4454 = ORIENTED_EDGE('',*,*,#4455,.F.);
#4455 = EDGE_CURVE('',#2574,#2683,#4456,.T.);
#4456 = LINE('',#4457,#4458);
#4457 = CARTESIAN_POINT('',(-2.545442325904,-2.11,0.7770944533));
#4458 = VECTOR('',#4459,1.);
#4459 = DIRECTION('',(1.144237745222E-17,1.,0.));
#4460 = CYLINDRICAL_SURFACE('',#4461,0.3);
#4461 = AXIS2_PLACEMENT_3D('',#4462,#4463,#4464);
#4462 = CARTESIAN_POINT('',(-2.25,-2.11,0.725));
#4463 = DIRECTION('',(-1.144237745222E-17,-1.,0.));
#4464 = DIRECTION('',(-0.984807753012,1.126854202784E-17,0.173648177667)
  );
#4465 = ADVANCED_FACE('',(#4466),#4477,.F.);
#4466 = FACE_BOUND('',#4467,.F.);
#4467 = EDGE_LOOP('',(#4468,#4474,#4475,#4476));
#4468 = ORIENTED_EDGE('',*,*,#4469,.T.);
#4469 = EDGE_CURVE('',#2565,#2674,#4470,.T.);
#4470 = LINE('',#4471,#4472);
#4471 = CARTESIAN_POINT('',(-2.6264581915,-2.11,0.282635182233));
#4472 = VECTOR('',#4473,1.);
#4473 = DIRECTION('',(1.144237745222E-17,1.,0.));
#4474 = ORIENTED_EDGE('',*,*,#2682,.T.);
#4475 = ORIENTED_EDGE('',*,*,#4455,.F.);
#4476 = ORIENTED_EDGE('',*,*,#2573,.F.);
#4477 = PLANE('',#4478);
#4478 = AXIS2_PLACEMENT_3D('',#4479,#4480,#4481);
#4479 = CARTESIAN_POINT('',(-2.6264581915,-2.11,0.282635182233));
#4480 = DIRECTION('',(0.986841372087,-1.129181146488E-17,-0.161691392282
    ));
#4481 = DIRECTION('',(0.161691392282,-1.85013394127E-18,0.986841372087)
  );
#4482 = ADVANCED_FACE('',(#4483),#4494,.F.);
#4483 = FACE_BOUND('',#4484,.F.);
#4484 = EDGE_LOOP('',(#4485,#4491,#4492,#4493));
#4485 = ORIENTED_EDGE('',*,*,#4486,.T.);
#4486 = EDGE_CURVE('',#2557,#2666,#4487,.T.);
#4487 = LINE('',#4488,#4489);
#4488 = CARTESIAN_POINT('',(-2.724938966801,-2.11,0.2));
#4489 = VECTOR('',#4490,1.);
#4490 = DIRECTION('',(1.144237745222E-17,1.,0.));
#4491 = ORIENTED_EDGE('',*,*,#2673,.T.);
#4492 = ORIENTED_EDGE('',*,*,#4469,.F.);
#4493 = ORIENTED_EDGE('',*,*,#2564,.F.);
#4494 = CYLINDRICAL_SURFACE('',#4495,0.1);
#4495 = AXIS2_PLACEMENT_3D('',#4496,#4497,#4498);
#4496 = CARTESIAN_POINT('',(-2.724938966801,-2.11,0.3));
#4497 = DIRECTION('',(-1.144237745222E-17,-1.,0.));
#4498 = DIRECTION('',(-0.,0.,-1.));
#4499 = ADVANCED_FACE('',(#4500),#4511,.F.);
#4500 = FACE_BOUND('',#4501,.F.);
#4501 = EDGE_LOOP('',(#4502,#4508,#4509,#4510));
#4502 = ORIENTED_EDGE('',*,*,#4503,.T.);
#4503 = EDGE_CURVE('',#2549,#2658,#4504,.T.);
#4504 = LINE('',#4505,#4506);
#4505 = CARTESIAN_POINT('',(-3.,-2.11,0.2));
#4506 = VECTOR('',#4507,1.);
#4507 = DIRECTION('',(1.144237745222E-17,1.,0.));
#4508 = ORIENTED_EDGE('',*,*,#2665,.T.);
#4509 = ORIENTED_EDGE('',*,*,#4486,.F.);
#4510 = ORIENTED_EDGE('',*,*,#2556,.F.);
#4511 = PLANE('',#4512);
#4512 = AXIS2_PLACEMENT_3D('',#4513,#4514,#4515);
#4513 = CARTESIAN_POINT('',(-3.,-2.11,0.2));
#4514 = DIRECTION('',(0.,0.,-1.));
#4515 = DIRECTION('',(1.,-1.144237745222E-17,0.));
#4516 = ADVANCED_FACE('',(#4517),#4528,.F.);
#4517 = FACE_BOUND('',#4518,.F.);
#4518 = EDGE_LOOP('',(#4519,#4525,#4526,#4527));
#4519 = ORIENTED_EDGE('',*,*,#4520,.T.);
#4520 = EDGE_CURVE('',#2541,#2650,#4521,.T.);
#4521 = LINE('',#4522,#4523);
#4522 = CARTESIAN_POINT('',(-3.,-2.11,-1.665334536938E-16));
#4523 = VECTOR('',#4524,1.);
#4524 = DIRECTION('',(1.144237745222E-17,1.,0.));
#4525 = ORIENTED_EDGE('',*,*,#2657,.T.);
#4526 = ORIENTED_EDGE('',*,*,#4503,.F.);
#4527 = ORIENTED_EDGE('',*,*,#2548,.F.);
#4528 = PLANE('',#4529);
#4529 = AXIS2_PLACEMENT_3D('',#4530,#4531,#4532);
#4530 = CARTESIAN_POINT('',(-3.,-2.11,-1.665334536938E-16));
#4531 = DIRECTION('',(1.,-1.144237745222E-17,0.));
#4532 = DIRECTION('',(0.,0.,1.));
#4533 = ADVANCED_FACE('',(#4534),#4545,.F.);
#4534 = FACE_BOUND('',#4535,.F.);
#4535 = EDGE_LOOP('',(#4536,#4542,#4543,#4544));
#4536 = ORIENTED_EDGE('',*,*,#4537,.T.);
#4537 = EDGE_CURVE('',#2532,#2641,#4538,.T.);
#4538 = LINE('',#4539,#4540);
#4539 = CARTESIAN_POINT('',(-2.724938966801,-2.11,-1.665334536938E-16));
#4540 = VECTOR('',#4541,1.);
#4541 = DIRECTION('',(1.144237745222E-17,1.,0.));
#4542 = ORIENTED_EDGE('',*,*,#2649,.T.);
#4543 = ORIENTED_EDGE('',*,*,#4520,.F.);
#4544 = ORIENTED_EDGE('',*,*,#2540,.F.);
#4545 = PLANE('',#4546);
#4546 = AXIS2_PLACEMENT_3D('',#4547,#4548,#4549);
#4547 = CARTESIAN_POINT('',(-2.724938966801,-2.11,-1.665334536938E-16));
#4548 = DIRECTION('',(0.,0.,1.));
#4549 = DIRECTION('',(-1.,1.144237745222E-17,0.));
#4550 = ADVANCED_FACE('',(#4551),#4562,.T.);
#4551 = FACE_BOUND('',#4552,.T.);
#4552 = EDGE_LOOP('',(#4553,#4554,#4555,#4556));
#4553 = ORIENTED_EDGE('',*,*,#2531,.T.);
#4554 = ORIENTED_EDGE('',*,*,#4537,.T.);
#4555 = ORIENTED_EDGE('',*,*,#2640,.F.);
#4556 = ORIENTED_EDGE('',*,*,#4557,.F.);
#4557 = EDGE_CURVE('',#2524,#2633,#4558,.T.);
#4558 = LINE('',#4559,#4560);
#4559 = CARTESIAN_POINT('',(-2.429496640897,-2.11,0.2479055467));
#4560 = VECTOR('',#4561,1.);
#4561 = DIRECTION('',(1.144237745222E-17,1.,0.));
#4562 = CYLINDRICAL_SURFACE('',#4563,0.3);
#4563 = AXIS2_PLACEMENT_3D('',#4564,#4565,#4566);
#4564 = CARTESIAN_POINT('',(-2.724938966801,-2.11,0.3));
#4565 = DIRECTION('',(-1.144237745222E-17,-1.,0.));
#4566 = DIRECTION('',(0.984807753012,-1.126854202784E-17,-0.173648177667
    ));
#4567 = ADVANCED_FACE('',(#4568),#4574,.F.);
#4568 = FACE_BOUND('',#4569,.F.);
#4569 = EDGE_LOOP('',(#4570,#4571,#4572,#4573));
#4570 = ORIENTED_EDGE('',*,*,#2614,.T.);
#4571 = ORIENTED_EDGE('',*,*,#2632,.T.);
#4572 = ORIENTED_EDGE('',*,*,#4557,.F.);
#4573 = ORIENTED_EDGE('',*,*,#2523,.F.);
#4574 = PLANE('',#4575);
#4575 = AXIS2_PLACEMENT_3D('',#4576,#4577,#4578);
#4576 = CARTESIAN_POINT('',(-2.348480775301,-2.11,0.742364817767));
#4577 = DIRECTION('',(-0.986841372087,1.129181146488E-17,0.161691392282)
  );
#4578 = DIRECTION('',(-0.161691392282,1.85013394127E-18,-0.986841372087)
  );
#4579 = ADVANCED_FACE('',(#4580),#4591,.T.);
#4580 = FACE_BOUND('',#4581,.T.);
#4581 = EDGE_LOOP('',(#4582,#4583,#4584,#4585));
#4582 = ORIENTED_EDGE('',*,*,#2804,.T.);
#4583 = ORIENTED_EDGE('',*,*,#4251,.T.);
#4584 = ORIENTED_EDGE('',*,*,#2913,.F.);
#4585 = ORIENTED_EDGE('',*,*,#4586,.F.);
#4586 = EDGE_CURVE('',#2797,#2906,#4587,.T.);
#4587 = LINE('',#4588,#4589);
#4588 = CARTESIAN_POINT('',(-2.545442325904,-0.84,0.7770944533));
#4589 = VECTOR('',#4590,1.);
#4590 = DIRECTION('',(1.144237745222E-17,1.,0.));
#4591 = CYLINDRICAL_SURFACE('',#4592,0.3);
#4592 = AXIS2_PLACEMENT_3D('',#4593,#4594,#4595);
#4593 = CARTESIAN_POINT('',(-2.25,-0.84,0.725));
#4594 = DIRECTION('',(-1.144237745222E-17,-1.,0.));
#4595 = DIRECTION('',(-0.984807753012,1.126854202784E-17,0.173648177667)
  );
#4596 = ADVANCED_FACE('',(#4597),#4608,.F.);
#4597 = FACE_BOUND('',#4598,.F.);
#4598 = EDGE_LOOP('',(#4599,#4605,#4606,#4607));
#4599 = ORIENTED_EDGE('',*,*,#4600,.T.);
#4600 = EDGE_CURVE('',#2788,#2897,#4601,.T.);
#4601 = LINE('',#4602,#4603);
#4602 = CARTESIAN_POINT('',(-2.6264581915,-0.84,0.282635182233));
#4603 = VECTOR('',#4604,1.);
#4604 = DIRECTION('',(1.144237745222E-17,1.,0.));
#4605 = ORIENTED_EDGE('',*,*,#2905,.T.);
#4606 = ORIENTED_EDGE('',*,*,#4586,.F.);
#4607 = ORIENTED_EDGE('',*,*,#2796,.F.);
#4608 = PLANE('',#4609);
#4609 = AXIS2_PLACEMENT_3D('',#4610,#4611,#4612);
#4610 = CARTESIAN_POINT('',(-2.6264581915,-0.84,0.282635182233));
#4611 = DIRECTION('',(0.986841372087,-1.129181146488E-17,-0.161691392282
    ));
#4612 = DIRECTION('',(0.161691392282,-1.85013394127E-18,0.986841372087)
  );
#4613 = ADVANCED_FACE('',(#4614),#4625,.F.);
#4614 = FACE_BOUND('',#4615,.F.);
#4615 = EDGE_LOOP('',(#4616,#4622,#4623,#4624));
#4616 = ORIENTED_EDGE('',*,*,#4617,.T.);
#4617 = EDGE_CURVE('',#2780,#2889,#4618,.T.);
#4618 = LINE('',#4619,#4620);
#4619 = CARTESIAN_POINT('',(-2.724938966801,-0.84,0.2));
#4620 = VECTOR('',#4621,1.);
#4621 = DIRECTION('',(1.144237745222E-17,1.,0.));
#4622 = ORIENTED_EDGE('',*,*,#2896,.T.);
#4623 = ORIENTED_EDGE('',*,*,#4600,.F.);
#4624 = ORIENTED_EDGE('',*,*,#2787,.F.);
#4625 = CYLINDRICAL_SURFACE('',#4626,0.1);
#4626 = AXIS2_PLACEMENT_3D('',#4627,#4628,#4629);
#4627 = CARTESIAN_POINT('',(-2.724938966801,-0.84,0.3));
#4628 = DIRECTION('',(-1.144237745222E-17,-1.,0.));
#4629 = DIRECTION('',(-0.,0.,-1.));
#4630 = ADVANCED_FACE('',(#4631),#4642,.F.);
#4631 = FACE_BOUND('',#4632,.F.);
#4632 = EDGE_LOOP('',(#4633,#4639,#4640,#4641));
#4633 = ORIENTED_EDGE('',*,*,#4634,.T.);
#4634 = EDGE_CURVE('',#2772,#2881,#4635,.T.);
#4635 = LINE('',#4636,#4637);
#4636 = CARTESIAN_POINT('',(-3.,-0.84,0.2));
#4637 = VECTOR('',#4638,1.);
#4638 = DIRECTION('',(1.144237745222E-17,1.,0.));
#4639 = ORIENTED_EDGE('',*,*,#2888,.T.);
#4640 = ORIENTED_EDGE('',*,*,#4617,.F.);
#4641 = ORIENTED_EDGE('',*,*,#2779,.F.);
#4642 = PLANE('',#4643);
#4643 = AXIS2_PLACEMENT_3D('',#4644,#4645,#4646);
#4644 = CARTESIAN_POINT('',(-3.,-0.84,0.2));
#4645 = DIRECTION('',(0.,0.,-1.));
#4646 = DIRECTION('',(1.,-1.144237745222E-17,0.));
#4647 = ADVANCED_FACE('',(#4648),#4659,.F.);
#4648 = FACE_BOUND('',#4649,.F.);
#4649 = EDGE_LOOP('',(#4650,#4656,#4657,#4658));
#4650 = ORIENTED_EDGE('',*,*,#4651,.T.);
#4651 = EDGE_CURVE('',#2764,#2873,#4652,.T.);
#4652 = LINE('',#4653,#4654);
#4653 = CARTESIAN_POINT('',(-3.,-0.84,-1.665334536938E-16));
#4654 = VECTOR('',#4655,1.);
#4655 = DIRECTION('',(1.144237745222E-17,1.,0.));
#4656 = ORIENTED_EDGE('',*,*,#2880,.T.);
#4657 = ORIENTED_EDGE('',*,*,#4634,.F.);
#4658 = ORIENTED_EDGE('',*,*,#2771,.F.);
#4659 = PLANE('',#4660);
#4660 = AXIS2_PLACEMENT_3D('',#4661,#4662,#4663);
#4661 = CARTESIAN_POINT('',(-3.,-0.84,-1.665334536938E-16));
#4662 = DIRECTION('',(1.,-1.144237745222E-17,0.));
#4663 = DIRECTION('',(0.,0.,1.));
#4664 = ADVANCED_FACE('',(#4665),#4676,.F.);
#4665 = FACE_BOUND('',#4666,.F.);
#4666 = EDGE_LOOP('',(#4667,#4673,#4674,#4675));
#4667 = ORIENTED_EDGE('',*,*,#4668,.T.);
#4668 = EDGE_CURVE('',#2755,#2864,#4669,.T.);
#4669 = LINE('',#4670,#4671);
#4670 = CARTESIAN_POINT('',(-2.724938966801,-0.84,-1.665334536938E-16));
#4671 = VECTOR('',#4672,1.);
#4672 = DIRECTION('',(1.144237745222E-17,1.,0.));
#4673 = ORIENTED_EDGE('',*,*,#2872,.T.);
#4674 = ORIENTED_EDGE('',*,*,#4651,.F.);
#4675 = ORIENTED_EDGE('',*,*,#2763,.F.);
#4676 = PLANE('',#4677);
#4677 = AXIS2_PLACEMENT_3D('',#4678,#4679,#4680);
#4678 = CARTESIAN_POINT('',(-2.724938966801,-0.84,-1.665334536938E-16));
#4679 = DIRECTION('',(0.,0.,1.));
#4680 = DIRECTION('',(-1.,1.144237745222E-17,0.));
#4681 = ADVANCED_FACE('',(#4682),#4693,.T.);
#4682 = FACE_BOUND('',#4683,.T.);
#4683 = EDGE_LOOP('',(#4684,#4685,#4686,#4687));
#4684 = ORIENTED_EDGE('',*,*,#2754,.T.);
#4685 = ORIENTED_EDGE('',*,*,#4668,.T.);
#4686 = ORIENTED_EDGE('',*,*,#2863,.F.);
#4687 = ORIENTED_EDGE('',*,*,#4688,.F.);
#4688 = EDGE_CURVE('',#2747,#2856,#4689,.T.);
#4689 = LINE('',#4690,#4691);
#4690 = CARTESIAN_POINT('',(-2.429496640897,-0.84,0.2479055467));
#4691 = VECTOR('',#4692,1.);
#4692 = DIRECTION('',(1.144237745222E-17,1.,0.));
#4693 = CYLINDRICAL_SURFACE('',#4694,0.3);
#4694 = AXIS2_PLACEMENT_3D('',#4695,#4696,#4697);
#4695 = CARTESIAN_POINT('',(-2.724938966801,-0.84,0.3));
#4696 = DIRECTION('',(-1.144237745222E-17,-1.,0.));
#4697 = DIRECTION('',(0.984807753012,-1.126854202784E-17,-0.173648177667
    ));
#4698 = ADVANCED_FACE('',(#4699),#4705,.F.);
#4699 = FACE_BOUND('',#4700,.F.);
#4700 = EDGE_LOOP('',(#4701,#4702,#4703,#4704));
#4701 = ORIENTED_EDGE('',*,*,#2837,.T.);
#4702 = ORIENTED_EDGE('',*,*,#2855,.T.);
#4703 = ORIENTED_EDGE('',*,*,#4688,.F.);
#4704 = ORIENTED_EDGE('',*,*,#2746,.F.);
#4705 = PLANE('',#4706);
#4706 = AXIS2_PLACEMENT_3D('',#4707,#4708,#4709);
#4707 = CARTESIAN_POINT('',(-2.348480775301,-0.84,0.742364817767));
#4708 = DIRECTION('',(-0.986841372087,1.129181146488E-17,0.161691392282)
  );
#4709 = DIRECTION('',(-0.161691392282,1.85013394127E-18,-0.986841372087)
  );
#4710 = ADVANCED_FACE('',(#4711),#4722,.T.);
#4711 = FACE_BOUND('',#4712,.T.);
#4712 = EDGE_LOOP('',(#4713,#4714,#4715,#4716));
#4713 = ORIENTED_EDGE('',*,*,#3027,.T.);
#4714 = ORIENTED_EDGE('',*,*,#4270,.T.);
#4715 = ORIENTED_EDGE('',*,*,#3136,.F.);
#4716 = ORIENTED_EDGE('',*,*,#4717,.F.);
#4717 = EDGE_CURVE('',#3020,#3129,#4718,.T.);
#4718 = LINE('',#4719,#4720);
#4719 = CARTESIAN_POINT('',(-2.545442325904,0.43,0.7770944533));
#4720 = VECTOR('',#4721,1.);
#4721 = DIRECTION('',(1.144237745222E-17,1.,0.));
#4722 = CYLINDRICAL_SURFACE('',#4723,0.3);
#4723 = AXIS2_PLACEMENT_3D('',#4724,#4725,#4726);
#4724 = CARTESIAN_POINT('',(-2.25,0.43,0.725));
#4725 = DIRECTION('',(-1.144237745222E-17,-1.,0.));
#4726 = DIRECTION('',(-0.984807753012,1.126854202784E-17,0.173648177667)
  );
#4727 = ADVANCED_FACE('',(#4728),#4739,.F.);
#4728 = FACE_BOUND('',#4729,.F.);
#4729 = EDGE_LOOP('',(#4730,#4736,#4737,#4738));
#4730 = ORIENTED_EDGE('',*,*,#4731,.T.);
#4731 = EDGE_CURVE('',#3011,#3120,#4732,.T.);
#4732 = LINE('',#4733,#4734);
#4733 = CARTESIAN_POINT('',(-2.6264581915,0.43,0.282635182233));
#4734 = VECTOR('',#4735,1.);
#4735 = DIRECTION('',(1.144237745222E-17,1.,0.));
#4736 = ORIENTED_EDGE('',*,*,#3128,.T.);
#4737 = ORIENTED_EDGE('',*,*,#4717,.F.);
#4738 = ORIENTED_EDGE('',*,*,#3019,.F.);
#4739 = PLANE('',#4740);
#4740 = AXIS2_PLACEMENT_3D('',#4741,#4742,#4743);
#4741 = CARTESIAN_POINT('',(-2.6264581915,0.43,0.282635182233));
#4742 = DIRECTION('',(0.986841372087,-1.129181146488E-17,-0.161691392282
    ));
#4743 = DIRECTION('',(0.161691392282,-1.85013394127E-18,0.986841372087)
  );
#4744 = ADVANCED_FACE('',(#4745),#4756,.F.);
#4745 = FACE_BOUND('',#4746,.F.);
#4746 = EDGE_LOOP('',(#4747,#4753,#4754,#4755));
#4747 = ORIENTED_EDGE('',*,*,#4748,.T.);
#4748 = EDGE_CURVE('',#3003,#3112,#4749,.T.);
#4749 = LINE('',#4750,#4751);
#4750 = CARTESIAN_POINT('',(-2.724938966801,0.43,0.2));
#4751 = VECTOR('',#4752,1.);
#4752 = DIRECTION('',(1.144237745222E-17,1.,0.));
#4753 = ORIENTED_EDGE('',*,*,#3119,.T.);
#4754 = ORIENTED_EDGE('',*,*,#4731,.F.);
#4755 = ORIENTED_EDGE('',*,*,#3010,.F.);
#4756 = CYLINDRICAL_SURFACE('',#4757,0.1);
#4757 = AXIS2_PLACEMENT_3D('',#4758,#4759,#4760);
#4758 = CARTESIAN_POINT('',(-2.724938966801,0.43,0.3));
#4759 = DIRECTION('',(-1.144237745222E-17,-1.,0.));
#4760 = DIRECTION('',(-0.,0.,-1.));
#4761 = ADVANCED_FACE('',(#4762),#4773,.F.);
#4762 = FACE_BOUND('',#4763,.F.);
#4763 = EDGE_LOOP('',(#4764,#4770,#4771,#4772));
#4764 = ORIENTED_EDGE('',*,*,#4765,.T.);
#4765 = EDGE_CURVE('',#2995,#3104,#4766,.T.);
#4766 = LINE('',#4767,#4768);
#4767 = CARTESIAN_POINT('',(-3.,0.43,0.2));
#4768 = VECTOR('',#4769,1.);
#4769 = DIRECTION('',(1.144237745222E-17,1.,0.));
#4770 = ORIENTED_EDGE('',*,*,#3111,.T.);
#4771 = ORIENTED_EDGE('',*,*,#4748,.F.);
#4772 = ORIENTED_EDGE('',*,*,#3002,.F.);
#4773 = PLANE('',#4774);
#4774 = AXIS2_PLACEMENT_3D('',#4775,#4776,#4777);
#4775 = CARTESIAN_POINT('',(-3.,0.43,0.2));
#4776 = DIRECTION('',(0.,0.,-1.));
#4777 = DIRECTION('',(1.,-1.144237745222E-17,0.));
#4778 = ADVANCED_FACE('',(#4779),#4790,.F.);
#4779 = FACE_BOUND('',#4780,.F.);
#4780 = EDGE_LOOP('',(#4781,#4787,#4788,#4789));
#4781 = ORIENTED_EDGE('',*,*,#4782,.T.);
#4782 = EDGE_CURVE('',#2987,#3096,#4783,.T.);
#4783 = LINE('',#4784,#4785);
#4784 = CARTESIAN_POINT('',(-3.,0.43,-1.665334536938E-16));
#4785 = VECTOR('',#4786,1.);
#4786 = DIRECTION('',(1.144237745222E-17,1.,0.));
#4787 = ORIENTED_EDGE('',*,*,#3103,.T.);
#4788 = ORIENTED_EDGE('',*,*,#4765,.F.);
#4789 = ORIENTED_EDGE('',*,*,#2994,.F.);
#4790 = PLANE('',#4791);
#4791 = AXIS2_PLACEMENT_3D('',#4792,#4793,#4794);
#4792 = CARTESIAN_POINT('',(-3.,0.43,-1.665334536938E-16));
#4793 = DIRECTION('',(1.,-1.144237745222E-17,0.));
#4794 = DIRECTION('',(0.,0.,1.));
#4795 = ADVANCED_FACE('',(#4796),#4807,.F.);
#4796 = FACE_BOUND('',#4797,.F.);
#4797 = EDGE_LOOP('',(#4798,#4804,#4805,#4806));
#4798 = ORIENTED_EDGE('',*,*,#4799,.T.);
#4799 = EDGE_CURVE('',#2978,#3087,#4800,.T.);
#4800 = LINE('',#4801,#4802);
#4801 = CARTESIAN_POINT('',(-2.724938966801,0.43,-1.665334536938E-16));
#4802 = VECTOR('',#4803,1.);
#4803 = DIRECTION('',(1.144237745222E-17,1.,0.));
#4804 = ORIENTED_EDGE('',*,*,#3095,.T.);
#4805 = ORIENTED_EDGE('',*,*,#4782,.F.);
#4806 = ORIENTED_EDGE('',*,*,#2986,.F.);
#4807 = PLANE('',#4808);
#4808 = AXIS2_PLACEMENT_3D('',#4809,#4810,#4811);
#4809 = CARTESIAN_POINT('',(-2.724938966801,0.43,-1.665334536938E-16));
#4810 = DIRECTION('',(0.,0.,1.));
#4811 = DIRECTION('',(-1.,1.144237745222E-17,0.));
#4812 = ADVANCED_FACE('',(#4813),#4824,.T.);
#4813 = FACE_BOUND('',#4814,.T.);
#4814 = EDGE_LOOP('',(#4815,#4816,#4817,#4818));
#4815 = ORIENTED_EDGE('',*,*,#2977,.T.);
#4816 = ORIENTED_EDGE('',*,*,#4799,.T.);
#4817 = ORIENTED_EDGE('',*,*,#3086,.F.);
#4818 = ORIENTED_EDGE('',*,*,#4819,.F.);
#4819 = EDGE_CURVE('',#2970,#3079,#4820,.T.);
#4820 = LINE('',#4821,#4822);
#4821 = CARTESIAN_POINT('',(-2.429496640897,0.43,0.2479055467));
#4822 = VECTOR('',#4823,1.);
#4823 = DIRECTION('',(1.144237745222E-17,1.,0.));
#4824 = CYLINDRICAL_SURFACE('',#4825,0.3);
#4825 = AXIS2_PLACEMENT_3D('',#4826,#4827,#4828);
#4826 = CARTESIAN_POINT('',(-2.724938966801,0.43,0.3));
#4827 = DIRECTION('',(-1.144237745222E-17,-1.,0.));
#4828 = DIRECTION('',(0.984807753012,-1.126854202784E-17,-0.173648177667
    ));
#4829 = ADVANCED_FACE('',(#4830),#4836,.F.);
#4830 = FACE_BOUND('',#4831,.F.);
#4831 = EDGE_LOOP('',(#4832,#4833,#4834,#4835));
#4832 = ORIENTED_EDGE('',*,*,#3060,.T.);
#4833 = ORIENTED_EDGE('',*,*,#3078,.T.);
#4834 = ORIENTED_EDGE('',*,*,#4819,.F.);
#4835 = ORIENTED_EDGE('',*,*,#2969,.F.);
#4836 = PLANE('',#4837);
#4837 = AXIS2_PLACEMENT_3D('',#4838,#4839,#4840);
#4838 = CARTESIAN_POINT('',(-2.348480775301,0.43,0.742364817767));
#4839 = DIRECTION('',(-0.986841372087,1.129181146488E-17,0.161691392282)
  );
#4840 = DIRECTION('',(-0.161691392282,1.85013394127E-18,-0.986841372087)
  );
#4841 = ADVANCED_FACE('',(#4842),#4853,.F.);
#4842 = FACE_BOUND('',#4843,.F.);
#4843 = EDGE_LOOP('',(#4844,#4850,#4851,#4852));
#4844 = ORIENTED_EDGE('',*,*,#4845,.T.);
#4845 = EDGE_CURVE('',#3229,#3331,#4846,.T.);
#4846 = LINE('',#4847,#4848);
#4847 = CARTESIAN_POINT('',(-2.6264581915,1.7,0.282635182233));
#4848 = VECTOR('',#4849,1.);
#4849 = DIRECTION('',(1.144237745222E-17,1.,0.));
#4850 = ORIENTED_EDGE('',*,*,#3339,.T.);
#4851 = ORIENTED_EDGE('',*,*,#4217,.F.);
#4852 = ORIENTED_EDGE('',*,*,#3237,.F.);
#4853 = PLANE('',#4854);
#4854 = AXIS2_PLACEMENT_3D('',#4855,#4856,#4857);
#4855 = CARTESIAN_POINT('',(-2.6264581915,1.7,0.282635182233));
#4856 = DIRECTION('',(0.986841372087,-1.129181146488E-17,-0.161691392282
    ));
#4857 = DIRECTION('',(0.161691392282,-1.85013394127E-18,0.986841372087)
  );
#4858 = ADVANCED_FACE('',(#4859),#4870,.F.);
#4859 = FACE_BOUND('',#4860,.F.);
#4860 = EDGE_LOOP('',(#4861,#4867,#4868,#4869));
#4861 = ORIENTED_EDGE('',*,*,#4862,.T.);
#4862 = EDGE_CURVE('',#3221,#3323,#4863,.T.);
#4863 = LINE('',#4864,#4865);
#4864 = CARTESIAN_POINT('',(-2.724938966801,1.7,0.2));
#4865 = VECTOR('',#4866,1.);
#4866 = DIRECTION('',(1.144237745222E-17,1.,0.));
#4867 = ORIENTED_EDGE('',*,*,#3330,.T.);
#4868 = ORIENTED_EDGE('',*,*,#4845,.F.);
#4869 = ORIENTED_EDGE('',*,*,#3228,.F.);
#4870 = CYLINDRICAL_SURFACE('',#4871,0.1);
#4871 = AXIS2_PLACEMENT_3D('',#4872,#4873,#4874);
#4872 = CARTESIAN_POINT('',(-2.724938966801,1.7,0.3));
#4873 = DIRECTION('',(-1.144237745222E-17,-1.,0.));
#4874 = DIRECTION('',(-0.,0.,-1.));
#4875 = ADVANCED_FACE('',(#4876),#4887,.F.);
#4876 = FACE_BOUND('',#4877,.F.);
#4877 = EDGE_LOOP('',(#4878,#4884,#4885,#4886));
#4878 = ORIENTED_EDGE('',*,*,#4879,.T.);
#4879 = EDGE_CURVE('',#3213,#3315,#4880,.T.);
#4880 = LINE('',#4881,#4882);
#4881 = CARTESIAN_POINT('',(-3.,1.7,0.2));
#4882 = VECTOR('',#4883,1.);
#4883 = DIRECTION('',(1.144237745222E-17,1.,0.));
#4884 = ORIENTED_EDGE('',*,*,#3322,.T.);
#4885 = ORIENTED_EDGE('',*,*,#4862,.F.);
#4886 = ORIENTED_EDGE('',*,*,#3220,.F.);
#4887 = PLANE('',#4888);
#4888 = AXIS2_PLACEMENT_3D('',#4889,#4890,#4891);
#4889 = CARTESIAN_POINT('',(-3.,1.7,0.2));
#4890 = DIRECTION('',(0.,0.,-1.));
#4891 = DIRECTION('',(1.,-1.144237745222E-17,0.));
#4892 = ADVANCED_FACE('',(#4893),#4904,.F.);
#4893 = FACE_BOUND('',#4894,.F.);
#4894 = EDGE_LOOP('',(#4895,#4901,#4902,#4903));
#4895 = ORIENTED_EDGE('',*,*,#4896,.T.);
#4896 = EDGE_CURVE('',#3205,#3307,#4897,.T.);
#4897 = LINE('',#4898,#4899);
#4898 = CARTESIAN_POINT('',(-3.,1.7,-1.665334536938E-16));
#4899 = VECTOR('',#4900,1.);
#4900 = DIRECTION('',(1.144237745222E-17,1.,0.));
#4901 = ORIENTED_EDGE('',*,*,#3314,.T.);
#4902 = ORIENTED_EDGE('',*,*,#4879,.F.);
#4903 = ORIENTED_EDGE('',*,*,#3212,.F.);
#4904 = PLANE('',#4905);
#4905 = AXIS2_PLACEMENT_3D('',#4906,#4907,#4908);
#4906 = CARTESIAN_POINT('',(-3.,1.7,-1.665334536938E-16));
#4907 = DIRECTION('',(1.,-1.144237745222E-17,0.));
#4908 = DIRECTION('',(0.,0.,1.));
#4909 = ADVANCED_FACE('',(#4910),#4921,.F.);
#4910 = FACE_BOUND('',#4911,.F.);
#4911 = EDGE_LOOP('',(#4912,#4918,#4919,#4920));
#4912 = ORIENTED_EDGE('',*,*,#4913,.T.);
#4913 = EDGE_CURVE('',#3196,#3298,#4914,.T.);
#4914 = LINE('',#4915,#4916);
#4915 = CARTESIAN_POINT('',(-2.724938966801,1.7,-1.665334536938E-16));
#4916 = VECTOR('',#4917,1.);
#4917 = DIRECTION('',(1.144237745222E-17,1.,0.));
#4918 = ORIENTED_EDGE('',*,*,#3306,.T.);
#4919 = ORIENTED_EDGE('',*,*,#4896,.F.);
#4920 = ORIENTED_EDGE('',*,*,#3204,.F.);
#4921 = PLANE('',#4922);
#4922 = AXIS2_PLACEMENT_3D('',#4923,#4924,#4925);
#4923 = CARTESIAN_POINT('',(-2.724938966801,1.7,-1.665334536938E-16));
#4924 = DIRECTION('',(0.,0.,1.));
#4925 = DIRECTION('',(-1.,1.144237745222E-17,0.));
#4926 = ADVANCED_FACE('',(#4927),#4938,.T.);
#4927 = FACE_BOUND('',#4928,.T.);
#4928 = EDGE_LOOP('',(#4929,#4930,#4931,#4932));
#4929 = ORIENTED_EDGE('',*,*,#3195,.T.);
#4930 = ORIENTED_EDGE('',*,*,#4913,.T.);
#4931 = ORIENTED_EDGE('',*,*,#3297,.F.);
#4932 = ORIENTED_EDGE('',*,*,#4933,.F.);
#4933 = EDGE_CURVE('',#3188,#3290,#4934,.T.);
#4934 = LINE('',#4935,#4936);
#4935 = CARTESIAN_POINT('',(-2.429496640897,1.7,0.2479055467));
#4936 = VECTOR('',#4937,1.);
#4937 = DIRECTION('',(1.144237745222E-17,1.,0.));
#4938 = CYLINDRICAL_SURFACE('',#4939,0.3);
#4939 = AXIS2_PLACEMENT_3D('',#4940,#4941,#4942);
#4940 = CARTESIAN_POINT('',(-2.724938966801,1.7,0.3));
#4941 = DIRECTION('',(-1.144237745222E-17,-1.,0.));
#4942 = DIRECTION('',(0.984807753012,-1.126854202784E-17,-0.173648177667
    ));
#4943 = ADVANCED_FACE('',(#4944),#4950,.F.);
#4944 = FACE_BOUND('',#4945,.F.);
#4945 = EDGE_LOOP('',(#4946,#4947,#4948,#4949));
#4946 = ORIENTED_EDGE('',*,*,#3271,.T.);
#4947 = ORIENTED_EDGE('',*,*,#3289,.T.);
#4948 = ORIENTED_EDGE('',*,*,#4933,.F.);
#4949 = ORIENTED_EDGE('',*,*,#3187,.F.);
#4950 = PLANE('',#4951);
#4951 = AXIS2_PLACEMENT_3D('',#4952,#4953,#4954);
#4952 = CARTESIAN_POINT('',(-2.348480775301,1.7,0.742364817767));
#4953 = DIRECTION('',(-0.986841372087,1.129181146488E-17,0.161691392282)
  );
#4954 = DIRECTION('',(-0.161691392282,1.85013394127E-18,-0.986841372087)
  );
#4955 = ADVANCED_FACE('',(#4956),#4967,.F.);
#4956 = FACE_BOUND('',#4957,.F.);
#4957 = EDGE_LOOP('',(#4958,#4964,#4965,#4966));
#4958 = ORIENTED_EDGE('',*,*,#4959,.T.);
#4959 = EDGE_CURVE('',#3416,#3518,#4960,.T.);
#4960 = LINE('',#4961,#4962);
#4961 = CARTESIAN_POINT('',(2.6264581915,2.11,0.282635182233));
#4962 = VECTOR('',#4963,1.);
#4963 = DIRECTION('',(1.110223024625E-16,-1.,0.));
#4964 = ORIENTED_EDGE('',*,*,#3526,.T.);
#4965 = ORIENTED_EDGE('',*,*,#4426,.F.);
#4966 = ORIENTED_EDGE('',*,*,#3424,.F.);
#4967 = PLANE('',#4968);
#4968 = AXIS2_PLACEMENT_3D('',#4969,#4970,#4971);
#4969 = CARTESIAN_POINT('',(2.6264581915,2.11,0.282635182233));
#4970 = DIRECTION('',(-0.986841372087,-1.095614012943E-16,
    -0.161691392282));
#4971 = DIRECTION('',(-0.161691392282,-1.795135065956E-17,0.986841372087
    ));
#4972 = ADVANCED_FACE('',(#4973),#4984,.F.);
#4973 = FACE_BOUND('',#4974,.F.);
#4974 = EDGE_LOOP('',(#4975,#4981,#4982,#4983));
#4975 = ORIENTED_EDGE('',*,*,#4976,.T.);
#4976 = EDGE_CURVE('',#3408,#3510,#4977,.T.);
#4977 = LINE('',#4978,#4979);
#4978 = CARTESIAN_POINT('',(2.724938966801,2.11,0.2));
#4979 = VECTOR('',#4980,1.);
#4980 = DIRECTION('',(1.110223024625E-16,-1.,0.));
#4981 = ORIENTED_EDGE('',*,*,#3517,.T.);
#4982 = ORIENTED_EDGE('',*,*,#4959,.F.);
#4983 = ORIENTED_EDGE('',*,*,#3415,.F.);
#4984 = CYLINDRICAL_SURFACE('',#4985,0.1);
#4985 = AXIS2_PLACEMENT_3D('',#4986,#4987,#4988);
#4986 = CARTESIAN_POINT('',(2.724938966801,2.11,0.3));
#4987 = DIRECTION('',(-1.110223024625E-16,1.,0.));
#4988 = DIRECTION('',(0.,0.,-1.));
#4989 = ADVANCED_FACE('',(#4990),#5001,.F.);
#4990 = FACE_BOUND('',#4991,.F.);
#4991 = EDGE_LOOP('',(#4992,#4998,#4999,#5000));
#4992 = ORIENTED_EDGE('',*,*,#4993,.T.);
#4993 = EDGE_CURVE('',#3400,#3502,#4994,.T.);
#4994 = LINE('',#4995,#4996);
#4995 = CARTESIAN_POINT('',(3.,2.11,0.2));
#4996 = VECTOR('',#4997,1.);
#4997 = DIRECTION('',(1.110223024625E-16,-1.,0.));
#4998 = ORIENTED_EDGE('',*,*,#3509,.T.);
#4999 = ORIENTED_EDGE('',*,*,#4976,.F.);
#5000 = ORIENTED_EDGE('',*,*,#3407,.F.);
#5001 = PLANE('',#5002);
#5002 = AXIS2_PLACEMENT_3D('',#5003,#5004,#5005);
#5003 = CARTESIAN_POINT('',(3.,2.11,0.2));
#5004 = DIRECTION('',(0.,0.,-1.));
#5005 = DIRECTION('',(-1.,-1.110223024625E-16,-0.));
#5006 = ADVANCED_FACE('',(#5007),#5018,.F.);
#5007 = FACE_BOUND('',#5008,.F.);
#5008 = EDGE_LOOP('',(#5009,#5015,#5016,#5017));
#5009 = ORIENTED_EDGE('',*,*,#5010,.T.);
#5010 = EDGE_CURVE('',#3392,#3494,#5011,.T.);
#5011 = LINE('',#5012,#5013);
#5012 = CARTESIAN_POINT('',(3.,2.11,-1.665334536938E-16));
#5013 = VECTOR('',#5014,1.);
#5014 = DIRECTION('',(1.110223024625E-16,-1.,0.));
#5015 = ORIENTED_EDGE('',*,*,#3501,.T.);
#5016 = ORIENTED_EDGE('',*,*,#4993,.F.);
#5017 = ORIENTED_EDGE('',*,*,#3399,.F.);
#5018 = PLANE('',#5019);
#5019 = AXIS2_PLACEMENT_3D('',#5020,#5021,#5022);
#5020 = CARTESIAN_POINT('',(3.,2.11,-1.665334536938E-16));
#5021 = DIRECTION('',(-1.,-1.110223024625E-16,0.));
#5022 = DIRECTION('',(0.,0.,1.));
#5023 = ADVANCED_FACE('',(#5024),#5035,.F.);
#5024 = FACE_BOUND('',#5025,.F.);
#5025 = EDGE_LOOP('',(#5026,#5032,#5033,#5034));
#5026 = ORIENTED_EDGE('',*,*,#5027,.T.);
#5027 = EDGE_CURVE('',#3383,#3485,#5028,.T.);
#5028 = LINE('',#5029,#5030);
#5029 = CARTESIAN_POINT('',(2.724938966801,2.11,-1.665334536938E-16));
#5030 = VECTOR('',#5031,1.);
#5031 = DIRECTION('',(1.110223024625E-16,-1.,0.));
#5032 = ORIENTED_EDGE('',*,*,#3493,.T.);
#5033 = ORIENTED_EDGE('',*,*,#5010,.F.);
#5034 = ORIENTED_EDGE('',*,*,#3391,.F.);
#5035 = PLANE('',#5036);
#5036 = AXIS2_PLACEMENT_3D('',#5037,#5038,#5039);
#5037 = CARTESIAN_POINT('',(2.724938966801,2.11,-1.665334536938E-16));
#5038 = DIRECTION('',(0.,0.,1.));
#5039 = DIRECTION('',(1.,1.110223024625E-16,-0.));
#5040 = ADVANCED_FACE('',(#5041),#5052,.T.);
#5041 = FACE_BOUND('',#5042,.T.);
#5042 = EDGE_LOOP('',(#5043,#5044,#5045,#5046));
#5043 = ORIENTED_EDGE('',*,*,#3382,.T.);
#5044 = ORIENTED_EDGE('',*,*,#5027,.T.);
#5045 = ORIENTED_EDGE('',*,*,#3484,.F.);
#5046 = ORIENTED_EDGE('',*,*,#5047,.F.);
#5047 = EDGE_CURVE('',#3375,#3477,#5048,.T.);
#5048 = LINE('',#5049,#5050);
#5049 = CARTESIAN_POINT('',(2.429496640897,2.11,0.2479055467));
#5050 = VECTOR('',#5051,1.);
#5051 = DIRECTION('',(1.110223024625E-16,-1.,0.));
#5052 = CYLINDRICAL_SURFACE('',#5053,0.3);
#5053 = AXIS2_PLACEMENT_3D('',#5054,#5055,#5056);
#5054 = CARTESIAN_POINT('',(2.724938966801,2.11,0.3));
#5055 = DIRECTION('',(-1.110223024625E-16,1.,0.));
#5056 = DIRECTION('',(-0.984807753012,-1.093356242223E-16,
    -0.173648177667));
#5057 = ADVANCED_FACE('',(#5058),#5064,.F.);
#5058 = FACE_BOUND('',#5059,.F.);
#5059 = EDGE_LOOP('',(#5060,#5061,#5062,#5063));
#5060 = ORIENTED_EDGE('',*,*,#3458,.T.);
#5061 = ORIENTED_EDGE('',*,*,#3476,.T.);
#5062 = ORIENTED_EDGE('',*,*,#5047,.F.);
#5063 = ORIENTED_EDGE('',*,*,#3374,.F.);
#5064 = PLANE('',#5065);
#5065 = AXIS2_PLACEMENT_3D('',#5066,#5067,#5068);
#5066 = CARTESIAN_POINT('',(2.348480775301,2.11,0.742364817767));
#5067 = DIRECTION('',(0.986841372087,1.095614012943E-16,0.161691392282)
  );
#5068 = DIRECTION('',(0.161691392282,1.795135065956E-17,-0.986841372087)
  );
#5069 = ADVANCED_FACE('',(#5070),#5081,.T.);
#5070 = FACE_BOUND('',#5071,.T.);
#5071 = EDGE_LOOP('',(#5072,#5073,#5074,#5075));
#5072 = ORIENTED_EDGE('',*,*,#3636,.T.);
#5073 = ORIENTED_EDGE('',*,*,#4351,.T.);
#5074 = ORIENTED_EDGE('',*,*,#3745,.F.);
#5075 = ORIENTED_EDGE('',*,*,#5076,.F.);
#5076 = EDGE_CURVE('',#3629,#3738,#5077,.T.);
#5077 = LINE('',#5078,#5079);
#5078 = CARTESIAN_POINT('',(2.545442325904,0.84,0.7770944533));
#5079 = VECTOR('',#5080,1.);
#5080 = DIRECTION('',(1.110223024625E-16,-1.,0.));
#5081 = CYLINDRICAL_SURFACE('',#5082,0.3);
#5082 = AXIS2_PLACEMENT_3D('',#5083,#5084,#5085);
#5083 = CARTESIAN_POINT('',(2.25,0.84,0.725));
#5084 = DIRECTION('',(-1.110223024625E-16,1.,0.));
#5085 = DIRECTION('',(0.984807753012,1.093356242223E-16,0.173648177667)
  );
#5086 = ADVANCED_FACE('',(#5087),#5098,.F.);
#5087 = FACE_BOUND('',#5088,.F.);
#5088 = EDGE_LOOP('',(#5089,#5095,#5096,#5097));
#5089 = ORIENTED_EDGE('',*,*,#5090,.T.);
#5090 = EDGE_CURVE('',#3620,#3729,#5091,.T.);
#5091 = LINE('',#5092,#5093);
#5092 = CARTESIAN_POINT('',(2.6264581915,0.84,0.282635182233));
#5093 = VECTOR('',#5094,1.);
#5094 = DIRECTION('',(1.110223024625E-16,-1.,0.));
#5095 = ORIENTED_EDGE('',*,*,#3737,.T.);
#5096 = ORIENTED_EDGE('',*,*,#5076,.F.);
#5097 = ORIENTED_EDGE('',*,*,#3628,.F.);
#5098 = PLANE('',#5099);
#5099 = AXIS2_PLACEMENT_3D('',#5100,#5101,#5102);
#5100 = CARTESIAN_POINT('',(2.6264581915,0.84,0.282635182233));
#5101 = DIRECTION('',(-0.986841372087,-1.095614012943E-16,
    -0.161691392282));
#5102 = DIRECTION('',(-0.161691392282,-1.795135065956E-17,0.986841372087
    ));
#5103 = ADVANCED_FACE('',(#5104),#5115,.F.);
#5104 = FACE_BOUND('',#5105,.F.);
#5105 = EDGE_LOOP('',(#5106,#5112,#5113,#5114));
#5106 = ORIENTED_EDGE('',*,*,#5107,.T.);
#5107 = EDGE_CURVE('',#3612,#3721,#5108,.T.);
#5108 = LINE('',#5109,#5110);
#5109 = CARTESIAN_POINT('',(2.724938966801,0.84,0.2));
#5110 = VECTOR('',#5111,1.);
#5111 = DIRECTION('',(1.110223024625E-16,-1.,0.));
#5112 = ORIENTED_EDGE('',*,*,#3728,.T.);
#5113 = ORIENTED_EDGE('',*,*,#5090,.F.);
#5114 = ORIENTED_EDGE('',*,*,#3619,.F.);
#5115 = CYLINDRICAL_SURFACE('',#5116,0.1);
#5116 = AXIS2_PLACEMENT_3D('',#5117,#5118,#5119);
#5117 = CARTESIAN_POINT('',(2.724938966801,0.84,0.3));
#5118 = DIRECTION('',(-1.110223024625E-16,1.,0.));
#5119 = DIRECTION('',(0.,0.,-1.));
#5120 = ADVANCED_FACE('',(#5121),#5132,.F.);
#5121 = FACE_BOUND('',#5122,.F.);
#5122 = EDGE_LOOP('',(#5123,#5129,#5130,#5131));
#5123 = ORIENTED_EDGE('',*,*,#5124,.T.);
#5124 = EDGE_CURVE('',#3604,#3713,#5125,.T.);
#5125 = LINE('',#5126,#5127);
#5126 = CARTESIAN_POINT('',(3.,0.84,0.2));
#5127 = VECTOR('',#5128,1.);
#5128 = DIRECTION('',(1.110223024625E-16,-1.,0.));
#5129 = ORIENTED_EDGE('',*,*,#3720,.T.);
#5130 = ORIENTED_EDGE('',*,*,#5107,.F.);
#5131 = ORIENTED_EDGE('',*,*,#3611,.F.);
#5132 = PLANE('',#5133);
#5133 = AXIS2_PLACEMENT_3D('',#5134,#5135,#5136);
#5134 = CARTESIAN_POINT('',(3.,0.84,0.2));
#5135 = DIRECTION('',(0.,0.,-1.));
#5136 = DIRECTION('',(-1.,-1.110223024625E-16,-0.));
#5137 = ADVANCED_FACE('',(#5138),#5149,.F.);
#5138 = FACE_BOUND('',#5139,.F.);
#5139 = EDGE_LOOP('',(#5140,#5146,#5147,#5148));
#5140 = ORIENTED_EDGE('',*,*,#5141,.T.);
#5141 = EDGE_CURVE('',#3596,#3705,#5142,.T.);
#5142 = LINE('',#5143,#5144);
#5143 = CARTESIAN_POINT('',(3.,0.84,-1.665334536938E-16));
#5144 = VECTOR('',#5145,1.);
#5145 = DIRECTION('',(1.110223024625E-16,-1.,0.));
#5146 = ORIENTED_EDGE('',*,*,#3712,.T.);
#5147 = ORIENTED_EDGE('',*,*,#5124,.F.);
#5148 = ORIENTED_EDGE('',*,*,#3603,.F.);
#5149 = PLANE('',#5150);
#5150 = AXIS2_PLACEMENT_3D('',#5151,#5152,#5153);
#5151 = CARTESIAN_POINT('',(3.,0.84,-1.665334536938E-16));
#5152 = DIRECTION('',(-1.,-1.110223024625E-16,0.));
#5153 = DIRECTION('',(0.,0.,1.));
#5154 = ADVANCED_FACE('',(#5155),#5166,.F.);
#5155 = FACE_BOUND('',#5156,.F.);
#5156 = EDGE_LOOP('',(#5157,#5163,#5164,#5165));
#5157 = ORIENTED_EDGE('',*,*,#5158,.T.);
#5158 = EDGE_CURVE('',#3587,#3696,#5159,.T.);
#5159 = LINE('',#5160,#5161);
#5160 = CARTESIAN_POINT('',(2.724938966801,0.84,-1.665334536938E-16));
#5161 = VECTOR('',#5162,1.);
#5162 = DIRECTION('',(1.110223024625E-16,-1.,0.));
#5163 = ORIENTED_EDGE('',*,*,#3704,.T.);
#5164 = ORIENTED_EDGE('',*,*,#5141,.F.);
#5165 = ORIENTED_EDGE('',*,*,#3595,.F.);
#5166 = PLANE('',#5167);
#5167 = AXIS2_PLACEMENT_3D('',#5168,#5169,#5170);
#5168 = CARTESIAN_POINT('',(2.724938966801,0.84,-1.665334536938E-16));
#5169 = DIRECTION('',(0.,0.,1.));
#5170 = DIRECTION('',(1.,1.110223024625E-16,-0.));
#5171 = ADVANCED_FACE('',(#5172),#5183,.T.);
#5172 = FACE_BOUND('',#5173,.T.);
#5173 = EDGE_LOOP('',(#5174,#5175,#5176,#5177));
#5174 = ORIENTED_EDGE('',*,*,#3586,.T.);
#5175 = ORIENTED_EDGE('',*,*,#5158,.T.);
#5176 = ORIENTED_EDGE('',*,*,#3695,.F.);
#5177 = ORIENTED_EDGE('',*,*,#5178,.F.);
#5178 = EDGE_CURVE('',#3579,#3688,#5179,.T.);
#5179 = LINE('',#5180,#5181);
#5180 = CARTESIAN_POINT('',(2.429496640897,0.84,0.2479055467));
#5181 = VECTOR('',#5182,1.);
#5182 = DIRECTION('',(1.110223024625E-16,-1.,0.));
#5183 = CYLINDRICAL_SURFACE('',#5184,0.3);
#5184 = AXIS2_PLACEMENT_3D('',#5185,#5186,#5187);
#5185 = CARTESIAN_POINT('',(2.724938966801,0.84,0.3));
#5186 = DIRECTION('',(-1.110223024625E-16,1.,0.));
#5187 = DIRECTION('',(-0.984807753012,-1.093356242223E-16,
    -0.173648177667));
#5188 = ADVANCED_FACE('',(#5189),#5195,.F.);
#5189 = FACE_BOUND('',#5190,.F.);
#5190 = EDGE_LOOP('',(#5191,#5192,#5193,#5194));
#5191 = ORIENTED_EDGE('',*,*,#3669,.T.);
#5192 = ORIENTED_EDGE('',*,*,#3687,.T.);
#5193 = ORIENTED_EDGE('',*,*,#5178,.F.);
#5194 = ORIENTED_EDGE('',*,*,#3578,.F.);
#5195 = PLANE('',#5196);
#5196 = AXIS2_PLACEMENT_3D('',#5197,#5198,#5199);
#5197 = CARTESIAN_POINT('',(2.348480775301,0.84,0.742364817767));
#5198 = DIRECTION('',(0.986841372087,1.095614012943E-16,0.161691392282)
  );
#5199 = DIRECTION('',(0.161691392282,1.795135065956E-17,-0.986841372087)
  );
#5200 = ADVANCED_FACE('',(#5201),#5212,.T.);
#5201 = FACE_BOUND('',#5202,.T.);
#5202 = EDGE_LOOP('',(#5203,#5204,#5205,#5206));
#5203 = ORIENTED_EDGE('',*,*,#3859,.T.);
#5204 = ORIENTED_EDGE('',*,*,#4370,.T.);
#5205 = ORIENTED_EDGE('',*,*,#3968,.F.);
#5206 = ORIENTED_EDGE('',*,*,#5207,.F.);
#5207 = EDGE_CURVE('',#3852,#3961,#5208,.T.);
#5208 = LINE('',#5209,#5210);
#5209 = CARTESIAN_POINT('',(2.545442325904,-0.43,0.7770944533));
#5210 = VECTOR('',#5211,1.);
#5211 = DIRECTION('',(1.110223024625E-16,-1.,0.));
#5212 = CYLINDRICAL_SURFACE('',#5213,0.3);
#5213 = AXIS2_PLACEMENT_3D('',#5214,#5215,#5216);
#5214 = CARTESIAN_POINT('',(2.25,-0.43,0.725));
#5215 = DIRECTION('',(-1.110223024625E-16,1.,0.));
#5216 = DIRECTION('',(0.984807753012,1.093356242223E-16,0.173648177667)
  );
#5217 = ADVANCED_FACE('',(#5218),#5229,.F.);
#5218 = FACE_BOUND('',#5219,.F.);
#5219 = EDGE_LOOP('',(#5220,#5226,#5227,#5228));
#5220 = ORIENTED_EDGE('',*,*,#5221,.T.);
#5221 = EDGE_CURVE('',#3843,#3952,#5222,.T.);
#5222 = LINE('',#5223,#5224);
#5223 = CARTESIAN_POINT('',(2.6264581915,-0.43,0.282635182233));
#5224 = VECTOR('',#5225,1.);
#5225 = DIRECTION('',(1.110223024625E-16,-1.,0.));
#5226 = ORIENTED_EDGE('',*,*,#3960,.T.);
#5227 = ORIENTED_EDGE('',*,*,#5207,.F.);
#5228 = ORIENTED_EDGE('',*,*,#3851,.F.);
#5229 = PLANE('',#5230);
#5230 = AXIS2_PLACEMENT_3D('',#5231,#5232,#5233);
#5231 = CARTESIAN_POINT('',(2.6264581915,-0.43,0.282635182233));
#5232 = DIRECTION('',(-0.986841372087,-1.095614012943E-16,
    -0.161691392282));
#5233 = DIRECTION('',(-0.161691392282,-1.795135065956E-17,0.986841372087
    ));
#5234 = ADVANCED_FACE('',(#5235),#5246,.F.);
#5235 = FACE_BOUND('',#5236,.F.);
#5236 = EDGE_LOOP('',(#5237,#5243,#5244,#5245));
#5237 = ORIENTED_EDGE('',*,*,#5238,.T.);
#5238 = EDGE_CURVE('',#3835,#3944,#5239,.T.);
#5239 = LINE('',#5240,#5241);
#5240 = CARTESIAN_POINT('',(2.724938966801,-0.43,0.2));
#5241 = VECTOR('',#5242,1.);
#5242 = DIRECTION('',(1.110223024625E-16,-1.,0.));
#5243 = ORIENTED_EDGE('',*,*,#3951,.T.);
#5244 = ORIENTED_EDGE('',*,*,#5221,.F.);
#5245 = ORIENTED_EDGE('',*,*,#3842,.F.);
#5246 = CYLINDRICAL_SURFACE('',#5247,0.1);
#5247 = AXIS2_PLACEMENT_3D('',#5248,#5249,#5250);
#5248 = CARTESIAN_POINT('',(2.724938966801,-0.43,0.3));
#5249 = DIRECTION('',(-1.110223024625E-16,1.,0.));
#5250 = DIRECTION('',(0.,0.,-1.));
#5251 = ADVANCED_FACE('',(#5252),#5263,.F.);
#5252 = FACE_BOUND('',#5253,.F.);
#5253 = EDGE_LOOP('',(#5254,#5260,#5261,#5262));
#5254 = ORIENTED_EDGE('',*,*,#5255,.T.);
#5255 = EDGE_CURVE('',#3827,#3936,#5256,.T.);
#5256 = LINE('',#5257,#5258);
#5257 = CARTESIAN_POINT('',(3.,-0.43,0.2));
#5258 = VECTOR('',#5259,1.);
#5259 = DIRECTION('',(1.110223024625E-16,-1.,0.));
#5260 = ORIENTED_EDGE('',*,*,#3943,.T.);
#5261 = ORIENTED_EDGE('',*,*,#5238,.F.);
#5262 = ORIENTED_EDGE('',*,*,#3834,.F.);
#5263 = PLANE('',#5264);
#5264 = AXIS2_PLACEMENT_3D('',#5265,#5266,#5267);
#5265 = CARTESIAN_POINT('',(3.,-0.43,0.2));
#5266 = DIRECTION('',(0.,0.,-1.));
#5267 = DIRECTION('',(-1.,-1.110223024625E-16,-0.));
#5268 = ADVANCED_FACE('',(#5269),#5280,.F.);
#5269 = FACE_BOUND('',#5270,.F.);
#5270 = EDGE_LOOP('',(#5271,#5277,#5278,#5279));
#5271 = ORIENTED_EDGE('',*,*,#5272,.T.);
#5272 = EDGE_CURVE('',#3819,#3928,#5273,.T.);
#5273 = LINE('',#5274,#5275);
#5274 = CARTESIAN_POINT('',(3.,-0.43,-1.665334536938E-16));
#5275 = VECTOR('',#5276,1.);
#5276 = DIRECTION('',(1.110223024625E-16,-1.,0.));
#5277 = ORIENTED_EDGE('',*,*,#3935,.T.);
#5278 = ORIENTED_EDGE('',*,*,#5255,.F.);
#5279 = ORIENTED_EDGE('',*,*,#3826,.F.);
#5280 = PLANE('',#5281);
#5281 = AXIS2_PLACEMENT_3D('',#5282,#5283,#5284);
#5282 = CARTESIAN_POINT('',(3.,-0.43,-1.665334536938E-16));
#5283 = DIRECTION('',(-1.,-1.110223024625E-16,0.));
#5284 = DIRECTION('',(0.,0.,1.));
#5285 = ADVANCED_FACE('',(#5286),#5297,.F.);
#5286 = FACE_BOUND('',#5287,.F.);
#5287 = EDGE_LOOP('',(#5288,#5294,#5295,#5296));
#5288 = ORIENTED_EDGE('',*,*,#5289,.T.);
#5289 = EDGE_CURVE('',#3810,#3919,#5290,.T.);
#5290 = LINE('',#5291,#5292);
#5291 = CARTESIAN_POINT('',(2.724938966801,-0.43,-1.665334536938E-16));
#5292 = VECTOR('',#5293,1.);
#5293 = DIRECTION('',(1.110223024625E-16,-1.,0.));
#5294 = ORIENTED_EDGE('',*,*,#3927,.T.);
#5295 = ORIENTED_EDGE('',*,*,#5272,.F.);
#5296 = ORIENTED_EDGE('',*,*,#3818,.F.);
#5297 = PLANE('',#5298);
#5298 = AXIS2_PLACEMENT_3D('',#5299,#5300,#5301);
#5299 = CARTESIAN_POINT('',(2.724938966801,-0.43,-1.665334536938E-16));
#5300 = DIRECTION('',(0.,0.,1.));
#5301 = DIRECTION('',(1.,1.110223024625E-16,-0.));
#5302 = ADVANCED_FACE('',(#5303),#5314,.T.);
#5303 = FACE_BOUND('',#5304,.T.);
#5304 = EDGE_LOOP('',(#5305,#5306,#5307,#5308));
#5305 = ORIENTED_EDGE('',*,*,#3809,.T.);
#5306 = ORIENTED_EDGE('',*,*,#5289,.T.);
#5307 = ORIENTED_EDGE('',*,*,#3918,.F.);
#5308 = ORIENTED_EDGE('',*,*,#5309,.F.);
#5309 = EDGE_CURVE('',#3802,#3911,#5310,.T.);
#5310 = LINE('',#5311,#5312);
#5311 = CARTESIAN_POINT('',(2.429496640897,-0.43,0.2479055467));
#5312 = VECTOR('',#5313,1.);
#5313 = DIRECTION('',(1.110223024625E-16,-1.,0.));
#5314 = CYLINDRICAL_SURFACE('',#5315,0.3);
#5315 = AXIS2_PLACEMENT_3D('',#5316,#5317,#5318);
#5316 = CARTESIAN_POINT('',(2.724938966801,-0.43,0.3));
#5317 = DIRECTION('',(-1.110223024625E-16,1.,0.));
#5318 = DIRECTION('',(-0.984807753012,-1.093356242223E-16,
    -0.173648177667));
#5319 = ADVANCED_FACE('',(#5320),#5326,.F.);
#5320 = FACE_BOUND('',#5321,.F.);
#5321 = EDGE_LOOP('',(#5322,#5323,#5324,#5325));
#5322 = ORIENTED_EDGE('',*,*,#3892,.T.);
#5323 = ORIENTED_EDGE('',*,*,#3910,.T.);
#5324 = ORIENTED_EDGE('',*,*,#5309,.F.);
#5325 = ORIENTED_EDGE('',*,*,#3801,.F.);
#5326 = PLANE('',#5327);
#5327 = AXIS2_PLACEMENT_3D('',#5328,#5329,#5330);
#5328 = CARTESIAN_POINT('',(2.348480775301,-0.43,0.742364817767));
#5329 = DIRECTION('',(0.986841372087,1.095614012943E-16,0.161691392282)
  );
#5330 = DIRECTION('',(0.161691392282,1.795135065956E-17,-0.986841372087)
  );
#5331 = ADVANCED_FACE('',(#5332),#5343,.T.);
#5332 = FACE_BOUND('',#5333,.T.);
#5333 = EDGE_LOOP('',(#5334,#5335,#5336,#5337));
#5334 = ORIENTED_EDGE('',*,*,#4082,.T.);
#5335 = ORIENTED_EDGE('',*,*,#4389,.T.);
#5336 = ORIENTED_EDGE('',*,*,#4191,.F.);
#5337 = ORIENTED_EDGE('',*,*,#5338,.F.);
#5338 = EDGE_CURVE('',#4075,#4184,#5339,.T.);
#5339 = LINE('',#5340,#5341);
#5340 = CARTESIAN_POINT('',(2.545442325904,-1.7,0.7770944533));
#5341 = VECTOR('',#5342,1.);
#5342 = DIRECTION('',(1.110223024625E-16,-1.,0.));
#5343 = CYLINDRICAL_SURFACE('',#5344,0.3);
#5344 = AXIS2_PLACEMENT_3D('',#5345,#5346,#5347);
#5345 = CARTESIAN_POINT('',(2.25,-1.7,0.725));
#5346 = DIRECTION('',(-1.110223024625E-16,1.,0.));
#5347 = DIRECTION('',(0.984807753012,1.093356242223E-16,0.173648177667)
  );
#5348 = ADVANCED_FACE('',(#5349),#5360,.F.);
#5349 = FACE_BOUND('',#5350,.F.);
#5350 = EDGE_LOOP('',(#5351,#5357,#5358,#5359));
#5351 = ORIENTED_EDGE('',*,*,#5352,.T.);
#5352 = EDGE_CURVE('',#4066,#4175,#5353,.T.);
#5353 = LINE('',#5354,#5355);
#5354 = CARTESIAN_POINT('',(2.6264581915,-1.7,0.282635182233));
#5355 = VECTOR('',#5356,1.);
#5356 = DIRECTION('',(1.110223024625E-16,-1.,0.));
#5357 = ORIENTED_EDGE('',*,*,#4183,.T.);
#5358 = ORIENTED_EDGE('',*,*,#5338,.F.);
#5359 = ORIENTED_EDGE('',*,*,#4074,.F.);
#5360 = PLANE('',#5361);
#5361 = AXIS2_PLACEMENT_3D('',#5362,#5363,#5364);
#5362 = CARTESIAN_POINT('',(2.6264581915,-1.7,0.282635182233));
#5363 = DIRECTION('',(-0.986841372087,-1.095614012943E-16,
    -0.161691392282));
#5364 = DIRECTION('',(-0.161691392282,-1.795135065956E-17,0.986841372087
    ));
#5365 = ADVANCED_FACE('',(#5366),#5377,.F.);
#5366 = FACE_BOUND('',#5367,.F.);
#5367 = EDGE_LOOP('',(#5368,#5374,#5375,#5376));
#5368 = ORIENTED_EDGE('',*,*,#5369,.T.);
#5369 = EDGE_CURVE('',#4058,#4167,#5370,.T.);
#5370 = LINE('',#5371,#5372);
#5371 = CARTESIAN_POINT('',(2.724938966801,-1.7,0.2));
#5372 = VECTOR('',#5373,1.);
#5373 = DIRECTION('',(1.110223024625E-16,-1.,0.));
#5374 = ORIENTED_EDGE('',*,*,#4174,.T.);
#5375 = ORIENTED_EDGE('',*,*,#5352,.F.);
#5376 = ORIENTED_EDGE('',*,*,#4065,.F.);
#5377 = CYLINDRICAL_SURFACE('',#5378,0.1);
#5378 = AXIS2_PLACEMENT_3D('',#5379,#5380,#5381);
#5379 = CARTESIAN_POINT('',(2.724938966801,-1.7,0.3));
#5380 = DIRECTION('',(-1.110223024625E-16,1.,0.));
#5381 = DIRECTION('',(0.,0.,-1.));
#5382 = ADVANCED_FACE('',(#5383),#5394,.F.);
#5383 = FACE_BOUND('',#5384,.F.);
#5384 = EDGE_LOOP('',(#5385,#5391,#5392,#5393));
#5385 = ORIENTED_EDGE('',*,*,#5386,.T.);
#5386 = EDGE_CURVE('',#4050,#4159,#5387,.T.);
#5387 = LINE('',#5388,#5389);
#5388 = CARTESIAN_POINT('',(3.,-1.7,0.2));
#5389 = VECTOR('',#5390,1.);
#5390 = DIRECTION('',(1.110223024625E-16,-1.,0.));
#5391 = ORIENTED_EDGE('',*,*,#4166,.T.);
#5392 = ORIENTED_EDGE('',*,*,#5369,.F.);
#5393 = ORIENTED_EDGE('',*,*,#4057,.F.);
#5394 = PLANE('',#5395);
#5395 = AXIS2_PLACEMENT_3D('',#5396,#5397,#5398);
#5396 = CARTESIAN_POINT('',(3.,-1.7,0.2));
#5397 = DIRECTION('',(0.,0.,-1.));
#5398 = DIRECTION('',(-1.,-1.110223024625E-16,-0.));
#5399 = ADVANCED_FACE('',(#5400),#5411,.F.);
#5400 = FACE_BOUND('',#5401,.F.);
#5401 = EDGE_LOOP('',(#5402,#5408,#5409,#5410));
#5402 = ORIENTED_EDGE('',*,*,#5403,.T.);
#5403 = EDGE_CURVE('',#4042,#4151,#5404,.T.);
#5404 = LINE('',#5405,#5406);
#5405 = CARTESIAN_POINT('',(3.,-1.7,-1.665334536938E-16));
#5406 = VECTOR('',#5407,1.);
#5407 = DIRECTION('',(1.110223024625E-16,-1.,0.));
#5408 = ORIENTED_EDGE('',*,*,#4158,.T.);
#5409 = ORIENTED_EDGE('',*,*,#5386,.F.);
#5410 = ORIENTED_EDGE('',*,*,#4049,.F.);
#5411 = PLANE('',#5412);
#5412 = AXIS2_PLACEMENT_3D('',#5413,#5414,#5415);
#5413 = CARTESIAN_POINT('',(3.,-1.7,-1.665334536938E-16));
#5414 = DIRECTION('',(-1.,-1.110223024625E-16,0.));
#5415 = DIRECTION('',(0.,0.,1.));
#5416 = ADVANCED_FACE('',(#5417),#5428,.F.);
#5417 = FACE_BOUND('',#5418,.F.);
#5418 = EDGE_LOOP('',(#5419,#5425,#5426,#5427));
#5419 = ORIENTED_EDGE('',*,*,#5420,.T.);
#5420 = EDGE_CURVE('',#4033,#4142,#5421,.T.);
#5421 = LINE('',#5422,#5423);
#5422 = CARTESIAN_POINT('',(2.724938966801,-1.7,-1.665334536938E-16));
#5423 = VECTOR('',#5424,1.);
#5424 = DIRECTION('',(1.110223024625E-16,-1.,0.));
#5425 = ORIENTED_EDGE('',*,*,#4150,.T.);
#5426 = ORIENTED_EDGE('',*,*,#5403,.F.);
#5427 = ORIENTED_EDGE('',*,*,#4041,.F.);
#5428 = PLANE('',#5429);
#5429 = AXIS2_PLACEMENT_3D('',#5430,#5431,#5432);
#5430 = CARTESIAN_POINT('',(2.724938966801,-1.7,-1.665334536938E-16));
#5431 = DIRECTION('',(0.,0.,1.));
#5432 = DIRECTION('',(1.,1.110223024625E-16,-0.));
#5433 = ADVANCED_FACE('',(#5434),#5445,.T.);
#5434 = FACE_BOUND('',#5435,.T.);
#5435 = EDGE_LOOP('',(#5436,#5437,#5438,#5439));
#5436 = ORIENTED_EDGE('',*,*,#4032,.T.);
#5437 = ORIENTED_EDGE('',*,*,#5420,.T.);
#5438 = ORIENTED_EDGE('',*,*,#4141,.F.);
#5439 = ORIENTED_EDGE('',*,*,#5440,.F.);
#5440 = EDGE_CURVE('',#4025,#4134,#5441,.T.);
#5441 = LINE('',#5442,#5443);
#5442 = CARTESIAN_POINT('',(2.429496640897,-1.7,0.2479055467));
#5443 = VECTOR('',#5444,1.);
#5444 = DIRECTION('',(1.110223024625E-16,-1.,0.));
#5445 = CYLINDRICAL_SURFACE('',#5446,0.3);
#5446 = AXIS2_PLACEMENT_3D('',#5447,#5448,#5449);
#5447 = CARTESIAN_POINT('',(2.724938966801,-1.7,0.3));
#5448 = DIRECTION('',(-1.110223024625E-16,1.,0.));
#5449 = DIRECTION('',(-0.984807753012,-1.093356242223E-16,
    -0.173648177667));
#5450 = ADVANCED_FACE('',(#5451),#5457,.F.);
#5451 = FACE_BOUND('',#5452,.F.);
#5452 = EDGE_LOOP('',(#5453,#5454,#5455,#5456));
#5453 = ORIENTED_EDGE('',*,*,#4115,.T.);
#5454 = ORIENTED_EDGE('',*,*,#4133,.T.);
#5455 = ORIENTED_EDGE('',*,*,#5440,.F.);
#5456 = ORIENTED_EDGE('',*,*,#4024,.F.);
#5457 = PLANE('',#5458);
#5458 = AXIS2_PLACEMENT_3D('',#5459,#5460,#5461);
#5459 = CARTESIAN_POINT('',(2.348480775301,-1.7,0.742364817767));
#5460 = DIRECTION('',(0.986841372087,1.095614012943E-16,0.161691392282)
  );
#5461 = DIRECTION('',(0.161691392282,1.795135065956E-17,-0.986841372087)
  );
#5462 = ADVANCED_FACE('',(#5463),#5464,.F.);
#5463 = FACE_BOUND('',#4315,.T.);
#5464 = PLANE('',#5465);
#5465 = AXIS2_PLACEMENT_3D('',#5466,#5467,#5468);
#5466 = CARTESIAN_POINT('',(-1.110171280765,1.610171280765,1.75));
#5467 = DIRECTION('',(0.,0.,-1.));
#5468 = DIRECTION('',(1.110223024625E-16,-1.,0.));
#5469 = ( GEOMETRIC_REPRESENTATION_CONTEXT(3) 
GLOBAL_UNCERTAINTY_ASSIGNED_CONTEXT((#5473)) 
GLOBAL_UNIT_ASSIGNED_CONTEXT((#5470,#5471,#5472)) REPRESENTATION_CONTEXT
('Context #1','3D Context with UNIT and UNCERTAINTY') );
#5470 = ( LENGTH_UNIT() NAMED_UNIT(*) SI_UNIT(.MILLI.,.METRE.) );
#5471 = ( NAMED_UNIT(*) PLANE_ANGLE_UNIT() SI_UNIT($,.RADIAN.) );
#5472 = ( NAMED_UNIT(*) SI_UNIT($,.STERADIAN.) SOLID_ANGLE_UNIT() );
#5473 = UNCERTAINTY_MEASURE_WITH_UNIT(LENGTH_MEASURE(1.E-07),#5470,
  'distance_accuracy_value','confusion accuracy');
#5474 = CONTEXT_DEPENDENT_SHAPE_REPRESENTATION(#5475,#5477);
#5475 = ( REPRESENTATION_RELATIONSHIP('','',#1000,#977) 
REPRESENTATION_RELATIONSHIP_WITH_TRANSFORMATION(#5476) 
SHAPE_REPRESENTATION_RELATIONSHIP() );
#5476 = ITEM_DEFINED_TRANSFORMATION('','',#11,#978);
#5477 = PRODUCT_DEFINITION_SHAPE('Placement','Placement of an item',
  #5478);
#5478 = NEXT_ASSEMBLY_USAGE_OCCURRENCE('4','=>[0:1:1:5]','',#972,#995,$
  );
#5479 = PRODUCT_RELATED_PRODUCT_CATEGORY('part',$,(#997));
#5480 = CONTEXT_DEPENDENT_SHAPE_REPRESENTATION(#5481,#5483);
#5481 = ( REPRESENTATION_RELATIONSHIP('','',#76,#10) 
REPRESENTATION_RELATIONSHIP_WITH_TRANSFORMATION(#5482) 
SHAPE_REPRESENTATION_RELATIONSHIP() );
#5482 = ITEM_DEFINED_TRANSFORMATION('','',#11,#27);
#5483 = PRODUCT_DEFINITION_SHAPE('Placement','Placement of an item',
  #5484);
#5484 = NEXT_ASSEMBLY_USAGE_OCCURRENCE('6','C24','',#5,#71,$);
#5485 = CONTEXT_DEPENDENT_SHAPE_REPRESENTATION(#5486,#5488);
#5486 = ( REPRESENTATION_RELATIONSHIP('','',#76,#10) 
REPRESENTATION_RELATIONSHIP_WITH_TRANSFORMATION(#5487) 
SHAPE_REPRESENTATION_RELATIONSHIP() );
#5487 = ITEM_DEFINED_TRANSFORMATION('','',#11,#31);
#5488 = PRODUCT_DEFINITION_SHAPE('Placement','Placement of an item',
  #5489);
#5489 = NEXT_ASSEMBLY_USAGE_OCCURRENCE('7','C23','',#5,#71,$);
#5490 = SHAPE_DEFINITION_REPRESENTATION(#5491,#5497);
#5491 = PRODUCT_DEFINITION_SHAPE('','',#5492);
#5492 = PRODUCT_DEFINITION('design','',#5493,#5496);
#5493 = PRODUCT_DEFINITION_FORMATION('','',#5494);
#5494 = PRODUCT('R_0603_1608Metric','R_0603_1608Metric','',(#5495));
#5495 = PRODUCT_CONTEXT('',#2,'mechanical');
#5496 = PRODUCT_DEFINITION_CONTEXT('part definition',#2,'design');
#5497 = SHAPE_REPRESENTATION('',(#11,#5498),#5502);
#5498 = AXIS2_PLACEMENT_3D('',#5499,#5500,#5501);
#5499 = CARTESIAN_POINT('',(0.,0.,0.));
#5500 = DIRECTION('',(0.,0.,1.));
#5501 = DIRECTION('',(1.,0.,-0.));
#5502 = ( GEOMETRIC_REPRESENTATION_CONTEXT(3) 
GLOBAL_UNCERTAINTY_ASSIGNED_CONTEXT((#5506)) 
GLOBAL_UNIT_ASSIGNED_CONTEXT((#5503,#5504,#5505)) REPRESENTATION_CONTEXT
('Context #1','3D Context with UNIT and UNCERTAINTY') );
#5503 = ( LENGTH_UNIT() NAMED_UNIT(*) SI_UNIT(.MILLI.,.METRE.) );
#5504 = ( NAMED_UNIT(*) PLANE_ANGLE_UNIT() SI_UNIT($,.RADIAN.) );
#5505 = ( NAMED_UNIT(*) SI_UNIT($,.STERADIAN.) SOLID_ANGLE_UNIT() );
#5506 = UNCERTAINTY_MEASURE_WITH_UNIT(LENGTH_MEASURE(1.E-07),#5503,
  'distance_accuracy_value','confusion accuracy');
#5507 = CONTEXT_DEPENDENT_SHAPE_REPRESENTATION(#5508,#5510);
#5508 = ( REPRESENTATION_RELATIONSHIP('','',#5497,#10) 
REPRESENTATION_RELATIONSHIP_WITH_TRANSFORMATION(#5509) 
SHAPE_REPRESENTATION_RELATIONSHIP() );
#5509 = ITEM_DEFINED_TRANSFORMATION('','',#11,#35);
#5510 = PRODUCT_DEFINITION_SHAPE('Placement','Placement of an item',
  #5511);
#5511 = NEXT_ASSEMBLY_USAGE_OCCURRENCE('9','R22','',#5,#5492,$);
#5512 = PRODUCT_RELATED_PRODUCT_CATEGORY('part',$,(#5494));
#5513 = SHAPE_DEFINITION_REPRESENTATION(#5514,#5520);
#5514 = PRODUCT_DEFINITION_SHAPE('','',#5515);
#5515 = PRODUCT_DEFINITION('design','',#5516,#5519);
#5516 = PRODUCT_DEFINITION_FORMATION('','',#5517);
#5517 = PRODUCT('R_0603_1608Metric','R_0603_1608Metric','',(#5518));
#5518 = PRODUCT_CONTEXT('',#2,'mechanical');
#5519 = PRODUCT_DEFINITION_CONTEXT('part definition',#2,'design');
#5520 = ADVANCED_BREP_SHAPE_REPRESENTATION('',(#11,#5521),#6311);
#5521 = MANIFOLD_SOLID_BREP('',#5522);
#5522 = CLOSED_SHELL('',(#5523,#5563,#5646,#5671,#5696,#5763,#5780,#5797
    ,#5846,#5863,#5880,#5929,#5946,#6015,#6046,#6070,#6139,#6163,#6180,
    #6197,#6214,#6231,#6248,#6265,#6282,#6299));
#5523 = ADVANCED_FACE('',(#5524),#5558,.F.);
#5524 = FACE_BOUND('',#5525,.F.);
#5525 = EDGE_LOOP('',(#5526,#5536,#5544,#5552));
#5526 = ORIENTED_EDGE('',*,*,#5527,.F.);
#5527 = EDGE_CURVE('',#5528,#5530,#5532,.T.);
#5528 = VERTEX_POINT('',#5529);
#5529 = CARTESIAN_POINT('',(-0.8,-0.4,4.5E-02));
#5530 = VERTEX_POINT('',#5531);
#5531 = CARTESIAN_POINT('',(-0.8,-0.4,0.405));
#5532 = LINE('',#5533,#5534);
#5533 = CARTESIAN_POINT('',(-0.8,-0.4,0.));
#5534 = VECTOR('',#5535,1.);
#5535 = DIRECTION('',(0.,0.,1.));
#5536 = ORIENTED_EDGE('',*,*,#5537,.T.);
#5537 = EDGE_CURVE('',#5528,#5538,#5540,.T.);
#5538 = VERTEX_POINT('',#5539);
#5539 = CARTESIAN_POINT('',(-0.8,0.4,4.5E-02));
#5540 = LINE('',#5541,#5542);
#5541 = CARTESIAN_POINT('',(-0.8,-0.4,4.5E-02));
#5542 = VECTOR('',#5543,1.);
#5543 = DIRECTION('',(0.,1.,0.));
#5544 = ORIENTED_EDGE('',*,*,#5545,.T.);
#5545 = EDGE_CURVE('',#5538,#5546,#5548,.T.);
#5546 = VERTEX_POINT('',#5547);
#5547 = CARTESIAN_POINT('',(-0.8,0.4,0.405));
#5548 = LINE('',#5549,#5550);
#5549 = CARTESIAN_POINT('',(-0.8,0.4,0.));
#5550 = VECTOR('',#5551,1.);
#5551 = DIRECTION('',(0.,0.,1.));
#5552 = ORIENTED_EDGE('',*,*,#5553,.F.);
#5553 = EDGE_CURVE('',#5530,#5546,#5554,.T.);
#5554 = LINE('',#5555,#5556);
#5555 = CARTESIAN_POINT('',(-0.8,-0.4,0.405));
#5556 = VECTOR('',#5557,1.);
#5557 = DIRECTION('',(0.,1.,0.));
#5558 = PLANE('',#5559);
#5559 = AXIS2_PLACEMENT_3D('',#5560,#5561,#5562);
#5560 = CARTESIAN_POINT('',(-0.8,-0.4,0.));
#5561 = DIRECTION('',(1.,0.,0.));
#5562 = DIRECTION('',(0.,0.,1.));
#5563 = ADVANCED_FACE('',(#5564),#5641,.F.);
#5564 = FACE_BOUND('',#5565,.F.);
#5565 = EDGE_LOOP('',(#5566,#5576,#5583,#5584,#5593,#5601,#5610,#5618,
    #5626,#5634));
#5566 = ORIENTED_EDGE('',*,*,#5567,.F.);
#5567 = EDGE_CURVE('',#5568,#5570,#5572,.T.);
#5568 = VERTEX_POINT('',#5569);
#5569 = CARTESIAN_POINT('',(-0.755,-0.4,-2.775557561563E-17));
#5570 = VERTEX_POINT('',#5571);
#5571 = CARTESIAN_POINT('',(-0.545,-0.4,-2.775557561563E-17));
#5572 = LINE('',#5573,#5574);
#5573 = CARTESIAN_POINT('',(-0.8,-0.4,0.));
#5574 = VECTOR('',#5575,1.);
#5575 = DIRECTION('',(1.,0.,0.));
#5576 = ORIENTED_EDGE('',*,*,#5577,.F.);
#5577 = EDGE_CURVE('',#5528,#5568,#5578,.T.);
#5578 = CIRCLE('',#5579,4.5E-02);
#5579 = AXIS2_PLACEMENT_3D('',#5580,#5581,#5582);
#5580 = CARTESIAN_POINT('',(-0.755,-0.4,4.5E-02));
#5581 = DIRECTION('',(0.,-1.,0.));
#5582 = DIRECTION('',(0.,0.,1.));
#5583 = ORIENTED_EDGE('',*,*,#5527,.T.);
#5584 = ORIENTED_EDGE('',*,*,#5585,.T.);
#5585 = EDGE_CURVE('',#5530,#5586,#5588,.T.);
#5586 = VERTEX_POINT('',#5587);
#5587 = CARTESIAN_POINT('',(-0.755,-0.4,0.45));
#5588 = CIRCLE('',#5589,4.5E-02);
#5589 = AXIS2_PLACEMENT_3D('',#5590,#5591,#5592);
#5590 = CARTESIAN_POINT('',(-0.755,-0.4,0.405));
#5591 = DIRECTION('',(0.,1.,0.));
#5592 = DIRECTION('',(0.,-0.,1.));
#5593 = ORIENTED_EDGE('',*,*,#5594,.T.);
#5594 = EDGE_CURVE('',#5586,#5595,#5597,.T.);
#5595 = VERTEX_POINT('',#5596);
#5596 = CARTESIAN_POINT('',(-0.545,-0.4,0.45));
#5597 = LINE('',#5598,#5599);
#5598 = CARTESIAN_POINT('',(-0.8,-0.4,0.45));
#5599 = VECTOR('',#5600,1.);
#5600 = DIRECTION('',(1.,0.,0.));
#5601 = ORIENTED_EDGE('',*,*,#5602,.F.);
#5602 = EDGE_CURVE('',#5603,#5595,#5605,.T.);
#5603 = VERTEX_POINT('',#5604);
#5604 = CARTESIAN_POINT('',(-0.5,-0.4,0.405));
#5605 = CIRCLE('',#5606,4.5E-02);
#5606 = AXIS2_PLACEMENT_3D('',#5607,#5608,#5609);
#5607 = CARTESIAN_POINT('',(-0.545,-0.4,0.405));
#5608 = DIRECTION('',(0.,-1.,0.));
#5609 = DIRECTION('',(0.,0.,1.));
#5610 = ORIENTED_EDGE('',*,*,#5611,.F.);
#5611 = EDGE_CURVE('',#5612,#5603,#5614,.T.);
#5612 = VERTEX_POINT('',#5613);
#5613 = CARTESIAN_POINT('',(-0.755,-0.4,0.405));
#5614 = LINE('',#5615,#5616);
#5615 = CARTESIAN_POINT('',(-0.755,-0.4,0.405));
#5616 = VECTOR('',#5617,1.);
#5617 = DIRECTION('',(1.,0.,0.));
#5618 = ORIENTED_EDGE('',*,*,#5619,.F.);
#5619 = EDGE_CURVE('',#5620,#5612,#5622,.T.);
#5620 = VERTEX_POINT('',#5621);
#5621 = CARTESIAN_POINT('',(-0.755,-0.4,4.5E-02));
#5622 = LINE('',#5623,#5624);
#5623 = CARTESIAN_POINT('',(-0.755,-0.4,4.5E-02));
#5624 = VECTOR('',#5625,1.);
#5625 = DIRECTION('',(0.,0.,1.));
#5626 = ORIENTED_EDGE('',*,*,#5627,.T.);
#5627 = EDGE_CURVE('',#5620,#5628,#5630,.T.);
#5628 = VERTEX_POINT('',#5629);
#5629 = CARTESIAN_POINT('',(-0.5,-0.4,4.5E-02));
#5630 = LINE('',#5631,#5632);
#5631 = CARTESIAN_POINT('',(-0.755,-0.4,4.5E-02));
#5632 = VECTOR('',#5633,1.);
#5633 = DIRECTION('',(1.,0.,0.));
#5634 = ORIENTED_EDGE('',*,*,#5635,.T.);
#5635 = EDGE_CURVE('',#5628,#5570,#5636,.T.);
#5636 = CIRCLE('',#5637,4.5E-02);
#5637 = AXIS2_PLACEMENT_3D('',#5638,#5639,#5640);
#5638 = CARTESIAN_POINT('',(-0.545,-0.4,4.5E-02));
#5639 = DIRECTION('',(0.,1.,0.));
#5640 = DIRECTION('',(0.,-0.,1.));
#5641 = PLANE('',#5642);
#5642 = AXIS2_PLACEMENT_3D('',#5643,#5644,#5645);
#5643 = CARTESIAN_POINT('',(-0.8,-0.4,0.));
#5644 = DIRECTION('',(0.,1.,0.));
#5645 = DIRECTION('',(0.,-0.,1.));
#5646 = ADVANCED_FACE('',(#5647),#5666,.T.);
#5647 = FACE_BOUND('',#5648,.T.);
#5648 = EDGE_LOOP('',(#5649,#5650,#5659,#5665));
#5649 = ORIENTED_EDGE('',*,*,#5537,.T.);
#5650 = ORIENTED_EDGE('',*,*,#5651,.T.);
#5651 = EDGE_CURVE('',#5538,#5652,#5654,.T.);
#5652 = VERTEX_POINT('',#5653);
#5653 = CARTESIAN_POINT('',(-0.755,0.4,-2.775557561563E-17));
#5654 = CIRCLE('',#5655,4.5E-02);
#5655 = AXIS2_PLACEMENT_3D('',#5656,#5657,#5658);
#5656 = CARTESIAN_POINT('',(-0.755,0.4,4.5E-02));
#5657 = DIRECTION('',(0.,-1.,0.));
#5658 = DIRECTION('',(0.,0.,1.));
#5659 = ORIENTED_EDGE('',*,*,#5660,.F.);
#5660 = EDGE_CURVE('',#5568,#5652,#5661,.T.);
#5661 = LINE('',#5662,#5663);
#5662 = CARTESIAN_POINT('',(-0.755,-0.4,-2.775557561563E-17));
#5663 = VECTOR('',#5664,1.);
#5664 = DIRECTION('',(0.,1.,0.));
#5665 = ORIENTED_EDGE('',*,*,#5577,.F.);
#5666 = CYLINDRICAL_SURFACE('',#5667,4.5E-02);
#5667 = AXIS2_PLACEMENT_3D('',#5668,#5669,#5670);
#5668 = CARTESIAN_POINT('',(-0.755,-0.4,4.5E-02));
#5669 = DIRECTION('',(0.,1.,0.));
#5670 = DIRECTION('',(-1.,0.,0.));
#5671 = ADVANCED_FACE('',(#5672),#5691,.T.);
#5672 = FACE_BOUND('',#5673,.T.);
#5673 = EDGE_LOOP('',(#5674,#5675,#5683,#5690));
#5674 = ORIENTED_EDGE('',*,*,#5585,.T.);
#5675 = ORIENTED_EDGE('',*,*,#5676,.T.);
#5676 = EDGE_CURVE('',#5586,#5677,#5679,.T.);
#5677 = VERTEX_POINT('',#5678);
#5678 = CARTESIAN_POINT('',(-0.755,0.4,0.45));
#5679 = LINE('',#5680,#5681);
#5680 = CARTESIAN_POINT('',(-0.755,-0.4,0.45));
#5681 = VECTOR('',#5682,1.);
#5682 = DIRECTION('',(0.,1.,0.));
#5683 = ORIENTED_EDGE('',*,*,#5684,.F.);
#5684 = EDGE_CURVE('',#5546,#5677,#5685,.T.);
#5685 = CIRCLE('',#5686,4.5E-02);
#5686 = AXIS2_PLACEMENT_3D('',#5687,#5688,#5689);
#5687 = CARTESIAN_POINT('',(-0.755,0.4,0.405));
#5688 = DIRECTION('',(0.,1.,0.));
#5689 = DIRECTION('',(0.,-0.,1.));
#5690 = ORIENTED_EDGE('',*,*,#5553,.F.);
#5691 = CYLINDRICAL_SURFACE('',#5692,4.5E-02);
#5692 = AXIS2_PLACEMENT_3D('',#5693,#5694,#5695);
#5693 = CARTESIAN_POINT('',(-0.755,-0.4,0.405));
#5694 = DIRECTION('',(0.,1.,0.));
#5695 = DIRECTION('',(-1.,0.,0.));
#5696 = ADVANCED_FACE('',(#5697),#5758,.T.);
#5697 = FACE_BOUND('',#5698,.T.);
#5698 = EDGE_LOOP('',(#5699,#5707,#5708,#5709,#5710,#5718,#5727,#5735,
    #5743,#5751));
#5699 = ORIENTED_EDGE('',*,*,#5700,.F.);
#5700 = EDGE_CURVE('',#5652,#5701,#5703,.T.);
#5701 = VERTEX_POINT('',#5702);
#5702 = CARTESIAN_POINT('',(-0.545,0.4,-2.775557561563E-17));
#5703 = LINE('',#5704,#5705);
#5704 = CARTESIAN_POINT('',(-0.8,0.4,0.));
#5705 = VECTOR('',#5706,1.);
#5706 = DIRECTION('',(1.,0.,0.));
#5707 = ORIENTED_EDGE('',*,*,#5651,.F.);
#5708 = ORIENTED_EDGE('',*,*,#5545,.T.);
#5709 = ORIENTED_EDGE('',*,*,#5684,.T.);
#5710 = ORIENTED_EDGE('',*,*,#5711,.T.);
#5711 = EDGE_CURVE('',#5677,#5712,#5714,.T.);
#5712 = VERTEX_POINT('',#5713);
#5713 = CARTESIAN_POINT('',(-0.545,0.4,0.45));
#5714 = LINE('',#5715,#5716);
#5715 = CARTESIAN_POINT('',(-0.8,0.4,0.45));
#5716 = VECTOR('',#5717,1.);
#5717 = DIRECTION('',(1.,0.,0.));
#5718 = ORIENTED_EDGE('',*,*,#5719,.F.);
#5719 = EDGE_CURVE('',#5720,#5712,#5722,.T.);
#5720 = VERTEX_POINT('',#5721);
#5721 = CARTESIAN_POINT('',(-0.5,0.4,0.405));
#5722 = CIRCLE('',#5723,4.5E-02);
#5723 = AXIS2_PLACEMENT_3D('',#5724,#5725,#5726);
#5724 = CARTESIAN_POINT('',(-0.545,0.4,0.405));
#5725 = DIRECTION('',(0.,-1.,0.));
#5726 = DIRECTION('',(0.,0.,1.));
#5727 = ORIENTED_EDGE('',*,*,#5728,.F.);
#5728 = EDGE_CURVE('',#5729,#5720,#5731,.T.);
#5729 = VERTEX_POINT('',#5730);
#5730 = CARTESIAN_POINT('',(-0.755,0.4,0.405));
#5731 = LINE('',#5732,#5733);
#5732 = CARTESIAN_POINT('',(-0.755,0.4,0.405));
#5733 = VECTOR('',#5734,1.);
#5734 = DIRECTION('',(1.,0.,0.));
#5735 = ORIENTED_EDGE('',*,*,#5736,.F.);
#5736 = EDGE_CURVE('',#5737,#5729,#5739,.T.);
#5737 = VERTEX_POINT('',#5738);
#5738 = CARTESIAN_POINT('',(-0.755,0.4,4.5E-02));
#5739 = LINE('',#5740,#5741);
#5740 = CARTESIAN_POINT('',(-0.755,0.4,4.5E-02));
#5741 = VECTOR('',#5742,1.);
#5742 = DIRECTION('',(0.,0.,1.));
#5743 = ORIENTED_EDGE('',*,*,#5744,.T.);
#5744 = EDGE_CURVE('',#5737,#5745,#5747,.T.);
#5745 = VERTEX_POINT('',#5746);
#5746 = CARTESIAN_POINT('',(-0.5,0.4,4.5E-02));
#5747 = LINE('',#5748,#5749);
#5748 = CARTESIAN_POINT('',(-0.755,0.4,4.5E-02));
#5749 = VECTOR('',#5750,1.);
#5750 = DIRECTION('',(1.,0.,0.));
#5751 = ORIENTED_EDGE('',*,*,#5752,.T.);
#5752 = EDGE_CURVE('',#5745,#5701,#5753,.T.);
#5753 = CIRCLE('',#5754,4.5E-02);
#5754 = AXIS2_PLACEMENT_3D('',#5755,#5756,#5757);
#5755 = CARTESIAN_POINT('',(-0.545,0.4,4.5E-02));
#5756 = DIRECTION('',(0.,1.,0.));
#5757 = DIRECTION('',(0.,-0.,1.));
#5758 = PLANE('',#5759);
#5759 = AXIS2_PLACEMENT_3D('',#5760,#5761,#5762);
#5760 = CARTESIAN_POINT('',(-0.8,0.4,0.));
#5761 = DIRECTION('',(0.,1.,0.));
#5762 = DIRECTION('',(0.,-0.,1.));
#5763 = ADVANCED_FACE('',(#5764),#5775,.F.);
#5764 = FACE_BOUND('',#5765,.F.);
#5765 = EDGE_LOOP('',(#5766,#5767,#5768,#5769));
#5766 = ORIENTED_EDGE('',*,*,#5700,.F.);
#5767 = ORIENTED_EDGE('',*,*,#5660,.F.);
#5768 = ORIENTED_EDGE('',*,*,#5567,.T.);
#5769 = ORIENTED_EDGE('',*,*,#5770,.T.);
#5770 = EDGE_CURVE('',#5570,#5701,#5771,.T.);
#5771 = LINE('',#5772,#5773);
#5772 = CARTESIAN_POINT('',(-0.545,-0.4,-2.775557561563E-17));
#5773 = VECTOR('',#5774,1.);
#5774 = DIRECTION('',(0.,1.,0.));
#5775 = PLANE('',#5776);
#5776 = AXIS2_PLACEMENT_3D('',#5777,#5778,#5779);
#5777 = CARTESIAN_POINT('',(-0.8,-0.4,0.));
#5778 = DIRECTION('',(0.,0.,1.));
#5779 = DIRECTION('',(1.,0.,-0.));
#5780 = ADVANCED_FACE('',(#5781),#5792,.T.);
#5781 = FACE_BOUND('',#5782,.T.);
#5782 = EDGE_LOOP('',(#5783,#5784,#5785,#5786));
#5783 = ORIENTED_EDGE('',*,*,#5635,.T.);
#5784 = ORIENTED_EDGE('',*,*,#5770,.T.);
#5785 = ORIENTED_EDGE('',*,*,#5752,.F.);
#5786 = ORIENTED_EDGE('',*,*,#5787,.F.);
#5787 = EDGE_CURVE('',#5628,#5745,#5788,.T.);
#5788 = LINE('',#5789,#5790);
#5789 = CARTESIAN_POINT('',(-0.5,-0.4,4.5E-02));
#5790 = VECTOR('',#5791,1.);
#5791 = DIRECTION('',(0.,1.,0.));
#5792 = CYLINDRICAL_SURFACE('',#5793,4.5E-02);
#5793 = AXIS2_PLACEMENT_3D('',#5794,#5795,#5796);
#5794 = CARTESIAN_POINT('',(-0.545,-0.4,4.5E-02));
#5795 = DIRECTION('',(0.,1.,0.));
#5796 = DIRECTION('',(1.,0.,0.));
#5797 = ADVANCED_FACE('',(#5798),#5841,.F.);
#5798 = FACE_BOUND('',#5799,.F.);
#5799 = EDGE_LOOP('',(#5800,#5801,#5802,#5803,#5811,#5819,#5827,#5835));
#5800 = ORIENTED_EDGE('',*,*,#5627,.F.);
#5801 = ORIENTED_EDGE('',*,*,#5619,.T.);
#5802 = ORIENTED_EDGE('',*,*,#5611,.T.);
#5803 = ORIENTED_EDGE('',*,*,#5804,.T.);
#5804 = EDGE_CURVE('',#5603,#5805,#5807,.T.);
#5805 = VERTEX_POINT('',#5806);
#5806 = CARTESIAN_POINT('',(0.5,-0.4,0.405));
#5807 = LINE('',#5808,#5809);
#5808 = CARTESIAN_POINT('',(-0.5,-0.4,0.405));
#5809 = VECTOR('',#5810,1.);
#5810 = DIRECTION('',(1.,0.,0.));
#5811 = ORIENTED_EDGE('',*,*,#5812,.T.);
#5812 = EDGE_CURVE('',#5805,#5813,#5815,.T.);
#5813 = VERTEX_POINT('',#5814);
#5814 = CARTESIAN_POINT('',(0.755,-0.4,0.405));
#5815 = LINE('',#5816,#5817);
#5816 = CARTESIAN_POINT('',(-0.755,-0.4,0.405));
#5817 = VECTOR('',#5818,1.);
#5818 = DIRECTION('',(1.,0.,0.));
#5819 = ORIENTED_EDGE('',*,*,#5820,.F.);
#5820 = EDGE_CURVE('',#5821,#5813,#5823,.T.);
#5821 = VERTEX_POINT('',#5822);
#5822 = CARTESIAN_POINT('',(0.755,-0.4,4.5E-02));
#5823 = LINE('',#5824,#5825);
#5824 = CARTESIAN_POINT('',(0.755,-0.4,4.5E-02));
#5825 = VECTOR('',#5826,1.);
#5826 = DIRECTION('',(0.,0.,1.));
#5827 = ORIENTED_EDGE('',*,*,#5828,.F.);
#5828 = EDGE_CURVE('',#5829,#5821,#5831,.T.);
#5829 = VERTEX_POINT('',#5830);
#5830 = CARTESIAN_POINT('',(0.5,-0.4,4.5E-02));
#5831 = LINE('',#5832,#5833);
#5832 = CARTESIAN_POINT('',(-0.755,-0.4,4.5E-02));
#5833 = VECTOR('',#5834,1.);
#5834 = DIRECTION('',(1.,0.,0.));
#5835 = ORIENTED_EDGE('',*,*,#5836,.F.);
#5836 = EDGE_CURVE('',#5628,#5829,#5837,.T.);
#5837 = LINE('',#5838,#5839);
#5838 = CARTESIAN_POINT('',(-0.755,-0.4,4.5E-02));
#5839 = VECTOR('',#5840,1.);
#5840 = DIRECTION('',(1.,0.,0.));
#5841 = PLANE('',#5842);
#5842 = AXIS2_PLACEMENT_3D('',#5843,#5844,#5845);
#5843 = CARTESIAN_POINT('',(-0.755,-0.4,4.5E-02));
#5844 = DIRECTION('',(0.,1.,0.));
#5845 = DIRECTION('',(0.,-0.,1.));
#5846 = ADVANCED_FACE('',(#5847),#5858,.T.);
#5847 = FACE_BOUND('',#5848,.T.);
#5848 = EDGE_LOOP('',(#5849,#5850,#5851,#5852));
#5849 = ORIENTED_EDGE('',*,*,#5711,.F.);
#5850 = ORIENTED_EDGE('',*,*,#5676,.F.);
#5851 = ORIENTED_EDGE('',*,*,#5594,.T.);
#5852 = ORIENTED_EDGE('',*,*,#5853,.T.);
#5853 = EDGE_CURVE('',#5595,#5712,#5854,.T.);
#5854 = LINE('',#5855,#5856);
#5855 = CARTESIAN_POINT('',(-0.545,-0.4,0.45));
#5856 = VECTOR('',#5857,1.);
#5857 = DIRECTION('',(0.,1.,0.));
#5858 = PLANE('',#5859);
#5859 = AXIS2_PLACEMENT_3D('',#5860,#5861,#5862);
#5860 = CARTESIAN_POINT('',(-0.8,-0.4,0.45));
#5861 = DIRECTION('',(0.,0.,1.));
#5862 = DIRECTION('',(1.,0.,-0.));
#5863 = ADVANCED_FACE('',(#5864),#5875,.T.);
#5864 = FACE_BOUND('',#5865,.T.);
#5865 = EDGE_LOOP('',(#5866,#5872,#5873,#5874));
#5866 = ORIENTED_EDGE('',*,*,#5867,.T.);
#5867 = EDGE_CURVE('',#5603,#5720,#5868,.T.);
#5868 = LINE('',#5869,#5870);
#5869 = CARTESIAN_POINT('',(-0.5,-0.4,0.405));
#5870 = VECTOR('',#5871,1.);
#5871 = DIRECTION('',(0.,1.,0.));
#5872 = ORIENTED_EDGE('',*,*,#5719,.T.);
#5873 = ORIENTED_EDGE('',*,*,#5853,.F.);
#5874 = ORIENTED_EDGE('',*,*,#5602,.F.);
#5875 = CYLINDRICAL_SURFACE('',#5876,4.5E-02);
#5876 = AXIS2_PLACEMENT_3D('',#5877,#5878,#5879);
#5877 = CARTESIAN_POINT('',(-0.545,-0.4,0.405));
#5878 = DIRECTION('',(0.,1.,0.));
#5879 = DIRECTION('',(1.,0.,0.));
#5880 = ADVANCED_FACE('',(#5881),#5924,.T.);
#5881 = FACE_BOUND('',#5882,.T.);
#5882 = EDGE_LOOP('',(#5883,#5884,#5885,#5886,#5894,#5902,#5910,#5918));
#5883 = ORIENTED_EDGE('',*,*,#5744,.F.);
#5884 = ORIENTED_EDGE('',*,*,#5736,.T.);
#5885 = ORIENTED_EDGE('',*,*,#5728,.T.);
#5886 = ORIENTED_EDGE('',*,*,#5887,.T.);
#5887 = EDGE_CURVE('',#5720,#5888,#5890,.T.);
#5888 = VERTEX_POINT('',#5889);
#5889 = CARTESIAN_POINT('',(0.5,0.4,0.405));
#5890 = LINE('',#5891,#5892);
#5891 = CARTESIAN_POINT('',(-0.5,0.4,0.405));
#5892 = VECTOR('',#5893,1.);
#5893 = DIRECTION('',(1.,0.,0.));
#5894 = ORIENTED_EDGE('',*,*,#5895,.T.);
#5895 = EDGE_CURVE('',#5888,#5896,#5898,.T.);
#5896 = VERTEX_POINT('',#5897);
#5897 = CARTESIAN_POINT('',(0.755,0.4,0.405));
#5898 = LINE('',#5899,#5900);
#5899 = CARTESIAN_POINT('',(-0.755,0.4,0.405));
#5900 = VECTOR('',#5901,1.);
#5901 = DIRECTION('',(1.,0.,0.));
#5902 = ORIENTED_EDGE('',*,*,#5903,.F.);
#5903 = EDGE_CURVE('',#5904,#5896,#5906,.T.);
#5904 = VERTEX_POINT('',#5905);
#5905 = CARTESIAN_POINT('',(0.755,0.4,4.5E-02));
#5906 = LINE('',#5907,#5908);
#5907 = CARTESIAN_POINT('',(0.755,0.4,4.5E-02));
#5908 = VECTOR('',#5909,1.);
#5909 = DIRECTION('',(0.,0.,1.));
#5910 = ORIENTED_EDGE('',*,*,#5911,.F.);
#5911 = EDGE_CURVE('',#5912,#5904,#5914,.T.);
#5912 = VERTEX_POINT('',#5913);
#5913 = CARTESIAN_POINT('',(0.5,0.4,4.5E-02));
#5914 = LINE('',#5915,#5916);
#5915 = CARTESIAN_POINT('',(-0.755,0.4,4.5E-02));
#5916 = VECTOR('',#5917,1.);
#5917 = DIRECTION('',(1.,0.,0.));
#5918 = ORIENTED_EDGE('',*,*,#5919,.F.);
#5919 = EDGE_CURVE('',#5745,#5912,#5920,.T.);
#5920 = LINE('',#5921,#5922);
#5921 = CARTESIAN_POINT('',(-0.755,0.4,4.5E-02));
#5922 = VECTOR('',#5923,1.);
#5923 = DIRECTION('',(1.,0.,0.));
#5924 = PLANE('',#5925);
#5925 = AXIS2_PLACEMENT_3D('',#5926,#5927,#5928);
#5926 = CARTESIAN_POINT('',(-0.755,0.4,4.5E-02));
#5927 = DIRECTION('',(0.,1.,0.));
#5928 = DIRECTION('',(0.,-0.,1.));
#5929 = ADVANCED_FACE('',(#5930),#5941,.F.);
#5930 = FACE_BOUND('',#5931,.F.);
#5931 = EDGE_LOOP('',(#5932,#5933,#5934,#5940));
#5932 = ORIENTED_EDGE('',*,*,#5787,.F.);
#5933 = ORIENTED_EDGE('',*,*,#5836,.T.);
#5934 = ORIENTED_EDGE('',*,*,#5935,.T.);
#5935 = EDGE_CURVE('',#5829,#5912,#5936,.T.);
#5936 = LINE('',#5937,#5938);
#5937 = CARTESIAN_POINT('',(0.5,-0.4,4.5E-02));
#5938 = VECTOR('',#5939,1.);
#5939 = DIRECTION('',(0.,1.,0.));
#5940 = ORIENTED_EDGE('',*,*,#5919,.F.);
#5941 = PLANE('',#5942);
#5942 = AXIS2_PLACEMENT_3D('',#5943,#5944,#5945);
#5943 = CARTESIAN_POINT('',(-0.755,-0.4,4.5E-02));
#5944 = DIRECTION('',(0.,0.,1.));
#5945 = DIRECTION('',(1.,0.,-0.));
#5946 = ADVANCED_FACE('',(#5947),#6010,.F.);
#5947 = FACE_BOUND('',#5948,.F.);
#5948 = EDGE_LOOP('',(#5949,#5959,#5966,#5967,#5968,#5969,#5978,#5986,
    #5995,#6003));
#5949 = ORIENTED_EDGE('',*,*,#5950,.F.);
#5950 = EDGE_CURVE('',#5951,#5953,#5955,.T.);
#5951 = VERTEX_POINT('',#5952);
#5952 = CARTESIAN_POINT('',(0.545,-0.4,-2.775557561563E-17));
#5953 = VERTEX_POINT('',#5954);
#5954 = CARTESIAN_POINT('',(0.755,-0.4,-2.775557561563E-17));
#5955 = LINE('',#5956,#5957);
#5956 = CARTESIAN_POINT('',(0.5,-0.4,0.));
#5957 = VECTOR('',#5958,1.);
#5958 = DIRECTION('',(1.,0.,0.));
#5959 = ORIENTED_EDGE('',*,*,#5960,.F.);
#5960 = EDGE_CURVE('',#5829,#5951,#5961,.T.);
#5961 = CIRCLE('',#5962,4.5E-02);
#5962 = AXIS2_PLACEMENT_3D('',#5963,#5964,#5965);
#5963 = CARTESIAN_POINT('',(0.545,-0.4,4.5E-02));
#5964 = DIRECTION('',(0.,-1.,0.));
#5965 = DIRECTION('',(0.,0.,1.));
#5966 = ORIENTED_EDGE('',*,*,#5828,.T.);
#5967 = ORIENTED_EDGE('',*,*,#5820,.T.);
#5968 = ORIENTED_EDGE('',*,*,#5812,.F.);
#5969 = ORIENTED_EDGE('',*,*,#5970,.T.);
#5970 = EDGE_CURVE('',#5805,#5971,#5973,.T.);
#5971 = VERTEX_POINT('',#5972);
#5972 = CARTESIAN_POINT('',(0.545,-0.4,0.45));
#5973 = CIRCLE('',#5974,4.5E-02);
#5974 = AXIS2_PLACEMENT_3D('',#5975,#5976,#5977);
#5975 = CARTESIAN_POINT('',(0.545,-0.4,0.405));
#5976 = DIRECTION('',(0.,1.,0.));
#5977 = DIRECTION('',(0.,-0.,1.));
#5978 = ORIENTED_EDGE('',*,*,#5979,.T.);
#5979 = EDGE_CURVE('',#5971,#5980,#5982,.T.);
#5980 = VERTEX_POINT('',#5981);
#5981 = CARTESIAN_POINT('',(0.755,-0.4,0.45));
#5982 = LINE('',#5983,#5984);
#5983 = CARTESIAN_POINT('',(0.5,-0.4,0.45));
#5984 = VECTOR('',#5985,1.);
#5985 = DIRECTION('',(1.,0.,0.));
#5986 = ORIENTED_EDGE('',*,*,#5987,.F.);
#5987 = EDGE_CURVE('',#5988,#5980,#5990,.T.);
#5988 = VERTEX_POINT('',#5989);
#5989 = CARTESIAN_POINT('',(0.8,-0.4,0.405));
#5990 = CIRCLE('',#5991,4.5E-02);
#5991 = AXIS2_PLACEMENT_3D('',#5992,#5993,#5994);
#5992 = CARTESIAN_POINT('',(0.755,-0.4,0.405));
#5993 = DIRECTION('',(0.,-1.,0.));
#5994 = DIRECTION('',(0.,0.,1.));
#5995 = ORIENTED_EDGE('',*,*,#5996,.F.);
#5996 = EDGE_CURVE('',#5997,#5988,#5999,.T.);
#5997 = VERTEX_POINT('',#5998);
#5998 = CARTESIAN_POINT('',(0.8,-0.4,4.5E-02));
#5999 = LINE('',#6000,#6001);
#6000 = CARTESIAN_POINT('',(0.8,-0.4,0.));
#6001 = VECTOR('',#6002,1.);
#6002 = DIRECTION('',(0.,0.,1.));
#6003 = ORIENTED_EDGE('',*,*,#6004,.T.);
#6004 = EDGE_CURVE('',#5997,#5953,#6005,.T.);
#6005 = CIRCLE('',#6006,4.5E-02);
#6006 = AXIS2_PLACEMENT_3D('',#6007,#6008,#6009);
#6007 = CARTESIAN_POINT('',(0.755,-0.4,4.5E-02));
#6008 = DIRECTION('',(0.,1.,0.));
#6009 = DIRECTION('',(0.,-0.,1.));
#6010 = PLANE('',#6011);
#6011 = AXIS2_PLACEMENT_3D('',#6012,#6013,#6014);
#6012 = CARTESIAN_POINT('',(0.5,-0.4,0.));
#6013 = DIRECTION('',(0.,1.,0.));
#6014 = DIRECTION('',(0.,-0.,1.));
#6015 = ADVANCED_FACE('',(#6016),#6041,.F.);
#6016 = FACE_BOUND('',#6017,.F.);
#6017 = EDGE_LOOP('',(#6018,#6019,#6027,#6035));
#6018 = ORIENTED_EDGE('',*,*,#5804,.F.);
#6019 = ORIENTED_EDGE('',*,*,#6020,.T.);
#6020 = EDGE_CURVE('',#5603,#6021,#6023,.T.);
#6021 = VERTEX_POINT('',#6022);
#6022 = CARTESIAN_POINT('',(-0.5,-0.4,0.45));
#6023 = LINE('',#6024,#6025);
#6024 = CARTESIAN_POINT('',(-0.5,-0.4,0.405));
#6025 = VECTOR('',#6026,1.);
#6026 = DIRECTION('',(0.,0.,1.));
#6027 = ORIENTED_EDGE('',*,*,#6028,.T.);
#6028 = EDGE_CURVE('',#6021,#6029,#6031,.T.);
#6029 = VERTEX_POINT('',#6030);
#6030 = CARTESIAN_POINT('',(0.5,-0.4,0.45));
#6031 = LINE('',#6032,#6033);
#6032 = CARTESIAN_POINT('',(-0.5,-0.4,0.45));
#6033 = VECTOR('',#6034,1.);
#6034 = DIRECTION('',(1.,0.,0.));
#6035 = ORIENTED_EDGE('',*,*,#6036,.F.);
#6036 = EDGE_CURVE('',#5805,#6029,#6037,.T.);
#6037 = LINE('',#6038,#6039);
#6038 = CARTESIAN_POINT('',(0.5,-0.4,0.405));
#6039 = VECTOR('',#6040,1.);
#6040 = DIRECTION('',(0.,0.,1.));
#6041 = PLANE('',#6042);
#6042 = AXIS2_PLACEMENT_3D('',#6043,#6044,#6045);
#6043 = CARTESIAN_POINT('',(-0.5,-0.4,0.405));
#6044 = DIRECTION('',(0.,1.,0.));
#6045 = DIRECTION('',(0.,-0.,1.));
#6046 = ADVANCED_FACE('',(#6047),#6065,.F.);
#6047 = FACE_BOUND('',#6048,.F.);
#6048 = EDGE_LOOP('',(#6049,#6050,#6051,#6059));
#6049 = ORIENTED_EDGE('',*,*,#6020,.F.);
#6050 = ORIENTED_EDGE('',*,*,#5867,.T.);
#6051 = ORIENTED_EDGE('',*,*,#6052,.T.);
#6052 = EDGE_CURVE('',#5720,#6053,#6055,.T.);
#6053 = VERTEX_POINT('',#6054);
#6054 = CARTESIAN_POINT('',(-0.5,0.4,0.45));
#6055 = LINE('',#6056,#6057);
#6056 = CARTESIAN_POINT('',(-0.5,0.4,0.405));
#6057 = VECTOR('',#6058,1.);
#6058 = DIRECTION('',(0.,0.,1.));
#6059 = ORIENTED_EDGE('',*,*,#6060,.F.);
#6060 = EDGE_CURVE('',#6021,#6053,#6061,.T.);
#6061 = LINE('',#6062,#6063);
#6062 = CARTESIAN_POINT('',(-0.5,-0.4,0.45));
#6063 = VECTOR('',#6064,1.);
#6064 = DIRECTION('',(0.,1.,0.));
#6065 = PLANE('',#6066);
#6066 = AXIS2_PLACEMENT_3D('',#6067,#6068,#6069);
#6067 = CARTESIAN_POINT('',(-0.5,-0.4,0.405));
#6068 = DIRECTION('',(1.,0.,0.));
#6069 = DIRECTION('',(0.,0.,1.));
#6070 = ADVANCED_FACE('',(#6071),#6134,.T.);
#6071 = FACE_BOUND('',#6072,.T.);
#6072 = EDGE_LOOP('',(#6073,#6083,#6090,#6091,#6092,#6093,#6102,#6110,
    #6119,#6127));
#6073 = ORIENTED_EDGE('',*,*,#6074,.F.);
#6074 = EDGE_CURVE('',#6075,#6077,#6079,.T.);
#6075 = VERTEX_POINT('',#6076);
#6076 = CARTESIAN_POINT('',(0.545,0.4,-2.775557561563E-17));
#6077 = VERTEX_POINT('',#6078);
#6078 = CARTESIAN_POINT('',(0.755,0.4,-2.775557561563E-17));
#6079 = LINE('',#6080,#6081);
#6080 = CARTESIAN_POINT('',(0.5,0.4,0.));
#6081 = VECTOR('',#6082,1.);
#6082 = DIRECTION('',(1.,0.,0.));
#6083 = ORIENTED_EDGE('',*,*,#6084,.F.);
#6084 = EDGE_CURVE('',#5912,#6075,#6085,.T.);
#6085 = CIRCLE('',#6086,4.5E-02);
#6086 = AXIS2_PLACEMENT_3D('',#6087,#6088,#6089);
#6087 = CARTESIAN_POINT('',(0.545,0.4,4.5E-02));
#6088 = DIRECTION('',(0.,-1.,0.));
#6089 = DIRECTION('',(0.,0.,1.));
#6090 = ORIENTED_EDGE('',*,*,#5911,.T.);
#6091 = ORIENTED_EDGE('',*,*,#5903,.T.);
#6092 = ORIENTED_EDGE('',*,*,#5895,.F.);
#6093 = ORIENTED_EDGE('',*,*,#6094,.T.);
#6094 = EDGE_CURVE('',#5888,#6095,#6097,.T.);
#6095 = VERTEX_POINT('',#6096);
#6096 = CARTESIAN_POINT('',(0.545,0.4,0.45));
#6097 = CIRCLE('',#6098,4.5E-02);
#6098 = AXIS2_PLACEMENT_3D('',#6099,#6100,#6101);
#6099 = CARTESIAN_POINT('',(0.545,0.4,0.405));
#6100 = DIRECTION('',(0.,1.,0.));
#6101 = DIRECTION('',(0.,-0.,1.));
#6102 = ORIENTED_EDGE('',*,*,#6103,.T.);
#6103 = EDGE_CURVE('',#6095,#6104,#6106,.T.);
#6104 = VERTEX_POINT('',#6105);
#6105 = CARTESIAN_POINT('',(0.755,0.4,0.45));
#6106 = LINE('',#6107,#6108);
#6107 = CARTESIAN_POINT('',(0.5,0.4,0.45));
#6108 = VECTOR('',#6109,1.);
#6109 = DIRECTION('',(1.,0.,0.));
#6110 = ORIENTED_EDGE('',*,*,#6111,.F.);
#6111 = EDGE_CURVE('',#6112,#6104,#6114,.T.);
#6112 = VERTEX_POINT('',#6113);
#6113 = CARTESIAN_POINT('',(0.8,0.4,0.405));
#6114 = CIRCLE('',#6115,4.5E-02);
#6115 = AXIS2_PLACEMENT_3D('',#6116,#6117,#6118);
#6116 = CARTESIAN_POINT('',(0.755,0.4,0.405));
#6117 = DIRECTION('',(0.,-1.,0.));
#6118 = DIRECTION('',(0.,0.,1.));
#6119 = ORIENTED_EDGE('',*,*,#6120,.F.);
#6120 = EDGE_CURVE('',#6121,#6112,#6123,.T.);
#6121 = VERTEX_POINT('',#6122);
#6122 = CARTESIAN_POINT('',(0.8,0.4,4.5E-02));
#6123 = LINE('',#6124,#6125);
#6124 = CARTESIAN_POINT('',(0.8,0.4,0.));
#6125 = VECTOR('',#6126,1.);
#6126 = DIRECTION('',(0.,0.,1.));
#6127 = ORIENTED_EDGE('',*,*,#6128,.T.);
#6128 = EDGE_CURVE('',#6121,#6077,#6129,.T.);
#6129 = CIRCLE('',#6130,4.5E-02);
#6130 = AXIS2_PLACEMENT_3D('',#6131,#6132,#6133);
#6131 = CARTESIAN_POINT('',(0.755,0.4,4.5E-02));
#6132 = DIRECTION('',(0.,1.,0.));
#6133 = DIRECTION('',(0.,-0.,1.));
#6134 = PLANE('',#6135);
#6135 = AXIS2_PLACEMENT_3D('',#6136,#6137,#6138);
#6136 = CARTESIAN_POINT('',(0.5,0.4,0.));
#6137 = DIRECTION('',(0.,1.,0.));
#6138 = DIRECTION('',(0.,-0.,1.));
#6139 = ADVANCED_FACE('',(#6140),#6158,.T.);
#6140 = FACE_BOUND('',#6141,.T.);
#6141 = EDGE_LOOP('',(#6142,#6143,#6144,#6152));
#6142 = ORIENTED_EDGE('',*,*,#5887,.F.);
#6143 = ORIENTED_EDGE('',*,*,#6052,.T.);
#6144 = ORIENTED_EDGE('',*,*,#6145,.T.);
#6145 = EDGE_CURVE('',#6053,#6146,#6148,.T.);
#6146 = VERTEX_POINT('',#6147);
#6147 = CARTESIAN_POINT('',(0.5,0.4,0.45));
#6148 = LINE('',#6149,#6150);
#6149 = CARTESIAN_POINT('',(-0.5,0.4,0.45));
#6150 = VECTOR('',#6151,1.);
#6151 = DIRECTION('',(1.,0.,0.));
#6152 = ORIENTED_EDGE('',*,*,#6153,.F.);
#6153 = EDGE_CURVE('',#5888,#6146,#6154,.T.);
#6154 = LINE('',#6155,#6156);
#6155 = CARTESIAN_POINT('',(0.5,0.4,0.405));
#6156 = VECTOR('',#6157,1.);
#6157 = DIRECTION('',(0.,0.,1.));
#6158 = PLANE('',#6159);
#6159 = AXIS2_PLACEMENT_3D('',#6160,#6161,#6162);
#6160 = CARTESIAN_POINT('',(-0.5,0.4,0.405));
#6161 = DIRECTION('',(0.,1.,0.));
#6162 = DIRECTION('',(0.,-0.,1.));
#6163 = ADVANCED_FACE('',(#6164),#6175,.T.);
#6164 = FACE_BOUND('',#6165,.T.);
#6165 = EDGE_LOOP('',(#6166,#6167,#6168,#6174));
#6166 = ORIENTED_EDGE('',*,*,#5935,.T.);
#6167 = ORIENTED_EDGE('',*,*,#6084,.T.);
#6168 = ORIENTED_EDGE('',*,*,#6169,.F.);
#6169 = EDGE_CURVE('',#5951,#6075,#6170,.T.);
#6170 = LINE('',#6171,#6172);
#6171 = CARTESIAN_POINT('',(0.545,-0.4,-2.775557561563E-17));
#6172 = VECTOR('',#6173,1.);
#6173 = DIRECTION('',(0.,1.,0.));
#6174 = ORIENTED_EDGE('',*,*,#5960,.F.);
#6175 = CYLINDRICAL_SURFACE('',#6176,4.5E-02);
#6176 = AXIS2_PLACEMENT_3D('',#6177,#6178,#6179);
#6177 = CARTESIAN_POINT('',(0.545,-0.4,4.5E-02));
#6178 = DIRECTION('',(0.,1.,0.));
#6179 = DIRECTION('',(-1.,0.,0.));
#6180 = ADVANCED_FACE('',(#6181),#6192,.F.);
#6181 = FACE_BOUND('',#6182,.F.);
#6182 = EDGE_LOOP('',(#6183,#6184,#6185,#6186));
#6183 = ORIENTED_EDGE('',*,*,#6074,.F.);
#6184 = ORIENTED_EDGE('',*,*,#6169,.F.);
#6185 = ORIENTED_EDGE('',*,*,#5950,.T.);
#6186 = ORIENTED_EDGE('',*,*,#6187,.T.);
#6187 = EDGE_CURVE('',#5953,#6077,#6188,.T.);
#6188 = LINE('',#6189,#6190);
#6189 = CARTESIAN_POINT('',(0.755,-0.4,-2.775557561563E-17));
#6190 = VECTOR('',#6191,1.);
#6191 = DIRECTION('',(0.,1.,0.));
#6192 = PLANE('',#6193);
#6193 = AXIS2_PLACEMENT_3D('',#6194,#6195,#6196);
#6194 = CARTESIAN_POINT('',(0.5,-0.4,0.));
#6195 = DIRECTION('',(0.,0.,1.));
#6196 = DIRECTION('',(1.,0.,-0.));
#6197 = ADVANCED_FACE('',(#6198),#6209,.T.);
#6198 = FACE_BOUND('',#6199,.T.);
#6199 = EDGE_LOOP('',(#6200,#6201,#6202,#6203));
#6200 = ORIENTED_EDGE('',*,*,#6004,.T.);
#6201 = ORIENTED_EDGE('',*,*,#6187,.T.);
#6202 = ORIENTED_EDGE('',*,*,#6128,.F.);
#6203 = ORIENTED_EDGE('',*,*,#6204,.F.);
#6204 = EDGE_CURVE('',#5997,#6121,#6205,.T.);
#6205 = LINE('',#6206,#6207);
#6206 = CARTESIAN_POINT('',(0.8,-0.4,4.5E-02));
#6207 = VECTOR('',#6208,1.);
#6208 = DIRECTION('',(0.,1.,0.));
#6209 = CYLINDRICAL_SURFACE('',#6210,4.5E-02);
#6210 = AXIS2_PLACEMENT_3D('',#6211,#6212,#6213);
#6211 = CARTESIAN_POINT('',(0.755,-0.4,4.5E-02));
#6212 = DIRECTION('',(0.,1.,0.));
#6213 = DIRECTION('',(1.,0.,0.));
#6214 = ADVANCED_FACE('',(#6215),#6226,.T.);
#6215 = FACE_BOUND('',#6216,.T.);
#6216 = EDGE_LOOP('',(#6217,#6218,#6219,#6220));
#6217 = ORIENTED_EDGE('',*,*,#5996,.F.);
#6218 = ORIENTED_EDGE('',*,*,#6204,.T.);
#6219 = ORIENTED_EDGE('',*,*,#6120,.T.);
#6220 = ORIENTED_EDGE('',*,*,#6221,.F.);
#6221 = EDGE_CURVE('',#5988,#6112,#6222,.T.);
#6222 = LINE('',#6223,#6224);
#6223 = CARTESIAN_POINT('',(0.8,-0.4,0.405));
#6224 = VECTOR('',#6225,1.);
#6225 = DIRECTION('',(0.,1.,0.));
#6226 = PLANE('',#6227);
#6227 = AXIS2_PLACEMENT_3D('',#6228,#6229,#6230);
#6228 = CARTESIAN_POINT('',(0.8,-0.4,0.));
#6229 = DIRECTION('',(1.,0.,0.));
#6230 = DIRECTION('',(0.,0.,1.));
#6231 = ADVANCED_FACE('',(#6232),#6243,.T.);
#6232 = FACE_BOUND('',#6233,.T.);
#6233 = EDGE_LOOP('',(#6234,#6235,#6236,#6242));
#6234 = ORIENTED_EDGE('',*,*,#6221,.T.);
#6235 = ORIENTED_EDGE('',*,*,#6111,.T.);
#6236 = ORIENTED_EDGE('',*,*,#6237,.F.);
#6237 = EDGE_CURVE('',#5980,#6104,#6238,.T.);
#6238 = LINE('',#6239,#6240);
#6239 = CARTESIAN_POINT('',(0.755,-0.4,0.45));
#6240 = VECTOR('',#6241,1.);
#6241 = DIRECTION('',(0.,1.,0.));
#6242 = ORIENTED_EDGE('',*,*,#5987,.F.);
#6243 = CYLINDRICAL_SURFACE('',#6244,4.5E-02);
#6244 = AXIS2_PLACEMENT_3D('',#6245,#6246,#6247);
#6245 = CARTESIAN_POINT('',(0.755,-0.4,0.405));
#6246 = DIRECTION('',(0.,1.,0.));
#6247 = DIRECTION('',(1.,0.,0.));
#6248 = ADVANCED_FACE('',(#6249),#6260,.T.);
#6249 = FACE_BOUND('',#6250,.T.);
#6250 = EDGE_LOOP('',(#6251,#6252,#6258,#6259));
#6251 = ORIENTED_EDGE('',*,*,#6103,.F.);
#6252 = ORIENTED_EDGE('',*,*,#6253,.F.);
#6253 = EDGE_CURVE('',#5971,#6095,#6254,.T.);
#6254 = LINE('',#6255,#6256);
#6255 = CARTESIAN_POINT('',(0.545,-0.4,0.45));
#6256 = VECTOR('',#6257,1.);
#6257 = DIRECTION('',(0.,1.,0.));
#6258 = ORIENTED_EDGE('',*,*,#5979,.T.);
#6259 = ORIENTED_EDGE('',*,*,#6237,.T.);
#6260 = PLANE('',#6261);
#6261 = AXIS2_PLACEMENT_3D('',#6262,#6263,#6264);
#6262 = CARTESIAN_POINT('',(0.5,-0.4,0.45));
#6263 = DIRECTION('',(0.,0.,1.));
#6264 = DIRECTION('',(1.,0.,-0.));
#6265 = ADVANCED_FACE('',(#6266),#6277,.T.);
#6266 = FACE_BOUND('',#6267,.T.);
#6267 = EDGE_LOOP('',(#6268,#6269,#6270,#6271));
#6268 = ORIENTED_EDGE('',*,*,#5970,.T.);
#6269 = ORIENTED_EDGE('',*,*,#6253,.T.);
#6270 = ORIENTED_EDGE('',*,*,#6094,.F.);
#6271 = ORIENTED_EDGE('',*,*,#6272,.F.);
#6272 = EDGE_CURVE('',#5805,#5888,#6273,.T.);
#6273 = LINE('',#6274,#6275);
#6274 = CARTESIAN_POINT('',(0.5,-0.4,0.405));
#6275 = VECTOR('',#6276,1.);
#6276 = DIRECTION('',(0.,1.,0.));
#6277 = CYLINDRICAL_SURFACE('',#6278,4.5E-02);
#6278 = AXIS2_PLACEMENT_3D('',#6279,#6280,#6281);
#6279 = CARTESIAN_POINT('',(0.545,-0.4,0.405));
#6280 = DIRECTION('',(0.,1.,0.));
#6281 = DIRECTION('',(-1.,0.,0.));
#6282 = ADVANCED_FACE('',(#6283),#6294,.T.);
#6283 = FACE_BOUND('',#6284,.T.);
#6284 = EDGE_LOOP('',(#6285,#6286,#6287,#6288));
#6285 = ORIENTED_EDGE('',*,*,#6036,.F.);
#6286 = ORIENTED_EDGE('',*,*,#6272,.T.);
#6287 = ORIENTED_EDGE('',*,*,#6153,.T.);
#6288 = ORIENTED_EDGE('',*,*,#6289,.F.);
#6289 = EDGE_CURVE('',#6029,#6146,#6290,.T.);
#6290 = LINE('',#6291,#6292);
#6291 = CARTESIAN_POINT('',(0.5,-0.4,0.45));
#6292 = VECTOR('',#6293,1.);
#6293 = DIRECTION('',(0.,1.,0.));
#6294 = PLANE('',#6295);
#6295 = AXIS2_PLACEMENT_3D('',#6296,#6297,#6298);
#6296 = CARTESIAN_POINT('',(0.5,-0.4,0.405));
#6297 = DIRECTION('',(1.,0.,0.));
#6298 = DIRECTION('',(0.,0.,1.));
#6299 = ADVANCED_FACE('',(#6300),#6306,.T.);
#6300 = FACE_BOUND('',#6301,.T.);
#6301 = EDGE_LOOP('',(#6302,#6303,#6304,#6305));
#6302 = ORIENTED_EDGE('',*,*,#6060,.F.);
#6303 = ORIENTED_EDGE('',*,*,#6028,.T.);
#6304 = ORIENTED_EDGE('',*,*,#6289,.T.);
#6305 = ORIENTED_EDGE('',*,*,#6145,.F.);
#6306 = PLANE('',#6307);
#6307 = AXIS2_PLACEMENT_3D('',#6308,#6309,#6310);
#6308 = CARTESIAN_POINT('',(-0.5,-0.4,0.45));
#6309 = DIRECTION('',(0.,0.,1.));
#6310 = DIRECTION('',(1.,0.,-0.));
#6311 = ( GEOMETRIC_REPRESENTATION_CONTEXT(3) 
GLOBAL_UNCERTAINTY_ASSIGNED_CONTEXT((#6315)) 
GLOBAL_UNIT_ASSIGNED_CONTEXT((#6312,#6313,#6314)) REPRESENTATION_CONTEXT
('Context #1','3D Context with UNIT and UNCERTAINTY') );
#6312 = ( LENGTH_UNIT() NAMED_UNIT(*) SI_UNIT(.MILLI.,.METRE.) );
#6313 = ( NAMED_UNIT(*) PLANE_ANGLE_UNIT() SI_UNIT($,.RADIAN.) );
#6314 = ( NAMED_UNIT(*) SI_UNIT($,.STERADIAN.) SOLID_ANGLE_UNIT() );
#6315 = UNCERTAINTY_MEASURE_WITH_UNIT(LENGTH_MEASURE(1.E-07),#6312,
  'distance_accuracy_value','confusion accuracy');
#6316 = CONTEXT_DEPENDENT_SHAPE_REPRESENTATION(#6317,#6319);
#6317 = ( REPRESENTATION_RELATIONSHIP('','',#5520,#5497) 
REPRESENTATION_RELATIONSHIP_WITH_TRANSFORMATION(#6318) 
SHAPE_REPRESENTATION_RELATIONSHIP() );
#6318 = ITEM_DEFINED_TRANSFORMATION('','',#11,#5498);
#6319 = PRODUCT_DEFINITION_SHAPE('Placement','Placement of an item',
  #6320);
#6320 = NEXT_ASSEMBLY_USAGE_OCCURRENCE('8','=>[0:1:1:7]','',#5492,#5515,
  $);
#6321 = PRODUCT_RELATED_PRODUCT_CATEGORY('part',$,(#5517));
#6322 = CONTEXT_DEPENDENT_SHAPE_REPRESENTATION(#6323,#6325);
#6323 = ( REPRESENTATION_RELATIONSHIP('','',#76,#10) 
REPRESENTATION_RELATIONSHIP_WITH_TRANSFORMATION(#6324) 
SHAPE_REPRESENTATION_RELATIONSHIP() );
#6324 = ITEM_DEFINED_TRANSFORMATION('','',#11,#39);
#6325 = PRODUCT_DEFINITION_SHAPE('Placement','Placement of an item',
  #6326);
#6326 = NEXT_ASSEMBLY_USAGE_OCCURRENCE('10','C19','',#5,#71,$);
#6327 = CONTEXT_DEPENDENT_SHAPE_REPRESENTATION(#6328,#6330);
#6328 = ( REPRESENTATION_RELATIONSHIP('','',#977,#10) 
REPRESENTATION_RELATIONSHIP_WITH_TRANSFORMATION(#6329) 
SHAPE_REPRESENTATION_RELATIONSHIP() );
#6329 = ITEM_DEFINED_TRANSFORMATION('','',#11,#43);
#6330 = PRODUCT_DEFINITION_SHAPE('Placement','Placement of an item',
  #6331);
#6331 = NEXT_ASSEMBLY_USAGE_OCCURRENCE('11','U9','',#5,#972,$);
#6332 = SHAPE_DEFINITION_REPRESENTATION(#6333,#6339);
#6333 = PRODUCT_DEFINITION_SHAPE('','',#6334);
#6334 = PRODUCT_DEFINITION('design','',#6335,#6338);
#6335 = PRODUCT_DEFINITION_FORMATION('','',#6336);
#6336 = PRODUCT('TO-252-2','TO-252-2','',(#6337));
#6337 = PRODUCT_CONTEXT('',#2,'mechanical');
#6338 = PRODUCT_DEFINITION_CONTEXT('part definition',#2,'design');
#6339 = SHAPE_REPRESENTATION('',(#11,#6340),#6344);
#6340 = AXIS2_PLACEMENT_3D('',#6341,#6342,#6343);
#6341 = CARTESIAN_POINT('',(0.,0.,0.));
#6342 = DIRECTION('',(0.,0.,1.));
#6343 = DIRECTION('',(1.,0.,-0.));
#6344 = ( GEOMETRIC_REPRESENTATION_CONTEXT(3) 
GLOBAL_UNCERTAINTY_ASSIGNED_CONTEXT((#6348)) 
GLOBAL_UNIT_ASSIGNED_CONTEXT((#6345,#6346,#6347)) REPRESENTATION_CONTEXT
('Context #1','3D Context with UNIT and UNCERTAINTY') );
#6345 = ( LENGTH_UNIT() NAMED_UNIT(*) SI_UNIT(.MILLI.,.METRE.) );
#6346 = ( NAMED_UNIT(*) PLANE_ANGLE_UNIT() SI_UNIT($,.RADIAN.) );
#6347 = ( NAMED_UNIT(*) SI_UNIT($,.STERADIAN.) SOLID_ANGLE_UNIT() );
#6348 = UNCERTAINTY_MEASURE_WITH_UNIT(LENGTH_MEASURE(1.E-07),#6345,
  'distance_accuracy_value','confusion accuracy');
#6349 = CONTEXT_DEPENDENT_SHAPE_REPRESENTATION(#6350,#6352);
#6350 = ( REPRESENTATION_RELATIONSHIP('','',#6339,#10) 
REPRESENTATION_RELATIONSHIP_WITH_TRANSFORMATION(#6351) 
SHAPE_REPRESENTATION_RELATIONSHIP() );
#6351 = ITEM_DEFINED_TRANSFORMATION('','',#11,#47);
#6352 = PRODUCT_DEFINITION_SHAPE('Placement','Placement of an item',
  #6353);
#6353 = NEXT_ASSEMBLY_USAGE_OCCURRENCE('20','Ue1','',#5,#6334,$);
#6354 = PRODUCT_RELATED_PRODUCT_CATEGORY('part',$,(#6336));
#6355 = SHAPE_DEFINITION_REPRESENTATION(#6356,#6362);
#6356 = PRODUCT_DEFINITION_SHAPE('','',#6357);
#6357 = PRODUCT_DEFINITION('design','',#6358,#6361);
#6358 = PRODUCT_DEFINITION_FORMATION('','',#6359);
#6359 = PRODUCT('CQ assembly','CQ assembly','',(#6360));
#6360 = PRODUCT_CONTEXT('',#2,'mechanical');
#6361 = PRODUCT_DEFINITION_CONTEXT('part definition',#2,'design');
#6362 = SHAPE_REPRESENTATION('',(#11,#6363),#6367);
#6363 = AXIS2_PLACEMENT_3D('',#6364,#6365,#6366);
#6364 = CARTESIAN_POINT('',(0.,0.,0.));
#6365 = DIRECTION('',(0.,0.,1.));
#6366 = DIRECTION('',(1.,0.,0.));
#6367 = ( GEOMETRIC_REPRESENTATION_CONTEXT(3) 
GLOBAL_UNCERTAINTY_ASSIGNED_CONTEXT((#6371)) 
GLOBAL_UNIT_ASSIGNED_CONTEXT((#6368,#6369,#6370)) REPRESENTATION_CONTEXT
('Context #1','3D Context with UNIT and UNCERTAINTY') );
#6368 = ( LENGTH_UNIT() NAMED_UNIT(*) SI_UNIT(.MILLI.,.METRE.) );
#6369 = ( NAMED_UNIT(*) PLANE_ANGLE_UNIT() SI_UNIT($,.RADIAN.) );
#6370 = ( NAMED_UNIT(*) SI_UNIT($,.STERADIAN.) SOLID_ANGLE_UNIT() );
#6371 = UNCERTAINTY_MEASURE_WITH_UNIT(LENGTH_MEASURE(1.E-07),#6368,
  'distance_accuracy_value','confusion accuracy');
#6372 = CONTEXT_DEPENDENT_SHAPE_REPRESENTATION(#6373,#6375);
#6373 = ( REPRESENTATION_RELATIONSHIP('','',#6362,#6339) 
REPRESENTATION_RELATIONSHIP_WITH_TRANSFORMATION(#6374) 
SHAPE_REPRESENTATION_RELATIONSHIP() );
#6374 = ITEM_DEFINED_TRANSFORMATION('','',#11,#6340);
#6375 = PRODUCT_DEFINITION_SHAPE('Placement','Placement of an item',
  #6376);
#6376 = NEXT_ASSEMBLY_USAGE_OCCURRENCE('19','=>[0:1:1:9]','',#6334,#6357
  ,$);
#6377 = PRODUCT_RELATED_PRODUCT_CATEGORY('part',$,(#6359));
#6378 = SHAPE_DEFINITION_REPRESENTATION(#6379,#6385);
#6379 = PRODUCT_DEFINITION_SHAPE('','',#6380);
#6380 = PRODUCT_DEFINITION('design','',#6381,#6384);
#6381 = PRODUCT_DEFINITION_FORMATION('','',#6382);
#6382 = PRODUCT('932d09b2-9c39-11ed-93f0-dde97e994e83',
  '932d09b2-9c39-11ed-93f0-dde97e994e83','',(#6383));
#6383 = PRODUCT_CONTEXT('',#2,'mechanical');
#6384 = PRODUCT_DEFINITION_CONTEXT('part definition',#2,'design');
#6385 = SHAPE_REPRESENTATION('',(#11,#6386,#6390,#6394),#6398);
#6386 = AXIS2_PLACEMENT_3D('',#6387,#6388,#6389);
#6387 = CARTESIAN_POINT('',(0.,0.,0.));
#6388 = DIRECTION('',(0.,0.,1.));
#6389 = DIRECTION('',(1.,0.,0.));
#6390 = AXIS2_PLACEMENT_3D('',#6391,#6392,#6393);
#6391 = CARTESIAN_POINT('',(0.,0.,0.));
#6392 = DIRECTION('',(0.,0.,1.));
#6393 = DIRECTION('',(1.,0.,0.));
#6394 = AXIS2_PLACEMENT_3D('',#6395,#6396,#6397);
#6395 = CARTESIAN_POINT('',(0.,0.,0.));
#6396 = DIRECTION('',(0.,0.,1.));
#6397 = DIRECTION('',(1.,0.,0.));
#6398 = ( GEOMETRIC_REPRESENTATION_CONTEXT(3) 
GLOBAL_UNCERTAINTY_ASSIGNED_CONTEXT((#6402)) 
GLOBAL_UNIT_ASSIGNED_CONTEXT((#6399,#6400,#6401)) REPRESENTATION_CONTEXT
('Context #1','3D Context with UNIT and UNCERTAINTY') );
#6399 = ( LENGTH_UNIT() NAMED_UNIT(*) SI_UNIT(.MILLI.,.METRE.) );
#6400 = ( NAMED_UNIT(*) PLANE_ANGLE_UNIT() SI_UNIT($,.RADIAN.) );
#6401 = ( NAMED_UNIT(*) SI_UNIT($,.STERADIAN.) SOLID_ANGLE_UNIT() );
#6402 = UNCERTAINTY_MEASURE_WITH_UNIT(LENGTH_MEASURE(1.E-07),#6399,
  'distance_accuracy_value','confusion accuracy');
#6403 = CONTEXT_DEPENDENT_SHAPE_REPRESENTATION(#6404,#6406);
#6404 = ( REPRESENTATION_RELATIONSHIP('','',#6385,#6362) 
REPRESENTATION_RELATIONSHIP_WITH_TRANSFORMATION(#6405) 
SHAPE_REPRESENTATION_RELATIONSHIP() );
#6405 = ITEM_DEFINED_TRANSFORMATION('','',#11,#6363);
#6406 = PRODUCT_DEFINITION_SHAPE('Placement','Placement of an item',
  #6407);
#6407 = NEXT_ASSEMBLY_USAGE_OCCURRENCE('18','7','',#6357,#6380,$);
#6408 = PRODUCT_RELATED_PRODUCT_CATEGORY('part',$,(#6382));
#6409 = SHAPE_DEFINITION_REPRESENTATION(#6410,#6416);
#6410 = PRODUCT_DEFINITION_SHAPE('','',#6411);
#6411 = PRODUCT_DEFINITION('design','',#6412,#6415);
#6412 = PRODUCT_DEFINITION_FORMATION('','',#6413);
#6413 = PRODUCT('932d09b3-9c39-11ed-93f0-dde97e994e83',
  '932d09b3-9c39-11ed-93f0-dde97e994e83','',(#6414));
#6414 = PRODUCT_CONTEXT('',#2,'mechanical');
#6415 = PRODUCT_DEFINITION_CONTEXT('part definition',#2,'design');
#6416 = SHAPE_REPRESENTATION('',(#11,#6417),#6421);
#6417 = AXIS2_PLACEMENT_3D('',#6418,#6419,#6420);
#6418 = CARTESIAN_POINT('',(0.,0.,0.));
#6419 = DIRECTION('',(0.,0.,1.));
#6420 = DIRECTION('',(1.,0.,0.));
#6421 = ( GEOMETRIC_REPRESENTATION_CONTEXT(3) 
GLOBAL_UNCERTAINTY_ASSIGNED_CONTEXT((#6425)) 
GLOBAL_UNIT_ASSIGNED_CONTEXT((#6422,#6423,#6424)) REPRESENTATION_CONTEXT
('Context #1','3D Context with UNIT and UNCERTAINTY') );
#6422 = ( LENGTH_UNIT() NAMED_UNIT(*) SI_UNIT(.MILLI.,.METRE.) );
#6423 = ( NAMED_UNIT(*) PLANE_ANGLE_UNIT() SI_UNIT($,.RADIAN.) );
#6424 = ( NAMED_UNIT(*) SI_UNIT($,.STERADIAN.) SOLID_ANGLE_UNIT() );
#6425 = UNCERTAINTY_MEASURE_WITH_UNIT(LENGTH_MEASURE(1.E-07),#6422,
  'distance_accuracy_value','confusion accuracy');
#6426 = CONTEXT_DEPENDENT_SHAPE_REPRESENTATION(#6427,#6429);
#6427 = ( REPRESENTATION_RELATIONSHIP('','',#6416,#6385) 
REPRESENTATION_RELATIONSHIP_WITH_TRANSFORMATION(#6428) 
SHAPE_REPRESENTATION_RELATIONSHIP() );
#6428 = ITEM_DEFINED_TRANSFORMATION('','',#11,#6386);
#6429 = PRODUCT_DEFINITION_SHAPE('Placement','Placement of an item',
  #6430);
#6430 = NEXT_ASSEMBLY_USAGE_OCCURRENCE('13','2','',#6380,#6411,$);
#6431 = PRODUCT_RELATED_PRODUCT_CATEGORY('part',$,(#6413));
#6432 = SHAPE_DEFINITION_REPRESENTATION(#6433,#6439);
#6433 = PRODUCT_DEFINITION_SHAPE('','',#6434);
#6434 = PRODUCT_DEFINITION('design','',#6435,#6438);
#6435 = PRODUCT_DEFINITION_FORMATION('','',#6436);
#6436 = PRODUCT('932d09b3-9c39-11ed-93f0-dde97e994e83_part',
  '932d09b3-9c39-11ed-93f0-dde97e994e83_part','',(#6437));
#6437 = PRODUCT_CONTEXT('',#2,'mechanical');
#6438 = PRODUCT_DEFINITION_CONTEXT('part definition',#2,'design');
#6439 = ADVANCED_BREP_SHAPE_REPRESENTATION('',(#11,#6440),#6782);
#6440 = MANIFOLD_SOLID_BREP('',#6441);
#6441 = CLOSED_SHELL('',(#6442,#6482,#6529,#6553,#6584,#6624,#6648,#6665
    ,#6696,#6708,#6736,#6748,#6773));
#6442 = ADVANCED_FACE('',(#6443),#6477,.F.);
#6443 = FACE_BOUND('',#6444,.F.);
#6444 = EDGE_LOOP('',(#6445,#6455,#6463,#6471));
#6445 = ORIENTED_EDGE('',*,*,#6446,.T.);
#6446 = EDGE_CURVE('',#6447,#6449,#6451,.T.);
#6447 = VERTEX_POINT('',#6448);
#6448 = CARTESIAN_POINT('',(-3.11,3.25,0.9));
#6449 = VERTEX_POINT('',#6450);
#6450 = CARTESIAN_POINT('',(-3.11,3.25,0.92));
#6451 = LINE('',#6452,#6453);
#6452 = CARTESIAN_POINT('',(-3.11,3.25,2.E-02));
#6453 = VECTOR('',#6454,1.);
#6454 = DIRECTION('',(0.,0.,1.));
#6455 = ORIENTED_EDGE('',*,*,#6456,.T.);
#6456 = EDGE_CURVE('',#6449,#6457,#6459,.T.);
#6457 = VERTEX_POINT('',#6458);
#6458 = CARTESIAN_POINT('',(-3.11,-3.25,0.92));
#6459 = LINE('',#6460,#6461);
#6460 = CARTESIAN_POINT('',(-3.11,3.25,0.92));
#6461 = VECTOR('',#6462,1.);
#6462 = DIRECTION('',(0.,-1.,0.));
#6463 = ORIENTED_EDGE('',*,*,#6464,.F.);
#6464 = EDGE_CURVE('',#6465,#6457,#6467,.T.);
#6465 = VERTEX_POINT('',#6466);
#6466 = CARTESIAN_POINT('',(-3.11,-3.25,0.9));
#6467 = LINE('',#6468,#6469);
#6468 = CARTESIAN_POINT('',(-3.11,-3.25,2.E-02));
#6469 = VECTOR('',#6470,1.);
#6470 = DIRECTION('',(0.,0.,1.));
#6471 = ORIENTED_EDGE('',*,*,#6472,.F.);
#6472 = EDGE_CURVE('',#6447,#6465,#6473,.T.);
#6473 = LINE('',#6474,#6475);
#6474 = CARTESIAN_POINT('',(-3.11,3.25,0.9));
#6475 = VECTOR('',#6476,1.);
#6476 = DIRECTION('',(0.,-1.,0.));
#6477 = PLANE('',#6478);
#6478 = AXIS2_PLACEMENT_3D('',#6479,#6480,#6481);
#6479 = CARTESIAN_POINT('',(-3.11,3.25,2.E-02));
#6480 = DIRECTION('',(1.,0.,-0.));
#6481 = DIRECTION('',(0.,-1.,0.));
#6482 = ADVANCED_FACE('',(#6483),#6524,.F.);
#6483 = FACE_BOUND('',#6484,.F.);
#6484 = EDGE_LOOP('',(#6485,#6486,#6494,#6502,#6510,#6518));
#6485 = ORIENTED_EDGE('',*,*,#6446,.F.);
#6486 = ORIENTED_EDGE('',*,*,#6487,.T.);
#6487 = EDGE_CURVE('',#6447,#6488,#6490,.T.);
#6488 = VERTEX_POINT('',#6489);
#6489 = CARTESIAN_POINT('',(-2.91,3.25,2.E-02));
#6490 = LINE('',#6491,#6492);
#6491 = CARTESIAN_POINT('',(-2.812161100196,3.25,-0.410491159136));
#6492 = VECTOR('',#6493,1.);
#6493 = DIRECTION('',(0.221621103589,0.,-0.975132855791));
#6494 = ORIENTED_EDGE('',*,*,#6495,.F.);
#6495 = EDGE_CURVE('',#6496,#6488,#6498,.T.);
#6496 = VERTEX_POINT('',#6497);
#6497 = CARTESIAN_POINT('',(3.11,3.25,2.E-02));
#6498 = LINE('',#6499,#6500);
#6499 = CARTESIAN_POINT('',(3.11,3.25,2.E-02));
#6500 = VECTOR('',#6501,1.);
#6501 = DIRECTION('',(-1.,0.,0.));
#6502 = ORIENTED_EDGE('',*,*,#6503,.T.);
#6503 = EDGE_CURVE('',#6496,#6504,#6506,.T.);
#6504 = VERTEX_POINT('',#6505);
#6505 = CARTESIAN_POINT('',(3.11,3.25,0.52));
#6506 = LINE('',#6507,#6508);
#6507 = CARTESIAN_POINT('',(3.11,3.25,2.E-02));
#6508 = VECTOR('',#6509,1.);
#6509 = DIRECTION('',(0.,0.,1.));
#6510 = ORIENTED_EDGE('',*,*,#6511,.T.);
#6511 = EDGE_CURVE('',#6504,#6512,#6514,.T.);
#6512 = VERTEX_POINT('',#6513);
#6513 = CARTESIAN_POINT('',(2.998888888889,3.25,0.92));
#6514 = LINE('',#6515,#6516);
#6515 = CARTESIAN_POINT('',(3.04946991404,3.25,0.737908309456));
#6516 = VECTOR('',#6517,1.);
#6517 = DIRECTION('',(-0.267643863786,-0.,0.96351790963));
#6518 = ORIENTED_EDGE('',*,*,#6519,.T.);
#6519 = EDGE_CURVE('',#6512,#6449,#6520,.T.);
#6520 = LINE('',#6521,#6522);
#6521 = CARTESIAN_POINT('',(2.61,3.25,0.92));
#6522 = VECTOR('',#6523,1.);
#6523 = DIRECTION('',(-1.,0.,0.));
#6524 = PLANE('',#6525);
#6525 = AXIS2_PLACEMENT_3D('',#6526,#6527,#6528);
#6526 = CARTESIAN_POINT('',(3.11,3.25,2.E-02));
#6527 = DIRECTION('',(0.,-1.,0.));
#6528 = DIRECTION('',(-1.,0.,0.));
#6529 = ADVANCED_FACE('',(#6530),#6548,.T.);
#6530 = FACE_BOUND('',#6531,.F.);
#6531 = EDGE_LOOP('',(#6532,#6533,#6534,#6542));
#6532 = ORIENTED_EDGE('',*,*,#6487,.F.);
#6533 = ORIENTED_EDGE('',*,*,#6472,.T.);
#6534 = ORIENTED_EDGE('',*,*,#6535,.T.);
#6535 = EDGE_CURVE('',#6465,#6536,#6538,.T.);
#6536 = VERTEX_POINT('',#6537);
#6537 = CARTESIAN_POINT('',(-2.91,-3.25,2.E-02));
#6538 = LINE('',#6539,#6540);
#6539 = CARTESIAN_POINT('',(-2.964911591356,-3.25,0.261611001965));
#6540 = VECTOR('',#6541,1.);
#6541 = DIRECTION('',(0.221621103589,-0.,-0.975132855791));
#6542 = ORIENTED_EDGE('',*,*,#6543,.F.);
#6543 = EDGE_CURVE('',#6488,#6536,#6544,.T.);
#6544 = LINE('',#6545,#6546);
#6545 = CARTESIAN_POINT('',(-2.91,3.25,2.E-02));
#6546 = VECTOR('',#6547,1.);
#6547 = DIRECTION('',(0.,-1.,0.));
#6548 = PLANE('',#6549);
#6549 = AXIS2_PLACEMENT_3D('',#6550,#6551,#6552);
#6550 = CARTESIAN_POINT('',(-3.01,3.25,0.46));
#6551 = DIRECTION('',(-0.975132855791,0.,-0.221621103589));
#6552 = DIRECTION('',(0.,1.,0.));
#6553 = ADVANCED_FACE('',(#6554),#6579,.F.);
#6554 = FACE_BOUND('',#6555,.F.);
#6555 = EDGE_LOOP('',(#6556,#6566,#6572,#6573));
#6556 = ORIENTED_EDGE('',*,*,#6557,.T.);
#6557 = EDGE_CURVE('',#6558,#6560,#6562,.T.);
#6558 = VERTEX_POINT('',#6559);
#6559 = CARTESIAN_POINT('',(-2.61,2.75,2.32));
#6560 = VERTEX_POINT('',#6561);
#6561 = CARTESIAN_POINT('',(-2.61,-2.75,2.32));
#6562 = LINE('',#6563,#6564);
#6563 = CARTESIAN_POINT('',(-2.61,3.25,2.32));
#6564 = VECTOR('',#6565,1.);
#6565 = DIRECTION('',(0.,-1.,0.));
#6566 = ORIENTED_EDGE('',*,*,#6567,.T.);
#6567 = EDGE_CURVE('',#6560,#6457,#6568,.T.);
#6568 = LINE('',#6569,#6570);
#6569 = CARTESIAN_POINT('',(-2.529715447154,-2.669715447154,
    2.544796747967));
#6570 = VECTOR('',#6571,1.);
#6571 = DIRECTION('',(-0.318788356532,-0.318788356532,-0.892607398289));
#6572 = ORIENTED_EDGE('',*,*,#6456,.F.);
#6573 = ORIENTED_EDGE('',*,*,#6574,.F.);
#6574 = EDGE_CURVE('',#6558,#6449,#6575,.T.);
#6575 = LINE('',#6576,#6577);
#6576 = CARTESIAN_POINT('',(-2.594756097561,2.734756097561,
    2.362682926829));
#6577 = VECTOR('',#6578,1.);
#6578 = DIRECTION('',(-0.318788356532,0.318788356532,-0.892607398289));
#6579 = PLANE('',#6580);
#6580 = AXIS2_PLACEMENT_3D('',#6581,#6582,#6583);
#6581 = CARTESIAN_POINT('',(-2.86,3.25,1.62));
#6582 = DIRECTION('',(0.941741911595,7.015149670815E-18,-0.336336396998)
  );
#6583 = DIRECTION('',(6.606460461117E-18,-1.,-2.359450164685E-18));
#6584 = ADVANCED_FACE('',(#6585),#6619,.F.);
#6585 = FACE_BOUND('',#6586,.F.);
#6586 = EDGE_LOOP('',(#6587,#6588,#6596,#6604,#6612,#6618));
#6587 = ORIENTED_EDGE('',*,*,#6464,.T.);
#6588 = ORIENTED_EDGE('',*,*,#6589,.T.);
#6589 = EDGE_CURVE('',#6457,#6590,#6592,.T.);
#6590 = VERTEX_POINT('',#6591);
#6591 = CARTESIAN_POINT('',(2.998888888889,-3.25,0.92));
#6592 = LINE('',#6593,#6594);
#6593 = CARTESIAN_POINT('',(-2.61,-3.25,0.92));
#6594 = VECTOR('',#6595,1.);
#6595 = DIRECTION('',(1.,0.,0.));
#6596 = ORIENTED_EDGE('',*,*,#6597,.F.);
#6597 = EDGE_CURVE('',#6598,#6590,#6600,.T.);
#6598 = VERTEX_POINT('',#6599);
#6599 = CARTESIAN_POINT('',(3.11,-3.25,0.52));
#6600 = LINE('',#6601,#6602);
#6601 = CARTESIAN_POINT('',(2.826690544413,-3.25,1.539914040115));
#6602 = VECTOR('',#6603,1.);
#6603 = DIRECTION('',(-0.267643863786,0.,0.96351790963));
#6604 = ORIENTED_EDGE('',*,*,#6605,.F.);
#6605 = EDGE_CURVE('',#6606,#6598,#6608,.T.);
#6606 = VERTEX_POINT('',#6607);
#6607 = CARTESIAN_POINT('',(3.11,-3.25,2.E-02));
#6608 = LINE('',#6609,#6610);
#6609 = CARTESIAN_POINT('',(3.11,-3.25,2.E-02));
#6610 = VECTOR('',#6611,1.);
#6611 = DIRECTION('',(0.,0.,1.));
#6612 = ORIENTED_EDGE('',*,*,#6613,.F.);
#6613 = EDGE_CURVE('',#6536,#6606,#6614,.T.);
#6614 = LINE('',#6615,#6616);
#6615 = CARTESIAN_POINT('',(-3.11,-3.25,2.E-02));
#6616 = VECTOR('',#6617,1.);
#6617 = DIRECTION('',(1.,0.,0.));
#6618 = ORIENTED_EDGE('',*,*,#6535,.F.);
#6619 = PLANE('',#6620);
#6620 = AXIS2_PLACEMENT_3D('',#6621,#6622,#6623);
#6621 = CARTESIAN_POINT('',(-3.11,-3.25,2.E-02));
#6622 = DIRECTION('',(0.,1.,0.));
#6623 = DIRECTION('',(1.,0.,0.));
#6624 = ADVANCED_FACE('',(#6625),#6643,.F.);
#6625 = FACE_BOUND('',#6626,.F.);
#6626 = EDGE_LOOP('',(#6627,#6635,#6641,#6642));
#6627 = ORIENTED_EDGE('',*,*,#6628,.F.);
#6628 = EDGE_CURVE('',#6629,#6512,#6631,.T.);
#6629 = VERTEX_POINT('',#6630);
#6630 = CARTESIAN_POINT('',(2.61,2.75,2.32));
#6631 = LINE('',#6632,#6633);
#6632 = CARTESIAN_POINT('',(2.56571473387,2.69306180069,2.479426958068)
  );
#6633 = VECTOR('',#6634,1.);
#6634 = DIRECTION('',(0.253078917766,0.325387179985,-0.911084103957));
#6635 = ORIENTED_EDGE('',*,*,#6636,.T.);
#6636 = EDGE_CURVE('',#6629,#6558,#6637,.T.);
#6637 = LINE('',#6638,#6639);
#6638 = CARTESIAN_POINT('',(2.61,2.75,2.32));
#6639 = VECTOR('',#6640,1.);
#6640 = DIRECTION('',(-1.,0.,0.));
#6641 = ORIENTED_EDGE('',*,*,#6574,.T.);
#6642 = ORIENTED_EDGE('',*,*,#6519,.F.);
#6643 = PLANE('',#6644);
#6644 = AXIS2_PLACEMENT_3D('',#6645,#6646,#6647);
#6645 = CARTESIAN_POINT('',(2.61,3.,1.62));
#6646 = DIRECTION('',(7.015149670815E-18,-0.941741911595,-0.336336396998
    ));
#6647 = DIRECTION('',(-1.,-6.606460461117E-18,-2.359450164685E-18));
#6648 = ADVANCED_FACE('',(#6649),#6660,.F.);
#6649 = FACE_BOUND('',#6650,.F.);
#6650 = EDGE_LOOP('',(#6651,#6652,#6658,#6659));
#6651 = ORIENTED_EDGE('',*,*,#6613,.T.);
#6652 = ORIENTED_EDGE('',*,*,#6653,.T.);
#6653 = EDGE_CURVE('',#6606,#6496,#6654,.T.);
#6654 = LINE('',#6655,#6656);
#6655 = CARTESIAN_POINT('',(3.11,-3.25,2.E-02));
#6656 = VECTOR('',#6657,1.);
#6657 = DIRECTION('',(0.,1.,0.));
#6658 = ORIENTED_EDGE('',*,*,#6495,.T.);
#6659 = ORIENTED_EDGE('',*,*,#6543,.T.);
#6660 = PLANE('',#6661);
#6661 = AXIS2_PLACEMENT_3D('',#6662,#6663,#6664);
#6662 = CARTESIAN_POINT('',(-1.396506949214E-16,0.,2.E-02));
#6663 = DIRECTION('',(4.070108102062E-35,-3.727005214102E-35,1.));
#6664 = DIRECTION('',(1.,0.,-4.070108102062E-35));
#6665 = ADVANCED_FACE('',(#6666),#6691,.F.);
#6666 = FACE_BOUND('',#6667,.T.);
#6667 = EDGE_LOOP('',(#6668,#6676,#6682,#6683,#6689,#6690));
#6668 = ORIENTED_EDGE('',*,*,#6669,.F.);
#6669 = EDGE_CURVE('',#6670,#6629,#6672,.T.);
#6670 = VERTEX_POINT('',#6671);
#6671 = CARTESIAN_POINT('',(2.61,-2.75,2.32));
#6672 = LINE('',#6673,#6674);
#6673 = CARTESIAN_POINT('',(2.61,-3.25,2.32));
#6674 = VECTOR('',#6675,1.);
#6675 = DIRECTION('',(0.,1.,0.));
#6676 = ORIENTED_EDGE('',*,*,#6677,.T.);
#6677 = EDGE_CURVE('',#6670,#6590,#6678,.T.);
#6678 = LINE('',#6679,#6680);
#6679 = CARTESIAN_POINT('',(2.666180069016,-2.822231517306,
    2.117751751542));
#6680 = VECTOR('',#6681,1.);
#6681 = DIRECTION('',(0.253078917766,-0.325387179985,-0.911084103957));
#6682 = ORIENTED_EDGE('',*,*,#6597,.F.);
#6683 = ORIENTED_EDGE('',*,*,#6684,.T.);
#6684 = EDGE_CURVE('',#6598,#6504,#6685,.T.);
#6685 = LINE('',#6686,#6687);
#6686 = CARTESIAN_POINT('',(3.11,-3.25,0.52));
#6687 = VECTOR('',#6688,1.);
#6688 = DIRECTION('',(0.,1.,0.));
#6689 = ORIENTED_EDGE('',*,*,#6511,.T.);
#6690 = ORIENTED_EDGE('',*,*,#6628,.F.);
#6691 = PLANE('',#6692);
#6692 = AXIS2_PLACEMENT_3D('',#6693,#6694,#6695);
#6693 = CARTESIAN_POINT('',(2.86,-3.25,1.42));
#6694 = DIRECTION('',(-0.96351790963,0.,-0.267643863786));
#6695 = DIRECTION('',(0.,-1.,-0.));
#6696 = ADVANCED_FACE('',(#6697),#6703,.F.);
#6697 = FACE_BOUND('',#6698,.F.);
#6698 = EDGE_LOOP('',(#6699,#6700,#6701,#6702));
#6699 = ORIENTED_EDGE('',*,*,#6605,.T.);
#6700 = ORIENTED_EDGE('',*,*,#6684,.T.);
#6701 = ORIENTED_EDGE('',*,*,#6503,.F.);
#6702 = ORIENTED_EDGE('',*,*,#6653,.F.);
#6703 = PLANE('',#6704);
#6704 = AXIS2_PLACEMENT_3D('',#6705,#6706,#6707);
#6705 = CARTESIAN_POINT('',(3.11,-3.25,2.E-02));
#6706 = DIRECTION('',(-1.,0.,0.));
#6707 = DIRECTION('',(0.,1.,0.));
#6708 = ADVANCED_FACE('',(#6709,#6720),#6731,.T.);
#6709 = FACE_BOUND('',#6710,.T.);
#6710 = EDGE_LOOP('',(#6711,#6712,#6718,#6719));
#6711 = ORIENTED_EDGE('',*,*,#6557,.T.);
#6712 = ORIENTED_EDGE('',*,*,#6713,.T.);
#6713 = EDGE_CURVE('',#6560,#6670,#6714,.T.);
#6714 = LINE('',#6715,#6716);
#6715 = CARTESIAN_POINT('',(-2.61,-2.75,2.32));
#6716 = VECTOR('',#6717,1.);
#6717 = DIRECTION('',(1.,0.,0.));
#6718 = ORIENTED_EDGE('',*,*,#6669,.T.);
#6719 = ORIENTED_EDGE('',*,*,#6636,.T.);
#6720 = FACE_BOUND('',#6721,.T.);
#6721 = EDGE_LOOP('',(#6722));
#6722 = ORIENTED_EDGE('',*,*,#6723,.T.);
#6723 = EDGE_CURVE('',#6724,#6724,#6726,.T.);
#6724 = VERTEX_POINT('',#6725);
#6725 = CARTESIAN_POINT('',(-2.,-1.118303597555E-16,2.32));
#6726 = CIRCLE('',#6727,0.5);
#6727 = AXIS2_PLACEMENT_3D('',#6728,#6729,#6730);
#6728 = CARTESIAN_POINT('',(-1.5,1.063432015924E-17,2.32));
#6729 = DIRECTION('',(-4.070108102062E-35,3.727005214102E-35,-1.));
#6730 = DIRECTION('',(-1.,-1.516931411834E-69,4.070108102062E-35));
#6731 = PLANE('',#6732);
#6732 = AXIS2_PLACEMENT_3D('',#6733,#6734,#6735);
#6733 = CARTESIAN_POINT('',(-1.396506949214E-16,0.,2.32));
#6734 = DIRECTION('',(4.070108102062E-35,-3.727005214102E-35,1.));
#6735 = DIRECTION('',(1.,0.,-4.070108102062E-35));
#6736 = ADVANCED_FACE('',(#6737),#6743,.F.);
#6737 = FACE_BOUND('',#6738,.F.);
#6738 = EDGE_LOOP('',(#6739,#6740,#6741,#6742));
#6739 = ORIENTED_EDGE('',*,*,#6567,.F.);
#6740 = ORIENTED_EDGE('',*,*,#6713,.T.);
#6741 = ORIENTED_EDGE('',*,*,#6677,.T.);
#6742 = ORIENTED_EDGE('',*,*,#6589,.F.);
#6743 = PLANE('',#6744);
#6744 = AXIS2_PLACEMENT_3D('',#6745,#6746,#6747);
#6745 = CARTESIAN_POINT('',(-2.61,-3.,1.62));
#6746 = DIRECTION('',(-7.015149670815E-18,0.941741911595,-0.336336396998
    ));
#6747 = DIRECTION('',(1.,6.606460461117E-18,-2.359450164685E-18));
#6748 = ADVANCED_FACE('',(#6749),#6768,.F.);
#6749 = FACE_BOUND('',#6750,.F.);
#6750 = EDGE_LOOP('',(#6751,#6760,#6766,#6767));
#6751 = ORIENTED_EDGE('',*,*,#6752,.F.);
#6752 = EDGE_CURVE('',#6753,#6753,#6755,.T.);
#6753 = VERTEX_POINT('',#6754);
#6754 = CARTESIAN_POINT('',(-2.,-1.118303597555E-16,2.22));
#6755 = CIRCLE('',#6756,0.5);
#6756 = AXIS2_PLACEMENT_3D('',#6757,#6758,#6759);
#6757 = CARTESIAN_POINT('',(-1.5,1.063432015924E-17,2.22));
#6758 = DIRECTION('',(-4.070108102062E-35,3.727005214102E-35,-1.));
#6759 = DIRECTION('',(-1.,-1.516931411834E-69,4.070108102062E-35));
#6760 = ORIENTED_EDGE('',*,*,#6761,.F.);
#6761 = EDGE_CURVE('',#6724,#6753,#6762,.T.);
#6762 = LINE('',#6763,#6764);
#6763 = CARTESIAN_POINT('',(-2.,-1.118303597555E-16,2.32));
#6764 = VECTOR('',#6765,1.);
#6765 = DIRECTION('',(-4.070108102062E-35,3.727005214102E-35,-1.));
#6766 = ORIENTED_EDGE('',*,*,#6723,.T.);
#6767 = ORIENTED_EDGE('',*,*,#6761,.T.);
#6768 = CYLINDRICAL_SURFACE('',#6769,0.5);
#6769 = AXIS2_PLACEMENT_3D('',#6770,#6771,#6772);
#6770 = CARTESIAN_POINT('',(-1.5,1.063432015924E-17,2.32));
#6771 = DIRECTION('',(-4.070108102062E-35,3.727005214102E-35,-1.));
#6772 = DIRECTION('',(-1.,-1.516931411834E-69,4.070108102062E-35));
#6773 = ADVANCED_FACE('',(#6774),#6777,.F.);
#6774 = FACE_BOUND('',#6775,.F.);
#6775 = EDGE_LOOP('',(#6776));
#6776 = ORIENTED_EDGE('',*,*,#6752,.T.);
#6777 = PLANE('',#6778);
#6778 = AXIS2_PLACEMENT_3D('',#6779,#6780,#6781);
#6779 = CARTESIAN_POINT('',(-1.5,1.063432015924E-17,2.22));
#6780 = DIRECTION('',(-4.070108102062E-35,3.727005214102E-35,-1.));
#6781 = DIRECTION('',(-1.,-1.516931411834E-69,4.070108102062E-35));
#6782 = ( GEOMETRIC_REPRESENTATION_CONTEXT(3) 
GLOBAL_UNCERTAINTY_ASSIGNED_CONTEXT((#6786)) 
GLOBAL_UNIT_ASSIGNED_CONTEXT((#6783,#6784,#6785)) REPRESENTATION_CONTEXT
('Context #1','3D Context with UNIT and UNCERTAINTY') );
#6783 = ( LENGTH_UNIT() NAMED_UNIT(*) SI_UNIT(.MILLI.,.METRE.) );
#6784 = ( NAMED_UNIT(*) PLANE_ANGLE_UNIT() SI_UNIT($,.RADIAN.) );
#6785 = ( NAMED_UNIT(*) SI_UNIT($,.STERADIAN.) SOLID_ANGLE_UNIT() );
#6786 = UNCERTAINTY_MEASURE_WITH_UNIT(LENGTH_MEASURE(1.E-07),#6783,
  'distance_accuracy_value','confusion accuracy');
#6787 = CONTEXT_DEPENDENT_SHAPE_REPRESENTATION(#6788,#6790);
#6788 = ( REPRESENTATION_RELATIONSHIP('','',#6439,#6416) 
REPRESENTATION_RELATIONSHIP_WITH_TRANSFORMATION(#6789) 
SHAPE_REPRESENTATION_RELATIONSHIP() );
#6789 = ITEM_DEFINED_TRANSFORMATION('','',#11,#6417);
#6790 = PRODUCT_DEFINITION_SHAPE('Placement','Placement of an item',
  #6791);
#6791 = NEXT_ASSEMBLY_USAGE_OCCURRENCE('12','1','',#6411,#6434,$);
#6792 = PRODUCT_RELATED_PRODUCT_CATEGORY('part',$,(#6436));
#6793 = SHAPE_DEFINITION_REPRESENTATION(#6794,#6800);
#6794 = PRODUCT_DEFINITION_SHAPE('','',#6795);
#6795 = PRODUCT_DEFINITION('design','',#6796,#6799);
#6796 = PRODUCT_DEFINITION_FORMATION('','',#6797);
#6797 = PRODUCT('932d09b4-9c39-11ed-93f0-dde97e994e83',
  '932d09b4-9c39-11ed-93f0-dde97e994e83','',(#6798));
#6798 = PRODUCT_CONTEXT('',#2,'mechanical');
#6799 = PRODUCT_DEFINITION_CONTEXT('part definition',#2,'design');
#6800 = SHAPE_REPRESENTATION('',(#11,#6801),#6805);
#6801 = AXIS2_PLACEMENT_3D('',#6802,#6803,#6804);
#6802 = CARTESIAN_POINT('',(0.,0.,0.));
#6803 = DIRECTION('',(0.,0.,1.));
#6804 = DIRECTION('',(1.,0.,0.));
#6805 = ( GEOMETRIC_REPRESENTATION_CONTEXT(3) 
GLOBAL_UNCERTAINTY_ASSIGNED_CONTEXT((#6809)) 
GLOBAL_UNIT_ASSIGNED_CONTEXT((#6806,#6807,#6808)) REPRESENTATION_CONTEXT
('Context #1','3D Context with UNIT and UNCERTAINTY') );
#6806 = ( LENGTH_UNIT() NAMED_UNIT(*) SI_UNIT(.MILLI.,.METRE.) );
#6807 = ( NAMED_UNIT(*) PLANE_ANGLE_UNIT() SI_UNIT($,.RADIAN.) );
#6808 = ( NAMED_UNIT(*) SI_UNIT($,.STERADIAN.) SOLID_ANGLE_UNIT() );
#6809 = UNCERTAINTY_MEASURE_WITH_UNIT(LENGTH_MEASURE(1.E-07),#6806,
  'distance_accuracy_value','confusion accuracy');
#6810 = CONTEXT_DEPENDENT_SHAPE_REPRESENTATION(#6811,#6813);
#6811 = ( REPRESENTATION_RELATIONSHIP('','',#6800,#6385) 
REPRESENTATION_RELATIONSHIP_WITH_TRANSFORMATION(#6812) 
SHAPE_REPRESENTATION_RELATIONSHIP() );
#6812 = ITEM_DEFINED_TRANSFORMATION('','',#11,#6390);
#6813 = PRODUCT_DEFINITION_SHAPE('Placement','Placement of an item',
  #6814);
#6814 = NEXT_ASSEMBLY_USAGE_OCCURRENCE('15','4','',#6380,#6795,$);
#6815 = PRODUCT_RELATED_PRODUCT_CATEGORY('part',$,(#6797));
#6816 = SHAPE_DEFINITION_REPRESENTATION(#6817,#6823);
#6817 = PRODUCT_DEFINITION_SHAPE('','',#6818);
#6818 = PRODUCT_DEFINITION('design','',#6819,#6822);
#6819 = PRODUCT_DEFINITION_FORMATION('','',#6820);
#6820 = PRODUCT('932d09b4-9c39-11ed-93f0-dde97e994e83_part',
  '932d09b4-9c39-11ed-93f0-dde97e994e83_part','',(#6821));
#6821 = PRODUCT_CONTEXT('',#2,'mechanical');
#6822 = PRODUCT_DEFINITION_CONTEXT('part definition',#2,'design');
#6823 = ADVANCED_BREP_SHAPE_REPRESENTATION('',(#11,#6824),#7312);
#6824 = MANIFOLD_SOLID_BREP('',#6825);
#6825 = CLOSED_SHELL('',(#6826,#6866,#6899,#7006,#7031,#7130,#7147,#7164
    ,#7181,#7198,#7215,#7232,#7249,#7266,#7283,#7300));
#6826 = ADVANCED_FACE('',(#6827),#6861,.T.);
#6827 = FACE_BOUND('',#6828,.T.);
#6828 = EDGE_LOOP('',(#6829,#6839,#6847,#6855));
#6829 = ORIENTED_EDGE('',*,*,#6830,.F.);
#6830 = EDGE_CURVE('',#6831,#6833,#6835,.T.);
#6831 = VERTEX_POINT('',#6832);
#6832 = CARTESIAN_POINT('',(4.11,-2.66,0.));
#6833 = VERTEX_POINT('',#6834);
#6834 = CARTESIAN_POINT('',(4.11,-2.66,0.5));
#6835 = LINE('',#6836,#6837);
#6836 = CARTESIAN_POINT('',(4.11,-2.66,0.));
#6837 = VECTOR('',#6838,1.);
#6838 = DIRECTION('',(0.,0.,1.));
#6839 = ORIENTED_EDGE('',*,*,#6840,.T.);
#6840 = EDGE_CURVE('',#6831,#6841,#6843,.T.);
#6841 = VERTEX_POINT('',#6842);
#6842 = CARTESIAN_POINT('',(4.11,-1.97,0.));
#6843 = LINE('',#6844,#6845);
#6844 = CARTESIAN_POINT('',(4.11,-2.7,0.));
#6845 = VECTOR('',#6846,1.);
#6846 = DIRECTION('',(0.,1.,0.));
#6847 = ORIENTED_EDGE('',*,*,#6848,.F.);
#6848 = EDGE_CURVE('',#6849,#6841,#6851,.T.);
#6849 = VERTEX_POINT('',#6850);
#6850 = CARTESIAN_POINT('',(4.11,-1.97,0.5));
#6851 = LINE('',#6852,#6853);
#6852 = CARTESIAN_POINT('',(4.11,-1.97,0.));
#6853 = VECTOR('',#6854,1.);
#6854 = DIRECTION('',(-0.,-0.,-1.));
#6855 = ORIENTED_EDGE('',*,*,#6856,.T.);
#6856 = EDGE_CURVE('',#6849,#6833,#6857,.T.);
#6857 = LINE('',#6858,#6859);
#6858 = CARTESIAN_POINT('',(4.11,2.7,0.5));
#6859 = VECTOR('',#6860,1.);
#6860 = DIRECTION('',(0.,-1.,0.));
#6861 = PLANE('',#6862);
#6862 = AXIS2_PLACEMENT_3D('',#6863,#6864,#6865);
#6863 = CARTESIAN_POINT('',(4.11,0.,0.));
#6864 = DIRECTION('',(1.,0.,-0.));
#6865 = DIRECTION('',(0.,-1.,0.));
#6866 = ADVANCED_FACE('',(#6867),#6894,.T.);
#6867 = FACE_BOUND('',#6868,.T.);
#6868 = EDGE_LOOP('',(#6869,#6870,#6879,#6887));
#6869 = ORIENTED_EDGE('',*,*,#6830,.T.);
#6870 = ORIENTED_EDGE('',*,*,#6871,.T.);
#6871 = EDGE_CURVE('',#6833,#6872,#6874,.T.);
#6872 = VERTEX_POINT('',#6873);
#6873 = CARTESIAN_POINT('',(4.07,-2.7,0.5));
#6874 = CIRCLE('',#6875,4.E-02);
#6875 = AXIS2_PLACEMENT_3D('',#6876,#6877,#6878);
#6876 = CARTESIAN_POINT('',(4.07,-2.66,0.5));
#6877 = DIRECTION('',(-0.,-0.,-1.));
#6878 = DIRECTION('',(0.,-1.,0.));
#6879 = ORIENTED_EDGE('',*,*,#6880,.F.);
#6880 = EDGE_CURVE('',#6881,#6872,#6883,.T.);
#6881 = VERTEX_POINT('',#6882);
#6882 = CARTESIAN_POINT('',(4.07,-2.7,0.));
#6883 = LINE('',#6884,#6885);
#6884 = CARTESIAN_POINT('',(4.07,-2.7,0.));
#6885 = VECTOR('',#6886,1.);
#6886 = DIRECTION('',(0.,0.,1.));
#6887 = ORIENTED_EDGE('',*,*,#6888,.F.);
#6888 = EDGE_CURVE('',#6831,#6881,#6889,.T.);
#6889 = CIRCLE('',#6890,4.E-02);
#6890 = AXIS2_PLACEMENT_3D('',#6891,#6892,#6893);
#6891 = CARTESIAN_POINT('',(4.07,-2.66,0.));
#6892 = DIRECTION('',(-0.,-0.,-1.));
#6893 = DIRECTION('',(0.,-1.,0.));
#6894 = CYLINDRICAL_SURFACE('',#6895,4.E-02);
#6895 = AXIS2_PLACEMENT_3D('',#6896,#6897,#6898);
#6896 = CARTESIAN_POINT('',(4.07,-2.66,0.));
#6897 = DIRECTION('',(0.,0.,1.));
#6898 = DIRECTION('',(1.,0.,-0.));
#6899 = ADVANCED_FACE('',(#6900),#7001,.F.);
#6900 = FACE_BOUND('',#6901,.F.);
#6901 = EDGE_LOOP('',(#6902,#6903,#6911,#6919,#6927,#6935,#6943,#6951,
    #6959,#6968,#6976,#6985,#6993,#7000));
#6902 = ORIENTED_EDGE('',*,*,#6871,.T.);
#6903 = ORIENTED_EDGE('',*,*,#6904,.T.);
#6904 = EDGE_CURVE('',#6872,#6905,#6907,.T.);
#6905 = VERTEX_POINT('',#6906);
#6906 = CARTESIAN_POINT('',(3.11,-2.7,0.5));
#6907 = LINE('',#6908,#6909);
#6908 = CARTESIAN_POINT('',(4.11,-2.7,0.5));
#6909 = VECTOR('',#6910,1.);
#6910 = DIRECTION('',(-1.,0.,0.));
#6911 = ORIENTED_EDGE('',*,*,#6912,.T.);
#6912 = EDGE_CURVE('',#6905,#6913,#6915,.T.);
#6913 = VERTEX_POINT('',#6914);
#6914 = CARTESIAN_POINT('',(3.11,-2.16,0.5));
#6915 = LINE('',#6916,#6917);
#6916 = CARTESIAN_POINT('',(3.11,-2.7,0.5));
#6917 = VECTOR('',#6918,1.);
#6918 = DIRECTION('',(0.,1.,0.));
#6919 = ORIENTED_EDGE('',*,*,#6920,.T.);
#6920 = EDGE_CURVE('',#6913,#6921,#6923,.T.);
#6921 = VERTEX_POINT('',#6922);
#6922 = CARTESIAN_POINT('',(-1.13,-2.16,0.5));
#6923 = LINE('',#6924,#6925);
#6924 = CARTESIAN_POINT('',(3.11,-2.16,0.5));
#6925 = VECTOR('',#6926,1.);
#6926 = DIRECTION('',(-1.,0.,0.));
#6927 = ORIENTED_EDGE('',*,*,#6928,.T.);
#6928 = EDGE_CURVE('',#6921,#6929,#6931,.T.);
#6929 = VERTEX_POINT('',#6930);
#6930 = CARTESIAN_POINT('',(-1.13,2.16,0.5));
#6931 = LINE('',#6932,#6933);
#6932 = CARTESIAN_POINT('',(-1.13,-2.16,0.5));
#6933 = VECTOR('',#6934,1.);
#6934 = DIRECTION('',(0.,1.,0.));
#6935 = ORIENTED_EDGE('',*,*,#6936,.T.);
#6936 = EDGE_CURVE('',#6929,#6937,#6939,.T.);
#6937 = VERTEX_POINT('',#6938);
#6938 = CARTESIAN_POINT('',(3.11,2.16,0.5));
#6939 = LINE('',#6940,#6941);
#6940 = CARTESIAN_POINT('',(-1.13,2.16,0.5));
#6941 = VECTOR('',#6942,1.);
#6942 = DIRECTION('',(1.,0.,0.));
#6943 = ORIENTED_EDGE('',*,*,#6944,.T.);
#6944 = EDGE_CURVE('',#6937,#6945,#6947,.T.);
#6945 = VERTEX_POINT('',#6946);
#6946 = CARTESIAN_POINT('',(3.11,2.7,0.5));
#6947 = LINE('',#6948,#6949);
#6948 = CARTESIAN_POINT('',(3.11,2.16,0.5));
#6949 = VECTOR('',#6950,1.);
#6950 = DIRECTION('',(0.,1.,0.));
#6951 = ORIENTED_EDGE('',*,*,#6952,.T.);
#6952 = EDGE_CURVE('',#6945,#6953,#6955,.T.);
#6953 = VERTEX_POINT('',#6954);
#6954 = CARTESIAN_POINT('',(4.07,2.7,0.5));
#6955 = LINE('',#6956,#6957);
#6956 = CARTESIAN_POINT('',(3.11,2.7,0.5));
#6957 = VECTOR('',#6958,1.);
#6958 = DIRECTION('',(1.,0.,0.));
#6959 = ORIENTED_EDGE('',*,*,#6960,.F.);
#6960 = EDGE_CURVE('',#6961,#6953,#6963,.T.);
#6961 = VERTEX_POINT('',#6962);
#6962 = CARTESIAN_POINT('',(4.11,2.66,0.5));
#6963 = CIRCLE('',#6964,4.E-02);
#6964 = AXIS2_PLACEMENT_3D('',#6965,#6966,#6967);
#6965 = CARTESIAN_POINT('',(4.07,2.66,0.5));
#6966 = DIRECTION('',(0.,0.,1.));
#6967 = DIRECTION('',(0.,-1.,0.));
#6968 = ORIENTED_EDGE('',*,*,#6969,.T.);
#6969 = EDGE_CURVE('',#6961,#6970,#6972,.T.);
#6970 = VERTEX_POINT('',#6971);
#6971 = CARTESIAN_POINT('',(4.11,1.97,0.5));
#6972 = LINE('',#6973,#6974);
#6973 = CARTESIAN_POINT('',(4.11,2.7,0.5));
#6974 = VECTOR('',#6975,1.);
#6975 = DIRECTION('',(0.,-1.,0.));
#6976 = ORIENTED_EDGE('',*,*,#6977,.F.);
#6977 = EDGE_CURVE('',#6978,#6970,#6980,.T.);
#6978 = VERTEX_POINT('',#6979);
#6979 = CARTESIAN_POINT('',(4.03,1.89,0.5));
#6980 = CIRCLE('',#6981,8.E-02);
#6981 = AXIS2_PLACEMENT_3D('',#6982,#6983,#6984);
#6982 = CARTESIAN_POINT('',(4.11,1.89,0.5));
#6983 = DIRECTION('',(0.,0.,-1.));
#6984 = DIRECTION('',(1.,0.,0.));
#6985 = ORIENTED_EDGE('',*,*,#6986,.T.);
#6986 = EDGE_CURVE('',#6978,#6987,#6989,.T.);
#6987 = VERTEX_POINT('',#6988);
#6988 = CARTESIAN_POINT('',(4.03,-1.89,0.5));
#6989 = LINE('',#6990,#6991);
#6990 = CARTESIAN_POINT('',(4.03,1.89,0.5));
#6991 = VECTOR('',#6992,1.);
#6992 = DIRECTION('',(0.,-1.,0.));
#6993 = ORIENTED_EDGE('',*,*,#6994,.F.);
#6994 = EDGE_CURVE('',#6849,#6987,#6995,.T.);
#6995 = CIRCLE('',#6996,8.E-02);
#6996 = AXIS2_PLACEMENT_3D('',#6997,#6998,#6999);
#6997 = CARTESIAN_POINT('',(4.11,-1.89,0.5));
#6998 = DIRECTION('',(0.,0.,-1.));
#6999 = DIRECTION('',(1.,0.,0.));
#7000 = ORIENTED_EDGE('',*,*,#6856,.T.);
#7001 = PLANE('',#7002);
#7002 = AXIS2_PLACEMENT_3D('',#7003,#7004,#7005);
#7003 = CARTESIAN_POINT('',(1.705187969925,6.260656153901E-17,0.5));
#7004 = DIRECTION('',(-0.,-0.,-1.));
#7005 = DIRECTION('',(-1.,0.,0.));
#7006 = ADVANCED_FACE('',(#7007),#7026,.F.);
#7007 = FACE_BOUND('',#7008,.F.);
#7008 = EDGE_LOOP('',(#7009,#7010,#7018,#7025));
#7009 = ORIENTED_EDGE('',*,*,#6994,.T.);
#7010 = ORIENTED_EDGE('',*,*,#7011,.F.);
#7011 = EDGE_CURVE('',#7012,#6987,#7014,.T.);
#7012 = VERTEX_POINT('',#7013);
#7013 = CARTESIAN_POINT('',(4.03,-1.89,0.));
#7014 = LINE('',#7015,#7016);
#7015 = CARTESIAN_POINT('',(4.03,-1.89,0.));
#7016 = VECTOR('',#7017,1.);
#7017 = DIRECTION('',(0.,0.,1.));
#7018 = ORIENTED_EDGE('',*,*,#7019,.T.);
#7019 = EDGE_CURVE('',#7012,#6841,#7020,.T.);
#7020 = CIRCLE('',#7021,8.E-02);
#7021 = AXIS2_PLACEMENT_3D('',#7022,#7023,#7024);
#7022 = CARTESIAN_POINT('',(4.11,-1.89,0.));
#7023 = DIRECTION('',(0.,0.,1.));
#7024 = DIRECTION('',(1.,0.,-0.));
#7025 = ORIENTED_EDGE('',*,*,#6848,.F.);
#7026 = CYLINDRICAL_SURFACE('',#7027,8.E-02);
#7027 = AXIS2_PLACEMENT_3D('',#7028,#7029,#7030);
#7028 = CARTESIAN_POINT('',(4.11,-1.89,0.));
#7029 = DIRECTION('',(-0.,-0.,-1.));
#7030 = DIRECTION('',(1.,0.,0.));
#7031 = ADVANCED_FACE('',(#7032),#7125,.T.);
#7032 = FACE_BOUND('',#7033,.T.);
#7033 = EDGE_LOOP('',(#7034,#7035,#7036,#7044,#7052,#7060,#7068,#7076,
    #7084,#7092,#7101,#7109,#7118,#7124));
#7034 = ORIENTED_EDGE('',*,*,#6840,.F.);
#7035 = ORIENTED_EDGE('',*,*,#6888,.T.);
#7036 = ORIENTED_EDGE('',*,*,#7037,.T.);
#7037 = EDGE_CURVE('',#6881,#7038,#7040,.T.);
#7038 = VERTEX_POINT('',#7039);
#7039 = CARTESIAN_POINT('',(3.11,-2.7,0.));
#7040 = LINE('',#7041,#7042);
#7041 = CARTESIAN_POINT('',(4.11,-2.7,0.));
#7042 = VECTOR('',#7043,1.);
#7043 = DIRECTION('',(-1.,0.,0.));
#7044 = ORIENTED_EDGE('',*,*,#7045,.T.);
#7045 = EDGE_CURVE('',#7038,#7046,#7048,.T.);
#7046 = VERTEX_POINT('',#7047);
#7047 = CARTESIAN_POINT('',(3.11,-2.16,0.));
#7048 = LINE('',#7049,#7050);
#7049 = CARTESIAN_POINT('',(3.11,-2.7,0.));
#7050 = VECTOR('',#7051,1.);
#7051 = DIRECTION('',(0.,1.,0.));
#7052 = ORIENTED_EDGE('',*,*,#7053,.T.);
#7053 = EDGE_CURVE('',#7046,#7054,#7056,.T.);
#7054 = VERTEX_POINT('',#7055);
#7055 = CARTESIAN_POINT('',(-1.13,-2.16,0.));
#7056 = LINE('',#7057,#7058);
#7057 = CARTESIAN_POINT('',(3.11,-2.16,0.));
#7058 = VECTOR('',#7059,1.);
#7059 = DIRECTION('',(-1.,0.,0.));
#7060 = ORIENTED_EDGE('',*,*,#7061,.T.);
#7061 = EDGE_CURVE('',#7054,#7062,#7064,.T.);
#7062 = VERTEX_POINT('',#7063);
#7063 = CARTESIAN_POINT('',(-1.13,2.16,0.));
#7064 = LINE('',#7065,#7066);
#7065 = CARTESIAN_POINT('',(-1.13,-2.16,0.));
#7066 = VECTOR('',#7067,1.);
#7067 = DIRECTION('',(0.,1.,0.));
#7068 = ORIENTED_EDGE('',*,*,#7069,.T.);
#7069 = EDGE_CURVE('',#7062,#7070,#7072,.T.);
#7070 = VERTEX_POINT('',#7071);
#7071 = CARTESIAN_POINT('',(3.11,2.16,0.));
#7072 = LINE('',#7073,#7074);
#7073 = CARTESIAN_POINT('',(-1.13,2.16,0.));
#7074 = VECTOR('',#7075,1.);
#7075 = DIRECTION('',(1.,0.,0.));
#7076 = ORIENTED_EDGE('',*,*,#7077,.T.);
#7077 = EDGE_CURVE('',#7070,#7078,#7080,.T.);
#7078 = VERTEX_POINT('',#7079);
#7079 = CARTESIAN_POINT('',(3.11,2.7,0.));
#7080 = LINE('',#7081,#7082);
#7081 = CARTESIAN_POINT('',(3.11,2.16,0.));
#7082 = VECTOR('',#7083,1.);
#7083 = DIRECTION('',(0.,1.,0.));
#7084 = ORIENTED_EDGE('',*,*,#7085,.T.);
#7085 = EDGE_CURVE('',#7078,#7086,#7088,.T.);
#7086 = VERTEX_POINT('',#7087);
#7087 = CARTESIAN_POINT('',(4.07,2.7,0.));
#7088 = LINE('',#7089,#7090);
#7089 = CARTESIAN_POINT('',(3.11,2.7,0.));
#7090 = VECTOR('',#7091,1.);
#7091 = DIRECTION('',(1.,0.,0.));
#7092 = ORIENTED_EDGE('',*,*,#7093,.F.);
#7093 = EDGE_CURVE('',#7094,#7086,#7096,.T.);
#7094 = VERTEX_POINT('',#7095);
#7095 = CARTESIAN_POINT('',(4.11,2.66,0.));
#7096 = CIRCLE('',#7097,4.E-02);
#7097 = AXIS2_PLACEMENT_3D('',#7098,#7099,#7100);
#7098 = CARTESIAN_POINT('',(4.07,2.66,0.));
#7099 = DIRECTION('',(0.,0.,1.));
#7100 = DIRECTION('',(0.,-1.,0.));
#7101 = ORIENTED_EDGE('',*,*,#7102,.F.);
#7102 = EDGE_CURVE('',#7103,#7094,#7105,.T.);
#7103 = VERTEX_POINT('',#7104);
#7104 = CARTESIAN_POINT('',(4.11,1.97,0.));
#7105 = LINE('',#7106,#7107);
#7106 = CARTESIAN_POINT('',(4.11,-2.7,0.));
#7107 = VECTOR('',#7108,1.);
#7108 = DIRECTION('',(0.,1.,0.));
#7109 = ORIENTED_EDGE('',*,*,#7110,.T.);
#7110 = EDGE_CURVE('',#7103,#7111,#7113,.T.);
#7111 = VERTEX_POINT('',#7112);
#7112 = CARTESIAN_POINT('',(4.03,1.89,0.));
#7113 = CIRCLE('',#7114,8.E-02);
#7114 = AXIS2_PLACEMENT_3D('',#7115,#7116,#7117);
#7115 = CARTESIAN_POINT('',(4.11,1.89,0.));
#7116 = DIRECTION('',(0.,0.,1.));
#7117 = DIRECTION('',(1.,0.,-0.));
#7118 = ORIENTED_EDGE('',*,*,#7119,.T.);
#7119 = EDGE_CURVE('',#7111,#7012,#7120,.T.);
#7120 = LINE('',#7121,#7122);
#7121 = CARTESIAN_POINT('',(4.03,1.89,0.));
#7122 = VECTOR('',#7123,1.);
#7123 = DIRECTION('',(0.,-1.,0.));
#7124 = ORIENTED_EDGE('',*,*,#7019,.T.);
#7125 = PLANE('',#7126);
#7126 = AXIS2_PLACEMENT_3D('',#7127,#7128,#7129);
#7127 = CARTESIAN_POINT('',(1.705187969925,6.260656153901E-17,0.));
#7128 = DIRECTION('',(-0.,-0.,-1.));
#7129 = DIRECTION('',(-1.,0.,0.));
#7130 = ADVANCED_FACE('',(#7131),#7142,.T.);
#7131 = FACE_BOUND('',#7132,.T.);
#7132 = EDGE_LOOP('',(#7133,#7134,#7135,#7136));
#7133 = ORIENTED_EDGE('',*,*,#7037,.F.);
#7134 = ORIENTED_EDGE('',*,*,#6880,.T.);
#7135 = ORIENTED_EDGE('',*,*,#6904,.T.);
#7136 = ORIENTED_EDGE('',*,*,#7137,.F.);
#7137 = EDGE_CURVE('',#7038,#6905,#7138,.T.);
#7138 = LINE('',#7139,#7140);
#7139 = CARTESIAN_POINT('',(3.11,-2.7,0.));
#7140 = VECTOR('',#7141,1.);
#7141 = DIRECTION('',(0.,0.,1.));
#7142 = PLANE('',#7143);
#7143 = AXIS2_PLACEMENT_3D('',#7144,#7145,#7146);
#7144 = CARTESIAN_POINT('',(4.11,-2.7,0.));
#7145 = DIRECTION('',(0.,-1.,0.));
#7146 = DIRECTION('',(-1.,0.,0.));
#7147 = ADVANCED_FACE('',(#7148),#7159,.T.);
#7148 = FACE_BOUND('',#7149,.T.);
#7149 = EDGE_LOOP('',(#7150,#7156,#7157,#7158));
#7150 = ORIENTED_EDGE('',*,*,#7151,.T.);
#7151 = EDGE_CURVE('',#7111,#6978,#7152,.T.);
#7152 = LINE('',#7153,#7154);
#7153 = CARTESIAN_POINT('',(4.03,1.89,0.));
#7154 = VECTOR('',#7155,1.);
#7155 = DIRECTION('',(0.,0.,1.));
#7156 = ORIENTED_EDGE('',*,*,#6986,.T.);
#7157 = ORIENTED_EDGE('',*,*,#7011,.F.);
#7158 = ORIENTED_EDGE('',*,*,#7119,.F.);
#7159 = PLANE('',#7160);
#7160 = AXIS2_PLACEMENT_3D('',#7161,#7162,#7163);
#7161 = CARTESIAN_POINT('',(4.03,1.89,0.));
#7162 = DIRECTION('',(1.,0.,-0.));
#7163 = DIRECTION('',(0.,-1.,0.));
#7164 = ADVANCED_FACE('',(#7165),#7176,.F.);
#7165 = FACE_BOUND('',#7166,.F.);
#7166 = EDGE_LOOP('',(#7167,#7168,#7169,#7175));
#7167 = ORIENTED_EDGE('',*,*,#7151,.T.);
#7168 = ORIENTED_EDGE('',*,*,#6977,.T.);
#7169 = ORIENTED_EDGE('',*,*,#7170,.T.);
#7170 = EDGE_CURVE('',#6970,#7103,#7171,.T.);
#7171 = LINE('',#7172,#7173);
#7172 = CARTESIAN_POINT('',(4.11,1.97,0.));
#7173 = VECTOR('',#7174,1.);
#7174 = DIRECTION('',(-0.,-0.,-1.));
#7175 = ORIENTED_EDGE('',*,*,#7110,.T.);
#7176 = CYLINDRICAL_SURFACE('',#7177,8.E-02);
#7177 = AXIS2_PLACEMENT_3D('',#7178,#7179,#7180);
#7178 = CARTESIAN_POINT('',(4.11,1.89,0.));
#7179 = DIRECTION('',(-0.,-0.,-1.));
#7180 = DIRECTION('',(1.,0.,0.));
#7181 = ADVANCED_FACE('',(#7182),#7193,.T.);
#7182 = FACE_BOUND('',#7183,.T.);
#7183 = EDGE_LOOP('',(#7184,#7185,#7186,#7192));
#7184 = ORIENTED_EDGE('',*,*,#7170,.T.);
#7185 = ORIENTED_EDGE('',*,*,#7102,.T.);
#7186 = ORIENTED_EDGE('',*,*,#7187,.T.);
#7187 = EDGE_CURVE('',#7094,#6961,#7188,.T.);
#7188 = LINE('',#7189,#7190);
#7189 = CARTESIAN_POINT('',(4.11,2.66,0.));
#7190 = VECTOR('',#7191,1.);
#7191 = DIRECTION('',(0.,0.,1.));
#7192 = ORIENTED_EDGE('',*,*,#6969,.T.);
#7193 = PLANE('',#7194);
#7194 = AXIS2_PLACEMENT_3D('',#7195,#7196,#7197);
#7195 = CARTESIAN_POINT('',(4.11,0.,0.));
#7196 = DIRECTION('',(1.,0.,-0.));
#7197 = DIRECTION('',(0.,-1.,0.));
#7198 = ADVANCED_FACE('',(#7199),#7210,.T.);
#7199 = FACE_BOUND('',#7200,.T.);
#7200 = EDGE_LOOP('',(#7201,#7202,#7208,#7209));
#7201 = ORIENTED_EDGE('',*,*,#7093,.T.);
#7202 = ORIENTED_EDGE('',*,*,#7203,.T.);
#7203 = EDGE_CURVE('',#7086,#6953,#7204,.T.);
#7204 = LINE('',#7205,#7206);
#7205 = CARTESIAN_POINT('',(4.07,2.7,0.));
#7206 = VECTOR('',#7207,1.);
#7207 = DIRECTION('',(0.,0.,1.));
#7208 = ORIENTED_EDGE('',*,*,#6960,.F.);
#7209 = ORIENTED_EDGE('',*,*,#7187,.F.);
#7210 = CYLINDRICAL_SURFACE('',#7211,4.E-02);
#7211 = AXIS2_PLACEMENT_3D('',#7212,#7213,#7214);
#7212 = CARTESIAN_POINT('',(4.07,2.66,0.));
#7213 = DIRECTION('',(0.,0.,1.));
#7214 = DIRECTION('',(1.,0.,-0.));
#7215 = ADVANCED_FACE('',(#7216),#7227,.T.);
#7216 = FACE_BOUND('',#7217,.T.);
#7217 = EDGE_LOOP('',(#7218,#7219,#7225,#7226));
#7218 = ORIENTED_EDGE('',*,*,#7085,.F.);
#7219 = ORIENTED_EDGE('',*,*,#7220,.T.);
#7220 = EDGE_CURVE('',#7078,#6945,#7221,.T.);
#7221 = LINE('',#7222,#7223);
#7222 = CARTESIAN_POINT('',(3.11,2.7,0.));
#7223 = VECTOR('',#7224,1.);
#7224 = DIRECTION('',(0.,0.,1.));
#7225 = ORIENTED_EDGE('',*,*,#6952,.T.);
#7226 = ORIENTED_EDGE('',*,*,#7203,.F.);
#7227 = PLANE('',#7228);
#7228 = AXIS2_PLACEMENT_3D('',#7229,#7230,#7231);
#7229 = CARTESIAN_POINT('',(3.11,2.7,0.));
#7230 = DIRECTION('',(0.,1.,0.));
#7231 = DIRECTION('',(1.,0.,0.));
#7232 = ADVANCED_FACE('',(#7233),#7244,.T.);
#7233 = FACE_BOUND('',#7234,.T.);
#7234 = EDGE_LOOP('',(#7235,#7241,#7242,#7243));
#7235 = ORIENTED_EDGE('',*,*,#7236,.T.);
#7236 = EDGE_CURVE('',#7070,#6937,#7237,.T.);
#7237 = LINE('',#7238,#7239);
#7238 = CARTESIAN_POINT('',(3.11,2.16,0.));
#7239 = VECTOR('',#7240,1.);
#7240 = DIRECTION('',(0.,0.,1.));
#7241 = ORIENTED_EDGE('',*,*,#6944,.T.);
#7242 = ORIENTED_EDGE('',*,*,#7220,.F.);
#7243 = ORIENTED_EDGE('',*,*,#7077,.F.);
#7244 = PLANE('',#7245);
#7245 = AXIS2_PLACEMENT_3D('',#7246,#7247,#7248);
#7246 = CARTESIAN_POINT('',(3.11,2.16,0.));
#7247 = DIRECTION('',(-1.,0.,0.));
#7248 = DIRECTION('',(0.,1.,0.));
#7249 = ADVANCED_FACE('',(#7250),#7261,.T.);
#7250 = FACE_BOUND('',#7251,.T.);
#7251 = EDGE_LOOP('',(#7252,#7258,#7259,#7260));
#7252 = ORIENTED_EDGE('',*,*,#7253,.T.);
#7253 = EDGE_CURVE('',#7062,#6929,#7254,.T.);
#7254 = LINE('',#7255,#7256);
#7255 = CARTESIAN_POINT('',(-1.13,2.16,0.));
#7256 = VECTOR('',#7257,1.);
#7257 = DIRECTION('',(0.,0.,1.));
#7258 = ORIENTED_EDGE('',*,*,#6936,.T.);
#7259 = ORIENTED_EDGE('',*,*,#7236,.F.);
#7260 = ORIENTED_EDGE('',*,*,#7069,.F.);
#7261 = PLANE('',#7262);
#7262 = AXIS2_PLACEMENT_3D('',#7263,#7264,#7265);
#7263 = CARTESIAN_POINT('',(-1.13,2.16,0.));
#7264 = DIRECTION('',(0.,1.,0.));
#7265 = DIRECTION('',(1.,0.,0.));
#7266 = ADVANCED_FACE('',(#7267),#7278,.T.);
#7267 = FACE_BOUND('',#7268,.T.);
#7268 = EDGE_LOOP('',(#7269,#7275,#7276,#7277));
#7269 = ORIENTED_EDGE('',*,*,#7270,.T.);
#7270 = EDGE_CURVE('',#7054,#6921,#7271,.T.);
#7271 = LINE('',#7272,#7273);
#7272 = CARTESIAN_POINT('',(-1.13,-2.16,0.));
#7273 = VECTOR('',#7274,1.);
#7274 = DIRECTION('',(0.,0.,1.));
#7275 = ORIENTED_EDGE('',*,*,#6928,.T.);
#7276 = ORIENTED_EDGE('',*,*,#7253,.F.);
#7277 = ORIENTED_EDGE('',*,*,#7061,.F.);
#7278 = PLANE('',#7279);
#7279 = AXIS2_PLACEMENT_3D('',#7280,#7281,#7282);
#7280 = CARTESIAN_POINT('',(-1.13,-2.16,0.));
#7281 = DIRECTION('',(-1.,0.,0.));
#7282 = DIRECTION('',(0.,1.,0.));
#7283 = ADVANCED_FACE('',(#7284),#7295,.T.);
#7284 = FACE_BOUND('',#7285,.T.);
#7285 = EDGE_LOOP('',(#7286,#7292,#7293,#7294));
#7286 = ORIENTED_EDGE('',*,*,#7287,.T.);
#7287 = EDGE_CURVE('',#7046,#6913,#7288,.T.);
#7288 = LINE('',#7289,#7290);
#7289 = CARTESIAN_POINT('',(3.11,-2.16,0.));
#7290 = VECTOR('',#7291,1.);
#7291 = DIRECTION('',(0.,0.,1.));
#7292 = ORIENTED_EDGE('',*,*,#6920,.T.);
#7293 = ORIENTED_EDGE('',*,*,#7270,.F.);
#7294 = ORIENTED_EDGE('',*,*,#7053,.F.);
#7295 = PLANE('',#7296);
#7296 = AXIS2_PLACEMENT_3D('',#7297,#7298,#7299);
#7297 = CARTESIAN_POINT('',(3.11,-2.16,0.));
#7298 = DIRECTION('',(0.,-1.,0.));
#7299 = DIRECTION('',(-1.,0.,0.));
#7300 = ADVANCED_FACE('',(#7301),#7307,.T.);
#7301 = FACE_BOUND('',#7302,.T.);
#7302 = EDGE_LOOP('',(#7303,#7304,#7305,#7306));
#7303 = ORIENTED_EDGE('',*,*,#7137,.T.);
#7304 = ORIENTED_EDGE('',*,*,#6912,.T.);
#7305 = ORIENTED_EDGE('',*,*,#7287,.F.);
#7306 = ORIENTED_EDGE('',*,*,#7045,.F.);
#7307 = PLANE('',#7308);
#7308 = AXIS2_PLACEMENT_3D('',#7309,#7310,#7311);
#7309 = CARTESIAN_POINT('',(3.11,-2.7,0.));
#7310 = DIRECTION('',(-1.,0.,0.));
#7311 = DIRECTION('',(0.,1.,0.));
#7312 = ( GEOMETRIC_REPRESENTATION_CONTEXT(3) 
GLOBAL_UNCERTAINTY_ASSIGNED_CONTEXT((#7316)) 
GLOBAL_UNIT_ASSIGNED_CONTEXT((#7313,#7314,#7315)) REPRESENTATION_CONTEXT
('Context #1','3D Context with UNIT and UNCERTAINTY') );
#7313 = ( LENGTH_UNIT() NAMED_UNIT(*) SI_UNIT(.MILLI.,.METRE.) );
#7314 = ( NAMED_UNIT(*) PLANE_ANGLE_UNIT() SI_UNIT($,.RADIAN.) );
#7315 = ( NAMED_UNIT(*) SI_UNIT($,.STERADIAN.) SOLID_ANGLE_UNIT() );
#7316 = UNCERTAINTY_MEASURE_WITH_UNIT(LENGTH_MEASURE(1.E-07),#7313,
  'distance_accuracy_value','confusion accuracy');
#7317 = CONTEXT_DEPENDENT_SHAPE_REPRESENTATION(#7318,#7320);
#7318 = ( REPRESENTATION_RELATIONSHIP('','',#6823,#6800) 
REPRESENTATION_RELATIONSHIP_WITH_TRANSFORMATION(#7319) 
SHAPE_REPRESENTATION_RELATIONSHIP() );
#7319 = ITEM_DEFINED_TRANSFORMATION('','',#11,#6801);
#7320 = PRODUCT_DEFINITION_SHAPE('Placement','Placement of an item',
  #7321);
#7321 = NEXT_ASSEMBLY_USAGE_OCCURRENCE('14','3','',#6795,#6818,$);
#7322 = PRODUCT_RELATED_PRODUCT_CATEGORY('part',$,(#6820));
#7323 = SHAPE_DEFINITION_REPRESENTATION(#7324,#7330);
#7324 = PRODUCT_DEFINITION_SHAPE('','',#7325);
#7325 = PRODUCT_DEFINITION('design','',#7326,#7329);
#7326 = PRODUCT_DEFINITION_FORMATION('','',#7327);
#7327 = PRODUCT('932d09b5-9c39-11ed-93f0-dde97e994e83',
  '932d09b5-9c39-11ed-93f0-dde97e994e83','',(#7328));
#7328 = PRODUCT_CONTEXT('',#2,'mechanical');
#7329 = PRODUCT_DEFINITION_CONTEXT('part definition',#2,'design');
#7330 = SHAPE_REPRESENTATION('',(#11,#7331),#7335);
#7331 = AXIS2_PLACEMENT_3D('',#7332,#7333,#7334);
#7332 = CARTESIAN_POINT('',(0.,0.,0.));
#7333 = DIRECTION('',(0.,0.,1.));
#7334 = DIRECTION('',(1.,0.,0.));
#7335 = ( GEOMETRIC_REPRESENTATION_CONTEXT(3) 
GLOBAL_UNCERTAINTY_ASSIGNED_CONTEXT((#7339)) 
GLOBAL_UNIT_ASSIGNED_CONTEXT((#7336,#7337,#7338)) REPRESENTATION_CONTEXT
('Context #1','3D Context with UNIT and UNCERTAINTY') );
#7336 = ( LENGTH_UNIT() NAMED_UNIT(*) SI_UNIT(.MILLI.,.METRE.) );
#7337 = ( NAMED_UNIT(*) PLANE_ANGLE_UNIT() SI_UNIT($,.RADIAN.) );
#7338 = ( NAMED_UNIT(*) SI_UNIT($,.STERADIAN.) SOLID_ANGLE_UNIT() );
#7339 = UNCERTAINTY_MEASURE_WITH_UNIT(LENGTH_MEASURE(1.E-07),#7336,
  'distance_accuracy_value','confusion accuracy');
#7340 = CONTEXT_DEPENDENT_SHAPE_REPRESENTATION(#7341,#7343);
#7341 = ( REPRESENTATION_RELATIONSHIP('','',#7330,#6385) 
REPRESENTATION_RELATIONSHIP_WITH_TRANSFORMATION(#7342) 
SHAPE_REPRESENTATION_RELATIONSHIP() );
#7342 = ITEM_DEFINED_TRANSFORMATION('','',#11,#6394);
#7343 = PRODUCT_DEFINITION_SHAPE('Placement','Placement of an item',
  #7344);
#7344 = NEXT_ASSEMBLY_USAGE_OCCURRENCE('17','6','',#6380,#7325,$);
#7345 = PRODUCT_RELATED_PRODUCT_CATEGORY('part',$,(#7327));
#7346 = SHAPE_DEFINITION_REPRESENTATION(#7347,#7353);
#7347 = PRODUCT_DEFINITION_SHAPE('','',#7348);
#7348 = PRODUCT_DEFINITION('design','',#7349,#7352);
#7349 = PRODUCT_DEFINITION_FORMATION('','',#7350);
#7350 = PRODUCT('932d09b5-9c39-11ed-93f0-dde97e994e83_part',
  '932d09b5-9c39-11ed-93f0-dde97e994e83_part','',(#7351));
#7351 = PRODUCT_CONTEXT('',#2,'mechanical');
#7352 = PRODUCT_DEFINITION_CONTEXT('part definition',#2,'design');
#7353 = SHAPE_REPRESENTATION('',(#11,#7354,#8044,#8326),#9016);
#7354 = MANIFOLD_SOLID_BREP('',#7355);
#7355 = CLOSED_SHELL('',(#7356,#7414,#7480,#7536,#7560,#7616,#7675,#7692
    ,#7709,#7776,#7793,#7824,#7848,#7873,#7890,#7914,#7939,#7956,#7979,
    #7996,#8015,#8032));
#7356 = ADVANCED_FACE('',(#7357),#7409,.T.);
#7357 = FACE_BOUND('',#7358,.T.);
#7358 = EDGE_LOOP('',(#7359,#7370,#7378,#7387,#7395,#7403));
#7359 = ORIENTED_EDGE('',*,*,#7360,.T.);
#7360 = EDGE_CURVE('',#7361,#7363,#7365,.T.);
#7361 = VERTEX_POINT('',#7362);
#7362 = CARTESIAN_POINT('',(-4.237701336216,-1.785,0.93988764291));
#7363 = VERTEX_POINT('',#7364);
#7364 = CARTESIAN_POINT('',(-4.24,-1.785,0.939877074976));
#7365 = CIRCLE('',#7366,0.25);
#7366 = AXIS2_PLACEMENT_3D('',#7367,#7368,#7369);
#7367 = CARTESIAN_POINT('',(-4.237701336216,-1.785,0.68988764291));
#7368 = DIRECTION('',(0.,-1.,0.));
#7369 = DIRECTION('',(-3.5527136788E-15,0.,1.));
#7370 = ORIENTED_EDGE('',*,*,#7371,.T.);
#7371 = EDGE_CURVE('',#7363,#7372,#7374,.T.);
#7372 = VERTEX_POINT('',#7373);
#7373 = CARTESIAN_POINT('',(-4.24,-1.785,1.439884120332));
#7374 = LINE('',#7375,#7376);
#7375 = CARTESIAN_POINT('',(-4.24,-1.785,0.437372862773));
#7376 = VECTOR('',#7377,1.);
#7377 = DIRECTION('',(0.,5.472315783042E-31,1.));
#7378 = ORIENTED_EDGE('',*,*,#7379,.T.);
#7379 = EDGE_CURVE('',#7372,#7380,#7382,.T.);
#7380 = VERTEX_POINT('',#7381);
#7381 = CARTESIAN_POINT('',(-4.237701336216,-1.785,1.43988764291));
#7382 = CIRCLE('',#7383,0.75);
#7383 = AXIS2_PLACEMENT_3D('',#7384,#7385,#7386);
#7384 = CARTESIAN_POINT('',(-4.237701336216,-1.785,0.68988764291));
#7385 = DIRECTION('',(0.,1.,0.));
#7386 = DIRECTION('',(-0.939692620786,0.,0.342020143326));
#7387 = ORIENTED_EDGE('',*,*,#7388,.T.);
#7388 = EDGE_CURVE('',#7380,#7389,#7391,.T.);
#7389 = VERTEX_POINT('',#7390);
#7390 = CARTESIAN_POINT('',(-3.49,-1.785,1.43988764291));
#7391 = LINE('',#7392,#7393);
#7392 = CARTESIAN_POINT('',(-4.237701336216,-1.785,1.43988764291));
#7393 = VECTOR('',#7394,1.);
#7394 = DIRECTION('',(1.,0.,-1.110223024625E-16));
#7395 = ORIENTED_EDGE('',*,*,#7396,.T.);
#7396 = EDGE_CURVE('',#7389,#7397,#7399,.T.);
#7397 = VERTEX_POINT('',#7398);
#7398 = CARTESIAN_POINT('',(-3.49,-1.785,0.93988764291));
#7399 = LINE('',#7400,#7401);
#7400 = CARTESIAN_POINT('',(-3.49,-1.785,0.437372862773));
#7401 = VECTOR('',#7402,1.);
#7402 = DIRECTION('',(0.,-5.472315783042E-31,-1.));
#7403 = ORIENTED_EDGE('',*,*,#7404,.T.);
#7404 = EDGE_CURVE('',#7397,#7361,#7405,.T.);
#7405 = LINE('',#7406,#7407);
#7406 = CARTESIAN_POINT('',(-2.237701336216,-1.785,0.93988764291));
#7407 = VECTOR('',#7408,1.);
#7408 = DIRECTION('',(-1.,0.,1.110223024625E-16));
#7409 = PLANE('',#7410);
#7410 = AXIS2_PLACEMENT_3D('',#7411,#7412,#7413);
#7411 = CARTESIAN_POINT('',(-4.091426690538,-1.785,0.874745725546));
#7412 = DIRECTION('',(1.925014880134E-31,1.,-5.472315783042E-31));
#7413 = DIRECTION('',(0.,5.472315783042E-31,1.));
#7414 = ADVANCED_FACE('',(#7415),#7475,.F.);
#7415 = FACE_BOUND('',#7416,.F.);
#7416 = EDGE_LOOP('',(#7417,#7425,#7434,#7442,#7451,#7459,#7468,#7474));
#7417 = ORIENTED_EDGE('',*,*,#7418,.F.);
#7418 = EDGE_CURVE('',#7419,#7363,#7421,.T.);
#7419 = VERTEX_POINT('',#7420);
#7420 = CARTESIAN_POINT('',(-4.24,-1.905,0.939877074976));
#7421 = LINE('',#7422,#7423);
#7422 = CARTESIAN_POINT('',(-4.24,-1.785,0.939877074976));
#7423 = VECTOR('',#7424,1.);
#7424 = DIRECTION('',(-0.,1.,-0.));
#7425 = ORIENTED_EDGE('',*,*,#7426,.T.);
#7426 = EDGE_CURVE('',#7419,#7427,#7429,.T.);
#7427 = VERTEX_POINT('',#7428);
#7428 = CARTESIAN_POINT('',(-4.472624491413,-1.905,0.775392678742));
#7429 = CIRCLE('',#7430,0.25);
#7430 = AXIS2_PLACEMENT_3D('',#7431,#7432,#7433);
#7431 = CARTESIAN_POINT('',(-4.237701336216,-1.905,0.68988764291));
#7432 = DIRECTION('',(0.,-1.,0.));
#7433 = DIRECTION('',(-3.5527136788E-15,0.,1.));
#7434 = ORIENTED_EDGE('',*,*,#7435,.T.);
#7435 = EDGE_CURVE('',#7427,#7436,#7438,.T.);
#7436 = VERTEX_POINT('',#7437);
#7437 = CARTESIAN_POINT('',(-4.472624491413,-2.655,0.775392678742));
#7438 = LINE('',#7439,#7440);
#7439 = CARTESIAN_POINT('',(-4.472624491413,-1.905,0.775392678742));
#7440 = VECTOR('',#7441,1.);
#7441 = DIRECTION('',(0.,-1.,0.));
#7442 = ORIENTED_EDGE('',*,*,#7443,.F.);
#7443 = EDGE_CURVE('',#7444,#7436,#7446,.T.);
#7444 = VERTEX_POINT('',#7445);
#7445 = CARTESIAN_POINT('',(-4.24,-2.655,0.939877074976));
#7446 = CIRCLE('',#7447,0.25);
#7447 = AXIS2_PLACEMENT_3D('',#7448,#7449,#7450);
#7448 = CARTESIAN_POINT('',(-4.237701336216,-2.655,0.68988764291));
#7449 = DIRECTION('',(0.,-1.,0.));
#7450 = DIRECTION('',(-3.5527136788E-15,0.,1.));
#7451 = ORIENTED_EDGE('',*,*,#7452,.F.);
#7452 = EDGE_CURVE('',#7453,#7444,#7455,.T.);
#7453 = VERTEX_POINT('',#7454);
#7454 = CARTESIAN_POINT('',(-4.24,-2.775,0.939877074976));
#7455 = LINE('',#7456,#7457);
#7456 = CARTESIAN_POINT('',(-4.24,-1.785,0.939877074976));
#7457 = VECTOR('',#7458,1.);
#7458 = DIRECTION('',(-0.,1.,-0.));
#7459 = ORIENTED_EDGE('',*,*,#7460,.F.);
#7460 = EDGE_CURVE('',#7461,#7453,#7463,.T.);
#7461 = VERTEX_POINT('',#7462);
#7462 = CARTESIAN_POINT('',(-4.237701336216,-2.775,0.93988764291));
#7463 = CIRCLE('',#7464,0.25);
#7464 = AXIS2_PLACEMENT_3D('',#7465,#7466,#7467);
#7465 = CARTESIAN_POINT('',(-4.237701336216,-2.775,0.68988764291));
#7466 = DIRECTION('',(0.,-1.,0.));
#7467 = DIRECTION('',(-3.5527136788E-15,0.,1.));
#7468 = ORIENTED_EDGE('',*,*,#7469,.F.);
#7469 = EDGE_CURVE('',#7361,#7461,#7470,.T.);
#7470 = LINE('',#7471,#7472);
#7471 = CARTESIAN_POINT('',(-4.237701336216,-1.785,0.93988764291));
#7472 = VECTOR('',#7473,1.);
#7473 = DIRECTION('',(0.,-1.,0.));
#7474 = ORIENTED_EDGE('',*,*,#7360,.T.);
#7475 = CYLINDRICAL_SURFACE('',#7476,0.25);
#7476 = AXIS2_PLACEMENT_3D('',#7477,#7478,#7479);
#7477 = CARTESIAN_POINT('',(-4.237701336216,-1.785,0.68988764291));
#7478 = DIRECTION('',(-0.,1.,-0.));
#7479 = DIRECTION('',(-3.5527136788E-15,0.,1.));
#7480 = ADVANCED_FACE('',(#7481),#7531,.T.);
#7481 = FACE_BOUND('',#7482,.T.);
#7482 = EDGE_LOOP('',(#7483,#7484,#7492,#7500,#7508,#7516,#7524,#7530));
#7483 = ORIENTED_EDGE('',*,*,#7404,.F.);
#7484 = ORIENTED_EDGE('',*,*,#7485,.T.);
#7485 = EDGE_CURVE('',#7397,#7486,#7488,.T.);
#7486 = VERTEX_POINT('',#7487);
#7487 = CARTESIAN_POINT('',(-3.49,-1.905,0.93988764291));
#7488 = LINE('',#7489,#7490);
#7489 = CARTESIAN_POINT('',(-3.49,0.7325,0.93988764291));
#7490 = VECTOR('',#7491,1.);
#7491 = DIRECTION('',(0.,-1.,0.));
#7492 = ORIENTED_EDGE('',*,*,#7493,.F.);
#7493 = EDGE_CURVE('',#7494,#7486,#7496,.T.);
#7494 = VERTEX_POINT('',#7495);
#7495 = CARTESIAN_POINT('',(-2.237701336216,-1.905,0.93988764291));
#7496 = LINE('',#7497,#7498);
#7497 = CARTESIAN_POINT('',(-2.237701336216,-1.905,0.93988764291));
#7498 = VECTOR('',#7499,1.);
#7499 = DIRECTION('',(-1.,0.,1.110223024625E-16));
#7500 = ORIENTED_EDGE('',*,*,#7501,.T.);
#7501 = EDGE_CURVE('',#7494,#7502,#7504,.T.);
#7502 = VERTEX_POINT('',#7503);
#7503 = CARTESIAN_POINT('',(-2.237701336216,-2.655,0.93988764291));
#7504 = LINE('',#7505,#7506);
#7505 = CARTESIAN_POINT('',(-2.237701336216,-1.905,0.93988764291));
#7506 = VECTOR('',#7507,1.);
#7507 = DIRECTION('',(0.,-1.,0.));
#7508 = ORIENTED_EDGE('',*,*,#7509,.T.);
#7509 = EDGE_CURVE('',#7502,#7510,#7512,.T.);
#7510 = VERTEX_POINT('',#7511);
#7511 = CARTESIAN_POINT('',(-3.49,-2.655,0.93988764291));
#7512 = LINE('',#7513,#7514);
#7513 = CARTESIAN_POINT('',(-2.237701336216,-2.655,0.93988764291));
#7514 = VECTOR('',#7515,1.);
#7515 = DIRECTION('',(-1.,0.,1.110223024625E-16));
#7516 = ORIENTED_EDGE('',*,*,#7517,.T.);
#7517 = EDGE_CURVE('',#7510,#7518,#7520,.T.);
#7518 = VERTEX_POINT('',#7519);
#7519 = CARTESIAN_POINT('',(-3.49,-2.775,0.93988764291));
#7520 = LINE('',#7521,#7522);
#7521 = CARTESIAN_POINT('',(-3.49,0.7325,0.93988764291));
#7522 = VECTOR('',#7523,1.);
#7523 = DIRECTION('',(0.,-1.,0.));
#7524 = ORIENTED_EDGE('',*,*,#7525,.T.);
#7525 = EDGE_CURVE('',#7518,#7461,#7526,.T.);
#7526 = LINE('',#7527,#7528);
#7527 = CARTESIAN_POINT('',(-2.237701336216,-2.775,0.93988764291));
#7528 = VECTOR('',#7529,1.);
#7529 = DIRECTION('',(-1.,0.,1.110223024625E-16));
#7530 = ORIENTED_EDGE('',*,*,#7469,.F.);
#7531 = PLANE('',#7532);
#7532 = AXIS2_PLACEMENT_3D('',#7533,#7534,#7535);
#7533 = CARTESIAN_POINT('',(-2.237701336216,-1.785,0.93988764291));
#7534 = DIRECTION('',(-1.110223024625E-16,-0.,-1.));
#7535 = DIRECTION('',(-1.,0.,1.110223024625E-16));
#7536 = ADVANCED_FACE('',(#7537),#7555,.T.);
#7537 = FACE_BOUND('',#7538,.T.);
#7538 = EDGE_LOOP('',(#7539,#7540,#7548,#7554));
#7539 = ORIENTED_EDGE('',*,*,#7396,.F.);
#7540 = ORIENTED_EDGE('',*,*,#7541,.F.);
#7541 = EDGE_CURVE('',#7542,#7389,#7544,.T.);
#7542 = VERTEX_POINT('',#7543);
#7543 = CARTESIAN_POINT('',(-3.49,-1.905,1.43988764291));
#7544 = LINE('',#7545,#7546);
#7545 = CARTESIAN_POINT('',(-3.49,0.7325,1.43988764291));
#7546 = VECTOR('',#7547,1.);
#7547 = DIRECTION('',(-0.,1.,0.));
#7548 = ORIENTED_EDGE('',*,*,#7549,.T.);
#7549 = EDGE_CURVE('',#7542,#7486,#7550,.T.);
#7550 = LINE('',#7551,#7552);
#7551 = CARTESIAN_POINT('',(-3.49,-1.905,0.437372862773));
#7552 = VECTOR('',#7553,1.);
#7553 = DIRECTION('',(0.,-5.472315783042E-31,-1.));
#7554 = ORIENTED_EDGE('',*,*,#7485,.F.);
#7555 = PLANE('',#7556);
#7556 = AXIS2_PLACEMENT_3D('',#7557,#7558,#7559);
#7557 = CARTESIAN_POINT('',(-3.49,3.25,0.));
#7558 = DIRECTION('',(1.,0.,-0.));
#7559 = DIRECTION('',(0.,-1.,0.));
#7560 = ADVANCED_FACE('',(#7561),#7611,.T.);
#7561 = FACE_BOUND('',#7562,.T.);
#7562 = EDGE_LOOP('',(#7563,#7564,#7572,#7580,#7588,#7596,#7604,#7610));
#7563 = ORIENTED_EDGE('',*,*,#7388,.F.);
#7564 = ORIENTED_EDGE('',*,*,#7565,.T.);
#7565 = EDGE_CURVE('',#7380,#7566,#7568,.T.);
#7566 = VERTEX_POINT('',#7567);
#7567 = CARTESIAN_POINT('',(-4.237701336216,-2.775,1.43988764291));
#7568 = LINE('',#7569,#7570);
#7569 = CARTESIAN_POINT('',(-4.237701336216,-1.785,1.43988764291));
#7570 = VECTOR('',#7571,1.);
#7571 = DIRECTION('',(0.,-1.,0.));
#7572 = ORIENTED_EDGE('',*,*,#7573,.T.);
#7573 = EDGE_CURVE('',#7566,#7574,#7576,.T.);
#7574 = VERTEX_POINT('',#7575);
#7575 = CARTESIAN_POINT('',(-3.49,-2.775,1.43988764291));
#7576 = LINE('',#7577,#7578);
#7577 = CARTESIAN_POINT('',(-4.237701336216,-2.775,1.43988764291));
#7578 = VECTOR('',#7579,1.);
#7579 = DIRECTION('',(1.,0.,-1.110223024625E-16));
#7580 = ORIENTED_EDGE('',*,*,#7581,.T.);
#7581 = EDGE_CURVE('',#7574,#7582,#7584,.T.);
#7582 = VERTEX_POINT('',#7583);
#7583 = CARTESIAN_POINT('',(-3.49,-2.655,1.43988764291));
#7584 = LINE('',#7585,#7586);
#7585 = CARTESIAN_POINT('',(-3.49,0.7325,1.43988764291));
#7586 = VECTOR('',#7587,1.);
#7587 = DIRECTION('',(-0.,1.,0.));
#7588 = ORIENTED_EDGE('',*,*,#7589,.T.);
#7589 = EDGE_CURVE('',#7582,#7590,#7592,.T.);
#7590 = VERTEX_POINT('',#7591);
#7591 = CARTESIAN_POINT('',(-2.237701336216,-2.655,1.43988764291));
#7592 = LINE('',#7593,#7594);
#7593 = CARTESIAN_POINT('',(-4.237701336216,-2.655,1.43988764291));
#7594 = VECTOR('',#7595,1.);
#7595 = DIRECTION('',(1.,0.,-1.110223024625E-16));
#7596 = ORIENTED_EDGE('',*,*,#7597,.F.);
#7597 = EDGE_CURVE('',#7598,#7590,#7600,.T.);
#7598 = VERTEX_POINT('',#7599);
#7599 = CARTESIAN_POINT('',(-2.237701336216,-1.905,1.43988764291));
#7600 = LINE('',#7601,#7602);
#7601 = CARTESIAN_POINT('',(-2.237701336216,-1.905,1.43988764291));
#7602 = VECTOR('',#7603,1.);
#7603 = DIRECTION('',(0.,-1.,0.));
#7604 = ORIENTED_EDGE('',*,*,#7605,.F.);
#7605 = EDGE_CURVE('',#7542,#7598,#7606,.T.);
#7606 = LINE('',#7607,#7608);
#7607 = CARTESIAN_POINT('',(-4.237701336216,-1.905,1.43988764291));
#7608 = VECTOR('',#7609,1.);
#7609 = DIRECTION('',(1.,0.,-1.110223024625E-16));
#7610 = ORIENTED_EDGE('',*,*,#7541,.T.);
#7611 = PLANE('',#7612);
#7612 = AXIS2_PLACEMENT_3D('',#7613,#7614,#7615);
#7613 = CARTESIAN_POINT('',(-4.237701336216,-1.785,1.43988764291));
#7614 = DIRECTION('',(1.110223024625E-16,0.,1.));
#7615 = DIRECTION('',(1.,0.,-1.110223024625E-16));
#7616 = ADVANCED_FACE('',(#7617),#7670,.T.);
#7617 = FACE_BOUND('',#7618,.T.);
#7618 = EDGE_LOOP('',(#7619,#7620,#7628,#7637,#7645,#7654,#7662,#7669));
#7619 = ORIENTED_EDGE('',*,*,#7379,.F.);
#7620 = ORIENTED_EDGE('',*,*,#7621,.F.);
#7621 = EDGE_CURVE('',#7622,#7372,#7624,.T.);
#7622 = VERTEX_POINT('',#7623);
#7623 = CARTESIAN_POINT('',(-4.24,-1.905,1.439884120332));
#7624 = LINE('',#7625,#7626);
#7625 = CARTESIAN_POINT('',(-4.24,-1.785,1.439884120332));
#7626 = VECTOR('',#7627,1.);
#7627 = DIRECTION('',(0.,1.,0.));
#7628 = ORIENTED_EDGE('',*,*,#7629,.F.);
#7629 = EDGE_CURVE('',#7630,#7622,#7632,.T.);
#7630 = VERTEX_POINT('',#7631);
#7631 = CARTESIAN_POINT('',(-4.942470801806,-1.905,0.946402750404));
#7632 = CIRCLE('',#7633,0.75);
#7633 = AXIS2_PLACEMENT_3D('',#7634,#7635,#7636);
#7634 = CARTESIAN_POINT('',(-4.237701336216,-1.905,0.68988764291));
#7635 = DIRECTION('',(0.,1.,0.));
#7636 = DIRECTION('',(-0.939692620786,0.,0.342020143326));
#7637 = ORIENTED_EDGE('',*,*,#7638,.T.);
#7638 = EDGE_CURVE('',#7630,#7639,#7641,.T.);
#7639 = VERTEX_POINT('',#7640);
#7640 = CARTESIAN_POINT('',(-4.942470801806,-2.655,0.946402750404));
#7641 = LINE('',#7642,#7643);
#7642 = CARTESIAN_POINT('',(-4.942470801806,-1.905,0.946402750404));
#7643 = VECTOR('',#7644,1.);
#7644 = DIRECTION('',(0.,-1.,0.));
#7645 = ORIENTED_EDGE('',*,*,#7646,.T.);
#7646 = EDGE_CURVE('',#7639,#7647,#7649,.T.);
#7647 = VERTEX_POINT('',#7648);
#7648 = CARTESIAN_POINT('',(-4.24,-2.655,1.439884120332));
#7649 = CIRCLE('',#7650,0.75);
#7650 = AXIS2_PLACEMENT_3D('',#7651,#7652,#7653);
#7651 = CARTESIAN_POINT('',(-4.237701336216,-2.655,0.68988764291));
#7652 = DIRECTION('',(0.,1.,0.));
#7653 = DIRECTION('',(-0.939692620786,0.,0.342020143326));
#7654 = ORIENTED_EDGE('',*,*,#7655,.F.);
#7655 = EDGE_CURVE('',#7656,#7647,#7658,.T.);
#7656 = VERTEX_POINT('',#7657);
#7657 = CARTESIAN_POINT('',(-4.24,-2.775,1.439884120332));
#7658 = LINE('',#7659,#7660);
#7659 = CARTESIAN_POINT('',(-4.24,-1.785,1.439884120332));
#7660 = VECTOR('',#7661,1.);
#7661 = DIRECTION('',(0.,1.,0.));
#7662 = ORIENTED_EDGE('',*,*,#7663,.T.);
#7663 = EDGE_CURVE('',#7656,#7566,#7664,.T.);
#7664 = CIRCLE('',#7665,0.75);
#7665 = AXIS2_PLACEMENT_3D('',#7666,#7667,#7668);
#7666 = CARTESIAN_POINT('',(-4.237701336216,-2.775,0.68988764291));
#7667 = DIRECTION('',(0.,1.,0.));
#7668 = DIRECTION('',(-0.939692620786,0.,0.342020143326));
#7669 = ORIENTED_EDGE('',*,*,#7565,.F.);
#7670 = CYLINDRICAL_SURFACE('',#7671,0.75);
#7671 = AXIS2_PLACEMENT_3D('',#7672,#7673,#7674);
#7672 = CARTESIAN_POINT('',(-4.237701336216,-1.785,0.68988764291));
#7673 = DIRECTION('',(0.,1.,0.));
#7674 = DIRECTION('',(-0.939692620786,0.,0.342020143326));
#7675 = ADVANCED_FACE('',(#7676),#7687,.T.);
#7676 = FACE_BOUND('',#7677,.T.);
#7677 = EDGE_LOOP('',(#7678,#7679,#7685,#7686));
#7678 = ORIENTED_EDGE('',*,*,#7418,.F.);
#7679 = ORIENTED_EDGE('',*,*,#7680,.T.);
#7680 = EDGE_CURVE('',#7419,#7622,#7681,.T.);
#7681 = LINE('',#7682,#7683);
#7682 = CARTESIAN_POINT('',(-4.24,-1.905,0.437372862773));
#7683 = VECTOR('',#7684,1.);
#7684 = DIRECTION('',(0.,5.472315783042E-31,1.));
#7685 = ORIENTED_EDGE('',*,*,#7621,.T.);
#7686 = ORIENTED_EDGE('',*,*,#7371,.F.);
#7687 = PLANE('',#7688);
#7688 = AXIS2_PLACEMENT_3D('',#7689,#7690,#7691);
#7689 = CARTESIAN_POINT('',(-4.24,-3.25,0.));
#7690 = DIRECTION('',(-1.,0.,0.));
#7691 = DIRECTION('',(0.,1.,0.));
#7692 = ADVANCED_FACE('',(#7693),#7704,.T.);
#7693 = FACE_BOUND('',#7694,.T.);
#7694 = EDGE_LOOP('',(#7695,#7696,#7697,#7703));
#7695 = ORIENTED_EDGE('',*,*,#7549,.F.);
#7696 = ORIENTED_EDGE('',*,*,#7605,.T.);
#7697 = ORIENTED_EDGE('',*,*,#7698,.T.);
#7698 = EDGE_CURVE('',#7598,#7494,#7699,.T.);
#7699 = LINE('',#7700,#7701);
#7700 = CARTESIAN_POINT('',(-2.237701336216,-1.905,1.43988764291));
#7701 = VECTOR('',#7702,1.);
#7702 = DIRECTION('',(0.,0.,-1.));
#7703 = ORIENTED_EDGE('',*,*,#7493,.T.);
#7704 = PLANE('',#7705);
#7705 = AXIS2_PLACEMENT_3D('',#7706,#7707,#7708);
#7706 = CARTESIAN_POINT('',(-4.091426690538,-1.905,0.874745725546));
#7707 = DIRECTION('',(1.925014880134E-31,1.,-5.472315783042E-31));
#7708 = DIRECTION('',(0.,5.472315783042E-31,1.));
#7709 = ADVANCED_FACE('',(#7710),#7771,.T.);
#7710 = FACE_BOUND('',#7711,.T.);
#7711 = EDGE_LOOP('',(#7712,#7722,#7730,#7739,#7745,#7746,#7747,#7748,
    #7756,#7765));
#7712 = ORIENTED_EDGE('',*,*,#7713,.T.);
#7713 = EDGE_CURVE('',#7714,#7716,#7718,.T.);
#7714 = VERTEX_POINT('',#7715);
#7715 = CARTESIAN_POINT('',(-5.79,-1.905,-2.70609920631E-16));
#7716 = VERTEX_POINT('',#7717);
#7717 = CARTESIAN_POINT('',(-5.79,-1.905,0.5));
#7718 = LINE('',#7719,#7720);
#7719 = CARTESIAN_POINT('',(-5.79,-1.905,-2.70609920631E-16));
#7720 = VECTOR('',#7721,1.);
#7721 = DIRECTION('',(1.7763568394E-15,0.,1.));
#7722 = ORIENTED_EDGE('',*,*,#7723,.T.);
#7723 = EDGE_CURVE('',#7716,#7724,#7726,.T.);
#7724 = VERTEX_POINT('',#7725);
#7725 = CARTESIAN_POINT('',(-5.28,-1.905,0.5));
#7726 = LINE('',#7727,#7728);
#7727 = CARTESIAN_POINT('',(-5.79,-1.905,0.5));
#7728 = VECTOR('',#7729,1.);
#7729 = DIRECTION('',(1.,0.,0.));
#7730 = ORIENTED_EDGE('',*,*,#7731,.T.);
#7731 = EDGE_CURVE('',#7724,#7732,#7734,.T.);
#7732 = VERTEX_POINT('',#7733);
#7733 = CARTESIAN_POINT('',(-5.045076844804,-1.905,0.664494964169));
#7734 = CIRCLE('',#7735,0.25);
#7735 = AXIS2_PLACEMENT_3D('',#7736,#7737,#7738);
#7736 = CARTESIAN_POINT('',(-5.28,-1.905,0.75));
#7737 = DIRECTION('',(0.,-1.,0.));
#7738 = DIRECTION('',(0.,0.,-1.));
#7739 = ORIENTED_EDGE('',*,*,#7740,.T.);
#7740 = EDGE_CURVE('',#7732,#7630,#7741,.T.);
#7741 = LINE('',#7742,#7743);
#7742 = CARTESIAN_POINT('',(-5.045076844804,-1.905,0.664494964169));
#7743 = VECTOR('',#7744,1.);
#7744 = DIRECTION('',(0.342020143326,0.,0.939692620786));
#7745 = ORIENTED_EDGE('',*,*,#7629,.T.);
#7746 = ORIENTED_EDGE('',*,*,#7680,.F.);
#7747 = ORIENTED_EDGE('',*,*,#7426,.T.);
#7748 = ORIENTED_EDGE('',*,*,#7749,.T.);
#7749 = EDGE_CURVE('',#7427,#7750,#7752,.T.);
#7750 = VERTEX_POINT('',#7751);
#7751 = CARTESIAN_POINT('',(-4.575230534411,-1.905,0.493484892506));
#7752 = LINE('',#7753,#7754);
#7753 = CARTESIAN_POINT('',(-4.472624491413,-1.905,0.775392678742));
#7754 = VECTOR('',#7755,1.);
#7755 = DIRECTION('',(-0.342020143326,0.,-0.939692620786));
#7756 = ORIENTED_EDGE('',*,*,#7757,.T.);
#7757 = EDGE_CURVE('',#7750,#7758,#7760,.T.);
#7758 = VERTEX_POINT('',#7759);
#7759 = CARTESIAN_POINT('',(-5.28,-1.905,-2.22044604925E-16));
#7760 = CIRCLE('',#7761,0.75);
#7761 = AXIS2_PLACEMENT_3D('',#7762,#7763,#7764);
#7762 = CARTESIAN_POINT('',(-5.28,-1.905,0.75));
#7763 = DIRECTION('',(0.,1.,0.));
#7764 = DIRECTION('',(0.939692620786,0.,-0.342020143326));
#7765 = ORIENTED_EDGE('',*,*,#7766,.T.);
#7766 = EDGE_CURVE('',#7758,#7714,#7767,.T.);
#7767 = LINE('',#7768,#7769);
#7768 = CARTESIAN_POINT('',(-5.28,-1.905,-2.22044604925E-16));
#7769 = VECTOR('',#7770,1.);
#7770 = DIRECTION('',(-1.,0.,-9.522610922745E-17));
#7771 = PLANE('',#7772);
#7772 = AXIS2_PLACEMENT_3D('',#7773,#7774,#7775);
#7773 = CARTESIAN_POINT('',(-4.091426690538,-1.905,0.874745725546));
#7774 = DIRECTION('',(1.925014880134E-31,1.,-5.472315783042E-31));
#7775 = DIRECTION('',(0.,5.472315783042E-31,1.));
#7776 = ADVANCED_FACE('',(#7777),#7788,.T.);
#7777 = FACE_BOUND('',#7778,.T.);
#7778 = EDGE_LOOP('',(#7779,#7780,#7786,#7787));
#7779 = ORIENTED_EDGE('',*,*,#7597,.T.);
#7780 = ORIENTED_EDGE('',*,*,#7781,.T.);
#7781 = EDGE_CURVE('',#7590,#7502,#7782,.T.);
#7782 = LINE('',#7783,#7784);
#7783 = CARTESIAN_POINT('',(-2.237701336216,-2.655,1.43988764291));
#7784 = VECTOR('',#7785,1.);
#7785 = DIRECTION('',(0.,0.,-1.));
#7786 = ORIENTED_EDGE('',*,*,#7501,.F.);
#7787 = ORIENTED_EDGE('',*,*,#7698,.F.);
#7788 = PLANE('',#7789);
#7789 = AXIS2_PLACEMENT_3D('',#7790,#7791,#7792);
#7790 = CARTESIAN_POINT('',(-2.237701336216,-1.905,1.43988764291));
#7791 = DIRECTION('',(1.,0.,0.));
#7792 = DIRECTION('',(0.,0.,-1.));
#7793 = ADVANCED_FACE('',(#7794),#7819,.T.);
#7794 = FACE_BOUND('',#7795,.T.);
#7795 = EDGE_LOOP('',(#7796,#7804,#7812,#7818));
#7796 = ORIENTED_EDGE('',*,*,#7797,.T.);
#7797 = EDGE_CURVE('',#7714,#7798,#7800,.T.);
#7798 = VERTEX_POINT('',#7799);
#7799 = CARTESIAN_POINT('',(-5.79,-2.655,-2.70609920631E-16));
#7800 = LINE('',#7801,#7802);
#7801 = CARTESIAN_POINT('',(-5.79,-1.905,-2.70609920631E-16));
#7802 = VECTOR('',#7803,1.);
#7803 = DIRECTION('',(0.,-1.,0.));
#7804 = ORIENTED_EDGE('',*,*,#7805,.T.);
#7805 = EDGE_CURVE('',#7798,#7806,#7808,.T.);
#7806 = VERTEX_POINT('',#7807);
#7807 = CARTESIAN_POINT('',(-5.79,-2.655,0.5));
#7808 = LINE('',#7809,#7810);
#7809 = CARTESIAN_POINT('',(-5.79,-2.655,-2.70609920631E-16));
#7810 = VECTOR('',#7811,1.);
#7811 = DIRECTION('',(1.7763568394E-15,0.,1.));
#7812 = ORIENTED_EDGE('',*,*,#7813,.F.);
#7813 = EDGE_CURVE('',#7716,#7806,#7814,.T.);
#7814 = LINE('',#7815,#7816);
#7815 = CARTESIAN_POINT('',(-5.79,-1.905,0.5));
#7816 = VECTOR('',#7817,1.);
#7817 = DIRECTION('',(0.,-1.,0.));
#7818 = ORIENTED_EDGE('',*,*,#7713,.F.);
#7819 = PLANE('',#7820);
#7820 = AXIS2_PLACEMENT_3D('',#7821,#7822,#7823);
#7821 = CARTESIAN_POINT('',(-5.79,-1.905,-2.70609920631E-16));
#7822 = DIRECTION('',(-1.,0.,1.7763568394E-15));
#7823 = DIRECTION('',(1.7763568394E-15,0.,1.));
#7824 = ADVANCED_FACE('',(#7825),#7843,.T.);
#7825 = FACE_BOUND('',#7826,.T.);
#7826 = EDGE_LOOP('',(#7827,#7835,#7841,#7842));
#7827 = ORIENTED_EDGE('',*,*,#7828,.T.);
#7828 = EDGE_CURVE('',#7758,#7829,#7831,.T.);
#7829 = VERTEX_POINT('',#7830);
#7830 = CARTESIAN_POINT('',(-5.28,-2.655,-2.22044604925E-16));
#7831 = LINE('',#7832,#7833);
#7832 = CARTESIAN_POINT('',(-5.28,-1.905,-2.22044604925E-16));
#7833 = VECTOR('',#7834,1.);
#7834 = DIRECTION('',(0.,-1.,0.));
#7835 = ORIENTED_EDGE('',*,*,#7836,.T.);
#7836 = EDGE_CURVE('',#7829,#7798,#7837,.T.);
#7837 = LINE('',#7838,#7839);
#7838 = CARTESIAN_POINT('',(-5.28,-2.655,-2.22044604925E-16));
#7839 = VECTOR('',#7840,1.);
#7840 = DIRECTION('',(-1.,0.,-9.522610922745E-17));
#7841 = ORIENTED_EDGE('',*,*,#7797,.F.);
#7842 = ORIENTED_EDGE('',*,*,#7766,.F.);
#7843 = PLANE('',#7844);
#7844 = AXIS2_PLACEMENT_3D('',#7845,#7846,#7847);
#7845 = CARTESIAN_POINT('',(-5.28,-1.905,-2.22044604925E-16));
#7846 = DIRECTION('',(9.522610922745E-17,0.,-1.));
#7847 = DIRECTION('',(-1.,0.,-9.522610922745E-17));
#7848 = ADVANCED_FACE('',(#7849),#7868,.T.);
#7849 = FACE_BOUND('',#7850,.T.);
#7850 = EDGE_LOOP('',(#7851,#7859,#7866,#7867));
#7851 = ORIENTED_EDGE('',*,*,#7852,.T.);
#7852 = EDGE_CURVE('',#7750,#7853,#7855,.T.);
#7853 = VERTEX_POINT('',#7854);
#7854 = CARTESIAN_POINT('',(-4.575230534411,-2.655,0.493484892506));
#7855 = LINE('',#7856,#7857);
#7856 = CARTESIAN_POINT('',(-4.575230534411,-1.905,0.493484892506));
#7857 = VECTOR('',#7858,1.);
#7858 = DIRECTION('',(0.,-1.,0.));
#7859 = ORIENTED_EDGE('',*,*,#7860,.T.);
#7860 = EDGE_CURVE('',#7853,#7829,#7861,.T.);
#7861 = CIRCLE('',#7862,0.75);
#7862 = AXIS2_PLACEMENT_3D('',#7863,#7864,#7865);
#7863 = CARTESIAN_POINT('',(-5.28,-2.655,0.75));
#7864 = DIRECTION('',(0.,1.,0.));
#7865 = DIRECTION('',(0.939692620786,0.,-0.342020143326));
#7866 = ORIENTED_EDGE('',*,*,#7828,.F.);
#7867 = ORIENTED_EDGE('',*,*,#7757,.F.);
#7868 = CYLINDRICAL_SURFACE('',#7869,0.75);
#7869 = AXIS2_PLACEMENT_3D('',#7870,#7871,#7872);
#7870 = CARTESIAN_POINT('',(-5.28,-1.905,0.75));
#7871 = DIRECTION('',(0.,1.,0.));
#7872 = DIRECTION('',(0.939692620786,0.,-0.342020143326));
#7873 = ADVANCED_FACE('',(#7874),#7885,.T.);
#7874 = FACE_BOUND('',#7875,.T.);
#7875 = EDGE_LOOP('',(#7876,#7877,#7883,#7884));
#7876 = ORIENTED_EDGE('',*,*,#7435,.T.);
#7877 = ORIENTED_EDGE('',*,*,#7878,.T.);
#7878 = EDGE_CURVE('',#7436,#7853,#7879,.T.);
#7879 = LINE('',#7880,#7881);
#7880 = CARTESIAN_POINT('',(-4.472624491413,-2.655,0.775392678742));
#7881 = VECTOR('',#7882,1.);
#7882 = DIRECTION('',(-0.342020143326,0.,-0.939692620786));
#7883 = ORIENTED_EDGE('',*,*,#7852,.F.);
#7884 = ORIENTED_EDGE('',*,*,#7749,.F.);
#7885 = PLANE('',#7886);
#7886 = AXIS2_PLACEMENT_3D('',#7887,#7888,#7889);
#7887 = CARTESIAN_POINT('',(-4.472624491413,-1.905,0.775392678742));
#7888 = DIRECTION('',(0.939692620786,0.,-0.342020143326));
#7889 = DIRECTION('',(-0.342020143326,0.,-0.939692620786));
#7890 = ADVANCED_FACE('',(#7891),#7909,.T.);
#7891 = FACE_BOUND('',#7892,.T.);
#7892 = EDGE_LOOP('',(#7893,#7901,#7907,#7908));
#7893 = ORIENTED_EDGE('',*,*,#7894,.T.);
#7894 = EDGE_CURVE('',#7732,#7895,#7897,.T.);
#7895 = VERTEX_POINT('',#7896);
#7896 = CARTESIAN_POINT('',(-5.045076844804,-2.655,0.664494964169));
#7897 = LINE('',#7898,#7899);
#7898 = CARTESIAN_POINT('',(-5.045076844804,-1.905,0.664494964169));
#7899 = VECTOR('',#7900,1.);
#7900 = DIRECTION('',(0.,-1.,0.));
#7901 = ORIENTED_EDGE('',*,*,#7902,.T.);
#7902 = EDGE_CURVE('',#7895,#7639,#7903,.T.);
#7903 = LINE('',#7904,#7905);
#7904 = CARTESIAN_POINT('',(-5.045076844804,-2.655,0.664494964169));
#7905 = VECTOR('',#7906,1.);
#7906 = DIRECTION('',(0.342020143326,0.,0.939692620786));
#7907 = ORIENTED_EDGE('',*,*,#7638,.F.);
#7908 = ORIENTED_EDGE('',*,*,#7740,.F.);
#7909 = PLANE('',#7910);
#7910 = AXIS2_PLACEMENT_3D('',#7911,#7912,#7913);
#7911 = CARTESIAN_POINT('',(-5.045076844804,-1.905,0.664494964169));
#7912 = DIRECTION('',(-0.939692620786,0.,0.342020143326));
#7913 = DIRECTION('',(0.342020143326,0.,0.939692620786));
#7914 = ADVANCED_FACE('',(#7915),#7934,.F.);
#7915 = FACE_BOUND('',#7916,.F.);
#7916 = EDGE_LOOP('',(#7917,#7918,#7919,#7928));
#7917 = ORIENTED_EDGE('',*,*,#7731,.T.);
#7918 = ORIENTED_EDGE('',*,*,#7894,.T.);
#7919 = ORIENTED_EDGE('',*,*,#7920,.F.);
#7920 = EDGE_CURVE('',#7921,#7895,#7923,.T.);
#7921 = VERTEX_POINT('',#7922);
#7922 = CARTESIAN_POINT('',(-5.28,-2.655,0.5));
#7923 = CIRCLE('',#7924,0.25);
#7924 = AXIS2_PLACEMENT_3D('',#7925,#7926,#7927);
#7925 = CARTESIAN_POINT('',(-5.28,-2.655,0.75));
#7926 = DIRECTION('',(0.,-1.,0.));
#7927 = DIRECTION('',(0.,0.,-1.));
#7928 = ORIENTED_EDGE('',*,*,#7929,.F.);
#7929 = EDGE_CURVE('',#7724,#7921,#7930,.T.);
#7930 = LINE('',#7931,#7932);
#7931 = CARTESIAN_POINT('',(-5.28,-1.905,0.5));
#7932 = VECTOR('',#7933,1.);
#7933 = DIRECTION('',(0.,-1.,0.));
#7934 = CYLINDRICAL_SURFACE('',#7935,0.25);
#7935 = AXIS2_PLACEMENT_3D('',#7936,#7937,#7938);
#7936 = CARTESIAN_POINT('',(-5.28,-1.905,0.75));
#7937 = DIRECTION('',(-0.,1.,-0.));
#7938 = DIRECTION('',(0.,0.,-1.));
#7939 = ADVANCED_FACE('',(#7940),#7951,.T.);
#7940 = FACE_BOUND('',#7941,.T.);
#7941 = EDGE_LOOP('',(#7942,#7943,#7949,#7950));
#7942 = ORIENTED_EDGE('',*,*,#7813,.T.);
#7943 = ORIENTED_EDGE('',*,*,#7944,.T.);
#7944 = EDGE_CURVE('',#7806,#7921,#7945,.T.);
#7945 = LINE('',#7946,#7947);
#7946 = CARTESIAN_POINT('',(-5.79,-2.655,0.5));
#7947 = VECTOR('',#7948,1.);
#7948 = DIRECTION('',(1.,0.,0.));
#7949 = ORIENTED_EDGE('',*,*,#7929,.F.);
#7950 = ORIENTED_EDGE('',*,*,#7723,.F.);
#7951 = PLANE('',#7952);
#7952 = AXIS2_PLACEMENT_3D('',#7953,#7954,#7955);
#7953 = CARTESIAN_POINT('',(-5.79,-1.905,0.5));
#7954 = DIRECTION('',(-0.,0.,1.));
#7955 = DIRECTION('',(1.,0.,0.));
#7956 = ADVANCED_FACE('',(#7957),#7974,.F.);
#7957 = FACE_BOUND('',#7958,.F.);
#7958 = EDGE_LOOP('',(#7959,#7960,#7961,#7962,#7963,#7964,#7970,#7971,
    #7972,#7973));
#7959 = ORIENTED_EDGE('',*,*,#7805,.T.);
#7960 = ORIENTED_EDGE('',*,*,#7944,.T.);
#7961 = ORIENTED_EDGE('',*,*,#7920,.T.);
#7962 = ORIENTED_EDGE('',*,*,#7902,.T.);
#7963 = ORIENTED_EDGE('',*,*,#7646,.T.);
#7964 = ORIENTED_EDGE('',*,*,#7965,.F.);
#7965 = EDGE_CURVE('',#7444,#7647,#7966,.T.);
#7966 = LINE('',#7967,#7968);
#7967 = CARTESIAN_POINT('',(-4.24,-2.655,0.437372862773));
#7968 = VECTOR('',#7969,1.);
#7969 = DIRECTION('',(0.,5.472315783042E-31,1.));
#7970 = ORIENTED_EDGE('',*,*,#7443,.T.);
#7971 = ORIENTED_EDGE('',*,*,#7878,.T.);
#7972 = ORIENTED_EDGE('',*,*,#7860,.T.);
#7973 = ORIENTED_EDGE('',*,*,#7836,.T.);
#7974 = PLANE('',#7975);
#7975 = AXIS2_PLACEMENT_3D('',#7976,#7977,#7978);
#7976 = CARTESIAN_POINT('',(-4.091426690538,-2.655,0.874745725546));
#7977 = DIRECTION('',(1.925014880134E-31,1.,-5.472315783042E-31));
#7978 = DIRECTION('',(0.,5.472315783042E-31,1.));
#7979 = ADVANCED_FACE('',(#7980),#7991,.T.);
#7980 = FACE_BOUND('',#7981,.T.);
#7981 = EDGE_LOOP('',(#7982,#7983,#7989,#7990));
#7982 = ORIENTED_EDGE('',*,*,#7452,.F.);
#7983 = ORIENTED_EDGE('',*,*,#7984,.T.);
#7984 = EDGE_CURVE('',#7453,#7656,#7985,.T.);
#7985 = LINE('',#7986,#7987);
#7986 = CARTESIAN_POINT('',(-4.24,-2.775,0.437372862773));
#7987 = VECTOR('',#7988,1.);
#7988 = DIRECTION('',(0.,5.472315783042E-31,1.));
#7989 = ORIENTED_EDGE('',*,*,#7655,.T.);
#7990 = ORIENTED_EDGE('',*,*,#7965,.F.);
#7991 = PLANE('',#7992);
#7992 = AXIS2_PLACEMENT_3D('',#7993,#7994,#7995);
#7993 = CARTESIAN_POINT('',(-4.24,-3.25,0.));
#7994 = DIRECTION('',(-1.,0.,0.));
#7995 = DIRECTION('',(0.,1.,0.));
#7996 = ADVANCED_FACE('',(#7997),#8010,.F.);
#7997 = FACE_BOUND('',#7998,.F.);
#7998 = EDGE_LOOP('',(#7999,#8000,#8001,#8002,#8003,#8009));
#7999 = ORIENTED_EDGE('',*,*,#7460,.T.);
#8000 = ORIENTED_EDGE('',*,*,#7984,.T.);
#8001 = ORIENTED_EDGE('',*,*,#7663,.T.);
#8002 = ORIENTED_EDGE('',*,*,#7573,.T.);
#8003 = ORIENTED_EDGE('',*,*,#8004,.T.);
#8004 = EDGE_CURVE('',#7574,#7518,#8005,.T.);
#8005 = LINE('',#8006,#8007);
#8006 = CARTESIAN_POINT('',(-3.49,-2.775,0.437372862773));
#8007 = VECTOR('',#8008,1.);
#8008 = DIRECTION('',(0.,-5.472315783042E-31,-1.));
#8009 = ORIENTED_EDGE('',*,*,#7525,.T.);
#8010 = PLANE('',#8011);
#8011 = AXIS2_PLACEMENT_3D('',#8012,#8013,#8014);
#8012 = CARTESIAN_POINT('',(-4.091426690538,-2.775,0.874745725546));
#8013 = DIRECTION('',(1.925014880134E-31,1.,-5.472315783042E-31));
#8014 = DIRECTION('',(0.,5.472315783042E-31,1.));
#8015 = ADVANCED_FACE('',(#8016),#8027,.T.);
#8016 = FACE_BOUND('',#8017,.T.);
#8017 = EDGE_LOOP('',(#8018,#8024,#8025,#8026));
#8018 = ORIENTED_EDGE('',*,*,#8019,.F.);
#8019 = EDGE_CURVE('',#7582,#7510,#8020,.T.);
#8020 = LINE('',#8021,#8022);
#8021 = CARTESIAN_POINT('',(-3.49,-2.655,0.437372862773));
#8022 = VECTOR('',#8023,1.);
#8023 = DIRECTION('',(0.,-5.472315783042E-31,-1.));
#8024 = ORIENTED_EDGE('',*,*,#7581,.F.);
#8025 = ORIENTED_EDGE('',*,*,#8004,.T.);
#8026 = ORIENTED_EDGE('',*,*,#7517,.F.);
#8027 = PLANE('',#8028);
#8028 = AXIS2_PLACEMENT_3D('',#8029,#8030,#8031);
#8029 = CARTESIAN_POINT('',(-3.49,3.25,0.));
#8030 = DIRECTION('',(1.,0.,-0.));
#8031 = DIRECTION('',(0.,-1.,0.));
#8032 = ADVANCED_FACE('',(#8033),#8039,.F.);
#8033 = FACE_BOUND('',#8034,.F.);
#8034 = EDGE_LOOP('',(#8035,#8036,#8037,#8038));
#8035 = ORIENTED_EDGE('',*,*,#8019,.F.);
#8036 = ORIENTED_EDGE('',*,*,#7589,.T.);
#8037 = ORIENTED_EDGE('',*,*,#7781,.T.);
#8038 = ORIENTED_EDGE('',*,*,#7509,.T.);
#8039 = PLANE('',#8040);
#8040 = AXIS2_PLACEMENT_3D('',#8041,#8042,#8043);
#8041 = CARTESIAN_POINT('',(-4.091426690538,-2.655,0.874745725546));
#8042 = DIRECTION('',(1.925014880134E-31,1.,-5.472315783042E-31));
#8043 = DIRECTION('',(0.,5.472315783042E-31,1.));
#8044 = MANIFOLD_SOLID_BREP('',#8045);
#8045 = CLOSED_SHELL('',(#8046,#8086,#8149,#8173,#8229,#8246,#8263,#8280
    ,#8297,#8314));
#8046 = ADVANCED_FACE('',(#8047),#8081,.T.);
#8047 = FACE_BOUND('',#8048,.T.);
#8048 = EDGE_LOOP('',(#8049,#8059,#8067,#8075));
#8049 = ORIENTED_EDGE('',*,*,#8050,.T.);
#8050 = EDGE_CURVE('',#8051,#8053,#8055,.T.);
#8051 = VERTEX_POINT('',#8052);
#8052 = CARTESIAN_POINT('',(-3.49,0.495,0.93988764291));
#8053 = VERTEX_POINT('',#8054);
#8054 = CARTESIAN_POINT('',(-3.91,0.495,0.93988764291));
#8055 = LINE('',#8056,#8057);
#8056 = CARTESIAN_POINT('',(-2.237701336216,0.495,0.93988764291));
#8057 = VECTOR('',#8058,1.);
#8058 = DIRECTION('',(-1.,0.,1.110223024625E-16));
#8059 = ORIENTED_EDGE('',*,*,#8060,.T.);
#8060 = EDGE_CURVE('',#8053,#8061,#8063,.T.);
#8061 = VERTEX_POINT('',#8062);
#8062 = CARTESIAN_POINT('',(-3.91,0.495,1.43988764291));
#8063 = LINE('',#8064,#8065);
#8064 = CARTESIAN_POINT('',(-3.91,0.495,0.));
#8065 = VECTOR('',#8066,1.);
#8066 = DIRECTION('',(0.,0.,1.));
#8067 = ORIENTED_EDGE('',*,*,#8068,.T.);
#8068 = EDGE_CURVE('',#8061,#8069,#8071,.T.);
#8069 = VERTEX_POINT('',#8070);
#8070 = CARTESIAN_POINT('',(-3.49,0.495,1.43988764291));
#8071 = LINE('',#8072,#8073);
#8072 = CARTESIAN_POINT('',(-4.237701336216,0.495,1.43988764291));
#8073 = VECTOR('',#8074,1.);
#8074 = DIRECTION('',(1.,0.,-1.110223024625E-16));
#8075 = ORIENTED_EDGE('',*,*,#8076,.T.);
#8076 = EDGE_CURVE('',#8069,#8051,#8077,.T.);
#8077 = LINE('',#8078,#8079);
#8078 = CARTESIAN_POINT('',(-3.49,0.495,0.437372862773));
#8079 = VECTOR('',#8080,1.);
#8080 = DIRECTION('',(0.,-5.472315783042E-31,-1.));
#8081 = PLANE('',#8082);
#8082 = AXIS2_PLACEMENT_3D('',#8083,#8084,#8085);
#8083 = CARTESIAN_POINT('',(-4.091426690538,0.495,0.874745725546));
#8084 = DIRECTION('',(1.925014880134E-31,1.,-5.472315783042E-31));
#8085 = DIRECTION('',(0.,5.472315783042E-31,1.));
#8086 = ADVANCED_FACE('',(#8087),#8144,.T.);
#8087 = FACE_BOUND('',#8088,.T.);
#8088 = EDGE_LOOP('',(#8089,#8090,#8098,#8106,#8114,#8122,#8130,#8138));
#8089 = ORIENTED_EDGE('',*,*,#8050,.F.);
#8090 = ORIENTED_EDGE('',*,*,#8091,.T.);
#8091 = EDGE_CURVE('',#8051,#8092,#8094,.T.);
#8092 = VERTEX_POINT('',#8093);
#8093 = CARTESIAN_POINT('',(-3.49,0.375,0.93988764291));
#8094 = LINE('',#8095,#8096);
#8095 = CARTESIAN_POINT('',(-3.49,1.8725,0.93988764291));
#8096 = VECTOR('',#8097,1.);
#8097 = DIRECTION('',(0.,-1.,0.));
#8098 = ORIENTED_EDGE('',*,*,#8099,.F.);
#8099 = EDGE_CURVE('',#8100,#8092,#8102,.T.);
#8100 = VERTEX_POINT('',#8101);
#8101 = CARTESIAN_POINT('',(-2.237701336216,0.375,0.93988764291));
#8102 = LINE('',#8103,#8104);
#8103 = CARTESIAN_POINT('',(-2.237701336216,0.375,0.93988764291));
#8104 = VECTOR('',#8105,1.);
#8105 = DIRECTION('',(-1.,0.,1.110223024625E-16));
#8106 = ORIENTED_EDGE('',*,*,#8107,.T.);
#8107 = EDGE_CURVE('',#8100,#8108,#8110,.T.);
#8108 = VERTEX_POINT('',#8109);
#8109 = CARTESIAN_POINT('',(-2.237701336216,-0.375,0.93988764291));
#8110 = LINE('',#8111,#8112);
#8111 = CARTESIAN_POINT('',(-2.237701336216,0.375,0.93988764291));
#8112 = VECTOR('',#8113,1.);
#8113 = DIRECTION('',(0.,-1.,0.));
#8114 = ORIENTED_EDGE('',*,*,#8115,.T.);
#8115 = EDGE_CURVE('',#8108,#8116,#8118,.T.);
#8116 = VERTEX_POINT('',#8117);
#8117 = CARTESIAN_POINT('',(-3.49,-0.375,0.93988764291));
#8118 = LINE('',#8119,#8120);
#8119 = CARTESIAN_POINT('',(-2.237701336216,-0.375,0.93988764291));
#8120 = VECTOR('',#8121,1.);
#8121 = DIRECTION('',(-1.,0.,1.110223024625E-16));
#8122 = ORIENTED_EDGE('',*,*,#8123,.T.);
#8123 = EDGE_CURVE('',#8116,#8124,#8126,.T.);
#8124 = VERTEX_POINT('',#8125);
#8125 = CARTESIAN_POINT('',(-3.49,-0.495,0.93988764291));
#8126 = LINE('',#8127,#8128);
#8127 = CARTESIAN_POINT('',(-3.49,1.8725,0.93988764291));
#8128 = VECTOR('',#8129,1.);
#8129 = DIRECTION('',(0.,-1.,0.));
#8130 = ORIENTED_EDGE('',*,*,#8131,.T.);
#8131 = EDGE_CURVE('',#8124,#8132,#8134,.T.);
#8132 = VERTEX_POINT('',#8133);
#8133 = CARTESIAN_POINT('',(-3.91,-0.495,0.93988764291));
#8134 = LINE('',#8135,#8136);
#8135 = CARTESIAN_POINT('',(-2.237701336216,-0.495,0.93988764291));
#8136 = VECTOR('',#8137,1.);
#8137 = DIRECTION('',(-1.,0.,1.110223024625E-16));
#8138 = ORIENTED_EDGE('',*,*,#8139,.T.);
#8139 = EDGE_CURVE('',#8132,#8053,#8140,.T.);
#8140 = LINE('',#8141,#8142);
#8141 = CARTESIAN_POINT('',(-3.91,5.551115123126E-17,0.93988764291));
#8142 = VECTOR('',#8143,1.);
#8143 = DIRECTION('',(0.,1.,-0.));
#8144 = PLANE('',#8145);
#8145 = AXIS2_PLACEMENT_3D('',#8146,#8147,#8148);
#8146 = CARTESIAN_POINT('',(-2.237701336216,0.495,0.93988764291));
#8147 = DIRECTION('',(-1.110223024625E-16,-0.,-1.));
#8148 = DIRECTION('',(-1.,0.,1.110223024625E-16));
#8149 = ADVANCED_FACE('',(#8150),#8168,.T.);
#8150 = FACE_BOUND('',#8151,.T.);
#8151 = EDGE_LOOP('',(#8152,#8153,#8161,#8167));
#8152 = ORIENTED_EDGE('',*,*,#8076,.F.);
#8153 = ORIENTED_EDGE('',*,*,#8154,.F.);
#8154 = EDGE_CURVE('',#8155,#8069,#8157,.T.);
#8155 = VERTEX_POINT('',#8156);
#8156 = CARTESIAN_POINT('',(-3.49,0.375,1.43988764291));
#8157 = LINE('',#8158,#8159);
#8158 = CARTESIAN_POINT('',(-3.49,1.8725,1.43988764291));
#8159 = VECTOR('',#8160,1.);
#8160 = DIRECTION('',(-0.,1.,0.));
#8161 = ORIENTED_EDGE('',*,*,#8162,.T.);
#8162 = EDGE_CURVE('',#8155,#8092,#8163,.T.);
#8163 = LINE('',#8164,#8165);
#8164 = CARTESIAN_POINT('',(-3.49,0.375,0.437372862773));
#8165 = VECTOR('',#8166,1.);
#8166 = DIRECTION('',(0.,-5.472315783042E-31,-1.));
#8167 = ORIENTED_EDGE('',*,*,#8091,.F.);
#8168 = PLANE('',#8169);
#8169 = AXIS2_PLACEMENT_3D('',#8170,#8171,#8172);
#8170 = CARTESIAN_POINT('',(-3.49,3.25,0.));
#8171 = DIRECTION('',(1.,0.,-0.));
#8172 = DIRECTION('',(0.,-1.,0.));
#8173 = ADVANCED_FACE('',(#8174),#8224,.T.);
#8174 = FACE_BOUND('',#8175,.T.);
#8175 = EDGE_LOOP('',(#8176,#8177,#8185,#8193,#8201,#8209,#8217,#8223));
#8176 = ORIENTED_EDGE('',*,*,#8068,.F.);
#8177 = ORIENTED_EDGE('',*,*,#8178,.T.);
#8178 = EDGE_CURVE('',#8061,#8179,#8181,.T.);
#8179 = VERTEX_POINT('',#8180);
#8180 = CARTESIAN_POINT('',(-3.91,-0.495,1.43988764291));
#8181 = LINE('',#8182,#8183);
#8182 = CARTESIAN_POINT('',(-3.91,5.551115123126E-17,1.43988764291));
#8183 = VECTOR('',#8184,1.);
#8184 = DIRECTION('',(0.,-1.,0.));
#8185 = ORIENTED_EDGE('',*,*,#8186,.T.);
#8186 = EDGE_CURVE('',#8179,#8187,#8189,.T.);
#8187 = VERTEX_POINT('',#8188);
#8188 = CARTESIAN_POINT('',(-3.49,-0.495,1.43988764291));
#8189 = LINE('',#8190,#8191);
#8190 = CARTESIAN_POINT('',(-4.237701336216,-0.495,1.43988764291));
#8191 = VECTOR('',#8192,1.);
#8192 = DIRECTION('',(1.,0.,-1.110223024625E-16));
#8193 = ORIENTED_EDGE('',*,*,#8194,.T.);
#8194 = EDGE_CURVE('',#8187,#8195,#8197,.T.);
#8195 = VERTEX_POINT('',#8196);
#8196 = CARTESIAN_POINT('',(-3.49,-0.375,1.43988764291));
#8197 = LINE('',#8198,#8199);
#8198 = CARTESIAN_POINT('',(-3.49,1.8725,1.43988764291));
#8199 = VECTOR('',#8200,1.);
#8200 = DIRECTION('',(-0.,1.,0.));
#8201 = ORIENTED_EDGE('',*,*,#8202,.T.);
#8202 = EDGE_CURVE('',#8195,#8203,#8205,.T.);
#8203 = VERTEX_POINT('',#8204);
#8204 = CARTESIAN_POINT('',(-2.237701336216,-0.375,1.43988764291));
#8205 = LINE('',#8206,#8207);
#8206 = CARTESIAN_POINT('',(-4.237701336216,-0.375,1.43988764291));
#8207 = VECTOR('',#8208,1.);
#8208 = DIRECTION('',(1.,0.,-1.110223024625E-16));
#8209 = ORIENTED_EDGE('',*,*,#8210,.F.);
#8210 = EDGE_CURVE('',#8211,#8203,#8213,.T.);
#8211 = VERTEX_POINT('',#8212);
#8212 = CARTESIAN_POINT('',(-2.237701336216,0.375,1.43988764291));
#8213 = LINE('',#8214,#8215);
#8214 = CARTESIAN_POINT('',(-2.237701336216,0.375,1.43988764291));
#8215 = VECTOR('',#8216,1.);
#8216 = DIRECTION('',(0.,-1.,0.));
#8217 = ORIENTED_EDGE('',*,*,#8218,.F.);
#8218 = EDGE_CURVE('',#8155,#8211,#8219,.T.);
#8219 = LINE('',#8220,#8221);
#8220 = CARTESIAN_POINT('',(-4.237701336216,0.375,1.43988764291));
#8221 = VECTOR('',#8222,1.);
#8222 = DIRECTION('',(1.,0.,-1.110223024625E-16));
#8223 = ORIENTED_EDGE('',*,*,#8154,.T.);
#8224 = PLANE('',#8225);
#8225 = AXIS2_PLACEMENT_3D('',#8226,#8227,#8228);
#8226 = CARTESIAN_POINT('',(-4.237701336216,0.495,1.43988764291));
#8227 = DIRECTION('',(1.110223024625E-16,0.,1.));
#8228 = DIRECTION('',(1.,0.,-1.110223024625E-16));
#8229 = ADVANCED_FACE('',(#8230),#8241,.T.);
#8230 = FACE_BOUND('',#8231,.T.);
#8231 = EDGE_LOOP('',(#8232,#8233,#8239,#8240));
#8232 = ORIENTED_EDGE('',*,*,#8139,.F.);
#8233 = ORIENTED_EDGE('',*,*,#8234,.T.);
#8234 = EDGE_CURVE('',#8132,#8179,#8235,.T.);
#8235 = LINE('',#8236,#8237);
#8236 = CARTESIAN_POINT('',(-3.91,-0.495,0.));
#8237 = VECTOR('',#8238,1.);
#8238 = DIRECTION('',(0.,0.,1.));
#8239 = ORIENTED_EDGE('',*,*,#8178,.F.);
#8240 = ORIENTED_EDGE('',*,*,#8060,.F.);
#8241 = PLANE('',#8242);
#8242 = AXIS2_PLACEMENT_3D('',#8243,#8244,#8245);
#8243 = CARTESIAN_POINT('',(-3.91,-0.495,0.));
#8244 = DIRECTION('',(-1.,0.,0.));
#8245 = DIRECTION('',(0.,1.,0.));
#8246 = ADVANCED_FACE('',(#8247),#8258,.F.);
#8247 = FACE_BOUND('',#8248,.F.);
#8248 = EDGE_LOOP('',(#8249,#8250,#8251,#8252));
#8249 = ORIENTED_EDGE('',*,*,#8131,.T.);
#8250 = ORIENTED_EDGE('',*,*,#8234,.T.);
#8251 = ORIENTED_EDGE('',*,*,#8186,.T.);
#8252 = ORIENTED_EDGE('',*,*,#8253,.T.);
#8253 = EDGE_CURVE('',#8187,#8124,#8254,.T.);
#8254 = LINE('',#8255,#8256);
#8255 = CARTESIAN_POINT('',(-3.49,-0.495,0.437372862773));
#8256 = VECTOR('',#8257,1.);
#8257 = DIRECTION('',(0.,-5.472315783042E-31,-1.));
#8258 = PLANE('',#8259);
#8259 = AXIS2_PLACEMENT_3D('',#8260,#8261,#8262);
#8260 = CARTESIAN_POINT('',(-4.091426690538,-0.495,0.874745725546));
#8261 = DIRECTION('',(1.925014880134E-31,1.,-5.472315783042E-31));
#8262 = DIRECTION('',(0.,5.472315783042E-31,1.));
#8263 = ADVANCED_FACE('',(#8264),#8275,.T.);
#8264 = FACE_BOUND('',#8265,.T.);
#8265 = EDGE_LOOP('',(#8266,#8272,#8273,#8274));
#8266 = ORIENTED_EDGE('',*,*,#8267,.F.);
#8267 = EDGE_CURVE('',#8195,#8116,#8268,.T.);
#8268 = LINE('',#8269,#8270);
#8269 = CARTESIAN_POINT('',(-3.49,-0.375,0.437372862773));
#8270 = VECTOR('',#8271,1.);
#8271 = DIRECTION('',(0.,-5.472315783042E-31,-1.));
#8272 = ORIENTED_EDGE('',*,*,#8194,.F.);
#8273 = ORIENTED_EDGE('',*,*,#8253,.T.);
#8274 = ORIENTED_EDGE('',*,*,#8123,.F.);
#8275 = PLANE('',#8276);
#8276 = AXIS2_PLACEMENT_3D('',#8277,#8278,#8279);
#8277 = CARTESIAN_POINT('',(-3.49,3.25,0.));
#8278 = DIRECTION('',(1.,0.,-0.));
#8279 = DIRECTION('',(0.,-1.,0.));
#8280 = ADVANCED_FACE('',(#8281),#8292,.F.);
#8281 = FACE_BOUND('',#8282,.F.);
#8282 = EDGE_LOOP('',(#8283,#8284,#8285,#8291));
#8283 = ORIENTED_EDGE('',*,*,#8267,.F.);
#8284 = ORIENTED_EDGE('',*,*,#8202,.T.);
#8285 = ORIENTED_EDGE('',*,*,#8286,.T.);
#8286 = EDGE_CURVE('',#8203,#8108,#8287,.T.);
#8287 = LINE('',#8288,#8289);
#8288 = CARTESIAN_POINT('',(-2.237701336216,-0.375,1.43988764291));
#8289 = VECTOR('',#8290,1.);
#8290 = DIRECTION('',(0.,0.,-1.));
#8291 = ORIENTED_EDGE('',*,*,#8115,.T.);
#8292 = PLANE('',#8293);
#8293 = AXIS2_PLACEMENT_3D('',#8294,#8295,#8296);
#8294 = CARTESIAN_POINT('',(-4.091426690538,-0.375,0.874745725546));
#8295 = DIRECTION('',(1.925014880134E-31,1.,-5.472315783042E-31));
#8296 = DIRECTION('',(0.,5.472315783042E-31,1.));
#8297 = ADVANCED_FACE('',(#8298),#8309,.T.);
#8298 = FACE_BOUND('',#8299,.T.);
#8299 = EDGE_LOOP('',(#8300,#8301,#8302,#8303));
#8300 = ORIENTED_EDGE('',*,*,#8210,.T.);
#8301 = ORIENTED_EDGE('',*,*,#8286,.T.);
#8302 = ORIENTED_EDGE('',*,*,#8107,.F.);
#8303 = ORIENTED_EDGE('',*,*,#8304,.F.);
#8304 = EDGE_CURVE('',#8211,#8100,#8305,.T.);
#8305 = LINE('',#8306,#8307);
#8306 = CARTESIAN_POINT('',(-2.237701336216,0.375,1.43988764291));
#8307 = VECTOR('',#8308,1.);
#8308 = DIRECTION('',(0.,0.,-1.));
#8309 = PLANE('',#8310);
#8310 = AXIS2_PLACEMENT_3D('',#8311,#8312,#8313);
#8311 = CARTESIAN_POINT('',(-2.237701336216,0.375,1.43988764291));
#8312 = DIRECTION('',(1.,0.,0.));
#8313 = DIRECTION('',(0.,0.,-1.));
#8314 = ADVANCED_FACE('',(#8315),#8321,.T.);
#8315 = FACE_BOUND('',#8316,.T.);
#8316 = EDGE_LOOP('',(#8317,#8318,#8319,#8320));
#8317 = ORIENTED_EDGE('',*,*,#8162,.F.);
#8318 = ORIENTED_EDGE('',*,*,#8218,.T.);
#8319 = ORIENTED_EDGE('',*,*,#8304,.T.);
#8320 = ORIENTED_EDGE('',*,*,#8099,.T.);
#8321 = PLANE('',#8322);
#8322 = AXIS2_PLACEMENT_3D('',#8323,#8324,#8325);
#8323 = CARTESIAN_POINT('',(-4.091426690538,0.375,0.874745725546));
#8324 = DIRECTION('',(1.925014880134E-31,1.,-5.472315783042E-31));
#8325 = DIRECTION('',(0.,5.472315783042E-31,1.));
#8326 = MANIFOLD_SOLID_BREP('',#8327);
#8327 = CLOSED_SHELL('',(#8328,#8386,#8452,#8508,#8532,#8588,#8647,#8664
    ,#8681,#8748,#8765,#8796,#8820,#8845,#8862,#8886,#8911,#8928,#8951,
    #8968,#8987,#9004));
#8328 = ADVANCED_FACE('',(#8329),#8381,.T.);
#8329 = FACE_BOUND('',#8330,.T.);
#8330 = EDGE_LOOP('',(#8331,#8342,#8350,#8359,#8367,#8375));
#8331 = ORIENTED_EDGE('',*,*,#8332,.T.);
#8332 = EDGE_CURVE('',#8333,#8335,#8337,.T.);
#8333 = VERTEX_POINT('',#8334);
#8334 = CARTESIAN_POINT('',(-4.237701336216,2.775,0.93988764291));
#8335 = VERTEX_POINT('',#8336);
#8336 = CARTESIAN_POINT('',(-4.24,2.775,0.939877074976));
#8337 = CIRCLE('',#8338,0.25);
#8338 = AXIS2_PLACEMENT_3D('',#8339,#8340,#8341);
#8339 = CARTESIAN_POINT('',(-4.237701336216,2.775,0.68988764291));
#8340 = DIRECTION('',(0.,-1.,0.));
#8341 = DIRECTION('',(-3.5527136788E-15,0.,1.));
#8342 = ORIENTED_EDGE('',*,*,#8343,.T.);
#8343 = EDGE_CURVE('',#8335,#8344,#8346,.T.);
#8344 = VERTEX_POINT('',#8345);
#8345 = CARTESIAN_POINT('',(-4.24,2.775,1.439884120332));
#8346 = LINE('',#8347,#8348);
#8347 = CARTESIAN_POINT('',(-4.24,2.775,0.437372862773));
#8348 = VECTOR('',#8349,1.);
#8349 = DIRECTION('',(0.,5.472315783042E-31,1.));
#8350 = ORIENTED_EDGE('',*,*,#8351,.T.);
#8351 = EDGE_CURVE('',#8344,#8352,#8354,.T.);
#8352 = VERTEX_POINT('',#8353);
#8353 = CARTESIAN_POINT('',(-4.237701336216,2.775,1.43988764291));
#8354 = CIRCLE('',#8355,0.75);
#8355 = AXIS2_PLACEMENT_3D('',#8356,#8357,#8358);
#8356 = CARTESIAN_POINT('',(-4.237701336216,2.775,0.68988764291));
#8357 = DIRECTION('',(0.,1.,0.));
#8358 = DIRECTION('',(-0.939692620786,0.,0.342020143326));
#8359 = ORIENTED_EDGE('',*,*,#8360,.T.);
#8360 = EDGE_CURVE('',#8352,#8361,#8363,.T.);
#8361 = VERTEX_POINT('',#8362);
#8362 = CARTESIAN_POINT('',(-3.49,2.775,1.43988764291));
#8363 = LINE('',#8364,#8365);
#8364 = CARTESIAN_POINT('',(-4.237701336216,2.775,1.43988764291));
#8365 = VECTOR('',#8366,1.);
#8366 = DIRECTION('',(1.,0.,-1.110223024625E-16));
#8367 = ORIENTED_EDGE('',*,*,#8368,.T.);
#8368 = EDGE_CURVE('',#8361,#8369,#8371,.T.);
#8369 = VERTEX_POINT('',#8370);
#8370 = CARTESIAN_POINT('',(-3.49,2.775,0.93988764291));
#8371 = LINE('',#8372,#8373);
#8372 = CARTESIAN_POINT('',(-3.49,2.775,0.437372862773));
#8373 = VECTOR('',#8374,1.);
#8374 = DIRECTION('',(0.,-5.472315783042E-31,-1.));
#8375 = ORIENTED_EDGE('',*,*,#8376,.T.);
#8376 = EDGE_CURVE('',#8369,#8333,#8377,.T.);
#8377 = LINE('',#8378,#8379);
#8378 = CARTESIAN_POINT('',(-2.237701336216,2.775,0.93988764291));
#8379 = VECTOR('',#8380,1.);
#8380 = DIRECTION('',(-1.,0.,1.110223024625E-16));
#8381 = PLANE('',#8382);
#8382 = AXIS2_PLACEMENT_3D('',#8383,#8384,#8385);
#8383 = CARTESIAN_POINT('',(-4.091426690538,2.775,0.874745725546));
#8384 = DIRECTION('',(1.925014880134E-31,1.,-5.472315783042E-31));
#8385 = DIRECTION('',(0.,5.472315783042E-31,1.));
#8386 = ADVANCED_FACE('',(#8387),#8447,.F.);
#8387 = FACE_BOUND('',#8388,.F.);
#8388 = EDGE_LOOP('',(#8389,#8397,#8406,#8414,#8423,#8431,#8440,#8446));
#8389 = ORIENTED_EDGE('',*,*,#8390,.F.);
#8390 = EDGE_CURVE('',#8391,#8335,#8393,.T.);
#8391 = VERTEX_POINT('',#8392);
#8392 = CARTESIAN_POINT('',(-4.24,2.655,0.939877074976));
#8393 = LINE('',#8394,#8395);
#8394 = CARTESIAN_POINT('',(-4.24,2.775,0.939877074976));
#8395 = VECTOR('',#8396,1.);
#8396 = DIRECTION('',(-0.,1.,-0.));
#8397 = ORIENTED_EDGE('',*,*,#8398,.T.);
#8398 = EDGE_CURVE('',#8391,#8399,#8401,.T.);
#8399 = VERTEX_POINT('',#8400);
#8400 = CARTESIAN_POINT('',(-4.472624491413,2.655,0.775392678742));
#8401 = CIRCLE('',#8402,0.25);
#8402 = AXIS2_PLACEMENT_3D('',#8403,#8404,#8405);
#8403 = CARTESIAN_POINT('',(-4.237701336216,2.655,0.68988764291));
#8404 = DIRECTION('',(0.,-1.,0.));
#8405 = DIRECTION('',(-3.5527136788E-15,0.,1.));
#8406 = ORIENTED_EDGE('',*,*,#8407,.T.);
#8407 = EDGE_CURVE('',#8399,#8408,#8410,.T.);
#8408 = VERTEX_POINT('',#8409);
#8409 = CARTESIAN_POINT('',(-4.472624491413,1.905,0.775392678742));
#8410 = LINE('',#8411,#8412);
#8411 = CARTESIAN_POINT('',(-4.472624491413,2.655,0.775392678742));
#8412 = VECTOR('',#8413,1.);
#8413 = DIRECTION('',(0.,-1.,0.));
#8414 = ORIENTED_EDGE('',*,*,#8415,.F.);
#8415 = EDGE_CURVE('',#8416,#8408,#8418,.T.);
#8416 = VERTEX_POINT('',#8417);
#8417 = CARTESIAN_POINT('',(-4.24,1.905,0.939877074976));
#8418 = CIRCLE('',#8419,0.25);
#8419 = AXIS2_PLACEMENT_3D('',#8420,#8421,#8422);
#8420 = CARTESIAN_POINT('',(-4.237701336216,1.905,0.68988764291));
#8421 = DIRECTION('',(0.,-1.,0.));
#8422 = DIRECTION('',(-3.5527136788E-15,0.,1.));
#8423 = ORIENTED_EDGE('',*,*,#8424,.F.);
#8424 = EDGE_CURVE('',#8425,#8416,#8427,.T.);
#8425 = VERTEX_POINT('',#8426);
#8426 = CARTESIAN_POINT('',(-4.24,1.785,0.939877074976));
#8427 = LINE('',#8428,#8429);
#8428 = CARTESIAN_POINT('',(-4.24,2.775,0.939877074976));
#8429 = VECTOR('',#8430,1.);
#8430 = DIRECTION('',(-0.,1.,-0.));
#8431 = ORIENTED_EDGE('',*,*,#8432,.F.);
#8432 = EDGE_CURVE('',#8433,#8425,#8435,.T.);
#8433 = VERTEX_POINT('',#8434);
#8434 = CARTESIAN_POINT('',(-4.237701336216,1.785,0.93988764291));
#8435 = CIRCLE('',#8436,0.25);
#8436 = AXIS2_PLACEMENT_3D('',#8437,#8438,#8439);
#8437 = CARTESIAN_POINT('',(-4.237701336216,1.785,0.68988764291));
#8438 = DIRECTION('',(0.,-1.,0.));
#8439 = DIRECTION('',(-3.5527136788E-15,0.,1.));
#8440 = ORIENTED_EDGE('',*,*,#8441,.F.);
#8441 = EDGE_CURVE('',#8333,#8433,#8442,.T.);
#8442 = LINE('',#8443,#8444);
#8443 = CARTESIAN_POINT('',(-4.237701336216,2.775,0.93988764291));
#8444 = VECTOR('',#8445,1.);
#8445 = DIRECTION('',(0.,-1.,0.));
#8446 = ORIENTED_EDGE('',*,*,#8332,.T.);
#8447 = CYLINDRICAL_SURFACE('',#8448,0.25);
#8448 = AXIS2_PLACEMENT_3D('',#8449,#8450,#8451);
#8449 = CARTESIAN_POINT('',(-4.237701336216,2.775,0.68988764291));
#8450 = DIRECTION('',(-0.,1.,-0.));
#8451 = DIRECTION('',(-3.5527136788E-15,0.,1.));
#8452 = ADVANCED_FACE('',(#8453),#8503,.T.);
#8453 = FACE_BOUND('',#8454,.T.);
#8454 = EDGE_LOOP('',(#8455,#8456,#8464,#8472,#8480,#8488,#8496,#8502));
#8455 = ORIENTED_EDGE('',*,*,#8376,.F.);
#8456 = ORIENTED_EDGE('',*,*,#8457,.T.);
#8457 = EDGE_CURVE('',#8369,#8458,#8460,.T.);
#8458 = VERTEX_POINT('',#8459);
#8459 = CARTESIAN_POINT('',(-3.49,2.655,0.93988764291));
#8460 = LINE('',#8461,#8462);
#8461 = CARTESIAN_POINT('',(-3.49,3.0125,0.93988764291));
#8462 = VECTOR('',#8463,1.);
#8463 = DIRECTION('',(0.,-1.,0.));
#8464 = ORIENTED_EDGE('',*,*,#8465,.F.);
#8465 = EDGE_CURVE('',#8466,#8458,#8468,.T.);
#8466 = VERTEX_POINT('',#8467);
#8467 = CARTESIAN_POINT('',(-2.237701336216,2.655,0.93988764291));
#8468 = LINE('',#8469,#8470);
#8469 = CARTESIAN_POINT('',(-2.237701336216,2.655,0.93988764291));
#8470 = VECTOR('',#8471,1.);
#8471 = DIRECTION('',(-1.,0.,1.110223024625E-16));
#8472 = ORIENTED_EDGE('',*,*,#8473,.T.);
#8473 = EDGE_CURVE('',#8466,#8474,#8476,.T.);
#8474 = VERTEX_POINT('',#8475);
#8475 = CARTESIAN_POINT('',(-2.237701336216,1.905,0.93988764291));
#8476 = LINE('',#8477,#8478);
#8477 = CARTESIAN_POINT('',(-2.237701336216,2.655,0.93988764291));
#8478 = VECTOR('',#8479,1.);
#8479 = DIRECTION('',(0.,-1.,0.));
#8480 = ORIENTED_EDGE('',*,*,#8481,.T.);
#8481 = EDGE_CURVE('',#8474,#8482,#8484,.T.);
#8482 = VERTEX_POINT('',#8483);
#8483 = CARTESIAN_POINT('',(-3.49,1.905,0.93988764291));
#8484 = LINE('',#8485,#8486);
#8485 = CARTESIAN_POINT('',(-2.237701336216,1.905,0.93988764291));
#8486 = VECTOR('',#8487,1.);
#8487 = DIRECTION('',(-1.,0.,1.110223024625E-16));
#8488 = ORIENTED_EDGE('',*,*,#8489,.T.);
#8489 = EDGE_CURVE('',#8482,#8490,#8492,.T.);
#8490 = VERTEX_POINT('',#8491);
#8491 = CARTESIAN_POINT('',(-3.49,1.785,0.93988764291));
#8492 = LINE('',#8493,#8494);
#8493 = CARTESIAN_POINT('',(-3.49,3.0125,0.93988764291));
#8494 = VECTOR('',#8495,1.);
#8495 = DIRECTION('',(0.,-1.,0.));
#8496 = ORIENTED_EDGE('',*,*,#8497,.T.);
#8497 = EDGE_CURVE('',#8490,#8433,#8498,.T.);
#8498 = LINE('',#8499,#8500);
#8499 = CARTESIAN_POINT('',(-2.237701336216,1.785,0.93988764291));
#8500 = VECTOR('',#8501,1.);
#8501 = DIRECTION('',(-1.,0.,1.110223024625E-16));
#8502 = ORIENTED_EDGE('',*,*,#8441,.F.);
#8503 = PLANE('',#8504);
#8504 = AXIS2_PLACEMENT_3D('',#8505,#8506,#8507);
#8505 = CARTESIAN_POINT('',(-2.237701336216,2.775,0.93988764291));
#8506 = DIRECTION('',(-1.110223024625E-16,-0.,-1.));
#8507 = DIRECTION('',(-1.,0.,1.110223024625E-16));
#8508 = ADVANCED_FACE('',(#8509),#8527,.T.);
#8509 = FACE_BOUND('',#8510,.T.);
#8510 = EDGE_LOOP('',(#8511,#8512,#8520,#8526));
#8511 = ORIENTED_EDGE('',*,*,#8368,.F.);
#8512 = ORIENTED_EDGE('',*,*,#8513,.F.);
#8513 = EDGE_CURVE('',#8514,#8361,#8516,.T.);
#8514 = VERTEX_POINT('',#8515);
#8515 = CARTESIAN_POINT('',(-3.49,2.655,1.43988764291));
#8516 = LINE('',#8517,#8518);
#8517 = CARTESIAN_POINT('',(-3.49,3.0125,1.43988764291));
#8518 = VECTOR('',#8519,1.);
#8519 = DIRECTION('',(-0.,1.,0.));
#8520 = ORIENTED_EDGE('',*,*,#8521,.T.);
#8521 = EDGE_CURVE('',#8514,#8458,#8522,.T.);
#8522 = LINE('',#8523,#8524);
#8523 = CARTESIAN_POINT('',(-3.49,2.655,0.437372862773));
#8524 = VECTOR('',#8525,1.);
#8525 = DIRECTION('',(0.,-5.472315783042E-31,-1.));
#8526 = ORIENTED_EDGE('',*,*,#8457,.F.);
#8527 = PLANE('',#8528);
#8528 = AXIS2_PLACEMENT_3D('',#8529,#8530,#8531);
#8529 = CARTESIAN_POINT('',(-3.49,3.25,0.));
#8530 = DIRECTION('',(1.,0.,-0.));
#8531 = DIRECTION('',(0.,-1.,0.));
#8532 = ADVANCED_FACE('',(#8533),#8583,.T.);
#8533 = FACE_BOUND('',#8534,.T.);
#8534 = EDGE_LOOP('',(#8535,#8536,#8544,#8552,#8560,#8568,#8576,#8582));
#8535 = ORIENTED_EDGE('',*,*,#8360,.F.);
#8536 = ORIENTED_EDGE('',*,*,#8537,.T.);
#8537 = EDGE_CURVE('',#8352,#8538,#8540,.T.);
#8538 = VERTEX_POINT('',#8539);
#8539 = CARTESIAN_POINT('',(-4.237701336216,1.785,1.43988764291));
#8540 = LINE('',#8541,#8542);
#8541 = CARTESIAN_POINT('',(-4.237701336216,2.775,1.43988764291));
#8542 = VECTOR('',#8543,1.);
#8543 = DIRECTION('',(0.,-1.,0.));
#8544 = ORIENTED_EDGE('',*,*,#8545,.T.);
#8545 = EDGE_CURVE('',#8538,#8546,#8548,.T.);
#8546 = VERTEX_POINT('',#8547);
#8547 = CARTESIAN_POINT('',(-3.49,1.785,1.43988764291));
#8548 = LINE('',#8549,#8550);
#8549 = CARTESIAN_POINT('',(-4.237701336216,1.785,1.43988764291));
#8550 = VECTOR('',#8551,1.);
#8551 = DIRECTION('',(1.,0.,-1.110223024625E-16));
#8552 = ORIENTED_EDGE('',*,*,#8553,.T.);
#8553 = EDGE_CURVE('',#8546,#8554,#8556,.T.);
#8554 = VERTEX_POINT('',#8555);
#8555 = CARTESIAN_POINT('',(-3.49,1.905,1.43988764291));
#8556 = LINE('',#8557,#8558);
#8557 = CARTESIAN_POINT('',(-3.49,3.0125,1.43988764291));
#8558 = VECTOR('',#8559,1.);
#8559 = DIRECTION('',(-0.,1.,0.));
#8560 = ORIENTED_EDGE('',*,*,#8561,.T.);
#8561 = EDGE_CURVE('',#8554,#8562,#8564,.T.);
#8562 = VERTEX_POINT('',#8563);
#8563 = CARTESIAN_POINT('',(-2.237701336216,1.905,1.43988764291));
#8564 = LINE('',#8565,#8566);
#8565 = CARTESIAN_POINT('',(-4.237701336216,1.905,1.43988764291));
#8566 = VECTOR('',#8567,1.);
#8567 = DIRECTION('',(1.,0.,-1.110223024625E-16));
#8568 = ORIENTED_EDGE('',*,*,#8569,.F.);
#8569 = EDGE_CURVE('',#8570,#8562,#8572,.T.);
#8570 = VERTEX_POINT('',#8571);
#8571 = CARTESIAN_POINT('',(-2.237701336216,2.655,1.43988764291));
#8572 = LINE('',#8573,#8574);
#8573 = CARTESIAN_POINT('',(-2.237701336216,2.655,1.43988764291));
#8574 = VECTOR('',#8575,1.);
#8575 = DIRECTION('',(0.,-1.,0.));
#8576 = ORIENTED_EDGE('',*,*,#8577,.F.);
#8577 = EDGE_CURVE('',#8514,#8570,#8578,.T.);
#8578 = LINE('',#8579,#8580);
#8579 = CARTESIAN_POINT('',(-4.237701336216,2.655,1.43988764291));
#8580 = VECTOR('',#8581,1.);
#8581 = DIRECTION('',(1.,0.,-1.110223024625E-16));
#8582 = ORIENTED_EDGE('',*,*,#8513,.T.);
#8583 = PLANE('',#8584);
#8584 = AXIS2_PLACEMENT_3D('',#8585,#8586,#8587);
#8585 = CARTESIAN_POINT('',(-4.237701336216,2.775,1.43988764291));
#8586 = DIRECTION('',(1.110223024625E-16,0.,1.));
#8587 = DIRECTION('',(1.,0.,-1.110223024625E-16));
#8588 = ADVANCED_FACE('',(#8589),#8642,.T.);
#8589 = FACE_BOUND('',#8590,.T.);
#8590 = EDGE_LOOP('',(#8591,#8592,#8600,#8609,#8617,#8626,#8634,#8641));
#8591 = ORIENTED_EDGE('',*,*,#8351,.F.);
#8592 = ORIENTED_EDGE('',*,*,#8593,.F.);
#8593 = EDGE_CURVE('',#8594,#8344,#8596,.T.);
#8594 = VERTEX_POINT('',#8595);
#8595 = CARTESIAN_POINT('',(-4.24,2.655,1.439884120332));
#8596 = LINE('',#8597,#8598);
#8597 = CARTESIAN_POINT('',(-4.24,2.775,1.439884120332));
#8598 = VECTOR('',#8599,1.);
#8599 = DIRECTION('',(0.,1.,0.));
#8600 = ORIENTED_EDGE('',*,*,#8601,.F.);
#8601 = EDGE_CURVE('',#8602,#8594,#8604,.T.);
#8602 = VERTEX_POINT('',#8603);
#8603 = CARTESIAN_POINT('',(-4.942470801806,2.655,0.946402750404));
#8604 = CIRCLE('',#8605,0.75);
#8605 = AXIS2_PLACEMENT_3D('',#8606,#8607,#8608);
#8606 = CARTESIAN_POINT('',(-4.237701336216,2.655,0.68988764291));
#8607 = DIRECTION('',(0.,1.,0.));
#8608 = DIRECTION('',(-0.939692620786,0.,0.342020143326));
#8609 = ORIENTED_EDGE('',*,*,#8610,.T.);
#8610 = EDGE_CURVE('',#8602,#8611,#8613,.T.);
#8611 = VERTEX_POINT('',#8612);
#8612 = CARTESIAN_POINT('',(-4.942470801806,1.905,0.946402750404));
#8613 = LINE('',#8614,#8615);
#8614 = CARTESIAN_POINT('',(-4.942470801806,2.655,0.946402750404));
#8615 = VECTOR('',#8616,1.);
#8616 = DIRECTION('',(0.,-1.,0.));
#8617 = ORIENTED_EDGE('',*,*,#8618,.T.);
#8618 = EDGE_CURVE('',#8611,#8619,#8621,.T.);
#8619 = VERTEX_POINT('',#8620);
#8620 = CARTESIAN_POINT('',(-4.24,1.905,1.439884120332));
#8621 = CIRCLE('',#8622,0.75);
#8622 = AXIS2_PLACEMENT_3D('',#8623,#8624,#8625);
#8623 = CARTESIAN_POINT('',(-4.237701336216,1.905,0.68988764291));
#8624 = DIRECTION('',(0.,1.,0.));
#8625 = DIRECTION('',(-0.939692620786,0.,0.342020143326));
#8626 = ORIENTED_EDGE('',*,*,#8627,.F.);
#8627 = EDGE_CURVE('',#8628,#8619,#8630,.T.);
#8628 = VERTEX_POINT('',#8629);
#8629 = CARTESIAN_POINT('',(-4.24,1.785,1.439884120332));
#8630 = LINE('',#8631,#8632);
#8631 = CARTESIAN_POINT('',(-4.24,2.775,1.439884120332));
#8632 = VECTOR('',#8633,1.);
#8633 = DIRECTION('',(0.,1.,0.));
#8634 = ORIENTED_EDGE('',*,*,#8635,.T.);
#8635 = EDGE_CURVE('',#8628,#8538,#8636,.T.);
#8636 = CIRCLE('',#8637,0.75);
#8637 = AXIS2_PLACEMENT_3D('',#8638,#8639,#8640);
#8638 = CARTESIAN_POINT('',(-4.237701336216,1.785,0.68988764291));
#8639 = DIRECTION('',(0.,1.,0.));
#8640 = DIRECTION('',(-0.939692620786,0.,0.342020143326));
#8641 = ORIENTED_EDGE('',*,*,#8537,.F.);
#8642 = CYLINDRICAL_SURFACE('',#8643,0.75);
#8643 = AXIS2_PLACEMENT_3D('',#8644,#8645,#8646);
#8644 = CARTESIAN_POINT('',(-4.237701336216,2.775,0.68988764291));
#8645 = DIRECTION('',(0.,1.,0.));
#8646 = DIRECTION('',(-0.939692620786,0.,0.342020143326));
#8647 = ADVANCED_FACE('',(#8648),#8659,.T.);
#8648 = FACE_BOUND('',#8649,.T.);
#8649 = EDGE_LOOP('',(#8650,#8651,#8652,#8658));
#8650 = ORIENTED_EDGE('',*,*,#8343,.F.);
#8651 = ORIENTED_EDGE('',*,*,#8390,.F.);
#8652 = ORIENTED_EDGE('',*,*,#8653,.T.);
#8653 = EDGE_CURVE('',#8391,#8594,#8654,.T.);
#8654 = LINE('',#8655,#8656);
#8655 = CARTESIAN_POINT('',(-4.24,2.655,0.437372862773));
#8656 = VECTOR('',#8657,1.);
#8657 = DIRECTION('',(0.,5.472315783042E-31,1.));
#8658 = ORIENTED_EDGE('',*,*,#8593,.T.);
#8659 = PLANE('',#8660);
#8660 = AXIS2_PLACEMENT_3D('',#8661,#8662,#8663);
#8661 = CARTESIAN_POINT('',(-4.24,-3.25,0.));
#8662 = DIRECTION('',(-1.,0.,0.));
#8663 = DIRECTION('',(0.,1.,0.));
#8664 = ADVANCED_FACE('',(#8665),#8676,.T.);
#8665 = FACE_BOUND('',#8666,.T.);
#8666 = EDGE_LOOP('',(#8667,#8668,#8669,#8675));
#8667 = ORIENTED_EDGE('',*,*,#8521,.F.);
#8668 = ORIENTED_EDGE('',*,*,#8577,.T.);
#8669 = ORIENTED_EDGE('',*,*,#8670,.T.);
#8670 = EDGE_CURVE('',#8570,#8466,#8671,.T.);
#8671 = LINE('',#8672,#8673);
#8672 = CARTESIAN_POINT('',(-2.237701336216,2.655,1.43988764291));
#8673 = VECTOR('',#8674,1.);
#8674 = DIRECTION('',(0.,0.,-1.));
#8675 = ORIENTED_EDGE('',*,*,#8465,.T.);
#8676 = PLANE('',#8677);
#8677 = AXIS2_PLACEMENT_3D('',#8678,#8679,#8680);
#8678 = CARTESIAN_POINT('',(-4.091426690538,2.655,0.874745725546));
#8679 = DIRECTION('',(1.925014880134E-31,1.,-5.472315783042E-31));
#8680 = DIRECTION('',(0.,5.472315783042E-31,1.));
#8681 = ADVANCED_FACE('',(#8682),#8743,.T.);
#8682 = FACE_BOUND('',#8683,.T.);
#8683 = EDGE_LOOP('',(#8684,#8694,#8702,#8711,#8717,#8718,#8719,#8720,
    #8728,#8737));
#8684 = ORIENTED_EDGE('',*,*,#8685,.T.);
#8685 = EDGE_CURVE('',#8686,#8688,#8690,.T.);
#8686 = VERTEX_POINT('',#8687);
#8687 = CARTESIAN_POINT('',(-5.79,2.655,-2.70609920631E-16));
#8688 = VERTEX_POINT('',#8689);
#8689 = CARTESIAN_POINT('',(-5.79,2.655,0.5));
#8690 = LINE('',#8691,#8692);
#8691 = CARTESIAN_POINT('',(-5.79,2.655,-2.70609920631E-16));
#8692 = VECTOR('',#8693,1.);
#8693 = DIRECTION('',(1.7763568394E-15,0.,1.));
#8694 = ORIENTED_EDGE('',*,*,#8695,.T.);
#8695 = EDGE_CURVE('',#8688,#8696,#8698,.T.);
#8696 = VERTEX_POINT('',#8697);
#8697 = CARTESIAN_POINT('',(-5.28,2.655,0.5));
#8698 = LINE('',#8699,#8700);
#8699 = CARTESIAN_POINT('',(-5.79,2.655,0.5));
#8700 = VECTOR('',#8701,1.);
#8701 = DIRECTION('',(1.,0.,0.));
#8702 = ORIENTED_EDGE('',*,*,#8703,.T.);
#8703 = EDGE_CURVE('',#8696,#8704,#8706,.T.);
#8704 = VERTEX_POINT('',#8705);
#8705 = CARTESIAN_POINT('',(-5.045076844804,2.655,0.664494964169));
#8706 = CIRCLE('',#8707,0.25);
#8707 = AXIS2_PLACEMENT_3D('',#8708,#8709,#8710);
#8708 = CARTESIAN_POINT('',(-5.28,2.655,0.75));
#8709 = DIRECTION('',(0.,-1.,0.));
#8710 = DIRECTION('',(0.,0.,-1.));
#8711 = ORIENTED_EDGE('',*,*,#8712,.T.);
#8712 = EDGE_CURVE('',#8704,#8602,#8713,.T.);
#8713 = LINE('',#8714,#8715);
#8714 = CARTESIAN_POINT('',(-5.045076844804,2.655,0.664494964169));
#8715 = VECTOR('',#8716,1.);
#8716 = DIRECTION('',(0.342020143326,0.,0.939692620786));
#8717 = ORIENTED_EDGE('',*,*,#8601,.T.);
#8718 = ORIENTED_EDGE('',*,*,#8653,.F.);
#8719 = ORIENTED_EDGE('',*,*,#8398,.T.);
#8720 = ORIENTED_EDGE('',*,*,#8721,.T.);
#8721 = EDGE_CURVE('',#8399,#8722,#8724,.T.);
#8722 = VERTEX_POINT('',#8723);
#8723 = CARTESIAN_POINT('',(-4.575230534411,2.655,0.493484892506));
#8724 = LINE('',#8725,#8726);
#8725 = CARTESIAN_POINT('',(-4.472624491413,2.655,0.775392678742));
#8726 = VECTOR('',#8727,1.);
#8727 = DIRECTION('',(-0.342020143326,0.,-0.939692620786));
#8728 = ORIENTED_EDGE('',*,*,#8729,.T.);
#8729 = EDGE_CURVE('',#8722,#8730,#8732,.T.);
#8730 = VERTEX_POINT('',#8731);
#8731 = CARTESIAN_POINT('',(-5.28,2.655,-2.22044604925E-16));
#8732 = CIRCLE('',#8733,0.75);
#8733 = AXIS2_PLACEMENT_3D('',#8734,#8735,#8736);
#8734 = CARTESIAN_POINT('',(-5.28,2.655,0.75));
#8735 = DIRECTION('',(0.,1.,0.));
#8736 = DIRECTION('',(0.939692620786,0.,-0.342020143326));
#8737 = ORIENTED_EDGE('',*,*,#8738,.T.);
#8738 = EDGE_CURVE('',#8730,#8686,#8739,.T.);
#8739 = LINE('',#8740,#8741);
#8740 = CARTESIAN_POINT('',(-5.28,2.655,-2.22044604925E-16));
#8741 = VECTOR('',#8742,1.);
#8742 = DIRECTION('',(-1.,0.,-9.522610922745E-17));
#8743 = PLANE('',#8744);
#8744 = AXIS2_PLACEMENT_3D('',#8745,#8746,#8747);
#8745 = CARTESIAN_POINT('',(-4.091426690538,2.655,0.874745725546));
#8746 = DIRECTION('',(1.925014880134E-31,1.,-5.472315783042E-31));
#8747 = DIRECTION('',(0.,5.472315783042E-31,1.));
#8748 = ADVANCED_FACE('',(#8749),#8760,.T.);
#8749 = FACE_BOUND('',#8750,.T.);
#8750 = EDGE_LOOP('',(#8751,#8752,#8758,#8759));
#8751 = ORIENTED_EDGE('',*,*,#8569,.T.);
#8752 = ORIENTED_EDGE('',*,*,#8753,.T.);
#8753 = EDGE_CURVE('',#8562,#8474,#8754,.T.);
#8754 = LINE('',#8755,#8756);
#8755 = CARTESIAN_POINT('',(-2.237701336216,1.905,1.43988764291));
#8756 = VECTOR('',#8757,1.);
#8757 = DIRECTION('',(0.,0.,-1.));
#8758 = ORIENTED_EDGE('',*,*,#8473,.F.);
#8759 = ORIENTED_EDGE('',*,*,#8670,.F.);
#8760 = PLANE('',#8761);
#8761 = AXIS2_PLACEMENT_3D('',#8762,#8763,#8764);
#8762 = CARTESIAN_POINT('',(-2.237701336216,2.655,1.43988764291));
#8763 = DIRECTION('',(1.,0.,0.));
#8764 = DIRECTION('',(0.,0.,-1.));
#8765 = ADVANCED_FACE('',(#8766),#8791,.T.);
#8766 = FACE_BOUND('',#8767,.T.);
#8767 = EDGE_LOOP('',(#8768,#8776,#8784,#8790));
#8768 = ORIENTED_EDGE('',*,*,#8769,.T.);
#8769 = EDGE_CURVE('',#8686,#8770,#8772,.T.);
#8770 = VERTEX_POINT('',#8771);
#8771 = CARTESIAN_POINT('',(-5.79,1.905,-2.70609920631E-16));
#8772 = LINE('',#8773,#8774);
#8773 = CARTESIAN_POINT('',(-5.79,2.655,-2.70609920631E-16));
#8774 = VECTOR('',#8775,1.);
#8775 = DIRECTION('',(0.,-1.,0.));
#8776 = ORIENTED_EDGE('',*,*,#8777,.T.);
#8777 = EDGE_CURVE('',#8770,#8778,#8780,.T.);
#8778 = VERTEX_POINT('',#8779);
#8779 = CARTESIAN_POINT('',(-5.79,1.905,0.5));
#8780 = LINE('',#8781,#8782);
#8781 = CARTESIAN_POINT('',(-5.79,1.905,-2.70609920631E-16));
#8782 = VECTOR('',#8783,1.);
#8783 = DIRECTION('',(1.7763568394E-15,0.,1.));
#8784 = ORIENTED_EDGE('',*,*,#8785,.F.);
#8785 = EDGE_CURVE('',#8688,#8778,#8786,.T.);
#8786 = LINE('',#8787,#8788);
#8787 = CARTESIAN_POINT('',(-5.79,2.655,0.5));
#8788 = VECTOR('',#8789,1.);
#8789 = DIRECTION('',(0.,-1.,0.));
#8790 = ORIENTED_EDGE('',*,*,#8685,.F.);
#8791 = PLANE('',#8792);
#8792 = AXIS2_PLACEMENT_3D('',#8793,#8794,#8795);
#8793 = CARTESIAN_POINT('',(-5.79,2.655,-2.70609920631E-16));
#8794 = DIRECTION('',(-1.,0.,1.7763568394E-15));
#8795 = DIRECTION('',(1.7763568394E-15,0.,1.));
#8796 = ADVANCED_FACE('',(#8797),#8815,.T.);
#8797 = FACE_BOUND('',#8798,.T.);
#8798 = EDGE_LOOP('',(#8799,#8807,#8813,#8814));
#8799 = ORIENTED_EDGE('',*,*,#8800,.T.);
#8800 = EDGE_CURVE('',#8730,#8801,#8803,.T.);
#8801 = VERTEX_POINT('',#8802);
#8802 = CARTESIAN_POINT('',(-5.28,1.905,-2.22044604925E-16));
#8803 = LINE('',#8804,#8805);
#8804 = CARTESIAN_POINT('',(-5.28,2.655,-2.22044604925E-16));
#8805 = VECTOR('',#8806,1.);
#8806 = DIRECTION('',(0.,-1.,0.));
#8807 = ORIENTED_EDGE('',*,*,#8808,.T.);
#8808 = EDGE_CURVE('',#8801,#8770,#8809,.T.);
#8809 = LINE('',#8810,#8811);
#8810 = CARTESIAN_POINT('',(-5.28,1.905,-2.22044604925E-16));
#8811 = VECTOR('',#8812,1.);
#8812 = DIRECTION('',(-1.,0.,-9.522610922745E-17));
#8813 = ORIENTED_EDGE('',*,*,#8769,.F.);
#8814 = ORIENTED_EDGE('',*,*,#8738,.F.);
#8815 = PLANE('',#8816);
#8816 = AXIS2_PLACEMENT_3D('',#8817,#8818,#8819);
#8817 = CARTESIAN_POINT('',(-5.28,2.655,-2.22044604925E-16));
#8818 = DIRECTION('',(9.522610922745E-17,0.,-1.));
#8819 = DIRECTION('',(-1.,0.,-9.522610922745E-17));
#8820 = ADVANCED_FACE('',(#8821),#8840,.T.);
#8821 = FACE_BOUND('',#8822,.T.);
#8822 = EDGE_LOOP('',(#8823,#8831,#8838,#8839));
#8823 = ORIENTED_EDGE('',*,*,#8824,.T.);
#8824 = EDGE_CURVE('',#8722,#8825,#8827,.T.);
#8825 = VERTEX_POINT('',#8826);
#8826 = CARTESIAN_POINT('',(-4.575230534411,1.905,0.493484892506));
#8827 = LINE('',#8828,#8829);
#8828 = CARTESIAN_POINT('',(-4.575230534411,2.655,0.493484892506));
#8829 = VECTOR('',#8830,1.);
#8830 = DIRECTION('',(0.,-1.,0.));
#8831 = ORIENTED_EDGE('',*,*,#8832,.T.);
#8832 = EDGE_CURVE('',#8825,#8801,#8833,.T.);
#8833 = CIRCLE('',#8834,0.75);
#8834 = AXIS2_PLACEMENT_3D('',#8835,#8836,#8837);
#8835 = CARTESIAN_POINT('',(-5.28,1.905,0.75));
#8836 = DIRECTION('',(0.,1.,0.));
#8837 = DIRECTION('',(0.939692620786,0.,-0.342020143326));
#8838 = ORIENTED_EDGE('',*,*,#8800,.F.);
#8839 = ORIENTED_EDGE('',*,*,#8729,.F.);
#8840 = CYLINDRICAL_SURFACE('',#8841,0.75);
#8841 = AXIS2_PLACEMENT_3D('',#8842,#8843,#8844);
#8842 = CARTESIAN_POINT('',(-5.28,2.655,0.75));
#8843 = DIRECTION('',(0.,1.,0.));
#8844 = DIRECTION('',(0.939692620786,0.,-0.342020143326));
#8845 = ADVANCED_FACE('',(#8846),#8857,.T.);
#8846 = FACE_BOUND('',#8847,.T.);
#8847 = EDGE_LOOP('',(#8848,#8849,#8855,#8856));
#8848 = ORIENTED_EDGE('',*,*,#8407,.T.);
#8849 = ORIENTED_EDGE('',*,*,#8850,.T.);
#8850 = EDGE_CURVE('',#8408,#8825,#8851,.T.);
#8851 = LINE('',#8852,#8853);
#8852 = CARTESIAN_POINT('',(-4.472624491413,1.905,0.775392678742));
#8853 = VECTOR('',#8854,1.);
#8854 = DIRECTION('',(-0.342020143326,0.,-0.939692620786));
#8855 = ORIENTED_EDGE('',*,*,#8824,.F.);
#8856 = ORIENTED_EDGE('',*,*,#8721,.F.);
#8857 = PLANE('',#8858);
#8858 = AXIS2_PLACEMENT_3D('',#8859,#8860,#8861);
#8859 = CARTESIAN_POINT('',(-4.472624491413,2.655,0.775392678742));
#8860 = DIRECTION('',(0.939692620786,0.,-0.342020143326));
#8861 = DIRECTION('',(-0.342020143326,0.,-0.939692620786));
#8862 = ADVANCED_FACE('',(#8863),#8881,.T.);
#8863 = FACE_BOUND('',#8864,.T.);
#8864 = EDGE_LOOP('',(#8865,#8873,#8879,#8880));
#8865 = ORIENTED_EDGE('',*,*,#8866,.T.);
#8866 = EDGE_CURVE('',#8704,#8867,#8869,.T.);
#8867 = VERTEX_POINT('',#8868);
#8868 = CARTESIAN_POINT('',(-5.045076844804,1.905,0.664494964169));
#8869 = LINE('',#8870,#8871);
#8870 = CARTESIAN_POINT('',(-5.045076844804,2.655,0.664494964169));
#8871 = VECTOR('',#8872,1.);
#8872 = DIRECTION('',(0.,-1.,0.));
#8873 = ORIENTED_EDGE('',*,*,#8874,.T.);
#8874 = EDGE_CURVE('',#8867,#8611,#8875,.T.);
#8875 = LINE('',#8876,#8877);
#8876 = CARTESIAN_POINT('',(-5.045076844804,1.905,0.664494964169));
#8877 = VECTOR('',#8878,1.);
#8878 = DIRECTION('',(0.342020143326,0.,0.939692620786));
#8879 = ORIENTED_EDGE('',*,*,#8610,.F.);
#8880 = ORIENTED_EDGE('',*,*,#8712,.F.);
#8881 = PLANE('',#8882);
#8882 = AXIS2_PLACEMENT_3D('',#8883,#8884,#8885);
#8883 = CARTESIAN_POINT('',(-5.045076844804,2.655,0.664494964169));
#8884 = DIRECTION('',(-0.939692620786,0.,0.342020143326));
#8885 = DIRECTION('',(0.342020143326,0.,0.939692620786));
#8886 = ADVANCED_FACE('',(#8887),#8906,.F.);
#8887 = FACE_BOUND('',#8888,.F.);
#8888 = EDGE_LOOP('',(#8889,#8890,#8891,#8900));
#8889 = ORIENTED_EDGE('',*,*,#8703,.T.);
#8890 = ORIENTED_EDGE('',*,*,#8866,.T.);
#8891 = ORIENTED_EDGE('',*,*,#8892,.F.);
#8892 = EDGE_CURVE('',#8893,#8867,#8895,.T.);
#8893 = VERTEX_POINT('',#8894);
#8894 = CARTESIAN_POINT('',(-5.28,1.905,0.5));
#8895 = CIRCLE('',#8896,0.25);
#8896 = AXIS2_PLACEMENT_3D('',#8897,#8898,#8899);
#8897 = CARTESIAN_POINT('',(-5.28,1.905,0.75));
#8898 = DIRECTION('',(0.,-1.,0.));
#8899 = DIRECTION('',(0.,0.,-1.));
#8900 = ORIENTED_EDGE('',*,*,#8901,.F.);
#8901 = EDGE_CURVE('',#8696,#8893,#8902,.T.);
#8902 = LINE('',#8903,#8904);
#8903 = CARTESIAN_POINT('',(-5.28,2.655,0.5));
#8904 = VECTOR('',#8905,1.);
#8905 = DIRECTION('',(0.,-1.,0.));
#8906 = CYLINDRICAL_SURFACE('',#8907,0.25);
#8907 = AXIS2_PLACEMENT_3D('',#8908,#8909,#8910);
#8908 = CARTESIAN_POINT('',(-5.28,2.655,0.75));
#8909 = DIRECTION('',(-0.,1.,-0.));
#8910 = DIRECTION('',(0.,0.,-1.));
#8911 = ADVANCED_FACE('',(#8912),#8923,.T.);
#8912 = FACE_BOUND('',#8913,.T.);
#8913 = EDGE_LOOP('',(#8914,#8915,#8921,#8922));
#8914 = ORIENTED_EDGE('',*,*,#8785,.T.);
#8915 = ORIENTED_EDGE('',*,*,#8916,.T.);
#8916 = EDGE_CURVE('',#8778,#8893,#8917,.T.);
#8917 = LINE('',#8918,#8919);
#8918 = CARTESIAN_POINT('',(-5.79,1.905,0.5));
#8919 = VECTOR('',#8920,1.);
#8920 = DIRECTION('',(1.,0.,0.));
#8921 = ORIENTED_EDGE('',*,*,#8901,.F.);
#8922 = ORIENTED_EDGE('',*,*,#8695,.F.);
#8923 = PLANE('',#8924);
#8924 = AXIS2_PLACEMENT_3D('',#8925,#8926,#8927);
#8925 = CARTESIAN_POINT('',(-5.79,2.655,0.5));
#8926 = DIRECTION('',(-0.,0.,1.));
#8927 = DIRECTION('',(1.,0.,0.));
#8928 = ADVANCED_FACE('',(#8929),#8946,.F.);
#8929 = FACE_BOUND('',#8930,.F.);
#8930 = EDGE_LOOP('',(#8931,#8932,#8933,#8934,#8935,#8936,#8942,#8943,
    #8944,#8945));
#8931 = ORIENTED_EDGE('',*,*,#8777,.T.);
#8932 = ORIENTED_EDGE('',*,*,#8916,.T.);
#8933 = ORIENTED_EDGE('',*,*,#8892,.T.);
#8934 = ORIENTED_EDGE('',*,*,#8874,.T.);
#8935 = ORIENTED_EDGE('',*,*,#8618,.T.);
#8936 = ORIENTED_EDGE('',*,*,#8937,.F.);
#8937 = EDGE_CURVE('',#8416,#8619,#8938,.T.);
#8938 = LINE('',#8939,#8940);
#8939 = CARTESIAN_POINT('',(-4.24,1.905,0.437372862773));
#8940 = VECTOR('',#8941,1.);
#8941 = DIRECTION('',(0.,5.472315783042E-31,1.));
#8942 = ORIENTED_EDGE('',*,*,#8415,.T.);
#8943 = ORIENTED_EDGE('',*,*,#8850,.T.);
#8944 = ORIENTED_EDGE('',*,*,#8832,.T.);
#8945 = ORIENTED_EDGE('',*,*,#8808,.T.);
#8946 = PLANE('',#8947);
#8947 = AXIS2_PLACEMENT_3D('',#8948,#8949,#8950);
#8948 = CARTESIAN_POINT('',(-4.091426690538,1.905,0.874745725546));
#8949 = DIRECTION('',(1.925014880134E-31,1.,-5.472315783042E-31));
#8950 = DIRECTION('',(0.,5.472315783042E-31,1.));
#8951 = ADVANCED_FACE('',(#8952),#8963,.T.);
#8952 = FACE_BOUND('',#8953,.T.);
#8953 = EDGE_LOOP('',(#8954,#8955,#8956,#8962));
#8954 = ORIENTED_EDGE('',*,*,#8937,.F.);
#8955 = ORIENTED_EDGE('',*,*,#8424,.F.);
#8956 = ORIENTED_EDGE('',*,*,#8957,.T.);
#8957 = EDGE_CURVE('',#8425,#8628,#8958,.T.);
#8958 = LINE('',#8959,#8960);
#8959 = CARTESIAN_POINT('',(-4.24,1.785,0.437372862773));
#8960 = VECTOR('',#8961,1.);
#8961 = DIRECTION('',(0.,5.472315783042E-31,1.));
#8962 = ORIENTED_EDGE('',*,*,#8627,.T.);
#8963 = PLANE('',#8964);
#8964 = AXIS2_PLACEMENT_3D('',#8965,#8966,#8967);
#8965 = CARTESIAN_POINT('',(-4.24,-3.25,0.));
#8966 = DIRECTION('',(-1.,0.,0.));
#8967 = DIRECTION('',(0.,1.,0.));
#8968 = ADVANCED_FACE('',(#8969),#8982,.F.);
#8969 = FACE_BOUND('',#8970,.F.);
#8970 = EDGE_LOOP('',(#8971,#8972,#8973,#8974,#8975,#8981));
#8971 = ORIENTED_EDGE('',*,*,#8432,.T.);
#8972 = ORIENTED_EDGE('',*,*,#8957,.T.);
#8973 = ORIENTED_EDGE('',*,*,#8635,.T.);
#8974 = ORIENTED_EDGE('',*,*,#8545,.T.);
#8975 = ORIENTED_EDGE('',*,*,#8976,.T.);
#8976 = EDGE_CURVE('',#8546,#8490,#8977,.T.);
#8977 = LINE('',#8978,#8979);
#8978 = CARTESIAN_POINT('',(-3.49,1.785,0.437372862773));
#8979 = VECTOR('',#8980,1.);
#8980 = DIRECTION('',(0.,-5.472315783042E-31,-1.));
#8981 = ORIENTED_EDGE('',*,*,#8497,.T.);
#8982 = PLANE('',#8983);
#8983 = AXIS2_PLACEMENT_3D('',#8984,#8985,#8986);
#8984 = CARTESIAN_POINT('',(-4.091426690538,1.785,0.874745725546));
#8985 = DIRECTION('',(1.925014880134E-31,1.,-5.472315783042E-31));
#8986 = DIRECTION('',(0.,5.472315783042E-31,1.));
#8987 = ADVANCED_FACE('',(#8988),#8999,.T.);
#8988 = FACE_BOUND('',#8989,.T.);
#8989 = EDGE_LOOP('',(#8990,#8996,#8997,#8998));
#8990 = ORIENTED_EDGE('',*,*,#8991,.F.);
#8991 = EDGE_CURVE('',#8554,#8482,#8992,.T.);
#8992 = LINE('',#8993,#8994);
#8993 = CARTESIAN_POINT('',(-3.49,1.905,0.437372862773));
#8994 = VECTOR('',#8995,1.);
#8995 = DIRECTION('',(0.,-5.472315783042E-31,-1.));
#8996 = ORIENTED_EDGE('',*,*,#8553,.F.);
#8997 = ORIENTED_EDGE('',*,*,#8976,.T.);
#8998 = ORIENTED_EDGE('',*,*,#8489,.F.);
#8999 = PLANE('',#9000);
#9000 = AXIS2_PLACEMENT_3D('',#9001,#9002,#9003);
#9001 = CARTESIAN_POINT('',(-3.49,3.25,0.));
#9002 = DIRECTION('',(1.,0.,-0.));
#9003 = DIRECTION('',(0.,-1.,0.));
#9004 = ADVANCED_FACE('',(#9005),#9011,.F.);
#9005 = FACE_BOUND('',#9006,.F.);
#9006 = EDGE_LOOP('',(#9007,#9008,#9009,#9010));
#9007 = ORIENTED_EDGE('',*,*,#8991,.F.);
#9008 = ORIENTED_EDGE('',*,*,#8561,.T.);
#9009 = ORIENTED_EDGE('',*,*,#8753,.T.);
#9010 = ORIENTED_EDGE('',*,*,#8481,.T.);
#9011 = PLANE('',#9012);
#9012 = AXIS2_PLACEMENT_3D('',#9013,#9014,#9015);
#9013 = CARTESIAN_POINT('',(-4.091426690538,1.905,0.874745725546));
#9014 = DIRECTION('',(1.925014880134E-31,1.,-5.472315783042E-31));
#9015 = DIRECTION('',(0.,5.472315783042E-31,1.));
#9016 = ( GEOMETRIC_REPRESENTATION_CONTEXT(3) 
GLOBAL_UNCERTAINTY_ASSIGNED_CONTEXT((#9020)) 
GLOBAL_UNIT_ASSIGNED_CONTEXT((#9017,#9018,#9019)) REPRESENTATION_CONTEXT
('Context #1','3D Context with UNIT and UNCERTAINTY') );
#9017 = ( LENGTH_UNIT() NAMED_UNIT(*) SI_UNIT(.MILLI.,.METRE.) );
#9018 = ( NAMED_UNIT(*) PLANE_ANGLE_UNIT() SI_UNIT($,.RADIAN.) );
#9019 = ( NAMED_UNIT(*) SI_UNIT($,.STERADIAN.) SOLID_ANGLE_UNIT() );
#9020 = UNCERTAINTY_MEASURE_WITH_UNIT(LENGTH_MEASURE(1.E-07),#9017,
  'distance_accuracy_value','confusion accuracy');
#9021 = CONTEXT_DEPENDENT_SHAPE_REPRESENTATION(#9022,#9024);
#9022 = ( REPRESENTATION_RELATIONSHIP('','',#7353,#7330) 
REPRESENTATION_RELATIONSHIP_WITH_TRANSFORMATION(#9023) 
SHAPE_REPRESENTATION_RELATIONSHIP() );
#9023 = ITEM_DEFINED_TRANSFORMATION('','',#11,#7331);
#9024 = PRODUCT_DEFINITION_SHAPE('Placement','Placement of an item',
  #9025);
#9025 = NEXT_ASSEMBLY_USAGE_OCCURRENCE('16','5','',#7325,#7348,$);
#9026 = PRODUCT_RELATED_PRODUCT_CATEGORY('part',$,(#7350));
#9027 = CONTEXT_DEPENDENT_SHAPE_REPRESENTATION(#9028,#9030);
#9028 = ( REPRESENTATION_RELATIONSHIP('','',#76,#10) 
REPRESENTATION_RELATIONSHIP_WITH_TRANSFORMATION(#9029) 
SHAPE_REPRESENTATION_RELATIONSHIP() );
#9029 = ITEM_DEFINED_TRANSFORMATION('','',#11,#51);
#9030 = PRODUCT_DEFINITION_SHAPE('Placement','Placement of an item',
  #9031);
#9031 = NEXT_ASSEMBLY_USAGE_OCCURRENCE('21','C22','',#5,#71,$);
#9032 = CONTEXT_DEPENDENT_SHAPE_REPRESENTATION(#9033,#9035);
#9033 = ( REPRESENTATION_RELATIONSHIP('','',#76,#10) 
REPRESENTATION_RELATIONSHIP_WITH_TRANSFORMATION(#9034) 
SHAPE_REPRESENTATION_RELATIONSHIP() );
#9034 = ITEM_DEFINED_TRANSFORMATION('','',#11,#55);
#9035 = PRODUCT_DEFINITION_SHAPE('Placement','Placement of an item',
  #9036);
#9036 = NEXT_ASSEMBLY_USAGE_OCCURRENCE('22','C29','',#5,#71,$);
#9037 = SHAPE_DEFINITION_REPRESENTATION(#9038,#9044);
#9038 = PRODUCT_DEFINITION_SHAPE('','',#9039);
#9039 = PRODUCT_DEFINITION('design','',#9040,#9043);
#9040 = PRODUCT_DEFINITION_FORMATION('','',#9041);
#9041 = PRODUCT('gse_connector_board_PCB','gse_connector_board_PCB','',(
    #9042));
#9042 = PRODUCT_CONTEXT('',#2,'mechanical');
#9043 = PRODUCT_DEFINITION_CONTEXT('part definition',#2,'design');
#9044 = ADVANCED_BREP_SHAPE_REPRESENTATION('',(#11,#9045),#11258);
#9045 = MANIFOLD_SOLID_BREP('',#9046);
#9046 = CLOSED_SHELL('',(#9047,#9089,#9120,#9151,#9714,#10277,#10294,
    #10311,#10328,#10345,#10357,#10374,#10396,#10413,#10430,#10442,
    #10459,#10481,#10498,#10515,#10527,#10549,#10566,#10583,#10595,
    #10617,#10634,#10651,#10663,#10685,#10702,#10719,#10731,#10748,
    #10770,#10787,#10804,#10816,#10838,#10855,#10872,#10884,#10901,
    #10923,#10940,#10957,#10969,#10991,#11008,#11025,#11037,#11054,
    #11071,#11088,#11105,#11122,#11139,#11156,#11173,#11190,#11207,
    #11224,#11241));
#9047 = ADVANCED_FACE('',(#9048),#9084,.T.);
#9048 = FACE_BOUND('',#9049,.T.);
#9049 = EDGE_LOOP('',(#9050,#9060,#9069,#9077));
#9050 = ORIENTED_EDGE('',*,*,#9051,.T.);
#9051 = EDGE_CURVE('',#9052,#9054,#9056,.T.);
#9052 = VERTEX_POINT('',#9053);
#9053 = CARTESIAN_POINT('',(24.,13.5,0.));
#9054 = VERTEX_POINT('',#9055);
#9055 = CARTESIAN_POINT('',(24.,13.5,1.51));
#9056 = LINE('',#9057,#9058);
#9057 = CARTESIAN_POINT('',(24.,13.5,0.));
#9058 = VECTOR('',#9059,1.);
#9059 = DIRECTION('',(0.,0.,1.));
#9060 = ORIENTED_EDGE('',*,*,#9061,.T.);
#9061 = EDGE_CURVE('',#9054,#9062,#9064,.T.);
#9062 = VERTEX_POINT('',#9063);
#9063 = CARTESIAN_POINT('',(26.,11.5,1.51));
#9064 = CIRCLE('',#9065,1.99999850585);
#9065 = AXIS2_PLACEMENT_3D('',#9066,#9067,#9068);
#9066 = CARTESIAN_POINT('',(24.00000149415,11.50000149415,1.51));
#9067 = DIRECTION('',(0.,0.,-1.));
#9068 = DIRECTION('',(-7.470757420593E-07,1.,0.));
#9069 = ORIENTED_EDGE('',*,*,#9070,.F.);
#9070 = EDGE_CURVE('',#9071,#9062,#9073,.T.);
#9071 = VERTEX_POINT('',#9072);
#9072 = CARTESIAN_POINT('',(26.,11.5,0.));
#9073 = LINE('',#9074,#9075);
#9074 = CARTESIAN_POINT('',(26.,11.5,0.));
#9075 = VECTOR('',#9076,1.);
#9076 = DIRECTION('',(0.,0.,1.));
#9077 = ORIENTED_EDGE('',*,*,#9078,.F.);
#9078 = EDGE_CURVE('',#9052,#9071,#9079,.T.);
#9079 = CIRCLE('',#9080,1.99999850585);
#9080 = AXIS2_PLACEMENT_3D('',#9081,#9082,#9083);
#9081 = CARTESIAN_POINT('',(24.00000149415,11.50000149415,0.));
#9082 = DIRECTION('',(0.,0.,-1.));
#9083 = DIRECTION('',(-7.470757420593E-07,1.,0.));
#9084 = CYLINDRICAL_SURFACE('',#9085,1.99999850585);
#9085 = AXIS2_PLACEMENT_3D('',#9086,#9087,#9088);
#9086 = CARTESIAN_POINT('',(24.00000149415,11.50000149415,0.));
#9087 = DIRECTION('',(0.,0.,-1.));
#9088 = DIRECTION('',(-7.470757420593E-07,1.,0.));
#9089 = ADVANCED_FACE('',(#9090),#9115,.T.);
#9090 = FACE_BOUND('',#9091,.T.);
#9091 = EDGE_LOOP('',(#9092,#9102,#9108,#9109));
#9092 = ORIENTED_EDGE('',*,*,#9093,.T.);
#9093 = EDGE_CURVE('',#9094,#9096,#9098,.T.);
#9094 = VERTEX_POINT('',#9095);
#9095 = CARTESIAN_POINT('',(-24.,13.5,0.));
#9096 = VERTEX_POINT('',#9097);
#9097 = CARTESIAN_POINT('',(-24.,13.5,1.51));
#9098 = LINE('',#9099,#9100);
#9099 = CARTESIAN_POINT('',(-24.,13.5,0.));
#9100 = VECTOR('',#9101,1.);
#9101 = DIRECTION('',(0.,0.,1.));
#9102 = ORIENTED_EDGE('',*,*,#9103,.T.);
#9103 = EDGE_CURVE('',#9096,#9054,#9104,.T.);
#9104 = LINE('',#9105,#9106);
#9105 = CARTESIAN_POINT('',(-24.,13.5,1.51));
#9106 = VECTOR('',#9107,1.);
#9107 = DIRECTION('',(1.,0.,0.));
#9108 = ORIENTED_EDGE('',*,*,#9051,.F.);
#9109 = ORIENTED_EDGE('',*,*,#9110,.F.);
#9110 = EDGE_CURVE('',#9094,#9052,#9111,.T.);
#9111 = LINE('',#9112,#9113);
#9112 = CARTESIAN_POINT('',(-24.,13.5,0.));
#9113 = VECTOR('',#9114,1.);
#9114 = DIRECTION('',(1.,0.,0.));
#9115 = PLANE('',#9116);
#9116 = AXIS2_PLACEMENT_3D('',#9117,#9118,#9119);
#9117 = CARTESIAN_POINT('',(-24.,13.5,0.));
#9118 = DIRECTION('',(0.,1.,0.));
#9119 = DIRECTION('',(1.,0.,0.));
#9120 = ADVANCED_FACE('',(#9121),#9146,.T.);
#9121 = FACE_BOUND('',#9122,.T.);
#9122 = EDGE_LOOP('',(#9123,#9124,#9132,#9140));
#9123 = ORIENTED_EDGE('',*,*,#9070,.T.);
#9124 = ORIENTED_EDGE('',*,*,#9125,.T.);
#9125 = EDGE_CURVE('',#9062,#9126,#9128,.T.);
#9126 = VERTEX_POINT('',#9127);
#9127 = CARTESIAN_POINT('',(26.,-11.5,1.51));
#9128 = LINE('',#9129,#9130);
#9129 = CARTESIAN_POINT('',(26.,11.5,1.51));
#9130 = VECTOR('',#9131,1.);
#9131 = DIRECTION('',(0.,-1.,0.));
#9132 = ORIENTED_EDGE('',*,*,#9133,.F.);
#9133 = EDGE_CURVE('',#9134,#9126,#9136,.T.);
#9134 = VERTEX_POINT('',#9135);
#9135 = CARTESIAN_POINT('',(26.,-11.5,0.));
#9136 = LINE('',#9137,#9138);
#9137 = CARTESIAN_POINT('',(26.,-11.5,0.));
#9138 = VECTOR('',#9139,1.);
#9139 = DIRECTION('',(0.,0.,1.));
#9140 = ORIENTED_EDGE('',*,*,#9141,.F.);
#9141 = EDGE_CURVE('',#9071,#9134,#9142,.T.);
#9142 = LINE('',#9143,#9144);
#9143 = CARTESIAN_POINT('',(26.,11.5,0.));
#9144 = VECTOR('',#9145,1.);
#9145 = DIRECTION('',(0.,-1.,0.));
#9146 = PLANE('',#9147);
#9147 = AXIS2_PLACEMENT_3D('',#9148,#9149,#9150);
#9148 = CARTESIAN_POINT('',(26.,11.5,0.));
#9149 = DIRECTION('',(1.,0.,-0.));
#9150 = DIRECTION('',(0.,-1.,0.));
#9151 = ADVANCED_FACE('',(#9152,#9198,#9209,#9245,#9256,#9292,#9328,
    #9364,#9400,#9411,#9447,#9483,#9494,#9530,#9566,#9577,#9588,#9599,
    #9610,#9621,#9632,#9643,#9654,#9665,#9676,#9687,#9698),#9709,.F.);
#9152 = FACE_BOUND('',#9153,.F.);
#9153 = EDGE_LOOP('',(#9154,#9155,#9156,#9165,#9173,#9182,#9190,#9197));
#9154 = ORIENTED_EDGE('',*,*,#9078,.F.);
#9155 = ORIENTED_EDGE('',*,*,#9110,.F.);
#9156 = ORIENTED_EDGE('',*,*,#9157,.F.);
#9157 = EDGE_CURVE('',#9158,#9094,#9160,.T.);
#9158 = VERTEX_POINT('',#9159);
#9159 = CARTESIAN_POINT('',(-26.,11.5,0.));
#9160 = CIRCLE('',#9161,1.99999850585);
#9161 = AXIS2_PLACEMENT_3D('',#9162,#9163,#9164);
#9162 = CARTESIAN_POINT('',(-24.00000149415,11.50000149415,0.));
#9163 = DIRECTION('',(0.,0.,-1.));
#9164 = DIRECTION('',(-1.,-7.470757420593E-07,-0.));
#9165 = ORIENTED_EDGE('',*,*,#9166,.F.);
#9166 = EDGE_CURVE('',#9167,#9158,#9169,.T.);
#9167 = VERTEX_POINT('',#9168);
#9168 = CARTESIAN_POINT('',(-26.,-11.5,0.));
#9169 = LINE('',#9170,#9171);
#9170 = CARTESIAN_POINT('',(-26.,-11.5,0.));
#9171 = VECTOR('',#9172,1.);
#9172 = DIRECTION('',(0.,1.,0.));
#9173 = ORIENTED_EDGE('',*,*,#9174,.F.);
#9174 = EDGE_CURVE('',#9175,#9167,#9177,.T.);
#9175 = VERTEX_POINT('',#9176);
#9176 = CARTESIAN_POINT('',(-24.,-13.5,0.));
#9177 = CIRCLE('',#9178,1.99999850585);
#9178 = AXIS2_PLACEMENT_3D('',#9179,#9180,#9181);
#9179 = CARTESIAN_POINT('',(-24.00000149415,-11.50000149415,0.));
#9180 = DIRECTION('',(0.,0.,-1.));
#9181 = DIRECTION('',(7.470757420593E-07,-1.,0.));
#9182 = ORIENTED_EDGE('',*,*,#9183,.F.);
#9183 = EDGE_CURVE('',#9184,#9175,#9186,.T.);
#9184 = VERTEX_POINT('',#9185);
#9185 = CARTESIAN_POINT('',(24.,-13.5,0.));
#9186 = LINE('',#9187,#9188);
#9187 = CARTESIAN_POINT('',(24.,-13.5,0.));
#9188 = VECTOR('',#9189,1.);
#9189 = DIRECTION('',(-1.,0.,0.));
#9190 = ORIENTED_EDGE('',*,*,#9191,.F.);
#9191 = EDGE_CURVE('',#9134,#9184,#9192,.T.);
#9192 = CIRCLE('',#9193,1.99999850585);
#9193 = AXIS2_PLACEMENT_3D('',#9194,#9195,#9196);
#9194 = CARTESIAN_POINT('',(24.00000149415,-11.50000149415,0.));
#9195 = DIRECTION('',(0.,0.,-1.));
#9196 = DIRECTION('',(1.,7.470757420593E-07,0.));
#9197 = ORIENTED_EDGE('',*,*,#9141,.F.);
#9198 = FACE_BOUND('',#9199,.F.);
#9199 = EDGE_LOOP('',(#9200));
#9200 = ORIENTED_EDGE('',*,*,#9201,.T.);
#9201 = EDGE_CURVE('',#9202,#9202,#9204,.T.);
#9202 = VERTEX_POINT('',#9203);
#9203 = CARTESIAN_POINT('',(-22.605956,-11.717346,0.));
#9204 = CIRCLE('',#9205,1.6);
#9205 = AXIS2_PLACEMENT_3D('',#9206,#9207,#9208);
#9206 = CARTESIAN_POINT('',(-22.605956,-10.117346,0.));
#9207 = DIRECTION('',(-0.,0.,-1.));
#9208 = DIRECTION('',(-0.,-1.,0.));
#9209 = FACE_BOUND('',#9210,.F.);
#9210 = EDGE_LOOP('',(#9211,#9222,#9230,#9239));
#9211 = ORIENTED_EDGE('',*,*,#9212,.T.);
#9212 = EDGE_CURVE('',#9213,#9215,#9217,.T.);
#9213 = VERTEX_POINT('',#9214);
#9214 = CARTESIAN_POINT('',(-15.755956,-6.217346,0.));
#9215 = VERTEX_POINT('',#9216);
#9216 = CARTESIAN_POINT('',(-15.155956,-6.217346,0.));
#9217 = CIRCLE('',#9218,0.3);
#9218 = AXIS2_PLACEMENT_3D('',#9219,#9220,#9221);
#9219 = CARTESIAN_POINT('',(-15.455956,-6.217346,0.));
#9220 = DIRECTION('',(0.,-0.,-1.));
#9221 = DIRECTION('',(1.,0.,-0.));
#9222 = ORIENTED_EDGE('',*,*,#9223,.T.);
#9223 = EDGE_CURVE('',#9215,#9224,#9226,.T.);
#9224 = VERTEX_POINT('',#9225);
#9225 = CARTESIAN_POINT('',(-15.155956,-7.117346,0.));
#9226 = LINE('',#9227,#9228);
#9227 = CARTESIAN_POINT('',(-15.155956,-3.558673,0.));
#9228 = VECTOR('',#9229,1.);
#9229 = DIRECTION('',(0.,-1.,0.));
#9230 = ORIENTED_EDGE('',*,*,#9231,.T.);
#9231 = EDGE_CURVE('',#9224,#9232,#9234,.T.);
#9232 = VERTEX_POINT('',#9233);
#9233 = CARTESIAN_POINT('',(-15.755956,-7.117346,0.));
#9234 = CIRCLE('',#9235,0.3);
#9235 = AXIS2_PLACEMENT_3D('',#9236,#9237,#9238);
#9236 = CARTESIAN_POINT('',(-15.455956,-7.117346,0.));
#9237 = DIRECTION('',(-0.,0.,-1.));
#9238 = DIRECTION('',(-1.,0.,0.));
#9239 = ORIENTED_EDGE('',*,*,#9240,.T.);
#9240 = EDGE_CURVE('',#9232,#9213,#9241,.T.);
#9241 = LINE('',#9242,#9243);
#9242 = CARTESIAN_POINT('',(-15.755956,-3.108673,0.));
#9243 = VECTOR('',#9244,1.);
#9244 = DIRECTION('',(-0.,1.,0.));
#9245 = FACE_BOUND('',#9246,.F.);
#9246 = EDGE_LOOP('',(#9247));
#9247 = ORIENTED_EDGE('',*,*,#9248,.T.);
#9248 = EDGE_CURVE('',#9249,#9249,#9251,.T.);
#9249 = VERTEX_POINT('',#9250);
#9250 = CARTESIAN_POINT('',(-13.105956,-7.317346,0.));
#9251 = CIRCLE('',#9252,0.65);
#9252 = AXIS2_PLACEMENT_3D('',#9253,#9254,#9255);
#9253 = CARTESIAN_POINT('',(-13.105956,-6.667346,0.));
#9254 = DIRECTION('',(-0.,0.,-1.));
#9255 = DIRECTION('',(-2.732856676E-15,-1.,0.));
#9256 = FACE_BOUND('',#9257,.F.);
#9257 = EDGE_LOOP('',(#9258,#9269,#9277,#9286));
#9258 = ORIENTED_EDGE('',*,*,#9259,.T.);
#9259 = EDGE_CURVE('',#9260,#9262,#9264,.T.);
#9260 = VERTEX_POINT('',#9261);
#9261 = CARTESIAN_POINT('',(-11.855956,-6.217346,0.));
#9262 = VERTEX_POINT('',#9263);
#9263 = CARTESIAN_POINT('',(-11.255956,-6.217346,0.));
#9264 = CIRCLE('',#9265,0.3);
#9265 = AXIS2_PLACEMENT_3D('',#9266,#9267,#9268);
#9266 = CARTESIAN_POINT('',(-11.555956,-6.217346,0.));
#9267 = DIRECTION('',(0.,-0.,-1.));
#9268 = DIRECTION('',(1.,2.960594732334E-15,-0.));
#9269 = ORIENTED_EDGE('',*,*,#9270,.T.);
#9270 = EDGE_CURVE('',#9262,#9271,#9273,.T.);
#9271 = VERTEX_POINT('',#9272);
#9272 = CARTESIAN_POINT('',(-11.255956,-7.117346,0.));
#9273 = LINE('',#9274,#9275);
#9274 = CARTESIAN_POINT('',(-11.255956,-3.558673,0.));
#9275 = VECTOR('',#9276,1.);
#9276 = DIRECTION('',(0.,-1.,0.));
#9277 = ORIENTED_EDGE('',*,*,#9278,.T.);
#9278 = EDGE_CURVE('',#9271,#9279,#9281,.T.);
#9279 = VERTEX_POINT('',#9280);
#9280 = CARTESIAN_POINT('',(-11.855956,-7.117346,0.));
#9281 = CIRCLE('',#9282,0.3);
#9282 = AXIS2_PLACEMENT_3D('',#9283,#9284,#9285);
#9283 = CARTESIAN_POINT('',(-11.555956,-7.117346,0.));
#9284 = DIRECTION('',(-0.,0.,-1.));
#9285 = DIRECTION('',(-1.,-2.960594732334E-15,0.));
#9286 = ORIENTED_EDGE('',*,*,#9287,.T.);
#9287 = EDGE_CURVE('',#9279,#9260,#9288,.T.);
#9288 = LINE('',#9289,#9290);
#9289 = CARTESIAN_POINT('',(-11.855956,-3.108673,0.));
#9290 = VECTOR('',#9291,1.);
#9291 = DIRECTION('',(-0.,1.,0.));
#9292 = FACE_BOUND('',#9293,.F.);
#9293 = EDGE_LOOP('',(#9294,#9305,#9313,#9322));
#9294 = ORIENTED_EDGE('',*,*,#9295,.T.);
#9295 = EDGE_CURVE('',#9296,#9298,#9300,.T.);
#9296 = VERTEX_POINT('',#9297);
#9297 = CARTESIAN_POINT('',(-9.455956,-6.217346,0.));
#9298 = VERTEX_POINT('',#9299);
#9299 = CARTESIAN_POINT('',(-8.855956,-6.217346,0.));
#9300 = CIRCLE('',#9301,0.3);
#9301 = AXIS2_PLACEMENT_3D('',#9302,#9303,#9304);
#9302 = CARTESIAN_POINT('',(-9.155956,-6.217346,0.));
#9303 = DIRECTION('',(0.,-0.,-1.));
#9304 = DIRECTION('',(1.,0.,-0.));
#9305 = ORIENTED_EDGE('',*,*,#9306,.T.);
#9306 = EDGE_CURVE('',#9298,#9307,#9309,.T.);
#9307 = VERTEX_POINT('',#9308);
#9308 = CARTESIAN_POINT('',(-8.855956,-7.117346,0.));
#9309 = LINE('',#9310,#9311);
#9310 = CARTESIAN_POINT('',(-8.855956,-3.558673,0.));
#9311 = VECTOR('',#9312,1.);
#9312 = DIRECTION('',(0.,-1.,0.));
#9313 = ORIENTED_EDGE('',*,*,#9314,.T.);
#9314 = EDGE_CURVE('',#9307,#9315,#9317,.T.);
#9315 = VERTEX_POINT('',#9316);
#9316 = CARTESIAN_POINT('',(-9.455956,-7.117346,0.));
#9317 = CIRCLE('',#9318,0.3);
#9318 = AXIS2_PLACEMENT_3D('',#9319,#9320,#9321);
#9319 = CARTESIAN_POINT('',(-9.155956,-7.117346,0.));
#9320 = DIRECTION('',(-0.,0.,-1.));
#9321 = DIRECTION('',(-1.,0.,0.));
#9322 = ORIENTED_EDGE('',*,*,#9323,.T.);
#9323 = EDGE_CURVE('',#9315,#9296,#9324,.T.);
#9324 = LINE('',#9325,#9326);
#9325 = CARTESIAN_POINT('',(-9.455956,-3.108673,0.));
#9326 = VECTOR('',#9327,1.);
#9327 = DIRECTION('',(-0.,1.,0.));
#9328 = FACE_BOUND('',#9329,.F.);
#9329 = EDGE_LOOP('',(#9330,#9341,#9349,#9358));
#9330 = ORIENTED_EDGE('',*,*,#9331,.T.);
#9331 = EDGE_CURVE('',#9332,#9334,#9336,.T.);
#9332 = VERTEX_POINT('',#9333);
#9333 = CARTESIAN_POINT('',(-1.755956,-7.117346,0.));
#9334 = VERTEX_POINT('',#9335);
#9335 = CARTESIAN_POINT('',(-2.355956,-7.117346,0.));
#9336 = CIRCLE('',#9337,0.3);
#9337 = AXIS2_PLACEMENT_3D('',#9338,#9339,#9340);
#9338 = CARTESIAN_POINT('',(-2.055956,-7.117346,0.));
#9339 = DIRECTION('',(-0.,0.,-1.));
#9340 = DIRECTION('',(-1.,-2.960594732334E-15,0.));
#9341 = ORIENTED_EDGE('',*,*,#9342,.T.);
#9342 = EDGE_CURVE('',#9334,#9343,#9345,.T.);
#9343 = VERTEX_POINT('',#9344);
#9344 = CARTESIAN_POINT('',(-2.355956,-6.217346,0.));
#9345 = LINE('',#9346,#9347);
#9346 = CARTESIAN_POINT('',(-2.355956,-3.108673,0.));
#9347 = VECTOR('',#9348,1.);
#9348 = DIRECTION('',(-0.,1.,0.));
#9349 = ORIENTED_EDGE('',*,*,#9350,.T.);
#9350 = EDGE_CURVE('',#9343,#9351,#9353,.T.);
#9351 = VERTEX_POINT('',#9352);
#9352 = CARTESIAN_POINT('',(-1.755956,-6.217346,0.));
#9353 = CIRCLE('',#9354,0.3);
#9354 = AXIS2_PLACEMENT_3D('',#9355,#9356,#9357);
#9355 = CARTESIAN_POINT('',(-2.055956,-6.217346,0.));
#9356 = DIRECTION('',(0.,-0.,-1.));
#9357 = DIRECTION('',(1.,2.960594732334E-15,-0.));
#9358 = ORIENTED_EDGE('',*,*,#9359,.T.);
#9359 = EDGE_CURVE('',#9351,#9332,#9360,.T.);
#9360 = LINE('',#9361,#9362);
#9361 = CARTESIAN_POINT('',(-1.755956,-3.558673,0.));
#9362 = VECTOR('',#9363,1.);
#9363 = DIRECTION('',(0.,-1.,0.));
#9364 = FACE_BOUND('',#9365,.F.);
#9365 = EDGE_LOOP('',(#9366,#9377,#9385,#9394));
#9366 = ORIENTED_EDGE('',*,*,#9367,.T.);
#9367 = EDGE_CURVE('',#9368,#9370,#9372,.T.);
#9368 = VERTEX_POINT('',#9369);
#9369 = CARTESIAN_POINT('',(0.644044,-7.117346,0.));
#9370 = VERTEX_POINT('',#9371);
#9371 = CARTESIAN_POINT('',(4.4044E-02,-7.117346,0.));
#9372 = CIRCLE('',#9373,0.3);
#9373 = AXIS2_PLACEMENT_3D('',#9374,#9375,#9376);
#9374 = CARTESIAN_POINT('',(0.344044,-7.117346,0.));
#9375 = DIRECTION('',(-0.,0.,-1.));
#9376 = DIRECTION('',(-1.,-2.960594732334E-15,0.));
#9377 = ORIENTED_EDGE('',*,*,#9378,.T.);
#9378 = EDGE_CURVE('',#9370,#9379,#9381,.T.);
#9379 = VERTEX_POINT('',#9380);
#9380 = CARTESIAN_POINT('',(4.4044E-02,-6.217346,0.));
#9381 = LINE('',#9382,#9383);
#9382 = CARTESIAN_POINT('',(4.4044E-02,-3.108673,0.));
#9383 = VECTOR('',#9384,1.);
#9384 = DIRECTION('',(-0.,1.,0.));
#9385 = ORIENTED_EDGE('',*,*,#9386,.T.);
#9386 = EDGE_CURVE('',#9379,#9387,#9389,.T.);
#9387 = VERTEX_POINT('',#9388);
#9388 = CARTESIAN_POINT('',(0.644044,-6.217346,0.));
#9389 = CIRCLE('',#9390,0.3);
#9390 = AXIS2_PLACEMENT_3D('',#9391,#9392,#9393);
#9391 = CARTESIAN_POINT('',(0.344044,-6.217346,0.));
#9392 = DIRECTION('',(0.,-0.,-1.));
#9393 = DIRECTION('',(1.,2.960594732334E-15,-0.));
#9394 = ORIENTED_EDGE('',*,*,#9395,.T.);
#9395 = EDGE_CURVE('',#9387,#9368,#9396,.T.);
#9396 = LINE('',#9397,#9398);
#9397 = CARTESIAN_POINT('',(0.644044,-3.558673,0.));
#9398 = VECTOR('',#9399,1.);
#9399 = DIRECTION('',(0.,-1.,0.));
#9400 = FACE_BOUND('',#9401,.F.);
#9401 = EDGE_LOOP('',(#9402));
#9402 = ORIENTED_EDGE('',*,*,#9403,.T.);
#9403 = EDGE_CURVE('',#9404,#9404,#9406,.T.);
#9404 = VERTEX_POINT('',#9405);
#9405 = CARTESIAN_POINT('',(1.894044,-7.317346,0.));
#9406 = CIRCLE('',#9407,0.65);
#9407 = AXIS2_PLACEMENT_3D('',#9408,#9409,#9410);
#9408 = CARTESIAN_POINT('',(1.894044,-6.667346,0.));
#9409 = DIRECTION('',(-0.,0.,-1.));
#9410 = DIRECTION('',(-0.,-1.,0.));
#9411 = FACE_BOUND('',#9412,.F.);
#9412 = EDGE_LOOP('',(#9413,#9424,#9432,#9441));
#9413 = ORIENTED_EDGE('',*,*,#9414,.T.);
#9414 = EDGE_CURVE('',#9415,#9417,#9419,.T.);
#9415 = VERTEX_POINT('',#9416);
#9416 = CARTESIAN_POINT('',(4.544044,-7.117346,0.));
#9417 = VERTEX_POINT('',#9418);
#9418 = CARTESIAN_POINT('',(3.944044,-7.117346,0.));
#9419 = CIRCLE('',#9420,0.3);
#9420 = AXIS2_PLACEMENT_3D('',#9421,#9422,#9423);
#9421 = CARTESIAN_POINT('',(4.244044,-7.117346,0.));
#9422 = DIRECTION('',(-0.,0.,-1.));
#9423 = DIRECTION('',(-1.,-2.960594732334E-15,0.));
#9424 = ORIENTED_EDGE('',*,*,#9425,.T.);
#9425 = EDGE_CURVE('',#9417,#9426,#9428,.T.);
#9426 = VERTEX_POINT('',#9427);
#9427 = CARTESIAN_POINT('',(3.944044,-6.217346,0.));
#9428 = LINE('',#9429,#9430);
#9429 = CARTESIAN_POINT('',(3.944044,-3.108673,0.));
#9430 = VECTOR('',#9431,1.);
#9431 = DIRECTION('',(-0.,1.,0.));
#9432 = ORIENTED_EDGE('',*,*,#9433,.T.);
#9433 = EDGE_CURVE('',#9426,#9434,#9436,.T.);
#9434 = VERTEX_POINT('',#9435);
#9435 = CARTESIAN_POINT('',(4.544044,-6.217346,0.));
#9436 = CIRCLE('',#9437,0.3);
#9437 = AXIS2_PLACEMENT_3D('',#9438,#9439,#9440);
#9438 = CARTESIAN_POINT('',(4.244044,-6.217346,0.));
#9439 = DIRECTION('',(0.,-0.,-1.));
#9440 = DIRECTION('',(1.,2.960594732334E-15,-0.));
#9441 = ORIENTED_EDGE('',*,*,#9442,.T.);
#9442 = EDGE_CURVE('',#9434,#9415,#9443,.T.);
#9443 = LINE('',#9444,#9445);
#9444 = CARTESIAN_POINT('',(4.544044,-3.558673,0.));
#9445 = VECTOR('',#9446,1.);
#9446 = DIRECTION('',(0.,-1.,0.));
#9447 = FACE_BOUND('',#9448,.F.);
#9448 = EDGE_LOOP('',(#9449,#9460,#9468,#9477));
#9449 = ORIENTED_EDGE('',*,*,#9450,.T.);
#9450 = EDGE_CURVE('',#9451,#9453,#9455,.T.);
#9451 = VERTEX_POINT('',#9452);
#9452 = CARTESIAN_POINT('',(14.244044,-6.217346,0.));
#9453 = VERTEX_POINT('',#9454);
#9454 = CARTESIAN_POINT('',(14.844044,-6.217346,0.));
#9455 = CIRCLE('',#9456,0.3);
#9456 = AXIS2_PLACEMENT_3D('',#9457,#9458,#9459);
#9457 = CARTESIAN_POINT('',(14.544044,-6.217346,0.));
#9458 = DIRECTION('',(0.,-0.,-1.));
#9459 = DIRECTION('',(1.,0.,-0.));
#9460 = ORIENTED_EDGE('',*,*,#9461,.T.);
#9461 = EDGE_CURVE('',#9453,#9462,#9464,.T.);
#9462 = VERTEX_POINT('',#9463);
#9463 = CARTESIAN_POINT('',(14.844044,-7.117346,0.));
#9464 = LINE('',#9465,#9466);
#9465 = CARTESIAN_POINT('',(14.844044,-3.558673,0.));
#9466 = VECTOR('',#9467,1.);
#9467 = DIRECTION('',(0.,-1.,0.));
#9468 = ORIENTED_EDGE('',*,*,#9469,.T.);
#9469 = EDGE_CURVE('',#9462,#9470,#9472,.T.);
#9470 = VERTEX_POINT('',#9471);
#9471 = CARTESIAN_POINT('',(14.244044,-7.117346,0.));
#9472 = CIRCLE('',#9473,0.3);
#9473 = AXIS2_PLACEMENT_3D('',#9474,#9475,#9476);
#9474 = CARTESIAN_POINT('',(14.544044,-7.117346,0.));
#9475 = DIRECTION('',(-0.,0.,-1.));
#9476 = DIRECTION('',(-1.,0.,0.));
#9477 = ORIENTED_EDGE('',*,*,#9478,.T.);
#9478 = EDGE_CURVE('',#9470,#9451,#9479,.T.);
#9479 = LINE('',#9480,#9481);
#9480 = CARTESIAN_POINT('',(14.244044,-3.108673,0.));
#9481 = VECTOR('',#9482,1.);
#9482 = DIRECTION('',(-0.,1.,0.));
#9483 = FACE_BOUND('',#9484,.F.);
#9484 = EDGE_LOOP('',(#9485));
#9485 = ORIENTED_EDGE('',*,*,#9486,.T.);
#9486 = EDGE_CURVE('',#9487,#9487,#9489,.T.);
#9487 = VERTEX_POINT('',#9488);
#9488 = CARTESIAN_POINT('',(16.894044,-7.317346,0.));
#9489 = CIRCLE('',#9490,0.65);
#9490 = AXIS2_PLACEMENT_3D('',#9491,#9492,#9493);
#9491 = CARTESIAN_POINT('',(16.894044,-6.667346,0.));
#9492 = DIRECTION('',(-0.,0.,-1.));
#9493 = DIRECTION('',(-0.,-1.,0.));
#9494 = FACE_BOUND('',#9495,.F.);
#9495 = EDGE_LOOP('',(#9496,#9507,#9515,#9524));
#9496 = ORIENTED_EDGE('',*,*,#9497,.T.);
#9497 = EDGE_CURVE('',#9498,#9500,#9502,.T.);
#9498 = VERTEX_POINT('',#9499);
#9499 = CARTESIAN_POINT('',(18.144044,-6.217346,0.));
#9500 = VERTEX_POINT('',#9501);
#9501 = CARTESIAN_POINT('',(18.744044,-6.217346,0.));
#9502 = CIRCLE('',#9503,0.3);
#9503 = AXIS2_PLACEMENT_3D('',#9504,#9505,#9506);
#9504 = CARTESIAN_POINT('',(18.444044,-6.217346,0.));
#9505 = DIRECTION('',(0.,-0.,-1.));
#9506 = DIRECTION('',(1.,2.960594732334E-15,-0.));
#9507 = ORIENTED_EDGE('',*,*,#9508,.T.);
#9508 = EDGE_CURVE('',#9500,#9509,#9511,.T.);
#9509 = VERTEX_POINT('',#9510);
#9510 = CARTESIAN_POINT('',(18.744044,-7.117346,0.));
#9511 = LINE('',#9512,#9513);
#9512 = CARTESIAN_POINT('',(18.744044,-3.558673,0.));
#9513 = VECTOR('',#9514,1.);
#9514 = DIRECTION('',(0.,-1.,0.));
#9515 = ORIENTED_EDGE('',*,*,#9516,.T.);
#9516 = EDGE_CURVE('',#9509,#9517,#9519,.T.);
#9517 = VERTEX_POINT('',#9518);
#9518 = CARTESIAN_POINT('',(18.144044,-7.117346,0.));
#9519 = CIRCLE('',#9520,0.3);
#9520 = AXIS2_PLACEMENT_3D('',#9521,#9522,#9523);
#9521 = CARTESIAN_POINT('',(18.444044,-7.117346,0.));
#9522 = DIRECTION('',(-0.,0.,-1.));
#9523 = DIRECTION('',(-1.,-2.960594732334E-15,0.));
#9524 = ORIENTED_EDGE('',*,*,#9525,.T.);
#9525 = EDGE_CURVE('',#9517,#9498,#9526,.T.);
#9526 = LINE('',#9527,#9528);
#9527 = CARTESIAN_POINT('',(18.144044,-3.108673,0.));
#9528 = VECTOR('',#9529,1.);
#9529 = DIRECTION('',(-0.,1.,0.));
#9530 = FACE_BOUND('',#9531,.F.);
#9531 = EDGE_LOOP('',(#9532,#9543,#9551,#9560));
#9532 = ORIENTED_EDGE('',*,*,#9533,.T.);
#9533 = EDGE_CURVE('',#9534,#9536,#9538,.T.);
#9534 = VERTEX_POINT('',#9535);
#9535 = CARTESIAN_POINT('',(20.544044,-6.217346,0.));
#9536 = VERTEX_POINT('',#9537);
#9537 = CARTESIAN_POINT('',(21.144044,-6.217346,0.));
#9538 = CIRCLE('',#9539,0.3);
#9539 = AXIS2_PLACEMENT_3D('',#9540,#9541,#9542);
#9540 = CARTESIAN_POINT('',(20.844044,-6.217346,0.));
#9541 = DIRECTION('',(0.,-0.,-1.));
#9542 = DIRECTION('',(1.,8.881784197001E-15,-0.));
#9543 = ORIENTED_EDGE('',*,*,#9544,.T.);
#9544 = EDGE_CURVE('',#9536,#9545,#9547,.T.);
#9545 = VERTEX_POINT('',#9546);
#9546 = CARTESIAN_POINT('',(21.144044,-7.117346,0.));
#9547 = LINE('',#9548,#9549);
#9548 = CARTESIAN_POINT('',(21.144044,-3.558673,0.));
#9549 = VECTOR('',#9550,1.);
#9550 = DIRECTION('',(0.,-1.,0.));
#9551 = ORIENTED_EDGE('',*,*,#9552,.T.);
#9552 = EDGE_CURVE('',#9545,#9553,#9555,.T.);
#9553 = VERTEX_POINT('',#9554);
#9554 = CARTESIAN_POINT('',(20.544044,-7.117346,0.));
#9555 = CIRCLE('',#9556,0.3);
#9556 = AXIS2_PLACEMENT_3D('',#9557,#9558,#9559);
#9557 = CARTESIAN_POINT('',(20.844044,-7.117346,0.));
#9558 = DIRECTION('',(-0.,0.,-1.));
#9559 = DIRECTION('',(-1.,-8.881784197001E-15,0.));
#9560 = ORIENTED_EDGE('',*,*,#9561,.T.);
#9561 = EDGE_CURVE('',#9553,#9534,#9562,.T.);
#9562 = LINE('',#9563,#9564);
#9563 = CARTESIAN_POINT('',(20.544044,-3.108673,0.));
#9564 = VECTOR('',#9565,1.);
#9565 = DIRECTION('',(-0.,1.,0.));
#9566 = FACE_BOUND('',#9567,.F.);
#9567 = EDGE_LOOP('',(#9568));
#9568 = ORIENTED_EDGE('',*,*,#9569,.T.);
#9569 = EDGE_CURVE('',#9570,#9570,#9572,.T.);
#9570 = VERTEX_POINT('',#9571);
#9571 = CARTESIAN_POINT('',(-21.755956,0.787654,0.));
#9572 = CIRCLE('',#9573,0.51);
#9573 = AXIS2_PLACEMENT_3D('',#9574,#9575,#9576);
#9574 = CARTESIAN_POINT('',(-21.755956,1.297654,0.));
#9575 = DIRECTION('',(-0.,0.,-1.));
#9576 = DIRECTION('',(-6.96610525255E-15,-1.,0.));
#9577 = FACE_BOUND('',#9578,.F.);
#9578 = EDGE_LOOP('',(#9579));
#9579 = ORIENTED_EDGE('',*,*,#9580,.T.);
#9580 = EDGE_CURVE('',#9581,#9581,#9583,.T.);
#9581 = VERTEX_POINT('',#9582);
#9582 = CARTESIAN_POINT('',(-18.755956,0.787654,0.));
#9583 = CIRCLE('',#9584,0.51);
#9584 = AXIS2_PLACEMENT_3D('',#9585,#9586,#9587);
#9585 = CARTESIAN_POINT('',(-18.755956,1.297654,0.));
#9586 = DIRECTION('',(-0.,0.,-1.));
#9587 = DIRECTION('',(-6.96610525255E-15,-1.,0.));
#9588 = FACE_BOUND('',#9589,.F.);
#9589 = EDGE_LOOP('',(#9590));
#9590 = ORIENTED_EDGE('',*,*,#9591,.T.);
#9591 = EDGE_CURVE('',#9592,#9592,#9594,.T.);
#9592 = VERTEX_POINT('',#9593);
#9593 = CARTESIAN_POINT('',(-15.755956,0.787654,0.));
#9594 = CIRCLE('',#9595,0.51);
#9595 = AXIS2_PLACEMENT_3D('',#9596,#9597,#9598);
#9596 = CARTESIAN_POINT('',(-15.755956,1.297654,0.));
#9597 = DIRECTION('',(-0.,0.,-1.));
#9598 = DIRECTION('',(-0.,-1.,0.));
#9599 = FACE_BOUND('',#9600,.F.);
#9600 = EDGE_LOOP('',(#9601));
#9601 = ORIENTED_EDGE('',*,*,#9602,.T.);
#9602 = EDGE_CURVE('',#9603,#9603,#9605,.T.);
#9603 = VERTEX_POINT('',#9604);
#9604 = CARTESIAN_POINT('',(-21.755956,3.787654,0.));
#9605 = CIRCLE('',#9606,0.51);
#9606 = AXIS2_PLACEMENT_3D('',#9607,#9608,#9609);
#9607 = CARTESIAN_POINT('',(-21.755956,4.297654,0.));
#9608 = DIRECTION('',(-0.,0.,-1.));
#9609 = DIRECTION('',(-6.96610525255E-15,-1.,0.));
#9610 = FACE_BOUND('',#9611,.F.);
#9611 = EDGE_LOOP('',(#9612));
#9612 = ORIENTED_EDGE('',*,*,#9613,.T.);
#9613 = EDGE_CURVE('',#9614,#9614,#9616,.T.);
#9614 = VERTEX_POINT('',#9615);
#9615 = CARTESIAN_POINT('',(-18.755956,3.787654,0.));
#9616 = CIRCLE('',#9617,0.51);
#9617 = AXIS2_PLACEMENT_3D('',#9618,#9619,#9620);
#9618 = CARTESIAN_POINT('',(-18.755956,4.297654,0.));
#9619 = DIRECTION('',(-0.,0.,-1.));
#9620 = DIRECTION('',(-6.96610525255E-15,-1.,0.));
#9621 = FACE_BOUND('',#9622,.F.);
#9622 = EDGE_LOOP('',(#9623));
#9623 = ORIENTED_EDGE('',*,*,#9624,.T.);
#9624 = EDGE_CURVE('',#9625,#9625,#9627,.T.);
#9625 = VERTEX_POINT('',#9626);
#9626 = CARTESIAN_POINT('',(-15.755956,3.787654,0.));
#9627 = CIRCLE('',#9628,0.51);
#9628 = AXIS2_PLACEMENT_3D('',#9629,#9630,#9631);
#9629 = CARTESIAN_POINT('',(-15.755956,4.297654,0.));
#9630 = DIRECTION('',(-0.,0.,-1.));
#9631 = DIRECTION('',(-0.,-1.,0.));
#9632 = FACE_BOUND('',#9633,.F.);
#9633 = EDGE_LOOP('',(#9634));
#9634 = ORIENTED_EDGE('',*,*,#9635,.T.);
#9635 = EDGE_CURVE('',#9636,#9636,#9638,.T.);
#9636 = VERTEX_POINT('',#9637);
#9637 = CARTESIAN_POINT('',(-18.755956,7.117654,0.));
#9638 = CIRCLE('',#9639,1.5);
#9639 = AXIS2_PLACEMENT_3D('',#9640,#9641,#9642);
#9640 = CARTESIAN_POINT('',(-18.755956,8.617654,0.));
#9641 = DIRECTION('',(-0.,0.,-1.));
#9642 = DIRECTION('',(-0.,-1.,0.));
#9643 = FACE_BOUND('',#9644,.F.);
#9644 = EDGE_LOOP('',(#9645));
#9645 = ORIENTED_EDGE('',*,*,#9646,.T.);
#9646 = EDGE_CURVE('',#9647,#9647,#9649,.T.);
#9647 = VERTEX_POINT('',#9648);
#9648 = CARTESIAN_POINT('',(12.169044,0.827654,0.));
#9649 = CIRCLE('',#9650,0.51);
#9650 = AXIS2_PLACEMENT_3D('',#9651,#9652,#9653);
#9651 = CARTESIAN_POINT('',(12.169044,1.337654,0.));
#9652 = DIRECTION('',(-0.,0.,-1.));
#9653 = DIRECTION('',(-0.,-1.,0.));
#9654 = FACE_BOUND('',#9655,.F.);
#9655 = EDGE_LOOP('',(#9656));
#9656 = ORIENTED_EDGE('',*,*,#9657,.T.);
#9657 = EDGE_CURVE('',#9658,#9658,#9660,.T.);
#9658 = VERTEX_POINT('',#9659);
#9659 = CARTESIAN_POINT('',(12.169044,3.827654,0.));
#9660 = CIRCLE('',#9661,0.51);
#9661 = AXIS2_PLACEMENT_3D('',#9662,#9663,#9664);
#9662 = CARTESIAN_POINT('',(12.169044,4.337654,0.));
#9663 = DIRECTION('',(-0.,0.,-1.));
#9664 = DIRECTION('',(-0.,-1.,0.));
#9665 = FACE_BOUND('',#9666,.F.);
#9666 = EDGE_LOOP('',(#9667));
#9667 = ORIENTED_EDGE('',*,*,#9668,.T.);
#9668 = EDGE_CURVE('',#9669,#9669,#9671,.T.);
#9669 = VERTEX_POINT('',#9670);
#9670 = CARTESIAN_POINT('',(15.169044,0.827654,0.));
#9671 = CIRCLE('',#9672,0.51);
#9672 = AXIS2_PLACEMENT_3D('',#9673,#9674,#9675);
#9673 = CARTESIAN_POINT('',(15.169044,1.337654,0.));
#9674 = DIRECTION('',(-0.,0.,-1.));
#9675 = DIRECTION('',(-0.,-1.,0.));
#9676 = FACE_BOUND('',#9677,.F.);
#9677 = EDGE_LOOP('',(#9678));
#9678 = ORIENTED_EDGE('',*,*,#9679,.T.);
#9679 = EDGE_CURVE('',#9680,#9680,#9682,.T.);
#9680 = VERTEX_POINT('',#9681);
#9681 = CARTESIAN_POINT('',(15.169044,3.827654,0.));
#9682 = CIRCLE('',#9683,0.51);
#9683 = AXIS2_PLACEMENT_3D('',#9684,#9685,#9686);
#9684 = CARTESIAN_POINT('',(15.169044,4.337654,0.));
#9685 = DIRECTION('',(-0.,0.,-1.));
#9686 = DIRECTION('',(-0.,-1.,0.));
#9687 = FACE_BOUND('',#9688,.F.);
#9688 = EDGE_LOOP('',(#9689));
#9689 = ORIENTED_EDGE('',*,*,#9690,.T.);
#9690 = EDGE_CURVE('',#9691,#9691,#9693,.T.);
#9691 = VERTEX_POINT('',#9692);
#9692 = CARTESIAN_POINT('',(13.669044,7.157654,0.));
#9693 = CIRCLE('',#9694,1.5);
#9694 = AXIS2_PLACEMENT_3D('',#9695,#9696,#9697);
#9695 = CARTESIAN_POINT('',(13.669044,8.657654,0.));
#9696 = DIRECTION('',(-0.,0.,-1.));
#9697 = DIRECTION('',(-0.,-1.,0.));
#9698 = FACE_BOUND('',#9699,.F.);
#9699 = EDGE_LOOP('',(#9700));
#9700 = ORIENTED_EDGE('',*,*,#9701,.T.);
#9701 = EDGE_CURVE('',#9702,#9702,#9704,.T.);
#9702 = VERTEX_POINT('',#9703);
#9703 = CARTESIAN_POINT('',(22.744044,8.482654,0.));
#9704 = CIRCLE('',#9705,1.6);
#9705 = AXIS2_PLACEMENT_3D('',#9706,#9707,#9708);
#9706 = CARTESIAN_POINT('',(22.744044,10.082654,0.));
#9707 = DIRECTION('',(-0.,0.,-1.));
#9708 = DIRECTION('',(-2.22044604925E-15,-1.,0.));
#9709 = PLANE('',#9710);
#9710 = AXIS2_PLACEMENT_3D('',#9711,#9712,#9713);
#9711 = CARTESIAN_POINT('',(0.,0.,0.));
#9712 = DIRECTION('',(0.,0.,1.));
#9713 = DIRECTION('',(1.,0.,-0.));
#9714 = ADVANCED_FACE('',(#9715,#9761,#9772,#9808,#9819,#9855,#9891,
    #9927,#9963,#9974,#10010,#10046,#10057,#10093,#10129,#10140,#10151,
    #10162,#10173,#10184,#10195,#10206,#10217,#10228,#10239,#10250,
    #10261),#10272,.T.);
#9715 = FACE_BOUND('',#9716,.T.);
#9716 = EDGE_LOOP('',(#9717,#9718,#9719,#9728,#9736,#9745,#9753,#9760));
#9717 = ORIENTED_EDGE('',*,*,#9061,.F.);
#9718 = ORIENTED_EDGE('',*,*,#9103,.F.);
#9719 = ORIENTED_EDGE('',*,*,#9720,.F.);
#9720 = EDGE_CURVE('',#9721,#9096,#9723,.T.);
#9721 = VERTEX_POINT('',#9722);
#9722 = CARTESIAN_POINT('',(-26.,11.5,1.51));
#9723 = CIRCLE('',#9724,1.99999850585);
#9724 = AXIS2_PLACEMENT_3D('',#9725,#9726,#9727);
#9725 = CARTESIAN_POINT('',(-24.00000149415,11.50000149415,1.51));
#9726 = DIRECTION('',(0.,0.,-1.));
#9727 = DIRECTION('',(-1.,-7.470757420593E-07,-0.));
#9728 = ORIENTED_EDGE('',*,*,#9729,.F.);
#9729 = EDGE_CURVE('',#9730,#9721,#9732,.T.);
#9730 = VERTEX_POINT('',#9731);
#9731 = CARTESIAN_POINT('',(-26.,-11.5,1.51));
#9732 = LINE('',#9733,#9734);
#9733 = CARTESIAN_POINT('',(-26.,-11.5,1.51));
#9734 = VECTOR('',#9735,1.);
#9735 = DIRECTION('',(0.,1.,0.));
#9736 = ORIENTED_EDGE('',*,*,#9737,.F.);
#9737 = EDGE_CURVE('',#9738,#9730,#9740,.T.);
#9738 = VERTEX_POINT('',#9739);
#9739 = CARTESIAN_POINT('',(-24.,-13.5,1.51));
#9740 = CIRCLE('',#9741,1.99999850585);
#9741 = AXIS2_PLACEMENT_3D('',#9742,#9743,#9744);
#9742 = CARTESIAN_POINT('',(-24.00000149415,-11.50000149415,1.51));
#9743 = DIRECTION('',(0.,0.,-1.));
#9744 = DIRECTION('',(7.470757420593E-07,-1.,0.));
#9745 = ORIENTED_EDGE('',*,*,#9746,.F.);
#9746 = EDGE_CURVE('',#9747,#9738,#9749,.T.);
#9747 = VERTEX_POINT('',#9748);
#9748 = CARTESIAN_POINT('',(24.,-13.5,1.51));
#9749 = LINE('',#9750,#9751);
#9750 = CARTESIAN_POINT('',(24.,-13.5,1.51));
#9751 = VECTOR('',#9752,1.);
#9752 = DIRECTION('',(-1.,0.,0.));
#9753 = ORIENTED_EDGE('',*,*,#9754,.F.);
#9754 = EDGE_CURVE('',#9126,#9747,#9755,.T.);
#9755 = CIRCLE('',#9756,1.99999850585);
#9756 = AXIS2_PLACEMENT_3D('',#9757,#9758,#9759);
#9757 = CARTESIAN_POINT('',(24.00000149415,-11.50000149415,1.51));
#9758 = DIRECTION('',(0.,0.,-1.));
#9759 = DIRECTION('',(1.,7.470757420593E-07,0.));
#9760 = ORIENTED_EDGE('',*,*,#9125,.F.);
#9761 = FACE_BOUND('',#9762,.T.);
#9762 = EDGE_LOOP('',(#9763));
#9763 = ORIENTED_EDGE('',*,*,#9764,.T.);
#9764 = EDGE_CURVE('',#9765,#9765,#9767,.T.);
#9765 = VERTEX_POINT('',#9766);
#9766 = CARTESIAN_POINT('',(-22.605956,-11.717346,1.51));
#9767 = CIRCLE('',#9768,1.6);
#9768 = AXIS2_PLACEMENT_3D('',#9769,#9770,#9771);
#9769 = CARTESIAN_POINT('',(-22.605956,-10.117346,1.51));
#9770 = DIRECTION('',(-0.,0.,-1.));
#9771 = DIRECTION('',(-0.,-1.,0.));
#9772 = FACE_BOUND('',#9773,.T.);
#9773 = EDGE_LOOP('',(#9774,#9785,#9793,#9802));
#9774 = ORIENTED_EDGE('',*,*,#9775,.T.);
#9775 = EDGE_CURVE('',#9776,#9778,#9780,.T.);
#9776 = VERTEX_POINT('',#9777);
#9777 = CARTESIAN_POINT('',(-15.755956,-6.217346,1.51));
#9778 = VERTEX_POINT('',#9779);
#9779 = CARTESIAN_POINT('',(-15.155956,-6.217346,1.51));
#9780 = CIRCLE('',#9781,0.3);
#9781 = AXIS2_PLACEMENT_3D('',#9782,#9783,#9784);
#9782 = CARTESIAN_POINT('',(-15.455956,-6.217346,1.51));
#9783 = DIRECTION('',(0.,-0.,-1.));
#9784 = DIRECTION('',(1.,0.,-0.));
#9785 = ORIENTED_EDGE('',*,*,#9786,.T.);
#9786 = EDGE_CURVE('',#9778,#9787,#9789,.T.);
#9787 = VERTEX_POINT('',#9788);
#9788 = CARTESIAN_POINT('',(-15.155956,-7.117346,1.51));
#9789 = LINE('',#9790,#9791);
#9790 = CARTESIAN_POINT('',(-15.155956,-3.558673,1.51));
#9791 = VECTOR('',#9792,1.);
#9792 = DIRECTION('',(0.,-1.,0.));
#9793 = ORIENTED_EDGE('',*,*,#9794,.T.);
#9794 = EDGE_CURVE('',#9787,#9795,#9797,.T.);
#9795 = VERTEX_POINT('',#9796);
#9796 = CARTESIAN_POINT('',(-15.755956,-7.117346,1.51));
#9797 = CIRCLE('',#9798,0.3);
#9798 = AXIS2_PLACEMENT_3D('',#9799,#9800,#9801);
#9799 = CARTESIAN_POINT('',(-15.455956,-7.117346,1.51));
#9800 = DIRECTION('',(-0.,0.,-1.));
#9801 = DIRECTION('',(-1.,0.,0.));
#9802 = ORIENTED_EDGE('',*,*,#9803,.T.);
#9803 = EDGE_CURVE('',#9795,#9776,#9804,.T.);
#9804 = LINE('',#9805,#9806);
#9805 = CARTESIAN_POINT('',(-15.755956,-3.108673,1.51));
#9806 = VECTOR('',#9807,1.);
#9807 = DIRECTION('',(-0.,1.,0.));
#9808 = FACE_BOUND('',#9809,.T.);
#9809 = EDGE_LOOP('',(#9810));
#9810 = ORIENTED_EDGE('',*,*,#9811,.T.);
#9811 = EDGE_CURVE('',#9812,#9812,#9814,.T.);
#9812 = VERTEX_POINT('',#9813);
#9813 = CARTESIAN_POINT('',(-13.105956,-7.317346,1.51));
#9814 = CIRCLE('',#9815,0.65);
#9815 = AXIS2_PLACEMENT_3D('',#9816,#9817,#9818);
#9816 = CARTESIAN_POINT('',(-13.105956,-6.667346,1.51));
#9817 = DIRECTION('',(-0.,0.,-1.));
#9818 = DIRECTION('',(-2.732856676E-15,-1.,0.));
#9819 = FACE_BOUND('',#9820,.T.);
#9820 = EDGE_LOOP('',(#9821,#9832,#9840,#9849));
#9821 = ORIENTED_EDGE('',*,*,#9822,.T.);
#9822 = EDGE_CURVE('',#9823,#9825,#9827,.T.);
#9823 = VERTEX_POINT('',#9824);
#9824 = CARTESIAN_POINT('',(-11.855956,-6.217346,1.51));
#9825 = VERTEX_POINT('',#9826);
#9826 = CARTESIAN_POINT('',(-11.255956,-6.217346,1.51));
#9827 = CIRCLE('',#9828,0.3);
#9828 = AXIS2_PLACEMENT_3D('',#9829,#9830,#9831);
#9829 = CARTESIAN_POINT('',(-11.555956,-6.217346,1.51));
#9830 = DIRECTION('',(0.,-0.,-1.));
#9831 = DIRECTION('',(1.,2.960594732334E-15,-0.));
#9832 = ORIENTED_EDGE('',*,*,#9833,.T.);
#9833 = EDGE_CURVE('',#9825,#9834,#9836,.T.);
#9834 = VERTEX_POINT('',#9835);
#9835 = CARTESIAN_POINT('',(-11.255956,-7.117346,1.51));
#9836 = LINE('',#9837,#9838);
#9837 = CARTESIAN_POINT('',(-11.255956,-3.558673,1.51));
#9838 = VECTOR('',#9839,1.);
#9839 = DIRECTION('',(0.,-1.,0.));
#9840 = ORIENTED_EDGE('',*,*,#9841,.T.);
#9841 = EDGE_CURVE('',#9834,#9842,#9844,.T.);
#9842 = VERTEX_POINT('',#9843);
#9843 = CARTESIAN_POINT('',(-11.855956,-7.117346,1.51));
#9844 = CIRCLE('',#9845,0.3);
#9845 = AXIS2_PLACEMENT_3D('',#9846,#9847,#9848);
#9846 = CARTESIAN_POINT('',(-11.555956,-7.117346,1.51));
#9847 = DIRECTION('',(-0.,0.,-1.));
#9848 = DIRECTION('',(-1.,-2.960594732334E-15,0.));
#9849 = ORIENTED_EDGE('',*,*,#9850,.T.);
#9850 = EDGE_CURVE('',#9842,#9823,#9851,.T.);
#9851 = LINE('',#9852,#9853);
#9852 = CARTESIAN_POINT('',(-11.855956,-3.108673,1.51));
#9853 = VECTOR('',#9854,1.);
#9854 = DIRECTION('',(-0.,1.,0.));
#9855 = FACE_BOUND('',#9856,.T.);
#9856 = EDGE_LOOP('',(#9857,#9868,#9876,#9885));
#9857 = ORIENTED_EDGE('',*,*,#9858,.T.);
#9858 = EDGE_CURVE('',#9859,#9861,#9863,.T.);
#9859 = VERTEX_POINT('',#9860);
#9860 = CARTESIAN_POINT('',(-9.455956,-6.217346,1.51));
#9861 = VERTEX_POINT('',#9862);
#9862 = CARTESIAN_POINT('',(-8.855956,-6.217346,1.51));
#9863 = CIRCLE('',#9864,0.3);
#9864 = AXIS2_PLACEMENT_3D('',#9865,#9866,#9867);
#9865 = CARTESIAN_POINT('',(-9.155956,-6.217346,1.51));
#9866 = DIRECTION('',(0.,-0.,-1.));
#9867 = DIRECTION('',(1.,0.,-0.));
#9868 = ORIENTED_EDGE('',*,*,#9869,.T.);
#9869 = EDGE_CURVE('',#9861,#9870,#9872,.T.);
#9870 = VERTEX_POINT('',#9871);
#9871 = CARTESIAN_POINT('',(-8.855956,-7.117346,1.51));
#9872 = LINE('',#9873,#9874);
#9873 = CARTESIAN_POINT('',(-8.855956,-3.558673,1.51));
#9874 = VECTOR('',#9875,1.);
#9875 = DIRECTION('',(0.,-1.,0.));
#9876 = ORIENTED_EDGE('',*,*,#9877,.T.);
#9877 = EDGE_CURVE('',#9870,#9878,#9880,.T.);
#9878 = VERTEX_POINT('',#9879);
#9879 = CARTESIAN_POINT('',(-9.455956,-7.117346,1.51));
#9880 = CIRCLE('',#9881,0.3);
#9881 = AXIS2_PLACEMENT_3D('',#9882,#9883,#9884);
#9882 = CARTESIAN_POINT('',(-9.155956,-7.117346,1.51));
#9883 = DIRECTION('',(-0.,0.,-1.));
#9884 = DIRECTION('',(-1.,0.,0.));
#9885 = ORIENTED_EDGE('',*,*,#9886,.T.);
#9886 = EDGE_CURVE('',#9878,#9859,#9887,.T.);
#9887 = LINE('',#9888,#9889);
#9888 = CARTESIAN_POINT('',(-9.455956,-3.108673,1.51));
#9889 = VECTOR('',#9890,1.);
#9890 = DIRECTION('',(-0.,1.,0.));
#9891 = FACE_BOUND('',#9892,.T.);
#9892 = EDGE_LOOP('',(#9893,#9904,#9912,#9921));
#9893 = ORIENTED_EDGE('',*,*,#9894,.T.);
#9894 = EDGE_CURVE('',#9895,#9897,#9899,.T.);
#9895 = VERTEX_POINT('',#9896);
#9896 = CARTESIAN_POINT('',(-1.755956,-7.117346,1.51));
#9897 = VERTEX_POINT('',#9898);
#9898 = CARTESIAN_POINT('',(-2.355956,-7.117346,1.51));
#9899 = CIRCLE('',#9900,0.3);
#9900 = AXIS2_PLACEMENT_3D('',#9901,#9902,#9903);
#9901 = CARTESIAN_POINT('',(-2.055956,-7.117346,1.51));
#9902 = DIRECTION('',(-0.,0.,-1.));
#9903 = DIRECTION('',(-1.,-2.960594732334E-15,0.));
#9904 = ORIENTED_EDGE('',*,*,#9905,.T.);
#9905 = EDGE_CURVE('',#9897,#9906,#9908,.T.);
#9906 = VERTEX_POINT('',#9907);
#9907 = CARTESIAN_POINT('',(-2.355956,-6.217346,1.51));
#9908 = LINE('',#9909,#9910);
#9909 = CARTESIAN_POINT('',(-2.355956,-3.108673,1.51));
#9910 = VECTOR('',#9911,1.);
#9911 = DIRECTION('',(-0.,1.,0.));
#9912 = ORIENTED_EDGE('',*,*,#9913,.T.);
#9913 = EDGE_CURVE('',#9906,#9914,#9916,.T.);
#9914 = VERTEX_POINT('',#9915);
#9915 = CARTESIAN_POINT('',(-1.755956,-6.217346,1.51));
#9916 = CIRCLE('',#9917,0.3);
#9917 = AXIS2_PLACEMENT_3D('',#9918,#9919,#9920);
#9918 = CARTESIAN_POINT('',(-2.055956,-6.217346,1.51));
#9919 = DIRECTION('',(0.,-0.,-1.));
#9920 = DIRECTION('',(1.,2.960594732334E-15,-0.));
#9921 = ORIENTED_EDGE('',*,*,#9922,.T.);
#9922 = EDGE_CURVE('',#9914,#9895,#9923,.T.);
#9923 = LINE('',#9924,#9925);
#9924 = CARTESIAN_POINT('',(-1.755956,-3.558673,1.51));
#9925 = VECTOR('',#9926,1.);
#9926 = DIRECTION('',(0.,-1.,0.));
#9927 = FACE_BOUND('',#9928,.T.);
#9928 = EDGE_LOOP('',(#9929,#9940,#9948,#9957));
#9929 = ORIENTED_EDGE('',*,*,#9930,.T.);
#9930 = EDGE_CURVE('',#9931,#9933,#9935,.T.);
#9931 = VERTEX_POINT('',#9932);
#9932 = CARTESIAN_POINT('',(0.644044,-7.117346,1.51));
#9933 = VERTEX_POINT('',#9934);
#9934 = CARTESIAN_POINT('',(4.4044E-02,-7.117346,1.51));
#9935 = CIRCLE('',#9936,0.3);
#9936 = AXIS2_PLACEMENT_3D('',#9937,#9938,#9939);
#9937 = CARTESIAN_POINT('',(0.344044,-7.117346,1.51));
#9938 = DIRECTION('',(-0.,0.,-1.));
#9939 = DIRECTION('',(-1.,-2.960594732334E-15,0.));
#9940 = ORIENTED_EDGE('',*,*,#9941,.T.);
#9941 = EDGE_CURVE('',#9933,#9942,#9944,.T.);
#9942 = VERTEX_POINT('',#9943);
#9943 = CARTESIAN_POINT('',(4.4044E-02,-6.217346,1.51));
#9944 = LINE('',#9945,#9946);
#9945 = CARTESIAN_POINT('',(4.4044E-02,-3.108673,1.51));
#9946 = VECTOR('',#9947,1.);
#9947 = DIRECTION('',(-0.,1.,0.));
#9948 = ORIENTED_EDGE('',*,*,#9949,.T.);
#9949 = EDGE_CURVE('',#9942,#9950,#9952,.T.);
#9950 = VERTEX_POINT('',#9951);
#9951 = CARTESIAN_POINT('',(0.644044,-6.217346,1.51));
#9952 = CIRCLE('',#9953,0.3);
#9953 = AXIS2_PLACEMENT_3D('',#9954,#9955,#9956);
#9954 = CARTESIAN_POINT('',(0.344044,-6.217346,1.51));
#9955 = DIRECTION('',(0.,-0.,-1.));
#9956 = DIRECTION('',(1.,2.960594732334E-15,-0.));
#9957 = ORIENTED_EDGE('',*,*,#9958,.T.);
#9958 = EDGE_CURVE('',#9950,#9931,#9959,.T.);
#9959 = LINE('',#9960,#9961);
#9960 = CARTESIAN_POINT('',(0.644044,-3.558673,1.51));
#9961 = VECTOR('',#9962,1.);
#9962 = DIRECTION('',(0.,-1.,0.));
#9963 = FACE_BOUND('',#9964,.T.);
#9964 = EDGE_LOOP('',(#9965));
#9965 = ORIENTED_EDGE('',*,*,#9966,.T.);
#9966 = EDGE_CURVE('',#9967,#9967,#9969,.T.);
#9967 = VERTEX_POINT('',#9968);
#9968 = CARTESIAN_POINT('',(1.894044,-7.317346,1.51));
#9969 = CIRCLE('',#9970,0.65);
#9970 = AXIS2_PLACEMENT_3D('',#9971,#9972,#9973);
#9971 = CARTESIAN_POINT('',(1.894044,-6.667346,1.51));
#9972 = DIRECTION('',(-0.,0.,-1.));
#9973 = DIRECTION('',(-0.,-1.,0.));
#9974 = FACE_BOUND('',#9975,.T.);
#9975 = EDGE_LOOP('',(#9976,#9987,#9995,#10004));
#9976 = ORIENTED_EDGE('',*,*,#9977,.T.);
#9977 = EDGE_CURVE('',#9978,#9980,#9982,.T.);
#9978 = VERTEX_POINT('',#9979);
#9979 = CARTESIAN_POINT('',(4.544044,-7.117346,1.51));
#9980 = VERTEX_POINT('',#9981);
#9981 = CARTESIAN_POINT('',(3.944044,-7.117346,1.51));
#9982 = CIRCLE('',#9983,0.3);
#9983 = AXIS2_PLACEMENT_3D('',#9984,#9985,#9986);
#9984 = CARTESIAN_POINT('',(4.244044,-7.117346,1.51));
#9985 = DIRECTION('',(-0.,0.,-1.));
#9986 = DIRECTION('',(-1.,-2.960594732334E-15,0.));
#9987 = ORIENTED_EDGE('',*,*,#9988,.T.);
#9988 = EDGE_CURVE('',#9980,#9989,#9991,.T.);
#9989 = VERTEX_POINT('',#9990);
#9990 = CARTESIAN_POINT('',(3.944044,-6.217346,1.51));
#9991 = LINE('',#9992,#9993);
#9992 = CARTESIAN_POINT('',(3.944044,-3.108673,1.51));
#9993 = VECTOR('',#9994,1.);
#9994 = DIRECTION('',(-0.,1.,0.));
#9995 = ORIENTED_EDGE('',*,*,#9996,.T.);
#9996 = EDGE_CURVE('',#9989,#9997,#9999,.T.);
#9997 = VERTEX_POINT('',#9998);
#9998 = CARTESIAN_POINT('',(4.544044,-6.217346,1.51));
#9999 = CIRCLE('',#10000,0.3);
#10000 = AXIS2_PLACEMENT_3D('',#10001,#10002,#10003);
#10001 = CARTESIAN_POINT('',(4.244044,-6.217346,1.51));
#10002 = DIRECTION('',(0.,-0.,-1.));
#10003 = DIRECTION('',(1.,2.960594732334E-15,-0.));
#10004 = ORIENTED_EDGE('',*,*,#10005,.T.);
#10005 = EDGE_CURVE('',#9997,#9978,#10006,.T.);
#10006 = LINE('',#10007,#10008);
#10007 = CARTESIAN_POINT('',(4.544044,-3.558673,1.51));
#10008 = VECTOR('',#10009,1.);
#10009 = DIRECTION('',(0.,-1.,0.));
#10010 = FACE_BOUND('',#10011,.T.);
#10011 = EDGE_LOOP('',(#10012,#10023,#10031,#10040));
#10012 = ORIENTED_EDGE('',*,*,#10013,.T.);
#10013 = EDGE_CURVE('',#10014,#10016,#10018,.T.);
#10014 = VERTEX_POINT('',#10015);
#10015 = CARTESIAN_POINT('',(14.244044,-6.217346,1.51));
#10016 = VERTEX_POINT('',#10017);
#10017 = CARTESIAN_POINT('',(14.844044,-6.217346,1.51));
#10018 = CIRCLE('',#10019,0.3);
#10019 = AXIS2_PLACEMENT_3D('',#10020,#10021,#10022);
#10020 = CARTESIAN_POINT('',(14.544044,-6.217346,1.51));
#10021 = DIRECTION('',(0.,-0.,-1.));
#10022 = DIRECTION('',(1.,0.,-0.));
#10023 = ORIENTED_EDGE('',*,*,#10024,.T.);
#10024 = EDGE_CURVE('',#10016,#10025,#10027,.T.);
#10025 = VERTEX_POINT('',#10026);
#10026 = CARTESIAN_POINT('',(14.844044,-7.117346,1.51));
#10027 = LINE('',#10028,#10029);
#10028 = CARTESIAN_POINT('',(14.844044,-3.558673,1.51));
#10029 = VECTOR('',#10030,1.);
#10030 = DIRECTION('',(0.,-1.,0.));
#10031 = ORIENTED_EDGE('',*,*,#10032,.T.);
#10032 = EDGE_CURVE('',#10025,#10033,#10035,.T.);
#10033 = VERTEX_POINT('',#10034);
#10034 = CARTESIAN_POINT('',(14.244044,-7.117346,1.51));
#10035 = CIRCLE('',#10036,0.3);
#10036 = AXIS2_PLACEMENT_3D('',#10037,#10038,#10039);
#10037 = CARTESIAN_POINT('',(14.544044,-7.117346,1.51));
#10038 = DIRECTION('',(-0.,0.,-1.));
#10039 = DIRECTION('',(-1.,0.,0.));
#10040 = ORIENTED_EDGE('',*,*,#10041,.T.);
#10041 = EDGE_CURVE('',#10033,#10014,#10042,.T.);
#10042 = LINE('',#10043,#10044);
#10043 = CARTESIAN_POINT('',(14.244044,-3.108673,1.51));
#10044 = VECTOR('',#10045,1.);
#10045 = DIRECTION('',(-0.,1.,0.));
#10046 = FACE_BOUND('',#10047,.T.);
#10047 = EDGE_LOOP('',(#10048));
#10048 = ORIENTED_EDGE('',*,*,#10049,.T.);
#10049 = EDGE_CURVE('',#10050,#10050,#10052,.T.);
#10050 = VERTEX_POINT('',#10051);
#10051 = CARTESIAN_POINT('',(16.894044,-7.317346,1.51));
#10052 = CIRCLE('',#10053,0.65);
#10053 = AXIS2_PLACEMENT_3D('',#10054,#10055,#10056);
#10054 = CARTESIAN_POINT('',(16.894044,-6.667346,1.51));
#10055 = DIRECTION('',(-0.,0.,-1.));
#10056 = DIRECTION('',(-0.,-1.,0.));
#10057 = FACE_BOUND('',#10058,.T.);
#10058 = EDGE_LOOP('',(#10059,#10070,#10078,#10087));
#10059 = ORIENTED_EDGE('',*,*,#10060,.T.);
#10060 = EDGE_CURVE('',#10061,#10063,#10065,.T.);
#10061 = VERTEX_POINT('',#10062);
#10062 = CARTESIAN_POINT('',(18.144044,-6.217346,1.51));
#10063 = VERTEX_POINT('',#10064);
#10064 = CARTESIAN_POINT('',(18.744044,-6.217346,1.51));
#10065 = CIRCLE('',#10066,0.3);
#10066 = AXIS2_PLACEMENT_3D('',#10067,#10068,#10069);
#10067 = CARTESIAN_POINT('',(18.444044,-6.217346,1.51));
#10068 = DIRECTION('',(0.,-0.,-1.));
#10069 = DIRECTION('',(1.,2.960594732334E-15,-0.));
#10070 = ORIENTED_EDGE('',*,*,#10071,.T.);
#10071 = EDGE_CURVE('',#10063,#10072,#10074,.T.);
#10072 = VERTEX_POINT('',#10073);
#10073 = CARTESIAN_POINT('',(18.744044,-7.117346,1.51));
#10074 = LINE('',#10075,#10076);
#10075 = CARTESIAN_POINT('',(18.744044,-3.558673,1.51));
#10076 = VECTOR('',#10077,1.);
#10077 = DIRECTION('',(0.,-1.,0.));
#10078 = ORIENTED_EDGE('',*,*,#10079,.T.);
#10079 = EDGE_CURVE('',#10072,#10080,#10082,.T.);
#10080 = VERTEX_POINT('',#10081);
#10081 = CARTESIAN_POINT('',(18.144044,-7.117346,1.51));
#10082 = CIRCLE('',#10083,0.3);
#10083 = AXIS2_PLACEMENT_3D('',#10084,#10085,#10086);
#10084 = CARTESIAN_POINT('',(18.444044,-7.117346,1.51));
#10085 = DIRECTION('',(-0.,0.,-1.));
#10086 = DIRECTION('',(-1.,-2.960594732334E-15,0.));
#10087 = ORIENTED_EDGE('',*,*,#10088,.T.);
#10088 = EDGE_CURVE('',#10080,#10061,#10089,.T.);
#10089 = LINE('',#10090,#10091);
#10090 = CARTESIAN_POINT('',(18.144044,-3.108673,1.51));
#10091 = VECTOR('',#10092,1.);
#10092 = DIRECTION('',(-0.,1.,0.));
#10093 = FACE_BOUND('',#10094,.T.);
#10094 = EDGE_LOOP('',(#10095,#10106,#10114,#10123));
#10095 = ORIENTED_EDGE('',*,*,#10096,.T.);
#10096 = EDGE_CURVE('',#10097,#10099,#10101,.T.);
#10097 = VERTEX_POINT('',#10098);
#10098 = CARTESIAN_POINT('',(20.544044,-6.217346,1.51));
#10099 = VERTEX_POINT('',#10100);
#10100 = CARTESIAN_POINT('',(21.144044,-6.217346,1.51));
#10101 = CIRCLE('',#10102,0.3);
#10102 = AXIS2_PLACEMENT_3D('',#10103,#10104,#10105);
#10103 = CARTESIAN_POINT('',(20.844044,-6.217346,1.51));
#10104 = DIRECTION('',(0.,-0.,-1.));
#10105 = DIRECTION('',(1.,8.881784197001E-15,-0.));
#10106 = ORIENTED_EDGE('',*,*,#10107,.T.);
#10107 = EDGE_CURVE('',#10099,#10108,#10110,.T.);
#10108 = VERTEX_POINT('',#10109);
#10109 = CARTESIAN_POINT('',(21.144044,-7.117346,1.51));
#10110 = LINE('',#10111,#10112);
#10111 = CARTESIAN_POINT('',(21.144044,-3.558673,1.51));
#10112 = VECTOR('',#10113,1.);
#10113 = DIRECTION('',(0.,-1.,0.));
#10114 = ORIENTED_EDGE('',*,*,#10115,.T.);
#10115 = EDGE_CURVE('',#10108,#10116,#10118,.T.);
#10116 = VERTEX_POINT('',#10117);
#10117 = CARTESIAN_POINT('',(20.544044,-7.117346,1.51));
#10118 = CIRCLE('',#10119,0.3);
#10119 = AXIS2_PLACEMENT_3D('',#10120,#10121,#10122);
#10120 = CARTESIAN_POINT('',(20.844044,-7.117346,1.51));
#10121 = DIRECTION('',(-0.,0.,-1.));
#10122 = DIRECTION('',(-1.,-8.881784197001E-15,0.));
#10123 = ORIENTED_EDGE('',*,*,#10124,.T.);
#10124 = EDGE_CURVE('',#10116,#10097,#10125,.T.);
#10125 = LINE('',#10126,#10127);
#10126 = CARTESIAN_POINT('',(20.544044,-3.108673,1.51));
#10127 = VECTOR('',#10128,1.);
#10128 = DIRECTION('',(-0.,1.,0.));
#10129 = FACE_BOUND('',#10130,.T.);
#10130 = EDGE_LOOP('',(#10131));
#10131 = ORIENTED_EDGE('',*,*,#10132,.T.);
#10132 = EDGE_CURVE('',#10133,#10133,#10135,.T.);
#10133 = VERTEX_POINT('',#10134);
#10134 = CARTESIAN_POINT('',(-21.755956,0.787654,1.51));
#10135 = CIRCLE('',#10136,0.51);
#10136 = AXIS2_PLACEMENT_3D('',#10137,#10138,#10139);
#10137 = CARTESIAN_POINT('',(-21.755956,1.297654,1.51));
#10138 = DIRECTION('',(-0.,0.,-1.));
#10139 = DIRECTION('',(-6.96610525255E-15,-1.,0.));
#10140 = FACE_BOUND('',#10141,.T.);
#10141 = EDGE_LOOP('',(#10142));
#10142 = ORIENTED_EDGE('',*,*,#10143,.T.);
#10143 = EDGE_CURVE('',#10144,#10144,#10146,.T.);
#10144 = VERTEX_POINT('',#10145);
#10145 = CARTESIAN_POINT('',(-18.755956,0.787654,1.51));
#10146 = CIRCLE('',#10147,0.51);
#10147 = AXIS2_PLACEMENT_3D('',#10148,#10149,#10150);
#10148 = CARTESIAN_POINT('',(-18.755956,1.297654,1.51));
#10149 = DIRECTION('',(-0.,0.,-1.));
#10150 = DIRECTION('',(-6.96610525255E-15,-1.,0.));
#10151 = FACE_BOUND('',#10152,.T.);
#10152 = EDGE_LOOP('',(#10153));
#10153 = ORIENTED_EDGE('',*,*,#10154,.T.);
#10154 = EDGE_CURVE('',#10155,#10155,#10157,.T.);
#10155 = VERTEX_POINT('',#10156);
#10156 = CARTESIAN_POINT('',(-15.755956,0.787654,1.51));
#10157 = CIRCLE('',#10158,0.51);
#10158 = AXIS2_PLACEMENT_3D('',#10159,#10160,#10161);
#10159 = CARTESIAN_POINT('',(-15.755956,1.297654,1.51));
#10160 = DIRECTION('',(-0.,0.,-1.));
#10161 = DIRECTION('',(-0.,-1.,0.));
#10162 = FACE_BOUND('',#10163,.T.);
#10163 = EDGE_LOOP('',(#10164));
#10164 = ORIENTED_EDGE('',*,*,#10165,.T.);
#10165 = EDGE_CURVE('',#10166,#10166,#10168,.T.);
#10166 = VERTEX_POINT('',#10167);
#10167 = CARTESIAN_POINT('',(-21.755956,3.787654,1.51));
#10168 = CIRCLE('',#10169,0.51);
#10169 = AXIS2_PLACEMENT_3D('',#10170,#10171,#10172);
#10170 = CARTESIAN_POINT('',(-21.755956,4.297654,1.51));
#10171 = DIRECTION('',(-0.,0.,-1.));
#10172 = DIRECTION('',(-6.96610525255E-15,-1.,0.));
#10173 = FACE_BOUND('',#10174,.T.);
#10174 = EDGE_LOOP('',(#10175));
#10175 = ORIENTED_EDGE('',*,*,#10176,.T.);
#10176 = EDGE_CURVE('',#10177,#10177,#10179,.T.);
#10177 = VERTEX_POINT('',#10178);
#10178 = CARTESIAN_POINT('',(-18.755956,3.787654,1.51));
#10179 = CIRCLE('',#10180,0.51);
#10180 = AXIS2_PLACEMENT_3D('',#10181,#10182,#10183);
#10181 = CARTESIAN_POINT('',(-18.755956,4.297654,1.51));
#10182 = DIRECTION('',(-0.,0.,-1.));
#10183 = DIRECTION('',(-6.96610525255E-15,-1.,0.));
#10184 = FACE_BOUND('',#10185,.T.);
#10185 = EDGE_LOOP('',(#10186));
#10186 = ORIENTED_EDGE('',*,*,#10187,.T.);
#10187 = EDGE_CURVE('',#10188,#10188,#10190,.T.);
#10188 = VERTEX_POINT('',#10189);
#10189 = CARTESIAN_POINT('',(-15.755956,3.787654,1.51));
#10190 = CIRCLE('',#10191,0.51);
#10191 = AXIS2_PLACEMENT_3D('',#10192,#10193,#10194);
#10192 = CARTESIAN_POINT('',(-15.755956,4.297654,1.51));
#10193 = DIRECTION('',(-0.,0.,-1.));
#10194 = DIRECTION('',(-0.,-1.,0.));
#10195 = FACE_BOUND('',#10196,.T.);
#10196 = EDGE_LOOP('',(#10197));
#10197 = ORIENTED_EDGE('',*,*,#10198,.T.);
#10198 = EDGE_CURVE('',#10199,#10199,#10201,.T.);
#10199 = VERTEX_POINT('',#10200);
#10200 = CARTESIAN_POINT('',(-18.755956,7.117654,1.51));
#10201 = CIRCLE('',#10202,1.5);
#10202 = AXIS2_PLACEMENT_3D('',#10203,#10204,#10205);
#10203 = CARTESIAN_POINT('',(-18.755956,8.617654,1.51));
#10204 = DIRECTION('',(-0.,0.,-1.));
#10205 = DIRECTION('',(-0.,-1.,0.));
#10206 = FACE_BOUND('',#10207,.T.);
#10207 = EDGE_LOOP('',(#10208));
#10208 = ORIENTED_EDGE('',*,*,#10209,.T.);
#10209 = EDGE_CURVE('',#10210,#10210,#10212,.T.);
#10210 = VERTEX_POINT('',#10211);
#10211 = CARTESIAN_POINT('',(12.169044,0.827654,1.51));
#10212 = CIRCLE('',#10213,0.51);
#10213 = AXIS2_PLACEMENT_3D('',#10214,#10215,#10216);
#10214 = CARTESIAN_POINT('',(12.169044,1.337654,1.51));
#10215 = DIRECTION('',(-0.,0.,-1.));
#10216 = DIRECTION('',(-0.,-1.,0.));
#10217 = FACE_BOUND('',#10218,.T.);
#10218 = EDGE_LOOP('',(#10219));
#10219 = ORIENTED_EDGE('',*,*,#10220,.T.);
#10220 = EDGE_CURVE('',#10221,#10221,#10223,.T.);
#10221 = VERTEX_POINT('',#10222);
#10222 = CARTESIAN_POINT('',(12.169044,3.827654,1.51));
#10223 = CIRCLE('',#10224,0.51);
#10224 = AXIS2_PLACEMENT_3D('',#10225,#10226,#10227);
#10225 = CARTESIAN_POINT('',(12.169044,4.337654,1.51));
#10226 = DIRECTION('',(-0.,0.,-1.));
#10227 = DIRECTION('',(-0.,-1.,0.));
#10228 = FACE_BOUND('',#10229,.T.);
#10229 = EDGE_LOOP('',(#10230));
#10230 = ORIENTED_EDGE('',*,*,#10231,.T.);
#10231 = EDGE_CURVE('',#10232,#10232,#10234,.T.);
#10232 = VERTEX_POINT('',#10233);
#10233 = CARTESIAN_POINT('',(15.169044,0.827654,1.51));
#10234 = CIRCLE('',#10235,0.51);
#10235 = AXIS2_PLACEMENT_3D('',#10236,#10237,#10238);
#10236 = CARTESIAN_POINT('',(15.169044,1.337654,1.51));
#10237 = DIRECTION('',(-0.,0.,-1.));
#10238 = DIRECTION('',(-0.,-1.,0.));
#10239 = FACE_BOUND('',#10240,.T.);
#10240 = EDGE_LOOP('',(#10241));
#10241 = ORIENTED_EDGE('',*,*,#10242,.T.);
#10242 = EDGE_CURVE('',#10243,#10243,#10245,.T.);
#10243 = VERTEX_POINT('',#10244);
#10244 = CARTESIAN_POINT('',(15.169044,3.827654,1.51));
#10245 = CIRCLE('',#10246,0.51);
#10246 = AXIS2_PLACEMENT_3D('',#10247,#10248,#10249);
#10247 = CARTESIAN_POINT('',(15.169044,4.337654,1.51));
#10248 = DIRECTION('',(-0.,0.,-1.));
#10249 = DIRECTION('',(-0.,-1.,0.));
#10250 = FACE_BOUND('',#10251,.T.);
#10251 = EDGE_LOOP('',(#10252));
#10252 = ORIENTED_EDGE('',*,*,#10253,.T.);
#10253 = EDGE_CURVE('',#10254,#10254,#10256,.T.);
#10254 = VERTEX_POINT('',#10255);
#10255 = CARTESIAN_POINT('',(13.669044,7.157654,1.51));
#10256 = CIRCLE('',#10257,1.5);
#10257 = AXIS2_PLACEMENT_3D('',#10258,#10259,#10260);
#10258 = CARTESIAN_POINT('',(13.669044,8.657654,1.51));
#10259 = DIRECTION('',(-0.,0.,-1.));
#10260 = DIRECTION('',(-0.,-1.,0.));
#10261 = FACE_BOUND('',#10262,.T.);
#10262 = EDGE_LOOP('',(#10263));
#10263 = ORIENTED_EDGE('',*,*,#10264,.T.);
#10264 = EDGE_CURVE('',#10265,#10265,#10267,.T.);
#10265 = VERTEX_POINT('',#10266);
#10266 = CARTESIAN_POINT('',(22.744044,8.482654,1.51));
#10267 = CIRCLE('',#10268,1.6);
#10268 = AXIS2_PLACEMENT_3D('',#10269,#10270,#10271);
#10269 = CARTESIAN_POINT('',(22.744044,10.082654,1.51));
#10270 = DIRECTION('',(-0.,0.,-1.));
#10271 = DIRECTION('',(-2.22044604925E-15,-1.,0.));
#10272 = PLANE('',#10273);
#10273 = AXIS2_PLACEMENT_3D('',#10274,#10275,#10276);
#10274 = CARTESIAN_POINT('',(0.,0.,1.51));
#10275 = DIRECTION('',(0.,0.,1.));
#10276 = DIRECTION('',(1.,0.,-0.));
#10277 = ADVANCED_FACE('',(#10278),#10289,.T.);
#10278 = FACE_BOUND('',#10279,.T.);
#10279 = EDGE_LOOP('',(#10280,#10286,#10287,#10288));
#10280 = ORIENTED_EDGE('',*,*,#10281,.T.);
#10281 = EDGE_CURVE('',#9158,#9721,#10282,.T.);
#10282 = LINE('',#10283,#10284);
#10283 = CARTESIAN_POINT('',(-26.,11.5,0.));
#10284 = VECTOR('',#10285,1.);
#10285 = DIRECTION('',(0.,0.,1.));
#10286 = ORIENTED_EDGE('',*,*,#9720,.T.);
#10287 = ORIENTED_EDGE('',*,*,#9093,.F.);
#10288 = ORIENTED_EDGE('',*,*,#9157,.F.);
#10289 = CYLINDRICAL_SURFACE('',#10290,1.99999850585);
#10290 = AXIS2_PLACEMENT_3D('',#10291,#10292,#10293);
#10291 = CARTESIAN_POINT('',(-24.00000149415,11.50000149415,0.));
#10292 = DIRECTION('',(0.,0.,-1.));
#10293 = DIRECTION('',(-1.,-7.470757420593E-07,-0.));
#10294 = ADVANCED_FACE('',(#10295),#10306,.T.);
#10295 = FACE_BOUND('',#10296,.T.);
#10296 = EDGE_LOOP('',(#10297,#10298,#10299,#10305));
#10297 = ORIENTED_EDGE('',*,*,#9133,.T.);
#10298 = ORIENTED_EDGE('',*,*,#9754,.T.);
#10299 = ORIENTED_EDGE('',*,*,#10300,.F.);
#10300 = EDGE_CURVE('',#9184,#9747,#10301,.T.);
#10301 = LINE('',#10302,#10303);
#10302 = CARTESIAN_POINT('',(24.,-13.5,0.));
#10303 = VECTOR('',#10304,1.);
#10304 = DIRECTION('',(0.,0.,1.));
#10305 = ORIENTED_EDGE('',*,*,#9191,.F.);
#10306 = CYLINDRICAL_SURFACE('',#10307,1.99999850585);
#10307 = AXIS2_PLACEMENT_3D('',#10308,#10309,#10310);
#10308 = CARTESIAN_POINT('',(24.00000149415,-11.50000149415,0.));
#10309 = DIRECTION('',(0.,0.,-1.));
#10310 = DIRECTION('',(1.,7.470757420593E-07,0.));
#10311 = ADVANCED_FACE('',(#10312),#10323,.T.);
#10312 = FACE_BOUND('',#10313,.T.);
#10313 = EDGE_LOOP('',(#10314,#10320,#10321,#10322));
#10314 = ORIENTED_EDGE('',*,*,#10315,.T.);
#10315 = EDGE_CURVE('',#9167,#9730,#10316,.T.);
#10316 = LINE('',#10317,#10318);
#10317 = CARTESIAN_POINT('',(-26.,-11.5,0.));
#10318 = VECTOR('',#10319,1.);
#10319 = DIRECTION('',(0.,0.,1.));
#10320 = ORIENTED_EDGE('',*,*,#9729,.T.);
#10321 = ORIENTED_EDGE('',*,*,#10281,.F.);
#10322 = ORIENTED_EDGE('',*,*,#9166,.F.);
#10323 = PLANE('',#10324);
#10324 = AXIS2_PLACEMENT_3D('',#10325,#10326,#10327);
#10325 = CARTESIAN_POINT('',(-26.,-11.5,0.));
#10326 = DIRECTION('',(-1.,0.,0.));
#10327 = DIRECTION('',(0.,1.,0.));
#10328 = ADVANCED_FACE('',(#10329),#10340,.T.);
#10329 = FACE_BOUND('',#10330,.T.);
#10330 = EDGE_LOOP('',(#10331,#10332,#10333,#10339));
#10331 = ORIENTED_EDGE('',*,*,#10300,.T.);
#10332 = ORIENTED_EDGE('',*,*,#9746,.T.);
#10333 = ORIENTED_EDGE('',*,*,#10334,.F.);
#10334 = EDGE_CURVE('',#9175,#9738,#10335,.T.);
#10335 = LINE('',#10336,#10337);
#10336 = CARTESIAN_POINT('',(-24.,-13.5,0.));
#10337 = VECTOR('',#10338,1.);
#10338 = DIRECTION('',(0.,0.,1.));
#10339 = ORIENTED_EDGE('',*,*,#9183,.F.);
#10340 = PLANE('',#10341);
#10341 = AXIS2_PLACEMENT_3D('',#10342,#10343,#10344);
#10342 = CARTESIAN_POINT('',(24.,-13.5,0.));
#10343 = DIRECTION('',(0.,-1.,0.));
#10344 = DIRECTION('',(-1.,0.,0.));
#10345 = ADVANCED_FACE('',(#10346),#10352,.T.);
#10346 = FACE_BOUND('',#10347,.T.);
#10347 = EDGE_LOOP('',(#10348,#10349,#10350,#10351));
#10348 = ORIENTED_EDGE('',*,*,#10334,.T.);
#10349 = ORIENTED_EDGE('',*,*,#9737,.T.);
#10350 = ORIENTED_EDGE('',*,*,#10315,.F.);
#10351 = ORIENTED_EDGE('',*,*,#9174,.F.);
#10352 = CYLINDRICAL_SURFACE('',#10353,1.99999850585);
#10353 = AXIS2_PLACEMENT_3D('',#10354,#10355,#10356);
#10354 = CARTESIAN_POINT('',(-24.00000149415,-11.50000149415,0.));
#10355 = DIRECTION('',(0.,0.,-1.));
#10356 = DIRECTION('',(7.470757420593E-07,-1.,0.));
#10357 = ADVANCED_FACE('',(#10358),#10369,.F.);
#10358 = FACE_BOUND('',#10359,.T.);
#10359 = EDGE_LOOP('',(#10360,#10361,#10367,#10368));
#10360 = ORIENTED_EDGE('',*,*,#9201,.T.);
#10361 = ORIENTED_EDGE('',*,*,#10362,.T.);
#10362 = EDGE_CURVE('',#9202,#9765,#10363,.T.);
#10363 = LINE('',#10364,#10365);
#10364 = CARTESIAN_POINT('',(-22.605956,-11.717346,-4.6E-02));
#10365 = VECTOR('',#10366,1.);
#10366 = DIRECTION('',(0.,0.,1.));
#10367 = ORIENTED_EDGE('',*,*,#9764,.F.);
#10368 = ORIENTED_EDGE('',*,*,#10362,.F.);
#10369 = CYLINDRICAL_SURFACE('',#10370,1.6);
#10370 = AXIS2_PLACEMENT_3D('',#10371,#10372,#10373);
#10371 = CARTESIAN_POINT('',(-22.605956,-10.117346,-4.6E-02));
#10372 = DIRECTION('',(-0.,-0.,-1.));
#10373 = DIRECTION('',(-0.,-1.,0.));
#10374 = ADVANCED_FACE('',(#10375),#10391,.F.);
#10375 = FACE_BOUND('',#10376,.T.);
#10376 = EDGE_LOOP('',(#10377,#10378,#10384,#10385));
#10377 = ORIENTED_EDGE('',*,*,#9212,.T.);
#10378 = ORIENTED_EDGE('',*,*,#10379,.T.);
#10379 = EDGE_CURVE('',#9215,#9778,#10380,.T.);
#10380 = LINE('',#10381,#10382);
#10381 = CARTESIAN_POINT('',(-15.155956,-6.217346,-4.6E-02));
#10382 = VECTOR('',#10383,1.);
#10383 = DIRECTION('',(0.,0.,1.));
#10384 = ORIENTED_EDGE('',*,*,#9775,.F.);
#10385 = ORIENTED_EDGE('',*,*,#10386,.F.);
#10386 = EDGE_CURVE('',#9213,#9776,#10387,.T.);
#10387 = LINE('',#10388,#10389);
#10388 = CARTESIAN_POINT('',(-15.755956,-6.217346,-4.6E-02));
#10389 = VECTOR('',#10390,1.);
#10390 = DIRECTION('',(0.,0.,1.));
#10391 = CYLINDRICAL_SURFACE('',#10392,0.3);
#10392 = AXIS2_PLACEMENT_3D('',#10393,#10394,#10395);
#10393 = CARTESIAN_POINT('',(-15.455956,-6.217346,-4.6E-02));
#10394 = DIRECTION('',(-0.,-0.,-1.));
#10395 = DIRECTION('',(1.,0.,-0.));
#10396 = ADVANCED_FACE('',(#10397),#10408,.T.);
#10397 = FACE_BOUND('',#10398,.T.);
#10398 = EDGE_LOOP('',(#10399,#10400,#10401,#10402));
#10399 = ORIENTED_EDGE('',*,*,#9240,.T.);
#10400 = ORIENTED_EDGE('',*,*,#10386,.T.);
#10401 = ORIENTED_EDGE('',*,*,#9803,.F.);
#10402 = ORIENTED_EDGE('',*,*,#10403,.F.);
#10403 = EDGE_CURVE('',#9232,#9795,#10404,.T.);
#10404 = LINE('',#10405,#10406);
#10405 = CARTESIAN_POINT('',(-15.755956,-7.117346,-4.6E-02));
#10406 = VECTOR('',#10407,1.);
#10407 = DIRECTION('',(0.,0.,1.));
#10408 = PLANE('',#10409);
#10409 = AXIS2_PLACEMENT_3D('',#10410,#10411,#10412);
#10410 = CARTESIAN_POINT('',(-15.755956,-6.217346,-4.6E-02));
#10411 = DIRECTION('',(1.,0.,-0.));
#10412 = DIRECTION('',(0.,-1.,0.));
#10413 = ADVANCED_FACE('',(#10414),#10425,.F.);
#10414 = FACE_BOUND('',#10415,.T.);
#10415 = EDGE_LOOP('',(#10416,#10417,#10418,#10419));
#10416 = ORIENTED_EDGE('',*,*,#9231,.T.);
#10417 = ORIENTED_EDGE('',*,*,#10403,.T.);
#10418 = ORIENTED_EDGE('',*,*,#9794,.F.);
#10419 = ORIENTED_EDGE('',*,*,#10420,.F.);
#10420 = EDGE_CURVE('',#9224,#9787,#10421,.T.);
#10421 = LINE('',#10422,#10423);
#10422 = CARTESIAN_POINT('',(-15.155956,-7.117346,-4.6E-02));
#10423 = VECTOR('',#10424,1.);
#10424 = DIRECTION('',(0.,0.,1.));
#10425 = CYLINDRICAL_SURFACE('',#10426,0.3);
#10426 = AXIS2_PLACEMENT_3D('',#10427,#10428,#10429);
#10427 = CARTESIAN_POINT('',(-15.455956,-7.117346,-4.6E-02));
#10428 = DIRECTION('',(-0.,-0.,-1.));
#10429 = DIRECTION('',(-1.,0.,-0.));
#10430 = ADVANCED_FACE('',(#10431),#10437,.T.);
#10431 = FACE_BOUND('',#10432,.T.);
#10432 = EDGE_LOOP('',(#10433,#10434,#10435,#10436));
#10433 = ORIENTED_EDGE('',*,*,#9223,.T.);
#10434 = ORIENTED_EDGE('',*,*,#10420,.T.);
#10435 = ORIENTED_EDGE('',*,*,#9786,.F.);
#10436 = ORIENTED_EDGE('',*,*,#10379,.F.);
#10437 = PLANE('',#10438);
#10438 = AXIS2_PLACEMENT_3D('',#10439,#10440,#10441);
#10439 = CARTESIAN_POINT('',(-15.155956,-7.117346,-4.6E-02));
#10440 = DIRECTION('',(-1.,0.,0.));
#10441 = DIRECTION('',(0.,1.,0.));
#10442 = ADVANCED_FACE('',(#10443),#10454,.F.);
#10443 = FACE_BOUND('',#10444,.T.);
#10444 = EDGE_LOOP('',(#10445,#10446,#10452,#10453));
#10445 = ORIENTED_EDGE('',*,*,#9248,.T.);
#10446 = ORIENTED_EDGE('',*,*,#10447,.T.);
#10447 = EDGE_CURVE('',#9249,#9812,#10448,.T.);
#10448 = LINE('',#10449,#10450);
#10449 = CARTESIAN_POINT('',(-13.105956,-7.317346,-4.6E-02));
#10450 = VECTOR('',#10451,1.);
#10451 = DIRECTION('',(0.,0.,1.));
#10452 = ORIENTED_EDGE('',*,*,#9811,.F.);
#10453 = ORIENTED_EDGE('',*,*,#10447,.F.);
#10454 = CYLINDRICAL_SURFACE('',#10455,0.65);
#10455 = AXIS2_PLACEMENT_3D('',#10456,#10457,#10458);
#10456 = CARTESIAN_POINT('',(-13.105956,-6.667346,-4.6E-02));
#10457 = DIRECTION('',(-0.,-0.,-1.));
#10458 = DIRECTION('',(-2.732856676E-15,-1.,0.));
#10459 = ADVANCED_FACE('',(#10460),#10476,.F.);
#10460 = FACE_BOUND('',#10461,.T.);
#10461 = EDGE_LOOP('',(#10462,#10463,#10469,#10470));
#10462 = ORIENTED_EDGE('',*,*,#9259,.T.);
#10463 = ORIENTED_EDGE('',*,*,#10464,.T.);
#10464 = EDGE_CURVE('',#9262,#9825,#10465,.T.);
#10465 = LINE('',#10466,#10467);
#10466 = CARTESIAN_POINT('',(-11.255956,-6.217346,-4.6E-02));
#10467 = VECTOR('',#10468,1.);
#10468 = DIRECTION('',(0.,0.,1.));
#10469 = ORIENTED_EDGE('',*,*,#9822,.F.);
#10470 = ORIENTED_EDGE('',*,*,#10471,.F.);
#10471 = EDGE_CURVE('',#9260,#9823,#10472,.T.);
#10472 = LINE('',#10473,#10474);
#10473 = CARTESIAN_POINT('',(-11.855956,-6.217346,-4.6E-02));
#10474 = VECTOR('',#10475,1.);
#10475 = DIRECTION('',(0.,0.,1.));
#10476 = CYLINDRICAL_SURFACE('',#10477,0.3);
#10477 = AXIS2_PLACEMENT_3D('',#10478,#10479,#10480);
#10478 = CARTESIAN_POINT('',(-11.555956,-6.217346,-4.6E-02));
#10479 = DIRECTION('',(-0.,-0.,-1.));
#10480 = DIRECTION('',(1.,2.960594732334E-15,-0.));
#10481 = ADVANCED_FACE('',(#10482),#10493,.T.);
#10482 = FACE_BOUND('',#10483,.T.);
#10483 = EDGE_LOOP('',(#10484,#10485,#10486,#10487));
#10484 = ORIENTED_EDGE('',*,*,#9287,.T.);
#10485 = ORIENTED_EDGE('',*,*,#10471,.T.);
#10486 = ORIENTED_EDGE('',*,*,#9850,.F.);
#10487 = ORIENTED_EDGE('',*,*,#10488,.F.);
#10488 = EDGE_CURVE('',#9279,#9842,#10489,.T.);
#10489 = LINE('',#10490,#10491);
#10490 = CARTESIAN_POINT('',(-11.855956,-7.117346,-4.6E-02));
#10491 = VECTOR('',#10492,1.);
#10492 = DIRECTION('',(0.,0.,1.));
#10493 = PLANE('',#10494);
#10494 = AXIS2_PLACEMENT_3D('',#10495,#10496,#10497);
#10495 = CARTESIAN_POINT('',(-11.855956,-6.217346,-4.6E-02));
#10496 = DIRECTION('',(1.,0.,-0.));
#10497 = DIRECTION('',(0.,-1.,0.));
#10498 = ADVANCED_FACE('',(#10499),#10510,.F.);
#10499 = FACE_BOUND('',#10500,.T.);
#10500 = EDGE_LOOP('',(#10501,#10502,#10503,#10504));
#10501 = ORIENTED_EDGE('',*,*,#9278,.T.);
#10502 = ORIENTED_EDGE('',*,*,#10488,.T.);
#10503 = ORIENTED_EDGE('',*,*,#9841,.F.);
#10504 = ORIENTED_EDGE('',*,*,#10505,.F.);
#10505 = EDGE_CURVE('',#9271,#9834,#10506,.T.);
#10506 = LINE('',#10507,#10508);
#10507 = CARTESIAN_POINT('',(-11.255956,-7.117346,-4.6E-02));
#10508 = VECTOR('',#10509,1.);
#10509 = DIRECTION('',(0.,0.,1.));
#10510 = CYLINDRICAL_SURFACE('',#10511,0.3);
#10511 = AXIS2_PLACEMENT_3D('',#10512,#10513,#10514);
#10512 = CARTESIAN_POINT('',(-11.555956,-7.117346,-4.6E-02));
#10513 = DIRECTION('',(-0.,-0.,-1.));
#10514 = DIRECTION('',(-1.,-2.960594732334E-15,0.));
#10515 = ADVANCED_FACE('',(#10516),#10522,.T.);
#10516 = FACE_BOUND('',#10517,.T.);
#10517 = EDGE_LOOP('',(#10518,#10519,#10520,#10521));
#10518 = ORIENTED_EDGE('',*,*,#9270,.T.);
#10519 = ORIENTED_EDGE('',*,*,#10505,.T.);
#10520 = ORIENTED_EDGE('',*,*,#9833,.F.);
#10521 = ORIENTED_EDGE('',*,*,#10464,.F.);
#10522 = PLANE('',#10523);
#10523 = AXIS2_PLACEMENT_3D('',#10524,#10525,#10526);
#10524 = CARTESIAN_POINT('',(-11.255956,-7.117346,-4.6E-02));
#10525 = DIRECTION('',(-1.,0.,0.));
#10526 = DIRECTION('',(0.,1.,0.));
#10527 = ADVANCED_FACE('',(#10528),#10544,.F.);
#10528 = FACE_BOUND('',#10529,.T.);
#10529 = EDGE_LOOP('',(#10530,#10531,#10537,#10538));
#10530 = ORIENTED_EDGE('',*,*,#9295,.T.);
#10531 = ORIENTED_EDGE('',*,*,#10532,.T.);
#10532 = EDGE_CURVE('',#9298,#9861,#10533,.T.);
#10533 = LINE('',#10534,#10535);
#10534 = CARTESIAN_POINT('',(-8.855956,-6.217346,-4.6E-02));
#10535 = VECTOR('',#10536,1.);
#10536 = DIRECTION('',(0.,0.,1.));
#10537 = ORIENTED_EDGE('',*,*,#9858,.F.);
#10538 = ORIENTED_EDGE('',*,*,#10539,.F.);
#10539 = EDGE_CURVE('',#9296,#9859,#10540,.T.);
#10540 = LINE('',#10541,#10542);
#10541 = CARTESIAN_POINT('',(-9.455956,-6.217346,-4.6E-02));
#10542 = VECTOR('',#10543,1.);
#10543 = DIRECTION('',(0.,0.,1.));
#10544 = CYLINDRICAL_SURFACE('',#10545,0.3);
#10545 = AXIS2_PLACEMENT_3D('',#10546,#10547,#10548);
#10546 = CARTESIAN_POINT('',(-9.155956,-6.217346,-4.6E-02));
#10547 = DIRECTION('',(-0.,-0.,-1.));
#10548 = DIRECTION('',(1.,0.,-0.));
#10549 = ADVANCED_FACE('',(#10550),#10561,.T.);
#10550 = FACE_BOUND('',#10551,.T.);
#10551 = EDGE_LOOP('',(#10552,#10553,#10554,#10555));
#10552 = ORIENTED_EDGE('',*,*,#9323,.T.);
#10553 = ORIENTED_EDGE('',*,*,#10539,.T.);
#10554 = ORIENTED_EDGE('',*,*,#9886,.F.);
#10555 = ORIENTED_EDGE('',*,*,#10556,.F.);
#10556 = EDGE_CURVE('',#9315,#9878,#10557,.T.);
#10557 = LINE('',#10558,#10559);
#10558 = CARTESIAN_POINT('',(-9.455956,-7.117346,-4.6E-02));
#10559 = VECTOR('',#10560,1.);
#10560 = DIRECTION('',(0.,0.,1.));
#10561 = PLANE('',#10562);
#10562 = AXIS2_PLACEMENT_3D('',#10563,#10564,#10565);
#10563 = CARTESIAN_POINT('',(-9.455956,-6.217346,-4.6E-02));
#10564 = DIRECTION('',(1.,0.,-0.));
#10565 = DIRECTION('',(0.,-1.,0.));
#10566 = ADVANCED_FACE('',(#10567),#10578,.F.);
#10567 = FACE_BOUND('',#10568,.T.);
#10568 = EDGE_LOOP('',(#10569,#10570,#10571,#10572));
#10569 = ORIENTED_EDGE('',*,*,#9314,.T.);
#10570 = ORIENTED_EDGE('',*,*,#10556,.T.);
#10571 = ORIENTED_EDGE('',*,*,#9877,.F.);
#10572 = ORIENTED_EDGE('',*,*,#10573,.F.);
#10573 = EDGE_CURVE('',#9307,#9870,#10574,.T.);
#10574 = LINE('',#10575,#10576);
#10575 = CARTESIAN_POINT('',(-8.855956,-7.117346,-4.6E-02));
#10576 = VECTOR('',#10577,1.);
#10577 = DIRECTION('',(0.,0.,1.));
#10578 = CYLINDRICAL_SURFACE('',#10579,0.3);
#10579 = AXIS2_PLACEMENT_3D('',#10580,#10581,#10582);
#10580 = CARTESIAN_POINT('',(-9.155956,-7.117346,-4.6E-02));
#10581 = DIRECTION('',(-0.,-0.,-1.));
#10582 = DIRECTION('',(-1.,0.,-0.));
#10583 = ADVANCED_FACE('',(#10584),#10590,.T.);
#10584 = FACE_BOUND('',#10585,.T.);
#10585 = EDGE_LOOP('',(#10586,#10587,#10588,#10589));
#10586 = ORIENTED_EDGE('',*,*,#9306,.T.);
#10587 = ORIENTED_EDGE('',*,*,#10573,.T.);
#10588 = ORIENTED_EDGE('',*,*,#9869,.F.);
#10589 = ORIENTED_EDGE('',*,*,#10532,.F.);
#10590 = PLANE('',#10591);
#10591 = AXIS2_PLACEMENT_3D('',#10592,#10593,#10594);
#10592 = CARTESIAN_POINT('',(-8.855956,-7.117346,-4.6E-02));
#10593 = DIRECTION('',(-1.,0.,0.));
#10594 = DIRECTION('',(0.,1.,0.));
#10595 = ADVANCED_FACE('',(#10596),#10612,.F.);
#10596 = FACE_BOUND('',#10597,.T.);
#10597 = EDGE_LOOP('',(#10598,#10599,#10605,#10606));
#10598 = ORIENTED_EDGE('',*,*,#9331,.T.);
#10599 = ORIENTED_EDGE('',*,*,#10600,.T.);
#10600 = EDGE_CURVE('',#9334,#9897,#10601,.T.);
#10601 = LINE('',#10602,#10603);
#10602 = CARTESIAN_POINT('',(-2.355956,-7.117346,-4.6E-02));
#10603 = VECTOR('',#10604,1.);
#10604 = DIRECTION('',(0.,0.,1.));
#10605 = ORIENTED_EDGE('',*,*,#9894,.F.);
#10606 = ORIENTED_EDGE('',*,*,#10607,.F.);
#10607 = EDGE_CURVE('',#9332,#9895,#10608,.T.);
#10608 = LINE('',#10609,#10610);
#10609 = CARTESIAN_POINT('',(-1.755956,-7.117346,-4.6E-02));
#10610 = VECTOR('',#10611,1.);
#10611 = DIRECTION('',(0.,0.,1.));
#10612 = CYLINDRICAL_SURFACE('',#10613,0.3);
#10613 = AXIS2_PLACEMENT_3D('',#10614,#10615,#10616);
#10614 = CARTESIAN_POINT('',(-2.055956,-7.117346,-4.6E-02));
#10615 = DIRECTION('',(-0.,-0.,-1.));
#10616 = DIRECTION('',(-1.,-2.960594732334E-15,0.));
#10617 = ADVANCED_FACE('',(#10618),#10629,.T.);
#10618 = FACE_BOUND('',#10619,.T.);
#10619 = EDGE_LOOP('',(#10620,#10621,#10622,#10623));
#10620 = ORIENTED_EDGE('',*,*,#9359,.T.);
#10621 = ORIENTED_EDGE('',*,*,#10607,.T.);
#10622 = ORIENTED_EDGE('',*,*,#9922,.F.);
#10623 = ORIENTED_EDGE('',*,*,#10624,.F.);
#10624 = EDGE_CURVE('',#9351,#9914,#10625,.T.);
#10625 = LINE('',#10626,#10627);
#10626 = CARTESIAN_POINT('',(-1.755956,-6.217346,-4.6E-02));
#10627 = VECTOR('',#10628,1.);
#10628 = DIRECTION('',(0.,0.,1.));
#10629 = PLANE('',#10630);
#10630 = AXIS2_PLACEMENT_3D('',#10631,#10632,#10633);
#10631 = CARTESIAN_POINT('',(-1.755956,-7.117346,-4.6E-02));
#10632 = DIRECTION('',(-1.,0.,0.));
#10633 = DIRECTION('',(0.,1.,0.));
#10634 = ADVANCED_FACE('',(#10635),#10646,.F.);
#10635 = FACE_BOUND('',#10636,.T.);
#10636 = EDGE_LOOP('',(#10637,#10638,#10639,#10640));
#10637 = ORIENTED_EDGE('',*,*,#9350,.T.);
#10638 = ORIENTED_EDGE('',*,*,#10624,.T.);
#10639 = ORIENTED_EDGE('',*,*,#9913,.F.);
#10640 = ORIENTED_EDGE('',*,*,#10641,.F.);
#10641 = EDGE_CURVE('',#9343,#9906,#10642,.T.);
#10642 = LINE('',#10643,#10644);
#10643 = CARTESIAN_POINT('',(-2.355956,-6.217346,-4.6E-02));
#10644 = VECTOR('',#10645,1.);
#10645 = DIRECTION('',(0.,0.,1.));
#10646 = CYLINDRICAL_SURFACE('',#10647,0.3);
#10647 = AXIS2_PLACEMENT_3D('',#10648,#10649,#10650);
#10648 = CARTESIAN_POINT('',(-2.055956,-6.217346,-4.6E-02));
#10649 = DIRECTION('',(-0.,-0.,-1.));
#10650 = DIRECTION('',(1.,2.960594732334E-15,-0.));
#10651 = ADVANCED_FACE('',(#10652),#10658,.T.);
#10652 = FACE_BOUND('',#10653,.T.);
#10653 = EDGE_LOOP('',(#10654,#10655,#10656,#10657));
#10654 = ORIENTED_EDGE('',*,*,#9342,.T.);
#10655 = ORIENTED_EDGE('',*,*,#10641,.T.);
#10656 = ORIENTED_EDGE('',*,*,#9905,.F.);
#10657 = ORIENTED_EDGE('',*,*,#10600,.F.);
#10658 = PLANE('',#10659);
#10659 = AXIS2_PLACEMENT_3D('',#10660,#10661,#10662);
#10660 = CARTESIAN_POINT('',(-2.355956,-6.217346,-4.6E-02));
#10661 = DIRECTION('',(1.,0.,-0.));
#10662 = DIRECTION('',(0.,-1.,0.));
#10663 = ADVANCED_FACE('',(#10664),#10680,.F.);
#10664 = FACE_BOUND('',#10665,.T.);
#10665 = EDGE_LOOP('',(#10666,#10667,#10673,#10674));
#10666 = ORIENTED_EDGE('',*,*,#9367,.T.);
#10667 = ORIENTED_EDGE('',*,*,#10668,.T.);
#10668 = EDGE_CURVE('',#9370,#9933,#10669,.T.);
#10669 = LINE('',#10670,#10671);
#10670 = CARTESIAN_POINT('',(4.4044E-02,-7.117346,-4.6E-02));
#10671 = VECTOR('',#10672,1.);
#10672 = DIRECTION('',(0.,0.,1.));
#10673 = ORIENTED_EDGE('',*,*,#9930,.F.);
#10674 = ORIENTED_EDGE('',*,*,#10675,.F.);
#10675 = EDGE_CURVE('',#9368,#9931,#10676,.T.);
#10676 = LINE('',#10677,#10678);
#10677 = CARTESIAN_POINT('',(0.644044,-7.117346,-4.6E-02));
#10678 = VECTOR('',#10679,1.);
#10679 = DIRECTION('',(0.,0.,1.));
#10680 = CYLINDRICAL_SURFACE('',#10681,0.3);
#10681 = AXIS2_PLACEMENT_3D('',#10682,#10683,#10684);
#10682 = CARTESIAN_POINT('',(0.344044,-7.117346,-4.6E-02));
#10683 = DIRECTION('',(-0.,-0.,-1.));
#10684 = DIRECTION('',(-1.,-2.960594732334E-15,0.));
#10685 = ADVANCED_FACE('',(#10686),#10697,.T.);
#10686 = FACE_BOUND('',#10687,.T.);
#10687 = EDGE_LOOP('',(#10688,#10689,#10690,#10691));
#10688 = ORIENTED_EDGE('',*,*,#9395,.T.);
#10689 = ORIENTED_EDGE('',*,*,#10675,.T.);
#10690 = ORIENTED_EDGE('',*,*,#9958,.F.);
#10691 = ORIENTED_EDGE('',*,*,#10692,.F.);
#10692 = EDGE_CURVE('',#9387,#9950,#10693,.T.);
#10693 = LINE('',#10694,#10695);
#10694 = CARTESIAN_POINT('',(0.644044,-6.217346,-4.6E-02));
#10695 = VECTOR('',#10696,1.);
#10696 = DIRECTION('',(0.,0.,1.));
#10697 = PLANE('',#10698);
#10698 = AXIS2_PLACEMENT_3D('',#10699,#10700,#10701);
#10699 = CARTESIAN_POINT('',(0.644044,-7.117346,-4.6E-02));
#10700 = DIRECTION('',(-1.,0.,0.));
#10701 = DIRECTION('',(0.,1.,0.));
#10702 = ADVANCED_FACE('',(#10703),#10714,.F.);
#10703 = FACE_BOUND('',#10704,.T.);
#10704 = EDGE_LOOP('',(#10705,#10706,#10707,#10708));
#10705 = ORIENTED_EDGE('',*,*,#9386,.T.);
#10706 = ORIENTED_EDGE('',*,*,#10692,.T.);
#10707 = ORIENTED_EDGE('',*,*,#9949,.F.);
#10708 = ORIENTED_EDGE('',*,*,#10709,.F.);
#10709 = EDGE_CURVE('',#9379,#9942,#10710,.T.);
#10710 = LINE('',#10711,#10712);
#10711 = CARTESIAN_POINT('',(4.4044E-02,-6.217346,-4.6E-02));
#10712 = VECTOR('',#10713,1.);
#10713 = DIRECTION('',(0.,0.,1.));
#10714 = CYLINDRICAL_SURFACE('',#10715,0.3);
#10715 = AXIS2_PLACEMENT_3D('',#10716,#10717,#10718);
#10716 = CARTESIAN_POINT('',(0.344044,-6.217346,-4.6E-02));
#10717 = DIRECTION('',(-0.,-0.,-1.));
#10718 = DIRECTION('',(1.,2.960594732334E-15,-0.));
#10719 = ADVANCED_FACE('',(#10720),#10726,.T.);
#10720 = FACE_BOUND('',#10721,.T.);
#10721 = EDGE_LOOP('',(#10722,#10723,#10724,#10725));
#10722 = ORIENTED_EDGE('',*,*,#9378,.T.);
#10723 = ORIENTED_EDGE('',*,*,#10709,.T.);
#10724 = ORIENTED_EDGE('',*,*,#9941,.F.);
#10725 = ORIENTED_EDGE('',*,*,#10668,.F.);
#10726 = PLANE('',#10727);
#10727 = AXIS2_PLACEMENT_3D('',#10728,#10729,#10730);
#10728 = CARTESIAN_POINT('',(4.4044E-02,-6.217346,-4.6E-02));
#10729 = DIRECTION('',(1.,0.,-0.));
#10730 = DIRECTION('',(0.,-1.,0.));
#10731 = ADVANCED_FACE('',(#10732),#10743,.F.);
#10732 = FACE_BOUND('',#10733,.T.);
#10733 = EDGE_LOOP('',(#10734,#10735,#10741,#10742));
#10734 = ORIENTED_EDGE('',*,*,#9403,.T.);
#10735 = ORIENTED_EDGE('',*,*,#10736,.T.);
#10736 = EDGE_CURVE('',#9404,#9967,#10737,.T.);
#10737 = LINE('',#10738,#10739);
#10738 = CARTESIAN_POINT('',(1.894044,-7.317346,-4.6E-02));
#10739 = VECTOR('',#10740,1.);
#10740 = DIRECTION('',(0.,0.,1.));
#10741 = ORIENTED_EDGE('',*,*,#9966,.F.);
#10742 = ORIENTED_EDGE('',*,*,#10736,.F.);
#10743 = CYLINDRICAL_SURFACE('',#10744,0.65);
#10744 = AXIS2_PLACEMENT_3D('',#10745,#10746,#10747);
#10745 = CARTESIAN_POINT('',(1.894044,-6.667346,-4.6E-02));
#10746 = DIRECTION('',(-0.,-0.,-1.));
#10747 = DIRECTION('',(-0.,-1.,0.));
#10748 = ADVANCED_FACE('',(#10749),#10765,.F.);
#10749 = FACE_BOUND('',#10750,.T.);
#10750 = EDGE_LOOP('',(#10751,#10752,#10758,#10759));
#10751 = ORIENTED_EDGE('',*,*,#9414,.T.);
#10752 = ORIENTED_EDGE('',*,*,#10753,.T.);
#10753 = EDGE_CURVE('',#9417,#9980,#10754,.T.);
#10754 = LINE('',#10755,#10756);
#10755 = CARTESIAN_POINT('',(3.944044,-7.117346,-4.6E-02));
#10756 = VECTOR('',#10757,1.);
#10757 = DIRECTION('',(0.,0.,1.));
#10758 = ORIENTED_EDGE('',*,*,#9977,.F.);
#10759 = ORIENTED_EDGE('',*,*,#10760,.F.);
#10760 = EDGE_CURVE('',#9415,#9978,#10761,.T.);
#10761 = LINE('',#10762,#10763);
#10762 = CARTESIAN_POINT('',(4.544044,-7.117346,-4.6E-02));
#10763 = VECTOR('',#10764,1.);
#10764 = DIRECTION('',(0.,0.,1.));
#10765 = CYLINDRICAL_SURFACE('',#10766,0.3);
#10766 = AXIS2_PLACEMENT_3D('',#10767,#10768,#10769);
#10767 = CARTESIAN_POINT('',(4.244044,-7.117346,-4.6E-02));
#10768 = DIRECTION('',(-0.,-0.,-1.));
#10769 = DIRECTION('',(-1.,-2.960594732334E-15,0.));
#10770 = ADVANCED_FACE('',(#10771),#10782,.T.);
#10771 = FACE_BOUND('',#10772,.T.);
#10772 = EDGE_LOOP('',(#10773,#10774,#10775,#10776));
#10773 = ORIENTED_EDGE('',*,*,#9442,.T.);
#10774 = ORIENTED_EDGE('',*,*,#10760,.T.);
#10775 = ORIENTED_EDGE('',*,*,#10005,.F.);
#10776 = ORIENTED_EDGE('',*,*,#10777,.F.);
#10777 = EDGE_CURVE('',#9434,#9997,#10778,.T.);
#10778 = LINE('',#10779,#10780);
#10779 = CARTESIAN_POINT('',(4.544044,-6.217346,-4.6E-02));
#10780 = VECTOR('',#10781,1.);
#10781 = DIRECTION('',(0.,0.,1.));
#10782 = PLANE('',#10783);
#10783 = AXIS2_PLACEMENT_3D('',#10784,#10785,#10786);
#10784 = CARTESIAN_POINT('',(4.544044,-7.117346,-4.6E-02));
#10785 = DIRECTION('',(-1.,0.,0.));
#10786 = DIRECTION('',(0.,1.,0.));
#10787 = ADVANCED_FACE('',(#10788),#10799,.F.);
#10788 = FACE_BOUND('',#10789,.T.);
#10789 = EDGE_LOOP('',(#10790,#10791,#10792,#10793));
#10790 = ORIENTED_EDGE('',*,*,#9433,.T.);
#10791 = ORIENTED_EDGE('',*,*,#10777,.T.);
#10792 = ORIENTED_EDGE('',*,*,#9996,.F.);
#10793 = ORIENTED_EDGE('',*,*,#10794,.F.);
#10794 = EDGE_CURVE('',#9426,#9989,#10795,.T.);
#10795 = LINE('',#10796,#10797);
#10796 = CARTESIAN_POINT('',(3.944044,-6.217346,-4.6E-02));
#10797 = VECTOR('',#10798,1.);
#10798 = DIRECTION('',(0.,0.,1.));
#10799 = CYLINDRICAL_SURFACE('',#10800,0.3);
#10800 = AXIS2_PLACEMENT_3D('',#10801,#10802,#10803);
#10801 = CARTESIAN_POINT('',(4.244044,-6.217346,-4.6E-02));
#10802 = DIRECTION('',(-0.,-0.,-1.));
#10803 = DIRECTION('',(1.,2.960594732334E-15,-0.));
#10804 = ADVANCED_FACE('',(#10805),#10811,.T.);
#10805 = FACE_BOUND('',#10806,.T.);
#10806 = EDGE_LOOP('',(#10807,#10808,#10809,#10810));
#10807 = ORIENTED_EDGE('',*,*,#9425,.T.);
#10808 = ORIENTED_EDGE('',*,*,#10794,.T.);
#10809 = ORIENTED_EDGE('',*,*,#9988,.F.);
#10810 = ORIENTED_EDGE('',*,*,#10753,.F.);
#10811 = PLANE('',#10812);
#10812 = AXIS2_PLACEMENT_3D('',#10813,#10814,#10815);
#10813 = CARTESIAN_POINT('',(3.944044,-6.217346,-4.6E-02));
#10814 = DIRECTION('',(1.,0.,-0.));
#10815 = DIRECTION('',(0.,-1.,0.));
#10816 = ADVANCED_FACE('',(#10817),#10833,.F.);
#10817 = FACE_BOUND('',#10818,.T.);
#10818 = EDGE_LOOP('',(#10819,#10820,#10826,#10827));
#10819 = ORIENTED_EDGE('',*,*,#9450,.T.);
#10820 = ORIENTED_EDGE('',*,*,#10821,.T.);
#10821 = EDGE_CURVE('',#9453,#10016,#10822,.T.);
#10822 = LINE('',#10823,#10824);
#10823 = CARTESIAN_POINT('',(14.844044,-6.217346,-4.6E-02));
#10824 = VECTOR('',#10825,1.);
#10825 = DIRECTION('',(0.,0.,1.));
#10826 = ORIENTED_EDGE('',*,*,#10013,.F.);
#10827 = ORIENTED_EDGE('',*,*,#10828,.F.);
#10828 = EDGE_CURVE('',#9451,#10014,#10829,.T.);
#10829 = LINE('',#10830,#10831);
#10830 = CARTESIAN_POINT('',(14.244044,-6.217346,-4.6E-02));
#10831 = VECTOR('',#10832,1.);
#10832 = DIRECTION('',(0.,0.,1.));
#10833 = CYLINDRICAL_SURFACE('',#10834,0.3);
#10834 = AXIS2_PLACEMENT_3D('',#10835,#10836,#10837);
#10835 = CARTESIAN_POINT('',(14.544044,-6.217346,-4.6E-02));
#10836 = DIRECTION('',(-0.,-0.,-1.));
#10837 = DIRECTION('',(1.,0.,-0.));
#10838 = ADVANCED_FACE('',(#10839),#10850,.T.);
#10839 = FACE_BOUND('',#10840,.T.);
#10840 = EDGE_LOOP('',(#10841,#10842,#10843,#10844));
#10841 = ORIENTED_EDGE('',*,*,#9478,.T.);
#10842 = ORIENTED_EDGE('',*,*,#10828,.T.);
#10843 = ORIENTED_EDGE('',*,*,#10041,.F.);
#10844 = ORIENTED_EDGE('',*,*,#10845,.F.);
#10845 = EDGE_CURVE('',#9470,#10033,#10846,.T.);
#10846 = LINE('',#10847,#10848);
#10847 = CARTESIAN_POINT('',(14.244044,-7.117346,-4.6E-02));
#10848 = VECTOR('',#10849,1.);
#10849 = DIRECTION('',(0.,0.,1.));
#10850 = PLANE('',#10851);
#10851 = AXIS2_PLACEMENT_3D('',#10852,#10853,#10854);
#10852 = CARTESIAN_POINT('',(14.244044,-6.217346,-4.6E-02));
#10853 = DIRECTION('',(1.,0.,-0.));
#10854 = DIRECTION('',(0.,-1.,0.));
#10855 = ADVANCED_FACE('',(#10856),#10867,.F.);
#10856 = FACE_BOUND('',#10857,.T.);
#10857 = EDGE_LOOP('',(#10858,#10859,#10860,#10861));
#10858 = ORIENTED_EDGE('',*,*,#9469,.T.);
#10859 = ORIENTED_EDGE('',*,*,#10845,.T.);
#10860 = ORIENTED_EDGE('',*,*,#10032,.F.);
#10861 = ORIENTED_EDGE('',*,*,#10862,.F.);
#10862 = EDGE_CURVE('',#9462,#10025,#10863,.T.);
#10863 = LINE('',#10864,#10865);
#10864 = CARTESIAN_POINT('',(14.844044,-7.117346,-4.6E-02));
#10865 = VECTOR('',#10866,1.);
#10866 = DIRECTION('',(0.,0.,1.));
#10867 = CYLINDRICAL_SURFACE('',#10868,0.3);
#10868 = AXIS2_PLACEMENT_3D('',#10869,#10870,#10871);
#10869 = CARTESIAN_POINT('',(14.544044,-7.117346,-4.6E-02));
#10870 = DIRECTION('',(-0.,-0.,-1.));
#10871 = DIRECTION('',(-1.,0.,-0.));
#10872 = ADVANCED_FACE('',(#10873),#10879,.T.);
#10873 = FACE_BOUND('',#10874,.T.);
#10874 = EDGE_LOOP('',(#10875,#10876,#10877,#10878));
#10875 = ORIENTED_EDGE('',*,*,#9461,.T.);
#10876 = ORIENTED_EDGE('',*,*,#10862,.T.);
#10877 = ORIENTED_EDGE('',*,*,#10024,.F.);
#10878 = ORIENTED_EDGE('',*,*,#10821,.F.);
#10879 = PLANE('',#10880);
#10880 = AXIS2_PLACEMENT_3D('',#10881,#10882,#10883);
#10881 = CARTESIAN_POINT('',(14.844044,-7.117346,-4.6E-02));
#10882 = DIRECTION('',(-1.,0.,0.));
#10883 = DIRECTION('',(0.,1.,0.));
#10884 = ADVANCED_FACE('',(#10885),#10896,.F.);
#10885 = FACE_BOUND('',#10886,.T.);
#10886 = EDGE_LOOP('',(#10887,#10888,#10894,#10895));
#10887 = ORIENTED_EDGE('',*,*,#9486,.T.);
#10888 = ORIENTED_EDGE('',*,*,#10889,.T.);
#10889 = EDGE_CURVE('',#9487,#10050,#10890,.T.);
#10890 = LINE('',#10891,#10892);
#10891 = CARTESIAN_POINT('',(16.894044,-7.317346,-4.6E-02));
#10892 = VECTOR('',#10893,1.);
#10893 = DIRECTION('',(0.,0.,1.));
#10894 = ORIENTED_EDGE('',*,*,#10049,.F.);
#10895 = ORIENTED_EDGE('',*,*,#10889,.F.);
#10896 = CYLINDRICAL_SURFACE('',#10897,0.65);
#10897 = AXIS2_PLACEMENT_3D('',#10898,#10899,#10900);
#10898 = CARTESIAN_POINT('',(16.894044,-6.667346,-4.6E-02));
#10899 = DIRECTION('',(-0.,-0.,-1.));
#10900 = DIRECTION('',(-0.,-1.,0.));
#10901 = ADVANCED_FACE('',(#10902),#10918,.F.);
#10902 = FACE_BOUND('',#10903,.T.);
#10903 = EDGE_LOOP('',(#10904,#10905,#10911,#10912));
#10904 = ORIENTED_EDGE('',*,*,#9497,.T.);
#10905 = ORIENTED_EDGE('',*,*,#10906,.T.);
#10906 = EDGE_CURVE('',#9500,#10063,#10907,.T.);
#10907 = LINE('',#10908,#10909);
#10908 = CARTESIAN_POINT('',(18.744044,-6.217346,-4.6E-02));
#10909 = VECTOR('',#10910,1.);
#10910 = DIRECTION('',(0.,0.,1.));
#10911 = ORIENTED_EDGE('',*,*,#10060,.F.);
#10912 = ORIENTED_EDGE('',*,*,#10913,.F.);
#10913 = EDGE_CURVE('',#9498,#10061,#10914,.T.);
#10914 = LINE('',#10915,#10916);
#10915 = CARTESIAN_POINT('',(18.144044,-6.217346,-4.6E-02));
#10916 = VECTOR('',#10917,1.);
#10917 = DIRECTION('',(0.,0.,1.));
#10918 = CYLINDRICAL_SURFACE('',#10919,0.3);
#10919 = AXIS2_PLACEMENT_3D('',#10920,#10921,#10922);
#10920 = CARTESIAN_POINT('',(18.444044,-6.217346,-4.6E-02));
#10921 = DIRECTION('',(-0.,-0.,-1.));
#10922 = DIRECTION('',(1.,2.960594732334E-15,-0.));
#10923 = ADVANCED_FACE('',(#10924),#10935,.T.);
#10924 = FACE_BOUND('',#10925,.T.);
#10925 = EDGE_LOOP('',(#10926,#10927,#10928,#10929));
#10926 = ORIENTED_EDGE('',*,*,#9525,.T.);
#10927 = ORIENTED_EDGE('',*,*,#10913,.T.);
#10928 = ORIENTED_EDGE('',*,*,#10088,.F.);
#10929 = ORIENTED_EDGE('',*,*,#10930,.F.);
#10930 = EDGE_CURVE('',#9517,#10080,#10931,.T.);
#10931 = LINE('',#10932,#10933);
#10932 = CARTESIAN_POINT('',(18.144044,-7.117346,-4.6E-02));
#10933 = VECTOR('',#10934,1.);
#10934 = DIRECTION('',(0.,0.,1.));
#10935 = PLANE('',#10936);
#10936 = AXIS2_PLACEMENT_3D('',#10937,#10938,#10939);
#10937 = CARTESIAN_POINT('',(18.144044,-6.217346,-4.6E-02));
#10938 = DIRECTION('',(1.,0.,-0.));
#10939 = DIRECTION('',(0.,-1.,0.));
#10940 = ADVANCED_FACE('',(#10941),#10952,.F.);
#10941 = FACE_BOUND('',#10942,.T.);
#10942 = EDGE_LOOP('',(#10943,#10944,#10945,#10946));
#10943 = ORIENTED_EDGE('',*,*,#9516,.T.);
#10944 = ORIENTED_EDGE('',*,*,#10930,.T.);
#10945 = ORIENTED_EDGE('',*,*,#10079,.F.);
#10946 = ORIENTED_EDGE('',*,*,#10947,.F.);
#10947 = EDGE_CURVE('',#9509,#10072,#10948,.T.);
#10948 = LINE('',#10949,#10950);
#10949 = CARTESIAN_POINT('',(18.744044,-7.117346,-4.6E-02));
#10950 = VECTOR('',#10951,1.);
#10951 = DIRECTION('',(0.,0.,1.));
#10952 = CYLINDRICAL_SURFACE('',#10953,0.3);
#10953 = AXIS2_PLACEMENT_3D('',#10954,#10955,#10956);
#10954 = CARTESIAN_POINT('',(18.444044,-7.117346,-4.6E-02));
#10955 = DIRECTION('',(-0.,-0.,-1.));
#10956 = DIRECTION('',(-1.,-2.960594732334E-15,0.));
#10957 = ADVANCED_FACE('',(#10958),#10964,.T.);
#10958 = FACE_BOUND('',#10959,.T.);
#10959 = EDGE_LOOP('',(#10960,#10961,#10962,#10963));
#10960 = ORIENTED_EDGE('',*,*,#9508,.T.);
#10961 = ORIENTED_EDGE('',*,*,#10947,.T.);
#10962 = ORIENTED_EDGE('',*,*,#10071,.F.);
#10963 = ORIENTED_EDGE('',*,*,#10906,.F.);
#10964 = PLANE('',#10965);
#10965 = AXIS2_PLACEMENT_3D('',#10966,#10967,#10968);
#10966 = CARTESIAN_POINT('',(18.744044,-7.117346,-4.6E-02));
#10967 = DIRECTION('',(-1.,0.,0.));
#10968 = DIRECTION('',(0.,1.,0.));
#10969 = ADVANCED_FACE('',(#10970),#10986,.F.);
#10970 = FACE_BOUND('',#10971,.T.);
#10971 = EDGE_LOOP('',(#10972,#10973,#10979,#10980));
#10972 = ORIENTED_EDGE('',*,*,#9533,.T.);
#10973 = ORIENTED_EDGE('',*,*,#10974,.T.);
#10974 = EDGE_CURVE('',#9536,#10099,#10975,.T.);
#10975 = LINE('',#10976,#10977);
#10976 = CARTESIAN_POINT('',(21.144044,-6.217346,-4.6E-02));
#10977 = VECTOR('',#10978,1.);
#10978 = DIRECTION('',(0.,0.,1.));
#10979 = ORIENTED_EDGE('',*,*,#10096,.F.);
#10980 = ORIENTED_EDGE('',*,*,#10981,.F.);
#10981 = EDGE_CURVE('',#9534,#10097,#10982,.T.);
#10982 = LINE('',#10983,#10984);
#10983 = CARTESIAN_POINT('',(20.544044,-6.217346,-4.6E-02));
#10984 = VECTOR('',#10985,1.);
#10985 = DIRECTION('',(0.,0.,1.));
#10986 = CYLINDRICAL_SURFACE('',#10987,0.3);
#10987 = AXIS2_PLACEMENT_3D('',#10988,#10989,#10990);
#10988 = CARTESIAN_POINT('',(20.844044,-6.217346,-4.6E-02));
#10989 = DIRECTION('',(-0.,-0.,-1.));
#10990 = DIRECTION('',(1.,8.881784197001E-15,-0.));
#10991 = ADVANCED_FACE('',(#10992),#11003,.T.);
#10992 = FACE_BOUND('',#10993,.T.);
#10993 = EDGE_LOOP('',(#10994,#10995,#10996,#10997));
#10994 = ORIENTED_EDGE('',*,*,#9561,.T.);
#10995 = ORIENTED_EDGE('',*,*,#10981,.T.);
#10996 = ORIENTED_EDGE('',*,*,#10124,.F.);
#10997 = ORIENTED_EDGE('',*,*,#10998,.F.);
#10998 = EDGE_CURVE('',#9553,#10116,#10999,.T.);
#10999 = LINE('',#11000,#11001);
#11000 = CARTESIAN_POINT('',(20.544044,-7.117346,-4.6E-02));
#11001 = VECTOR('',#11002,1.);
#11002 = DIRECTION('',(0.,0.,1.));
#11003 = PLANE('',#11004);
#11004 = AXIS2_PLACEMENT_3D('',#11005,#11006,#11007);
#11005 = CARTESIAN_POINT('',(20.544044,-6.217346,-4.6E-02));
#11006 = DIRECTION('',(1.,0.,-0.));
#11007 = DIRECTION('',(0.,-1.,0.));
#11008 = ADVANCED_FACE('',(#11009),#11020,.F.);
#11009 = FACE_BOUND('',#11010,.T.);
#11010 = EDGE_LOOP('',(#11011,#11012,#11013,#11014));
#11011 = ORIENTED_EDGE('',*,*,#9552,.T.);
#11012 = ORIENTED_EDGE('',*,*,#10998,.T.);
#11013 = ORIENTED_EDGE('',*,*,#10115,.F.);
#11014 = ORIENTED_EDGE('',*,*,#11015,.F.);
#11015 = EDGE_CURVE('',#9545,#10108,#11016,.T.);
#11016 = LINE('',#11017,#11018);
#11017 = CARTESIAN_POINT('',(21.144044,-7.117346,-4.6E-02));
#11018 = VECTOR('',#11019,1.);
#11019 = DIRECTION('',(0.,0.,1.));
#11020 = CYLINDRICAL_SURFACE('',#11021,0.3);
#11021 = AXIS2_PLACEMENT_3D('',#11022,#11023,#11024);
#11022 = CARTESIAN_POINT('',(20.844044,-7.117346,-4.6E-02));
#11023 = DIRECTION('',(-0.,-0.,-1.));
#11024 = DIRECTION('',(-1.,-8.881784197001E-15,0.));
#11025 = ADVANCED_FACE('',(#11026),#11032,.T.);
#11026 = FACE_BOUND('',#11027,.T.);
#11027 = EDGE_LOOP('',(#11028,#11029,#11030,#11031));
#11028 = ORIENTED_EDGE('',*,*,#9544,.T.);
#11029 = ORIENTED_EDGE('',*,*,#11015,.T.);
#11030 = ORIENTED_EDGE('',*,*,#10107,.F.);
#11031 = ORIENTED_EDGE('',*,*,#10974,.F.);
#11032 = PLANE('',#11033);
#11033 = AXIS2_PLACEMENT_3D('',#11034,#11035,#11036);
#11034 = CARTESIAN_POINT('',(21.144044,-7.117346,-4.6E-02));
#11035 = DIRECTION('',(-1.,0.,0.));
#11036 = DIRECTION('',(0.,1.,0.));
#11037 = ADVANCED_FACE('',(#11038),#11049,.F.);
#11038 = FACE_BOUND('',#11039,.T.);
#11039 = EDGE_LOOP('',(#11040,#11041,#11047,#11048));
#11040 = ORIENTED_EDGE('',*,*,#9569,.T.);
#11041 = ORIENTED_EDGE('',*,*,#11042,.T.);
#11042 = EDGE_CURVE('',#9570,#10133,#11043,.T.);
#11043 = LINE('',#11044,#11045);
#11044 = CARTESIAN_POINT('',(-21.755956,0.787654,-4.6E-02));
#11045 = VECTOR('',#11046,1.);
#11046 = DIRECTION('',(0.,0.,1.));
#11047 = ORIENTED_EDGE('',*,*,#10132,.F.);
#11048 = ORIENTED_EDGE('',*,*,#11042,.F.);
#11049 = CYLINDRICAL_SURFACE('',#11050,0.51);
#11050 = AXIS2_PLACEMENT_3D('',#11051,#11052,#11053);
#11051 = CARTESIAN_POINT('',(-21.755956,1.297654,-4.6E-02));
#11052 = DIRECTION('',(-0.,-0.,-1.));
#11053 = DIRECTION('',(-6.96610525255E-15,-1.,0.));
#11054 = ADVANCED_FACE('',(#11055),#11066,.F.);
#11055 = FACE_BOUND('',#11056,.T.);
#11056 = EDGE_LOOP('',(#11057,#11058,#11064,#11065));
#11057 = ORIENTED_EDGE('',*,*,#9580,.T.);
#11058 = ORIENTED_EDGE('',*,*,#11059,.T.);
#11059 = EDGE_CURVE('',#9581,#10144,#11060,.T.);
#11060 = LINE('',#11061,#11062);
#11061 = CARTESIAN_POINT('',(-18.755956,0.787654,-4.6E-02));
#11062 = VECTOR('',#11063,1.);
#11063 = DIRECTION('',(0.,0.,1.));
#11064 = ORIENTED_EDGE('',*,*,#10143,.F.);
#11065 = ORIENTED_EDGE('',*,*,#11059,.F.);
#11066 = CYLINDRICAL_SURFACE('',#11067,0.51);
#11067 = AXIS2_PLACEMENT_3D('',#11068,#11069,#11070);
#11068 = CARTESIAN_POINT('',(-18.755956,1.297654,-4.6E-02));
#11069 = DIRECTION('',(-0.,-0.,-1.));
#11070 = DIRECTION('',(-6.96610525255E-15,-1.,0.));
#11071 = ADVANCED_FACE('',(#11072),#11083,.F.);
#11072 = FACE_BOUND('',#11073,.T.);
#11073 = EDGE_LOOP('',(#11074,#11075,#11081,#11082));
#11074 = ORIENTED_EDGE('',*,*,#9591,.T.);
#11075 = ORIENTED_EDGE('',*,*,#11076,.T.);
#11076 = EDGE_CURVE('',#9592,#10155,#11077,.T.);
#11077 = LINE('',#11078,#11079);
#11078 = CARTESIAN_POINT('',(-15.755956,0.787654,-4.6E-02));
#11079 = VECTOR('',#11080,1.);
#11080 = DIRECTION('',(0.,0.,1.));
#11081 = ORIENTED_EDGE('',*,*,#10154,.F.);
#11082 = ORIENTED_EDGE('',*,*,#11076,.F.);
#11083 = CYLINDRICAL_SURFACE('',#11084,0.51);
#11084 = AXIS2_PLACEMENT_3D('',#11085,#11086,#11087);
#11085 = CARTESIAN_POINT('',(-15.755956,1.297654,-4.6E-02));
#11086 = DIRECTION('',(-0.,-0.,-1.));
#11087 = DIRECTION('',(-0.,-1.,0.));
#11088 = ADVANCED_FACE('',(#11089),#11100,.F.);
#11089 = FACE_BOUND('',#11090,.T.);
#11090 = EDGE_LOOP('',(#11091,#11092,#11098,#11099));
#11091 = ORIENTED_EDGE('',*,*,#9602,.T.);
#11092 = ORIENTED_EDGE('',*,*,#11093,.T.);
#11093 = EDGE_CURVE('',#9603,#10166,#11094,.T.);
#11094 = LINE('',#11095,#11096);
#11095 = CARTESIAN_POINT('',(-21.755956,3.787654,-4.6E-02));
#11096 = VECTOR('',#11097,1.);
#11097 = DIRECTION('',(0.,0.,1.));
#11098 = ORIENTED_EDGE('',*,*,#10165,.F.);
#11099 = ORIENTED_EDGE('',*,*,#11093,.F.);
#11100 = CYLINDRICAL_SURFACE('',#11101,0.51);
#11101 = AXIS2_PLACEMENT_3D('',#11102,#11103,#11104);
#11102 = CARTESIAN_POINT('',(-21.755956,4.297654,-4.6E-02));
#11103 = DIRECTION('',(-0.,-0.,-1.));
#11104 = DIRECTION('',(-6.96610525255E-15,-1.,0.));
#11105 = ADVANCED_FACE('',(#11106),#11117,.F.);
#11106 = FACE_BOUND('',#11107,.T.);
#11107 = EDGE_LOOP('',(#11108,#11109,#11115,#11116));
#11108 = ORIENTED_EDGE('',*,*,#9613,.T.);
#11109 = ORIENTED_EDGE('',*,*,#11110,.T.);
#11110 = EDGE_CURVE('',#9614,#10177,#11111,.T.);
#11111 = LINE('',#11112,#11113);
#11112 = CARTESIAN_POINT('',(-18.755956,3.787654,-4.6E-02));
#11113 = VECTOR('',#11114,1.);
#11114 = DIRECTION('',(0.,0.,1.));
#11115 = ORIENTED_EDGE('',*,*,#10176,.F.);
#11116 = ORIENTED_EDGE('',*,*,#11110,.F.);
#11117 = CYLINDRICAL_SURFACE('',#11118,0.51);
#11118 = AXIS2_PLACEMENT_3D('',#11119,#11120,#11121);
#11119 = CARTESIAN_POINT('',(-18.755956,4.297654,-4.6E-02));
#11120 = DIRECTION('',(-0.,-0.,-1.));
#11121 = DIRECTION('',(-6.96610525255E-15,-1.,0.));
#11122 = ADVANCED_FACE('',(#11123),#11134,.F.);
#11123 = FACE_BOUND('',#11124,.T.);
#11124 = EDGE_LOOP('',(#11125,#11126,#11132,#11133));
#11125 = ORIENTED_EDGE('',*,*,#9624,.T.);
#11126 = ORIENTED_EDGE('',*,*,#11127,.T.);
#11127 = EDGE_CURVE('',#9625,#10188,#11128,.T.);
#11128 = LINE('',#11129,#11130);
#11129 = CARTESIAN_POINT('',(-15.755956,3.787654,-4.6E-02));
#11130 = VECTOR('',#11131,1.);
#11131 = DIRECTION('',(0.,0.,1.));
#11132 = ORIENTED_EDGE('',*,*,#10187,.F.);
#11133 = ORIENTED_EDGE('',*,*,#11127,.F.);
#11134 = CYLINDRICAL_SURFACE('',#11135,0.51);
#11135 = AXIS2_PLACEMENT_3D('',#11136,#11137,#11138);
#11136 = CARTESIAN_POINT('',(-15.755956,4.297654,-4.6E-02));
#11137 = DIRECTION('',(-0.,-0.,-1.));
#11138 = DIRECTION('',(-0.,-1.,0.));
#11139 = ADVANCED_FACE('',(#11140),#11151,.F.);
#11140 = FACE_BOUND('',#11141,.T.);
#11141 = EDGE_LOOP('',(#11142,#11143,#11149,#11150));
#11142 = ORIENTED_EDGE('',*,*,#9635,.T.);
#11143 = ORIENTED_EDGE('',*,*,#11144,.T.);
#11144 = EDGE_CURVE('',#9636,#10199,#11145,.T.);
#11145 = LINE('',#11146,#11147);
#11146 = CARTESIAN_POINT('',(-18.755956,7.117654,-4.6E-02));
#11147 = VECTOR('',#11148,1.);
#11148 = DIRECTION('',(0.,0.,1.));
#11149 = ORIENTED_EDGE('',*,*,#10198,.F.);
#11150 = ORIENTED_EDGE('',*,*,#11144,.F.);
#11151 = CYLINDRICAL_SURFACE('',#11152,1.5);
#11152 = AXIS2_PLACEMENT_3D('',#11153,#11154,#11155);
#11153 = CARTESIAN_POINT('',(-18.755956,8.617654,-4.6E-02));
#11154 = DIRECTION('',(-0.,-0.,-1.));
#11155 = DIRECTION('',(-0.,-1.,0.));
#11156 = ADVANCED_FACE('',(#11157),#11168,.F.);
#11157 = FACE_BOUND('',#11158,.T.);
#11158 = EDGE_LOOP('',(#11159,#11160,#11166,#11167));
#11159 = ORIENTED_EDGE('',*,*,#9646,.T.);
#11160 = ORIENTED_EDGE('',*,*,#11161,.T.);
#11161 = EDGE_CURVE('',#9647,#10210,#11162,.T.);
#11162 = LINE('',#11163,#11164);
#11163 = CARTESIAN_POINT('',(12.169044,0.827654,-4.6E-02));
#11164 = VECTOR('',#11165,1.);
#11165 = DIRECTION('',(0.,0.,1.));
#11166 = ORIENTED_EDGE('',*,*,#10209,.F.);
#11167 = ORIENTED_EDGE('',*,*,#11161,.F.);
#11168 = CYLINDRICAL_SURFACE('',#11169,0.51);
#11169 = AXIS2_PLACEMENT_3D('',#11170,#11171,#11172);
#11170 = CARTESIAN_POINT('',(12.169044,1.337654,-4.6E-02));
#11171 = DIRECTION('',(-0.,-0.,-1.));
#11172 = DIRECTION('',(-0.,-1.,0.));
#11173 = ADVANCED_FACE('',(#11174),#11185,.F.);
#11174 = FACE_BOUND('',#11175,.T.);
#11175 = EDGE_LOOP('',(#11176,#11177,#11183,#11184));
#11176 = ORIENTED_EDGE('',*,*,#9657,.T.);
#11177 = ORIENTED_EDGE('',*,*,#11178,.T.);
#11178 = EDGE_CURVE('',#9658,#10221,#11179,.T.);
#11179 = LINE('',#11180,#11181);
#11180 = CARTESIAN_POINT('',(12.169044,3.827654,-4.6E-02));
#11181 = VECTOR('',#11182,1.);
#11182 = DIRECTION('',(0.,0.,1.));
#11183 = ORIENTED_EDGE('',*,*,#10220,.F.);
#11184 = ORIENTED_EDGE('',*,*,#11178,.F.);
#11185 = CYLINDRICAL_SURFACE('',#11186,0.51);
#11186 = AXIS2_PLACEMENT_3D('',#11187,#11188,#11189);
#11187 = CARTESIAN_POINT('',(12.169044,4.337654,-4.6E-02));
#11188 = DIRECTION('',(-0.,-0.,-1.));
#11189 = DIRECTION('',(-0.,-1.,0.));
#11190 = ADVANCED_FACE('',(#11191),#11202,.F.);
#11191 = FACE_BOUND('',#11192,.T.);
#11192 = EDGE_LOOP('',(#11193,#11194,#11200,#11201));
#11193 = ORIENTED_EDGE('',*,*,#9668,.T.);
#11194 = ORIENTED_EDGE('',*,*,#11195,.T.);
#11195 = EDGE_CURVE('',#9669,#10232,#11196,.T.);
#11196 = LINE('',#11197,#11198);
#11197 = CARTESIAN_POINT('',(15.169044,0.827654,-4.6E-02));
#11198 = VECTOR('',#11199,1.);
#11199 = DIRECTION('',(0.,0.,1.));
#11200 = ORIENTED_EDGE('',*,*,#10231,.F.);
#11201 = ORIENTED_EDGE('',*,*,#11195,.F.);
#11202 = CYLINDRICAL_SURFACE('',#11203,0.51);
#11203 = AXIS2_PLACEMENT_3D('',#11204,#11205,#11206);
#11204 = CARTESIAN_POINT('',(15.169044,1.337654,-4.6E-02));
#11205 = DIRECTION('',(-0.,-0.,-1.));
#11206 = DIRECTION('',(-0.,-1.,0.));
#11207 = ADVANCED_FACE('',(#11208),#11219,.F.);
#11208 = FACE_BOUND('',#11209,.T.);
#11209 = EDGE_LOOP('',(#11210,#11211,#11217,#11218));
#11210 = ORIENTED_EDGE('',*,*,#9679,.T.);
#11211 = ORIENTED_EDGE('',*,*,#11212,.T.);
#11212 = EDGE_CURVE('',#9680,#10243,#11213,.T.);
#11213 = LINE('',#11214,#11215);
#11214 = CARTESIAN_POINT('',(15.169044,3.827654,-4.6E-02));
#11215 = VECTOR('',#11216,1.);
#11216 = DIRECTION('',(0.,0.,1.));
#11217 = ORIENTED_EDGE('',*,*,#10242,.F.);
#11218 = ORIENTED_EDGE('',*,*,#11212,.F.);
#11219 = CYLINDRICAL_SURFACE('',#11220,0.51);
#11220 = AXIS2_PLACEMENT_3D('',#11221,#11222,#11223);
#11221 = CARTESIAN_POINT('',(15.169044,4.337654,-4.6E-02));
#11222 = DIRECTION('',(-0.,-0.,-1.));
#11223 = DIRECTION('',(-0.,-1.,0.));
#11224 = ADVANCED_FACE('',(#11225),#11236,.F.);
#11225 = FACE_BOUND('',#11226,.T.);
#11226 = EDGE_LOOP('',(#11227,#11228,#11234,#11235));
#11227 = ORIENTED_EDGE('',*,*,#9690,.T.);
#11228 = ORIENTED_EDGE('',*,*,#11229,.T.);
#11229 = EDGE_CURVE('',#9691,#10254,#11230,.T.);
#11230 = LINE('',#11231,#11232);
#11231 = CARTESIAN_POINT('',(13.669044,7.157654,-4.6E-02));
#11232 = VECTOR('',#11233,1.);
#11233 = DIRECTION('',(0.,0.,1.));
#11234 = ORIENTED_EDGE('',*,*,#10253,.F.);
#11235 = ORIENTED_EDGE('',*,*,#11229,.F.);
#11236 = CYLINDRICAL_SURFACE('',#11237,1.5);
#11237 = AXIS2_PLACEMENT_3D('',#11238,#11239,#11240);
#11238 = CARTESIAN_POINT('',(13.669044,8.657654,-4.6E-02));
#11239 = DIRECTION('',(-0.,-0.,-1.));
#11240 = DIRECTION('',(-0.,-1.,0.));
#11241 = ADVANCED_FACE('',(#11242),#11253,.F.);
#11242 = FACE_BOUND('',#11243,.T.);
#11243 = EDGE_LOOP('',(#11244,#11245,#11251,#11252));
#11244 = ORIENTED_EDGE('',*,*,#9701,.T.);
#11245 = ORIENTED_EDGE('',*,*,#11246,.T.);
#11246 = EDGE_CURVE('',#9702,#10265,#11247,.T.);
#11247 = LINE('',#11248,#11249);
#11248 = CARTESIAN_POINT('',(22.744044,8.482654,-4.6E-02));
#11249 = VECTOR('',#11250,1.);
#11250 = DIRECTION('',(0.,0.,1.));
#11251 = ORIENTED_EDGE('',*,*,#10264,.F.);
#11252 = ORIENTED_EDGE('',*,*,#11246,.F.);
#11253 = CYLINDRICAL_SURFACE('',#11254,1.6);
#11254 = AXIS2_PLACEMENT_3D('',#11255,#11256,#11257);
#11255 = CARTESIAN_POINT('',(22.744044,10.082654,-4.6E-02));
#11256 = DIRECTION('',(-0.,-0.,-1.));
#11257 = DIRECTION('',(-2.22044604925E-15,-1.,0.));
#11258 = ( GEOMETRIC_REPRESENTATION_CONTEXT(3) 
GLOBAL_UNCERTAINTY_ASSIGNED_CONTEXT((#11262)) 
GLOBAL_UNIT_ASSIGNED_CONTEXT((#11259,#11260,#11261)) 
REPRESENTATION_CONTEXT('Context #1',
  '3D Context with UNIT and UNCERTAINTY') );
#11259 = ( LENGTH_UNIT() NAMED_UNIT(*) SI_UNIT(.MILLI.,.METRE.) );
#11260 = ( NAMED_UNIT(*) PLANE_ANGLE_UNIT() SI_UNIT($,.RADIAN.) );
#11261 = ( NAMED_UNIT(*) SI_UNIT($,.STERADIAN.) SOLID_ANGLE_UNIT() );
#11262 = UNCERTAINTY_MEASURE_WITH_UNIT(LENGTH_MEASURE(1.E-07),#11259,
  'distance_accuracy_value','confusion accuracy');
#11263 = CONTEXT_DEPENDENT_SHAPE_REPRESENTATION(#11264,#11266);
#11264 = ( REPRESENTATION_RELATIONSHIP('','',#9044,#10) 
REPRESENTATION_RELATIONSHIP_WITH_TRANSFORMATION(#11265) 
SHAPE_REPRESENTATION_RELATIONSHIP() );
#11265 = ITEM_DEFINED_TRANSFORMATION('','',#11,#59);
#11266 = PRODUCT_DEFINITION_SHAPE('Placement','Placement of an item',
  #11267);
#11267 = NEXT_ASSEMBLY_USAGE_OCCURRENCE('23','=>[0:1:1:17]','',#5,#9039,
  $);
#11268 = PRODUCT_RELATED_PRODUCT_CATEGORY('part',$,(#9041));
#11269 = MECHANICAL_DESIGN_GEOMETRIC_PRESENTATION_REPRESENTATION('',(
    #11270),#7312);
#11270 = STYLED_ITEM('color',(#11271),#6824);
#11271 = PRESENTATION_STYLE_ASSIGNMENT((#11272));
#11272 = SURFACE_STYLE_USAGE(.BOTH.,#11273);
#11273 = SURFACE_SIDE_STYLE('',(#11274));
#11274 = SURFACE_STYLE_FILL_AREA(#11275);
#11275 = FILL_AREA_STYLE('',(#11276));
#11276 = FILL_AREA_STYLE_COLOUR('',#11277);
#11277 = COLOUR_RGB('',0.823999987314,0.819999987296,0.781000009244);
#11278 = MECHANICAL_DESIGN_GEOMETRIC_PRESENTATION_REPRESENTATION('',(
    #11279,#11286,#11293),#9016);
#11279 = STYLED_ITEM('color',(#11280),#7354);
#11280 = PRESENTATION_STYLE_ASSIGNMENT((#11281));
#11281 = SURFACE_STYLE_USAGE(.BOTH.,#11282);
#11282 = SURFACE_SIDE_STYLE('',(#11283));
#11283 = SURFACE_STYLE_FILL_AREA(#11284);
#11284 = FILL_AREA_STYLE('',(#11285));
#11285 = FILL_AREA_STYLE_COLOUR('',#11277);
#11286 = STYLED_ITEM('color',(#11287),#8044);
#11287 = PRESENTATION_STYLE_ASSIGNMENT((#11288));
#11288 = SURFACE_STYLE_USAGE(.BOTH.,#11289);
#11289 = SURFACE_SIDE_STYLE('',(#11290));
#11290 = SURFACE_STYLE_FILL_AREA(#11291);
#11291 = FILL_AREA_STYLE('',(#11292));
#11292 = FILL_AREA_STYLE_COLOUR('',#11277);
#11293 = STYLED_ITEM('color',(#11294),#8326);
#11294 = PRESENTATION_STYLE_ASSIGNMENT((#11295));
#11295 = SURFACE_STYLE_USAGE(.BOTH.,#11296);
#11296 = SURFACE_SIDE_STYLE('',(#11297));
#11297 = SURFACE_STYLE_FILL_AREA(#11298);
#11298 = FILL_AREA_STYLE('',(#11299));
#11299 = FILL_AREA_STYLE_COLOUR('',#11277);
#11300 = MECHANICAL_DESIGN_GEOMETRIC_PRESENTATION_REPRESENTATION('',(
    #11301,#11308,#11315,#11322,#11329,#11336,#11343,#11350,#11357,
    #11364,#11371,#11379,#11386,#11393,#11400,#11407,#11414,#11421,
    #11428,#11435,#11442,#11449,#11456,#11463,#11470,#11477,#11484,
    #11491),#954);
#11301 = STYLED_ITEM('color',(#11302),#102);
#11302 = PRESENTATION_STYLE_ASSIGNMENT((#11303));
#11303 = SURFACE_STYLE_USAGE(.BOTH.,#11304);
#11304 = SURFACE_SIDE_STYLE('',(#11305));
#11305 = SURFACE_STYLE_FILL_AREA(#11306);
#11306 = FILL_AREA_STYLE('',(#11307));
#11307 = FILL_AREA_STYLE_COLOUR('',#11277);
#11308 = STYLED_ITEM('color',(#11309),#178);
#11309 = PRESENTATION_STYLE_ASSIGNMENT((#11310));
#11310 = SURFACE_STYLE_USAGE(.BOTH.,#11311);
#11311 = SURFACE_SIDE_STYLE('',(#11312));
#11312 = SURFACE_STYLE_FILL_AREA(#11313);
#11313 = FILL_AREA_STYLE('',(#11314));
#11314 = FILL_AREA_STYLE_COLOUR('',#11277);
#11315 = STYLED_ITEM('color',(#11316),#209);
#11316 = PRESENTATION_STYLE_ASSIGNMENT((#11317));
#11317 = SURFACE_STYLE_USAGE(.BOTH.,#11318);
#11318 = SURFACE_SIDE_STYLE('',(#11319));
#11319 = SURFACE_STYLE_FILL_AREA(#11320);
#11320 = FILL_AREA_STYLE('',(#11321));
#11321 = FILL_AREA_STYLE_COLOUR('',#11277);
#11322 = STYLED_ITEM('color',(#11323),#234);
#11323 = PRESENTATION_STYLE_ASSIGNMENT((#11324));
#11324 = SURFACE_STYLE_USAGE(.BOTH.,#11325);
#11325 = SURFACE_SIDE_STYLE('',(#11326));
#11326 = SURFACE_STYLE_FILL_AREA(#11327);
#11327 = FILL_AREA_STYLE('',(#11328));
#11328 = FILL_AREA_STYLE_COLOUR('',#11277);
#11329 = STYLED_ITEM('color',(#11330),#259);
#11330 = PRESENTATION_STYLE_ASSIGNMENT((#11331));
#11331 = SURFACE_STYLE_USAGE(.BOTH.,#11332);
#11332 = SURFACE_SIDE_STYLE('',(#11333));
#11333 = SURFACE_STYLE_FILL_AREA(#11334);
#11334 = FILL_AREA_STYLE('',(#11335));
#11335 = FILL_AREA_STYLE_COLOUR('',#11277);
#11336 = STYLED_ITEM('color',(#11337),#283);
#11337 = PRESENTATION_STYLE_ASSIGNMENT((#11338));
#11338 = SURFACE_STYLE_USAGE(.BOTH.,#11339);
#11339 = SURFACE_SIDE_STYLE('',(#11340));
#11340 = SURFACE_STYLE_FILL_AREA(#11341);
#11341 = FILL_AREA_STYLE('',(#11342));
#11342 = FILL_AREA_STYLE_COLOUR('',#11277);
#11343 = STYLED_ITEM('color',(#11344),#307);
#11344 = PRESENTATION_STYLE_ASSIGNMENT((#11345));
#11345 = SURFACE_STYLE_USAGE(.BOTH.,#11346);
#11346 = SURFACE_SIDE_STYLE('',(#11347));
#11347 = SURFACE_STYLE_FILL_AREA(#11348);
#11348 = FILL_AREA_STYLE('',(#11349));
#11349 = FILL_AREA_STYLE_COLOUR('',#11277);
#11350 = STYLED_ITEM('color',(#11351),#332);
#11351 = PRESENTATION_STYLE_ASSIGNMENT((#11352));
#11352 = SURFACE_STYLE_USAGE(.BOTH.,#11353);
#11353 = SURFACE_SIDE_STYLE('',(#11354));
#11354 = SURFACE_STYLE_FILL_AREA(#11355);
#11355 = FILL_AREA_STYLE('',(#11356));
#11356 = FILL_AREA_STYLE_COLOUR('',#11277);
#11357 = STYLED_ITEM('color',(#11358),#357);
#11358 = PRESENTATION_STYLE_ASSIGNMENT((#11359));
#11359 = SURFACE_STYLE_USAGE(.BOTH.,#11360);
#11360 = SURFACE_SIDE_STYLE('',(#11361));
#11361 = SURFACE_STYLE_FILL_AREA(#11362);
#11362 = FILL_AREA_STYLE('',(#11363));
#11363 = FILL_AREA_STYLE_COLOUR('',#11277);
#11364 = STYLED_ITEM('color',(#11365),#374);
#11365 = PRESENTATION_STYLE_ASSIGNMENT((#11366));
#11366 = SURFACE_STYLE_USAGE(.BOTH.,#11367);
#11367 = SURFACE_SIDE_STYLE('',(#11368));
#11368 = SURFACE_STYLE_FILL_AREA(#11369);
#11369 = FILL_AREA_STYLE('',(#11370));
#11370 = FILL_AREA_STYLE_COLOUR('',#11277);
#11371 = STYLED_ITEM('color',(#11372),#460);
#11372 = PRESENTATION_STYLE_ASSIGNMENT((#11373));
#11373 = SURFACE_STYLE_USAGE(.BOTH.,#11374);
#11374 = SURFACE_SIDE_STYLE('',(#11375));
#11375 = SURFACE_STYLE_FILL_AREA(#11376);
#11376 = FILL_AREA_STYLE('',(#11377));
#11377 = FILL_AREA_STYLE_COLOUR('',#11378);
#11378 = COLOUR_RGB('',0.379000005575,0.270000008848,0.214999999939);
#11379 = STYLED_ITEM('color',(#11380),#492);
#11380 = PRESENTATION_STYLE_ASSIGNMENT((#11381));
#11381 = SURFACE_STYLE_USAGE(.BOTH.,#11382);
#11382 = SURFACE_SIDE_STYLE('',(#11383));
#11383 = SURFACE_STYLE_FILL_AREA(#11384);
#11384 = FILL_AREA_STYLE('',(#11385));
#11385 = FILL_AREA_STYLE_COLOUR('',#11378);
#11386 = STYLED_ITEM('color',(#11387),#516);
#11387 = PRESENTATION_STYLE_ASSIGNMENT((#11388));
#11388 = SURFACE_STYLE_USAGE(.BOTH.,#11389);
#11389 = SURFACE_SIDE_STYLE('',(#11390));
#11390 = SURFACE_STYLE_FILL_AREA(#11391);
#11391 = FILL_AREA_STYLE('',(#11392));
#11392 = FILL_AREA_STYLE_COLOUR('',#11378);
#11393 = STYLED_ITEM('color',(#11394),#541);
#11394 = PRESENTATION_STYLE_ASSIGNMENT((#11395));
#11395 = SURFACE_STYLE_USAGE(.BOTH.,#11396);
#11396 = SURFACE_SIDE_STYLE('',(#11397));
#11397 = SURFACE_STYLE_FILL_AREA(#11398);
#11398 = FILL_AREA_STYLE('',(#11399));
#11399 = FILL_AREA_STYLE_COLOUR('',#11378);
#11400 = STYLED_ITEM('color',(#11401),#565);
#11401 = PRESENTATION_STYLE_ASSIGNMENT((#11402));
#11402 = SURFACE_STYLE_USAGE(.BOTH.,#11403);
#11403 = SURFACE_SIDE_STYLE('',(#11404));
#11404 = SURFACE_STYLE_FILL_AREA(#11405);
#11405 = FILL_AREA_STYLE('',(#11406));
#11406 = FILL_AREA_STYLE_COLOUR('',#11378);
#11407 = STYLED_ITEM('color',(#11408),#590);
#11408 = PRESENTATION_STYLE_ASSIGNMENT((#11409));
#11409 = SURFACE_STYLE_USAGE(.BOTH.,#11410);
#11410 = SURFACE_SIDE_STYLE('',(#11411));
#11411 = SURFACE_STYLE_FILL_AREA(#11412);
#11412 = FILL_AREA_STYLE('',(#11413));
#11413 = FILL_AREA_STYLE_COLOUR('',#11378);
#11414 = STYLED_ITEM('color',(#11415),#614);
#11415 = PRESENTATION_STYLE_ASSIGNMENT((#11416));
#11416 = SURFACE_STYLE_USAGE(.BOTH.,#11417);
#11417 = SURFACE_SIDE_STYLE('',(#11418));
#11418 = SURFACE_STYLE_FILL_AREA(#11419);
#11419 = FILL_AREA_STYLE('',(#11420));
#11420 = FILL_AREA_STYLE_COLOUR('',#11378);
#11421 = STYLED_ITEM('color',(#11422),#639);
#11422 = PRESENTATION_STYLE_ASSIGNMENT((#11423));
#11423 = SURFACE_STYLE_USAGE(.BOTH.,#11424);
#11424 = SURFACE_SIDE_STYLE('',(#11425));
#11425 = SURFACE_STYLE_FILL_AREA(#11426);
#11426 = FILL_AREA_STYLE('',(#11427));
#11427 = FILL_AREA_STYLE_COLOUR('',#11378);
#11428 = STYLED_ITEM('color',(#11429),#656);
#11429 = PRESENTATION_STYLE_ASSIGNMENT((#11430));
#11430 = SURFACE_STYLE_USAGE(.BOTH.,#11431);
#11431 = SURFACE_SIDE_STYLE('',(#11432));
#11432 = SURFACE_STYLE_FILL_AREA(#11433);
#11433 = FILL_AREA_STYLE('',(#11434));
#11434 = FILL_AREA_STYLE_COLOUR('',#11277);
#11435 = STYLED_ITEM('color',(#11436),#742);
#11436 = PRESENTATION_STYLE_ASSIGNMENT((#11437));
#11437 = SURFACE_STYLE_USAGE(.BOTH.,#11438);
#11438 = SURFACE_SIDE_STYLE('',(#11439));
#11439 = SURFACE_STYLE_FILL_AREA(#11440);
#11440 = FILL_AREA_STYLE('',(#11441));
#11441 = FILL_AREA_STYLE_COLOUR('',#11277);
#11442 = STYLED_ITEM('color',(#11443),#773);
#11443 = PRESENTATION_STYLE_ASSIGNMENT((#11444));
#11444 = SURFACE_STYLE_USAGE(.BOTH.,#11445);
#11445 = SURFACE_SIDE_STYLE('',(#11446));
#11446 = SURFACE_STYLE_FILL_AREA(#11447);
#11447 = FILL_AREA_STYLE('',(#11448));
#11448 = FILL_AREA_STYLE_COLOUR('',#11277);
#11449 = STYLED_ITEM('color',(#11450),#798);
#11450 = PRESENTATION_STYLE_ASSIGNMENT((#11451));
#11451 = SURFACE_STYLE_USAGE(.BOTH.,#11452);
#11452 = SURFACE_SIDE_STYLE('',(#11453));
#11453 = SURFACE_STYLE_FILL_AREA(#11454);
#11454 = FILL_AREA_STYLE('',(#11455));
#11455 = FILL_AREA_STYLE_COLOUR('',#11277);
#11456 = STYLED_ITEM('color',(#11457),#823);
#11457 = PRESENTATION_STYLE_ASSIGNMENT((#11458));
#11458 = SURFACE_STYLE_USAGE(.BOTH.,#11459);
#11459 = SURFACE_SIDE_STYLE('',(#11460));
#11460 = SURFACE_STYLE_FILL_AREA(#11461);
#11461 = FILL_AREA_STYLE('',(#11462));
#11462 = FILL_AREA_STYLE_COLOUR('',#11277);
#11463 = STYLED_ITEM('color',(#11464),#847);
#11464 = PRESENTATION_STYLE_ASSIGNMENT((#11465));
#11465 = SURFACE_STYLE_USAGE(.BOTH.,#11466);
#11466 = SURFACE_SIDE_STYLE('',(#11467));
#11467 = SURFACE_STYLE_FILL_AREA(#11468);
#11468 = FILL_AREA_STYLE('',(#11469));
#11469 = FILL_AREA_STYLE_COLOUR('',#11277);
#11470 = STYLED_ITEM('color',(#11471),#871);
#11471 = PRESENTATION_STYLE_ASSIGNMENT((#11472));
#11472 = SURFACE_STYLE_USAGE(.BOTH.,#11473);
#11473 = SURFACE_SIDE_STYLE('',(#11474));
#11474 = SURFACE_STYLE_FILL_AREA(#11475);
#11475 = FILL_AREA_STYLE('',(#11476));
#11476 = FILL_AREA_STYLE_COLOUR('',#11277);
#11477 = STYLED_ITEM('color',(#11478),#896);
#11478 = PRESENTATION_STYLE_ASSIGNMENT((#11479));
#11479 = SURFACE_STYLE_USAGE(.BOTH.,#11480);
#11480 = SURFACE_SIDE_STYLE('',(#11481));
#11481 = SURFACE_STYLE_FILL_AREA(#11482);
#11482 = FILL_AREA_STYLE('',(#11483));
#11483 = FILL_AREA_STYLE_COLOUR('',#11277);
#11484 = STYLED_ITEM('color',(#11485),#921);
#11485 = PRESENTATION_STYLE_ASSIGNMENT((#11486));
#11486 = SURFACE_STYLE_USAGE(.BOTH.,#11487);
#11487 = SURFACE_SIDE_STYLE('',(#11488));
#11488 = SURFACE_STYLE_FILL_AREA(#11489);
#11489 = FILL_AREA_STYLE('',(#11490));
#11490 = FILL_AREA_STYLE_COLOUR('',#11277);
#11491 = STYLED_ITEM('color',(#11492),#938);
#11492 = PRESENTATION_STYLE_ASSIGNMENT((#11493));
#11493 = SURFACE_STYLE_USAGE(.BOTH.,#11494);
#11494 = SURFACE_SIDE_STYLE('',(#11495));
#11495 = SURFACE_STYLE_FILL_AREA(#11496);
#11496 = FILL_AREA_STYLE('',(#11497));
#11497 = FILL_AREA_STYLE_COLOUR('',#11277);
#11498 = MECHANICAL_DESIGN_GEOMETRIC_PRESENTATION_REPRESENTATION('',(
    #11499),#6782);
#11499 = STYLED_ITEM('color',(#11500),#6440);
#11500 = PRESENTATION_STYLE_ASSIGNMENT((#11501));
#11501 = SURFACE_STYLE_USAGE(.BOTH.,#11502);
#11502 = SURFACE_SIDE_STYLE('',(#11503));
#11503 = SURFACE_STYLE_FILL_AREA(#11504);
#11504 = FILL_AREA_STYLE('',(#11505));
#11505 = FILL_AREA_STYLE_COLOUR('',#11506);
#11506 = COLOUR_RGB('',0.147999998088,0.145000001626,0.145000001626);
#11507 = MECHANICAL_DESIGN_GEOMETRIC_PRESENTATION_REPRESENTATION('',(
    #11508,#11517,#11526,#11535,#11544,#11553,#11562,#11571,#11580,
    #11589,#11598,#11607,#11616,#11625,#11634,#11643,#11652,#11661,
    #11670,#11679,#11688,#11697,#11706,#11715,#11724,#11733,#11742,
    #11751,#11760,#11769,#11778,#11787,#11796,#11805,#11814,#11823,
    #11832,#11841,#11850,#11859,#11868,#11877,#11886,#11895,#11904,
    #11913,#11922,#11931,#11940,#11949,#11958,#11967,#11976,#11985,
    #11994,#12003,#12012,#12021,#12030,#12039,#12048,#12057,#12066,
    #12075,#12084,#12093,#12102,#12111,#12120,#12129,#12138,#12147,
    #12156,#12165,#12174,#12183,#12192,#12201,#12210,#12219,#12228,
    #12237,#12246,#12255,#12264,#12273,#12282,#12291,#12300,#12309,
    #12318,#12327,#12336,#12345,#12354,#12363,#12372,#12381,#12390,
    #12399,#12408,#12417,#12426,#12435,#12444,#12453,#12462,#12471,
    #12480,#12489,#12498,#12507,#12516,#12525,#12534,#12543,#12552,
    #12561,#12570,#12579,#12588,#12597,#12606,#12615,#12624,#12633,
    #12642,#12651,#12660,#12669,#12678,#12687,#12696,#12705,#12714,
    #12723,#12732,#12741,#12750,#12759,#12768,#12777,#12786,#12795,
    #12804,#12813,#12822),#5469);
#11508 = STYLED_ITEM('color',(#11509),#1003);
#11509 = PRESENTATION_STYLE_ASSIGNMENT((#11510,#11515));
#11510 = SURFACE_STYLE_USAGE(.BOTH.,#11511);
#11511 = SURFACE_SIDE_STYLE('',(#11512));
#11512 = SURFACE_STYLE_FILL_AREA(#11513);
#11513 = FILL_AREA_STYLE('',(#11514));
#11514 = FILL_AREA_STYLE_COLOUR('',#11506);
#11515 = CURVE_STYLE('',#11516,POSITIVE_LENGTH_MEASURE(0.1),#11506);
#11516 = DRAUGHTING_PRE_DEFINED_CURVE_FONT('continuous');
#11517 = STYLED_ITEM('color',(#11518),#1041);
#11518 = PRESENTATION_STYLE_ASSIGNMENT((#11519,#11524));
#11519 = SURFACE_STYLE_USAGE(.BOTH.,#11520);
#11520 = SURFACE_SIDE_STYLE('',(#11521));
#11521 = SURFACE_STYLE_FILL_AREA(#11522);
#11522 = FILL_AREA_STYLE('',(#11523));
#11523 = FILL_AREA_STYLE_COLOUR('',#11506);
#11524 = CURVE_STYLE('',#11525,POSITIVE_LENGTH_MEASURE(0.1),#11506);
#11525 = DRAUGHTING_PRE_DEFINED_CURVE_FONT('continuous');
#11526 = STYLED_ITEM('color',(#11527),#1104);
#11527 = PRESENTATION_STYLE_ASSIGNMENT((#11528,#11533));
#11528 = SURFACE_STYLE_USAGE(.BOTH.,#11529);
#11529 = SURFACE_SIDE_STYLE('',(#11530));
#11530 = SURFACE_STYLE_FILL_AREA(#11531);
#11531 = FILL_AREA_STYLE('',(#11532));
#11532 = FILL_AREA_STYLE_COLOUR('',#11506);
#11533 = CURVE_STYLE('',#11534,POSITIVE_LENGTH_MEASURE(0.1),#11506);
#11534 = DRAUGHTING_PRE_DEFINED_CURVE_FONT('continuous');
#11535 = STYLED_ITEM('color',(#11536),#1127);
#11536 = PRESENTATION_STYLE_ASSIGNMENT((#11537,#11542));
#11537 = SURFACE_STYLE_USAGE(.BOTH.,#11538);
#11538 = SURFACE_SIDE_STYLE('',(#11539));
#11539 = SURFACE_STYLE_FILL_AREA(#11540);
#11540 = FILL_AREA_STYLE('',(#11541));
#11541 = FILL_AREA_STYLE_COLOUR('',#11506);
#11542 = CURVE_STYLE('',#11543,POSITIVE_LENGTH_MEASURE(0.1),#11506);
#11543 = DRAUGHTING_PRE_DEFINED_CURVE_FONT('continuous');
#11544 = STYLED_ITEM('color',(#11545),#1156);
#11545 = PRESENTATION_STYLE_ASSIGNMENT((#11546,#11551));
#11546 = SURFACE_STYLE_USAGE(.BOTH.,#11547);
#11547 = SURFACE_SIDE_STYLE('',(#11548));
#11548 = SURFACE_STYLE_FILL_AREA(#11549);
#11549 = FILL_AREA_STYLE('',(#11550));
#11550 = FILL_AREA_STYLE_COLOUR('',#11506);
#11551 = CURVE_STYLE('',#11552,POSITIVE_LENGTH_MEASURE(0.1),#11506);
#11552 = DRAUGHTING_PRE_DEFINED_CURVE_FONT('continuous');
#11553 = STYLED_ITEM('color',(#11554),#1179);
#11554 = PRESENTATION_STYLE_ASSIGNMENT((#11555,#11560));
#11555 = SURFACE_STYLE_USAGE(.BOTH.,#11556);
#11556 = SURFACE_SIDE_STYLE('',(#11557));
#11557 = SURFACE_STYLE_FILL_AREA(#11558);
#11558 = FILL_AREA_STYLE('',(#11559));
#11559 = FILL_AREA_STYLE_COLOUR('',#11506);
#11560 = CURVE_STYLE('',#11561,POSITIVE_LENGTH_MEASURE(0.1),#11506);
#11561 = DRAUGHTING_PRE_DEFINED_CURVE_FONT('continuous');
#11562 = STYLED_ITEM('color',(#11563),#1266);
#11563 = PRESENTATION_STYLE_ASSIGNMENT((#11564,#11569));
#11564 = SURFACE_STYLE_USAGE(.BOTH.,#11565);
#11565 = SURFACE_SIDE_STYLE('',(#11566));
#11566 = SURFACE_STYLE_FILL_AREA(#11567);
#11567 = FILL_AREA_STYLE('',(#11568));
#11568 = FILL_AREA_STYLE_COLOUR('',#11506);
#11569 = CURVE_STYLE('',#11570,POSITIVE_LENGTH_MEASURE(0.1),#11506);
#11570 = DRAUGHTING_PRE_DEFINED_CURVE_FONT('continuous');
#11571 = STYLED_ITEM('color',(#11572),#1353);
#11572 = PRESENTATION_STYLE_ASSIGNMENT((#11573,#11578));
#11573 = SURFACE_STYLE_USAGE(.BOTH.,#11574);
#11574 = SURFACE_SIDE_STYLE('',(#11575));
#11575 = SURFACE_STYLE_FILL_AREA(#11576);
#11576 = FILL_AREA_STYLE('',(#11577));
#11577 = FILL_AREA_STYLE_COLOUR('',#11506);
#11578 = CURVE_STYLE('',#11579,POSITIVE_LENGTH_MEASURE(0.1),#11506);
#11579 = DRAUGHTING_PRE_DEFINED_CURVE_FONT('continuous');
#11580 = STYLED_ITEM('color',(#11581),#1376);
#11581 = PRESENTATION_STYLE_ASSIGNMENT((#11582,#11587));
#11582 = SURFACE_STYLE_USAGE(.BOTH.,#11583);
#11583 = SURFACE_SIDE_STYLE('',(#11584));
#11584 = SURFACE_STYLE_FILL_AREA(#11585);
#11585 = FILL_AREA_STYLE('',(#11586));
#11586 = FILL_AREA_STYLE_COLOUR('',#11506);
#11587 = CURVE_STYLE('',#11588,POSITIVE_LENGTH_MEASURE(0.1),#11506);
#11588 = DRAUGHTING_PRE_DEFINED_CURVE_FONT('continuous');
#11589 = STYLED_ITEM('color',(#11590),#1399);
#11590 = PRESENTATION_STYLE_ASSIGNMENT((#11591,#11596));
#11591 = SURFACE_STYLE_USAGE(.BOTH.,#11592);
#11592 = SURFACE_SIDE_STYLE('',(#11593));
#11593 = SURFACE_STYLE_FILL_AREA(#11594);
#11594 = FILL_AREA_STYLE('',(#11595));
#11595 = FILL_AREA_STYLE_COLOUR('',#11506);
#11596 = CURVE_STYLE('',#11597,POSITIVE_LENGTH_MEASURE(0.1),#11506);
#11597 = DRAUGHTING_PRE_DEFINED_CURVE_FONT('continuous');
#11598 = STYLED_ITEM('color',(#11599),#1416);
#11599 = PRESENTATION_STYLE_ASSIGNMENT((#11600,#11605));
#11600 = SURFACE_STYLE_USAGE(.BOTH.,#11601);
#11601 = SURFACE_SIDE_STYLE('',(#11602));
#11602 = SURFACE_STYLE_FILL_AREA(#11603);
#11603 = FILL_AREA_STYLE('',(#11604));
#11604 = FILL_AREA_STYLE_COLOUR('',#11506);
#11605 = CURVE_STYLE('',#11606,POSITIVE_LENGTH_MEASURE(0.1),#11506);
#11606 = DRAUGHTING_PRE_DEFINED_CURVE_FONT('continuous');
#11607 = STYLED_ITEM('color',(#11608),#1439);
#11608 = PRESENTATION_STYLE_ASSIGNMENT((#11609,#11614));
#11609 = SURFACE_STYLE_USAGE(.BOTH.,#11610);
#11610 = SURFACE_SIDE_STYLE('',(#11611));
#11611 = SURFACE_STYLE_FILL_AREA(#11612);
#11612 = FILL_AREA_STYLE('',(#11613));
#11613 = FILL_AREA_STYLE_COLOUR('',#11506);
#11614 = CURVE_STYLE('',#11615,POSITIVE_LENGTH_MEASURE(0.1),#11506);
#11615 = DRAUGHTING_PRE_DEFINED_CURVE_FONT('continuous');
#11616 = STYLED_ITEM('color',(#11617),#1527);
#11617 = PRESENTATION_STYLE_ASSIGNMENT((#11618,#11623));
#11618 = SURFACE_STYLE_USAGE(.BOTH.,#11619);
#11619 = SURFACE_SIDE_STYLE('',(#11620));
#11620 = SURFACE_STYLE_FILL_AREA(#11621);
#11621 = FILL_AREA_STYLE('',(#11622));
#11622 = FILL_AREA_STYLE_COLOUR('',#11506);
#11623 = CURVE_STYLE('',#11624,POSITIVE_LENGTH_MEASURE(0.1),#11506);
#11624 = DRAUGHTING_PRE_DEFINED_CURVE_FONT('continuous');
#11625 = STYLED_ITEM('color',(#11626),#1543);
#11626 = PRESENTATION_STYLE_ASSIGNMENT((#11627,#11632));
#11627 = SURFACE_STYLE_USAGE(.BOTH.,#11628);
#11628 = SURFACE_SIDE_STYLE('',(#11629));
#11629 = SURFACE_STYLE_FILL_AREA(#11630);
#11630 = FILL_AREA_STYLE('',(#11631));
#11631 = FILL_AREA_STYLE_COLOUR('',#11506);
#11632 = CURVE_STYLE('',#11633,POSITIVE_LENGTH_MEASURE(0.1),#11506);
#11633 = DRAUGHTING_PRE_DEFINED_CURVE_FONT('continuous');
#11634 = STYLED_ITEM('color',(#11635),#1573);
#11635 = PRESENTATION_STYLE_ASSIGNMENT((#11636,#11641));
#11636 = SURFACE_STYLE_USAGE(.BOTH.,#11637);
#11637 = SURFACE_SIDE_STYLE('',(#11638));
#11638 = SURFACE_STYLE_FILL_AREA(#11639);
#11639 = FILL_AREA_STYLE('',(#11640));
#11640 = FILL_AREA_STYLE_COLOUR('',#11277);
#11641 = CURVE_STYLE('',#11642,POSITIVE_LENGTH_MEASURE(0.1),#11277);
#11642 = DRAUGHTING_PRE_DEFINED_CURVE_FONT('continuous');
#11643 = STYLED_ITEM('color',(#11644),#1604);
#11644 = PRESENTATION_STYLE_ASSIGNMENT((#11645,#11650));
#11645 = SURFACE_STYLE_USAGE(.BOTH.,#11646);
#11646 = SURFACE_SIDE_STYLE('',(#11647));
#11647 = SURFACE_STYLE_FILL_AREA(#11648);
#11648 = FILL_AREA_STYLE('',(#11649));
#11649 = FILL_AREA_STYLE_COLOUR('',#11506);
#11650 = CURVE_STYLE('',#11651,POSITIVE_LENGTH_MEASURE(0.1),#11506);
#11651 = DRAUGHTING_PRE_DEFINED_CURVE_FONT('continuous');
#11652 = STYLED_ITEM('color',(#11653),#1635);
#11653 = PRESENTATION_STYLE_ASSIGNMENT((#11654,#11659));
#11654 = SURFACE_STYLE_USAGE(.BOTH.,#11655);
#11655 = SURFACE_SIDE_STYLE('',(#11656));
#11656 = SURFACE_STYLE_FILL_AREA(#11657);
#11657 = FILL_AREA_STYLE('',(#11658));
#11658 = FILL_AREA_STYLE_COLOUR('',#11277);
#11659 = CURVE_STYLE('',#11660,POSITIVE_LENGTH_MEASURE(0.1),#11277);
#11660 = DRAUGHTING_PRE_DEFINED_CURVE_FONT('continuous');
#11661 = STYLED_ITEM('color',(#11662),#1666);
#11662 = PRESENTATION_STYLE_ASSIGNMENT((#11663,#11668));
#11663 = SURFACE_STYLE_USAGE(.BOTH.,#11664);
#11664 = SURFACE_SIDE_STYLE('',(#11665));
#11665 = SURFACE_STYLE_FILL_AREA(#11666);
#11666 = FILL_AREA_STYLE('',(#11667));
#11667 = FILL_AREA_STYLE_COLOUR('',#11506);
#11668 = CURVE_STYLE('',#11669,POSITIVE_LENGTH_MEASURE(0.1),#11506);
#11669 = DRAUGHTING_PRE_DEFINED_CURVE_FONT('continuous');
#11670 = STYLED_ITEM('color',(#11671),#1697);
#11671 = PRESENTATION_STYLE_ASSIGNMENT((#11672,#11677));
#11672 = SURFACE_STYLE_USAGE(.BOTH.,#11673);
#11673 = SURFACE_SIDE_STYLE('',(#11674));
#11674 = SURFACE_STYLE_FILL_AREA(#11675);
#11675 = FILL_AREA_STYLE('',(#11676));
#11676 = FILL_AREA_STYLE_COLOUR('',#11277);
#11677 = CURVE_STYLE('',#11678,POSITIVE_LENGTH_MEASURE(0.1),#11277);
#11678 = DRAUGHTING_PRE_DEFINED_CURVE_FONT('continuous');
#11679 = STYLED_ITEM('color',(#11680),#1728);
#11680 = PRESENTATION_STYLE_ASSIGNMENT((#11681,#11686));
#11681 = SURFACE_STYLE_USAGE(.BOTH.,#11682);
#11682 = SURFACE_SIDE_STYLE('',(#11683));
#11683 = SURFACE_STYLE_FILL_AREA(#11684);
#11684 = FILL_AREA_STYLE('',(#11685));
#11685 = FILL_AREA_STYLE_COLOUR('',#11506);
#11686 = CURVE_STYLE('',#11687,POSITIVE_LENGTH_MEASURE(0.1),#11506);
#11687 = DRAUGHTING_PRE_DEFINED_CURVE_FONT('continuous');
#11688 = STYLED_ITEM('color',(#11689),#1759);
#11689 = PRESENTATION_STYLE_ASSIGNMENT((#11690,#11695));
#11690 = SURFACE_STYLE_USAGE(.BOTH.,#11691);
#11691 = SURFACE_SIDE_STYLE('',(#11692));
#11692 = SURFACE_STYLE_FILL_AREA(#11693);
#11693 = FILL_AREA_STYLE('',(#11694));
#11694 = FILL_AREA_STYLE_COLOUR('',#11277);
#11695 = CURVE_STYLE('',#11696,POSITIVE_LENGTH_MEASURE(0.1),#11277);
#11696 = DRAUGHTING_PRE_DEFINED_CURVE_FONT('continuous');
#11697 = STYLED_ITEM('color',(#11698),#1790);
#11698 = PRESENTATION_STYLE_ASSIGNMENT((#11699,#11704));
#11699 = SURFACE_STYLE_USAGE(.BOTH.,#11700);
#11700 = SURFACE_SIDE_STYLE('',(#11701));
#11701 = SURFACE_STYLE_FILL_AREA(#11702);
#11702 = FILL_AREA_STYLE('',(#11703));
#11703 = FILL_AREA_STYLE_COLOUR('',#11506);
#11704 = CURVE_STYLE('',#11705,POSITIVE_LENGTH_MEASURE(0.1),#11506);
#11705 = DRAUGHTING_PRE_DEFINED_CURVE_FONT('continuous');
#11706 = STYLED_ITEM('color',(#11707),#1807);
#11707 = PRESENTATION_STYLE_ASSIGNMENT((#11708,#11713));
#11708 = SURFACE_STYLE_USAGE(.BOTH.,#11709);
#11709 = SURFACE_SIDE_STYLE('',(#11710));
#11710 = SURFACE_STYLE_FILL_AREA(#11711);
#11711 = FILL_AREA_STYLE('',(#11712));
#11712 = FILL_AREA_STYLE_COLOUR('',#11506);
#11713 = CURVE_STYLE('',#11714,POSITIVE_LENGTH_MEASURE(0.1),#11506);
#11714 = DRAUGHTING_PRE_DEFINED_CURVE_FONT('continuous');
#11715 = STYLED_ITEM('color',(#11716),#1824);
#11716 = PRESENTATION_STYLE_ASSIGNMENT((#11717,#11722));
#11717 = SURFACE_STYLE_USAGE(.BOTH.,#11718);
#11718 = SURFACE_SIDE_STYLE('',(#11719));
#11719 = SURFACE_STYLE_FILL_AREA(#11720);
#11720 = FILL_AREA_STYLE('',(#11721));
#11721 = FILL_AREA_STYLE_COLOUR('',#11277);
#11722 = CURVE_STYLE('',#11723,POSITIVE_LENGTH_MEASURE(0.1),#11277);
#11723 = DRAUGHTING_PRE_DEFINED_CURVE_FONT('continuous');
#11724 = STYLED_ITEM('color',(#11725),#1855);
#11725 = PRESENTATION_STYLE_ASSIGNMENT((#11726,#11731));
#11726 = SURFACE_STYLE_USAGE(.BOTH.,#11727);
#11727 = SURFACE_SIDE_STYLE('',(#11728));
#11728 = SURFACE_STYLE_FILL_AREA(#11729);
#11729 = FILL_AREA_STYLE('',(#11730));
#11730 = FILL_AREA_STYLE_COLOUR('',#11506);
#11731 = CURVE_STYLE('',#11732,POSITIVE_LENGTH_MEASURE(0.1),#11506);
#11732 = DRAUGHTING_PRE_DEFINED_CURVE_FONT('continuous');
#11733 = STYLED_ITEM('color',(#11734),#1886);
#11734 = PRESENTATION_STYLE_ASSIGNMENT((#11735,#11740));
#11735 = SURFACE_STYLE_USAGE(.BOTH.,#11736);
#11736 = SURFACE_SIDE_STYLE('',(#11737));
#11737 = SURFACE_STYLE_FILL_AREA(#11738);
#11738 = FILL_AREA_STYLE('',(#11739));
#11739 = FILL_AREA_STYLE_COLOUR('',#11277);
#11740 = CURVE_STYLE('',#11741,POSITIVE_LENGTH_MEASURE(0.1),#11277);
#11741 = DRAUGHTING_PRE_DEFINED_CURVE_FONT('continuous');
#11742 = STYLED_ITEM('color',(#11743),#1917);
#11743 = PRESENTATION_STYLE_ASSIGNMENT((#11744,#11749));
#11744 = SURFACE_STYLE_USAGE(.BOTH.,#11745);
#11745 = SURFACE_SIDE_STYLE('',(#11746));
#11746 = SURFACE_STYLE_FILL_AREA(#11747);
#11747 = FILL_AREA_STYLE('',(#11748));
#11748 = FILL_AREA_STYLE_COLOUR('',#11506);
#11749 = CURVE_STYLE('',#11750,POSITIVE_LENGTH_MEASURE(0.1),#11506);
#11750 = DRAUGHTING_PRE_DEFINED_CURVE_FONT('continuous');
#11751 = STYLED_ITEM('color',(#11752),#1948);
#11752 = PRESENTATION_STYLE_ASSIGNMENT((#11753,#11758));
#11753 = SURFACE_STYLE_USAGE(.BOTH.,#11754);
#11754 = SURFACE_SIDE_STYLE('',(#11755));
#11755 = SURFACE_STYLE_FILL_AREA(#11756);
#11756 = FILL_AREA_STYLE('',(#11757));
#11757 = FILL_AREA_STYLE_COLOUR('',#11277);
#11758 = CURVE_STYLE('',#11759,POSITIVE_LENGTH_MEASURE(0.1),#11277);
#11759 = DRAUGHTING_PRE_DEFINED_CURVE_FONT('continuous');
#11760 = STYLED_ITEM('color',(#11761),#1979);
#11761 = PRESENTATION_STYLE_ASSIGNMENT((#11762,#11767));
#11762 = SURFACE_STYLE_USAGE(.BOTH.,#11763);
#11763 = SURFACE_SIDE_STYLE('',(#11764));
#11764 = SURFACE_STYLE_FILL_AREA(#11765);
#11765 = FILL_AREA_STYLE('',(#11766));
#11766 = FILL_AREA_STYLE_COLOUR('',#11506);
#11767 = CURVE_STYLE('',#11768,POSITIVE_LENGTH_MEASURE(0.1),#11506);
#11768 = DRAUGHTING_PRE_DEFINED_CURVE_FONT('continuous');
#11769 = STYLED_ITEM('color',(#11770),#2010);
#11770 = PRESENTATION_STYLE_ASSIGNMENT((#11771,#11776));
#11771 = SURFACE_STYLE_USAGE(.BOTH.,#11772);
#11772 = SURFACE_SIDE_STYLE('',(#11773));
#11773 = SURFACE_STYLE_FILL_AREA(#11774);
#11774 = FILL_AREA_STYLE('',(#11775));
#11775 = FILL_AREA_STYLE_COLOUR('',#11277);
#11776 = CURVE_STYLE('',#11777,POSITIVE_LENGTH_MEASURE(0.1),#11277);
#11777 = DRAUGHTING_PRE_DEFINED_CURVE_FONT('continuous');
#11778 = STYLED_ITEM('color',(#11779),#2041);
#11779 = PRESENTATION_STYLE_ASSIGNMENT((#11780,#11785));
#11780 = SURFACE_STYLE_USAGE(.BOTH.,#11781);
#11781 = SURFACE_SIDE_STYLE('',(#11782));
#11782 = SURFACE_STYLE_FILL_AREA(#11783);
#11783 = FILL_AREA_STYLE('',(#11784));
#11784 = FILL_AREA_STYLE_COLOUR('',#11506);
#11785 = CURVE_STYLE('',#11786,POSITIVE_LENGTH_MEASURE(0.1),#11506);
#11786 = DRAUGHTING_PRE_DEFINED_CURVE_FONT('continuous');
#11787 = STYLED_ITEM('color',(#11788),#2071);
#11788 = PRESENTATION_STYLE_ASSIGNMENT((#11789,#11794));
#11789 = SURFACE_STYLE_USAGE(.BOTH.,#11790);
#11790 = SURFACE_SIDE_STYLE('',(#11791));
#11791 = SURFACE_STYLE_FILL_AREA(#11792);
#11792 = FILL_AREA_STYLE('',(#11793));
#11793 = FILL_AREA_STYLE_COLOUR('',#11506);
#11794 = CURVE_STYLE('',#11795,POSITIVE_LENGTH_MEASURE(0.1),#11506);
#11795 = DRAUGHTING_PRE_DEFINED_CURVE_FONT('continuous');
#11796 = STYLED_ITEM('color',(#11797),#2094);
#11797 = PRESENTATION_STYLE_ASSIGNMENT((#11798,#11803));
#11798 = SURFACE_STYLE_USAGE(.BOTH.,#11799);
#11799 = SURFACE_SIDE_STYLE('',(#11800));
#11800 = SURFACE_STYLE_FILL_AREA(#11801);
#11801 = FILL_AREA_STYLE('',(#11802));
#11802 = FILL_AREA_STYLE_COLOUR('',#11506);
#11803 = CURVE_STYLE('',#11804,POSITIVE_LENGTH_MEASURE(0.1),#11506);
#11804 = DRAUGHTING_PRE_DEFINED_CURVE_FONT('continuous');
#11805 = STYLED_ITEM('color',(#11806),#2117);
#11806 = PRESENTATION_STYLE_ASSIGNMENT((#11807,#11812));
#11807 = SURFACE_STYLE_USAGE(.BOTH.,#11808);
#11808 = SURFACE_SIDE_STYLE('',(#11809));
#11809 = SURFACE_STYLE_FILL_AREA(#11810);
#11810 = FILL_AREA_STYLE('',(#11811));
#11811 = FILL_AREA_STYLE_COLOUR('',#11506);
#11812 = CURVE_STYLE('',#11813,POSITIVE_LENGTH_MEASURE(0.1),#11506);
#11813 = DRAUGHTING_PRE_DEFINED_CURVE_FONT('continuous');
#11814 = STYLED_ITEM('color',(#11815),#2134);
#11815 = PRESENTATION_STYLE_ASSIGNMENT((#11816,#11821));
#11816 = SURFACE_STYLE_USAGE(.BOTH.,#11817);
#11817 = SURFACE_SIDE_STYLE('',(#11818));
#11818 = SURFACE_STYLE_FILL_AREA(#11819);
#11819 = FILL_AREA_STYLE('',(#11820));
#11820 = FILL_AREA_STYLE_COLOUR('',#11277);
#11821 = CURVE_STYLE('',#11822,POSITIVE_LENGTH_MEASURE(0.1),#11277);
#11822 = DRAUGHTING_PRE_DEFINED_CURVE_FONT('continuous');
#11823 = STYLED_ITEM('color',(#11824),#2179);
#11824 = PRESENTATION_STYLE_ASSIGNMENT((#11825,#11830));
#11825 = SURFACE_STYLE_USAGE(.BOTH.,#11826);
#11826 = SURFACE_SIDE_STYLE('',(#11827));
#11827 = SURFACE_STYLE_FILL_AREA(#11828);
#11828 = FILL_AREA_STYLE('',(#11829));
#11829 = FILL_AREA_STYLE_COLOUR('',#11506);
#11830 = CURVE_STYLE('',#11831,POSITIVE_LENGTH_MEASURE(0.1),#11506);
#11831 = DRAUGHTING_PRE_DEFINED_CURVE_FONT('continuous');
#11832 = STYLED_ITEM('color',(#11833),#2265);
#11833 = PRESENTATION_STYLE_ASSIGNMENT((#11834,#11839));
#11834 = SURFACE_STYLE_USAGE(.BOTH.,#11835);
#11835 = SURFACE_SIDE_STYLE('',(#11836));
#11836 = SURFACE_STYLE_FILL_AREA(#11837);
#11837 = FILL_AREA_STYLE('',(#11838));
#11838 = FILL_AREA_STYLE_COLOUR('',#11506);
#11839 = CURVE_STYLE('',#11840,POSITIVE_LENGTH_MEASURE(0.1),#11506);
#11840 = DRAUGHTING_PRE_DEFINED_CURVE_FONT('continuous');
#11841 = STYLED_ITEM('color',(#11842),#2288);
#11842 = PRESENTATION_STYLE_ASSIGNMENT((#11843,#11848));
#11843 = SURFACE_STYLE_USAGE(.BOTH.,#11844);
#11844 = SURFACE_SIDE_STYLE('',(#11845));
#11845 = SURFACE_STYLE_FILL_AREA(#11846);
#11846 = FILL_AREA_STYLE('',(#11847));
#11847 = FILL_AREA_STYLE_COLOUR('',#11506);
#11848 = CURVE_STYLE('',#11849,POSITIVE_LENGTH_MEASURE(0.1),#11506);
#11849 = DRAUGHTING_PRE_DEFINED_CURVE_FONT('continuous');
#11850 = STYLED_ITEM('color',(#11851),#2311);
#11851 = PRESENTATION_STYLE_ASSIGNMENT((#11852,#11857));
#11852 = SURFACE_STYLE_USAGE(.BOTH.,#11853);
#11853 = SURFACE_SIDE_STYLE('',(#11854));
#11854 = SURFACE_STYLE_FILL_AREA(#11855);
#11855 = FILL_AREA_STYLE('',(#11856));
#11856 = FILL_AREA_STYLE_COLOUR('',#11506);
#11857 = CURVE_STYLE('',#11858,POSITIVE_LENGTH_MEASURE(0.1),#11506);
#11858 = DRAUGHTING_PRE_DEFINED_CURVE_FONT('continuous');
#11859 = STYLED_ITEM('color',(#11860),#2334);
#11860 = PRESENTATION_STYLE_ASSIGNMENT((#11861,#11866));
#11861 = SURFACE_STYLE_USAGE(.BOTH.,#11862);
#11862 = SURFACE_SIDE_STYLE('',(#11863));
#11863 = SURFACE_STYLE_FILL_AREA(#11864);
#11864 = FILL_AREA_STYLE('',(#11865));
#11865 = FILL_AREA_STYLE_COLOUR('',#11506);
#11866 = CURVE_STYLE('',#11867,POSITIVE_LENGTH_MEASURE(0.1),#11506);
#11867 = DRAUGHTING_PRE_DEFINED_CURVE_FONT('continuous');
#11868 = STYLED_ITEM('color',(#11869),#2421);
#11869 = PRESENTATION_STYLE_ASSIGNMENT((#11870,#11875));
#11870 = SURFACE_STYLE_USAGE(.BOTH.,#11871);
#11871 = SURFACE_SIDE_STYLE('',(#11872));
#11872 = SURFACE_STYLE_FILL_AREA(#11873);
#11873 = FILL_AREA_STYLE('',(#11874));
#11874 = FILL_AREA_STYLE_COLOUR('',#11277);
#11875 = CURVE_STYLE('',#11876,POSITIVE_LENGTH_MEASURE(0.1),#11277);
#11876 = DRAUGHTING_PRE_DEFINED_CURVE_FONT('continuous');
#11877 = STYLED_ITEM('color',(#11878),#2459);
#11878 = PRESENTATION_STYLE_ASSIGNMENT((#11879,#11884));
#11879 = SURFACE_STYLE_USAGE(.BOTH.,#11880);
#11880 = SURFACE_SIDE_STYLE('',(#11881));
#11881 = SURFACE_STYLE_FILL_AREA(#11882);
#11882 = FILL_AREA_STYLE('',(#11883));
#11883 = FILL_AREA_STYLE_COLOUR('',#11506);
#11884 = CURVE_STYLE('',#11885,POSITIVE_LENGTH_MEASURE(0.1),#11506);
#11885 = DRAUGHTING_PRE_DEFINED_CURVE_FONT('continuous');
#11886 = STYLED_ITEM('color',(#11887),#2508);
#11887 = PRESENTATION_STYLE_ASSIGNMENT((#11888,#11893));
#11888 = SURFACE_STYLE_USAGE(.BOTH.,#11889);
#11889 = SURFACE_SIDE_STYLE('',(#11890));
#11890 = SURFACE_STYLE_FILL_AREA(#11891);
#11891 = FILL_AREA_STYLE('',(#11892));
#11892 = FILL_AREA_STYLE_COLOUR('',#11277);
#11893 = CURVE_STYLE('',#11894,POSITIVE_LENGTH_MEASURE(0.1),#11277);
#11894 = DRAUGHTING_PRE_DEFINED_CURVE_FONT('continuous');
#11895 = STYLED_ITEM('color',(#11896),#2600);
#11896 = PRESENTATION_STYLE_ASSIGNMENT((#11897,#11902));
#11897 = SURFACE_STYLE_USAGE(.BOTH.,#11898);
#11898 = SURFACE_SIDE_STYLE('',(#11899));
#11899 = SURFACE_STYLE_FILL_AREA(#11900);
#11900 = FILL_AREA_STYLE('',(#11901));
#11901 = FILL_AREA_STYLE_COLOUR('',#11277);
#11902 = CURVE_STYLE('',#11903,POSITIVE_LENGTH_MEASURE(0.1),#11277);
#11903 = DRAUGHTING_PRE_DEFINED_CURVE_FONT('continuous');
#11904 = STYLED_ITEM('color',(#11905),#2625);
#11905 = PRESENTATION_STYLE_ASSIGNMENT((#11906,#11911));
#11906 = SURFACE_STYLE_USAGE(.BOTH.,#11907);
#11907 = SURFACE_SIDE_STYLE('',(#11908));
#11908 = SURFACE_STYLE_FILL_AREA(#11909);
#11909 = FILL_AREA_STYLE('',(#11910));
#11910 = FILL_AREA_STYLE_COLOUR('',#11277);
#11911 = CURVE_STYLE('',#11912,POSITIVE_LENGTH_MEASURE(0.1),#11277);
#11912 = DRAUGHTING_PRE_DEFINED_CURVE_FONT('continuous');
#11913 = STYLED_ITEM('color',(#11914),#2709);
#11914 = PRESENTATION_STYLE_ASSIGNMENT((#11915,#11920));
#11915 = SURFACE_STYLE_USAGE(.BOTH.,#11916);
#11916 = SURFACE_SIDE_STYLE('',(#11917));
#11917 = SURFACE_STYLE_FILL_AREA(#11918);
#11918 = FILL_AREA_STYLE('',(#11919));
#11919 = FILL_AREA_STYLE_COLOUR('',#11506);
#11920 = CURVE_STYLE('',#11921,POSITIVE_LENGTH_MEASURE(0.1),#11506);
#11921 = DRAUGHTING_PRE_DEFINED_CURVE_FONT('continuous');
#11922 = STYLED_ITEM('color',(#11923),#2731);
#11923 = PRESENTATION_STYLE_ASSIGNMENT((#11924,#11929));
#11924 = SURFACE_STYLE_USAGE(.BOTH.,#11925);
#11925 = SURFACE_SIDE_STYLE('',(#11926));
#11926 = SURFACE_STYLE_FILL_AREA(#11927);
#11927 = FILL_AREA_STYLE('',(#11928));
#11928 = FILL_AREA_STYLE_COLOUR('',#11277);
#11929 = CURVE_STYLE('',#11930,POSITIVE_LENGTH_MEASURE(0.1),#11277);
#11930 = DRAUGHTING_PRE_DEFINED_CURVE_FONT('continuous');
#11931 = STYLED_ITEM('color',(#11932),#2823);
#11932 = PRESENTATION_STYLE_ASSIGNMENT((#11933,#11938));
#11933 = SURFACE_STYLE_USAGE(.BOTH.,#11934);
#11934 = SURFACE_SIDE_STYLE('',(#11935));
#11935 = SURFACE_STYLE_FILL_AREA(#11936);
#11936 = FILL_AREA_STYLE('',(#11937));
#11937 = FILL_AREA_STYLE_COLOUR('',#11277);
#11938 = CURVE_STYLE('',#11939,POSITIVE_LENGTH_MEASURE(0.1),#11277);
#11939 = DRAUGHTING_PRE_DEFINED_CURVE_FONT('continuous');
#11940 = STYLED_ITEM('color',(#11941),#2848);
#11941 = PRESENTATION_STYLE_ASSIGNMENT((#11942,#11947));
#11942 = SURFACE_STYLE_USAGE(.BOTH.,#11943);
#11943 = SURFACE_SIDE_STYLE('',(#11944));
#11944 = SURFACE_STYLE_FILL_AREA(#11945);
#11945 = FILL_AREA_STYLE('',(#11946));
#11946 = FILL_AREA_STYLE_COLOUR('',#11277);
#11947 = CURVE_STYLE('',#11948,POSITIVE_LENGTH_MEASURE(0.1),#11277);
#11948 = DRAUGHTING_PRE_DEFINED_CURVE_FONT('continuous');
#11949 = STYLED_ITEM('color',(#11950),#2932);
#11950 = PRESENTATION_STYLE_ASSIGNMENT((#11951,#11956));
#11951 = SURFACE_STYLE_USAGE(.BOTH.,#11952);
#11952 = SURFACE_SIDE_STYLE('',(#11953));
#11953 = SURFACE_STYLE_FILL_AREA(#11954);
#11954 = FILL_AREA_STYLE('',(#11955));
#11955 = FILL_AREA_STYLE_COLOUR('',#11506);
#11956 = CURVE_STYLE('',#11957,POSITIVE_LENGTH_MEASURE(0.1),#11506);
#11957 = DRAUGHTING_PRE_DEFINED_CURVE_FONT('continuous');
#11958 = STYLED_ITEM('color',(#11959),#2954);
#11959 = PRESENTATION_STYLE_ASSIGNMENT((#11960,#11965));
#11960 = SURFACE_STYLE_USAGE(.BOTH.,#11961);
#11961 = SURFACE_SIDE_STYLE('',(#11962));
#11962 = SURFACE_STYLE_FILL_AREA(#11963);
#11963 = FILL_AREA_STYLE('',(#11964));
#11964 = FILL_AREA_STYLE_COLOUR('',#11277);
#11965 = CURVE_STYLE('',#11966,POSITIVE_LENGTH_MEASURE(0.1),#11277);
#11966 = DRAUGHTING_PRE_DEFINED_CURVE_FONT('continuous');
#11967 = STYLED_ITEM('color',(#11968),#3046);
#11968 = PRESENTATION_STYLE_ASSIGNMENT((#11969,#11974));
#11969 = SURFACE_STYLE_USAGE(.BOTH.,#11970);
#11970 = SURFACE_SIDE_STYLE('',(#11971));
#11971 = SURFACE_STYLE_FILL_AREA(#11972);
#11972 = FILL_AREA_STYLE('',(#11973));
#11973 = FILL_AREA_STYLE_COLOUR('',#11277);
#11974 = CURVE_STYLE('',#11975,POSITIVE_LENGTH_MEASURE(0.1),#11277);
#11975 = DRAUGHTING_PRE_DEFINED_CURVE_FONT('continuous');
#11976 = STYLED_ITEM('color',(#11977),#3071);
#11977 = PRESENTATION_STYLE_ASSIGNMENT((#11978,#11983));
#11978 = SURFACE_STYLE_USAGE(.BOTH.,#11979);
#11979 = SURFACE_SIDE_STYLE('',(#11980));
#11980 = SURFACE_STYLE_FILL_AREA(#11981);
#11981 = FILL_AREA_STYLE('',(#11982));
#11982 = FILL_AREA_STYLE_COLOUR('',#11277);
#11983 = CURVE_STYLE('',#11984,POSITIVE_LENGTH_MEASURE(0.1),#11277);
#11984 = DRAUGHTING_PRE_DEFINED_CURVE_FONT('continuous');
#11985 = STYLED_ITEM('color',(#11986),#3155);
#11986 = PRESENTATION_STYLE_ASSIGNMENT((#11987,#11992));
#11987 = SURFACE_STYLE_USAGE(.BOTH.,#11988);
#11988 = SURFACE_SIDE_STYLE('',(#11989));
#11989 = SURFACE_STYLE_FILL_AREA(#11990);
#11990 = FILL_AREA_STYLE('',(#11991));
#11991 = FILL_AREA_STYLE_COLOUR('',#11506);
#11992 = CURVE_STYLE('',#11993,POSITIVE_LENGTH_MEASURE(0.1),#11506);
#11993 = DRAUGHTING_PRE_DEFINED_CURVE_FONT('continuous');
#11994 = STYLED_ITEM('color',(#11995),#3172);
#11995 = PRESENTATION_STYLE_ASSIGNMENT((#11996,#12001));
#11996 = SURFACE_STYLE_USAGE(.BOTH.,#11997);
#11997 = SURFACE_SIDE_STYLE('',(#11998));
#11998 = SURFACE_STYLE_FILL_AREA(#11999);
#11999 = FILL_AREA_STYLE('',(#12000));
#12000 = FILL_AREA_STYLE_COLOUR('',#11277);
#12001 = CURVE_STYLE('',#12002,POSITIVE_LENGTH_MEASURE(0.1),#11277);
#12002 = DRAUGHTING_PRE_DEFINED_CURVE_FONT('continuous');
#12003 = STYLED_ITEM('color',(#12004),#3257);
#12004 = PRESENTATION_STYLE_ASSIGNMENT((#12005,#12010));
#12005 = SURFACE_STYLE_USAGE(.BOTH.,#12006);
#12006 = SURFACE_SIDE_STYLE('',(#12007));
#12007 = SURFACE_STYLE_FILL_AREA(#12008);
#12008 = FILL_AREA_STYLE('',(#12009));
#12009 = FILL_AREA_STYLE_COLOUR('',#11277);
#12010 = CURVE_STYLE('',#12011,POSITIVE_LENGTH_MEASURE(0.1),#11277);
#12011 = DRAUGHTING_PRE_DEFINED_CURVE_FONT('continuous');
#12012 = STYLED_ITEM('color',(#12013),#3282);
#12013 = PRESENTATION_STYLE_ASSIGNMENT((#12014,#12019));
#12014 = SURFACE_STYLE_USAGE(.BOTH.,#12015);
#12015 = SURFACE_SIDE_STYLE('',(#12016));
#12016 = SURFACE_STYLE_FILL_AREA(#12017);
#12017 = FILL_AREA_STYLE('',(#12018));
#12018 = FILL_AREA_STYLE_COLOUR('',#11277);
#12019 = CURVE_STYLE('',#12020,POSITIVE_LENGTH_MEASURE(0.1),#11277);
#12020 = DRAUGHTING_PRE_DEFINED_CURVE_FONT('continuous');
#12021 = STYLED_ITEM('color',(#12022),#3359);
#12022 = PRESENTATION_STYLE_ASSIGNMENT((#12023,#12028));
#12023 = SURFACE_STYLE_USAGE(.BOTH.,#12024);
#12024 = SURFACE_SIDE_STYLE('',(#12025));
#12025 = SURFACE_STYLE_FILL_AREA(#12026);
#12026 = FILL_AREA_STYLE('',(#12027));
#12027 = FILL_AREA_STYLE_COLOUR('',#11277);
#12028 = CURVE_STYLE('',#12029,POSITIVE_LENGTH_MEASURE(0.1),#11277);
#12029 = DRAUGHTING_PRE_DEFINED_CURVE_FONT('continuous');
#12030 = STYLED_ITEM('color',(#12031),#3444);
#12031 = PRESENTATION_STYLE_ASSIGNMENT((#12032,#12037));
#12032 = SURFACE_STYLE_USAGE(.BOTH.,#12033);
#12033 = SURFACE_SIDE_STYLE('',(#12034));
#12034 = SURFACE_STYLE_FILL_AREA(#12035);
#12035 = FILL_AREA_STYLE('',(#12036));
#12036 = FILL_AREA_STYLE_COLOUR('',#11277);
#12037 = CURVE_STYLE('',#12038,POSITIVE_LENGTH_MEASURE(0.1),#11277);
#12038 = DRAUGHTING_PRE_DEFINED_CURVE_FONT('continuous');
#12039 = STYLED_ITEM('color',(#12040),#3469);
#12040 = PRESENTATION_STYLE_ASSIGNMENT((#12041,#12046));
#12041 = SURFACE_STYLE_USAGE(.BOTH.,#12042);
#12042 = SURFACE_SIDE_STYLE('',(#12043));
#12043 = SURFACE_STYLE_FILL_AREA(#12044);
#12044 = FILL_AREA_STYLE('',(#12045));
#12045 = FILL_AREA_STYLE_COLOUR('',#11277);
#12046 = CURVE_STYLE('',#12047,POSITIVE_LENGTH_MEASURE(0.1),#11277);
#12047 = DRAUGHTING_PRE_DEFINED_CURVE_FONT('continuous');
#12048 = STYLED_ITEM('color',(#12049),#3546);
#12049 = PRESENTATION_STYLE_ASSIGNMENT((#12050,#12055));
#12050 = SURFACE_STYLE_USAGE(.BOTH.,#12051);
#12051 = SURFACE_SIDE_STYLE('',(#12052));
#12052 = SURFACE_STYLE_FILL_AREA(#12053);
#12053 = FILL_AREA_STYLE('',(#12054));
#12054 = FILL_AREA_STYLE_COLOUR('',#11506);
#12055 = CURVE_STYLE('',#12056,POSITIVE_LENGTH_MEASURE(0.1),#11506);
#12056 = DRAUGHTING_PRE_DEFINED_CURVE_FONT('continuous');
#12057 = STYLED_ITEM('color',(#12058),#3563);
#12058 = PRESENTATION_STYLE_ASSIGNMENT((#12059,#12064));
#12059 = SURFACE_STYLE_USAGE(.BOTH.,#12060);
#12060 = SURFACE_SIDE_STYLE('',(#12061));
#12061 = SURFACE_STYLE_FILL_AREA(#12062);
#12062 = FILL_AREA_STYLE('',(#12063));
#12063 = FILL_AREA_STYLE_COLOUR('',#11277);
#12064 = CURVE_STYLE('',#12065,POSITIVE_LENGTH_MEASURE(0.1),#11277);
#12065 = DRAUGHTING_PRE_DEFINED_CURVE_FONT('continuous');
#12066 = STYLED_ITEM('color',(#12067),#3655);
#12067 = PRESENTATION_STYLE_ASSIGNMENT((#12068,#12073));
#12068 = SURFACE_STYLE_USAGE(.BOTH.,#12069);
#12069 = SURFACE_SIDE_STYLE('',(#12070));
#12070 = SURFACE_STYLE_FILL_AREA(#12071);
#12071 = FILL_AREA_STYLE('',(#12072));
#12072 = FILL_AREA_STYLE_COLOUR('',#11277);
#12073 = CURVE_STYLE('',#12074,POSITIVE_LENGTH_MEASURE(0.1),#11277);
#12074 = DRAUGHTING_PRE_DEFINED_CURVE_FONT('continuous');
#12075 = STYLED_ITEM('color',(#12076),#3680);
#12076 = PRESENTATION_STYLE_ASSIGNMENT((#12077,#12082));
#12077 = SURFACE_STYLE_USAGE(.BOTH.,#12078);
#12078 = SURFACE_SIDE_STYLE('',(#12079));
#12079 = SURFACE_STYLE_FILL_AREA(#12080);
#12080 = FILL_AREA_STYLE('',(#12081));
#12081 = FILL_AREA_STYLE_COLOUR('',#11277);
#12082 = CURVE_STYLE('',#12083,POSITIVE_LENGTH_MEASURE(0.1),#11277);
#12083 = DRAUGHTING_PRE_DEFINED_CURVE_FONT('continuous');
#12084 = STYLED_ITEM('color',(#12085),#3764);
#12085 = PRESENTATION_STYLE_ASSIGNMENT((#12086,#12091));
#12086 = SURFACE_STYLE_USAGE(.BOTH.,#12087);
#12087 = SURFACE_SIDE_STYLE('',(#12088));
#12088 = SURFACE_STYLE_FILL_AREA(#12089);
#12089 = FILL_AREA_STYLE('',(#12090));
#12090 = FILL_AREA_STYLE_COLOUR('',#11506);
#12091 = CURVE_STYLE('',#12092,POSITIVE_LENGTH_MEASURE(0.1),#11506);
#12092 = DRAUGHTING_PRE_DEFINED_CURVE_FONT('continuous');
#12093 = STYLED_ITEM('color',(#12094),#3786);
#12094 = PRESENTATION_STYLE_ASSIGNMENT((#12095,#12100));
#12095 = SURFACE_STYLE_USAGE(.BOTH.,#12096);
#12096 = SURFACE_SIDE_STYLE('',(#12097));
#12097 = SURFACE_STYLE_FILL_AREA(#12098);
#12098 = FILL_AREA_STYLE('',(#12099));
#12099 = FILL_AREA_STYLE_COLOUR('',#11277);
#12100 = CURVE_STYLE('',#12101,POSITIVE_LENGTH_MEASURE(0.1),#11277);
#12101 = DRAUGHTING_PRE_DEFINED_CURVE_FONT('continuous');
#12102 = STYLED_ITEM('color',(#12103),#3878);
#12103 = PRESENTATION_STYLE_ASSIGNMENT((#12104,#12109));
#12104 = SURFACE_STYLE_USAGE(.BOTH.,#12105);
#12105 = SURFACE_SIDE_STYLE('',(#12106));
#12106 = SURFACE_STYLE_FILL_AREA(#12107);
#12107 = FILL_AREA_STYLE('',(#12108));
#12108 = FILL_AREA_STYLE_COLOUR('',#11277);
#12109 = CURVE_STYLE('',#12110,POSITIVE_LENGTH_MEASURE(0.1),#11277);
#12110 = DRAUGHTING_PRE_DEFINED_CURVE_FONT('continuous');
#12111 = STYLED_ITEM('color',(#12112),#3903);
#12112 = PRESENTATION_STYLE_ASSIGNMENT((#12113,#12118));
#12113 = SURFACE_STYLE_USAGE(.BOTH.,#12114);
#12114 = SURFACE_SIDE_STYLE('',(#12115));
#12115 = SURFACE_STYLE_FILL_AREA(#12116);
#12116 = FILL_AREA_STYLE('',(#12117));
#12117 = FILL_AREA_STYLE_COLOUR('',#11277);
#12118 = CURVE_STYLE('',#12119,POSITIVE_LENGTH_MEASURE(0.1),#11277);
#12119 = DRAUGHTING_PRE_DEFINED_CURVE_FONT('continuous');
#12120 = STYLED_ITEM('color',(#12121),#3987);
#12121 = PRESENTATION_STYLE_ASSIGNMENT((#12122,#12127));
#12122 = SURFACE_STYLE_USAGE(.BOTH.,#12123);
#12123 = SURFACE_SIDE_STYLE('',(#12124));
#12124 = SURFACE_STYLE_FILL_AREA(#12125);
#12125 = FILL_AREA_STYLE('',(#12126));
#12126 = FILL_AREA_STYLE_COLOUR('',#11506);
#12127 = CURVE_STYLE('',#12128,POSITIVE_LENGTH_MEASURE(0.1),#11506);
#12128 = DRAUGHTING_PRE_DEFINED_CURVE_FONT('continuous');
#12129 = STYLED_ITEM('color',(#12130),#4009);
#12130 = PRESENTATION_STYLE_ASSIGNMENT((#12131,#12136));
#12131 = SURFACE_STYLE_USAGE(.BOTH.,#12132);
#12132 = SURFACE_SIDE_STYLE('',(#12133));
#12133 = SURFACE_STYLE_FILL_AREA(#12134);
#12134 = FILL_AREA_STYLE('',(#12135));
#12135 = FILL_AREA_STYLE_COLOUR('',#11277);
#12136 = CURVE_STYLE('',#12137,POSITIVE_LENGTH_MEASURE(0.1),#11277);
#12137 = DRAUGHTING_PRE_DEFINED_CURVE_FONT('continuous');
#12138 = STYLED_ITEM('color',(#12139),#4101);
#12139 = PRESENTATION_STYLE_ASSIGNMENT((#12140,#12145));
#12140 = SURFACE_STYLE_USAGE(.BOTH.,#12141);
#12141 = SURFACE_SIDE_STYLE('',(#12142));
#12142 = SURFACE_STYLE_FILL_AREA(#12143);
#12143 = FILL_AREA_STYLE('',(#12144));
#12144 = FILL_AREA_STYLE_COLOUR('',#11277);
#12145 = CURVE_STYLE('',#12146,POSITIVE_LENGTH_MEASURE(0.1),#11277);
#12146 = DRAUGHTING_PRE_DEFINED_CURVE_FONT('continuous');
#12147 = STYLED_ITEM('color',(#12148),#4126);
#12148 = PRESENTATION_STYLE_ASSIGNMENT((#12149,#12154));
#12149 = SURFACE_STYLE_USAGE(.BOTH.,#12150);
#12150 = SURFACE_SIDE_STYLE('',(#12151));
#12151 = SURFACE_STYLE_FILL_AREA(#12152);
#12152 = FILL_AREA_STYLE('',(#12153));
#12153 = FILL_AREA_STYLE_COLOUR('',#11277);
#12154 = CURVE_STYLE('',#12155,POSITIVE_LENGTH_MEASURE(0.1),#11277);
#12155 = DRAUGHTING_PRE_DEFINED_CURVE_FONT('continuous');
#12156 = STYLED_ITEM('color',(#12157),#4210);
#12157 = PRESENTATION_STYLE_ASSIGNMENT((#12158,#12163));
#12158 = SURFACE_STYLE_USAGE(.BOTH.,#12159);
#12159 = SURFACE_SIDE_STYLE('',(#12160));
#12160 = SURFACE_STYLE_FILL_AREA(#12161);
#12161 = FILL_AREA_STYLE('',(#12162));
#12162 = FILL_AREA_STYLE_COLOUR('',#11277);
#12163 = CURVE_STYLE('',#12164,POSITIVE_LENGTH_MEASURE(0.1),#11277);
#12164 = DRAUGHTING_PRE_DEFINED_CURVE_FONT('continuous');
#12165 = STYLED_ITEM('color',(#12166),#4227);
#12166 = PRESENTATION_STYLE_ASSIGNMENT((#12167,#12172));
#12167 = SURFACE_STYLE_USAGE(.BOTH.,#12168);
#12168 = SURFACE_SIDE_STYLE('',(#12169));
#12169 = SURFACE_STYLE_FILL_AREA(#12170);
#12170 = FILL_AREA_STYLE('',(#12171));
#12171 = FILL_AREA_STYLE_COLOUR('',#11277);
#12172 = CURVE_STYLE('',#12173,POSITIVE_LENGTH_MEASURE(0.1),#11277);
#12173 = DRAUGHTING_PRE_DEFINED_CURVE_FONT('continuous');
#12174 = STYLED_ITEM('color',(#12175),#4246);
#12175 = PRESENTATION_STYLE_ASSIGNMENT((#12176,#12181));
#12176 = SURFACE_STYLE_USAGE(.BOTH.,#12177);
#12177 = SURFACE_SIDE_STYLE('',(#12178));
#12178 = SURFACE_STYLE_FILL_AREA(#12179);
#12179 = FILL_AREA_STYLE('',(#12180));
#12180 = FILL_AREA_STYLE_COLOUR('',#11277);
#12181 = CURVE_STYLE('',#12182,POSITIVE_LENGTH_MEASURE(0.1),#11277);
#12182 = DRAUGHTING_PRE_DEFINED_CURVE_FONT('continuous');
#12183 = STYLED_ITEM('color',(#12184),#4265);
#12184 = PRESENTATION_STYLE_ASSIGNMENT((#12185,#12190));
#12185 = SURFACE_STYLE_USAGE(.BOTH.,#12186);
#12186 = SURFACE_SIDE_STYLE('',(#12187));
#12187 = SURFACE_STYLE_FILL_AREA(#12188);
#12188 = FILL_AREA_STYLE('',(#12189));
#12189 = FILL_AREA_STYLE_COLOUR('',#11277);
#12190 = CURVE_STYLE('',#12191,POSITIVE_LENGTH_MEASURE(0.1),#11277);
#12191 = DRAUGHTING_PRE_DEFINED_CURVE_FONT('continuous');
#12192 = STYLED_ITEM('color',(#12193),#4284);
#12193 = PRESENTATION_STYLE_ASSIGNMENT((#12194,#12199));
#12194 = SURFACE_STYLE_USAGE(.BOTH.,#12195);
#12195 = SURFACE_SIDE_STYLE('',(#12196));
#12196 = SURFACE_STYLE_FILL_AREA(#12197);
#12197 = FILL_AREA_STYLE('',(#12198));
#12198 = FILL_AREA_STYLE_COLOUR('',#11506);
#12199 = CURVE_STYLE('',#12200,POSITIVE_LENGTH_MEASURE(0.1),#11506);
#12200 = DRAUGHTING_PRE_DEFINED_CURVE_FONT('continuous');
#12201 = STYLED_ITEM('color',(#12202),#4330);
#12202 = PRESENTATION_STYLE_ASSIGNMENT((#12203,#12208));
#12203 = SURFACE_STYLE_USAGE(.BOTH.,#12204);
#12204 = SURFACE_SIDE_STYLE('',(#12205));
#12205 = SURFACE_STYLE_FILL_AREA(#12206);
#12206 = FILL_AREA_STYLE('',(#12207));
#12207 = FILL_AREA_STYLE_COLOUR('',#11506);
#12208 = CURVE_STYLE('',#12209,POSITIVE_LENGTH_MEASURE(0.1),#11506);
#12209 = DRAUGHTING_PRE_DEFINED_CURVE_FONT('continuous');
#12210 = STYLED_ITEM('color',(#12211),#4346);
#12211 = PRESENTATION_STYLE_ASSIGNMENT((#12212,#12217));
#12212 = SURFACE_STYLE_USAGE(.BOTH.,#12213);
#12213 = SURFACE_SIDE_STYLE('',(#12214));
#12214 = SURFACE_STYLE_FILL_AREA(#12215);
#12215 = FILL_AREA_STYLE('',(#12216));
#12216 = FILL_AREA_STYLE_COLOUR('',#11277);
#12217 = CURVE_STYLE('',#12218,POSITIVE_LENGTH_MEASURE(0.1),#11277);
#12218 = DRAUGHTING_PRE_DEFINED_CURVE_FONT('continuous');
#12219 = STYLED_ITEM('color',(#12220),#4365);
#12220 = PRESENTATION_STYLE_ASSIGNMENT((#12221,#12226));
#12221 = SURFACE_STYLE_USAGE(.BOTH.,#12222);
#12222 = SURFACE_SIDE_STYLE('',(#12223));
#12223 = SURFACE_STYLE_FILL_AREA(#12224);
#12224 = FILL_AREA_STYLE('',(#12225));
#12225 = FILL_AREA_STYLE_COLOUR('',#11277);
#12226 = CURVE_STYLE('',#12227,POSITIVE_LENGTH_MEASURE(0.1),#11277);
#12227 = DRAUGHTING_PRE_DEFINED_CURVE_FONT('continuous');
#12228 = STYLED_ITEM('color',(#12229),#4384);
#12229 = PRESENTATION_STYLE_ASSIGNMENT((#12230,#12235));
#12230 = SURFACE_STYLE_USAGE(.BOTH.,#12231);
#12231 = SURFACE_SIDE_STYLE('',(#12232));
#12232 = SURFACE_STYLE_FILL_AREA(#12233);
#12233 = FILL_AREA_STYLE('',(#12234));
#12234 = FILL_AREA_STYLE_COLOUR('',#11277);
#12235 = CURVE_STYLE('',#12236,POSITIVE_LENGTH_MEASURE(0.1),#11277);
#12236 = DRAUGHTING_PRE_DEFINED_CURVE_FONT('continuous');
#12237 = STYLED_ITEM('color',(#12238),#4403);
#12238 = PRESENTATION_STYLE_ASSIGNMENT((#12239,#12244));
#12239 = SURFACE_STYLE_USAGE(.BOTH.,#12240);
#12240 = SURFACE_SIDE_STYLE('',(#12241));
#12241 = SURFACE_STYLE_FILL_AREA(#12242);
#12242 = FILL_AREA_STYLE('',(#12243));
#12243 = FILL_AREA_STYLE_COLOUR('',#11506);
#12244 = CURVE_STYLE('',#12245,POSITIVE_LENGTH_MEASURE(0.1),#11506);
#12245 = DRAUGHTING_PRE_DEFINED_CURVE_FONT('continuous');
#12246 = STYLED_ITEM('color',(#12247),#4419);
#12247 = PRESENTATION_STYLE_ASSIGNMENT((#12248,#12253));
#12248 = SURFACE_STYLE_USAGE(.BOTH.,#12249);
#12249 = SURFACE_SIDE_STYLE('',(#12250));
#12250 = SURFACE_STYLE_FILL_AREA(#12251);
#12251 = FILL_AREA_STYLE('',(#12252));
#12252 = FILL_AREA_STYLE_COLOUR('',#11277);
#12253 = CURVE_STYLE('',#12254,POSITIVE_LENGTH_MEASURE(0.1),#11277);
#12254 = DRAUGHTING_PRE_DEFINED_CURVE_FONT('continuous');
#12255 = STYLED_ITEM('color',(#12256),#4436);
#12256 = PRESENTATION_STYLE_ASSIGNMENT((#12257,#12262));
#12257 = SURFACE_STYLE_USAGE(.BOTH.,#12258);
#12258 = SURFACE_SIDE_STYLE('',(#12259));
#12259 = SURFACE_STYLE_FILL_AREA(#12260);
#12260 = FILL_AREA_STYLE('',(#12261));
#12261 = FILL_AREA_STYLE_COLOUR('',#11506);
#12262 = CURVE_STYLE('',#12263,POSITIVE_LENGTH_MEASURE(0.1),#11506);
#12263 = DRAUGHTING_PRE_DEFINED_CURVE_FONT('continuous');
#12264 = STYLED_ITEM('color',(#12265),#4448);
#12265 = PRESENTATION_STYLE_ASSIGNMENT((#12266,#12271));
#12266 = SURFACE_STYLE_USAGE(.BOTH.,#12267);
#12267 = SURFACE_SIDE_STYLE('',(#12268));
#12268 = SURFACE_STYLE_FILL_AREA(#12269);
#12269 = FILL_AREA_STYLE('',(#12270));
#12270 = FILL_AREA_STYLE_COLOUR('',#11277);
#12271 = CURVE_STYLE('',#12272,POSITIVE_LENGTH_MEASURE(0.1),#11277);
#12272 = DRAUGHTING_PRE_DEFINED_CURVE_FONT('continuous');
#12273 = STYLED_ITEM('color',(#12274),#4465);
#12274 = PRESENTATION_STYLE_ASSIGNMENT((#12275,#12280));
#12275 = SURFACE_STYLE_USAGE(.BOTH.,#12276);
#12276 = SURFACE_SIDE_STYLE('',(#12277));
#12277 = SURFACE_STYLE_FILL_AREA(#12278);
#12278 = FILL_AREA_STYLE('',(#12279));
#12279 = FILL_AREA_STYLE_COLOUR('',#11277);
#12280 = CURVE_STYLE('',#12281,POSITIVE_LENGTH_MEASURE(0.1),#11277);
#12281 = DRAUGHTING_PRE_DEFINED_CURVE_FONT('continuous');
#12282 = STYLED_ITEM('color',(#12283),#4482);
#12283 = PRESENTATION_STYLE_ASSIGNMENT((#12284,#12289));
#12284 = SURFACE_STYLE_USAGE(.BOTH.,#12285);
#12285 = SURFACE_SIDE_STYLE('',(#12286));
#12286 = SURFACE_STYLE_FILL_AREA(#12287);
#12287 = FILL_AREA_STYLE('',(#12288));
#12288 = FILL_AREA_STYLE_COLOUR('',#11277);
#12289 = CURVE_STYLE('',#12290,POSITIVE_LENGTH_MEASURE(0.1),#11277);
#12290 = DRAUGHTING_PRE_DEFINED_CURVE_FONT('continuous');
#12291 = STYLED_ITEM('color',(#12292),#4499);
#12292 = PRESENTATION_STYLE_ASSIGNMENT((#12293,#12298));
#12293 = SURFACE_STYLE_USAGE(.BOTH.,#12294);
#12294 = SURFACE_SIDE_STYLE('',(#12295));
#12295 = SURFACE_STYLE_FILL_AREA(#12296);
#12296 = FILL_AREA_STYLE('',(#12297));
#12297 = FILL_AREA_STYLE_COLOUR('',#11277);
#12298 = CURVE_STYLE('',#12299,POSITIVE_LENGTH_MEASURE(0.1),#11277);
#12299 = DRAUGHTING_PRE_DEFINED_CURVE_FONT('continuous');
#12300 = STYLED_ITEM('color',(#12301),#4516);
#12301 = PRESENTATION_STYLE_ASSIGNMENT((#12302,#12307));
#12302 = SURFACE_STYLE_USAGE(.BOTH.,#12303);
#12303 = SURFACE_SIDE_STYLE('',(#12304));
#12304 = SURFACE_STYLE_FILL_AREA(#12305);
#12305 = FILL_AREA_STYLE('',(#12306));
#12306 = FILL_AREA_STYLE_COLOUR('',#11277);
#12307 = CURVE_STYLE('',#12308,POSITIVE_LENGTH_MEASURE(0.1),#11277);
#12308 = DRAUGHTING_PRE_DEFINED_CURVE_FONT('continuous');
#12309 = STYLED_ITEM('color',(#12310),#4533);
#12310 = PRESENTATION_STYLE_ASSIGNMENT((#12311,#12316));
#12311 = SURFACE_STYLE_USAGE(.BOTH.,#12312);
#12312 = SURFACE_SIDE_STYLE('',(#12313));
#12313 = SURFACE_STYLE_FILL_AREA(#12314);
#12314 = FILL_AREA_STYLE('',(#12315));
#12315 = FILL_AREA_STYLE_COLOUR('',#11277);
#12316 = CURVE_STYLE('',#12317,POSITIVE_LENGTH_MEASURE(0.1),#11277);
#12317 = DRAUGHTING_PRE_DEFINED_CURVE_FONT('continuous');
#12318 = STYLED_ITEM('color',(#12319),#4550);
#12319 = PRESENTATION_STYLE_ASSIGNMENT((#12320,#12325));
#12320 = SURFACE_STYLE_USAGE(.BOTH.,#12321);
#12321 = SURFACE_SIDE_STYLE('',(#12322));
#12322 = SURFACE_STYLE_FILL_AREA(#12323);
#12323 = FILL_AREA_STYLE('',(#12324));
#12324 = FILL_AREA_STYLE_COLOUR('',#11277);
#12325 = CURVE_STYLE('',#12326,POSITIVE_LENGTH_MEASURE(0.1),#11277);
#12326 = DRAUGHTING_PRE_DEFINED_CURVE_FONT('continuous');
#12327 = STYLED_ITEM('color',(#12328),#4567);
#12328 = PRESENTATION_STYLE_ASSIGNMENT((#12329,#12334));
#12329 = SURFACE_STYLE_USAGE(.BOTH.,#12330);
#12330 = SURFACE_SIDE_STYLE('',(#12331));
#12331 = SURFACE_STYLE_FILL_AREA(#12332);
#12332 = FILL_AREA_STYLE('',(#12333));
#12333 = FILL_AREA_STYLE_COLOUR('',#11277);
#12334 = CURVE_STYLE('',#12335,POSITIVE_LENGTH_MEASURE(0.1),#11277);
#12335 = DRAUGHTING_PRE_DEFINED_CURVE_FONT('continuous');
#12336 = STYLED_ITEM('color',(#12337),#4579);
#12337 = PRESENTATION_STYLE_ASSIGNMENT((#12338,#12343));
#12338 = SURFACE_STYLE_USAGE(.BOTH.,#12339);
#12339 = SURFACE_SIDE_STYLE('',(#12340));
#12340 = SURFACE_STYLE_FILL_AREA(#12341);
#12341 = FILL_AREA_STYLE('',(#12342));
#12342 = FILL_AREA_STYLE_COLOUR('',#11277);
#12343 = CURVE_STYLE('',#12344,POSITIVE_LENGTH_MEASURE(0.1),#11277);
#12344 = DRAUGHTING_PRE_DEFINED_CURVE_FONT('continuous');
#12345 = STYLED_ITEM('color',(#12346),#4596);
#12346 = PRESENTATION_STYLE_ASSIGNMENT((#12347,#12352));
#12347 = SURFACE_STYLE_USAGE(.BOTH.,#12348);
#12348 = SURFACE_SIDE_STYLE('',(#12349));
#12349 = SURFACE_STYLE_FILL_AREA(#12350);
#12350 = FILL_AREA_STYLE('',(#12351));
#12351 = FILL_AREA_STYLE_COLOUR('',#11277);
#12352 = CURVE_STYLE('',#12353,POSITIVE_LENGTH_MEASURE(0.1),#11277);
#12353 = DRAUGHTING_PRE_DEFINED_CURVE_FONT('continuous');
#12354 = STYLED_ITEM('color',(#12355),#4613);
#12355 = PRESENTATION_STYLE_ASSIGNMENT((#12356,#12361));
#12356 = SURFACE_STYLE_USAGE(.BOTH.,#12357);
#12357 = SURFACE_SIDE_STYLE('',(#12358));
#12358 = SURFACE_STYLE_FILL_AREA(#12359);
#12359 = FILL_AREA_STYLE('',(#12360));
#12360 = FILL_AREA_STYLE_COLOUR('',#11277);
#12361 = CURVE_STYLE('',#12362,POSITIVE_LENGTH_MEASURE(0.1),#11277);
#12362 = DRAUGHTING_PRE_DEFINED_CURVE_FONT('continuous');
#12363 = STYLED_ITEM('color',(#12364),#4630);
#12364 = PRESENTATION_STYLE_ASSIGNMENT((#12365,#12370));
#12365 = SURFACE_STYLE_USAGE(.BOTH.,#12366);
#12366 = SURFACE_SIDE_STYLE('',(#12367));
#12367 = SURFACE_STYLE_FILL_AREA(#12368);
#12368 = FILL_AREA_STYLE('',(#12369));
#12369 = FILL_AREA_STYLE_COLOUR('',#11277);
#12370 = CURVE_STYLE('',#12371,POSITIVE_LENGTH_MEASURE(0.1),#11277);
#12371 = DRAUGHTING_PRE_DEFINED_CURVE_FONT('continuous');
#12372 = STYLED_ITEM('color',(#12373),#4647);
#12373 = PRESENTATION_STYLE_ASSIGNMENT((#12374,#12379));
#12374 = SURFACE_STYLE_USAGE(.BOTH.,#12375);
#12375 = SURFACE_SIDE_STYLE('',(#12376));
#12376 = SURFACE_STYLE_FILL_AREA(#12377);
#12377 = FILL_AREA_STYLE('',(#12378));
#12378 = FILL_AREA_STYLE_COLOUR('',#11277);
#12379 = CURVE_STYLE('',#12380,POSITIVE_LENGTH_MEASURE(0.1),#11277);
#12380 = DRAUGHTING_PRE_DEFINED_CURVE_FONT('continuous');
#12381 = STYLED_ITEM('color',(#12382),#4664);
#12382 = PRESENTATION_STYLE_ASSIGNMENT((#12383,#12388));
#12383 = SURFACE_STYLE_USAGE(.BOTH.,#12384);
#12384 = SURFACE_SIDE_STYLE('',(#12385));
#12385 = SURFACE_STYLE_FILL_AREA(#12386);
#12386 = FILL_AREA_STYLE('',(#12387));
#12387 = FILL_AREA_STYLE_COLOUR('',#11277);
#12388 = CURVE_STYLE('',#12389,POSITIVE_LENGTH_MEASURE(0.1),#11277);
#12389 = DRAUGHTING_PRE_DEFINED_CURVE_FONT('continuous');
#12390 = STYLED_ITEM('color',(#12391),#4681);
#12391 = PRESENTATION_STYLE_ASSIGNMENT((#12392,#12397));
#12392 = SURFACE_STYLE_USAGE(.BOTH.,#12393);
#12393 = SURFACE_SIDE_STYLE('',(#12394));
#12394 = SURFACE_STYLE_FILL_AREA(#12395);
#12395 = FILL_AREA_STYLE('',(#12396));
#12396 = FILL_AREA_STYLE_COLOUR('',#11277);
#12397 = CURVE_STYLE('',#12398,POSITIVE_LENGTH_MEASURE(0.1),#11277);
#12398 = DRAUGHTING_PRE_DEFINED_CURVE_FONT('continuous');
#12399 = STYLED_ITEM('color',(#12400),#4698);
#12400 = PRESENTATION_STYLE_ASSIGNMENT((#12401,#12406));
#12401 = SURFACE_STYLE_USAGE(.BOTH.,#12402);
#12402 = SURFACE_SIDE_STYLE('',(#12403));
#12403 = SURFACE_STYLE_FILL_AREA(#12404);
#12404 = FILL_AREA_STYLE('',(#12405));
#12405 = FILL_AREA_STYLE_COLOUR('',#11277);
#12406 = CURVE_STYLE('',#12407,POSITIVE_LENGTH_MEASURE(0.1),#11277);
#12407 = DRAUGHTING_PRE_DEFINED_CURVE_FONT('continuous');
#12408 = STYLED_ITEM('color',(#12409),#4710);
#12409 = PRESENTATION_STYLE_ASSIGNMENT((#12410,#12415));
#12410 = SURFACE_STYLE_USAGE(.BOTH.,#12411);
#12411 = SURFACE_SIDE_STYLE('',(#12412));
#12412 = SURFACE_STYLE_FILL_AREA(#12413);
#12413 = FILL_AREA_STYLE('',(#12414));
#12414 = FILL_AREA_STYLE_COLOUR('',#11277);
#12415 = CURVE_STYLE('',#12416,POSITIVE_LENGTH_MEASURE(0.1),#11277);
#12416 = DRAUGHTING_PRE_DEFINED_CURVE_FONT('continuous');
#12417 = STYLED_ITEM('color',(#12418),#4727);
#12418 = PRESENTATION_STYLE_ASSIGNMENT((#12419,#12424));
#12419 = SURFACE_STYLE_USAGE(.BOTH.,#12420);
#12420 = SURFACE_SIDE_STYLE('',(#12421));
#12421 = SURFACE_STYLE_FILL_AREA(#12422);
#12422 = FILL_AREA_STYLE('',(#12423));
#12423 = FILL_AREA_STYLE_COLOUR('',#11277);
#12424 = CURVE_STYLE('',#12425,POSITIVE_LENGTH_MEASURE(0.1),#11277);
#12425 = DRAUGHTING_PRE_DEFINED_CURVE_FONT('continuous');
#12426 = STYLED_ITEM('color',(#12427),#4744);
#12427 = PRESENTATION_STYLE_ASSIGNMENT((#12428,#12433));
#12428 = SURFACE_STYLE_USAGE(.BOTH.,#12429);
#12429 = SURFACE_SIDE_STYLE('',(#12430));
#12430 = SURFACE_STYLE_FILL_AREA(#12431);
#12431 = FILL_AREA_STYLE('',(#12432));
#12432 = FILL_AREA_STYLE_COLOUR('',#11277);
#12433 = CURVE_STYLE('',#12434,POSITIVE_LENGTH_MEASURE(0.1),#11277);
#12434 = DRAUGHTING_PRE_DEFINED_CURVE_FONT('continuous');
#12435 = STYLED_ITEM('color',(#12436),#4761);
#12436 = PRESENTATION_STYLE_ASSIGNMENT((#12437,#12442));
#12437 = SURFACE_STYLE_USAGE(.BOTH.,#12438);
#12438 = SURFACE_SIDE_STYLE('',(#12439));
#12439 = SURFACE_STYLE_FILL_AREA(#12440);
#12440 = FILL_AREA_STYLE('',(#12441));
#12441 = FILL_AREA_STYLE_COLOUR('',#11277);
#12442 = CURVE_STYLE('',#12443,POSITIVE_LENGTH_MEASURE(0.1),#11277);
#12443 = DRAUGHTING_PRE_DEFINED_CURVE_FONT('continuous');
#12444 = STYLED_ITEM('color',(#12445),#4778);
#12445 = PRESENTATION_STYLE_ASSIGNMENT((#12446,#12451));
#12446 = SURFACE_STYLE_USAGE(.BOTH.,#12447);
#12447 = SURFACE_SIDE_STYLE('',(#12448));
#12448 = SURFACE_STYLE_FILL_AREA(#12449);
#12449 = FILL_AREA_STYLE('',(#12450));
#12450 = FILL_AREA_STYLE_COLOUR('',#11277);
#12451 = CURVE_STYLE('',#12452,POSITIVE_LENGTH_MEASURE(0.1),#11277);
#12452 = DRAUGHTING_PRE_DEFINED_CURVE_FONT('continuous');
#12453 = STYLED_ITEM('color',(#12454),#4795);
#12454 = PRESENTATION_STYLE_ASSIGNMENT((#12455,#12460));
#12455 = SURFACE_STYLE_USAGE(.BOTH.,#12456);
#12456 = SURFACE_SIDE_STYLE('',(#12457));
#12457 = SURFACE_STYLE_FILL_AREA(#12458);
#12458 = FILL_AREA_STYLE('',(#12459));
#12459 = FILL_AREA_STYLE_COLOUR('',#11277);
#12460 = CURVE_STYLE('',#12461,POSITIVE_LENGTH_MEASURE(0.1),#11277);
#12461 = DRAUGHTING_PRE_DEFINED_CURVE_FONT('continuous');
#12462 = STYLED_ITEM('color',(#12463),#4812);
#12463 = PRESENTATION_STYLE_ASSIGNMENT((#12464,#12469));
#12464 = SURFACE_STYLE_USAGE(.BOTH.,#12465);
#12465 = SURFACE_SIDE_STYLE('',(#12466));
#12466 = SURFACE_STYLE_FILL_AREA(#12467);
#12467 = FILL_AREA_STYLE('',(#12468));
#12468 = FILL_AREA_STYLE_COLOUR('',#11277);
#12469 = CURVE_STYLE('',#12470,POSITIVE_LENGTH_MEASURE(0.1),#11277);
#12470 = DRAUGHTING_PRE_DEFINED_CURVE_FONT('continuous');
#12471 = STYLED_ITEM('color',(#12472),#4829);
#12472 = PRESENTATION_STYLE_ASSIGNMENT((#12473,#12478));
#12473 = SURFACE_STYLE_USAGE(.BOTH.,#12474);
#12474 = SURFACE_SIDE_STYLE('',(#12475));
#12475 = SURFACE_STYLE_FILL_AREA(#12476);
#12476 = FILL_AREA_STYLE('',(#12477));
#12477 = FILL_AREA_STYLE_COLOUR('',#11277);
#12478 = CURVE_STYLE('',#12479,POSITIVE_LENGTH_MEASURE(0.1),#11277);
#12479 = DRAUGHTING_PRE_DEFINED_CURVE_FONT('continuous');
#12480 = STYLED_ITEM('color',(#12481),#4841);
#12481 = PRESENTATION_STYLE_ASSIGNMENT((#12482,#12487));
#12482 = SURFACE_STYLE_USAGE(.BOTH.,#12483);
#12483 = SURFACE_SIDE_STYLE('',(#12484));
#12484 = SURFACE_STYLE_FILL_AREA(#12485);
#12485 = FILL_AREA_STYLE('',(#12486));
#12486 = FILL_AREA_STYLE_COLOUR('',#11277);
#12487 = CURVE_STYLE('',#12488,POSITIVE_LENGTH_MEASURE(0.1),#11277);
#12488 = DRAUGHTING_PRE_DEFINED_CURVE_FONT('continuous');
#12489 = STYLED_ITEM('color',(#12490),#4858);
#12490 = PRESENTATION_STYLE_ASSIGNMENT((#12491,#12496));
#12491 = SURFACE_STYLE_USAGE(.BOTH.,#12492);
#12492 = SURFACE_SIDE_STYLE('',(#12493));
#12493 = SURFACE_STYLE_FILL_AREA(#12494);
#12494 = FILL_AREA_STYLE('',(#12495));
#12495 = FILL_AREA_STYLE_COLOUR('',#11277);
#12496 = CURVE_STYLE('',#12497,POSITIVE_LENGTH_MEASURE(0.1),#11277);
#12497 = DRAUGHTING_PRE_DEFINED_CURVE_FONT('continuous');
#12498 = STYLED_ITEM('color',(#12499),#4875);
#12499 = PRESENTATION_STYLE_ASSIGNMENT((#12500,#12505));
#12500 = SURFACE_STYLE_USAGE(.BOTH.,#12501);
#12501 = SURFACE_SIDE_STYLE('',(#12502));
#12502 = SURFACE_STYLE_FILL_AREA(#12503);
#12503 = FILL_AREA_STYLE('',(#12504));
#12504 = FILL_AREA_STYLE_COLOUR('',#11277);
#12505 = CURVE_STYLE('',#12506,POSITIVE_LENGTH_MEASURE(0.1),#11277);
#12506 = DRAUGHTING_PRE_DEFINED_CURVE_FONT('continuous');
#12507 = STYLED_ITEM('color',(#12508),#4892);
#12508 = PRESENTATION_STYLE_ASSIGNMENT((#12509,#12514));
#12509 = SURFACE_STYLE_USAGE(.BOTH.,#12510);
#12510 = SURFACE_SIDE_STYLE('',(#12511));
#12511 = SURFACE_STYLE_FILL_AREA(#12512);
#12512 = FILL_AREA_STYLE('',(#12513));
#12513 = FILL_AREA_STYLE_COLOUR('',#11277);
#12514 = CURVE_STYLE('',#12515,POSITIVE_LENGTH_MEASURE(0.1),#11277);
#12515 = DRAUGHTING_PRE_DEFINED_CURVE_FONT('continuous');
#12516 = STYLED_ITEM('color',(#12517),#4909);
#12517 = PRESENTATION_STYLE_ASSIGNMENT((#12518,#12523));
#12518 = SURFACE_STYLE_USAGE(.BOTH.,#12519);
#12519 = SURFACE_SIDE_STYLE('',(#12520));
#12520 = SURFACE_STYLE_FILL_AREA(#12521);
#12521 = FILL_AREA_STYLE('',(#12522));
#12522 = FILL_AREA_STYLE_COLOUR('',#11277);
#12523 = CURVE_STYLE('',#12524,POSITIVE_LENGTH_MEASURE(0.1),#11277);
#12524 = DRAUGHTING_PRE_DEFINED_CURVE_FONT('continuous');
#12525 = STYLED_ITEM('color',(#12526),#4926);
#12526 = PRESENTATION_STYLE_ASSIGNMENT((#12527,#12532));
#12527 = SURFACE_STYLE_USAGE(.BOTH.,#12528);
#12528 = SURFACE_SIDE_STYLE('',(#12529));
#12529 = SURFACE_STYLE_FILL_AREA(#12530);
#12530 = FILL_AREA_STYLE('',(#12531));
#12531 = FILL_AREA_STYLE_COLOUR('',#11277);
#12532 = CURVE_STYLE('',#12533,POSITIVE_LENGTH_MEASURE(0.1),#11277);
#12533 = DRAUGHTING_PRE_DEFINED_CURVE_FONT('continuous');
#12534 = STYLED_ITEM('color',(#12535),#4943);
#12535 = PRESENTATION_STYLE_ASSIGNMENT((#12536,#12541));
#12536 = SURFACE_STYLE_USAGE(.BOTH.,#12537);
#12537 = SURFACE_SIDE_STYLE('',(#12538));
#12538 = SURFACE_STYLE_FILL_AREA(#12539);
#12539 = FILL_AREA_STYLE('',(#12540));
#12540 = FILL_AREA_STYLE_COLOUR('',#11277);
#12541 = CURVE_STYLE('',#12542,POSITIVE_LENGTH_MEASURE(0.1),#11277);
#12542 = DRAUGHTING_PRE_DEFINED_CURVE_FONT('continuous');
#12543 = STYLED_ITEM('color',(#12544),#4955);
#12544 = PRESENTATION_STYLE_ASSIGNMENT((#12545,#12550));
#12545 = SURFACE_STYLE_USAGE(.BOTH.,#12546);
#12546 = SURFACE_SIDE_STYLE('',(#12547));
#12547 = SURFACE_STYLE_FILL_AREA(#12548);
#12548 = FILL_AREA_STYLE('',(#12549));
#12549 = FILL_AREA_STYLE_COLOUR('',#11277);
#12550 = CURVE_STYLE('',#12551,POSITIVE_LENGTH_MEASURE(0.1),#11277);
#12551 = DRAUGHTING_PRE_DEFINED_CURVE_FONT('continuous');
#12552 = STYLED_ITEM('color',(#12553),#4972);
#12553 = PRESENTATION_STYLE_ASSIGNMENT((#12554,#12559));
#12554 = SURFACE_STYLE_USAGE(.BOTH.,#12555);
#12555 = SURFACE_SIDE_STYLE('',(#12556));
#12556 = SURFACE_STYLE_FILL_AREA(#12557);
#12557 = FILL_AREA_STYLE('',(#12558));
#12558 = FILL_AREA_STYLE_COLOUR('',#11277);
#12559 = CURVE_STYLE('',#12560,POSITIVE_LENGTH_MEASURE(0.1),#11277);
#12560 = DRAUGHTING_PRE_DEFINED_CURVE_FONT('continuous');
#12561 = STYLED_ITEM('color',(#12562),#4989);
#12562 = PRESENTATION_STYLE_ASSIGNMENT((#12563,#12568));
#12563 = SURFACE_STYLE_USAGE(.BOTH.,#12564);
#12564 = SURFACE_SIDE_STYLE('',(#12565));
#12565 = SURFACE_STYLE_FILL_AREA(#12566);
#12566 = FILL_AREA_STYLE('',(#12567));
#12567 = FILL_AREA_STYLE_COLOUR('',#11277);
#12568 = CURVE_STYLE('',#12569,POSITIVE_LENGTH_MEASURE(0.1),#11277);
#12569 = DRAUGHTING_PRE_DEFINED_CURVE_FONT('continuous');
#12570 = STYLED_ITEM('color',(#12571),#5006);
#12571 = PRESENTATION_STYLE_ASSIGNMENT((#12572,#12577));
#12572 = SURFACE_STYLE_USAGE(.BOTH.,#12573);
#12573 = SURFACE_SIDE_STYLE('',(#12574));
#12574 = SURFACE_STYLE_FILL_AREA(#12575);
#12575 = FILL_AREA_STYLE('',(#12576));
#12576 = FILL_AREA_STYLE_COLOUR('',#11277);
#12577 = CURVE_STYLE('',#12578,POSITIVE_LENGTH_MEASURE(0.1),#11277);
#12578 = DRAUGHTING_PRE_DEFINED_CURVE_FONT('continuous');
#12579 = STYLED_ITEM('color',(#12580),#5023);
#12580 = PRESENTATION_STYLE_ASSIGNMENT((#12581,#12586));
#12581 = SURFACE_STYLE_USAGE(.BOTH.,#12582);
#12582 = SURFACE_SIDE_STYLE('',(#12583));
#12583 = SURFACE_STYLE_FILL_AREA(#12584);
#12584 = FILL_AREA_STYLE('',(#12585));
#12585 = FILL_AREA_STYLE_COLOUR('',#11277);
#12586 = CURVE_STYLE('',#12587,POSITIVE_LENGTH_MEASURE(0.1),#11277);
#12587 = DRAUGHTING_PRE_DEFINED_CURVE_FONT('continuous');
#12588 = STYLED_ITEM('color',(#12589),#5040);
#12589 = PRESENTATION_STYLE_ASSIGNMENT((#12590,#12595));
#12590 = SURFACE_STYLE_USAGE(.BOTH.,#12591);
#12591 = SURFACE_SIDE_STYLE('',(#12592));
#12592 = SURFACE_STYLE_FILL_AREA(#12593);
#12593 = FILL_AREA_STYLE('',(#12594));
#12594 = FILL_AREA_STYLE_COLOUR('',#11277);
#12595 = CURVE_STYLE('',#12596,POSITIVE_LENGTH_MEASURE(0.1),#11277);
#12596 = DRAUGHTING_PRE_DEFINED_CURVE_FONT('continuous');
#12597 = STYLED_ITEM('color',(#12598),#5057);
#12598 = PRESENTATION_STYLE_ASSIGNMENT((#12599,#12604));
#12599 = SURFACE_STYLE_USAGE(.BOTH.,#12600);
#12600 = SURFACE_SIDE_STYLE('',(#12601));
#12601 = SURFACE_STYLE_FILL_AREA(#12602);
#12602 = FILL_AREA_STYLE('',(#12603));
#12603 = FILL_AREA_STYLE_COLOUR('',#11277);
#12604 = CURVE_STYLE('',#12605,POSITIVE_LENGTH_MEASURE(0.1),#11277);
#12605 = DRAUGHTING_PRE_DEFINED_CURVE_FONT('continuous');
#12606 = STYLED_ITEM('color',(#12607),#5069);
#12607 = PRESENTATION_STYLE_ASSIGNMENT((#12608,#12613));
#12608 = SURFACE_STYLE_USAGE(.BOTH.,#12609);
#12609 = SURFACE_SIDE_STYLE('',(#12610));
#12610 = SURFACE_STYLE_FILL_AREA(#12611);
#12611 = FILL_AREA_STYLE('',(#12612));
#12612 = FILL_AREA_STYLE_COLOUR('',#11277);
#12613 = CURVE_STYLE('',#12614,POSITIVE_LENGTH_MEASURE(0.1),#11277);
#12614 = DRAUGHTING_PRE_DEFINED_CURVE_FONT('continuous');
#12615 = STYLED_ITEM('color',(#12616),#5086);
#12616 = PRESENTATION_STYLE_ASSIGNMENT((#12617,#12622));
#12617 = SURFACE_STYLE_USAGE(.BOTH.,#12618);
#12618 = SURFACE_SIDE_STYLE('',(#12619));
#12619 = SURFACE_STYLE_FILL_AREA(#12620);
#12620 = FILL_AREA_STYLE('',(#12621));
#12621 = FILL_AREA_STYLE_COLOUR('',#11277);
#12622 = CURVE_STYLE('',#12623,POSITIVE_LENGTH_MEASURE(0.1),#11277);
#12623 = DRAUGHTING_PRE_DEFINED_CURVE_FONT('continuous');
#12624 = STYLED_ITEM('color',(#12625),#5103);
#12625 = PRESENTATION_STYLE_ASSIGNMENT((#12626,#12631));
#12626 = SURFACE_STYLE_USAGE(.BOTH.,#12627);
#12627 = SURFACE_SIDE_STYLE('',(#12628));
#12628 = SURFACE_STYLE_FILL_AREA(#12629);
#12629 = FILL_AREA_STYLE('',(#12630));
#12630 = FILL_AREA_STYLE_COLOUR('',#11277);
#12631 = CURVE_STYLE('',#12632,POSITIVE_LENGTH_MEASURE(0.1),#11277);
#12632 = DRAUGHTING_PRE_DEFINED_CURVE_FONT('continuous');
#12633 = STYLED_ITEM('color',(#12634),#5120);
#12634 = PRESENTATION_STYLE_ASSIGNMENT((#12635,#12640));
#12635 = SURFACE_STYLE_USAGE(.BOTH.,#12636);
#12636 = SURFACE_SIDE_STYLE('',(#12637));
#12637 = SURFACE_STYLE_FILL_AREA(#12638);
#12638 = FILL_AREA_STYLE('',(#12639));
#12639 = FILL_AREA_STYLE_COLOUR('',#11277);
#12640 = CURVE_STYLE('',#12641,POSITIVE_LENGTH_MEASURE(0.1),#11277);
#12641 = DRAUGHTING_PRE_DEFINED_CURVE_FONT('continuous');
#12642 = STYLED_ITEM('color',(#12643),#5137);
#12643 = PRESENTATION_STYLE_ASSIGNMENT((#12644,#12649));
#12644 = SURFACE_STYLE_USAGE(.BOTH.,#12645);
#12645 = SURFACE_SIDE_STYLE('',(#12646));
#12646 = SURFACE_STYLE_FILL_AREA(#12647);
#12647 = FILL_AREA_STYLE('',(#12648));
#12648 = FILL_AREA_STYLE_COLOUR('',#11277);
#12649 = CURVE_STYLE('',#12650,POSITIVE_LENGTH_MEASURE(0.1),#11277);
#12650 = DRAUGHTING_PRE_DEFINED_CURVE_FONT('continuous');
#12651 = STYLED_ITEM('color',(#12652),#5154);
#12652 = PRESENTATION_STYLE_ASSIGNMENT((#12653,#12658));
#12653 = SURFACE_STYLE_USAGE(.BOTH.,#12654);
#12654 = SURFACE_SIDE_STYLE('',(#12655));
#12655 = SURFACE_STYLE_FILL_AREA(#12656);
#12656 = FILL_AREA_STYLE('',(#12657));
#12657 = FILL_AREA_STYLE_COLOUR('',#11277);
#12658 = CURVE_STYLE('',#12659,POSITIVE_LENGTH_MEASURE(0.1),#11277);
#12659 = DRAUGHTING_PRE_DEFINED_CURVE_FONT('continuous');
#12660 = STYLED_ITEM('color',(#12661),#5171);
#12661 = PRESENTATION_STYLE_ASSIGNMENT((#12662,#12667));
#12662 = SURFACE_STYLE_USAGE(.BOTH.,#12663);
#12663 = SURFACE_SIDE_STYLE('',(#12664));
#12664 = SURFACE_STYLE_FILL_AREA(#12665);
#12665 = FILL_AREA_STYLE('',(#12666));
#12666 = FILL_AREA_STYLE_COLOUR('',#11277);
#12667 = CURVE_STYLE('',#12668,POSITIVE_LENGTH_MEASURE(0.1),#11277);
#12668 = DRAUGHTING_PRE_DEFINED_CURVE_FONT('continuous');
#12669 = STYLED_ITEM('color',(#12670),#5188);
#12670 = PRESENTATION_STYLE_ASSIGNMENT((#12671,#12676));
#12671 = SURFACE_STYLE_USAGE(.BOTH.,#12672);
#12672 = SURFACE_SIDE_STYLE('',(#12673));
#12673 = SURFACE_STYLE_FILL_AREA(#12674);
#12674 = FILL_AREA_STYLE('',(#12675));
#12675 = FILL_AREA_STYLE_COLOUR('',#11277);
#12676 = CURVE_STYLE('',#12677,POSITIVE_LENGTH_MEASURE(0.1),#11277);
#12677 = DRAUGHTING_PRE_DEFINED_CURVE_FONT('continuous');
#12678 = STYLED_ITEM('color',(#12679),#5200);
#12679 = PRESENTATION_STYLE_ASSIGNMENT((#12680,#12685));
#12680 = SURFACE_STYLE_USAGE(.BOTH.,#12681);
#12681 = SURFACE_SIDE_STYLE('',(#12682));
#12682 = SURFACE_STYLE_FILL_AREA(#12683);
#12683 = FILL_AREA_STYLE('',(#12684));
#12684 = FILL_AREA_STYLE_COLOUR('',#11277);
#12685 = CURVE_STYLE('',#12686,POSITIVE_LENGTH_MEASURE(0.1),#11277);
#12686 = DRAUGHTING_PRE_DEFINED_CURVE_FONT('continuous');
#12687 = STYLED_ITEM('color',(#12688),#5217);
#12688 = PRESENTATION_STYLE_ASSIGNMENT((#12689,#12694));
#12689 = SURFACE_STYLE_USAGE(.BOTH.,#12690);
#12690 = SURFACE_SIDE_STYLE('',(#12691));
#12691 = SURFACE_STYLE_FILL_AREA(#12692);
#12692 = FILL_AREA_STYLE('',(#12693));
#12693 = FILL_AREA_STYLE_COLOUR('',#11277);
#12694 = CURVE_STYLE('',#12695,POSITIVE_LENGTH_MEASURE(0.1),#11277);
#12695 = DRAUGHTING_PRE_DEFINED_CURVE_FONT('continuous');
#12696 = STYLED_ITEM('color',(#12697),#5234);
#12697 = PRESENTATION_STYLE_ASSIGNMENT((#12698,#12703));
#12698 = SURFACE_STYLE_USAGE(.BOTH.,#12699);
#12699 = SURFACE_SIDE_STYLE('',(#12700));
#12700 = SURFACE_STYLE_FILL_AREA(#12701);
#12701 = FILL_AREA_STYLE('',(#12702));
#12702 = FILL_AREA_STYLE_COLOUR('',#11277);
#12703 = CURVE_STYLE('',#12704,POSITIVE_LENGTH_MEASURE(0.1),#11277);
#12704 = DRAUGHTING_PRE_DEFINED_CURVE_FONT('continuous');
#12705 = STYLED_ITEM('color',(#12706),#5251);
#12706 = PRESENTATION_STYLE_ASSIGNMENT((#12707,#12712));
#12707 = SURFACE_STYLE_USAGE(.BOTH.,#12708);
#12708 = SURFACE_SIDE_STYLE('',(#12709));
#12709 = SURFACE_STYLE_FILL_AREA(#12710);
#12710 = FILL_AREA_STYLE('',(#12711));
#12711 = FILL_AREA_STYLE_COLOUR('',#11277);
#12712 = CURVE_STYLE('',#12713,POSITIVE_LENGTH_MEASURE(0.1),#11277);
#12713 = DRAUGHTING_PRE_DEFINED_CURVE_FONT('continuous');
#12714 = STYLED_ITEM('color',(#12715),#5268);
#12715 = PRESENTATION_STYLE_ASSIGNMENT((#12716,#12721));
#12716 = SURFACE_STYLE_USAGE(.BOTH.,#12717);
#12717 = SURFACE_SIDE_STYLE('',(#12718));
#12718 = SURFACE_STYLE_FILL_AREA(#12719);
#12719 = FILL_AREA_STYLE('',(#12720));
#12720 = FILL_AREA_STYLE_COLOUR('',#11277);
#12721 = CURVE_STYLE('',#12722,POSITIVE_LENGTH_MEASURE(0.1),#11277);
#12722 = DRAUGHTING_PRE_DEFINED_CURVE_FONT('continuous');
#12723 = STYLED_ITEM('color',(#12724),#5285);
#12724 = PRESENTATION_STYLE_ASSIGNMENT((#12725,#12730));
#12725 = SURFACE_STYLE_USAGE(.BOTH.,#12726);
#12726 = SURFACE_SIDE_STYLE('',(#12727));
#12727 = SURFACE_STYLE_FILL_AREA(#12728);
#12728 = FILL_AREA_STYLE('',(#12729));
#12729 = FILL_AREA_STYLE_COLOUR('',#11277);
#12730 = CURVE_STYLE('',#12731,POSITIVE_LENGTH_MEASURE(0.1),#11277);
#12731 = DRAUGHTING_PRE_DEFINED_CURVE_FONT('continuous');
#12732 = STYLED_ITEM('color',(#12733),#5302);
#12733 = PRESENTATION_STYLE_ASSIGNMENT((#12734,#12739));
#12734 = SURFACE_STYLE_USAGE(.BOTH.,#12735);
#12735 = SURFACE_SIDE_STYLE('',(#12736));
#12736 = SURFACE_STYLE_FILL_AREA(#12737);
#12737 = FILL_AREA_STYLE('',(#12738));
#12738 = FILL_AREA_STYLE_COLOUR('',#11277);
#12739 = CURVE_STYLE('',#12740,POSITIVE_LENGTH_MEASURE(0.1),#11277);
#12740 = DRAUGHTING_PRE_DEFINED_CURVE_FONT('continuous');
#12741 = STYLED_ITEM('color',(#12742),#5319);
#12742 = PRESENTATION_STYLE_ASSIGNMENT((#12743,#12748));
#12743 = SURFACE_STYLE_USAGE(.BOTH.,#12744);
#12744 = SURFACE_SIDE_STYLE('',(#12745));
#12745 = SURFACE_STYLE_FILL_AREA(#12746);
#12746 = FILL_AREA_STYLE('',(#12747));
#12747 = FILL_AREA_STYLE_COLOUR('',#11277);
#12748 = CURVE_STYLE('',#12749,POSITIVE_LENGTH_MEASURE(0.1),#11277);
#12749 = DRAUGHTING_PRE_DEFINED_CURVE_FONT('continuous');
#12750 = STYLED_ITEM('color',(#12751),#5331);
#12751 = PRESENTATION_STYLE_ASSIGNMENT((#12752,#12757));
#12752 = SURFACE_STYLE_USAGE(.BOTH.,#12753);
#12753 = SURFACE_SIDE_STYLE('',(#12754));
#12754 = SURFACE_STYLE_FILL_AREA(#12755);
#12755 = FILL_AREA_STYLE('',(#12756));
#12756 = FILL_AREA_STYLE_COLOUR('',#11277);
#12757 = CURVE_STYLE('',#12758,POSITIVE_LENGTH_MEASURE(0.1),#11277);
#12758 = DRAUGHTING_PRE_DEFINED_CURVE_FONT('continuous');
#12759 = STYLED_ITEM('color',(#12760),#5348);
#12760 = PRESENTATION_STYLE_ASSIGNMENT((#12761,#12766));
#12761 = SURFACE_STYLE_USAGE(.BOTH.,#12762);
#12762 = SURFACE_SIDE_STYLE('',(#12763));
#12763 = SURFACE_STYLE_FILL_AREA(#12764);
#12764 = FILL_AREA_STYLE('',(#12765));
#12765 = FILL_AREA_STYLE_COLOUR('',#11277);
#12766 = CURVE_STYLE('',#12767,POSITIVE_LENGTH_MEASURE(0.1),#11277);
#12767 = DRAUGHTING_PRE_DEFINED_CURVE_FONT('continuous');
#12768 = STYLED_ITEM('color',(#12769),#5365);
#12769 = PRESENTATION_STYLE_ASSIGNMENT((#12770,#12775));
#12770 = SURFACE_STYLE_USAGE(.BOTH.,#12771);
#12771 = SURFACE_SIDE_STYLE('',(#12772));
#12772 = SURFACE_STYLE_FILL_AREA(#12773);
#12773 = FILL_AREA_STYLE('',(#12774));
#12774 = FILL_AREA_STYLE_COLOUR('',#11277);
#12775 = CURVE_STYLE('',#12776,POSITIVE_LENGTH_MEASURE(0.1),#11277);
#12776 = DRAUGHTING_PRE_DEFINED_CURVE_FONT('continuous');
#12777 = STYLED_ITEM('color',(#12778),#5382);
#12778 = PRESENTATION_STYLE_ASSIGNMENT((#12779,#12784));
#12779 = SURFACE_STYLE_USAGE(.BOTH.,#12780);
#12780 = SURFACE_SIDE_STYLE('',(#12781));
#12781 = SURFACE_STYLE_FILL_AREA(#12782);
#12782 = FILL_AREA_STYLE('',(#12783));
#12783 = FILL_AREA_STYLE_COLOUR('',#11277);
#12784 = CURVE_STYLE('',#12785,POSITIVE_LENGTH_MEASURE(0.1),#11277);
#12785 = DRAUGHTING_PRE_DEFINED_CURVE_FONT('continuous');
#12786 = STYLED_ITEM('color',(#12787),#5399);
#12787 = PRESENTATION_STYLE_ASSIGNMENT((#12788,#12793));
#12788 = SURFACE_STYLE_USAGE(.BOTH.,#12789);
#12789 = SURFACE_SIDE_STYLE('',(#12790));
#12790 = SURFACE_STYLE_FILL_AREA(#12791);
#12791 = FILL_AREA_STYLE('',(#12792));
#12792 = FILL_AREA_STYLE_COLOUR('',#11277);
#12793 = CURVE_STYLE('',#12794,POSITIVE_LENGTH_MEASURE(0.1),#11277);
#12794 = DRAUGHTING_PRE_DEFINED_CURVE_FONT('continuous');
#12795 = STYLED_ITEM('color',(#12796),#5416);
#12796 = PRESENTATION_STYLE_ASSIGNMENT((#12797,#12802));
#12797 = SURFACE_STYLE_USAGE(.BOTH.,#12798);
#12798 = SURFACE_SIDE_STYLE('',(#12799));
#12799 = SURFACE_STYLE_FILL_AREA(#12800);
#12800 = FILL_AREA_STYLE('',(#12801));
#12801 = FILL_AREA_STYLE_COLOUR('',#11277);
#12802 = CURVE_STYLE('',#12803,POSITIVE_LENGTH_MEASURE(0.1),#11277);
#12803 = DRAUGHTING_PRE_DEFINED_CURVE_FONT('continuous');
#12804 = STYLED_ITEM('color',(#12805),#5433);
#12805 = PRESENTATION_STYLE_ASSIGNMENT((#12806,#12811));
#12806 = SURFACE_STYLE_USAGE(.BOTH.,#12807);
#12807 = SURFACE_SIDE_STYLE('',(#12808));
#12808 = SURFACE_STYLE_FILL_AREA(#12809);
#12809 = FILL_AREA_STYLE('',(#12810));
#12810 = FILL_AREA_STYLE_COLOUR('',#11277);
#12811 = CURVE_STYLE('',#12812,POSITIVE_LENGTH_MEASURE(0.1),#11277);
#12812 = DRAUGHTING_PRE_DEFINED_CURVE_FONT('continuous');
#12813 = STYLED_ITEM('color',(#12814),#5450);
#12814 = PRESENTATION_STYLE_ASSIGNMENT((#12815,#12820));
#12815 = SURFACE_STYLE_USAGE(.BOTH.,#12816);
#12816 = SURFACE_SIDE_STYLE('',(#12817));
#12817 = SURFACE_STYLE_FILL_AREA(#12818);
#12818 = FILL_AREA_STYLE('',(#12819));
#12819 = FILL_AREA_STYLE_COLOUR('',#11277);
#12820 = CURVE_STYLE('',#12821,POSITIVE_LENGTH_MEASURE(0.1),#11277);
#12821 = DRAUGHTING_PRE_DEFINED_CURVE_FONT('continuous');
#12822 = STYLED_ITEM('color',(#12823),#5462);
#12823 = PRESENTATION_STYLE_ASSIGNMENT((#12824,#12830));
#12824 = SURFACE_STYLE_USAGE(.BOTH.,#12825);
#12825 = SURFACE_SIDE_STYLE('',(#12826));
#12826 = SURFACE_STYLE_FILL_AREA(#12827);
#12827 = FILL_AREA_STYLE('',(#12828));
#12828 = FILL_AREA_STYLE_COLOUR('',#12829);
#12829 = COLOUR_RGB('',0.690999998585,0.664000007176,0.597999987832);
#12830 = CURVE_STYLE('',#12831,POSITIVE_LENGTH_MEASURE(0.1),#12829);
#12831 = DRAUGHTING_PRE_DEFINED_CURVE_FONT('continuous');
#12832 = MECHANICAL_DESIGN_GEOMETRIC_PRESENTATION_REPRESENTATION('',(
    #12833),#11258);
#12833 = STYLED_ITEM('color',(#12834),#9045);
#12834 = PRESENTATION_STYLE_ASSIGNMENT((#12835));
#12835 = SURFACE_STYLE_USAGE(.BOTH.,#12836);
#12836 = SURFACE_SIDE_STYLE('',(#12837));
#12837 = SURFACE_STYLE_FILL_AREA(#12838);
#12838 = FILL_AREA_STYLE('',(#12839));
#12839 = FILL_AREA_STYLE_COLOUR('',#12840);
#12840 = COLOUR_RGB('',0.313304153717,0.484529207832,0.410020903123);
#12841 = MECHANICAL_DESIGN_GEOMETRIC_PRESENTATION_REPRESENTATION('',(
    #12842,#12849,#12856,#12863,#12870,#12877,#12884,#12891,#12899,
    #12906,#12913,#12920,#12927,#12934,#12942,#12949,#12956,#12963,
    #12970,#12977,#12984,#12991,#12998,#13005,#13012,#13019),#6311);
#12842 = STYLED_ITEM('color',(#12843),#5523);
#12843 = PRESENTATION_STYLE_ASSIGNMENT((#12844));
#12844 = SURFACE_STYLE_USAGE(.BOTH.,#12845);
#12845 = SURFACE_SIDE_STYLE('',(#12846));
#12846 = SURFACE_STYLE_FILL_AREA(#12847);
#12847 = FILL_AREA_STYLE('',(#12848));
#12848 = FILL_AREA_STYLE_COLOUR('',#11277);
#12849 = STYLED_ITEM('color',(#12850),#5563);
#12850 = PRESENTATION_STYLE_ASSIGNMENT((#12851));
#12851 = SURFACE_STYLE_USAGE(.BOTH.,#12852);
#12852 = SURFACE_SIDE_STYLE('',(#12853));
#12853 = SURFACE_STYLE_FILL_AREA(#12854);
#12854 = FILL_AREA_STYLE('',(#12855));
#12855 = FILL_AREA_STYLE_COLOUR('',#11277);
#12856 = STYLED_ITEM('color',(#12857),#5646);
#12857 = PRESENTATION_STYLE_ASSIGNMENT((#12858));
#12858 = SURFACE_STYLE_USAGE(.BOTH.,#12859);
#12859 = SURFACE_SIDE_STYLE('',(#12860));
#12860 = SURFACE_STYLE_FILL_AREA(#12861);
#12861 = FILL_AREA_STYLE('',(#12862));
#12862 = FILL_AREA_STYLE_COLOUR('',#11277);
#12863 = STYLED_ITEM('color',(#12864),#5671);
#12864 = PRESENTATION_STYLE_ASSIGNMENT((#12865));
#12865 = SURFACE_STYLE_USAGE(.BOTH.,#12866);
#12866 = SURFACE_SIDE_STYLE('',(#12867));
#12867 = SURFACE_STYLE_FILL_AREA(#12868);
#12868 = FILL_AREA_STYLE('',(#12869));
#12869 = FILL_AREA_STYLE_COLOUR('',#11277);
#12870 = STYLED_ITEM('color',(#12871),#5696);
#12871 = PRESENTATION_STYLE_ASSIGNMENT((#12872));
#12872 = SURFACE_STYLE_USAGE(.BOTH.,#12873);
#12873 = SURFACE_SIDE_STYLE('',(#12874));
#12874 = SURFACE_STYLE_FILL_AREA(#12875);
#12875 = FILL_AREA_STYLE('',(#12876));
#12876 = FILL_AREA_STYLE_COLOUR('',#11277);
#12877 = STYLED_ITEM('color',(#12878),#5763);
#12878 = PRESENTATION_STYLE_ASSIGNMENT((#12879));
#12879 = SURFACE_STYLE_USAGE(.BOTH.,#12880);
#12880 = SURFACE_SIDE_STYLE('',(#12881));
#12881 = SURFACE_STYLE_FILL_AREA(#12882);
#12882 = FILL_AREA_STYLE('',(#12883));
#12883 = FILL_AREA_STYLE_COLOUR('',#11277);
#12884 = STYLED_ITEM('color',(#12885),#5780);
#12885 = PRESENTATION_STYLE_ASSIGNMENT((#12886));
#12886 = SURFACE_STYLE_USAGE(.BOTH.,#12887);
#12887 = SURFACE_SIDE_STYLE('',(#12888));
#12888 = SURFACE_STYLE_FILL_AREA(#12889);
#12889 = FILL_AREA_STYLE('',(#12890));
#12890 = FILL_AREA_STYLE_COLOUR('',#11277);
#12891 = STYLED_ITEM('color',(#12892),#5797);
#12892 = PRESENTATION_STYLE_ASSIGNMENT((#12893));
#12893 = SURFACE_STYLE_USAGE(.BOTH.,#12894);
#12894 = SURFACE_SIDE_STYLE('',(#12895));
#12895 = SURFACE_STYLE_FILL_AREA(#12896);
#12896 = FILL_AREA_STYLE('',(#12897));
#12897 = FILL_AREA_STYLE_COLOUR('',#12898);
#12898 = COLOUR_RGB('',0.894999966383,0.890999961016,0.813000030345);
#12899 = STYLED_ITEM('color',(#12900),#5846);
#12900 = PRESENTATION_STYLE_ASSIGNMENT((#12901));
#12901 = SURFACE_STYLE_USAGE(.BOTH.,#12902);
#12902 = SURFACE_SIDE_STYLE('',(#12903));
#12903 = SURFACE_STYLE_FILL_AREA(#12904);
#12904 = FILL_AREA_STYLE('',(#12905));
#12905 = FILL_AREA_STYLE_COLOUR('',#11277);
#12906 = STYLED_ITEM('color',(#12907),#5863);
#12907 = PRESENTATION_STYLE_ASSIGNMENT((#12908));
#12908 = SURFACE_STYLE_USAGE(.BOTH.,#12909);
#12909 = SURFACE_SIDE_STYLE('',(#12910));
#12910 = SURFACE_STYLE_FILL_AREA(#12911);
#12911 = FILL_AREA_STYLE('',(#12912));
#12912 = FILL_AREA_STYLE_COLOUR('',#11277);
#12913 = STYLED_ITEM('color',(#12914),#5880);
#12914 = PRESENTATION_STYLE_ASSIGNMENT((#12915));
#12915 = SURFACE_STYLE_USAGE(.BOTH.,#12916);
#12916 = SURFACE_SIDE_STYLE('',(#12917));
#12917 = SURFACE_STYLE_FILL_AREA(#12918);
#12918 = FILL_AREA_STYLE('',(#12919));
#12919 = FILL_AREA_STYLE_COLOUR('',#12898);
#12920 = STYLED_ITEM('color',(#12921),#5929);
#12921 = PRESENTATION_STYLE_ASSIGNMENT((#12922));
#12922 = SURFACE_STYLE_USAGE(.BOTH.,#12923);
#12923 = SURFACE_SIDE_STYLE('',(#12924));
#12924 = SURFACE_STYLE_FILL_AREA(#12925);
#12925 = FILL_AREA_STYLE('',(#12926));
#12926 = FILL_AREA_STYLE_COLOUR('',#12898);
#12927 = STYLED_ITEM('color',(#12928),#5946);
#12928 = PRESENTATION_STYLE_ASSIGNMENT((#12929));
#12929 = SURFACE_STYLE_USAGE(.BOTH.,#12930);
#12930 = SURFACE_SIDE_STYLE('',(#12931));
#12931 = SURFACE_STYLE_FILL_AREA(#12932);
#12932 = FILL_AREA_STYLE('',(#12933));
#12933 = FILL_AREA_STYLE_COLOUR('',#11277);
#12934 = STYLED_ITEM('color',(#12935),#6015);
#12935 = PRESENTATION_STYLE_ASSIGNMENT((#12936));
#12936 = SURFACE_STYLE_USAGE(.BOTH.,#12937);
#12937 = SURFACE_SIDE_STYLE('',(#12938));
#12938 = SURFACE_STYLE_FILL_AREA(#12939);
#12939 = FILL_AREA_STYLE('',(#12940));
#12940 = FILL_AREA_STYLE_COLOUR('',#12941);
#12941 = COLOUR_RGB('',8.200000279077E-02,8.600000121357E-02,
  9.399999706163E-02);
#12942 = STYLED_ITEM('color',(#12943),#6046);
#12943 = PRESENTATION_STYLE_ASSIGNMENT((#12944));
#12944 = SURFACE_STYLE_USAGE(.BOTH.,#12945);
#12945 = SURFACE_SIDE_STYLE('',(#12946));
#12946 = SURFACE_STYLE_FILL_AREA(#12947);
#12947 = FILL_AREA_STYLE('',(#12948));
#12948 = FILL_AREA_STYLE_COLOUR('',#12941);
#12949 = STYLED_ITEM('color',(#12950),#6070);
#12950 = PRESENTATION_STYLE_ASSIGNMENT((#12951));
#12951 = SURFACE_STYLE_USAGE(.BOTH.,#12952);
#12952 = SURFACE_SIDE_STYLE('',(#12953));
#12953 = SURFACE_STYLE_FILL_AREA(#12954);
#12954 = FILL_AREA_STYLE('',(#12955));
#12955 = FILL_AREA_STYLE_COLOUR('',#11277);
#12956 = STYLED_ITEM('color',(#12957),#6139);
#12957 = PRESENTATION_STYLE_ASSIGNMENT((#12958));
#12958 = SURFACE_STYLE_USAGE(.BOTH.,#12959);
#12959 = SURFACE_SIDE_STYLE('',(#12960));
#12960 = SURFACE_STYLE_FILL_AREA(#12961);
#12961 = FILL_AREA_STYLE('',(#12962));
#12962 = FILL_AREA_STYLE_COLOUR('',#12941);
#12963 = STYLED_ITEM('color',(#12964),#6163);
#12964 = PRESENTATION_STYLE_ASSIGNMENT((#12965));
#12965 = SURFACE_STYLE_USAGE(.BOTH.,#12966);
#12966 = SURFACE_SIDE_STYLE('',(#12967));
#12967 = SURFACE_STYLE_FILL_AREA(#12968);
#12968 = FILL_AREA_STYLE('',(#12969));
#12969 = FILL_AREA_STYLE_COLOUR('',#11277);
#12970 = STYLED_ITEM('color',(#12971),#6180);
#12971 = PRESENTATION_STYLE_ASSIGNMENT((#12972));
#12972 = SURFACE_STYLE_USAGE(.BOTH.,#12973);
#12973 = SURFACE_SIDE_STYLE('',(#12974));
#12974 = SURFACE_STYLE_FILL_AREA(#12975);
#12975 = FILL_AREA_STYLE('',(#12976));
#12976 = FILL_AREA_STYLE_COLOUR('',#11277);
#12977 = STYLED_ITEM('color',(#12978),#6197);
#12978 = PRESENTATION_STYLE_ASSIGNMENT((#12979));
#12979 = SURFACE_STYLE_USAGE(.BOTH.,#12980);
#12980 = SURFACE_SIDE_STYLE('',(#12981));
#12981 = SURFACE_STYLE_FILL_AREA(#12982);
#12982 = FILL_AREA_STYLE('',(#12983));
#12983 = FILL_AREA_STYLE_COLOUR('',#11277);
#12984 = STYLED_ITEM('color',(#12985),#6214);
#12985 = PRESENTATION_STYLE_ASSIGNMENT((#12986));
#12986 = SURFACE_STYLE_USAGE(.BOTH.,#12987);
#12987 = SURFACE_SIDE_STYLE('',(#12988));
#12988 = SURFACE_STYLE_FILL_AREA(#12989);
#12989 = FILL_AREA_STYLE('',(#12990));
#12990 = FILL_AREA_STYLE_COLOUR('',#11277);
#12991 = STYLED_ITEM('color',(#12992),#6231);
#12992 = PRESENTATION_STYLE_ASSIGNMENT((#12993));
#12993 = SURFACE_STYLE_USAGE(.BOTH.,#12994);
#12994 = SURFACE_SIDE_STYLE('',(#12995));
#12995 = SURFACE_STYLE_FILL_AREA(#12996);
#12996 = FILL_AREA_STYLE('',(#12997));
#12997 = FILL_AREA_STYLE_COLOUR('',#11277);
#12998 = STYLED_ITEM('color',(#12999),#6248);
#12999 = PRESENTATION_STYLE_ASSIGNMENT((#13000));
#13000 = SURFACE_STYLE_USAGE(.BOTH.,#13001);
#13001 = SURFACE_SIDE_STYLE('',(#13002));
#13002 = SURFACE_STYLE_FILL_AREA(#13003);
#13003 = FILL_AREA_STYLE('',(#13004));
#13004 = FILL_AREA_STYLE_COLOUR('',#11277);
#13005 = STYLED_ITEM('color',(#13006),#6265);
#13006 = PRESENTATION_STYLE_ASSIGNMENT((#13007));
#13007 = SURFACE_STYLE_USAGE(.BOTH.,#13008);
#13008 = SURFACE_SIDE_STYLE('',(#13009));
#13009 = SURFACE_STYLE_FILL_AREA(#13010);
#13010 = FILL_AREA_STYLE('',(#13011));
#13011 = FILL_AREA_STYLE_COLOUR('',#11277);
#13012 = STYLED_ITEM('color',(#13013),#6282);
#13013 = PRESENTATION_STYLE_ASSIGNMENT((#13014));
#13014 = SURFACE_STYLE_USAGE(.BOTH.,#13015);
#13015 = SURFACE_SIDE_STYLE('',(#13016));
#13016 = SURFACE_STYLE_FILL_AREA(#13017);
#13017 = FILL_AREA_STYLE('',(#13018));
#13018 = FILL_AREA_STYLE_COLOUR('',#12941);
#13019 = STYLED_ITEM('color',(#13020),#6299);
#13020 = PRESENTATION_STYLE_ASSIGNMENT((#13021));
#13021 = SURFACE_STYLE_USAGE(.BOTH.,#13022);
#13022 = SURFACE_SIDE_STYLE('',(#13023));
#13023 = SURFACE_STYLE_FILL_AREA(#13024);
#13024 = FILL_AREA_STYLE('',(#13025));
#13025 = FILL_AREA_STYLE_COLOUR('',#12941);
ENDSEC;
END-ISO-10303-21;
