ISO-10303-21;
HEADER;
FILE_DESCRIPTION(('KiCad electronic assembly'),'2;1');
FILE_NAME('rapid_power_module.step','2026-09-08T13:08:23',('Pcbnew'),(
    'Kicad'),'Open CASCADE STEP processor 7.9','KiCad to STEP converter'
  ,'Unknown');
FILE_SCHEMA(('AUTOMOTIVE_DESIGN { 1 0 10303 214 1 1 1 1 }'));
ENDSEC;
DATA;
#1 = APPLICATION_PROTOCOL_DEFINITION('international standard',
  'automotive_design',2000,#2);
#2 = APPLICATION_CONTEXT(
  'core data for automotive mechanical design processes');
#3 = SHAPE_DEFINITION_REPRESENTATION(#4,#10);
#4 = PRODUCT_DEFINITION_SHAPE('','',#5);
#5 = PRODUCT_DEFINITION('design','',#6,#9);
#6 = PRODUCT_DEFINITION_FORMATION('','',#7);
#7 = PRODUCT('rapid_power_module 1','rapid_power_module 1','',(#8));
#8 = PRODUCT_CONTEXT('',#2,'mechanical');
#9 = PRODUCT_DEFINITION_CONTEXT('part definition',#2,'design');
#10 = SHAPE_REPRESENTATION('',(#11,#15,#19,#23,#27),#31);
#11 = AXIS2_PLACEMENT_3D('',#12,#13,#14);
#12 = CARTESIAN_POINT('',(0.,0.,0.));
#13 = DIRECTION('',(0.,0.,1.));
#14 = DIRECTION('',(1.,0.,-0.));
#15 = AXIS2_PLACEMENT_3D('',#16,#17,#18);
#16 = CARTESIAN_POINT('',(5.999872,8.418137,-4.085));
#17 = DIRECTION('',(1.224646799147E-16,1.,1.144237745222E-17));
#18 = DIRECTION('',(-1.,1.224646799147E-16,0.));
#19 = AXIS2_PLACEMENT_3D('',#20,#21,#22);
#20 = CARTESIAN_POINT('',(-18.000128,8.418137,-4.085));
#21 = DIRECTION('',(1.224646799147E-16,1.,1.144237745222E-17));
#22 = DIRECTION('',(-1.,1.224646799147E-16,0.));
#23 = AXIS2_PLACEMENT_3D('',#24,#25,#26);
#24 = CARTESIAN_POINT('',(-6.000128,8.418137,-4.085));
#25 = DIRECTION('',(1.224646799147E-16,1.,1.144237745222E-17));
#26 = DIRECTION('',(-1.,1.224646799147E-16,0.));
#27 = AXIS2_PLACEMENT_3D('',#28,#29,#30);
#28 = CARTESIAN_POINT('',(0.,0.,0.));
#29 = DIRECTION('',(0.,0.,1.));
#30 = DIRECTION('',(1.,0.,-0.));
#31 = ( GEOMETRIC_REPRESENTATION_CONTEXT(3) 
GLOBAL_UNCERTAINTY_ASSIGNED_CONTEXT((#35)) GLOBAL_UNIT_ASSIGNED_CONTEXT(
(#32,#33,#34)) REPRESENTATION_CONTEXT('Context #1',
  '3D Context with UNIT and UNCERTAINTY') );
#32 = ( LENGTH_UNIT() NAMED_UNIT(*) SI_UNIT(.MILLI.,.METRE.) );
#33 = ( NAMED_UNIT(*) PLANE_ANGLE_UNIT() SI_UNIT($,.RADIAN.) );
#34 = ( NAMED_UNIT(*) SI_UNIT($,.STERADIAN.) SOLID_ANGLE_UNIT() );
#35 = UNCERTAINTY_MEASURE_WITH_UNIT(LENGTH_MEASURE(5.E-05),#32,
  'distance_accuracy_value','confusion accuracy');
#36 = PRODUCT_RELATED_PRODUCT_CATEGORY('part',$,(#7));
#37 = SHAPE_DEFINITION_REPRESENTATION(#38,#44);
#38 = PRODUCT_DEFINITION_SHAPE('','',#39);
#39 = PRODUCT_DEFINITION('design','',#40,#43);
#40 = PRODUCT_DEFINITION_FORMATION('','',#41);
#41 = PRODUCT('66200421022 (rev1)','66200421022 (rev1)','',(#42));
#42 = PRODUCT_CONTEXT('',#2,'mechanical');
#43 = PRODUCT_DEFINITION_CONTEXT('part definition',#2,'design');
#44 = SHAPE_REPRESENTATION('',(#11,#45),#49);
#45 = AXIS2_PLACEMENT_3D('',#46,#47,#48);
#46 = CARTESIAN_POINT('',(0.,0.,0.));
#47 = DIRECTION('',(0.,0.,1.));
#48 = DIRECTION('',(1.,0.,-0.));
#49 = ( GEOMETRIC_REPRESENTATION_CONTEXT(3) 
GLOBAL_UNCERTAINTY_ASSIGNED_CONTEXT((#53)) GLOBAL_UNIT_ASSIGNED_CONTEXT(
(#50,#51,#52)) REPRESENTATION_CONTEXT('Context #1',
  '3D Context with UNIT and UNCERTAINTY') );
#50 = ( LENGTH_UNIT() NAMED_UNIT(*) SI_UNIT(.MILLI.,.METRE.) );
#51 = ( NAMED_UNIT(*) PLANE_ANGLE_UNIT() SI_UNIT($,.RADIAN.) );
#52 = ( NAMED_UNIT(*) SI_UNIT($,.STERADIAN.) SOLID_ANGLE_UNIT() );
#53 = UNCERTAINTY_MEASURE_WITH_UNIT(LENGTH_MEASURE(5.E-05),#50,
  'distance_accuracy_value','confusion accuracy');
#54 = CONTEXT_DEPENDENT_SHAPE_REPRESENTATION(#55,#57);
#55 = ( REPRESENTATION_RELATIONSHIP('','',#44,#10) 
REPRESENTATION_RELATIONSHIP_WITH_TRANSFORMATION(#56) 
SHAPE_REPRESENTATION_RELATIONSHIP() );
#56 = ITEM_DEFINED_TRANSFORMATION('','',#11,#15);
#57 = PRODUCT_DEFINITION_SHAPE('Placement','Placement of an item',#58);
#58 = NEXT_ASSEMBLY_USAGE_OCCURRENCE('7','J5','',#5,#39,$);
#59 = PRODUCT_RELATED_PRODUCT_CATEGORY('part',$,(#41));
#60 = SHAPE_DEFINITION_REPRESENTATION(#61,#67);
#61 = PRODUCT_DEFINITION_SHAPE('','',#62);
#62 = PRODUCT_DEFINITION('design','',#63,#66);
#63 = PRODUCT_DEFINITION_FORMATION('','',#64);
#64 = PRODUCT('6620xx21022','6620xx21022','',(#65));
#65 = PRODUCT_CONTEXT('',#2,'mechanical');
#66 = PRODUCT_DEFINITION_CONTEXT('part definition',#2,'design');
#67 = SHAPE_REPRESENTATION('',(#11,#68,#72,#76,#80,#84),#88);
#68 = AXIS2_PLACEMENT_3D('',#69,#70,#71);
#69 = CARTESIAN_POINT('',(0.,0.,0.));
#70 = DIRECTION('',(0.,0.,1.));
#71 = DIRECTION('',(1.,0.,0.));
#72 = AXIS2_PLACEMENT_3D('',#73,#74,#75);
#73 = CARTESIAN_POINT('',(-1.5,4.655,-0.32));
#74 = DIRECTION('',(-0.,0.,1.));
#75 = DIRECTION('',(1.,-1.665334536938E-16,0.));
#76 = AXIS2_PLACEMENT_3D('',#77,#78,#79);
#77 = CARTESIAN_POINT('',(-1.5,3.155,-1.82));
#78 = DIRECTION('',(6.32681775864E-17,5.551115123126E-17,1.));
#79 = DIRECTION('',(1.,-8.67572747598E-16,-6.32681775864E-17));
#80 = AXIS2_PLACEMENT_3D('',#81,#82,#83);
#81 = CARTESIAN_POINT('',(1.5,4.655,-0.32));
#82 = DIRECTION('',(-0.,0.,1.));
#83 = DIRECTION('',(1.,-1.665334536938E-16,0.));
#84 = AXIS2_PLACEMENT_3D('',#85,#86,#87);
#85 = CARTESIAN_POINT('',(1.5,3.155,-1.82));
#86 = DIRECTION('',(6.32681775864E-17,5.551115123126E-17,1.));
#87 = DIRECTION('',(1.,-8.67572747598E-16,-6.32681775864E-17));
#88 = ( GEOMETRIC_REPRESENTATION_CONTEXT(3) 
GLOBAL_UNCERTAINTY_ASSIGNED_CONTEXT((#92)) GLOBAL_UNIT_ASSIGNED_CONTEXT(
(#89,#90,#91)) REPRESENTATION_CONTEXT('Context #1',
  '3D Context with UNIT and UNCERTAINTY') );
#89 = ( LENGTH_UNIT() NAMED_UNIT(*) SI_UNIT(.MILLI.,.METRE.) );
#90 = ( NAMED_UNIT(*) PLANE_ANGLE_UNIT() SI_UNIT($,.RADIAN.) );
#91 = ( NAMED_UNIT(*) SI_UNIT($,.STERADIAN.) SOLID_ANGLE_UNIT() );
#92 = UNCERTAINTY_MEASURE_WITH_UNIT(LENGTH_MEASURE(5.E-05),#89,
  'distance_accuracy_value','confusion accuracy');
#93 = CONTEXT_DEPENDENT_SHAPE_REPRESENTATION(#94,#96);
#94 = ( REPRESENTATION_RELATIONSHIP('','',#67,#44) 
REPRESENTATION_RELATIONSHIP_WITH_TRANSFORMATION(#95) 
SHAPE_REPRESENTATION_RELATIONSHIP() );
#95 = ITEM_DEFINED_TRANSFORMATION('','',#11,#45);
#96 = PRODUCT_DEFINITION_SHAPE('Placement','Placement of an item',#97);
#97 = NEXT_ASSEMBLY_USAGE_OCCURRENCE('6','=>[0:1:1:3]','',#39,#62,$);
#98 = PRODUCT_RELATED_PRODUCT_CATEGORY('part',$,(#64));
#99 = SHAPE_DEFINITION_REPRESENTATION(#100,#106);
#100 = PRODUCT_DEFINITION_SHAPE('','',#101);
#101 = PRODUCT_DEFINITION('design','',#102,#105);
#102 = PRODUCT_DEFINITION_FORMATION('','',#103);
#103 = PRODUCT('66200421022','66200421022','',(#104));
#104 = PRODUCT_CONTEXT('',#2,'mechanical');
#105 = PRODUCT_DEFINITION_CONTEXT('part definition',#2,'design');
#106 = ADVANCED_BREP_SHAPE_REPRESENTATION('',(#11,#107),#7045);
#107 = MANIFOLD_SOLID_BREP('',#108);
#108 = CLOSED_SHELL('',(#109,#149,#189,#229,#269,#309,#365,#405,#461,
    #531,#601,#671,#741,#781,#803,#875,#931,#1003,#1051,#1130,#1152,
    #1192,#1232,#1272,#1321,#1384,#1481,#1544,#1593,#1633,#1831,#1887,
    #2078,#2110,#2159,#2199,#2381,#2554,#2586,#2658,#2872,#3136,#3171,
    #3213,#3243,#3260,#3343,#3406,#3432,#3456,#3473,#3485,#3502,#3519,
    #3536,#3548,#3580,#3597,#3614,#3631,#3643,#3660,#3677,#3689,#3743,
    #3760,#3777,#3871,#3920,#3950,#3997,#4020,#4032,#4062,#4086,#4109,
    #4121,#4133,#4145,#4157,#4169,#4191,#4203,#4243,#4283,#4302,#4326,
    #4358,#4370,#4395,#4420,#4447,#4474,#4494,#4506,#4528,#4546,#4622,
    #4648,#4672,#4689,#4701,#4718,#4735,#4752,#4764,#4781,#4798,#4815,
    #4827,#4844,#4861,#4873,#4922,#4952,#4982,#5022,#5034,#5065,#5088,
    #5111,#5123,#5135,#5147,#5159,#5171,#5193,#5205,#5245,#5271,#5304,
    #5328,#5360,#5372,#5397,#5422,#5449,#5476,#5496,#5508,#5539,#5570,
    #5594,#5606,#5618,#5642,#5666,#5683,#5731,#5785,#5839,#5856,#5868,
    #5880,#5892,#5904,#5935,#5959,#5983,#6007,#6041,#6053,#6065,#6096,
    #6120,#6144,#6168,#6202,#6214,#6226,#6280,#6334,#6351,#6363,#6375,
    #6387,#6399,#6430,#6454,#6478,#6502,#6536,#6548,#6560,#6591,#6622,
    #6646,#6663,#6697,#6709,#6721,#6761,#6801,#6813,#6825,#6837,#6849,
    #6861,#6895,#6929,#6941,#6953,#6970,#6987,#6999,#7016,#7033));
#109 = ADVANCED_FACE('',(#110),#144,.T.);
#110 = FACE_BOUND('',#111,.T.);
#111 = EDGE_LOOP('',(#112,#122,#130,#138));
#112 = ORIENTED_EDGE('',*,*,#113,.T.);
#113 = EDGE_CURVE('',#114,#116,#118,.T.);
#114 = VERTEX_POINT('',#115);
#115 = CARTESIAN_POINT('',(1.18,-1.18,-3.63));
#116 = VERTEX_POINT('',#117);
#117 = CARTESIAN_POINT('',(1.18,-0.305,-3.63));
#118 = LINE('',#119,#120);
#119 = CARTESIAN_POINT('',(1.18,-3.13,-3.63));
#120 = VECTOR('',#121,1.);
#121 = DIRECTION('',(0.,1.,0.));
#122 = ORIENTED_EDGE('',*,*,#123,.T.);
#123 = EDGE_CURVE('',#116,#124,#126,.T.);
#124 = VERTEX_POINT('',#125);
#125 = CARTESIAN_POINT('',(1.82,-0.305,-3.63));
#126 = LINE('',#127,#128);
#127 = CARTESIAN_POINT('',(-2.45,-0.305,-3.63));
#128 = VECTOR('',#129,1.);
#129 = DIRECTION('',(1.,0.,0.));
#130 = ORIENTED_EDGE('',*,*,#131,.T.);
#131 = EDGE_CURVE('',#124,#132,#134,.T.);
#132 = VERTEX_POINT('',#133);
#133 = CARTESIAN_POINT('',(1.82,-1.18,-3.63));
#134 = LINE('',#135,#136);
#135 = CARTESIAN_POINT('',(1.82,3.13,-3.63));
#136 = VECTOR('',#137,1.);
#137 = DIRECTION('',(0.,-1.,0.));
#138 = ORIENTED_EDGE('',*,*,#139,.F.);
#139 = EDGE_CURVE('',#114,#132,#140,.T.);
#140 = LINE('',#141,#142);
#141 = CARTESIAN_POINT('',(0.,-1.18,-3.63));
#142 = VECTOR('',#143,1.);
#143 = DIRECTION('',(1.,0.,0.));
#144 = PLANE('',#145);
#145 = AXIS2_PLACEMENT_3D('',#146,#147,#148);
#146 = CARTESIAN_POINT('',(0.,0.,-3.63));
#147 = DIRECTION('',(0.,0.,-1.));
#148 = DIRECTION('',(-1.,0.,0.));
#149 = ADVANCED_FACE('',(#150),#184,.T.);
#150 = FACE_BOUND('',#151,.T.);
#151 = EDGE_LOOP('',(#152,#162,#170,#178));
#152 = ORIENTED_EDGE('',*,*,#153,.T.);
#153 = EDGE_CURVE('',#154,#156,#158,.T.);
#154 = VERTEX_POINT('',#155);
#155 = CARTESIAN_POINT('',(1.82,1.18,-3.63));
#156 = VERTEX_POINT('',#157);
#157 = CARTESIAN_POINT('',(1.82,0.305,-3.63));
#158 = LINE('',#159,#160);
#159 = CARTESIAN_POINT('',(1.82,3.13,-3.63));
#160 = VECTOR('',#161,1.);
#161 = DIRECTION('',(0.,-1.,0.));
#162 = ORIENTED_EDGE('',*,*,#163,.T.);
#163 = EDGE_CURVE('',#156,#164,#166,.T.);
#164 = VERTEX_POINT('',#165);
#165 = CARTESIAN_POINT('',(1.18,0.305,-3.63));
#166 = LINE('',#167,#168);
#167 = CARTESIAN_POINT('',(2.45,0.305,-3.63));
#168 = VECTOR('',#169,1.);
#169 = DIRECTION('',(-1.,0.,0.));
#170 = ORIENTED_EDGE('',*,*,#171,.T.);
#171 = EDGE_CURVE('',#164,#172,#174,.T.);
#172 = VERTEX_POINT('',#173);
#173 = CARTESIAN_POINT('',(1.18,1.18,-3.63));
#174 = LINE('',#175,#176);
#175 = CARTESIAN_POINT('',(1.18,-3.13,-3.63));
#176 = VECTOR('',#177,1.);
#177 = DIRECTION('',(0.,1.,0.));
#178 = ORIENTED_EDGE('',*,*,#179,.F.);
#179 = EDGE_CURVE('',#154,#172,#180,.T.);
#180 = LINE('',#181,#182);
#181 = CARTESIAN_POINT('',(0.,1.18,-3.63));
#182 = VECTOR('',#183,1.);
#183 = DIRECTION('',(-1.,0.,0.));
#184 = PLANE('',#185);
#185 = AXIS2_PLACEMENT_3D('',#186,#187,#188);
#186 = CARTESIAN_POINT('',(0.,0.,-3.63));
#187 = DIRECTION('',(0.,0.,-1.));
#188 = DIRECTION('',(-1.,0.,0.));
#189 = ADVANCED_FACE('',(#190),#224,.T.);
#190 = FACE_BOUND('',#191,.T.);
#191 = EDGE_LOOP('',(#192,#202,#210,#218));
#192 = ORIENTED_EDGE('',*,*,#193,.T.);
#193 = EDGE_CURVE('',#194,#196,#198,.T.);
#194 = VERTEX_POINT('',#195);
#195 = CARTESIAN_POINT('',(-1.82,-1.18,-3.63));
#196 = VERTEX_POINT('',#197);
#197 = CARTESIAN_POINT('',(-1.82,-0.305,-3.63));
#198 = LINE('',#199,#200);
#199 = CARTESIAN_POINT('',(-1.82,-3.13,-3.63));
#200 = VECTOR('',#201,1.);
#201 = DIRECTION('',(0.,1.,0.));
#202 = ORIENTED_EDGE('',*,*,#203,.T.);
#203 = EDGE_CURVE('',#196,#204,#206,.T.);
#204 = VERTEX_POINT('',#205);
#205 = CARTESIAN_POINT('',(-1.18,-0.305,-3.63));
#206 = LINE('',#207,#208);
#207 = CARTESIAN_POINT('',(-2.45,-0.305,-3.63));
#208 = VECTOR('',#209,1.);
#209 = DIRECTION('',(1.,0.,0.));
#210 = ORIENTED_EDGE('',*,*,#211,.T.);
#211 = EDGE_CURVE('',#204,#212,#214,.T.);
#212 = VERTEX_POINT('',#213);
#213 = CARTESIAN_POINT('',(-1.18,-1.18,-3.63));
#214 = LINE('',#215,#216);
#215 = CARTESIAN_POINT('',(-1.18,3.13,-3.63));
#216 = VECTOR('',#217,1.);
#217 = DIRECTION('',(0.,-1.,0.));
#218 = ORIENTED_EDGE('',*,*,#219,.F.);
#219 = EDGE_CURVE('',#194,#212,#220,.T.);
#220 = LINE('',#221,#222);
#221 = CARTESIAN_POINT('',(0.,-1.18,-3.63));
#222 = VECTOR('',#223,1.);
#223 = DIRECTION('',(1.,0.,0.));
#224 = PLANE('',#225);
#225 = AXIS2_PLACEMENT_3D('',#226,#227,#228);
#226 = CARTESIAN_POINT('',(0.,0.,-3.63));
#227 = DIRECTION('',(0.,0.,-1.));
#228 = DIRECTION('',(-1.,0.,0.));
#229 = ADVANCED_FACE('',(#230),#264,.T.);
#230 = FACE_BOUND('',#231,.T.);
#231 = EDGE_LOOP('',(#232,#242,#250,#258));
#232 = ORIENTED_EDGE('',*,*,#233,.T.);
#233 = EDGE_CURVE('',#234,#236,#238,.T.);
#234 = VERTEX_POINT('',#235);
#235 = CARTESIAN_POINT('',(-1.18,1.18,-3.63));
#236 = VERTEX_POINT('',#237);
#237 = CARTESIAN_POINT('',(-1.18,0.305,-3.63));
#238 = LINE('',#239,#240);
#239 = CARTESIAN_POINT('',(-1.18,3.13,-3.63));
#240 = VECTOR('',#241,1.);
#241 = DIRECTION('',(0.,-1.,0.));
#242 = ORIENTED_EDGE('',*,*,#243,.T.);
#243 = EDGE_CURVE('',#236,#244,#246,.T.);
#244 = VERTEX_POINT('',#245);
#245 = CARTESIAN_POINT('',(-1.82,0.305,-3.63));
#246 = LINE('',#247,#248);
#247 = CARTESIAN_POINT('',(2.45,0.305,-3.63));
#248 = VECTOR('',#249,1.);
#249 = DIRECTION('',(-1.,0.,0.));
#250 = ORIENTED_EDGE('',*,*,#251,.T.);
#251 = EDGE_CURVE('',#244,#252,#254,.T.);
#252 = VERTEX_POINT('',#253);
#253 = CARTESIAN_POINT('',(-1.82,1.18,-3.63));
#254 = LINE('',#255,#256);
#255 = CARTESIAN_POINT('',(-1.82,-3.13,-3.63));
#256 = VECTOR('',#257,1.);
#257 = DIRECTION('',(0.,1.,0.));
#258 = ORIENTED_EDGE('',*,*,#259,.F.);
#259 = EDGE_CURVE('',#234,#252,#260,.T.);
#260 = LINE('',#261,#262);
#261 = CARTESIAN_POINT('',(0.,1.18,-3.63));
#262 = VECTOR('',#263,1.);
#263 = DIRECTION('',(-1.,0.,0.));
#264 = PLANE('',#265);
#265 = AXIS2_PLACEMENT_3D('',#266,#267,#268);
#266 = CARTESIAN_POINT('',(0.,0.,-3.63));
#267 = DIRECTION('',(0.,0.,-1.));
#268 = DIRECTION('',(-1.,0.,0.));
#269 = ADVANCED_FACE('',(#270),#304,.T.);
#270 = FACE_BOUND('',#271,.T.);
#271 = EDGE_LOOP('',(#272,#282,#290,#298));
#272 = ORIENTED_EDGE('',*,*,#273,.F.);
#273 = EDGE_CURVE('',#274,#276,#278,.T.);
#274 = VERTEX_POINT('',#275);
#275 = CARTESIAN_POINT('',(-0.55,-0.305,-3.95));
#276 = VERTEX_POINT('',#277);
#277 = CARTESIAN_POINT('',(-1.18,-0.305,-3.95));
#278 = LINE('',#279,#280);
#279 = CARTESIAN_POINT('',(0.,-0.305,-3.95));
#280 = VECTOR('',#281,1.);
#281 = DIRECTION('',(-1.,0.,0.));
#282 = ORIENTED_EDGE('',*,*,#283,.F.);
#283 = EDGE_CURVE('',#284,#274,#286,.T.);
#284 = VERTEX_POINT('',#285);
#285 = CARTESIAN_POINT('',(-0.55,-2.73,-3.95));
#286 = LINE('',#287,#288);
#287 = CARTESIAN_POINT('',(-0.55,-2.73,-3.95));
#288 = VECTOR('',#289,1.);
#289 = DIRECTION('',(0.,1.,0.));
#290 = ORIENTED_EDGE('',*,*,#291,.T.);
#291 = EDGE_CURVE('',#284,#292,#294,.T.);
#292 = VERTEX_POINT('',#293);
#293 = CARTESIAN_POINT('',(-1.18,-2.73,-3.95));
#294 = LINE('',#295,#296);
#295 = CARTESIAN_POINT('',(3.86,-2.73,-3.95));
#296 = VECTOR('',#297,1.);
#297 = DIRECTION('',(-1.,0.,0.));
#298 = ORIENTED_EDGE('',*,*,#299,.F.);
#299 = EDGE_CURVE('',#276,#292,#300,.T.);
#300 = LINE('',#301,#302);
#301 = CARTESIAN_POINT('',(-1.18,0.,-3.95));
#302 = VECTOR('',#303,1.);
#303 = DIRECTION('',(0.,-1.,0.));
#304 = PLANE('',#305);
#305 = AXIS2_PLACEMENT_3D('',#306,#307,#308);
#306 = CARTESIAN_POINT('',(0.,0.,-3.95));
#307 = DIRECTION('',(0.,0.,-1.));
#308 = DIRECTION('',(-1.,0.,0.));
#309 = ADVANCED_FACE('',(#310),#360,.T.);
#310 = FACE_BOUND('',#311,.T.);
#311 = EDGE_LOOP('',(#312,#322,#330,#338,#346,#354));
#312 = ORIENTED_EDGE('',*,*,#313,.F.);
#313 = EDGE_CURVE('',#314,#316,#318,.T.);
#314 = VERTEX_POINT('',#315);
#315 = CARTESIAN_POINT('',(2.45,-0.305,-3.95));
#316 = VERTEX_POINT('',#317);
#317 = CARTESIAN_POINT('',(1.82,-0.305,-3.95));
#318 = LINE('',#319,#320);
#319 = CARTESIAN_POINT('',(0.,-0.305,-3.95));
#320 = VECTOR('',#321,1.);
#321 = DIRECTION('',(-1.,0.,0.));
#322 = ORIENTED_EDGE('',*,*,#323,.T.);
#323 = EDGE_CURVE('',#314,#324,#326,.T.);
#324 = VERTEX_POINT('',#325);
#325 = CARTESIAN_POINT('',(2.45,-0.58,-3.95));
#326 = LINE('',#327,#328);
#327 = CARTESIAN_POINT('',(2.45,0.97,-3.95));
#328 = VECTOR('',#329,1.);
#329 = DIRECTION('',(0.,-1.,0.));
#330 = ORIENTED_EDGE('',*,*,#331,.T.);
#331 = EDGE_CURVE('',#324,#332,#334,.T.);
#332 = VERTEX_POINT('',#333);
#333 = CARTESIAN_POINT('',(3.26,-0.58,-3.95));
#334 = LINE('',#335,#336);
#335 = CARTESIAN_POINT('',(2.45,-0.58,-3.95));
#336 = VECTOR('',#337,1.);
#337 = DIRECTION('',(1.,-1.07346749751E-16,0.));
#338 = ORIENTED_EDGE('',*,*,#339,.T.);
#339 = EDGE_CURVE('',#332,#340,#342,.T.);
#340 = VERTEX_POINT('',#341);
#341 = CARTESIAN_POINT('',(3.26,-2.73,-3.95));
#342 = LINE('',#343,#344);
#343 = CARTESIAN_POINT('',(3.26,-2.73,-3.95));
#344 = VECTOR('',#345,1.);
#345 = DIRECTION('',(0.,-1.,0.));
#346 = ORIENTED_EDGE('',*,*,#347,.T.);
#347 = EDGE_CURVE('',#340,#348,#350,.T.);
#348 = VERTEX_POINT('',#349);
#349 = CARTESIAN_POINT('',(1.82,-2.73,-3.95));
#350 = LINE('',#351,#352);
#351 = CARTESIAN_POINT('',(3.86,-2.73,-3.95));
#352 = VECTOR('',#353,1.);
#353 = DIRECTION('',(-1.,0.,0.));
#354 = ORIENTED_EDGE('',*,*,#355,.F.);
#355 = EDGE_CURVE('',#316,#348,#356,.T.);
#356 = LINE('',#357,#358);
#357 = CARTESIAN_POINT('',(1.82,0.,-3.95));
#358 = VECTOR('',#359,1.);
#359 = DIRECTION('',(0.,-1.,0.));
#360 = PLANE('',#361);
#361 = AXIS2_PLACEMENT_3D('',#362,#363,#364);
#362 = CARTESIAN_POINT('',(0.,0.,-3.95));
#363 = DIRECTION('',(0.,0.,-1.));
#364 = DIRECTION('',(-1.,0.,0.));
#365 = ADVANCED_FACE('',(#366),#400,.T.);
#366 = FACE_BOUND('',#367,.T.);
#367 = EDGE_LOOP('',(#368,#378,#386,#394));
#368 = ORIENTED_EDGE('',*,*,#369,.F.);
#369 = EDGE_CURVE('',#370,#372,#374,.T.);
#370 = VERTEX_POINT('',#371);
#371 = CARTESIAN_POINT('',(1.18,-0.305,-3.95));
#372 = VERTEX_POINT('',#373);
#373 = CARTESIAN_POINT('',(0.55,-0.305,-3.95));
#374 = LINE('',#375,#376);
#375 = CARTESIAN_POINT('',(0.,-0.305,-3.95));
#376 = VECTOR('',#377,1.);
#377 = DIRECTION('',(-1.,0.,0.));
#378 = ORIENTED_EDGE('',*,*,#379,.F.);
#379 = EDGE_CURVE('',#380,#370,#382,.T.);
#380 = VERTEX_POINT('',#381);
#381 = CARTESIAN_POINT('',(1.18,-2.73,-3.95));
#382 = LINE('',#383,#384);
#383 = CARTESIAN_POINT('',(1.18,0.,-3.95));
#384 = VECTOR('',#385,1.);
#385 = DIRECTION('',(0.,1.,0.));
#386 = ORIENTED_EDGE('',*,*,#387,.T.);
#387 = EDGE_CURVE('',#380,#388,#390,.T.);
#388 = VERTEX_POINT('',#389);
#389 = CARTESIAN_POINT('',(0.55,-2.73,-3.95));
#390 = LINE('',#391,#392);
#391 = CARTESIAN_POINT('',(3.86,-2.73,-3.95));
#392 = VECTOR('',#393,1.);
#393 = DIRECTION('',(-1.,0.,0.));
#394 = ORIENTED_EDGE('',*,*,#395,.F.);
#395 = EDGE_CURVE('',#372,#388,#396,.T.);
#396 = LINE('',#397,#398);
#397 = CARTESIAN_POINT('',(0.55,2.73,-3.95));
#398 = VECTOR('',#399,1.);
#399 = DIRECTION('',(0.,-1.,0.));
#400 = PLANE('',#401);
#401 = AXIS2_PLACEMENT_3D('',#402,#403,#404);
#402 = CARTESIAN_POINT('',(0.,0.,-3.95));
#403 = DIRECTION('',(0.,0.,-1.));
#404 = DIRECTION('',(-1.,0.,0.));
#405 = ADVANCED_FACE('',(#406),#456,.T.);
#406 = FACE_BOUND('',#407,.T.);
#407 = EDGE_LOOP('',(#408,#418,#426,#434,#442,#450));
#408 = ORIENTED_EDGE('',*,*,#409,.F.);
#409 = EDGE_CURVE('',#410,#412,#414,.T.);
#410 = VERTEX_POINT('',#411);
#411 = CARTESIAN_POINT('',(-1.82,-0.305,-3.95));
#412 = VERTEX_POINT('',#413);
#413 = CARTESIAN_POINT('',(-2.45,-0.305,-3.95));
#414 = LINE('',#415,#416);
#415 = CARTESIAN_POINT('',(0.,-0.305,-3.95));
#416 = VECTOR('',#417,1.);
#417 = DIRECTION('',(-1.,0.,0.));
#418 = ORIENTED_EDGE('',*,*,#419,.F.);
#419 = EDGE_CURVE('',#420,#410,#422,.T.);
#420 = VERTEX_POINT('',#421);
#421 = CARTESIAN_POINT('',(-1.82,-2.73,-3.95));
#422 = LINE('',#423,#424);
#423 = CARTESIAN_POINT('',(-1.82,0.,-3.95));
#424 = VECTOR('',#425,1.);
#425 = DIRECTION('',(0.,1.,0.));
#426 = ORIENTED_EDGE('',*,*,#427,.T.);
#427 = EDGE_CURVE('',#420,#428,#430,.T.);
#428 = VERTEX_POINT('',#429);
#429 = CARTESIAN_POINT('',(-3.26,-2.73,-3.95));
#430 = LINE('',#431,#432);
#431 = CARTESIAN_POINT('',(3.86,-2.73,-3.95));
#432 = VECTOR('',#433,1.);
#433 = DIRECTION('',(-1.,0.,0.));
#434 = ORIENTED_EDGE('',*,*,#435,.T.);
#435 = EDGE_CURVE('',#428,#436,#438,.T.);
#436 = VERTEX_POINT('',#437);
#437 = CARTESIAN_POINT('',(-3.26,-0.58,-3.95));
#438 = LINE('',#439,#440);
#439 = CARTESIAN_POINT('',(-3.26,-0.58,-3.95));
#440 = VECTOR('',#441,1.);
#441 = DIRECTION('',(0.,1.,0.));
#442 = ORIENTED_EDGE('',*,*,#443,.T.);
#443 = EDGE_CURVE('',#436,#444,#446,.T.);
#444 = VERTEX_POINT('',#445);
#445 = CARTESIAN_POINT('',(-2.45,-0.58,-3.95));
#446 = LINE('',#447,#448);
#447 = CARTESIAN_POINT('',(-3.46,-0.58,-3.95));
#448 = VECTOR('',#449,1.);
#449 = DIRECTION('',(1.,1.07346749751E-16,0.));
#450 = ORIENTED_EDGE('',*,*,#451,.T.);
#451 = EDGE_CURVE('',#444,#412,#452,.T.);
#452 = LINE('',#453,#454);
#453 = CARTESIAN_POINT('',(-2.45,-0.58,-3.95));
#454 = VECTOR('',#455,1.);
#455 = DIRECTION('',(0.,1.,0.));
#456 = PLANE('',#457);
#457 = AXIS2_PLACEMENT_3D('',#458,#459,#460);
#458 = CARTESIAN_POINT('',(0.,0.,-3.95));
#459 = DIRECTION('',(0.,0.,-1.));
#460 = DIRECTION('',(-1.,0.,0.));
#461 = ADVANCED_FACE('',(#462),#526,.F.);
#462 = FACE_BOUND('',#463,.T.);
#463 = EDGE_LOOP('',(#464,#465,#471,#472,#480,#488,#496,#504,#512,#520)
  );
#464 = ORIENTED_EDGE('',*,*,#211,.F.);
#465 = ORIENTED_EDGE('',*,*,#466,.T.);
#466 = EDGE_CURVE('',#204,#276,#467,.T.);
#467 = LINE('',#468,#469);
#468 = CARTESIAN_POINT('',(-1.18,-0.305,-3.63));
#469 = VECTOR('',#470,1.);
#470 = DIRECTION('',(0.,0.,-1.));
#471 = ORIENTED_EDGE('',*,*,#299,.T.);
#472 = ORIENTED_EDGE('',*,*,#473,.T.);
#473 = EDGE_CURVE('',#292,#474,#476,.T.);
#474 = VERTEX_POINT('',#475);
#475 = CARTESIAN_POINT('',(-1.18,-2.73,-4.65));
#476 = LINE('',#477,#478);
#477 = CARTESIAN_POINT('',(-1.18,-2.73,-3.95));
#478 = VECTOR('',#479,1.);
#479 = DIRECTION('',(0.,0.,-1.));
#480 = ORIENTED_EDGE('',*,*,#481,.T.);
#481 = EDGE_CURVE('',#474,#482,#484,.T.);
#482 = VERTEX_POINT('',#483);
#483 = CARTESIAN_POINT('',(-1.18,-3.13,-4.65));
#484 = LINE('',#485,#486);
#485 = CARTESIAN_POINT('',(-1.18,-3.13,-4.65));
#486 = VECTOR('',#487,1.);
#487 = DIRECTION('',(0.,-1.,0.));
#488 = ORIENTED_EDGE('',*,*,#489,.F.);
#489 = EDGE_CURVE('',#490,#482,#492,.T.);
#490 = VERTEX_POINT('',#491);
#491 = CARTESIAN_POINT('',(-1.18,-3.13,-3.63));
#492 = LINE('',#493,#494);
#493 = CARTESIAN_POINT('',(-1.18,-3.13,-3.63));
#494 = VECTOR('',#495,1.);
#495 = DIRECTION('',(0.,0.,-1.));
#496 = ORIENTED_EDGE('',*,*,#497,.F.);
#497 = EDGE_CURVE('',#498,#490,#500,.T.);
#498 = VERTEX_POINT('',#499);
#499 = CARTESIAN_POINT('',(-1.18,-1.82,-3.63));
#500 = LINE('',#501,#502);
#501 = CARTESIAN_POINT('',(-1.18,3.13,-3.63));
#502 = VECTOR('',#503,1.);
#503 = DIRECTION('',(0.,-1.,0.));
#504 = ORIENTED_EDGE('',*,*,#505,.T.);
#505 = EDGE_CURVE('',#498,#506,#508,.T.);
#506 = VERTEX_POINT('',#507);
#507 = CARTESIAN_POINT('',(-1.18,-1.82,-1.55));
#508 = LINE('',#509,#510);
#509 = CARTESIAN_POINT('',(-1.18,-1.82,-19.85687302627));
#510 = VECTOR('',#511,1.);
#511 = DIRECTION('',(0.,0.,1.));
#512 = ORIENTED_EDGE('',*,*,#513,.T.);
#513 = EDGE_CURVE('',#506,#514,#516,.T.);
#514 = VERTEX_POINT('',#515);
#515 = CARTESIAN_POINT('',(-1.18,-1.18,-1.55));
#516 = LINE('',#517,#518);
#517 = CARTESIAN_POINT('',(-1.18,-1.82,-1.55));
#518 = VECTOR('',#519,1.);
#519 = DIRECTION('',(0.,1.,0.));
#520 = ORIENTED_EDGE('',*,*,#521,.F.);
#521 = EDGE_CURVE('',#212,#514,#522,.T.);
#522 = LINE('',#523,#524);
#523 = CARTESIAN_POINT('',(-1.18,-1.18,-19.85687302627));
#524 = VECTOR('',#525,1.);
#525 = DIRECTION('',(0.,0.,1.));
#526 = PLANE('',#527);
#527 = AXIS2_PLACEMENT_3D('',#528,#529,#530);
#528 = CARTESIAN_POINT('',(-1.18,3.13,-3.63));
#529 = DIRECTION('',(1.,0.,0.));
#530 = DIRECTION('',(0.,0.,-1.));
#531 = ADVANCED_FACE('',(#532),#596,.F.);
#532 = FACE_BOUND('',#533,.T.);
#533 = EDGE_LOOP('',(#534,#535,#541,#542,#550,#558,#566,#574,#582,#590)
  );
#534 = ORIENTED_EDGE('',*,*,#419,.T.);
#535 = ORIENTED_EDGE('',*,*,#536,.T.);
#536 = EDGE_CURVE('',#410,#196,#537,.T.);
#537 = LINE('',#538,#539);
#538 = CARTESIAN_POINT('',(-1.82,-0.305,-3.63));
#539 = VECTOR('',#540,1.);
#540 = DIRECTION('',(0.,0.,1.));
#541 = ORIENTED_EDGE('',*,*,#193,.F.);
#542 = ORIENTED_EDGE('',*,*,#543,.T.);
#543 = EDGE_CURVE('',#194,#544,#546,.T.);
#544 = VERTEX_POINT('',#545);
#545 = CARTESIAN_POINT('',(-1.82,-1.18,-1.55));
#546 = LINE('',#547,#548);
#547 = CARTESIAN_POINT('',(-1.82,-1.18,-19.85687302627));
#548 = VECTOR('',#549,1.);
#549 = DIRECTION('',(0.,0.,1.));
#550 = ORIENTED_EDGE('',*,*,#551,.T.);
#551 = EDGE_CURVE('',#544,#552,#554,.T.);
#552 = VERTEX_POINT('',#553);
#553 = CARTESIAN_POINT('',(-1.82,-1.82,-1.55));
#554 = LINE('',#555,#556);
#555 = CARTESIAN_POINT('',(-1.82,-1.18,-1.55));
#556 = VECTOR('',#557,1.);
#557 = DIRECTION('',(0.,-1.,0.));
#558 = ORIENTED_EDGE('',*,*,#559,.F.);
#559 = EDGE_CURVE('',#560,#552,#562,.T.);
#560 = VERTEX_POINT('',#561);
#561 = CARTESIAN_POINT('',(-1.82,-1.82,-3.63));
#562 = LINE('',#563,#564);
#563 = CARTESIAN_POINT('',(-1.82,-1.82,-19.85687302627));
#564 = VECTOR('',#565,1.);
#565 = DIRECTION('',(0.,0.,1.));
#566 = ORIENTED_EDGE('',*,*,#567,.F.);
#567 = EDGE_CURVE('',#568,#560,#570,.T.);
#568 = VERTEX_POINT('',#569);
#569 = CARTESIAN_POINT('',(-1.82,-3.13,-3.63));
#570 = LINE('',#571,#572);
#571 = CARTESIAN_POINT('',(-1.82,-3.13,-3.63));
#572 = VECTOR('',#573,1.);
#573 = DIRECTION('',(0.,1.,0.));
#574 = ORIENTED_EDGE('',*,*,#575,.T.);
#575 = EDGE_CURVE('',#568,#576,#578,.T.);
#576 = VERTEX_POINT('',#577);
#577 = CARTESIAN_POINT('',(-1.82,-3.13,-4.65));
#578 = LINE('',#579,#580);
#579 = CARTESIAN_POINT('',(-1.82,-3.13,-3.63));
#580 = VECTOR('',#581,1.);
#581 = DIRECTION('',(0.,0.,-1.));
#582 = ORIENTED_EDGE('',*,*,#583,.T.);
#583 = EDGE_CURVE('',#576,#584,#586,.T.);
#584 = VERTEX_POINT('',#585);
#585 = CARTESIAN_POINT('',(-1.82,-2.73,-4.65));
#586 = LINE('',#587,#588);
#587 = CARTESIAN_POINT('',(-1.82,-2.73,-4.65));
#588 = VECTOR('',#589,1.);
#589 = DIRECTION('',(0.,1.,0.));
#590 = ORIENTED_EDGE('',*,*,#591,.T.);
#591 = EDGE_CURVE('',#584,#420,#592,.T.);
#592 = LINE('',#593,#594);
#593 = CARTESIAN_POINT('',(-1.82,-2.73,-3.95));
#594 = VECTOR('',#595,1.);
#595 = DIRECTION('',(0.,0.,1.));
#596 = PLANE('',#597);
#597 = AXIS2_PLACEMENT_3D('',#598,#599,#600);
#598 = CARTESIAN_POINT('',(-1.82,-3.13,-3.63));
#599 = DIRECTION('',(-1.,0.,0.));
#600 = DIRECTION('',(0.,0.,1.));
#601 = ADVANCED_FACE('',(#602),#666,.F.);
#602 = FACE_BOUND('',#603,.T.);
#603 = EDGE_LOOP('',(#604,#605,#611,#612,#620,#628,#636,#644,#652,#660)
  );
#604 = ORIENTED_EDGE('',*,*,#131,.F.);
#605 = ORIENTED_EDGE('',*,*,#606,.T.);
#606 = EDGE_CURVE('',#124,#316,#607,.T.);
#607 = LINE('',#608,#609);
#608 = CARTESIAN_POINT('',(1.82,-0.305,-3.63));
#609 = VECTOR('',#610,1.);
#610 = DIRECTION('',(0.,0.,-1.));
#611 = ORIENTED_EDGE('',*,*,#355,.T.);
#612 = ORIENTED_EDGE('',*,*,#613,.T.);
#613 = EDGE_CURVE('',#348,#614,#616,.T.);
#614 = VERTEX_POINT('',#615);
#615 = CARTESIAN_POINT('',(1.82,-2.73,-4.65));
#616 = LINE('',#617,#618);
#617 = CARTESIAN_POINT('',(1.82,-2.73,-3.95));
#618 = VECTOR('',#619,1.);
#619 = DIRECTION('',(0.,0.,-1.));
#620 = ORIENTED_EDGE('',*,*,#621,.T.);
#621 = EDGE_CURVE('',#614,#622,#624,.T.);
#622 = VERTEX_POINT('',#623);
#623 = CARTESIAN_POINT('',(1.82,-3.13,-4.65));
#624 = LINE('',#625,#626);
#625 = CARTESIAN_POINT('',(1.82,-3.13,-4.65));
#626 = VECTOR('',#627,1.);
#627 = DIRECTION('',(0.,-1.,0.));
#628 = ORIENTED_EDGE('',*,*,#629,.F.);
#629 = EDGE_CURVE('',#630,#622,#632,.T.);
#630 = VERTEX_POINT('',#631);
#631 = CARTESIAN_POINT('',(1.82,-3.13,-3.63));
#632 = LINE('',#633,#634);
#633 = CARTESIAN_POINT('',(1.82,-3.13,-3.63));
#634 = VECTOR('',#635,1.);
#635 = DIRECTION('',(0.,0.,-1.));
#636 = ORIENTED_EDGE('',*,*,#637,.F.);
#637 = EDGE_CURVE('',#638,#630,#640,.T.);
#638 = VERTEX_POINT('',#639);
#639 = CARTESIAN_POINT('',(1.82,-1.82,-3.63));
#640 = LINE('',#641,#642);
#641 = CARTESIAN_POINT('',(1.82,3.13,-3.63));
#642 = VECTOR('',#643,1.);
#643 = DIRECTION('',(0.,-1.,0.));
#644 = ORIENTED_EDGE('',*,*,#645,.T.);
#645 = EDGE_CURVE('',#638,#646,#648,.T.);
#646 = VERTEX_POINT('',#647);
#647 = CARTESIAN_POINT('',(1.82,-1.82,-1.55));
#648 = LINE('',#649,#650);
#649 = CARTESIAN_POINT('',(1.82,-1.82,-19.85687302627));
#650 = VECTOR('',#651,1.);
#651 = DIRECTION('',(0.,0.,1.));
#652 = ORIENTED_EDGE('',*,*,#653,.T.);
#653 = EDGE_CURVE('',#646,#654,#656,.T.);
#654 = VERTEX_POINT('',#655);
#655 = CARTESIAN_POINT('',(1.82,-1.18,-1.55));
#656 = LINE('',#657,#658);
#657 = CARTESIAN_POINT('',(1.82,-1.82,-1.55));
#658 = VECTOR('',#659,1.);
#659 = DIRECTION('',(0.,1.,0.));
#660 = ORIENTED_EDGE('',*,*,#661,.F.);
#661 = EDGE_CURVE('',#132,#654,#662,.T.);
#662 = LINE('',#663,#664);
#663 = CARTESIAN_POINT('',(1.82,-1.18,-19.85687302627));
#664 = VECTOR('',#665,1.);
#665 = DIRECTION('',(0.,0.,1.));
#666 = PLANE('',#667);
#667 = AXIS2_PLACEMENT_3D('',#668,#669,#670);
#668 = CARTESIAN_POINT('',(1.82,3.13,-3.63));
#669 = DIRECTION('',(1.,0.,0.));
#670 = DIRECTION('',(0.,0.,-1.));
#671 = ADVANCED_FACE('',(#672),#736,.F.);
#672 = FACE_BOUND('',#673,.T.);
#673 = EDGE_LOOP('',(#674,#675,#681,#682,#690,#698,#706,#714,#722,#730)
  );
#674 = ORIENTED_EDGE('',*,*,#379,.T.);
#675 = ORIENTED_EDGE('',*,*,#676,.T.);
#676 = EDGE_CURVE('',#370,#116,#677,.T.);
#677 = LINE('',#678,#679);
#678 = CARTESIAN_POINT('',(1.18,-0.305,-3.63));
#679 = VECTOR('',#680,1.);
#680 = DIRECTION('',(0.,0.,1.));
#681 = ORIENTED_EDGE('',*,*,#113,.F.);
#682 = ORIENTED_EDGE('',*,*,#683,.T.);
#683 = EDGE_CURVE('',#114,#684,#686,.T.);
#684 = VERTEX_POINT('',#685);
#685 = CARTESIAN_POINT('',(1.18,-1.18,-1.55));
#686 = LINE('',#687,#688);
#687 = CARTESIAN_POINT('',(1.18,-1.18,-19.85687302627));
#688 = VECTOR('',#689,1.);
#689 = DIRECTION('',(0.,0.,1.));
#690 = ORIENTED_EDGE('',*,*,#691,.T.);
#691 = EDGE_CURVE('',#684,#692,#694,.T.);
#692 = VERTEX_POINT('',#693);
#693 = CARTESIAN_POINT('',(1.18,-1.82,-1.55));
#694 = LINE('',#695,#696);
#695 = CARTESIAN_POINT('',(1.18,-1.18,-1.55));
#696 = VECTOR('',#697,1.);
#697 = DIRECTION('',(0.,-1.,0.));
#698 = ORIENTED_EDGE('',*,*,#699,.F.);
#699 = EDGE_CURVE('',#700,#692,#702,.T.);
#700 = VERTEX_POINT('',#701);
#701 = CARTESIAN_POINT('',(1.18,-1.82,-3.63));
#702 = LINE('',#703,#704);
#703 = CARTESIAN_POINT('',(1.18,-1.82,-19.85687302627));
#704 = VECTOR('',#705,1.);
#705 = DIRECTION('',(0.,0.,1.));
#706 = ORIENTED_EDGE('',*,*,#707,.F.);
#707 = EDGE_CURVE('',#708,#700,#710,.T.);
#708 = VERTEX_POINT('',#709);
#709 = CARTESIAN_POINT('',(1.18,-3.13,-3.63));
#710 = LINE('',#711,#712);
#711 = CARTESIAN_POINT('',(1.18,-3.13,-3.63));
#712 = VECTOR('',#713,1.);
#713 = DIRECTION('',(0.,1.,0.));
#714 = ORIENTED_EDGE('',*,*,#715,.T.);
#715 = EDGE_CURVE('',#708,#716,#718,.T.);
#716 = VERTEX_POINT('',#717);
#717 = CARTESIAN_POINT('',(1.18,-3.13,-4.65));
#718 = LINE('',#719,#720);
#719 = CARTESIAN_POINT('',(1.18,-3.13,-3.63));
#720 = VECTOR('',#721,1.);
#721 = DIRECTION('',(0.,0.,-1.));
#722 = ORIENTED_EDGE('',*,*,#723,.T.);
#723 = EDGE_CURVE('',#716,#724,#726,.T.);
#724 = VERTEX_POINT('',#725);
#725 = CARTESIAN_POINT('',(1.18,-2.73,-4.65));
#726 = LINE('',#727,#728);
#727 = CARTESIAN_POINT('',(1.18,-2.73,-4.65));
#728 = VECTOR('',#729,1.);
#729 = DIRECTION('',(0.,1.,0.));
#730 = ORIENTED_EDGE('',*,*,#731,.T.);
#731 = EDGE_CURVE('',#724,#380,#732,.T.);
#732 = LINE('',#733,#734);
#733 = CARTESIAN_POINT('',(1.18,-2.73,-3.95));
#734 = VECTOR('',#735,1.);
#735 = DIRECTION('',(0.,0.,1.));
#736 = PLANE('',#737);
#737 = AXIS2_PLACEMENT_3D('',#738,#739,#740);
#738 = CARTESIAN_POINT('',(1.18,-3.13,-3.63));
#739 = DIRECTION('',(-1.,0.,0.));
#740 = DIRECTION('',(0.,0.,1.));
#741 = ADVANCED_FACE('',(#742),#776,.T.);
#742 = FACE_BOUND('',#743,.T.);
#743 = EDGE_LOOP('',(#744,#754,#762,#770));
#744 = ORIENTED_EDGE('',*,*,#745,.F.);
#745 = EDGE_CURVE('',#746,#748,#750,.T.);
#746 = VERTEX_POINT('',#747);
#747 = CARTESIAN_POINT('',(-1.18,0.305,-3.95));
#748 = VERTEX_POINT('',#749);
#749 = CARTESIAN_POINT('',(-0.55,0.305,-3.95));
#750 = LINE('',#751,#752);
#751 = CARTESIAN_POINT('',(0.,0.305,-3.95));
#752 = VECTOR('',#753,1.);
#753 = DIRECTION('',(1.,0.,0.));
#754 = ORIENTED_EDGE('',*,*,#755,.F.);
#755 = EDGE_CURVE('',#756,#746,#758,.T.);
#756 = VERTEX_POINT('',#757);
#757 = CARTESIAN_POINT('',(-1.18,2.73,-3.95));
#758 = LINE('',#759,#760);
#759 = CARTESIAN_POINT('',(-1.18,0.,-3.95));
#760 = VECTOR('',#761,1.);
#761 = DIRECTION('',(0.,-1.,0.));
#762 = ORIENTED_EDGE('',*,*,#763,.T.);
#763 = EDGE_CURVE('',#756,#764,#766,.T.);
#764 = VERTEX_POINT('',#765);
#765 = CARTESIAN_POINT('',(-0.55,2.73,-3.95));
#766 = LINE('',#767,#768);
#767 = CARTESIAN_POINT('',(-4.85,2.73,-3.95));
#768 = VECTOR('',#769,1.);
#769 = DIRECTION('',(1.,-1.788374717502E-16,0.));
#770 = ORIENTED_EDGE('',*,*,#771,.F.);
#771 = EDGE_CURVE('',#748,#764,#772,.T.);
#772 = LINE('',#773,#774);
#773 = CARTESIAN_POINT('',(-0.55,-2.73,-3.95));
#774 = VECTOR('',#775,1.);
#775 = DIRECTION('',(0.,1.,0.));
#776 = PLANE('',#777);
#777 = AXIS2_PLACEMENT_3D('',#778,#779,#780);
#778 = CARTESIAN_POINT('',(0.,0.,-3.95));
#779 = DIRECTION('',(0.,0.,-1.));
#780 = DIRECTION('',(-1.,0.,0.));
#781 = ADVANCED_FACE('',(#782),#798,.T.);
#782 = FACE_BOUND('',#783,.T.);
#783 = EDGE_LOOP('',(#784,#790,#791,#797));
#784 = ORIENTED_EDGE('',*,*,#785,.F.);
#785 = EDGE_CURVE('',#638,#700,#786,.T.);
#786 = LINE('',#787,#788);
#787 = CARTESIAN_POINT('',(0.,-1.82,-3.63));
#788 = VECTOR('',#789,1.);
#789 = DIRECTION('',(-1.,0.,0.));
#790 = ORIENTED_EDGE('',*,*,#637,.T.);
#791 = ORIENTED_EDGE('',*,*,#792,.T.);
#792 = EDGE_CURVE('',#630,#708,#793,.T.);
#793 = LINE('',#794,#795);
#794 = CARTESIAN_POINT('',(1.82,-3.13,-3.63));
#795 = VECTOR('',#796,1.);
#796 = DIRECTION('',(-1.,0.,0.));
#797 = ORIENTED_EDGE('',*,*,#707,.T.);
#798 = PLANE('',#799);
#799 = AXIS2_PLACEMENT_3D('',#800,#801,#802);
#800 = CARTESIAN_POINT('',(0.,0.,-3.63));
#801 = DIRECTION('',(0.,0.,-1.));
#802 = DIRECTION('',(-1.,0.,0.));
#803 = ADVANCED_FACE('',(#804),#870,.T.);
#804 = FACE_BOUND('',#805,.T.);
#805 = EDGE_LOOP('',(#806,#816,#824,#832,#840,#848,#856,#864));
#806 = ORIENTED_EDGE('',*,*,#807,.T.);
#807 = EDGE_CURVE('',#808,#810,#812,.T.);
#808 = VERTEX_POINT('',#809);
#809 = CARTESIAN_POINT('',(3.15,-3.13,-4.95));
#810 = VERTEX_POINT('',#811);
#811 = CARTESIAN_POINT('',(2.12,-3.13,-4.95));
#812 = LINE('',#813,#814);
#813 = CARTESIAN_POINT('',(3.15,-3.13,-4.95));
#814 = VECTOR('',#815,1.);
#815 = DIRECTION('',(-1.,0.,0.));
#816 = ORIENTED_EDGE('',*,*,#817,.F.);
#817 = EDGE_CURVE('',#818,#810,#820,.T.);
#818 = VERTEX_POINT('',#819);
#819 = CARTESIAN_POINT('',(2.12,-2.73,-4.95));
#820 = LINE('',#821,#822);
#821 = CARTESIAN_POINT('',(2.12,-2.73,-4.95));
#822 = VECTOR('',#823,1.);
#823 = DIRECTION('',(0.,-1.,0.));
#824 = ORIENTED_EDGE('',*,*,#825,.F.);
#825 = EDGE_CURVE('',#826,#818,#828,.T.);
#826 = VERTEX_POINT('',#827);
#827 = CARTESIAN_POINT('',(3.86,-2.73,-4.95));
#828 = LINE('',#829,#830);
#829 = CARTESIAN_POINT('',(3.86,-2.73,-4.95));
#830 = VECTOR('',#831,1.);
#831 = DIRECTION('',(-1.,0.,0.));
#832 = ORIENTED_EDGE('',*,*,#833,.F.);
#833 = EDGE_CURVE('',#834,#826,#836,.T.);
#834 = VERTEX_POINT('',#835);
#835 = CARTESIAN_POINT('',(3.86,-1.73,-4.95));
#836 = LINE('',#837,#838);
#837 = CARTESIAN_POINT('',(3.86,-1.73,-4.95));
#838 = VECTOR('',#839,1.);
#839 = DIRECTION('',(0.,-1.,0.));
#840 = ORIENTED_EDGE('',*,*,#841,.F.);
#841 = EDGE_CURVE('',#842,#834,#844,.T.);
#842 = VERTEX_POINT('',#843);
#843 = CARTESIAN_POINT('',(4.85,-1.73,-4.95));
#844 = LINE('',#845,#846);
#845 = CARTESIAN_POINT('',(4.85,-1.73,-4.95));
#846 = VECTOR('',#847,1.);
#847 = DIRECTION('',(-1.,-4.380614838325E-16,0.));
#848 = ORIENTED_EDGE('',*,*,#849,.T.);
#849 = EDGE_CURVE('',#842,#850,#852,.T.);
#850 = VERTEX_POINT('',#851);
#851 = CARTESIAN_POINT('',(4.85,-3.43,-4.95));
#852 = LINE('',#853,#854);
#853 = CARTESIAN_POINT('',(4.85,3.43,-4.95));
#854 = VECTOR('',#855,1.);
#855 = DIRECTION('',(0.,-1.,0.));
#856 = ORIENTED_EDGE('',*,*,#857,.T.);
#857 = EDGE_CURVE('',#850,#858,#860,.T.);
#858 = VERTEX_POINT('',#859);
#859 = CARTESIAN_POINT('',(3.15,-3.43,-4.95));
#860 = LINE('',#861,#862);
#861 = CARTESIAN_POINT('',(4.85,-3.43,-4.95));
#862 = VECTOR('',#863,1.);
#863 = DIRECTION('',(-1.,0.,0.));
#864 = ORIENTED_EDGE('',*,*,#865,.F.);
#865 = EDGE_CURVE('',#808,#858,#866,.T.);
#866 = LINE('',#867,#868);
#867 = CARTESIAN_POINT('',(3.15,-3.13,-4.95));
#868 = VECTOR('',#869,1.);
#869 = DIRECTION('',(0.,-1.,0.));
#870 = PLANE('',#871);
#871 = AXIS2_PLACEMENT_3D('',#872,#873,#874);
#872 = CARTESIAN_POINT('',(4.85,3.43,-4.95));
#873 = DIRECTION('',(0.,0.,-1.));
#874 = DIRECTION('',(-1.,0.,0.));
#875 = ADVANCED_FACE('',(#876),#926,.T.);
#876 = FACE_BOUND('',#877,.T.);
#877 = EDGE_LOOP('',(#878,#888,#896,#904,#912,#920));
#878 = ORIENTED_EDGE('',*,*,#879,.F.);
#879 = EDGE_CURVE('',#880,#882,#884,.T.);
#880 = VERTEX_POINT('',#881);
#881 = CARTESIAN_POINT('',(1.82,0.305,-3.95));
#882 = VERTEX_POINT('',#883);
#883 = CARTESIAN_POINT('',(2.45,0.305,-3.95));
#884 = LINE('',#885,#886);
#885 = CARTESIAN_POINT('',(0.,0.305,-3.95));
#886 = VECTOR('',#887,1.);
#887 = DIRECTION('',(1.,0.,0.));
#888 = ORIENTED_EDGE('',*,*,#889,.F.);
#889 = EDGE_CURVE('',#890,#880,#892,.T.);
#890 = VERTEX_POINT('',#891);
#891 = CARTESIAN_POINT('',(1.82,2.73,-3.95));
#892 = LINE('',#893,#894);
#893 = CARTESIAN_POINT('',(1.82,0.,-3.95));
#894 = VECTOR('',#895,1.);
#895 = DIRECTION('',(0.,-1.,0.));
#896 = ORIENTED_EDGE('',*,*,#897,.T.);
#897 = EDGE_CURVE('',#890,#898,#900,.T.);
#898 = VERTEX_POINT('',#899);
#899 = CARTESIAN_POINT('',(3.26,2.73,-3.95));
#900 = LINE('',#901,#902);
#901 = CARTESIAN_POINT('',(-4.85,2.73,-3.95));
#902 = VECTOR('',#903,1.);
#903 = DIRECTION('',(1.,-1.788374717502E-16,0.));
#904 = ORIENTED_EDGE('',*,*,#905,.T.);
#905 = EDGE_CURVE('',#898,#906,#908,.T.);
#906 = VERTEX_POINT('',#907);
#907 = CARTESIAN_POINT('',(3.26,0.97,-3.95));
#908 = LINE('',#909,#910);
#909 = CARTESIAN_POINT('',(3.26,0.97,-3.95));
#910 = VECTOR('',#911,1.);
#911 = DIRECTION('',(0.,-1.,0.));
#912 = ORIENTED_EDGE('',*,*,#913,.T.);
#913 = EDGE_CURVE('',#906,#914,#916,.T.);
#914 = VERTEX_POINT('',#915);
#915 = CARTESIAN_POINT('',(2.45,0.97,-3.95));
#916 = LINE('',#917,#918);
#917 = CARTESIAN_POINT('',(3.46,0.97,-3.95));
#918 = VECTOR('',#919,1.);
#919 = DIRECTION('',(-1.,0.,0.));
#920 = ORIENTED_EDGE('',*,*,#921,.T.);
#921 = EDGE_CURVE('',#914,#882,#922,.T.);
#922 = LINE('',#923,#924);
#923 = CARTESIAN_POINT('',(2.45,0.97,-3.95));
#924 = VECTOR('',#925,1.);
#925 = DIRECTION('',(0.,-1.,0.));
#926 = PLANE('',#927);
#927 = AXIS2_PLACEMENT_3D('',#928,#929,#930);
#928 = CARTESIAN_POINT('',(0.,0.,-3.95));
#929 = DIRECTION('',(0.,0.,-1.));
#930 = DIRECTION('',(-1.,0.,0.));
#931 = ADVANCED_FACE('',(#932),#998,.T.);
#932 = FACE_BOUND('',#933,.T.);
#933 = EDGE_LOOP('',(#934,#944,#952,#960,#968,#976,#984,#992));
#934 = ORIENTED_EDGE('',*,*,#935,.F.);
#935 = EDGE_CURVE('',#936,#938,#940,.T.);
#936 = VERTEX_POINT('',#937);
#937 = CARTESIAN_POINT('',(2.12,2.73,-4.95));
#938 = VERTEX_POINT('',#939);
#939 = CARTESIAN_POINT('',(4.85,2.73,-4.95));
#940 = LINE('',#941,#942);
#941 = CARTESIAN_POINT('',(-4.85,2.73,-4.95));
#942 = VECTOR('',#943,1.);
#943 = DIRECTION('',(1.,-1.788374717502E-16,0.));
#944 = ORIENTED_EDGE('',*,*,#945,.F.);
#945 = EDGE_CURVE('',#946,#936,#948,.T.);
#946 = VERTEX_POINT('',#947);
#947 = CARTESIAN_POINT('',(2.12,3.13,-4.95));
#948 = LINE('',#949,#950);
#949 = CARTESIAN_POINT('',(2.12,3.13,-4.95));
#950 = VECTOR('',#951,1.);
#951 = DIRECTION('',(0.,-1.,0.));
#952 = ORIENTED_EDGE('',*,*,#953,.T.);
#953 = EDGE_CURVE('',#946,#954,#956,.T.);
#954 = VERTEX_POINT('',#955);
#955 = CARTESIAN_POINT('',(3.15,3.13,-4.95));
#956 = LINE('',#957,#958);
#957 = CARTESIAN_POINT('',(-3.15,3.13,-4.95));
#958 = VECTOR('',#959,1.);
#959 = DIRECTION('',(1.,0.,0.));
#960 = ORIENTED_EDGE('',*,*,#961,.T.);
#961 = EDGE_CURVE('',#954,#962,#964,.T.);
#962 = VERTEX_POINT('',#963);
#963 = CARTESIAN_POINT('',(3.15,3.43,-4.95));
#964 = LINE('',#965,#966);
#965 = CARTESIAN_POINT('',(3.15,3.13,-4.95));
#966 = VECTOR('',#967,1.);
#967 = DIRECTION('',(0.,1.,0.));
#968 = ORIENTED_EDGE('',*,*,#969,.F.);
#969 = EDGE_CURVE('',#970,#962,#972,.T.);
#970 = VERTEX_POINT('',#971);
#971 = CARTESIAN_POINT('',(3.95,3.43,-4.95));
#972 = LINE('',#973,#974);
#973 = CARTESIAN_POINT('',(4.85,3.43,-4.95));
#974 = VECTOR('',#975,1.);
#975 = DIRECTION('',(-1.,0.,0.));
#976 = ORIENTED_EDGE('',*,*,#977,.F.);
#977 = EDGE_CURVE('',#978,#970,#980,.T.);
#978 = VERTEX_POINT('',#979);
#979 = CARTESIAN_POINT('',(3.95,3.93,-4.95));
#980 = LINE('',#981,#982);
#981 = CARTESIAN_POINT('',(3.95,3.93,-4.95));
#982 = VECTOR('',#983,1.);
#983 = DIRECTION('',(0.,-1.,0.));
#984 = ORIENTED_EDGE('',*,*,#985,.T.);
#985 = EDGE_CURVE('',#978,#986,#988,.T.);
#986 = VERTEX_POINT('',#987);
#987 = CARTESIAN_POINT('',(4.85,3.93,-4.95));
#988 = LINE('',#989,#990);
#989 = CARTESIAN_POINT('',(3.95,3.93,-4.95));
#990 = VECTOR('',#991,1.);
#991 = DIRECTION('',(1.,0.,0.));
#992 = ORIENTED_EDGE('',*,*,#993,.T.);
#993 = EDGE_CURVE('',#986,#938,#994,.T.);
#994 = LINE('',#995,#996);
#995 = CARTESIAN_POINT('',(4.85,3.43,-4.95));
#996 = VECTOR('',#997,1.);
#997 = DIRECTION('',(0.,-1.,0.));
#998 = PLANE('',#999);
#999 = AXIS2_PLACEMENT_3D('',#1000,#1001,#1002);
#1000 = CARTESIAN_POINT('',(4.85,3.43,-4.95));
#1001 = DIRECTION('',(0.,0.,-1.));
#1002 = DIRECTION('',(-1.,0.,0.));
#1003 = ADVANCED_FACE('',(#1004),#1046,.T.);
#1004 = FACE_BOUND('',#1005,.T.);
#1005 = EDGE_LOOP('',(#1006,#1007,#1014,#1015,#1016,#1024,#1032,#1040));
#1006 = ORIENTED_EDGE('',*,*,#825,.T.);
#1007 = ORIENTED_EDGE('',*,*,#1008,.T.);
#1008 = EDGE_CURVE('',#818,#614,#1009,.T.);
#1009 = CIRCLE('',#1010,0.3);
#1010 = AXIS2_PLACEMENT_3D('',#1011,#1012,#1013);
#1011 = CARTESIAN_POINT('',(2.12,-2.73,-4.65));
#1012 = DIRECTION('',(0.,1.,0.));
#1013 = DIRECTION('',(0.,-0.,1.));
#1014 = ORIENTED_EDGE('',*,*,#613,.F.);
#1015 = ORIENTED_EDGE('',*,*,#347,.F.);
#1016 = ORIENTED_EDGE('',*,*,#1017,.T.);
#1017 = EDGE_CURVE('',#340,#1018,#1020,.T.);
#1018 = VERTEX_POINT('',#1019);
#1019 = CARTESIAN_POINT('',(3.46,-2.73,-3.75));
#1020 = LINE('',#1021,#1022);
#1021 = CARTESIAN_POINT('',(3.26,-2.73,-3.95));
#1022 = VECTOR('',#1023,1.);
#1023 = DIRECTION('',(0.707106781187,0.,0.707106781187));
#1024 = ORIENTED_EDGE('',*,*,#1025,.T.);
#1025 = EDGE_CURVE('',#1018,#1026,#1028,.T.);
#1026 = VERTEX_POINT('',#1027);
#1027 = CARTESIAN_POINT('',(3.46,-2.73,-3.65));
#1028 = LINE('',#1029,#1030);
#1029 = CARTESIAN_POINT('',(3.46,-2.73,-3.95));
#1030 = VECTOR('',#1031,1.);
#1031 = DIRECTION('',(0.,0.,1.));
#1032 = ORIENTED_EDGE('',*,*,#1033,.T.);
#1033 = EDGE_CURVE('',#1026,#1034,#1036,.T.);
#1034 = VERTEX_POINT('',#1035);
#1035 = CARTESIAN_POINT('',(3.86,-2.73,-3.65));
#1036 = LINE('',#1037,#1038);
#1037 = CARTESIAN_POINT('',(3.46,-2.73,-3.65));
#1038 = VECTOR('',#1039,1.);
#1039 = DIRECTION('',(1.,0.,0.));
#1040 = ORIENTED_EDGE('',*,*,#1041,.F.);
#1041 = EDGE_CURVE('',#826,#1034,#1042,.T.);
#1042 = LINE('',#1043,#1044);
#1043 = CARTESIAN_POINT('',(3.86,-2.73,-3.95));
#1044 = VECTOR('',#1045,1.);
#1045 = DIRECTION('',(0.,0.,1.));
#1046 = PLANE('',#1047);
#1047 = AXIS2_PLACEMENT_3D('',#1048,#1049,#1050);
#1048 = CARTESIAN_POINT('',(3.46,-2.73,-3.95));
#1049 = DIRECTION('',(0.,1.,0.));
#1050 = DIRECTION('',(0.,-0.,1.));
#1051 = ADVANCED_FACE('',(#1052),#1125,.F.);
#1052 = FACE_BOUND('',#1053,.T.);
#1053 = EDGE_LOOP('',(#1054,#1062,#1069,#1070,#1078,#1086,#1094,#1102,
    #1110,#1118,#1124));
#1054 = ORIENTED_EDGE('',*,*,#1055,.T.);
#1055 = EDGE_CURVE('',#890,#1056,#1058,.T.);
#1056 = VERTEX_POINT('',#1057);
#1057 = CARTESIAN_POINT('',(1.82,2.73,-4.65));
#1058 = LINE('',#1059,#1060);
#1059 = CARTESIAN_POINT('',(1.82,2.73,-3.95));
#1060 = VECTOR('',#1061,1.);
#1061 = DIRECTION('',(0.,0.,-1.));
#1062 = ORIENTED_EDGE('',*,*,#1063,.F.);
#1063 = EDGE_CURVE('',#936,#1056,#1064,.T.);
#1064 = CIRCLE('',#1065,0.3);
#1065 = AXIS2_PLACEMENT_3D('',#1066,#1067,#1068);
#1066 = CARTESIAN_POINT('',(2.12,2.73,-4.65));
#1067 = DIRECTION('',(1.788374717502E-16,1.,0.));
#1068 = DIRECTION('',(-1.,1.788374717502E-16,0.));
#1069 = ORIENTED_EDGE('',*,*,#935,.T.);
#1070 = ORIENTED_EDGE('',*,*,#1071,.F.);
#1071 = EDGE_CURVE('',#1072,#938,#1074,.T.);
#1072 = VERTEX_POINT('',#1073);
#1073 = CARTESIAN_POINT('',(4.85,2.73,-4.25));
#1074 = LINE('',#1075,#1076);
#1075 = CARTESIAN_POINT('',(4.85,2.73,-3.95));
#1076 = VECTOR('',#1077,1.);
#1077 = DIRECTION('',(0.,0.,-1.));
#1078 = ORIENTED_EDGE('',*,*,#1079,.T.);
#1079 = EDGE_CURVE('',#1072,#1080,#1082,.T.);
#1080 = VERTEX_POINT('',#1081);
#1081 = CARTESIAN_POINT('',(4.06,2.73,-4.25));
#1082 = LINE('',#1083,#1084);
#1083 = CARTESIAN_POINT('',(4.85,2.73,-4.25));
#1084 = VECTOR('',#1085,1.);
#1085 = DIRECTION('',(-1.,0.,0.));
#1086 = ORIENTED_EDGE('',*,*,#1087,.T.);
#1087 = EDGE_CURVE('',#1080,#1088,#1090,.T.);
#1088 = VERTEX_POINT('',#1089);
#1089 = CARTESIAN_POINT('',(3.86,2.73,-4.05));
#1090 = LINE('',#1091,#1092);
#1091 = CARTESIAN_POINT('',(-0.545,2.73,0.355));
#1092 = VECTOR('',#1093,1.);
#1093 = DIRECTION('',(-0.707106781187,1.264571890048E-16,0.707106781187)
  );
#1094 = ORIENTED_EDGE('',*,*,#1095,.T.);
#1095 = EDGE_CURVE('',#1088,#1096,#1098,.T.);
#1096 = VERTEX_POINT('',#1097);
#1097 = CARTESIAN_POINT('',(3.86,2.73,-3.95));
#1098 = LINE('',#1099,#1100);
#1099 = CARTESIAN_POINT('',(3.86,2.73,-4.25));
#1100 = VECTOR('',#1101,1.);
#1101 = DIRECTION('',(0.,0.,1.));
#1102 = ORIENTED_EDGE('',*,*,#1103,.F.);
#1103 = EDGE_CURVE('',#1104,#1096,#1106,.T.);
#1104 = VERTEX_POINT('',#1105);
#1105 = CARTESIAN_POINT('',(3.46,2.73,-3.95));
#1106 = LINE('',#1107,#1108);
#1107 = CARTESIAN_POINT('',(-4.85,2.73,-3.95));
#1108 = VECTOR('',#1109,1.);
#1109 = DIRECTION('',(1.,-1.788374717502E-16,0.));
#1110 = ORIENTED_EDGE('',*,*,#1111,.F.);
#1111 = EDGE_CURVE('',#1112,#1104,#1114,.T.);
#1112 = VERTEX_POINT('',#1113);
#1113 = CARTESIAN_POINT('',(3.46,2.73,-3.75));
#1114 = LINE('',#1115,#1116);
#1115 = CARTESIAN_POINT('',(3.46,2.73,0.));
#1116 = VECTOR('',#1117,1.);
#1117 = DIRECTION('',(0.,0.,-1.));
#1118 = ORIENTED_EDGE('',*,*,#1119,.T.);
#1119 = EDGE_CURVE('',#1112,#898,#1120,.T.);
#1120 = LINE('',#1121,#1122);
#1121 = CARTESIAN_POINT('',(-0.795,2.73,-8.005));
#1122 = VECTOR('',#1123,1.);
#1123 = DIRECTION('',(-0.707106781187,1.264571890048E-16,-0.707106781187
    ));
#1124 = ORIENTED_EDGE('',*,*,#897,.F.);
#1125 = PLANE('',#1126);
#1126 = AXIS2_PLACEMENT_3D('',#1127,#1128,#1129);
#1127 = CARTESIAN_POINT('',(-4.85,2.73,-3.95));
#1128 = DIRECTION('',(1.788374717502E-16,1.,0.));
#1129 = DIRECTION('',(-1.,1.788374717502E-16,0.));
#1130 = ADVANCED_FACE('',(#1131),#1147,.T.);
#1131 = FACE_BOUND('',#1132,.T.);
#1132 = EDGE_LOOP('',(#1133,#1139,#1140,#1146));
#1133 = ORIENTED_EDGE('',*,*,#1134,.F.);
#1134 = EDGE_CURVE('',#498,#560,#1135,.T.);
#1135 = LINE('',#1136,#1137);
#1136 = CARTESIAN_POINT('',(0.,-1.82,-3.63));
#1137 = VECTOR('',#1138,1.);
#1138 = DIRECTION('',(-1.,0.,0.));
#1139 = ORIENTED_EDGE('',*,*,#497,.T.);
#1140 = ORIENTED_EDGE('',*,*,#1141,.T.);
#1141 = EDGE_CURVE('',#490,#568,#1142,.T.);
#1142 = LINE('',#1143,#1144);
#1143 = CARTESIAN_POINT('',(-1.18,-3.13,-3.63));
#1144 = VECTOR('',#1145,1.);
#1145 = DIRECTION('',(-1.,0.,0.));
#1146 = ORIENTED_EDGE('',*,*,#567,.T.);
#1147 = PLANE('',#1148);
#1148 = AXIS2_PLACEMENT_3D('',#1149,#1150,#1151);
#1149 = CARTESIAN_POINT('',(0.,0.,-3.63));
#1150 = DIRECTION('',(0.,0.,-1.));
#1151 = DIRECTION('',(-1.,0.,0.));
#1152 = ADVANCED_FACE('',(#1153),#1187,.T.);
#1153 = FACE_BOUND('',#1154,.T.);
#1154 = EDGE_LOOP('',(#1155,#1165,#1173,#1181));
#1155 = ORIENTED_EDGE('',*,*,#1156,.F.);
#1156 = EDGE_CURVE('',#1157,#1159,#1161,.T.);
#1157 = VERTEX_POINT('',#1158);
#1158 = CARTESIAN_POINT('',(0.88,-2.73,-4.95));
#1159 = VERTEX_POINT('',#1160);
#1160 = CARTESIAN_POINT('',(-0.88,-2.73,-4.95));
#1161 = LINE('',#1162,#1163);
#1162 = CARTESIAN_POINT('',(3.86,-2.73,-4.95));
#1163 = VECTOR('',#1164,1.);
#1164 = DIRECTION('',(-1.,0.,0.));
#1165 = ORIENTED_EDGE('',*,*,#1166,.F.);
#1166 = EDGE_CURVE('',#1167,#1157,#1169,.T.);
#1167 = VERTEX_POINT('',#1168);
#1168 = CARTESIAN_POINT('',(0.88,-3.13,-4.95));
#1169 = LINE('',#1170,#1171);
#1170 = CARTESIAN_POINT('',(0.88,-3.13,-4.95));
#1171 = VECTOR('',#1172,1.);
#1172 = DIRECTION('',(0.,1.,0.));
#1173 = ORIENTED_EDGE('',*,*,#1174,.T.);
#1174 = EDGE_CURVE('',#1167,#1175,#1177,.T.);
#1175 = VERTEX_POINT('',#1176);
#1176 = CARTESIAN_POINT('',(-0.88,-3.13,-4.95));
#1177 = LINE('',#1178,#1179);
#1178 = CARTESIAN_POINT('',(3.15,-3.13,-4.95));
#1179 = VECTOR('',#1180,1.);
#1180 = DIRECTION('',(-1.,0.,0.));
#1181 = ORIENTED_EDGE('',*,*,#1182,.F.);
#1182 = EDGE_CURVE('',#1159,#1175,#1183,.T.);
#1183 = LINE('',#1184,#1185);
#1184 = CARTESIAN_POINT('',(-0.88,-2.73,-4.95));
#1185 = VECTOR('',#1186,1.);
#1186 = DIRECTION('',(0.,-1.,0.));
#1187 = PLANE('',#1188);
#1188 = AXIS2_PLACEMENT_3D('',#1189,#1190,#1191);
#1189 = CARTESIAN_POINT('',(4.85,3.43,-4.95));
#1190 = DIRECTION('',(0.,0.,-1.));
#1191 = DIRECTION('',(-1.,0.,0.));
#1192 = ADVANCED_FACE('',(#1193),#1227,.T.);
#1193 = FACE_BOUND('',#1194,.T.);
#1194 = EDGE_LOOP('',(#1195,#1205,#1213,#1221));
#1195 = ORIENTED_EDGE('',*,*,#1196,.F.);
#1196 = EDGE_CURVE('',#1197,#1199,#1201,.T.);
#1197 = VERTEX_POINT('',#1198);
#1198 = CARTESIAN_POINT('',(0.55,0.305,-3.95));
#1199 = VERTEX_POINT('',#1200);
#1200 = CARTESIAN_POINT('',(1.18,0.305,-3.95));
#1201 = LINE('',#1202,#1203);
#1202 = CARTESIAN_POINT('',(0.,0.305,-3.95));
#1203 = VECTOR('',#1204,1.);
#1204 = DIRECTION('',(1.,0.,0.));
#1205 = ORIENTED_EDGE('',*,*,#1206,.F.);
#1206 = EDGE_CURVE('',#1207,#1197,#1209,.T.);
#1207 = VERTEX_POINT('',#1208);
#1208 = CARTESIAN_POINT('',(0.55,2.73,-3.95));
#1209 = LINE('',#1210,#1211);
#1210 = CARTESIAN_POINT('',(0.55,2.73,-3.95));
#1211 = VECTOR('',#1212,1.);
#1212 = DIRECTION('',(0.,-1.,0.));
#1213 = ORIENTED_EDGE('',*,*,#1214,.T.);
#1214 = EDGE_CURVE('',#1207,#1215,#1217,.T.);
#1215 = VERTEX_POINT('',#1216);
#1216 = CARTESIAN_POINT('',(1.18,2.73,-3.95));
#1217 = LINE('',#1218,#1219);
#1218 = CARTESIAN_POINT('',(-4.85,2.73,-3.95));
#1219 = VECTOR('',#1220,1.);
#1220 = DIRECTION('',(1.,-1.788374717502E-16,0.));
#1221 = ORIENTED_EDGE('',*,*,#1222,.F.);
#1222 = EDGE_CURVE('',#1199,#1215,#1223,.T.);
#1223 = LINE('',#1224,#1225);
#1224 = CARTESIAN_POINT('',(1.18,0.,-3.95));
#1225 = VECTOR('',#1226,1.);
#1226 = DIRECTION('',(0.,1.,0.));
#1227 = PLANE('',#1228);
#1228 = AXIS2_PLACEMENT_3D('',#1229,#1230,#1231);
#1229 = CARTESIAN_POINT('',(0.,0.,-3.95));
#1230 = DIRECTION('',(0.,0.,-1.));
#1231 = DIRECTION('',(-1.,0.,0.));
#1232 = ADVANCED_FACE('',(#1233),#1267,.T.);
#1233 = FACE_BOUND('',#1234,.T.);
#1234 = EDGE_LOOP('',(#1235,#1245,#1253,#1261));
#1235 = ORIENTED_EDGE('',*,*,#1236,.T.);
#1236 = EDGE_CURVE('',#1237,#1239,#1241,.T.);
#1237 = VERTEX_POINT('',#1238);
#1238 = CARTESIAN_POINT('',(-0.88,3.13,-4.95));
#1239 = VERTEX_POINT('',#1240);
#1240 = CARTESIAN_POINT('',(0.88,3.13,-4.95));
#1241 = LINE('',#1242,#1243);
#1242 = CARTESIAN_POINT('',(-3.15,3.13,-4.95));
#1243 = VECTOR('',#1244,1.);
#1244 = DIRECTION('',(1.,0.,0.));
#1245 = ORIENTED_EDGE('',*,*,#1246,.F.);
#1246 = EDGE_CURVE('',#1247,#1239,#1249,.T.);
#1247 = VERTEX_POINT('',#1248);
#1248 = CARTESIAN_POINT('',(0.88,2.73,-4.95));
#1249 = LINE('',#1250,#1251);
#1250 = CARTESIAN_POINT('',(0.88,2.73,-4.95));
#1251 = VECTOR('',#1252,1.);
#1252 = DIRECTION('',(0.,1.,0.));
#1253 = ORIENTED_EDGE('',*,*,#1254,.F.);
#1254 = EDGE_CURVE('',#1255,#1247,#1257,.T.);
#1255 = VERTEX_POINT('',#1256);
#1256 = CARTESIAN_POINT('',(-0.88,2.73,-4.95));
#1257 = LINE('',#1258,#1259);
#1258 = CARTESIAN_POINT('',(-4.85,2.73,-4.95));
#1259 = VECTOR('',#1260,1.);
#1260 = DIRECTION('',(1.,-1.788374717502E-16,0.));
#1261 = ORIENTED_EDGE('',*,*,#1262,.F.);
#1262 = EDGE_CURVE('',#1237,#1255,#1263,.T.);
#1263 = LINE('',#1264,#1265);
#1264 = CARTESIAN_POINT('',(-0.88,3.13,-4.95));
#1265 = VECTOR('',#1266,1.);
#1266 = DIRECTION('',(0.,-1.,0.));
#1267 = PLANE('',#1268);
#1268 = AXIS2_PLACEMENT_3D('',#1269,#1270,#1271);
#1269 = CARTESIAN_POINT('',(4.85,3.43,-4.95));
#1270 = DIRECTION('',(0.,0.,-1.));
#1271 = DIRECTION('',(-1.,0.,0.));
#1272 = ADVANCED_FACE('',(#1273),#1316,.T.);
#1273 = FACE_BOUND('',#1274,.T.);
#1274 = EDGE_LOOP('',(#1275,#1276,#1283,#1284,#1291,#1292,#1293,#1301,
    #1309,#1315));
#1275 = ORIENTED_EDGE('',*,*,#731,.F.);
#1276 = ORIENTED_EDGE('',*,*,#1277,.T.);
#1277 = EDGE_CURVE('',#724,#1157,#1278,.T.);
#1278 = CIRCLE('',#1279,0.3);
#1279 = AXIS2_PLACEMENT_3D('',#1280,#1281,#1282);
#1280 = CARTESIAN_POINT('',(0.88,-2.73,-4.65));
#1281 = DIRECTION('',(0.,1.,0.));
#1282 = DIRECTION('',(0.,-0.,1.));
#1283 = ORIENTED_EDGE('',*,*,#1156,.T.);
#1284 = ORIENTED_EDGE('',*,*,#1285,.T.);
#1285 = EDGE_CURVE('',#1159,#474,#1286,.T.);
#1286 = CIRCLE('',#1287,0.3);
#1287 = AXIS2_PLACEMENT_3D('',#1288,#1289,#1290);
#1288 = CARTESIAN_POINT('',(-0.88,-2.73,-4.65));
#1289 = DIRECTION('',(0.,1.,0.));
#1290 = DIRECTION('',(0.,-0.,1.));
#1291 = ORIENTED_EDGE('',*,*,#473,.F.);
#1292 = ORIENTED_EDGE('',*,*,#291,.F.);
#1293 = ORIENTED_EDGE('',*,*,#1294,.F.);
#1294 = EDGE_CURVE('',#1295,#284,#1297,.T.);
#1295 = VERTEX_POINT('',#1296);
#1296 = CARTESIAN_POINT('',(-0.55,-2.73,-3.45));
#1297 = LINE('',#1298,#1299);
#1298 = CARTESIAN_POINT('',(-0.55,-2.73,-3.45));
#1299 = VECTOR('',#1300,1.);
#1300 = DIRECTION('',(0.,0.,-1.));
#1301 = ORIENTED_EDGE('',*,*,#1302,.F.);
#1302 = EDGE_CURVE('',#1303,#1295,#1305,.T.);
#1303 = VERTEX_POINT('',#1304);
#1304 = CARTESIAN_POINT('',(0.55,-2.73,-3.45));
#1305 = LINE('',#1306,#1307);
#1306 = CARTESIAN_POINT('',(0.55,-2.73,-3.45));
#1307 = VECTOR('',#1308,1.);
#1308 = DIRECTION('',(-1.,0.,0.));
#1309 = ORIENTED_EDGE('',*,*,#1310,.T.);
#1310 = EDGE_CURVE('',#1303,#388,#1311,.T.);
#1311 = LINE('',#1312,#1313);
#1312 = CARTESIAN_POINT('',(0.55,-2.73,-3.45));
#1313 = VECTOR('',#1314,1.);
#1314 = DIRECTION('',(0.,0.,-1.));
#1315 = ORIENTED_EDGE('',*,*,#387,.F.);
#1316 = PLANE('',#1317);
#1317 = AXIS2_PLACEMENT_3D('',#1318,#1319,#1320);
#1318 = CARTESIAN_POINT('',(3.46,-2.73,-3.95));
#1319 = DIRECTION('',(0.,1.,0.));
#1320 = DIRECTION('',(0.,-0.,1.));
#1321 = ADVANCED_FACE('',(#1322),#1379,.F.);
#1322 = FACE_BOUND('',#1323,.T.);
#1323 = EDGE_LOOP('',(#1324,#1325,#1334,#1340,#1341,#1349,#1357,#1363,
    #1364,#1372));
#1324 = ORIENTED_EDGE('',*,*,#1254,.T.);
#1325 = ORIENTED_EDGE('',*,*,#1326,.F.);
#1326 = EDGE_CURVE('',#1327,#1247,#1329,.T.);
#1327 = VERTEX_POINT('',#1328);
#1328 = CARTESIAN_POINT('',(1.18,2.73,-4.65));
#1329 = CIRCLE('',#1330,0.3);
#1330 = AXIS2_PLACEMENT_3D('',#1331,#1332,#1333);
#1331 = CARTESIAN_POINT('',(0.88,2.73,-4.65));
#1332 = DIRECTION('',(1.788374717502E-16,1.,0.));
#1333 = DIRECTION('',(-1.,1.788374717502E-16,0.));
#1334 = ORIENTED_EDGE('',*,*,#1335,.T.);
#1335 = EDGE_CURVE('',#1327,#1215,#1336,.T.);
#1336 = LINE('',#1337,#1338);
#1337 = CARTESIAN_POINT('',(1.18,2.73,-3.95));
#1338 = VECTOR('',#1339,1.);
#1339 = DIRECTION('',(0.,0.,1.));
#1340 = ORIENTED_EDGE('',*,*,#1214,.F.);
#1341 = ORIENTED_EDGE('',*,*,#1342,.F.);
#1342 = EDGE_CURVE('',#1343,#1207,#1345,.T.);
#1343 = VERTEX_POINT('',#1344);
#1344 = CARTESIAN_POINT('',(0.55,2.73,-3.45));
#1345 = LINE('',#1346,#1347);
#1346 = CARTESIAN_POINT('',(0.55,2.73,-3.45));
#1347 = VECTOR('',#1348,1.);
#1348 = DIRECTION('',(0.,0.,-1.));
#1349 = ORIENTED_EDGE('',*,*,#1350,.F.);
#1350 = EDGE_CURVE('',#1351,#1343,#1353,.T.);
#1351 = VERTEX_POINT('',#1352);
#1352 = CARTESIAN_POINT('',(-0.55,2.73,-3.45));
#1353 = LINE('',#1354,#1355);
#1354 = CARTESIAN_POINT('',(-0.55,2.73,-3.45));
#1355 = VECTOR('',#1356,1.);
#1356 = DIRECTION('',(1.,0.,0.));
#1357 = ORIENTED_EDGE('',*,*,#1358,.T.);
#1358 = EDGE_CURVE('',#1351,#764,#1359,.T.);
#1359 = LINE('',#1360,#1361);
#1360 = CARTESIAN_POINT('',(-0.55,2.73,-3.45));
#1361 = VECTOR('',#1362,1.);
#1362 = DIRECTION('',(0.,0.,-1.));
#1363 = ORIENTED_EDGE('',*,*,#763,.F.);
#1364 = ORIENTED_EDGE('',*,*,#1365,.T.);
#1365 = EDGE_CURVE('',#756,#1366,#1368,.T.);
#1366 = VERTEX_POINT('',#1367);
#1367 = CARTESIAN_POINT('',(-1.18,2.73,-4.65));
#1368 = LINE('',#1369,#1370);
#1369 = CARTESIAN_POINT('',(-1.18,2.73,-3.95));
#1370 = VECTOR('',#1371,1.);
#1371 = DIRECTION('',(0.,0.,-1.));
#1372 = ORIENTED_EDGE('',*,*,#1373,.F.);
#1373 = EDGE_CURVE('',#1255,#1366,#1374,.T.);
#1374 = CIRCLE('',#1375,0.3);
#1375 = AXIS2_PLACEMENT_3D('',#1376,#1377,#1378);
#1376 = CARTESIAN_POINT('',(-0.88,2.73,-4.65));
#1377 = DIRECTION('',(1.788374717502E-16,1.,0.));
#1378 = DIRECTION('',(-1.,1.788374717502E-16,0.));
#1379 = PLANE('',#1380);
#1380 = AXIS2_PLACEMENT_3D('',#1381,#1382,#1383);
#1381 = CARTESIAN_POINT('',(-4.85,2.73,-3.95));
#1382 = DIRECTION('',(1.788374717502E-16,1.,0.));
#1383 = DIRECTION('',(-1.,1.788374717502E-16,0.));
#1384 = ADVANCED_FACE('',(#1385,#1419),#1476,.T.);
#1385 = FACE_BOUND('',#1386,.T.);
#1386 = EDGE_LOOP('',(#1387,#1397,#1405,#1413));
#1387 = ORIENTED_EDGE('',*,*,#1388,.F.);
#1388 = EDGE_CURVE('',#1389,#1391,#1393,.T.);
#1389 = VERTEX_POINT('',#1390);
#1390 = CARTESIAN_POINT('',(0.7,-3.43,4.35));
#1391 = VERTEX_POINT('',#1392);
#1392 = CARTESIAN_POINT('',(-0.7,-3.43,4.35));
#1393 = LINE('',#1394,#1395);
#1394 = CARTESIAN_POINT('',(0.7,-3.43,4.35));
#1395 = VECTOR('',#1396,1.);
#1396 = DIRECTION('',(-1.,0.,0.));
#1397 = ORIENTED_EDGE('',*,*,#1398,.F.);
#1398 = EDGE_CURVE('',#1399,#1389,#1401,.T.);
#1399 = VERTEX_POINT('',#1400);
#1400 = CARTESIAN_POINT('',(0.7,-3.43,1.55));
#1401 = LINE('',#1402,#1403);
#1402 = CARTESIAN_POINT('',(0.7,-3.43,1.55));
#1403 = VECTOR('',#1404,1.);
#1404 = DIRECTION('',(0.,0.,1.));
#1405 = ORIENTED_EDGE('',*,*,#1406,.T.);
#1406 = EDGE_CURVE('',#1399,#1407,#1409,.T.);
#1407 = VERTEX_POINT('',#1408);
#1408 = CARTESIAN_POINT('',(-0.7,-3.43,1.55));
#1409 = LINE('',#1410,#1411);
#1410 = CARTESIAN_POINT('',(0.7,-3.43,1.55));
#1411 = VECTOR('',#1412,1.);
#1412 = DIRECTION('',(-1.,0.,0.));
#1413 = ORIENTED_EDGE('',*,*,#1414,.T.);
#1414 = EDGE_CURVE('',#1407,#1391,#1415,.T.);
#1415 = LINE('',#1416,#1417);
#1416 = CARTESIAN_POINT('',(-0.7,-3.43,1.55));
#1417 = VECTOR('',#1418,1.);
#1418 = DIRECTION('',(0.,0.,1.));
#1419 = FACE_BOUND('',#1420,.T.);
#1420 = EDGE_LOOP('',(#1421,#1431,#1437,#1438,#1446,#1454,#1462,#1470));
#1421 = ORIENTED_EDGE('',*,*,#1422,.T.);
#1422 = EDGE_CURVE('',#1423,#1425,#1427,.T.);
#1423 = VERTEX_POINT('',#1424);
#1424 = CARTESIAN_POINT('',(-3.15,-3.43,-3.05));
#1425 = VERTEX_POINT('',#1426);
#1426 = CARTESIAN_POINT('',(3.15,-3.43,-3.05));
#1427 = LINE('',#1428,#1429);
#1428 = CARTESIAN_POINT('',(-3.15,-3.43,-3.05));
#1429 = VECTOR('',#1430,1.);
#1430 = DIRECTION('',(1.,0.,0.));
#1431 = ORIENTED_EDGE('',*,*,#1432,.T.);
#1432 = EDGE_CURVE('',#1425,#858,#1433,.T.);
#1433 = LINE('',#1434,#1435);
#1434 = CARTESIAN_POINT('',(3.15,-3.43,-3.05));
#1435 = VECTOR('',#1436,1.);
#1436 = DIRECTION('',(0.,0.,-1.));
#1437 = ORIENTED_EDGE('',*,*,#857,.F.);
#1438 = ORIENTED_EDGE('',*,*,#1439,.T.);
#1439 = EDGE_CURVE('',#850,#1440,#1442,.T.);
#1440 = VERTEX_POINT('',#1441);
#1441 = CARTESIAN_POINT('',(4.85,-3.43,4.95));
#1442 = LINE('',#1443,#1444);
#1443 = CARTESIAN_POINT('',(4.85,-3.43,-4.95));
#1444 = VECTOR('',#1445,1.);
#1445 = DIRECTION('',(0.,0.,1.));
#1446 = ORIENTED_EDGE('',*,*,#1447,.T.);
#1447 = EDGE_CURVE('',#1440,#1448,#1450,.T.);
#1448 = VERTEX_POINT('',#1449);
#1449 = CARTESIAN_POINT('',(-4.85,-3.43,4.95));
#1450 = LINE('',#1451,#1452);
#1451 = CARTESIAN_POINT('',(4.85,-3.43,4.95));
#1452 = VECTOR('',#1453,1.);
#1453 = DIRECTION('',(-1.,0.,0.));
#1454 = ORIENTED_EDGE('',*,*,#1455,.F.);
#1455 = EDGE_CURVE('',#1456,#1448,#1458,.T.);
#1456 = VERTEX_POINT('',#1457);
#1457 = CARTESIAN_POINT('',(-4.85,-3.43,-4.95));
#1458 = LINE('',#1459,#1460);
#1459 = CARTESIAN_POINT('',(-4.85,-3.43,-4.95));
#1460 = VECTOR('',#1461,1.);
#1461 = DIRECTION('',(0.,0.,1.));
#1462 = ORIENTED_EDGE('',*,*,#1463,.F.);
#1463 = EDGE_CURVE('',#1464,#1456,#1466,.T.);
#1464 = VERTEX_POINT('',#1465);
#1465 = CARTESIAN_POINT('',(-3.15,-3.43,-4.95));
#1466 = LINE('',#1467,#1468);
#1467 = CARTESIAN_POINT('',(4.85,-3.43,-4.95));
#1468 = VECTOR('',#1469,1.);
#1469 = DIRECTION('',(-1.,0.,0.));
#1470 = ORIENTED_EDGE('',*,*,#1471,.T.);
#1471 = EDGE_CURVE('',#1464,#1423,#1472,.T.);
#1472 = LINE('',#1473,#1474);
#1473 = CARTESIAN_POINT('',(-3.15,-3.43,-4.95));
#1474 = VECTOR('',#1475,1.);
#1475 = DIRECTION('',(0.,0.,1.));
#1476 = PLANE('',#1477);
#1477 = AXIS2_PLACEMENT_3D('',#1478,#1479,#1480);
#1478 = CARTESIAN_POINT('',(4.85,-3.43,-4.95));
#1479 = DIRECTION('',(0.,-1.,0.));
#1480 = DIRECTION('',(0.,0.,-1.));
#1481 = ADVANCED_FACE('',(#1482),#1539,.T.);
#1482 = FACE_BOUND('',#1483,.T.);
#1483 = EDGE_LOOP('',(#1484,#1494,#1502,#1510,#1516,#1517,#1525,#1533));
#1484 = ORIENTED_EDGE('',*,*,#1485,.F.);
#1485 = EDGE_CURVE('',#1486,#1488,#1490,.T.);
#1486 = VERTEX_POINT('',#1487);
#1487 = CARTESIAN_POINT('',(-2.12,-2.73,-4.95));
#1488 = VERTEX_POINT('',#1489);
#1489 = CARTESIAN_POINT('',(-3.86,-2.73,-4.95));
#1490 = LINE('',#1491,#1492);
#1491 = CARTESIAN_POINT('',(3.86,-2.73,-4.95));
#1492 = VECTOR('',#1493,1.);
#1493 = DIRECTION('',(-1.,0.,0.));
#1494 = ORIENTED_EDGE('',*,*,#1495,.F.);
#1495 = EDGE_CURVE('',#1496,#1486,#1498,.T.);
#1496 = VERTEX_POINT('',#1497);
#1497 = CARTESIAN_POINT('',(-2.12,-3.13,-4.95));
#1498 = LINE('',#1499,#1500);
#1499 = CARTESIAN_POINT('',(-2.12,-3.13,-4.95));
#1500 = VECTOR('',#1501,1.);
#1501 = DIRECTION('',(0.,1.,0.));
#1502 = ORIENTED_EDGE('',*,*,#1503,.T.);
#1503 = EDGE_CURVE('',#1496,#1504,#1506,.T.);
#1504 = VERTEX_POINT('',#1505);
#1505 = CARTESIAN_POINT('',(-3.15,-3.13,-4.95));
#1506 = LINE('',#1507,#1508);
#1507 = CARTESIAN_POINT('',(3.15,-3.13,-4.95));
#1508 = VECTOR('',#1509,1.);
#1509 = DIRECTION('',(-1.,0.,0.));
#1510 = ORIENTED_EDGE('',*,*,#1511,.T.);
#1511 = EDGE_CURVE('',#1504,#1464,#1512,.T.);
#1512 = LINE('',#1513,#1514);
#1513 = CARTESIAN_POINT('',(-3.15,-3.13,-4.95));
#1514 = VECTOR('',#1515,1.);
#1515 = DIRECTION('',(0.,-1.,0.));
#1516 = ORIENTED_EDGE('',*,*,#1463,.T.);
#1517 = ORIENTED_EDGE('',*,*,#1518,.F.);
#1518 = EDGE_CURVE('',#1519,#1456,#1521,.T.);
#1519 = VERTEX_POINT('',#1520);
#1520 = CARTESIAN_POINT('',(-4.85,-1.73,-4.95));
#1521 = LINE('',#1522,#1523);
#1522 = CARTESIAN_POINT('',(-4.85,3.43,-4.95));
#1523 = VECTOR('',#1524,1.);
#1524 = DIRECTION('',(0.,-1.,0.));
#1525 = ORIENTED_EDGE('',*,*,#1526,.F.);
#1526 = EDGE_CURVE('',#1527,#1519,#1529,.T.);
#1527 = VERTEX_POINT('',#1528);
#1528 = CARTESIAN_POINT('',(-3.86,-1.73,-4.95));
#1529 = LINE('',#1530,#1531);
#1530 = CARTESIAN_POINT('',(-3.86,-1.73,-4.95));
#1531 = VECTOR('',#1532,1.);
#1532 = DIRECTION('',(-1.,4.380614838325E-16,0.));
#1533 = ORIENTED_EDGE('',*,*,#1534,.F.);
#1534 = EDGE_CURVE('',#1488,#1527,#1535,.T.);
#1535 = LINE('',#1536,#1537);
#1536 = CARTESIAN_POINT('',(-3.86,-2.73,-4.95));
#1537 = VECTOR('',#1538,1.);
#1538 = DIRECTION('',(0.,1.,0.));
#1539 = PLANE('',#1540);
#1540 = AXIS2_PLACEMENT_3D('',#1541,#1542,#1543);
#1541 = CARTESIAN_POINT('',(4.85,3.43,-4.95));
#1542 = DIRECTION('',(0.,0.,-1.));
#1543 = DIRECTION('',(-1.,0.,0.));
#1544 = ADVANCED_FACE('',(#1545),#1588,.F.);
#1545 = FACE_BOUND('',#1546,.T.);
#1546 = EDGE_LOOP('',(#1547,#1557,#1565,#1574,#1582));
#1547 = ORIENTED_EDGE('',*,*,#1548,.F.);
#1548 = EDGE_CURVE('',#1549,#1551,#1553,.T.);
#1549 = VERTEX_POINT('',#1550);
#1550 = CARTESIAN_POINT('',(-0.45,3.93,1.27));
#1551 = VERTEX_POINT('',#1552);
#1552 = CARTESIAN_POINT('',(-0.45,3.93,3.95));
#1553 = LINE('',#1554,#1555);
#1554 = CARTESIAN_POINT('',(-0.45,3.93,-3.05));
#1555 = VECTOR('',#1556,1.);
#1556 = DIRECTION('',(0.,0.,1.));
#1557 = ORIENTED_EDGE('',*,*,#1558,.T.);
#1558 = EDGE_CURVE('',#1549,#1559,#1561,.T.);
#1559 = VERTEX_POINT('',#1560);
#1560 = CARTESIAN_POINT('',(-0.764226184016,3.93,1.27));
#1561 = LINE('',#1562,#1563);
#1562 = CARTESIAN_POINT('',(-0.45,3.93,1.27));
#1563 = VECTOR('',#1564,1.);
#1564 = DIRECTION('',(-1.,0.,0.));
#1565 = ORIENTED_EDGE('',*,*,#1566,.T.);
#1566 = EDGE_CURVE('',#1559,#1567,#1569,.T.);
#1567 = VERTEX_POINT('',#1568);
#1568 = CARTESIAN_POINT('',(-1.45,3.93,0.35));
#1569 = CIRCLE('',#1570,0.96);
#1570 = AXIS2_PLACEMENT_3D('',#1571,#1572,#1573);
#1571 = CARTESIAN_POINT('',(-0.49,3.93,0.35));
#1572 = DIRECTION('',(0.,-1.,0.));
#1573 = DIRECTION('',(0.,0.,-1.));
#1574 = ORIENTED_EDGE('',*,*,#1575,.F.);
#1575 = EDGE_CURVE('',#1576,#1567,#1578,.T.);
#1576 = VERTEX_POINT('',#1577);
#1577 = CARTESIAN_POINT('',(-1.45,3.93,3.95));
#1578 = LINE('',#1579,#1580);
#1579 = CARTESIAN_POINT('',(-1.45,3.93,3.95));
#1580 = VECTOR('',#1581,1.);
#1581 = DIRECTION('',(0.,0.,-1.));
#1582 = ORIENTED_EDGE('',*,*,#1583,.F.);
#1583 = EDGE_CURVE('',#1551,#1576,#1584,.T.);
#1584 = LINE('',#1585,#1586);
#1585 = CARTESIAN_POINT('',(-0.45,3.93,3.95));
#1586 = VECTOR('',#1587,1.);
#1587 = DIRECTION('',(-1.,0.,0.));
#1588 = PLANE('',#1589);
#1589 = AXIS2_PLACEMENT_3D('',#1590,#1591,#1592);
#1590 = CARTESIAN_POINT('',(0.,3.93,0.));
#1591 = DIRECTION('',(0.,-1.,0.));
#1592 = DIRECTION('',(0.,0.,-1.));
#1593 = ADVANCED_FACE('',(#1594),#1628,.T.);
#1594 = FACE_BOUND('',#1595,.T.);
#1595 = EDGE_LOOP('',(#1596,#1606,#1614,#1622));
#1596 = ORIENTED_EDGE('',*,*,#1597,.T.);
#1597 = EDGE_CURVE('',#1598,#1600,#1602,.T.);
#1598 = VERTEX_POINT('',#1599);
#1599 = CARTESIAN_POINT('',(-3.46,1.57,-1.15));
#1600 = VERTEX_POINT('',#1601);
#1601 = CARTESIAN_POINT('',(-3.46,2.93,-1.15));
#1602 = LINE('',#1603,#1604);
#1603 = CARTESIAN_POINT('',(-3.46,1.57,-1.15));
#1604 = VECTOR('',#1605,1.);
#1605 = DIRECTION('',(0.,1.,0.));
#1606 = ORIENTED_EDGE('',*,*,#1607,.F.);
#1607 = EDGE_CURVE('',#1608,#1600,#1610,.T.);
#1608 = VERTEX_POINT('',#1609);
#1609 = CARTESIAN_POINT('',(-3.86,2.93,-1.15));
#1610 = LINE('',#1611,#1612);
#1611 = CARTESIAN_POINT('',(-3.86,2.93,-1.15));
#1612 = VECTOR('',#1613,1.);
#1613 = DIRECTION('',(1.,0.,-5.421010862428E-16));
#1614 = ORIENTED_EDGE('',*,*,#1615,.F.);
#1615 = EDGE_CURVE('',#1616,#1608,#1618,.T.);
#1616 = VERTEX_POINT('',#1617);
#1617 = CARTESIAN_POINT('',(-3.86,1.57,-1.15));
#1618 = LINE('',#1619,#1620);
#1619 = CARTESIAN_POINT('',(-3.86,1.57,-1.15));
#1620 = VECTOR('',#1621,1.);
#1621 = DIRECTION('',(0.,1.,0.));
#1622 = ORIENTED_EDGE('',*,*,#1623,.F.);
#1623 = EDGE_CURVE('',#1598,#1616,#1624,.T.);
#1624 = LINE('',#1625,#1626);
#1625 = CARTESIAN_POINT('',(-3.46,1.57,-1.15));
#1626 = VECTOR('',#1627,1.);
#1627 = DIRECTION('',(-1.,0.,0.));
#1628 = PLANE('',#1629);
#1629 = AXIS2_PLACEMENT_3D('',#1630,#1631,#1632);
#1630 = CARTESIAN_POINT('',(-3.46,1.57,-1.15));
#1631 = DIRECTION('',(0.,0.,1.));
#1632 = DIRECTION('',(1.,0.,-0.));
#1633 = ADVANCED_FACE('',(#1634),#1826,.F.);
#1634 = FACE_BOUND('',#1635,.T.);
#1635 = EDGE_LOOP('',(#1636,#1646,#1654,#1662,#1670,#1678,#1686,#1694,
    #1702,#1710,#1718,#1726,#1732,#1733,#1741,#1749,#1757,#1765,#1773,
    #1781,#1789,#1797,#1805,#1813,#1819,#1820));
#1636 = ORIENTED_EDGE('',*,*,#1637,.T.);
#1637 = EDGE_CURVE('',#1638,#1640,#1642,.T.);
#1638 = VERTEX_POINT('',#1639);
#1639 = CARTESIAN_POINT('',(-3.86,2.93,-2.15));
#1640 = VERTEX_POINT('',#1641);
#1641 = CARTESIAN_POINT('',(-3.86,3.23,-2.15));
#1642 = LINE('',#1643,#1644);
#1643 = CARTESIAN_POINT('',(-3.86,2.93,-2.15));
#1644 = VECTOR('',#1645,1.);
#1645 = DIRECTION('',(0.,1.,0.));
#1646 = ORIENTED_EDGE('',*,*,#1647,.T.);
#1647 = EDGE_CURVE('',#1640,#1648,#1650,.T.);
#1648 = VERTEX_POINT('',#1649);
#1649 = CARTESIAN_POINT('',(-3.86,3.23,4.95));
#1650 = LINE('',#1651,#1652);
#1651 = CARTESIAN_POINT('',(-3.86,3.23,4.95));
#1652 = VECTOR('',#1653,1.);
#1653 = DIRECTION('',(0.,0.,1.));
#1654 = ORIENTED_EDGE('',*,*,#1655,.T.);
#1655 = EDGE_CURVE('',#1648,#1656,#1658,.T.);
#1656 = VERTEX_POINT('',#1657);
#1657 = CARTESIAN_POINT('',(-3.86,1.02,4.95));
#1658 = LINE('',#1659,#1660);
#1659 = CARTESIAN_POINT('',(-3.86,3.43,4.95));
#1660 = VECTOR('',#1661,1.);
#1661 = DIRECTION('',(0.,-1.,0.));
#1662 = ORIENTED_EDGE('',*,*,#1663,.T.);
#1663 = EDGE_CURVE('',#1656,#1664,#1666,.T.);
#1664 = VERTEX_POINT('',#1665);
#1665 = CARTESIAN_POINT('',(-3.86,1.02,1.95));
#1666 = LINE('',#1667,#1668);
#1667 = CARTESIAN_POINT('',(-3.86,1.02,4.95));
#1668 = VECTOR('',#1669,1.);
#1669 = DIRECTION('',(0.,0.,-1.));
#1670 = ORIENTED_EDGE('',*,*,#1671,.T.);
#1671 = EDGE_CURVE('',#1664,#1672,#1674,.T.);
#1672 = VERTEX_POINT('',#1673);
#1673 = CARTESIAN_POINT('',(-3.86,-0.88,1.95));
#1674 = LINE('',#1675,#1676);
#1675 = CARTESIAN_POINT('',(-3.86,1.02,1.95));
#1676 = VECTOR('',#1677,1.);
#1677 = DIRECTION('',(0.,-1.,0.));
#1678 = ORIENTED_EDGE('',*,*,#1679,.T.);
#1679 = EDGE_CURVE('',#1672,#1680,#1682,.T.);
#1680 = VERTEX_POINT('',#1681);
#1681 = CARTESIAN_POINT('',(-3.86,-0.88,4.95));
#1682 = LINE('',#1683,#1684);
#1683 = CARTESIAN_POINT('',(-3.86,-0.88,1.95));
#1684 = VECTOR('',#1685,1.);
#1685 = DIRECTION('',(0.,-1.445602896647E-16,1.));
#1686 = ORIENTED_EDGE('',*,*,#1687,.T.);
#1687 = EDGE_CURVE('',#1680,#1688,#1690,.T.);
#1688 = VERTEX_POINT('',#1689);
#1689 = CARTESIAN_POINT('',(-3.86,-2.63,4.95));
#1690 = LINE('',#1691,#1692);
#1691 = CARTESIAN_POINT('',(-3.86,-0.88,4.95));
#1692 = VECTOR('',#1693,1.);
#1693 = DIRECTION('',(0.,-1.,0.));
#1694 = ORIENTED_EDGE('',*,*,#1695,.T.);
#1695 = EDGE_CURVE('',#1688,#1696,#1698,.T.);
#1696 = VERTEX_POINT('',#1697);
#1697 = CARTESIAN_POINT('',(-3.86,-2.63,-1.15));
#1698 = LINE('',#1699,#1700);
#1699 = CARTESIAN_POINT('',(-3.86,-2.63,4.95));
#1700 = VECTOR('',#1701,1.);
#1701 = DIRECTION('',(0.,0.,-1.));
#1702 = ORIENTED_EDGE('',*,*,#1703,.T.);
#1703 = EDGE_CURVE('',#1696,#1704,#1706,.T.);
#1704 = VERTEX_POINT('',#1705);
#1705 = CARTESIAN_POINT('',(-3.86,-1.43,-1.15));
#1706 = LINE('',#1707,#1708);
#1707 = CARTESIAN_POINT('',(-3.86,-2.63,-1.15));
#1708 = VECTOR('',#1709,1.);
#1709 = DIRECTION('',(0.,1.,0.));
#1710 = ORIENTED_EDGE('',*,*,#1711,.T.);
#1711 = EDGE_CURVE('',#1704,#1712,#1714,.T.);
#1712 = VERTEX_POINT('',#1713);
#1713 = CARTESIAN_POINT('',(-3.86,-1.43,-3.65));
#1714 = LINE('',#1715,#1716);
#1715 = CARTESIAN_POINT('',(-3.86,-1.43,-1.15));
#1716 = VECTOR('',#1717,1.);
#1717 = DIRECTION('',(0.,0.,-1.));
#1718 = ORIENTED_EDGE('',*,*,#1719,.T.);
#1719 = EDGE_CURVE('',#1712,#1720,#1722,.T.);
#1720 = VERTEX_POINT('',#1721);
#1721 = CARTESIAN_POINT('',(-3.86,-2.73,-3.65));
#1722 = LINE('',#1723,#1724);
#1723 = CARTESIAN_POINT('',(-3.86,-1.43,-3.65));
#1724 = VECTOR('',#1725,1.);
#1725 = DIRECTION('',(0.,-1.,0.));
#1726 = ORIENTED_EDGE('',*,*,#1727,.T.);
#1727 = EDGE_CURVE('',#1720,#1488,#1728,.T.);
#1728 = LINE('',#1729,#1730);
#1729 = CARTESIAN_POINT('',(-3.86,-2.73,-3.95));
#1730 = VECTOR('',#1731,1.);
#1731 = DIRECTION('',(0.,0.,-1.));
#1732 = ORIENTED_EDGE('',*,*,#1534,.T.);
#1733 = ORIENTED_EDGE('',*,*,#1734,.F.);
#1734 = EDGE_CURVE('',#1735,#1527,#1737,.T.);
#1735 = VERTEX_POINT('',#1736);
#1736 = CARTESIAN_POINT('',(-3.86,-1.73,-4.05));
#1737 = LINE('',#1738,#1739);
#1738 = CARTESIAN_POINT('',(-3.86,-1.73,-3.95));
#1739 = VECTOR('',#1740,1.);
#1740 = DIRECTION('',(0.,0.,-1.));
#1741 = ORIENTED_EDGE('',*,*,#1742,.T.);
#1742 = EDGE_CURVE('',#1735,#1743,#1745,.T.);
#1743 = VERTEX_POINT('',#1744);
#1744 = CARTESIAN_POINT('',(-3.86,-0.53,-4.05));
#1745 = LINE('',#1746,#1747);
#1746 = CARTESIAN_POINT('',(-3.86,-2.73,-4.05));
#1747 = VECTOR('',#1748,1.);
#1748 = DIRECTION('',(0.,1.,0.));
#1749 = ORIENTED_EDGE('',*,*,#1750,.T.);
#1750 = EDGE_CURVE('',#1743,#1751,#1753,.T.);
#1751 = VERTEX_POINT('',#1752);
#1752 = CARTESIAN_POINT('',(-3.86,-0.53,-2.95));
#1753 = LINE('',#1754,#1755);
#1754 = CARTESIAN_POINT('',(-3.86,-0.53,-4.25));
#1755 = VECTOR('',#1756,1.);
#1756 = DIRECTION('',(0.,0.,1.));
#1757 = ORIENTED_EDGE('',*,*,#1758,.T.);
#1758 = EDGE_CURVE('',#1751,#1759,#1761,.T.);
#1759 = VERTEX_POINT('',#1760);
#1760 = CARTESIAN_POINT('',(-3.86,1.47,-2.95));
#1761 = LINE('',#1762,#1763);
#1762 = CARTESIAN_POINT('',(-3.86,-0.53,-2.95));
#1763 = VECTOR('',#1764,1.);
#1764 = DIRECTION('',(0.,1.,0.));
#1765 = ORIENTED_EDGE('',*,*,#1766,.F.);
#1766 = EDGE_CURVE('',#1767,#1759,#1769,.T.);
#1767 = VERTEX_POINT('',#1768);
#1768 = CARTESIAN_POINT('',(-3.86,1.47,-4.05));
#1769 = LINE('',#1770,#1771);
#1770 = CARTESIAN_POINT('',(-3.86,1.47,-4.25));
#1771 = VECTOR('',#1772,1.);
#1772 = DIRECTION('',(0.,0.,1.));
#1773 = ORIENTED_EDGE('',*,*,#1774,.T.);
#1774 = EDGE_CURVE('',#1767,#1775,#1777,.T.);
#1775 = VERTEX_POINT('',#1776);
#1776 = CARTESIAN_POINT('',(-3.86,2.73,-4.05));
#1777 = LINE('',#1778,#1779);
#1778 = CARTESIAN_POINT('',(-3.86,-2.73,-4.05));
#1779 = VECTOR('',#1780,1.);
#1780 = DIRECTION('',(0.,1.,0.));
#1781 = ORIENTED_EDGE('',*,*,#1782,.T.);
#1782 = EDGE_CURVE('',#1775,#1783,#1785,.T.);
#1783 = VERTEX_POINT('',#1784);
#1784 = CARTESIAN_POINT('',(-3.86,2.73,-3.95));
#1785 = LINE('',#1786,#1787);
#1786 = CARTESIAN_POINT('',(-3.86,2.73,-4.25));
#1787 = VECTOR('',#1788,1.);
#1788 = DIRECTION('',(0.,0.,1.));
#1789 = ORIENTED_EDGE('',*,*,#1790,.T.);
#1790 = EDGE_CURVE('',#1783,#1791,#1793,.T.);
#1791 = VERTEX_POINT('',#1792);
#1792 = CARTESIAN_POINT('',(-3.86,2.87,-3.95));
#1793 = LINE('',#1794,#1795);
#1794 = CARTESIAN_POINT('',(-3.86,-2.73,-3.95));
#1795 = VECTOR('',#1796,1.);
#1796 = DIRECTION('',(0.,1.,0.));
#1797 = ORIENTED_EDGE('',*,*,#1798,.T.);
#1798 = EDGE_CURVE('',#1791,#1799,#1801,.T.);
#1799 = VERTEX_POINT('',#1800);
#1800 = CARTESIAN_POINT('',(-3.86,2.87,-3.65));
#1801 = LINE('',#1802,#1803);
#1802 = CARTESIAN_POINT('',(-3.86,2.87,-3.95));
#1803 = VECTOR('',#1804,1.);
#1804 = DIRECTION('',(0.,0.,1.));
#1805 = ORIENTED_EDGE('',*,*,#1806,.T.);
#1806 = EDGE_CURVE('',#1799,#1807,#1809,.T.);
#1807 = VERTEX_POINT('',#1808);
#1808 = CARTESIAN_POINT('',(-3.86,1.57,-3.65));
#1809 = LINE('',#1810,#1811);
#1810 = CARTESIAN_POINT('',(-3.86,2.87,-3.65));
#1811 = VECTOR('',#1812,1.);
#1812 = DIRECTION('',(0.,-1.,0.));
#1813 = ORIENTED_EDGE('',*,*,#1814,.T.);
#1814 = EDGE_CURVE('',#1807,#1616,#1815,.T.);
#1815 = LINE('',#1816,#1817);
#1816 = CARTESIAN_POINT('',(-3.86,1.57,-3.65));
#1817 = VECTOR('',#1818,1.);
#1818 = DIRECTION('',(0.,-8.673617379884E-17,1.));
#1819 = ORIENTED_EDGE('',*,*,#1615,.T.);
#1820 = ORIENTED_EDGE('',*,*,#1821,.F.);
#1821 = EDGE_CURVE('',#1638,#1608,#1822,.T.);
#1822 = LINE('',#1823,#1824);
#1823 = CARTESIAN_POINT('',(-3.86,2.93,-2.15));
#1824 = VECTOR('',#1825,1.);
#1825 = DIRECTION('',(0.,0.,1.));
#1826 = PLANE('',#1827);
#1827 = AXIS2_PLACEMENT_3D('',#1828,#1829,#1830);
#1828 = CARTESIAN_POINT('',(-3.86,-2.73,-3.95));
#1829 = DIRECTION('',(-1.,0.,0.));
#1830 = DIRECTION('',(0.,0.,1.));
#1831 = ADVANCED_FACE('',(#1832),#1882,.T.);
#1832 = FACE_BOUND('',#1833,.T.);
#1833 = EDGE_LOOP('',(#1834,#1844,#1852,#1860,#1868,#1876));
#1834 = ORIENTED_EDGE('',*,*,#1835,.F.);
#1835 = EDGE_CURVE('',#1836,#1838,#1840,.T.);
#1836 = VERTEX_POINT('',#1837);
#1837 = CARTESIAN_POINT('',(-2.45,0.305,-3.95));
#1838 = VERTEX_POINT('',#1839);
#1839 = CARTESIAN_POINT('',(-1.82,0.305,-3.95));
#1840 = LINE('',#1841,#1842);
#1841 = CARTESIAN_POINT('',(0.,0.305,-3.95));
#1842 = VECTOR('',#1843,1.);
#1843 = DIRECTION('',(1.,0.,0.));
#1844 = ORIENTED_EDGE('',*,*,#1845,.T.);
#1845 = EDGE_CURVE('',#1836,#1846,#1848,.T.);
#1846 = VERTEX_POINT('',#1847);
#1847 = CARTESIAN_POINT('',(-2.45,0.97,-3.95));
#1848 = LINE('',#1849,#1850);
#1849 = CARTESIAN_POINT('',(-2.45,-0.58,-3.95));
#1850 = VECTOR('',#1851,1.);
#1851 = DIRECTION('',(0.,1.,0.));
#1852 = ORIENTED_EDGE('',*,*,#1853,.T.);
#1853 = EDGE_CURVE('',#1846,#1854,#1856,.T.);
#1854 = VERTEX_POINT('',#1855);
#1855 = CARTESIAN_POINT('',(-3.26,0.97,-3.95));
#1856 = LINE('',#1857,#1858);
#1857 = CARTESIAN_POINT('',(-2.45,0.97,-3.95));
#1858 = VECTOR('',#1859,1.);
#1859 = DIRECTION('',(-1.,0.,0.));
#1860 = ORIENTED_EDGE('',*,*,#1861,.T.);
#1861 = EDGE_CURVE('',#1854,#1862,#1864,.T.);
#1862 = VERTEX_POINT('',#1863);
#1863 = CARTESIAN_POINT('',(-3.26,2.73,-3.95));
#1864 = LINE('',#1865,#1866);
#1865 = CARTESIAN_POINT('',(-3.26,2.73,-3.95));
#1866 = VECTOR('',#1867,1.);
#1867 = DIRECTION('',(0.,1.,0.));
#1868 = ORIENTED_EDGE('',*,*,#1869,.T.);
#1869 = EDGE_CURVE('',#1862,#1870,#1872,.T.);
#1870 = VERTEX_POINT('',#1871);
#1871 = CARTESIAN_POINT('',(-1.82,2.73,-3.95));
#1872 = LINE('',#1873,#1874);
#1873 = CARTESIAN_POINT('',(-4.85,2.73,-3.95));
#1874 = VECTOR('',#1875,1.);
#1875 = DIRECTION('',(1.,-1.788374717502E-16,0.));
#1876 = ORIENTED_EDGE('',*,*,#1877,.F.);
#1877 = EDGE_CURVE('',#1838,#1870,#1878,.T.);
#1878 = LINE('',#1879,#1880);
#1879 = CARTESIAN_POINT('',(-1.82,0.,-3.95));
#1880 = VECTOR('',#1881,1.);
#1881 = DIRECTION('',(0.,1.,0.));
#1882 = PLANE('',#1883);
#1883 = AXIS2_PLACEMENT_3D('',#1884,#1885,#1886);
#1884 = CARTESIAN_POINT('',(0.,0.,-3.95));
#1885 = DIRECTION('',(0.,0.,-1.));
#1886 = DIRECTION('',(-1.,0.,0.));
#1887 = ADVANCED_FACE('',(#1888),#2073,.F.);
#1888 = FACE_BOUND('',#1889,.T.);
#1889 = EDGE_LOOP('',(#1890,#1900,#1908,#1916,#1922,#1923,#1931,#1939,
    #1947,#1955,#1963,#1971,#1979,#1987,#1995,#2003,#2011,#2019,#2027,
    #2035,#2043,#2051,#2059,#2067));
#1890 = ORIENTED_EDGE('',*,*,#1891,.F.);
#1891 = EDGE_CURVE('',#1892,#1894,#1896,.T.);
#1892 = VERTEX_POINT('',#1893);
#1893 = CARTESIAN_POINT('',(-3.46,3.23,4.95));
#1894 = VERTEX_POINT('',#1895);
#1895 = CARTESIAN_POINT('',(-3.46,1.02,4.95));
#1896 = LINE('',#1897,#1898);
#1897 = CARTESIAN_POINT('',(-3.46,3.43,4.95));
#1898 = VECTOR('',#1899,1.);
#1899 = DIRECTION('',(0.,-1.,0.));
#1900 = ORIENTED_EDGE('',*,*,#1901,.T.);
#1901 = EDGE_CURVE('',#1892,#1902,#1904,.T.);
#1902 = VERTEX_POINT('',#1903);
#1903 = CARTESIAN_POINT('',(-3.46,3.23,-2.15));
#1904 = LINE('',#1905,#1906);
#1905 = CARTESIAN_POINT('',(-3.46,3.23,-2.15));
#1906 = VECTOR('',#1907,1.);
#1907 = DIRECTION('',(0.,0.,-1.));
#1908 = ORIENTED_EDGE('',*,*,#1909,.F.);
#1909 = EDGE_CURVE('',#1910,#1902,#1912,.T.);
#1910 = VERTEX_POINT('',#1911);
#1911 = CARTESIAN_POINT('',(-3.46,2.93,-2.15));
#1912 = LINE('',#1913,#1914);
#1913 = CARTESIAN_POINT('',(-3.46,2.93,-2.15));
#1914 = VECTOR('',#1915,1.);
#1915 = DIRECTION('',(0.,1.,0.));
#1916 = ORIENTED_EDGE('',*,*,#1917,.F.);
#1917 = EDGE_CURVE('',#1600,#1910,#1918,.T.);
#1918 = LINE('',#1919,#1920);
#1919 = CARTESIAN_POINT('',(-3.46,2.93,-1.15));
#1920 = VECTOR('',#1921,1.);
#1921 = DIRECTION('',(0.,0.,-1.));
#1922 = ORIENTED_EDGE('',*,*,#1597,.F.);
#1923 = ORIENTED_EDGE('',*,*,#1924,.F.);
#1924 = EDGE_CURVE('',#1925,#1598,#1927,.T.);
#1925 = VERTEX_POINT('',#1926);
#1926 = CARTESIAN_POINT('',(-3.46,1.57,-3.65));
#1927 = LINE('',#1928,#1929);
#1928 = CARTESIAN_POINT('',(-3.46,1.57,-3.65));
#1929 = VECTOR('',#1930,1.);
#1930 = DIRECTION('',(0.,-8.673617379884E-17,1.));
#1931 = ORIENTED_EDGE('',*,*,#1932,.F.);
#1932 = EDGE_CURVE('',#1933,#1925,#1935,.T.);
#1933 = VERTEX_POINT('',#1934);
#1934 = CARTESIAN_POINT('',(-3.46,2.87,-3.65));
#1935 = LINE('',#1936,#1937);
#1936 = CARTESIAN_POINT('',(-3.46,2.87,-3.65));
#1937 = VECTOR('',#1938,1.);
#1938 = DIRECTION('',(0.,-1.,0.));
#1939 = ORIENTED_EDGE('',*,*,#1940,.F.);
#1940 = EDGE_CURVE('',#1941,#1933,#1943,.T.);
#1941 = VERTEX_POINT('',#1942);
#1942 = CARTESIAN_POINT('',(-3.46,2.87,-3.95));
#1943 = LINE('',#1944,#1945);
#1944 = CARTESIAN_POINT('',(-3.46,2.87,-3.95));
#1945 = VECTOR('',#1946,1.);
#1946 = DIRECTION('',(0.,0.,1.));
#1947 = ORIENTED_EDGE('',*,*,#1948,.F.);
#1948 = EDGE_CURVE('',#1949,#1941,#1951,.T.);
#1949 = VERTEX_POINT('',#1950);
#1950 = CARTESIAN_POINT('',(-3.46,2.73,-3.95));
#1951 = LINE('',#1952,#1953);
#1952 = CARTESIAN_POINT('',(-3.46,-2.73,-3.95));
#1953 = VECTOR('',#1954,1.);
#1954 = DIRECTION('',(0.,1.,0.));
#1955 = ORIENTED_EDGE('',*,*,#1956,.T.);
#1956 = EDGE_CURVE('',#1949,#1957,#1959,.T.);
#1957 = VERTEX_POINT('',#1958);
#1958 = CARTESIAN_POINT('',(-3.46,2.73,-3.75));
#1959 = LINE('',#1960,#1961);
#1960 = CARTESIAN_POINT('',(-3.46,2.73,0.));
#1961 = VECTOR('',#1962,1.);
#1962 = DIRECTION('',(0.,0.,1.));
#1963 = ORIENTED_EDGE('',*,*,#1964,.T.);
#1964 = EDGE_CURVE('',#1957,#1965,#1967,.T.);
#1965 = VERTEX_POINT('',#1966);
#1966 = CARTESIAN_POINT('',(-3.46,0.97,-3.75));
#1967 = LINE('',#1968,#1969);
#1968 = CARTESIAN_POINT('',(-3.46,0.97,-3.75));
#1969 = VECTOR('',#1970,1.);
#1970 = DIRECTION('',(0.,-1.,0.));
#1971 = ORIENTED_EDGE('',*,*,#1972,.F.);
#1972 = EDGE_CURVE('',#1973,#1965,#1975,.T.);
#1973 = VERTEX_POINT('',#1974);
#1974 = CARTESIAN_POINT('',(-3.46,0.97,-2.95));
#1975 = LINE('',#1976,#1977);
#1976 = CARTESIAN_POINT('',(-3.46,0.97,-2.95));
#1977 = VECTOR('',#1978,1.);
#1978 = DIRECTION('',(0.,0.,-1.));
#1979 = ORIENTED_EDGE('',*,*,#1980,.T.);
#1980 = EDGE_CURVE('',#1973,#1981,#1983,.T.);
#1981 = VERTEX_POINT('',#1982);
#1982 = CARTESIAN_POINT('',(-3.46,-0.58,-2.95));
#1983 = LINE('',#1984,#1985);
#1984 = CARTESIAN_POINT('',(-3.46,0.97,-2.95));
#1985 = VECTOR('',#1986,1.);
#1986 = DIRECTION('',(0.,-1.,0.));
#1987 = ORIENTED_EDGE('',*,*,#1988,.T.);
#1988 = EDGE_CURVE('',#1981,#1989,#1991,.T.);
#1989 = VERTEX_POINT('',#1990);
#1990 = CARTESIAN_POINT('',(-3.46,-0.58,-3.75));
#1991 = LINE('',#1992,#1993);
#1992 = CARTESIAN_POINT('',(-3.46,-0.58,-2.95));
#1993 = VECTOR('',#1994,1.);
#1994 = DIRECTION('',(0.,0.,-1.));
#1995 = ORIENTED_EDGE('',*,*,#1996,.T.);
#1996 = EDGE_CURVE('',#1989,#1997,#1999,.T.);
#1997 = VERTEX_POINT('',#1998);
#1998 = CARTESIAN_POINT('',(-3.46,-2.73,-3.75));
#1999 = LINE('',#2000,#2001);
#2000 = CARTESIAN_POINT('',(-3.46,-2.73,-3.75));
#2001 = VECTOR('',#2002,1.);
#2002 = DIRECTION('',(0.,-1.,0.));
#2003 = ORIENTED_EDGE('',*,*,#2004,.F.);
#2004 = EDGE_CURVE('',#2005,#1997,#2007,.T.);
#2005 = VERTEX_POINT('',#2006);
#2006 = CARTESIAN_POINT('',(-3.46,-2.73,-3.65));
#2007 = LINE('',#2008,#2009);
#2008 = CARTESIAN_POINT('',(-3.46,-2.73,-3.65));
#2009 = VECTOR('',#2010,1.);
#2010 = DIRECTION('',(0.,0.,-1.));
#2011 = ORIENTED_EDGE('',*,*,#2012,.F.);
#2012 = EDGE_CURVE('',#2013,#2005,#2015,.T.);
#2013 = VERTEX_POINT('',#2014);
#2014 = CARTESIAN_POINT('',(-3.46,-1.43,-3.65));
#2015 = LINE('',#2016,#2017);
#2016 = CARTESIAN_POINT('',(-3.46,-1.43,-3.65));
#2017 = VECTOR('',#2018,1.);
#2018 = DIRECTION('',(0.,-1.,0.));
#2019 = ORIENTED_EDGE('',*,*,#2020,.F.);
#2020 = EDGE_CURVE('',#2021,#2013,#2023,.T.);
#2021 = VERTEX_POINT('',#2022);
#2022 = CARTESIAN_POINT('',(-3.46,-1.43,-1.15));
#2023 = LINE('',#2024,#2025);
#2024 = CARTESIAN_POINT('',(-3.46,-1.43,-1.15));
#2025 = VECTOR('',#2026,1.);
#2026 = DIRECTION('',(0.,0.,-1.));
#2027 = ORIENTED_EDGE('',*,*,#2028,.F.);
#2028 = EDGE_CURVE('',#2029,#2021,#2031,.T.);
#2029 = VERTEX_POINT('',#2030);
#2030 = CARTESIAN_POINT('',(-3.46,-2.63,-1.15));
#2031 = LINE('',#2032,#2033);
#2032 = CARTESIAN_POINT('',(-3.46,-2.63,-1.15));
#2033 = VECTOR('',#2034,1.);
#2034 = DIRECTION('',(0.,1.,0.));
#2035 = ORIENTED_EDGE('',*,*,#2036,.F.);
#2036 = EDGE_CURVE('',#2037,#2029,#2039,.T.);
#2037 = VERTEX_POINT('',#2038);
#2038 = CARTESIAN_POINT('',(-3.46,-2.63,4.95));
#2039 = LINE('',#2040,#2041);
#2040 = CARTESIAN_POINT('',(-3.46,-2.63,4.95));
#2041 = VECTOR('',#2042,1.);
#2042 = DIRECTION('',(0.,0.,-1.));
#2043 = ORIENTED_EDGE('',*,*,#2044,.F.);
#2044 = EDGE_CURVE('',#2045,#2037,#2047,.T.);
#2045 = VERTEX_POINT('',#2046);
#2046 = CARTESIAN_POINT('',(-3.46,-0.88,4.95));
#2047 = LINE('',#2048,#2049);
#2048 = CARTESIAN_POINT('',(-3.46,-0.88,4.95));
#2049 = VECTOR('',#2050,1.);
#2050 = DIRECTION('',(0.,-1.,0.));
#2051 = ORIENTED_EDGE('',*,*,#2052,.F.);
#2052 = EDGE_CURVE('',#2053,#2045,#2055,.T.);
#2053 = VERTEX_POINT('',#2054);
#2054 = CARTESIAN_POINT('',(-3.46,-0.88,1.95));
#2055 = LINE('',#2056,#2057);
#2056 = CARTESIAN_POINT('',(-3.46,-0.88,1.95));
#2057 = VECTOR('',#2058,1.);
#2058 = DIRECTION('',(0.,-1.445602896647E-16,1.));
#2059 = ORIENTED_EDGE('',*,*,#2060,.F.);
#2060 = EDGE_CURVE('',#2061,#2053,#2063,.T.);
#2061 = VERTEX_POINT('',#2062);
#2062 = CARTESIAN_POINT('',(-3.46,1.02,1.95));
#2063 = LINE('',#2064,#2065);
#2064 = CARTESIAN_POINT('',(-3.46,1.02,1.95));
#2065 = VECTOR('',#2066,1.);
#2066 = DIRECTION('',(0.,-1.,0.));
#2067 = ORIENTED_EDGE('',*,*,#2068,.F.);
#2068 = EDGE_CURVE('',#1894,#2061,#2069,.T.);
#2069 = LINE('',#2070,#2071);
#2070 = CARTESIAN_POINT('',(-3.46,1.02,4.95));
#2071 = VECTOR('',#2072,1.);
#2072 = DIRECTION('',(0.,0.,-1.));
#2073 = PLANE('',#2074);
#2074 = AXIS2_PLACEMENT_3D('',#2075,#2076,#2077);
#2075 = CARTESIAN_POINT('',(-3.46,0.,0.));
#2076 = DIRECTION('',(1.,0.,0.));
#2077 = DIRECTION('',(0.,0.,-1.));
#2078 = ADVANCED_FACE('',(#2079),#2105,.F.);
#2079 = FACE_BOUND('',#2080,.T.);
#2080 = EDGE_LOOP('',(#2081,#2091,#2097,#2098,#2099));
#2081 = ORIENTED_EDGE('',*,*,#2082,.T.);
#2082 = EDGE_CURVE('',#2083,#2085,#2087,.T.);
#2083 = VERTEX_POINT('',#2084);
#2084 = CARTESIAN_POINT('',(-4.85,-1.73,-4.25));
#2085 = VERTEX_POINT('',#2086);
#2086 = CARTESIAN_POINT('',(-4.06,-1.73,-4.25));
#2087 = LINE('',#2088,#2089);
#2088 = CARTESIAN_POINT('',(-4.85,-1.73,-4.25));
#2089 = VECTOR('',#2090,1.);
#2090 = DIRECTION('',(1.,4.380614838325E-16,0.));
#2091 = ORIENTED_EDGE('',*,*,#2092,.F.);
#2092 = EDGE_CURVE('',#1735,#2085,#2093,.T.);
#2093 = LINE('',#2094,#2095);
#2094 = CARTESIAN_POINT('',(-3.81,-1.73,-4.));
#2095 = VECTOR('',#2096,1.);
#2096 = DIRECTION('',(-0.707106781187,3.097562457946E-16,-0.707106781187
    ));
#2097 = ORIENTED_EDGE('',*,*,#1734,.T.);
#2098 = ORIENTED_EDGE('',*,*,#1526,.T.);
#2099 = ORIENTED_EDGE('',*,*,#2100,.F.);
#2100 = EDGE_CURVE('',#2083,#1519,#2101,.T.);
#2101 = LINE('',#2102,#2103);
#2102 = CARTESIAN_POINT('',(-4.85,-1.73,-3.95));
#2103 = VECTOR('',#2104,1.);
#2104 = DIRECTION('',(0.,0.,-1.));
#2105 = PLANE('',#2106);
#2106 = AXIS2_PLACEMENT_3D('',#2107,#2108,#2109);
#2107 = CARTESIAN_POINT('',(-3.86,-1.73,-3.95));
#2108 = DIRECTION('',(-4.380614838325E-16,-1.,0.));
#2109 = DIRECTION('',(1.,-4.380614838325E-16,0.));
#2110 = ADVANCED_FACE('',(#2111),#2154,.F.);
#2111 = FACE_BOUND('',#2112,.T.);
#2112 = EDGE_LOOP('',(#2113,#2124,#2132,#2140,#2148));
#2113 = ORIENTED_EDGE('',*,*,#2114,.T.);
#2114 = EDGE_CURVE('',#2115,#2117,#2119,.T.);
#2115 = VERTEX_POINT('',#2116);
#2116 = CARTESIAN_POINT('',(1.45,3.93,0.35));
#2117 = VERTEX_POINT('',#2118);
#2118 = CARTESIAN_POINT('',(0.764226184016,3.93,1.27));
#2119 = CIRCLE('',#2120,0.96);
#2120 = AXIS2_PLACEMENT_3D('',#2121,#2122,#2123);
#2121 = CARTESIAN_POINT('',(0.49,3.93,0.35));
#2122 = DIRECTION('',(0.,-1.,0.));
#2123 = DIRECTION('',(0.,0.,-1.));
#2124 = ORIENTED_EDGE('',*,*,#2125,.T.);
#2125 = EDGE_CURVE('',#2117,#2126,#2128,.T.);
#2126 = VERTEX_POINT('',#2127);
#2127 = CARTESIAN_POINT('',(0.45,3.93,1.27));
#2128 = LINE('',#2129,#2130);
#2129 = CARTESIAN_POINT('',(0.45,3.93,1.27));
#2130 = VECTOR('',#2131,1.);
#2131 = DIRECTION('',(-1.,0.,0.));
#2132 = ORIENTED_EDGE('',*,*,#2133,.F.);
#2133 = EDGE_CURVE('',#2134,#2126,#2136,.T.);
#2134 = VERTEX_POINT('',#2135);
#2135 = CARTESIAN_POINT('',(0.45,3.93,3.95));
#2136 = LINE('',#2137,#2138);
#2137 = CARTESIAN_POINT('',(0.45,3.93,3.95));
#2138 = VECTOR('',#2139,1.);
#2139 = DIRECTION('',(0.,0.,-1.));
#2140 = ORIENTED_EDGE('',*,*,#2141,.F.);
#2141 = EDGE_CURVE('',#2142,#2134,#2144,.T.);
#2142 = VERTEX_POINT('',#2143);
#2143 = CARTESIAN_POINT('',(1.45,3.93,3.95));
#2144 = LINE('',#2145,#2146);
#2145 = CARTESIAN_POINT('',(1.45,3.93,3.95));
#2146 = VECTOR('',#2147,1.);
#2147 = DIRECTION('',(-1.,0.,0.));
#2148 = ORIENTED_EDGE('',*,*,#2149,.F.);
#2149 = EDGE_CURVE('',#2115,#2142,#2150,.T.);
#2150 = LINE('',#2151,#2152);
#2151 = CARTESIAN_POINT('',(1.45,3.93,-3.05));
#2152 = VECTOR('',#2153,1.);
#2153 = DIRECTION('',(0.,0.,1.));
#2154 = PLANE('',#2155);
#2155 = AXIS2_PLACEMENT_3D('',#2156,#2157,#2158);
#2156 = CARTESIAN_POINT('',(0.,3.93,0.));
#2157 = DIRECTION('',(0.,-1.,0.));
#2158 = DIRECTION('',(0.,0.,-1.));
#2159 = ADVANCED_FACE('',(#2160),#2194,.T.);
#2160 = FACE_BOUND('',#2161,.T.);
#2161 = EDGE_LOOP('',(#2162,#2172,#2180,#2188));
#2162 = ORIENTED_EDGE('',*,*,#2163,.F.);
#2163 = EDGE_CURVE('',#2164,#2166,#2168,.T.);
#2164 = VERTEX_POINT('',#2165);
#2165 = CARTESIAN_POINT('',(3.86,2.93,-1.15));
#2166 = VERTEX_POINT('',#2167);
#2167 = CARTESIAN_POINT('',(3.86,1.57,-1.15));
#2168 = LINE('',#2169,#2170);
#2169 = CARTESIAN_POINT('',(3.86,1.57,-1.15));
#2170 = VECTOR('',#2171,1.);
#2171 = DIRECTION('',(0.,-1.,0.));
#2172 = ORIENTED_EDGE('',*,*,#2173,.F.);
#2173 = EDGE_CURVE('',#2174,#2164,#2176,.T.);
#2174 = VERTEX_POINT('',#2175);
#2175 = CARTESIAN_POINT('',(3.46,2.93,-1.15));
#2176 = LINE('',#2177,#2178);
#2177 = CARTESIAN_POINT('',(3.46,2.93,-1.15));
#2178 = VECTOR('',#2179,1.);
#2179 = DIRECTION('',(1.,0.,5.421010862428E-16));
#2180 = ORIENTED_EDGE('',*,*,#2181,.T.);
#2181 = EDGE_CURVE('',#2174,#2182,#2184,.T.);
#2182 = VERTEX_POINT('',#2183);
#2183 = CARTESIAN_POINT('',(3.46,1.57,-1.15));
#2184 = LINE('',#2185,#2186);
#2185 = CARTESIAN_POINT('',(3.46,1.57,-1.15));
#2186 = VECTOR('',#2187,1.);
#2187 = DIRECTION('',(0.,-1.,0.));
#2188 = ORIENTED_EDGE('',*,*,#2189,.T.);
#2189 = EDGE_CURVE('',#2182,#2166,#2190,.T.);
#2190 = LINE('',#2191,#2192);
#2191 = CARTESIAN_POINT('',(3.46,1.57,-1.15));
#2192 = VECTOR('',#2193,1.);
#2193 = DIRECTION('',(1.,0.,0.));
#2194 = PLANE('',#2195);
#2195 = AXIS2_PLACEMENT_3D('',#2196,#2197,#2198);
#2196 = CARTESIAN_POINT('',(3.46,1.57,-1.15));
#2197 = DIRECTION('',(0.,0.,1.));
#2198 = DIRECTION('',(1.,0.,-0.));
#2199 = ADVANCED_FACE('',(#2200),#2376,.T.);
#2200 = FACE_BOUND('',#2201,.T.);
#2201 = EDGE_LOOP('',(#2202,#2212,#2220,#2228,#2234,#2235,#2243,#2251,
    #2259,#2265,#2266,#2274,#2282,#2290,#2298,#2306,#2312,#2313,#2314,
    #2322,#2330,#2338,#2346,#2354,#2362,#2370));
#2202 = ORIENTED_EDGE('',*,*,#2203,.T.);
#2203 = EDGE_CURVE('',#2204,#2206,#2208,.T.);
#2204 = VERTEX_POINT('',#2205);
#2205 = CARTESIAN_POINT('',(3.86,1.02,4.95));
#2206 = VERTEX_POINT('',#2207);
#2207 = CARTESIAN_POINT('',(3.86,3.23,4.95));
#2208 = LINE('',#2209,#2210);
#2209 = CARTESIAN_POINT('',(3.86,1.02,4.95));
#2210 = VECTOR('',#2211,1.);
#2211 = DIRECTION('',(0.,1.,0.));
#2212 = ORIENTED_EDGE('',*,*,#2213,.T.);
#2213 = EDGE_CURVE('',#2206,#2214,#2216,.T.);
#2214 = VERTEX_POINT('',#2215);
#2215 = CARTESIAN_POINT('',(3.86,3.23,-2.15));
#2216 = LINE('',#2217,#2218);
#2217 = CARTESIAN_POINT('',(3.86,3.23,0.));
#2218 = VECTOR('',#2219,1.);
#2219 = DIRECTION('',(0.,0.,-1.));
#2220 = ORIENTED_EDGE('',*,*,#2221,.F.);
#2221 = EDGE_CURVE('',#2222,#2214,#2224,.T.);
#2222 = VERTEX_POINT('',#2223);
#2223 = CARTESIAN_POINT('',(3.86,2.93,-2.15));
#2224 = LINE('',#2225,#2226);
#2225 = CARTESIAN_POINT('',(3.86,2.93,-2.15));
#2226 = VECTOR('',#2227,1.);
#2227 = DIRECTION('',(0.,1.,0.));
#2228 = ORIENTED_EDGE('',*,*,#2229,.F.);
#2229 = EDGE_CURVE('',#2164,#2222,#2230,.T.);
#2230 = LINE('',#2231,#2232);
#2231 = CARTESIAN_POINT('',(3.86,2.93,-1.15));
#2232 = VECTOR('',#2233,1.);
#2233 = DIRECTION('',(0.,0.,-1.));
#2234 = ORIENTED_EDGE('',*,*,#2163,.T.);
#2235 = ORIENTED_EDGE('',*,*,#2236,.T.);
#2236 = EDGE_CURVE('',#2166,#2237,#2239,.T.);
#2237 = VERTEX_POINT('',#2238);
#2238 = CARTESIAN_POINT('',(3.86,1.57,-3.65));
#2239 = LINE('',#2240,#2241);
#2240 = CARTESIAN_POINT('',(3.86,1.57,-1.15));
#2241 = VECTOR('',#2242,1.);
#2242 = DIRECTION('',(0.,8.673617379884E-17,-1.));
#2243 = ORIENTED_EDGE('',*,*,#2244,.T.);
#2244 = EDGE_CURVE('',#2237,#2245,#2247,.T.);
#2245 = VERTEX_POINT('',#2246);
#2246 = CARTESIAN_POINT('',(3.86,2.87,-3.65));
#2247 = LINE('',#2248,#2249);
#2248 = CARTESIAN_POINT('',(3.86,1.57,-3.65));
#2249 = VECTOR('',#2250,1.);
#2250 = DIRECTION('',(0.,1.,0.));
#2251 = ORIENTED_EDGE('',*,*,#2252,.T.);
#2252 = EDGE_CURVE('',#2245,#2253,#2255,.T.);
#2253 = VERTEX_POINT('',#2254);
#2254 = CARTESIAN_POINT('',(3.86,2.87,-3.95));
#2255 = LINE('',#2256,#2257);
#2256 = CARTESIAN_POINT('',(3.86,2.87,-3.65));
#2257 = VECTOR('',#2258,1.);
#2258 = DIRECTION('',(0.,0.,-1.));
#2259 = ORIENTED_EDGE('',*,*,#2260,.T.);
#2260 = EDGE_CURVE('',#2253,#1096,#2261,.T.);
#2261 = LINE('',#2262,#2263);
#2262 = CARTESIAN_POINT('',(3.86,2.87,-3.95));
#2263 = VECTOR('',#2264,1.);
#2264 = DIRECTION('',(0.,-1.,0.));
#2265 = ORIENTED_EDGE('',*,*,#1095,.F.);
#2266 = ORIENTED_EDGE('',*,*,#2267,.T.);
#2267 = EDGE_CURVE('',#1088,#2268,#2270,.T.);
#2268 = VERTEX_POINT('',#2269);
#2269 = CARTESIAN_POINT('',(3.86,1.47,-4.05));
#2270 = LINE('',#2271,#2272);
#2271 = CARTESIAN_POINT('',(3.86,1.47,-4.05));
#2272 = VECTOR('',#2273,1.);
#2273 = DIRECTION('',(0.,-1.,0.));
#2274 = ORIENTED_EDGE('',*,*,#2275,.T.);
#2275 = EDGE_CURVE('',#2268,#2276,#2278,.T.);
#2276 = VERTEX_POINT('',#2277);
#2277 = CARTESIAN_POINT('',(3.86,1.47,-2.95));
#2278 = LINE('',#2279,#2280);
#2279 = CARTESIAN_POINT('',(3.86,1.47,-4.25));
#2280 = VECTOR('',#2281,1.);
#2281 = DIRECTION('',(0.,0.,1.));
#2282 = ORIENTED_EDGE('',*,*,#2283,.T.);
#2283 = EDGE_CURVE('',#2276,#2284,#2286,.T.);
#2284 = VERTEX_POINT('',#2285);
#2285 = CARTESIAN_POINT('',(3.86,-0.53,-2.95));
#2286 = LINE('',#2287,#2288);
#2287 = CARTESIAN_POINT('',(3.86,1.47,-2.95));
#2288 = VECTOR('',#2289,1.);
#2289 = DIRECTION('',(0.,-1.,0.));
#2290 = ORIENTED_EDGE('',*,*,#2291,.F.);
#2291 = EDGE_CURVE('',#2292,#2284,#2294,.T.);
#2292 = VERTEX_POINT('',#2293);
#2293 = CARTESIAN_POINT('',(3.86,-0.53,-4.05));
#2294 = LINE('',#2295,#2296);
#2295 = CARTESIAN_POINT('',(3.86,-0.53,-4.25));
#2296 = VECTOR('',#2297,1.);
#2297 = DIRECTION('',(0.,0.,1.));
#2298 = ORIENTED_EDGE('',*,*,#2299,.T.);
#2299 = EDGE_CURVE('',#2292,#2300,#2302,.T.);
#2300 = VERTEX_POINT('',#2301);
#2301 = CARTESIAN_POINT('',(3.86,-1.73,-4.05));
#2302 = LINE('',#2303,#2304);
#2303 = CARTESIAN_POINT('',(3.86,-1.73,-4.05));
#2304 = VECTOR('',#2305,1.);
#2305 = DIRECTION('',(0.,-1.,0.));
#2306 = ORIENTED_EDGE('',*,*,#2307,.T.);
#2307 = EDGE_CURVE('',#2300,#834,#2308,.T.);
#2308 = LINE('',#2309,#2310);
#2309 = CARTESIAN_POINT('',(3.86,-1.73,-3.95));
#2310 = VECTOR('',#2311,1.);
#2311 = DIRECTION('',(0.,0.,-1.));
#2312 = ORIENTED_EDGE('',*,*,#833,.T.);
#2313 = ORIENTED_EDGE('',*,*,#1041,.T.);
#2314 = ORIENTED_EDGE('',*,*,#2315,.T.);
#2315 = EDGE_CURVE('',#1034,#2316,#2318,.T.);
#2316 = VERTEX_POINT('',#2317);
#2317 = CARTESIAN_POINT('',(3.86,-1.43,-3.65));
#2318 = LINE('',#2319,#2320);
#2319 = CARTESIAN_POINT('',(3.86,-2.73,-3.65));
#2320 = VECTOR('',#2321,1.);
#2321 = DIRECTION('',(0.,1.,0.));
#2322 = ORIENTED_EDGE('',*,*,#2323,.T.);
#2323 = EDGE_CURVE('',#2316,#2324,#2326,.T.);
#2324 = VERTEX_POINT('',#2325);
#2325 = CARTESIAN_POINT('',(3.86,-1.43,-1.15));
#2326 = LINE('',#2327,#2328);
#2327 = CARTESIAN_POINT('',(3.86,-1.43,-3.65));
#2328 = VECTOR('',#2329,1.);
#2329 = DIRECTION('',(0.,0.,1.));
#2330 = ORIENTED_EDGE('',*,*,#2331,.T.);
#2331 = EDGE_CURVE('',#2324,#2332,#2334,.T.);
#2332 = VERTEX_POINT('',#2333);
#2333 = CARTESIAN_POINT('',(3.86,-2.63,-1.15));
#2334 = LINE('',#2335,#2336);
#2335 = CARTESIAN_POINT('',(3.86,-1.43,-1.15));
#2336 = VECTOR('',#2337,1.);
#2337 = DIRECTION('',(0.,-1.,0.));
#2338 = ORIENTED_EDGE('',*,*,#2339,.T.);
#2339 = EDGE_CURVE('',#2332,#2340,#2342,.T.);
#2340 = VERTEX_POINT('',#2341);
#2341 = CARTESIAN_POINT('',(3.86,-2.63,4.95));
#2342 = LINE('',#2343,#2344);
#2343 = CARTESIAN_POINT('',(3.86,-2.63,-1.15));
#2344 = VECTOR('',#2345,1.);
#2345 = DIRECTION('',(0.,0.,1.));
#2346 = ORIENTED_EDGE('',*,*,#2347,.T.);
#2347 = EDGE_CURVE('',#2340,#2348,#2350,.T.);
#2348 = VERTEX_POINT('',#2349);
#2349 = CARTESIAN_POINT('',(3.86,-0.88,4.95));
#2350 = LINE('',#2351,#2352);
#2351 = CARTESIAN_POINT('',(3.86,-2.63,4.95));
#2352 = VECTOR('',#2353,1.);
#2353 = DIRECTION('',(0.,1.,0.));
#2354 = ORIENTED_EDGE('',*,*,#2355,.T.);
#2355 = EDGE_CURVE('',#2348,#2356,#2358,.T.);
#2356 = VERTEX_POINT('',#2357);
#2357 = CARTESIAN_POINT('',(3.86,-0.88,1.95));
#2358 = LINE('',#2359,#2360);
#2359 = CARTESIAN_POINT('',(3.86,-0.88,4.95));
#2360 = VECTOR('',#2361,1.);
#2361 = DIRECTION('',(0.,1.445602896647E-16,-1.));
#2362 = ORIENTED_EDGE('',*,*,#2363,.T.);
#2363 = EDGE_CURVE('',#2356,#2364,#2366,.T.);
#2364 = VERTEX_POINT('',#2365);
#2365 = CARTESIAN_POINT('',(3.86,1.02,1.95));
#2366 = LINE('',#2367,#2368);
#2367 = CARTESIAN_POINT('',(3.86,-0.88,1.95));
#2368 = VECTOR('',#2369,1.);
#2369 = DIRECTION('',(0.,1.,0.));
#2370 = ORIENTED_EDGE('',*,*,#2371,.T.);
#2371 = EDGE_CURVE('',#2364,#2204,#2372,.T.);
#2372 = LINE('',#2373,#2374);
#2373 = CARTESIAN_POINT('',(3.86,1.02,1.95));
#2374 = VECTOR('',#2375,1.);
#2375 = DIRECTION('',(0.,0.,1.));
#2376 = PLANE('',#2377);
#2377 = AXIS2_PLACEMENT_3D('',#2378,#2379,#2380);
#2378 = CARTESIAN_POINT('',(3.86,0.,0.));
#2379 = DIRECTION('',(-1.,0.,0.));
#2380 = DIRECTION('',(0.,0.,1.));
#2381 = ADVANCED_FACE('',(#2382),#2549,.F.);
#2382 = FACE_BOUND('',#2383,.T.);
#2383 = EDGE_LOOP('',(#2384,#2394,#2402,#2410,#2418,#2426,#2434,#2442,
    #2450,#2458,#2466,#2472,#2473,#2481,#2489,#2497,#2505,#2511,#2512,
    #2520,#2528,#2536,#2542,#2543));
#2384 = ORIENTED_EDGE('',*,*,#2385,.T.);
#2385 = EDGE_CURVE('',#2386,#2388,#2390,.T.);
#2386 = VERTEX_POINT('',#2387);
#2387 = CARTESIAN_POINT('',(3.46,2.93,-2.15));
#2388 = VERTEX_POINT('',#2389);
#2389 = CARTESIAN_POINT('',(3.46,3.23,-2.15));
#2390 = LINE('',#2391,#2392);
#2391 = CARTESIAN_POINT('',(3.46,2.93,-2.15));
#2392 = VECTOR('',#2393,1.);
#2393 = DIRECTION('',(0.,1.,0.));
#2394 = ORIENTED_EDGE('',*,*,#2395,.T.);
#2395 = EDGE_CURVE('',#2388,#2396,#2398,.T.);
#2396 = VERTEX_POINT('',#2397);
#2397 = CARTESIAN_POINT('',(3.46,3.23,4.95));
#2398 = LINE('',#2399,#2400);
#2399 = CARTESIAN_POINT('',(3.46,3.23,4.95));
#2400 = VECTOR('',#2401,1.);
#2401 = DIRECTION('',(0.,0.,1.));
#2402 = ORIENTED_EDGE('',*,*,#2403,.F.);
#2403 = EDGE_CURVE('',#2404,#2396,#2406,.T.);
#2404 = VERTEX_POINT('',#2405);
#2405 = CARTESIAN_POINT('',(3.46,1.02,4.95));
#2406 = LINE('',#2407,#2408);
#2407 = CARTESIAN_POINT('',(3.46,1.02,4.95));
#2408 = VECTOR('',#2409,1.);
#2409 = DIRECTION('',(0.,1.,0.));
#2410 = ORIENTED_EDGE('',*,*,#2411,.F.);
#2411 = EDGE_CURVE('',#2412,#2404,#2414,.T.);
#2412 = VERTEX_POINT('',#2413);
#2413 = CARTESIAN_POINT('',(3.46,1.02,1.95));
#2414 = LINE('',#2415,#2416);
#2415 = CARTESIAN_POINT('',(3.46,1.02,1.95));
#2416 = VECTOR('',#2417,1.);
#2417 = DIRECTION('',(0.,0.,1.));
#2418 = ORIENTED_EDGE('',*,*,#2419,.F.);
#2419 = EDGE_CURVE('',#2420,#2412,#2422,.T.);
#2420 = VERTEX_POINT('',#2421);
#2421 = CARTESIAN_POINT('',(3.46,-0.88,1.95));
#2422 = LINE('',#2423,#2424);
#2423 = CARTESIAN_POINT('',(3.46,-0.88,1.95));
#2424 = VECTOR('',#2425,1.);
#2425 = DIRECTION('',(0.,1.,0.));
#2426 = ORIENTED_EDGE('',*,*,#2427,.F.);
#2427 = EDGE_CURVE('',#2428,#2420,#2430,.T.);
#2428 = VERTEX_POINT('',#2429);
#2429 = CARTESIAN_POINT('',(3.46,-0.88,4.95));
#2430 = LINE('',#2431,#2432);
#2431 = CARTESIAN_POINT('',(3.46,-0.88,4.95));
#2432 = VECTOR('',#2433,1.);
#2433 = DIRECTION('',(0.,1.445602896647E-16,-1.));
#2434 = ORIENTED_EDGE('',*,*,#2435,.F.);
#2435 = EDGE_CURVE('',#2436,#2428,#2438,.T.);
#2436 = VERTEX_POINT('',#2437);
#2437 = CARTESIAN_POINT('',(3.46,-2.63,4.95));
#2438 = LINE('',#2439,#2440);
#2439 = CARTESIAN_POINT('',(3.46,-2.63,4.95));
#2440 = VECTOR('',#2441,1.);
#2441 = DIRECTION('',(0.,1.,0.));
#2442 = ORIENTED_EDGE('',*,*,#2443,.F.);
#2443 = EDGE_CURVE('',#2444,#2436,#2446,.T.);
#2444 = VERTEX_POINT('',#2445);
#2445 = CARTESIAN_POINT('',(3.46,-2.63,-1.15));
#2446 = LINE('',#2447,#2448);
#2447 = CARTESIAN_POINT('',(3.46,-2.63,-1.15));
#2448 = VECTOR('',#2449,1.);
#2449 = DIRECTION('',(0.,0.,1.));
#2450 = ORIENTED_EDGE('',*,*,#2451,.F.);
#2451 = EDGE_CURVE('',#2452,#2444,#2454,.T.);
#2452 = VERTEX_POINT('',#2453);
#2453 = CARTESIAN_POINT('',(3.46,-1.43,-1.15));
#2454 = LINE('',#2455,#2456);
#2455 = CARTESIAN_POINT('',(3.46,-1.43,-1.15));
#2456 = VECTOR('',#2457,1.);
#2457 = DIRECTION('',(0.,-1.,0.));
#2458 = ORIENTED_EDGE('',*,*,#2459,.F.);
#2459 = EDGE_CURVE('',#2460,#2452,#2462,.T.);
#2460 = VERTEX_POINT('',#2461);
#2461 = CARTESIAN_POINT('',(3.46,-1.43,-3.65));
#2462 = LINE('',#2463,#2464);
#2463 = CARTESIAN_POINT('',(3.46,-1.43,-3.65));
#2464 = VECTOR('',#2465,1.);
#2465 = DIRECTION('',(0.,0.,1.));
#2466 = ORIENTED_EDGE('',*,*,#2467,.F.);
#2467 = EDGE_CURVE('',#1026,#2460,#2468,.T.);
#2468 = LINE('',#2469,#2470);
#2469 = CARTESIAN_POINT('',(3.46,-2.73,-3.65));
#2470 = VECTOR('',#2471,1.);
#2471 = DIRECTION('',(0.,1.,0.));
#2472 = ORIENTED_EDGE('',*,*,#1025,.F.);
#2473 = ORIENTED_EDGE('',*,*,#2474,.T.);
#2474 = EDGE_CURVE('',#1018,#2475,#2477,.T.);
#2475 = VERTEX_POINT('',#2476);
#2476 = CARTESIAN_POINT('',(3.46,-0.58,-3.75));
#2477 = LINE('',#2478,#2479);
#2478 = CARTESIAN_POINT('',(3.46,-0.58,-3.75));
#2479 = VECTOR('',#2480,1.);
#2480 = DIRECTION('',(0.,1.,0.));
#2481 = ORIENTED_EDGE('',*,*,#2482,.F.);
#2482 = EDGE_CURVE('',#2483,#2475,#2485,.T.);
#2483 = VERTEX_POINT('',#2484);
#2484 = CARTESIAN_POINT('',(3.46,-0.58,-2.95));
#2485 = LINE('',#2486,#2487);
#2486 = CARTESIAN_POINT('',(3.46,-0.58,-2.95));
#2487 = VECTOR('',#2488,1.);
#2488 = DIRECTION('',(0.,0.,-1.));
#2489 = ORIENTED_EDGE('',*,*,#2490,.T.);
#2490 = EDGE_CURVE('',#2483,#2491,#2493,.T.);
#2491 = VERTEX_POINT('',#2492);
#2492 = CARTESIAN_POINT('',(3.46,0.97,-2.95));
#2493 = LINE('',#2494,#2495);
#2494 = CARTESIAN_POINT('',(3.46,0.97,-2.95));
#2495 = VECTOR('',#2496,1.);
#2496 = DIRECTION('',(0.,1.,0.));
#2497 = ORIENTED_EDGE('',*,*,#2498,.T.);
#2498 = EDGE_CURVE('',#2491,#2499,#2501,.T.);
#2499 = VERTEX_POINT('',#2500);
#2500 = CARTESIAN_POINT('',(3.46,0.97,-3.75));
#2501 = LINE('',#2502,#2503);
#2502 = CARTESIAN_POINT('',(3.46,0.97,-2.95));
#2503 = VECTOR('',#2504,1.);
#2504 = DIRECTION('',(0.,0.,-1.));
#2505 = ORIENTED_EDGE('',*,*,#2506,.T.);
#2506 = EDGE_CURVE('',#2499,#1112,#2507,.T.);
#2507 = LINE('',#2508,#2509);
#2508 = CARTESIAN_POINT('',(3.46,2.73,-3.75));
#2509 = VECTOR('',#2510,1.);
#2510 = DIRECTION('',(0.,1.,0.));
#2511 = ORIENTED_EDGE('',*,*,#1111,.T.);
#2512 = ORIENTED_EDGE('',*,*,#2513,.F.);
#2513 = EDGE_CURVE('',#2514,#1104,#2516,.T.);
#2514 = VERTEX_POINT('',#2515);
#2515 = CARTESIAN_POINT('',(3.46,2.87,-3.95));
#2516 = LINE('',#2517,#2518);
#2517 = CARTESIAN_POINT('',(3.46,2.87,-3.95));
#2518 = VECTOR('',#2519,1.);
#2519 = DIRECTION('',(0.,-1.,0.));
#2520 = ORIENTED_EDGE('',*,*,#2521,.F.);
#2521 = EDGE_CURVE('',#2522,#2514,#2524,.T.);
#2522 = VERTEX_POINT('',#2523);
#2523 = CARTESIAN_POINT('',(3.46,2.87,-3.65));
#2524 = LINE('',#2525,#2526);
#2525 = CARTESIAN_POINT('',(3.46,2.87,-3.65));
#2526 = VECTOR('',#2527,1.);
#2527 = DIRECTION('',(0.,0.,-1.));
#2528 = ORIENTED_EDGE('',*,*,#2529,.F.);
#2529 = EDGE_CURVE('',#2530,#2522,#2532,.T.);
#2530 = VERTEX_POINT('',#2531);
#2531 = CARTESIAN_POINT('',(3.46,1.57,-3.65));
#2532 = LINE('',#2533,#2534);
#2533 = CARTESIAN_POINT('',(3.46,1.57,-3.65));
#2534 = VECTOR('',#2535,1.);
#2535 = DIRECTION('',(0.,1.,0.));
#2536 = ORIENTED_EDGE('',*,*,#2537,.F.);
#2537 = EDGE_CURVE('',#2182,#2530,#2538,.T.);
#2538 = LINE('',#2539,#2540);
#2539 = CARTESIAN_POINT('',(3.46,1.57,-1.15));
#2540 = VECTOR('',#2541,1.);
#2541 = DIRECTION('',(0.,8.673617379884E-17,-1.));
#2542 = ORIENTED_EDGE('',*,*,#2181,.F.);
#2543 = ORIENTED_EDGE('',*,*,#2544,.F.);
#2544 = EDGE_CURVE('',#2386,#2174,#2545,.T.);
#2545 = LINE('',#2546,#2547);
#2546 = CARTESIAN_POINT('',(3.46,2.93,-2.15));
#2547 = VECTOR('',#2548,1.);
#2548 = DIRECTION('',(0.,0.,1.));
#2549 = PLANE('',#2550);
#2550 = AXIS2_PLACEMENT_3D('',#2551,#2552,#2553);
#2551 = CARTESIAN_POINT('',(3.46,0.,0.));
#2552 = DIRECTION('',(-1.,0.,0.));
#2553 = DIRECTION('',(0.,0.,1.));
#2554 = ADVANCED_FACE('',(#2555),#2581,.F.);
#2555 = FACE_BOUND('',#2556,.T.);
#2556 = EDGE_LOOP('',(#2557,#2558,#2566,#2574,#2580));
#2557 = ORIENTED_EDGE('',*,*,#2307,.F.);
#2558 = ORIENTED_EDGE('',*,*,#2559,.T.);
#2559 = EDGE_CURVE('',#2300,#2560,#2562,.T.);
#2560 = VERTEX_POINT('',#2561);
#2561 = CARTESIAN_POINT('',(4.06,-1.73,-4.25));
#2562 = LINE('',#2563,#2564);
#2563 = CARTESIAN_POINT('',(4.305,-1.73,-4.495));
#2564 = VECTOR('',#2565,1.);
#2565 = DIRECTION('',(0.707106781187,3.097562457946E-16,-0.707106781187)
  );
#2566 = ORIENTED_EDGE('',*,*,#2567,.T.);
#2567 = EDGE_CURVE('',#2560,#2568,#2570,.T.);
#2568 = VERTEX_POINT('',#2569);
#2569 = CARTESIAN_POINT('',(4.85,-1.73,-4.25));
#2570 = LINE('',#2571,#2572);
#2571 = CARTESIAN_POINT('',(3.86,-1.73,-4.25));
#2572 = VECTOR('',#2573,1.);
#2573 = DIRECTION('',(1.,-4.380614838325E-16,0.));
#2574 = ORIENTED_EDGE('',*,*,#2575,.T.);
#2575 = EDGE_CURVE('',#2568,#842,#2576,.T.);
#2576 = LINE('',#2577,#2578);
#2577 = CARTESIAN_POINT('',(4.85,-1.73,-3.95));
#2578 = VECTOR('',#2579,1.);
#2579 = DIRECTION('',(0.,0.,-1.));
#2580 = ORIENTED_EDGE('',*,*,#841,.T.);
#2581 = PLANE('',#2582);
#2582 = AXIS2_PLACEMENT_3D('',#2583,#2584,#2585);
#2583 = CARTESIAN_POINT('',(4.85,-1.73,-3.95));
#2584 = DIRECTION('',(4.380614838325E-16,-1.,0.));
#2585 = DIRECTION('',(1.,4.380614838325E-16,0.));
#2586 = ADVANCED_FACE('',(#2587),#2653,.T.);
#2587 = FACE_BOUND('',#2588,.T.);
#2588 = EDGE_LOOP('',(#2589,#2599,#2607,#2615,#2623,#2631,#2639,#2647));
#2589 = ORIENTED_EDGE('',*,*,#2590,.T.);
#2590 = EDGE_CURVE('',#2591,#2593,#2595,.T.);
#2591 = VERTEX_POINT('',#2592);
#2592 = CARTESIAN_POINT('',(-3.15,3.13,-4.95));
#2593 = VERTEX_POINT('',#2594);
#2594 = CARTESIAN_POINT('',(-2.12,3.13,-4.95));
#2595 = LINE('',#2596,#2597);
#2596 = CARTESIAN_POINT('',(-3.15,3.13,-4.95));
#2597 = VECTOR('',#2598,1.);
#2598 = DIRECTION('',(1.,0.,0.));
#2599 = ORIENTED_EDGE('',*,*,#2600,.F.);
#2600 = EDGE_CURVE('',#2601,#2593,#2603,.T.);
#2601 = VERTEX_POINT('',#2602);
#2602 = CARTESIAN_POINT('',(-2.12,2.73,-4.95));
#2603 = LINE('',#2604,#2605);
#2604 = CARTESIAN_POINT('',(-2.12,2.73,-4.95));
#2605 = VECTOR('',#2606,1.);
#2606 = DIRECTION('',(0.,1.,0.));
#2607 = ORIENTED_EDGE('',*,*,#2608,.F.);
#2608 = EDGE_CURVE('',#2609,#2601,#2611,.T.);
#2609 = VERTEX_POINT('',#2610);
#2610 = CARTESIAN_POINT('',(-4.85,2.73,-4.95));
#2611 = LINE('',#2612,#2613);
#2612 = CARTESIAN_POINT('',(-4.85,2.73,-4.95));
#2613 = VECTOR('',#2614,1.);
#2614 = DIRECTION('',(1.,-1.788374717502E-16,0.));
#2615 = ORIENTED_EDGE('',*,*,#2616,.F.);
#2616 = EDGE_CURVE('',#2617,#2609,#2619,.T.);
#2617 = VERTEX_POINT('',#2618);
#2618 = CARTESIAN_POINT('',(-4.85,3.93,-4.95));
#2619 = LINE('',#2620,#2621);
#2620 = CARTESIAN_POINT('',(-4.85,3.43,-4.95));
#2621 = VECTOR('',#2622,1.);
#2622 = DIRECTION('',(0.,-1.,0.));
#2623 = ORIENTED_EDGE('',*,*,#2624,.T.);
#2624 = EDGE_CURVE('',#2617,#2625,#2627,.T.);
#2625 = VERTEX_POINT('',#2626);
#2626 = CARTESIAN_POINT('',(-3.95,3.93,-4.95));
#2627 = LINE('',#2628,#2629);
#2628 = CARTESIAN_POINT('',(-4.85,3.93,-4.95));
#2629 = VECTOR('',#2630,1.);
#2630 = DIRECTION('',(1.,0.,0.));
#2631 = ORIENTED_EDGE('',*,*,#2632,.T.);
#2632 = EDGE_CURVE('',#2625,#2633,#2635,.T.);
#2633 = VERTEX_POINT('',#2634);
#2634 = CARTESIAN_POINT('',(-3.95,3.43,-4.95));
#2635 = LINE('',#2636,#2637);
#2636 = CARTESIAN_POINT('',(-3.95,3.93,-4.95));
#2637 = VECTOR('',#2638,1.);
#2638 = DIRECTION('',(0.,-1.,0.));
#2639 = ORIENTED_EDGE('',*,*,#2640,.F.);
#2640 = EDGE_CURVE('',#2641,#2633,#2643,.T.);
#2641 = VERTEX_POINT('',#2642);
#2642 = CARTESIAN_POINT('',(-3.15,3.43,-4.95));
#2643 = LINE('',#2644,#2645);
#2644 = CARTESIAN_POINT('',(4.85,3.43,-4.95));
#2645 = VECTOR('',#2646,1.);
#2646 = DIRECTION('',(-1.,0.,0.));
#2647 = ORIENTED_EDGE('',*,*,#2648,.F.);
#2648 = EDGE_CURVE('',#2591,#2641,#2649,.T.);
#2649 = LINE('',#2650,#2651);
#2650 = CARTESIAN_POINT('',(-3.15,3.13,-4.95));
#2651 = VECTOR('',#2652,1.);
#2652 = DIRECTION('',(0.,1.,0.));
#2653 = PLANE('',#2654);
#2654 = AXIS2_PLACEMENT_3D('',#2655,#2656,#2657);
#2655 = CARTESIAN_POINT('',(4.85,3.43,-4.95));
#2656 = DIRECTION('',(0.,0.,-1.));
#2657 = DIRECTION('',(-1.,0.,0.));
#2658 = ADVANCED_FACE('',(#2659),#2867,.T.);
#2659 = FACE_BOUND('',#2660,.T.);
#2660 = EDGE_LOOP('',(#2661,#2671,#2679,#2687,#2695,#2703,#2709,#2710,
    #2718,#2726,#2734,#2742,#2750,#2758,#2766,#2774,#2782,#2790,#2796,
    #2797,#2805,#2813,#2821,#2829,#2837,#2845,#2853,#2861));
#2661 = ORIENTED_EDGE('',*,*,#2662,.T.);
#2662 = EDGE_CURVE('',#2663,#2665,#2667,.T.);
#2663 = VERTEX_POINT('',#2664);
#2664 = CARTESIAN_POINT('',(3.26,3.43,-2.35));
#2665 = VERTEX_POINT('',#2666);
#2666 = CARTESIAN_POINT('',(4.06,3.43,-2.35));
#2667 = LINE('',#2668,#2669);
#2668 = CARTESIAN_POINT('',(3.86,3.43,-2.35));
#2669 = VECTOR('',#2670,1.);
#2670 = DIRECTION('',(1.,0.,0.));
#2671 = ORIENTED_EDGE('',*,*,#2672,.T.);
#2672 = EDGE_CURVE('',#2665,#2673,#2675,.T.);
#2673 = VERTEX_POINT('',#2674);
#2674 = CARTESIAN_POINT('',(4.06,3.43,4.95));
#2675 = LINE('',#2676,#2677);
#2676 = CARTESIAN_POINT('',(4.06,3.43,4.95));
#2677 = VECTOR('',#2678,1.);
#2678 = DIRECTION('',(0.,0.,1.));
#2679 = ORIENTED_EDGE('',*,*,#2680,.F.);
#2680 = EDGE_CURVE('',#2681,#2673,#2683,.T.);
#2681 = VERTEX_POINT('',#2682);
#2682 = CARTESIAN_POINT('',(4.85,3.43,4.95));
#2683 = LINE('',#2684,#2685);
#2684 = CARTESIAN_POINT('',(4.85,3.43,4.95));
#2685 = VECTOR('',#2686,1.);
#2686 = DIRECTION('',(-1.,0.,0.));
#2687 = ORIENTED_EDGE('',*,*,#2688,.T.);
#2688 = EDGE_CURVE('',#2681,#2689,#2691,.T.);
#2689 = VERTEX_POINT('',#2690);
#2690 = CARTESIAN_POINT('',(4.85,3.43,-3.05));
#2691 = LINE('',#2692,#2693);
#2692 = CARTESIAN_POINT('',(4.85,3.43,4.95));
#2693 = VECTOR('',#2694,1.);
#2694 = DIRECTION('',(0.,0.,-1.));
#2695 = ORIENTED_EDGE('',*,*,#2696,.T.);
#2696 = EDGE_CURVE('',#2689,#2697,#2699,.T.);
#2697 = VERTEX_POINT('',#2698);
#2698 = CARTESIAN_POINT('',(3.95,3.43,-3.05));
#2699 = LINE('',#2700,#2701);
#2700 = CARTESIAN_POINT('',(4.85,3.43,-3.05));
#2701 = VECTOR('',#2702,1.);
#2702 = DIRECTION('',(-1.,0.,0.));
#2703 = ORIENTED_EDGE('',*,*,#2704,.T.);
#2704 = EDGE_CURVE('',#2697,#970,#2705,.T.);
#2705 = LINE('',#2706,#2707);
#2706 = CARTESIAN_POINT('',(3.95,3.43,-3.05));
#2707 = VECTOR('',#2708,1.);
#2708 = DIRECTION('',(9.130123557773E-16,0.,-1.));
#2709 = ORIENTED_EDGE('',*,*,#969,.T.);
#2710 = ORIENTED_EDGE('',*,*,#2711,.T.);
#2711 = EDGE_CURVE('',#962,#2712,#2714,.T.);
#2712 = VERTEX_POINT('',#2713);
#2713 = CARTESIAN_POINT('',(3.15,3.43,-3.05));
#2714 = LINE('',#2715,#2716);
#2715 = CARTESIAN_POINT('',(3.15,3.43,-4.95));
#2716 = VECTOR('',#2717,1.);
#2717 = DIRECTION('',(0.,0.,1.));
#2718 = ORIENTED_EDGE('',*,*,#2719,.T.);
#2719 = EDGE_CURVE('',#2712,#2720,#2722,.T.);
#2720 = VERTEX_POINT('',#2721);
#2721 = CARTESIAN_POINT('',(1.45,3.43,-3.05));
#2722 = LINE('',#2723,#2724);
#2723 = CARTESIAN_POINT('',(3.15,3.43,-3.05));
#2724 = VECTOR('',#2725,1.);
#2725 = DIRECTION('',(-1.,0.,0.));
#2726 = ORIENTED_EDGE('',*,*,#2727,.T.);
#2727 = EDGE_CURVE('',#2720,#2728,#2730,.T.);
#2728 = VERTEX_POINT('',#2729);
#2729 = CARTESIAN_POINT('',(1.45,3.43,3.95));
#2730 = LINE('',#2731,#2732);
#2731 = CARTESIAN_POINT('',(1.45,3.43,-3.05));
#2732 = VECTOR('',#2733,1.);
#2733 = DIRECTION('',(0.,0.,1.));
#2734 = ORIENTED_EDGE('',*,*,#2735,.T.);
#2735 = EDGE_CURVE('',#2728,#2736,#2738,.T.);
#2736 = VERTEX_POINT('',#2737);
#2737 = CARTESIAN_POINT('',(0.45,3.43,3.95));
#2738 = LINE('',#2739,#2740);
#2739 = CARTESIAN_POINT('',(1.45,3.43,3.95));
#2740 = VECTOR('',#2741,1.);
#2741 = DIRECTION('',(-1.,0.,0.));
#2742 = ORIENTED_EDGE('',*,*,#2743,.T.);
#2743 = EDGE_CURVE('',#2736,#2744,#2746,.T.);
#2744 = VERTEX_POINT('',#2745);
#2745 = CARTESIAN_POINT('',(0.45,3.43,-3.05));
#2746 = LINE('',#2747,#2748);
#2747 = CARTESIAN_POINT('',(0.45,3.43,3.95));
#2748 = VECTOR('',#2749,1.);
#2749 = DIRECTION('',(0.,0.,-1.));
#2750 = ORIENTED_EDGE('',*,*,#2751,.T.);
#2751 = EDGE_CURVE('',#2744,#2752,#2754,.T.);
#2752 = VERTEX_POINT('',#2753);
#2753 = CARTESIAN_POINT('',(-0.45,3.43,-3.05));
#2754 = LINE('',#2755,#2756);
#2755 = CARTESIAN_POINT('',(3.15,3.43,-3.05));
#2756 = VECTOR('',#2757,1.);
#2757 = DIRECTION('',(-1.,0.,0.));
#2758 = ORIENTED_EDGE('',*,*,#2759,.T.);
#2759 = EDGE_CURVE('',#2752,#2760,#2762,.T.);
#2760 = VERTEX_POINT('',#2761);
#2761 = CARTESIAN_POINT('',(-0.45,3.43,3.95));
#2762 = LINE('',#2763,#2764);
#2763 = CARTESIAN_POINT('',(-0.45,3.43,-3.05));
#2764 = VECTOR('',#2765,1.);
#2765 = DIRECTION('',(0.,0.,1.));
#2766 = ORIENTED_EDGE('',*,*,#2767,.T.);
#2767 = EDGE_CURVE('',#2760,#2768,#2770,.T.);
#2768 = VERTEX_POINT('',#2769);
#2769 = CARTESIAN_POINT('',(-1.45,3.43,3.95));
#2770 = LINE('',#2771,#2772);
#2771 = CARTESIAN_POINT('',(-0.45,3.43,3.95));
#2772 = VECTOR('',#2773,1.);
#2773 = DIRECTION('',(-1.,0.,0.));
#2774 = ORIENTED_EDGE('',*,*,#2775,.T.);
#2775 = EDGE_CURVE('',#2768,#2776,#2778,.T.);
#2776 = VERTEX_POINT('',#2777);
#2777 = CARTESIAN_POINT('',(-1.45,3.43,-3.05));
#2778 = LINE('',#2779,#2780);
#2779 = CARTESIAN_POINT('',(-1.45,3.43,3.95));
#2780 = VECTOR('',#2781,1.);
#2781 = DIRECTION('',(0.,0.,-1.));
#2782 = ORIENTED_EDGE('',*,*,#2783,.T.);
#2783 = EDGE_CURVE('',#2776,#2784,#2786,.T.);
#2784 = VERTEX_POINT('',#2785);
#2785 = CARTESIAN_POINT('',(-3.15,3.43,-3.05));
#2786 = LINE('',#2787,#2788);
#2787 = CARTESIAN_POINT('',(3.15,3.43,-3.05));
#2788 = VECTOR('',#2789,1.);
#2789 = DIRECTION('',(-1.,0.,0.));
#2790 = ORIENTED_EDGE('',*,*,#2791,.T.);
#2791 = EDGE_CURVE('',#2784,#2641,#2792,.T.);
#2792 = LINE('',#2793,#2794);
#2793 = CARTESIAN_POINT('',(-3.15,3.43,-3.05));
#2794 = VECTOR('',#2795,1.);
#2795 = DIRECTION('',(0.,0.,-1.));
#2796 = ORIENTED_EDGE('',*,*,#2640,.T.);
#2797 = ORIENTED_EDGE('',*,*,#2798,.T.);
#2798 = EDGE_CURVE('',#2633,#2799,#2801,.T.);
#2799 = VERTEX_POINT('',#2800);
#2800 = CARTESIAN_POINT('',(-3.95,3.43,-3.05));
#2801 = LINE('',#2802,#2803);
#2802 = CARTESIAN_POINT('',(-3.95,3.43,-4.95));
#2803 = VECTOR('',#2804,1.);
#2804 = DIRECTION('',(9.130123557773E-16,0.,1.));
#2805 = ORIENTED_EDGE('',*,*,#2806,.T.);
#2806 = EDGE_CURVE('',#2799,#2807,#2809,.T.);
#2807 = VERTEX_POINT('',#2808);
#2808 = CARTESIAN_POINT('',(-4.85,3.43,-3.05));
#2809 = LINE('',#2810,#2811);
#2810 = CARTESIAN_POINT('',(-3.95,3.43,-3.05));
#2811 = VECTOR('',#2812,1.);
#2812 = DIRECTION('',(-1.,0.,0.));
#2813 = ORIENTED_EDGE('',*,*,#2814,.F.);
#2814 = EDGE_CURVE('',#2815,#2807,#2817,.T.);
#2815 = VERTEX_POINT('',#2816);
#2816 = CARTESIAN_POINT('',(-4.85,3.43,4.95));
#2817 = LINE('',#2818,#2819);
#2818 = CARTESIAN_POINT('',(-4.85,3.43,4.95));
#2819 = VECTOR('',#2820,1.);
#2820 = DIRECTION('',(0.,0.,-1.));
#2821 = ORIENTED_EDGE('',*,*,#2822,.F.);
#2822 = EDGE_CURVE('',#2823,#2815,#2825,.T.);
#2823 = VERTEX_POINT('',#2824);
#2824 = CARTESIAN_POINT('',(-4.06,3.43,4.95));
#2825 = LINE('',#2826,#2827);
#2826 = CARTESIAN_POINT('',(4.85,3.43,4.95));
#2827 = VECTOR('',#2828,1.);
#2828 = DIRECTION('',(-1.,0.,0.));
#2829 = ORIENTED_EDGE('',*,*,#2830,.T.);
#2830 = EDGE_CURVE('',#2823,#2831,#2833,.T.);
#2831 = VERTEX_POINT('',#2832);
#2832 = CARTESIAN_POINT('',(-4.06,3.43,-2.35));
#2833 = LINE('',#2834,#2835);
#2834 = CARTESIAN_POINT('',(-4.06,3.43,-2.15));
#2835 = VECTOR('',#2836,1.);
#2836 = DIRECTION('',(0.,0.,-1.));
#2837 = ORIENTED_EDGE('',*,*,#2838,.T.);
#2838 = EDGE_CURVE('',#2831,#2839,#2841,.T.);
#2839 = VERTEX_POINT('',#2840);
#2840 = CARTESIAN_POINT('',(-3.26,3.43,-2.35));
#2841 = LINE('',#2842,#2843);
#2842 = CARTESIAN_POINT('',(-3.46,3.43,-2.35));
#2843 = VECTOR('',#2844,1.);
#2844 = DIRECTION('',(1.,0.,0.));
#2845 = ORIENTED_EDGE('',*,*,#2846,.T.);
#2846 = EDGE_CURVE('',#2839,#2847,#2849,.T.);
#2847 = VERTEX_POINT('',#2848);
#2848 = CARTESIAN_POINT('',(-3.26,3.43,4.95));
#2849 = LINE('',#2850,#2851);
#2850 = CARTESIAN_POINT('',(-3.26,3.43,4.95));
#2851 = VECTOR('',#2852,1.);
#2852 = DIRECTION('',(0.,0.,1.));
#2853 = ORIENTED_EDGE('',*,*,#2854,.F.);
#2854 = EDGE_CURVE('',#2855,#2847,#2857,.T.);
#2855 = VERTEX_POINT('',#2856);
#2856 = CARTESIAN_POINT('',(3.26,3.43,4.95));
#2857 = LINE('',#2858,#2859);
#2858 = CARTESIAN_POINT('',(4.85,3.43,4.95));
#2859 = VECTOR('',#2860,1.);
#2860 = DIRECTION('',(-1.,0.,0.));
#2861 = ORIENTED_EDGE('',*,*,#2862,.T.);
#2862 = EDGE_CURVE('',#2855,#2663,#2863,.T.);
#2863 = LINE('',#2864,#2865);
#2864 = CARTESIAN_POINT('',(3.26,3.43,-2.15));
#2865 = VECTOR('',#2866,1.);
#2866 = DIRECTION('',(0.,0.,-1.));
#2867 = PLANE('',#2868);
#2868 = AXIS2_PLACEMENT_3D('',#2869,#2870,#2871);
#2869 = CARTESIAN_POINT('',(4.85,3.43,4.95));
#2870 = DIRECTION('',(0.,1.,0.));
#2871 = DIRECTION('',(0.,-0.,1.));
#2872 = ADVANCED_FACE('',(#2873,#2915,#2957,#2999,#3041,#3057,#3115),
  #3131,.T.);
#2873 = FACE_BOUND('',#2874,.T.);
#2874 = EDGE_LOOP('',(#2875,#2885,#2893,#2901,#2909));
#2875 = ORIENTED_EDGE('',*,*,#2876,.F.);
#2876 = EDGE_CURVE('',#2877,#2879,#2881,.T.);
#2877 = VERTEX_POINT('',#2878);
#2878 = CARTESIAN_POINT('',(2.8,-0.2,4.95));
#2879 = VERTEX_POINT('',#2880);
#2880 = CARTESIAN_POINT('',(0.9,-0.2,4.95));
#2881 = LINE('',#2882,#2883);
#2882 = CARTESIAN_POINT('',(2.8,-0.2,4.95));
#2883 = VECTOR('',#2884,1.);
#2884 = DIRECTION('',(-1.,0.,0.));
#2885 = ORIENTED_EDGE('',*,*,#2886,.F.);
#2886 = EDGE_CURVE('',#2887,#2877,#2889,.T.);
#2887 = VERTEX_POINT('',#2888);
#2888 = CARTESIAN_POINT('',(2.8,-2.8,4.95));
#2889 = LINE('',#2890,#2891);
#2890 = CARTESIAN_POINT('',(2.8,-2.8,4.95));
#2891 = VECTOR('',#2892,1.);
#2892 = DIRECTION('',(0.,1.,0.));
#2893 = ORIENTED_EDGE('',*,*,#2894,.F.);
#2894 = EDGE_CURVE('',#2895,#2887,#2897,.T.);
#2895 = VERTEX_POINT('',#2896);
#2896 = CARTESIAN_POINT('',(0.2,-2.8,4.95));
#2897 = LINE('',#2898,#2899);
#2898 = CARTESIAN_POINT('',(0.2,-2.8,4.95));
#2899 = VECTOR('',#2900,1.);
#2900 = DIRECTION('',(1.,0.,0.));
#2901 = ORIENTED_EDGE('',*,*,#2902,.F.);
#2902 = EDGE_CURVE('',#2903,#2895,#2905,.T.);
#2903 = VERTEX_POINT('',#2904);
#2904 = CARTESIAN_POINT('',(0.2,-0.9,4.95));
#2905 = LINE('',#2906,#2907);
#2906 = CARTESIAN_POINT('',(0.2,-0.2,4.95));
#2907 = VECTOR('',#2908,1.);
#2908 = DIRECTION('',(6.672013369142E-16,-1.,0.));
#2909 = ORIENTED_EDGE('',*,*,#2910,.F.);
#2910 = EDGE_CURVE('',#2879,#2903,#2911,.T.);
#2911 = LINE('',#2912,#2913);
#2912 = CARTESIAN_POINT('',(0.2,-0.9,4.95));
#2913 = VECTOR('',#2914,1.);
#2914 = DIRECTION('',(-0.707106781187,-0.707106781187,0.));
#2915 = FACE_BOUND('',#2916,.T.);
#2916 = EDGE_LOOP('',(#2917,#2927,#2935,#2943,#2951));
#2917 = ORIENTED_EDGE('',*,*,#2918,.F.);
#2918 = EDGE_CURVE('',#2919,#2921,#2923,.T.);
#2919 = VERTEX_POINT('',#2920);
#2920 = CARTESIAN_POINT('',(0.2,2.8,4.95));
#2921 = VERTEX_POINT('',#2922);
#2922 = CARTESIAN_POINT('',(0.2,0.2,4.95));
#2923 = LINE('',#2924,#2925);
#2924 = CARTESIAN_POINT('',(0.2,2.8,4.95));
#2925 = VECTOR('',#2926,1.);
#2926 = DIRECTION('',(-6.672013369142E-16,-1.,0.));
#2927 = ORIENTED_EDGE('',*,*,#2928,.F.);
#2928 = EDGE_CURVE('',#2929,#2919,#2931,.T.);
#2929 = VERTEX_POINT('',#2930);
#2930 = CARTESIAN_POINT('',(2.1,2.8,4.95));
#2931 = LINE('',#2932,#2933);
#2932 = CARTESIAN_POINT('',(2.8,2.8,4.95));
#2933 = VECTOR('',#2934,1.);
#2934 = DIRECTION('',(-1.,0.,0.));
#2935 = ORIENTED_EDGE('',*,*,#2936,.F.);
#2936 = EDGE_CURVE('',#2937,#2929,#2939,.T.);
#2937 = VERTEX_POINT('',#2938);
#2938 = CARTESIAN_POINT('',(2.8,2.1,4.95));
#2939 = LINE('',#2940,#2941);
#2940 = CARTESIAN_POINT('',(2.1,2.8,4.95));
#2941 = VECTOR('',#2942,1.);
#2942 = DIRECTION('',(-0.707106781187,0.707106781187,0.));
#2943 = ORIENTED_EDGE('',*,*,#2944,.F.);
#2944 = EDGE_CURVE('',#2945,#2937,#2947,.T.);
#2945 = VERTEX_POINT('',#2946);
#2946 = CARTESIAN_POINT('',(2.8,0.2,4.95));
#2947 = LINE('',#2948,#2949);
#2948 = CARTESIAN_POINT('',(2.8,0.2,4.95));
#2949 = VECTOR('',#2950,1.);
#2950 = DIRECTION('',(0.,1.,0.));
#2951 = ORIENTED_EDGE('',*,*,#2952,.F.);
#2952 = EDGE_CURVE('',#2921,#2945,#2953,.T.);
#2953 = LINE('',#2954,#2955);
#2954 = CARTESIAN_POINT('',(0.2,0.2,4.95));
#2955 = VECTOR('',#2956,1.);
#2956 = DIRECTION('',(1.,0.,0.));
#2957 = FACE_BOUND('',#2958,.T.);
#2958 = EDGE_LOOP('',(#2959,#2969,#2977,#2985,#2993));
#2959 = ORIENTED_EDGE('',*,*,#2960,.F.);
#2960 = EDGE_CURVE('',#2961,#2963,#2965,.T.);
#2961 = VERTEX_POINT('',#2962);
#2962 = CARTESIAN_POINT('',(-0.9,-0.2,4.95));
#2963 = VERTEX_POINT('',#2964);
#2964 = CARTESIAN_POINT('',(-2.8,-0.2,4.95));
#2965 = LINE('',#2966,#2967);
#2966 = CARTESIAN_POINT('',(-0.2,-0.2,4.95));
#2967 = VECTOR('',#2968,1.);
#2968 = DIRECTION('',(-1.,0.,0.));
#2969 = ORIENTED_EDGE('',*,*,#2970,.F.);
#2970 = EDGE_CURVE('',#2971,#2961,#2973,.T.);
#2971 = VERTEX_POINT('',#2972);
#2972 = CARTESIAN_POINT('',(-0.2,-0.9,4.95));
#2973 = LINE('',#2974,#2975);
#2974 = CARTESIAN_POINT('',(-0.9,-0.2,4.95));
#2975 = VECTOR('',#2976,1.);
#2976 = DIRECTION('',(-0.707106781187,0.707106781187,0.));
#2977 = ORIENTED_EDGE('',*,*,#2978,.F.);
#2978 = EDGE_CURVE('',#2979,#2971,#2981,.T.);
#2979 = VERTEX_POINT('',#2980);
#2980 = CARTESIAN_POINT('',(-0.2,-2.8,4.95));
#2981 = LINE('',#2982,#2983);
#2982 = CARTESIAN_POINT('',(-0.2,-2.8,4.95));
#2983 = VECTOR('',#2984,1.);
#2984 = DIRECTION('',(0.,1.,0.));
#2985 = ORIENTED_EDGE('',*,*,#2986,.F.);
#2986 = EDGE_CURVE('',#2987,#2979,#2989,.T.);
#2987 = VERTEX_POINT('',#2988);
#2988 = CARTESIAN_POINT('',(-2.8,-2.8,4.95));
#2989 = LINE('',#2990,#2991);
#2990 = CARTESIAN_POINT('',(-2.8,-2.8,4.95));
#2991 = VECTOR('',#2992,1.);
#2992 = DIRECTION('',(1.,0.,0.));
#2993 = ORIENTED_EDGE('',*,*,#2994,.F.);
#2994 = EDGE_CURVE('',#2963,#2987,#2995,.T.);
#2995 = LINE('',#2996,#2997);
#2996 = CARTESIAN_POINT('',(-2.8,-0.2,4.95));
#2997 = VECTOR('',#2998,1.);
#2998 = DIRECTION('',(6.672013369142E-16,-1.,0.));
#2999 = FACE_BOUND('',#3000,.T.);
#3000 = EDGE_LOOP('',(#3001,#3011,#3019,#3027,#3035));
#3001 = ORIENTED_EDGE('',*,*,#3002,.F.);
#3002 = EDGE_CURVE('',#3003,#3005,#3007,.T.);
#3003 = VERTEX_POINT('',#3004);
#3004 = CARTESIAN_POINT('',(-2.8,2.1,4.95));
#3005 = VERTEX_POINT('',#3006);
#3006 = CARTESIAN_POINT('',(-2.8,0.2,4.95));
#3007 = LINE('',#3008,#3009);
#3008 = CARTESIAN_POINT('',(-2.8,2.8,4.95));
#3009 = VECTOR('',#3010,1.);
#3010 = DIRECTION('',(-6.672013369142E-16,-1.,0.));
#3011 = ORIENTED_EDGE('',*,*,#3012,.F.);
#3012 = EDGE_CURVE('',#3013,#3003,#3015,.T.);
#3013 = VERTEX_POINT('',#3014);
#3014 = CARTESIAN_POINT('',(-2.1,2.8,4.95));
#3015 = LINE('',#3016,#3017);
#3016 = CARTESIAN_POINT('',(-2.8,2.1,4.95));
#3017 = VECTOR('',#3018,1.);
#3018 = DIRECTION('',(-0.707106781187,-0.707106781187,0.));
#3019 = ORIENTED_EDGE('',*,*,#3020,.F.);
#3020 = EDGE_CURVE('',#3021,#3013,#3023,.T.);
#3021 = VERTEX_POINT('',#3022);
#3022 = CARTESIAN_POINT('',(-0.2,2.8,4.95));
#3023 = LINE('',#3024,#3025);
#3024 = CARTESIAN_POINT('',(-0.2,2.8,4.95));
#3025 = VECTOR('',#3026,1.);
#3026 = DIRECTION('',(-1.,0.,0.));
#3027 = ORIENTED_EDGE('',*,*,#3028,.F.);
#3028 = EDGE_CURVE('',#3029,#3021,#3031,.T.);
#3029 = VERTEX_POINT('',#3030);
#3030 = CARTESIAN_POINT('',(-0.2,0.2,4.95));
#3031 = LINE('',#3032,#3033);
#3032 = CARTESIAN_POINT('',(-0.2,0.2,4.95));
#3033 = VECTOR('',#3034,1.);
#3034 = DIRECTION('',(0.,1.,0.));
#3035 = ORIENTED_EDGE('',*,*,#3036,.F.);
#3036 = EDGE_CURVE('',#3005,#3029,#3037,.T.);
#3037 = LINE('',#3038,#3039);
#3038 = CARTESIAN_POINT('',(-2.8,0.2,4.95));
#3039 = VECTOR('',#3040,1.);
#3040 = DIRECTION('',(1.,0.,0.));
#3041 = FACE_BOUND('',#3042,.T.);
#3042 = EDGE_LOOP('',(#3043,#3044,#3050,#3051));
#3043 = ORIENTED_EDGE('',*,*,#2044,.T.);
#3044 = ORIENTED_EDGE('',*,*,#3045,.T.);
#3045 = EDGE_CURVE('',#2037,#1688,#3046,.T.);
#3046 = LINE('',#3047,#3048);
#3047 = CARTESIAN_POINT('',(-3.46,-2.63,4.95));
#3048 = VECTOR('',#3049,1.);
#3049 = DIRECTION('',(-1.,0.,0.));
#3050 = ORIENTED_EDGE('',*,*,#1687,.F.);
#3051 = ORIENTED_EDGE('',*,*,#3052,.F.);
#3052 = EDGE_CURVE('',#2045,#1680,#3053,.T.);
#3053 = LINE('',#3054,#3055);
#3054 = CARTESIAN_POINT('',(-3.46,-0.88,4.95));
#3055 = VECTOR('',#3056,1.);
#3056 = DIRECTION('',(-1.,0.,0.));
#3057 = FACE_BOUND('',#3058,.T.);
#3058 = EDGE_LOOP('',(#3059,#3060,#3066,#3067,#3073,#3074,#3080,#3081,
    #3087,#3088,#3094,#3095,#3101,#3102,#3108,#3109));
#3059 = ORIENTED_EDGE('',*,*,#2680,.T.);
#3060 = ORIENTED_EDGE('',*,*,#3061,.F.);
#3061 = EDGE_CURVE('',#2206,#2673,#3062,.T.);
#3062 = LINE('',#3063,#3064);
#3063 = CARTESIAN_POINT('',(1.025,0.395,4.95));
#3064 = VECTOR('',#3065,1.);
#3065 = DIRECTION('',(0.707106781187,0.707106781187,0.));
#3066 = ORIENTED_EDGE('',*,*,#2203,.F.);
#3067 = ORIENTED_EDGE('',*,*,#3068,.F.);
#3068 = EDGE_CURVE('',#2404,#2204,#3069,.T.);
#3069 = LINE('',#3070,#3071);
#3070 = CARTESIAN_POINT('',(3.46,1.02,4.95));
#3071 = VECTOR('',#3072,1.);
#3072 = DIRECTION('',(1.,0.,0.));
#3073 = ORIENTED_EDGE('',*,*,#2403,.T.);
#3074 = ORIENTED_EDGE('',*,*,#3075,.T.);
#3075 = EDGE_CURVE('',#2396,#2855,#3076,.T.);
#3076 = LINE('',#3077,#3078);
#3077 = CARTESIAN_POINT('',(7.485,-0.795,4.95));
#3078 = VECTOR('',#3079,1.);
#3079 = DIRECTION('',(-0.707106781187,0.707106781187,0.));
#3080 = ORIENTED_EDGE('',*,*,#2854,.T.);
#3081 = ORIENTED_EDGE('',*,*,#3082,.T.);
#3082 = EDGE_CURVE('',#2847,#1892,#3083,.T.);
#3083 = LINE('',#3084,#3085);
#3084 = CARTESIAN_POINT('',(-2.635,4.055,4.95));
#3085 = VECTOR('',#3086,1.);
#3086 = DIRECTION('',(-0.707106781187,-0.707106781187,0.));
#3087 = ORIENTED_EDGE('',*,*,#1891,.T.);
#3088 = ORIENTED_EDGE('',*,*,#3089,.T.);
#3089 = EDGE_CURVE('',#1894,#1656,#3090,.T.);
#3090 = LINE('',#3091,#3092);
#3091 = CARTESIAN_POINT('',(-3.46,1.02,4.95));
#3092 = VECTOR('',#3093,1.);
#3093 = DIRECTION('',(-1.,0.,0.));
#3094 = ORIENTED_EDGE('',*,*,#1655,.F.);
#3095 = ORIENTED_EDGE('',*,*,#3096,.T.);
#3096 = EDGE_CURVE('',#1648,#2823,#3097,.T.);
#3097 = LINE('',#3098,#3099);
#3098 = CARTESIAN_POINT('',(3.825,-4.455,4.95));
#3099 = VECTOR('',#3100,1.);
#3100 = DIRECTION('',(-0.707106781187,0.707106781187,0.));
#3101 = ORIENTED_EDGE('',*,*,#2822,.T.);
#3102 = ORIENTED_EDGE('',*,*,#3103,.F.);
#3103 = EDGE_CURVE('',#1448,#2815,#3104,.T.);
#3104 = LINE('',#3105,#3106);
#3105 = CARTESIAN_POINT('',(-4.85,-3.43,4.95));
#3106 = VECTOR('',#3107,1.);
#3107 = DIRECTION('',(0.,1.,0.));
#3108 = ORIENTED_EDGE('',*,*,#1447,.F.);
#3109 = ORIENTED_EDGE('',*,*,#3110,.T.);
#3110 = EDGE_CURVE('',#1440,#2681,#3111,.T.);
#3111 = LINE('',#3112,#3113);
#3112 = CARTESIAN_POINT('',(4.85,-3.43,4.95));
#3113 = VECTOR('',#3114,1.);
#3114 = DIRECTION('',(0.,1.,0.));
#3115 = FACE_BOUND('',#3116,.T.);
#3116 = EDGE_LOOP('',(#3117,#3118,#3124,#3125));
#3117 = ORIENTED_EDGE('',*,*,#2435,.T.);
#3118 = ORIENTED_EDGE('',*,*,#3119,.T.);
#3119 = EDGE_CURVE('',#2428,#2348,#3120,.T.);
#3120 = LINE('',#3121,#3122);
#3121 = CARTESIAN_POINT('',(3.46,-0.88,4.95));
#3122 = VECTOR('',#3123,1.);
#3123 = DIRECTION('',(1.,0.,0.));
#3124 = ORIENTED_EDGE('',*,*,#2347,.F.);
#3125 = ORIENTED_EDGE('',*,*,#3126,.F.);
#3126 = EDGE_CURVE('',#2436,#2340,#3127,.T.);
#3127 = LINE('',#3128,#3129);
#3128 = CARTESIAN_POINT('',(3.46,-2.63,4.95));
#3129 = VECTOR('',#3130,1.);
#3130 = DIRECTION('',(1.,0.,0.));
#3131 = PLANE('',#3132);
#3132 = AXIS2_PLACEMENT_3D('',#3133,#3134,#3135);
#3133 = CARTESIAN_POINT('',(4.85,-3.43,4.95));
#3134 = DIRECTION('',(0.,0.,1.));
#3135 = DIRECTION('',(1.,0.,-0.));
#3136 = ADVANCED_FACE('',(#3137),#3166,.F.);
#3137 = FACE_BOUND('',#3138,.T.);
#3138 = EDGE_LOOP('',(#3139,#3145,#3146,#3147,#3155,#3161,#3162,#3163,
    #3164,#3165));
#3139 = ORIENTED_EDGE('',*,*,#3140,.T.);
#3140 = EDGE_CURVE('',#2568,#1072,#3141,.T.);
#3141 = LINE('',#3142,#3143);
#3142 = CARTESIAN_POINT('',(4.85,-1.73,-4.25));
#3143 = VECTOR('',#3144,1.);
#3144 = DIRECTION('',(0.,1.,0.));
#3145 = ORIENTED_EDGE('',*,*,#1071,.T.);
#3146 = ORIENTED_EDGE('',*,*,#993,.F.);
#3147 = ORIENTED_EDGE('',*,*,#3148,.T.);
#3148 = EDGE_CURVE('',#986,#3149,#3151,.T.);
#3149 = VERTEX_POINT('',#3150);
#3150 = CARTESIAN_POINT('',(4.85,3.93,-3.05));
#3151 = LINE('',#3152,#3153);
#3152 = CARTESIAN_POINT('',(4.85,3.93,-4.95));
#3153 = VECTOR('',#3154,1.);
#3154 = DIRECTION('',(0.,0.,1.));
#3155 = ORIENTED_EDGE('',*,*,#3156,.T.);
#3156 = EDGE_CURVE('',#3149,#2689,#3157,.T.);
#3157 = LINE('',#3158,#3159);
#3158 = CARTESIAN_POINT('',(4.85,3.93,-3.05));
#3159 = VECTOR('',#3160,1.);
#3160 = DIRECTION('',(0.,-1.,0.));
#3161 = ORIENTED_EDGE('',*,*,#2688,.F.);
#3162 = ORIENTED_EDGE('',*,*,#3110,.F.);
#3163 = ORIENTED_EDGE('',*,*,#1439,.F.);
#3164 = ORIENTED_EDGE('',*,*,#849,.F.);
#3165 = ORIENTED_EDGE('',*,*,#2575,.F.);
#3166 = PLANE('',#3167);
#3167 = AXIS2_PLACEMENT_3D('',#3168,#3169,#3170);
#3168 = CARTESIAN_POINT('',(4.85,0.,0.));
#3169 = DIRECTION('',(-1.,0.,0.));
#3170 = DIRECTION('',(0.,0.,1.));
#3171 = ADVANCED_FACE('',(#3172),#3208,.T.);
#3172 = FACE_BOUND('',#3173,.T.);
#3173 = EDGE_LOOP('',(#3174,#3182,#3188,#3189,#3190,#3191,#3192,#3193,
    #3201,#3207));
#3174 = ORIENTED_EDGE('',*,*,#3175,.F.);
#3175 = EDGE_CURVE('',#3176,#2609,#3178,.T.);
#3176 = VERTEX_POINT('',#3177);
#3177 = CARTESIAN_POINT('',(-4.85,2.73,-4.25));
#3178 = LINE('',#3179,#3180);
#3179 = CARTESIAN_POINT('',(-4.85,2.73,-3.95));
#3180 = VECTOR('',#3181,1.);
#3181 = DIRECTION('',(0.,0.,-1.));
#3182 = ORIENTED_EDGE('',*,*,#3183,.T.);
#3183 = EDGE_CURVE('',#3176,#2083,#3184,.T.);
#3184 = LINE('',#3185,#3186);
#3185 = CARTESIAN_POINT('',(-4.85,2.73,-4.25));
#3186 = VECTOR('',#3187,1.);
#3187 = DIRECTION('',(0.,-1.,0.));
#3188 = ORIENTED_EDGE('',*,*,#2100,.T.);
#3189 = ORIENTED_EDGE('',*,*,#1518,.T.);
#3190 = ORIENTED_EDGE('',*,*,#1455,.T.);
#3191 = ORIENTED_EDGE('',*,*,#3103,.T.);
#3192 = ORIENTED_EDGE('',*,*,#2814,.T.);
#3193 = ORIENTED_EDGE('',*,*,#3194,.F.);
#3194 = EDGE_CURVE('',#3195,#2807,#3197,.T.);
#3195 = VERTEX_POINT('',#3196);
#3196 = CARTESIAN_POINT('',(-4.85,3.93,-3.05));
#3197 = LINE('',#3198,#3199);
#3198 = CARTESIAN_POINT('',(-4.85,3.93,-3.05));
#3199 = VECTOR('',#3200,1.);
#3200 = DIRECTION('',(0.,-1.,0.));
#3201 = ORIENTED_EDGE('',*,*,#3202,.T.);
#3202 = EDGE_CURVE('',#3195,#2617,#3203,.T.);
#3203 = LINE('',#3204,#3205);
#3204 = CARTESIAN_POINT('',(-4.85,3.93,-3.05));
#3205 = VECTOR('',#3206,1.);
#3206 = DIRECTION('',(0.,0.,-1.));
#3207 = ORIENTED_EDGE('',*,*,#2616,.T.);
#3208 = PLANE('',#3209);
#3209 = AXIS2_PLACEMENT_3D('',#3210,#3211,#3212);
#3210 = CARTESIAN_POINT('',(-4.85,0.,0.));
#3211 = DIRECTION('',(-1.,0.,0.));
#3212 = DIRECTION('',(0.,0.,1.));
#3213 = ADVANCED_FACE('',(#3214),#3238,.T.);
#3214 = FACE_BOUND('',#3215,.T.);
#3215 = EDGE_LOOP('',(#3216,#3217,#3225,#3231,#3232));
#3216 = ORIENTED_EDGE('',*,*,#2727,.F.);
#3217 = ORIENTED_EDGE('',*,*,#3218,.F.);
#3218 = EDGE_CURVE('',#3219,#2720,#3221,.T.);
#3219 = VERTEX_POINT('',#3220);
#3220 = CARTESIAN_POINT('',(1.45,3.93,-3.05));
#3221 = LINE('',#3222,#3223);
#3222 = CARTESIAN_POINT('',(1.45,3.93,-3.05));
#3223 = VECTOR('',#3224,1.);
#3224 = DIRECTION('',(0.,-1.,0.));
#3225 = ORIENTED_EDGE('',*,*,#3226,.T.);
#3226 = EDGE_CURVE('',#3219,#2115,#3227,.T.);
#3227 = LINE('',#3228,#3229);
#3228 = CARTESIAN_POINT('',(1.45,3.93,-3.05));
#3229 = VECTOR('',#3230,1.);
#3230 = DIRECTION('',(0.,0.,1.));
#3231 = ORIENTED_EDGE('',*,*,#2149,.T.);
#3232 = ORIENTED_EDGE('',*,*,#3233,.T.);
#3233 = EDGE_CURVE('',#2142,#2728,#3234,.T.);
#3234 = LINE('',#3235,#3236);
#3235 = CARTESIAN_POINT('',(1.45,3.93,3.95));
#3236 = VECTOR('',#3237,1.);
#3237 = DIRECTION('',(0.,-1.,0.));
#3238 = PLANE('',#3239);
#3239 = AXIS2_PLACEMENT_3D('',#3240,#3241,#3242);
#3240 = CARTESIAN_POINT('',(1.45,3.93,-3.05));
#3241 = DIRECTION('',(1.,0.,0.));
#3242 = DIRECTION('',(0.,0.,-1.));
#3243 = ADVANCED_FACE('',(#3244),#3255,.T.);
#3244 = FACE_BOUND('',#3245,.T.);
#3245 = EDGE_LOOP('',(#3246,#3247,#3248,#3249));
#3246 = ORIENTED_EDGE('',*,*,#2735,.F.);
#3247 = ORIENTED_EDGE('',*,*,#3233,.F.);
#3248 = ORIENTED_EDGE('',*,*,#2141,.T.);
#3249 = ORIENTED_EDGE('',*,*,#3250,.T.);
#3250 = EDGE_CURVE('',#2134,#2736,#3251,.T.);
#3251 = LINE('',#3252,#3253);
#3252 = CARTESIAN_POINT('',(0.45,3.93,3.95));
#3253 = VECTOR('',#3254,1.);
#3254 = DIRECTION('',(0.,-1.,0.));
#3255 = PLANE('',#3256);
#3256 = AXIS2_PLACEMENT_3D('',#3257,#3258,#3259);
#3257 = CARTESIAN_POINT('',(1.45,3.93,3.95));
#3258 = DIRECTION('',(0.,0.,1.));
#3259 = DIRECTION('',(1.,0.,-0.));
#3260 = ADVANCED_FACE('',(#3261),#3338,.T.);
#3261 = FACE_BOUND('',#3262,.T.);
#3262 = EDGE_LOOP('',(#3263,#3273,#3282,#3290,#3298,#3306,#3312,#3313,
    #3314,#3315,#3323,#3331));
#3263 = ORIENTED_EDGE('',*,*,#3264,.F.);
#3264 = EDGE_CURVE('',#3265,#3267,#3269,.T.);
#3265 = VERTEX_POINT('',#3266);
#3266 = CARTESIAN_POINT('',(0.45,7.13,0.10304951685));
#3267 = VERTEX_POINT('',#3268);
#3268 = CARTESIAN_POINT('',(0.45,7.13,0.59695048315));
#3269 = LINE('',#3270,#3271);
#3270 = CARTESIAN_POINT('',(0.45,7.13,-0.57));
#3271 = VECTOR('',#3272,1.);
#3272 = DIRECTION('',(0.,0.,1.));
#3273 = ORIENTED_EDGE('',*,*,#3274,.T.);
#3274 = EDGE_CURVE('',#3265,#3275,#3277,.T.);
#3275 = VERTEX_POINT('',#3276);
#3276 = CARTESIAN_POINT('',(0.45,6.97521980674,-0.14739009663));
#3277 = CIRCLE('',#3278,0.28);
#3278 = AXIS2_PLACEMENT_3D('',#3279,#3280,#3281);
#3279 = CARTESIAN_POINT('',(0.45,6.85,0.10304951685));
#3280 = DIRECTION('',(-1.,0.,0.));
#3281 = DIRECTION('',(0.,0.,1.));
#3282 = ORIENTED_EDGE('',*,*,#3283,.F.);
#3283 = EDGE_CURVE('',#3284,#3275,#3286,.T.);
#3284 = VERTEX_POINT('',#3285);
#3285 = CARTESIAN_POINT('',(0.45,6.13,-0.57));
#3286 = LINE('',#3287,#3288);
#3287 = CARTESIAN_POINT('',(0.45,6.178,-0.546));
#3288 = VECTOR('',#3289,1.);
#3289 = DIRECTION('',(0.,0.894427191,0.4472135955));
#3290 = ORIENTED_EDGE('',*,*,#3291,.T.);
#3291 = EDGE_CURVE('',#3284,#3292,#3294,.T.);
#3292 = VERTEX_POINT('',#3293);
#3293 = CARTESIAN_POINT('',(0.45,3.93,-0.57));
#3294 = LINE('',#3295,#3296);
#3295 = CARTESIAN_POINT('',(0.45,5.73,-0.57));
#3296 = VECTOR('',#3297,1.);
#3297 = DIRECTION('',(0.,-1.,0.));
#3298 = ORIENTED_EDGE('',*,*,#3299,.T.);
#3299 = EDGE_CURVE('',#3292,#3300,#3302,.T.);
#3300 = VERTEX_POINT('',#3301);
#3301 = CARTESIAN_POINT('',(0.45,3.93,-3.05));
#3302 = LINE('',#3303,#3304);
#3303 = CARTESIAN_POINT('',(0.45,3.93,3.95));
#3304 = VECTOR('',#3305,1.);
#3305 = DIRECTION('',(0.,0.,-1.));
#3306 = ORIENTED_EDGE('',*,*,#3307,.T.);
#3307 = EDGE_CURVE('',#3300,#2744,#3308,.T.);
#3308 = LINE('',#3309,#3310);
#3309 = CARTESIAN_POINT('',(0.45,3.93,-3.05));
#3310 = VECTOR('',#3311,1.);
#3311 = DIRECTION('',(0.,-1.,0.));
#3312 = ORIENTED_EDGE('',*,*,#2743,.F.);
#3313 = ORIENTED_EDGE('',*,*,#3250,.F.);
#3314 = ORIENTED_EDGE('',*,*,#2133,.T.);
#3315 = ORIENTED_EDGE('',*,*,#3316,.F.);
#3316 = EDGE_CURVE('',#3317,#2126,#3319,.T.);
#3317 = VERTEX_POINT('',#3318);
#3318 = CARTESIAN_POINT('',(0.45,6.13,1.27));
#3319 = LINE('',#3320,#3321);
#3320 = CARTESIAN_POINT('',(0.45,5.73,1.27));
#3321 = VECTOR('',#3322,1.);
#3322 = DIRECTION('',(0.,-1.,0.));
#3323 = ORIENTED_EDGE('',*,*,#3324,.F.);
#3324 = EDGE_CURVE('',#3325,#3317,#3327,.T.);
#3325 = VERTEX_POINT('',#3326);
#3326 = CARTESIAN_POINT('',(0.45,6.97521980674,0.84739009663));
#3327 = LINE('',#3328,#3329);
#3328 = CARTESIAN_POINT('',(0.45,3.298,2.686));
#3329 = VECTOR('',#3330,1.);
#3330 = DIRECTION('',(0.,-0.894427191,0.4472135955));
#3331 = ORIENTED_EDGE('',*,*,#3332,.T.);
#3332 = EDGE_CURVE('',#3325,#3267,#3333,.T.);
#3333 = CIRCLE('',#3334,0.28);
#3334 = AXIS2_PLACEMENT_3D('',#3335,#3336,#3337);
#3335 = CARTESIAN_POINT('',(0.45,6.85,0.59695048315));
#3336 = DIRECTION('',(-1.,0.,0.));
#3337 = DIRECTION('',(0.,0.,1.));
#3338 = PLANE('',#3339);
#3339 = AXIS2_PLACEMENT_3D('',#3340,#3341,#3342);
#3340 = CARTESIAN_POINT('',(0.45,3.93,3.95));
#3341 = DIRECTION('',(-1.,0.,0.));
#3342 = DIRECTION('',(0.,0.,1.));
#3343 = ADVANCED_FACE('',(#3344),#3401,.T.);
#3344 = FACE_BOUND('',#3345,.T.);
#3345 = EDGE_LOOP('',(#3346,#3347,#3348,#3356,#3364,#3370,#3371,#3379,
    #3387,#3393,#3394,#3395));
#3346 = ORIENTED_EDGE('',*,*,#3218,.T.);
#3347 = ORIENTED_EDGE('',*,*,#2719,.F.);
#3348 = ORIENTED_EDGE('',*,*,#3349,.F.);
#3349 = EDGE_CURVE('',#3350,#2712,#3352,.T.);
#3350 = VERTEX_POINT('',#3351);
#3351 = CARTESIAN_POINT('',(3.15,3.13,-3.05));
#3352 = LINE('',#3353,#3354);
#3353 = CARTESIAN_POINT('',(3.15,3.13,-3.05));
#3354 = VECTOR('',#3355,1.);
#3355 = DIRECTION('',(0.,1.,0.));
#3356 = ORIENTED_EDGE('',*,*,#3357,.T.);
#3357 = EDGE_CURVE('',#3350,#3358,#3360,.T.);
#3358 = VERTEX_POINT('',#3359);
#3359 = CARTESIAN_POINT('',(-3.15,3.13,-3.05));
#3360 = LINE('',#3361,#3362);
#3361 = CARTESIAN_POINT('',(3.15,3.13,-3.05));
#3362 = VECTOR('',#3363,1.);
#3363 = DIRECTION('',(-1.,0.,0.));
#3364 = ORIENTED_EDGE('',*,*,#3365,.T.);
#3365 = EDGE_CURVE('',#3358,#2784,#3366,.T.);
#3366 = LINE('',#3367,#3368);
#3367 = CARTESIAN_POINT('',(-3.15,3.13,-3.05));
#3368 = VECTOR('',#3369,1.);
#3369 = DIRECTION('',(0.,1.,0.));
#3370 = ORIENTED_EDGE('',*,*,#2783,.F.);
#3371 = ORIENTED_EDGE('',*,*,#3372,.F.);
#3372 = EDGE_CURVE('',#3373,#2776,#3375,.T.);
#3373 = VERTEX_POINT('',#3374);
#3374 = CARTESIAN_POINT('',(-1.45,3.93,-3.05));
#3375 = LINE('',#3376,#3377);
#3376 = CARTESIAN_POINT('',(-1.45,3.93,-3.05));
#3377 = VECTOR('',#3378,1.);
#3378 = DIRECTION('',(0.,-1.,0.));
#3379 = ORIENTED_EDGE('',*,*,#3380,.T.);
#3380 = EDGE_CURVE('',#3373,#3381,#3383,.T.);
#3381 = VERTEX_POINT('',#3382);
#3382 = CARTESIAN_POINT('',(-0.45,3.93,-3.05));
#3383 = LINE('',#3384,#3385);
#3384 = CARTESIAN_POINT('',(-1.45,3.93,-3.05));
#3385 = VECTOR('',#3386,1.);
#3386 = DIRECTION('',(1.,0.,0.));
#3387 = ORIENTED_EDGE('',*,*,#3388,.T.);
#3388 = EDGE_CURVE('',#3381,#2752,#3389,.T.);
#3389 = LINE('',#3390,#3391);
#3390 = CARTESIAN_POINT('',(-0.45,3.93,-3.05));
#3391 = VECTOR('',#3392,1.);
#3392 = DIRECTION('',(0.,-1.,0.));
#3393 = ORIENTED_EDGE('',*,*,#2751,.F.);
#3394 = ORIENTED_EDGE('',*,*,#3307,.F.);
#3395 = ORIENTED_EDGE('',*,*,#3396,.T.);
#3396 = EDGE_CURVE('',#3300,#3219,#3397,.T.);
#3397 = LINE('',#3398,#3399);
#3398 = CARTESIAN_POINT('',(0.45,3.93,-3.05));
#3399 = VECTOR('',#3400,1.);
#3400 = DIRECTION('',(1.,0.,0.));
#3401 = PLANE('',#3402);
#3402 = AXIS2_PLACEMENT_3D('',#3403,#3404,#3405);
#3403 = CARTESIAN_POINT('',(0.45,3.93,-3.05));
#3404 = DIRECTION('',(0.,0.,-1.));
#3405 = DIRECTION('',(-1.,0.,0.));
#3406 = ADVANCED_FACE('',(#3407),#3427,.F.);
#3407 = FACE_BOUND('',#3408,.T.);
#3408 = EDGE_LOOP('',(#3409,#3410,#3418,#3425,#3426));
#3409 = ORIENTED_EDGE('',*,*,#3299,.F.);
#3410 = ORIENTED_EDGE('',*,*,#3411,.T.);
#3411 = EDGE_CURVE('',#3292,#3412,#3414,.T.);
#3412 = VERTEX_POINT('',#3413);
#3413 = CARTESIAN_POINT('',(0.764226184016,3.93,-0.57));
#3414 = LINE('',#3415,#3416);
#3415 = CARTESIAN_POINT('',(0.45,3.93,-0.57));
#3416 = VECTOR('',#3417,1.);
#3417 = DIRECTION('',(1.,0.,0.));
#3418 = ORIENTED_EDGE('',*,*,#3419,.T.);
#3419 = EDGE_CURVE('',#3412,#2115,#3420,.T.);
#3420 = CIRCLE('',#3421,0.96);
#3421 = AXIS2_PLACEMENT_3D('',#3422,#3423,#3424);
#3422 = CARTESIAN_POINT('',(0.49,3.93,0.35));
#3423 = DIRECTION('',(0.,-1.,0.));
#3424 = DIRECTION('',(0.,0.,-1.));
#3425 = ORIENTED_EDGE('',*,*,#3226,.F.);
#3426 = ORIENTED_EDGE('',*,*,#3396,.F.);
#3427 = PLANE('',#3428);
#3428 = AXIS2_PLACEMENT_3D('',#3429,#3430,#3431);
#3429 = CARTESIAN_POINT('',(0.,3.93,0.));
#3430 = DIRECTION('',(0.,-1.,0.));
#3431 = DIRECTION('',(0.,0.,-1.));
#3432 = ADVANCED_FACE('',(#3433),#3451,.T.);
#3433 = FACE_BOUND('',#3434,.T.);
#3434 = EDGE_LOOP('',(#3435,#3436,#3437,#3445));
#3435 = ORIENTED_EDGE('',*,*,#2696,.F.);
#3436 = ORIENTED_EDGE('',*,*,#3156,.F.);
#3437 = ORIENTED_EDGE('',*,*,#3438,.T.);
#3438 = EDGE_CURVE('',#3149,#3439,#3441,.T.);
#3439 = VERTEX_POINT('',#3440);
#3440 = CARTESIAN_POINT('',(3.95,3.93,-3.05));
#3441 = LINE('',#3442,#3443);
#3442 = CARTESIAN_POINT('',(4.85,3.93,-3.05));
#3443 = VECTOR('',#3444,1.);
#3444 = DIRECTION('',(-1.,0.,0.));
#3445 = ORIENTED_EDGE('',*,*,#3446,.T.);
#3446 = EDGE_CURVE('',#3439,#2697,#3447,.T.);
#3447 = LINE('',#3448,#3449);
#3448 = CARTESIAN_POINT('',(3.95,3.93,-3.05));
#3449 = VECTOR('',#3450,1.);
#3450 = DIRECTION('',(0.,-1.,0.));
#3451 = PLANE('',#3452);
#3452 = AXIS2_PLACEMENT_3D('',#3453,#3454,#3455);
#3453 = CARTESIAN_POINT('',(4.85,3.93,-3.05));
#3454 = DIRECTION('',(0.,0.,1.));
#3455 = DIRECTION('',(1.,0.,-0.));
#3456 = ADVANCED_FACE('',(#3457),#3468,.T.);
#3457 = FACE_BOUND('',#3458,.T.);
#3458 = EDGE_LOOP('',(#3459,#3460,#3461,#3467));
#3459 = ORIENTED_EDGE('',*,*,#2704,.F.);
#3460 = ORIENTED_EDGE('',*,*,#3446,.F.);
#3461 = ORIENTED_EDGE('',*,*,#3462,.T.);
#3462 = EDGE_CURVE('',#3439,#978,#3463,.T.);
#3463 = LINE('',#3464,#3465);
#3464 = CARTESIAN_POINT('',(3.95,3.93,-3.05));
#3465 = VECTOR('',#3466,1.);
#3466 = DIRECTION('',(9.130123557773E-16,0.,-1.));
#3467 = ORIENTED_EDGE('',*,*,#977,.T.);
#3468 = PLANE('',#3469);
#3469 = AXIS2_PLACEMENT_3D('',#3470,#3471,#3472);
#3470 = CARTESIAN_POINT('',(3.95,3.93,-3.05));
#3471 = DIRECTION('',(-1.,0.,-9.130123557773E-16));
#3472 = DIRECTION('',(-9.130123557773E-16,0.,1.));
#3473 = ADVANCED_FACE('',(#3474),#3480,.F.);
#3474 = FACE_BOUND('',#3475,.T.);
#3475 = EDGE_LOOP('',(#3476,#3477,#3478,#3479));
#3476 = ORIENTED_EDGE('',*,*,#3148,.F.);
#3477 = ORIENTED_EDGE('',*,*,#985,.F.);
#3478 = ORIENTED_EDGE('',*,*,#3462,.F.);
#3479 = ORIENTED_EDGE('',*,*,#3438,.F.);
#3480 = PLANE('',#3481);
#3481 = AXIS2_PLACEMENT_3D('',#3482,#3483,#3484);
#3482 = CARTESIAN_POINT('',(0.,3.93,0.));
#3483 = DIRECTION('',(0.,-1.,0.));
#3484 = DIRECTION('',(0.,0.,-1.));
#3485 = ADVANCED_FACE('',(#3486),#3497,.T.);
#3486 = FACE_BOUND('',#3487,.T.);
#3487 = EDGE_LOOP('',(#3488,#3489,#3490,#3491));
#3488 = ORIENTED_EDGE('',*,*,#2236,.F.);
#3489 = ORIENTED_EDGE('',*,*,#2189,.F.);
#3490 = ORIENTED_EDGE('',*,*,#2537,.T.);
#3491 = ORIENTED_EDGE('',*,*,#3492,.T.);
#3492 = EDGE_CURVE('',#2530,#2237,#3493,.T.);
#3493 = LINE('',#3494,#3495);
#3494 = CARTESIAN_POINT('',(3.46,1.57,-3.65));
#3495 = VECTOR('',#3496,1.);
#3496 = DIRECTION('',(1.,0.,0.));
#3497 = PLANE('',#3498);
#3498 = AXIS2_PLACEMENT_3D('',#3499,#3500,#3501);
#3499 = CARTESIAN_POINT('',(3.46,1.57,-1.15));
#3500 = DIRECTION('',(0.,-1.,-8.673617379884E-17));
#3501 = DIRECTION('',(0.,8.673617379884E-17,-1.));
#3502 = ADVANCED_FACE('',(#3503),#3514,.T.);
#3503 = FACE_BOUND('',#3504,.T.);
#3504 = EDGE_LOOP('',(#3505,#3506,#3507,#3508));
#3505 = ORIENTED_EDGE('',*,*,#2244,.F.);
#3506 = ORIENTED_EDGE('',*,*,#3492,.F.);
#3507 = ORIENTED_EDGE('',*,*,#2529,.T.);
#3508 = ORIENTED_EDGE('',*,*,#3509,.T.);
#3509 = EDGE_CURVE('',#2522,#2245,#3510,.T.);
#3510 = LINE('',#3511,#3512);
#3511 = CARTESIAN_POINT('',(3.46,2.87,-3.65));
#3512 = VECTOR('',#3513,1.);
#3513 = DIRECTION('',(1.,0.,0.));
#3514 = PLANE('',#3515);
#3515 = AXIS2_PLACEMENT_3D('',#3516,#3517,#3518);
#3516 = CARTESIAN_POINT('',(3.46,1.57,-3.65));
#3517 = DIRECTION('',(0.,0.,-1.));
#3518 = DIRECTION('',(-1.,0.,0.));
#3519 = ADVANCED_FACE('',(#3520),#3531,.T.);
#3520 = FACE_BOUND('',#3521,.T.);
#3521 = EDGE_LOOP('',(#3522,#3523,#3524,#3525));
#3522 = ORIENTED_EDGE('',*,*,#2252,.F.);
#3523 = ORIENTED_EDGE('',*,*,#3509,.F.);
#3524 = ORIENTED_EDGE('',*,*,#2521,.T.);
#3525 = ORIENTED_EDGE('',*,*,#3526,.T.);
#3526 = EDGE_CURVE('',#2514,#2253,#3527,.T.);
#3527 = LINE('',#3528,#3529);
#3528 = CARTESIAN_POINT('',(3.46,2.87,-3.95));
#3529 = VECTOR('',#3530,1.);
#3530 = DIRECTION('',(1.,0.,0.));
#3531 = PLANE('',#3532);
#3532 = AXIS2_PLACEMENT_3D('',#3533,#3534,#3535);
#3533 = CARTESIAN_POINT('',(3.46,2.87,-3.65));
#3534 = DIRECTION('',(0.,-1.,0.));
#3535 = DIRECTION('',(0.,0.,-1.));
#3536 = ADVANCED_FACE('',(#3537),#3543,.T.);
#3537 = FACE_BOUND('',#3538,.T.);
#3538 = EDGE_LOOP('',(#3539,#3540,#3541,#3542));
#3539 = ORIENTED_EDGE('',*,*,#1103,.T.);
#3540 = ORIENTED_EDGE('',*,*,#2260,.F.);
#3541 = ORIENTED_EDGE('',*,*,#3526,.F.);
#3542 = ORIENTED_EDGE('',*,*,#2513,.T.);
#3543 = PLANE('',#3544);
#3544 = AXIS2_PLACEMENT_3D('',#3545,#3546,#3547);
#3545 = CARTESIAN_POINT('',(3.46,2.87,-3.95));
#3546 = DIRECTION('',(0.,0.,1.));
#3547 = DIRECTION('',(1.,0.,-0.));
#3548 = ADVANCED_FACE('',(#3549),#3575,.T.);
#3549 = FACE_BOUND('',#3550,.T.);
#3550 = EDGE_LOOP('',(#3551,#3552,#3559,#3560,#3561,#3567,#3568,#3574));
#3551 = ORIENTED_EDGE('',*,*,#591,.F.);
#3552 = ORIENTED_EDGE('',*,*,#3553,.T.);
#3553 = EDGE_CURVE('',#584,#1486,#3554,.T.);
#3554 = CIRCLE('',#3555,0.3);
#3555 = AXIS2_PLACEMENT_3D('',#3556,#3557,#3558);
#3556 = CARTESIAN_POINT('',(-2.12,-2.73,-4.65));
#3557 = DIRECTION('',(0.,1.,0.));
#3558 = DIRECTION('',(0.,-0.,1.));
#3559 = ORIENTED_EDGE('',*,*,#1485,.T.);
#3560 = ORIENTED_EDGE('',*,*,#1727,.F.);
#3561 = ORIENTED_EDGE('',*,*,#3562,.F.);
#3562 = EDGE_CURVE('',#2005,#1720,#3563,.T.);
#3563 = LINE('',#3564,#3565);
#3564 = CARTESIAN_POINT('',(-3.46,-2.73,-3.65));
#3565 = VECTOR('',#3566,1.);
#3566 = DIRECTION('',(-1.,0.,0.));
#3567 = ORIENTED_EDGE('',*,*,#2004,.T.);
#3568 = ORIENTED_EDGE('',*,*,#3569,.T.);
#3569 = EDGE_CURVE('',#1997,#428,#3570,.T.);
#3570 = LINE('',#3571,#3572);
#3571 = CARTESIAN_POINT('',(-3.26,-2.73,-3.95));
#3572 = VECTOR('',#3573,1.);
#3573 = DIRECTION('',(0.707106781187,0.,-0.707106781187));
#3574 = ORIENTED_EDGE('',*,*,#427,.F.);
#3575 = PLANE('',#3576);
#3576 = AXIS2_PLACEMENT_3D('',#3577,#3578,#3579);
#3577 = CARTESIAN_POINT('',(3.46,-2.73,-3.95));
#3578 = DIRECTION('',(0.,1.,0.));
#3579 = DIRECTION('',(0.,-0.,1.));
#3580 = ADVANCED_FACE('',(#3581),#3592,.T.);
#3581 = FACE_BOUND('',#3582,.T.);
#3582 = EDGE_LOOP('',(#3583,#3584,#3585,#3586));
#3583 = ORIENTED_EDGE('',*,*,#2315,.F.);
#3584 = ORIENTED_EDGE('',*,*,#1033,.F.);
#3585 = ORIENTED_EDGE('',*,*,#2467,.T.);
#3586 = ORIENTED_EDGE('',*,*,#3587,.T.);
#3587 = EDGE_CURVE('',#2460,#2316,#3588,.T.);
#3588 = LINE('',#3589,#3590);
#3589 = CARTESIAN_POINT('',(3.46,-1.43,-3.65));
#3590 = VECTOR('',#3591,1.);
#3591 = DIRECTION('',(1.,0.,0.));
#3592 = PLANE('',#3593);
#3593 = AXIS2_PLACEMENT_3D('',#3594,#3595,#3596);
#3594 = CARTESIAN_POINT('',(3.46,-2.73,-3.65));
#3595 = DIRECTION('',(0.,0.,-1.));
#3596 = DIRECTION('',(-1.,0.,0.));
#3597 = ADVANCED_FACE('',(#3598),#3609,.T.);
#3598 = FACE_BOUND('',#3599,.T.);
#3599 = EDGE_LOOP('',(#3600,#3601,#3602,#3603));
#3600 = ORIENTED_EDGE('',*,*,#2323,.F.);
#3601 = ORIENTED_EDGE('',*,*,#3587,.F.);
#3602 = ORIENTED_EDGE('',*,*,#2459,.T.);
#3603 = ORIENTED_EDGE('',*,*,#3604,.T.);
#3604 = EDGE_CURVE('',#2452,#2324,#3605,.T.);
#3605 = LINE('',#3606,#3607);
#3606 = CARTESIAN_POINT('',(3.46,-1.43,-1.15));
#3607 = VECTOR('',#3608,1.);
#3608 = DIRECTION('',(1.,0.,0.));
#3609 = PLANE('',#3610);
#3610 = AXIS2_PLACEMENT_3D('',#3611,#3612,#3613);
#3611 = CARTESIAN_POINT('',(3.46,-1.43,-3.65));
#3612 = DIRECTION('',(0.,1.,0.));
#3613 = DIRECTION('',(0.,-0.,1.));
#3614 = ADVANCED_FACE('',(#3615),#3626,.T.);
#3615 = FACE_BOUND('',#3616,.T.);
#3616 = EDGE_LOOP('',(#3617,#3618,#3619,#3620));
#3617 = ORIENTED_EDGE('',*,*,#2331,.F.);
#3618 = ORIENTED_EDGE('',*,*,#3604,.F.);
#3619 = ORIENTED_EDGE('',*,*,#2451,.T.);
#3620 = ORIENTED_EDGE('',*,*,#3621,.T.);
#3621 = EDGE_CURVE('',#2444,#2332,#3622,.T.);
#3622 = LINE('',#3623,#3624);
#3623 = CARTESIAN_POINT('',(3.46,-2.63,-1.15));
#3624 = VECTOR('',#3625,1.);
#3625 = DIRECTION('',(1.,0.,0.));
#3626 = PLANE('',#3627);
#3627 = AXIS2_PLACEMENT_3D('',#3628,#3629,#3630);
#3628 = CARTESIAN_POINT('',(3.46,-1.43,-1.15));
#3629 = DIRECTION('',(0.,0.,1.));
#3630 = DIRECTION('',(1.,0.,-0.));
#3631 = ADVANCED_FACE('',(#3632),#3638,.T.);
#3632 = FACE_BOUND('',#3633,.T.);
#3633 = EDGE_LOOP('',(#3634,#3635,#3636,#3637));
#3634 = ORIENTED_EDGE('',*,*,#2339,.F.);
#3635 = ORIENTED_EDGE('',*,*,#3621,.F.);
#3636 = ORIENTED_EDGE('',*,*,#2443,.T.);
#3637 = ORIENTED_EDGE('',*,*,#3126,.T.);
#3638 = PLANE('',#3639);
#3639 = AXIS2_PLACEMENT_3D('',#3640,#3641,#3642);
#3640 = CARTESIAN_POINT('',(3.46,-2.63,-1.15));
#3641 = DIRECTION('',(0.,1.,0.));
#3642 = DIRECTION('',(0.,-0.,1.));
#3643 = ADVANCED_FACE('',(#3644),#3655,.T.);
#3644 = FACE_BOUND('',#3645,.T.);
#3645 = EDGE_LOOP('',(#3646,#3647,#3648,#3649));
#3646 = ORIENTED_EDGE('',*,*,#2355,.F.);
#3647 = ORIENTED_EDGE('',*,*,#3119,.F.);
#3648 = ORIENTED_EDGE('',*,*,#2427,.T.);
#3649 = ORIENTED_EDGE('',*,*,#3650,.T.);
#3650 = EDGE_CURVE('',#2420,#2356,#3651,.T.);
#3651 = LINE('',#3652,#3653);
#3652 = CARTESIAN_POINT('',(3.46,-0.88,1.95));
#3653 = VECTOR('',#3654,1.);
#3654 = DIRECTION('',(1.,0.,0.));
#3655 = PLANE('',#3656);
#3656 = AXIS2_PLACEMENT_3D('',#3657,#3658,#3659);
#3657 = CARTESIAN_POINT('',(3.46,-0.88,4.95));
#3658 = DIRECTION('',(0.,-1.,-1.445602896647E-16));
#3659 = DIRECTION('',(0.,1.445602896647E-16,-1.));
#3660 = ADVANCED_FACE('',(#3661),#3672,.T.);
#3661 = FACE_BOUND('',#3662,.T.);
#3662 = EDGE_LOOP('',(#3663,#3664,#3665,#3666));
#3663 = ORIENTED_EDGE('',*,*,#2363,.F.);
#3664 = ORIENTED_EDGE('',*,*,#3650,.F.);
#3665 = ORIENTED_EDGE('',*,*,#2419,.T.);
#3666 = ORIENTED_EDGE('',*,*,#3667,.T.);
#3667 = EDGE_CURVE('',#2412,#2364,#3668,.T.);
#3668 = LINE('',#3669,#3670);
#3669 = CARTESIAN_POINT('',(3.46,1.02,1.95));
#3670 = VECTOR('',#3671,1.);
#3671 = DIRECTION('',(1.,0.,0.));
#3672 = PLANE('',#3673);
#3673 = AXIS2_PLACEMENT_3D('',#3674,#3675,#3676);
#3674 = CARTESIAN_POINT('',(3.46,-0.88,1.95));
#3675 = DIRECTION('',(0.,0.,-1.));
#3676 = DIRECTION('',(-1.,0.,0.));
#3677 = ADVANCED_FACE('',(#3678),#3684,.T.);
#3678 = FACE_BOUND('',#3679,.T.);
#3679 = EDGE_LOOP('',(#3680,#3681,#3682,#3683));
#3680 = ORIENTED_EDGE('',*,*,#2371,.F.);
#3681 = ORIENTED_EDGE('',*,*,#3667,.F.);
#3682 = ORIENTED_EDGE('',*,*,#2411,.T.);
#3683 = ORIENTED_EDGE('',*,*,#3068,.T.);
#3684 = PLANE('',#3685);
#3685 = AXIS2_PLACEMENT_3D('',#3686,#3687,#3688);
#3686 = CARTESIAN_POINT('',(3.46,1.02,1.95));
#3687 = DIRECTION('',(0.,1.,0.));
#3688 = DIRECTION('',(0.,-0.,1.));
#3689 = ADVANCED_FACE('',(#3690),#3738,.F.);
#3690 = FACE_BOUND('',#3691,.T.);
#3691 = EDGE_LOOP('',(#3692,#3693,#3702,#3708,#3709,#3715,#3716,#3722,
    #3723,#3731,#3737));
#3692 = ORIENTED_EDGE('',*,*,#2608,.T.);
#3693 = ORIENTED_EDGE('',*,*,#3694,.F.);
#3694 = EDGE_CURVE('',#3695,#2601,#3697,.T.);
#3695 = VERTEX_POINT('',#3696);
#3696 = CARTESIAN_POINT('',(-1.82,2.73,-4.65));
#3697 = CIRCLE('',#3698,0.3);
#3698 = AXIS2_PLACEMENT_3D('',#3699,#3700,#3701);
#3699 = CARTESIAN_POINT('',(-2.12,2.73,-4.65));
#3700 = DIRECTION('',(1.788374717502E-16,1.,0.));
#3701 = DIRECTION('',(-1.,1.788374717502E-16,0.));
#3702 = ORIENTED_EDGE('',*,*,#3703,.T.);
#3703 = EDGE_CURVE('',#3695,#1870,#3704,.T.);
#3704 = LINE('',#3705,#3706);
#3705 = CARTESIAN_POINT('',(-1.82,2.73,-3.95));
#3706 = VECTOR('',#3707,1.);
#3707 = DIRECTION('',(0.,0.,1.));
#3708 = ORIENTED_EDGE('',*,*,#1869,.F.);
#3709 = ORIENTED_EDGE('',*,*,#3710,.T.);
#3710 = EDGE_CURVE('',#1862,#1957,#3711,.T.);
#3711 = LINE('',#3712,#3713);
#3712 = CARTESIAN_POINT('',(-4.055,2.73,-3.155));
#3713 = VECTOR('',#3714,1.);
#3714 = DIRECTION('',(-0.707106781187,1.264571890048E-16,0.707106781187)
  );
#3715 = ORIENTED_EDGE('',*,*,#1956,.F.);
#3716 = ORIENTED_EDGE('',*,*,#3717,.F.);
#3717 = EDGE_CURVE('',#1783,#1949,#3718,.T.);
#3718 = LINE('',#3719,#3720);
#3719 = CARTESIAN_POINT('',(-4.85,2.73,-3.95));
#3720 = VECTOR('',#3721,1.);
#3721 = DIRECTION('',(1.,-1.788374717502E-16,0.));
#3722 = ORIENTED_EDGE('',*,*,#1782,.F.);
#3723 = ORIENTED_EDGE('',*,*,#3724,.F.);
#3724 = EDGE_CURVE('',#3725,#1775,#3727,.T.);
#3725 = VERTEX_POINT('',#3726);
#3726 = CARTESIAN_POINT('',(-4.06,2.73,-4.25));
#3727 = LINE('',#3728,#3729);
#3728 = CARTESIAN_POINT('',(-4.305,2.73,-4.495));
#3729 = VECTOR('',#3730,1.);
#3730 = DIRECTION('',(0.707106781187,-1.264571890048E-16,0.707106781187)
  );
#3731 = ORIENTED_EDGE('',*,*,#3732,.T.);
#3732 = EDGE_CURVE('',#3725,#3176,#3733,.T.);
#3733 = LINE('',#3734,#3735);
#3734 = CARTESIAN_POINT('',(-3.86,2.73,-4.25));
#3735 = VECTOR('',#3736,1.);
#3736 = DIRECTION('',(-1.,0.,0.));
#3737 = ORIENTED_EDGE('',*,*,#3175,.T.);
#3738 = PLANE('',#3739);
#3739 = AXIS2_PLACEMENT_3D('',#3740,#3741,#3742);
#3740 = CARTESIAN_POINT('',(-4.85,2.73,-3.95));
#3741 = DIRECTION('',(1.788374717502E-16,1.,0.));
#3742 = DIRECTION('',(-1.,1.788374717502E-16,0.));
#3743 = ADVANCED_FACE('',(#3744),#3755,.T.);
#3744 = FACE_BOUND('',#3745,.T.);
#3745 = EDGE_LOOP('',(#3746,#3747,#3748,#3754));
#3746 = ORIENTED_EDGE('',*,*,#2711,.F.);
#3747 = ORIENTED_EDGE('',*,*,#961,.F.);
#3748 = ORIENTED_EDGE('',*,*,#3749,.T.);
#3749 = EDGE_CURVE('',#954,#3350,#3750,.T.);
#3750 = LINE('',#3751,#3752);
#3751 = CARTESIAN_POINT('',(3.15,3.13,-4.95));
#3752 = VECTOR('',#3753,1.);
#3753 = DIRECTION('',(0.,0.,1.));
#3754 = ORIENTED_EDGE('',*,*,#3349,.T.);
#3755 = PLANE('',#3756);
#3756 = AXIS2_PLACEMENT_3D('',#3757,#3758,#3759);
#3757 = CARTESIAN_POINT('',(3.15,3.13,-4.95));
#3758 = DIRECTION('',(-1.,0.,0.));
#3759 = DIRECTION('',(0.,0.,1.));
#3760 = ADVANCED_FACE('',(#3761),#3772,.T.);
#3761 = FACE_BOUND('',#3762,.T.);
#3762 = EDGE_LOOP('',(#3763,#3764,#3765,#3771));
#3763 = ORIENTED_EDGE('',*,*,#2791,.F.);
#3764 = ORIENTED_EDGE('',*,*,#3365,.F.);
#3765 = ORIENTED_EDGE('',*,*,#3766,.T.);
#3766 = EDGE_CURVE('',#3358,#2591,#3767,.T.);
#3767 = LINE('',#3768,#3769);
#3768 = CARTESIAN_POINT('',(-3.15,3.13,-3.05));
#3769 = VECTOR('',#3770,1.);
#3770 = DIRECTION('',(0.,0.,-1.));
#3771 = ORIENTED_EDGE('',*,*,#2648,.T.);
#3772 = PLANE('',#3773);
#3773 = AXIS2_PLACEMENT_3D('',#3774,#3775,#3776);
#3774 = CARTESIAN_POINT('',(-3.15,3.13,-3.05));
#3775 = DIRECTION('',(1.,0.,0.));
#3776 = DIRECTION('',(0.,0.,-1.));
#3777 = ADVANCED_FACE('',(#3778),#3866,.F.);
#3778 = FACE_BOUND('',#3779,.T.);
#3779 = EDGE_LOOP('',(#3780,#3790,#3797,#3798,#3807,#3815,#3823,#3831,
    #3838,#3839,#3840,#3841,#3842,#3843,#3852,#3860));
#3780 = ORIENTED_EDGE('',*,*,#3781,.T.);
#3781 = EDGE_CURVE('',#3782,#3784,#3786,.T.);
#3782 = VERTEX_POINT('',#3783);
#3783 = CARTESIAN_POINT('',(1.18,3.13,-3.63));
#3784 = VERTEX_POINT('',#3785);
#3785 = CARTESIAN_POINT('',(1.18,3.13,-4.65));
#3786 = LINE('',#3787,#3788);
#3787 = CARTESIAN_POINT('',(1.18,3.13,-3.63));
#3788 = VECTOR('',#3789,1.);
#3789 = DIRECTION('',(0.,0.,-1.));
#3790 = ORIENTED_EDGE('',*,*,#3791,.F.);
#3791 = EDGE_CURVE('',#1239,#3784,#3792,.T.);
#3792 = CIRCLE('',#3793,0.3);
#3793 = AXIS2_PLACEMENT_3D('',#3794,#3795,#3796);
#3794 = CARTESIAN_POINT('',(0.88,3.13,-4.65));
#3795 = DIRECTION('',(0.,-1.,0.));
#3796 = DIRECTION('',(0.,0.,-1.));
#3797 = ORIENTED_EDGE('',*,*,#1236,.F.);
#3798 = ORIENTED_EDGE('',*,*,#3799,.F.);
#3799 = EDGE_CURVE('',#3800,#1237,#3802,.T.);
#3800 = VERTEX_POINT('',#3801);
#3801 = CARTESIAN_POINT('',(-1.18,3.13,-4.65));
#3802 = CIRCLE('',#3803,0.3);
#3803 = AXIS2_PLACEMENT_3D('',#3804,#3805,#3806);
#3804 = CARTESIAN_POINT('',(-0.88,3.13,-4.65));
#3805 = DIRECTION('',(0.,-1.,0.));
#3806 = DIRECTION('',(0.,0.,-1.));
#3807 = ORIENTED_EDGE('',*,*,#3808,.F.);
#3808 = EDGE_CURVE('',#3809,#3800,#3811,.T.);
#3809 = VERTEX_POINT('',#3810);
#3810 = CARTESIAN_POINT('',(-1.18,3.13,-3.63));
#3811 = LINE('',#3812,#3813);
#3812 = CARTESIAN_POINT('',(-1.18,3.13,-3.63));
#3813 = VECTOR('',#3814,1.);
#3814 = DIRECTION('',(0.,0.,-1.));
#3815 = ORIENTED_EDGE('',*,*,#3816,.F.);
#3816 = EDGE_CURVE('',#3817,#3809,#3819,.T.);
#3817 = VERTEX_POINT('',#3818);
#3818 = CARTESIAN_POINT('',(-1.82,3.13,-3.63));
#3819 = LINE('',#3820,#3821);
#3820 = CARTESIAN_POINT('',(-1.82,3.13,-3.63));
#3821 = VECTOR('',#3822,1.);
#3822 = DIRECTION('',(1.,0.,0.));
#3823 = ORIENTED_EDGE('',*,*,#3824,.T.);
#3824 = EDGE_CURVE('',#3817,#3825,#3827,.T.);
#3825 = VERTEX_POINT('',#3826);
#3826 = CARTESIAN_POINT('',(-1.82,3.13,-4.65));
#3827 = LINE('',#3828,#3829);
#3828 = CARTESIAN_POINT('',(-1.82,3.13,-3.63));
#3829 = VECTOR('',#3830,1.);
#3830 = DIRECTION('',(0.,0.,-1.));
#3831 = ORIENTED_EDGE('',*,*,#3832,.F.);
#3832 = EDGE_CURVE('',#2593,#3825,#3833,.T.);
#3833 = CIRCLE('',#3834,0.3);
#3834 = AXIS2_PLACEMENT_3D('',#3835,#3836,#3837);
#3835 = CARTESIAN_POINT('',(-2.12,3.13,-4.65));
#3836 = DIRECTION('',(0.,-1.,0.));
#3837 = DIRECTION('',(0.,0.,-1.));
#3838 = ORIENTED_EDGE('',*,*,#2590,.F.);
#3839 = ORIENTED_EDGE('',*,*,#3766,.F.);
#3840 = ORIENTED_EDGE('',*,*,#3357,.F.);
#3841 = ORIENTED_EDGE('',*,*,#3749,.F.);
#3842 = ORIENTED_EDGE('',*,*,#953,.F.);
#3843 = ORIENTED_EDGE('',*,*,#3844,.F.);
#3844 = EDGE_CURVE('',#3845,#946,#3847,.T.);
#3845 = VERTEX_POINT('',#3846);
#3846 = CARTESIAN_POINT('',(1.82,3.13,-4.65));
#3847 = CIRCLE('',#3848,0.3);
#3848 = AXIS2_PLACEMENT_3D('',#3849,#3850,#3851);
#3849 = CARTESIAN_POINT('',(2.12,3.13,-4.65));
#3850 = DIRECTION('',(0.,-1.,0.));
#3851 = DIRECTION('',(0.,0.,-1.));
#3852 = ORIENTED_EDGE('',*,*,#3853,.F.);
#3853 = EDGE_CURVE('',#3854,#3845,#3856,.T.);
#3854 = VERTEX_POINT('',#3855);
#3855 = CARTESIAN_POINT('',(1.82,3.13,-3.63));
#3856 = LINE('',#3857,#3858);
#3857 = CARTESIAN_POINT('',(1.82,3.13,-3.63));
#3858 = VECTOR('',#3859,1.);
#3859 = DIRECTION('',(0.,0.,-1.));
#3860 = ORIENTED_EDGE('',*,*,#3861,.F.);
#3861 = EDGE_CURVE('',#3782,#3854,#3862,.T.);
#3862 = LINE('',#3863,#3864);
#3863 = CARTESIAN_POINT('',(1.18,3.13,-3.63));
#3864 = VECTOR('',#3865,1.);
#3865 = DIRECTION('',(1.,0.,0.));
#3866 = PLANE('',#3867);
#3867 = AXIS2_PLACEMENT_3D('',#3868,#3869,#3870);
#3868 = CARTESIAN_POINT('',(0.,3.13,0.));
#3869 = DIRECTION('',(0.,-1.,0.));
#3870 = DIRECTION('',(0.,0.,-1.));
#3871 = ADVANCED_FACE('',(#3872),#3915,.F.);
#3872 = FACE_BOUND('',#3873,.T.);
#3873 = EDGE_LOOP('',(#3874,#3875,#3883,#3891,#3899,#3907,#3913,#3914));
#3874 = ORIENTED_EDGE('',*,*,#2567,.F.);
#3875 = ORIENTED_EDGE('',*,*,#3876,.T.);
#3876 = EDGE_CURVE('',#2560,#3877,#3879,.T.);
#3877 = VERTEX_POINT('',#3878);
#3878 = CARTESIAN_POINT('',(4.06,-0.53,-4.25));
#3879 = LINE('',#3880,#3881);
#3880 = CARTESIAN_POINT('',(4.06,-0.53,-4.25));
#3881 = VECTOR('',#3882,1.);
#3882 = DIRECTION('',(0.,1.,0.));
#3883 = ORIENTED_EDGE('',*,*,#3884,.T.);
#3884 = EDGE_CURVE('',#3877,#3885,#3887,.T.);
#3885 = VERTEX_POINT('',#3886);
#3886 = CARTESIAN_POINT('',(4.15,-0.53,-4.25));
#3887 = LINE('',#3888,#3889);
#3888 = CARTESIAN_POINT('',(3.86,-0.53,-4.25));
#3889 = VECTOR('',#3890,1.);
#3890 = DIRECTION('',(1.,3.738628180984E-16,0.));
#3891 = ORIENTED_EDGE('',*,*,#3892,.T.);
#3892 = EDGE_CURVE('',#3885,#3893,#3895,.T.);
#3893 = VERTEX_POINT('',#3894);
#3894 = CARTESIAN_POINT('',(4.15,1.47,-4.25));
#3895 = LINE('',#3896,#3897);
#3896 = CARTESIAN_POINT('',(4.15,-0.53,-4.25));
#3897 = VECTOR('',#3898,1.);
#3898 = DIRECTION('',(0.,1.,0.));
#3899 = ORIENTED_EDGE('',*,*,#3900,.T.);
#3900 = EDGE_CURVE('',#3893,#3901,#3903,.T.);
#3901 = VERTEX_POINT('',#3902);
#3902 = CARTESIAN_POINT('',(4.06,1.47,-4.25));
#3903 = LINE('',#3904,#3905);
#3904 = CARTESIAN_POINT('',(4.15,1.47,-4.25));
#3905 = VECTOR('',#3906,1.);
#3906 = DIRECTION('',(-1.,0.,0.));
#3907 = ORIENTED_EDGE('',*,*,#3908,.T.);
#3908 = EDGE_CURVE('',#3901,#1080,#3909,.T.);
#3909 = LINE('',#3910,#3911);
#3910 = CARTESIAN_POINT('',(4.06,2.73,-4.25));
#3911 = VECTOR('',#3912,1.);
#3912 = DIRECTION('',(0.,1.,0.));
#3913 = ORIENTED_EDGE('',*,*,#1079,.F.);
#3914 = ORIENTED_EDGE('',*,*,#3140,.F.);
#3915 = PLANE('',#3916);
#3916 = AXIS2_PLACEMENT_3D('',#3917,#3918,#3919);
#3917 = CARTESIAN_POINT('',(0.,0.,-4.25));
#3918 = DIRECTION('',(0.,0.,1.));
#3919 = DIRECTION('',(1.,0.,-0.));
#3920 = ADVANCED_FACE('',(#3921),#3945,.T.);
#3921 = FACE_BOUND('',#3922,.T.);
#3922 = EDGE_LOOP('',(#3923,#3924,#3930,#3931,#3939));
#3923 = ORIENTED_EDGE('',*,*,#913,.F.);
#3924 = ORIENTED_EDGE('',*,*,#3925,.T.);
#3925 = EDGE_CURVE('',#906,#2499,#3926,.T.);
#3926 = LINE('',#3927,#3928);
#3927 = CARTESIAN_POINT('',(3.86,0.97,-3.35));
#3928 = VECTOR('',#3929,1.);
#3929 = DIRECTION('',(0.707106781187,0.,0.707106781187));
#3930 = ORIENTED_EDGE('',*,*,#2498,.F.);
#3931 = ORIENTED_EDGE('',*,*,#3932,.T.);
#3932 = EDGE_CURVE('',#2491,#3933,#3935,.T.);
#3933 = VERTEX_POINT('',#3934);
#3934 = CARTESIAN_POINT('',(2.45,0.97,-2.95));
#3935 = LINE('',#3936,#3937);
#3936 = CARTESIAN_POINT('',(3.46,0.97,-2.95));
#3937 = VECTOR('',#3938,1.);
#3938 = DIRECTION('',(-1.,0.,0.));
#3939 = ORIENTED_EDGE('',*,*,#3940,.T.);
#3940 = EDGE_CURVE('',#3933,#914,#3941,.T.);
#3941 = LINE('',#3942,#3943);
#3942 = CARTESIAN_POINT('',(2.45,0.97,-2.95));
#3943 = VECTOR('',#3944,1.);
#3944 = DIRECTION('',(0.,0.,-1.));
#3945 = PLANE('',#3946);
#3946 = AXIS2_PLACEMENT_3D('',#3947,#3948,#3949);
#3947 = CARTESIAN_POINT('',(3.46,0.97,-2.95));
#3948 = DIRECTION('',(0.,-1.,0.));
#3949 = DIRECTION('',(0.,0.,-1.));
#3950 = ADVANCED_FACE('',(#3951),#3992,.T.);
#3951 = FACE_BOUND('',#3952,.T.);
#3952 = EDGE_LOOP('',(#3953,#3954,#3962,#3970,#3976,#3977,#3978,#3986));
#3953 = ORIENTED_EDGE('',*,*,#323,.F.);
#3954 = ORIENTED_EDGE('',*,*,#3955,.F.);
#3955 = EDGE_CURVE('',#3956,#314,#3958,.T.);
#3956 = VERTEX_POINT('',#3957);
#3957 = CARTESIAN_POINT('',(2.45,-0.305,-4.75));
#3958 = LINE('',#3959,#3960);
#3959 = CARTESIAN_POINT('',(2.45,-0.305,-4.75));
#3960 = VECTOR('',#3961,1.);
#3961 = DIRECTION('',(0.,0.,1.));
#3962 = ORIENTED_EDGE('',*,*,#3963,.T.);
#3963 = EDGE_CURVE('',#3956,#3964,#3966,.T.);
#3964 = VERTEX_POINT('',#3965);
#3965 = CARTESIAN_POINT('',(2.45,0.305,-4.75));
#3966 = LINE('',#3967,#3968);
#3967 = CARTESIAN_POINT('',(2.45,-0.305,-4.75));
#3968 = VECTOR('',#3969,1.);
#3969 = DIRECTION('',(0.,1.,0.));
#3970 = ORIENTED_EDGE('',*,*,#3971,.T.);
#3971 = EDGE_CURVE('',#3964,#882,#3972,.T.);
#3972 = LINE('',#3973,#3974);
#3973 = CARTESIAN_POINT('',(2.45,0.305,-4.75));
#3974 = VECTOR('',#3975,1.);
#3975 = DIRECTION('',(0.,0.,1.));
#3976 = ORIENTED_EDGE('',*,*,#921,.F.);
#3977 = ORIENTED_EDGE('',*,*,#3940,.F.);
#3978 = ORIENTED_EDGE('',*,*,#3979,.T.);
#3979 = EDGE_CURVE('',#3933,#3980,#3982,.T.);
#3980 = VERTEX_POINT('',#3981);
#3981 = CARTESIAN_POINT('',(2.45,-0.58,-2.95));
#3982 = LINE('',#3983,#3984);
#3983 = CARTESIAN_POINT('',(2.45,0.97,-2.95));
#3984 = VECTOR('',#3985,1.);
#3985 = DIRECTION('',(0.,-1.,0.));
#3986 = ORIENTED_EDGE('',*,*,#3987,.T.);
#3987 = EDGE_CURVE('',#3980,#324,#3988,.T.);
#3988 = LINE('',#3989,#3990);
#3989 = CARTESIAN_POINT('',(2.45,-0.58,-2.95));
#3990 = VECTOR('',#3991,1.);
#3991 = DIRECTION('',(0.,0.,-1.));
#3992 = PLANE('',#3993);
#3993 = AXIS2_PLACEMENT_3D('',#3994,#3995,#3996);
#3994 = CARTESIAN_POINT('',(2.45,0.97,-2.95));
#3995 = DIRECTION('',(1.,0.,0.));
#3996 = DIRECTION('',(0.,0.,-1.));
#3997 = ADVANCED_FACE('',(#3998),#4015,.T.);
#3998 = FACE_BOUND('',#3999,.T.);
#3999 = EDGE_LOOP('',(#4000,#4001,#4007,#4008,#4009));
#4000 = ORIENTED_EDGE('',*,*,#2482,.T.);
#4001 = ORIENTED_EDGE('',*,*,#4002,.T.);
#4002 = EDGE_CURVE('',#2475,#332,#4003,.T.);
#4003 = LINE('',#4004,#4005);
#4004 = CARTESIAN_POINT('',(3.355,-0.58,-3.855));
#4005 = VECTOR('',#4006,1.);
#4006 = DIRECTION('',(-0.707106781187,7.59056146873E-17,-0.707106781187)
  );
#4007 = ORIENTED_EDGE('',*,*,#331,.F.);
#4008 = ORIENTED_EDGE('',*,*,#3987,.F.);
#4009 = ORIENTED_EDGE('',*,*,#4010,.T.);
#4010 = EDGE_CURVE('',#3980,#2483,#4011,.T.);
#4011 = LINE('',#4012,#4013);
#4012 = CARTESIAN_POINT('',(2.45,-0.58,-2.95));
#4013 = VECTOR('',#4014,1.);
#4014 = DIRECTION('',(1.,-1.07346749751E-16,0.));
#4015 = PLANE('',#4016);
#4016 = AXIS2_PLACEMENT_3D('',#4017,#4018,#4019);
#4017 = CARTESIAN_POINT('',(2.45,-0.58,-2.95));
#4018 = DIRECTION('',(1.07346749751E-16,1.,0.));
#4019 = DIRECTION('',(-1.,1.07346749751E-16,0.));
#4020 = ADVANCED_FACE('',(#4021),#4027,.F.);
#4021 = FACE_BOUND('',#4022,.T.);
#4022 = EDGE_LOOP('',(#4023,#4024,#4025,#4026));
#4023 = ORIENTED_EDGE('',*,*,#2490,.F.);
#4024 = ORIENTED_EDGE('',*,*,#4010,.F.);
#4025 = ORIENTED_EDGE('',*,*,#3979,.F.);
#4026 = ORIENTED_EDGE('',*,*,#3932,.F.);
#4027 = PLANE('',#4028);
#4028 = AXIS2_PLACEMENT_3D('',#4029,#4030,#4031);
#4029 = CARTESIAN_POINT('',(0.,0.,-2.95));
#4030 = DIRECTION('',(0.,0.,1.));
#4031 = DIRECTION('',(1.,0.,-0.));
#4032 = ADVANCED_FACE('',(#4033),#4057,.F.);
#4033 = FACE_BOUND('',#4034,.T.);
#4034 = EDGE_LOOP('',(#4035,#4036,#4042,#4043,#4051));
#4035 = ORIENTED_EDGE('',*,*,#3884,.F.);
#4036 = ORIENTED_EDGE('',*,*,#4037,.T.);
#4037 = EDGE_CURVE('',#3877,#2292,#4038,.T.);
#4038 = LINE('',#4039,#4040);
#4039 = CARTESIAN_POINT('',(3.86,-0.53,-4.05));
#4040 = VECTOR('',#4041,1.);
#4041 = DIRECTION('',(-0.707106781187,-2.643609339109E-16,0.707106781187
    ));
#4042 = ORIENTED_EDGE('',*,*,#2291,.T.);
#4043 = ORIENTED_EDGE('',*,*,#4044,.T.);
#4044 = EDGE_CURVE('',#2284,#4045,#4047,.T.);
#4045 = VERTEX_POINT('',#4046);
#4046 = CARTESIAN_POINT('',(4.15,-0.53,-2.95));
#4047 = LINE('',#4048,#4049);
#4048 = CARTESIAN_POINT('',(3.86,-0.53,-2.95));
#4049 = VECTOR('',#4050,1.);
#4050 = DIRECTION('',(1.,3.738628180984E-16,0.));
#4051 = ORIENTED_EDGE('',*,*,#4052,.F.);
#4052 = EDGE_CURVE('',#3885,#4045,#4053,.T.);
#4053 = LINE('',#4054,#4055);
#4054 = CARTESIAN_POINT('',(4.15,-0.53,-4.25));
#4055 = VECTOR('',#4056,1.);
#4056 = DIRECTION('',(0.,0.,1.));
#4057 = PLANE('',#4058);
#4058 = AXIS2_PLACEMENT_3D('',#4059,#4060,#4061);
#4059 = CARTESIAN_POINT('',(3.86,-0.53,-4.25));
#4060 = DIRECTION('',(3.738628180984E-16,-1.,0.));
#4061 = DIRECTION('',(1.,3.738628180984E-16,0.));
#4062 = ADVANCED_FACE('',(#4063),#4081,.F.);
#4063 = FACE_BOUND('',#4064,.T.);
#4064 = EDGE_LOOP('',(#4065,#4066,#4074,#4080));
#4065 = ORIENTED_EDGE('',*,*,#4052,.T.);
#4066 = ORIENTED_EDGE('',*,*,#4067,.T.);
#4067 = EDGE_CURVE('',#4045,#4068,#4070,.T.);
#4068 = VERTEX_POINT('',#4069);
#4069 = CARTESIAN_POINT('',(4.15,1.47,-2.95));
#4070 = LINE('',#4071,#4072);
#4071 = CARTESIAN_POINT('',(4.15,-0.53,-2.95));
#4072 = VECTOR('',#4073,1.);
#4073 = DIRECTION('',(0.,1.,0.));
#4074 = ORIENTED_EDGE('',*,*,#4075,.F.);
#4075 = EDGE_CURVE('',#3893,#4068,#4076,.T.);
#4076 = LINE('',#4077,#4078);
#4077 = CARTESIAN_POINT('',(4.15,1.47,-4.25));
#4078 = VECTOR('',#4079,1.);
#4079 = DIRECTION('',(0.,0.,1.));
#4080 = ORIENTED_EDGE('',*,*,#3892,.F.);
#4081 = PLANE('',#4082);
#4082 = AXIS2_PLACEMENT_3D('',#4083,#4084,#4085);
#4083 = CARTESIAN_POINT('',(4.15,-0.53,-4.25));
#4084 = DIRECTION('',(1.,0.,0.));
#4085 = DIRECTION('',(0.,0.,-1.));
#4086 = ADVANCED_FACE('',(#4087),#4104,.F.);
#4087 = FACE_BOUND('',#4088,.T.);
#4088 = EDGE_LOOP('',(#4089,#4090,#4096,#4097,#4098));
#4089 = ORIENTED_EDGE('',*,*,#2275,.F.);
#4090 = ORIENTED_EDGE('',*,*,#4091,.T.);
#4091 = EDGE_CURVE('',#2268,#3901,#4092,.T.);
#4092 = LINE('',#4093,#4094);
#4093 = CARTESIAN_POINT('',(3.86,1.47,-4.05));
#4094 = VECTOR('',#4095,1.);
#4095 = DIRECTION('',(0.707106781187,0.,-0.707106781187));
#4096 = ORIENTED_EDGE('',*,*,#3900,.F.);
#4097 = ORIENTED_EDGE('',*,*,#4075,.T.);
#4098 = ORIENTED_EDGE('',*,*,#4099,.T.);
#4099 = EDGE_CURVE('',#4068,#2276,#4100,.T.);
#4100 = LINE('',#4101,#4102);
#4101 = CARTESIAN_POINT('',(4.15,1.47,-2.95));
#4102 = VECTOR('',#4103,1.);
#4103 = DIRECTION('',(-1.,0.,0.));
#4104 = PLANE('',#4105);
#4105 = AXIS2_PLACEMENT_3D('',#4106,#4107,#4108);
#4106 = CARTESIAN_POINT('',(4.15,1.47,-4.25));
#4107 = DIRECTION('',(0.,1.,0.));
#4108 = DIRECTION('',(0.,-0.,1.));
#4109 = ADVANCED_FACE('',(#4110),#4116,.F.);
#4110 = FACE_BOUND('',#4111,.T.);
#4111 = EDGE_LOOP('',(#4112,#4113,#4114,#4115));
#4112 = ORIENTED_EDGE('',*,*,#4044,.F.);
#4113 = ORIENTED_EDGE('',*,*,#2283,.F.);
#4114 = ORIENTED_EDGE('',*,*,#4099,.F.);
#4115 = ORIENTED_EDGE('',*,*,#4067,.F.);
#4116 = PLANE('',#4117);
#4117 = AXIS2_PLACEMENT_3D('',#4118,#4119,#4120);
#4118 = CARTESIAN_POINT('',(0.,0.,-2.95));
#4119 = DIRECTION('',(0.,0.,1.));
#4120 = DIRECTION('',(1.,0.,-0.));
#4121 = ADVANCED_FACE('',(#4122),#4128,.T.);
#4122 = FACE_BOUND('',#4123,.T.);
#4123 = EDGE_LOOP('',(#4124,#4125,#4126,#4127));
#4124 = ORIENTED_EDGE('',*,*,#4002,.F.);
#4125 = ORIENTED_EDGE('',*,*,#2474,.F.);
#4126 = ORIENTED_EDGE('',*,*,#1017,.F.);
#4127 = ORIENTED_EDGE('',*,*,#339,.F.);
#4128 = PLANE('',#4129);
#4129 = AXIS2_PLACEMENT_3D('',#4130,#4131,#4132);
#4130 = CARTESIAN_POINT('',(3.26,0.,-3.95));
#4131 = DIRECTION('',(0.707106781187,0.,-0.707106781187));
#4132 = DIRECTION('',(0.,1.,0.));
#4133 = ADVANCED_FACE('',(#4134),#4140,.T.);
#4134 = FACE_BOUND('',#4135,.T.);
#4135 = EDGE_LOOP('',(#4136,#4137,#4138,#4139));
#4136 = ORIENTED_EDGE('',*,*,#1119,.F.);
#4137 = ORIENTED_EDGE('',*,*,#2506,.F.);
#4138 = ORIENTED_EDGE('',*,*,#3925,.F.);
#4139 = ORIENTED_EDGE('',*,*,#905,.F.);
#4140 = PLANE('',#4141);
#4141 = AXIS2_PLACEMENT_3D('',#4142,#4143,#4144);
#4142 = CARTESIAN_POINT('',(3.26,0.,-3.95));
#4143 = DIRECTION('',(0.707106781187,0.,-0.707106781187));
#4144 = DIRECTION('',(0.,1.,0.));
#4145 = ADVANCED_FACE('',(#4146),#4152,.T.);
#4146 = FACE_BOUND('',#4147,.T.);
#4147 = EDGE_LOOP('',(#4148,#4149,#4150,#4151));
#4148 = ORIENTED_EDGE('',*,*,#4037,.F.);
#4149 = ORIENTED_EDGE('',*,*,#3876,.F.);
#4150 = ORIENTED_EDGE('',*,*,#2559,.F.);
#4151 = ORIENTED_EDGE('',*,*,#2299,.F.);
#4152 = PLANE('',#4153);
#4153 = AXIS2_PLACEMENT_3D('',#4154,#4155,#4156);
#4154 = CARTESIAN_POINT('',(3.86,0.,-4.05));
#4155 = DIRECTION('',(-0.707106781187,0.,-0.707106781187));
#4156 = DIRECTION('',(0.,1.,0.));
#4157 = ADVANCED_FACE('',(#4158),#4164,.T.);
#4158 = FACE_BOUND('',#4159,.T.);
#4159 = EDGE_LOOP('',(#4160,#4161,#4162,#4163));
#4160 = ORIENTED_EDGE('',*,*,#1087,.F.);
#4161 = ORIENTED_EDGE('',*,*,#3908,.F.);
#4162 = ORIENTED_EDGE('',*,*,#4091,.F.);
#4163 = ORIENTED_EDGE('',*,*,#2267,.F.);
#4164 = PLANE('',#4165);
#4165 = AXIS2_PLACEMENT_3D('',#4166,#4167,#4168);
#4166 = CARTESIAN_POINT('',(3.86,0.,-4.05));
#4167 = DIRECTION('',(-0.707106781187,0.,-0.707106781187));
#4168 = DIRECTION('',(0.,1.,0.));
#4169 = ADVANCED_FACE('',(#4170),#4186,.F.);
#4170 = FACE_BOUND('',#4171,.T.);
#4171 = EDGE_LOOP('',(#4172,#4173,#4179,#4180));
#4172 = ORIENTED_EDGE('',*,*,#2221,.T.);
#4173 = ORIENTED_EDGE('',*,*,#4174,.T.);
#4174 = EDGE_CURVE('',#2214,#2388,#4175,.T.);
#4175 = LINE('',#4176,#4177);
#4176 = CARTESIAN_POINT('',(3.46,3.23,-2.15));
#4177 = VECTOR('',#4178,1.);
#4178 = DIRECTION('',(-1.,0.,0.));
#4179 = ORIENTED_EDGE('',*,*,#2385,.F.);
#4180 = ORIENTED_EDGE('',*,*,#4181,.F.);
#4181 = EDGE_CURVE('',#2222,#2386,#4182,.T.);
#4182 = LINE('',#4183,#4184);
#4183 = CARTESIAN_POINT('',(3.86,2.93,-2.15));
#4184 = VECTOR('',#4185,1.);
#4185 = DIRECTION('',(-1.,0.,0.));
#4186 = PLANE('',#4187);
#4187 = AXIS2_PLACEMENT_3D('',#4188,#4189,#4190);
#4188 = CARTESIAN_POINT('',(3.86,2.93,-2.15));
#4189 = DIRECTION('',(0.,0.,-1.));
#4190 = DIRECTION('',(-1.,0.,0.));
#4191 = ADVANCED_FACE('',(#4192),#4198,.T.);
#4192 = FACE_BOUND('',#4193,.T.);
#4193 = EDGE_LOOP('',(#4194,#4195,#4196,#4197));
#4194 = ORIENTED_EDGE('',*,*,#2173,.T.);
#4195 = ORIENTED_EDGE('',*,*,#2229,.T.);
#4196 = ORIENTED_EDGE('',*,*,#4181,.T.);
#4197 = ORIENTED_EDGE('',*,*,#2544,.T.);
#4198 = PLANE('',#4199);
#4199 = AXIS2_PLACEMENT_3D('',#4200,#4201,#4202);
#4200 = CARTESIAN_POINT('',(0.,2.93,0.));
#4201 = DIRECTION('',(0.,1.,0.));
#4202 = DIRECTION('',(0.,-0.,1.));
#4203 = ADVANCED_FACE('',(#4204),#4238,.T.);
#4204 = FACE_BOUND('',#4205,.T.);
#4205 = EDGE_LOOP('',(#4206,#4216,#4222,#4223,#4224,#4232));
#4206 = ORIENTED_EDGE('',*,*,#4207,.F.);
#4207 = EDGE_CURVE('',#4208,#4210,#4212,.T.);
#4208 = VERTEX_POINT('',#4209);
#4209 = CARTESIAN_POINT('',(1.21,6.13,1.27));
#4210 = VERTEX_POINT('',#4211);
#4211 = CARTESIAN_POINT('',(1.21,5.73,1.27));
#4212 = LINE('',#4213,#4214);
#4213 = CARTESIAN_POINT('',(1.21,7.13,1.27));
#4214 = VECTOR('',#4215,1.);
#4215 = DIRECTION('',(0.,-1.,0.));
#4216 = ORIENTED_EDGE('',*,*,#4217,.T.);
#4217 = EDGE_CURVE('',#4208,#3317,#4218,.T.);
#4218 = LINE('',#4219,#4220);
#4219 = CARTESIAN_POINT('',(0.45,6.13,1.27));
#4220 = VECTOR('',#4221,1.);
#4221 = DIRECTION('',(-1.,0.,0.));
#4222 = ORIENTED_EDGE('',*,*,#3316,.T.);
#4223 = ORIENTED_EDGE('',*,*,#2125,.F.);
#4224 = ORIENTED_EDGE('',*,*,#4225,.F.);
#4225 = EDGE_CURVE('',#4226,#2117,#4228,.T.);
#4226 = VERTEX_POINT('',#4227);
#4227 = CARTESIAN_POINT('',(0.764226184016,5.73,1.27));
#4228 = LINE('',#4229,#4230);
#4229 = CARTESIAN_POINT('',(0.764226184016,5.73,1.27));
#4230 = VECTOR('',#4231,1.);
#4231 = DIRECTION('',(0.,-1.,0.));
#4232 = ORIENTED_EDGE('',*,*,#4233,.T.);
#4233 = EDGE_CURVE('',#4226,#4210,#4234,.T.);
#4234 = LINE('',#4235,#4236);
#4235 = CARTESIAN_POINT('',(0.45,5.73,1.27));
#4236 = VECTOR('',#4237,1.);
#4237 = DIRECTION('',(1.,0.,-2.567847250624E-15));
#4238 = PLANE('',#4239);
#4239 = AXIS2_PLACEMENT_3D('',#4240,#4241,#4242);
#4240 = CARTESIAN_POINT('',(0.45,5.73,1.27));
#4241 = DIRECTION('',(0.,0.,1.));
#4242 = DIRECTION('',(1.,0.,-0.));
#4243 = ADVANCED_FACE('',(#4244),#4278,.T.);
#4244 = FACE_BOUND('',#4245,.T.);
#4245 = EDGE_LOOP('',(#4246,#4247,#4255,#4263,#4271,#4277));
#4246 = ORIENTED_EDGE('',*,*,#3291,.F.);
#4247 = ORIENTED_EDGE('',*,*,#4248,.T.);
#4248 = EDGE_CURVE('',#3284,#4249,#4251,.T.);
#4249 = VERTEX_POINT('',#4250);
#4250 = CARTESIAN_POINT('',(1.21,6.13,-0.57));
#4251 = LINE('',#4252,#4253);
#4252 = CARTESIAN_POINT('',(0.45,6.13,-0.57));
#4253 = VECTOR('',#4254,1.);
#4254 = DIRECTION('',(1.,0.,0.));
#4255 = ORIENTED_EDGE('',*,*,#4256,.T.);
#4256 = EDGE_CURVE('',#4249,#4257,#4259,.T.);
#4257 = VERTEX_POINT('',#4258);
#4258 = CARTESIAN_POINT('',(1.21,5.73,-0.57));
#4259 = LINE('',#4260,#4261);
#4260 = CARTESIAN_POINT('',(1.21,7.13,-0.57));
#4261 = VECTOR('',#4262,1.);
#4262 = DIRECTION('',(0.,-1.,0.));
#4263 = ORIENTED_EDGE('',*,*,#4264,.T.);
#4264 = EDGE_CURVE('',#4257,#4265,#4267,.T.);
#4265 = VERTEX_POINT('',#4266);
#4266 = CARTESIAN_POINT('',(0.764226184016,5.73,-0.57));
#4267 = LINE('',#4268,#4269);
#4268 = CARTESIAN_POINT('',(1.21,5.73,-0.57));
#4269 = VECTOR('',#4270,1.);
#4270 = DIRECTION('',(-1.,0.,-2.282530889443E-15));
#4271 = ORIENTED_EDGE('',*,*,#4272,.T.);
#4272 = EDGE_CURVE('',#4265,#3412,#4273,.T.);
#4273 = LINE('',#4274,#4275);
#4274 = CARTESIAN_POINT('',(0.764226184016,5.73,-0.57));
#4275 = VECTOR('',#4276,1.);
#4276 = DIRECTION('',(0.,-1.,0.));
#4277 = ORIENTED_EDGE('',*,*,#3411,.F.);
#4278 = PLANE('',#4279);
#4279 = AXIS2_PLACEMENT_3D('',#4280,#4281,#4282);
#4280 = CARTESIAN_POINT('',(0.45,5.73,-0.57));
#4281 = DIRECTION('',(0.,0.,-1.));
#4282 = DIRECTION('',(-1.,0.,0.));
#4283 = ADVANCED_FACE('',(#4284),#4297,.T.);
#4284 = FACE_BOUND('',#4285,.T.);
#4285 = EDGE_LOOP('',(#4286,#4287,#4288,#4295,#4296));
#4286 = ORIENTED_EDGE('',*,*,#3419,.F.);
#4287 = ORIENTED_EDGE('',*,*,#4272,.F.);
#4288 = ORIENTED_EDGE('',*,*,#4289,.T.);
#4289 = EDGE_CURVE('',#4265,#4226,#4290,.T.);
#4290 = CIRCLE('',#4291,0.96);
#4291 = AXIS2_PLACEMENT_3D('',#4292,#4293,#4294);
#4292 = CARTESIAN_POINT('',(0.49,5.73,0.35));
#4293 = DIRECTION('',(0.,-1.,0.));
#4294 = DIRECTION('',(0.,0.,-1.));
#4295 = ORIENTED_EDGE('',*,*,#4225,.T.);
#4296 = ORIENTED_EDGE('',*,*,#2114,.F.);
#4297 = CYLINDRICAL_SURFACE('',#4298,0.96);
#4298 = AXIS2_PLACEMENT_3D('',#4299,#4300,#4301);
#4299 = CARTESIAN_POINT('',(0.49,5.73,0.35));
#4300 = DIRECTION('',(0.,-1.,0.));
#4301 = DIRECTION('',(0.,0.,-1.));
#4302 = ADVANCED_FACE('',(#4303),#4321,.T.);
#4303 = FACE_BOUND('',#4304,.T.);
#4304 = EDGE_LOOP('',(#4305,#4306,#4313,#4314));
#4305 = ORIENTED_EDGE('',*,*,#4256,.F.);
#4306 = ORIENTED_EDGE('',*,*,#4307,.F.);
#4307 = EDGE_CURVE('',#4208,#4249,#4308,.T.);
#4308 = CIRCLE('',#4309,1.258);
#4309 = AXIS2_PLACEMENT_3D('',#4310,#4311,#4312);
#4310 = CARTESIAN_POINT('',(0.352,6.13,0.35));
#4311 = DIRECTION('',(0.,1.,0.));
#4312 = DIRECTION('',(0.,-0.,1.));
#4313 = ORIENTED_EDGE('',*,*,#4207,.T.);
#4314 = ORIENTED_EDGE('',*,*,#4315,.T.);
#4315 = EDGE_CURVE('',#4210,#4257,#4316,.T.);
#4316 = CIRCLE('',#4317,1.258);
#4317 = AXIS2_PLACEMENT_3D('',#4318,#4319,#4320);
#4318 = CARTESIAN_POINT('',(0.352,5.73,0.35));
#4319 = DIRECTION('',(0.,1.,0.));
#4320 = DIRECTION('',(0.,-0.,1.));
#4321 = CYLINDRICAL_SURFACE('',#4322,1.258);
#4322 = AXIS2_PLACEMENT_3D('',#4323,#4324,#4325);
#4323 = CARTESIAN_POINT('',(0.352,7.13,0.35));
#4324 = DIRECTION('',(0.,-1.,0.));
#4325 = DIRECTION('',(0.,0.,-1.));
#4326 = ADVANCED_FACE('',(#4327),#4353,.T.);
#4327 = FACE_BOUND('',#4328,.T.);
#4328 = EDGE_LOOP('',(#4329,#4337,#4346,#4352));
#4329 = ORIENTED_EDGE('',*,*,#4330,.F.);
#4330 = EDGE_CURVE('',#4331,#3267,#4333,.T.);
#4331 = VERTEX_POINT('',#4332);
#4332 = CARTESIAN_POINT('',(0.835457990478,7.13,0.59695048315));
#4333 = LINE('',#4334,#4335);
#4334 = CARTESIAN_POINT('',(0.352,7.13,0.59695048315));
#4335 = VECTOR('',#4336,1.);
#4336 = DIRECTION('',(-1.,0.,0.));
#4337 = ORIENTED_EDGE('',*,*,#4338,.T.);
#4338 = EDGE_CURVE('',#4331,#4339,#4341,.T.);
#4339 = VERTEX_POINT('',#4340);
#4340 = CARTESIAN_POINT('',(0.835457990478,7.13,0.10304951685));
#4341 = CIRCLE('',#4342,0.542877674697);
#4342 = AXIS2_PLACEMENT_3D('',#4343,#4344,#4345);
#4343 = CARTESIAN_POINT('',(0.352,7.13,0.35));
#4344 = DIRECTION('',(0.,1.,0.));
#4345 = DIRECTION('',(0.,-0.,1.));
#4346 = ORIENTED_EDGE('',*,*,#4347,.F.);
#4347 = EDGE_CURVE('',#3265,#4339,#4348,.T.);
#4348 = LINE('',#4349,#4350);
#4349 = CARTESIAN_POINT('',(0.352,7.13,0.10304951685));
#4350 = VECTOR('',#4351,1.);
#4351 = DIRECTION('',(1.,0.,0.));
#4352 = ORIENTED_EDGE('',*,*,#3264,.T.);
#4353 = PLANE('',#4354);
#4354 = AXIS2_PLACEMENT_3D('',#4355,#4356,#4357);
#4355 = CARTESIAN_POINT('',(0.352,7.13,0.35));
#4356 = DIRECTION('',(0.,1.,0.));
#4357 = DIRECTION('',(0.,-0.,1.));
#4358 = ADVANCED_FACE('',(#4359),#4365,.F.);
#4359 = FACE_BOUND('',#4360,.T.);
#4360 = EDGE_LOOP('',(#4361,#4362,#4363,#4364));
#4361 = ORIENTED_EDGE('',*,*,#4289,.F.);
#4362 = ORIENTED_EDGE('',*,*,#4264,.F.);
#4363 = ORIENTED_EDGE('',*,*,#4315,.F.);
#4364 = ORIENTED_EDGE('',*,*,#4233,.F.);
#4365 = PLANE('',#4366);
#4366 = AXIS2_PLACEMENT_3D('',#4367,#4368,#4369);
#4367 = CARTESIAN_POINT('',(0.352,5.73,0.35));
#4368 = DIRECTION('',(0.,1.,0.));
#4369 = DIRECTION('',(0.,-0.,1.));
#4370 = ADVANCED_FACE('',(#4371),#4390,.F.);
#4371 = FACE_BOUND('',#4372,.T.);
#4372 = EDGE_LOOP('',(#4373,#4381,#4388,#4389));
#4373 = ORIENTED_EDGE('',*,*,#4374,.F.);
#4374 = EDGE_CURVE('',#4375,#3275,#4377,.T.);
#4375 = VERTEX_POINT('',#4376);
#4376 = CARTESIAN_POINT('',(0.856705013104,6.97521980674,-0.14739009663)
  );
#4377 = LINE('',#4378,#4379);
#4378 = CARTESIAN_POINT('',(0.352,6.97521980674,-0.14739009663));
#4379 = VECTOR('',#4380,1.);
#4380 = DIRECTION('',(-1.,0.,0.));
#4381 = ORIENTED_EDGE('',*,*,#4382,.T.);
#4382 = EDGE_CURVE('',#4375,#4249,#4383,.T.);
#4383 = B_SPLINE_CURVE_WITH_KNOTS('',3,(#4384,#4385,#4386,#4387),
  .UNSPECIFIED.,.F.,.F.,(4,4),(0.,1.008867186451E-03),
  .PIECEWISE_BEZIER_KNOTS.);
#4384 = CARTESIAN_POINT('',(0.856705013104,6.97521980674,-0.14739009663)
  );
#4385 = CARTESIAN_POINT('',(0.974928675057,6.693633246185,
    -0.288183376907));
#4386 = CARTESIAN_POINT('',(1.092505041098,6.411830234101,-0.42908488295
    ));
#4387 = CARTESIAN_POINT('',(1.21,6.13,-0.57));
#4388 = ORIENTED_EDGE('',*,*,#4248,.F.);
#4389 = ORIENTED_EDGE('',*,*,#3283,.T.);
#4390 = PLANE('',#4391);
#4391 = AXIS2_PLACEMENT_3D('',#4392,#4393,#4394);
#4392 = CARTESIAN_POINT('',(0.352,7.13,-7.E-02));
#4393 = DIRECTION('',(0.,-0.4472135955,0.894427191));
#4394 = DIRECTION('',(-1.,0.,0.));
#4395 = ADVANCED_FACE('',(#4396),#4415,.F.);
#4396 = FACE_BOUND('',#4397,.T.);
#4397 = EDGE_LOOP('',(#4398,#4399,#4408,#4414));
#4398 = ORIENTED_EDGE('',*,*,#4217,.F.);
#4399 = ORIENTED_EDGE('',*,*,#4400,.T.);
#4400 = EDGE_CURVE('',#4208,#4401,#4403,.T.);
#4401 = VERTEX_POINT('',#4402);
#4402 = CARTESIAN_POINT('',(0.856705013104,6.97521980674,0.84739009663)
  );
#4403 = B_SPLINE_CURVE_WITH_KNOTS('',3,(#4404,#4405,#4406,#4407),
  .UNSPECIFIED.,.F.,.F.,(4,4),(1.062296840243E-18,1.008867186451E-03),
  .PIECEWISE_BEZIER_KNOTS.);
#4404 = CARTESIAN_POINT('',(1.21,6.13,1.27));
#4405 = CARTESIAN_POINT('',(1.092505041098,6.411830234101,1.12908488295)
  );
#4406 = CARTESIAN_POINT('',(0.974928675057,6.693633246185,0.988183376907
    ));
#4407 = CARTESIAN_POINT('',(0.856705013104,6.97521980674,0.84739009663)
  );
#4408 = ORIENTED_EDGE('',*,*,#4409,.F.);
#4409 = EDGE_CURVE('',#3325,#4401,#4410,.T.);
#4410 = LINE('',#4411,#4412);
#4411 = CARTESIAN_POINT('',(0.352,6.97521980674,0.84739009663));
#4412 = VECTOR('',#4413,1.);
#4413 = DIRECTION('',(1.,0.,0.));
#4414 = ORIENTED_EDGE('',*,*,#3324,.T.);
#4415 = PLANE('',#4416);
#4416 = AXIS2_PLACEMENT_3D('',#4417,#4418,#4419);
#4417 = CARTESIAN_POINT('',(0.352,7.13,0.77));
#4418 = DIRECTION('',(0.,-0.4472135955,-0.894427191));
#4419 = DIRECTION('',(1.,0.,0.));
#4420 = ADVANCED_FACE('',(#4421),#4442,.T.);
#4421 = FACE_BOUND('',#4422,.T.);
#4422 = EDGE_LOOP('',(#4423,#4432,#4439,#4440,#4441));
#4423 = ORIENTED_EDGE('',*,*,#4424,.T.);
#4424 = EDGE_CURVE('',#4401,#4425,#4427,.T.);
#4425 = VERTEX_POINT('',#4426);
#4426 = CARTESIAN_POINT('',(0.845410864143,7.075398602071,0.763069326706
    ));
#4427 = B_SPLINE_CURVE_WITH_KNOTS('',3,(#4428,#4429,#4430,#4431),
  .UNSPECIFIED.,.F.,.F.,(4,4),(0.,1.335507251205E-04),
  .PIECEWISE_BEZIER_KNOTS.);
#4428 = CARTESIAN_POINT('',(0.856705013104,6.97521980674,0.84739009663)
  );
#4429 = CARTESIAN_POINT('',(0.840820431677,7.0130538966,0.8284730517));
#4430 = CARTESIAN_POINT('',(0.837816643111,7.04904875138,0.798822161144)
  );
#4431 = CARTESIAN_POINT('',(0.845410864143,7.075398602071,0.763069326706
    ));
#4432 = ORIENTED_EDGE('',*,*,#4433,.T.);
#4433 = EDGE_CURVE('',#4425,#4331,#4434,.T.);
#4434 = B_SPLINE_CURVE_WITH_KNOTS('',3,(#4435,#4436,#4437,#4438),
  .UNSPECIFIED.,.F.,.F.,(4,4),(1.084202172485E-19,1.78722385885E-04),
  .PIECEWISE_BEZIER_KNOTS.);
#4435 = CARTESIAN_POINT('',(0.845410864143,7.075398602071,0.763069326706
    ));
#4436 = CARTESIAN_POINT('',(0.855550879579,7.110581656606,0.715331146383
    ));
#4437 = CARTESIAN_POINT('',(0.84837030504,7.13,0.65510961542));
#4438 = CARTESIAN_POINT('',(0.835457990478,7.13,0.59695048315));
#4439 = ORIENTED_EDGE('',*,*,#4330,.T.);
#4440 = ORIENTED_EDGE('',*,*,#3332,.F.);
#4441 = ORIENTED_EDGE('',*,*,#4409,.T.);
#4442 = CYLINDRICAL_SURFACE('',#4443,0.28);
#4443 = AXIS2_PLACEMENT_3D('',#4444,#4445,#4446);
#4444 = CARTESIAN_POINT('',(0.352,6.85,0.59695048315));
#4445 = DIRECTION('',(-1.,0.,0.));
#4446 = DIRECTION('',(0.,0.,1.));
#4447 = ADVANCED_FACE('',(#4448),#4469,.T.);
#4448 = FACE_BOUND('',#4449,.T.);
#4449 = EDGE_LOOP('',(#4450,#4451,#4460,#4467,#4468));
#4450 = ORIENTED_EDGE('',*,*,#4347,.T.);
#4451 = ORIENTED_EDGE('',*,*,#4452,.F.);
#4452 = EDGE_CURVE('',#4453,#4339,#4455,.T.);
#4453 = VERTEX_POINT('',#4454);
#4454 = CARTESIAN_POINT('',(0.845410864143,7.075398602071,
    -6.306932670559E-02));
#4455 = B_SPLINE_CURVE_WITH_KNOTS('',3,(#4456,#4457,#4458,#4459),
  .UNSPECIFIED.,.F.,.F.,(4,4),(2.710505431214E-20,1.78722385885E-04),
  .PIECEWISE_BEZIER_KNOTS.);
#4456 = CARTESIAN_POINT('',(0.845410864143,7.075398602071,
    -6.306932670559E-02));
#4457 = CARTESIAN_POINT('',(0.855550879579,7.110581656606,
    -1.533114638289E-02));
#4458 = CARTESIAN_POINT('',(0.84837030504,7.13,4.489038458019E-02));
#4459 = CARTESIAN_POINT('',(0.835457990478,7.13,0.10304951685));
#4460 = ORIENTED_EDGE('',*,*,#4461,.T.);
#4461 = EDGE_CURVE('',#4453,#4375,#4462,.T.);
#4462 = B_SPLINE_CURVE_WITH_KNOTS('',3,(#4463,#4464,#4465,#4466),
  .UNSPECIFIED.,.F.,.F.,(4,4),(1.878651365912E-04,3.213256423472E-04),
  .PIECEWISE_BEZIER_KNOTS.);
#4463 = CARTESIAN_POINT('',(0.845410864143,7.075398602071,
    -6.306932670559E-02));
#4464 = CARTESIAN_POINT('',(0.837803403765,7.049002814505,
    -9.888449066063E-02));
#4465 = CARTESIAN_POINT('',(0.840802748949,7.013096013538,
    -0.128451993231));
#4466 = CARTESIAN_POINT('',(0.856705013104,6.97521980674,-0.14739009663)
  );
#4467 = ORIENTED_EDGE('',*,*,#4374,.T.);
#4468 = ORIENTED_EDGE('',*,*,#3274,.F.);
#4469 = CYLINDRICAL_SURFACE('',#4470,0.28);
#4470 = AXIS2_PLACEMENT_3D('',#4471,#4472,#4473);
#4471 = CARTESIAN_POINT('',(0.352,6.85,0.10304951685));
#4472 = DIRECTION('',(1.,0.,0.));
#4473 = DIRECTION('',(0.,0.,-1.));
#4474 = ADVANCED_FACE('',(#4475),#4489,.T.);
#4475 = FACE_BOUND('',#4476,.T.);
#4476 = EDGE_LOOP('',(#4477,#4478,#4485,#4486,#4487,#4488));
#4477 = ORIENTED_EDGE('',*,*,#4461,.F.);
#4478 = ORIENTED_EDGE('',*,*,#4479,.F.);
#4479 = EDGE_CURVE('',#4425,#4453,#4480,.T.);
#4480 = CIRCLE('',#4481,0.643490908654);
#4481 = AXIS2_PLACEMENT_3D('',#4482,#4483,#4484);
#4482 = CARTESIAN_POINT('',(0.352,7.075398602071,0.35));
#4483 = DIRECTION('',(0.,1.,0.));
#4484 = DIRECTION('',(0.,-0.,1.));
#4485 = ORIENTED_EDGE('',*,*,#4424,.F.);
#4486 = ORIENTED_EDGE('',*,*,#4400,.F.);
#4487 = ORIENTED_EDGE('',*,*,#4307,.T.);
#4488 = ORIENTED_EDGE('',*,*,#4382,.F.);
#4489 = CONICAL_SURFACE('',#4490,0.608,0.576375220591);
#4490 = AXIS2_PLACEMENT_3D('',#4491,#4492,#4493);
#4491 = CARTESIAN_POINT('',(0.352,7.13,0.35));
#4492 = DIRECTION('',(0.,-1.,0.));
#4493 = DIRECTION('',(0.,0.,-1.));
#4494 = ADVANCED_FACE('',(#4495),#4501,.T.);
#4495 = FACE_BOUND('',#4496,.T.);
#4496 = EDGE_LOOP('',(#4497,#4498,#4499,#4500));
#4497 = ORIENTED_EDGE('',*,*,#4433,.F.);
#4498 = ORIENTED_EDGE('',*,*,#4479,.T.);
#4499 = ORIENTED_EDGE('',*,*,#4452,.T.);
#4500 = ORIENTED_EDGE('',*,*,#4338,.F.);
#4501 = TOROIDAL_SURFACE('',#4502,0.542877674697,0.12);
#4502 = AXIS2_PLACEMENT_3D('',#4503,#4504,#4505);
#4503 = CARTESIAN_POINT('',(0.352,7.01,0.35));
#4504 = DIRECTION('',(0.,1.,0.));
#4505 = DIRECTION('',(0.,-0.,1.));
#4506 = ADVANCED_FACE('',(#4507),#4523,.T.);
#4507 = FACE_BOUND('',#4508,.T.);
#4508 = EDGE_LOOP('',(#4509,#4510,#4516,#4517));
#4509 = ORIENTED_EDGE('',*,*,#2767,.F.);
#4510 = ORIENTED_EDGE('',*,*,#4511,.F.);
#4511 = EDGE_CURVE('',#1551,#2760,#4512,.T.);
#4512 = LINE('',#4513,#4514);
#4513 = CARTESIAN_POINT('',(-0.45,3.93,3.95));
#4514 = VECTOR('',#4515,1.);
#4515 = DIRECTION('',(0.,-1.,0.));
#4516 = ORIENTED_EDGE('',*,*,#1583,.T.);
#4517 = ORIENTED_EDGE('',*,*,#4518,.T.);
#4518 = EDGE_CURVE('',#1576,#2768,#4519,.T.);
#4519 = LINE('',#4520,#4521);
#4520 = CARTESIAN_POINT('',(-1.45,3.93,3.95));
#4521 = VECTOR('',#4522,1.);
#4522 = DIRECTION('',(0.,-1.,0.));
#4523 = PLANE('',#4524);
#4524 = AXIS2_PLACEMENT_3D('',#4525,#4526,#4527);
#4525 = CARTESIAN_POINT('',(-0.45,3.93,3.95));
#4526 = DIRECTION('',(0.,0.,1.));
#4527 = DIRECTION('',(1.,0.,-0.));
#4528 = ADVANCED_FACE('',(#4529),#4541,.T.);
#4529 = FACE_BOUND('',#4530,.T.);
#4530 = EDGE_LOOP('',(#4531,#4532,#4533,#4534,#4540));
#4531 = ORIENTED_EDGE('',*,*,#2775,.F.);
#4532 = ORIENTED_EDGE('',*,*,#4518,.F.);
#4533 = ORIENTED_EDGE('',*,*,#1575,.T.);
#4534 = ORIENTED_EDGE('',*,*,#4535,.T.);
#4535 = EDGE_CURVE('',#1567,#3373,#4536,.T.);
#4536 = LINE('',#4537,#4538);
#4537 = CARTESIAN_POINT('',(-1.45,3.93,3.95));
#4538 = VECTOR('',#4539,1.);
#4539 = DIRECTION('',(0.,0.,-1.));
#4540 = ORIENTED_EDGE('',*,*,#3372,.T.);
#4541 = PLANE('',#4542);
#4542 = AXIS2_PLACEMENT_3D('',#4543,#4544,#4545);
#4543 = CARTESIAN_POINT('',(-1.45,3.93,3.95));
#4544 = DIRECTION('',(-1.,0.,0.));
#4545 = DIRECTION('',(0.,0.,1.));
#4546 = ADVANCED_FACE('',(#4547),#4617,.T.);
#4547 = FACE_BOUND('',#4548,.T.);
#4548 = EDGE_LOOP('',(#4549,#4559,#4568,#4576,#4585,#4593,#4599,#4600,
    #4601,#4602,#4603,#4611));
#4549 = ORIENTED_EDGE('',*,*,#4550,.F.);
#4550 = EDGE_CURVE('',#4551,#4553,#4555,.T.);
#4551 = VERTEX_POINT('',#4552);
#4552 = CARTESIAN_POINT('',(-0.45,6.97521980674,-0.14739009663));
#4553 = VERTEX_POINT('',#4554);
#4554 = CARTESIAN_POINT('',(-0.45,6.13,-0.57));
#4555 = LINE('',#4556,#4557);
#4556 = CARTESIAN_POINT('',(-0.45,3.378,-1.946));
#4557 = VECTOR('',#4558,1.);
#4558 = DIRECTION('',(0.,-0.894427191,-0.4472135955));
#4559 = ORIENTED_EDGE('',*,*,#4560,.T.);
#4560 = EDGE_CURVE('',#4551,#4561,#4563,.T.);
#4561 = VERTEX_POINT('',#4562);
#4562 = CARTESIAN_POINT('',(-0.45,7.13,0.10304951685));
#4563 = CIRCLE('',#4564,0.28);
#4564 = AXIS2_PLACEMENT_3D('',#4565,#4566,#4567);
#4565 = CARTESIAN_POINT('',(-0.45,6.85,0.10304951685));
#4566 = DIRECTION('',(1.,0.,0.));
#4567 = DIRECTION('',(0.,0.,-1.));
#4568 = ORIENTED_EDGE('',*,*,#4569,.F.);
#4569 = EDGE_CURVE('',#4570,#4561,#4572,.T.);
#4570 = VERTEX_POINT('',#4571);
#4571 = CARTESIAN_POINT('',(-0.45,7.13,0.59695048315));
#4572 = LINE('',#4573,#4574);
#4573 = CARTESIAN_POINT('',(-0.45,7.13,1.27));
#4574 = VECTOR('',#4575,1.);
#4575 = DIRECTION('',(0.,0.,-1.));
#4576 = ORIENTED_EDGE('',*,*,#4577,.T.);
#4577 = EDGE_CURVE('',#4570,#4578,#4580,.T.);
#4578 = VERTEX_POINT('',#4579);
#4579 = CARTESIAN_POINT('',(-0.45,6.97521980674,0.84739009663));
#4580 = CIRCLE('',#4581,0.28);
#4581 = AXIS2_PLACEMENT_3D('',#4582,#4583,#4584);
#4582 = CARTESIAN_POINT('',(-0.45,6.85,0.59695048315));
#4583 = DIRECTION('',(1.,0.,0.));
#4584 = DIRECTION('',(0.,0.,-1.));
#4585 = ORIENTED_EDGE('',*,*,#4586,.F.);
#4586 = EDGE_CURVE('',#4587,#4578,#4589,.T.);
#4587 = VERTEX_POINT('',#4588);
#4588 = CARTESIAN_POINT('',(-0.45,6.13,1.27));
#4589 = LINE('',#4590,#4591);
#4590 = CARTESIAN_POINT('',(-0.45,6.098,1.286));
#4591 = VECTOR('',#4592,1.);
#4592 = DIRECTION('',(0.,0.894427191,-0.4472135955));
#4593 = ORIENTED_EDGE('',*,*,#4594,.T.);
#4594 = EDGE_CURVE('',#4587,#1549,#4595,.T.);
#4595 = LINE('',#4596,#4597);
#4596 = CARTESIAN_POINT('',(-0.45,5.73,1.27));
#4597 = VECTOR('',#4598,1.);
#4598 = DIRECTION('',(0.,-1.,0.));
#4599 = ORIENTED_EDGE('',*,*,#1548,.T.);
#4600 = ORIENTED_EDGE('',*,*,#4511,.T.);
#4601 = ORIENTED_EDGE('',*,*,#2759,.F.);
#4602 = ORIENTED_EDGE('',*,*,#3388,.F.);
#4603 = ORIENTED_EDGE('',*,*,#4604,.T.);
#4604 = EDGE_CURVE('',#3381,#4605,#4607,.T.);
#4605 = VERTEX_POINT('',#4606);
#4606 = CARTESIAN_POINT('',(-0.45,3.93,-0.57));
#4607 = LINE('',#4608,#4609);
#4608 = CARTESIAN_POINT('',(-0.45,3.93,-3.05));
#4609 = VECTOR('',#4610,1.);
#4610 = DIRECTION('',(0.,0.,1.));
#4611 = ORIENTED_EDGE('',*,*,#4612,.F.);
#4612 = EDGE_CURVE('',#4553,#4605,#4613,.T.);
#4613 = LINE('',#4614,#4615);
#4614 = CARTESIAN_POINT('',(-0.45,5.73,-0.57));
#4615 = VECTOR('',#4616,1.);
#4616 = DIRECTION('',(0.,-1.,0.));
#4617 = PLANE('',#4618);
#4618 = AXIS2_PLACEMENT_3D('',#4619,#4620,#4621);
#4619 = CARTESIAN_POINT('',(-0.45,3.93,-3.05));
#4620 = DIRECTION('',(1.,0.,0.));
#4621 = DIRECTION('',(0.,0.,-1.));
#4622 = ADVANCED_FACE('',(#4623),#4643,.F.);
#4623 = FACE_BOUND('',#4624,.T.);
#4624 = EDGE_LOOP('',(#4625,#4626,#4635,#4641,#4642));
#4625 = ORIENTED_EDGE('',*,*,#4535,.F.);
#4626 = ORIENTED_EDGE('',*,*,#4627,.T.);
#4627 = EDGE_CURVE('',#1567,#4628,#4630,.T.);
#4628 = VERTEX_POINT('',#4629);
#4629 = CARTESIAN_POINT('',(-0.764226184016,3.93,-0.57));
#4630 = CIRCLE('',#4631,0.96);
#4631 = AXIS2_PLACEMENT_3D('',#4632,#4633,#4634);
#4632 = CARTESIAN_POINT('',(-0.49,3.93,0.35));
#4633 = DIRECTION('',(0.,-1.,0.));
#4634 = DIRECTION('',(0.,0.,-1.));
#4635 = ORIENTED_EDGE('',*,*,#4636,.T.);
#4636 = EDGE_CURVE('',#4628,#4605,#4637,.T.);
#4637 = LINE('',#4638,#4639);
#4638 = CARTESIAN_POINT('',(-0.764226184016,3.93,-0.57));
#4639 = VECTOR('',#4640,1.);
#4640 = DIRECTION('',(1.,0.,0.));
#4641 = ORIENTED_EDGE('',*,*,#4604,.F.);
#4642 = ORIENTED_EDGE('',*,*,#3380,.F.);
#4643 = PLANE('',#4644);
#4644 = AXIS2_PLACEMENT_3D('',#4645,#4646,#4647);
#4645 = CARTESIAN_POINT('',(0.,3.93,0.));
#4646 = DIRECTION('',(0.,-1.,0.));
#4647 = DIRECTION('',(0.,0.,-1.));
#4648 = ADVANCED_FACE('',(#4649),#4667,.T.);
#4649 = FACE_BOUND('',#4650,.T.);
#4650 = EDGE_LOOP('',(#4651,#4652,#4660,#4666));
#4651 = ORIENTED_EDGE('',*,*,#2806,.F.);
#4652 = ORIENTED_EDGE('',*,*,#4653,.F.);
#4653 = EDGE_CURVE('',#4654,#2799,#4656,.T.);
#4654 = VERTEX_POINT('',#4655);
#4655 = CARTESIAN_POINT('',(-3.95,3.93,-3.05));
#4656 = LINE('',#4657,#4658);
#4657 = CARTESIAN_POINT('',(-3.95,3.93,-3.05));
#4658 = VECTOR('',#4659,1.);
#4659 = DIRECTION('',(0.,-1.,0.));
#4660 = ORIENTED_EDGE('',*,*,#4661,.T.);
#4661 = EDGE_CURVE('',#4654,#3195,#4662,.T.);
#4662 = LINE('',#4663,#4664);
#4663 = CARTESIAN_POINT('',(-3.95,3.93,-3.05));
#4664 = VECTOR('',#4665,1.);
#4665 = DIRECTION('',(-1.,0.,0.));
#4666 = ORIENTED_EDGE('',*,*,#3194,.T.);
#4667 = PLANE('',#4668);
#4668 = AXIS2_PLACEMENT_3D('',#4669,#4670,#4671);
#4669 = CARTESIAN_POINT('',(-3.95,3.93,-3.05));
#4670 = DIRECTION('',(0.,0.,1.));
#4671 = DIRECTION('',(1.,0.,-0.));
#4672 = ADVANCED_FACE('',(#4673),#4684,.T.);
#4673 = FACE_BOUND('',#4674,.T.);
#4674 = EDGE_LOOP('',(#4675,#4676,#4677,#4683));
#4675 = ORIENTED_EDGE('',*,*,#2798,.F.);
#4676 = ORIENTED_EDGE('',*,*,#2632,.F.);
#4677 = ORIENTED_EDGE('',*,*,#4678,.T.);
#4678 = EDGE_CURVE('',#2625,#4654,#4679,.T.);
#4679 = LINE('',#4680,#4681);
#4680 = CARTESIAN_POINT('',(-3.95,3.93,-4.95));
#4681 = VECTOR('',#4682,1.);
#4682 = DIRECTION('',(9.130123557773E-16,0.,1.));
#4683 = ORIENTED_EDGE('',*,*,#4653,.T.);
#4684 = PLANE('',#4685);
#4685 = AXIS2_PLACEMENT_3D('',#4686,#4687,#4688);
#4686 = CARTESIAN_POINT('',(-3.95,3.93,-4.95));
#4687 = DIRECTION('',(1.,0.,-9.130123557773E-16));
#4688 = DIRECTION('',(-9.130123557773E-16,0.,-1.));
#4689 = ADVANCED_FACE('',(#4690),#4696,.F.);
#4690 = FACE_BOUND('',#4691,.T.);
#4691 = EDGE_LOOP('',(#4692,#4693,#4694,#4695));
#4692 = ORIENTED_EDGE('',*,*,#4661,.F.);
#4693 = ORIENTED_EDGE('',*,*,#4678,.F.);
#4694 = ORIENTED_EDGE('',*,*,#2624,.F.);
#4695 = ORIENTED_EDGE('',*,*,#3202,.F.);
#4696 = PLANE('',#4697);
#4697 = AXIS2_PLACEMENT_3D('',#4698,#4699,#4700);
#4698 = CARTESIAN_POINT('',(0.,3.93,0.));
#4699 = DIRECTION('',(0.,-1.,0.));
#4700 = DIRECTION('',(0.,0.,-1.));
#4701 = ADVANCED_FACE('',(#4702),#4713,.T.);
#4702 = FACE_BOUND('',#4703,.T.);
#4703 = EDGE_LOOP('',(#4704,#4705,#4706,#4712));
#4704 = ORIENTED_EDGE('',*,*,#3717,.T.);
#4705 = ORIENTED_EDGE('',*,*,#1948,.T.);
#4706 = ORIENTED_EDGE('',*,*,#4707,.T.);
#4707 = EDGE_CURVE('',#1941,#1791,#4708,.T.);
#4708 = LINE('',#4709,#4710);
#4709 = CARTESIAN_POINT('',(-3.46,2.87,-3.95));
#4710 = VECTOR('',#4711,1.);
#4711 = DIRECTION('',(-1.,0.,0.));
#4712 = ORIENTED_EDGE('',*,*,#1790,.F.);
#4713 = PLANE('',#4714);
#4714 = AXIS2_PLACEMENT_3D('',#4715,#4716,#4717);
#4715 = CARTESIAN_POINT('',(-3.46,-2.73,-3.95));
#4716 = DIRECTION('',(0.,0.,1.));
#4717 = DIRECTION('',(1.,0.,-0.));
#4718 = ADVANCED_FACE('',(#4719),#4730,.T.);
#4719 = FACE_BOUND('',#4720,.T.);
#4720 = EDGE_LOOP('',(#4721,#4722,#4723,#4724));
#4721 = ORIENTED_EDGE('',*,*,#1663,.F.);
#4722 = ORIENTED_EDGE('',*,*,#3089,.F.);
#4723 = ORIENTED_EDGE('',*,*,#2068,.T.);
#4724 = ORIENTED_EDGE('',*,*,#4725,.T.);
#4725 = EDGE_CURVE('',#2061,#1664,#4726,.T.);
#4726 = LINE('',#4727,#4728);
#4727 = CARTESIAN_POINT('',(-3.46,1.02,1.95));
#4728 = VECTOR('',#4729,1.);
#4729 = DIRECTION('',(-1.,0.,0.));
#4730 = PLANE('',#4731);
#4731 = AXIS2_PLACEMENT_3D('',#4732,#4733,#4734);
#4732 = CARTESIAN_POINT('',(-3.46,1.02,4.95));
#4733 = DIRECTION('',(0.,1.,0.));
#4734 = DIRECTION('',(0.,-0.,1.));
#4735 = ADVANCED_FACE('',(#4736),#4747,.T.);
#4736 = FACE_BOUND('',#4737,.T.);
#4737 = EDGE_LOOP('',(#4738,#4739,#4740,#4741));
#4738 = ORIENTED_EDGE('',*,*,#1671,.F.);
#4739 = ORIENTED_EDGE('',*,*,#4725,.F.);
#4740 = ORIENTED_EDGE('',*,*,#2060,.T.);
#4741 = ORIENTED_EDGE('',*,*,#4742,.T.);
#4742 = EDGE_CURVE('',#2053,#1672,#4743,.T.);
#4743 = LINE('',#4744,#4745);
#4744 = CARTESIAN_POINT('',(-3.46,-0.88,1.95));
#4745 = VECTOR('',#4746,1.);
#4746 = DIRECTION('',(-1.,0.,0.));
#4747 = PLANE('',#4748);
#4748 = AXIS2_PLACEMENT_3D('',#4749,#4750,#4751);
#4749 = CARTESIAN_POINT('',(-3.46,1.02,1.95));
#4750 = DIRECTION('',(0.,0.,-1.));
#4751 = DIRECTION('',(-1.,0.,0.));
#4752 = ADVANCED_FACE('',(#4753),#4759,.T.);
#4753 = FACE_BOUND('',#4754,.T.);
#4754 = EDGE_LOOP('',(#4755,#4756,#4757,#4758));
#4755 = ORIENTED_EDGE('',*,*,#1679,.F.);
#4756 = ORIENTED_EDGE('',*,*,#4742,.F.);
#4757 = ORIENTED_EDGE('',*,*,#2052,.T.);
#4758 = ORIENTED_EDGE('',*,*,#3052,.T.);
#4759 = PLANE('',#4760);
#4760 = AXIS2_PLACEMENT_3D('',#4761,#4762,#4763);
#4761 = CARTESIAN_POINT('',(-3.46,-0.88,1.95));
#4762 = DIRECTION('',(0.,-1.,-1.445602896647E-16));
#4763 = DIRECTION('',(0.,1.445602896647E-16,-1.));
#4764 = ADVANCED_FACE('',(#4765),#4776,.T.);
#4765 = FACE_BOUND('',#4766,.T.);
#4766 = EDGE_LOOP('',(#4767,#4768,#4769,#4770));
#4767 = ORIENTED_EDGE('',*,*,#1695,.F.);
#4768 = ORIENTED_EDGE('',*,*,#3045,.F.);
#4769 = ORIENTED_EDGE('',*,*,#2036,.T.);
#4770 = ORIENTED_EDGE('',*,*,#4771,.T.);
#4771 = EDGE_CURVE('',#2029,#1696,#4772,.T.);
#4772 = LINE('',#4773,#4774);
#4773 = CARTESIAN_POINT('',(-3.46,-2.63,-1.15));
#4774 = VECTOR('',#4775,1.);
#4775 = DIRECTION('',(-1.,0.,0.));
#4776 = PLANE('',#4777);
#4777 = AXIS2_PLACEMENT_3D('',#4778,#4779,#4780);
#4778 = CARTESIAN_POINT('',(-3.46,-2.63,4.95));
#4779 = DIRECTION('',(0.,1.,0.));
#4780 = DIRECTION('',(0.,-0.,1.));
#4781 = ADVANCED_FACE('',(#4782),#4793,.T.);
#4782 = FACE_BOUND('',#4783,.T.);
#4783 = EDGE_LOOP('',(#4784,#4785,#4786,#4787));
#4784 = ORIENTED_EDGE('',*,*,#1703,.F.);
#4785 = ORIENTED_EDGE('',*,*,#4771,.F.);
#4786 = ORIENTED_EDGE('',*,*,#2028,.T.);
#4787 = ORIENTED_EDGE('',*,*,#4788,.T.);
#4788 = EDGE_CURVE('',#2021,#1704,#4789,.T.);
#4789 = LINE('',#4790,#4791);
#4790 = CARTESIAN_POINT('',(-3.46,-1.43,-1.15));
#4791 = VECTOR('',#4792,1.);
#4792 = DIRECTION('',(-1.,0.,0.));
#4793 = PLANE('',#4794);
#4794 = AXIS2_PLACEMENT_3D('',#4795,#4796,#4797);
#4795 = CARTESIAN_POINT('',(-3.46,-2.63,-1.15));
#4796 = DIRECTION('',(0.,0.,1.));
#4797 = DIRECTION('',(1.,0.,-0.));
#4798 = ADVANCED_FACE('',(#4799),#4810,.T.);
#4799 = FACE_BOUND('',#4800,.T.);
#4800 = EDGE_LOOP('',(#4801,#4802,#4803,#4804));
#4801 = ORIENTED_EDGE('',*,*,#1711,.F.);
#4802 = ORIENTED_EDGE('',*,*,#4788,.F.);
#4803 = ORIENTED_EDGE('',*,*,#2020,.T.);
#4804 = ORIENTED_EDGE('',*,*,#4805,.T.);
#4805 = EDGE_CURVE('',#2013,#1712,#4806,.T.);
#4806 = LINE('',#4807,#4808);
#4807 = CARTESIAN_POINT('',(-3.46,-1.43,-3.65));
#4808 = VECTOR('',#4809,1.);
#4809 = DIRECTION('',(-1.,0.,0.));
#4810 = PLANE('',#4811);
#4811 = AXIS2_PLACEMENT_3D('',#4812,#4813,#4814);
#4812 = CARTESIAN_POINT('',(-3.46,-1.43,-1.15));
#4813 = DIRECTION('',(0.,1.,0.));
#4814 = DIRECTION('',(0.,-0.,1.));
#4815 = ADVANCED_FACE('',(#4816),#4822,.T.);
#4816 = FACE_BOUND('',#4817,.T.);
#4817 = EDGE_LOOP('',(#4818,#4819,#4820,#4821));
#4818 = ORIENTED_EDGE('',*,*,#1719,.F.);
#4819 = ORIENTED_EDGE('',*,*,#4805,.F.);
#4820 = ORIENTED_EDGE('',*,*,#2012,.T.);
#4821 = ORIENTED_EDGE('',*,*,#3562,.T.);
#4822 = PLANE('',#4823);
#4823 = AXIS2_PLACEMENT_3D('',#4824,#4825,#4826);
#4824 = CARTESIAN_POINT('',(-3.46,-1.43,-3.65));
#4825 = DIRECTION('',(0.,0.,-1.));
#4826 = DIRECTION('',(-1.,0.,0.));
#4827 = ADVANCED_FACE('',(#4828),#4839,.T.);
#4828 = FACE_BOUND('',#4829,.T.);
#4829 = EDGE_LOOP('',(#4830,#4831,#4832,#4833));
#4830 = ORIENTED_EDGE('',*,*,#1798,.F.);
#4831 = ORIENTED_EDGE('',*,*,#4707,.F.);
#4832 = ORIENTED_EDGE('',*,*,#1940,.T.);
#4833 = ORIENTED_EDGE('',*,*,#4834,.T.);
#4834 = EDGE_CURVE('',#1933,#1799,#4835,.T.);
#4835 = LINE('',#4836,#4837);
#4836 = CARTESIAN_POINT('',(-3.46,2.87,-3.65));
#4837 = VECTOR('',#4838,1.);
#4838 = DIRECTION('',(-1.,0.,0.));
#4839 = PLANE('',#4840);
#4840 = AXIS2_PLACEMENT_3D('',#4841,#4842,#4843);
#4841 = CARTESIAN_POINT('',(-3.46,2.87,-3.95));
#4842 = DIRECTION('',(0.,-1.,0.));
#4843 = DIRECTION('',(0.,0.,-1.));
#4844 = ADVANCED_FACE('',(#4845),#4856,.T.);
#4845 = FACE_BOUND('',#4846,.T.);
#4846 = EDGE_LOOP('',(#4847,#4848,#4849,#4850));
#4847 = ORIENTED_EDGE('',*,*,#1806,.F.);
#4848 = ORIENTED_EDGE('',*,*,#4834,.F.);
#4849 = ORIENTED_EDGE('',*,*,#1932,.T.);
#4850 = ORIENTED_EDGE('',*,*,#4851,.T.);
#4851 = EDGE_CURVE('',#1925,#1807,#4852,.T.);
#4852 = LINE('',#4853,#4854);
#4853 = CARTESIAN_POINT('',(-3.46,1.57,-3.65));
#4854 = VECTOR('',#4855,1.);
#4855 = DIRECTION('',(-1.,0.,0.));
#4856 = PLANE('',#4857);
#4857 = AXIS2_PLACEMENT_3D('',#4858,#4859,#4860);
#4858 = CARTESIAN_POINT('',(-3.46,2.87,-3.65));
#4859 = DIRECTION('',(0.,0.,-1.));
#4860 = DIRECTION('',(-1.,0.,0.));
#4861 = ADVANCED_FACE('',(#4862),#4868,.T.);
#4862 = FACE_BOUND('',#4863,.T.);
#4863 = EDGE_LOOP('',(#4864,#4865,#4866,#4867));
#4864 = ORIENTED_EDGE('',*,*,#1814,.F.);
#4865 = ORIENTED_EDGE('',*,*,#4851,.F.);
#4866 = ORIENTED_EDGE('',*,*,#1924,.T.);
#4867 = ORIENTED_EDGE('',*,*,#1623,.T.);
#4868 = PLANE('',#4869);
#4869 = AXIS2_PLACEMENT_3D('',#4870,#4871,#4872);
#4870 = CARTESIAN_POINT('',(-3.46,1.57,-3.65));
#4871 = DIRECTION('',(0.,-1.,-8.673617379884E-17));
#4872 = DIRECTION('',(0.,8.673617379884E-17,-1.));
#4873 = ADVANCED_FACE('',(#4874),#4917,.F.);
#4874 = FACE_BOUND('',#4875,.T.);
#4875 = EDGE_LOOP('',(#4876,#4886,#4892,#4893,#4894,#4895,#4903,#4911));
#4876 = ORIENTED_EDGE('',*,*,#4877,.T.);
#4877 = EDGE_CURVE('',#4878,#4880,#4882,.T.);
#4878 = VERTEX_POINT('',#4879);
#4879 = CARTESIAN_POINT('',(-4.15,-0.53,-4.25));
#4880 = VERTEX_POINT('',#4881);
#4881 = CARTESIAN_POINT('',(-4.06,-0.53,-4.25));
#4882 = LINE('',#4883,#4884);
#4883 = CARTESIAN_POINT('',(-4.15,-0.53,-4.25));
#4884 = VECTOR('',#4885,1.);
#4885 = DIRECTION('',(1.,-3.738628180984E-16,0.));
#4886 = ORIENTED_EDGE('',*,*,#4887,.T.);
#4887 = EDGE_CURVE('',#4880,#2085,#4888,.T.);
#4888 = LINE('',#4889,#4890);
#4889 = CARTESIAN_POINT('',(-4.06,0.,-4.25));
#4890 = VECTOR('',#4891,1.);
#4891 = DIRECTION('',(0.,-1.,0.));
#4892 = ORIENTED_EDGE('',*,*,#2082,.F.);
#4893 = ORIENTED_EDGE('',*,*,#3183,.F.);
#4894 = ORIENTED_EDGE('',*,*,#3732,.F.);
#4895 = ORIENTED_EDGE('',*,*,#4896,.T.);
#4896 = EDGE_CURVE('',#3725,#4897,#4899,.T.);
#4897 = VERTEX_POINT('',#4898);
#4898 = CARTESIAN_POINT('',(-4.06,1.47,-4.25));
#4899 = LINE('',#4900,#4901);
#4900 = CARTESIAN_POINT('',(-4.06,0.,-4.25));
#4901 = VECTOR('',#4902,1.);
#4902 = DIRECTION('',(0.,-1.,0.));
#4903 = ORIENTED_EDGE('',*,*,#4904,.T.);
#4904 = EDGE_CURVE('',#4897,#4905,#4907,.T.);
#4905 = VERTEX_POINT('',#4906);
#4906 = CARTESIAN_POINT('',(-4.15,1.47,-4.25));
#4907 = LINE('',#4908,#4909);
#4908 = CARTESIAN_POINT('',(-3.86,1.47,-4.25));
#4909 = VECTOR('',#4910,1.);
#4910 = DIRECTION('',(-1.,0.,0.));
#4911 = ORIENTED_EDGE('',*,*,#4912,.T.);
#4912 = EDGE_CURVE('',#4905,#4878,#4913,.T.);
#4913 = LINE('',#4914,#4915);
#4914 = CARTESIAN_POINT('',(-4.15,1.47,-4.25));
#4915 = VECTOR('',#4916,1.);
#4916 = DIRECTION('',(0.,-1.,0.));
#4917 = PLANE('',#4918);
#4918 = AXIS2_PLACEMENT_3D('',#4919,#4920,#4921);
#4919 = CARTESIAN_POINT('',(0.,0.,-4.25));
#4920 = DIRECTION('',(0.,0.,1.));
#4921 = DIRECTION('',(1.,0.,-0.));
#4922 = ADVANCED_FACE('',(#4923),#4947,.T.);
#4923 = FACE_BOUND('',#4924,.T.);
#4924 = EDGE_LOOP('',(#4925,#4926,#4932,#4933,#4941));
#4925 = ORIENTED_EDGE('',*,*,#1972,.T.);
#4926 = ORIENTED_EDGE('',*,*,#4927,.T.);
#4927 = EDGE_CURVE('',#1965,#1854,#4928,.T.);
#4928 = LINE('',#4929,#4930);
#4929 = CARTESIAN_POINT('',(-3.355,0.97,-3.855));
#4930 = VECTOR('',#4931,1.);
#4931 = DIRECTION('',(0.707106781187,0.,-0.707106781187));
#4932 = ORIENTED_EDGE('',*,*,#1853,.F.);
#4933 = ORIENTED_EDGE('',*,*,#4934,.F.);
#4934 = EDGE_CURVE('',#4935,#1846,#4937,.T.);
#4935 = VERTEX_POINT('',#4936);
#4936 = CARTESIAN_POINT('',(-2.45,0.97,-2.95));
#4937 = LINE('',#4938,#4939);
#4938 = CARTESIAN_POINT('',(-2.45,0.97,-2.95));
#4939 = VECTOR('',#4940,1.);
#4940 = DIRECTION('',(0.,0.,-1.));
#4941 = ORIENTED_EDGE('',*,*,#4942,.T.);
#4942 = EDGE_CURVE('',#4935,#1973,#4943,.T.);
#4943 = LINE('',#4944,#4945);
#4944 = CARTESIAN_POINT('',(-2.45,0.97,-2.95));
#4945 = VECTOR('',#4946,1.);
#4946 = DIRECTION('',(-1.,0.,0.));
#4947 = PLANE('',#4948);
#4948 = AXIS2_PLACEMENT_3D('',#4949,#4950,#4951);
#4949 = CARTESIAN_POINT('',(-2.45,0.97,-2.95));
#4950 = DIRECTION('',(0.,-1.,0.));
#4951 = DIRECTION('',(0.,0.,-1.));
#4952 = ADVANCED_FACE('',(#4953),#4977,.T.);
#4953 = FACE_BOUND('',#4954,.T.);
#4954 = EDGE_LOOP('',(#4955,#4956,#4962,#4963,#4971));
#4955 = ORIENTED_EDGE('',*,*,#443,.F.);
#4956 = ORIENTED_EDGE('',*,*,#4957,.T.);
#4957 = EDGE_CURVE('',#436,#1989,#4958,.T.);
#4958 = LINE('',#4959,#4960);
#4959 = CARTESIAN_POINT('',(-3.86,-0.58,-3.35));
#4960 = VECTOR('',#4961,1.);
#4961 = DIRECTION('',(-0.707106781187,-7.59056146873E-17,0.707106781187)
  );
#4962 = ORIENTED_EDGE('',*,*,#1988,.F.);
#4963 = ORIENTED_EDGE('',*,*,#4964,.T.);
#4964 = EDGE_CURVE('',#1981,#4965,#4967,.T.);
#4965 = VERTEX_POINT('',#4966);
#4966 = CARTESIAN_POINT('',(-2.45,-0.58,-2.95));
#4967 = LINE('',#4968,#4969);
#4968 = CARTESIAN_POINT('',(-3.46,-0.58,-2.95));
#4969 = VECTOR('',#4970,1.);
#4970 = DIRECTION('',(1.,1.07346749751E-16,0.));
#4971 = ORIENTED_EDGE('',*,*,#4972,.T.);
#4972 = EDGE_CURVE('',#4965,#444,#4973,.T.);
#4973 = LINE('',#4974,#4975);
#4974 = CARTESIAN_POINT('',(-2.45,-0.58,-2.95));
#4975 = VECTOR('',#4976,1.);
#4976 = DIRECTION('',(0.,0.,-1.));
#4977 = PLANE('',#4978);
#4978 = AXIS2_PLACEMENT_3D('',#4979,#4980,#4981);
#4979 = CARTESIAN_POINT('',(-3.46,-0.58,-2.95));
#4980 = DIRECTION('',(-1.07346749751E-16,1.,0.));
#4981 = DIRECTION('',(-1.,-1.07346749751E-16,0.));
#4982 = ADVANCED_FACE('',(#4983),#5017,.T.);
#4983 = FACE_BOUND('',#4984,.T.);
#4984 = EDGE_LOOP('',(#4985,#4986,#4994,#5002,#5008,#5009,#5010,#5016));
#4985 = ORIENTED_EDGE('',*,*,#1845,.F.);
#4986 = ORIENTED_EDGE('',*,*,#4987,.F.);
#4987 = EDGE_CURVE('',#4988,#1836,#4990,.T.);
#4988 = VERTEX_POINT('',#4989);
#4989 = CARTESIAN_POINT('',(-2.45,0.305,-4.75));
#4990 = LINE('',#4991,#4992);
#4991 = CARTESIAN_POINT('',(-2.45,0.305,-4.75));
#4992 = VECTOR('',#4993,1.);
#4993 = DIRECTION('',(0.,0.,1.));
#4994 = ORIENTED_EDGE('',*,*,#4995,.T.);
#4995 = EDGE_CURVE('',#4988,#4996,#4998,.T.);
#4996 = VERTEX_POINT('',#4997);
#4997 = CARTESIAN_POINT('',(-2.45,-0.305,-4.75));
#4998 = LINE('',#4999,#5000);
#4999 = CARTESIAN_POINT('',(-2.45,0.305,-4.75));
#5000 = VECTOR('',#5001,1.);
#5001 = DIRECTION('',(0.,-1.,0.));
#5002 = ORIENTED_EDGE('',*,*,#5003,.T.);
#5003 = EDGE_CURVE('',#4996,#412,#5004,.T.);
#5004 = LINE('',#5005,#5006);
#5005 = CARTESIAN_POINT('',(-2.45,-0.305,-4.75));
#5006 = VECTOR('',#5007,1.);
#5007 = DIRECTION('',(0.,0.,1.));
#5008 = ORIENTED_EDGE('',*,*,#451,.F.);
#5009 = ORIENTED_EDGE('',*,*,#4972,.F.);
#5010 = ORIENTED_EDGE('',*,*,#5011,.T.);
#5011 = EDGE_CURVE('',#4965,#4935,#5012,.T.);
#5012 = LINE('',#5013,#5014);
#5013 = CARTESIAN_POINT('',(-2.45,-0.58,-2.95));
#5014 = VECTOR('',#5015,1.);
#5015 = DIRECTION('',(0.,1.,0.));
#5016 = ORIENTED_EDGE('',*,*,#4934,.T.);
#5017 = PLANE('',#5018);
#5018 = AXIS2_PLACEMENT_3D('',#5019,#5020,#5021);
#5019 = CARTESIAN_POINT('',(-2.45,-0.58,-2.95));
#5020 = DIRECTION('',(-1.,0.,0.));
#5021 = DIRECTION('',(0.,0.,1.));
#5022 = ADVANCED_FACE('',(#5023),#5029,.F.);
#5023 = FACE_BOUND('',#5024,.T.);
#5024 = EDGE_LOOP('',(#5025,#5026,#5027,#5028));
#5025 = ORIENTED_EDGE('',*,*,#4942,.F.);
#5026 = ORIENTED_EDGE('',*,*,#5011,.F.);
#5027 = ORIENTED_EDGE('',*,*,#4964,.F.);
#5028 = ORIENTED_EDGE('',*,*,#1980,.F.);
#5029 = PLANE('',#5030);
#5030 = AXIS2_PLACEMENT_3D('',#5031,#5032,#5033);
#5031 = CARTESIAN_POINT('',(0.,0.,-2.95));
#5032 = DIRECTION('',(0.,0.,1.));
#5033 = DIRECTION('',(1.,0.,-0.));
#5034 = ADVANCED_FACE('',(#5035),#5060,.F.);
#5035 = FACE_BOUND('',#5036,.T.);
#5036 = EDGE_LOOP('',(#5037,#5045,#5053,#5059));
#5037 = ORIENTED_EDGE('',*,*,#5038,.T.);
#5038 = EDGE_CURVE('',#4905,#5039,#5041,.T.);
#5039 = VERTEX_POINT('',#5040);
#5040 = CARTESIAN_POINT('',(-4.15,1.47,-2.95));
#5041 = LINE('',#5042,#5043);
#5042 = CARTESIAN_POINT('',(-4.15,1.47,-4.25));
#5043 = VECTOR('',#5044,1.);
#5044 = DIRECTION('',(0.,0.,1.));
#5045 = ORIENTED_EDGE('',*,*,#5046,.T.);
#5046 = EDGE_CURVE('',#5039,#5047,#5049,.T.);
#5047 = VERTEX_POINT('',#5048);
#5048 = CARTESIAN_POINT('',(-4.15,-0.53,-2.95));
#5049 = LINE('',#5050,#5051);
#5050 = CARTESIAN_POINT('',(-4.15,1.47,-2.95));
#5051 = VECTOR('',#5052,1.);
#5052 = DIRECTION('',(0.,-1.,0.));
#5053 = ORIENTED_EDGE('',*,*,#5054,.F.);
#5054 = EDGE_CURVE('',#4878,#5047,#5055,.T.);
#5055 = LINE('',#5056,#5057);
#5056 = CARTESIAN_POINT('',(-4.15,-0.53,-4.25));
#5057 = VECTOR('',#5058,1.);
#5058 = DIRECTION('',(0.,0.,1.));
#5059 = ORIENTED_EDGE('',*,*,#4912,.F.);
#5060 = PLANE('',#5061);
#5061 = AXIS2_PLACEMENT_3D('',#5062,#5063,#5064);
#5062 = CARTESIAN_POINT('',(-4.15,1.47,-4.25));
#5063 = DIRECTION('',(-1.,0.,0.));
#5064 = DIRECTION('',(0.,0.,1.));
#5065 = ADVANCED_FACE('',(#5066),#5083,.F.);
#5066 = FACE_BOUND('',#5067,.T.);
#5067 = EDGE_LOOP('',(#5068,#5069,#5075,#5076,#5077));
#5068 = ORIENTED_EDGE('',*,*,#1750,.F.);
#5069 = ORIENTED_EDGE('',*,*,#5070,.F.);
#5070 = EDGE_CURVE('',#4880,#1743,#5071,.T.);
#5071 = LINE('',#5072,#5073);
#5072 = CARTESIAN_POINT('',(-3.86,-0.53,-4.05));
#5073 = VECTOR('',#5074,1.);
#5074 = DIRECTION('',(0.707106781187,-2.643609339109E-16,0.707106781187)
  );
#5075 = ORIENTED_EDGE('',*,*,#4877,.F.);
#5076 = ORIENTED_EDGE('',*,*,#5054,.T.);
#5077 = ORIENTED_EDGE('',*,*,#5078,.T.);
#5078 = EDGE_CURVE('',#5047,#1751,#5079,.T.);
#5079 = LINE('',#5080,#5081);
#5080 = CARTESIAN_POINT('',(-4.15,-0.53,-2.95));
#5081 = VECTOR('',#5082,1.);
#5082 = DIRECTION('',(1.,-3.738628180984E-16,0.));
#5083 = PLANE('',#5084);
#5084 = AXIS2_PLACEMENT_3D('',#5085,#5086,#5087);
#5085 = CARTESIAN_POINT('',(-4.15,-0.53,-4.25));
#5086 = DIRECTION('',(-3.738628180984E-16,-1.,0.));
#5087 = DIRECTION('',(1.,-3.738628180984E-16,0.));
#5088 = ADVANCED_FACE('',(#5089),#5106,.F.);
#5089 = FACE_BOUND('',#5090,.T.);
#5090 = EDGE_LOOP('',(#5091,#5092,#5098,#5099,#5105));
#5091 = ORIENTED_EDGE('',*,*,#4904,.F.);
#5092 = ORIENTED_EDGE('',*,*,#5093,.F.);
#5093 = EDGE_CURVE('',#1767,#4897,#5094,.T.);
#5094 = LINE('',#5095,#5096);
#5095 = CARTESIAN_POINT('',(-3.86,1.47,-4.05));
#5096 = VECTOR('',#5097,1.);
#5097 = DIRECTION('',(-0.707106781187,0.,-0.707106781187));
#5098 = ORIENTED_EDGE('',*,*,#1766,.T.);
#5099 = ORIENTED_EDGE('',*,*,#5100,.T.);
#5100 = EDGE_CURVE('',#1759,#5039,#5101,.T.);
#5101 = LINE('',#5102,#5103);
#5102 = CARTESIAN_POINT('',(-3.86,1.47,-2.95));
#5103 = VECTOR('',#5104,1.);
#5104 = DIRECTION('',(-1.,0.,0.));
#5105 = ORIENTED_EDGE('',*,*,#5038,.F.);
#5106 = PLANE('',#5107);
#5107 = AXIS2_PLACEMENT_3D('',#5108,#5109,#5110);
#5108 = CARTESIAN_POINT('',(-3.86,1.47,-4.25));
#5109 = DIRECTION('',(0.,1.,0.));
#5110 = DIRECTION('',(0.,-0.,1.));
#5111 = ADVANCED_FACE('',(#5112),#5118,.F.);
#5112 = FACE_BOUND('',#5113,.T.);
#5113 = EDGE_LOOP('',(#5114,#5115,#5116,#5117));
#5114 = ORIENTED_EDGE('',*,*,#5046,.F.);
#5115 = ORIENTED_EDGE('',*,*,#5100,.F.);
#5116 = ORIENTED_EDGE('',*,*,#1758,.F.);
#5117 = ORIENTED_EDGE('',*,*,#5078,.F.);
#5118 = PLANE('',#5119);
#5119 = AXIS2_PLACEMENT_3D('',#5120,#5121,#5122);
#5120 = CARTESIAN_POINT('',(0.,0.,-2.95));
#5121 = DIRECTION('',(0.,0.,1.));
#5122 = DIRECTION('',(1.,0.,-0.));
#5123 = ADVANCED_FACE('',(#5124),#5130,.T.);
#5124 = FACE_BOUND('',#5125,.T.);
#5125 = EDGE_LOOP('',(#5126,#5127,#5128,#5129));
#5126 = ORIENTED_EDGE('',*,*,#3569,.F.);
#5127 = ORIENTED_EDGE('',*,*,#1996,.F.);
#5128 = ORIENTED_EDGE('',*,*,#4957,.F.);
#5129 = ORIENTED_EDGE('',*,*,#435,.F.);
#5130 = PLANE('',#5131);
#5131 = AXIS2_PLACEMENT_3D('',#5132,#5133,#5134);
#5132 = CARTESIAN_POINT('',(-3.26,0.,-3.95));
#5133 = DIRECTION('',(-0.707106781187,0.,-0.707106781187));
#5134 = DIRECTION('',(0.,-1.,-0.));
#5135 = ADVANCED_FACE('',(#5136),#5142,.T.);
#5136 = FACE_BOUND('',#5137,.T.);
#5137 = EDGE_LOOP('',(#5138,#5139,#5140,#5141));
#5138 = ORIENTED_EDGE('',*,*,#4927,.F.);
#5139 = ORIENTED_EDGE('',*,*,#1964,.F.);
#5140 = ORIENTED_EDGE('',*,*,#3710,.F.);
#5141 = ORIENTED_EDGE('',*,*,#1861,.F.);
#5142 = PLANE('',#5143);
#5143 = AXIS2_PLACEMENT_3D('',#5144,#5145,#5146);
#5144 = CARTESIAN_POINT('',(-3.26,0.,-3.95));
#5145 = DIRECTION('',(-0.707106781187,0.,-0.707106781187));
#5146 = DIRECTION('',(0.,-1.,-0.));
#5147 = ADVANCED_FACE('',(#5148),#5154,.F.);
#5148 = FACE_BOUND('',#5149,.T.);
#5149 = EDGE_LOOP('',(#5150,#5151,#5152,#5153));
#5150 = ORIENTED_EDGE('',*,*,#2092,.T.);
#5151 = ORIENTED_EDGE('',*,*,#4887,.F.);
#5152 = ORIENTED_EDGE('',*,*,#5070,.T.);
#5153 = ORIENTED_EDGE('',*,*,#1742,.F.);
#5154 = PLANE('',#5155);
#5155 = AXIS2_PLACEMENT_3D('',#5156,#5157,#5158);
#5156 = CARTESIAN_POINT('',(-3.86,-2.73,-4.05));
#5157 = DIRECTION('',(-0.707106781187,0.,0.707106781187));
#5158 = DIRECTION('',(0.,1.,0.));
#5159 = ADVANCED_FACE('',(#5160),#5166,.F.);
#5160 = FACE_BOUND('',#5161,.T.);
#5161 = EDGE_LOOP('',(#5162,#5163,#5164,#5165));
#5162 = ORIENTED_EDGE('',*,*,#5093,.T.);
#5163 = ORIENTED_EDGE('',*,*,#4896,.F.);
#5164 = ORIENTED_EDGE('',*,*,#3724,.T.);
#5165 = ORIENTED_EDGE('',*,*,#1774,.F.);
#5166 = PLANE('',#5167);
#5167 = AXIS2_PLACEMENT_3D('',#5168,#5169,#5170);
#5168 = CARTESIAN_POINT('',(-3.86,-2.73,-4.05));
#5169 = DIRECTION('',(-0.707106781187,0.,0.707106781187));
#5170 = DIRECTION('',(0.,1.,0.));
#5171 = ADVANCED_FACE('',(#5172),#5188,.F.);
#5172 = FACE_BOUND('',#5173,.T.);
#5173 = EDGE_LOOP('',(#5174,#5175,#5181,#5182));
#5174 = ORIENTED_EDGE('',*,*,#1909,.T.);
#5175 = ORIENTED_EDGE('',*,*,#5176,.T.);
#5176 = EDGE_CURVE('',#1902,#1640,#5177,.T.);
#5177 = LINE('',#5178,#5179);
#5178 = CARTESIAN_POINT('',(-3.86,3.23,-2.15));
#5179 = VECTOR('',#5180,1.);
#5180 = DIRECTION('',(-1.,0.,0.));
#5181 = ORIENTED_EDGE('',*,*,#1637,.F.);
#5182 = ORIENTED_EDGE('',*,*,#5183,.F.);
#5183 = EDGE_CURVE('',#1910,#1638,#5184,.T.);
#5184 = LINE('',#5185,#5186);
#5185 = CARTESIAN_POINT('',(-3.46,2.93,-2.15));
#5186 = VECTOR('',#5187,1.);
#5187 = DIRECTION('',(-1.,0.,0.));
#5188 = PLANE('',#5189);
#5189 = AXIS2_PLACEMENT_3D('',#5190,#5191,#5192);
#5190 = CARTESIAN_POINT('',(-3.46,2.93,-2.15));
#5191 = DIRECTION('',(0.,0.,-1.));
#5192 = DIRECTION('',(-1.,0.,0.));
#5193 = ADVANCED_FACE('',(#5194),#5200,.T.);
#5194 = FACE_BOUND('',#5195,.T.);
#5195 = EDGE_LOOP('',(#5196,#5197,#5198,#5199));
#5196 = ORIENTED_EDGE('',*,*,#1821,.T.);
#5197 = ORIENTED_EDGE('',*,*,#1607,.T.);
#5198 = ORIENTED_EDGE('',*,*,#1917,.T.);
#5199 = ORIENTED_EDGE('',*,*,#5183,.T.);
#5200 = PLANE('',#5201);
#5201 = AXIS2_PLACEMENT_3D('',#5202,#5203,#5204);
#5202 = CARTESIAN_POINT('',(0.,2.93,0.));
#5203 = DIRECTION('',(0.,1.,0.));
#5204 = DIRECTION('',(0.,-0.,1.));
#5205 = ADVANCED_FACE('',(#5206),#5240,.T.);
#5206 = FACE_BOUND('',#5207,.T.);
#5207 = EDGE_LOOP('',(#5208,#5209,#5217,#5225,#5233,#5239));
#5208 = ORIENTED_EDGE('',*,*,#4594,.F.);
#5209 = ORIENTED_EDGE('',*,*,#5210,.T.);
#5210 = EDGE_CURVE('',#4587,#5211,#5213,.T.);
#5211 = VERTEX_POINT('',#5212);
#5212 = CARTESIAN_POINT('',(-1.21,6.13,1.27));
#5213 = LINE('',#5214,#5215);
#5214 = CARTESIAN_POINT('',(-0.45,6.13,1.27));
#5215 = VECTOR('',#5216,1.);
#5216 = DIRECTION('',(-1.,0.,0.));
#5217 = ORIENTED_EDGE('',*,*,#5218,.T.);
#5218 = EDGE_CURVE('',#5211,#5219,#5221,.T.);
#5219 = VERTEX_POINT('',#5220);
#5220 = CARTESIAN_POINT('',(-1.21,5.73,1.27));
#5221 = LINE('',#5222,#5223);
#5222 = CARTESIAN_POINT('',(-1.21,7.13,1.27));
#5223 = VECTOR('',#5224,1.);
#5224 = DIRECTION('',(0.,-1.,0.));
#5225 = ORIENTED_EDGE('',*,*,#5226,.T.);
#5226 = EDGE_CURVE('',#5219,#5227,#5229,.T.);
#5227 = VERTEX_POINT('',#5228);
#5228 = CARTESIAN_POINT('',(-0.764226184016,5.73,1.27));
#5229 = LINE('',#5230,#5231);
#5230 = CARTESIAN_POINT('',(-1.21,5.73,1.27));
#5231 = VECTOR('',#5232,1.);
#5232 = DIRECTION('',(1.,0.,2.567847250624E-15));
#5233 = ORIENTED_EDGE('',*,*,#5234,.T.);
#5234 = EDGE_CURVE('',#5227,#1559,#5235,.T.);
#5235 = LINE('',#5236,#5237);
#5236 = CARTESIAN_POINT('',(-0.764226184016,5.73,1.27));
#5237 = VECTOR('',#5238,1.);
#5238 = DIRECTION('',(0.,-1.,0.));
#5239 = ORIENTED_EDGE('',*,*,#1558,.F.);
#5240 = PLANE('',#5241);
#5241 = AXIS2_PLACEMENT_3D('',#5242,#5243,#5244);
#5242 = CARTESIAN_POINT('',(-0.45,5.73,1.27));
#5243 = DIRECTION('',(0.,0.,1.));
#5244 = DIRECTION('',(1.,0.,-0.));
#5245 = ADVANCED_FACE('',(#5246),#5266,.T.);
#5246 = FACE_BOUND('',#5247,.T.);
#5247 = EDGE_LOOP('',(#5248,#5249,#5250,#5259,#5265));
#5248 = ORIENTED_EDGE('',*,*,#1566,.F.);
#5249 = ORIENTED_EDGE('',*,*,#5234,.F.);
#5250 = ORIENTED_EDGE('',*,*,#5251,.T.);
#5251 = EDGE_CURVE('',#5227,#5252,#5254,.T.);
#5252 = VERTEX_POINT('',#5253);
#5253 = CARTESIAN_POINT('',(-0.764226184016,5.73,-0.57));
#5254 = CIRCLE('',#5255,0.96);
#5255 = AXIS2_PLACEMENT_3D('',#5256,#5257,#5258);
#5256 = CARTESIAN_POINT('',(-0.49,5.73,0.35));
#5257 = DIRECTION('',(0.,-1.,0.));
#5258 = DIRECTION('',(0.,0.,-1.));
#5259 = ORIENTED_EDGE('',*,*,#5260,.T.);
#5260 = EDGE_CURVE('',#5252,#4628,#5261,.T.);
#5261 = LINE('',#5262,#5263);
#5262 = CARTESIAN_POINT('',(-0.764226184016,5.73,-0.57));
#5263 = VECTOR('',#5264,1.);
#5264 = DIRECTION('',(0.,-1.,0.));
#5265 = ORIENTED_EDGE('',*,*,#4627,.F.);
#5266 = CYLINDRICAL_SURFACE('',#5267,0.96);
#5267 = AXIS2_PLACEMENT_3D('',#5268,#5269,#5270);
#5268 = CARTESIAN_POINT('',(-0.49,5.73,0.35));
#5269 = DIRECTION('',(0.,-1.,0.));
#5270 = DIRECTION('',(0.,0.,-1.));
#5271 = ADVANCED_FACE('',(#5272),#5299,.T.);
#5272 = FACE_BOUND('',#5273,.T.);
#5273 = EDGE_LOOP('',(#5274,#5284,#5290,#5291,#5292,#5293));
#5274 = ORIENTED_EDGE('',*,*,#5275,.F.);
#5275 = EDGE_CURVE('',#5276,#5278,#5280,.T.);
#5276 = VERTEX_POINT('',#5277);
#5277 = CARTESIAN_POINT('',(-1.21,6.13,-0.57));
#5278 = VERTEX_POINT('',#5279);
#5279 = CARTESIAN_POINT('',(-1.21,5.73,-0.57));
#5280 = LINE('',#5281,#5282);
#5281 = CARTESIAN_POINT('',(-1.21,7.13,-0.57));
#5282 = VECTOR('',#5283,1.);
#5283 = DIRECTION('',(0.,-1.,0.));
#5284 = ORIENTED_EDGE('',*,*,#5285,.T.);
#5285 = EDGE_CURVE('',#5276,#4553,#5286,.T.);
#5286 = LINE('',#5287,#5288);
#5287 = CARTESIAN_POINT('',(-0.764226184016,6.13,-0.57));
#5288 = VECTOR('',#5289,1.);
#5289 = DIRECTION('',(1.,0.,0.));
#5290 = ORIENTED_EDGE('',*,*,#4612,.T.);
#5291 = ORIENTED_EDGE('',*,*,#4636,.F.);
#5292 = ORIENTED_EDGE('',*,*,#5260,.F.);
#5293 = ORIENTED_EDGE('',*,*,#5294,.T.);
#5294 = EDGE_CURVE('',#5252,#5278,#5295,.T.);
#5295 = LINE('',#5296,#5297);
#5296 = CARTESIAN_POINT('',(-0.45,5.73,-0.57));
#5297 = VECTOR('',#5298,1.);
#5298 = DIRECTION('',(-1.,0.,2.282530889443E-15));
#5299 = PLANE('',#5300);
#5300 = AXIS2_PLACEMENT_3D('',#5301,#5302,#5303);
#5301 = CARTESIAN_POINT('',(-0.764226184016,5.73,-0.57));
#5302 = DIRECTION('',(0.,0.,-1.));
#5303 = DIRECTION('',(-1.,0.,0.));
#5304 = ADVANCED_FACE('',(#5305),#5323,.T.);
#5305 = FACE_BOUND('',#5306,.T.);
#5306 = EDGE_LOOP('',(#5307,#5308,#5315,#5316));
#5307 = ORIENTED_EDGE('',*,*,#5218,.F.);
#5308 = ORIENTED_EDGE('',*,*,#5309,.F.);
#5309 = EDGE_CURVE('',#5276,#5211,#5310,.T.);
#5310 = CIRCLE('',#5311,1.258);
#5311 = AXIS2_PLACEMENT_3D('',#5312,#5313,#5314);
#5312 = CARTESIAN_POINT('',(-0.352,6.13,0.35));
#5313 = DIRECTION('',(0.,1.,0.));
#5314 = DIRECTION('',(0.,-0.,1.));
#5315 = ORIENTED_EDGE('',*,*,#5275,.T.);
#5316 = ORIENTED_EDGE('',*,*,#5317,.T.);
#5317 = EDGE_CURVE('',#5278,#5219,#5318,.T.);
#5318 = CIRCLE('',#5319,1.258);
#5319 = AXIS2_PLACEMENT_3D('',#5320,#5321,#5322);
#5320 = CARTESIAN_POINT('',(-0.352,5.73,0.35));
#5321 = DIRECTION('',(0.,1.,0.));
#5322 = DIRECTION('',(0.,-0.,1.));
#5323 = CYLINDRICAL_SURFACE('',#5324,1.258);
#5324 = AXIS2_PLACEMENT_3D('',#5325,#5326,#5327);
#5325 = CARTESIAN_POINT('',(-0.352,7.13,0.35));
#5326 = DIRECTION('',(0.,-1.,0.));
#5327 = DIRECTION('',(0.,0.,-1.));
#5328 = ADVANCED_FACE('',(#5329),#5355,.T.);
#5329 = FACE_BOUND('',#5330,.T.);
#5330 = EDGE_LOOP('',(#5331,#5339,#5348,#5354));
#5331 = ORIENTED_EDGE('',*,*,#5332,.F.);
#5332 = EDGE_CURVE('',#5333,#4561,#5335,.T.);
#5333 = VERTEX_POINT('',#5334);
#5334 = CARTESIAN_POINT('',(-0.835457990478,7.13,0.10304951685));
#5335 = LINE('',#5336,#5337);
#5336 = CARTESIAN_POINT('',(-0.352,7.13,0.10304951685));
#5337 = VECTOR('',#5338,1.);
#5338 = DIRECTION('',(1.,0.,0.));
#5339 = ORIENTED_EDGE('',*,*,#5340,.T.);
#5340 = EDGE_CURVE('',#5333,#5341,#5343,.T.);
#5341 = VERTEX_POINT('',#5342);
#5342 = CARTESIAN_POINT('',(-0.835457990478,7.13,0.59695048315));
#5343 = CIRCLE('',#5344,0.542877674697);
#5344 = AXIS2_PLACEMENT_3D('',#5345,#5346,#5347);
#5345 = CARTESIAN_POINT('',(-0.352,7.13,0.35));
#5346 = DIRECTION('',(0.,1.,0.));
#5347 = DIRECTION('',(0.,-0.,1.));
#5348 = ORIENTED_EDGE('',*,*,#5349,.F.);
#5349 = EDGE_CURVE('',#4570,#5341,#5350,.T.);
#5350 = LINE('',#5351,#5352);
#5351 = CARTESIAN_POINT('',(-0.352,7.13,0.59695048315));
#5352 = VECTOR('',#5353,1.);
#5353 = DIRECTION('',(-1.,0.,0.));
#5354 = ORIENTED_EDGE('',*,*,#4569,.T.);
#5355 = PLANE('',#5356);
#5356 = AXIS2_PLACEMENT_3D('',#5357,#5358,#5359);
#5357 = CARTESIAN_POINT('',(-0.352,7.13,0.35));
#5358 = DIRECTION('',(0.,1.,0.));
#5359 = DIRECTION('',(0.,-0.,1.));
#5360 = ADVANCED_FACE('',(#5361),#5367,.F.);
#5361 = FACE_BOUND('',#5362,.T.);
#5362 = EDGE_LOOP('',(#5363,#5364,#5365,#5366));
#5363 = ORIENTED_EDGE('',*,*,#5251,.F.);
#5364 = ORIENTED_EDGE('',*,*,#5226,.F.);
#5365 = ORIENTED_EDGE('',*,*,#5317,.F.);
#5366 = ORIENTED_EDGE('',*,*,#5294,.F.);
#5367 = PLANE('',#5368);
#5368 = AXIS2_PLACEMENT_3D('',#5369,#5370,#5371);
#5369 = CARTESIAN_POINT('',(-0.352,5.73,0.35));
#5370 = DIRECTION('',(0.,1.,0.));
#5371 = DIRECTION('',(0.,-0.,1.));
#5372 = ADVANCED_FACE('',(#5373),#5392,.F.);
#5373 = FACE_BOUND('',#5374,.T.);
#5374 = EDGE_LOOP('',(#5375,#5376,#5385,#5391));
#5375 = ORIENTED_EDGE('',*,*,#5285,.F.);
#5376 = ORIENTED_EDGE('',*,*,#5377,.T.);
#5377 = EDGE_CURVE('',#5276,#5378,#5380,.T.);
#5378 = VERTEX_POINT('',#5379);
#5379 = CARTESIAN_POINT('',(-0.856705013104,6.97521980674,-0.14739009663
    ));
#5380 = B_SPLINE_CURVE_WITH_KNOTS('',3,(#5381,#5382,#5383,#5384),
  .UNSPECIFIED.,.F.,.F.,(4,4),(1.062296840243E-18,1.008867186451E-03),
  .PIECEWISE_BEZIER_KNOTS.);
#5381 = CARTESIAN_POINT('',(-1.21,6.13,-0.57));
#5382 = CARTESIAN_POINT('',(-1.092505041098,6.411830234101,
    -0.42908488295));
#5383 = CARTESIAN_POINT('',(-0.974928675057,6.693633246185,
    -0.288183376907));
#5384 = CARTESIAN_POINT('',(-0.856705013104,6.97521980674,-0.14739009663
    ));
#5385 = ORIENTED_EDGE('',*,*,#5386,.F.);
#5386 = EDGE_CURVE('',#4551,#5378,#5387,.T.);
#5387 = LINE('',#5388,#5389);
#5388 = CARTESIAN_POINT('',(-0.352,6.97521980674,-0.14739009663));
#5389 = VECTOR('',#5390,1.);
#5390 = DIRECTION('',(-1.,0.,0.));
#5391 = ORIENTED_EDGE('',*,*,#4550,.T.);
#5392 = PLANE('',#5393);
#5393 = AXIS2_PLACEMENT_3D('',#5394,#5395,#5396);
#5394 = CARTESIAN_POINT('',(-0.352,7.13,-7.E-02));
#5395 = DIRECTION('',(0.,-0.4472135955,0.894427191));
#5396 = DIRECTION('',(-1.,0.,0.));
#5397 = ADVANCED_FACE('',(#5398),#5417,.F.);
#5398 = FACE_BOUND('',#5399,.T.);
#5399 = EDGE_LOOP('',(#5400,#5408,#5415,#5416));
#5400 = ORIENTED_EDGE('',*,*,#5401,.F.);
#5401 = EDGE_CURVE('',#5402,#4578,#5404,.T.);
#5402 = VERTEX_POINT('',#5403);
#5403 = CARTESIAN_POINT('',(-0.856705013104,6.97521980674,0.84739009663)
  );
#5404 = LINE('',#5405,#5406);
#5405 = CARTESIAN_POINT('',(-0.352,6.97521980674,0.84739009663));
#5406 = VECTOR('',#5407,1.);
#5407 = DIRECTION('',(1.,0.,0.));
#5408 = ORIENTED_EDGE('',*,*,#5409,.T.);
#5409 = EDGE_CURVE('',#5402,#5211,#5410,.T.);
#5410 = B_SPLINE_CURVE_WITH_KNOTS('',3,(#5411,#5412,#5413,#5414),
  .UNSPECIFIED.,.F.,.F.,(4,4),(0.,1.008867186451E-03),
  .PIECEWISE_BEZIER_KNOTS.);
#5411 = CARTESIAN_POINT('',(-0.856705013104,6.97521980674,0.84739009663)
  );
#5412 = CARTESIAN_POINT('',(-0.974928675057,6.693633246185,
    0.988183376907));
#5413 = CARTESIAN_POINT('',(-1.092505041098,6.411830234101,1.12908488295
    ));
#5414 = CARTESIAN_POINT('',(-1.21,6.13,1.27));
#5415 = ORIENTED_EDGE('',*,*,#5210,.F.);
#5416 = ORIENTED_EDGE('',*,*,#4586,.T.);
#5417 = PLANE('',#5418);
#5418 = AXIS2_PLACEMENT_3D('',#5419,#5420,#5421);
#5419 = CARTESIAN_POINT('',(-0.352,7.13,0.77));
#5420 = DIRECTION('',(0.,-0.4472135955,-0.894427191));
#5421 = DIRECTION('',(1.,0.,0.));
#5422 = ADVANCED_FACE('',(#5423),#5444,.T.);
#5423 = FACE_BOUND('',#5424,.T.);
#5424 = EDGE_LOOP('',(#5425,#5426,#5435,#5442,#5443));
#5425 = ORIENTED_EDGE('',*,*,#5349,.T.);
#5426 = ORIENTED_EDGE('',*,*,#5427,.F.);
#5427 = EDGE_CURVE('',#5428,#5341,#5430,.T.);
#5428 = VERTEX_POINT('',#5429);
#5429 = CARTESIAN_POINT('',(-0.845410864143,7.075398602071,
    0.763069326706));
#5430 = B_SPLINE_CURVE_WITH_KNOTS('',3,(#5431,#5432,#5433,#5434),
  .UNSPECIFIED.,.F.,.F.,(4,4),(0.,1.78722385885E-04),
  .PIECEWISE_BEZIER_KNOTS.);
#5431 = CARTESIAN_POINT('',(-0.845410864143,7.075398602071,
    0.763069326706));
#5432 = CARTESIAN_POINT('',(-0.855550879579,7.110581656606,
    0.715331146383));
#5433 = CARTESIAN_POINT('',(-0.84837030504,7.13,0.65510961542));
#5434 = CARTESIAN_POINT('',(-0.835457990478,7.13,0.59695048315));
#5435 = ORIENTED_EDGE('',*,*,#5436,.T.);
#5436 = EDGE_CURVE('',#5428,#5402,#5437,.T.);
#5437 = B_SPLINE_CURVE_WITH_KNOTS('',3,(#5438,#5439,#5440,#5441),
  .UNSPECIFIED.,.F.,.F.,(4,4),(1.878651365912E-04,3.213256423472E-04),
  .PIECEWISE_BEZIER_KNOTS.);
#5438 = CARTESIAN_POINT('',(-0.845410864143,7.075398602071,
    0.763069326706));
#5439 = CARTESIAN_POINT('',(-0.837803403765,7.049002814505,
    0.798884490661));
#5440 = CARTESIAN_POINT('',(-0.840802748949,7.013096013538,
    0.828451993231));
#5441 = CARTESIAN_POINT('',(-0.856705013104,6.97521980674,0.84739009663)
  );
#5442 = ORIENTED_EDGE('',*,*,#5401,.T.);
#5443 = ORIENTED_EDGE('',*,*,#4577,.F.);
#5444 = CYLINDRICAL_SURFACE('',#5445,0.28);
#5445 = AXIS2_PLACEMENT_3D('',#5446,#5447,#5448);
#5446 = CARTESIAN_POINT('',(-0.352,6.85,0.59695048315));
#5447 = DIRECTION('',(-1.,0.,0.));
#5448 = DIRECTION('',(0.,0.,1.));
#5449 = ADVANCED_FACE('',(#5450),#5471,.T.);
#5450 = FACE_BOUND('',#5451,.T.);
#5451 = EDGE_LOOP('',(#5452,#5461,#5468,#5469,#5470));
#5452 = ORIENTED_EDGE('',*,*,#5453,.T.);
#5453 = EDGE_CURVE('',#5378,#5454,#5456,.T.);
#5454 = VERTEX_POINT('',#5455);
#5455 = CARTESIAN_POINT('',(-0.845410864143,7.075398602071,
    -6.306932670559E-02));
#5456 = B_SPLINE_CURVE_WITH_KNOTS('',3,(#5457,#5458,#5459,#5460),
  .UNSPECIFIED.,.F.,.F.,(4,4),(0.,1.335507251205E-04),
  .PIECEWISE_BEZIER_KNOTS.);
#5457 = CARTESIAN_POINT('',(-0.856705013104,6.97521980674,-0.14739009663
    ));
#5458 = CARTESIAN_POINT('',(-0.840820431677,7.0130538966,-0.1284730517)
  );
#5459 = CARTESIAN_POINT('',(-0.837816643111,7.04904875138,
    -9.882216114395E-02));
#5460 = CARTESIAN_POINT('',(-0.845410864143,7.075398602071,
    -6.306932670559E-02));
#5461 = ORIENTED_EDGE('',*,*,#5462,.T.);
#5462 = EDGE_CURVE('',#5454,#5333,#5463,.T.);
#5463 = B_SPLINE_CURVE_WITH_KNOTS('',3,(#5464,#5465,#5466,#5467),
  .UNSPECIFIED.,.F.,.F.,(4,4),(6.776263578034E-20,1.78722385885E-04),
  .PIECEWISE_BEZIER_KNOTS.);
#5464 = CARTESIAN_POINT('',(-0.845410864143,7.075398602071,
    -6.306932670559E-02));
#5465 = CARTESIAN_POINT('',(-0.855550879579,7.110581656606,
    -1.53311463829E-02));
#5466 = CARTESIAN_POINT('',(-0.84837030504,7.13,4.489038458019E-02));
#5467 = CARTESIAN_POINT('',(-0.835457990478,7.13,0.10304951685));
#5468 = ORIENTED_EDGE('',*,*,#5332,.T.);
#5469 = ORIENTED_EDGE('',*,*,#4560,.F.);
#5470 = ORIENTED_EDGE('',*,*,#5386,.T.);
#5471 = CYLINDRICAL_SURFACE('',#5472,0.28);
#5472 = AXIS2_PLACEMENT_3D('',#5473,#5474,#5475);
#5473 = CARTESIAN_POINT('',(-0.352,6.85,0.10304951685));
#5474 = DIRECTION('',(1.,0.,0.));
#5475 = DIRECTION('',(0.,0.,-1.));
#5476 = ADVANCED_FACE('',(#5477),#5491,.T.);
#5477 = FACE_BOUND('',#5478,.T.);
#5478 = EDGE_LOOP('',(#5479,#5480,#5487,#5488,#5489,#5490));
#5479 = ORIENTED_EDGE('',*,*,#5436,.F.);
#5480 = ORIENTED_EDGE('',*,*,#5481,.F.);
#5481 = EDGE_CURVE('',#5454,#5428,#5482,.T.);
#5482 = CIRCLE('',#5483,0.643490908654);
#5483 = AXIS2_PLACEMENT_3D('',#5484,#5485,#5486);
#5484 = CARTESIAN_POINT('',(-0.352,7.075398602071,0.35));
#5485 = DIRECTION('',(0.,1.,0.));
#5486 = DIRECTION('',(0.,-0.,1.));
#5487 = ORIENTED_EDGE('',*,*,#5453,.F.);
#5488 = ORIENTED_EDGE('',*,*,#5377,.F.);
#5489 = ORIENTED_EDGE('',*,*,#5309,.T.);
#5490 = ORIENTED_EDGE('',*,*,#5409,.F.);
#5491 = CONICAL_SURFACE('',#5492,0.608,0.576375220591);
#5492 = AXIS2_PLACEMENT_3D('',#5493,#5494,#5495);
#5493 = CARTESIAN_POINT('',(-0.352,7.13,0.35));
#5494 = DIRECTION('',(0.,-1.,0.));
#5495 = DIRECTION('',(0.,0.,-1.));
#5496 = ADVANCED_FACE('',(#5497),#5503,.T.);
#5497 = FACE_BOUND('',#5498,.T.);
#5498 = EDGE_LOOP('',(#5499,#5500,#5501,#5502));
#5499 = ORIENTED_EDGE('',*,*,#5462,.F.);
#5500 = ORIENTED_EDGE('',*,*,#5481,.T.);
#5501 = ORIENTED_EDGE('',*,*,#5427,.T.);
#5502 = ORIENTED_EDGE('',*,*,#5340,.F.);
#5503 = TOROIDAL_SURFACE('',#5504,0.542877674697,0.12);
#5504 = AXIS2_PLACEMENT_3D('',#5505,#5506,#5507);
#5505 = CARTESIAN_POINT('',(-0.352,7.01,0.35));
#5506 = DIRECTION('',(0.,1.,0.));
#5507 = DIRECTION('',(0.,-0.,1.));
#5508 = ADVANCED_FACE('',(#5509),#5534,.F.);
#5509 = FACE_BOUND('',#5510,.T.);
#5510 = EDGE_LOOP('',(#5511,#5519,#5527,#5533));
#5511 = ORIENTED_EDGE('',*,*,#5512,.T.);
#5512 = EDGE_CURVE('',#1391,#5513,#5515,.T.);
#5513 = VERTEX_POINT('',#5514);
#5514 = CARTESIAN_POINT('',(-0.7,-4.83,2.966515138991));
#5515 = LINE('',#5516,#5517);
#5516 = CARTESIAN_POINT('',(-0.7,-3.43,4.35));
#5517 = VECTOR('',#5518,1.);
#5518 = DIRECTION('',(0.,-0.711289709607,-0.702898960738));
#5519 = ORIENTED_EDGE('',*,*,#5520,.F.);
#5520 = EDGE_CURVE('',#5521,#5513,#5523,.T.);
#5521 = VERTEX_POINT('',#5522);
#5522 = CARTESIAN_POINT('',(0.7,-4.83,2.966515138991));
#5523 = LINE('',#5524,#5525);
#5524 = CARTESIAN_POINT('',(0.7,-4.83,2.966515138991));
#5525 = VECTOR('',#5526,1.);
#5526 = DIRECTION('',(-1.,0.,0.));
#5527 = ORIENTED_EDGE('',*,*,#5528,.F.);
#5528 = EDGE_CURVE('',#1389,#5521,#5529,.T.);
#5529 = LINE('',#5530,#5531);
#5530 = CARTESIAN_POINT('',(0.7,-3.43,4.35));
#5531 = VECTOR('',#5532,1.);
#5532 = DIRECTION('',(0.,-0.711289709607,-0.702898960738));
#5533 = ORIENTED_EDGE('',*,*,#1388,.T.);
#5534 = PLANE('',#5535);
#5535 = AXIS2_PLACEMENT_3D('',#5536,#5537,#5538);
#5536 = CARTESIAN_POINT('',(0.7,-3.43,4.35));
#5537 = DIRECTION('',(0.,0.702898960738,-0.711289709607));
#5538 = DIRECTION('',(0.,0.711289709607,0.702898960738));
#5539 = ADVANCED_FACE('',(#5540),#5565,.F.);
#5540 = FACE_BOUND('',#5541,.T.);
#5541 = EDGE_LOOP('',(#5542,#5550,#5558,#5564));
#5542 = ORIENTED_EDGE('',*,*,#5543,.T.);
#5543 = EDGE_CURVE('',#5513,#5544,#5546,.T.);
#5544 = VERTEX_POINT('',#5545);
#5545 = CARTESIAN_POINT('',(-0.7,-4.83,2.466515138991));
#5546 = LINE('',#5547,#5548);
#5547 = CARTESIAN_POINT('',(-0.7,-4.83,2.966515138991));
#5548 = VECTOR('',#5549,1.);
#5549 = DIRECTION('',(0.,0.,-1.));
#5550 = ORIENTED_EDGE('',*,*,#5551,.F.);
#5551 = EDGE_CURVE('',#5552,#5544,#5554,.T.);
#5552 = VERTEX_POINT('',#5553);
#5553 = CARTESIAN_POINT('',(0.7,-4.83,2.466515138991));
#5554 = LINE('',#5555,#5556);
#5555 = CARTESIAN_POINT('',(0.7,-4.83,2.466515138991));
#5556 = VECTOR('',#5557,1.);
#5557 = DIRECTION('',(-1.,0.,0.));
#5558 = ORIENTED_EDGE('',*,*,#5559,.F.);
#5559 = EDGE_CURVE('',#5521,#5552,#5560,.T.);
#5560 = LINE('',#5561,#5562);
#5561 = CARTESIAN_POINT('',(0.7,-4.83,2.966515138991));
#5562 = VECTOR('',#5563,1.);
#5563 = DIRECTION('',(0.,0.,-1.));
#5564 = ORIENTED_EDGE('',*,*,#5520,.T.);
#5565 = PLANE('',#5566);
#5566 = AXIS2_PLACEMENT_3D('',#5567,#5568,#5569);
#5567 = CARTESIAN_POINT('',(0.7,-4.83,2.966515138991));
#5568 = DIRECTION('',(0.,1.,0.));
#5569 = DIRECTION('',(0.,-0.,1.));
#5570 = ADVANCED_FACE('',(#5571),#5589,.F.);
#5571 = FACE_BOUND('',#5572,.F.);
#5572 = EDGE_LOOP('',(#5573,#5574,#5581,#5582));
#5573 = ORIENTED_EDGE('',*,*,#5551,.F.);
#5574 = ORIENTED_EDGE('',*,*,#5575,.T.);
#5575 = EDGE_CURVE('',#5552,#1399,#5576,.T.);
#5576 = CIRCLE('',#5577,1.);
#5577 = AXIS2_PLACEMENT_3D('',#5578,#5579,#5580);
#5578 = CARTESIAN_POINT('',(0.7,-4.43,1.55));
#5579 = DIRECTION('',(-1.,0.,0.));
#5580 = DIRECTION('',(0.,-1.,0.));
#5581 = ORIENTED_EDGE('',*,*,#1406,.T.);
#5582 = ORIENTED_EDGE('',*,*,#5583,.F.);
#5583 = EDGE_CURVE('',#5544,#1407,#5584,.T.);
#5584 = CIRCLE('',#5585,1.);
#5585 = AXIS2_PLACEMENT_3D('',#5586,#5587,#5588);
#5586 = CARTESIAN_POINT('',(-0.7,-4.43,1.55));
#5587 = DIRECTION('',(-1.,0.,0.));
#5588 = DIRECTION('',(0.,-1.,0.));
#5589 = CYLINDRICAL_SURFACE('',#5590,1.);
#5590 = AXIS2_PLACEMENT_3D('',#5591,#5592,#5593);
#5591 = CARTESIAN_POINT('',(0.7,-4.43,1.55));
#5592 = DIRECTION('',(-1.,0.,0.));
#5593 = DIRECTION('',(0.,0.,1.));
#5594 = ADVANCED_FACE('',(#5595),#5601,.F.);
#5595 = FACE_BOUND('',#5596,.T.);
#5596 = EDGE_LOOP('',(#5597,#5598,#5599,#5600));
#5597 = ORIENTED_EDGE('',*,*,#1398,.T.);
#5598 = ORIENTED_EDGE('',*,*,#5528,.T.);
#5599 = ORIENTED_EDGE('',*,*,#5559,.T.);
#5600 = ORIENTED_EDGE('',*,*,#5575,.T.);
#5601 = PLANE('',#5602);
#5602 = AXIS2_PLACEMENT_3D('',#5603,#5604,#5605);
#5603 = CARTESIAN_POINT('',(0.7,-4.43,1.55));
#5604 = DIRECTION('',(-1.,0.,0.));
#5605 = DIRECTION('',(0.,0.,1.));
#5606 = ADVANCED_FACE('',(#5607),#5613,.T.);
#5607 = FACE_BOUND('',#5608,.T.);
#5608 = EDGE_LOOP('',(#5609,#5610,#5611,#5612));
#5609 = ORIENTED_EDGE('',*,*,#1414,.F.);
#5610 = ORIENTED_EDGE('',*,*,#5583,.F.);
#5611 = ORIENTED_EDGE('',*,*,#5543,.F.);
#5612 = ORIENTED_EDGE('',*,*,#5512,.F.);
#5613 = PLANE('',#5614);
#5614 = AXIS2_PLACEMENT_3D('',#5615,#5616,#5617);
#5615 = CARTESIAN_POINT('',(-0.7,-4.43,1.55));
#5616 = DIRECTION('',(-1.,0.,0.));
#5617 = DIRECTION('',(0.,0.,1.));
#5618 = ADVANCED_FACE('',(#5619),#5637,.T.);
#5619 = FACE_BOUND('',#5620,.T.);
#5620 = EDGE_LOOP('',(#5621,#5622,#5630,#5636));
#5621 = ORIENTED_EDGE('',*,*,#1432,.F.);
#5622 = ORIENTED_EDGE('',*,*,#5623,.F.);
#5623 = EDGE_CURVE('',#5624,#1425,#5626,.T.);
#5624 = VERTEX_POINT('',#5625);
#5625 = CARTESIAN_POINT('',(3.15,-3.13,-3.05));
#5626 = LINE('',#5627,#5628);
#5627 = CARTESIAN_POINT('',(3.15,-3.13,-3.05));
#5628 = VECTOR('',#5629,1.);
#5629 = DIRECTION('',(0.,-1.,0.));
#5630 = ORIENTED_EDGE('',*,*,#5631,.T.);
#5631 = EDGE_CURVE('',#5624,#808,#5632,.T.);
#5632 = LINE('',#5633,#5634);
#5633 = CARTESIAN_POINT('',(3.15,-3.13,-3.05));
#5634 = VECTOR('',#5635,1.);
#5635 = DIRECTION('',(0.,0.,-1.));
#5636 = ORIENTED_EDGE('',*,*,#865,.T.);
#5637 = PLANE('',#5638);
#5638 = AXIS2_PLACEMENT_3D('',#5639,#5640,#5641);
#5639 = CARTESIAN_POINT('',(3.15,-3.13,-3.05));
#5640 = DIRECTION('',(-1.,0.,0.));
#5641 = DIRECTION('',(0.,0.,1.));
#5642 = ADVANCED_FACE('',(#5643),#5661,.T.);
#5643 = FACE_BOUND('',#5644,.T.);
#5644 = EDGE_LOOP('',(#5645,#5646,#5647,#5655));
#5645 = ORIENTED_EDGE('',*,*,#1471,.F.);
#5646 = ORIENTED_EDGE('',*,*,#1511,.F.);
#5647 = ORIENTED_EDGE('',*,*,#5648,.T.);
#5648 = EDGE_CURVE('',#1504,#5649,#5651,.T.);
#5649 = VERTEX_POINT('',#5650);
#5650 = CARTESIAN_POINT('',(-3.15,-3.13,-3.05));
#5651 = LINE('',#5652,#5653);
#5652 = CARTESIAN_POINT('',(-3.15,-3.13,-4.95));
#5653 = VECTOR('',#5654,1.);
#5654 = DIRECTION('',(0.,0.,1.));
#5655 = ORIENTED_EDGE('',*,*,#5656,.T.);
#5656 = EDGE_CURVE('',#5649,#1423,#5657,.T.);
#5657 = LINE('',#5658,#5659);
#5658 = CARTESIAN_POINT('',(-3.15,-3.13,-3.05));
#5659 = VECTOR('',#5660,1.);
#5660 = DIRECTION('',(0.,-1.,0.));
#5661 = PLANE('',#5662);
#5662 = AXIS2_PLACEMENT_3D('',#5663,#5664,#5665);
#5663 = CARTESIAN_POINT('',(-3.15,-3.13,-4.95));
#5664 = DIRECTION('',(1.,0.,0.));
#5665 = DIRECTION('',(0.,0.,-1.));
#5666 = ADVANCED_FACE('',(#5667),#5678,.T.);
#5667 = FACE_BOUND('',#5668,.T.);
#5668 = EDGE_LOOP('',(#5669,#5670,#5671,#5677));
#5669 = ORIENTED_EDGE('',*,*,#1422,.F.);
#5670 = ORIENTED_EDGE('',*,*,#5656,.F.);
#5671 = ORIENTED_EDGE('',*,*,#5672,.T.);
#5672 = EDGE_CURVE('',#5649,#5624,#5673,.T.);
#5673 = LINE('',#5674,#5675);
#5674 = CARTESIAN_POINT('',(-3.15,-3.13,-3.05));
#5675 = VECTOR('',#5676,1.);
#5676 = DIRECTION('',(1.,0.,0.));
#5677 = ORIENTED_EDGE('',*,*,#5623,.T.);
#5678 = PLANE('',#5679);
#5679 = AXIS2_PLACEMENT_3D('',#5680,#5681,#5682);
#5680 = CARTESIAN_POINT('',(-3.15,-3.13,-3.05));
#5681 = DIRECTION('',(0.,0.,-1.));
#5682 = DIRECTION('',(-1.,0.,0.));
#5683 = ADVANCED_FACE('',(#5684),#5726,.F.);
#5684 = FACE_BOUND('',#5685,.T.);
#5685 = EDGE_LOOP('',(#5686,#5687,#5694,#5695,#5696,#5697,#5698,#5699,
    #5706,#5707,#5708,#5709,#5716,#5717,#5724,#5725));
#5686 = ORIENTED_EDGE('',*,*,#629,.T.);
#5687 = ORIENTED_EDGE('',*,*,#5688,.F.);
#5688 = EDGE_CURVE('',#810,#622,#5689,.T.);
#5689 = CIRCLE('',#5690,0.3);
#5690 = AXIS2_PLACEMENT_3D('',#5691,#5692,#5693);
#5691 = CARTESIAN_POINT('',(2.12,-3.13,-4.65));
#5692 = DIRECTION('',(0.,1.,0.));
#5693 = DIRECTION('',(0.,-0.,1.));
#5694 = ORIENTED_EDGE('',*,*,#807,.F.);
#5695 = ORIENTED_EDGE('',*,*,#5631,.F.);
#5696 = ORIENTED_EDGE('',*,*,#5672,.F.);
#5697 = ORIENTED_EDGE('',*,*,#5648,.F.);
#5698 = ORIENTED_EDGE('',*,*,#1503,.F.);
#5699 = ORIENTED_EDGE('',*,*,#5700,.F.);
#5700 = EDGE_CURVE('',#576,#1496,#5701,.T.);
#5701 = CIRCLE('',#5702,0.3);
#5702 = AXIS2_PLACEMENT_3D('',#5703,#5704,#5705);
#5703 = CARTESIAN_POINT('',(-2.12,-3.13,-4.65));
#5704 = DIRECTION('',(0.,1.,0.));
#5705 = DIRECTION('',(0.,-0.,1.));
#5706 = ORIENTED_EDGE('',*,*,#575,.F.);
#5707 = ORIENTED_EDGE('',*,*,#1141,.F.);
#5708 = ORIENTED_EDGE('',*,*,#489,.T.);
#5709 = ORIENTED_EDGE('',*,*,#5710,.F.);
#5710 = EDGE_CURVE('',#1175,#482,#5711,.T.);
#5711 = CIRCLE('',#5712,0.3);
#5712 = AXIS2_PLACEMENT_3D('',#5713,#5714,#5715);
#5713 = CARTESIAN_POINT('',(-0.88,-3.13,-4.65));
#5714 = DIRECTION('',(0.,1.,0.));
#5715 = DIRECTION('',(0.,-0.,1.));
#5716 = ORIENTED_EDGE('',*,*,#1174,.F.);
#5717 = ORIENTED_EDGE('',*,*,#5718,.F.);
#5718 = EDGE_CURVE('',#716,#1167,#5719,.T.);
#5719 = CIRCLE('',#5720,0.3);
#5720 = AXIS2_PLACEMENT_3D('',#5721,#5722,#5723);
#5721 = CARTESIAN_POINT('',(0.88,-3.13,-4.65));
#5722 = DIRECTION('',(0.,1.,0.));
#5723 = DIRECTION('',(0.,-0.,1.));
#5724 = ORIENTED_EDGE('',*,*,#715,.F.);
#5725 = ORIENTED_EDGE('',*,*,#792,.F.);
#5726 = PLANE('',#5727);
#5727 = AXIS2_PLACEMENT_3D('',#5728,#5729,#5730);
#5728 = CARTESIAN_POINT('',(0.,-3.13,0.));
#5729 = DIRECTION('',(0.,1.,0.));
#5730 = DIRECTION('',(0.,-0.,1.));
#5731 = ADVANCED_FACE('',(#5732),#5780,.F.);
#5732 = FACE_BOUND('',#5733,.T.);
#5733 = EDGE_LOOP('',(#5734,#5735,#5741,#5742,#5750,#5758,#5766,#5772,
    #5773,#5779));
#5734 = ORIENTED_EDGE('',*,*,#755,.T.);
#5735 = ORIENTED_EDGE('',*,*,#5736,.T.);
#5736 = EDGE_CURVE('',#746,#236,#5737,.T.);
#5737 = LINE('',#5738,#5739);
#5738 = CARTESIAN_POINT('',(-1.18,0.305,-3.63));
#5739 = VECTOR('',#5740,1.);
#5740 = DIRECTION('',(0.,0.,1.));
#5741 = ORIENTED_EDGE('',*,*,#233,.F.);
#5742 = ORIENTED_EDGE('',*,*,#5743,.T.);
#5743 = EDGE_CURVE('',#234,#5744,#5746,.T.);
#5744 = VERTEX_POINT('',#5745);
#5745 = CARTESIAN_POINT('',(-1.18,1.18,-1.55));
#5746 = LINE('',#5747,#5748);
#5747 = CARTESIAN_POINT('',(-1.18,1.18,-19.85687302627));
#5748 = VECTOR('',#5749,1.);
#5749 = DIRECTION('',(0.,0.,1.));
#5750 = ORIENTED_EDGE('',*,*,#5751,.T.);
#5751 = EDGE_CURVE('',#5744,#5752,#5754,.T.);
#5752 = VERTEX_POINT('',#5753);
#5753 = CARTESIAN_POINT('',(-1.18,1.82,-1.55));
#5754 = LINE('',#5755,#5756);
#5755 = CARTESIAN_POINT('',(-1.18,1.18,-1.55));
#5756 = VECTOR('',#5757,1.);
#5757 = DIRECTION('',(0.,1.,0.));
#5758 = ORIENTED_EDGE('',*,*,#5759,.F.);
#5759 = EDGE_CURVE('',#5760,#5752,#5762,.T.);
#5760 = VERTEX_POINT('',#5761);
#5761 = CARTESIAN_POINT('',(-1.18,1.82,-3.63));
#5762 = LINE('',#5763,#5764);
#5763 = CARTESIAN_POINT('',(-1.18,1.82,-19.85687302627));
#5764 = VECTOR('',#5765,1.);
#5765 = DIRECTION('',(0.,0.,1.));
#5766 = ORIENTED_EDGE('',*,*,#5767,.F.);
#5767 = EDGE_CURVE('',#3809,#5760,#5768,.T.);
#5768 = LINE('',#5769,#5770);
#5769 = CARTESIAN_POINT('',(-1.18,3.13,-3.63));
#5770 = VECTOR('',#5771,1.);
#5771 = DIRECTION('',(0.,-1.,0.));
#5772 = ORIENTED_EDGE('',*,*,#3808,.T.);
#5773 = ORIENTED_EDGE('',*,*,#5774,.T.);
#5774 = EDGE_CURVE('',#3800,#1366,#5775,.T.);
#5775 = LINE('',#5776,#5777);
#5776 = CARTESIAN_POINT('',(-1.18,2.73,-4.65));
#5777 = VECTOR('',#5778,1.);
#5778 = DIRECTION('',(0.,-1.,0.));
#5779 = ORIENTED_EDGE('',*,*,#1365,.F.);
#5780 = PLANE('',#5781);
#5781 = AXIS2_PLACEMENT_3D('',#5782,#5783,#5784);
#5782 = CARTESIAN_POINT('',(-1.18,3.13,-3.63));
#5783 = DIRECTION('',(1.,0.,0.));
#5784 = DIRECTION('',(0.,0.,-1.));
#5785 = ADVANCED_FACE('',(#5786),#5834,.F.);
#5786 = FACE_BOUND('',#5787,.T.);
#5787 = EDGE_LOOP('',(#5788,#5789,#5795,#5796,#5797,#5803,#5804,#5812,
    #5820,#5828));
#5788 = ORIENTED_EDGE('',*,*,#251,.F.);
#5789 = ORIENTED_EDGE('',*,*,#5790,.T.);
#5790 = EDGE_CURVE('',#244,#1838,#5791,.T.);
#5791 = LINE('',#5792,#5793);
#5792 = CARTESIAN_POINT('',(-1.82,0.305,-3.63));
#5793 = VECTOR('',#5794,1.);
#5794 = DIRECTION('',(0.,0.,-1.));
#5795 = ORIENTED_EDGE('',*,*,#1877,.T.);
#5796 = ORIENTED_EDGE('',*,*,#3703,.F.);
#5797 = ORIENTED_EDGE('',*,*,#5798,.T.);
#5798 = EDGE_CURVE('',#3695,#3825,#5799,.T.);
#5799 = LINE('',#5800,#5801);
#5800 = CARTESIAN_POINT('',(-1.82,3.13,-4.65));
#5801 = VECTOR('',#5802,1.);
#5802 = DIRECTION('',(0.,1.,0.));
#5803 = ORIENTED_EDGE('',*,*,#3824,.F.);
#5804 = ORIENTED_EDGE('',*,*,#5805,.F.);
#5805 = EDGE_CURVE('',#5806,#3817,#5808,.T.);
#5806 = VERTEX_POINT('',#5807);
#5807 = CARTESIAN_POINT('',(-1.82,1.82,-3.63));
#5808 = LINE('',#5809,#5810);
#5809 = CARTESIAN_POINT('',(-1.82,-3.13,-3.63));
#5810 = VECTOR('',#5811,1.);
#5811 = DIRECTION('',(0.,1.,0.));
#5812 = ORIENTED_EDGE('',*,*,#5813,.T.);
#5813 = EDGE_CURVE('',#5806,#5814,#5816,.T.);
#5814 = VERTEX_POINT('',#5815);
#5815 = CARTESIAN_POINT('',(-1.82,1.82,-1.55));
#5816 = LINE('',#5817,#5818);
#5817 = CARTESIAN_POINT('',(-1.82,1.82,-19.85687302627));
#5818 = VECTOR('',#5819,1.);
#5819 = DIRECTION('',(0.,0.,1.));
#5820 = ORIENTED_EDGE('',*,*,#5821,.T.);
#5821 = EDGE_CURVE('',#5814,#5822,#5824,.T.);
#5822 = VERTEX_POINT('',#5823);
#5823 = CARTESIAN_POINT('',(-1.82,1.18,-1.55));
#5824 = LINE('',#5825,#5826);
#5825 = CARTESIAN_POINT('',(-1.82,1.82,-1.55));
#5826 = VECTOR('',#5827,1.);
#5827 = DIRECTION('',(0.,-1.,0.));
#5828 = ORIENTED_EDGE('',*,*,#5829,.F.);
#5829 = EDGE_CURVE('',#252,#5822,#5830,.T.);
#5830 = LINE('',#5831,#5832);
#5831 = CARTESIAN_POINT('',(-1.82,1.18,-19.85687302627));
#5832 = VECTOR('',#5833,1.);
#5833 = DIRECTION('',(0.,0.,1.));
#5834 = PLANE('',#5835);
#5835 = AXIS2_PLACEMENT_3D('',#5836,#5837,#5838);
#5836 = CARTESIAN_POINT('',(-1.82,-3.13,-3.63));
#5837 = DIRECTION('',(-1.,0.,0.));
#5838 = DIRECTION('',(0.,0.,1.));
#5839 = ADVANCED_FACE('',(#5840),#5851,.T.);
#5840 = FACE_BOUND('',#5841,.T.);
#5841 = EDGE_LOOP('',(#5842,#5848,#5849,#5850));
#5842 = ORIENTED_EDGE('',*,*,#5843,.F.);
#5843 = EDGE_CURVE('',#5806,#5760,#5844,.T.);
#5844 = LINE('',#5845,#5846);
#5845 = CARTESIAN_POINT('',(0.,1.82,-3.63));
#5846 = VECTOR('',#5847,1.);
#5847 = DIRECTION('',(1.,0.,0.));
#5848 = ORIENTED_EDGE('',*,*,#5805,.T.);
#5849 = ORIENTED_EDGE('',*,*,#3816,.T.);
#5850 = ORIENTED_EDGE('',*,*,#5767,.T.);
#5851 = PLANE('',#5852);
#5852 = AXIS2_PLACEMENT_3D('',#5853,#5854,#5855);
#5853 = CARTESIAN_POINT('',(0.,0.,-3.63));
#5854 = DIRECTION('',(0.,0.,-1.));
#5855 = DIRECTION('',(-1.,0.,0.));
#5856 = ADVANCED_FACE('',(#5857),#5863,.T.);
#5857 = FACE_BOUND('',#5858,.T.);
#5858 = EDGE_LOOP('',(#5859,#5860,#5861,#5862));
#5859 = ORIENTED_EDGE('',*,*,#3799,.T.);
#5860 = ORIENTED_EDGE('',*,*,#1262,.T.);
#5861 = ORIENTED_EDGE('',*,*,#1373,.T.);
#5862 = ORIENTED_EDGE('',*,*,#5774,.F.);
#5863 = CYLINDRICAL_SURFACE('',#5864,0.3);
#5864 = AXIS2_PLACEMENT_3D('',#5865,#5866,#5867);
#5865 = CARTESIAN_POINT('',(-0.88,3.13,-4.65));
#5866 = DIRECTION('',(0.,1.,0.));
#5867 = DIRECTION('',(0.,-0.,1.));
#5868 = ADVANCED_FACE('',(#5869),#5875,.T.);
#5869 = FACE_BOUND('',#5870,.T.);
#5870 = EDGE_LOOP('',(#5871,#5872,#5873,#5874));
#5871 = ORIENTED_EDGE('',*,*,#5700,.T.);
#5872 = ORIENTED_EDGE('',*,*,#1495,.T.);
#5873 = ORIENTED_EDGE('',*,*,#3553,.F.);
#5874 = ORIENTED_EDGE('',*,*,#583,.F.);
#5875 = CYLINDRICAL_SURFACE('',#5876,0.3);
#5876 = AXIS2_PLACEMENT_3D('',#5877,#5878,#5879);
#5877 = CARTESIAN_POINT('',(-2.12,-3.13,-4.65));
#5878 = DIRECTION('',(0.,-1.,0.));
#5879 = DIRECTION('',(0.,0.,-1.));
#5880 = ADVANCED_FACE('',(#5881),#5887,.T.);
#5881 = FACE_BOUND('',#5882,.T.);
#5882 = EDGE_LOOP('',(#5883,#5884,#5885,#5886));
#5883 = ORIENTED_EDGE('',*,*,#1285,.F.);
#5884 = ORIENTED_EDGE('',*,*,#1182,.T.);
#5885 = ORIENTED_EDGE('',*,*,#5710,.T.);
#5886 = ORIENTED_EDGE('',*,*,#481,.F.);
#5887 = CYLINDRICAL_SURFACE('',#5888,0.3);
#5888 = AXIS2_PLACEMENT_3D('',#5889,#5890,#5891);
#5889 = CARTESIAN_POINT('',(-0.88,3.13,-4.65));
#5890 = DIRECTION('',(0.,1.,0.));
#5891 = DIRECTION('',(0.,-0.,1.));
#5892 = ADVANCED_FACE('',(#5893),#5899,.T.);
#5893 = FACE_BOUND('',#5894,.T.);
#5894 = EDGE_LOOP('',(#5895,#5896,#5897,#5898));
#5895 = ORIENTED_EDGE('',*,*,#3694,.T.);
#5896 = ORIENTED_EDGE('',*,*,#2600,.T.);
#5897 = ORIENTED_EDGE('',*,*,#3832,.T.);
#5898 = ORIENTED_EDGE('',*,*,#5798,.F.);
#5899 = CYLINDRICAL_SURFACE('',#5900,0.3);
#5900 = AXIS2_PLACEMENT_3D('',#5901,#5902,#5903);
#5901 = CARTESIAN_POINT('',(-2.12,-3.13,-4.65));
#5902 = DIRECTION('',(0.,-1.,0.));
#5903 = DIRECTION('',(0.,0.,-1.));
#5904 = ADVANCED_FACE('',(#5905),#5930,.F.);
#5905 = FACE_BOUND('',#5906,.T.);
#5906 = EDGE_LOOP('',(#5907,#5917,#5923,#5924));
#5907 = ORIENTED_EDGE('',*,*,#5908,.F.);
#5908 = EDGE_CURVE('',#5909,#5911,#5913,.T.);
#5909 = VERTEX_POINT('',#5910);
#5910 = CARTESIAN_POINT('',(-2.8,2.1,-1.55));
#5911 = VERTEX_POINT('',#5912);
#5912 = CARTESIAN_POINT('',(-2.8,0.2,-1.55));
#5913 = LINE('',#5914,#5915);
#5914 = CARTESIAN_POINT('',(-2.8,2.8,-1.55));
#5915 = VECTOR('',#5916,1.);
#5916 = DIRECTION('',(-6.672013369142E-16,-1.,0.));
#5917 = ORIENTED_EDGE('',*,*,#5918,.T.);
#5918 = EDGE_CURVE('',#5909,#3003,#5919,.T.);
#5919 = LINE('',#5920,#5921);
#5920 = CARTESIAN_POINT('',(-2.8,2.1,4.95));
#5921 = VECTOR('',#5922,1.);
#5922 = DIRECTION('',(0.,0.,1.));
#5923 = ORIENTED_EDGE('',*,*,#3002,.T.);
#5924 = ORIENTED_EDGE('',*,*,#5925,.F.);
#5925 = EDGE_CURVE('',#5911,#3005,#5926,.T.);
#5926 = LINE('',#5927,#5928);
#5927 = CARTESIAN_POINT('',(-2.8,0.2,-1.55));
#5928 = VECTOR('',#5929,1.);
#5929 = DIRECTION('',(0.,0.,1.));
#5930 = PLANE('',#5931);
#5931 = AXIS2_PLACEMENT_3D('',#5932,#5933,#5934);
#5932 = CARTESIAN_POINT('',(-2.8,2.8,-1.55));
#5933 = DIRECTION('',(-1.,6.672013369142E-16,0.));
#5934 = DIRECTION('',(-6.672013369142E-16,-1.,0.));
#5935 = ADVANCED_FACE('',(#5936),#5954,.F.);
#5936 = FACE_BOUND('',#5937,.T.);
#5937 = EDGE_LOOP('',(#5938,#5939,#5947,#5953));
#5938 = ORIENTED_EDGE('',*,*,#3036,.T.);
#5939 = ORIENTED_EDGE('',*,*,#5940,.F.);
#5940 = EDGE_CURVE('',#5941,#3029,#5943,.T.);
#5941 = VERTEX_POINT('',#5942);
#5942 = CARTESIAN_POINT('',(-0.2,0.2,-1.55));
#5943 = LINE('',#5944,#5945);
#5944 = CARTESIAN_POINT('',(-0.2,0.2,-1.55));
#5945 = VECTOR('',#5946,1.);
#5946 = DIRECTION('',(0.,0.,1.));
#5947 = ORIENTED_EDGE('',*,*,#5948,.F.);
#5948 = EDGE_CURVE('',#5911,#5941,#5949,.T.);
#5949 = LINE('',#5950,#5951);
#5950 = CARTESIAN_POINT('',(-2.8,0.2,-1.55));
#5951 = VECTOR('',#5952,1.);
#5952 = DIRECTION('',(1.,0.,0.));
#5953 = ORIENTED_EDGE('',*,*,#5925,.T.);
#5954 = PLANE('',#5955);
#5955 = AXIS2_PLACEMENT_3D('',#5956,#5957,#5958);
#5956 = CARTESIAN_POINT('',(-2.8,0.2,-1.55));
#5957 = DIRECTION('',(0.,-1.,0.));
#5958 = DIRECTION('',(0.,0.,-1.));
#5959 = ADVANCED_FACE('',(#5960),#5978,.F.);
#5960 = FACE_BOUND('',#5961,.T.);
#5961 = EDGE_LOOP('',(#5962,#5963,#5971,#5977));
#5962 = ORIENTED_EDGE('',*,*,#3028,.T.);
#5963 = ORIENTED_EDGE('',*,*,#5964,.F.);
#5964 = EDGE_CURVE('',#5965,#3021,#5967,.T.);
#5965 = VERTEX_POINT('',#5966);
#5966 = CARTESIAN_POINT('',(-0.2,2.8,-1.55));
#5967 = LINE('',#5968,#5969);
#5968 = CARTESIAN_POINT('',(-0.2,2.8,-1.55));
#5969 = VECTOR('',#5970,1.);
#5970 = DIRECTION('',(0.,0.,1.));
#5971 = ORIENTED_EDGE('',*,*,#5972,.F.);
#5972 = EDGE_CURVE('',#5941,#5965,#5973,.T.);
#5973 = LINE('',#5974,#5975);
#5974 = CARTESIAN_POINT('',(-0.2,0.2,-1.55));
#5975 = VECTOR('',#5976,1.);
#5976 = DIRECTION('',(0.,1.,0.));
#5977 = ORIENTED_EDGE('',*,*,#5940,.T.);
#5978 = PLANE('',#5979);
#5979 = AXIS2_PLACEMENT_3D('',#5980,#5981,#5982);
#5980 = CARTESIAN_POINT('',(-0.2,0.2,-1.55));
#5981 = DIRECTION('',(1.,0.,0.));
#5982 = DIRECTION('',(0.,0.,-1.));
#5983 = ADVANCED_FACE('',(#5984),#6002,.F.);
#5984 = FACE_BOUND('',#5985,.T.);
#5985 = EDGE_LOOP('',(#5986,#5987,#5995,#6001));
#5986 = ORIENTED_EDGE('',*,*,#3020,.T.);
#5987 = ORIENTED_EDGE('',*,*,#5988,.T.);
#5988 = EDGE_CURVE('',#3013,#5989,#5991,.T.);
#5989 = VERTEX_POINT('',#5990);
#5990 = CARTESIAN_POINT('',(-2.1,2.8,-1.55));
#5991 = LINE('',#5992,#5993);
#5992 = CARTESIAN_POINT('',(-2.1,2.8,-1.55));
#5993 = VECTOR('',#5994,1.);
#5994 = DIRECTION('',(0.,0.,-1.));
#5995 = ORIENTED_EDGE('',*,*,#5996,.F.);
#5996 = EDGE_CURVE('',#5965,#5989,#5997,.T.);
#5997 = LINE('',#5998,#5999);
#5998 = CARTESIAN_POINT('',(-0.2,2.8,-1.55));
#5999 = VECTOR('',#6000,1.);
#6000 = DIRECTION('',(-1.,0.,0.));
#6001 = ORIENTED_EDGE('',*,*,#5964,.T.);
#6002 = PLANE('',#6003);
#6003 = AXIS2_PLACEMENT_3D('',#6004,#6005,#6006);
#6004 = CARTESIAN_POINT('',(-0.2,2.8,-1.55));
#6005 = DIRECTION('',(0.,1.,0.));
#6006 = DIRECTION('',(0.,-0.,1.));
#6007 = ADVANCED_FACE('',(#6008,#6024),#6036,.T.);
#6008 = FACE_BOUND('',#6009,.T.);
#6009 = EDGE_LOOP('',(#6010,#6011,#6017,#6018));
#6010 = ORIENTED_EDGE('',*,*,#5821,.F.);
#6011 = ORIENTED_EDGE('',*,*,#6012,.F.);
#6012 = EDGE_CURVE('',#5752,#5814,#6013,.T.);
#6013 = LINE('',#6014,#6015);
#6014 = CARTESIAN_POINT('',(-1.18,1.82,-1.55));
#6015 = VECTOR('',#6016,1.);
#6016 = DIRECTION('',(-1.,0.,0.));
#6017 = ORIENTED_EDGE('',*,*,#5751,.F.);
#6018 = ORIENTED_EDGE('',*,*,#6019,.F.);
#6019 = EDGE_CURVE('',#5822,#5744,#6020,.T.);
#6020 = LINE('',#6021,#6022);
#6021 = CARTESIAN_POINT('',(-1.82,1.18,-1.55));
#6022 = VECTOR('',#6023,1.);
#6023 = DIRECTION('',(1.,0.,0.));
#6024 = FACE_BOUND('',#6025,.T.);
#6025 = EDGE_LOOP('',(#6026,#6027,#6033,#6034,#6035));
#6026 = ORIENTED_EDGE('',*,*,#5996,.T.);
#6027 = ORIENTED_EDGE('',*,*,#6028,.F.);
#6028 = EDGE_CURVE('',#5909,#5989,#6029,.T.);
#6029 = LINE('',#6030,#6031);
#6030 = CARTESIAN_POINT('',(-2.45,2.45,-1.55));
#6031 = VECTOR('',#6032,1.);
#6032 = DIRECTION('',(0.707106781187,0.707106781187,0.));
#6033 = ORIENTED_EDGE('',*,*,#5908,.T.);
#6034 = ORIENTED_EDGE('',*,*,#5948,.T.);
#6035 = ORIENTED_EDGE('',*,*,#5972,.T.);
#6036 = PLANE('',#6037);
#6037 = AXIS2_PLACEMENT_3D('',#6038,#6039,#6040);
#6038 = CARTESIAN_POINT('',(0.,0.,-1.55));
#6039 = DIRECTION('',(0.,0.,1.));
#6040 = DIRECTION('',(1.,0.,-0.));
#6041 = ADVANCED_FACE('',(#6042),#6048,.F.);
#6042 = FACE_BOUND('',#6043,.T.);
#6043 = EDGE_LOOP('',(#6044,#6045,#6046,#6047));
#6044 = ORIENTED_EDGE('',*,*,#259,.T.);
#6045 = ORIENTED_EDGE('',*,*,#5829,.T.);
#6046 = ORIENTED_EDGE('',*,*,#6019,.T.);
#6047 = ORIENTED_EDGE('',*,*,#5743,.F.);
#6048 = PLANE('',#6049);
#6049 = AXIS2_PLACEMENT_3D('',#6050,#6051,#6052);
#6050 = CARTESIAN_POINT('',(-1.82,1.18,-19.85687302627));
#6051 = DIRECTION('',(0.,-1.,0.));
#6052 = DIRECTION('',(0.,0.,-1.));
#6053 = ADVANCED_FACE('',(#6054),#6060,.F.);
#6054 = FACE_BOUND('',#6055,.T.);
#6055 = EDGE_LOOP('',(#6056,#6057,#6058,#6059));
#6056 = ORIENTED_EDGE('',*,*,#5843,.T.);
#6057 = ORIENTED_EDGE('',*,*,#5759,.T.);
#6058 = ORIENTED_EDGE('',*,*,#6012,.T.);
#6059 = ORIENTED_EDGE('',*,*,#5813,.F.);
#6060 = PLANE('',#6061);
#6061 = AXIS2_PLACEMENT_3D('',#6062,#6063,#6064);
#6062 = CARTESIAN_POINT('',(-1.18,1.82,-19.85687302627));
#6063 = DIRECTION('',(0.,1.,0.));
#6064 = DIRECTION('',(0.,-0.,1.));
#6065 = ADVANCED_FACE('',(#6066),#6091,.F.);
#6066 = FACE_BOUND('',#6067,.T.);
#6067 = EDGE_LOOP('',(#6068,#6078,#6084,#6085));
#6068 = ORIENTED_EDGE('',*,*,#6069,.F.);
#6069 = EDGE_CURVE('',#6070,#6072,#6074,.T.);
#6070 = VERTEX_POINT('',#6071);
#6071 = CARTESIAN_POINT('',(-0.9,-0.2,-1.55));
#6072 = VERTEX_POINT('',#6073);
#6073 = CARTESIAN_POINT('',(-2.8,-0.2,-1.55));
#6074 = LINE('',#6075,#6076);
#6075 = CARTESIAN_POINT('',(-0.2,-0.2,-1.55));
#6076 = VECTOR('',#6077,1.);
#6077 = DIRECTION('',(-1.,0.,0.));
#6078 = ORIENTED_EDGE('',*,*,#6079,.T.);
#6079 = EDGE_CURVE('',#6070,#2961,#6080,.T.);
#6080 = LINE('',#6081,#6082);
#6081 = CARTESIAN_POINT('',(-0.9,-0.2,4.95));
#6082 = VECTOR('',#6083,1.);
#6083 = DIRECTION('',(0.,0.,1.));
#6084 = ORIENTED_EDGE('',*,*,#2960,.T.);
#6085 = ORIENTED_EDGE('',*,*,#6086,.F.);
#6086 = EDGE_CURVE('',#6072,#2963,#6087,.T.);
#6087 = LINE('',#6088,#6089);
#6088 = CARTESIAN_POINT('',(-2.8,-0.2,-1.55));
#6089 = VECTOR('',#6090,1.);
#6090 = DIRECTION('',(0.,0.,1.));
#6091 = PLANE('',#6092);
#6092 = AXIS2_PLACEMENT_3D('',#6093,#6094,#6095);
#6093 = CARTESIAN_POINT('',(-0.2,-0.2,-1.55));
#6094 = DIRECTION('',(0.,1.,0.));
#6095 = DIRECTION('',(0.,-0.,1.));
#6096 = ADVANCED_FACE('',(#6097),#6115,.F.);
#6097 = FACE_BOUND('',#6098,.T.);
#6098 = EDGE_LOOP('',(#6099,#6100,#6108,#6114));
#6099 = ORIENTED_EDGE('',*,*,#2994,.T.);
#6100 = ORIENTED_EDGE('',*,*,#6101,.F.);
#6101 = EDGE_CURVE('',#6102,#2987,#6104,.T.);
#6102 = VERTEX_POINT('',#6103);
#6103 = CARTESIAN_POINT('',(-2.8,-2.8,-1.55));
#6104 = LINE('',#6105,#6106);
#6105 = CARTESIAN_POINT('',(-2.8,-2.8,-1.55));
#6106 = VECTOR('',#6107,1.);
#6107 = DIRECTION('',(0.,0.,1.));
#6108 = ORIENTED_EDGE('',*,*,#6109,.F.);
#6109 = EDGE_CURVE('',#6072,#6102,#6110,.T.);
#6110 = LINE('',#6111,#6112);
#6111 = CARTESIAN_POINT('',(-2.8,-0.2,-1.55));
#6112 = VECTOR('',#6113,1.);
#6113 = DIRECTION('',(6.672013369142E-16,-1.,0.));
#6114 = ORIENTED_EDGE('',*,*,#6086,.T.);
#6115 = PLANE('',#6116);
#6116 = AXIS2_PLACEMENT_3D('',#6117,#6118,#6119);
#6117 = CARTESIAN_POINT('',(-2.8,-0.2,-1.55));
#6118 = DIRECTION('',(-1.,-6.672013369142E-16,0.));
#6119 = DIRECTION('',(6.672013369142E-16,-1.,0.));
#6120 = ADVANCED_FACE('',(#6121),#6139,.F.);
#6121 = FACE_BOUND('',#6122,.T.);
#6122 = EDGE_LOOP('',(#6123,#6124,#6132,#6138));
#6123 = ORIENTED_EDGE('',*,*,#2986,.T.);
#6124 = ORIENTED_EDGE('',*,*,#6125,.F.);
#6125 = EDGE_CURVE('',#6126,#2979,#6128,.T.);
#6126 = VERTEX_POINT('',#6127);
#6127 = CARTESIAN_POINT('',(-0.2,-2.8,-1.55));
#6128 = LINE('',#6129,#6130);
#6129 = CARTESIAN_POINT('',(-0.2,-2.8,-1.55));
#6130 = VECTOR('',#6131,1.);
#6131 = DIRECTION('',(0.,0.,1.));
#6132 = ORIENTED_EDGE('',*,*,#6133,.F.);
#6133 = EDGE_CURVE('',#6102,#6126,#6134,.T.);
#6134 = LINE('',#6135,#6136);
#6135 = CARTESIAN_POINT('',(-2.8,-2.8,-1.55));
#6136 = VECTOR('',#6137,1.);
#6137 = DIRECTION('',(1.,0.,0.));
#6138 = ORIENTED_EDGE('',*,*,#6101,.T.);
#6139 = PLANE('',#6140);
#6140 = AXIS2_PLACEMENT_3D('',#6141,#6142,#6143);
#6141 = CARTESIAN_POINT('',(-2.8,-2.8,-1.55));
#6142 = DIRECTION('',(0.,-1.,0.));
#6143 = DIRECTION('',(0.,0.,-1.));
#6144 = ADVANCED_FACE('',(#6145),#6163,.F.);
#6145 = FACE_BOUND('',#6146,.T.);
#6146 = EDGE_LOOP('',(#6147,#6148,#6156,#6162));
#6147 = ORIENTED_EDGE('',*,*,#2978,.T.);
#6148 = ORIENTED_EDGE('',*,*,#6149,.T.);
#6149 = EDGE_CURVE('',#2971,#6150,#6152,.T.);
#6150 = VERTEX_POINT('',#6151);
#6151 = CARTESIAN_POINT('',(-0.2,-0.9,-1.55));
#6152 = LINE('',#6153,#6154);
#6153 = CARTESIAN_POINT('',(-0.2,-0.9,-1.55));
#6154 = VECTOR('',#6155,1.);
#6155 = DIRECTION('',(0.,0.,-1.));
#6156 = ORIENTED_EDGE('',*,*,#6157,.F.);
#6157 = EDGE_CURVE('',#6126,#6150,#6158,.T.);
#6158 = LINE('',#6159,#6160);
#6159 = CARTESIAN_POINT('',(-0.2,-2.8,-1.55));
#6160 = VECTOR('',#6161,1.);
#6161 = DIRECTION('',(0.,1.,0.));
#6162 = ORIENTED_EDGE('',*,*,#6125,.T.);
#6163 = PLANE('',#6164);
#6164 = AXIS2_PLACEMENT_3D('',#6165,#6166,#6167);
#6165 = CARTESIAN_POINT('',(-0.2,-2.8,-1.55));
#6166 = DIRECTION('',(1.,0.,0.));
#6167 = DIRECTION('',(0.,0.,-1.));
#6168 = ADVANCED_FACE('',(#6169,#6185),#6197,.T.);
#6169 = FACE_BOUND('',#6170,.T.);
#6170 = EDGE_LOOP('',(#6171,#6177,#6178,#6184));
#6171 = ORIENTED_EDGE('',*,*,#6172,.F.);
#6172 = EDGE_CURVE('',#514,#544,#6173,.T.);
#6173 = LINE('',#6174,#6175);
#6174 = CARTESIAN_POINT('',(-1.18,-1.18,-1.55));
#6175 = VECTOR('',#6176,1.);
#6176 = DIRECTION('',(-1.,0.,0.));
#6177 = ORIENTED_EDGE('',*,*,#513,.F.);
#6178 = ORIENTED_EDGE('',*,*,#6179,.F.);
#6179 = EDGE_CURVE('',#552,#506,#6180,.T.);
#6180 = LINE('',#6181,#6182);
#6181 = CARTESIAN_POINT('',(-1.82,-1.82,-1.55));
#6182 = VECTOR('',#6183,1.);
#6183 = DIRECTION('',(1.,0.,0.));
#6184 = ORIENTED_EDGE('',*,*,#551,.F.);
#6185 = FACE_BOUND('',#6186,.T.);
#6186 = EDGE_LOOP('',(#6187,#6188,#6194,#6195,#6196));
#6187 = ORIENTED_EDGE('',*,*,#6157,.T.);
#6188 = ORIENTED_EDGE('',*,*,#6189,.F.);
#6189 = EDGE_CURVE('',#6070,#6150,#6190,.T.);
#6190 = LINE('',#6191,#6192);
#6191 = CARTESIAN_POINT('',(-0.55,-0.55,-1.55));
#6192 = VECTOR('',#6193,1.);
#6193 = DIRECTION('',(0.707106781187,-0.707106781187,0.));
#6194 = ORIENTED_EDGE('',*,*,#6069,.T.);
#6195 = ORIENTED_EDGE('',*,*,#6109,.T.);
#6196 = ORIENTED_EDGE('',*,*,#6133,.T.);
#6197 = PLANE('',#6198);
#6198 = AXIS2_PLACEMENT_3D('',#6199,#6200,#6201);
#6199 = CARTESIAN_POINT('',(0.,0.,-1.55));
#6200 = DIRECTION('',(0.,0.,1.));
#6201 = DIRECTION('',(1.,0.,-0.));
#6202 = ADVANCED_FACE('',(#6203),#6209,.F.);
#6203 = FACE_BOUND('',#6204,.T.);
#6204 = EDGE_LOOP('',(#6205,#6206,#6207,#6208));
#6205 = ORIENTED_EDGE('',*,*,#219,.T.);
#6206 = ORIENTED_EDGE('',*,*,#521,.T.);
#6207 = ORIENTED_EDGE('',*,*,#6172,.T.);
#6208 = ORIENTED_EDGE('',*,*,#543,.F.);
#6209 = PLANE('',#6210);
#6210 = AXIS2_PLACEMENT_3D('',#6211,#6212,#6213);
#6211 = CARTESIAN_POINT('',(-1.18,-1.18,-19.85687302627));
#6212 = DIRECTION('',(0.,1.,0.));
#6213 = DIRECTION('',(0.,-0.,1.));
#6214 = ADVANCED_FACE('',(#6215),#6221,.F.);
#6215 = FACE_BOUND('',#6216,.T.);
#6216 = EDGE_LOOP('',(#6217,#6218,#6219,#6220));
#6217 = ORIENTED_EDGE('',*,*,#1134,.T.);
#6218 = ORIENTED_EDGE('',*,*,#559,.T.);
#6219 = ORIENTED_EDGE('',*,*,#6179,.T.);
#6220 = ORIENTED_EDGE('',*,*,#505,.F.);
#6221 = PLANE('',#6222);
#6222 = AXIS2_PLACEMENT_3D('',#6223,#6224,#6225);
#6223 = CARTESIAN_POINT('',(-1.82,-1.82,-19.85687302627));
#6224 = DIRECTION('',(0.,-1.,0.));
#6225 = DIRECTION('',(0.,0.,-1.));
#6226 = ADVANCED_FACE('',(#6227),#6275,.F.);
#6227 = FACE_BOUND('',#6228,.T.);
#6228 = EDGE_LOOP('',(#6229,#6230,#6236,#6237,#6245,#6253,#6261,#6267,
    #6268,#6274));
#6229 = ORIENTED_EDGE('',*,*,#889,.T.);
#6230 = ORIENTED_EDGE('',*,*,#6231,.T.);
#6231 = EDGE_CURVE('',#880,#156,#6232,.T.);
#6232 = LINE('',#6233,#6234);
#6233 = CARTESIAN_POINT('',(1.82,0.305,-3.63));
#6234 = VECTOR('',#6235,1.);
#6235 = DIRECTION('',(0.,0.,1.));
#6236 = ORIENTED_EDGE('',*,*,#153,.F.);
#6237 = ORIENTED_EDGE('',*,*,#6238,.T.);
#6238 = EDGE_CURVE('',#154,#6239,#6241,.T.);
#6239 = VERTEX_POINT('',#6240);
#6240 = CARTESIAN_POINT('',(1.82,1.18,-1.55));
#6241 = LINE('',#6242,#6243);
#6242 = CARTESIAN_POINT('',(1.82,1.18,-19.85687302627));
#6243 = VECTOR('',#6244,1.);
#6244 = DIRECTION('',(0.,0.,1.));
#6245 = ORIENTED_EDGE('',*,*,#6246,.T.);
#6246 = EDGE_CURVE('',#6239,#6247,#6249,.T.);
#6247 = VERTEX_POINT('',#6248);
#6248 = CARTESIAN_POINT('',(1.82,1.82,-1.55));
#6249 = LINE('',#6250,#6251);
#6250 = CARTESIAN_POINT('',(1.82,1.18,-1.55));
#6251 = VECTOR('',#6252,1.);
#6252 = DIRECTION('',(0.,1.,0.));
#6253 = ORIENTED_EDGE('',*,*,#6254,.F.);
#6254 = EDGE_CURVE('',#6255,#6247,#6257,.T.);
#6255 = VERTEX_POINT('',#6256);
#6256 = CARTESIAN_POINT('',(1.82,1.82,-3.63));
#6257 = LINE('',#6258,#6259);
#6258 = CARTESIAN_POINT('',(1.82,1.82,-19.85687302627));
#6259 = VECTOR('',#6260,1.);
#6260 = DIRECTION('',(0.,0.,1.));
#6261 = ORIENTED_EDGE('',*,*,#6262,.F.);
#6262 = EDGE_CURVE('',#3854,#6255,#6263,.T.);
#6263 = LINE('',#6264,#6265);
#6264 = CARTESIAN_POINT('',(1.82,3.13,-3.63));
#6265 = VECTOR('',#6266,1.);
#6266 = DIRECTION('',(0.,-1.,0.));
#6267 = ORIENTED_EDGE('',*,*,#3853,.T.);
#6268 = ORIENTED_EDGE('',*,*,#6269,.T.);
#6269 = EDGE_CURVE('',#3845,#1056,#6270,.T.);
#6270 = LINE('',#6271,#6272);
#6271 = CARTESIAN_POINT('',(1.82,2.73,-4.65));
#6272 = VECTOR('',#6273,1.);
#6273 = DIRECTION('',(0.,-1.,0.));
#6274 = ORIENTED_EDGE('',*,*,#1055,.F.);
#6275 = PLANE('',#6276);
#6276 = AXIS2_PLACEMENT_3D('',#6277,#6278,#6279);
#6277 = CARTESIAN_POINT('',(1.82,3.13,-3.63));
#6278 = DIRECTION('',(1.,0.,0.));
#6279 = DIRECTION('',(0.,0.,-1.));
#6280 = ADVANCED_FACE('',(#6281),#6329,.F.);
#6281 = FACE_BOUND('',#6282,.T.);
#6282 = EDGE_LOOP('',(#6283,#6284,#6290,#6291,#6292,#6298,#6299,#6307,
    #6315,#6323));
#6283 = ORIENTED_EDGE('',*,*,#171,.F.);
#6284 = ORIENTED_EDGE('',*,*,#6285,.T.);
#6285 = EDGE_CURVE('',#164,#1199,#6286,.T.);
#6286 = LINE('',#6287,#6288);
#6287 = CARTESIAN_POINT('',(1.18,0.305,-3.63));
#6288 = VECTOR('',#6289,1.);
#6289 = DIRECTION('',(0.,0.,-1.));
#6290 = ORIENTED_EDGE('',*,*,#1222,.T.);
#6291 = ORIENTED_EDGE('',*,*,#1335,.F.);
#6292 = ORIENTED_EDGE('',*,*,#6293,.T.);
#6293 = EDGE_CURVE('',#1327,#3784,#6294,.T.);
#6294 = LINE('',#6295,#6296);
#6295 = CARTESIAN_POINT('',(1.18,3.13,-4.65));
#6296 = VECTOR('',#6297,1.);
#6297 = DIRECTION('',(0.,1.,0.));
#6298 = ORIENTED_EDGE('',*,*,#3781,.F.);
#6299 = ORIENTED_EDGE('',*,*,#6300,.F.);
#6300 = EDGE_CURVE('',#6301,#3782,#6303,.T.);
#6301 = VERTEX_POINT('',#6302);
#6302 = CARTESIAN_POINT('',(1.18,1.82,-3.63));
#6303 = LINE('',#6304,#6305);
#6304 = CARTESIAN_POINT('',(1.18,-3.13,-3.63));
#6305 = VECTOR('',#6306,1.);
#6306 = DIRECTION('',(0.,1.,0.));
#6307 = ORIENTED_EDGE('',*,*,#6308,.T.);
#6308 = EDGE_CURVE('',#6301,#6309,#6311,.T.);
#6309 = VERTEX_POINT('',#6310);
#6310 = CARTESIAN_POINT('',(1.18,1.82,-1.55));
#6311 = LINE('',#6312,#6313);
#6312 = CARTESIAN_POINT('',(1.18,1.82,-19.85687302627));
#6313 = VECTOR('',#6314,1.);
#6314 = DIRECTION('',(0.,0.,1.));
#6315 = ORIENTED_EDGE('',*,*,#6316,.T.);
#6316 = EDGE_CURVE('',#6309,#6317,#6319,.T.);
#6317 = VERTEX_POINT('',#6318);
#6318 = CARTESIAN_POINT('',(1.18,1.18,-1.55));
#6319 = LINE('',#6320,#6321);
#6320 = CARTESIAN_POINT('',(1.18,1.82,-1.55));
#6321 = VECTOR('',#6322,1.);
#6322 = DIRECTION('',(0.,-1.,0.));
#6323 = ORIENTED_EDGE('',*,*,#6324,.F.);
#6324 = EDGE_CURVE('',#172,#6317,#6325,.T.);
#6325 = LINE('',#6326,#6327);
#6326 = CARTESIAN_POINT('',(1.18,1.18,-19.85687302627));
#6327 = VECTOR('',#6328,1.);
#6328 = DIRECTION('',(0.,0.,1.));
#6329 = PLANE('',#6330);
#6330 = AXIS2_PLACEMENT_3D('',#6331,#6332,#6333);
#6331 = CARTESIAN_POINT('',(1.18,-3.13,-3.63));
#6332 = DIRECTION('',(-1.,0.,0.));
#6333 = DIRECTION('',(0.,0.,1.));
#6334 = ADVANCED_FACE('',(#6335),#6346,.T.);
#6335 = FACE_BOUND('',#6336,.T.);
#6336 = EDGE_LOOP('',(#6337,#6343,#6344,#6345));
#6337 = ORIENTED_EDGE('',*,*,#6338,.F.);
#6338 = EDGE_CURVE('',#6301,#6255,#6339,.T.);
#6339 = LINE('',#6340,#6341);
#6340 = CARTESIAN_POINT('',(0.,1.82,-3.63));
#6341 = VECTOR('',#6342,1.);
#6342 = DIRECTION('',(1.,0.,0.));
#6343 = ORIENTED_EDGE('',*,*,#6300,.T.);
#6344 = ORIENTED_EDGE('',*,*,#3861,.T.);
#6345 = ORIENTED_EDGE('',*,*,#6262,.T.);
#6346 = PLANE('',#6347);
#6347 = AXIS2_PLACEMENT_3D('',#6348,#6349,#6350);
#6348 = CARTESIAN_POINT('',(0.,0.,-3.63));
#6349 = DIRECTION('',(0.,0.,-1.));
#6350 = DIRECTION('',(-1.,0.,0.));
#6351 = ADVANCED_FACE('',(#6352),#6358,.T.);
#6352 = FACE_BOUND('',#6353,.T.);
#6353 = EDGE_LOOP('',(#6354,#6355,#6356,#6357));
#6354 = ORIENTED_EDGE('',*,*,#3844,.T.);
#6355 = ORIENTED_EDGE('',*,*,#945,.T.);
#6356 = ORIENTED_EDGE('',*,*,#1063,.T.);
#6357 = ORIENTED_EDGE('',*,*,#6269,.F.);
#6358 = CYLINDRICAL_SURFACE('',#6359,0.3);
#6359 = AXIS2_PLACEMENT_3D('',#6360,#6361,#6362);
#6360 = CARTESIAN_POINT('',(2.12,3.13,-4.65));
#6361 = DIRECTION('',(0.,1.,0.));
#6362 = DIRECTION('',(0.,-0.,1.));
#6363 = ADVANCED_FACE('',(#6364),#6370,.T.);
#6364 = FACE_BOUND('',#6365,.T.);
#6365 = EDGE_LOOP('',(#6366,#6367,#6368,#6369));
#6366 = ORIENTED_EDGE('',*,*,#5718,.T.);
#6367 = ORIENTED_EDGE('',*,*,#1166,.T.);
#6368 = ORIENTED_EDGE('',*,*,#1277,.F.);
#6369 = ORIENTED_EDGE('',*,*,#723,.F.);
#6370 = CYLINDRICAL_SURFACE('',#6371,0.3);
#6371 = AXIS2_PLACEMENT_3D('',#6372,#6373,#6374);
#6372 = CARTESIAN_POINT('',(0.88,-3.13,-4.65));
#6373 = DIRECTION('',(0.,-1.,0.));
#6374 = DIRECTION('',(0.,0.,-1.));
#6375 = ADVANCED_FACE('',(#6376),#6382,.T.);
#6376 = FACE_BOUND('',#6377,.T.);
#6377 = EDGE_LOOP('',(#6378,#6379,#6380,#6381));
#6378 = ORIENTED_EDGE('',*,*,#1008,.F.);
#6379 = ORIENTED_EDGE('',*,*,#817,.T.);
#6380 = ORIENTED_EDGE('',*,*,#5688,.T.);
#6381 = ORIENTED_EDGE('',*,*,#621,.F.);
#6382 = CYLINDRICAL_SURFACE('',#6383,0.3);
#6383 = AXIS2_PLACEMENT_3D('',#6384,#6385,#6386);
#6384 = CARTESIAN_POINT('',(2.12,3.13,-4.65));
#6385 = DIRECTION('',(0.,1.,0.));
#6386 = DIRECTION('',(0.,-0.,1.));
#6387 = ADVANCED_FACE('',(#6388),#6394,.T.);
#6388 = FACE_BOUND('',#6389,.T.);
#6389 = EDGE_LOOP('',(#6390,#6391,#6392,#6393));
#6390 = ORIENTED_EDGE('',*,*,#1326,.T.);
#6391 = ORIENTED_EDGE('',*,*,#1246,.T.);
#6392 = ORIENTED_EDGE('',*,*,#3791,.T.);
#6393 = ORIENTED_EDGE('',*,*,#6293,.F.);
#6394 = CYLINDRICAL_SURFACE('',#6395,0.3);
#6395 = AXIS2_PLACEMENT_3D('',#6396,#6397,#6398);
#6396 = CARTESIAN_POINT('',(0.88,-3.13,-4.65));
#6397 = DIRECTION('',(0.,-1.,0.));
#6398 = DIRECTION('',(0.,0.,-1.));
#6399 = ADVANCED_FACE('',(#6400),#6425,.F.);
#6400 = FACE_BOUND('',#6401,.T.);
#6401 = EDGE_LOOP('',(#6402,#6403,#6411,#6419));
#6402 = ORIENTED_EDGE('',*,*,#2918,.T.);
#6403 = ORIENTED_EDGE('',*,*,#6404,.F.);
#6404 = EDGE_CURVE('',#6405,#2921,#6407,.T.);
#6405 = VERTEX_POINT('',#6406);
#6406 = CARTESIAN_POINT('',(0.2,0.2,-1.55));
#6407 = LINE('',#6408,#6409);
#6408 = CARTESIAN_POINT('',(0.2,0.2,-1.55));
#6409 = VECTOR('',#6410,1.);
#6410 = DIRECTION('',(0.,0.,1.));
#6411 = ORIENTED_EDGE('',*,*,#6412,.F.);
#6412 = EDGE_CURVE('',#6413,#6405,#6415,.T.);
#6413 = VERTEX_POINT('',#6414);
#6414 = CARTESIAN_POINT('',(0.2,2.8,-1.55));
#6415 = LINE('',#6416,#6417);
#6416 = CARTESIAN_POINT('',(0.2,2.8,-1.55));
#6417 = VECTOR('',#6418,1.);
#6418 = DIRECTION('',(-6.672013369142E-16,-1.,0.));
#6419 = ORIENTED_EDGE('',*,*,#6420,.T.);
#6420 = EDGE_CURVE('',#6413,#2919,#6421,.T.);
#6421 = LINE('',#6422,#6423);
#6422 = CARTESIAN_POINT('',(0.2,2.8,-1.55));
#6423 = VECTOR('',#6424,1.);
#6424 = DIRECTION('',(0.,0.,1.));
#6425 = PLANE('',#6426);
#6426 = AXIS2_PLACEMENT_3D('',#6427,#6428,#6429);
#6427 = CARTESIAN_POINT('',(0.2,2.8,-1.55));
#6428 = DIRECTION('',(-1.,6.672013369142E-16,0.));
#6429 = DIRECTION('',(-6.672013369142E-16,-1.,0.));
#6430 = ADVANCED_FACE('',(#6431),#6449,.F.);
#6431 = FACE_BOUND('',#6432,.T.);
#6432 = EDGE_LOOP('',(#6433,#6434,#6442,#6448));
#6433 = ORIENTED_EDGE('',*,*,#2952,.T.);
#6434 = ORIENTED_EDGE('',*,*,#6435,.F.);
#6435 = EDGE_CURVE('',#6436,#2945,#6438,.T.);
#6436 = VERTEX_POINT('',#6437);
#6437 = CARTESIAN_POINT('',(2.8,0.2,-1.55));
#6438 = LINE('',#6439,#6440);
#6439 = CARTESIAN_POINT('',(2.8,0.2,-1.55));
#6440 = VECTOR('',#6441,1.);
#6441 = DIRECTION('',(0.,0.,1.));
#6442 = ORIENTED_EDGE('',*,*,#6443,.F.);
#6443 = EDGE_CURVE('',#6405,#6436,#6444,.T.);
#6444 = LINE('',#6445,#6446);
#6445 = CARTESIAN_POINT('',(0.2,0.2,-1.55));
#6446 = VECTOR('',#6447,1.);
#6447 = DIRECTION('',(1.,0.,0.));
#6448 = ORIENTED_EDGE('',*,*,#6404,.T.);
#6449 = PLANE('',#6450);
#6450 = AXIS2_PLACEMENT_3D('',#6451,#6452,#6453);
#6451 = CARTESIAN_POINT('',(0.2,0.2,-1.55));
#6452 = DIRECTION('',(0.,-1.,0.));
#6453 = DIRECTION('',(0.,0.,-1.));
#6454 = ADVANCED_FACE('',(#6455),#6473,.F.);
#6455 = FACE_BOUND('',#6456,.T.);
#6456 = EDGE_LOOP('',(#6457,#6458,#6466,#6472));
#6457 = ORIENTED_EDGE('',*,*,#2944,.T.);
#6458 = ORIENTED_EDGE('',*,*,#6459,.T.);
#6459 = EDGE_CURVE('',#2937,#6460,#6462,.T.);
#6460 = VERTEX_POINT('',#6461);
#6461 = CARTESIAN_POINT('',(2.8,2.1,-1.55));
#6462 = LINE('',#6463,#6464);
#6463 = CARTESIAN_POINT('',(2.8,2.1,-1.55));
#6464 = VECTOR('',#6465,1.);
#6465 = DIRECTION('',(0.,0.,-1.));
#6466 = ORIENTED_EDGE('',*,*,#6467,.F.);
#6467 = EDGE_CURVE('',#6436,#6460,#6468,.T.);
#6468 = LINE('',#6469,#6470);
#6469 = CARTESIAN_POINT('',(2.8,0.2,-1.55));
#6470 = VECTOR('',#6471,1.);
#6471 = DIRECTION('',(0.,1.,0.));
#6472 = ORIENTED_EDGE('',*,*,#6435,.T.);
#6473 = PLANE('',#6474);
#6474 = AXIS2_PLACEMENT_3D('',#6475,#6476,#6477);
#6475 = CARTESIAN_POINT('',(2.8,0.2,-1.55));
#6476 = DIRECTION('',(1.,0.,0.));
#6477 = DIRECTION('',(0.,0.,-1.));
#6478 = ADVANCED_FACE('',(#6479),#6497,.F.);
#6479 = FACE_BOUND('',#6480,.T.);
#6480 = EDGE_LOOP('',(#6481,#6489,#6495,#6496));
#6481 = ORIENTED_EDGE('',*,*,#6482,.F.);
#6482 = EDGE_CURVE('',#6483,#6413,#6485,.T.);
#6483 = VERTEX_POINT('',#6484);
#6484 = CARTESIAN_POINT('',(2.1,2.8,-1.55));
#6485 = LINE('',#6486,#6487);
#6486 = CARTESIAN_POINT('',(2.8,2.8,-1.55));
#6487 = VECTOR('',#6488,1.);
#6488 = DIRECTION('',(-1.,0.,0.));
#6489 = ORIENTED_EDGE('',*,*,#6490,.T.);
#6490 = EDGE_CURVE('',#6483,#2929,#6491,.T.);
#6491 = LINE('',#6492,#6493);
#6492 = CARTESIAN_POINT('',(2.1,2.8,4.95));
#6493 = VECTOR('',#6494,1.);
#6494 = DIRECTION('',(0.,0.,1.));
#6495 = ORIENTED_EDGE('',*,*,#2928,.T.);
#6496 = ORIENTED_EDGE('',*,*,#6420,.F.);
#6497 = PLANE('',#6498);
#6498 = AXIS2_PLACEMENT_3D('',#6499,#6500,#6501);
#6499 = CARTESIAN_POINT('',(2.8,2.8,-1.55));
#6500 = DIRECTION('',(0.,1.,0.));
#6501 = DIRECTION('',(0.,-0.,1.));
#6502 = ADVANCED_FACE('',(#6503,#6519),#6531,.T.);
#6503 = FACE_BOUND('',#6504,.T.);
#6504 = EDGE_LOOP('',(#6505,#6506,#6512,#6513));
#6505 = ORIENTED_EDGE('',*,*,#6316,.F.);
#6506 = ORIENTED_EDGE('',*,*,#6507,.F.);
#6507 = EDGE_CURVE('',#6247,#6309,#6508,.T.);
#6508 = LINE('',#6509,#6510);
#6509 = CARTESIAN_POINT('',(1.82,1.82,-1.55));
#6510 = VECTOR('',#6511,1.);
#6511 = DIRECTION('',(-1.,0.,0.));
#6512 = ORIENTED_EDGE('',*,*,#6246,.F.);
#6513 = ORIENTED_EDGE('',*,*,#6514,.F.);
#6514 = EDGE_CURVE('',#6317,#6239,#6515,.T.);
#6515 = LINE('',#6516,#6517);
#6516 = CARTESIAN_POINT('',(1.18,1.18,-1.55));
#6517 = VECTOR('',#6518,1.);
#6518 = DIRECTION('',(1.,0.,0.));
#6519 = FACE_BOUND('',#6520,.T.);
#6520 = EDGE_LOOP('',(#6521,#6522,#6528,#6529,#6530));
#6521 = ORIENTED_EDGE('',*,*,#6467,.T.);
#6522 = ORIENTED_EDGE('',*,*,#6523,.F.);
#6523 = EDGE_CURVE('',#6483,#6460,#6524,.T.);
#6524 = LINE('',#6525,#6526);
#6525 = CARTESIAN_POINT('',(2.45,2.45,-1.55));
#6526 = VECTOR('',#6527,1.);
#6527 = DIRECTION('',(0.707106781187,-0.707106781187,0.));
#6528 = ORIENTED_EDGE('',*,*,#6482,.T.);
#6529 = ORIENTED_EDGE('',*,*,#6412,.T.);
#6530 = ORIENTED_EDGE('',*,*,#6443,.T.);
#6531 = PLANE('',#6532);
#6532 = AXIS2_PLACEMENT_3D('',#6533,#6534,#6535);
#6533 = CARTESIAN_POINT('',(0.,0.,-1.55));
#6534 = DIRECTION('',(0.,0.,1.));
#6535 = DIRECTION('',(1.,0.,-0.));
#6536 = ADVANCED_FACE('',(#6537),#6543,.F.);
#6537 = FACE_BOUND('',#6538,.T.);
#6538 = EDGE_LOOP('',(#6539,#6540,#6541,#6542));
#6539 = ORIENTED_EDGE('',*,*,#179,.T.);
#6540 = ORIENTED_EDGE('',*,*,#6324,.T.);
#6541 = ORIENTED_EDGE('',*,*,#6514,.T.);
#6542 = ORIENTED_EDGE('',*,*,#6238,.F.);
#6543 = PLANE('',#6544);
#6544 = AXIS2_PLACEMENT_3D('',#6545,#6546,#6547);
#6545 = CARTESIAN_POINT('',(1.18,1.18,-19.85687302627));
#6546 = DIRECTION('',(0.,-1.,0.));
#6547 = DIRECTION('',(0.,0.,-1.));
#6548 = ADVANCED_FACE('',(#6549),#6555,.F.);
#6549 = FACE_BOUND('',#6550,.T.);
#6550 = EDGE_LOOP('',(#6551,#6552,#6553,#6554));
#6551 = ORIENTED_EDGE('',*,*,#6338,.T.);
#6552 = ORIENTED_EDGE('',*,*,#6254,.T.);
#6553 = ORIENTED_EDGE('',*,*,#6507,.T.);
#6554 = ORIENTED_EDGE('',*,*,#6308,.F.);
#6555 = PLANE('',#6556);
#6556 = AXIS2_PLACEMENT_3D('',#6557,#6558,#6559);
#6557 = CARTESIAN_POINT('',(1.82,1.82,-19.85687302627));
#6558 = DIRECTION('',(0.,1.,0.));
#6559 = DIRECTION('',(0.,-0.,1.));
#6560 = ADVANCED_FACE('',(#6561),#6586,.F.);
#6561 = FACE_BOUND('',#6562,.T.);
#6562 = EDGE_LOOP('',(#6563,#6564,#6572,#6580));
#6563 = ORIENTED_EDGE('',*,*,#2876,.T.);
#6564 = ORIENTED_EDGE('',*,*,#6565,.T.);
#6565 = EDGE_CURVE('',#2879,#6566,#6568,.T.);
#6566 = VERTEX_POINT('',#6567);
#6567 = CARTESIAN_POINT('',(0.9,-0.2,-1.55));
#6568 = LINE('',#6569,#6570);
#6569 = CARTESIAN_POINT('',(0.9,-0.2,-1.55));
#6570 = VECTOR('',#6571,1.);
#6571 = DIRECTION('',(0.,0.,-1.));
#6572 = ORIENTED_EDGE('',*,*,#6573,.F.);
#6573 = EDGE_CURVE('',#6574,#6566,#6576,.T.);
#6574 = VERTEX_POINT('',#6575);
#6575 = CARTESIAN_POINT('',(2.8,-0.2,-1.55));
#6576 = LINE('',#6577,#6578);
#6577 = CARTESIAN_POINT('',(2.8,-0.2,-1.55));
#6578 = VECTOR('',#6579,1.);
#6579 = DIRECTION('',(-1.,0.,0.));
#6580 = ORIENTED_EDGE('',*,*,#6581,.T.);
#6581 = EDGE_CURVE('',#6574,#2877,#6582,.T.);
#6582 = LINE('',#6583,#6584);
#6583 = CARTESIAN_POINT('',(2.8,-0.2,-1.55));
#6584 = VECTOR('',#6585,1.);
#6585 = DIRECTION('',(0.,0.,1.));
#6586 = PLANE('',#6587);
#6587 = AXIS2_PLACEMENT_3D('',#6588,#6589,#6590);
#6588 = CARTESIAN_POINT('',(2.8,-0.2,-1.55));
#6589 = DIRECTION('',(0.,1.,0.));
#6590 = DIRECTION('',(0.,-0.,1.));
#6591 = ADVANCED_FACE('',(#6592),#6617,.F.);
#6592 = FACE_BOUND('',#6593,.T.);
#6593 = EDGE_LOOP('',(#6594,#6604,#6610,#6611));
#6594 = ORIENTED_EDGE('',*,*,#6595,.F.);
#6595 = EDGE_CURVE('',#6596,#6598,#6600,.T.);
#6596 = VERTEX_POINT('',#6597);
#6597 = CARTESIAN_POINT('',(0.2,-0.9,-1.55));
#6598 = VERTEX_POINT('',#6599);
#6599 = CARTESIAN_POINT('',(0.2,-2.8,-1.55));
#6600 = LINE('',#6601,#6602);
#6601 = CARTESIAN_POINT('',(0.2,-0.2,-1.55));
#6602 = VECTOR('',#6603,1.);
#6603 = DIRECTION('',(6.672013369142E-16,-1.,0.));
#6604 = ORIENTED_EDGE('',*,*,#6605,.T.);
#6605 = EDGE_CURVE('',#6596,#2903,#6606,.T.);
#6606 = LINE('',#6607,#6608);
#6607 = CARTESIAN_POINT('',(0.2,-0.9,4.95));
#6608 = VECTOR('',#6609,1.);
#6609 = DIRECTION('',(0.,0.,1.));
#6610 = ORIENTED_EDGE('',*,*,#2902,.T.);
#6611 = ORIENTED_EDGE('',*,*,#6612,.F.);
#6612 = EDGE_CURVE('',#6598,#2895,#6613,.T.);
#6613 = LINE('',#6614,#6615);
#6614 = CARTESIAN_POINT('',(0.2,-2.8,-1.55));
#6615 = VECTOR('',#6616,1.);
#6616 = DIRECTION('',(0.,0.,1.));
#6617 = PLANE('',#6618);
#6618 = AXIS2_PLACEMENT_3D('',#6619,#6620,#6621);
#6619 = CARTESIAN_POINT('',(0.2,-0.2,-1.55));
#6620 = DIRECTION('',(-1.,-6.672013369142E-16,0.));
#6621 = DIRECTION('',(6.672013369142E-16,-1.,0.));
#6622 = ADVANCED_FACE('',(#6623),#6641,.F.);
#6623 = FACE_BOUND('',#6624,.T.);
#6624 = EDGE_LOOP('',(#6625,#6626,#6634,#6640));
#6625 = ORIENTED_EDGE('',*,*,#2894,.T.);
#6626 = ORIENTED_EDGE('',*,*,#6627,.F.);
#6627 = EDGE_CURVE('',#6628,#2887,#6630,.T.);
#6628 = VERTEX_POINT('',#6629);
#6629 = CARTESIAN_POINT('',(2.8,-2.8,-1.55));
#6630 = LINE('',#6631,#6632);
#6631 = CARTESIAN_POINT('',(2.8,-2.8,-1.55));
#6632 = VECTOR('',#6633,1.);
#6633 = DIRECTION('',(0.,0.,1.));
#6634 = ORIENTED_EDGE('',*,*,#6635,.F.);
#6635 = EDGE_CURVE('',#6598,#6628,#6636,.T.);
#6636 = LINE('',#6637,#6638);
#6637 = CARTESIAN_POINT('',(0.2,-2.8,-1.55));
#6638 = VECTOR('',#6639,1.);
#6639 = DIRECTION('',(1.,0.,0.));
#6640 = ORIENTED_EDGE('',*,*,#6612,.T.);
#6641 = PLANE('',#6642);
#6642 = AXIS2_PLACEMENT_3D('',#6643,#6644,#6645);
#6643 = CARTESIAN_POINT('',(0.2,-2.8,-1.55));
#6644 = DIRECTION('',(0.,-1.,0.));
#6645 = DIRECTION('',(0.,0.,-1.));
#6646 = ADVANCED_FACE('',(#6647),#6658,.F.);
#6647 = FACE_BOUND('',#6648,.T.);
#6648 = EDGE_LOOP('',(#6649,#6650,#6651,#6657));
#6649 = ORIENTED_EDGE('',*,*,#2886,.T.);
#6650 = ORIENTED_EDGE('',*,*,#6581,.F.);
#6651 = ORIENTED_EDGE('',*,*,#6652,.F.);
#6652 = EDGE_CURVE('',#6628,#6574,#6653,.T.);
#6653 = LINE('',#6654,#6655);
#6654 = CARTESIAN_POINT('',(2.8,-2.8,-1.55));
#6655 = VECTOR('',#6656,1.);
#6656 = DIRECTION('',(0.,1.,0.));
#6657 = ORIENTED_EDGE('',*,*,#6627,.T.);
#6658 = PLANE('',#6659);
#6659 = AXIS2_PLACEMENT_3D('',#6660,#6661,#6662);
#6660 = CARTESIAN_POINT('',(2.8,-2.8,-1.55));
#6661 = DIRECTION('',(1.,0.,0.));
#6662 = DIRECTION('',(0.,0.,-1.));
#6663 = ADVANCED_FACE('',(#6664,#6680),#6692,.T.);
#6664 = FACE_BOUND('',#6665,.T.);
#6665 = EDGE_LOOP('',(#6666,#6672,#6673,#6679));
#6666 = ORIENTED_EDGE('',*,*,#6667,.F.);
#6667 = EDGE_CURVE('',#654,#684,#6668,.T.);
#6668 = LINE('',#6669,#6670);
#6669 = CARTESIAN_POINT('',(1.82,-1.18,-1.55));
#6670 = VECTOR('',#6671,1.);
#6671 = DIRECTION('',(-1.,0.,0.));
#6672 = ORIENTED_EDGE('',*,*,#653,.F.);
#6673 = ORIENTED_EDGE('',*,*,#6674,.F.);
#6674 = EDGE_CURVE('',#692,#646,#6675,.T.);
#6675 = LINE('',#6676,#6677);
#6676 = CARTESIAN_POINT('',(1.18,-1.82,-1.55));
#6677 = VECTOR('',#6678,1.);
#6678 = DIRECTION('',(1.,0.,0.));
#6679 = ORIENTED_EDGE('',*,*,#691,.F.);
#6680 = FACE_BOUND('',#6681,.T.);
#6681 = EDGE_LOOP('',(#6682,#6683,#6689,#6690,#6691));
#6682 = ORIENTED_EDGE('',*,*,#6573,.T.);
#6683 = ORIENTED_EDGE('',*,*,#6684,.F.);
#6684 = EDGE_CURVE('',#6596,#6566,#6685,.T.);
#6685 = LINE('',#6686,#6687);
#6686 = CARTESIAN_POINT('',(0.55,-0.55,-1.55));
#6687 = VECTOR('',#6688,1.);
#6688 = DIRECTION('',(0.707106781187,0.707106781187,0.));
#6689 = ORIENTED_EDGE('',*,*,#6595,.T.);
#6690 = ORIENTED_EDGE('',*,*,#6635,.T.);
#6691 = ORIENTED_EDGE('',*,*,#6652,.T.);
#6692 = PLANE('',#6693);
#6693 = AXIS2_PLACEMENT_3D('',#6694,#6695,#6696);
#6694 = CARTESIAN_POINT('',(0.,0.,-1.55));
#6695 = DIRECTION('',(0.,0.,1.));
#6696 = DIRECTION('',(1.,0.,-0.));
#6697 = ADVANCED_FACE('',(#6698),#6704,.F.);
#6698 = FACE_BOUND('',#6699,.T.);
#6699 = EDGE_LOOP('',(#6700,#6701,#6702,#6703));
#6700 = ORIENTED_EDGE('',*,*,#139,.T.);
#6701 = ORIENTED_EDGE('',*,*,#661,.T.);
#6702 = ORIENTED_EDGE('',*,*,#6667,.T.);
#6703 = ORIENTED_EDGE('',*,*,#683,.F.);
#6704 = PLANE('',#6705);
#6705 = AXIS2_PLACEMENT_3D('',#6706,#6707,#6708);
#6706 = CARTESIAN_POINT('',(1.82,-1.18,-19.85687302627));
#6707 = DIRECTION('',(0.,1.,0.));
#6708 = DIRECTION('',(0.,-0.,1.));
#6709 = ADVANCED_FACE('',(#6710),#6716,.F.);
#6710 = FACE_BOUND('',#6711,.T.);
#6711 = EDGE_LOOP('',(#6712,#6713,#6714,#6715));
#6712 = ORIENTED_EDGE('',*,*,#785,.T.);
#6713 = ORIENTED_EDGE('',*,*,#699,.T.);
#6714 = ORIENTED_EDGE('',*,*,#6674,.T.);
#6715 = ORIENTED_EDGE('',*,*,#645,.F.);
#6716 = PLANE('',#6717);
#6717 = AXIS2_PLACEMENT_3D('',#6718,#6719,#6720);
#6718 = CARTESIAN_POINT('',(1.18,-1.82,-19.85687302627));
#6719 = DIRECTION('',(0.,-1.,0.));
#6720 = DIRECTION('',(0.,0.,-1.));
#6721 = ADVANCED_FACE('',(#6722),#6756,.F.);
#6722 = FACE_BOUND('',#6723,.T.);
#6723 = EDGE_LOOP('',(#6724,#6725,#6733,#6741,#6747,#6748,#6749,#6755));
#6724 = ORIENTED_EDGE('',*,*,#283,.T.);
#6725 = ORIENTED_EDGE('',*,*,#6726,.T.);
#6726 = EDGE_CURVE('',#274,#6727,#6729,.T.);
#6727 = VERTEX_POINT('',#6728);
#6728 = CARTESIAN_POINT('',(-0.55,-0.305,-3.63));
#6729 = LINE('',#6730,#6731);
#6730 = CARTESIAN_POINT('',(-0.55,-0.305,-3.45));
#6731 = VECTOR('',#6732,1.);
#6732 = DIRECTION('',(0.,0.,1.));
#6733 = ORIENTED_EDGE('',*,*,#6734,.T.);
#6734 = EDGE_CURVE('',#6727,#6735,#6737,.T.);
#6735 = VERTEX_POINT('',#6736);
#6736 = CARTESIAN_POINT('',(-0.55,0.305,-3.63));
#6737 = LINE('',#6738,#6739);
#6738 = CARTESIAN_POINT('',(-0.55,-2.73,-3.63));
#6739 = VECTOR('',#6740,1.);
#6740 = DIRECTION('',(0.,1.,0.));
#6741 = ORIENTED_EDGE('',*,*,#6742,.T.);
#6742 = EDGE_CURVE('',#6735,#748,#6743,.T.);
#6743 = LINE('',#6744,#6745);
#6744 = CARTESIAN_POINT('',(-0.55,0.305,-3.45));
#6745 = VECTOR('',#6746,1.);
#6746 = DIRECTION('',(0.,0.,-1.));
#6747 = ORIENTED_EDGE('',*,*,#771,.T.);
#6748 = ORIENTED_EDGE('',*,*,#1358,.F.);
#6749 = ORIENTED_EDGE('',*,*,#6750,.F.);
#6750 = EDGE_CURVE('',#1295,#1351,#6751,.T.);
#6751 = LINE('',#6752,#6753);
#6752 = CARTESIAN_POINT('',(-0.55,-2.73,-3.45));
#6753 = VECTOR('',#6754,1.);
#6754 = DIRECTION('',(0.,1.,0.));
#6755 = ORIENTED_EDGE('',*,*,#1294,.T.);
#6756 = PLANE('',#6757);
#6757 = AXIS2_PLACEMENT_3D('',#6758,#6759,#6760);
#6758 = CARTESIAN_POINT('',(-0.55,-2.73,-3.45));
#6759 = DIRECTION('',(-1.,0.,0.));
#6760 = DIRECTION('',(0.,0.,1.));
#6761 = ADVANCED_FACE('',(#6762),#6796,.F.);
#6762 = FACE_BOUND('',#6763,.T.);
#6763 = EDGE_LOOP('',(#6764,#6774,#6780,#6781,#6782,#6788,#6789,#6790));
#6764 = ORIENTED_EDGE('',*,*,#6765,.T.);
#6765 = EDGE_CURVE('',#6766,#6768,#6770,.T.);
#6766 = VERTEX_POINT('',#6767);
#6767 = CARTESIAN_POINT('',(0.55,0.305,-3.63));
#6768 = VERTEX_POINT('',#6769);
#6769 = CARTESIAN_POINT('',(0.55,-0.305,-3.63));
#6770 = LINE('',#6771,#6772);
#6771 = CARTESIAN_POINT('',(0.55,2.73,-3.63));
#6772 = VECTOR('',#6773,1.);
#6773 = DIRECTION('',(0.,-1.,0.));
#6774 = ORIENTED_EDGE('',*,*,#6775,.T.);
#6775 = EDGE_CURVE('',#6768,#372,#6776,.T.);
#6776 = LINE('',#6777,#6778);
#6777 = CARTESIAN_POINT('',(0.55,-0.305,-3.45));
#6778 = VECTOR('',#6779,1.);
#6779 = DIRECTION('',(0.,0.,-1.));
#6780 = ORIENTED_EDGE('',*,*,#395,.T.);
#6781 = ORIENTED_EDGE('',*,*,#1310,.F.);
#6782 = ORIENTED_EDGE('',*,*,#6783,.F.);
#6783 = EDGE_CURVE('',#1343,#1303,#6784,.T.);
#6784 = LINE('',#6785,#6786);
#6785 = CARTESIAN_POINT('',(0.55,2.73,-3.45));
#6786 = VECTOR('',#6787,1.);
#6787 = DIRECTION('',(0.,-1.,0.));
#6788 = ORIENTED_EDGE('',*,*,#1342,.T.);
#6789 = ORIENTED_EDGE('',*,*,#1206,.T.);
#6790 = ORIENTED_EDGE('',*,*,#6791,.T.);
#6791 = EDGE_CURVE('',#1197,#6766,#6792,.T.);
#6792 = LINE('',#6793,#6794);
#6793 = CARTESIAN_POINT('',(0.55,0.305,-3.45));
#6794 = VECTOR('',#6795,1.);
#6795 = DIRECTION('',(0.,0.,1.));
#6796 = PLANE('',#6797);
#6797 = AXIS2_PLACEMENT_3D('',#6798,#6799,#6800);
#6798 = CARTESIAN_POINT('',(0.55,2.73,-3.45));
#6799 = DIRECTION('',(1.,0.,0.));
#6800 = DIRECTION('',(0.,0.,-1.));
#6801 = ADVANCED_FACE('',(#6802),#6808,.T.);
#6802 = FACE_BOUND('',#6803,.T.);
#6803 = EDGE_LOOP('',(#6804,#6805,#6806,#6807));
#6804 = ORIENTED_EDGE('',*,*,#1302,.T.);
#6805 = ORIENTED_EDGE('',*,*,#6750,.T.);
#6806 = ORIENTED_EDGE('',*,*,#1350,.T.);
#6807 = ORIENTED_EDGE('',*,*,#6783,.T.);
#6808 = PLANE('',#6809);
#6809 = AXIS2_PLACEMENT_3D('',#6810,#6811,#6812);
#6810 = CARTESIAN_POINT('',(0.,0.,-3.45));
#6811 = DIRECTION('',(0.,0.,-1.));
#6812 = DIRECTION('',(-1.,0.,0.));
#6813 = ADVANCED_FACE('',(#6814),#6820,.T.);
#6814 = FACE_BOUND('',#6815,.T.);
#6815 = EDGE_LOOP('',(#6816,#6817,#6818,#6819));
#6816 = ORIENTED_EDGE('',*,*,#6684,.T.);
#6817 = ORIENTED_EDGE('',*,*,#6565,.F.);
#6818 = ORIENTED_EDGE('',*,*,#2910,.T.);
#6819 = ORIENTED_EDGE('',*,*,#6605,.F.);
#6820 = PLANE('',#6821);
#6821 = AXIS2_PLACEMENT_3D('',#6822,#6823,#6824);
#6822 = CARTESIAN_POINT('',(0.2,-0.9,-1.55));
#6823 = DIRECTION('',(0.707106781187,-0.707106781187,0.));
#6824 = DIRECTION('',(0.,0.,-1.));
#6825 = ADVANCED_FACE('',(#6826),#6832,.T.);
#6826 = FACE_BOUND('',#6827,.T.);
#6827 = EDGE_LOOP('',(#6828,#6829,#6830,#6831));
#6828 = ORIENTED_EDGE('',*,*,#6189,.T.);
#6829 = ORIENTED_EDGE('',*,*,#6149,.F.);
#6830 = ORIENTED_EDGE('',*,*,#2970,.T.);
#6831 = ORIENTED_EDGE('',*,*,#6079,.F.);
#6832 = PLANE('',#6833);
#6833 = AXIS2_PLACEMENT_3D('',#6834,#6835,#6836);
#6834 = CARTESIAN_POINT('',(-0.9,-0.2,-1.55));
#6835 = DIRECTION('',(-0.707106781187,-0.707106781187,0.));
#6836 = DIRECTION('',(-0.,0.,-1.));
#6837 = ADVANCED_FACE('',(#6838),#6844,.T.);
#6838 = FACE_BOUND('',#6839,.T.);
#6839 = EDGE_LOOP('',(#6840,#6841,#6842,#6843));
#6840 = ORIENTED_EDGE('',*,*,#6028,.T.);
#6841 = ORIENTED_EDGE('',*,*,#5988,.F.);
#6842 = ORIENTED_EDGE('',*,*,#3012,.T.);
#6843 = ORIENTED_EDGE('',*,*,#5918,.F.);
#6844 = PLANE('',#6845);
#6845 = AXIS2_PLACEMENT_3D('',#6846,#6847,#6848);
#6846 = CARTESIAN_POINT('',(-2.8,2.1,-1.55));
#6847 = DIRECTION('',(0.707106781187,-0.707106781187,0.));
#6848 = DIRECTION('',(0.,0.,-1.));
#6849 = ADVANCED_FACE('',(#6850),#6856,.T.);
#6850 = FACE_BOUND('',#6851,.T.);
#6851 = EDGE_LOOP('',(#6852,#6853,#6854,#6855));
#6852 = ORIENTED_EDGE('',*,*,#6523,.T.);
#6853 = ORIENTED_EDGE('',*,*,#6459,.F.);
#6854 = ORIENTED_EDGE('',*,*,#2936,.T.);
#6855 = ORIENTED_EDGE('',*,*,#6490,.F.);
#6856 = PLANE('',#6857);
#6857 = AXIS2_PLACEMENT_3D('',#6858,#6859,#6860);
#6858 = CARTESIAN_POINT('',(2.1,2.8,-1.55));
#6859 = DIRECTION('',(-0.707106781187,-0.707106781187,0.));
#6860 = DIRECTION('',(-0.,0.,-1.));
#6861 = ADVANCED_FACE('',(#6862),#6890,.T.);
#6862 = FACE_BOUND('',#6863,.T.);
#6863 = EDGE_LOOP('',(#6864,#6865,#6866,#6867,#6873,#6874,#6875,#6876,
    #6877,#6878,#6879,#6880,#6886,#6887,#6888,#6889));
#6864 = ORIENTED_EDGE('',*,*,#536,.F.);
#6865 = ORIENTED_EDGE('',*,*,#409,.T.);
#6866 = ORIENTED_EDGE('',*,*,#5003,.F.);
#6867 = ORIENTED_EDGE('',*,*,#6868,.T.);
#6868 = EDGE_CURVE('',#4996,#3956,#6869,.T.);
#6869 = LINE('',#6870,#6871);
#6870 = CARTESIAN_POINT('',(-2.45,-0.305,-4.75));
#6871 = VECTOR('',#6872,1.);
#6872 = DIRECTION('',(1.,0.,0.));
#6873 = ORIENTED_EDGE('',*,*,#3955,.T.);
#6874 = ORIENTED_EDGE('',*,*,#313,.T.);
#6875 = ORIENTED_EDGE('',*,*,#606,.F.);
#6876 = ORIENTED_EDGE('',*,*,#123,.F.);
#6877 = ORIENTED_EDGE('',*,*,#676,.F.);
#6878 = ORIENTED_EDGE('',*,*,#369,.T.);
#6879 = ORIENTED_EDGE('',*,*,#6775,.F.);
#6880 = ORIENTED_EDGE('',*,*,#6881,.F.);
#6881 = EDGE_CURVE('',#6727,#6768,#6882,.T.);
#6882 = LINE('',#6883,#6884);
#6883 = CARTESIAN_POINT('',(-2.45,-0.305,-3.63));
#6884 = VECTOR('',#6885,1.);
#6885 = DIRECTION('',(1.,0.,0.));
#6886 = ORIENTED_EDGE('',*,*,#6726,.F.);
#6887 = ORIENTED_EDGE('',*,*,#273,.T.);
#6888 = ORIENTED_EDGE('',*,*,#466,.F.);
#6889 = ORIENTED_EDGE('',*,*,#203,.F.);
#6890 = PLANE('',#6891);
#6891 = AXIS2_PLACEMENT_3D('',#6892,#6893,#6894);
#6892 = CARTESIAN_POINT('',(-2.45,-0.305,-4.75));
#6893 = DIRECTION('',(0.,-1.,0.));
#6894 = DIRECTION('',(0.,0.,-1.));
#6895 = ADVANCED_FACE('',(#6896),#6924,.T.);
#6896 = FACE_BOUND('',#6897,.T.);
#6897 = EDGE_LOOP('',(#6898,#6899,#6900,#6901,#6902,#6903,#6904,#6905,
    #6911,#6912,#6913,#6914,#6915,#6916,#6917,#6918));
#6898 = ORIENTED_EDGE('',*,*,#4987,.T.);
#6899 = ORIENTED_EDGE('',*,*,#1835,.T.);
#6900 = ORIENTED_EDGE('',*,*,#5790,.F.);
#6901 = ORIENTED_EDGE('',*,*,#243,.F.);
#6902 = ORIENTED_EDGE('',*,*,#5736,.F.);
#6903 = ORIENTED_EDGE('',*,*,#745,.T.);
#6904 = ORIENTED_EDGE('',*,*,#6742,.F.);
#6905 = ORIENTED_EDGE('',*,*,#6906,.F.);
#6906 = EDGE_CURVE('',#6766,#6735,#6907,.T.);
#6907 = LINE('',#6908,#6909);
#6908 = CARTESIAN_POINT('',(2.45,0.305,-3.63));
#6909 = VECTOR('',#6910,1.);
#6910 = DIRECTION('',(-1.,0.,0.));
#6911 = ORIENTED_EDGE('',*,*,#6791,.F.);
#6912 = ORIENTED_EDGE('',*,*,#1196,.T.);
#6913 = ORIENTED_EDGE('',*,*,#6285,.F.);
#6914 = ORIENTED_EDGE('',*,*,#163,.F.);
#6915 = ORIENTED_EDGE('',*,*,#6231,.F.);
#6916 = ORIENTED_EDGE('',*,*,#879,.T.);
#6917 = ORIENTED_EDGE('',*,*,#3971,.F.);
#6918 = ORIENTED_EDGE('',*,*,#6919,.T.);
#6919 = EDGE_CURVE('',#3964,#4988,#6920,.T.);
#6920 = LINE('',#6921,#6922);
#6921 = CARTESIAN_POINT('',(2.45,0.305,-4.75));
#6922 = VECTOR('',#6923,1.);
#6923 = DIRECTION('',(-1.,0.,0.));
#6924 = PLANE('',#6925);
#6925 = AXIS2_PLACEMENT_3D('',#6926,#6927,#6928);
#6926 = CARTESIAN_POINT('',(2.45,0.305,-4.75));
#6927 = DIRECTION('',(0.,1.,0.));
#6928 = DIRECTION('',(0.,-0.,1.));
#6929 = ADVANCED_FACE('',(#6930),#6936,.T.);
#6930 = FACE_BOUND('',#6931,.T.);
#6931 = EDGE_LOOP('',(#6932,#6933,#6934,#6935));
#6932 = ORIENTED_EDGE('',*,*,#6734,.F.);
#6933 = ORIENTED_EDGE('',*,*,#6881,.T.);
#6934 = ORIENTED_EDGE('',*,*,#6765,.F.);
#6935 = ORIENTED_EDGE('',*,*,#6906,.T.);
#6936 = PLANE('',#6937);
#6937 = AXIS2_PLACEMENT_3D('',#6938,#6939,#6940);
#6938 = CARTESIAN_POINT('',(0.,0.,-3.63));
#6939 = DIRECTION('',(0.,0.,1.));
#6940 = DIRECTION('',(1.,0.,-0.));
#6941 = ADVANCED_FACE('',(#6942),#6948,.F.);
#6942 = FACE_BOUND('',#6943,.T.);
#6943 = EDGE_LOOP('',(#6944,#6945,#6946,#6947));
#6944 = ORIENTED_EDGE('',*,*,#4995,.F.);
#6945 = ORIENTED_EDGE('',*,*,#6919,.F.);
#6946 = ORIENTED_EDGE('',*,*,#3963,.F.);
#6947 = ORIENTED_EDGE('',*,*,#6868,.F.);
#6948 = PLANE('',#6949);
#6949 = AXIS2_PLACEMENT_3D('',#6950,#6951,#6952);
#6950 = CARTESIAN_POINT('',(0.,0.,-4.75));
#6951 = DIRECTION('',(0.,0.,1.));
#6952 = DIRECTION('',(1.,0.,-0.));
#6953 = ADVANCED_FACE('',(#6954),#6965,.T.);
#6954 = FACE_BOUND('',#6955,.T.);
#6955 = EDGE_LOOP('',(#6956,#6957,#6958,#6964));
#6956 = ORIENTED_EDGE('',*,*,#3075,.F.);
#6957 = ORIENTED_EDGE('',*,*,#2395,.F.);
#6958 = ORIENTED_EDGE('',*,*,#6959,.F.);
#6959 = EDGE_CURVE('',#2663,#2388,#6960,.T.);
#6960 = LINE('',#6961,#6962);
#6961 = CARTESIAN_POINT('',(5.693333333333,0.996666666667,
    8.333333333334E-02));
#6962 = VECTOR('',#6963,1.);
#6963 = DIRECTION('',(0.57735026919,-0.57735026919,0.57735026919));
#6964 = ORIENTED_EDGE('',*,*,#2862,.F.);
#6965 = PLANE('',#6966);
#6966 = AXIS2_PLACEMENT_3D('',#6967,#6968,#6969);
#6967 = CARTESIAN_POINT('',(3.26,3.43,4.95));
#6968 = DIRECTION('',(0.707106781187,0.707106781187,0.));
#6969 = DIRECTION('',(0.,-0.,1.));
#6970 = ADVANCED_FACE('',(#6971),#6982,.T.);
#6971 = FACE_BOUND('',#6972,.T.);
#6972 = EDGE_LOOP('',(#6973,#6974,#6975,#6981));
#6973 = ORIENTED_EDGE('',*,*,#6959,.T.);
#6974 = ORIENTED_EDGE('',*,*,#4174,.F.);
#6975 = ORIENTED_EDGE('',*,*,#6976,.F.);
#6976 = EDGE_CURVE('',#2665,#2214,#6977,.T.);
#6977 = LINE('',#6978,#6979);
#6978 = CARTESIAN_POINT('',(3.143333333333,2.513333333333,
    -1.433333333333));
#6979 = VECTOR('',#6980,1.);
#6980 = DIRECTION('',(-0.57735026919,-0.57735026919,0.57735026919));
#6981 = ORIENTED_EDGE('',*,*,#2662,.F.);
#6982 = PLANE('',#6983);
#6983 = AXIS2_PLACEMENT_3D('',#6984,#6985,#6986);
#6984 = CARTESIAN_POINT('',(3.86,3.23,-2.15));
#6985 = DIRECTION('',(0.,0.707106781187,0.707106781187));
#6986 = DIRECTION('',(1.,0.,-0.));
#6987 = ADVANCED_FACE('',(#6988),#6994,.F.);
#6988 = FACE_BOUND('',#6989,.T.);
#6989 = EDGE_LOOP('',(#6990,#6991,#6992,#6993));
#6990 = ORIENTED_EDGE('',*,*,#3061,.T.);
#6991 = ORIENTED_EDGE('',*,*,#2672,.F.);
#6992 = ORIENTED_EDGE('',*,*,#6976,.T.);
#6993 = ORIENTED_EDGE('',*,*,#2213,.F.);
#6994 = PLANE('',#6995);
#6995 = AXIS2_PLACEMENT_3D('',#6996,#6997,#6998);
#6996 = CARTESIAN_POINT('',(3.86,3.23,0.));
#6997 = DIRECTION('',(0.707106781187,-0.707106781187,0.));
#6998 = DIRECTION('',(0.,0.,-1.));
#6999 = ADVANCED_FACE('',(#7000),#7011,.T.);
#7000 = FACE_BOUND('',#7001,.T.);
#7001 = EDGE_LOOP('',(#7002,#7003,#7004,#7010));
#7002 = ORIENTED_EDGE('',*,*,#3082,.F.);
#7003 = ORIENTED_EDGE('',*,*,#2846,.F.);
#7004 = ORIENTED_EDGE('',*,*,#7005,.T.);
#7005 = EDGE_CURVE('',#2839,#1902,#7006,.T.);
#7006 = LINE('',#7007,#7008);
#7007 = CARTESIAN_POINT('',(-3.46,3.23,-2.15));
#7008 = VECTOR('',#7009,1.);
#7009 = DIRECTION('',(-0.57735026919,-0.57735026919,0.57735026919));
#7010 = ORIENTED_EDGE('',*,*,#1901,.F.);
#7011 = PLANE('',#7012);
#7012 = AXIS2_PLACEMENT_3D('',#7013,#7014,#7015);
#7013 = CARTESIAN_POINT('',(-3.26,3.43,4.95));
#7014 = DIRECTION('',(-0.707106781187,0.707106781187,0.));
#7015 = DIRECTION('',(0.,0.,-1.));
#7016 = ADVANCED_FACE('',(#7017),#7028,.T.);
#7017 = FACE_BOUND('',#7018,.T.);
#7018 = EDGE_LOOP('',(#7019,#7020,#7021,#7027));
#7019 = ORIENTED_EDGE('',*,*,#7005,.F.);
#7020 = ORIENTED_EDGE('',*,*,#2838,.F.);
#7021 = ORIENTED_EDGE('',*,*,#7022,.T.);
#7022 = EDGE_CURVE('',#2831,#1640,#7023,.T.);
#7023 = LINE('',#7024,#7025);
#7024 = CARTESIAN_POINT('',(-4.46,3.83,-2.75));
#7025 = VECTOR('',#7026,1.);
#7026 = DIRECTION('',(0.57735026919,-0.57735026919,0.57735026919));
#7027 = ORIENTED_EDGE('',*,*,#5176,.F.);
#7028 = PLANE('',#7029);
#7029 = AXIS2_PLACEMENT_3D('',#7030,#7031,#7032);
#7030 = CARTESIAN_POINT('',(-3.46,3.23,-2.15));
#7031 = DIRECTION('',(0.,0.707106781187,0.707106781187));
#7032 = DIRECTION('',(1.,0.,-0.));
#7033 = ADVANCED_FACE('',(#7034),#7040,.T.);
#7034 = FACE_BOUND('',#7035,.T.);
#7035 = EDGE_LOOP('',(#7036,#7037,#7038,#7039));
#7036 = ORIENTED_EDGE('',*,*,#7022,.F.);
#7037 = ORIENTED_EDGE('',*,*,#2830,.F.);
#7038 = ORIENTED_EDGE('',*,*,#3096,.F.);
#7039 = ORIENTED_EDGE('',*,*,#1647,.F.);
#7040 = PLANE('',#7041);
#7041 = AXIS2_PLACEMENT_3D('',#7042,#7043,#7044);
#7042 = CARTESIAN_POINT('',(-3.86,3.23,-3.95));
#7043 = DIRECTION('',(0.707106781187,0.707106781187,0.));
#7044 = DIRECTION('',(0.,0.,-1.));
#7045 = ( GEOMETRIC_REPRESENTATION_CONTEXT(3) 
GLOBAL_UNCERTAINTY_ASSIGNED_CONTEXT((#7049)) 
GLOBAL_UNIT_ASSIGNED_CONTEXT((#7046,#7047,#7048)) REPRESENTATION_CONTEXT
('Context #1','3D Context with UNIT and UNCERTAINTY') );
#7046 = ( LENGTH_UNIT() NAMED_UNIT(*) SI_UNIT(.MILLI.,.METRE.) );
#7047 = ( NAMED_UNIT(*) PLANE_ANGLE_UNIT() SI_UNIT($,.RADIAN.) );
#7048 = ( NAMED_UNIT(*) SI_UNIT($,.STERADIAN.) SOLID_ANGLE_UNIT() );
#7049 = UNCERTAINTY_MEASURE_WITH_UNIT(LENGTH_MEASURE(5.E-05),#7046,
  'distance_accuracy_value','confusion accuracy');
#7050 = CONTEXT_DEPENDENT_SHAPE_REPRESENTATION(#7051,#7053);
#7051 = ( REPRESENTATION_RELATIONSHIP('','',#106,#67) 
REPRESENTATION_RELATIONSHIP_WITH_TRANSFORMATION(#7052) 
SHAPE_REPRESENTATION_RELATIONSHIP() );
#7052 = ITEM_DEFINED_TRANSFORMATION('','',#11,#68);
#7053 = PRODUCT_DEFINITION_SHAPE('Placement','Placement of an item',
  #7054);
#7054 = NEXT_ASSEMBLY_USAGE_OCCURRENCE('1','66200421022','',#62,#101,$);
#7055 = PRODUCT_RELATED_PRODUCT_CATEGORY('part',$,(#103));
#7056 = SHAPE_DEFINITION_REPRESENTATION(#7057,#7063);
#7057 = PRODUCT_DEFINITION_SHAPE('','',#7058);
#7058 = PRODUCT_DEFINITION('design','',#7059,#7062);
#7059 = PRODUCT_DEFINITION_FORMATION('','',#7060);
#7060 = PRODUCT('6620xx21022_PIN_COURTE','6620xx21022_PIN_COURTE','',(
    #7061));
#7061 = PRODUCT_CONTEXT('',#2,'mechanical');
#7062 = PRODUCT_DEFINITION_CONTEXT('part definition',#2,'design');
#7063 = ADVANCED_BREP_SHAPE_REPRESENTATION('',(#11,#7064),#7542);
#7064 = MANIFOLD_SOLID_BREP('',#7065);
#7065 = CLOSED_SHELL('',(#7066,#7106,#7146,#7179,#7210,#7250,#7290,#7323
    ,#7354,#7380,#7406,#7428,#7445,#7462,#7474,#7496,#7513,#7530));
#7066 = ADVANCED_FACE('',(#7067),#7101,.F.);
#7067 = FACE_BOUND('',#7068,.T.);
#7068 = EDGE_LOOP('',(#7069,#7079,#7087,#7095));
#7069 = ORIENTED_EDGE('',*,*,#7070,.T.);
#7070 = EDGE_CURVE('',#7071,#7073,#7075,.T.);
#7071 = VERTEX_POINT('',#7072);
#7072 = CARTESIAN_POINT('',(0.12,-3.035,2.95));
#7073 = VERTEX_POINT('',#7074);
#7074 = CARTESIAN_POINT('',(-0.12,-3.035,2.95));
#7075 = LINE('',#7076,#7077);
#7076 = CARTESIAN_POINT('',(0.32,-3.035,2.95));
#7077 = VECTOR('',#7078,1.);
#7078 = DIRECTION('',(-1.,0.,0.));
#7079 = ORIENTED_EDGE('',*,*,#7080,.T.);
#7080 = EDGE_CURVE('',#7073,#7081,#7083,.T.);
#7081 = VERTEX_POINT('',#7082);
#7082 = CARTESIAN_POINT('',(-0.12,-3.275,2.95));
#7083 = LINE('',#7084,#7085);
#7084 = CARTESIAN_POINT('',(-0.12,-2.835,2.95));
#7085 = VECTOR('',#7086,1.);
#7086 = DIRECTION('',(0.,-1.,0.));
#7087 = ORIENTED_EDGE('',*,*,#7088,.T.);
#7088 = EDGE_CURVE('',#7081,#7089,#7091,.T.);
#7089 = VERTEX_POINT('',#7090);
#7090 = CARTESIAN_POINT('',(0.12,-3.275,2.95));
#7091 = LINE('',#7092,#7093);
#7092 = CARTESIAN_POINT('',(0.32,-3.275,2.95));
#7093 = VECTOR('',#7094,1.);
#7094 = DIRECTION('',(1.,0.,0.));
#7095 = ORIENTED_EDGE('',*,*,#7096,.T.);
#7096 = EDGE_CURVE('',#7089,#7071,#7097,.T.);
#7097 = LINE('',#7098,#7099);
#7098 = CARTESIAN_POINT('',(0.12,-2.835,2.95));
#7099 = VECTOR('',#7100,1.);
#7100 = DIRECTION('',(0.,1.,0.));
#7101 = PLANE('',#7102);
#7102 = AXIS2_PLACEMENT_3D('',#7103,#7104,#7105);
#7103 = CARTESIAN_POINT('',(0.32,-2.835,2.95));
#7104 = DIRECTION('',(0.,0.,-1.));
#7105 = DIRECTION('',(-1.,0.,0.));
#7106 = ADVANCED_FACE('',(#7107),#7141,.F.);
#7107 = FACE_BOUND('',#7108,.T.);
#7108 = EDGE_LOOP('',(#7109,#7119,#7127,#7135));
#7109 = ORIENTED_EDGE('',*,*,#7110,.F.);
#7110 = EDGE_CURVE('',#7111,#7113,#7115,.T.);
#7111 = VERTEX_POINT('',#7112);
#7112 = CARTESIAN_POINT('',(0.32,-3.475,2.35));
#7113 = VERTEX_POINT('',#7114);
#7114 = CARTESIAN_POINT('',(0.32,-3.475,-2.95));
#7115 = LINE('',#7116,#7117);
#7116 = CARTESIAN_POINT('',(0.32,-3.475,2.95));
#7117 = VECTOR('',#7118,1.);
#7118 = DIRECTION('',(0.,0.,-1.));
#7119 = ORIENTED_EDGE('',*,*,#7120,.T.);
#7120 = EDGE_CURVE('',#7111,#7121,#7123,.T.);
#7121 = VERTEX_POINT('',#7122);
#7122 = CARTESIAN_POINT('',(-0.32,-3.475,2.35));
#7123 = LINE('',#7124,#7125);
#7124 = CARTESIAN_POINT('',(0.32,-3.475,2.35));
#7125 = VECTOR('',#7126,1.);
#7126 = DIRECTION('',(-1.,0.,0.));
#7127 = ORIENTED_EDGE('',*,*,#7128,.T.);
#7128 = EDGE_CURVE('',#7121,#7129,#7131,.T.);
#7129 = VERTEX_POINT('',#7130);
#7130 = CARTESIAN_POINT('',(-0.32,-3.475,-2.95));
#7131 = LINE('',#7132,#7133);
#7132 = CARTESIAN_POINT('',(-0.32,-3.475,2.95));
#7133 = VECTOR('',#7134,1.);
#7134 = DIRECTION('',(0.,0.,-1.));
#7135 = ORIENTED_EDGE('',*,*,#7136,.F.);
#7136 = EDGE_CURVE('',#7113,#7129,#7137,.T.);
#7137 = LINE('',#7138,#7139);
#7138 = CARTESIAN_POINT('',(0.32,-3.475,-2.95));
#7139 = VECTOR('',#7140,1.);
#7140 = DIRECTION('',(-1.,0.,0.));
#7141 = PLANE('',#7142);
#7142 = AXIS2_PLACEMENT_3D('',#7143,#7144,#7145);
#7143 = CARTESIAN_POINT('',(0.32,-3.475,2.95));
#7144 = DIRECTION('',(0.,1.,0.));
#7145 = DIRECTION('',(0.,-0.,1.));
#7146 = ADVANCED_FACE('',(#7147),#7174,.T.);
#7147 = FACE_BOUND('',#7148,.T.);
#7148 = EDGE_LOOP('',(#7149,#7158,#7166,#7173));
#7149 = ORIENTED_EDGE('',*,*,#7150,.T.);
#7150 = EDGE_CURVE('',#7129,#7151,#7153,.T.);
#7151 = VERTEX_POINT('',#7152);
#7152 = CARTESIAN_POINT('',(-0.32,-2.475,-3.95));
#7153 = CIRCLE('',#7154,1.);
#7154 = AXIS2_PLACEMENT_3D('',#7155,#7156,#7157);
#7155 = CARTESIAN_POINT('',(-0.32,-2.475,-2.95));
#7156 = DIRECTION('',(1.,0.,0.));
#7157 = DIRECTION('',(-0.,1.,0.));
#7158 = ORIENTED_EDGE('',*,*,#7159,.F.);
#7159 = EDGE_CURVE('',#7160,#7151,#7162,.T.);
#7160 = VERTEX_POINT('',#7161);
#7161 = CARTESIAN_POINT('',(0.32,-2.475,-3.95));
#7162 = LINE('',#7163,#7164);
#7163 = CARTESIAN_POINT('',(0.32,-2.475,-3.95));
#7164 = VECTOR('',#7165,1.);
#7165 = DIRECTION('',(-1.,0.,0.));
#7166 = ORIENTED_EDGE('',*,*,#7167,.F.);
#7167 = EDGE_CURVE('',#7113,#7160,#7168,.T.);
#7168 = CIRCLE('',#7169,1.);
#7169 = AXIS2_PLACEMENT_3D('',#7170,#7171,#7172);
#7170 = CARTESIAN_POINT('',(0.32,-2.475,-2.95));
#7171 = DIRECTION('',(1.,0.,0.));
#7172 = DIRECTION('',(-0.,1.,0.));
#7173 = ORIENTED_EDGE('',*,*,#7136,.T.);
#7174 = CYLINDRICAL_SURFACE('',#7175,1.);
#7175 = AXIS2_PLACEMENT_3D('',#7176,#7177,#7178);
#7176 = CARTESIAN_POINT('',(0.32,-2.475,-2.95));
#7177 = DIRECTION('',(-1.,0.,0.));
#7178 = DIRECTION('',(0.,0.,1.));
#7179 = ADVANCED_FACE('',(#7180),#7205,.F.);
#7180 = FACE_BOUND('',#7181,.T.);
#7181 = EDGE_LOOP('',(#7182,#7190,#7198,#7204));
#7182 = ORIENTED_EDGE('',*,*,#7183,.T.);
#7183 = EDGE_CURVE('',#7151,#7184,#7186,.T.);
#7184 = VERTEX_POINT('',#7185);
#7185 = CARTESIAN_POINT('',(-0.32,1.875,-3.95));
#7186 = LINE('',#7187,#7188);
#7187 = CARTESIAN_POINT('',(-0.32,-2.475,-3.95));
#7188 = VECTOR('',#7189,1.);
#7189 = DIRECTION('',(0.,1.,0.));
#7190 = ORIENTED_EDGE('',*,*,#7191,.T.);
#7191 = EDGE_CURVE('',#7184,#7192,#7194,.T.);
#7192 = VERTEX_POINT('',#7193);
#7193 = CARTESIAN_POINT('',(0.32,1.875,-3.95));
#7194 = LINE('',#7195,#7196);
#7195 = CARTESIAN_POINT('',(0.32,1.875,-3.95));
#7196 = VECTOR('',#7197,1.);
#7197 = DIRECTION('',(1.,0.,0.));
#7198 = ORIENTED_EDGE('',*,*,#7199,.F.);
#7199 = EDGE_CURVE('',#7160,#7192,#7200,.T.);
#7200 = LINE('',#7201,#7202);
#7201 = CARTESIAN_POINT('',(0.32,-2.475,-3.95));
#7202 = VECTOR('',#7203,1.);
#7203 = DIRECTION('',(0.,1.,0.));
#7204 = ORIENTED_EDGE('',*,*,#7159,.T.);
#7205 = PLANE('',#7206);
#7206 = AXIS2_PLACEMENT_3D('',#7207,#7208,#7209);
#7207 = CARTESIAN_POINT('',(0.32,-2.475,-3.95));
#7208 = DIRECTION('',(0.,0.,1.));
#7209 = DIRECTION('',(1.,0.,-0.));
#7210 = ADVANCED_FACE('',(#7211),#7245,.F.);
#7211 = FACE_BOUND('',#7212,.T.);
#7212 = EDGE_LOOP('',(#7213,#7223,#7231,#7239));
#7213 = ORIENTED_EDGE('',*,*,#7214,.T.);
#7214 = EDGE_CURVE('',#7215,#7217,#7219,.T.);
#7215 = VERTEX_POINT('',#7216);
#7216 = CARTESIAN_POINT('',(0.12,2.475,-3.75));
#7217 = VERTEX_POINT('',#7218);
#7218 = CARTESIAN_POINT('',(-0.12,2.475,-3.75));
#7219 = LINE('',#7220,#7221);
#7220 = CARTESIAN_POINT('',(0.32,2.475,-3.75));
#7221 = VECTOR('',#7222,1.);
#7222 = DIRECTION('',(-1.,0.,0.));
#7223 = ORIENTED_EDGE('',*,*,#7224,.T.);
#7224 = EDGE_CURVE('',#7217,#7225,#7227,.T.);
#7225 = VERTEX_POINT('',#7226);
#7226 = CARTESIAN_POINT('',(-0.12,2.475,-3.51));
#7227 = LINE('',#7228,#7229);
#7228 = CARTESIAN_POINT('',(-0.12,2.475,-3.31));
#7229 = VECTOR('',#7230,1.);
#7230 = DIRECTION('',(0.,0.,1.));
#7231 = ORIENTED_EDGE('',*,*,#7232,.T.);
#7232 = EDGE_CURVE('',#7225,#7233,#7235,.T.);
#7233 = VERTEX_POINT('',#7234);
#7234 = CARTESIAN_POINT('',(0.12,2.475,-3.51));
#7235 = LINE('',#7236,#7237);
#7236 = CARTESIAN_POINT('',(0.32,2.475,-3.51));
#7237 = VECTOR('',#7238,1.);
#7238 = DIRECTION('',(1.,0.,0.));
#7239 = ORIENTED_EDGE('',*,*,#7240,.T.);
#7240 = EDGE_CURVE('',#7233,#7215,#7241,.T.);
#7241 = LINE('',#7242,#7243);
#7242 = CARTESIAN_POINT('',(0.12,2.475,-3.95));
#7243 = VECTOR('',#7244,1.);
#7244 = DIRECTION('',(0.,0.,-1.));
#7245 = PLANE('',#7246);
#7246 = AXIS2_PLACEMENT_3D('',#7247,#7248,#7249);
#7247 = CARTESIAN_POINT('',(0.32,2.475,-3.31));
#7248 = DIRECTION('',(0.,-1.,0.));
#7249 = DIRECTION('',(0.,0.,-1.));
#7250 = ADVANCED_FACE('',(#7251),#7285,.F.);
#7251 = FACE_BOUND('',#7252,.T.);
#7252 = EDGE_LOOP('',(#7253,#7263,#7271,#7279));
#7253 = ORIENTED_EDGE('',*,*,#7254,.F.);
#7254 = EDGE_CURVE('',#7255,#7257,#7259,.T.);
#7255 = VERTEX_POINT('',#7256);
#7256 = CARTESIAN_POINT('',(0.32,1.875,-3.31));
#7257 = VERTEX_POINT('',#7258);
#7258 = CARTESIAN_POINT('',(0.32,-2.475,-3.31));
#7259 = LINE('',#7260,#7261);
#7260 = CARTESIAN_POINT('',(0.32,-2.475,-3.31));
#7261 = VECTOR('',#7262,1.);
#7262 = DIRECTION('',(0.,-1.,0.));
#7263 = ORIENTED_EDGE('',*,*,#7264,.T.);
#7264 = EDGE_CURVE('',#7255,#7265,#7267,.T.);
#7265 = VERTEX_POINT('',#7266);
#7266 = CARTESIAN_POINT('',(-0.32,1.875,-3.31));
#7267 = LINE('',#7268,#7269);
#7268 = CARTESIAN_POINT('',(0.32,1.875,-3.31));
#7269 = VECTOR('',#7270,1.);
#7270 = DIRECTION('',(-1.,0.,0.));
#7271 = ORIENTED_EDGE('',*,*,#7272,.T.);
#7272 = EDGE_CURVE('',#7265,#7273,#7275,.T.);
#7273 = VERTEX_POINT('',#7274);
#7274 = CARTESIAN_POINT('',(-0.32,-2.475,-3.31));
#7275 = LINE('',#7276,#7277);
#7276 = CARTESIAN_POINT('',(-0.32,-2.475,-3.31));
#7277 = VECTOR('',#7278,1.);
#7278 = DIRECTION('',(0.,-1.,0.));
#7279 = ORIENTED_EDGE('',*,*,#7280,.F.);
#7280 = EDGE_CURVE('',#7257,#7273,#7281,.T.);
#7281 = LINE('',#7282,#7283);
#7282 = CARTESIAN_POINT('',(0.32,-2.475,-3.31));
#7283 = VECTOR('',#7284,1.);
#7284 = DIRECTION('',(-1.,0.,0.));
#7285 = PLANE('',#7286);
#7286 = AXIS2_PLACEMENT_3D('',#7287,#7288,#7289);
#7287 = CARTESIAN_POINT('',(0.32,-2.475,-3.31));
#7288 = DIRECTION('',(0.,0.,-1.));
#7289 = DIRECTION('',(-1.,0.,0.));
#7290 = ADVANCED_FACE('',(#7291),#7318,.F.);
#7291 = FACE_BOUND('',#7292,.F.);
#7292 = EDGE_LOOP('',(#7293,#7294,#7303,#7311));
#7293 = ORIENTED_EDGE('',*,*,#7280,.F.);
#7294 = ORIENTED_EDGE('',*,*,#7295,.T.);
#7295 = EDGE_CURVE('',#7257,#7296,#7298,.T.);
#7296 = VERTEX_POINT('',#7297);
#7297 = CARTESIAN_POINT('',(0.32,-2.835,-2.95));
#7298 = CIRCLE('',#7299,0.36);
#7299 = AXIS2_PLACEMENT_3D('',#7300,#7301,#7302);
#7300 = CARTESIAN_POINT('',(0.32,-2.475,-2.95));
#7301 = DIRECTION('',(-1.,0.,0.));
#7302 = DIRECTION('',(0.,1.,0.));
#7303 = ORIENTED_EDGE('',*,*,#7304,.T.);
#7304 = EDGE_CURVE('',#7296,#7305,#7307,.T.);
#7305 = VERTEX_POINT('',#7306);
#7306 = CARTESIAN_POINT('',(-0.32,-2.835,-2.95));
#7307 = LINE('',#7308,#7309);
#7308 = CARTESIAN_POINT('',(0.32,-2.835,-2.95));
#7309 = VECTOR('',#7310,1.);
#7310 = DIRECTION('',(-1.,0.,0.));
#7311 = ORIENTED_EDGE('',*,*,#7312,.F.);
#7312 = EDGE_CURVE('',#7273,#7305,#7313,.T.);
#7313 = CIRCLE('',#7314,0.36);
#7314 = AXIS2_PLACEMENT_3D('',#7315,#7316,#7317);
#7315 = CARTESIAN_POINT('',(-0.32,-2.475,-2.95));
#7316 = DIRECTION('',(-1.,0.,0.));
#7317 = DIRECTION('',(0.,1.,0.));
#7318 = CYLINDRICAL_SURFACE('',#7319,0.36);
#7319 = AXIS2_PLACEMENT_3D('',#7320,#7321,#7322);
#7320 = CARTESIAN_POINT('',(0.32,-2.475,-2.95));
#7321 = DIRECTION('',(-1.,0.,0.));
#7322 = DIRECTION('',(0.,0.,1.));
#7323 = ADVANCED_FACE('',(#7324),#7349,.F.);
#7324 = FACE_BOUND('',#7325,.T.);
#7325 = EDGE_LOOP('',(#7326,#7334,#7342,#7348));
#7326 = ORIENTED_EDGE('',*,*,#7327,.T.);
#7327 = EDGE_CURVE('',#7305,#7328,#7330,.T.);
#7328 = VERTEX_POINT('',#7329);
#7329 = CARTESIAN_POINT('',(-0.32,-2.835,2.35));
#7330 = LINE('',#7331,#7332);
#7331 = CARTESIAN_POINT('',(-0.32,-2.835,2.95));
#7332 = VECTOR('',#7333,1.);
#7333 = DIRECTION('',(0.,-1.470104640658E-16,1.));
#7334 = ORIENTED_EDGE('',*,*,#7335,.T.);
#7335 = EDGE_CURVE('',#7328,#7336,#7338,.T.);
#7336 = VERTEX_POINT('',#7337);
#7337 = CARTESIAN_POINT('',(0.32,-2.835,2.35));
#7338 = LINE('',#7339,#7340);
#7339 = CARTESIAN_POINT('',(0.32,-2.835,2.35));
#7340 = VECTOR('',#7341,1.);
#7341 = DIRECTION('',(1.,0.,0.));
#7342 = ORIENTED_EDGE('',*,*,#7343,.F.);
#7343 = EDGE_CURVE('',#7296,#7336,#7344,.T.);
#7344 = LINE('',#7345,#7346);
#7345 = CARTESIAN_POINT('',(0.32,-2.835,2.95));
#7346 = VECTOR('',#7347,1.);
#7347 = DIRECTION('',(0.,-1.470104640658E-16,1.));
#7348 = ORIENTED_EDGE('',*,*,#7304,.T.);
#7349 = PLANE('',#7350);
#7350 = AXIS2_PLACEMENT_3D('',#7351,#7352,#7353);
#7351 = CARTESIAN_POINT('',(0.32,-2.835,2.95));
#7352 = DIRECTION('',(0.,-1.,-1.470104640658E-16));
#7353 = DIRECTION('',(0.,1.470104640658E-16,-1.));
#7354 = ADVANCED_FACE('',(#7355),#7375,.T.);
#7355 = FACE_BOUND('',#7356,.T.);
#7356 = EDGE_LOOP('',(#7357,#7358,#7364,#7365,#7366,#7367,#7373,#7374));
#7357 = ORIENTED_EDGE('',*,*,#7343,.T.);
#7358 = ORIENTED_EDGE('',*,*,#7359,.T.);
#7359 = EDGE_CURVE('',#7336,#7111,#7360,.T.);
#7360 = LINE('',#7361,#7362);
#7361 = CARTESIAN_POINT('',(0.32,-3.475,2.35));
#7362 = VECTOR('',#7363,1.);
#7363 = DIRECTION('',(0.,-1.,0.));
#7364 = ORIENTED_EDGE('',*,*,#7110,.T.);
#7365 = ORIENTED_EDGE('',*,*,#7167,.T.);
#7366 = ORIENTED_EDGE('',*,*,#7199,.T.);
#7367 = ORIENTED_EDGE('',*,*,#7368,.T.);
#7368 = EDGE_CURVE('',#7192,#7255,#7369,.T.);
#7369 = LINE('',#7370,#7371);
#7370 = CARTESIAN_POINT('',(0.32,1.875,-3.31));
#7371 = VECTOR('',#7372,1.);
#7372 = DIRECTION('',(0.,0.,1.));
#7373 = ORIENTED_EDGE('',*,*,#7254,.T.);
#7374 = ORIENTED_EDGE('',*,*,#7295,.T.);
#7375 = PLANE('',#7376);
#7376 = AXIS2_PLACEMENT_3D('',#7377,#7378,#7379);
#7377 = CARTESIAN_POINT('',(0.32,-2.475,-2.95));
#7378 = DIRECTION('',(1.,0.,0.));
#7379 = DIRECTION('',(0.,0.,-1.));
#7380 = ADVANCED_FACE('',(#7381),#7401,.F.);
#7381 = FACE_BOUND('',#7382,.T.);
#7382 = EDGE_LOOP('',(#7383,#7384,#7390,#7391,#7392,#7393,#7399,#7400));
#7383 = ORIENTED_EDGE('',*,*,#7128,.F.);
#7384 = ORIENTED_EDGE('',*,*,#7385,.T.);
#7385 = EDGE_CURVE('',#7121,#7328,#7386,.T.);
#7386 = LINE('',#7387,#7388);
#7387 = CARTESIAN_POINT('',(-0.32,-2.475,2.35));
#7388 = VECTOR('',#7389,1.);
#7389 = DIRECTION('',(0.,1.,0.));
#7390 = ORIENTED_EDGE('',*,*,#7327,.F.);
#7391 = ORIENTED_EDGE('',*,*,#7312,.F.);
#7392 = ORIENTED_EDGE('',*,*,#7272,.F.);
#7393 = ORIENTED_EDGE('',*,*,#7394,.T.);
#7394 = EDGE_CURVE('',#7265,#7184,#7395,.T.);
#7395 = LINE('',#7396,#7397);
#7396 = CARTESIAN_POINT('',(-0.32,1.875,-2.95));
#7397 = VECTOR('',#7398,1.);
#7398 = DIRECTION('',(0.,0.,-1.));
#7399 = ORIENTED_EDGE('',*,*,#7183,.F.);
#7400 = ORIENTED_EDGE('',*,*,#7150,.F.);
#7401 = PLANE('',#7402);
#7402 = AXIS2_PLACEMENT_3D('',#7403,#7404,#7405);
#7403 = CARTESIAN_POINT('',(-0.32,-2.475,-2.95));
#7404 = DIRECTION('',(1.,0.,0.));
#7405 = DIRECTION('',(0.,0.,-1.));
#7406 = ADVANCED_FACE('',(#7407),#7423,.T.);
#7407 = FACE_BOUND('',#7408,.T.);
#7408 = EDGE_LOOP('',(#7409,#7415,#7416,#7422));
#7409 = ORIENTED_EDGE('',*,*,#7410,.F.);
#7410 = EDGE_CURVE('',#7111,#7089,#7411,.T.);
#7411 = LINE('',#7412,#7413);
#7412 = CARTESIAN_POINT('',(0.229090909091,-3.384090909091,
    2.622727272727));
#7413 = VECTOR('',#7414,1.);
#7414 = DIRECTION('',(-0.301511344578,0.301511344578,0.904534033733));
#7415 = ORIENTED_EDGE('',*,*,#7359,.F.);
#7416 = ORIENTED_EDGE('',*,*,#7417,.T.);
#7417 = EDGE_CURVE('',#7336,#7071,#7418,.T.);
#7418 = LINE('',#7419,#7420);
#7419 = CARTESIAN_POINT('',(0.138181818182,-3.016818181818,
    2.895454545455));
#7420 = VECTOR('',#7421,1.);
#7421 = DIRECTION('',(-0.301511344578,-0.301511344578,0.904534033733));
#7422 = ORIENTED_EDGE('',*,*,#7096,.F.);
#7423 = PLANE('',#7424);
#7424 = AXIS2_PLACEMENT_3D('',#7425,#7426,#7427);
#7425 = CARTESIAN_POINT('',(0.32,-2.475,2.35));
#7426 = DIRECTION('',(0.948683298051,0.,0.316227766017));
#7427 = DIRECTION('',(-0.,1.,0.));
#7428 = ADVANCED_FACE('',(#7429),#7440,.F.);
#7429 = FACE_BOUND('',#7430,.T.);
#7430 = EDGE_LOOP('',(#7431,#7432,#7433,#7439));
#7431 = ORIENTED_EDGE('',*,*,#7417,.F.);
#7432 = ORIENTED_EDGE('',*,*,#7335,.F.);
#7433 = ORIENTED_EDGE('',*,*,#7434,.T.);
#7434 = EDGE_CURVE('',#7328,#7073,#7435,.T.);
#7435 = LINE('',#7436,#7437);
#7436 = CARTESIAN_POINT('',(-8.E-02,-3.075,3.07));
#7437 = VECTOR('',#7438,1.);
#7438 = DIRECTION('',(0.301511344578,-0.301511344578,0.904534033733));
#7439 = ORIENTED_EDGE('',*,*,#7070,.F.);
#7440 = PLANE('',#7441);
#7441 = AXIS2_PLACEMENT_3D('',#7442,#7443,#7444);
#7442 = CARTESIAN_POINT('',(0.32,-3.035,2.95));
#7443 = DIRECTION('',(0.,-0.948683298051,-0.316227766017));
#7444 = DIRECTION('',(-1.,-0.,0.));
#7445 = ADVANCED_FACE('',(#7446),#7457,.F.);
#7446 = FACE_BOUND('',#7447,.T.);
#7447 = EDGE_LOOP('',(#7448,#7449,#7450,#7456));
#7448 = ORIENTED_EDGE('',*,*,#7410,.T.);
#7449 = ORIENTED_EDGE('',*,*,#7088,.F.);
#7450 = ORIENTED_EDGE('',*,*,#7451,.T.);
#7451 = EDGE_CURVE('',#7081,#7121,#7452,.T.);
#7452 = LINE('',#7453,#7454);
#7453 = CARTESIAN_POINT('',(-0.261818181818,-3.416818181818,
    2.524545454545));
#7454 = VECTOR('',#7455,1.);
#7455 = DIRECTION('',(-0.301511344578,-0.301511344578,-0.904534033733));
#7456 = ORIENTED_EDGE('',*,*,#7120,.F.);
#7457 = PLANE('',#7458);
#7458 = AXIS2_PLACEMENT_3D('',#7459,#7460,#7461);
#7459 = CARTESIAN_POINT('',(0.32,-3.475,2.35));
#7460 = DIRECTION('',(0.,0.948683298051,-0.316227766017));
#7461 = DIRECTION('',(-1.,0.,0.));
#7462 = ADVANCED_FACE('',(#7463),#7469,.F.);
#7463 = FACE_BOUND('',#7464,.T.);
#7464 = EDGE_LOOP('',(#7465,#7466,#7467,#7468));
#7465 = ORIENTED_EDGE('',*,*,#7434,.F.);
#7466 = ORIENTED_EDGE('',*,*,#7385,.F.);
#7467 = ORIENTED_EDGE('',*,*,#7451,.F.);
#7468 = ORIENTED_EDGE('',*,*,#7080,.F.);
#7469 = PLANE('',#7470);
#7470 = AXIS2_PLACEMENT_3D('',#7471,#7472,#7473);
#7471 = CARTESIAN_POINT('',(-0.12,-2.835,2.95));
#7472 = DIRECTION('',(0.948683298051,0.,-0.316227766017));
#7473 = DIRECTION('',(0.,-1.,0.));
#7474 = ADVANCED_FACE('',(#7475),#7491,.T.);
#7475 = FACE_BOUND('',#7476,.T.);
#7476 = EDGE_LOOP('',(#7477,#7483,#7484,#7490));
#7477 = ORIENTED_EDGE('',*,*,#7478,.T.);
#7478 = EDGE_CURVE('',#7233,#7255,#7479,.T.);
#7479 = LINE('',#7480,#7481);
#7480 = CARTESIAN_POINT('',(0.32,1.875,-3.31));
#7481 = VECTOR('',#7482,1.);
#7482 = DIRECTION('',(0.301511344578,-0.904534033733,0.301511344578));
#7483 = ORIENTED_EDGE('',*,*,#7368,.F.);
#7484 = ORIENTED_EDGE('',*,*,#7485,.F.);
#7485 = EDGE_CURVE('',#7215,#7192,#7486,.T.);
#7486 = LINE('',#7487,#7488);
#7487 = CARTESIAN_POINT('',(0.229090909091,2.147727272727,
    -3.859090909091));
#7488 = VECTOR('',#7489,1.);
#7489 = DIRECTION('',(0.301511344578,-0.904534033733,-0.301511344578));
#7490 = ORIENTED_EDGE('',*,*,#7240,.F.);
#7491 = PLANE('',#7492);
#7492 = AXIS2_PLACEMENT_3D('',#7493,#7494,#7495);
#7493 = CARTESIAN_POINT('',(0.32,1.875,-2.95));
#7494 = DIRECTION('',(0.948683298051,0.316227766017,0.));
#7495 = DIRECTION('',(0.,0.,-1.));
#7496 = ADVANCED_FACE('',(#7497),#7508,.F.);
#7497 = FACE_BOUND('',#7498,.T.);
#7498 = EDGE_LOOP('',(#7499,#7500,#7501,#7507));
#7499 = ORIENTED_EDGE('',*,*,#7485,.T.);
#7500 = ORIENTED_EDGE('',*,*,#7191,.F.);
#7501 = ORIENTED_EDGE('',*,*,#7502,.T.);
#7502 = EDGE_CURVE('',#7184,#7217,#7503,.T.);
#7503 = LINE('',#7504,#7505);
#7504 = CARTESIAN_POINT('',(-8.E-02,2.595,-3.71));
#7505 = VECTOR('',#7506,1.);
#7506 = DIRECTION('',(0.301511344578,0.904534033733,0.301511344578));
#7507 = ORIENTED_EDGE('',*,*,#7214,.F.);
#7508 = PLANE('',#7509);
#7509 = AXIS2_PLACEMENT_3D('',#7510,#7511,#7512);
#7510 = CARTESIAN_POINT('',(0.32,2.475,-3.75));
#7511 = DIRECTION('',(0.,-0.316227766017,0.948683298051));
#7512 = DIRECTION('',(-1.,0.,0.));
#7513 = ADVANCED_FACE('',(#7514),#7525,.F.);
#7514 = FACE_BOUND('',#7515,.T.);
#7515 = EDGE_LOOP('',(#7516,#7517,#7518,#7524));
#7516 = ORIENTED_EDGE('',*,*,#7478,.F.);
#7517 = ORIENTED_EDGE('',*,*,#7232,.F.);
#7518 = ORIENTED_EDGE('',*,*,#7519,.T.);
#7519 = EDGE_CURVE('',#7225,#7265,#7520,.T.);
#7520 = LINE('',#7521,#7522);
#7521 = CARTESIAN_POINT('',(-0.261818181818,2.049545454545,
    -3.368181818182));
#7522 = VECTOR('',#7523,1.);
#7523 = DIRECTION('',(-0.301511344578,-0.904534033733,0.301511344578));
#7524 = ORIENTED_EDGE('',*,*,#7264,.F.);
#7525 = PLANE('',#7526);
#7526 = AXIS2_PLACEMENT_3D('',#7527,#7528,#7529);
#7527 = CARTESIAN_POINT('',(0.32,1.875,-3.31));
#7528 = DIRECTION('',(0.,-0.316227766017,-0.948683298051));
#7529 = DIRECTION('',(-1.,-0.,0.));
#7530 = ADVANCED_FACE('',(#7531),#7537,.F.);
#7531 = FACE_BOUND('',#7532,.T.);
#7532 = EDGE_LOOP('',(#7533,#7534,#7535,#7536));
#7533 = ORIENTED_EDGE('',*,*,#7502,.F.);
#7534 = ORIENTED_EDGE('',*,*,#7394,.F.);
#7535 = ORIENTED_EDGE('',*,*,#7519,.F.);
#7536 = ORIENTED_EDGE('',*,*,#7224,.F.);
#7537 = PLANE('',#7538);
#7538 = AXIS2_PLACEMENT_3D('',#7539,#7540,#7541);
#7539 = CARTESIAN_POINT('',(-0.12,2.475,-3.31));
#7540 = DIRECTION('',(0.948683298051,-0.316227766017,0.));
#7541 = DIRECTION('',(0.,0.,1.));
#7542 = ( GEOMETRIC_REPRESENTATION_CONTEXT(3) 
GLOBAL_UNCERTAINTY_ASSIGNED_CONTEXT((#7546)) 
GLOBAL_UNIT_ASSIGNED_CONTEXT((#7543,#7544,#7545)) REPRESENTATION_CONTEXT
('Context #1','3D Context with UNIT and UNCERTAINTY') );
#7543 = ( LENGTH_UNIT() NAMED_UNIT(*) SI_UNIT(.MILLI.,.METRE.) );
#7544 = ( NAMED_UNIT(*) PLANE_ANGLE_UNIT() SI_UNIT($,.RADIAN.) );
#7545 = ( NAMED_UNIT(*) SI_UNIT($,.STERADIAN.) SOLID_ANGLE_UNIT() );
#7546 = UNCERTAINTY_MEASURE_WITH_UNIT(LENGTH_MEASURE(1.E-07),#7543,
  'distance_accuracy_value','confusion accuracy');
#7547 = CONTEXT_DEPENDENT_SHAPE_REPRESENTATION(#7548,#7550);
#7548 = ( REPRESENTATION_RELATIONSHIP('','',#7063,#67) 
REPRESENTATION_RELATIONSHIP_WITH_TRANSFORMATION(#7549) 
SHAPE_REPRESENTATION_RELATIONSHIP() );
#7549 = ITEM_DEFINED_TRANSFORMATION('','',#11,#72);
#7550 = PRODUCT_DEFINITION_SHAPE('Placement','Placement of an item',
  #7551);
#7551 = NEXT_ASSEMBLY_USAGE_OCCURRENCE('2','6620xx21022_PIN_COURTE','',
  #62,#7058,$);
#7552 = PRODUCT_RELATED_PRODUCT_CATEGORY('part',$,(#7060));
#7553 = SHAPE_DEFINITION_REPRESENTATION(#7554,#7560);
#7554 = PRODUCT_DEFINITION_SHAPE('','',#7555);
#7555 = PRODUCT_DEFINITION('design','',#7556,#7559);
#7556 = PRODUCT_DEFINITION_FORMATION('','',#7557);
#7557 = PRODUCT('6620xx21022_PIN_LONGUE','6620xx21022_PIN_LONGUE','',(
    #7558));
#7558 = PRODUCT_CONTEXT('',#2,'mechanical');
#7559 = PRODUCT_DEFINITION_CONTEXT('part definition',#2,'design');
#7560 = ADVANCED_BREP_SHAPE_REPRESENTATION('',(#11,#7561),#8039);
#7561 = MANIFOLD_SOLID_BREP('',#7562);
#7562 = CLOSED_SHELL('',(#7563,#7603,#7643,#7676,#7707,#7747,#7787,#7820
    ,#7851,#7877,#7903,#7925,#7942,#7959,#7971,#7993,#8010,#8027));
#7563 = ADVANCED_FACE('',(#7564),#7598,.F.);
#7564 = FACE_BOUND('',#7565,.T.);
#7565 = EDGE_LOOP('',(#7566,#7576,#7584,#7592));
#7566 = ORIENTED_EDGE('',*,*,#7567,.T.);
#7567 = EDGE_CURVE('',#7568,#7570,#7572,.T.);
#7568 = VERTEX_POINT('',#7569);
#7569 = CARTESIAN_POINT('',(0.12,-4.535,4.45));
#7570 = VERTEX_POINT('',#7571);
#7571 = CARTESIAN_POINT('',(-0.12,-4.535,4.45));
#7572 = LINE('',#7573,#7574);
#7573 = CARTESIAN_POINT('',(0.32,-4.535,4.45));
#7574 = VECTOR('',#7575,1.);
#7575 = DIRECTION('',(-1.,0.,0.));
#7576 = ORIENTED_EDGE('',*,*,#7577,.T.);
#7577 = EDGE_CURVE('',#7570,#7578,#7580,.T.);
#7578 = VERTEX_POINT('',#7579);
#7579 = CARTESIAN_POINT('',(-0.12,-4.775,4.45));
#7580 = LINE('',#7581,#7582);
#7581 = CARTESIAN_POINT('',(-0.12,-4.335,4.45));
#7582 = VECTOR('',#7583,1.);
#7583 = DIRECTION('',(0.,-1.,0.));
#7584 = ORIENTED_EDGE('',*,*,#7585,.T.);
#7585 = EDGE_CURVE('',#7578,#7586,#7588,.T.);
#7586 = VERTEX_POINT('',#7587);
#7587 = CARTESIAN_POINT('',(0.12,-4.775,4.45));
#7588 = LINE('',#7589,#7590);
#7589 = CARTESIAN_POINT('',(0.32,-4.775,4.45));
#7590 = VECTOR('',#7591,1.);
#7591 = DIRECTION('',(1.,0.,0.));
#7592 = ORIENTED_EDGE('',*,*,#7593,.T.);
#7593 = EDGE_CURVE('',#7586,#7568,#7594,.T.);
#7594 = LINE('',#7595,#7596);
#7595 = CARTESIAN_POINT('',(0.12,-4.335,4.45));
#7596 = VECTOR('',#7597,1.);
#7597 = DIRECTION('',(0.,1.,0.));
#7598 = PLANE('',#7599);
#7599 = AXIS2_PLACEMENT_3D('',#7600,#7601,#7602);
#7600 = CARTESIAN_POINT('',(0.32,-4.335,4.45));
#7601 = DIRECTION('',(0.,0.,-1.));
#7602 = DIRECTION('',(-1.,0.,0.));
#7603 = ADVANCED_FACE('',(#7604),#7638,.F.);
#7604 = FACE_BOUND('',#7605,.T.);
#7605 = EDGE_LOOP('',(#7606,#7616,#7624,#7632));
#7606 = ORIENTED_EDGE('',*,*,#7607,.F.);
#7607 = EDGE_CURVE('',#7608,#7610,#7612,.T.);
#7608 = VERTEX_POINT('',#7609);
#7609 = CARTESIAN_POINT('',(0.32,-4.975,3.85));
#7610 = VERTEX_POINT('',#7611);
#7611 = CARTESIAN_POINT('',(0.32,-4.975,-4.45));
#7612 = LINE('',#7613,#7614);
#7613 = CARTESIAN_POINT('',(0.32,-4.975,4.45));
#7614 = VECTOR('',#7615,1.);
#7615 = DIRECTION('',(0.,0.,-1.));
#7616 = ORIENTED_EDGE('',*,*,#7617,.T.);
#7617 = EDGE_CURVE('',#7608,#7618,#7620,.T.);
#7618 = VERTEX_POINT('',#7619);
#7619 = CARTESIAN_POINT('',(-0.32,-4.975,3.85));
#7620 = LINE('',#7621,#7622);
#7621 = CARTESIAN_POINT('',(0.32,-4.975,3.85));
#7622 = VECTOR('',#7623,1.);
#7623 = DIRECTION('',(-1.,0.,0.));
#7624 = ORIENTED_EDGE('',*,*,#7625,.T.);
#7625 = EDGE_CURVE('',#7618,#7626,#7628,.T.);
#7626 = VERTEX_POINT('',#7627);
#7627 = CARTESIAN_POINT('',(-0.32,-4.975,-4.45));
#7628 = LINE('',#7629,#7630);
#7629 = CARTESIAN_POINT('',(-0.32,-4.975,4.45));
#7630 = VECTOR('',#7631,1.);
#7631 = DIRECTION('',(0.,0.,-1.));
#7632 = ORIENTED_EDGE('',*,*,#7633,.F.);
#7633 = EDGE_CURVE('',#7610,#7626,#7634,.T.);
#7634 = LINE('',#7635,#7636);
#7635 = CARTESIAN_POINT('',(0.32,-4.975,-4.45));
#7636 = VECTOR('',#7637,1.);
#7637 = DIRECTION('',(-1.,0.,0.));
#7638 = PLANE('',#7639);
#7639 = AXIS2_PLACEMENT_3D('',#7640,#7641,#7642);
#7640 = CARTESIAN_POINT('',(0.32,-4.975,4.45));
#7641 = DIRECTION('',(0.,1.,0.));
#7642 = DIRECTION('',(0.,-0.,1.));
#7643 = ADVANCED_FACE('',(#7644),#7671,.T.);
#7644 = FACE_BOUND('',#7645,.T.);
#7645 = EDGE_LOOP('',(#7646,#7655,#7663,#7670));
#7646 = ORIENTED_EDGE('',*,*,#7647,.T.);
#7647 = EDGE_CURVE('',#7626,#7648,#7650,.T.);
#7648 = VERTEX_POINT('',#7649);
#7649 = CARTESIAN_POINT('',(-0.32,-3.975,-5.45));
#7650 = CIRCLE('',#7651,1.);
#7651 = AXIS2_PLACEMENT_3D('',#7652,#7653,#7654);
#7652 = CARTESIAN_POINT('',(-0.32,-3.975,-4.45));
#7653 = DIRECTION('',(1.,0.,0.));
#7654 = DIRECTION('',(-0.,1.,0.));
#7655 = ORIENTED_EDGE('',*,*,#7656,.F.);
#7656 = EDGE_CURVE('',#7657,#7648,#7659,.T.);
#7657 = VERTEX_POINT('',#7658);
#7658 = CARTESIAN_POINT('',(0.32,-3.975,-5.45));
#7659 = LINE('',#7660,#7661);
#7660 = CARTESIAN_POINT('',(0.32,-3.975,-5.45));
#7661 = VECTOR('',#7662,1.);
#7662 = DIRECTION('',(-1.,0.,0.));
#7663 = ORIENTED_EDGE('',*,*,#7664,.F.);
#7664 = EDGE_CURVE('',#7610,#7657,#7665,.T.);
#7665 = CIRCLE('',#7666,1.);
#7666 = AXIS2_PLACEMENT_3D('',#7667,#7668,#7669);
#7667 = CARTESIAN_POINT('',(0.32,-3.975,-4.45));
#7668 = DIRECTION('',(1.,0.,0.));
#7669 = DIRECTION('',(-0.,1.,0.));
#7670 = ORIENTED_EDGE('',*,*,#7633,.T.);
#7671 = CYLINDRICAL_SURFACE('',#7672,1.);
#7672 = AXIS2_PLACEMENT_3D('',#7673,#7674,#7675);
#7673 = CARTESIAN_POINT('',(0.32,-3.975,-4.45));
#7674 = DIRECTION('',(-1.,0.,0.));
#7675 = DIRECTION('',(0.,0.,1.));
#7676 = ADVANCED_FACE('',(#7677),#7702,.F.);
#7677 = FACE_BOUND('',#7678,.T.);
#7678 = EDGE_LOOP('',(#7679,#7687,#7695,#7701));
#7679 = ORIENTED_EDGE('',*,*,#7680,.T.);
#7680 = EDGE_CURVE('',#7648,#7681,#7683,.T.);
#7681 = VERTEX_POINT('',#7682);
#7682 = CARTESIAN_POINT('',(-0.32,3.375,-5.45));
#7683 = LINE('',#7684,#7685);
#7684 = CARTESIAN_POINT('',(-0.32,-3.975,-5.45));
#7685 = VECTOR('',#7686,1.);
#7686 = DIRECTION('',(0.,1.,0.));
#7687 = ORIENTED_EDGE('',*,*,#7688,.T.);
#7688 = EDGE_CURVE('',#7681,#7689,#7691,.T.);
#7689 = VERTEX_POINT('',#7690);
#7690 = CARTESIAN_POINT('',(0.32,3.375,-5.45));
#7691 = LINE('',#7692,#7693);
#7692 = CARTESIAN_POINT('',(0.32,3.375,-5.45));
#7693 = VECTOR('',#7694,1.);
#7694 = DIRECTION('',(1.,0.,0.));
#7695 = ORIENTED_EDGE('',*,*,#7696,.F.);
#7696 = EDGE_CURVE('',#7657,#7689,#7697,.T.);
#7697 = LINE('',#7698,#7699);
#7698 = CARTESIAN_POINT('',(0.32,-3.975,-5.45));
#7699 = VECTOR('',#7700,1.);
#7700 = DIRECTION('',(0.,1.,0.));
#7701 = ORIENTED_EDGE('',*,*,#7656,.T.);
#7702 = PLANE('',#7703);
#7703 = AXIS2_PLACEMENT_3D('',#7704,#7705,#7706);
#7704 = CARTESIAN_POINT('',(0.32,-3.975,-5.45));
#7705 = DIRECTION('',(0.,0.,1.));
#7706 = DIRECTION('',(1.,0.,-0.));
#7707 = ADVANCED_FACE('',(#7708),#7742,.F.);
#7708 = FACE_BOUND('',#7709,.T.);
#7709 = EDGE_LOOP('',(#7710,#7720,#7728,#7736));
#7710 = ORIENTED_EDGE('',*,*,#7711,.T.);
#7711 = EDGE_CURVE('',#7712,#7714,#7716,.T.);
#7712 = VERTEX_POINT('',#7713);
#7713 = CARTESIAN_POINT('',(0.12,3.975,-5.25));
#7714 = VERTEX_POINT('',#7715);
#7715 = CARTESIAN_POINT('',(-0.12,3.975,-5.25));
#7716 = LINE('',#7717,#7718);
#7717 = CARTESIAN_POINT('',(0.32,3.975,-5.25));
#7718 = VECTOR('',#7719,1.);
#7719 = DIRECTION('',(-1.,0.,0.));
#7720 = ORIENTED_EDGE('',*,*,#7721,.T.);
#7721 = EDGE_CURVE('',#7714,#7722,#7724,.T.);
#7722 = VERTEX_POINT('',#7723);
#7723 = CARTESIAN_POINT('',(-0.12,3.975,-5.01));
#7724 = LINE('',#7725,#7726);
#7725 = CARTESIAN_POINT('',(-0.12,3.975,-4.81));
#7726 = VECTOR('',#7727,1.);
#7727 = DIRECTION('',(0.,0.,1.));
#7728 = ORIENTED_EDGE('',*,*,#7729,.T.);
#7729 = EDGE_CURVE('',#7722,#7730,#7732,.T.);
#7730 = VERTEX_POINT('',#7731);
#7731 = CARTESIAN_POINT('',(0.12,3.975,-5.01));
#7732 = LINE('',#7733,#7734);
#7733 = CARTESIAN_POINT('',(0.32,3.975,-5.01));
#7734 = VECTOR('',#7735,1.);
#7735 = DIRECTION('',(1.,0.,0.));
#7736 = ORIENTED_EDGE('',*,*,#7737,.T.);
#7737 = EDGE_CURVE('',#7730,#7712,#7738,.T.);
#7738 = LINE('',#7739,#7740);
#7739 = CARTESIAN_POINT('',(0.12,3.975,-5.45));
#7740 = VECTOR('',#7741,1.);
#7741 = DIRECTION('',(0.,0.,-1.));
#7742 = PLANE('',#7743);
#7743 = AXIS2_PLACEMENT_3D('',#7744,#7745,#7746);
#7744 = CARTESIAN_POINT('',(0.32,3.975,-4.81));
#7745 = DIRECTION('',(0.,-1.,0.));
#7746 = DIRECTION('',(0.,0.,-1.));
#7747 = ADVANCED_FACE('',(#7748),#7782,.F.);
#7748 = FACE_BOUND('',#7749,.T.);
#7749 = EDGE_LOOP('',(#7750,#7760,#7768,#7776));
#7750 = ORIENTED_EDGE('',*,*,#7751,.F.);
#7751 = EDGE_CURVE('',#7752,#7754,#7756,.T.);
#7752 = VERTEX_POINT('',#7753);
#7753 = CARTESIAN_POINT('',(0.32,3.375,-4.81));
#7754 = VERTEX_POINT('',#7755);
#7755 = CARTESIAN_POINT('',(0.32,-3.975,-4.81));
#7756 = LINE('',#7757,#7758);
#7757 = CARTESIAN_POINT('',(0.32,-3.975,-4.81));
#7758 = VECTOR('',#7759,1.);
#7759 = DIRECTION('',(0.,-1.,0.));
#7760 = ORIENTED_EDGE('',*,*,#7761,.T.);
#7761 = EDGE_CURVE('',#7752,#7762,#7764,.T.);
#7762 = VERTEX_POINT('',#7763);
#7763 = CARTESIAN_POINT('',(-0.32,3.375,-4.81));
#7764 = LINE('',#7765,#7766);
#7765 = CARTESIAN_POINT('',(0.32,3.375,-4.81));
#7766 = VECTOR('',#7767,1.);
#7767 = DIRECTION('',(-1.,0.,0.));
#7768 = ORIENTED_EDGE('',*,*,#7769,.T.);
#7769 = EDGE_CURVE('',#7762,#7770,#7772,.T.);
#7770 = VERTEX_POINT('',#7771);
#7771 = CARTESIAN_POINT('',(-0.32,-3.975,-4.81));
#7772 = LINE('',#7773,#7774);
#7773 = CARTESIAN_POINT('',(-0.32,-3.975,-4.81));
#7774 = VECTOR('',#7775,1.);
#7775 = DIRECTION('',(0.,-1.,0.));
#7776 = ORIENTED_EDGE('',*,*,#7777,.F.);
#7777 = EDGE_CURVE('',#7754,#7770,#7778,.T.);
#7778 = LINE('',#7779,#7780);
#7779 = CARTESIAN_POINT('',(0.32,-3.975,-4.81));
#7780 = VECTOR('',#7781,1.);
#7781 = DIRECTION('',(-1.,0.,0.));
#7782 = PLANE('',#7783);
#7783 = AXIS2_PLACEMENT_3D('',#7784,#7785,#7786);
#7784 = CARTESIAN_POINT('',(0.32,-3.975,-4.81));
#7785 = DIRECTION('',(0.,0.,-1.));
#7786 = DIRECTION('',(-1.,0.,0.));
#7787 = ADVANCED_FACE('',(#7788),#7815,.F.);
#7788 = FACE_BOUND('',#7789,.F.);
#7789 = EDGE_LOOP('',(#7790,#7791,#7800,#7808));
#7790 = ORIENTED_EDGE('',*,*,#7777,.F.);
#7791 = ORIENTED_EDGE('',*,*,#7792,.T.);
#7792 = EDGE_CURVE('',#7754,#7793,#7795,.T.);
#7793 = VERTEX_POINT('',#7794);
#7794 = CARTESIAN_POINT('',(0.32,-4.335,-4.45));
#7795 = CIRCLE('',#7796,0.36);
#7796 = AXIS2_PLACEMENT_3D('',#7797,#7798,#7799);
#7797 = CARTESIAN_POINT('',(0.32,-3.975,-4.45));
#7798 = DIRECTION('',(-1.,0.,0.));
#7799 = DIRECTION('',(0.,1.,0.));
#7800 = ORIENTED_EDGE('',*,*,#7801,.T.);
#7801 = EDGE_CURVE('',#7793,#7802,#7804,.T.);
#7802 = VERTEX_POINT('',#7803);
#7803 = CARTESIAN_POINT('',(-0.32,-4.335,-4.45));
#7804 = LINE('',#7805,#7806);
#7805 = CARTESIAN_POINT('',(0.32,-4.335,-4.45));
#7806 = VECTOR('',#7807,1.);
#7807 = DIRECTION('',(-1.,0.,0.));
#7808 = ORIENTED_EDGE('',*,*,#7809,.F.);
#7809 = EDGE_CURVE('',#7770,#7802,#7810,.T.);
#7810 = CIRCLE('',#7811,0.36);
#7811 = AXIS2_PLACEMENT_3D('',#7812,#7813,#7814);
#7812 = CARTESIAN_POINT('',(-0.32,-3.975,-4.45));
#7813 = DIRECTION('',(-1.,0.,0.));
#7814 = DIRECTION('',(0.,1.,0.));
#7815 = CYLINDRICAL_SURFACE('',#7816,0.36);
#7816 = AXIS2_PLACEMENT_3D('',#7817,#7818,#7819);
#7817 = CARTESIAN_POINT('',(0.32,-3.975,-4.45));
#7818 = DIRECTION('',(-1.,0.,0.));
#7819 = DIRECTION('',(0.,0.,1.));
#7820 = ADVANCED_FACE('',(#7821),#7846,.F.);
#7821 = FACE_BOUND('',#7822,.T.);
#7822 = EDGE_LOOP('',(#7823,#7831,#7839,#7845));
#7823 = ORIENTED_EDGE('',*,*,#7824,.T.);
#7824 = EDGE_CURVE('',#7802,#7825,#7827,.T.);
#7825 = VERTEX_POINT('',#7826);
#7826 = CARTESIAN_POINT('',(-0.32,-4.335,3.85));
#7827 = LINE('',#7828,#7829);
#7828 = CARTESIAN_POINT('',(-0.32,-4.335,4.45));
#7829 = VECTOR('',#7830,1.);
#7830 = DIRECTION('',(0.,-1.949127501098E-16,1.));
#7831 = ORIENTED_EDGE('',*,*,#7832,.T.);
#7832 = EDGE_CURVE('',#7825,#7833,#7835,.T.);
#7833 = VERTEX_POINT('',#7834);
#7834 = CARTESIAN_POINT('',(0.32,-4.335,3.85));
#7835 = LINE('',#7836,#7837);
#7836 = CARTESIAN_POINT('',(0.32,-4.335,3.85));
#7837 = VECTOR('',#7838,1.);
#7838 = DIRECTION('',(1.,0.,0.));
#7839 = ORIENTED_EDGE('',*,*,#7840,.F.);
#7840 = EDGE_CURVE('',#7793,#7833,#7841,.T.);
#7841 = LINE('',#7842,#7843);
#7842 = CARTESIAN_POINT('',(0.32,-4.335,4.45));
#7843 = VECTOR('',#7844,1.);
#7844 = DIRECTION('',(0.,-1.949127501098E-16,1.));
#7845 = ORIENTED_EDGE('',*,*,#7801,.T.);
#7846 = PLANE('',#7847);
#7847 = AXIS2_PLACEMENT_3D('',#7848,#7849,#7850);
#7848 = CARTESIAN_POINT('',(0.32,-4.335,4.45));
#7849 = DIRECTION('',(0.,-1.,-1.949127501098E-16));
#7850 = DIRECTION('',(0.,1.949127501098E-16,-1.));
#7851 = ADVANCED_FACE('',(#7852),#7872,.T.);
#7852 = FACE_BOUND('',#7853,.T.);
#7853 = EDGE_LOOP('',(#7854,#7855,#7861,#7862,#7863,#7864,#7870,#7871));
#7854 = ORIENTED_EDGE('',*,*,#7840,.T.);
#7855 = ORIENTED_EDGE('',*,*,#7856,.T.);
#7856 = EDGE_CURVE('',#7833,#7608,#7857,.T.);
#7857 = LINE('',#7858,#7859);
#7858 = CARTESIAN_POINT('',(0.32,-4.975,3.85));
#7859 = VECTOR('',#7860,1.);
#7860 = DIRECTION('',(0.,-1.,0.));
#7861 = ORIENTED_EDGE('',*,*,#7607,.T.);
#7862 = ORIENTED_EDGE('',*,*,#7664,.T.);
#7863 = ORIENTED_EDGE('',*,*,#7696,.T.);
#7864 = ORIENTED_EDGE('',*,*,#7865,.T.);
#7865 = EDGE_CURVE('',#7689,#7752,#7866,.T.);
#7866 = LINE('',#7867,#7868);
#7867 = CARTESIAN_POINT('',(0.32,3.375,-4.81));
#7868 = VECTOR('',#7869,1.);
#7869 = DIRECTION('',(0.,0.,1.));
#7870 = ORIENTED_EDGE('',*,*,#7751,.T.);
#7871 = ORIENTED_EDGE('',*,*,#7792,.T.);
#7872 = PLANE('',#7873);
#7873 = AXIS2_PLACEMENT_3D('',#7874,#7875,#7876);
#7874 = CARTESIAN_POINT('',(0.32,-3.975,-4.45));
#7875 = DIRECTION('',(1.,0.,0.));
#7876 = DIRECTION('',(0.,0.,-1.));
#7877 = ADVANCED_FACE('',(#7878),#7898,.F.);
#7878 = FACE_BOUND('',#7879,.T.);
#7879 = EDGE_LOOP('',(#7880,#7881,#7887,#7888,#7889,#7890,#7896,#7897));
#7880 = ORIENTED_EDGE('',*,*,#7625,.F.);
#7881 = ORIENTED_EDGE('',*,*,#7882,.T.);
#7882 = EDGE_CURVE('',#7618,#7825,#7883,.T.);
#7883 = LINE('',#7884,#7885);
#7884 = CARTESIAN_POINT('',(-0.32,-3.975,3.85));
#7885 = VECTOR('',#7886,1.);
#7886 = DIRECTION('',(0.,1.,0.));
#7887 = ORIENTED_EDGE('',*,*,#7824,.F.);
#7888 = ORIENTED_EDGE('',*,*,#7809,.F.);
#7889 = ORIENTED_EDGE('',*,*,#7769,.F.);
#7890 = ORIENTED_EDGE('',*,*,#7891,.T.);
#7891 = EDGE_CURVE('',#7762,#7681,#7892,.T.);
#7892 = LINE('',#7893,#7894);
#7893 = CARTESIAN_POINT('',(-0.32,3.375,-4.45));
#7894 = VECTOR('',#7895,1.);
#7895 = DIRECTION('',(0.,0.,-1.));
#7896 = ORIENTED_EDGE('',*,*,#7680,.F.);
#7897 = ORIENTED_EDGE('',*,*,#7647,.F.);
#7898 = PLANE('',#7899);
#7899 = AXIS2_PLACEMENT_3D('',#7900,#7901,#7902);
#7900 = CARTESIAN_POINT('',(-0.32,-3.975,-4.45));
#7901 = DIRECTION('',(1.,0.,0.));
#7902 = DIRECTION('',(0.,0.,-1.));
#7903 = ADVANCED_FACE('',(#7904),#7920,.T.);
#7904 = FACE_BOUND('',#7905,.T.);
#7905 = EDGE_LOOP('',(#7906,#7912,#7913,#7919));
#7906 = ORIENTED_EDGE('',*,*,#7907,.F.);
#7907 = EDGE_CURVE('',#7608,#7586,#7908,.T.);
#7908 = LINE('',#7909,#7910);
#7909 = CARTESIAN_POINT('',(0.229090909091,-4.884090909091,
    4.122727272727));
#7910 = VECTOR('',#7911,1.);
#7911 = DIRECTION('',(-0.301511344578,0.301511344578,0.904534033733));
#7912 = ORIENTED_EDGE('',*,*,#7856,.F.);
#7913 = ORIENTED_EDGE('',*,*,#7914,.T.);
#7914 = EDGE_CURVE('',#7833,#7568,#7915,.T.);
#7915 = LINE('',#7916,#7917);
#7916 = CARTESIAN_POINT('',(0.138181818182,-4.516818181818,
    4.395454545455));
#7917 = VECTOR('',#7918,1.);
#7918 = DIRECTION('',(-0.301511344578,-0.301511344578,0.904534033733));
#7919 = ORIENTED_EDGE('',*,*,#7593,.F.);
#7920 = PLANE('',#7921);
#7921 = AXIS2_PLACEMENT_3D('',#7922,#7923,#7924);
#7922 = CARTESIAN_POINT('',(0.32,-3.975,3.85));
#7923 = DIRECTION('',(0.948683298051,0.,0.316227766017));
#7924 = DIRECTION('',(-0.,1.,0.));
#7925 = ADVANCED_FACE('',(#7926),#7937,.F.);
#7926 = FACE_BOUND('',#7927,.T.);
#7927 = EDGE_LOOP('',(#7928,#7929,#7930,#7936));
#7928 = ORIENTED_EDGE('',*,*,#7914,.F.);
#7929 = ORIENTED_EDGE('',*,*,#7832,.F.);
#7930 = ORIENTED_EDGE('',*,*,#7931,.T.);
#7931 = EDGE_CURVE('',#7825,#7570,#7932,.T.);
#7932 = LINE('',#7933,#7934);
#7933 = CARTESIAN_POINT('',(-8.E-02,-4.575,4.57));
#7934 = VECTOR('',#7935,1.);
#7935 = DIRECTION('',(0.301511344578,-0.301511344578,0.904534033733));
#7936 = ORIENTED_EDGE('',*,*,#7567,.F.);
#7937 = PLANE('',#7938);
#7938 = AXIS2_PLACEMENT_3D('',#7939,#7940,#7941);
#7939 = CARTESIAN_POINT('',(0.32,-4.535,4.45));
#7940 = DIRECTION('',(0.,-0.948683298051,-0.316227766017));
#7941 = DIRECTION('',(-1.,-0.,0.));
#7942 = ADVANCED_FACE('',(#7943),#7954,.F.);
#7943 = FACE_BOUND('',#7944,.T.);
#7944 = EDGE_LOOP('',(#7945,#7946,#7947,#7953));
#7945 = ORIENTED_EDGE('',*,*,#7907,.T.);
#7946 = ORIENTED_EDGE('',*,*,#7585,.F.);
#7947 = ORIENTED_EDGE('',*,*,#7948,.T.);
#7948 = EDGE_CURVE('',#7578,#7618,#7949,.T.);
#7949 = LINE('',#7950,#7951);
#7950 = CARTESIAN_POINT('',(-0.261818181818,-4.916818181818,
    4.024545454545));
#7951 = VECTOR('',#7952,1.);
#7952 = DIRECTION('',(-0.301511344578,-0.301511344578,-0.904534033733));
#7953 = ORIENTED_EDGE('',*,*,#7617,.F.);
#7954 = PLANE('',#7955);
#7955 = AXIS2_PLACEMENT_3D('',#7956,#7957,#7958);
#7956 = CARTESIAN_POINT('',(0.32,-4.975,3.85));
#7957 = DIRECTION('',(0.,0.948683298051,-0.316227766017));
#7958 = DIRECTION('',(-1.,0.,0.));
#7959 = ADVANCED_FACE('',(#7960),#7966,.F.);
#7960 = FACE_BOUND('',#7961,.T.);
#7961 = EDGE_LOOP('',(#7962,#7963,#7964,#7965));
#7962 = ORIENTED_EDGE('',*,*,#7931,.F.);
#7963 = ORIENTED_EDGE('',*,*,#7882,.F.);
#7964 = ORIENTED_EDGE('',*,*,#7948,.F.);
#7965 = ORIENTED_EDGE('',*,*,#7577,.F.);
#7966 = PLANE('',#7967);
#7967 = AXIS2_PLACEMENT_3D('',#7968,#7969,#7970);
#7968 = CARTESIAN_POINT('',(-0.12,-4.335,4.45));
#7969 = DIRECTION('',(0.948683298051,0.,-0.316227766017));
#7970 = DIRECTION('',(0.,-1.,0.));
#7971 = ADVANCED_FACE('',(#7972),#7988,.T.);
#7972 = FACE_BOUND('',#7973,.T.);
#7973 = EDGE_LOOP('',(#7974,#7980,#7981,#7987));
#7974 = ORIENTED_EDGE('',*,*,#7975,.T.);
#7975 = EDGE_CURVE('',#7730,#7752,#7976,.T.);
#7976 = LINE('',#7977,#7978);
#7977 = CARTESIAN_POINT('',(0.32,3.375,-4.81));
#7978 = VECTOR('',#7979,1.);
#7979 = DIRECTION('',(0.301511344578,-0.904534033733,0.301511344578));
#7980 = ORIENTED_EDGE('',*,*,#7865,.F.);
#7981 = ORIENTED_EDGE('',*,*,#7982,.F.);
#7982 = EDGE_CURVE('',#7712,#7689,#7983,.T.);
#7983 = LINE('',#7984,#7985);
#7984 = CARTESIAN_POINT('',(0.229090909091,3.647727272727,
    -5.359090909091));
#7985 = VECTOR('',#7986,1.);
#7986 = DIRECTION('',(0.301511344578,-0.904534033733,-0.301511344578));
#7987 = ORIENTED_EDGE('',*,*,#7737,.F.);
#7988 = PLANE('',#7989);
#7989 = AXIS2_PLACEMENT_3D('',#7990,#7991,#7992);
#7990 = CARTESIAN_POINT('',(0.32,3.375,-4.45));
#7991 = DIRECTION('',(0.948683298051,0.316227766017,0.));
#7992 = DIRECTION('',(0.,0.,-1.));
#7993 = ADVANCED_FACE('',(#7994),#8005,.F.);
#7994 = FACE_BOUND('',#7995,.T.);
#7995 = EDGE_LOOP('',(#7996,#7997,#7998,#8004));
#7996 = ORIENTED_EDGE('',*,*,#7982,.T.);
#7997 = ORIENTED_EDGE('',*,*,#7688,.F.);
#7998 = ORIENTED_EDGE('',*,*,#7999,.T.);
#7999 = EDGE_CURVE('',#7681,#7714,#8000,.T.);
#8000 = LINE('',#8001,#8002);
#8001 = CARTESIAN_POINT('',(-8.E-02,4.095,-5.21));
#8002 = VECTOR('',#8003,1.);
#8003 = DIRECTION('',(0.301511344578,0.904534033733,0.301511344578));
#8004 = ORIENTED_EDGE('',*,*,#7711,.F.);
#8005 = PLANE('',#8006);
#8006 = AXIS2_PLACEMENT_3D('',#8007,#8008,#8009);
#8007 = CARTESIAN_POINT('',(0.32,3.975,-5.25));
#8008 = DIRECTION('',(0.,-0.316227766017,0.948683298051));
#8009 = DIRECTION('',(-1.,0.,0.));
#8010 = ADVANCED_FACE('',(#8011),#8022,.F.);
#8011 = FACE_BOUND('',#8012,.T.);
#8012 = EDGE_LOOP('',(#8013,#8014,#8015,#8021));
#8013 = ORIENTED_EDGE('',*,*,#7975,.F.);
#8014 = ORIENTED_EDGE('',*,*,#7729,.F.);
#8015 = ORIENTED_EDGE('',*,*,#8016,.T.);
#8016 = EDGE_CURVE('',#7722,#7762,#8017,.T.);
#8017 = LINE('',#8018,#8019);
#8018 = CARTESIAN_POINT('',(-0.261818181818,3.549545454545,
    -4.868181818182));
#8019 = VECTOR('',#8020,1.);
#8020 = DIRECTION('',(-0.301511344578,-0.904534033733,0.301511344578));
#8021 = ORIENTED_EDGE('',*,*,#7761,.F.);
#8022 = PLANE('',#8023);
#8023 = AXIS2_PLACEMENT_3D('',#8024,#8025,#8026);
#8024 = CARTESIAN_POINT('',(0.32,3.375,-4.81));
#8025 = DIRECTION('',(0.,-0.316227766017,-0.948683298051));
#8026 = DIRECTION('',(-1.,-0.,0.));
#8027 = ADVANCED_FACE('',(#8028),#8034,.F.);
#8028 = FACE_BOUND('',#8029,.T.);
#8029 = EDGE_LOOP('',(#8030,#8031,#8032,#8033));
#8030 = ORIENTED_EDGE('',*,*,#7999,.F.);
#8031 = ORIENTED_EDGE('',*,*,#7891,.F.);
#8032 = ORIENTED_EDGE('',*,*,#8016,.F.);
#8033 = ORIENTED_EDGE('',*,*,#7721,.F.);
#8034 = PLANE('',#8035);
#8035 = AXIS2_PLACEMENT_3D('',#8036,#8037,#8038);
#8036 = CARTESIAN_POINT('',(-0.12,3.975,-4.81));
#8037 = DIRECTION('',(0.948683298051,-0.316227766017,0.));
#8038 = DIRECTION('',(0.,0.,1.));
#8039 = ( GEOMETRIC_REPRESENTATION_CONTEXT(3) 
GLOBAL_UNCERTAINTY_ASSIGNED_CONTEXT((#8043)) 
GLOBAL_UNIT_ASSIGNED_CONTEXT((#8040,#8041,#8042)) REPRESENTATION_CONTEXT
('Context #1','3D Context with UNIT and UNCERTAINTY') );
#8040 = ( LENGTH_UNIT() NAMED_UNIT(*) SI_UNIT(.MILLI.,.METRE.) );
#8041 = ( NAMED_UNIT(*) PLANE_ANGLE_UNIT() SI_UNIT($,.RADIAN.) );
#8042 = ( NAMED_UNIT(*) SI_UNIT($,.STERADIAN.) SOLID_ANGLE_UNIT() );
#8043 = UNCERTAINTY_MEASURE_WITH_UNIT(LENGTH_MEASURE(1.E-07),#8040,
  'distance_accuracy_value','confusion accuracy');
#8044 = CONTEXT_DEPENDENT_SHAPE_REPRESENTATION(#8045,#8047);
#8045 = ( REPRESENTATION_RELATIONSHIP('','',#7560,#67) 
REPRESENTATION_RELATIONSHIP_WITH_TRANSFORMATION(#8046) 
SHAPE_REPRESENTATION_RELATIONSHIP() );
#8046 = ITEM_DEFINED_TRANSFORMATION('','',#11,#76);
#8047 = PRODUCT_DEFINITION_SHAPE('Placement','Placement of an item',
  #8048);
#8048 = NEXT_ASSEMBLY_USAGE_OCCURRENCE('3','6620xx21022_PIN_LONGUE','',
  #62,#7555,$);
#8049 = PRODUCT_RELATED_PRODUCT_CATEGORY('part',$,(#7557));
#8050 = CONTEXT_DEPENDENT_SHAPE_REPRESENTATION(#8051,#8053);
#8051 = ( REPRESENTATION_RELATIONSHIP('','',#7063,#67) 
REPRESENTATION_RELATIONSHIP_WITH_TRANSFORMATION(#8052) 
SHAPE_REPRESENTATION_RELATIONSHIP() );
#8052 = ITEM_DEFINED_TRANSFORMATION('','',#11,#80);
#8053 = PRODUCT_DEFINITION_SHAPE('Placement','Placement of an item',
  #8054);
#8054 = NEXT_ASSEMBLY_USAGE_OCCURRENCE('4','6620xx21022_PIN_COURTE','',
  #62,#7058,$);
#8055 = CONTEXT_DEPENDENT_SHAPE_REPRESENTATION(#8056,#8058);
#8056 = ( REPRESENTATION_RELATIONSHIP('','',#7560,#67) 
REPRESENTATION_RELATIONSHIP_WITH_TRANSFORMATION(#8057) 
SHAPE_REPRESENTATION_RELATIONSHIP() );
#8057 = ITEM_DEFINED_TRANSFORMATION('','',#11,#84);
#8058 = PRODUCT_DEFINITION_SHAPE('Placement','Placement of an item',
  #8059);
#8059 = NEXT_ASSEMBLY_USAGE_OCCURRENCE('5','6620xx21022_PIN_LONGUE','',
  #62,#7555,$);
#8060 = CONTEXT_DEPENDENT_SHAPE_REPRESENTATION(#8061,#8063);
#8061 = ( REPRESENTATION_RELATIONSHIP('','',#44,#10) 
REPRESENTATION_RELATIONSHIP_WITH_TRANSFORMATION(#8062) 
SHAPE_REPRESENTATION_RELATIONSHIP() );
#8062 = ITEM_DEFINED_TRANSFORMATION('','',#11,#19);
#8063 = PRODUCT_DEFINITION_SHAPE('Placement','Placement of an item',
  #8064);
#8064 = NEXT_ASSEMBLY_USAGE_OCCURRENCE('8','J7','',#5,#39,$);
#8065 = CONTEXT_DEPENDENT_SHAPE_REPRESENTATION(#8066,#8068);
#8066 = ( REPRESENTATION_RELATIONSHIP('','',#44,#10) 
REPRESENTATION_RELATIONSHIP_WITH_TRANSFORMATION(#8067) 
SHAPE_REPRESENTATION_RELATIONSHIP() );
#8067 = ITEM_DEFINED_TRANSFORMATION('','',#11,#23);
#8068 = PRODUCT_DEFINITION_SHAPE('Placement','Placement of an item',
  #8069);
#8069 = NEXT_ASSEMBLY_USAGE_OCCURRENCE('9','J6','',#5,#39,$);
#8070 = SHAPE_DEFINITION_REPRESENTATION(#8071,#8077);
#8071 = PRODUCT_DEFINITION_SHAPE('','',#8072);
#8072 = PRODUCT_DEFINITION('design','',#8073,#8076);
#8073 = PRODUCT_DEFINITION_FORMATION('','',#8074);
#8074 = PRODUCT('gse_connector_board_outer_PCB',
  'gse_connector_board_outer_PCB','',(#8075));
#8075 = PRODUCT_CONTEXT('',#2,'mechanical');
#8076 = PRODUCT_DEFINITION_CONTEXT('part definition',#2,'design');
#8077 = ADVANCED_BREP_SHAPE_REPRESENTATION('',(#11,#8078),#10711);
#8078 = MANIFOLD_SOLID_BREP('',#8079);
#8079 = CLOSED_SHELL('',(#8080,#8122,#8153,#8184,#8855,#9526,#9543,#9560
    ,#9577,#9594,#9606,#9623,#9645,#9662,#9679,#9691,#9713,#9730,#9747,
    #9759,#9781,#9798,#9815,#9827,#9849,#9866,#9883,#9895,#9917,#9934,
    #9951,#9963,#9985,#10002,#10019,#10031,#10053,#10070,#10087,#10099,
    #10121,#10138,#10155,#10167,#10189,#10206,#10223,#10235,#10257,
    #10274,#10291,#10303,#10325,#10342,#10359,#10371,#10393,#10410,
    #10427,#10439,#10456,#10473,#10490,#10507,#10524,#10541,#10558,
    #10575,#10592,#10609,#10626,#10643,#10660,#10677,#10694));
#8080 = ADVANCED_FACE('',(#8081),#8117,.T.);
#8081 = FACE_BOUND('',#8082,.T.);
#8082 = EDGE_LOOP('',(#8083,#8093,#8102,#8110));
#8083 = ORIENTED_EDGE('',*,*,#8084,.T.);
#8084 = EDGE_CURVE('',#8085,#8087,#8089,.T.);
#8085 = VERTEX_POINT('',#8086);
#8086 = CARTESIAN_POINT('',(23.999872,13.503137,0.));
#8087 = VERTEX_POINT('',#8088);
#8088 = CARTESIAN_POINT('',(23.999872,13.503137,1.51));
#8089 = LINE('',#8090,#8091);
#8090 = CARTESIAN_POINT('',(23.999872,13.503137,0.));
#8091 = VECTOR('',#8092,1.);
#8092 = DIRECTION('',(0.,0.,1.));
#8093 = ORIENTED_EDGE('',*,*,#8094,.T.);
#8094 = EDGE_CURVE('',#8087,#8095,#8097,.T.);
#8095 = VERTEX_POINT('',#8096);
#8096 = CARTESIAN_POINT('',(25.999872,11.503137,1.51));
#8097 = CIRCLE('',#8098,1.99999850585);
#8098 = AXIS2_PLACEMENT_3D('',#8099,#8100,#8101);
#8099 = CARTESIAN_POINT('',(23.99987349415,11.50313849415,1.51));
#8100 = DIRECTION('',(0.,0.,-1.));
#8101 = DIRECTION('',(-7.470757420593E-07,1.,0.));
#8102 = ORIENTED_EDGE('',*,*,#8103,.F.);
#8103 = EDGE_CURVE('',#8104,#8095,#8106,.T.);
#8104 = VERTEX_POINT('',#8105);
#8105 = CARTESIAN_POINT('',(25.999872,11.503137,0.));
#8106 = LINE('',#8107,#8108);
#8107 = CARTESIAN_POINT('',(25.999872,11.503137,0.));
#8108 = VECTOR('',#8109,1.);
#8109 = DIRECTION('',(0.,0.,1.));
#8110 = ORIENTED_EDGE('',*,*,#8111,.F.);
#8111 = EDGE_CURVE('',#8085,#8104,#8112,.T.);
#8112 = CIRCLE('',#8113,1.99999850585);
#8113 = AXIS2_PLACEMENT_3D('',#8114,#8115,#8116);
#8114 = CARTESIAN_POINT('',(23.99987349415,11.50313849415,0.));
#8115 = DIRECTION('',(0.,0.,-1.));
#8116 = DIRECTION('',(-7.470757420593E-07,1.,0.));
#8117 = CYLINDRICAL_SURFACE('',#8118,1.99999850585);
#8118 = AXIS2_PLACEMENT_3D('',#8119,#8120,#8121);
#8119 = CARTESIAN_POINT('',(23.99987349415,11.50313849415,0.));
#8120 = DIRECTION('',(0.,0.,-1.));
#8121 = DIRECTION('',(-7.470757420593E-07,1.,0.));
#8122 = ADVANCED_FACE('',(#8123),#8148,.T.);
#8123 = FACE_BOUND('',#8124,.T.);
#8124 = EDGE_LOOP('',(#8125,#8135,#8141,#8142));
#8125 = ORIENTED_EDGE('',*,*,#8126,.T.);
#8126 = EDGE_CURVE('',#8127,#8129,#8131,.T.);
#8127 = VERTEX_POINT('',#8128);
#8128 = CARTESIAN_POINT('',(-23.999616,13.497119,0.));
#8129 = VERTEX_POINT('',#8130);
#8130 = CARTESIAN_POINT('',(-23.999616,13.497119,1.51));
#8131 = LINE('',#8132,#8133);
#8132 = CARTESIAN_POINT('',(-23.999616,13.497119,0.));
#8133 = VECTOR('',#8134,1.);
#8134 = DIRECTION('',(0.,0.,1.));
#8135 = ORIENTED_EDGE('',*,*,#8136,.T.);
#8136 = EDGE_CURVE('',#8129,#8087,#8137,.T.);
#8137 = LINE('',#8138,#8139);
#8138 = CARTESIAN_POINT('',(-23.999616,13.497119,1.51));
#8139 = VECTOR('',#8140,1.);
#8140 = DIRECTION('',(0.99999999214,1.253763363622E-04,0.));
#8141 = ORIENTED_EDGE('',*,*,#8084,.F.);
#8142 = ORIENTED_EDGE('',*,*,#8143,.F.);
#8143 = EDGE_CURVE('',#8127,#8085,#8144,.T.);
#8144 = LINE('',#8145,#8146);
#8145 = CARTESIAN_POINT('',(-23.999616,13.497119,0.));
#8146 = VECTOR('',#8147,1.);
#8147 = DIRECTION('',(0.99999999214,1.253763363622E-04,0.));
#8148 = PLANE('',#8149);
#8149 = AXIS2_PLACEMENT_3D('',#8150,#8151,#8152);
#8150 = CARTESIAN_POINT('',(-23.999616,13.497119,0.));
#8151 = DIRECTION('',(-1.253763363622E-04,0.99999999214,0.));
#8152 = DIRECTION('',(0.99999999214,1.253763363622E-04,0.));
#8153 = ADVANCED_FACE('',(#8154),#8179,.T.);
#8154 = FACE_BOUND('',#8155,.T.);
#8155 = EDGE_LOOP('',(#8156,#8157,#8165,#8173));
#8156 = ORIENTED_EDGE('',*,*,#8103,.T.);
#8157 = ORIENTED_EDGE('',*,*,#8158,.T.);
#8158 = EDGE_CURVE('',#8095,#8159,#8161,.T.);
#8159 = VERTEX_POINT('',#8160);
#8160 = CARTESIAN_POINT('',(25.999872,-11.496863,1.51));
#8161 = LINE('',#8162,#8163);
#8162 = CARTESIAN_POINT('',(25.999872,11.503137,1.51));
#8163 = VECTOR('',#8164,1.);
#8164 = DIRECTION('',(0.,-1.,0.));
#8165 = ORIENTED_EDGE('',*,*,#8166,.F.);
#8166 = EDGE_CURVE('',#8167,#8159,#8169,.T.);
#8167 = VERTEX_POINT('',#8168);
#8168 = CARTESIAN_POINT('',(25.999872,-11.496863,0.));
#8169 = LINE('',#8170,#8171);
#8170 = CARTESIAN_POINT('',(25.999872,-11.496863,0.));
#8171 = VECTOR('',#8172,1.);
#8172 = DIRECTION('',(0.,0.,1.));
#8173 = ORIENTED_EDGE('',*,*,#8174,.F.);
#8174 = EDGE_CURVE('',#8104,#8167,#8175,.T.);
#8175 = LINE('',#8176,#8177);
#8176 = CARTESIAN_POINT('',(25.999872,11.503137,0.));
#8177 = VECTOR('',#8178,1.);
#8178 = DIRECTION('',(0.,-1.,0.));
#8179 = PLANE('',#8180);
#8180 = AXIS2_PLACEMENT_3D('',#8181,#8182,#8183);
#8181 = CARTESIAN_POINT('',(25.999872,11.503137,0.));
#8182 = DIRECTION('',(1.,0.,-0.));
#8183 = DIRECTION('',(0.,-1.,0.));
#8184 = ADVANCED_FACE('',(#8185,#8231,#8242,#8278,#8314,#8350,#8386,
    #8422,#8458,#8494,#8530,#8566,#8602,#8638,#8674,#8685,#8696,#8707,
    #8718,#8729,#8740,#8751,#8762,#8773,#8784,#8795,#8806,#8817,#8828,
    #8839),#8850,.F.);
#8185 = FACE_BOUND('',#8186,.F.);
#8186 = EDGE_LOOP('',(#8187,#8188,#8189,#8198,#8206,#8215,#8223,#8230));
#8187 = ORIENTED_EDGE('',*,*,#8111,.F.);
#8188 = ORIENTED_EDGE('',*,*,#8143,.F.);
#8189 = ORIENTED_EDGE('',*,*,#8190,.F.);
#8190 = EDGE_CURVE('',#8191,#8127,#8193,.T.);
#8191 = VERTEX_POINT('',#8192);
#8192 = CARTESIAN_POINT('',(-25.999872,11.496863,0.));
#8193 = CIRCLE('',#8194,2.000298958217);
#8194 = AXIS2_PLACEMENT_3D('',#8195,#8196,#8197);
#8195 = CARTESIAN_POINT('',(-23.99957304224,11.496820042245,0.));
#8196 = DIRECTION('',(0.,0.,-1.));
#8197 = DIRECTION('',(-0.999999999769,2.147566753058E-05,0.));
#8198 = ORIENTED_EDGE('',*,*,#8199,.F.);
#8199 = EDGE_CURVE('',#8200,#8191,#8202,.T.);
#8200 = VERTEX_POINT('',#8201);
#8201 = CARTESIAN_POINT('',(-25.999872,-11.502881,0.));
#8202 = LINE('',#8203,#8204);
#8203 = CARTESIAN_POINT('',(-25.999872,-11.502881,0.));
#8204 = VECTOR('',#8205,1.);
#8205 = DIRECTION('',(0.,1.,0.));
#8206 = ORIENTED_EDGE('',*,*,#8207,.F.);
#8207 = EDGE_CURVE('',#8208,#8200,#8210,.T.);
#8208 = VERTEX_POINT('',#8209);
#8209 = CARTESIAN_POINT('',(-23.999616,-13.503137,0.));
#8210 = CIRCLE('',#8211,2.000331396471);
#8211 = AXIS2_PLACEMENT_3D('',#8212,#8213,#8214);
#8212 = CARTESIAN_POINT('',(-23.99954060495,-11.50280560495,0.));
#8213 = DIRECTION('',(0.,0.,-1.));
#8214 = DIRECTION('',(-3.769127957202E-05,-0.99999999929,-0.));
#8215 = ORIENTED_EDGE('',*,*,#8216,.F.);
#8216 = EDGE_CURVE('',#8217,#8208,#8219,.T.);
#8217 = VERTEX_POINT('',#8218);
#8218 = CARTESIAN_POINT('',(23.999872,-13.496863,0.));
#8219 = LINE('',#8220,#8221);
#8220 = CARTESIAN_POINT('',(23.999872,-13.496863,0.));
#8221 = VECTOR('',#8222,1.);
#8222 = DIRECTION('',(-0.999999991457,-1.307097264539E-04,0.));
#8223 = ORIENTED_EDGE('',*,*,#8224,.F.);
#8224 = EDGE_CURVE('',#8167,#8217,#8225,.T.);
#8225 = CIRCLE('',#8226,1.99999850585);
#8226 = AXIS2_PLACEMENT_3D('',#8227,#8228,#8229);
#8227 = CARTESIAN_POINT('',(23.99987349415,-11.49686449415,0.));
#8228 = DIRECTION('',(0.,0.,-1.));
#8229 = DIRECTION('',(1.,7.470757438357E-07,0.));
#8230 = ORIENTED_EDGE('',*,*,#8174,.F.);
#8231 = FACE_BOUND('',#8232,.F.);
#8232 = EDGE_LOOP('',(#8233));
#8233 = ORIENTED_EDGE('',*,*,#8234,.T.);
#8234 = EDGE_CURVE('',#8235,#8235,#8237,.T.);
#8235 = VERTEX_POINT('',#8236);
#8236 = CARTESIAN_POINT('',(-22.000128,-11.096863,0.));
#8237 = CIRCLE('',#8238,1.6);
#8238 = AXIS2_PLACEMENT_3D('',#8239,#8240,#8241);
#8239 = CARTESIAN_POINT('',(-22.000128,-9.496863,0.));
#8240 = DIRECTION('',(-0.,0.,-1.));
#8241 = DIRECTION('',(-0.,-1.,0.));
#8242 = FACE_BOUND('',#8243,.F.);
#8243 = EDGE_LOOP('',(#8244,#8255,#8263,#8272));
#8244 = ORIENTED_EDGE('',*,*,#8245,.T.);
#8245 = EDGE_CURVE('',#8246,#8248,#8250,.T.);
#8246 = VERTEX_POINT('',#8247);
#8247 = CARTESIAN_POINT('',(-15.850128,-6.946863,0.));
#8248 = VERTEX_POINT('',#8249);
#8249 = CARTESIAN_POINT('',(-16.450128,-6.946863,0.));
#8250 = CIRCLE('',#8251,0.3);
#8251 = AXIS2_PLACEMENT_3D('',#8252,#8253,#8254);
#8252 = CARTESIAN_POINT('',(-16.150128,-6.946863,0.));
#8253 = DIRECTION('',(-0.,0.,-1.));
#8254 = DIRECTION('',(-1.,0.,0.));
#8255 = ORIENTED_EDGE('',*,*,#8256,.T.);
#8256 = EDGE_CURVE('',#8248,#8257,#8259,.T.);
#8257 = VERTEX_POINT('',#8258);
#8258 = CARTESIAN_POINT('',(-16.450128,-6.046863,0.));
#8259 = LINE('',#8260,#8261);
#8260 = CARTESIAN_POINT('',(-16.450128,-3.0234315,0.));
#8261 = VECTOR('',#8262,1.);
#8262 = DIRECTION('',(-0.,1.,0.));
#8263 = ORIENTED_EDGE('',*,*,#8264,.T.);
#8264 = EDGE_CURVE('',#8257,#8265,#8267,.T.);
#8265 = VERTEX_POINT('',#8266);
#8266 = CARTESIAN_POINT('',(-15.850128,-6.046863,0.));
#8267 = CIRCLE('',#8268,0.3);
#8268 = AXIS2_PLACEMENT_3D('',#8269,#8270,#8271);
#8269 = CARTESIAN_POINT('',(-16.150128,-6.046863,0.));
#8270 = DIRECTION('',(0.,-0.,-1.));
#8271 = DIRECTION('',(1.,0.,-0.));
#8272 = ORIENTED_EDGE('',*,*,#8273,.T.);
#8273 = EDGE_CURVE('',#8265,#8246,#8274,.T.);
#8274 = LINE('',#8275,#8276);
#8275 = CARTESIAN_POINT('',(-15.850128,-3.4734315,0.));
#8276 = VECTOR('',#8277,1.);
#8277 = DIRECTION('',(0.,-1.,0.));
#8278 = FACE_BOUND('',#8279,.F.);
#8279 = EDGE_LOOP('',(#8280,#8291,#8299,#8308));
#8280 = ORIENTED_EDGE('',*,*,#8281,.T.);
#8281 = EDGE_CURVE('',#8282,#8284,#8286,.T.);
#8282 = VERTEX_POINT('',#8283);
#8283 = CARTESIAN_POINT('',(-13.950128,-6.946863,0.));
#8284 = VERTEX_POINT('',#8285);
#8285 = CARTESIAN_POINT('',(-14.550128,-6.946863,0.));
#8286 = CIRCLE('',#8287,0.3);
#8287 = AXIS2_PLACEMENT_3D('',#8288,#8289,#8290);
#8288 = CARTESIAN_POINT('',(-14.250128,-6.946863,0.));
#8289 = DIRECTION('',(-0.,0.,-1.));
#8290 = DIRECTION('',(-1.,0.,0.));
#8291 = ORIENTED_EDGE('',*,*,#8292,.T.);
#8292 = EDGE_CURVE('',#8284,#8293,#8295,.T.);
#8293 = VERTEX_POINT('',#8294);
#8294 = CARTESIAN_POINT('',(-14.550128,-6.046863,0.));
#8295 = LINE('',#8296,#8297);
#8296 = CARTESIAN_POINT('',(-14.550128,-3.0234315,0.));
#8297 = VECTOR('',#8298,1.);
#8298 = DIRECTION('',(-0.,1.,0.));
#8299 = ORIENTED_EDGE('',*,*,#8300,.T.);
#8300 = EDGE_CURVE('',#8293,#8301,#8303,.T.);
#8301 = VERTEX_POINT('',#8302);
#8302 = CARTESIAN_POINT('',(-13.950128,-6.046863,0.));
#8303 = CIRCLE('',#8304,0.3);
#8304 = AXIS2_PLACEMENT_3D('',#8305,#8306,#8307);
#8305 = CARTESIAN_POINT('',(-14.250128,-6.046863,0.));
#8306 = DIRECTION('',(0.,-0.,-1.));
#8307 = DIRECTION('',(1.,0.,-0.));
#8308 = ORIENTED_EDGE('',*,*,#8309,.T.);
#8309 = EDGE_CURVE('',#8301,#8282,#8310,.T.);
#8310 = LINE('',#8311,#8312);
#8311 = CARTESIAN_POINT('',(-13.950128,-3.4734315,0.));
#8312 = VECTOR('',#8313,1.);
#8313 = DIRECTION('',(0.,-1.,0.));
#8314 = FACE_BOUND('',#8315,.F.);
#8315 = EDGE_LOOP('',(#8316,#8327,#8335,#8344));
#8316 = ORIENTED_EDGE('',*,*,#8317,.T.);
#8317 = EDGE_CURVE('',#8318,#8320,#8322,.T.);
#8318 = VERTEX_POINT('',#8319);
#8319 = CARTESIAN_POINT('',(-12.700128,-6.946863,0.));
#8320 = VERTEX_POINT('',#8321);
#8321 = CARTESIAN_POINT('',(-13.300128,-6.946863,0.));
#8322 = CIRCLE('',#8323,0.3);
#8323 = AXIS2_PLACEMENT_3D('',#8324,#8325,#8326);
#8324 = CARTESIAN_POINT('',(-13.000128,-6.946863,0.));
#8325 = DIRECTION('',(-0.,0.,-1.));
#8326 = DIRECTION('',(-1.,0.,0.));
#8327 = ORIENTED_EDGE('',*,*,#8328,.T.);
#8328 = EDGE_CURVE('',#8320,#8329,#8331,.T.);
#8329 = VERTEX_POINT('',#8330);
#8330 = CARTESIAN_POINT('',(-13.300128,-6.046863,0.));
#8331 = LINE('',#8332,#8333);
#8332 = CARTESIAN_POINT('',(-13.300128,-3.0234315,0.));
#8333 = VECTOR('',#8334,1.);
#8334 = DIRECTION('',(-0.,1.,0.));
#8335 = ORIENTED_EDGE('',*,*,#8336,.T.);
#8336 = EDGE_CURVE('',#8329,#8337,#8339,.T.);
#8337 = VERTEX_POINT('',#8338);
#8338 = CARTESIAN_POINT('',(-12.700128,-6.046863,0.));
#8339 = CIRCLE('',#8340,0.3);
#8340 = AXIS2_PLACEMENT_3D('',#8341,#8342,#8343);
#8341 = CARTESIAN_POINT('',(-13.000128,-6.046863,0.));
#8342 = DIRECTION('',(0.,-0.,-1.));
#8343 = DIRECTION('',(1.,0.,-0.));
#8344 = ORIENTED_EDGE('',*,*,#8345,.T.);
#8345 = EDGE_CURVE('',#8337,#8318,#8346,.T.);
#8346 = LINE('',#8347,#8348);
#8347 = CARTESIAN_POINT('',(-12.700128,-3.4734315,0.));
#8348 = VECTOR('',#8349,1.);
#8349 = DIRECTION('',(0.,-1.,0.));
#8350 = FACE_BOUND('',#8351,.F.);
#8351 = EDGE_LOOP('',(#8352,#8363,#8371,#8380));
#8352 = ORIENTED_EDGE('',*,*,#8353,.T.);
#8353 = EDGE_CURVE('',#8354,#8356,#8358,.T.);
#8354 = VERTEX_POINT('',#8355);
#8355 = CARTESIAN_POINT('',(-10.200128,-6.946863,0.));
#8356 = VERTEX_POINT('',#8357);
#8357 = CARTESIAN_POINT('',(-10.800128,-6.946863,0.));
#8358 = CIRCLE('',#8359,0.3);
#8359 = AXIS2_PLACEMENT_3D('',#8360,#8361,#8362);
#8360 = CARTESIAN_POINT('',(-10.500128,-6.946863,0.));
#8361 = DIRECTION('',(-0.,0.,-1.));
#8362 = DIRECTION('',(-1.,0.,0.));
#8363 = ORIENTED_EDGE('',*,*,#8364,.T.);
#8364 = EDGE_CURVE('',#8356,#8365,#8367,.T.);
#8365 = VERTEX_POINT('',#8366);
#8366 = CARTESIAN_POINT('',(-10.800128,-6.046863,0.));
#8367 = LINE('',#8368,#8369);
#8368 = CARTESIAN_POINT('',(-10.800128,-3.0234315,0.));
#8369 = VECTOR('',#8370,1.);
#8370 = DIRECTION('',(-0.,1.,0.));
#8371 = ORIENTED_EDGE('',*,*,#8372,.T.);
#8372 = EDGE_CURVE('',#8365,#8373,#8375,.T.);
#8373 = VERTEX_POINT('',#8374);
#8374 = CARTESIAN_POINT('',(-10.200128,-6.046863,0.));
#8375 = CIRCLE('',#8376,0.3);
#8376 = AXIS2_PLACEMENT_3D('',#8377,#8378,#8379);
#8377 = CARTESIAN_POINT('',(-10.500128,-6.046863,0.));
#8378 = DIRECTION('',(0.,-0.,-1.));
#8379 = DIRECTION('',(1.,0.,-0.));
#8380 = ORIENTED_EDGE('',*,*,#8381,.T.);
#8381 = EDGE_CURVE('',#8373,#8354,#8382,.T.);
#8382 = LINE('',#8383,#8384);
#8383 = CARTESIAN_POINT('',(-10.200128,-3.4734315,0.));
#8384 = VECTOR('',#8385,1.);
#8385 = DIRECTION('',(0.,-1.,0.));
#8386 = FACE_BOUND('',#8387,.F.);
#8387 = EDGE_LOOP('',(#8388,#8399,#8407,#8416));
#8388 = ORIENTED_EDGE('',*,*,#8389,.T.);
#8389 = EDGE_CURVE('',#8390,#8392,#8394,.T.);
#8390 = VERTEX_POINT('',#8391);
#8391 = CARTESIAN_POINT('',(-0.850128,-6.946863,0.));
#8392 = VERTEX_POINT('',#8393);
#8393 = CARTESIAN_POINT('',(-1.450128,-6.946863,0.));
#8394 = CIRCLE('',#8395,0.3);
#8395 = AXIS2_PLACEMENT_3D('',#8396,#8397,#8398);
#8396 = CARTESIAN_POINT('',(-1.150128,-6.946863,0.));
#8397 = DIRECTION('',(-0.,0.,-1.));
#8398 = DIRECTION('',(-1.,2.960594732334E-15,0.));
#8399 = ORIENTED_EDGE('',*,*,#8400,.T.);
#8400 = EDGE_CURVE('',#8392,#8401,#8403,.T.);
#8401 = VERTEX_POINT('',#8402);
#8402 = CARTESIAN_POINT('',(-1.450128,-6.046863,0.));
#8403 = LINE('',#8404,#8405);
#8404 = CARTESIAN_POINT('',(-1.450128,-3.0234315,0.));
#8405 = VECTOR('',#8406,1.);
#8406 = DIRECTION('',(-0.,1.,0.));
#8407 = ORIENTED_EDGE('',*,*,#8408,.T.);
#8408 = EDGE_CURVE('',#8401,#8409,#8411,.T.);
#8409 = VERTEX_POINT('',#8410);
#8410 = CARTESIAN_POINT('',(-0.850128,-6.046863,0.));
#8411 = CIRCLE('',#8412,0.3);
#8412 = AXIS2_PLACEMENT_3D('',#8413,#8414,#8415);
#8413 = CARTESIAN_POINT('',(-1.150128,-6.046863,0.));
#8414 = DIRECTION('',(0.,-0.,-1.));
#8415 = DIRECTION('',(1.,0.,-0.));
#8416 = ORIENTED_EDGE('',*,*,#8417,.T.);
#8417 = EDGE_CURVE('',#8409,#8390,#8418,.T.);
#8418 = LINE('',#8419,#8420);
#8419 = CARTESIAN_POINT('',(-0.850128,-3.4734315,0.));
#8420 = VECTOR('',#8421,1.);
#8421 = DIRECTION('',(0.,-1.,0.));
#8422 = FACE_BOUND('',#8423,.F.);
#8423 = EDGE_LOOP('',(#8424,#8435,#8443,#8452));
#8424 = ORIENTED_EDGE('',*,*,#8425,.T.);
#8425 = EDGE_CURVE('',#8426,#8428,#8430,.T.);
#8426 = VERTEX_POINT('',#8427);
#8427 = CARTESIAN_POINT('',(1.049872,-6.946863,0.));
#8428 = VERTEX_POINT('',#8429);
#8429 = CARTESIAN_POINT('',(0.449872,-6.946863,0.));
#8430 = CIRCLE('',#8431,0.3);
#8431 = AXIS2_PLACEMENT_3D('',#8432,#8433,#8434);
#8432 = CARTESIAN_POINT('',(0.749872,-6.946863,0.));
#8433 = DIRECTION('',(-0.,0.,-1.));
#8434 = DIRECTION('',(-1.,2.960594732334E-15,0.));
#8435 = ORIENTED_EDGE('',*,*,#8436,.T.);
#8436 = EDGE_CURVE('',#8428,#8437,#8439,.T.);
#8437 = VERTEX_POINT('',#8438);
#8438 = CARTESIAN_POINT('',(0.449872,-6.046863,0.));
#8439 = LINE('',#8440,#8441);
#8440 = CARTESIAN_POINT('',(0.449872,-3.0234315,0.));
#8441 = VECTOR('',#8442,1.);
#8442 = DIRECTION('',(-0.,1.,0.));
#8443 = ORIENTED_EDGE('',*,*,#8444,.T.);
#8444 = EDGE_CURVE('',#8437,#8445,#8447,.T.);
#8445 = VERTEX_POINT('',#8446);
#8446 = CARTESIAN_POINT('',(1.049872,-6.046863,0.));
#8447 = CIRCLE('',#8448,0.3);
#8448 = AXIS2_PLACEMENT_3D('',#8449,#8450,#8451);
#8449 = CARTESIAN_POINT('',(0.749872,-6.046863,0.));
#8450 = DIRECTION('',(0.,-0.,-1.));
#8451 = DIRECTION('',(1.,0.,-0.));
#8452 = ORIENTED_EDGE('',*,*,#8453,.T.);
#8453 = EDGE_CURVE('',#8445,#8426,#8454,.T.);
#8454 = LINE('',#8455,#8456);
#8455 = CARTESIAN_POINT('',(1.049872,-3.4734315,0.));
#8456 = VECTOR('',#8457,1.);
#8457 = DIRECTION('',(0.,-1.,0.));
#8458 = FACE_BOUND('',#8459,.F.);
#8459 = EDGE_LOOP('',(#8460,#8471,#8479,#8488));
#8460 = ORIENTED_EDGE('',*,*,#8461,.T.);
#8461 = EDGE_CURVE('',#8462,#8464,#8466,.T.);
#8462 = VERTEX_POINT('',#8463);
#8463 = CARTESIAN_POINT('',(2.299872,-6.946863,0.));
#8464 = VERTEX_POINT('',#8465);
#8465 = CARTESIAN_POINT('',(1.699872,-6.946863,0.));
#8466 = CIRCLE('',#8467,0.3);
#8467 = AXIS2_PLACEMENT_3D('',#8468,#8469,#8470);
#8468 = CARTESIAN_POINT('',(1.999872,-6.946863,0.));
#8469 = DIRECTION('',(-0.,0.,-1.));
#8470 = DIRECTION('',(-1.,2.960594732334E-15,0.));
#8471 = ORIENTED_EDGE('',*,*,#8472,.T.);
#8472 = EDGE_CURVE('',#8464,#8473,#8475,.T.);
#8473 = VERTEX_POINT('',#8474);
#8474 = CARTESIAN_POINT('',(1.699872,-6.046863,0.));
#8475 = LINE('',#8476,#8477);
#8476 = CARTESIAN_POINT('',(1.699872,-3.0234315,0.));
#8477 = VECTOR('',#8478,1.);
#8478 = DIRECTION('',(-0.,1.,0.));
#8479 = ORIENTED_EDGE('',*,*,#8480,.T.);
#8480 = EDGE_CURVE('',#8473,#8481,#8483,.T.);
#8481 = VERTEX_POINT('',#8482);
#8482 = CARTESIAN_POINT('',(2.299872,-6.046863,0.));
#8483 = CIRCLE('',#8484,0.3);
#8484 = AXIS2_PLACEMENT_3D('',#8485,#8486,#8487);
#8485 = CARTESIAN_POINT('',(1.999872,-6.046863,0.));
#8486 = DIRECTION('',(0.,-0.,-1.));
#8487 = DIRECTION('',(1.,0.,-0.));
#8488 = ORIENTED_EDGE('',*,*,#8489,.T.);
#8489 = EDGE_CURVE('',#8481,#8462,#8490,.T.);
#8490 = LINE('',#8491,#8492);
#8491 = CARTESIAN_POINT('',(2.299872,-3.4734315,0.));
#8492 = VECTOR('',#8493,1.);
#8493 = DIRECTION('',(0.,-1.,0.));
#8494 = FACE_BOUND('',#8495,.F.);
#8495 = EDGE_LOOP('',(#8496,#8507,#8515,#8524));
#8496 = ORIENTED_EDGE('',*,*,#8497,.T.);
#8497 = EDGE_CURVE('',#8498,#8500,#8502,.T.);
#8498 = VERTEX_POINT('',#8499);
#8499 = CARTESIAN_POINT('',(4.799872,-6.946863,0.));
#8500 = VERTEX_POINT('',#8501);
#8501 = CARTESIAN_POINT('',(4.199872,-6.946863,0.));
#8502 = CIRCLE('',#8503,0.3);
#8503 = AXIS2_PLACEMENT_3D('',#8504,#8505,#8506);
#8504 = CARTESIAN_POINT('',(4.499872,-6.946863,0.));
#8505 = DIRECTION('',(-0.,0.,-1.));
#8506 = DIRECTION('',(-1.,0.,0.));
#8507 = ORIENTED_EDGE('',*,*,#8508,.T.);
#8508 = EDGE_CURVE('',#8500,#8509,#8511,.T.);
#8509 = VERTEX_POINT('',#8510);
#8510 = CARTESIAN_POINT('',(4.199872,-6.046863,0.));
#8511 = LINE('',#8512,#8513);
#8512 = CARTESIAN_POINT('',(4.199872,-3.0234315,0.));
#8513 = VECTOR('',#8514,1.);
#8514 = DIRECTION('',(-0.,1.,0.));
#8515 = ORIENTED_EDGE('',*,*,#8516,.T.);
#8516 = EDGE_CURVE('',#8509,#8517,#8519,.T.);
#8517 = VERTEX_POINT('',#8518);
#8518 = CARTESIAN_POINT('',(4.799872,-6.046863,0.));
#8519 = CIRCLE('',#8520,0.3);
#8520 = AXIS2_PLACEMENT_3D('',#8521,#8522,#8523);
#8521 = CARTESIAN_POINT('',(4.499872,-6.046863,0.));
#8522 = DIRECTION('',(0.,-0.,-1.));
#8523 = DIRECTION('',(1.,0.,-0.));
#8524 = ORIENTED_EDGE('',*,*,#8525,.T.);
#8525 = EDGE_CURVE('',#8517,#8498,#8526,.T.);
#8526 = LINE('',#8527,#8528);
#8527 = CARTESIAN_POINT('',(4.799872,-3.4734315,0.));
#8528 = VECTOR('',#8529,1.);
#8529 = DIRECTION('',(0.,-1.,0.));
#8530 = FACE_BOUND('',#8531,.F.);
#8531 = EDGE_LOOP('',(#8532,#8543,#8551,#8560));
#8532 = ORIENTED_EDGE('',*,*,#8533,.T.);
#8533 = EDGE_CURVE('',#8534,#8536,#8538,.T.);
#8534 = VERTEX_POINT('',#8535);
#8535 = CARTESIAN_POINT('',(14.149872,-6.946863,0.));
#8536 = VERTEX_POINT('',#8537);
#8537 = CARTESIAN_POINT('',(13.549872,-6.946863,0.));
#8538 = CIRCLE('',#8539,0.3);
#8539 = AXIS2_PLACEMENT_3D('',#8540,#8541,#8542);
#8540 = CARTESIAN_POINT('',(13.849872,-6.946863,0.));
#8541 = DIRECTION('',(-0.,0.,-1.));
#8542 = DIRECTION('',(-1.,0.,0.));
#8543 = ORIENTED_EDGE('',*,*,#8544,.T.);
#8544 = EDGE_CURVE('',#8536,#8545,#8547,.T.);
#8545 = VERTEX_POINT('',#8546);
#8546 = CARTESIAN_POINT('',(13.549872,-6.046863,0.));
#8547 = LINE('',#8548,#8549);
#8548 = CARTESIAN_POINT('',(13.549872,-3.0234315,0.));
#8549 = VECTOR('',#8550,1.);
#8550 = DIRECTION('',(-0.,1.,0.));
#8551 = ORIENTED_EDGE('',*,*,#8552,.T.);
#8552 = EDGE_CURVE('',#8545,#8553,#8555,.T.);
#8553 = VERTEX_POINT('',#8554);
#8554 = CARTESIAN_POINT('',(14.149872,-6.046863,0.));
#8555 = CIRCLE('',#8556,0.3);
#8556 = AXIS2_PLACEMENT_3D('',#8557,#8558,#8559);
#8557 = CARTESIAN_POINT('',(13.849872,-6.046863,0.));
#8558 = DIRECTION('',(0.,-0.,-1.));
#8559 = DIRECTION('',(1.,0.,-0.));
#8560 = ORIENTED_EDGE('',*,*,#8561,.T.);
#8561 = EDGE_CURVE('',#8553,#8534,#8562,.T.);
#8562 = LINE('',#8563,#8564);
#8563 = CARTESIAN_POINT('',(14.149872,-3.4734315,0.));
#8564 = VECTOR('',#8565,1.);
#8565 = DIRECTION('',(0.,-1.,0.));
#8566 = FACE_BOUND('',#8567,.F.);
#8567 = EDGE_LOOP('',(#8568,#8579,#8587,#8596));
#8568 = ORIENTED_EDGE('',*,*,#8569,.T.);
#8569 = EDGE_CURVE('',#8570,#8572,#8574,.T.);
#8570 = VERTEX_POINT('',#8571);
#8571 = CARTESIAN_POINT('',(16.049872,-6.946863,0.));
#8572 = VERTEX_POINT('',#8573);
#8573 = CARTESIAN_POINT('',(15.449872,-6.946863,0.));
#8574 = CIRCLE('',#8575,0.3);
#8575 = AXIS2_PLACEMENT_3D('',#8576,#8577,#8578);
#8576 = CARTESIAN_POINT('',(15.749872,-6.946863,0.));
#8577 = DIRECTION('',(-0.,0.,-1.));
#8578 = DIRECTION('',(-1.,0.,0.));
#8579 = ORIENTED_EDGE('',*,*,#8580,.T.);
#8580 = EDGE_CURVE('',#8572,#8581,#8583,.T.);
#8581 = VERTEX_POINT('',#8582);
#8582 = CARTESIAN_POINT('',(15.449872,-6.046863,0.));
#8583 = LINE('',#8584,#8585);
#8584 = CARTESIAN_POINT('',(15.449872,-3.0234315,0.));
#8585 = VECTOR('',#8586,1.);
#8586 = DIRECTION('',(-0.,1.,0.));
#8587 = ORIENTED_EDGE('',*,*,#8588,.T.);
#8588 = EDGE_CURVE('',#8581,#8589,#8591,.T.);
#8589 = VERTEX_POINT('',#8590);
#8590 = CARTESIAN_POINT('',(16.049872,-6.046863,0.));
#8591 = CIRCLE('',#8592,0.3);
#8592 = AXIS2_PLACEMENT_3D('',#8593,#8594,#8595);
#8593 = CARTESIAN_POINT('',(15.749872,-6.046863,0.));
#8594 = DIRECTION('',(0.,-0.,-1.));
#8595 = DIRECTION('',(1.,0.,-0.));
#8596 = ORIENTED_EDGE('',*,*,#8597,.T.);
#8597 = EDGE_CURVE('',#8589,#8570,#8598,.T.);
#8598 = LINE('',#8599,#8600);
#8599 = CARTESIAN_POINT('',(16.049872,-3.4734315,0.));
#8600 = VECTOR('',#8601,1.);
#8601 = DIRECTION('',(0.,-1.,0.));
#8602 = FACE_BOUND('',#8603,.F.);
#8603 = EDGE_LOOP('',(#8604,#8615,#8623,#8632));
#8604 = ORIENTED_EDGE('',*,*,#8605,.T.);
#8605 = EDGE_CURVE('',#8606,#8608,#8610,.T.);
#8606 = VERTEX_POINT('',#8607);
#8607 = CARTESIAN_POINT('',(17.299872,-6.946863,0.));
#8608 = VERTEX_POINT('',#8609);
#8609 = CARTESIAN_POINT('',(16.699872,-6.946863,0.));
#8610 = CIRCLE('',#8611,0.3);
#8611 = AXIS2_PLACEMENT_3D('',#8612,#8613,#8614);
#8612 = CARTESIAN_POINT('',(16.999872,-6.946863,0.));
#8613 = DIRECTION('',(-0.,0.,-1.));
#8614 = DIRECTION('',(-1.,-5.921189464667E-15,0.));
#8615 = ORIENTED_EDGE('',*,*,#8616,.T.);
#8616 = EDGE_CURVE('',#8608,#8617,#8619,.T.);
#8617 = VERTEX_POINT('',#8618);
#8618 = CARTESIAN_POINT('',(16.699872,-6.046863,0.));
#8619 = LINE('',#8620,#8621);
#8620 = CARTESIAN_POINT('',(16.699872,-3.0234315,0.));
#8621 = VECTOR('',#8622,1.);
#8622 = DIRECTION('',(-0.,1.,0.));
#8623 = ORIENTED_EDGE('',*,*,#8624,.T.);
#8624 = EDGE_CURVE('',#8617,#8625,#8627,.T.);
#8625 = VERTEX_POINT('',#8626);
#8626 = CARTESIAN_POINT('',(17.299872,-6.046863,0.));
#8627 = CIRCLE('',#8628,0.3);
#8628 = AXIS2_PLACEMENT_3D('',#8629,#8630,#8631);
#8629 = CARTESIAN_POINT('',(16.999872,-6.046863,0.));
#8630 = DIRECTION('',(0.,-0.,-1.));
#8631 = DIRECTION('',(1.,5.921189464667E-15,-0.));
#8632 = ORIENTED_EDGE('',*,*,#8633,.T.);
#8633 = EDGE_CURVE('',#8625,#8606,#8634,.T.);
#8634 = LINE('',#8635,#8636);
#8635 = CARTESIAN_POINT('',(17.299872,-3.4734315,0.));
#8636 = VECTOR('',#8637,1.);
#8637 = DIRECTION('',(0.,-1.,0.));
#8638 = FACE_BOUND('',#8639,.F.);
#8639 = EDGE_LOOP('',(#8640,#8651,#8659,#8668));
#8640 = ORIENTED_EDGE('',*,*,#8641,.T.);
#8641 = EDGE_CURVE('',#8642,#8644,#8646,.T.);
#8642 = VERTEX_POINT('',#8643);
#8643 = CARTESIAN_POINT('',(19.799872,-6.946863,0.));
#8644 = VERTEX_POINT('',#8645);
#8645 = CARTESIAN_POINT('',(19.199872,-6.946863,0.));
#8646 = CIRCLE('',#8647,0.3);
#8647 = AXIS2_PLACEMENT_3D('',#8648,#8649,#8650);
#8648 = CARTESIAN_POINT('',(19.499872,-6.946863,0.));
#8649 = DIRECTION('',(-0.,0.,-1.));
#8650 = DIRECTION('',(-1.,-5.921189464667E-15,0.));
#8651 = ORIENTED_EDGE('',*,*,#8652,.T.);
#8652 = EDGE_CURVE('',#8644,#8653,#8655,.T.);
#8653 = VERTEX_POINT('',#8654);
#8654 = CARTESIAN_POINT('',(19.199872,-6.046863,0.));
#8655 = LINE('',#8656,#8657);
#8656 = CARTESIAN_POINT('',(19.199872,-3.0234315,0.));
#8657 = VECTOR('',#8658,1.);
#8658 = DIRECTION('',(-0.,1.,0.));
#8659 = ORIENTED_EDGE('',*,*,#8660,.T.);
#8660 = EDGE_CURVE('',#8653,#8661,#8663,.T.);
#8661 = VERTEX_POINT('',#8662);
#8662 = CARTESIAN_POINT('',(19.799872,-6.046863,0.));
#8663 = CIRCLE('',#8664,0.3);
#8664 = AXIS2_PLACEMENT_3D('',#8665,#8666,#8667);
#8665 = CARTESIAN_POINT('',(19.499872,-6.046863,0.));
#8666 = DIRECTION('',(0.,-0.,-1.));
#8667 = DIRECTION('',(1.,5.921189464667E-15,-0.));
#8668 = ORIENTED_EDGE('',*,*,#8669,.T.);
#8669 = EDGE_CURVE('',#8661,#8642,#8670,.T.);
#8670 = LINE('',#8671,#8672);
#8671 = CARTESIAN_POINT('',(19.799872,-3.4734315,0.));
#8672 = VECTOR('',#8673,1.);
#8673 = DIRECTION('',(0.,-1.,0.));
#8674 = FACE_BOUND('',#8675,.F.);
#8675 = EDGE_LOOP('',(#8676));
#8676 = ORIENTED_EDGE('',*,*,#8677,.T.);
#8677 = EDGE_CURVE('',#8678,#8678,#8680,.T.);
#8678 = VERTEX_POINT('',#8679);
#8679 = CARTESIAN_POINT('',(-19.500128,0.908137,0.));
#8680 = CIRCLE('',#8681,0.51);
#8681 = AXIS2_PLACEMENT_3D('',#8682,#8683,#8684);
#8682 = CARTESIAN_POINT('',(-19.500128,1.418137,0.));
#8683 = DIRECTION('',(-0.,0.,-1.));
#8684 = DIRECTION('',(-0.,-1.,0.));
#8685 = FACE_BOUND('',#8686,.F.);
#8686 = EDGE_LOOP('',(#8687));
#8687 = ORIENTED_EDGE('',*,*,#8688,.T.);
#8688 = EDGE_CURVE('',#8689,#8689,#8691,.T.);
#8689 = VERTEX_POINT('',#8690);
#8690 = CARTESIAN_POINT('',(-16.500128,0.908137,0.));
#8691 = CIRCLE('',#8692,0.51);
#8692 = AXIS2_PLACEMENT_3D('',#8693,#8694,#8695);
#8693 = CARTESIAN_POINT('',(-16.500128,1.418137,0.));
#8694 = DIRECTION('',(-0.,0.,-1.));
#8695 = DIRECTION('',(-0.,-1.,0.));
#8696 = FACE_BOUND('',#8697,.F.);
#8697 = EDGE_LOOP('',(#8698));
#8698 = ORIENTED_EDGE('',*,*,#8699,.T.);
#8699 = EDGE_CURVE('',#8700,#8700,#8702,.T.);
#8700 = VERTEX_POINT('',#8701);
#8701 = CARTESIAN_POINT('',(-19.500128,3.908137,0.));
#8702 = CIRCLE('',#8703,0.51);
#8703 = AXIS2_PLACEMENT_3D('',#8704,#8705,#8706);
#8704 = CARTESIAN_POINT('',(-19.500128,4.418137,0.));
#8705 = DIRECTION('',(-0.,0.,-1.));
#8706 = DIRECTION('',(-0.,-1.,0.));
#8707 = FACE_BOUND('',#8708,.F.);
#8708 = EDGE_LOOP('',(#8709));
#8709 = ORIENTED_EDGE('',*,*,#8710,.T.);
#8710 = EDGE_CURVE('',#8711,#8711,#8713,.T.);
#8711 = VERTEX_POINT('',#8712);
#8712 = CARTESIAN_POINT('',(-16.500128,3.908137,0.));
#8713 = CIRCLE('',#8714,0.51);
#8714 = AXIS2_PLACEMENT_3D('',#8715,#8716,#8717);
#8715 = CARTESIAN_POINT('',(-16.500128,4.418137,0.));
#8716 = DIRECTION('',(-0.,0.,-1.));
#8717 = DIRECTION('',(-0.,-1.,0.));
#8718 = FACE_BOUND('',#8719,.F.);
#8719 = EDGE_LOOP('',(#8720));
#8720 = ORIENTED_EDGE('',*,*,#8721,.T.);
#8721 = EDGE_CURVE('',#8722,#8722,#8724,.T.);
#8722 = VERTEX_POINT('',#8723);
#8723 = CARTESIAN_POINT('',(-7.500128,0.908137,0.));
#8724 = CIRCLE('',#8725,0.51);
#8725 = AXIS2_PLACEMENT_3D('',#8726,#8727,#8728);
#8726 = CARTESIAN_POINT('',(-7.500128,1.418137,0.));
#8727 = DIRECTION('',(-0.,0.,-1.));
#8728 = DIRECTION('',(-0.,-1.,0.));
#8729 = FACE_BOUND('',#8730,.F.);
#8730 = EDGE_LOOP('',(#8731));
#8731 = ORIENTED_EDGE('',*,*,#8732,.T.);
#8732 = EDGE_CURVE('',#8733,#8733,#8735,.T.);
#8733 = VERTEX_POINT('',#8734);
#8734 = CARTESIAN_POINT('',(-4.500128,0.908137,0.));
#8735 = CIRCLE('',#8736,0.51);
#8736 = AXIS2_PLACEMENT_3D('',#8737,#8738,#8739);
#8737 = CARTESIAN_POINT('',(-4.500128,1.418137,0.));
#8738 = DIRECTION('',(-0.,0.,-1.));
#8739 = DIRECTION('',(-0.,-1.,0.));
#8740 = FACE_BOUND('',#8741,.F.);
#8741 = EDGE_LOOP('',(#8742));
#8742 = ORIENTED_EDGE('',*,*,#8743,.T.);
#8743 = EDGE_CURVE('',#8744,#8744,#8746,.T.);
#8744 = VERTEX_POINT('',#8745);
#8745 = CARTESIAN_POINT('',(-7.500128,3.908137,0.));
#8746 = CIRCLE('',#8747,0.51);
#8747 = AXIS2_PLACEMENT_3D('',#8748,#8749,#8750);
#8748 = CARTESIAN_POINT('',(-7.500128,4.418137,0.));
#8749 = DIRECTION('',(-0.,0.,-1.));
#8750 = DIRECTION('',(-0.,-1.,0.));
#8751 = FACE_BOUND('',#8752,.F.);
#8752 = EDGE_LOOP('',(#8753));
#8753 = ORIENTED_EDGE('',*,*,#8754,.T.);
#8754 = EDGE_CURVE('',#8755,#8755,#8757,.T.);
#8755 = VERTEX_POINT('',#8756);
#8756 = CARTESIAN_POINT('',(-4.500128,3.908137,0.));
#8757 = CIRCLE('',#8758,0.51);
#8758 = AXIS2_PLACEMENT_3D('',#8759,#8760,#8761);
#8759 = CARTESIAN_POINT('',(-4.500128,4.418137,0.));
#8760 = DIRECTION('',(-0.,0.,-1.));
#8761 = DIRECTION('',(-0.,-1.,0.));
#8762 = FACE_BOUND('',#8763,.F.);
#8763 = EDGE_LOOP('',(#8764));
#8764 = ORIENTED_EDGE('',*,*,#8765,.T.);
#8765 = EDGE_CURVE('',#8766,#8766,#8768,.T.);
#8766 = VERTEX_POINT('',#8767);
#8767 = CARTESIAN_POINT('',(-18.000128,7.238137,0.));
#8768 = CIRCLE('',#8769,1.5);
#8769 = AXIS2_PLACEMENT_3D('',#8770,#8771,#8772);
#8770 = CARTESIAN_POINT('',(-18.000128,8.738137,0.));
#8771 = DIRECTION('',(-0.,0.,-1.));
#8772 = DIRECTION('',(-0.,-1.,0.));
#8773 = FACE_BOUND('',#8774,.F.);
#8774 = EDGE_LOOP('',(#8775));
#8775 = ORIENTED_EDGE('',*,*,#8776,.T.);
#8776 = EDGE_CURVE('',#8777,#8777,#8779,.T.);
#8777 = VERTEX_POINT('',#8778);
#8778 = CARTESIAN_POINT('',(-6.000128,7.238137,0.));
#8779 = CIRCLE('',#8780,1.5);
#8780 = AXIS2_PLACEMENT_3D('',#8781,#8782,#8783);
#8781 = CARTESIAN_POINT('',(-6.000128,8.738137,0.));
#8782 = DIRECTION('',(-0.,0.,-1.));
#8783 = DIRECTION('',(-0.,-1.,0.));
#8784 = FACE_BOUND('',#8785,.F.);
#8785 = EDGE_LOOP('',(#8786));
#8786 = ORIENTED_EDGE('',*,*,#8787,.T.);
#8787 = EDGE_CURVE('',#8788,#8788,#8790,.T.);
#8788 = VERTEX_POINT('',#8789);
#8789 = CARTESIAN_POINT('',(4.499872,0.908137,0.));
#8790 = CIRCLE('',#8791,0.51);
#8791 = AXIS2_PLACEMENT_3D('',#8792,#8793,#8794);
#8792 = CARTESIAN_POINT('',(4.499872,1.418137,0.));
#8793 = DIRECTION('',(-0.,0.,-1.));
#8794 = DIRECTION('',(-0.,-1.,0.));
#8795 = FACE_BOUND('',#8796,.F.);
#8796 = EDGE_LOOP('',(#8797));
#8797 = ORIENTED_EDGE('',*,*,#8798,.T.);
#8798 = EDGE_CURVE('',#8799,#8799,#8801,.T.);
#8799 = VERTEX_POINT('',#8800);
#8800 = CARTESIAN_POINT('',(7.499872,0.908137,0.));
#8801 = CIRCLE('',#8802,0.51);
#8802 = AXIS2_PLACEMENT_3D('',#8803,#8804,#8805);
#8803 = CARTESIAN_POINT('',(7.499872,1.418137,0.));
#8804 = DIRECTION('',(-0.,0.,-1.));
#8805 = DIRECTION('',(-0.,-1.,0.));
#8806 = FACE_BOUND('',#8807,.F.);
#8807 = EDGE_LOOP('',(#8808));
#8808 = ORIENTED_EDGE('',*,*,#8809,.T.);
#8809 = EDGE_CURVE('',#8810,#8810,#8812,.T.);
#8810 = VERTEX_POINT('',#8811);
#8811 = CARTESIAN_POINT('',(4.499872,3.908137,0.));
#8812 = CIRCLE('',#8813,0.51);
#8813 = AXIS2_PLACEMENT_3D('',#8814,#8815,#8816);
#8814 = CARTESIAN_POINT('',(4.499872,4.418137,0.));
#8815 = DIRECTION('',(-0.,0.,-1.));
#8816 = DIRECTION('',(-0.,-1.,0.));
#8817 = FACE_BOUND('',#8818,.F.);
#8818 = EDGE_LOOP('',(#8819));
#8819 = ORIENTED_EDGE('',*,*,#8820,.T.);
#8820 = EDGE_CURVE('',#8821,#8821,#8823,.T.);
#8821 = VERTEX_POINT('',#8822);
#8822 = CARTESIAN_POINT('',(7.499872,3.908137,0.));
#8823 = CIRCLE('',#8824,0.51);
#8824 = AXIS2_PLACEMENT_3D('',#8825,#8826,#8827);
#8825 = CARTESIAN_POINT('',(7.499872,4.418137,0.));
#8826 = DIRECTION('',(-0.,0.,-1.));
#8827 = DIRECTION('',(-0.,-1.,0.));
#8828 = FACE_BOUND('',#8829,.F.);
#8829 = EDGE_LOOP('',(#8830));
#8830 = ORIENTED_EDGE('',*,*,#8831,.T.);
#8831 = EDGE_CURVE('',#8832,#8832,#8834,.T.);
#8832 = VERTEX_POINT('',#8833);
#8833 = CARTESIAN_POINT('',(5.999872,7.238137,0.));
#8834 = CIRCLE('',#8835,1.5);
#8835 = AXIS2_PLACEMENT_3D('',#8836,#8837,#8838);
#8836 = CARTESIAN_POINT('',(5.999872,8.738137,0.));
#8837 = DIRECTION('',(-0.,0.,-1.));
#8838 = DIRECTION('',(-0.,-1.,0.));
#8839 = FACE_BOUND('',#8840,.F.);
#8840 = EDGE_LOOP('',(#8841));
#8841 = ORIENTED_EDGE('',*,*,#8842,.T.);
#8842 = EDGE_CURVE('',#8843,#8843,#8845,.T.);
#8843 = VERTEX_POINT('',#8844);
#8844 = CARTESIAN_POINT('',(21.999872,7.903137,0.));
#8845 = CIRCLE('',#8846,1.6);
#8846 = AXIS2_PLACEMENT_3D('',#8847,#8848,#8849);
#8847 = CARTESIAN_POINT('',(21.999872,9.503137,0.));
#8848 = DIRECTION('',(-0.,0.,-1.));
#8849 = DIRECTION('',(-0.,-1.,0.));
#8850 = PLANE('',#8851);
#8851 = AXIS2_PLACEMENT_3D('',#8852,#8853,#8854);
#8852 = CARTESIAN_POINT('',(0.,0.,0.));
#8853 = DIRECTION('',(0.,0.,1.));
#8854 = DIRECTION('',(1.,0.,-0.));
#8855 = ADVANCED_FACE('',(#8856,#8902,#8913,#8949,#8985,#9021,#9057,
    #9093,#9129,#9165,#9201,#9237,#9273,#9309,#9345,#9356,#9367,#9378,
    #9389,#9400,#9411,#9422,#9433,#9444,#9455,#9466,#9477,#9488,#9499,
    #9510),#9521,.T.);
#8856 = FACE_BOUND('',#8857,.T.);
#8857 = EDGE_LOOP('',(#8858,#8859,#8860,#8869,#8877,#8886,#8894,#8901));
#8858 = ORIENTED_EDGE('',*,*,#8094,.F.);
#8859 = ORIENTED_EDGE('',*,*,#8136,.F.);
#8860 = ORIENTED_EDGE('',*,*,#8861,.F.);
#8861 = EDGE_CURVE('',#8862,#8129,#8864,.T.);
#8862 = VERTEX_POINT('',#8863);
#8863 = CARTESIAN_POINT('',(-25.999872,11.496863,1.51));
#8864 = CIRCLE('',#8865,2.000298958217);
#8865 = AXIS2_PLACEMENT_3D('',#8866,#8867,#8868);
#8866 = CARTESIAN_POINT('',(-23.99957304224,11.496820042245,1.51));
#8867 = DIRECTION('',(0.,0.,-1.));
#8868 = DIRECTION('',(-0.999999999769,2.147566753058E-05,0.));
#8869 = ORIENTED_EDGE('',*,*,#8870,.F.);
#8870 = EDGE_CURVE('',#8871,#8862,#8873,.T.);
#8871 = VERTEX_POINT('',#8872);
#8872 = CARTESIAN_POINT('',(-25.999872,-11.502881,1.51));
#8873 = LINE('',#8874,#8875);
#8874 = CARTESIAN_POINT('',(-25.999872,-11.502881,1.51));
#8875 = VECTOR('',#8876,1.);
#8876 = DIRECTION('',(0.,1.,0.));
#8877 = ORIENTED_EDGE('',*,*,#8878,.F.);
#8878 = EDGE_CURVE('',#8879,#8871,#8881,.T.);
#8879 = VERTEX_POINT('',#8880);
#8880 = CARTESIAN_POINT('',(-23.999616,-13.503137,1.51));
#8881 = CIRCLE('',#8882,2.000331396471);
#8882 = AXIS2_PLACEMENT_3D('',#8883,#8884,#8885);
#8883 = CARTESIAN_POINT('',(-23.99954060495,-11.50280560495,1.51));
#8884 = DIRECTION('',(0.,0.,-1.));
#8885 = DIRECTION('',(-3.769127957202E-05,-0.99999999929,-0.));
#8886 = ORIENTED_EDGE('',*,*,#8887,.F.);
#8887 = EDGE_CURVE('',#8888,#8879,#8890,.T.);
#8888 = VERTEX_POINT('',#8889);
#8889 = CARTESIAN_POINT('',(23.999872,-13.496863,1.51));
#8890 = LINE('',#8891,#8892);
#8891 = CARTESIAN_POINT('',(23.999872,-13.496863,1.51));
#8892 = VECTOR('',#8893,1.);
#8893 = DIRECTION('',(-0.999999991457,-1.307097264539E-04,0.));
#8894 = ORIENTED_EDGE('',*,*,#8895,.F.);
#8895 = EDGE_CURVE('',#8159,#8888,#8896,.T.);
#8896 = CIRCLE('',#8897,1.99999850585);
#8897 = AXIS2_PLACEMENT_3D('',#8898,#8899,#8900);
#8898 = CARTESIAN_POINT('',(23.99987349415,-11.49686449415,1.51));
#8899 = DIRECTION('',(0.,0.,-1.));
#8900 = DIRECTION('',(1.,7.470757438357E-07,0.));
#8901 = ORIENTED_EDGE('',*,*,#8158,.F.);
#8902 = FACE_BOUND('',#8903,.T.);
#8903 = EDGE_LOOP('',(#8904));
#8904 = ORIENTED_EDGE('',*,*,#8905,.T.);
#8905 = EDGE_CURVE('',#8906,#8906,#8908,.T.);
#8906 = VERTEX_POINT('',#8907);
#8907 = CARTESIAN_POINT('',(-22.000128,-11.096863,1.51));
#8908 = CIRCLE('',#8909,1.6);
#8909 = AXIS2_PLACEMENT_3D('',#8910,#8911,#8912);
#8910 = CARTESIAN_POINT('',(-22.000128,-9.496863,1.51));
#8911 = DIRECTION('',(-0.,0.,-1.));
#8912 = DIRECTION('',(-0.,-1.,0.));
#8913 = FACE_BOUND('',#8914,.T.);
#8914 = EDGE_LOOP('',(#8915,#8926,#8934,#8943));
#8915 = ORIENTED_EDGE('',*,*,#8916,.T.);
#8916 = EDGE_CURVE('',#8917,#8919,#8921,.T.);
#8917 = VERTEX_POINT('',#8918);
#8918 = CARTESIAN_POINT('',(-15.850128,-6.946863,1.51));
#8919 = VERTEX_POINT('',#8920);
#8920 = CARTESIAN_POINT('',(-16.450128,-6.946863,1.51));
#8921 = CIRCLE('',#8922,0.3);
#8922 = AXIS2_PLACEMENT_3D('',#8923,#8924,#8925);
#8923 = CARTESIAN_POINT('',(-16.150128,-6.946863,1.51));
#8924 = DIRECTION('',(-0.,0.,-1.));
#8925 = DIRECTION('',(-1.,0.,0.));
#8926 = ORIENTED_EDGE('',*,*,#8927,.T.);
#8927 = EDGE_CURVE('',#8919,#8928,#8930,.T.);
#8928 = VERTEX_POINT('',#8929);
#8929 = CARTESIAN_POINT('',(-16.450128,-6.046863,1.51));
#8930 = LINE('',#8931,#8932);
#8931 = CARTESIAN_POINT('',(-16.450128,-3.0234315,1.51));
#8932 = VECTOR('',#8933,1.);
#8933 = DIRECTION('',(-0.,1.,0.));
#8934 = ORIENTED_EDGE('',*,*,#8935,.T.);
#8935 = EDGE_CURVE('',#8928,#8936,#8938,.T.);
#8936 = VERTEX_POINT('',#8937);
#8937 = CARTESIAN_POINT('',(-15.850128,-6.046863,1.51));
#8938 = CIRCLE('',#8939,0.3);
#8939 = AXIS2_PLACEMENT_3D('',#8940,#8941,#8942);
#8940 = CARTESIAN_POINT('',(-16.150128,-6.046863,1.51));
#8941 = DIRECTION('',(0.,-0.,-1.));
#8942 = DIRECTION('',(1.,0.,-0.));
#8943 = ORIENTED_EDGE('',*,*,#8944,.T.);
#8944 = EDGE_CURVE('',#8936,#8917,#8945,.T.);
#8945 = LINE('',#8946,#8947);
#8946 = CARTESIAN_POINT('',(-15.850128,-3.4734315,1.51));
#8947 = VECTOR('',#8948,1.);
#8948 = DIRECTION('',(0.,-1.,0.));
#8949 = FACE_BOUND('',#8950,.T.);
#8950 = EDGE_LOOP('',(#8951,#8962,#8970,#8979));
#8951 = ORIENTED_EDGE('',*,*,#8952,.T.);
#8952 = EDGE_CURVE('',#8953,#8955,#8957,.T.);
#8953 = VERTEX_POINT('',#8954);
#8954 = CARTESIAN_POINT('',(-13.950128,-6.946863,1.51));
#8955 = VERTEX_POINT('',#8956);
#8956 = CARTESIAN_POINT('',(-14.550128,-6.946863,1.51));
#8957 = CIRCLE('',#8958,0.3);
#8958 = AXIS2_PLACEMENT_3D('',#8959,#8960,#8961);
#8959 = CARTESIAN_POINT('',(-14.250128,-6.946863,1.51));
#8960 = DIRECTION('',(-0.,0.,-1.));
#8961 = DIRECTION('',(-1.,0.,0.));
#8962 = ORIENTED_EDGE('',*,*,#8963,.T.);
#8963 = EDGE_CURVE('',#8955,#8964,#8966,.T.);
#8964 = VERTEX_POINT('',#8965);
#8965 = CARTESIAN_POINT('',(-14.550128,-6.046863,1.51));
#8966 = LINE('',#8967,#8968);
#8967 = CARTESIAN_POINT('',(-14.550128,-3.0234315,1.51));
#8968 = VECTOR('',#8969,1.);
#8969 = DIRECTION('',(-0.,1.,0.));
#8970 = ORIENTED_EDGE('',*,*,#8971,.T.);
#8971 = EDGE_CURVE('',#8964,#8972,#8974,.T.);
#8972 = VERTEX_POINT('',#8973);
#8973 = CARTESIAN_POINT('',(-13.950128,-6.046863,1.51));
#8974 = CIRCLE('',#8975,0.3);
#8975 = AXIS2_PLACEMENT_3D('',#8976,#8977,#8978);
#8976 = CARTESIAN_POINT('',(-14.250128,-6.046863,1.51));
#8977 = DIRECTION('',(0.,-0.,-1.));
#8978 = DIRECTION('',(1.,0.,-0.));
#8979 = ORIENTED_EDGE('',*,*,#8980,.T.);
#8980 = EDGE_CURVE('',#8972,#8953,#8981,.T.);
#8981 = LINE('',#8982,#8983);
#8982 = CARTESIAN_POINT('',(-13.950128,-3.4734315,1.51));
#8983 = VECTOR('',#8984,1.);
#8984 = DIRECTION('',(0.,-1.,0.));
#8985 = FACE_BOUND('',#8986,.T.);
#8986 = EDGE_LOOP('',(#8987,#8998,#9006,#9015));
#8987 = ORIENTED_EDGE('',*,*,#8988,.T.);
#8988 = EDGE_CURVE('',#8989,#8991,#8993,.T.);
#8989 = VERTEX_POINT('',#8990);
#8990 = CARTESIAN_POINT('',(-12.700128,-6.946863,1.51));
#8991 = VERTEX_POINT('',#8992);
#8992 = CARTESIAN_POINT('',(-13.300128,-6.946863,1.51));
#8993 = CIRCLE('',#8994,0.3);
#8994 = AXIS2_PLACEMENT_3D('',#8995,#8996,#8997);
#8995 = CARTESIAN_POINT('',(-13.000128,-6.946863,1.51));
#8996 = DIRECTION('',(-0.,0.,-1.));
#8997 = DIRECTION('',(-1.,0.,0.));
#8998 = ORIENTED_EDGE('',*,*,#8999,.T.);
#8999 = EDGE_CURVE('',#8991,#9000,#9002,.T.);
#9000 = VERTEX_POINT('',#9001);
#9001 = CARTESIAN_POINT('',(-13.300128,-6.046863,1.51));
#9002 = LINE('',#9003,#9004);
#9003 = CARTESIAN_POINT('',(-13.300128,-3.0234315,1.51));
#9004 = VECTOR('',#9005,1.);
#9005 = DIRECTION('',(-0.,1.,0.));
#9006 = ORIENTED_EDGE('',*,*,#9007,.T.);
#9007 = EDGE_CURVE('',#9000,#9008,#9010,.T.);
#9008 = VERTEX_POINT('',#9009);
#9009 = CARTESIAN_POINT('',(-12.700128,-6.046863,1.51));
#9010 = CIRCLE('',#9011,0.3);
#9011 = AXIS2_PLACEMENT_3D('',#9012,#9013,#9014);
#9012 = CARTESIAN_POINT('',(-13.000128,-6.046863,1.51));
#9013 = DIRECTION('',(0.,-0.,-1.));
#9014 = DIRECTION('',(1.,0.,-0.));
#9015 = ORIENTED_EDGE('',*,*,#9016,.T.);
#9016 = EDGE_CURVE('',#9008,#8989,#9017,.T.);
#9017 = LINE('',#9018,#9019);
#9018 = CARTESIAN_POINT('',(-12.700128,-3.4734315,1.51));
#9019 = VECTOR('',#9020,1.);
#9020 = DIRECTION('',(0.,-1.,0.));
#9021 = FACE_BOUND('',#9022,.T.);
#9022 = EDGE_LOOP('',(#9023,#9034,#9042,#9051));
#9023 = ORIENTED_EDGE('',*,*,#9024,.T.);
#9024 = EDGE_CURVE('',#9025,#9027,#9029,.T.);
#9025 = VERTEX_POINT('',#9026);
#9026 = CARTESIAN_POINT('',(-10.200128,-6.946863,1.51));
#9027 = VERTEX_POINT('',#9028);
#9028 = CARTESIAN_POINT('',(-10.800128,-6.946863,1.51));
#9029 = CIRCLE('',#9030,0.3);
#9030 = AXIS2_PLACEMENT_3D('',#9031,#9032,#9033);
#9031 = CARTESIAN_POINT('',(-10.500128,-6.946863,1.51));
#9032 = DIRECTION('',(-0.,0.,-1.));
#9033 = DIRECTION('',(-1.,0.,0.));
#9034 = ORIENTED_EDGE('',*,*,#9035,.T.);
#9035 = EDGE_CURVE('',#9027,#9036,#9038,.T.);
#9036 = VERTEX_POINT('',#9037);
#9037 = CARTESIAN_POINT('',(-10.800128,-6.046863,1.51));
#9038 = LINE('',#9039,#9040);
#9039 = CARTESIAN_POINT('',(-10.800128,-3.0234315,1.51));
#9040 = VECTOR('',#9041,1.);
#9041 = DIRECTION('',(-0.,1.,0.));
#9042 = ORIENTED_EDGE('',*,*,#9043,.T.);
#9043 = EDGE_CURVE('',#9036,#9044,#9046,.T.);
#9044 = VERTEX_POINT('',#9045);
#9045 = CARTESIAN_POINT('',(-10.200128,-6.046863,1.51));
#9046 = CIRCLE('',#9047,0.3);
#9047 = AXIS2_PLACEMENT_3D('',#9048,#9049,#9050);
#9048 = CARTESIAN_POINT('',(-10.500128,-6.046863,1.51));
#9049 = DIRECTION('',(0.,-0.,-1.));
#9050 = DIRECTION('',(1.,0.,-0.));
#9051 = ORIENTED_EDGE('',*,*,#9052,.T.);
#9052 = EDGE_CURVE('',#9044,#9025,#9053,.T.);
#9053 = LINE('',#9054,#9055);
#9054 = CARTESIAN_POINT('',(-10.200128,-3.4734315,1.51));
#9055 = VECTOR('',#9056,1.);
#9056 = DIRECTION('',(0.,-1.,0.));
#9057 = FACE_BOUND('',#9058,.T.);
#9058 = EDGE_LOOP('',(#9059,#9070,#9078,#9087));
#9059 = ORIENTED_EDGE('',*,*,#9060,.T.);
#9060 = EDGE_CURVE('',#9061,#9063,#9065,.T.);
#9061 = VERTEX_POINT('',#9062);
#9062 = CARTESIAN_POINT('',(-0.850128,-6.946863,1.51));
#9063 = VERTEX_POINT('',#9064);
#9064 = CARTESIAN_POINT('',(-1.450128,-6.946863,1.51));
#9065 = CIRCLE('',#9066,0.3);
#9066 = AXIS2_PLACEMENT_3D('',#9067,#9068,#9069);
#9067 = CARTESIAN_POINT('',(-1.150128,-6.946863,1.51));
#9068 = DIRECTION('',(-0.,0.,-1.));
#9069 = DIRECTION('',(-1.,2.960594732334E-15,0.));
#9070 = ORIENTED_EDGE('',*,*,#9071,.T.);
#9071 = EDGE_CURVE('',#9063,#9072,#9074,.T.);
#9072 = VERTEX_POINT('',#9073);
#9073 = CARTESIAN_POINT('',(-1.450128,-6.046863,1.51));
#9074 = LINE('',#9075,#9076);
#9075 = CARTESIAN_POINT('',(-1.450128,-3.0234315,1.51));
#9076 = VECTOR('',#9077,1.);
#9077 = DIRECTION('',(-0.,1.,0.));
#9078 = ORIENTED_EDGE('',*,*,#9079,.T.);
#9079 = EDGE_CURVE('',#9072,#9080,#9082,.T.);
#9080 = VERTEX_POINT('',#9081);
#9081 = CARTESIAN_POINT('',(-0.850128,-6.046863,1.51));
#9082 = CIRCLE('',#9083,0.3);
#9083 = AXIS2_PLACEMENT_3D('',#9084,#9085,#9086);
#9084 = CARTESIAN_POINT('',(-1.150128,-6.046863,1.51));
#9085 = DIRECTION('',(0.,-0.,-1.));
#9086 = DIRECTION('',(1.,0.,-0.));
#9087 = ORIENTED_EDGE('',*,*,#9088,.T.);
#9088 = EDGE_CURVE('',#9080,#9061,#9089,.T.);
#9089 = LINE('',#9090,#9091);
#9090 = CARTESIAN_POINT('',(-0.850128,-3.4734315,1.51));
#9091 = VECTOR('',#9092,1.);
#9092 = DIRECTION('',(0.,-1.,0.));
#9093 = FACE_BOUND('',#9094,.T.);
#9094 = EDGE_LOOP('',(#9095,#9106,#9114,#9123));
#9095 = ORIENTED_EDGE('',*,*,#9096,.T.);
#9096 = EDGE_CURVE('',#9097,#9099,#9101,.T.);
#9097 = VERTEX_POINT('',#9098);
#9098 = CARTESIAN_POINT('',(1.049872,-6.946863,1.51));
#9099 = VERTEX_POINT('',#9100);
#9100 = CARTESIAN_POINT('',(0.449872,-6.946863,1.51));
#9101 = CIRCLE('',#9102,0.3);
#9102 = AXIS2_PLACEMENT_3D('',#9103,#9104,#9105);
#9103 = CARTESIAN_POINT('',(0.749872,-6.946863,1.51));
#9104 = DIRECTION('',(-0.,0.,-1.));
#9105 = DIRECTION('',(-1.,2.960594732334E-15,0.));
#9106 = ORIENTED_EDGE('',*,*,#9107,.T.);
#9107 = EDGE_CURVE('',#9099,#9108,#9110,.T.);
#9108 = VERTEX_POINT('',#9109);
#9109 = CARTESIAN_POINT('',(0.449872,-6.046863,1.51));
#9110 = LINE('',#9111,#9112);
#9111 = CARTESIAN_POINT('',(0.449872,-3.0234315,1.51));
#9112 = VECTOR('',#9113,1.);
#9113 = DIRECTION('',(-0.,1.,0.));
#9114 = ORIENTED_EDGE('',*,*,#9115,.T.);
#9115 = EDGE_CURVE('',#9108,#9116,#9118,.T.);
#9116 = VERTEX_POINT('',#9117);
#9117 = CARTESIAN_POINT('',(1.049872,-6.046863,1.51));
#9118 = CIRCLE('',#9119,0.3);
#9119 = AXIS2_PLACEMENT_3D('',#9120,#9121,#9122);
#9120 = CARTESIAN_POINT('',(0.749872,-6.046863,1.51));
#9121 = DIRECTION('',(0.,-0.,-1.));
#9122 = DIRECTION('',(1.,0.,-0.));
#9123 = ORIENTED_EDGE('',*,*,#9124,.T.);
#9124 = EDGE_CURVE('',#9116,#9097,#9125,.T.);
#9125 = LINE('',#9126,#9127);
#9126 = CARTESIAN_POINT('',(1.049872,-3.4734315,1.51));
#9127 = VECTOR('',#9128,1.);
#9128 = DIRECTION('',(0.,-1.,0.));
#9129 = FACE_BOUND('',#9130,.T.);
#9130 = EDGE_LOOP('',(#9131,#9142,#9150,#9159));
#9131 = ORIENTED_EDGE('',*,*,#9132,.T.);
#9132 = EDGE_CURVE('',#9133,#9135,#9137,.T.);
#9133 = VERTEX_POINT('',#9134);
#9134 = CARTESIAN_POINT('',(2.299872,-6.946863,1.51));
#9135 = VERTEX_POINT('',#9136);
#9136 = CARTESIAN_POINT('',(1.699872,-6.946863,1.51));
#9137 = CIRCLE('',#9138,0.3);
#9138 = AXIS2_PLACEMENT_3D('',#9139,#9140,#9141);
#9139 = CARTESIAN_POINT('',(1.999872,-6.946863,1.51));
#9140 = DIRECTION('',(-0.,0.,-1.));
#9141 = DIRECTION('',(-1.,2.960594732334E-15,0.));
#9142 = ORIENTED_EDGE('',*,*,#9143,.T.);
#9143 = EDGE_CURVE('',#9135,#9144,#9146,.T.);
#9144 = VERTEX_POINT('',#9145);
#9145 = CARTESIAN_POINT('',(1.699872,-6.046863,1.51));
#9146 = LINE('',#9147,#9148);
#9147 = CARTESIAN_POINT('',(1.699872,-3.0234315,1.51));
#9148 = VECTOR('',#9149,1.);
#9149 = DIRECTION('',(-0.,1.,0.));
#9150 = ORIENTED_EDGE('',*,*,#9151,.T.);
#9151 = EDGE_CURVE('',#9144,#9152,#9154,.T.);
#9152 = VERTEX_POINT('',#9153);
#9153 = CARTESIAN_POINT('',(2.299872,-6.046863,1.51));
#9154 = CIRCLE('',#9155,0.3);
#9155 = AXIS2_PLACEMENT_3D('',#9156,#9157,#9158);
#9156 = CARTESIAN_POINT('',(1.999872,-6.046863,1.51));
#9157 = DIRECTION('',(0.,-0.,-1.));
#9158 = DIRECTION('',(1.,0.,-0.));
#9159 = ORIENTED_EDGE('',*,*,#9160,.T.);
#9160 = EDGE_CURVE('',#9152,#9133,#9161,.T.);
#9161 = LINE('',#9162,#9163);
#9162 = CARTESIAN_POINT('',(2.299872,-3.4734315,1.51));
#9163 = VECTOR('',#9164,1.);
#9164 = DIRECTION('',(0.,-1.,0.));
#9165 = FACE_BOUND('',#9166,.T.);
#9166 = EDGE_LOOP('',(#9167,#9178,#9186,#9195));
#9167 = ORIENTED_EDGE('',*,*,#9168,.T.);
#9168 = EDGE_CURVE('',#9169,#9171,#9173,.T.);
#9169 = VERTEX_POINT('',#9170);
#9170 = CARTESIAN_POINT('',(4.799872,-6.946863,1.51));
#9171 = VERTEX_POINT('',#9172);
#9172 = CARTESIAN_POINT('',(4.199872,-6.946863,1.51));
#9173 = CIRCLE('',#9174,0.3);
#9174 = AXIS2_PLACEMENT_3D('',#9175,#9176,#9177);
#9175 = CARTESIAN_POINT('',(4.499872,-6.946863,1.51));
#9176 = DIRECTION('',(-0.,0.,-1.));
#9177 = DIRECTION('',(-1.,0.,0.));
#9178 = ORIENTED_EDGE('',*,*,#9179,.T.);
#9179 = EDGE_CURVE('',#9171,#9180,#9182,.T.);
#9180 = VERTEX_POINT('',#9181);
#9181 = CARTESIAN_POINT('',(4.199872,-6.046863,1.51));
#9182 = LINE('',#9183,#9184);
#9183 = CARTESIAN_POINT('',(4.199872,-3.0234315,1.51));
#9184 = VECTOR('',#9185,1.);
#9185 = DIRECTION('',(-0.,1.,0.));
#9186 = ORIENTED_EDGE('',*,*,#9187,.T.);
#9187 = EDGE_CURVE('',#9180,#9188,#9190,.T.);
#9188 = VERTEX_POINT('',#9189);
#9189 = CARTESIAN_POINT('',(4.799872,-6.046863,1.51));
#9190 = CIRCLE('',#9191,0.3);
#9191 = AXIS2_PLACEMENT_3D('',#9192,#9193,#9194);
#9192 = CARTESIAN_POINT('',(4.499872,-6.046863,1.51));
#9193 = DIRECTION('',(0.,-0.,-1.));
#9194 = DIRECTION('',(1.,0.,-0.));
#9195 = ORIENTED_EDGE('',*,*,#9196,.T.);
#9196 = EDGE_CURVE('',#9188,#9169,#9197,.T.);
#9197 = LINE('',#9198,#9199);
#9198 = CARTESIAN_POINT('',(4.799872,-3.4734315,1.51));
#9199 = VECTOR('',#9200,1.);
#9200 = DIRECTION('',(0.,-1.,0.));
#9201 = FACE_BOUND('',#9202,.T.);
#9202 = EDGE_LOOP('',(#9203,#9214,#9222,#9231));
#9203 = ORIENTED_EDGE('',*,*,#9204,.T.);
#9204 = EDGE_CURVE('',#9205,#9207,#9209,.T.);
#9205 = VERTEX_POINT('',#9206);
#9206 = CARTESIAN_POINT('',(14.149872,-6.946863,1.51));
#9207 = VERTEX_POINT('',#9208);
#9208 = CARTESIAN_POINT('',(13.549872,-6.946863,1.51));
#9209 = CIRCLE('',#9210,0.3);
#9210 = AXIS2_PLACEMENT_3D('',#9211,#9212,#9213);
#9211 = CARTESIAN_POINT('',(13.849872,-6.946863,1.51));
#9212 = DIRECTION('',(-0.,0.,-1.));
#9213 = DIRECTION('',(-1.,0.,0.));
#9214 = ORIENTED_EDGE('',*,*,#9215,.T.);
#9215 = EDGE_CURVE('',#9207,#9216,#9218,.T.);
#9216 = VERTEX_POINT('',#9217);
#9217 = CARTESIAN_POINT('',(13.549872,-6.046863,1.51));
#9218 = LINE('',#9219,#9220);
#9219 = CARTESIAN_POINT('',(13.549872,-3.0234315,1.51));
#9220 = VECTOR('',#9221,1.);
#9221 = DIRECTION('',(-0.,1.,0.));
#9222 = ORIENTED_EDGE('',*,*,#9223,.T.);
#9223 = EDGE_CURVE('',#9216,#9224,#9226,.T.);
#9224 = VERTEX_POINT('',#9225);
#9225 = CARTESIAN_POINT('',(14.149872,-6.046863,1.51));
#9226 = CIRCLE('',#9227,0.3);
#9227 = AXIS2_PLACEMENT_3D('',#9228,#9229,#9230);
#9228 = CARTESIAN_POINT('',(13.849872,-6.046863,1.51));
#9229 = DIRECTION('',(0.,-0.,-1.));
#9230 = DIRECTION('',(1.,0.,-0.));
#9231 = ORIENTED_EDGE('',*,*,#9232,.T.);
#9232 = EDGE_CURVE('',#9224,#9205,#9233,.T.);
#9233 = LINE('',#9234,#9235);
#9234 = CARTESIAN_POINT('',(14.149872,-3.4734315,1.51));
#9235 = VECTOR('',#9236,1.);
#9236 = DIRECTION('',(0.,-1.,0.));
#9237 = FACE_BOUND('',#9238,.T.);
#9238 = EDGE_LOOP('',(#9239,#9250,#9258,#9267));
#9239 = ORIENTED_EDGE('',*,*,#9240,.T.);
#9240 = EDGE_CURVE('',#9241,#9243,#9245,.T.);
#9241 = VERTEX_POINT('',#9242);
#9242 = CARTESIAN_POINT('',(16.049872,-6.946863,1.51));
#9243 = VERTEX_POINT('',#9244);
#9244 = CARTESIAN_POINT('',(15.449872,-6.946863,1.51));
#9245 = CIRCLE('',#9246,0.3);
#9246 = AXIS2_PLACEMENT_3D('',#9247,#9248,#9249);
#9247 = CARTESIAN_POINT('',(15.749872,-6.946863,1.51));
#9248 = DIRECTION('',(-0.,0.,-1.));
#9249 = DIRECTION('',(-1.,0.,0.));
#9250 = ORIENTED_EDGE('',*,*,#9251,.T.);
#9251 = EDGE_CURVE('',#9243,#9252,#9254,.T.);
#9252 = VERTEX_POINT('',#9253);
#9253 = CARTESIAN_POINT('',(15.449872,-6.046863,1.51));
#9254 = LINE('',#9255,#9256);
#9255 = CARTESIAN_POINT('',(15.449872,-3.0234315,1.51));
#9256 = VECTOR('',#9257,1.);
#9257 = DIRECTION('',(-0.,1.,0.));
#9258 = ORIENTED_EDGE('',*,*,#9259,.T.);
#9259 = EDGE_CURVE('',#9252,#9260,#9262,.T.);
#9260 = VERTEX_POINT('',#9261);
#9261 = CARTESIAN_POINT('',(16.049872,-6.046863,1.51));
#9262 = CIRCLE('',#9263,0.3);
#9263 = AXIS2_PLACEMENT_3D('',#9264,#9265,#9266);
#9264 = CARTESIAN_POINT('',(15.749872,-6.046863,1.51));
#9265 = DIRECTION('',(0.,-0.,-1.));
#9266 = DIRECTION('',(1.,0.,-0.));
#9267 = ORIENTED_EDGE('',*,*,#9268,.T.);
#9268 = EDGE_CURVE('',#9260,#9241,#9269,.T.);
#9269 = LINE('',#9270,#9271);
#9270 = CARTESIAN_POINT('',(16.049872,-3.4734315,1.51));
#9271 = VECTOR('',#9272,1.);
#9272 = DIRECTION('',(0.,-1.,0.));
#9273 = FACE_BOUND('',#9274,.T.);
#9274 = EDGE_LOOP('',(#9275,#9286,#9294,#9303));
#9275 = ORIENTED_EDGE('',*,*,#9276,.T.);
#9276 = EDGE_CURVE('',#9277,#9279,#9281,.T.);
#9277 = VERTEX_POINT('',#9278);
#9278 = CARTESIAN_POINT('',(17.299872,-6.946863,1.51));
#9279 = VERTEX_POINT('',#9280);
#9280 = CARTESIAN_POINT('',(16.699872,-6.946863,1.51));
#9281 = CIRCLE('',#9282,0.3);
#9282 = AXIS2_PLACEMENT_3D('',#9283,#9284,#9285);
#9283 = CARTESIAN_POINT('',(16.999872,-6.946863,1.51));
#9284 = DIRECTION('',(-0.,0.,-1.));
#9285 = DIRECTION('',(-1.,-5.921189464667E-15,0.));
#9286 = ORIENTED_EDGE('',*,*,#9287,.T.);
#9287 = EDGE_CURVE('',#9279,#9288,#9290,.T.);
#9288 = VERTEX_POINT('',#9289);
#9289 = CARTESIAN_POINT('',(16.699872,-6.046863,1.51));
#9290 = LINE('',#9291,#9292);
#9291 = CARTESIAN_POINT('',(16.699872,-3.0234315,1.51));
#9292 = VECTOR('',#9293,1.);
#9293 = DIRECTION('',(-0.,1.,0.));
#9294 = ORIENTED_EDGE('',*,*,#9295,.T.);
#9295 = EDGE_CURVE('',#9288,#9296,#9298,.T.);
#9296 = VERTEX_POINT('',#9297);
#9297 = CARTESIAN_POINT('',(17.299872,-6.046863,1.51));
#9298 = CIRCLE('',#9299,0.3);
#9299 = AXIS2_PLACEMENT_3D('',#9300,#9301,#9302);
#9300 = CARTESIAN_POINT('',(16.999872,-6.046863,1.51));
#9301 = DIRECTION('',(0.,-0.,-1.));
#9302 = DIRECTION('',(1.,5.921189464667E-15,-0.));
#9303 = ORIENTED_EDGE('',*,*,#9304,.T.);
#9304 = EDGE_CURVE('',#9296,#9277,#9305,.T.);
#9305 = LINE('',#9306,#9307);
#9306 = CARTESIAN_POINT('',(17.299872,-3.4734315,1.51));
#9307 = VECTOR('',#9308,1.);
#9308 = DIRECTION('',(0.,-1.,0.));
#9309 = FACE_BOUND('',#9310,.T.);
#9310 = EDGE_LOOP('',(#9311,#9322,#9330,#9339));
#9311 = ORIENTED_EDGE('',*,*,#9312,.T.);
#9312 = EDGE_CURVE('',#9313,#9315,#9317,.T.);
#9313 = VERTEX_POINT('',#9314);
#9314 = CARTESIAN_POINT('',(19.799872,-6.946863,1.51));
#9315 = VERTEX_POINT('',#9316);
#9316 = CARTESIAN_POINT('',(19.199872,-6.946863,1.51));
#9317 = CIRCLE('',#9318,0.3);
#9318 = AXIS2_PLACEMENT_3D('',#9319,#9320,#9321);
#9319 = CARTESIAN_POINT('',(19.499872,-6.946863,1.51));
#9320 = DIRECTION('',(-0.,0.,-1.));
#9321 = DIRECTION('',(-1.,-5.921189464667E-15,0.));
#9322 = ORIENTED_EDGE('',*,*,#9323,.T.);
#9323 = EDGE_CURVE('',#9315,#9324,#9326,.T.);
#9324 = VERTEX_POINT('',#9325);
#9325 = CARTESIAN_POINT('',(19.199872,-6.046863,1.51));
#9326 = LINE('',#9327,#9328);
#9327 = CARTESIAN_POINT('',(19.199872,-3.0234315,1.51));
#9328 = VECTOR('',#9329,1.);
#9329 = DIRECTION('',(-0.,1.,0.));
#9330 = ORIENTED_EDGE('',*,*,#9331,.T.);
#9331 = EDGE_CURVE('',#9324,#9332,#9334,.T.);
#9332 = VERTEX_POINT('',#9333);
#9333 = CARTESIAN_POINT('',(19.799872,-6.046863,1.51));
#9334 = CIRCLE('',#9335,0.3);
#9335 = AXIS2_PLACEMENT_3D('',#9336,#9337,#9338);
#9336 = CARTESIAN_POINT('',(19.499872,-6.046863,1.51));
#9337 = DIRECTION('',(0.,-0.,-1.));
#9338 = DIRECTION('',(1.,5.921189464667E-15,-0.));
#9339 = ORIENTED_EDGE('',*,*,#9340,.T.);
#9340 = EDGE_CURVE('',#9332,#9313,#9341,.T.);
#9341 = LINE('',#9342,#9343);
#9342 = CARTESIAN_POINT('',(19.799872,-3.4734315,1.51));
#9343 = VECTOR('',#9344,1.);
#9344 = DIRECTION('',(0.,-1.,0.));
#9345 = FACE_BOUND('',#9346,.T.);
#9346 = EDGE_LOOP('',(#9347));
#9347 = ORIENTED_EDGE('',*,*,#9348,.T.);
#9348 = EDGE_CURVE('',#9349,#9349,#9351,.T.);
#9349 = VERTEX_POINT('',#9350);
#9350 = CARTESIAN_POINT('',(-19.500128,0.908137,1.51));
#9351 = CIRCLE('',#9352,0.51);
#9352 = AXIS2_PLACEMENT_3D('',#9353,#9354,#9355);
#9353 = CARTESIAN_POINT('',(-19.500128,1.418137,1.51));
#9354 = DIRECTION('',(-0.,0.,-1.));
#9355 = DIRECTION('',(-0.,-1.,0.));
#9356 = FACE_BOUND('',#9357,.T.);
#9357 = EDGE_LOOP('',(#9358));
#9358 = ORIENTED_EDGE('',*,*,#9359,.T.);
#9359 = EDGE_CURVE('',#9360,#9360,#9362,.T.);
#9360 = VERTEX_POINT('',#9361);
#9361 = CARTESIAN_POINT('',(-16.500128,0.908137,1.51));
#9362 = CIRCLE('',#9363,0.51);
#9363 = AXIS2_PLACEMENT_3D('',#9364,#9365,#9366);
#9364 = CARTESIAN_POINT('',(-16.500128,1.418137,1.51));
#9365 = DIRECTION('',(-0.,0.,-1.));
#9366 = DIRECTION('',(-0.,-1.,0.));
#9367 = FACE_BOUND('',#9368,.T.);
#9368 = EDGE_LOOP('',(#9369));
#9369 = ORIENTED_EDGE('',*,*,#9370,.T.);
#9370 = EDGE_CURVE('',#9371,#9371,#9373,.T.);
#9371 = VERTEX_POINT('',#9372);
#9372 = CARTESIAN_POINT('',(-19.500128,3.908137,1.51));
#9373 = CIRCLE('',#9374,0.51);
#9374 = AXIS2_PLACEMENT_3D('',#9375,#9376,#9377);
#9375 = CARTESIAN_POINT('',(-19.500128,4.418137,1.51));
#9376 = DIRECTION('',(-0.,0.,-1.));
#9377 = DIRECTION('',(-0.,-1.,0.));
#9378 = FACE_BOUND('',#9379,.T.);
#9379 = EDGE_LOOP('',(#9380));
#9380 = ORIENTED_EDGE('',*,*,#9381,.T.);
#9381 = EDGE_CURVE('',#9382,#9382,#9384,.T.);
#9382 = VERTEX_POINT('',#9383);
#9383 = CARTESIAN_POINT('',(-16.500128,3.908137,1.51));
#9384 = CIRCLE('',#9385,0.51);
#9385 = AXIS2_PLACEMENT_3D('',#9386,#9387,#9388);
#9386 = CARTESIAN_POINT('',(-16.500128,4.418137,1.51));
#9387 = DIRECTION('',(-0.,0.,-1.));
#9388 = DIRECTION('',(-0.,-1.,0.));
#9389 = FACE_BOUND('',#9390,.T.);
#9390 = EDGE_LOOP('',(#9391));
#9391 = ORIENTED_EDGE('',*,*,#9392,.T.);
#9392 = EDGE_CURVE('',#9393,#9393,#9395,.T.);
#9393 = VERTEX_POINT('',#9394);
#9394 = CARTESIAN_POINT('',(-7.500128,0.908137,1.51));
#9395 = CIRCLE('',#9396,0.51);
#9396 = AXIS2_PLACEMENT_3D('',#9397,#9398,#9399);
#9397 = CARTESIAN_POINT('',(-7.500128,1.418137,1.51));
#9398 = DIRECTION('',(-0.,0.,-1.));
#9399 = DIRECTION('',(-0.,-1.,0.));
#9400 = FACE_BOUND('',#9401,.T.);
#9401 = EDGE_LOOP('',(#9402));
#9402 = ORIENTED_EDGE('',*,*,#9403,.T.);
#9403 = EDGE_CURVE('',#9404,#9404,#9406,.T.);
#9404 = VERTEX_POINT('',#9405);
#9405 = CARTESIAN_POINT('',(-4.500128,0.908137,1.51));
#9406 = CIRCLE('',#9407,0.51);
#9407 = AXIS2_PLACEMENT_3D('',#9408,#9409,#9410);
#9408 = CARTESIAN_POINT('',(-4.500128,1.418137,1.51));
#9409 = DIRECTION('',(-0.,0.,-1.));
#9410 = DIRECTION('',(-0.,-1.,0.));
#9411 = FACE_BOUND('',#9412,.T.);
#9412 = EDGE_LOOP('',(#9413));
#9413 = ORIENTED_EDGE('',*,*,#9414,.T.);
#9414 = EDGE_CURVE('',#9415,#9415,#9417,.T.);
#9415 = VERTEX_POINT('',#9416);
#9416 = CARTESIAN_POINT('',(-7.500128,3.908137,1.51));
#9417 = CIRCLE('',#9418,0.51);
#9418 = AXIS2_PLACEMENT_3D('',#9419,#9420,#9421);
#9419 = CARTESIAN_POINT('',(-7.500128,4.418137,1.51));
#9420 = DIRECTION('',(-0.,0.,-1.));
#9421 = DIRECTION('',(-0.,-1.,0.));
#9422 = FACE_BOUND('',#9423,.T.);
#9423 = EDGE_LOOP('',(#9424));
#9424 = ORIENTED_EDGE('',*,*,#9425,.T.);
#9425 = EDGE_CURVE('',#9426,#9426,#9428,.T.);
#9426 = VERTEX_POINT('',#9427);
#9427 = CARTESIAN_POINT('',(-4.500128,3.908137,1.51));
#9428 = CIRCLE('',#9429,0.51);
#9429 = AXIS2_PLACEMENT_3D('',#9430,#9431,#9432);
#9430 = CARTESIAN_POINT('',(-4.500128,4.418137,1.51));
#9431 = DIRECTION('',(-0.,0.,-1.));
#9432 = DIRECTION('',(-0.,-1.,0.));
#9433 = FACE_BOUND('',#9434,.T.);
#9434 = EDGE_LOOP('',(#9435));
#9435 = ORIENTED_EDGE('',*,*,#9436,.T.);
#9436 = EDGE_CURVE('',#9437,#9437,#9439,.T.);
#9437 = VERTEX_POINT('',#9438);
#9438 = CARTESIAN_POINT('',(-18.000128,7.238137,1.51));
#9439 = CIRCLE('',#9440,1.5);
#9440 = AXIS2_PLACEMENT_3D('',#9441,#9442,#9443);
#9441 = CARTESIAN_POINT('',(-18.000128,8.738137,1.51));
#9442 = DIRECTION('',(-0.,0.,-1.));
#9443 = DIRECTION('',(-0.,-1.,0.));
#9444 = FACE_BOUND('',#9445,.T.);
#9445 = EDGE_LOOP('',(#9446));
#9446 = ORIENTED_EDGE('',*,*,#9447,.T.);
#9447 = EDGE_CURVE('',#9448,#9448,#9450,.T.);
#9448 = VERTEX_POINT('',#9449);
#9449 = CARTESIAN_POINT('',(-6.000128,7.238137,1.51));
#9450 = CIRCLE('',#9451,1.5);
#9451 = AXIS2_PLACEMENT_3D('',#9452,#9453,#9454);
#9452 = CARTESIAN_POINT('',(-6.000128,8.738137,1.51));
#9453 = DIRECTION('',(-0.,0.,-1.));
#9454 = DIRECTION('',(-0.,-1.,0.));
#9455 = FACE_BOUND('',#9456,.T.);
#9456 = EDGE_LOOP('',(#9457));
#9457 = ORIENTED_EDGE('',*,*,#9458,.T.);
#9458 = EDGE_CURVE('',#9459,#9459,#9461,.T.);
#9459 = VERTEX_POINT('',#9460);
#9460 = CARTESIAN_POINT('',(4.499872,0.908137,1.51));
#9461 = CIRCLE('',#9462,0.51);
#9462 = AXIS2_PLACEMENT_3D('',#9463,#9464,#9465);
#9463 = CARTESIAN_POINT('',(4.499872,1.418137,1.51));
#9464 = DIRECTION('',(-0.,0.,-1.));
#9465 = DIRECTION('',(-0.,-1.,0.));
#9466 = FACE_BOUND('',#9467,.T.);
#9467 = EDGE_LOOP('',(#9468));
#9468 = ORIENTED_EDGE('',*,*,#9469,.T.);
#9469 = EDGE_CURVE('',#9470,#9470,#9472,.T.);
#9470 = VERTEX_POINT('',#9471);
#9471 = CARTESIAN_POINT('',(7.499872,0.908137,1.51));
#9472 = CIRCLE('',#9473,0.51);
#9473 = AXIS2_PLACEMENT_3D('',#9474,#9475,#9476);
#9474 = CARTESIAN_POINT('',(7.499872,1.418137,1.51));
#9475 = DIRECTION('',(-0.,0.,-1.));
#9476 = DIRECTION('',(-0.,-1.,0.));
#9477 = FACE_BOUND('',#9478,.T.);
#9478 = EDGE_LOOP('',(#9479));
#9479 = ORIENTED_EDGE('',*,*,#9480,.T.);
#9480 = EDGE_CURVE('',#9481,#9481,#9483,.T.);
#9481 = VERTEX_POINT('',#9482);
#9482 = CARTESIAN_POINT('',(4.499872,3.908137,1.51));
#9483 = CIRCLE('',#9484,0.51);
#9484 = AXIS2_PLACEMENT_3D('',#9485,#9486,#9487);
#9485 = CARTESIAN_POINT('',(4.499872,4.418137,1.51));
#9486 = DIRECTION('',(-0.,0.,-1.));
#9487 = DIRECTION('',(-0.,-1.,0.));
#9488 = FACE_BOUND('',#9489,.T.);
#9489 = EDGE_LOOP('',(#9490));
#9490 = ORIENTED_EDGE('',*,*,#9491,.T.);
#9491 = EDGE_CURVE('',#9492,#9492,#9494,.T.);
#9492 = VERTEX_POINT('',#9493);
#9493 = CARTESIAN_POINT('',(7.499872,3.908137,1.51));
#9494 = CIRCLE('',#9495,0.51);
#9495 = AXIS2_PLACEMENT_3D('',#9496,#9497,#9498);
#9496 = CARTESIAN_POINT('',(7.499872,4.418137,1.51));
#9497 = DIRECTION('',(-0.,0.,-1.));
#9498 = DIRECTION('',(-0.,-1.,0.));
#9499 = FACE_BOUND('',#9500,.T.);
#9500 = EDGE_LOOP('',(#9501));
#9501 = ORIENTED_EDGE('',*,*,#9502,.T.);
#9502 = EDGE_CURVE('',#9503,#9503,#9505,.T.);
#9503 = VERTEX_POINT('',#9504);
#9504 = CARTESIAN_POINT('',(5.999872,7.238137,1.51));
#9505 = CIRCLE('',#9506,1.5);
#9506 = AXIS2_PLACEMENT_3D('',#9507,#9508,#9509);
#9507 = CARTESIAN_POINT('',(5.999872,8.738137,1.51));
#9508 = DIRECTION('',(-0.,0.,-1.));
#9509 = DIRECTION('',(-0.,-1.,0.));
#9510 = FACE_BOUND('',#9511,.T.);
#9511 = EDGE_LOOP('',(#9512));
#9512 = ORIENTED_EDGE('',*,*,#9513,.T.);
#9513 = EDGE_CURVE('',#9514,#9514,#9516,.T.);
#9514 = VERTEX_POINT('',#9515);
#9515 = CARTESIAN_POINT('',(21.999872,7.903137,1.51));
#9516 = CIRCLE('',#9517,1.6);
#9517 = AXIS2_PLACEMENT_3D('',#9518,#9519,#9520);
#9518 = CARTESIAN_POINT('',(21.999872,9.503137,1.51));
#9519 = DIRECTION('',(-0.,0.,-1.));
#9520 = DIRECTION('',(-0.,-1.,0.));
#9521 = PLANE('',#9522);
#9522 = AXIS2_PLACEMENT_3D('',#9523,#9524,#9525);
#9523 = CARTESIAN_POINT('',(0.,0.,1.51));
#9524 = DIRECTION('',(0.,0.,1.));
#9525 = DIRECTION('',(1.,0.,-0.));
#9526 = ADVANCED_FACE('',(#9527),#9538,.T.);
#9527 = FACE_BOUND('',#9528,.T.);
#9528 = EDGE_LOOP('',(#9529,#9535,#9536,#9537));
#9529 = ORIENTED_EDGE('',*,*,#9530,.T.);
#9530 = EDGE_CURVE('',#8191,#8862,#9531,.T.);
#9531 = LINE('',#9532,#9533);
#9532 = CARTESIAN_POINT('',(-25.999872,11.496863,0.));
#9533 = VECTOR('',#9534,1.);
#9534 = DIRECTION('',(0.,0.,1.));
#9535 = ORIENTED_EDGE('',*,*,#8861,.T.);
#9536 = ORIENTED_EDGE('',*,*,#8126,.F.);
#9537 = ORIENTED_EDGE('',*,*,#8190,.F.);
#9538 = CYLINDRICAL_SURFACE('',#9539,2.000298958217);
#9539 = AXIS2_PLACEMENT_3D('',#9540,#9541,#9542);
#9540 = CARTESIAN_POINT('',(-23.99957304224,11.496820042245,0.));
#9541 = DIRECTION('',(0.,0.,-1.));
#9542 = DIRECTION('',(-0.999999999769,2.147566753058E-05,0.));
#9543 = ADVANCED_FACE('',(#9544),#9555,.T.);
#9544 = FACE_BOUND('',#9545,.T.);
#9545 = EDGE_LOOP('',(#9546,#9547,#9548,#9554));
#9546 = ORIENTED_EDGE('',*,*,#8166,.T.);
#9547 = ORIENTED_EDGE('',*,*,#8895,.T.);
#9548 = ORIENTED_EDGE('',*,*,#9549,.F.);
#9549 = EDGE_CURVE('',#8217,#8888,#9550,.T.);
#9550 = LINE('',#9551,#9552);
#9551 = CARTESIAN_POINT('',(23.999872,-13.496863,0.));
#9552 = VECTOR('',#9553,1.);
#9553 = DIRECTION('',(0.,0.,1.));
#9554 = ORIENTED_EDGE('',*,*,#8224,.F.);
#9555 = CYLINDRICAL_SURFACE('',#9556,1.99999850585);
#9556 = AXIS2_PLACEMENT_3D('',#9557,#9558,#9559);
#9557 = CARTESIAN_POINT('',(23.99987349415,-11.49686449415,0.));
#9558 = DIRECTION('',(0.,0.,-1.));
#9559 = DIRECTION('',(1.,7.470757438357E-07,0.));
#9560 = ADVANCED_FACE('',(#9561),#9572,.T.);
#9561 = FACE_BOUND('',#9562,.T.);
#9562 = EDGE_LOOP('',(#9563,#9569,#9570,#9571));
#9563 = ORIENTED_EDGE('',*,*,#9564,.T.);
#9564 = EDGE_CURVE('',#8200,#8871,#9565,.T.);
#9565 = LINE('',#9566,#9567);
#9566 = CARTESIAN_POINT('',(-25.999872,-11.502881,0.));
#9567 = VECTOR('',#9568,1.);
#9568 = DIRECTION('',(0.,0.,1.));
#9569 = ORIENTED_EDGE('',*,*,#8870,.T.);
#9570 = ORIENTED_EDGE('',*,*,#9530,.F.);
#9571 = ORIENTED_EDGE('',*,*,#8199,.F.);
#9572 = PLANE('',#9573);
#9573 = AXIS2_PLACEMENT_3D('',#9574,#9575,#9576);
#9574 = CARTESIAN_POINT('',(-25.999872,-11.502881,0.));
#9575 = DIRECTION('',(-1.,0.,0.));
#9576 = DIRECTION('',(0.,1.,0.));
#9577 = ADVANCED_FACE('',(#9578),#9589,.T.);
#9578 = FACE_BOUND('',#9579,.T.);
#9579 = EDGE_LOOP('',(#9580,#9581,#9582,#9588));
#9580 = ORIENTED_EDGE('',*,*,#9549,.T.);
#9581 = ORIENTED_EDGE('',*,*,#8887,.T.);
#9582 = ORIENTED_EDGE('',*,*,#9583,.F.);
#9583 = EDGE_CURVE('',#8208,#8879,#9584,.T.);
#9584 = LINE('',#9585,#9586);
#9585 = CARTESIAN_POINT('',(-23.999616,-13.503137,0.));
#9586 = VECTOR('',#9587,1.);
#9587 = DIRECTION('',(0.,0.,1.));
#9588 = ORIENTED_EDGE('',*,*,#8216,.F.);
#9589 = PLANE('',#9590);
#9590 = AXIS2_PLACEMENT_3D('',#9591,#9592,#9593);
#9591 = CARTESIAN_POINT('',(23.999872,-13.496863,0.));
#9592 = DIRECTION('',(1.307097264539E-04,-0.999999991457,0.));
#9593 = DIRECTION('',(-0.999999991457,-1.307097264539E-04,0.));
#9594 = ADVANCED_FACE('',(#9595),#9601,.T.);
#9595 = FACE_BOUND('',#9596,.T.);
#9596 = EDGE_LOOP('',(#9597,#9598,#9599,#9600));
#9597 = ORIENTED_EDGE('',*,*,#9583,.T.);
#9598 = ORIENTED_EDGE('',*,*,#8878,.T.);
#9599 = ORIENTED_EDGE('',*,*,#9564,.F.);
#9600 = ORIENTED_EDGE('',*,*,#8207,.F.);
#9601 = CYLINDRICAL_SURFACE('',#9602,2.000331396471);
#9602 = AXIS2_PLACEMENT_3D('',#9603,#9604,#9605);
#9603 = CARTESIAN_POINT('',(-23.99954060495,-11.50280560495,0.));
#9604 = DIRECTION('',(0.,0.,-1.));
#9605 = DIRECTION('',(-3.769127957202E-05,-0.99999999929,-0.));
#9606 = ADVANCED_FACE('',(#9607),#9618,.F.);
#9607 = FACE_BOUND('',#9608,.T.);
#9608 = EDGE_LOOP('',(#9609,#9610,#9616,#9617));
#9609 = ORIENTED_EDGE('',*,*,#8234,.T.);
#9610 = ORIENTED_EDGE('',*,*,#9611,.T.);
#9611 = EDGE_CURVE('',#8235,#8906,#9612,.T.);
#9612 = LINE('',#9613,#9614);
#9613 = CARTESIAN_POINT('',(-22.000128,-11.096863,-4.6E-02));
#9614 = VECTOR('',#9615,1.);
#9615 = DIRECTION('',(0.,0.,1.));
#9616 = ORIENTED_EDGE('',*,*,#8905,.F.);
#9617 = ORIENTED_EDGE('',*,*,#9611,.F.);
#9618 = CYLINDRICAL_SURFACE('',#9619,1.6);
#9619 = AXIS2_PLACEMENT_3D('',#9620,#9621,#9622);
#9620 = CARTESIAN_POINT('',(-22.000128,-9.496863,-4.6E-02));
#9621 = DIRECTION('',(-0.,-0.,-1.));
#9622 = DIRECTION('',(-0.,-1.,0.));
#9623 = ADVANCED_FACE('',(#9624),#9640,.F.);
#9624 = FACE_BOUND('',#9625,.T.);
#9625 = EDGE_LOOP('',(#9626,#9627,#9633,#9634));
#9626 = ORIENTED_EDGE('',*,*,#8245,.T.);
#9627 = ORIENTED_EDGE('',*,*,#9628,.T.);
#9628 = EDGE_CURVE('',#8248,#8919,#9629,.T.);
#9629 = LINE('',#9630,#9631);
#9630 = CARTESIAN_POINT('',(-16.450128,-6.946863,-4.6E-02));
#9631 = VECTOR('',#9632,1.);
#9632 = DIRECTION('',(0.,0.,1.));
#9633 = ORIENTED_EDGE('',*,*,#8916,.F.);
#9634 = ORIENTED_EDGE('',*,*,#9635,.F.);
#9635 = EDGE_CURVE('',#8246,#8917,#9636,.T.);
#9636 = LINE('',#9637,#9638);
#9637 = CARTESIAN_POINT('',(-15.850128,-6.946863,-4.6E-02));
#9638 = VECTOR('',#9639,1.);
#9639 = DIRECTION('',(0.,0.,1.));
#9640 = CYLINDRICAL_SURFACE('',#9641,0.3);
#9641 = AXIS2_PLACEMENT_3D('',#9642,#9643,#9644);
#9642 = CARTESIAN_POINT('',(-16.150128,-6.946863,-4.6E-02));
#9643 = DIRECTION('',(-0.,-0.,-1.));
#9644 = DIRECTION('',(-1.,0.,-0.));
#9645 = ADVANCED_FACE('',(#9646),#9657,.T.);
#9646 = FACE_BOUND('',#9647,.T.);
#9647 = EDGE_LOOP('',(#9648,#9649,#9650,#9651));
#9648 = ORIENTED_EDGE('',*,*,#8273,.T.);
#9649 = ORIENTED_EDGE('',*,*,#9635,.T.);
#9650 = ORIENTED_EDGE('',*,*,#8944,.F.);
#9651 = ORIENTED_EDGE('',*,*,#9652,.F.);
#9652 = EDGE_CURVE('',#8265,#8936,#9653,.T.);
#9653 = LINE('',#9654,#9655);
#9654 = CARTESIAN_POINT('',(-15.850128,-6.046863,-4.6E-02));
#9655 = VECTOR('',#9656,1.);
#9656 = DIRECTION('',(0.,0.,1.));
#9657 = PLANE('',#9658);
#9658 = AXIS2_PLACEMENT_3D('',#9659,#9660,#9661);
#9659 = CARTESIAN_POINT('',(-15.850128,-6.946863,-4.6E-02));
#9660 = DIRECTION('',(-1.,0.,0.));
#9661 = DIRECTION('',(0.,1.,0.));
#9662 = ADVANCED_FACE('',(#9663),#9674,.F.);
#9663 = FACE_BOUND('',#9664,.T.);
#9664 = EDGE_LOOP('',(#9665,#9666,#9667,#9668));
#9665 = ORIENTED_EDGE('',*,*,#8264,.T.);
#9666 = ORIENTED_EDGE('',*,*,#9652,.T.);
#9667 = ORIENTED_EDGE('',*,*,#8935,.F.);
#9668 = ORIENTED_EDGE('',*,*,#9669,.F.);
#9669 = EDGE_CURVE('',#8257,#8928,#9670,.T.);
#9670 = LINE('',#9671,#9672);
#9671 = CARTESIAN_POINT('',(-16.450128,-6.046863,-4.6E-02));
#9672 = VECTOR('',#9673,1.);
#9673 = DIRECTION('',(0.,0.,1.));
#9674 = CYLINDRICAL_SURFACE('',#9675,0.3);
#9675 = AXIS2_PLACEMENT_3D('',#9676,#9677,#9678);
#9676 = CARTESIAN_POINT('',(-16.150128,-6.046863,-4.6E-02));
#9677 = DIRECTION('',(-0.,-0.,-1.));
#9678 = DIRECTION('',(1.,0.,-0.));
#9679 = ADVANCED_FACE('',(#9680),#9686,.T.);
#9680 = FACE_BOUND('',#9681,.T.);
#9681 = EDGE_LOOP('',(#9682,#9683,#9684,#9685));
#9682 = ORIENTED_EDGE('',*,*,#8256,.T.);
#9683 = ORIENTED_EDGE('',*,*,#9669,.T.);
#9684 = ORIENTED_EDGE('',*,*,#8927,.F.);
#9685 = ORIENTED_EDGE('',*,*,#9628,.F.);
#9686 = PLANE('',#9687);
#9687 = AXIS2_PLACEMENT_3D('',#9688,#9689,#9690);
#9688 = CARTESIAN_POINT('',(-16.450128,-6.046863,-4.6E-02));
#9689 = DIRECTION('',(1.,0.,-0.));
#9690 = DIRECTION('',(0.,-1.,0.));
#9691 = ADVANCED_FACE('',(#9692),#9708,.F.);
#9692 = FACE_BOUND('',#9693,.T.);
#9693 = EDGE_LOOP('',(#9694,#9695,#9701,#9702));
#9694 = ORIENTED_EDGE('',*,*,#8281,.T.);
#9695 = ORIENTED_EDGE('',*,*,#9696,.T.);
#9696 = EDGE_CURVE('',#8284,#8955,#9697,.T.);
#9697 = LINE('',#9698,#9699);
#9698 = CARTESIAN_POINT('',(-14.550128,-6.946863,-4.6E-02));
#9699 = VECTOR('',#9700,1.);
#9700 = DIRECTION('',(0.,0.,1.));
#9701 = ORIENTED_EDGE('',*,*,#8952,.F.);
#9702 = ORIENTED_EDGE('',*,*,#9703,.F.);
#9703 = EDGE_CURVE('',#8282,#8953,#9704,.T.);
#9704 = LINE('',#9705,#9706);
#9705 = CARTESIAN_POINT('',(-13.950128,-6.946863,-4.6E-02));
#9706 = VECTOR('',#9707,1.);
#9707 = DIRECTION('',(0.,0.,1.));
#9708 = CYLINDRICAL_SURFACE('',#9709,0.3);
#9709 = AXIS2_PLACEMENT_3D('',#9710,#9711,#9712);
#9710 = CARTESIAN_POINT('',(-14.250128,-6.946863,-4.6E-02));
#9711 = DIRECTION('',(-0.,-0.,-1.));
#9712 = DIRECTION('',(-1.,0.,-0.));
#9713 = ADVANCED_FACE('',(#9714),#9725,.T.);
#9714 = FACE_BOUND('',#9715,.T.);
#9715 = EDGE_LOOP('',(#9716,#9717,#9718,#9719));
#9716 = ORIENTED_EDGE('',*,*,#8309,.T.);
#9717 = ORIENTED_EDGE('',*,*,#9703,.T.);
#9718 = ORIENTED_EDGE('',*,*,#8980,.F.);
#9719 = ORIENTED_EDGE('',*,*,#9720,.F.);
#9720 = EDGE_CURVE('',#8301,#8972,#9721,.T.);
#9721 = LINE('',#9722,#9723);
#9722 = CARTESIAN_POINT('',(-13.950128,-6.046863,-4.6E-02));
#9723 = VECTOR('',#9724,1.);
#9724 = DIRECTION('',(0.,0.,1.));
#9725 = PLANE('',#9726);
#9726 = AXIS2_PLACEMENT_3D('',#9727,#9728,#9729);
#9727 = CARTESIAN_POINT('',(-13.950128,-6.946863,-4.6E-02));
#9728 = DIRECTION('',(-1.,0.,0.));
#9729 = DIRECTION('',(0.,1.,0.));
#9730 = ADVANCED_FACE('',(#9731),#9742,.F.);
#9731 = FACE_BOUND('',#9732,.T.);
#9732 = EDGE_LOOP('',(#9733,#9734,#9735,#9736));
#9733 = ORIENTED_EDGE('',*,*,#8300,.T.);
#9734 = ORIENTED_EDGE('',*,*,#9720,.T.);
#9735 = ORIENTED_EDGE('',*,*,#8971,.F.);
#9736 = ORIENTED_EDGE('',*,*,#9737,.F.);
#9737 = EDGE_CURVE('',#8293,#8964,#9738,.T.);
#9738 = LINE('',#9739,#9740);
#9739 = CARTESIAN_POINT('',(-14.550128,-6.046863,-4.6E-02));
#9740 = VECTOR('',#9741,1.);
#9741 = DIRECTION('',(0.,0.,1.));
#9742 = CYLINDRICAL_SURFACE('',#9743,0.3);
#9743 = AXIS2_PLACEMENT_3D('',#9744,#9745,#9746);
#9744 = CARTESIAN_POINT('',(-14.250128,-6.046863,-4.6E-02));
#9745 = DIRECTION('',(-0.,-0.,-1.));
#9746 = DIRECTION('',(1.,0.,-0.));
#9747 = ADVANCED_FACE('',(#9748),#9754,.T.);
#9748 = FACE_BOUND('',#9749,.T.);
#9749 = EDGE_LOOP('',(#9750,#9751,#9752,#9753));
#9750 = ORIENTED_EDGE('',*,*,#8292,.T.);
#9751 = ORIENTED_EDGE('',*,*,#9737,.T.);
#9752 = ORIENTED_EDGE('',*,*,#8963,.F.);
#9753 = ORIENTED_EDGE('',*,*,#9696,.F.);
#9754 = PLANE('',#9755);
#9755 = AXIS2_PLACEMENT_3D('',#9756,#9757,#9758);
#9756 = CARTESIAN_POINT('',(-14.550128,-6.046863,-4.6E-02));
#9757 = DIRECTION('',(1.,0.,-0.));
#9758 = DIRECTION('',(0.,-1.,0.));
#9759 = ADVANCED_FACE('',(#9760),#9776,.F.);
#9760 = FACE_BOUND('',#9761,.T.);
#9761 = EDGE_LOOP('',(#9762,#9763,#9769,#9770));
#9762 = ORIENTED_EDGE('',*,*,#8317,.T.);
#9763 = ORIENTED_EDGE('',*,*,#9764,.T.);
#9764 = EDGE_CURVE('',#8320,#8991,#9765,.T.);
#9765 = LINE('',#9766,#9767);
#9766 = CARTESIAN_POINT('',(-13.300128,-6.946863,-4.6E-02));
#9767 = VECTOR('',#9768,1.);
#9768 = DIRECTION('',(0.,0.,1.));
#9769 = ORIENTED_EDGE('',*,*,#8988,.F.);
#9770 = ORIENTED_EDGE('',*,*,#9771,.F.);
#9771 = EDGE_CURVE('',#8318,#8989,#9772,.T.);
#9772 = LINE('',#9773,#9774);
#9773 = CARTESIAN_POINT('',(-12.700128,-6.946863,-4.6E-02));
#9774 = VECTOR('',#9775,1.);
#9775 = DIRECTION('',(0.,0.,1.));
#9776 = CYLINDRICAL_SURFACE('',#9777,0.3);
#9777 = AXIS2_PLACEMENT_3D('',#9778,#9779,#9780);
#9778 = CARTESIAN_POINT('',(-13.000128,-6.946863,-4.6E-02));
#9779 = DIRECTION('',(-0.,-0.,-1.));
#9780 = DIRECTION('',(-1.,0.,-0.));
#9781 = ADVANCED_FACE('',(#9782),#9793,.T.);
#9782 = FACE_BOUND('',#9783,.T.);
#9783 = EDGE_LOOP('',(#9784,#9785,#9786,#9787));
#9784 = ORIENTED_EDGE('',*,*,#8345,.T.);
#9785 = ORIENTED_EDGE('',*,*,#9771,.T.);
#9786 = ORIENTED_EDGE('',*,*,#9016,.F.);
#9787 = ORIENTED_EDGE('',*,*,#9788,.F.);
#9788 = EDGE_CURVE('',#8337,#9008,#9789,.T.);
#9789 = LINE('',#9790,#9791);
#9790 = CARTESIAN_POINT('',(-12.700128,-6.046863,-4.6E-02));
#9791 = VECTOR('',#9792,1.);
#9792 = DIRECTION('',(0.,0.,1.));
#9793 = PLANE('',#9794);
#9794 = AXIS2_PLACEMENT_3D('',#9795,#9796,#9797);
#9795 = CARTESIAN_POINT('',(-12.700128,-6.946863,-4.6E-02));
#9796 = DIRECTION('',(-1.,0.,0.));
#9797 = DIRECTION('',(0.,1.,0.));
#9798 = ADVANCED_FACE('',(#9799),#9810,.F.);
#9799 = FACE_BOUND('',#9800,.T.);
#9800 = EDGE_LOOP('',(#9801,#9802,#9803,#9804));
#9801 = ORIENTED_EDGE('',*,*,#8336,.T.);
#9802 = ORIENTED_EDGE('',*,*,#9788,.T.);
#9803 = ORIENTED_EDGE('',*,*,#9007,.F.);
#9804 = ORIENTED_EDGE('',*,*,#9805,.F.);
#9805 = EDGE_CURVE('',#8329,#9000,#9806,.T.);
#9806 = LINE('',#9807,#9808);
#9807 = CARTESIAN_POINT('',(-13.300128,-6.046863,-4.6E-02));
#9808 = VECTOR('',#9809,1.);
#9809 = DIRECTION('',(0.,0.,1.));
#9810 = CYLINDRICAL_SURFACE('',#9811,0.3);
#9811 = AXIS2_PLACEMENT_3D('',#9812,#9813,#9814);
#9812 = CARTESIAN_POINT('',(-13.000128,-6.046863,-4.6E-02));
#9813 = DIRECTION('',(-0.,-0.,-1.));
#9814 = DIRECTION('',(1.,0.,-0.));
#9815 = ADVANCED_FACE('',(#9816),#9822,.T.);
#9816 = FACE_BOUND('',#9817,.T.);
#9817 = EDGE_LOOP('',(#9818,#9819,#9820,#9821));
#9818 = ORIENTED_EDGE('',*,*,#8328,.T.);
#9819 = ORIENTED_EDGE('',*,*,#9805,.T.);
#9820 = ORIENTED_EDGE('',*,*,#8999,.F.);
#9821 = ORIENTED_EDGE('',*,*,#9764,.F.);
#9822 = PLANE('',#9823);
#9823 = AXIS2_PLACEMENT_3D('',#9824,#9825,#9826);
#9824 = CARTESIAN_POINT('',(-13.300128,-6.046863,-4.6E-02));
#9825 = DIRECTION('',(1.,0.,-0.));
#9826 = DIRECTION('',(0.,-1.,0.));
#9827 = ADVANCED_FACE('',(#9828),#9844,.F.);
#9828 = FACE_BOUND('',#9829,.T.);
#9829 = EDGE_LOOP('',(#9830,#9831,#9837,#9838));
#9830 = ORIENTED_EDGE('',*,*,#8353,.T.);
#9831 = ORIENTED_EDGE('',*,*,#9832,.T.);
#9832 = EDGE_CURVE('',#8356,#9027,#9833,.T.);
#9833 = LINE('',#9834,#9835);
#9834 = CARTESIAN_POINT('',(-10.800128,-6.946863,-4.6E-02));
#9835 = VECTOR('',#9836,1.);
#9836 = DIRECTION('',(0.,0.,1.));
#9837 = ORIENTED_EDGE('',*,*,#9024,.F.);
#9838 = ORIENTED_EDGE('',*,*,#9839,.F.);
#9839 = EDGE_CURVE('',#8354,#9025,#9840,.T.);
#9840 = LINE('',#9841,#9842);
#9841 = CARTESIAN_POINT('',(-10.200128,-6.946863,-4.6E-02));
#9842 = VECTOR('',#9843,1.);
#9843 = DIRECTION('',(0.,0.,1.));
#9844 = CYLINDRICAL_SURFACE('',#9845,0.3);
#9845 = AXIS2_PLACEMENT_3D('',#9846,#9847,#9848);
#9846 = CARTESIAN_POINT('',(-10.500128,-6.946863,-4.6E-02));
#9847 = DIRECTION('',(-0.,-0.,-1.));
#9848 = DIRECTION('',(-1.,0.,-0.));
#9849 = ADVANCED_FACE('',(#9850),#9861,.T.);
#9850 = FACE_BOUND('',#9851,.T.);
#9851 = EDGE_LOOP('',(#9852,#9853,#9854,#9855));
#9852 = ORIENTED_EDGE('',*,*,#8381,.T.);
#9853 = ORIENTED_EDGE('',*,*,#9839,.T.);
#9854 = ORIENTED_EDGE('',*,*,#9052,.F.);
#9855 = ORIENTED_EDGE('',*,*,#9856,.F.);
#9856 = EDGE_CURVE('',#8373,#9044,#9857,.T.);
#9857 = LINE('',#9858,#9859);
#9858 = CARTESIAN_POINT('',(-10.200128,-6.046863,-4.6E-02));
#9859 = VECTOR('',#9860,1.);
#9860 = DIRECTION('',(0.,0.,1.));
#9861 = PLANE('',#9862);
#9862 = AXIS2_PLACEMENT_3D('',#9863,#9864,#9865);
#9863 = CARTESIAN_POINT('',(-10.200128,-6.946863,-4.6E-02));
#9864 = DIRECTION('',(-1.,0.,0.));
#9865 = DIRECTION('',(0.,1.,0.));
#9866 = ADVANCED_FACE('',(#9867),#9878,.F.);
#9867 = FACE_BOUND('',#9868,.T.);
#9868 = EDGE_LOOP('',(#9869,#9870,#9871,#9872));
#9869 = ORIENTED_EDGE('',*,*,#8372,.T.);
#9870 = ORIENTED_EDGE('',*,*,#9856,.T.);
#9871 = ORIENTED_EDGE('',*,*,#9043,.F.);
#9872 = ORIENTED_EDGE('',*,*,#9873,.F.);
#9873 = EDGE_CURVE('',#8365,#9036,#9874,.T.);
#9874 = LINE('',#9875,#9876);
#9875 = CARTESIAN_POINT('',(-10.800128,-6.046863,-4.6E-02));
#9876 = VECTOR('',#9877,1.);
#9877 = DIRECTION('',(0.,0.,1.));
#9878 = CYLINDRICAL_SURFACE('',#9879,0.3);
#9879 = AXIS2_PLACEMENT_3D('',#9880,#9881,#9882);
#9880 = CARTESIAN_POINT('',(-10.500128,-6.046863,-4.6E-02));
#9881 = DIRECTION('',(-0.,-0.,-1.));
#9882 = DIRECTION('',(1.,0.,-0.));
#9883 = ADVANCED_FACE('',(#9884),#9890,.T.);
#9884 = FACE_BOUND('',#9885,.T.);
#9885 = EDGE_LOOP('',(#9886,#9887,#9888,#9889));
#9886 = ORIENTED_EDGE('',*,*,#8364,.T.);
#9887 = ORIENTED_EDGE('',*,*,#9873,.T.);
#9888 = ORIENTED_EDGE('',*,*,#9035,.F.);
#9889 = ORIENTED_EDGE('',*,*,#9832,.F.);
#9890 = PLANE('',#9891);
#9891 = AXIS2_PLACEMENT_3D('',#9892,#9893,#9894);
#9892 = CARTESIAN_POINT('',(-10.800128,-6.046863,-4.6E-02));
#9893 = DIRECTION('',(1.,0.,-0.));
#9894 = DIRECTION('',(0.,-1.,0.));
#9895 = ADVANCED_FACE('',(#9896),#9912,.F.);
#9896 = FACE_BOUND('',#9897,.T.);
#9897 = EDGE_LOOP('',(#9898,#9899,#9905,#9906));
#9898 = ORIENTED_EDGE('',*,*,#8389,.T.);
#9899 = ORIENTED_EDGE('',*,*,#9900,.T.);
#9900 = EDGE_CURVE('',#8392,#9063,#9901,.T.);
#9901 = LINE('',#9902,#9903);
#9902 = CARTESIAN_POINT('',(-1.450128,-6.946863,-4.6E-02));
#9903 = VECTOR('',#9904,1.);
#9904 = DIRECTION('',(0.,0.,1.));
#9905 = ORIENTED_EDGE('',*,*,#9060,.F.);
#9906 = ORIENTED_EDGE('',*,*,#9907,.F.);
#9907 = EDGE_CURVE('',#8390,#9061,#9908,.T.);
#9908 = LINE('',#9909,#9910);
#9909 = CARTESIAN_POINT('',(-0.850128,-6.946863,-4.6E-02));
#9910 = VECTOR('',#9911,1.);
#9911 = DIRECTION('',(0.,0.,1.));
#9912 = CYLINDRICAL_SURFACE('',#9913,0.3);
#9913 = AXIS2_PLACEMENT_3D('',#9914,#9915,#9916);
#9914 = CARTESIAN_POINT('',(-1.150128,-6.946863,-4.6E-02));
#9915 = DIRECTION('',(-0.,-0.,-1.));
#9916 = DIRECTION('',(-1.,2.960594732334E-15,-0.));
#9917 = ADVANCED_FACE('',(#9918),#9929,.T.);
#9918 = FACE_BOUND('',#9919,.T.);
#9919 = EDGE_LOOP('',(#9920,#9921,#9922,#9923));
#9920 = ORIENTED_EDGE('',*,*,#8417,.T.);
#9921 = ORIENTED_EDGE('',*,*,#9907,.T.);
#9922 = ORIENTED_EDGE('',*,*,#9088,.F.);
#9923 = ORIENTED_EDGE('',*,*,#9924,.F.);
#9924 = EDGE_CURVE('',#8409,#9080,#9925,.T.);
#9925 = LINE('',#9926,#9927);
#9926 = CARTESIAN_POINT('',(-0.850128,-6.046863,-4.6E-02));
#9927 = VECTOR('',#9928,1.);
#9928 = DIRECTION('',(0.,0.,1.));
#9929 = PLANE('',#9930);
#9930 = AXIS2_PLACEMENT_3D('',#9931,#9932,#9933);
#9931 = CARTESIAN_POINT('',(-0.850128,-6.946863,-4.6E-02));
#9932 = DIRECTION('',(-1.,0.,0.));
#9933 = DIRECTION('',(0.,1.,0.));
#9934 = ADVANCED_FACE('',(#9935),#9946,.F.);
#9935 = FACE_BOUND('',#9936,.T.);
#9936 = EDGE_LOOP('',(#9937,#9938,#9939,#9940));
#9937 = ORIENTED_EDGE('',*,*,#8408,.T.);
#9938 = ORIENTED_EDGE('',*,*,#9924,.T.);
#9939 = ORIENTED_EDGE('',*,*,#9079,.F.);
#9940 = ORIENTED_EDGE('',*,*,#9941,.F.);
#9941 = EDGE_CURVE('',#8401,#9072,#9942,.T.);
#9942 = LINE('',#9943,#9944);
#9943 = CARTESIAN_POINT('',(-1.450128,-6.046863,-4.6E-02));
#9944 = VECTOR('',#9945,1.);
#9945 = DIRECTION('',(0.,0.,1.));
#9946 = CYLINDRICAL_SURFACE('',#9947,0.3);
#9947 = AXIS2_PLACEMENT_3D('',#9948,#9949,#9950);
#9948 = CARTESIAN_POINT('',(-1.150128,-6.046863,-4.6E-02));
#9949 = DIRECTION('',(-0.,-0.,-1.));
#9950 = DIRECTION('',(1.,0.,-0.));
#9951 = ADVANCED_FACE('',(#9952),#9958,.T.);
#9952 = FACE_BOUND('',#9953,.T.);
#9953 = EDGE_LOOP('',(#9954,#9955,#9956,#9957));
#9954 = ORIENTED_EDGE('',*,*,#8400,.T.);
#9955 = ORIENTED_EDGE('',*,*,#9941,.T.);
#9956 = ORIENTED_EDGE('',*,*,#9071,.F.);
#9957 = ORIENTED_EDGE('',*,*,#9900,.F.);
#9958 = PLANE('',#9959);
#9959 = AXIS2_PLACEMENT_3D('',#9960,#9961,#9962);
#9960 = CARTESIAN_POINT('',(-1.450128,-6.046863,-4.6E-02));
#9961 = DIRECTION('',(1.,0.,-0.));
#9962 = DIRECTION('',(0.,-1.,0.));
#9963 = ADVANCED_FACE('',(#9964),#9980,.F.);
#9964 = FACE_BOUND('',#9965,.T.);
#9965 = EDGE_LOOP('',(#9966,#9967,#9973,#9974));
#9966 = ORIENTED_EDGE('',*,*,#8425,.T.);
#9967 = ORIENTED_EDGE('',*,*,#9968,.T.);
#9968 = EDGE_CURVE('',#8428,#9099,#9969,.T.);
#9969 = LINE('',#9970,#9971);
#9970 = CARTESIAN_POINT('',(0.449872,-6.946863,-4.6E-02));
#9971 = VECTOR('',#9972,1.);
#9972 = DIRECTION('',(0.,0.,1.));
#9973 = ORIENTED_EDGE('',*,*,#9096,.F.);
#9974 = ORIENTED_EDGE('',*,*,#9975,.F.);
#9975 = EDGE_CURVE('',#8426,#9097,#9976,.T.);
#9976 = LINE('',#9977,#9978);
#9977 = CARTESIAN_POINT('',(1.049872,-6.946863,-4.6E-02));
#9978 = VECTOR('',#9979,1.);
#9979 = DIRECTION('',(0.,0.,1.));
#9980 = CYLINDRICAL_SURFACE('',#9981,0.3);
#9981 = AXIS2_PLACEMENT_3D('',#9982,#9983,#9984);
#9982 = CARTESIAN_POINT('',(0.749872,-6.946863,-4.6E-02));
#9983 = DIRECTION('',(-0.,-0.,-1.));
#9984 = DIRECTION('',(-1.,2.960594732334E-15,-0.));
#9985 = ADVANCED_FACE('',(#9986),#9997,.T.);
#9986 = FACE_BOUND('',#9987,.T.);
#9987 = EDGE_LOOP('',(#9988,#9989,#9990,#9991));
#9988 = ORIENTED_EDGE('',*,*,#8453,.T.);
#9989 = ORIENTED_EDGE('',*,*,#9975,.T.);
#9990 = ORIENTED_EDGE('',*,*,#9124,.F.);
#9991 = ORIENTED_EDGE('',*,*,#9992,.F.);
#9992 = EDGE_CURVE('',#8445,#9116,#9993,.T.);
#9993 = LINE('',#9994,#9995);
#9994 = CARTESIAN_POINT('',(1.049872,-6.046863,-4.6E-02));
#9995 = VECTOR('',#9996,1.);
#9996 = DIRECTION('',(0.,0.,1.));
#9997 = PLANE('',#9998);
#9998 = AXIS2_PLACEMENT_3D('',#9999,#10000,#10001);
#9999 = CARTESIAN_POINT('',(1.049872,-6.946863,-4.6E-02));
#10000 = DIRECTION('',(-1.,0.,0.));
#10001 = DIRECTION('',(0.,1.,0.));
#10002 = ADVANCED_FACE('',(#10003),#10014,.F.);
#10003 = FACE_BOUND('',#10004,.T.);
#10004 = EDGE_LOOP('',(#10005,#10006,#10007,#10008));
#10005 = ORIENTED_EDGE('',*,*,#8444,.T.);
#10006 = ORIENTED_EDGE('',*,*,#9992,.T.);
#10007 = ORIENTED_EDGE('',*,*,#9115,.F.);
#10008 = ORIENTED_EDGE('',*,*,#10009,.F.);
#10009 = EDGE_CURVE('',#8437,#9108,#10010,.T.);
#10010 = LINE('',#10011,#10012);
#10011 = CARTESIAN_POINT('',(0.449872,-6.046863,-4.6E-02));
#10012 = VECTOR('',#10013,1.);
#10013 = DIRECTION('',(0.,0.,1.));
#10014 = CYLINDRICAL_SURFACE('',#10015,0.3);
#10015 = AXIS2_PLACEMENT_3D('',#10016,#10017,#10018);
#10016 = CARTESIAN_POINT('',(0.749872,-6.046863,-4.6E-02));
#10017 = DIRECTION('',(-0.,-0.,-1.));
#10018 = DIRECTION('',(1.,0.,-0.));
#10019 = ADVANCED_FACE('',(#10020),#10026,.T.);
#10020 = FACE_BOUND('',#10021,.T.);
#10021 = EDGE_LOOP('',(#10022,#10023,#10024,#10025));
#10022 = ORIENTED_EDGE('',*,*,#8436,.T.);
#10023 = ORIENTED_EDGE('',*,*,#10009,.T.);
#10024 = ORIENTED_EDGE('',*,*,#9107,.F.);
#10025 = ORIENTED_EDGE('',*,*,#9968,.F.);
#10026 = PLANE('',#10027);
#10027 = AXIS2_PLACEMENT_3D('',#10028,#10029,#10030);
#10028 = CARTESIAN_POINT('',(0.449872,-6.046863,-4.6E-02));
#10029 = DIRECTION('',(1.,0.,-0.));
#10030 = DIRECTION('',(0.,-1.,0.));
#10031 = ADVANCED_FACE('',(#10032),#10048,.F.);
#10032 = FACE_BOUND('',#10033,.T.);
#10033 = EDGE_LOOP('',(#10034,#10035,#10041,#10042));
#10034 = ORIENTED_EDGE('',*,*,#8461,.T.);
#10035 = ORIENTED_EDGE('',*,*,#10036,.T.);
#10036 = EDGE_CURVE('',#8464,#9135,#10037,.T.);
#10037 = LINE('',#10038,#10039);
#10038 = CARTESIAN_POINT('',(1.699872,-6.946863,-4.6E-02));
#10039 = VECTOR('',#10040,1.);
#10040 = DIRECTION('',(0.,0.,1.));
#10041 = ORIENTED_EDGE('',*,*,#9132,.F.);
#10042 = ORIENTED_EDGE('',*,*,#10043,.F.);
#10043 = EDGE_CURVE('',#8462,#9133,#10044,.T.);
#10044 = LINE('',#10045,#10046);
#10045 = CARTESIAN_POINT('',(2.299872,-6.946863,-4.6E-02));
#10046 = VECTOR('',#10047,1.);
#10047 = DIRECTION('',(0.,0.,1.));
#10048 = CYLINDRICAL_SURFACE('',#10049,0.3);
#10049 = AXIS2_PLACEMENT_3D('',#10050,#10051,#10052);
#10050 = CARTESIAN_POINT('',(1.999872,-6.946863,-4.6E-02));
#10051 = DIRECTION('',(-0.,-0.,-1.));
#10052 = DIRECTION('',(-1.,2.960594732334E-15,-0.));
#10053 = ADVANCED_FACE('',(#10054),#10065,.T.);
#10054 = FACE_BOUND('',#10055,.T.);
#10055 = EDGE_LOOP('',(#10056,#10057,#10058,#10059));
#10056 = ORIENTED_EDGE('',*,*,#8489,.T.);
#10057 = ORIENTED_EDGE('',*,*,#10043,.T.);
#10058 = ORIENTED_EDGE('',*,*,#9160,.F.);
#10059 = ORIENTED_EDGE('',*,*,#10060,.F.);
#10060 = EDGE_CURVE('',#8481,#9152,#10061,.T.);
#10061 = LINE('',#10062,#10063);
#10062 = CARTESIAN_POINT('',(2.299872,-6.046863,-4.6E-02));
#10063 = VECTOR('',#10064,1.);
#10064 = DIRECTION('',(0.,0.,1.));
#10065 = PLANE('',#10066);
#10066 = AXIS2_PLACEMENT_3D('',#10067,#10068,#10069);
#10067 = CARTESIAN_POINT('',(2.299872,-6.946863,-4.6E-02));
#10068 = DIRECTION('',(-1.,0.,0.));
#10069 = DIRECTION('',(0.,1.,0.));
#10070 = ADVANCED_FACE('',(#10071),#10082,.F.);
#10071 = FACE_BOUND('',#10072,.T.);
#10072 = EDGE_LOOP('',(#10073,#10074,#10075,#10076));
#10073 = ORIENTED_EDGE('',*,*,#8480,.T.);
#10074 = ORIENTED_EDGE('',*,*,#10060,.T.);
#10075 = ORIENTED_EDGE('',*,*,#9151,.F.);
#10076 = ORIENTED_EDGE('',*,*,#10077,.F.);
#10077 = EDGE_CURVE('',#8473,#9144,#10078,.T.);
#10078 = LINE('',#10079,#10080);
#10079 = CARTESIAN_POINT('',(1.699872,-6.046863,-4.6E-02));
#10080 = VECTOR('',#10081,1.);
#10081 = DIRECTION('',(0.,0.,1.));
#10082 = CYLINDRICAL_SURFACE('',#10083,0.3);
#10083 = AXIS2_PLACEMENT_3D('',#10084,#10085,#10086);
#10084 = CARTESIAN_POINT('',(1.999872,-6.046863,-4.6E-02));
#10085 = DIRECTION('',(-0.,-0.,-1.));
#10086 = DIRECTION('',(1.,0.,-0.));
#10087 = ADVANCED_FACE('',(#10088),#10094,.T.);
#10088 = FACE_BOUND('',#10089,.T.);
#10089 = EDGE_LOOP('',(#10090,#10091,#10092,#10093));
#10090 = ORIENTED_EDGE('',*,*,#8472,.T.);
#10091 = ORIENTED_EDGE('',*,*,#10077,.T.);
#10092 = ORIENTED_EDGE('',*,*,#9143,.F.);
#10093 = ORIENTED_EDGE('',*,*,#10036,.F.);
#10094 = PLANE('',#10095);
#10095 = AXIS2_PLACEMENT_3D('',#10096,#10097,#10098);
#10096 = CARTESIAN_POINT('',(1.699872,-6.046863,-4.6E-02));
#10097 = DIRECTION('',(1.,0.,-0.));
#10098 = DIRECTION('',(0.,-1.,0.));
#10099 = ADVANCED_FACE('',(#10100),#10116,.F.);
#10100 = FACE_BOUND('',#10101,.T.);
#10101 = EDGE_LOOP('',(#10102,#10103,#10109,#10110));
#10102 = ORIENTED_EDGE('',*,*,#8497,.T.);
#10103 = ORIENTED_EDGE('',*,*,#10104,.T.);
#10104 = EDGE_CURVE('',#8500,#9171,#10105,.T.);
#10105 = LINE('',#10106,#10107);
#10106 = CARTESIAN_POINT('',(4.199872,-6.946863,-4.6E-02));
#10107 = VECTOR('',#10108,1.);
#10108 = DIRECTION('',(0.,0.,1.));
#10109 = ORIENTED_EDGE('',*,*,#9168,.F.);
#10110 = ORIENTED_EDGE('',*,*,#10111,.F.);
#10111 = EDGE_CURVE('',#8498,#9169,#10112,.T.);
#10112 = LINE('',#10113,#10114);
#10113 = CARTESIAN_POINT('',(4.799872,-6.946863,-4.6E-02));
#10114 = VECTOR('',#10115,1.);
#10115 = DIRECTION('',(0.,0.,1.));
#10116 = CYLINDRICAL_SURFACE('',#10117,0.3);
#10117 = AXIS2_PLACEMENT_3D('',#10118,#10119,#10120);
#10118 = CARTESIAN_POINT('',(4.499872,-6.946863,-4.6E-02));
#10119 = DIRECTION('',(-0.,-0.,-1.));
#10120 = DIRECTION('',(-1.,0.,-0.));
#10121 = ADVANCED_FACE('',(#10122),#10133,.T.);
#10122 = FACE_BOUND('',#10123,.T.);
#10123 = EDGE_LOOP('',(#10124,#10125,#10126,#10127));
#10124 = ORIENTED_EDGE('',*,*,#8525,.T.);
#10125 = ORIENTED_EDGE('',*,*,#10111,.T.);
#10126 = ORIENTED_EDGE('',*,*,#9196,.F.);
#10127 = ORIENTED_EDGE('',*,*,#10128,.F.);
#10128 = EDGE_CURVE('',#8517,#9188,#10129,.T.);
#10129 = LINE('',#10130,#10131);
#10130 = CARTESIAN_POINT('',(4.799872,-6.046863,-4.6E-02));
#10131 = VECTOR('',#10132,1.);
#10132 = DIRECTION('',(0.,0.,1.));
#10133 = PLANE('',#10134);
#10134 = AXIS2_PLACEMENT_3D('',#10135,#10136,#10137);
#10135 = CARTESIAN_POINT('',(4.799872,-6.946863,-4.6E-02));
#10136 = DIRECTION('',(-1.,0.,0.));
#10137 = DIRECTION('',(0.,1.,0.));
#10138 = ADVANCED_FACE('',(#10139),#10150,.F.);
#10139 = FACE_BOUND('',#10140,.T.);
#10140 = EDGE_LOOP('',(#10141,#10142,#10143,#10144));
#10141 = ORIENTED_EDGE('',*,*,#8516,.T.);
#10142 = ORIENTED_EDGE('',*,*,#10128,.T.);
#10143 = ORIENTED_EDGE('',*,*,#9187,.F.);
#10144 = ORIENTED_EDGE('',*,*,#10145,.F.);
#10145 = EDGE_CURVE('',#8509,#9180,#10146,.T.);
#10146 = LINE('',#10147,#10148);
#10147 = CARTESIAN_POINT('',(4.199872,-6.046863,-4.6E-02));
#10148 = VECTOR('',#10149,1.);
#10149 = DIRECTION('',(0.,0.,1.));
#10150 = CYLINDRICAL_SURFACE('',#10151,0.3);
#10151 = AXIS2_PLACEMENT_3D('',#10152,#10153,#10154);
#10152 = CARTESIAN_POINT('',(4.499872,-6.046863,-4.6E-02));
#10153 = DIRECTION('',(-0.,-0.,-1.));
#10154 = DIRECTION('',(1.,0.,-0.));
#10155 = ADVANCED_FACE('',(#10156),#10162,.T.);
#10156 = FACE_BOUND('',#10157,.T.);
#10157 = EDGE_LOOP('',(#10158,#10159,#10160,#10161));
#10158 = ORIENTED_EDGE('',*,*,#8508,.T.);
#10159 = ORIENTED_EDGE('',*,*,#10145,.T.);
#10160 = ORIENTED_EDGE('',*,*,#9179,.F.);
#10161 = ORIENTED_EDGE('',*,*,#10104,.F.);
#10162 = PLANE('',#10163);
#10163 = AXIS2_PLACEMENT_3D('',#10164,#10165,#10166);
#10164 = CARTESIAN_POINT('',(4.199872,-6.046863,-4.6E-02));
#10165 = DIRECTION('',(1.,0.,-0.));
#10166 = DIRECTION('',(0.,-1.,0.));
#10167 = ADVANCED_FACE('',(#10168),#10184,.F.);
#10168 = FACE_BOUND('',#10169,.T.);
#10169 = EDGE_LOOP('',(#10170,#10171,#10177,#10178));
#10170 = ORIENTED_EDGE('',*,*,#8533,.T.);
#10171 = ORIENTED_EDGE('',*,*,#10172,.T.);
#10172 = EDGE_CURVE('',#8536,#9207,#10173,.T.);
#10173 = LINE('',#10174,#10175);
#10174 = CARTESIAN_POINT('',(13.549872,-6.946863,-4.6E-02));
#10175 = VECTOR('',#10176,1.);
#10176 = DIRECTION('',(0.,0.,1.));
#10177 = ORIENTED_EDGE('',*,*,#9204,.F.);
#10178 = ORIENTED_EDGE('',*,*,#10179,.F.);
#10179 = EDGE_CURVE('',#8534,#9205,#10180,.T.);
#10180 = LINE('',#10181,#10182);
#10181 = CARTESIAN_POINT('',(14.149872,-6.946863,-4.6E-02));
#10182 = VECTOR('',#10183,1.);
#10183 = DIRECTION('',(0.,0.,1.));
#10184 = CYLINDRICAL_SURFACE('',#10185,0.3);
#10185 = AXIS2_PLACEMENT_3D('',#10186,#10187,#10188);
#10186 = CARTESIAN_POINT('',(13.849872,-6.946863,-4.6E-02));
#10187 = DIRECTION('',(-0.,-0.,-1.));
#10188 = DIRECTION('',(-1.,0.,-0.));
#10189 = ADVANCED_FACE('',(#10190),#10201,.T.);
#10190 = FACE_BOUND('',#10191,.T.);
#10191 = EDGE_LOOP('',(#10192,#10193,#10194,#10195));
#10192 = ORIENTED_EDGE('',*,*,#8561,.T.);
#10193 = ORIENTED_EDGE('',*,*,#10179,.T.);
#10194 = ORIENTED_EDGE('',*,*,#9232,.F.);
#10195 = ORIENTED_EDGE('',*,*,#10196,.F.);
#10196 = EDGE_CURVE('',#8553,#9224,#10197,.T.);
#10197 = LINE('',#10198,#10199);
#10198 = CARTESIAN_POINT('',(14.149872,-6.046863,-4.6E-02));
#10199 = VECTOR('',#10200,1.);
#10200 = DIRECTION('',(0.,0.,1.));
#10201 = PLANE('',#10202);
#10202 = AXIS2_PLACEMENT_3D('',#10203,#10204,#10205);
#10203 = CARTESIAN_POINT('',(14.149872,-6.946863,-4.6E-02));
#10204 = DIRECTION('',(-1.,0.,0.));
#10205 = DIRECTION('',(0.,1.,0.));
#10206 = ADVANCED_FACE('',(#10207),#10218,.F.);
#10207 = FACE_BOUND('',#10208,.T.);
#10208 = EDGE_LOOP('',(#10209,#10210,#10211,#10212));
#10209 = ORIENTED_EDGE('',*,*,#8552,.T.);
#10210 = ORIENTED_EDGE('',*,*,#10196,.T.);
#10211 = ORIENTED_EDGE('',*,*,#9223,.F.);
#10212 = ORIENTED_EDGE('',*,*,#10213,.F.);
#10213 = EDGE_CURVE('',#8545,#9216,#10214,.T.);
#10214 = LINE('',#10215,#10216);
#10215 = CARTESIAN_POINT('',(13.549872,-6.046863,-4.6E-02));
#10216 = VECTOR('',#10217,1.);
#10217 = DIRECTION('',(0.,0.,1.));
#10218 = CYLINDRICAL_SURFACE('',#10219,0.3);
#10219 = AXIS2_PLACEMENT_3D('',#10220,#10221,#10222);
#10220 = CARTESIAN_POINT('',(13.849872,-6.046863,-4.6E-02));
#10221 = DIRECTION('',(-0.,-0.,-1.));
#10222 = DIRECTION('',(1.,0.,-0.));
#10223 = ADVANCED_FACE('',(#10224),#10230,.T.);
#10224 = FACE_BOUND('',#10225,.T.);
#10225 = EDGE_LOOP('',(#10226,#10227,#10228,#10229));
#10226 = ORIENTED_EDGE('',*,*,#8544,.T.);
#10227 = ORIENTED_EDGE('',*,*,#10213,.T.);
#10228 = ORIENTED_EDGE('',*,*,#9215,.F.);
#10229 = ORIENTED_EDGE('',*,*,#10172,.F.);
#10230 = PLANE('',#10231);
#10231 = AXIS2_PLACEMENT_3D('',#10232,#10233,#10234);
#10232 = CARTESIAN_POINT('',(13.549872,-6.046863,-4.6E-02));
#10233 = DIRECTION('',(1.,0.,-0.));
#10234 = DIRECTION('',(0.,-1.,0.));
#10235 = ADVANCED_FACE('',(#10236),#10252,.F.);
#10236 = FACE_BOUND('',#10237,.T.);
#10237 = EDGE_LOOP('',(#10238,#10239,#10245,#10246));
#10238 = ORIENTED_EDGE('',*,*,#8569,.T.);
#10239 = ORIENTED_EDGE('',*,*,#10240,.T.);
#10240 = EDGE_CURVE('',#8572,#9243,#10241,.T.);
#10241 = LINE('',#10242,#10243);
#10242 = CARTESIAN_POINT('',(15.449872,-6.946863,-4.6E-02));
#10243 = VECTOR('',#10244,1.);
#10244 = DIRECTION('',(0.,0.,1.));
#10245 = ORIENTED_EDGE('',*,*,#9240,.F.);
#10246 = ORIENTED_EDGE('',*,*,#10247,.F.);
#10247 = EDGE_CURVE('',#8570,#9241,#10248,.T.);
#10248 = LINE('',#10249,#10250);
#10249 = CARTESIAN_POINT('',(16.049872,-6.946863,-4.6E-02));
#10250 = VECTOR('',#10251,1.);
#10251 = DIRECTION('',(0.,0.,1.));
#10252 = CYLINDRICAL_SURFACE('',#10253,0.3);
#10253 = AXIS2_PLACEMENT_3D('',#10254,#10255,#10256);
#10254 = CARTESIAN_POINT('',(15.749872,-6.946863,-4.6E-02));
#10255 = DIRECTION('',(-0.,-0.,-1.));
#10256 = DIRECTION('',(-1.,0.,-0.));
#10257 = ADVANCED_FACE('',(#10258),#10269,.T.);
#10258 = FACE_BOUND('',#10259,.T.);
#10259 = EDGE_LOOP('',(#10260,#10261,#10262,#10263));
#10260 = ORIENTED_EDGE('',*,*,#8597,.T.);
#10261 = ORIENTED_EDGE('',*,*,#10247,.T.);
#10262 = ORIENTED_EDGE('',*,*,#9268,.F.);
#10263 = ORIENTED_EDGE('',*,*,#10264,.F.);
#10264 = EDGE_CURVE('',#8589,#9260,#10265,.T.);
#10265 = LINE('',#10266,#10267);
#10266 = CARTESIAN_POINT('',(16.049872,-6.046863,-4.6E-02));
#10267 = VECTOR('',#10268,1.);
#10268 = DIRECTION('',(0.,0.,1.));
#10269 = PLANE('',#10270);
#10270 = AXIS2_PLACEMENT_3D('',#10271,#10272,#10273);
#10271 = CARTESIAN_POINT('',(16.049872,-6.946863,-4.6E-02));
#10272 = DIRECTION('',(-1.,0.,0.));
#10273 = DIRECTION('',(0.,1.,0.));
#10274 = ADVANCED_FACE('',(#10275),#10286,.F.);
#10275 = FACE_BOUND('',#10276,.T.);
#10276 = EDGE_LOOP('',(#10277,#10278,#10279,#10280));
#10277 = ORIENTED_EDGE('',*,*,#8588,.T.);
#10278 = ORIENTED_EDGE('',*,*,#10264,.T.);
#10279 = ORIENTED_EDGE('',*,*,#9259,.F.);
#10280 = ORIENTED_EDGE('',*,*,#10281,.F.);
#10281 = EDGE_CURVE('',#8581,#9252,#10282,.T.);
#10282 = LINE('',#10283,#10284);
#10283 = CARTESIAN_POINT('',(15.449872,-6.046863,-4.6E-02));
#10284 = VECTOR('',#10285,1.);
#10285 = DIRECTION('',(0.,0.,1.));
#10286 = CYLINDRICAL_SURFACE('',#10287,0.3);
#10287 = AXIS2_PLACEMENT_3D('',#10288,#10289,#10290);
#10288 = CARTESIAN_POINT('',(15.749872,-6.046863,-4.6E-02));
#10289 = DIRECTION('',(-0.,-0.,-1.));
#10290 = DIRECTION('',(1.,0.,-0.));
#10291 = ADVANCED_FACE('',(#10292),#10298,.T.);
#10292 = FACE_BOUND('',#10293,.T.);
#10293 = EDGE_LOOP('',(#10294,#10295,#10296,#10297));
#10294 = ORIENTED_EDGE('',*,*,#8580,.T.);
#10295 = ORIENTED_EDGE('',*,*,#10281,.T.);
#10296 = ORIENTED_EDGE('',*,*,#9251,.F.);
#10297 = ORIENTED_EDGE('',*,*,#10240,.F.);
#10298 = PLANE('',#10299);
#10299 = AXIS2_PLACEMENT_3D('',#10300,#10301,#10302);
#10300 = CARTESIAN_POINT('',(15.449872,-6.046863,-4.6E-02));
#10301 = DIRECTION('',(1.,0.,-0.));
#10302 = DIRECTION('',(0.,-1.,0.));
#10303 = ADVANCED_FACE('',(#10304),#10320,.F.);
#10304 = FACE_BOUND('',#10305,.T.);
#10305 = EDGE_LOOP('',(#10306,#10307,#10313,#10314));
#10306 = ORIENTED_EDGE('',*,*,#8605,.T.);
#10307 = ORIENTED_EDGE('',*,*,#10308,.T.);
#10308 = EDGE_CURVE('',#8608,#9279,#10309,.T.);
#10309 = LINE('',#10310,#10311);
#10310 = CARTESIAN_POINT('',(16.699872,-6.946863,-4.6E-02));
#10311 = VECTOR('',#10312,1.);
#10312 = DIRECTION('',(0.,0.,1.));
#10313 = ORIENTED_EDGE('',*,*,#9276,.F.);
#10314 = ORIENTED_EDGE('',*,*,#10315,.F.);
#10315 = EDGE_CURVE('',#8606,#9277,#10316,.T.);
#10316 = LINE('',#10317,#10318);
#10317 = CARTESIAN_POINT('',(17.299872,-6.946863,-4.6E-02));
#10318 = VECTOR('',#10319,1.);
#10319 = DIRECTION('',(0.,0.,1.));
#10320 = CYLINDRICAL_SURFACE('',#10321,0.3);
#10321 = AXIS2_PLACEMENT_3D('',#10322,#10323,#10324);
#10322 = CARTESIAN_POINT('',(16.999872,-6.946863,-4.6E-02));
#10323 = DIRECTION('',(-0.,-0.,-1.));
#10324 = DIRECTION('',(-1.,-5.921189464667E-15,0.));
#10325 = ADVANCED_FACE('',(#10326),#10337,.T.);
#10326 = FACE_BOUND('',#10327,.T.);
#10327 = EDGE_LOOP('',(#10328,#10329,#10330,#10331));
#10328 = ORIENTED_EDGE('',*,*,#8633,.T.);
#10329 = ORIENTED_EDGE('',*,*,#10315,.T.);
#10330 = ORIENTED_EDGE('',*,*,#9304,.F.);
#10331 = ORIENTED_EDGE('',*,*,#10332,.F.);
#10332 = EDGE_CURVE('',#8625,#9296,#10333,.T.);
#10333 = LINE('',#10334,#10335);
#10334 = CARTESIAN_POINT('',(17.299872,-6.046863,-4.6E-02));
#10335 = VECTOR('',#10336,1.);
#10336 = DIRECTION('',(0.,0.,1.));
#10337 = PLANE('',#10338);
#10338 = AXIS2_PLACEMENT_3D('',#10339,#10340,#10341);
#10339 = CARTESIAN_POINT('',(17.299872,-6.946863,-4.6E-02));
#10340 = DIRECTION('',(-1.,0.,0.));
#10341 = DIRECTION('',(0.,1.,0.));
#10342 = ADVANCED_FACE('',(#10343),#10354,.F.);
#10343 = FACE_BOUND('',#10344,.T.);
#10344 = EDGE_LOOP('',(#10345,#10346,#10347,#10348));
#10345 = ORIENTED_EDGE('',*,*,#8624,.T.);
#10346 = ORIENTED_EDGE('',*,*,#10332,.T.);
#10347 = ORIENTED_EDGE('',*,*,#9295,.F.);
#10348 = ORIENTED_EDGE('',*,*,#10349,.F.);
#10349 = EDGE_CURVE('',#8617,#9288,#10350,.T.);
#10350 = LINE('',#10351,#10352);
#10351 = CARTESIAN_POINT('',(16.699872,-6.046863,-4.6E-02));
#10352 = VECTOR('',#10353,1.);
#10353 = DIRECTION('',(0.,0.,1.));
#10354 = CYLINDRICAL_SURFACE('',#10355,0.3);
#10355 = AXIS2_PLACEMENT_3D('',#10356,#10357,#10358);
#10356 = CARTESIAN_POINT('',(16.999872,-6.046863,-4.6E-02));
#10357 = DIRECTION('',(-0.,-0.,-1.));
#10358 = DIRECTION('',(1.,5.921189464667E-15,-0.));
#10359 = ADVANCED_FACE('',(#10360),#10366,.T.);
#10360 = FACE_BOUND('',#10361,.T.);
#10361 = EDGE_LOOP('',(#10362,#10363,#10364,#10365));
#10362 = ORIENTED_EDGE('',*,*,#8616,.T.);
#10363 = ORIENTED_EDGE('',*,*,#10349,.T.);
#10364 = ORIENTED_EDGE('',*,*,#9287,.F.);
#10365 = ORIENTED_EDGE('',*,*,#10308,.F.);
#10366 = PLANE('',#10367);
#10367 = AXIS2_PLACEMENT_3D('',#10368,#10369,#10370);
#10368 = CARTESIAN_POINT('',(16.699872,-6.046863,-4.6E-02));
#10369 = DIRECTION('',(1.,0.,-0.));
#10370 = DIRECTION('',(0.,-1.,0.));
#10371 = ADVANCED_FACE('',(#10372),#10388,.F.);
#10372 = FACE_BOUND('',#10373,.T.);
#10373 = EDGE_LOOP('',(#10374,#10375,#10381,#10382));
#10374 = ORIENTED_EDGE('',*,*,#8641,.T.);
#10375 = ORIENTED_EDGE('',*,*,#10376,.T.);
#10376 = EDGE_CURVE('',#8644,#9315,#10377,.T.);
#10377 = LINE('',#10378,#10379);
#10378 = CARTESIAN_POINT('',(19.199872,-6.946863,-4.6E-02));
#10379 = VECTOR('',#10380,1.);
#10380 = DIRECTION('',(0.,0.,1.));
#10381 = ORIENTED_EDGE('',*,*,#9312,.F.);
#10382 = ORIENTED_EDGE('',*,*,#10383,.F.);
#10383 = EDGE_CURVE('',#8642,#9313,#10384,.T.);
#10384 = LINE('',#10385,#10386);
#10385 = CARTESIAN_POINT('',(19.799872,-6.946863,-4.6E-02));
#10386 = VECTOR('',#10387,1.);
#10387 = DIRECTION('',(0.,0.,1.));
#10388 = CYLINDRICAL_SURFACE('',#10389,0.3);
#10389 = AXIS2_PLACEMENT_3D('',#10390,#10391,#10392);
#10390 = CARTESIAN_POINT('',(19.499872,-6.946863,-4.6E-02));
#10391 = DIRECTION('',(-0.,-0.,-1.));
#10392 = DIRECTION('',(-1.,-5.921189464667E-15,0.));
#10393 = ADVANCED_FACE('',(#10394),#10405,.T.);
#10394 = FACE_BOUND('',#10395,.T.);
#10395 = EDGE_LOOP('',(#10396,#10397,#10398,#10399));
#10396 = ORIENTED_EDGE('',*,*,#8669,.T.);
#10397 = ORIENTED_EDGE('',*,*,#10383,.T.);
#10398 = ORIENTED_EDGE('',*,*,#9340,.F.);
#10399 = ORIENTED_EDGE('',*,*,#10400,.F.);
#10400 = EDGE_CURVE('',#8661,#9332,#10401,.T.);
#10401 = LINE('',#10402,#10403);
#10402 = CARTESIAN_POINT('',(19.799872,-6.046863,-4.6E-02));
#10403 = VECTOR('',#10404,1.);
#10404 = DIRECTION('',(0.,0.,1.));
#10405 = PLANE('',#10406);
#10406 = AXIS2_PLACEMENT_3D('',#10407,#10408,#10409);
#10407 = CARTESIAN_POINT('',(19.799872,-6.946863,-4.6E-02));
#10408 = DIRECTION('',(-1.,0.,0.));
#10409 = DIRECTION('',(0.,1.,0.));
#10410 = ADVANCED_FACE('',(#10411),#10422,.F.);
#10411 = FACE_BOUND('',#10412,.T.);
#10412 = EDGE_LOOP('',(#10413,#10414,#10415,#10416));
#10413 = ORIENTED_EDGE('',*,*,#8660,.T.);
#10414 = ORIENTED_EDGE('',*,*,#10400,.T.);
#10415 = ORIENTED_EDGE('',*,*,#9331,.F.);
#10416 = ORIENTED_EDGE('',*,*,#10417,.F.);
#10417 = EDGE_CURVE('',#8653,#9324,#10418,.T.);
#10418 = LINE('',#10419,#10420);
#10419 = CARTESIAN_POINT('',(19.199872,-6.046863,-4.6E-02));
#10420 = VECTOR('',#10421,1.);
#10421 = DIRECTION('',(0.,0.,1.));
#10422 = CYLINDRICAL_SURFACE('',#10423,0.3);
#10423 = AXIS2_PLACEMENT_3D('',#10424,#10425,#10426);
#10424 = CARTESIAN_POINT('',(19.499872,-6.046863,-4.6E-02));
#10425 = DIRECTION('',(-0.,-0.,-1.));
#10426 = DIRECTION('',(1.,5.921189464667E-15,-0.));
#10427 = ADVANCED_FACE('',(#10428),#10434,.T.);
#10428 = FACE_BOUND('',#10429,.T.);
#10429 = EDGE_LOOP('',(#10430,#10431,#10432,#10433));
#10430 = ORIENTED_EDGE('',*,*,#8652,.T.);
#10431 = ORIENTED_EDGE('',*,*,#10417,.T.);
#10432 = ORIENTED_EDGE('',*,*,#9323,.F.);
#10433 = ORIENTED_EDGE('',*,*,#10376,.F.);
#10434 = PLANE('',#10435);
#10435 = AXIS2_PLACEMENT_3D('',#10436,#10437,#10438);
#10436 = CARTESIAN_POINT('',(19.199872,-6.046863,-4.6E-02));
#10437 = DIRECTION('',(1.,0.,-0.));
#10438 = DIRECTION('',(0.,-1.,0.));
#10439 = ADVANCED_FACE('',(#10440),#10451,.F.);
#10440 = FACE_BOUND('',#10441,.T.);
#10441 = EDGE_LOOP('',(#10442,#10443,#10449,#10450));
#10442 = ORIENTED_EDGE('',*,*,#8677,.T.);
#10443 = ORIENTED_EDGE('',*,*,#10444,.T.);
#10444 = EDGE_CURVE('',#8678,#9349,#10445,.T.);
#10445 = LINE('',#10446,#10447);
#10446 = CARTESIAN_POINT('',(-19.500128,0.908137,-4.6E-02));
#10447 = VECTOR('',#10448,1.);
#10448 = DIRECTION('',(0.,0.,1.));
#10449 = ORIENTED_EDGE('',*,*,#9348,.F.);
#10450 = ORIENTED_EDGE('',*,*,#10444,.F.);
#10451 = CYLINDRICAL_SURFACE('',#10452,0.51);
#10452 = AXIS2_PLACEMENT_3D('',#10453,#10454,#10455);
#10453 = CARTESIAN_POINT('',(-19.500128,1.418137,-4.6E-02));
#10454 = DIRECTION('',(-0.,-0.,-1.));
#10455 = DIRECTION('',(-0.,-1.,0.));
#10456 = ADVANCED_FACE('',(#10457),#10468,.F.);
#10457 = FACE_BOUND('',#10458,.T.);
#10458 = EDGE_LOOP('',(#10459,#10460,#10466,#10467));
#10459 = ORIENTED_EDGE('',*,*,#8688,.T.);
#10460 = ORIENTED_EDGE('',*,*,#10461,.T.);
#10461 = EDGE_CURVE('',#8689,#9360,#10462,.T.);
#10462 = LINE('',#10463,#10464);
#10463 = CARTESIAN_POINT('',(-16.500128,0.908137,-4.6E-02));
#10464 = VECTOR('',#10465,1.);
#10465 = DIRECTION('',(0.,0.,1.));
#10466 = ORIENTED_EDGE('',*,*,#9359,.F.);
#10467 = ORIENTED_EDGE('',*,*,#10461,.F.);
#10468 = CYLINDRICAL_SURFACE('',#10469,0.51);
#10469 = AXIS2_PLACEMENT_3D('',#10470,#10471,#10472);
#10470 = CARTESIAN_POINT('',(-16.500128,1.418137,-4.6E-02));
#10471 = DIRECTION('',(-0.,-0.,-1.));
#10472 = DIRECTION('',(-0.,-1.,0.));
#10473 = ADVANCED_FACE('',(#10474),#10485,.F.);
#10474 = FACE_BOUND('',#10475,.T.);
#10475 = EDGE_LOOP('',(#10476,#10477,#10483,#10484));
#10476 = ORIENTED_EDGE('',*,*,#8699,.T.);
#10477 = ORIENTED_EDGE('',*,*,#10478,.T.);
#10478 = EDGE_CURVE('',#8700,#9371,#10479,.T.);
#10479 = LINE('',#10480,#10481);
#10480 = CARTESIAN_POINT('',(-19.500128,3.908137,-4.6E-02));
#10481 = VECTOR('',#10482,1.);
#10482 = DIRECTION('',(0.,0.,1.));
#10483 = ORIENTED_EDGE('',*,*,#9370,.F.);
#10484 = ORIENTED_EDGE('',*,*,#10478,.F.);
#10485 = CYLINDRICAL_SURFACE('',#10486,0.51);
#10486 = AXIS2_PLACEMENT_3D('',#10487,#10488,#10489);
#10487 = CARTESIAN_POINT('',(-19.500128,4.418137,-4.6E-02));
#10488 = DIRECTION('',(-0.,-0.,-1.));
#10489 = DIRECTION('',(-0.,-1.,0.));
#10490 = ADVANCED_FACE('',(#10491),#10502,.F.);
#10491 = FACE_BOUND('',#10492,.T.);
#10492 = EDGE_LOOP('',(#10493,#10494,#10500,#10501));
#10493 = ORIENTED_EDGE('',*,*,#8710,.T.);
#10494 = ORIENTED_EDGE('',*,*,#10495,.T.);
#10495 = EDGE_CURVE('',#8711,#9382,#10496,.T.);
#10496 = LINE('',#10497,#10498);
#10497 = CARTESIAN_POINT('',(-16.500128,3.908137,-4.6E-02));
#10498 = VECTOR('',#10499,1.);
#10499 = DIRECTION('',(0.,0.,1.));
#10500 = ORIENTED_EDGE('',*,*,#9381,.F.);
#10501 = ORIENTED_EDGE('',*,*,#10495,.F.);
#10502 = CYLINDRICAL_SURFACE('',#10503,0.51);
#10503 = AXIS2_PLACEMENT_3D('',#10504,#10505,#10506);
#10504 = CARTESIAN_POINT('',(-16.500128,4.418137,-4.6E-02));
#10505 = DIRECTION('',(-0.,-0.,-1.));
#10506 = DIRECTION('',(-0.,-1.,0.));
#10507 = ADVANCED_FACE('',(#10508),#10519,.F.);
#10508 = FACE_BOUND('',#10509,.T.);
#10509 = EDGE_LOOP('',(#10510,#10511,#10517,#10518));
#10510 = ORIENTED_EDGE('',*,*,#8721,.T.);
#10511 = ORIENTED_EDGE('',*,*,#10512,.T.);
#10512 = EDGE_CURVE('',#8722,#9393,#10513,.T.);
#10513 = LINE('',#10514,#10515);
#10514 = CARTESIAN_POINT('',(-7.500128,0.908137,-4.6E-02));
#10515 = VECTOR('',#10516,1.);
#10516 = DIRECTION('',(0.,0.,1.));
#10517 = ORIENTED_EDGE('',*,*,#9392,.F.);
#10518 = ORIENTED_EDGE('',*,*,#10512,.F.);
#10519 = CYLINDRICAL_SURFACE('',#10520,0.51);
#10520 = AXIS2_PLACEMENT_3D('',#10521,#10522,#10523);
#10521 = CARTESIAN_POINT('',(-7.500128,1.418137,-4.6E-02));
#10522 = DIRECTION('',(-0.,-0.,-1.));
#10523 = DIRECTION('',(-0.,-1.,0.));
#10524 = ADVANCED_FACE('',(#10525),#10536,.F.);
#10525 = FACE_BOUND('',#10526,.T.);
#10526 = EDGE_LOOP('',(#10527,#10528,#10534,#10535));
#10527 = ORIENTED_EDGE('',*,*,#8732,.T.);
#10528 = ORIENTED_EDGE('',*,*,#10529,.T.);
#10529 = EDGE_CURVE('',#8733,#9404,#10530,.T.);
#10530 = LINE('',#10531,#10532);
#10531 = CARTESIAN_POINT('',(-4.500128,0.908137,-4.6E-02));
#10532 = VECTOR('',#10533,1.);
#10533 = DIRECTION('',(0.,0.,1.));
#10534 = ORIENTED_EDGE('',*,*,#9403,.F.);
#10535 = ORIENTED_EDGE('',*,*,#10529,.F.);
#10536 = CYLINDRICAL_SURFACE('',#10537,0.51);
#10537 = AXIS2_PLACEMENT_3D('',#10538,#10539,#10540);
#10538 = CARTESIAN_POINT('',(-4.500128,1.418137,-4.6E-02));
#10539 = DIRECTION('',(-0.,-0.,-1.));
#10540 = DIRECTION('',(-0.,-1.,0.));
#10541 = ADVANCED_FACE('',(#10542),#10553,.F.);
#10542 = FACE_BOUND('',#10543,.T.);
#10543 = EDGE_LOOP('',(#10544,#10545,#10551,#10552));
#10544 = ORIENTED_EDGE('',*,*,#8743,.T.);
#10545 = ORIENTED_EDGE('',*,*,#10546,.T.);
#10546 = EDGE_CURVE('',#8744,#9415,#10547,.T.);
#10547 = LINE('',#10548,#10549);
#10548 = CARTESIAN_POINT('',(-7.500128,3.908137,-4.6E-02));
#10549 = VECTOR('',#10550,1.);
#10550 = DIRECTION('',(0.,0.,1.));
#10551 = ORIENTED_EDGE('',*,*,#9414,.F.);
#10552 = ORIENTED_EDGE('',*,*,#10546,.F.);
#10553 = CYLINDRICAL_SURFACE('',#10554,0.51);
#10554 = AXIS2_PLACEMENT_3D('',#10555,#10556,#10557);
#10555 = CARTESIAN_POINT('',(-7.500128,4.418137,-4.6E-02));
#10556 = DIRECTION('',(-0.,-0.,-1.));
#10557 = DIRECTION('',(-0.,-1.,0.));
#10558 = ADVANCED_FACE('',(#10559),#10570,.F.);
#10559 = FACE_BOUND('',#10560,.T.);
#10560 = EDGE_LOOP('',(#10561,#10562,#10568,#10569));
#10561 = ORIENTED_EDGE('',*,*,#8754,.T.);
#10562 = ORIENTED_EDGE('',*,*,#10563,.T.);
#10563 = EDGE_CURVE('',#8755,#9426,#10564,.T.);
#10564 = LINE('',#10565,#10566);
#10565 = CARTESIAN_POINT('',(-4.500128,3.908137,-4.6E-02));
#10566 = VECTOR('',#10567,1.);
#10567 = DIRECTION('',(0.,0.,1.));
#10568 = ORIENTED_EDGE('',*,*,#9425,.F.);
#10569 = ORIENTED_EDGE('',*,*,#10563,.F.);
#10570 = CYLINDRICAL_SURFACE('',#10571,0.51);
#10571 = AXIS2_PLACEMENT_3D('',#10572,#10573,#10574);
#10572 = CARTESIAN_POINT('',(-4.500128,4.418137,-4.6E-02));
#10573 = DIRECTION('',(-0.,-0.,-1.));
#10574 = DIRECTION('',(-0.,-1.,0.));
#10575 = ADVANCED_FACE('',(#10576),#10587,.F.);
#10576 = FACE_BOUND('',#10577,.T.);
#10577 = EDGE_LOOP('',(#10578,#10579,#10585,#10586));
#10578 = ORIENTED_EDGE('',*,*,#8765,.T.);
#10579 = ORIENTED_EDGE('',*,*,#10580,.T.);
#10580 = EDGE_CURVE('',#8766,#9437,#10581,.T.);
#10581 = LINE('',#10582,#10583);
#10582 = CARTESIAN_POINT('',(-18.000128,7.238137,-4.6E-02));
#10583 = VECTOR('',#10584,1.);
#10584 = DIRECTION('',(0.,0.,1.));
#10585 = ORIENTED_EDGE('',*,*,#9436,.F.);
#10586 = ORIENTED_EDGE('',*,*,#10580,.F.);
#10587 = CYLINDRICAL_SURFACE('',#10588,1.5);
#10588 = AXIS2_PLACEMENT_3D('',#10589,#10590,#10591);
#10589 = CARTESIAN_POINT('',(-18.000128,8.738137,-4.6E-02));
#10590 = DIRECTION('',(-0.,-0.,-1.));
#10591 = DIRECTION('',(-0.,-1.,0.));
#10592 = ADVANCED_FACE('',(#10593),#10604,.F.);
#10593 = FACE_BOUND('',#10594,.T.);
#10594 = EDGE_LOOP('',(#10595,#10596,#10602,#10603));
#10595 = ORIENTED_EDGE('',*,*,#8776,.T.);
#10596 = ORIENTED_EDGE('',*,*,#10597,.T.);
#10597 = EDGE_CURVE('',#8777,#9448,#10598,.T.);
#10598 = LINE('',#10599,#10600);
#10599 = CARTESIAN_POINT('',(-6.000128,7.238137,-4.6E-02));
#10600 = VECTOR('',#10601,1.);
#10601 = DIRECTION('',(0.,0.,1.));
#10602 = ORIENTED_EDGE('',*,*,#9447,.F.);
#10603 = ORIENTED_EDGE('',*,*,#10597,.F.);
#10604 = CYLINDRICAL_SURFACE('',#10605,1.5);
#10605 = AXIS2_PLACEMENT_3D('',#10606,#10607,#10608);
#10606 = CARTESIAN_POINT('',(-6.000128,8.738137,-4.6E-02));
#10607 = DIRECTION('',(-0.,-0.,-1.));
#10608 = DIRECTION('',(-0.,-1.,0.));
#10609 = ADVANCED_FACE('',(#10610),#10621,.F.);
#10610 = FACE_BOUND('',#10611,.T.);
#10611 = EDGE_LOOP('',(#10612,#10613,#10619,#10620));
#10612 = ORIENTED_EDGE('',*,*,#8787,.T.);
#10613 = ORIENTED_EDGE('',*,*,#10614,.T.);
#10614 = EDGE_CURVE('',#8788,#9459,#10615,.T.);
#10615 = LINE('',#10616,#10617);
#10616 = CARTESIAN_POINT('',(4.499872,0.908137,-4.6E-02));
#10617 = VECTOR('',#10618,1.);
#10618 = DIRECTION('',(0.,0.,1.));
#10619 = ORIENTED_EDGE('',*,*,#9458,.F.);
#10620 = ORIENTED_EDGE('',*,*,#10614,.F.);
#10621 = CYLINDRICAL_SURFACE('',#10622,0.51);
#10622 = AXIS2_PLACEMENT_3D('',#10623,#10624,#10625);
#10623 = CARTESIAN_POINT('',(4.499872,1.418137,-4.6E-02));
#10624 = DIRECTION('',(-0.,-0.,-1.));
#10625 = DIRECTION('',(-0.,-1.,0.));
#10626 = ADVANCED_FACE('',(#10627),#10638,.F.);
#10627 = FACE_BOUND('',#10628,.T.);
#10628 = EDGE_LOOP('',(#10629,#10630,#10636,#10637));
#10629 = ORIENTED_EDGE('',*,*,#8798,.T.);
#10630 = ORIENTED_EDGE('',*,*,#10631,.T.);
#10631 = EDGE_CURVE('',#8799,#9470,#10632,.T.);
#10632 = LINE('',#10633,#10634);
#10633 = CARTESIAN_POINT('',(7.499872,0.908137,-4.6E-02));
#10634 = VECTOR('',#10635,1.);
#10635 = DIRECTION('',(0.,0.,1.));
#10636 = ORIENTED_EDGE('',*,*,#9469,.F.);
#10637 = ORIENTED_EDGE('',*,*,#10631,.F.);
#10638 = CYLINDRICAL_SURFACE('',#10639,0.51);
#10639 = AXIS2_PLACEMENT_3D('',#10640,#10641,#10642);
#10640 = CARTESIAN_POINT('',(7.499872,1.418137,-4.6E-02));
#10641 = DIRECTION('',(-0.,-0.,-1.));
#10642 = DIRECTION('',(-0.,-1.,0.));
#10643 = ADVANCED_FACE('',(#10644),#10655,.F.);
#10644 = FACE_BOUND('',#10645,.T.);
#10645 = EDGE_LOOP('',(#10646,#10647,#10653,#10654));
#10646 = ORIENTED_EDGE('',*,*,#8809,.T.);
#10647 = ORIENTED_EDGE('',*,*,#10648,.T.);
#10648 = EDGE_CURVE('',#8810,#9481,#10649,.T.);
#10649 = LINE('',#10650,#10651);
#10650 = CARTESIAN_POINT('',(4.499872,3.908137,-4.6E-02));
#10651 = VECTOR('',#10652,1.);
#10652 = DIRECTION('',(0.,0.,1.));
#10653 = ORIENTED_EDGE('',*,*,#9480,.F.);
#10654 = ORIENTED_EDGE('',*,*,#10648,.F.);
#10655 = CYLINDRICAL_SURFACE('',#10656,0.51);
#10656 = AXIS2_PLACEMENT_3D('',#10657,#10658,#10659);
#10657 = CARTESIAN_POINT('',(4.499872,4.418137,-4.6E-02));
#10658 = DIRECTION('',(-0.,-0.,-1.));
#10659 = DIRECTION('',(-0.,-1.,0.));
#10660 = ADVANCED_FACE('',(#10661),#10672,.F.);
#10661 = FACE_BOUND('',#10662,.T.);
#10662 = EDGE_LOOP('',(#10663,#10664,#10670,#10671));
#10663 = ORIENTED_EDGE('',*,*,#8820,.T.);
#10664 = ORIENTED_EDGE('',*,*,#10665,.T.);
#10665 = EDGE_CURVE('',#8821,#9492,#10666,.T.);
#10666 = LINE('',#10667,#10668);
#10667 = CARTESIAN_POINT('',(7.499872,3.908137,-4.6E-02));
#10668 = VECTOR('',#10669,1.);
#10669 = DIRECTION('',(0.,0.,1.));
#10670 = ORIENTED_EDGE('',*,*,#9491,.F.);
#10671 = ORIENTED_EDGE('',*,*,#10665,.F.);
#10672 = CYLINDRICAL_SURFACE('',#10673,0.51);
#10673 = AXIS2_PLACEMENT_3D('',#10674,#10675,#10676);
#10674 = CARTESIAN_POINT('',(7.499872,4.418137,-4.6E-02));
#10675 = DIRECTION('',(-0.,-0.,-1.));
#10676 = DIRECTION('',(-0.,-1.,0.));
#10677 = ADVANCED_FACE('',(#10678),#10689,.F.);
#10678 = FACE_BOUND('',#10679,.T.);
#10679 = EDGE_LOOP('',(#10680,#10681,#10687,#10688));
#10680 = ORIENTED_EDGE('',*,*,#8831,.T.);
#10681 = ORIENTED_EDGE('',*,*,#10682,.T.);
#10682 = EDGE_CURVE('',#8832,#9503,#10683,.T.);
#10683 = LINE('',#10684,#10685);
#10684 = CARTESIAN_POINT('',(5.999872,7.238137,-4.6E-02));
#10685 = VECTOR('',#10686,1.);
#10686 = DIRECTION('',(0.,0.,1.));
#10687 = ORIENTED_EDGE('',*,*,#9502,.F.);
#10688 = ORIENTED_EDGE('',*,*,#10682,.F.);
#10689 = CYLINDRICAL_SURFACE('',#10690,1.5);
#10690 = AXIS2_PLACEMENT_3D('',#10691,#10692,#10693);
#10691 = CARTESIAN_POINT('',(5.999872,8.738137,-4.6E-02));
#10692 = DIRECTION('',(-0.,-0.,-1.));
#10693 = DIRECTION('',(-0.,-1.,0.));
#10694 = ADVANCED_FACE('',(#10695),#10706,.F.);
#10695 = FACE_BOUND('',#10696,.T.);
#10696 = EDGE_LOOP('',(#10697,#10698,#10704,#10705));
#10697 = ORIENTED_EDGE('',*,*,#8842,.T.);
#10698 = ORIENTED_EDGE('',*,*,#10699,.T.);
#10699 = EDGE_CURVE('',#8843,#9514,#10700,.T.);
#10700 = LINE('',#10701,#10702);
#10701 = CARTESIAN_POINT('',(21.999872,7.903137,-4.6E-02));
#10702 = VECTOR('',#10703,1.);
#10703 = DIRECTION('',(0.,0.,1.));
#10704 = ORIENTED_EDGE('',*,*,#9513,.F.);
#10705 = ORIENTED_EDGE('',*,*,#10699,.F.);
#10706 = CYLINDRICAL_SURFACE('',#10707,1.6);
#10707 = AXIS2_PLACEMENT_3D('',#10708,#10709,#10710);
#10708 = CARTESIAN_POINT('',(21.999872,9.503137,-4.6E-02));
#10709 = DIRECTION('',(-0.,-0.,-1.));
#10710 = DIRECTION('',(-0.,-1.,0.));
#10711 = ( GEOMETRIC_REPRESENTATION_CONTEXT(3) 
GLOBAL_UNCERTAINTY_ASSIGNED_CONTEXT((#10715)) 
GLOBAL_UNIT_ASSIGNED_CONTEXT((#10712,#10713,#10714)) 
REPRESENTATION_CONTEXT('Context #1',
  '3D Context with UNIT and UNCERTAINTY') );
#10712 = ( LENGTH_UNIT() NAMED_UNIT(*) SI_UNIT(.MILLI.,.METRE.) );
#10713 = ( NAMED_UNIT(*) PLANE_ANGLE_UNIT() SI_UNIT($,.RADIAN.) );
#10714 = ( NAMED_UNIT(*) SI_UNIT($,.STERADIAN.) SOLID_ANGLE_UNIT() );
#10715 = UNCERTAINTY_MEASURE_WITH_UNIT(LENGTH_MEASURE(1.E-07),#10712,
  'distance_accuracy_value','confusion accuracy');
#10716 = CONTEXT_DEPENDENT_SHAPE_REPRESENTATION(#10717,#10719);
#10717 = ( REPRESENTATION_RELATIONSHIP('','',#8077,#10) 
REPRESENTATION_RELATIONSHIP_WITH_TRANSFORMATION(#10718) 
SHAPE_REPRESENTATION_RELATIONSHIP() );
#10718 = ITEM_DEFINED_TRANSFORMATION('','',#11,#27);
#10719 = PRODUCT_DEFINITION_SHAPE('Placement','Placement of an item',
  #10720);
#10720 = NEXT_ASSEMBLY_USAGE_OCCURRENCE('10','=>[0:1:1:7]','',#5,#8072,$
  );
#10721 = PRODUCT_RELATED_PRODUCT_CATEGORY('part',$,(#8074));
#10722 = MECHANICAL_DESIGN_GEOMETRIC_PRESENTATION_REPRESENTATION('',(
    #10723),#7045);
#10723 = STYLED_ITEM('color',(#10724),#107);
#10724 = PRESENTATION_STYLE_ASSIGNMENT((#10725));
#10725 = SURFACE_STYLE_USAGE(.BOTH.,#10726);
#10726 = SURFACE_SIDE_STYLE('',(#10727));
#10727 = SURFACE_STYLE_FILL_AREA(#10728);
#10728 = FILL_AREA_STYLE('',(#10729));
#10729 = FILL_AREA_STYLE_COLOUR('',#10730);
#10730 = COLOUR_RGB('',0.199999998682,0.199999998682,0.199999998682);
#10731 = MECHANICAL_DESIGN_GEOMETRIC_PRESENTATION_REPRESENTATION('',(
    #10732),#10711);
#10732 = STYLED_ITEM('color',(#10733),#8078);
#10733 = PRESENTATION_STYLE_ASSIGNMENT((#10734));
#10734 = SURFACE_STYLE_USAGE(.BOTH.,#10735);
#10735 = SURFACE_SIDE_STYLE('',(#10736));
#10736 = SURFACE_STYLE_FILL_AREA(#10737);
#10737 = FILL_AREA_STYLE('',(#10738));
#10738 = FILL_AREA_STYLE_COLOUR('',#10739);
#10739 = COLOUR_RGB('',0.313304153717,0.484529207832,0.410020903123);
#10740 = MECHANICAL_DESIGN_GEOMETRIC_PRESENTATION_REPRESENTATION('',(
    #10741),#7542);
#10741 = STYLED_ITEM('color',(#10742),#7064);
#10742 = PRESENTATION_STYLE_ASSIGNMENT((#10743));
#10743 = SURFACE_STYLE_USAGE(.BOTH.,#10744);
#10744 = SURFACE_SIDE_STYLE('',(#10745));
#10745 = SURFACE_STYLE_FILL_AREA(#10746);
#10746 = FILL_AREA_STYLE('',(#10747));
#10747 = FILL_AREA_STYLE_COLOUR('',#10748);
#10748 = COLOUR_RGB('',0.645180691543,0.678915673735,0.699999984889);
#10749 = MECHANICAL_DESIGN_GEOMETRIC_PRESENTATION_REPRESENTATION('',(
    #10750),#8039);
#10750 = STYLED_ITEM('color',(#10751),#7561);
#10751 = PRESENTATION_STYLE_ASSIGNMENT((#10752));
#10752 = SURFACE_STYLE_USAGE(.BOTH.,#10753);
#10753 = SURFACE_SIDE_STYLE('',(#10754));
#10754 = SURFACE_STYLE_FILL_AREA(#10755);
#10755 = FILL_AREA_STYLE('',(#10756));
#10756 = FILL_AREA_STYLE_COLOUR('',#10748);
ENDSEC;
END-ISO-10303-21;
