solid 
 facet normal  1.121845e-01  9.936874e-01  0.000000e+00
   outer loop
     vertex  2.444577e+01  1.345280e+01  0.000000e+00
     vertex  2.399987e+01  1.350314e+01  0.000000e+00
     vertex  2.399987e+01  1.350314e+01  1.510000e+00
   endloop
 endfacet
 facet normal  1.121845e-01  9.936874e-01 -0.000000e+00
   outer loop
     vertex  2.444577e+01  1.345280e+01  0.000000e+00
     vertex  2.399987e+01  1.350314e+01  1.510000e+00
     vertex  2.444577e+01  1.345280e+01  1.510000e+00
   endloop
 endfacet
 facet normal  3.309010e-01  9.436655e-01 -0.000000e+00
   outer loop
     vertex  2.486922e+01  1.330431e+01  0.000000e+00
     vertex  2.444577e+01  1.345280e+01  1.510000e+00
     vertex  2.486922e+01  1.330431e+01  1.510000e+00
   endloop
 endfacet
 facet normal  3.309010e-01  9.436655e-01  0.000000e+00
   outer loop
     vertex  2.486922e+01  1.330431e+01  0.000000e+00
     vertex  2.444577e+01  1.345280e+01  0.000000e+00
     vertex  2.444577e+01  1.345280e+01  1.510000e+00
   endloop
 endfacet
 facet normal  5.329602e-01  8.461403e-01 -0.000000e+00
   outer loop
     vertex  2.524891e+01  1.306516e+01  0.000000e+00
     vertex  2.486922e+01  1.330431e+01  1.510000e+00
     vertex  2.524891e+01  1.306516e+01  1.510000e+00
   endloop
 endfacet
 facet normal  5.329602e-01  8.461403e-01  0.000000e+00
   outer loop
     vertex  2.524891e+01  1.306516e+01  0.000000e+00
     vertex  2.486922e+01  1.330431e+01  0.000000e+00
     vertex  2.486922e+01  1.330431e+01  1.510000e+00
   endloop
 endfacet
 facet normal  7.081908e-01  7.060211e-01 -0.000000e+00
   outer loop
     vertex  2.556572e+01  1.274737e+01  0.000000e+00
     vertex  2.524891e+01  1.306516e+01  1.510000e+00
     vertex  2.556572e+01  1.274737e+01  1.510000e+00
   endloop
 endfacet
 facet normal  7.081908e-01  7.060211e-01  0.000000e+00
   outer loop
     vertex  2.556572e+01  1.274737e+01  0.000000e+00
     vertex  2.524891e+01  1.306516e+01  0.000000e+00
     vertex  2.524891e+01  1.306516e+01  1.510000e+00
   endloop
 endfacet
 facet normal  8.477716e-01  5.303615e-01 -0.000000e+00
   outer loop
     vertex  2.580371e+01  1.236695e+01  0.000000e+00
     vertex  2.556572e+01  1.274737e+01  1.510000e+00
     vertex  2.580371e+01  1.236695e+01  1.510000e+00
   endloop
 endfacet
 facet normal  9.446763e-01  3.280040e-01 -0.000000e+00
   outer loop
     vertex  2.580371e+01  1.236695e+01  0.000000e+00
     vertex  2.580371e+01  1.236695e+01  1.510000e+00
     vertex  2.595090e+01  1.194304e+01  1.510000e+00
   endloop
 endfacet
 facet normal  8.477716e-01  5.303615e-01  0.000000e+00
   outer loop
     vertex  2.580371e+01  1.236695e+01  0.000000e+00
     vertex  2.556572e+01  1.274737e+01  0.000000e+00
     vertex  2.556572e+01  1.274737e+01  1.510000e+00
   endloop
 endfacet
 facet normal  9.446763e-01  3.280040e-01 -0.000000e+00
   outer loop
     vertex  2.595090e+01  1.194304e+01  0.000000e+00
     vertex  2.580371e+01  1.236695e+01  0.000000e+00
     vertex  2.595090e+01  1.194304e+01  1.510000e+00
   endloop
 endfacet
 facet normal  9.940269e-01  1.091350e-01 -0.000000e+00
   outer loop
     vertex  2.599987e+01  1.149699e+01  0.000000e+00
     vertex  2.595090e+01  1.194304e+01  1.510000e+00
     vertex  2.599987e+01  1.149699e+01  1.510000e+00
   endloop
 endfacet
 facet normal  9.940269e-01  1.091350e-01  0.000000e+00
   outer loop
     vertex  2.599987e+01  1.149699e+01  0.000000e+00
     vertex  2.595090e+01  1.194304e+01  0.000000e+00
     vertex  2.595090e+01  1.194304e+01  1.510000e+00
   endloop
 endfacet
 facet normal -1.253763e-04  1.000000e+00  0.000000e+00
   outer loop
     vertex  2.399987e+01  1.350314e+01  0.000000e+00
     vertex -2.399962e+01  1.349712e+01  0.000000e+00
     vertex -2.399962e+01  1.349712e+01  1.510000e+00
   endloop
 endfacet
 facet normal -1.253763e-04  1.000000e+00  0.000000e+00
   outer loop
     vertex  2.399987e+01  1.350314e+01  0.000000e+00
     vertex -2.399962e+01  1.349712e+01  1.510000e+00
     vertex  2.399987e+01  1.350314e+01  1.510000e+00
   endloop
 endfacet
 facet normal  1.000000e+00  0.000000e+00  0.000000e+00
   outer loop
     vertex  2.599987e+01 -1.149686e+01  0.000000e+00
     vertex  2.599987e+01  1.149699e+01  0.000000e+00
     vertex  2.599987e+01  1.149699e+01  1.510000e+00
   endloop
 endfacet
 facet normal  1.000000e+00  0.000000e+00  0.000000e+00
   outer loop
     vertex  2.599987e+01 -1.149686e+01  0.000000e+00
     vertex  2.599987e+01  1.149699e+01  1.510000e+00
     vertex  2.599987e+01 -1.149686e+01  1.510000e+00
   endloop
 endfacet
 facet normal  0.000000e+00  0.000000e+00 -1.000000e+00
   outer loop
     vertex -2.313150e+01 -1.062823e+01  0.000000e+00
     vertex -2.399962e+01 -1.350314e+01  0.000000e+00
     vertex -2.451731e+01 -1.343496e+01  0.000000e+00
   endloop
 endfacet
 facet normal  0.000000e+00  0.000000e+00 -1.000000e+00
   outer loop
     vertex -2.313150e+01 -1.062823e+01  0.000000e+00
     vertex -2.451731e+01 -1.343496e+01  0.000000e+00
     vertex -2.499973e+01 -1.323513e+01  0.000000e+00
   endloop
 endfacet
 facet normal  0.000000e+00  0.000000e+00 -1.000000e+00
   outer loop
     vertex -2.313150e+01 -1.062823e+01  0.000000e+00
     vertex -2.499973e+01 -1.323513e+01  0.000000e+00
     vertex -2.541399e+01 -1.291725e+01  0.000000e+00
   endloop
 endfacet
 facet normal  0.000000e+00  0.000000e+00 -1.000000e+00
   outer loop
     vertex -2.313150e+01 -1.062823e+01  0.000000e+00
     vertex -2.541399e+01 -1.291725e+01  0.000000e+00
     vertex -2.573187e+01 -1.250299e+01  0.000000e+00
   endloop
 endfacet
 facet normal  0.000000e+00  0.000000e+00 -1.000000e+00
   outer loop
     vertex -2.313150e+01 -1.062823e+01  0.000000e+00
     vertex -2.573187e+01 -1.250299e+01  0.000000e+00
     vertex -2.593170e+01 -1.202058e+01  0.000000e+00
   endloop
 endfacet
 facet normal  0.000000e+00  0.000000e+00 -1.000000e+00
   outer loop
     vertex -2.313150e+01 -1.062823e+01  0.000000e+00
     vertex -2.593170e+01 -1.202058e+01  0.000000e+00
     vertex -2.599987e+01 -1.150288e+01  0.000000e+00
   endloop
 endfacet
 facet normal -0.000000e+00  0.000000e+00 -1.000000e+00
   outer loop
     vertex -2.280013e+01 -1.088250e+01  0.000000e+00
     vertex -2.399962e+01 -1.350314e+01  0.000000e+00
     vertex -2.313150e+01 -1.062823e+01  0.000000e+00
   endloop
 endfacet
 facet normal  0.000000e+00 -0.000000e+00 -1.000000e+00
   outer loop
     vertex -2.338577e+01 -1.029686e+01  0.000000e+00
     vertex -2.313150e+01 -1.062823e+01  0.000000e+00
     vertex -2.599987e+01 -1.150288e+01  0.000000e+00
   endloop
 endfacet
 facet normal  0.000000e+00 -0.000000e+00 -1.000000e+00
   outer loop
     vertex -2.354561e+01 -9.910973e+00  0.000000e+00
     vertex -2.338577e+01 -1.029686e+01  0.000000e+00
     vertex -2.599987e+01 -1.150288e+01  0.000000e+00
   endloop
 endfacet
 facet normal -0.000000e+00  0.000000e+00 -1.000000e+00
   outer loop
     vertex -2.241424e+01 -1.104234e+01  0.000000e+00
     vertex -2.399962e+01 -1.350314e+01  0.000000e+00
     vertex -2.280013e+01 -1.088250e+01  0.000000e+00
   endloop
 endfacet
 facet normal  0.000000e+00 -0.000000e+00 -1.000000e+00
   outer loop
     vertex -2.360013e+01 -9.496863e+00  0.000000e+00
     vertex -2.354561e+01 -9.910973e+00  0.000000e+00
     vertex -2.599987e+01 -1.150288e+01  0.000000e+00
   endloop
 endfacet
 facet normal -0.000000e+00  0.000000e+00 -1.000000e+00
   outer loop
     vertex -2.200013e+01 -1.109686e+01  0.000000e+00
     vertex -2.399962e+01 -1.350314e+01  0.000000e+00
     vertex -2.241424e+01 -1.104234e+01  0.000000e+00
   endloop
 endfacet
 facet normal  0.000000e+00  0.000000e+00 -1.000000e+00
   outer loop
     vertex -2.354561e+01 -9.082753e+00  0.000000e+00
     vertex -2.360013e+01 -9.496863e+00  0.000000e+00
     vertex -2.599987e+01 -1.150288e+01  0.000000e+00
   endloop
 endfacet
 facet normal  0.000000e+00  0.000000e+00 -1.000000e+00
   outer loop
     vertex -2.158602e+01 -1.104234e+01  0.000000e+00
     vertex -2.399962e+01 -1.350314e+01  0.000000e+00
     vertex -2.200013e+01 -1.109686e+01  0.000000e+00
   endloop
 endfacet
 facet normal  0.000000e+00  0.000000e+00 -1.000000e+00
   outer loop
     vertex -2.338577e+01 -8.696863e+00  0.000000e+00
     vertex -2.354561e+01 -9.082753e+00  0.000000e+00
     vertex -2.599987e+01 -1.150288e+01  0.000000e+00
   endloop
 endfacet
 facet normal  0.000000e+00  0.000000e+00 -1.000000e+00
   outer loop
     vertex -2.120013e+01 -1.088250e+01  0.000000e+00
     vertex -2.399962e+01 -1.350314e+01  0.000000e+00
     vertex -2.158602e+01 -1.104234e+01  0.000000e+00
   endloop
 endfacet
 facet normal  0.000000e+00  0.000000e+00 -1.000000e+00
   outer loop
     vertex -1.636226e+01 -7.158995e+00  0.000000e+00
     vertex -2.040013e+01 -9.496863e+00  0.000000e+00
     vertex -2.045465e+01 -9.082753e+00  0.000000e+00
   endloop
 endfacet
 facet normal  0.000000e+00 -0.000000e+00 -1.000000e+00
   outer loop
     vertex -1.640994e+01 -7.096863e+00  0.000000e+00
     vertex -1.636226e+01 -7.158995e+00  0.000000e+00
     vertex -2.045465e+01 -9.082753e+00  0.000000e+00
   endloop
 endfacet
 facet normal  0.000000e+00  0.000000e+00 -1.000000e+00
   outer loop
     vertex -1.640994e+01 -7.096863e+00  0.000000e+00
     vertex -2.045465e+01 -9.082753e+00  0.000000e+00
     vertex -2.061449e+01 -8.696863e+00  0.000000e+00
   endloop
 endfacet
 facet normal -0.000000e+00  0.000000e+00 -1.000000e+00
   outer loop
     vertex -1.630013e+01 -7.206671e+00  0.000000e+00
     vertex -2.040013e+01 -9.496863e+00  0.000000e+00
     vertex -1.636226e+01 -7.158995e+00  0.000000e+00
   endloop
 endfacet
 facet normal -0.000000e+00  0.000000e+00 -1.000000e+00
   outer loop
     vertex -1.622777e+01 -7.236641e+00  0.000000e+00
     vertex -2.040013e+01 -9.496863e+00  0.000000e+00
     vertex -1.630013e+01 -7.206671e+00  0.000000e+00
   endloop
 endfacet
 facet normal  0.000000e+00  0.000000e+00 -1.000000e+00
   outer loop
     vertex -1.622777e+01 -7.236641e+00  0.000000e+00
     vertex -2.045465e+01 -9.910973e+00  0.000000e+00
     vertex -2.040013e+01 -9.496863e+00  0.000000e+00
   endloop
 endfacet
 facet normal  0.000000e+00 -0.000000e+00 -1.000000e+00
   outer loop
     vertex -1.643991e+01 -7.024509e+00  0.000000e+00
     vertex -1.640994e+01 -7.096863e+00  0.000000e+00
     vertex -2.061449e+01 -8.696863e+00  0.000000e+00
   endloop
 endfacet
 facet normal  0.000000e+00  0.000000e+00 -1.000000e+00
   outer loop
     vertex -1.615013e+01 -7.246863e+00  0.000000e+00
     vertex -2.061449e+01 -1.029686e+01  0.000000e+00
     vertex -2.045465e+01 -9.910973e+00  0.000000e+00
   endloop
 endfacet
 facet normal -0.000000e+00  0.000000e+00 -1.000000e+00
   outer loop
     vertex -1.615013e+01 -7.246863e+00  0.000000e+00
     vertex -2.045465e+01 -9.910973e+00  0.000000e+00
     vertex -1.622777e+01 -7.236641e+00  0.000000e+00
   endloop
 endfacet
 facet normal  0.000000e+00 -0.000000e+00 -1.000000e+00
   outer loop
     vertex -1.645013e+01 -6.946863e+00  0.000000e+00
     vertex -1.643991e+01 -7.024509e+00  0.000000e+00
     vertex -2.061449e+01 -8.696863e+00  0.000000e+00
   endloop
 endfacet
 facet normal  0.000000e+00  0.000000e+00 -1.000000e+00
   outer loop
     vertex -1.645013e+01 -6.946863e+00  0.000000e+00
     vertex -2.061449e+01 -8.696863e+00  0.000000e+00
     vertex -2.086876e+01 -8.365492e+00  0.000000e+00
   endloop
 endfacet
 facet normal  0.000000e+00  0.000000e+00 -1.000000e+00
   outer loop
     vertex -1.607248e+01 -7.236641e+00  0.000000e+00
     vertex -2.061449e+01 -1.029686e+01  0.000000e+00
     vertex -1.615013e+01 -7.246863e+00  0.000000e+00
   endloop
 endfacet
 facet normal  0.000000e+00 -0.000000e+00 -1.000000e+00
   outer loop
     vertex -1.645013e+01 -6.046863e+00  0.000000e+00
     vertex -1.645013e+01 -6.946863e+00  0.000000e+00
     vertex -2.086876e+01 -8.365492e+00  0.000000e+00
   endloop
 endfacet
 facet normal  0.000000e+00  0.000000e+00 -1.000000e+00
   outer loop
     vertex -1.645013e+01 -6.046863e+00  0.000000e+00
     vertex -2.086876e+01 -8.365492e+00  0.000000e+00
     vertex -2.120013e+01 -8.111222e+00  0.000000e+00
   endloop
 endfacet
 facet normal  0.000000e+00  0.000000e+00 -1.000000e+00
   outer loop
     vertex -1.643991e+01 -5.969217e+00  0.000000e+00
     vertex -1.645013e+01 -6.046863e+00  0.000000e+00
     vertex -2.120013e+01 -8.111222e+00  0.000000e+00
   endloop
 endfacet
 facet normal  0.000000e+00  0.000000e+00 -1.000000e+00
   outer loop
     vertex -1.643991e+01 -5.969217e+00  0.000000e+00
     vertex -2.120013e+01 -8.111222e+00  0.000000e+00
     vertex -2.158602e+01 -7.951382e+00  0.000000e+00
   endloop
 endfacet
 facet normal  0.000000e+00  0.000000e+00 -1.000000e+00
   outer loop
     vertex -1.640994e+01 -5.896863e+00  0.000000e+00
     vertex -1.643991e+01 -5.969217e+00  0.000000e+00
     vertex -2.158602e+01 -7.951382e+00  0.000000e+00
   endloop
 endfacet
 facet normal  0.000000e+00  0.000000e+00 -1.000000e+00
   outer loop
     vertex -1.446226e+01 -7.158995e+00  0.000000e+00
     vertex -1.593800e+01 -7.158995e+00  0.000000e+00
     vertex -1.589032e+01 -7.096863e+00  0.000000e+00
   endloop
 endfacet
 facet normal -0.000000e+00 -0.000000e+00 -1.000000e+00
   outer loop
     vertex -1.450994e+01 -7.096863e+00  0.000000e+00
     vertex -1.446226e+01 -7.158995e+00  0.000000e+00
     vertex -1.589032e+01 -7.096863e+00  0.000000e+00
   endloop
 endfacet
 facet normal  0.000000e+00  0.000000e+00 -1.000000e+00
   outer loop
     vertex -1.440013e+01 -7.206671e+00  0.000000e+00
     vertex -1.593800e+01 -7.158995e+00  0.000000e+00
     vertex -1.446226e+01 -7.158995e+00  0.000000e+00
   endloop
 endfacet
 facet normal  0.000000e+00  0.000000e+00 -1.000000e+00
   outer loop
     vertex -1.440013e+01 -7.206671e+00  0.000000e+00
     vertex -1.600013e+01 -7.206671e+00  0.000000e+00
     vertex -1.593800e+01 -7.158995e+00  0.000000e+00
   endloop
 endfacet
 facet normal -0.000000e+00  0.000000e+00 -1.000000e+00
   outer loop
     vertex -1.440013e+01 -7.206671e+00  0.000000e+00
     vertex -1.607248e+01 -7.236641e+00  0.000000e+00
     vertex -1.600013e+01 -7.206671e+00  0.000000e+00
   endloop
 endfacet
 facet normal -0.000000e+00  0.000000e+00 -1.000000e+00
   outer loop
     vertex -1.432777e+01 -7.236641e+00  0.000000e+00
     vertex -2.061449e+01 -1.029686e+01  0.000000e+00
     vertex -1.607248e+01 -7.236641e+00  0.000000e+00
   endloop
 endfacet
 facet normal  0.000000e+00  0.000000e+00 -1.000000e+00
   outer loop
     vertex -1.432777e+01 -7.236641e+00  0.000000e+00
     vertex -1.607248e+01 -7.236641e+00  0.000000e+00
     vertex -1.440013e+01 -7.206671e+00  0.000000e+00
   endloop
 endfacet
 facet normal  0.000000e+00 -0.000000e+00 -1.000000e+00
   outer loop
     vertex -1.453991e+01 -7.024509e+00  0.000000e+00
     vertex -1.450994e+01 -7.096863e+00  0.000000e+00
     vertex -1.589032e+01 -7.096863e+00  0.000000e+00
   endloop
 endfacet
 facet normal -0.000000e+00  0.000000e+00 -1.000000e+00
   outer loop
     vertex -1.453991e+01 -7.024509e+00  0.000000e+00
     vertex -1.589032e+01 -7.096863e+00  0.000000e+00
     vertex -1.586035e+01 -7.024509e+00  0.000000e+00
   endloop
 endfacet
 facet normal -0.000000e+00  0.000000e+00 -1.000000e+00
   outer loop
     vertex -1.455013e+01 -6.946863e+00  0.000000e+00
     vertex -1.586035e+01 -7.024509e+00  0.000000e+00
     vertex -1.585013e+01 -6.946863e+00  0.000000e+00
   endloop
 endfacet
 facet normal  0.000000e+00 -0.000000e+00 -1.000000e+00
   outer loop
     vertex -1.455013e+01 -6.946863e+00  0.000000e+00
     vertex -1.453991e+01 -7.024509e+00  0.000000e+00
     vertex -1.586035e+01 -7.024509e+00  0.000000e+00
   endloop
 endfacet
 facet normal -0.000000e+00  0.000000e+00 -1.000000e+00
   outer loop
     vertex -1.425013e+01 -7.246863e+00  0.000000e+00
     vertex -2.061449e+01 -1.029686e+01  0.000000e+00
     vertex -1.432777e+01 -7.236641e+00  0.000000e+00
   endloop
 endfacet
 facet normal  0.000000e+00  0.000000e+00 -1.000000e+00
   outer loop
     vertex -1.425013e+01 -7.246863e+00  0.000000e+00
     vertex -2.086876e+01 -1.062823e+01  0.000000e+00
     vertex -2.061449e+01 -1.029686e+01  0.000000e+00
   endloop
 endfacet
 facet normal  0.000000e+00 -0.000000e+00 -1.000000e+00
   outer loop
     vertex -1.455013e+01 -6.046863e+00  0.000000e+00
     vertex -1.455013e+01 -6.946863e+00  0.000000e+00
     vertex -1.585013e+01 -6.946863e+00  0.000000e+00
   endloop
 endfacet
 facet normal -0.000000e+00  0.000000e+00 -1.000000e+00
   outer loop
     vertex -1.455013e+01 -6.046863e+00  0.000000e+00
     vertex -1.585013e+01 -6.946863e+00  0.000000e+00
     vertex -1.585013e+01 -6.046863e+00  0.000000e+00
   endloop
 endfacet
 facet normal  0.000000e+00  0.000000e+00 -1.000000e+00
   outer loop
     vertex -1.453991e+01 -5.969217e+00  0.000000e+00
     vertex -1.586035e+01 -5.969217e+00  0.000000e+00
     vertex -1.589032e+01 -5.896863e+00  0.000000e+00
   endloop
 endfacet
 facet normal -0.000000e+00  0.000000e+00 -1.000000e+00
   outer loop
     vertex -1.453991e+01 -5.969217e+00  0.000000e+00
     vertex -1.585013e+01 -6.046863e+00  0.000000e+00
     vertex -1.586035e+01 -5.969217e+00  0.000000e+00
   endloop
 endfacet
 facet normal  0.000000e+00  0.000000e+00 -1.000000e+00
   outer loop
     vertex -1.453991e+01 -5.969217e+00  0.000000e+00
     vertex -1.455013e+01 -6.046863e+00  0.000000e+00
     vertex -1.585013e+01 -6.046863e+00  0.000000e+00
   endloop
 endfacet
 facet normal -0.000000e+00  0.000000e+00 -1.000000e+00
   outer loop
     vertex -1.450994e+01 -5.896863e+00  0.000000e+00
     vertex -1.453991e+01 -5.969217e+00  0.000000e+00
     vertex -1.589032e+01 -5.896863e+00  0.000000e+00
   endloop
 endfacet
 facet normal  0.000000e+00 -0.000000e+00 -1.000000e+00
   outer loop
     vertex -1.325994e+01 -7.096863e+00  0.000000e+00
     vertex -1.321226e+01 -7.158995e+00  0.000000e+00
     vertex -1.403800e+01 -7.158995e+00  0.000000e+00
   endloop
 endfacet
 facet normal  0.000000e+00  0.000000e+00 -1.000000e+00
   outer loop
     vertex -1.325994e+01 -7.096863e+00  0.000000e+00
     vertex -1.399032e+01 -7.096863e+00  0.000000e+00
     vertex -1.396035e+01 -7.024509e+00  0.000000e+00
   endloop
 endfacet
 facet normal -0.000000e+00  0.000000e+00 -1.000000e+00
   outer loop
     vertex -1.325994e+01 -7.096863e+00  0.000000e+00
     vertex -1.403800e+01 -7.158995e+00  0.000000e+00
     vertex -1.399032e+01 -7.096863e+00  0.000000e+00
   endloop
 endfacet
 facet normal  0.000000e+00  0.000000e+00 -1.000000e+00
   outer loop
     vertex -1.315013e+01 -7.206671e+00  0.000000e+00
     vertex -1.403800e+01 -7.158995e+00  0.000000e+00
     vertex -1.321226e+01 -7.158995e+00  0.000000e+00
   endloop
 endfacet
 facet normal  0.000000e+00  0.000000e+00 -1.000000e+00
   outer loop
     vertex -1.315013e+01 -7.206671e+00  0.000000e+00
     vertex -1.410013e+01 -7.206671e+00  0.000000e+00
     vertex -1.403800e+01 -7.158995e+00  0.000000e+00
   endloop
 endfacet
 facet normal -0.000000e+00 -0.000000e+00 -1.000000e+00
   outer loop
     vertex -1.328991e+01 -7.024509e+00  0.000000e+00
     vertex -1.325994e+01 -7.096863e+00  0.000000e+00
     vertex -1.396035e+01 -7.024509e+00  0.000000e+00
   endloop
 endfacet
 facet normal  0.000000e+00  0.000000e+00 -1.000000e+00
   outer loop
     vertex -1.328991e+01 -7.024509e+00  0.000000e+00
     vertex -1.396035e+01 -7.024509e+00  0.000000e+00
     vertex -1.395013e+01 -6.946863e+00  0.000000e+00
   endloop
 endfacet
 facet normal  0.000000e+00  0.000000e+00 -1.000000e+00
   outer loop
     vertex -1.307777e+01 -7.236641e+00  0.000000e+00
     vertex -1.410013e+01 -7.206671e+00  0.000000e+00
     vertex -1.315013e+01 -7.206671e+00  0.000000e+00
   endloop
 endfacet
 facet normal  0.000000e+00  0.000000e+00 -1.000000e+00
   outer loop
     vertex -1.307777e+01 -7.236641e+00  0.000000e+00
     vertex -1.417248e+01 -7.236641e+00  0.000000e+00
     vertex -1.410013e+01 -7.206671e+00  0.000000e+00
   endloop
 endfacet
 facet normal  0.000000e+00  0.000000e+00 -1.000000e+00
   outer loop
     vertex -1.446226e+01 -5.834731e+00  0.000000e+00
     vertex -1.593800e+01 -5.834731e+00  0.000000e+00
     vertex -1.600013e+01 -5.787055e+00  0.000000e+00
   endloop
 endfacet
 facet normal -0.000000e+00  0.000000e+00 -1.000000e+00
   outer loop
     vertex -1.446226e+01 -5.834731e+00  0.000000e+00
     vertex -1.589032e+01 -5.896863e+00  0.000000e+00
     vertex -1.593800e+01 -5.834731e+00  0.000000e+00
   endloop
 endfacet
 facet normal  0.000000e+00  0.000000e+00 -1.000000e+00
   outer loop
     vertex -1.446226e+01 -5.834731e+00  0.000000e+00
     vertex -1.450994e+01 -5.896863e+00  0.000000e+00
     vertex -1.589032e+01 -5.896863e+00  0.000000e+00
   endloop
 endfacet
 facet normal  0.000000e+00  0.000000e+00 -1.000000e+00
   outer loop
     vertex -1.300013e+01 -7.246863e+00  0.000000e+00
     vertex -1.417248e+01 -7.236641e+00  0.000000e+00
     vertex -1.307777e+01 -7.236641e+00  0.000000e+00
   endloop
 endfacet
 facet normal -0.000000e+00  0.000000e+00 -1.000000e+00
   outer loop
     vertex -1.300013e+01 -7.246863e+00  0.000000e+00
     vertex -2.086876e+01 -1.062823e+01  0.000000e+00
     vertex -1.425013e+01 -7.246863e+00  0.000000e+00
   endloop
 endfacet
 facet normal  0.000000e+00  0.000000e+00 -1.000000e+00
   outer loop
     vertex -1.300013e+01 -7.246863e+00  0.000000e+00
     vertex -1.425013e+01 -7.246863e+00  0.000000e+00
     vertex -1.417248e+01 -7.236641e+00  0.000000e+00
   endloop
 endfacet
 facet normal -0.000000e+00 -0.000000e+00 -1.000000e+00
   outer loop
     vertex -1.330013e+01 -6.946863e+00  0.000000e+00
     vertex -1.328991e+01 -7.024509e+00  0.000000e+00
     vertex -1.395013e+01 -6.946863e+00  0.000000e+00
   endloop
 endfacet
 facet normal -0.000000e+00  0.000000e+00 -1.000000e+00
   outer loop
     vertex -1.440013e+01 -5.787055e+00  0.000000e+00
     vertex -1.446226e+01 -5.834731e+00  0.000000e+00
     vertex -1.600013e+01 -5.787055e+00  0.000000e+00
   endloop
 endfacet
 facet normal  0.000000e+00  0.000000e+00 -1.000000e+00
   outer loop
     vertex -1.440013e+01 -5.787055e+00  0.000000e+00
     vertex -1.600013e+01 -5.787055e+00  0.000000e+00
     vertex -1.607248e+01 -5.757085e+00  0.000000e+00
   endloop
 endfacet
 facet normal -0.000000e+00  0.000000e+00 -1.000000e+00
   outer loop
     vertex -1.432777e+01 -5.757085e+00  0.000000e+00
     vertex -1.440013e+01 -5.787055e+00  0.000000e+00
     vertex -1.607248e+01 -5.757085e+00  0.000000e+00
   endloop
 endfacet
 facet normal -0.000000e+00  0.000000e+00 -1.000000e+00
   outer loop
     vertex -1.330013e+01 -6.046863e+00  0.000000e+00
     vertex -1.395013e+01 -6.946863e+00  0.000000e+00
     vertex -1.395013e+01 -6.046863e+00  0.000000e+00
   endloop
 endfacet
 facet normal  0.000000e+00 -0.000000e+00 -1.000000e+00
   outer loop
     vertex -1.330013e+01 -6.046863e+00  0.000000e+00
     vertex -1.330013e+01 -6.946863e+00  0.000000e+00
     vertex -1.395013e+01 -6.946863e+00  0.000000e+00
   endloop
 endfacet
 facet normal -0.000000e+00  0.000000e+00 -1.000000e+00
   outer loop
     vertex -1.328991e+01 -5.969217e+00  0.000000e+00
     vertex -1.395013e+01 -6.046863e+00  0.000000e+00
     vertex -1.396035e+01 -5.969217e+00  0.000000e+00
   endloop
 endfacet
 facet normal  0.000000e+00  0.000000e+00 -1.000000e+00
   outer loop
     vertex -1.328991e+01 -5.969217e+00  0.000000e+00
     vertex -1.330013e+01 -6.046863e+00  0.000000e+00
     vertex -1.395013e+01 -6.046863e+00  0.000000e+00
   endloop
 endfacet
 facet normal -0.000000e+00  0.000000e+00 -1.000000e+00
   outer loop
     vertex -1.325994e+01 -5.896863e+00  0.000000e+00
     vertex -1.396035e+01 -5.969217e+00  0.000000e+00
     vertex -1.399032e+01 -5.896863e+00  0.000000e+00
   endloop
 endfacet
 facet normal  0.000000e+00  0.000000e+00 -1.000000e+00
   outer loop
     vertex -1.325994e+01 -5.896863e+00  0.000000e+00
     vertex -1.328991e+01 -5.969217e+00  0.000000e+00
     vertex -1.396035e+01 -5.969217e+00  0.000000e+00
   endloop
 endfacet
 facet normal -0.000000e+00  0.000000e+00 -1.000000e+00
   outer loop
     vertex -1.321226e+01 -5.834731e+00  0.000000e+00
     vertex -1.399032e+01 -5.896863e+00  0.000000e+00
     vertex -1.403800e+01 -5.834731e+00  0.000000e+00
   endloop
 endfacet
 facet normal  0.000000e+00  0.000000e+00 -1.000000e+00
   outer loop
     vertex -1.321226e+01 -5.834731e+00  0.000000e+00
     vertex -1.325994e+01 -5.896863e+00  0.000000e+00
     vertex -1.399032e+01 -5.896863e+00  0.000000e+00
   endloop
 endfacet
 facet normal -0.000000e+00  0.000000e+00 -1.000000e+00
   outer loop
     vertex -1.315013e+01 -5.787055e+00  0.000000e+00
     vertex -1.403800e+01 -5.834731e+00  0.000000e+00
     vertex -1.410013e+01 -5.787055e+00  0.000000e+00
   endloop
 endfacet
 facet normal  0.000000e+00  0.000000e+00 -1.000000e+00
   outer loop
     vertex -1.315013e+01 -5.787055e+00  0.000000e+00
     vertex -1.321226e+01 -5.834731e+00  0.000000e+00
     vertex -1.403800e+01 -5.834731e+00  0.000000e+00
   endloop
 endfacet
 facet normal  0.000000e+00  0.000000e+00 -1.000000e+00
   outer loop
     vertex -1.307777e+01 -5.757085e+00  0.000000e+00
     vertex -1.315013e+01 -5.787055e+00  0.000000e+00
     vertex -1.410013e+01 -5.787055e+00  0.000000e+00
   endloop
 endfacet
 facet normal -0.000000e+00  0.000000e+00 -1.000000e+00
   outer loop
     vertex -1.307777e+01 -5.757085e+00  0.000000e+00
     vertex -1.410013e+01 -5.787055e+00  0.000000e+00
     vertex -1.417248e+01 -5.757085e+00  0.000000e+00
   endloop
 endfacet
 facet normal  0.000000e+00  0.000000e+00 -1.000000e+00
   outer loop
     vertex -1.986075e+01  1.057513e+00  0.000000e+00
     vertex -2.200013e+01 -7.896863e+00  0.000000e+00
     vertex -2.241424e+01 -7.951382e+00  0.000000e+00
   endloop
 endfacet
 facet normal -0.000000e+00  0.000000e+00 -1.000000e+00
   outer loop
     vertex -1.975513e+01  9.764640e-01  0.000000e+00
     vertex -2.200013e+01 -7.896863e+00  0.000000e+00
     vertex -1.986075e+01  1.057513e+00  0.000000e+00
   endloop
 endfacet
 facet normal  0.000000e+00  0.000000e+00 -1.000000e+00
   outer loop
     vertex -1.994180e+01  1.163137e+00  0.000000e+00
     vertex -2.241424e+01 -7.951382e+00  0.000000e+00
     vertex -2.280013e+01 -8.111222e+00  0.000000e+00
   endloop
 endfacet
 facet normal  0.000000e+00 -0.000000e+00 -1.000000e+00
   outer loop
     vertex -1.994180e+01  1.163137e+00  0.000000e+00
     vertex -1.986075e+01  1.057513e+00  0.000000e+00
     vertex -2.241424e+01 -7.951382e+00  0.000000e+00
   endloop
 endfacet
 facet normal  0.000000e+00  0.000000e+00 -1.000000e+00
   outer loop
     vertex -1.999275e+01  1.286139e+00  0.000000e+00
     vertex -2.280013e+01 -8.111222e+00  0.000000e+00
     vertex -2.313150e+01 -8.365492e+00  0.000000e+00
   endloop
 endfacet
 facet normal  0.000000e+00 -0.000000e+00 -1.000000e+00
   outer loop
     vertex -1.999275e+01  1.286139e+00  0.000000e+00
     vertex -1.994180e+01  1.163137e+00  0.000000e+00
     vertex -2.280013e+01 -8.111222e+00  0.000000e+00
   endloop
 endfacet
 facet normal  0.000000e+00 -0.000000e+00 -1.000000e+00
   outer loop
     vertex -1.963213e+01  9.255148e-01  0.000000e+00
     vertex -1.640994e+01 -5.896863e+00  0.000000e+00
     vertex -2.158602e+01 -7.951382e+00  0.000000e+00
   endloop
 endfacet
 facet normal  0.000000e+00  0.000000e+00 -1.000000e+00
   outer loop
     vertex -1.963213e+01  9.255148e-01  0.000000e+00
     vertex -2.158602e+01 -7.951382e+00  0.000000e+00
     vertex -2.200013e+01 -7.896863e+00  0.000000e+00
   endloop
 endfacet
 facet normal -0.000000e+00  0.000000e+00 -1.000000e+00
   outer loop
     vertex -1.963213e+01  9.255148e-01  0.000000e+00
     vertex -2.200013e+01 -7.896863e+00  0.000000e+00
     vertex -1.975513e+01  9.764640e-01  0.000000e+00
   endloop
 endfacet
 facet normal -0.000000e+00 -0.000000e+00 -1.000000e+00
   outer loop
     vertex -1.950013e+01  9.081370e-01  0.000000e+00
     vertex -1.640994e+01 -5.896863e+00  0.000000e+00
     vertex -1.963213e+01  9.255148e-01  0.000000e+00
   endloop
 endfacet
 facet normal  0.000000e+00  0.000000e+00 -1.000000e+00
   outer loop
     vertex -1.950013e+01  9.081370e-01  0.000000e+00
     vertex -1.636226e+01 -5.834731e+00  0.000000e+00
     vertex -1.640994e+01 -5.896863e+00  0.000000e+00
   endloop
 endfacet
 facet normal  0.000000e+00 -0.000000e+00 -1.000000e+00
   outer loop
     vertex -2.001013e+01  1.418137e+00  0.000000e+00
     vertex -1.999275e+01  1.286139e+00  0.000000e+00
     vertex -2.313150e+01 -8.365492e+00  0.000000e+00
   endloop
 endfacet
 facet normal  0.000000e+00 -0.000000e+00 -1.000000e+00
   outer loop
     vertex -1.936813e+01  9.255148e-01  0.000000e+00
     vertex -1.636226e+01 -5.834731e+00  0.000000e+00
     vertex -1.950013e+01  9.081370e-01  0.000000e+00
   endloop
 endfacet
 facet normal  0.000000e+00  0.000000e+00 -1.000000e+00
   outer loop
     vertex -1.936813e+01  9.255148e-01  0.000000e+00
     vertex -1.630013e+01 -5.787055e+00  0.000000e+00
     vertex -1.636226e+01 -5.834731e+00  0.000000e+00
   endloop
 endfacet
 facet normal  0.000000e+00  0.000000e+00 -1.000000e+00
   outer loop
     vertex -1.065013e+01 -7.206671e+00  0.000000e+00
     vertex -1.285013e+01 -7.206671e+00  0.000000e+00
     vertex -1.278800e+01 -7.158995e+00  0.000000e+00
   endloop
 endfacet
 facet normal  0.000000e+00  0.000000e+00 -1.000000e+00
   outer loop
     vertex -1.065013e+01 -7.206671e+00  0.000000e+00
     vertex -1.278800e+01 -7.158995e+00  0.000000e+00
     vertex -1.071226e+01 -7.158995e+00  0.000000e+00
   endloop
 endfacet
 facet normal -0.000000e+00  0.000000e+00 -1.000000e+00
   outer loop
     vertex -1.075994e+01 -7.096863e+00  0.000000e+00
     vertex -1.278800e+01 -7.158995e+00  0.000000e+00
     vertex -1.274032e+01 -7.096863e+00  0.000000e+00
   endloop
 endfacet
 facet normal  0.000000e+00 -0.000000e+00 -1.000000e+00
   outer loop
     vertex -1.075994e+01 -7.096863e+00  0.000000e+00
     vertex -1.071226e+01 -7.158995e+00  0.000000e+00
     vertex -1.278800e+01 -7.158995e+00  0.000000e+00
   endloop
 endfacet
 facet normal  0.000000e+00  0.000000e+00 -1.000000e+00
   outer loop
     vertex -1.057777e+01 -7.236641e+00  0.000000e+00
     vertex -1.292248e+01 -7.236641e+00  0.000000e+00
     vertex -1.285013e+01 -7.206671e+00  0.000000e+00
   endloop
 endfacet
 facet normal -0.000000e+00  0.000000e+00 -1.000000e+00
   outer loop
     vertex -1.057777e+01 -7.236641e+00  0.000000e+00
     vertex -1.300013e+01 -7.246863e+00  0.000000e+00
     vertex -1.292248e+01 -7.236641e+00  0.000000e+00
   endloop
 endfacet
 facet normal  0.000000e+00  0.000000e+00 -1.000000e+00
   outer loop
     vertex -1.057777e+01 -7.236641e+00  0.000000e+00
     vertex -1.285013e+01 -7.206671e+00  0.000000e+00
     vertex -1.065013e+01 -7.206671e+00  0.000000e+00
   endloop
 endfacet
 facet normal -0.000000e+00  0.000000e+00 -1.000000e+00
   outer loop
     vertex -1.078991e+01 -7.024509e+00  0.000000e+00
     vertex -1.274032e+01 -7.096863e+00  0.000000e+00
     vertex -1.271035e+01 -7.024509e+00  0.000000e+00
   endloop
 endfacet
 facet normal  0.000000e+00 -0.000000e+00 -1.000000e+00
   outer loop
     vertex -1.078991e+01 -7.024509e+00  0.000000e+00
     vertex -1.075994e+01 -7.096863e+00  0.000000e+00
     vertex -1.274032e+01 -7.096863e+00  0.000000e+00
   endloop
 endfacet
 facet normal  0.000000e+00 -0.000000e+00 -1.000000e+00
   outer loop
     vertex -1.080013e+01 -6.946863e+00  0.000000e+00
     vertex -1.078991e+01 -7.024509e+00  0.000000e+00
     vertex -1.271035e+01 -7.024509e+00  0.000000e+00
   endloop
 endfacet
 facet normal -0.000000e+00  0.000000e+00 -1.000000e+00
   outer loop
     vertex -1.080013e+01 -6.946863e+00  0.000000e+00
     vertex -1.271035e+01 -7.024509e+00  0.000000e+00
     vertex -1.270013e+01 -6.946863e+00  0.000000e+00
   endloop
 endfacet
 facet normal  0.000000e+00  0.000000e+00 -1.000000e+00
   outer loop
     vertex -1.050013e+01 -7.246863e+00  0.000000e+00
     vertex -1.300013e+01 -7.246863e+00  0.000000e+00
     vertex -1.057777e+01 -7.236641e+00  0.000000e+00
   endloop
 endfacet
 facet normal  0.000000e+00  0.000000e+00 -1.000000e+00
   outer loop
     vertex -1.050013e+01 -7.246863e+00  0.000000e+00
     vertex -2.120013e+01 -1.088250e+01  0.000000e+00
     vertex -2.086876e+01 -1.062823e+01  0.000000e+00
   endloop
 endfacet
 facet normal -0.000000e+00  0.000000e+00 -1.000000e+00
   outer loop
     vertex -1.050013e+01 -7.246863e+00  0.000000e+00
     vertex -2.086876e+01 -1.062823e+01  0.000000e+00
     vertex -1.300013e+01 -7.246863e+00  0.000000e+00
   endloop
 endfacet
 facet normal  0.000000e+00  0.000000e+00 -1.000000e+00
   outer loop
     vertex -1.050013e+01 -7.246863e+00  0.000000e+00
     vertex -2.399962e+01 -1.350314e+01  0.000000e+00
     vertex -2.120013e+01 -1.088250e+01  0.000000e+00
   endloop
 endfacet
 facet normal  0.000000e+00  0.000000e+00 -1.000000e+00
   outer loop
     vertex -1.042248e+01 -7.236641e+00  0.000000e+00
     vertex -2.399962e+01 -1.350314e+01  0.000000e+00
     vertex -1.050013e+01 -7.246863e+00  0.000000e+00
   endloop
 endfacet
 facet normal  0.000000e+00 -0.000000e+00 -1.000000e+00
   outer loop
     vertex -1.080013e+01 -6.046863e+00  0.000000e+00
     vertex -1.080013e+01 -6.946863e+00  0.000000e+00
     vertex -1.270013e+01 -6.946863e+00  0.000000e+00
   endloop
 endfacet
 facet normal -0.000000e+00  0.000000e+00 -1.000000e+00
   outer loop
     vertex -1.080013e+01 -6.046863e+00  0.000000e+00
     vertex -1.270013e+01 -6.946863e+00  0.000000e+00
     vertex -1.270013e+01 -6.046863e+00  0.000000e+00
   endloop
 endfacet
 facet normal  0.000000e+00  0.000000e+00 -1.000000e+00
   outer loop
     vertex -1.078991e+01 -5.969217e+00  0.000000e+00
     vertex -1.080013e+01 -6.046863e+00  0.000000e+00
     vertex -1.270013e+01 -6.046863e+00  0.000000e+00
   endloop
 endfacet
 facet normal  0.000000e+00  0.000000e+00 -1.000000e+00
   outer loop
     vertex -1.078991e+01 -5.969217e+00  0.000000e+00
     vertex -1.271035e+01 -5.969217e+00  0.000000e+00
     vertex -1.274032e+01 -5.896863e+00  0.000000e+00
   endloop
 endfacet
 facet normal -0.000000e+00  0.000000e+00 -1.000000e+00
   outer loop
     vertex -1.078991e+01 -5.969217e+00  0.000000e+00
     vertex -1.270013e+01 -6.046863e+00  0.000000e+00
     vertex -1.271035e+01 -5.969217e+00  0.000000e+00
   endloop
 endfacet
 facet normal -0.000000e+00  0.000000e+00 -1.000000e+00
   outer loop
     vertex -1.075994e+01 -5.896863e+00  0.000000e+00
     vertex -1.078991e+01 -5.969217e+00  0.000000e+00
     vertex -1.274032e+01 -5.896863e+00  0.000000e+00
   endloop
 endfacet
 facet normal  0.000000e+00  0.000000e+00 -1.000000e+00
   outer loop
     vertex -1.071226e+01 -5.834731e+00  0.000000e+00
     vertex -1.278800e+01 -5.834731e+00  0.000000e+00
     vertex -1.285013e+01 -5.787055e+00  0.000000e+00
   endloop
 endfacet
 facet normal -0.000000e+00  0.000000e+00 -1.000000e+00
   outer loop
     vertex -1.071226e+01 -5.834731e+00  0.000000e+00
     vertex -1.274032e+01 -5.896863e+00  0.000000e+00
     vertex -1.278800e+01 -5.834731e+00  0.000000e+00
   endloop
 endfacet
 facet normal  0.000000e+00  0.000000e+00 -1.000000e+00
   outer loop
     vertex -1.071226e+01 -5.834731e+00  0.000000e+00
     vertex -1.075994e+01 -5.896863e+00  0.000000e+00
     vertex -1.274032e+01 -5.896863e+00  0.000000e+00
   endloop
 endfacet
 facet normal  0.000000e+00  0.000000e+00 -1.000000e+00
   outer loop
     vertex -1.065013e+01 -5.787055e+00  0.000000e+00
     vertex -1.285013e+01 -5.787055e+00  0.000000e+00
     vertex -1.292248e+01 -5.757085e+00  0.000000e+00
   endloop
 endfacet
 facet normal -0.000000e+00  0.000000e+00 -1.000000e+00
   outer loop
     vertex -1.065013e+01 -5.787055e+00  0.000000e+00
     vertex -1.071226e+01 -5.834731e+00  0.000000e+00
     vertex -1.285013e+01 -5.787055e+00  0.000000e+00
   endloop
 endfacet
 facet normal -0.000000e+00  0.000000e+00 -1.000000e+00
   outer loop
     vertex -1.057777e+01 -5.757085e+00  0.000000e+00
     vertex -1.065013e+01 -5.787055e+00  0.000000e+00
     vertex -1.292248e+01 -5.757085e+00  0.000000e+00
   endloop
 endfacet
 facet normal  0.000000e+00  0.000000e+00 -1.000000e+00
   outer loop
     vertex -1.986075e+01  4.057513e+00  0.000000e+00
     vertex -1.975513e+01  1.859810e+00  0.000000e+00
     vertex -1.986075e+01  1.778761e+00  0.000000e+00
   endloop
 endfacet
 facet normal  0.000000e+00  0.000000e+00 -1.000000e+00
   outer loop
     vertex -1.994180e+01  4.163137e+00  0.000000e+00
     vertex -1.986075e+01  4.057513e+00  0.000000e+00
     vertex -1.986075e+01  1.778761e+00  0.000000e+00
   endloop
 endfacet
 facet normal  0.000000e+00 -0.000000e+00 -1.000000e+00
   outer loop
     vertex -1.994180e+01  4.163137e+00  0.000000e+00
     vertex -1.994180e+01  1.673137e+00  0.000000e+00
     vertex -1.999275e+01  1.550135e+00  0.000000e+00
   endloop
 endfacet
 facet normal  0.000000e+00  0.000000e+00 -1.000000e+00
   outer loop
     vertex -1.994180e+01  4.163137e+00  0.000000e+00
     vertex -1.986075e+01  1.778761e+00  0.000000e+00
     vertex -1.994180e+01  1.673137e+00  0.000000e+00
   endloop
 endfacet
 facet normal  0.000000e+00  0.000000e+00 -1.000000e+00
   outer loop
     vertex -1.975513e+01  3.976464e+00  0.000000e+00
     vertex -1.963213e+01  1.910759e+00  0.000000e+00
     vertex -1.975513e+01  1.859810e+00  0.000000e+00
   endloop
 endfacet
 facet normal -0.000000e+00 -0.000000e+00 -1.000000e+00
   outer loop
     vertex -1.975513e+01  3.976464e+00  0.000000e+00
     vertex -1.975513e+01  1.859810e+00  0.000000e+00
     vertex -1.986075e+01  4.057513e+00  0.000000e+00
   endloop
 endfacet
 facet normal  0.000000e+00  0.000000e+00 -1.000000e+00
   outer loop
     vertex -1.675513e+01  9.764640e-01  0.000000e+00
     vertex -1.913950e+01  1.057513e+00  0.000000e+00
     vertex -1.686075e+01  1.057513e+00  0.000000e+00
   endloop
 endfacet
 facet normal  0.000000e+00  0.000000e+00 -1.000000e+00
   outer loop
     vertex -1.675513e+01  9.764640e-01  0.000000e+00
     vertex -1.924513e+01  9.764640e-01  0.000000e+00
     vertex -1.913950e+01  1.057513e+00  0.000000e+00
   endloop
 endfacet
 facet normal -0.000000e+00  0.000000e+00 -1.000000e+00
   outer loop
     vertex -1.675513e+01  9.764640e-01  0.000000e+00
     vertex -1.936813e+01  9.255148e-01  0.000000e+00
     vertex -1.924513e+01  9.764640e-01  0.000000e+00
   endloop
 endfacet
 facet normal  0.000000e+00 -0.000000e+00 -1.000000e+00
   outer loop
     vertex -1.694180e+01  1.163137e+00  0.000000e+00
     vertex -1.686075e+01  1.057513e+00  0.000000e+00
     vertex -1.913950e+01  1.057513e+00  0.000000e+00
   endloop
 endfacet
 facet normal -0.000000e+00  0.000000e+00 -1.000000e+00
   outer loop
     vertex -1.694180e+01  1.163137e+00  0.000000e+00
     vertex -1.913950e+01  1.057513e+00  0.000000e+00
     vertex -1.905846e+01  1.163137e+00  0.000000e+00
   endloop
 endfacet
 facet normal  0.000000e+00  0.000000e+00 -1.000000e+00
   outer loop
     vertex -1.999275e+01  4.286139e+00  0.000000e+00
     vertex -1.994180e+01  4.163137e+00  0.000000e+00
     vertex -1.999275e+01  1.550135e+00  0.000000e+00
   endloop
 endfacet
 facet normal  0.000000e+00  0.000000e+00 -1.000000e+00
   outer loop
     vertex -1.663213e+01  9.255148e-01  0.000000e+00
     vertex -1.936813e+01  9.255148e-01  0.000000e+00
     vertex -1.675513e+01  9.764640e-01  0.000000e+00
   endloop
 endfacet
 facet normal  0.000000e+00  0.000000e+00 -1.000000e+00
   outer loop
     vertex -1.663213e+01  9.255148e-01  0.000000e+00
     vertex -1.622777e+01 -5.757085e+00  0.000000e+00
     vertex -1.630013e+01 -5.787055e+00  0.000000e+00
   endloop
 endfacet
 facet normal -0.000000e+00 -0.000000e+00 -1.000000e+00
   outer loop
     vertex -1.663213e+01  9.255148e-01  0.000000e+00
     vertex -1.630013e+01 -5.787055e+00  0.000000e+00
     vertex -1.936813e+01  9.255148e-01  0.000000e+00
   endloop
 endfacet
 facet normal -0.000000e+00 -0.000000e+00 -1.000000e+00
   outer loop
     vertex -1.963213e+01  3.925515e+00  0.000000e+00
     vertex -1.963213e+01  1.910759e+00  0.000000e+00
     vertex -1.975513e+01  3.976464e+00  0.000000e+00
   endloop
 endfacet
 facet normal  0.000000e+00 -0.000000e+00 -1.000000e+00
   outer loop
     vertex -1.699275e+01  1.286139e+00  0.000000e+00
     vertex -1.694180e+01  1.163137e+00  0.000000e+00
     vertex -1.905846e+01  1.163137e+00  0.000000e+00
   endloop
 endfacet
 facet normal -0.000000e+00  0.000000e+00 -1.000000e+00
   outer loop
     vertex -1.699275e+01  1.286139e+00  0.000000e+00
     vertex -1.905846e+01  1.163137e+00  0.000000e+00
     vertex -1.900751e+01  1.286139e+00  0.000000e+00
   endloop
 endfacet
 facet normal -0.000000e+00  0.000000e+00 -1.000000e+00
   outer loop
     vertex -1.950013e+01  3.908137e+00  0.000000e+00
     vertex -1.963213e+01  1.910759e+00  0.000000e+00
     vertex -1.963213e+01  3.925515e+00  0.000000e+00
   endloop
 endfacet
 facet normal  0.000000e+00 -0.000000e+00 -1.000000e+00
   outer loop
     vertex -1.950013e+01  3.908137e+00  0.000000e+00
     vertex -1.950013e+01  1.928137e+00  0.000000e+00
     vertex -1.963213e+01  1.910759e+00  0.000000e+00
   endloop
 endfacet
 facet normal -0.000000e+00  0.000000e+00 -1.000000e+00
   outer loop
     vertex -1.701013e+01  1.418137e+00  0.000000e+00
     vertex -1.900751e+01  1.286139e+00  0.000000e+00
     vertex -1.899013e+01  1.418137e+00  0.000000e+00
   endloop
 endfacet
 facet normal  0.000000e+00 -0.000000e+00 -1.000000e+00
   outer loop
     vertex -1.701013e+01  1.418137e+00  0.000000e+00
     vertex -1.699275e+01  1.286139e+00  0.000000e+00
     vertex -1.900751e+01  1.286139e+00  0.000000e+00
   endloop
 endfacet
 facet normal -0.000000e+00 -0.000000e+00 -1.000000e+00
   outer loop
     vertex -1.650013e+01  9.081370e-01  0.000000e+00
     vertex -1.622777e+01 -5.757085e+00  0.000000e+00
     vertex -1.663213e+01  9.255148e-01  0.000000e+00
   endloop
 endfacet
 facet normal  0.000000e+00  0.000000e+00 -1.000000e+00
   outer loop
     vertex -1.650013e+01  9.081370e-01  0.000000e+00
     vertex -1.615013e+01 -5.746863e+00  0.000000e+00
     vertex -1.622777e+01 -5.757085e+00  0.000000e+00
   endloop
 endfacet
 facet normal  0.000000e+00  0.000000e+00 -1.000000e+00
   outer loop
     vertex -1.636813e+01  9.255148e-01  0.000000e+00
     vertex -1.432777e+01 -5.757085e+00  0.000000e+00
     vertex -1.607248e+01 -5.757085e+00  0.000000e+00
   endloop
 endfacet
 facet normal  0.000000e+00  0.000000e+00 -1.000000e+00
   outer loop
     vertex -1.636813e+01  9.255148e-01  0.000000e+00
     vertex -1.607248e+01 -5.757085e+00  0.000000e+00
     vertex -1.615013e+01 -5.746863e+00  0.000000e+00
   endloop
 endfacet
 facet normal  0.000000e+00 -0.000000e+00 -1.000000e+00
   outer loop
     vertex -1.636813e+01  9.255148e-01  0.000000e+00
     vertex -1.615013e+01 -5.746863e+00  0.000000e+00
     vertex -1.650013e+01  9.081370e-01  0.000000e+00
   endloop
 endfacet
 facet normal  0.000000e+00  0.000000e+00 -1.000000e+00
   outer loop
     vertex -1.936813e+01  3.925515e+00  0.000000e+00
     vertex -1.936813e+01  1.910759e+00  0.000000e+00
     vertex -1.950013e+01  1.928137e+00  0.000000e+00
   endloop
 endfacet
 facet normal  0.000000e+00 -0.000000e+00 -1.000000e+00
   outer loop
     vertex -1.936813e+01  3.925515e+00  0.000000e+00
     vertex -1.924513e+01  1.859810e+00  0.000000e+00
     vertex -1.936813e+01  1.910759e+00  0.000000e+00
   endloop
 endfacet
 facet normal  0.000000e+00  0.000000e+00 -1.000000e+00
   outer loop
     vertex -1.936813e+01  3.925515e+00  0.000000e+00
     vertex -1.950013e+01  1.928137e+00  0.000000e+00
     vertex -1.950013e+01  3.908137e+00  0.000000e+00
   endloop
 endfacet
 facet normal -0.000000e+00  0.000000e+00 -1.000000e+00
   outer loop
     vertex -1.699275e+01  1.550135e+00  0.000000e+00
     vertex -1.899013e+01  1.418137e+00  0.000000e+00
     vertex -1.900751e+01  1.550135e+00  0.000000e+00
   endloop
 endfacet
 facet normal  0.000000e+00  0.000000e+00 -1.000000e+00
   outer loop
     vertex -1.699275e+01  1.550135e+00  0.000000e+00
     vertex -1.701013e+01  1.418137e+00  0.000000e+00
     vertex -1.899013e+01  1.418137e+00  0.000000e+00
   endloop
 endfacet
 facet normal  0.000000e+00  0.000000e+00 -1.000000e+00
   outer loop
     vertex -1.924513e+01  3.976464e+00  0.000000e+00
     vertex -1.924513e+01  1.859810e+00  0.000000e+00
     vertex -1.936813e+01  3.925515e+00  0.000000e+00
   endloop
 endfacet
 facet normal  0.000000e+00 -0.000000e+00 -1.000000e+00
   outer loop
     vertex -1.624513e+01  9.764640e-01  0.000000e+00
     vertex -1.432777e+01 -5.757085e+00  0.000000e+00
     vertex -1.636813e+01  9.255148e-01  0.000000e+00
   endloop
 endfacet
 facet normal  0.000000e+00  0.000000e+00 -1.000000e+00
   outer loop
     vertex -1.624513e+01  9.764640e-01  0.000000e+00
     vertex -1.425013e+01 -5.746863e+00  0.000000e+00
     vertex -1.432777e+01 -5.757085e+00  0.000000e+00
   endloop
 endfacet
 facet normal  0.000000e+00  0.000000e+00 -1.000000e+00
   outer loop
     vertex -1.694180e+01  1.673137e+00  0.000000e+00
     vertex -1.699275e+01  1.550135e+00  0.000000e+00
     vertex -1.900751e+01  1.550135e+00  0.000000e+00
   endloop
 endfacet
 facet normal -0.000000e+00  0.000000e+00 -1.000000e+00
   outer loop
     vertex -1.694180e+01  1.673137e+00  0.000000e+00
     vertex -1.900751e+01  1.550135e+00  0.000000e+00
     vertex -1.905846e+01  1.673137e+00  0.000000e+00
   endloop
 endfacet
 facet normal -0.000000e+00  0.000000e+00 -1.000000e+00
   outer loop
     vertex -1.686075e+01  1.778761e+00  0.000000e+00
     vertex -1.905846e+01  1.673137e+00  0.000000e+00
     vertex -1.913950e+01  1.778761e+00  0.000000e+00
   endloop
 endfacet
 facet normal  0.000000e+00  0.000000e+00 -1.000000e+00
   outer loop
     vertex -1.686075e+01  1.778761e+00  0.000000e+00
     vertex -1.694180e+01  1.673137e+00  0.000000e+00
     vertex -1.905846e+01  1.673137e+00  0.000000e+00
   endloop
 endfacet
 facet normal  0.000000e+00  0.000000e+00 -1.000000e+00
   outer loop
     vertex -1.913950e+01  4.057513e+00  0.000000e+00
     vertex -1.924513e+01  1.859810e+00  0.000000e+00
     vertex -1.924513e+01  3.976464e+00  0.000000e+00
   endloop
 endfacet
 facet normal  0.000000e+00 -0.000000e+00 -1.000000e+00
   outer loop
     vertex -1.913950e+01  4.057513e+00  0.000000e+00
     vertex -1.913950e+01  1.778761e+00  0.000000e+00
     vertex -1.924513e+01  1.859810e+00  0.000000e+00
   endloop
 endfacet
 facet normal  0.000000e+00 -0.000000e+00 -1.000000e+00
   outer loop
     vertex -1.613950e+01  1.057513e+00  0.000000e+00
     vertex -1.425013e+01 -5.746863e+00  0.000000e+00
     vertex -1.624513e+01  9.764640e-01  0.000000e+00
   endloop
 endfacet
 facet normal  0.000000e+00  0.000000e+00 -1.000000e+00
   outer loop
     vertex -1.613950e+01  1.057513e+00  0.000000e+00
     vertex -1.300013e+01 -5.746863e+00  0.000000e+00
     vertex -1.307777e+01 -5.757085e+00  0.000000e+00
   endloop
 endfacet
 facet normal  0.000000e+00  0.000000e+00 -1.000000e+00
   outer loop
     vertex -1.613950e+01  1.057513e+00  0.000000e+00
     vertex -1.307777e+01 -5.757085e+00  0.000000e+00
     vertex -1.417248e+01 -5.757085e+00  0.000000e+00
   endloop
 endfacet
 facet normal  0.000000e+00  0.000000e+00 -1.000000e+00
   outer loop
     vertex -1.613950e+01  1.057513e+00  0.000000e+00
     vertex -1.417248e+01 -5.757085e+00  0.000000e+00
     vertex -1.425013e+01 -5.746863e+00  0.000000e+00
   endloop
 endfacet
 facet normal  0.000000e+00  0.000000e+00 -1.000000e+00
   outer loop
     vertex -1.605846e+01  1.163137e+00  0.000000e+00
     vertex -1.292248e+01 -5.757085e+00  0.000000e+00
     vertex -1.300013e+01 -5.746863e+00  0.000000e+00
   endloop
 endfacet
 facet normal  0.000000e+00 -0.000000e+00 -1.000000e+00
   outer loop
     vertex -1.605846e+01  1.163137e+00  0.000000e+00
     vertex -1.300013e+01 -5.746863e+00  0.000000e+00
     vertex -1.613950e+01  1.057513e+00  0.000000e+00
   endloop
 endfacet
 facet normal  0.000000e+00  0.000000e+00 -1.000000e+00
   outer loop
     vertex -2.599987e+01  1.149686e+01  0.000000e+00
     vertex -2.001013e+01  4.418137e+00  0.000000e+00
     vertex -1.999275e+01  4.286139e+00  0.000000e+00
   endloop
 endfacet
 facet normal  0.000000e+00  0.000000e+00 -1.000000e+00
   outer loop
     vertex -2.599987e+01  1.149686e+01  0.000000e+00
     vertex -1.999275e+01  4.550135e+00  0.000000e+00
     vertex -2.001013e+01  4.418137e+00  0.000000e+00
   endloop
 endfacet
 facet normal  0.000000e+00  0.000000e+00 -1.000000e+00
   outer loop
     vertex -2.599987e+01  1.149686e+01  0.000000e+00
     vertex -1.994180e+01  4.673137e+00  0.000000e+00
     vertex -1.999275e+01  4.550135e+00  0.000000e+00
   endloop
 endfacet
 facet normal  0.000000e+00  0.000000e+00 -1.000000e+00
   outer loop
     vertex -2.599987e+01  1.149686e+01  0.000000e+00
     vertex -2.313150e+01 -8.365492e+00  0.000000e+00
     vertex -2.338577e+01 -8.696863e+00  0.000000e+00
   endloop
 endfacet
 facet normal  0.000000e+00  0.000000e+00 -1.000000e+00
   outer loop
     vertex -2.599987e+01  1.149686e+01  0.000000e+00
     vertex -2.338577e+01 -8.696863e+00  0.000000e+00
     vertex -2.599987e+01 -1.150288e+01  0.000000e+00
   endloop
 endfacet
 facet normal  0.000000e+00  0.000000e+00 -1.000000e+00
   outer loop
     vertex -2.599987e+01  1.149686e+01  0.000000e+00
     vertex -1.999275e+01  1.550135e+00  0.000000e+00
     vertex -2.001013e+01  1.418137e+00  0.000000e+00
   endloop
 endfacet
 facet normal  0.000000e+00  0.000000e+00 -1.000000e+00
   outer loop
     vertex -2.599987e+01  1.149686e+01  0.000000e+00
     vertex -1.999275e+01  4.286139e+00  0.000000e+00
     vertex -1.999275e+01  1.550135e+00  0.000000e+00
   endloop
 endfacet
 facet normal  0.000000e+00  0.000000e+00 -1.000000e+00
   outer loop
     vertex -2.599987e+01  1.149686e+01  0.000000e+00
     vertex -2.001013e+01  1.418137e+00  0.000000e+00
     vertex -2.313150e+01 -8.365492e+00  0.000000e+00
   endloop
 endfacet
 facet normal  0.000000e+00 -0.000000e+00 -1.000000e+00
   outer loop
     vertex -1.686075e+01  4.057513e+00  0.000000e+00
     vertex -1.686075e+01  1.778761e+00  0.000000e+00
     vertex -1.913950e+01  1.778761e+00  0.000000e+00
   endloop
 endfacet
 facet normal -0.000000e+00  0.000000e+00 -1.000000e+00
   outer loop
     vertex -1.686075e+01  4.057513e+00  0.000000e+00
     vertex -1.913950e+01  1.778761e+00  0.000000e+00
     vertex -1.913950e+01  4.057513e+00  0.000000e+00
   endloop
 endfacet
 facet normal  0.000000e+00  0.000000e+00 -1.000000e+00
   outer loop
     vertex -1.686075e+01  4.057513e+00  0.000000e+00
     vertex -1.913950e+01  4.057513e+00  0.000000e+00
     vertex -1.905846e+01  4.163137e+00  0.000000e+00
   endloop
 endfacet
 facet normal -0.000000e+00  0.000000e+00 -1.000000e+00
   outer loop
     vertex -1.675513e+01  3.976464e+00  0.000000e+00
     vertex -1.686075e+01  1.778761e+00  0.000000e+00
     vertex -1.686075e+01  4.057513e+00  0.000000e+00
   endloop
 endfacet
 facet normal  0.000000e+00 -0.000000e+00 -1.000000e+00
   outer loop
     vertex -1.675513e+01  3.976464e+00  0.000000e+00
     vertex -1.675513e+01  1.859810e+00  0.000000e+00
     vertex -1.686075e+01  1.778761e+00  0.000000e+00
   endloop
 endfacet
 facet normal  0.000000e+00  0.000000e+00 -1.000000e+00
   outer loop
     vertex -1.675513e+01  3.976464e+00  0.000000e+00
     vertex -1.663213e+01  1.910759e+00  0.000000e+00
     vertex -1.675513e+01  1.859810e+00  0.000000e+00
   endloop
 endfacet
 facet normal -0.000000e+00 -0.000000e+00 -1.000000e+00
   outer loop
     vertex -1.694180e+01  4.163137e+00  0.000000e+00
     vertex -1.686075e+01  4.057513e+00  0.000000e+00
     vertex -1.905846e+01  4.163137e+00  0.000000e+00
   endloop
 endfacet
 facet normal  0.000000e+00 -0.000000e+00 -1.000000e+00
   outer loop
     vertex -1.699275e+01  4.286139e+00  0.000000e+00
     vertex -1.694180e+01  4.163137e+00  0.000000e+00
     vertex -1.905846e+01  4.163137e+00  0.000000e+00
   endloop
 endfacet
 facet normal -0.000000e+00  0.000000e+00 -1.000000e+00
   outer loop
     vertex -1.699275e+01  4.286139e+00  0.000000e+00
     vertex -1.905846e+01  4.163137e+00  0.000000e+00
     vertex -1.900751e+01  4.286139e+00  0.000000e+00
   endloop
 endfacet
 facet normal -0.000000e+00 -0.000000e+00 -1.000000e+00
   outer loop
     vertex -1.663213e+01  3.925515e+00  0.000000e+00
     vertex -1.663213e+01  1.910759e+00  0.000000e+00
     vertex -1.675513e+01  3.976464e+00  0.000000e+00
   endloop
 endfacet
 facet normal  0.000000e+00 -0.000000e+00 -1.000000e+00
   outer loop
     vertex -1.650013e+01  3.908137e+00  0.000000e+00
     vertex -1.650013e+01  1.928137e+00  0.000000e+00
     vertex -1.663213e+01  1.910759e+00  0.000000e+00
   endloop
 endfacet
 facet normal  0.000000e+00  0.000000e+00 -1.000000e+00
   outer loop
     vertex -1.650013e+01  3.908137e+00  0.000000e+00
     vertex -1.636813e+01  1.910759e+00  0.000000e+00
     vertex -1.650013e+01  1.928137e+00  0.000000e+00
   endloop
 endfacet
 facet normal -0.000000e+00  0.000000e+00 -1.000000e+00
   outer loop
     vertex -1.650013e+01  3.908137e+00  0.000000e+00
     vertex -1.663213e+01  1.910759e+00  0.000000e+00
     vertex -1.663213e+01  3.925515e+00  0.000000e+00
   endloop
 endfacet
 facet normal -0.000000e+00  0.000000e+00 -1.000000e+00
   outer loop
     vertex -1.701013e+01  4.418137e+00  0.000000e+00
     vertex -1.900751e+01  4.286139e+00  0.000000e+00
     vertex -1.899013e+01  4.418137e+00  0.000000e+00
   endloop
 endfacet
 facet normal  0.000000e+00 -0.000000e+00 -1.000000e+00
   outer loop
     vertex -1.701013e+01  4.418137e+00  0.000000e+00
     vertex -1.699275e+01  4.286139e+00  0.000000e+00
     vertex -1.900751e+01  4.286139e+00  0.000000e+00
   endloop
 endfacet
 facet normal  0.000000e+00  0.000000e+00 -1.000000e+00
   outer loop
     vertex -2.541400e+01  1.291124e+01  0.000000e+00
     vertex -2.599987e+01  1.149686e+01  0.000000e+00
     vertex -2.593171e+01  1.201456e+01  0.000000e+00
   endloop
 endfacet
 facet normal  0.000000e+00  0.000000e+00 -1.000000e+00
   outer loop
     vertex -2.541400e+01  1.291124e+01  0.000000e+00
     vertex -2.593171e+01  1.201456e+01  0.000000e+00
     vertex -2.573188e+01  1.249698e+01  0.000000e+00
   endloop
 endfacet
 facet normal  0.000000e+00  0.000000e+00 -1.000000e+00
   outer loop
     vertex -1.699275e+01  4.550135e+00  0.000000e+00
     vertex -1.900751e+01  4.550135e+00  0.000000e+00
     vertex -1.905846e+01  4.673137e+00  0.000000e+00
   endloop
 endfacet
 facet normal -0.000000e+00  0.000000e+00 -1.000000e+00
   outer loop
     vertex -1.699275e+01  4.550135e+00  0.000000e+00
     vertex -1.899013e+01  4.418137e+00  0.000000e+00
     vertex -1.900751e+01  4.550135e+00  0.000000e+00
   endloop
 endfacet
 facet normal  0.000000e+00  0.000000e+00 -1.000000e+00
   outer loop
     vertex -1.699275e+01  4.550135e+00  0.000000e+00
     vertex -1.701013e+01  4.418137e+00  0.000000e+00
     vertex -1.899013e+01  4.418137e+00  0.000000e+00
   endloop
 endfacet
 facet normal  0.000000e+00 -0.000000e+00 -1.000000e+00
   outer loop
     vertex -1.636813e+01  3.925515e+00  0.000000e+00
     vertex -1.636813e+01  1.910759e+00  0.000000e+00
     vertex -1.650013e+01  3.908137e+00  0.000000e+00
   endloop
 endfacet
 facet normal -0.000000e+00  0.000000e+00 -1.000000e+00
   outer loop
     vertex -1.694180e+01  4.673137e+00  0.000000e+00
     vertex -1.699275e+01  4.550135e+00  0.000000e+00
     vertex -1.905846e+01  4.673137e+00  0.000000e+00
   endloop
 endfacet
 facet normal  0.000000e+00 -0.000000e+00 -1.000000e+00
   outer loop
     vertex -1.624513e+01  3.976464e+00  0.000000e+00
     vertex -1.624513e+01  1.859810e+00  0.000000e+00
     vertex -1.636813e+01  1.910759e+00  0.000000e+00
   endloop
 endfacet
 facet normal  0.000000e+00  0.000000e+00 -1.000000e+00
   outer loop
     vertex -1.624513e+01  3.976464e+00  0.000000e+00
     vertex -1.613950e+01  1.778761e+00  0.000000e+00
     vertex -1.624513e+01  1.859810e+00  0.000000e+00
   endloop
 endfacet
 facet normal  0.000000e+00  0.000000e+00 -1.000000e+00
   outer loop
     vertex -1.624513e+01  3.976464e+00  0.000000e+00
     vertex -1.636813e+01  1.910759e+00  0.000000e+00
     vertex -1.636813e+01  3.925515e+00  0.000000e+00
   endloop
 endfacet
 facet normal -0.000000e+00  0.000000e+00 -1.000000e+00
   outer loop
     vertex -1.686075e+01  4.778761e+00  0.000000e+00
     vertex -1.905846e+01  4.673137e+00  0.000000e+00
     vertex -1.913950e+01  4.778761e+00  0.000000e+00
   endloop
 endfacet
 facet normal  0.000000e+00  0.000000e+00 -1.000000e+00
   outer loop
     vertex -1.686075e+01  4.778761e+00  0.000000e+00
     vertex -1.694180e+01  4.673137e+00  0.000000e+00
     vertex -1.905846e+01  4.673137e+00  0.000000e+00
   endloop
 endfacet
 facet normal  0.000000e+00 -0.000000e+00 -1.000000e+00
   outer loop
     vertex -1.613950e+01  4.057513e+00  0.000000e+00
     vertex -1.613950e+01  1.778761e+00  0.000000e+00
     vertex -1.624513e+01  3.976464e+00  0.000000e+00
   endloop
 endfacet
 facet normal  0.000000e+00 -0.000000e+00 -1.000000e+00
   outer loop
     vertex -1.605846e+01  4.163137e+00  0.000000e+00
     vertex -1.605846e+01  1.673137e+00  0.000000e+00
     vertex -1.613950e+01  1.778761e+00  0.000000e+00
   endloop
 endfacet
 facet normal  0.000000e+00  0.000000e+00 -1.000000e+00
   outer loop
     vertex -1.605846e+01  4.163137e+00  0.000000e+00
     vertex -1.600751e+01  1.550135e+00  0.000000e+00
     vertex -1.605846e+01  1.673137e+00  0.000000e+00
   endloop
 endfacet
 facet normal  0.000000e+00  0.000000e+00 -1.000000e+00
   outer loop
     vertex -1.605846e+01  4.163137e+00  0.000000e+00
     vertex -1.613950e+01  1.778761e+00  0.000000e+00
     vertex -1.613950e+01  4.057513e+00  0.000000e+00
   endloop
 endfacet
 facet normal  0.000000e+00  0.000000e+00 -1.000000e+00
   outer loop
     vertex -2.499973e+01  1.322912e+01  0.000000e+00
     vertex -2.599987e+01  1.149686e+01  0.000000e+00
     vertex -2.541400e+01  1.291124e+01  0.000000e+00
   endloop
 endfacet
 facet normal  0.000000e+00 -0.000000e+00 -1.000000e+00
   outer loop
     vertex -1.600751e+01  4.286139e+00  0.000000e+00
     vertex -1.600751e+01  1.550135e+00  0.000000e+00
     vertex -1.605846e+01  4.163137e+00  0.000000e+00
   endloop
 endfacet
 facet normal  0.000000e+00  0.000000e+00 -1.000000e+00
   outer loop
     vertex -1.906079e+01  7.677477e+00  0.000000e+00
     vertex -1.963213e+01  4.910759e+00  0.000000e+00
     vertex -1.975513e+01  4.859810e+00  0.000000e+00
   endloop
 endfacet
 facet normal  0.000000e+00  0.000000e+00 -1.000000e+00
   outer loop
     vertex -1.929917e+01  7.988137e+00  0.000000e+00
     vertex -1.975513e+01  4.859810e+00  0.000000e+00
     vertex -1.986075e+01  4.778761e+00  0.000000e+00
   endloop
 endfacet
 facet normal  0.000000e+00 -0.000000e+00 -1.000000e+00
   outer loop
     vertex -1.929917e+01  7.988137e+00  0.000000e+00
     vertex -1.906079e+01  7.677477e+00  0.000000e+00
     vertex -1.975513e+01  4.859810e+00  0.000000e+00
   endloop
 endfacet
 facet normal  0.000000e+00  0.000000e+00 -1.000000e+00
   outer loop
     vertex -1.875013e+01  7.439099e+00  0.000000e+00
     vertex -1.950013e+01  4.928137e+00  0.000000e+00
     vertex -1.963213e+01  4.910759e+00  0.000000e+00
   endloop
 endfacet
 facet normal  0.000000e+00  0.000000e+00 -1.000000e+00
   outer loop
     vertex -1.875013e+01  7.439099e+00  0.000000e+00
     vertex -1.936813e+01  4.910759e+00  0.000000e+00
     vertex -1.950013e+01  4.928137e+00  0.000000e+00
   endloop
 endfacet
 facet normal -0.000000e+00  0.000000e+00 -1.000000e+00
   outer loop
     vertex -1.875013e+01  7.439099e+00  0.000000e+00
     vertex -1.963213e+01  4.910759e+00  0.000000e+00
     vertex -1.906079e+01  7.677477e+00  0.000000e+00
   endloop
 endfacet
 facet normal  0.000000e+00  0.000000e+00 -1.000000e+00
   outer loop
     vertex -1.838836e+01  7.289248e+00  0.000000e+00
     vertex -1.924513e+01  4.859810e+00  0.000000e+00
     vertex -1.936813e+01  4.910759e+00  0.000000e+00
   endloop
 endfacet
 facet normal -0.000000e+00  0.000000e+00 -1.000000e+00
   outer loop
     vertex -1.838836e+01  7.289248e+00  0.000000e+00
     vertex -1.936813e+01  4.910759e+00  0.000000e+00
     vertex -1.875013e+01  7.439099e+00  0.000000e+00
   endloop
 endfacet
 facet normal  0.000000e+00 -0.000000e+00 -1.000000e+00
   outer loop
     vertex -1.944902e+01  8.349908e+00  0.000000e+00
     vertex -1.929917e+01  7.988137e+00  0.000000e+00
     vertex -1.986075e+01  4.778761e+00  0.000000e+00
   endloop
 endfacet
 facet normal  0.000000e+00  0.000000e+00 -1.000000e+00
   outer loop
     vertex -1.944902e+01  8.349908e+00  0.000000e+00
     vertex -1.986075e+01  4.778761e+00  0.000000e+00
     vertex -1.994180e+01  4.673137e+00  0.000000e+00
   endloop
 endfacet
 facet normal -0.000000e+00  0.000000e+00 -1.000000e+00
   outer loop
     vertex -1.944902e+01  8.349908e+00  0.000000e+00
     vertex -1.994180e+01  4.673137e+00  0.000000e+00
     vertex -2.599987e+01  1.149686e+01  0.000000e+00
   endloop
 endfacet
 facet normal -0.000000e+00 -0.000000e+00 -1.000000e+00
   outer loop
     vertex -1.950013e+01  8.738137e+00  0.000000e+00
     vertex -1.944902e+01  8.349908e+00  0.000000e+00
     vertex -2.599987e+01  1.149686e+01  0.000000e+00
   endloop
 endfacet
 facet normal  0.000000e+00  0.000000e+00 -1.000000e+00
   outer loop
     vertex -1.800013e+01  7.238137e+00  0.000000e+00
     vertex -1.913950e+01  4.778761e+00  0.000000e+00
     vertex -1.924513e+01  4.859810e+00  0.000000e+00
   endloop
 endfacet
 facet normal  0.000000e+00  0.000000e+00 -1.000000e+00
   outer loop
     vertex -1.800013e+01  7.238137e+00  0.000000e+00
     vertex -1.675513e+01  4.859810e+00  0.000000e+00
     vertex -1.686075e+01  4.778761e+00  0.000000e+00
   endloop
 endfacet
 facet normal -0.000000e+00  0.000000e+00 -1.000000e+00
   outer loop
     vertex -1.800013e+01  7.238137e+00  0.000000e+00
     vertex -1.924513e+01  4.859810e+00  0.000000e+00
     vertex -1.838836e+01  7.289248e+00  0.000000e+00
   endloop
 endfacet
 facet normal  0.000000e+00 -0.000000e+00 -1.000000e+00
   outer loop
     vertex -1.800013e+01  7.238137e+00  0.000000e+00
     vertex -1.686075e+01  4.778761e+00  0.000000e+00
     vertex -1.913950e+01  4.778761e+00  0.000000e+00
   endloop
 endfacet
 facet normal  0.000000e+00  0.000000e+00 -1.000000e+00
   outer loop
     vertex -2.399962e+01  1.349712e+01  0.000000e+00
     vertex -2.499973e+01  1.322912e+01  0.000000e+00
     vertex -2.451732e+01  1.342895e+01  0.000000e+00
   endloop
 endfacet
 facet normal  0.000000e+00  0.000000e+00 -1.000000e+00
   outer loop
     vertex -2.399962e+01  1.349712e+01  0.000000e+00
     vertex -2.599987e+01  1.149686e+01  0.000000e+00
     vertex -2.499973e+01  1.322912e+01  0.000000e+00
   endloop
 endfacet
 facet normal -0.000000e+00  0.000000e+00 -1.000000e+00
   outer loop
     vertex -1.944902e+01  9.126366e+00  0.000000e+00
     vertex -1.950013e+01  8.738137e+00  0.000000e+00
     vertex -2.599987e+01  1.149686e+01  0.000000e+00
   endloop
 endfacet
 facet normal  0.000000e+00  0.000000e+00 -1.000000e+00
   outer loop
     vertex -1.944902e+01  9.126366e+00  0.000000e+00
     vertex -2.599987e+01  1.149686e+01  0.000000e+00
     vertex -2.399962e+01  1.349712e+01  0.000000e+00
   endloop
 endfacet
 facet normal  0.000000e+00  0.000000e+00 -1.000000e+00
   outer loop
     vertex -1.761190e+01  7.289248e+00  0.000000e+00
     vertex -1.663213e+01  4.910759e+00  0.000000e+00
     vertex -1.675513e+01  4.859810e+00  0.000000e+00
   endloop
 endfacet
 facet normal  0.000000e+00 -0.000000e+00 -1.000000e+00
   outer loop
     vertex -1.761190e+01  7.289248e+00  0.000000e+00
     vertex -1.675513e+01  4.859810e+00  0.000000e+00
     vertex -1.800013e+01  7.238137e+00  0.000000e+00
   endloop
 endfacet
 facet normal -0.000000e+00  0.000000e+00 -1.000000e+00
   outer loop
     vertex -1.929917e+01  9.488137e+00  0.000000e+00
     vertex -1.944902e+01  9.126366e+00  0.000000e+00
     vertex -2.399962e+01  1.349712e+01  0.000000e+00
   endloop
 endfacet
 facet normal  0.000000e+00  0.000000e+00 -1.000000e+00
   outer loop
     vertex -1.725013e+01  7.439099e+00  0.000000e+00
     vertex -1.650013e+01  4.928137e+00  0.000000e+00
     vertex -1.663213e+01  4.910759e+00  0.000000e+00
   endloop
 endfacet
 facet normal  0.000000e+00  0.000000e+00 -1.000000e+00
   outer loop
     vertex -1.725013e+01  7.439099e+00  0.000000e+00
     vertex -1.636813e+01  4.910759e+00  0.000000e+00
     vertex -1.650013e+01  4.928137e+00  0.000000e+00
   endloop
 endfacet
 facet normal  0.000000e+00 -0.000000e+00 -1.000000e+00
   outer loop
     vertex -1.725013e+01  7.439099e+00  0.000000e+00
     vertex -1.663213e+01  4.910759e+00  0.000000e+00
     vertex -1.761190e+01  7.289248e+00  0.000000e+00
   endloop
 endfacet
 facet normal -0.000000e+00  0.000000e+00 -1.000000e+00
   outer loop
     vertex -1.906079e+01  9.798797e+00  0.000000e+00
     vertex -1.929917e+01  9.488137e+00  0.000000e+00
     vertex -2.399962e+01  1.349712e+01  0.000000e+00
   endloop
 endfacet
 facet normal  0.000000e+00 -0.000000e+00 -1.000000e+00
   outer loop
     vertex -1.693947e+01  7.677477e+00  0.000000e+00
     vertex -1.636813e+01  4.910759e+00  0.000000e+00
     vertex -1.725013e+01  7.439099e+00  0.000000e+00
   endloop
 endfacet
 facet normal  0.000000e+00  0.000000e+00 -1.000000e+00
   outer loop
     vertex -1.693947e+01  7.677477e+00  0.000000e+00
     vertex -1.624513e+01  4.859810e+00  0.000000e+00
     vertex -1.636813e+01  4.910759e+00  0.000000e+00
   endloop
 endfacet
 facet normal -0.000000e+00  0.000000e+00 -1.000000e+00
   outer loop
     vertex -1.875013e+01  1.003718e+01  0.000000e+00
     vertex -1.906079e+01  9.798797e+00  0.000000e+00
     vertex -2.399962e+01  1.349712e+01  0.000000e+00
   endloop
 endfacet
 facet normal  0.000000e+00 -0.000000e+00 -1.000000e+00
   outer loop
     vertex -1.670109e+01  7.988137e+00  0.000000e+00
     vertex -1.624513e+01  4.859810e+00  0.000000e+00
     vertex -1.693947e+01  7.677477e+00  0.000000e+00
   endloop
 endfacet
 facet normal  0.000000e+00  0.000000e+00 -1.000000e+00
   outer loop
     vertex -1.670109e+01  7.988137e+00  0.000000e+00
     vertex -1.613950e+01  4.778761e+00  0.000000e+00
     vertex -1.624513e+01  4.859810e+00  0.000000e+00
   endloop
 endfacet
 facet normal -0.000000e+00  0.000000e+00 -1.000000e+00
   outer loop
     vertex -1.374681e+00 -7.145800e+00  0.000000e+00
     vertex -1.028800e+01 -7.158995e+00  0.000000e+00
     vertex -1.024032e+01 -7.096863e+00  0.000000e+00
   endloop
 endfacet
 facet normal -0.000000e+00  0.000000e+00 -1.000000e+00
   outer loop
     vertex -1.320547e+00 -7.193758e+00  0.000000e+00
     vertex -1.035013e+01 -7.206671e+00  0.000000e+00
     vertex -1.028800e+01 -7.158995e+00  0.000000e+00
   endloop
 endfacet
 facet normal  0.000000e+00  0.000000e+00 -1.000000e+00
   outer loop
     vertex -1.320547e+00 -7.193758e+00  0.000000e+00
     vertex -1.028800e+01 -7.158995e+00  0.000000e+00
     vertex -1.374681e+00 -7.145800e+00  0.000000e+00
   endloop
 endfacet
 facet normal  0.000000e+00 -0.000000e+00 -1.000000e+00
   outer loop
     vertex -1.415765e+00 -7.086280e+00  0.000000e+00
     vertex -1.374681e+00 -7.145800e+00  0.000000e+00
     vertex -1.024032e+01 -7.096863e+00  0.000000e+00
   endloop
 endfacet
 facet normal -0.000000e+00  0.000000e+00 -1.000000e+00
   outer loop
     vertex -1.415765e+00 -7.086280e+00  0.000000e+00
     vertex -1.024032e+01 -7.096863e+00  0.000000e+00
     vertex -1.021035e+01 -7.024509e+00  0.000000e+00
   endloop
 endfacet
 facet normal -0.000000e+00  0.000000e+00 -1.000000e+00
   outer loop
     vertex -1.256509e+00 -7.227368e+00  0.000000e+00
     vertex -1.042248e+01 -7.236641e+00  0.000000e+00
     vertex -1.035013e+01 -7.206671e+00  0.000000e+00
   endloop
 endfacet
 facet normal  0.000000e+00  0.000000e+00 -1.000000e+00
   outer loop
     vertex -1.256509e+00 -7.227368e+00  0.000000e+00
     vertex -1.035013e+01 -7.206671e+00  0.000000e+00
     vertex -1.320547e+00 -7.193758e+00  0.000000e+00
   endloop
 endfacet
 facet normal -0.000000e+00  0.000000e+00 -1.000000e+00
   outer loop
     vertex -1.441411e+00 -7.018658e+00  0.000000e+00
     vertex -1.021035e+01 -7.024509e+00  0.000000e+00
     vertex -1.020013e+01 -6.946863e+00  0.000000e+00
   endloop
 endfacet
 facet normal  0.000000e+00 -0.000000e+00 -1.000000e+00
   outer loop
     vertex -1.441411e+00 -7.018658e+00  0.000000e+00
     vertex -1.415765e+00 -7.086280e+00  0.000000e+00
     vertex -1.021035e+01 -7.024509e+00  0.000000e+00
   endloop
 endfacet
 facet normal -0.000000e+00  0.000000e+00 -1.000000e+00
   outer loop
     vertex -1.186289e+00 -7.244676e+00  0.000000e+00
     vertex -2.399962e+01 -1.350314e+01  0.000000e+00
     vertex -1.042248e+01 -7.236641e+00  0.000000e+00
   endloop
 endfacet
 facet normal  0.000000e+00  0.000000e+00 -1.000000e+00
   outer loop
     vertex -1.186289e+00 -7.244676e+00  0.000000e+00
     vertex -1.042248e+01 -7.236641e+00  0.000000e+00
     vertex -1.256509e+00 -7.227368e+00  0.000000e+00
   endloop
 endfacet
 facet normal -0.000000e+00 -0.000000e+00 -1.000000e+00
   outer loop
     vertex -1.450128e+00 -6.946863e+00  0.000000e+00
     vertex -1.441411e+00 -7.018658e+00  0.000000e+00
     vertex -1.020013e+01 -6.946863e+00  0.000000e+00
   endloop
 endfacet
 facet normal -0.000000e+00  0.000000e+00 -1.000000e+00
   outer loop
     vertex -1.113967e+00 -7.244676e+00  0.000000e+00
     vertex -2.399962e+01 -1.350314e+01  0.000000e+00
     vertex -1.186289e+00 -7.244676e+00  0.000000e+00
   endloop
 endfacet
 facet normal  0.000000e+00 -0.000000e+00 -1.000000e+00
   outer loop
     vertex -1.655124e+01  8.349908e+00  0.000000e+00
     vertex -1.613950e+01  4.778761e+00  0.000000e+00
     vertex -1.670109e+01  7.988137e+00  0.000000e+00
   endloop
 endfacet
 facet normal  0.000000e+00  0.000000e+00 -1.000000e+00
   outer loop
     vertex -1.655124e+01  8.349908e+00  0.000000e+00
     vertex -1.605846e+01  4.673137e+00  0.000000e+00
     vertex -1.613950e+01  4.778761e+00  0.000000e+00
   endloop
 endfacet
 facet normal -0.000000e+00  0.000000e+00 -1.000000e+00
   outer loop
     vertex -1.838836e+01  1.018703e+01  0.000000e+00
     vertex -1.875013e+01  1.003718e+01  0.000000e+00
     vertex -2.399962e+01  1.349712e+01  0.000000e+00
   endloop
 endfacet
 facet normal -0.000000e+00  0.000000e+00 -1.000000e+00
   outer loop
     vertex -1.800013e+01  1.023814e+01  0.000000e+00
     vertex -1.838836e+01  1.018703e+01  0.000000e+00
     vertex -2.399962e+01  1.349712e+01  0.000000e+00
   endloop
 endfacet
 facet normal -0.000000e+00  0.000000e+00 -1.000000e+00
   outer loop
     vertex -1.450128e+00 -6.046863e+00  0.000000e+00
     vertex -1.020013e+01 -6.946863e+00  0.000000e+00
     vertex -1.020013e+01 -6.046863e+00  0.000000e+00
   endloop
 endfacet
 facet normal  0.000000e+00 -0.000000e+00 -1.000000e+00
   outer loop
     vertex -1.450128e+00 -6.046863e+00  0.000000e+00
     vertex -1.450128e+00 -6.946863e+00  0.000000e+00
     vertex -1.020013e+01 -6.946863e+00  0.000000e+00
   endloop
 endfacet
 facet normal  0.000000e+00  0.000000e+00 -1.000000e+00
   outer loop
     vertex -1.761190e+01  1.018703e+01  0.000000e+00
     vertex -1.800013e+01  1.023814e+01  0.000000e+00
     vertex -2.399962e+01  1.349712e+01  0.000000e+00
   endloop
 endfacet
 facet normal  0.000000e+00  0.000000e+00 -1.000000e+00
   outer loop
     vertex -1.439906e+00 -5.969217e+00  0.000000e+00
     vertex -1.450128e+00 -6.046863e+00  0.000000e+00
     vertex -1.020013e+01 -6.046863e+00  0.000000e+00
   endloop
 endfacet
 facet normal -0.000000e+00  0.000000e+00 -1.000000e+00
   outer loop
     vertex -1.439906e+00 -5.969217e+00  0.000000e+00
     vertex -1.020013e+01 -6.046863e+00  0.000000e+00
     vertex -1.021035e+01 -5.969217e+00  0.000000e+00
   endloop
 endfacet
 facet normal -0.000000e+00  0.000000e+00 -1.000000e+00
   outer loop
     vertex -1.409936e+00 -5.896863e+00  0.000000e+00
     vertex -1.021035e+01 -5.969217e+00  0.000000e+00
     vertex -1.024032e+01 -5.896863e+00  0.000000e+00
   endloop
 endfacet
 facet normal  0.000000e+00  0.000000e+00 -1.000000e+00
   outer loop
     vertex -1.409936e+00 -5.896863e+00  0.000000e+00
     vertex -1.439906e+00 -5.969217e+00  0.000000e+00
     vertex -1.021035e+01 -5.969217e+00  0.000000e+00
   endloop
 endfacet
 facet normal  0.000000e+00  0.000000e+00 -1.000000e+00
   outer loop
     vertex -7.860752e+00  1.057513e+00  0.000000e+00
     vertex -1.050013e+01 -5.746863e+00  0.000000e+00
     vertex -1.057777e+01 -5.757085e+00  0.000000e+00
   endloop
 endfacet
 facet normal  0.000000e+00  0.000000e+00 -1.000000e+00
   outer loop
     vertex -7.755128e+00  9.764640e-01  0.000000e+00
     vertex -1.042248e+01 -5.757085e+00  0.000000e+00
     vertex -1.050013e+01 -5.746863e+00  0.000000e+00
   endloop
 endfacet
 facet normal -0.000000e+00  0.000000e+00 -1.000000e+00
   outer loop
     vertex -7.755128e+00  9.764640e-01  0.000000e+00
     vertex -1.050013e+01 -5.746863e+00  0.000000e+00
     vertex -7.860752e+00  1.057513e+00  0.000000e+00
   endloop
 endfacet
 facet normal  0.000000e+00  0.000000e+00 -1.000000e+00
   outer loop
     vertex -7.941801e+00  1.163137e+00  0.000000e+00
     vertex -1.057777e+01 -5.757085e+00  0.000000e+00
     vertex -1.292248e+01 -5.757085e+00  0.000000e+00
   endloop
 endfacet
 facet normal  0.000000e+00 -0.000000e+00 -1.000000e+00
   outer loop
     vertex -7.941801e+00  1.163137e+00  0.000000e+00
     vertex -7.860752e+00  1.057513e+00  0.000000e+00
     vertex -1.057777e+01 -5.757085e+00  0.000000e+00
   endloop
 endfacet
 facet normal  0.000000e+00  0.000000e+00 -1.000000e+00
   outer loop
     vertex -7.941801e+00  1.163137e+00  0.000000e+00
     vertex -1.292248e+01 -5.757085e+00  0.000000e+00
     vertex -1.605846e+01  1.163137e+00  0.000000e+00
   endloop
 endfacet
 facet normal -0.000000e+00  0.000000e+00 -1.000000e+00
   outer loop
     vertex -7.632126e+00  9.255148e-01  0.000000e+00
     vertex -1.042248e+01 -5.757085e+00  0.000000e+00
     vertex -7.755128e+00  9.764640e-01  0.000000e+00
   endloop
 endfacet
 facet normal  0.000000e+00  0.000000e+00 -1.000000e+00
   outer loop
     vertex -7.632126e+00  9.255148e-01  0.000000e+00
     vertex -1.035013e+01 -5.787055e+00  0.000000e+00
     vertex -1.042248e+01 -5.757085e+00  0.000000e+00
   endloop
 endfacet
 facet normal -0.000000e+00  0.000000e+00 -1.000000e+00
   outer loop
     vertex -7.992750e+00  1.286139e+00  0.000000e+00
     vertex -1.600751e+01  1.286139e+00  0.000000e+00
     vertex -1.599013e+01  1.418137e+00  0.000000e+00
   endloop
 endfacet
 facet normal  0.000000e+00  0.000000e+00 -1.000000e+00
   outer loop
     vertex -7.992750e+00  1.286139e+00  0.000000e+00
     vertex -1.605846e+01  1.163137e+00  0.000000e+00
     vertex -1.600751e+01  1.286139e+00  0.000000e+00
   endloop
 endfacet
 facet normal  0.000000e+00 -0.000000e+00 -1.000000e+00
   outer loop
     vertex -7.992750e+00  1.286139e+00  0.000000e+00
     vertex -7.941801e+00  1.163137e+00  0.000000e+00
     vertex -1.605846e+01  1.163137e+00  0.000000e+00
   endloop
 endfacet
 facet normal  0.000000e+00  0.000000e+00 -1.000000e+00
   outer loop
     vertex  5.253188e-01 -7.145800e+00  0.000000e+00
     vertex -9.255748e-01 -7.145800e+00  0.000000e+00
     vertex -8.844912e-01 -7.086280e+00  0.000000e+00
   endloop
 endfacet
 facet normal  0.000000e+00  0.000000e+00 -1.000000e+00
   outer loop
     vertex  5.794526e-01 -7.193758e+00  0.000000e+00
     vertex -9.797086e-01 -7.193758e+00  0.000000e+00
     vertex -9.255748e-01 -7.145800e+00  0.000000e+00
   endloop
 endfacet
 facet normal  0.000000e+00  0.000000e+00 -1.000000e+00
   outer loop
     vertex  5.794526e-01 -7.193758e+00  0.000000e+00
     vertex -9.255748e-01 -7.145800e+00  0.000000e+00
     vertex  5.253188e-01 -7.145800e+00  0.000000e+00
   endloop
 endfacet
 facet normal  0.000000e+00 -0.000000e+00 -1.000000e+00
   outer loop
     vertex  4.842352e-01 -7.086280e+00  0.000000e+00
     vertex  5.253188e-01 -7.145800e+00  0.000000e+00
     vertex -8.844912e-01 -7.086280e+00  0.000000e+00
   endloop
 endfacet
 facet normal -0.000000e+00  0.000000e+00 -1.000000e+00
   outer loop
     vertex -7.500128e+00  9.081370e-01  0.000000e+00
     vertex -1.035013e+01 -5.787055e+00  0.000000e+00
     vertex -7.632126e+00  9.255148e-01  0.000000e+00
   endloop
 endfacet
 facet normal  0.000000e+00  0.000000e+00 -1.000000e+00
   outer loop
     vertex -7.500128e+00  9.081370e-01  0.000000e+00
     vertex -1.028800e+01 -5.834731e+00  0.000000e+00
     vertex -1.035013e+01 -5.787055e+00  0.000000e+00
   endloop
 endfacet
 facet normal  0.000000e+00  0.000000e+00 -1.000000e+00
   outer loop
     vertex -7.500128e+00  9.081370e-01  0.000000e+00
     vertex -1.024032e+01 -5.896863e+00  0.000000e+00
     vertex -1.028800e+01 -5.834731e+00  0.000000e+00
   endloop
 endfacet
 facet normal -0.000000e+00  0.000000e+00 -1.000000e+00
   outer loop
     vertex -8.010128e+00  1.418137e+00  0.000000e+00
     vertex -1.599013e+01  1.418137e+00  0.000000e+00
     vertex -1.600751e+01  1.550135e+00  0.000000e+00
   endloop
 endfacet
 facet normal  0.000000e+00 -0.000000e+00 -1.000000e+00
   outer loop
     vertex -8.010128e+00  1.418137e+00  0.000000e+00
     vertex -7.992750e+00  1.286139e+00  0.000000e+00
     vertex -1.599013e+01  1.418137e+00  0.000000e+00
   endloop
 endfacet
 facet normal  0.000000e+00  0.000000e+00 -1.000000e+00
   outer loop
     vertex  6.434905e-01 -7.227368e+00  0.000000e+00
     vertex -9.797086e-01 -7.193758e+00  0.000000e+00
     vertex  5.794526e-01 -7.193758e+00  0.000000e+00
   endloop
 endfacet
 facet normal -0.000000e+00  0.000000e+00 -1.000000e+00
   outer loop
     vertex  6.434905e-01 -7.227368e+00  0.000000e+00
     vertex -1.043747e+00 -7.227368e+00  0.000000e+00
     vertex -9.797086e-01 -7.193758e+00  0.000000e+00
   endloop
 endfacet
 facet normal  0.000000e+00  0.000000e+00 -1.000000e+00
   outer loop
     vertex  4.585895e-01 -7.018658e+00  0.000000e+00
     vertex -8.844912e-01 -7.086280e+00  0.000000e+00
     vertex -8.588455e-01 -7.018658e+00  0.000000e+00
   endloop
 endfacet
 facet normal  0.000000e+00 -0.000000e+00 -1.000000e+00
   outer loop
     vertex  4.585895e-01 -7.018658e+00  0.000000e+00
     vertex  4.842352e-01 -7.086280e+00  0.000000e+00
     vertex -8.844912e-01 -7.086280e+00  0.000000e+00
   endloop
 endfacet
 facet normal  0.000000e+00  0.000000e+00 -1.000000e+00
   outer loop
     vertex  7.137110e-01 -7.244676e+00  0.000000e+00
     vertex -1.043747e+00 -7.227368e+00  0.000000e+00
     vertex  6.434905e-01 -7.227368e+00  0.000000e+00
   endloop
 endfacet
 facet normal -0.000000e+00  0.000000e+00 -1.000000e+00
   outer loop
     vertex  7.137110e-01 -7.244676e+00  0.000000e+00
     vertex -1.113967e+00 -7.244676e+00  0.000000e+00
     vertex -1.043747e+00 -7.227368e+00  0.000000e+00
   endloop
 endfacet
 facet normal  0.000000e+00  0.000000e+00 -1.000000e+00
   outer loop
     vertex  7.137110e-01 -7.244676e+00  0.000000e+00
     vertex -2.399962e+01 -1.350314e+01  0.000000e+00
     vertex -1.113967e+00 -7.244676e+00  0.000000e+00
   endloop
 endfacet
 facet normal  0.000000e+00 -0.000000e+00 -1.000000e+00
   outer loop
     vertex  4.498720e-01 -6.946863e+00  0.000000e+00
     vertex  4.585895e-01 -7.018658e+00  0.000000e+00
     vertex -8.588455e-01 -7.018658e+00  0.000000e+00
   endloop
 endfacet
 facet normal -0.000000e+00  0.000000e+00 -1.000000e+00
   outer loop
     vertex  4.498720e-01 -6.946863e+00  0.000000e+00
     vertex -8.588455e-01 -7.018658e+00  0.000000e+00
     vertex -8.501280e-01 -6.946863e+00  0.000000e+00
   endloop
 endfacet
 facet normal  0.000000e+00  0.000000e+00 -1.000000e+00
   outer loop
     vertex -7.368130e+00  9.255148e-01  0.000000e+00
     vertex -1.024032e+01 -5.896863e+00  0.000000e+00
     vertex -7.500128e+00  9.081370e-01  0.000000e+00
   endloop
 endfacet
 facet normal  0.000000e+00  0.000000e+00 -1.000000e+00
   outer loop
     vertex -7.992750e+00  1.550135e+00  0.000000e+00
     vertex -8.010128e+00  1.418137e+00  0.000000e+00
     vertex -1.600751e+01  1.550135e+00  0.000000e+00
   endloop
 endfacet
 facet normal  0.000000e+00 -0.000000e+00 -1.000000e+00
   outer loop
     vertex  4.498720e-01 -6.046863e+00  0.000000e+00
     vertex  4.498720e-01 -6.946863e+00  0.000000e+00
     vertex -8.501280e-01 -6.946863e+00  0.000000e+00
   endloop
 endfacet
 facet normal -0.000000e+00  0.000000e+00 -1.000000e+00
   outer loop
     vertex  4.498720e-01 -6.046863e+00  0.000000e+00
     vertex -8.501280e-01 -6.946863e+00  0.000000e+00
     vertex -8.501280e-01 -6.046863e+00  0.000000e+00
   endloop
 endfacet
 facet normal  0.000000e+00  0.000000e+00 -1.000000e+00
   outer loop
     vertex  4.600943e-01 -5.969217e+00  0.000000e+00
     vertex -8.603503e-01 -5.969217e+00  0.000000e+00
     vertex -8.903204e-01 -5.896863e+00  0.000000e+00
   endloop
 endfacet
 facet normal -0.000000e+00  0.000000e+00 -1.000000e+00
   outer loop
     vertex  4.600943e-01 -5.969217e+00  0.000000e+00
     vertex -8.501280e-01 -6.046863e+00  0.000000e+00
     vertex -8.603503e-01 -5.969217e+00  0.000000e+00
   endloop
 endfacet
 facet normal  0.000000e+00  0.000000e+00 -1.000000e+00
   outer loop
     vertex  4.600943e-01 -5.969217e+00  0.000000e+00
     vertex  4.498720e-01 -6.046863e+00  0.000000e+00
     vertex -8.501280e-01 -6.046863e+00  0.000000e+00
   endloop
 endfacet
 facet normal -0.000000e+00  0.000000e+00 -1.000000e+00
   outer loop
     vertex  4.900644e-01 -5.896863e+00  0.000000e+00
     vertex  4.600943e-01 -5.969217e+00  0.000000e+00
     vertex -8.903204e-01 -5.896863e+00  0.000000e+00
   endloop
 endfacet
 facet normal  0.000000e+00  0.000000e+00 -1.000000e+00
   outer loop
     vertex  1.775319e+00 -7.145800e+00  0.000000e+00
     vertex  9.744252e-01 -7.145800e+00  0.000000e+00
     vertex  1.015509e+00 -7.086280e+00  0.000000e+00
   endloop
 endfacet
 facet normal  0.000000e+00  0.000000e+00 -1.000000e+00
   outer loop
     vertex  1.829453e+00 -7.193758e+00  0.000000e+00
     vertex  9.744252e-01 -7.145800e+00  0.000000e+00
     vertex  1.775319e+00 -7.145800e+00  0.000000e+00
   endloop
 endfacet
 facet normal  0.000000e+00  0.000000e+00 -1.000000e+00
   outer loop
     vertex  1.829453e+00 -7.193758e+00  0.000000e+00
     vertex  9.202914e-01 -7.193758e+00  0.000000e+00
     vertex  9.744252e-01 -7.145800e+00  0.000000e+00
   endloop
 endfacet
 facet normal  0.000000e+00 -0.000000e+00 -1.000000e+00
   outer loop
     vertex  1.734235e+00 -7.086280e+00  0.000000e+00
     vertex  1.775319e+00 -7.145800e+00  0.000000e+00
     vertex  1.015509e+00 -7.086280e+00  0.000000e+00
   endloop
 endfacet
 facet normal -0.000000e+00  0.000000e+00 -1.000000e+00
   outer loop
     vertex  1.734235e+00 -7.086280e+00  0.000000e+00
     vertex  1.015509e+00 -7.086280e+00  0.000000e+00
     vertex  1.041155e+00 -7.018658e+00  0.000000e+00
   endloop
 endfacet
 facet normal  0.000000e+00  0.000000e+00 -1.000000e+00
   outer loop
     vertex  1.893491e+00 -7.227368e+00  0.000000e+00
     vertex  9.202914e-01 -7.193758e+00  0.000000e+00
     vertex  1.829453e+00 -7.193758e+00  0.000000e+00
   endloop
 endfacet
 facet normal  0.000000e+00  0.000000e+00 -1.000000e+00
   outer loop
     vertex  1.893491e+00 -7.227368e+00  0.000000e+00
     vertex  8.562535e-01 -7.227368e+00  0.000000e+00
     vertex  9.202914e-01 -7.193758e+00  0.000000e+00
   endloop
 endfacet
 facet normal -0.000000e+00  0.000000e+00 -1.000000e+00
   outer loop
     vertex  1.893491e+00 -7.227368e+00  0.000000e+00
     vertex  7.860330e-01 -7.244676e+00  0.000000e+00
     vertex  8.562535e-01 -7.227368e+00  0.000000e+00
   endloop
 endfacet
 facet normal  0.000000e+00 -0.000000e+00 -1.000000e+00
   outer loop
     vertex  1.708589e+00 -7.018658e+00  0.000000e+00
     vertex  1.734235e+00 -7.086280e+00  0.000000e+00
     vertex  1.041155e+00 -7.018658e+00  0.000000e+00
   endloop
 endfacet
 facet normal -0.000000e+00  0.000000e+00 -1.000000e+00
   outer loop
     vertex  5.377400e-01 -5.834731e+00  0.000000e+00
     vertex -8.903204e-01 -5.896863e+00  0.000000e+00
     vertex -9.379960e-01 -5.834731e+00  0.000000e+00
   endloop
 endfacet
 facet normal  0.000000e+00  0.000000e+00 -1.000000e+00
   outer loop
     vertex  5.377400e-01 -5.834731e+00  0.000000e+00
     vertex  4.900644e-01 -5.896863e+00  0.000000e+00
     vertex -8.903204e-01 -5.896863e+00  0.000000e+00
   endloop
 endfacet
 facet normal  0.000000e+00  0.000000e+00 -1.000000e+00
   outer loop
     vertex  1.963711e+00 -7.244676e+00  0.000000e+00
     vertex  7.860330e-01 -7.244676e+00  0.000000e+00
     vertex  1.893491e+00 -7.227368e+00  0.000000e+00
   endloop
 endfacet
 facet normal  0.000000e+00 -0.000000e+00 -1.000000e+00
   outer loop
     vertex  1.699872e+00 -6.946863e+00  0.000000e+00
     vertex  1.708589e+00 -7.018658e+00  0.000000e+00
     vertex  1.041155e+00 -7.018658e+00  0.000000e+00
   endloop
 endfacet
 facet normal -0.000000e+00  0.000000e+00 -1.000000e+00
   outer loop
     vertex  1.699872e+00 -6.946863e+00  0.000000e+00
     vertex  1.041155e+00 -7.018658e+00  0.000000e+00
     vertex  1.049872e+00 -6.946863e+00  0.000000e+00
   endloop
 endfacet
 facet normal  0.000000e+00  0.000000e+00 -1.000000e+00
   outer loop
     vertex  5.998720e-01 -5.787055e+00  0.000000e+00
     vertex  5.377400e-01 -5.834731e+00  0.000000e+00
     vertex -9.379960e-01 -5.834731e+00  0.000000e+00
   endloop
 endfacet
 facet normal -0.000000e+00  0.000000e+00 -1.000000e+00
   outer loop
     vertex  5.998720e-01 -5.787055e+00  0.000000e+00
     vertex -9.379960e-01 -5.834731e+00  0.000000e+00
     vertex -1.000128e+00 -5.787055e+00  0.000000e+00
   endloop
 endfacet
 facet normal  0.000000e+00  0.000000e+00 -1.000000e+00
   outer loop
     vertex  6.722263e-01 -5.757085e+00  0.000000e+00
     vertex  5.998720e-01 -5.787055e+00  0.000000e+00
     vertex -1.000128e+00 -5.787055e+00  0.000000e+00
   endloop
 endfacet
 facet normal -0.000000e+00  0.000000e+00 -1.000000e+00
   outer loop
     vertex  6.722263e-01 -5.757085e+00  0.000000e+00
     vertex -1.000128e+00 -5.787055e+00  0.000000e+00
     vertex -1.072482e+00 -5.757085e+00  0.000000e+00
   endloop
 endfacet
 facet normal -0.000000e+00  0.000000e+00 -1.000000e+00
   outer loop
     vertex  1.699872e+00 -6.046863e+00  0.000000e+00
     vertex  1.049872e+00 -6.946863e+00  0.000000e+00
     vertex  1.049872e+00 -6.046863e+00  0.000000e+00
   endloop
 endfacet
 facet normal  0.000000e+00 -0.000000e+00 -1.000000e+00
   outer loop
     vertex  1.699872e+00 -6.046863e+00  0.000000e+00
     vertex  1.699872e+00 -6.946863e+00  0.000000e+00
     vertex  1.049872e+00 -6.946863e+00  0.000000e+00
   endloop
 endfacet
 facet normal -0.000000e+00  0.000000e+00 -1.000000e+00
   outer loop
     vertex  1.710094e+00 -5.969217e+00  0.000000e+00
     vertex  1.049872e+00 -6.046863e+00  0.000000e+00
     vertex  1.039650e+00 -5.969217e+00  0.000000e+00
   endloop
 endfacet
 facet normal  0.000000e+00  0.000000e+00 -1.000000e+00
   outer loop
     vertex  1.710094e+00 -5.969217e+00  0.000000e+00
     vertex  1.699872e+00 -6.046863e+00  0.000000e+00
     vertex  1.049872e+00 -6.046863e+00  0.000000e+00
   endloop
 endfacet
 facet normal -0.000000e+00  0.000000e+00 -1.000000e+00
   outer loop
     vertex  1.740064e+00 -5.896863e+00  0.000000e+00
     vertex  1.039650e+00 -5.969217e+00  0.000000e+00
     vertex  1.009680e+00 -5.896863e+00  0.000000e+00
   endloop
 endfacet
 facet normal  0.000000e+00  0.000000e+00 -1.000000e+00
   outer loop
     vertex  1.740064e+00 -5.896863e+00  0.000000e+00
     vertex  1.710094e+00 -5.969217e+00  0.000000e+00
     vertex  1.039650e+00 -5.969217e+00  0.000000e+00
   endloop
 endfacet
 facet normal  0.000000e+00  0.000000e+00 -1.000000e+00
   outer loop
     vertex  1.787740e+00 -5.834731e+00  0.000000e+00
     vertex  9.620040e-01 -5.834731e+00  0.000000e+00
     vertex  8.998720e-01 -5.787055e+00  0.000000e+00
   endloop
 endfacet
 facet normal -0.000000e+00  0.000000e+00 -1.000000e+00
   outer loop
     vertex  1.787740e+00 -5.834731e+00  0.000000e+00
     vertex  1.009680e+00 -5.896863e+00  0.000000e+00
     vertex  9.620040e-01 -5.834731e+00  0.000000e+00
   endloop
 endfacet
 facet normal  0.000000e+00  0.000000e+00 -1.000000e+00
   outer loop
     vertex  1.787740e+00 -5.834731e+00  0.000000e+00
     vertex  1.740064e+00 -5.896863e+00  0.000000e+00
     vertex  1.009680e+00 -5.896863e+00  0.000000e+00
   endloop
 endfacet
 facet normal  0.000000e+00  0.000000e+00 -1.000000e+00
   outer loop
     vertex  1.849872e+00 -5.787055e+00  0.000000e+00
     vertex  8.998720e-01 -5.787055e+00  0.000000e+00
     vertex  8.275177e-01 -5.757085e+00  0.000000e+00
   endloop
 endfacet
 facet normal -0.000000e+00  0.000000e+00 -1.000000e+00
   outer loop
     vertex  1.849872e+00 -5.787055e+00  0.000000e+00
     vertex  1.787740e+00 -5.834731e+00  0.000000e+00
     vertex  8.998720e-01 -5.787055e+00  0.000000e+00
   endloop
 endfacet
 facet normal -0.000000e+00  0.000000e+00 -1.000000e+00
   outer loop
     vertex  1.922226e+00 -5.757085e+00  0.000000e+00
     vertex  1.849872e+00 -5.787055e+00  0.000000e+00
     vertex  8.275177e-01 -5.757085e+00  0.000000e+00
   endloop
 endfacet
 facet normal  0.000000e+00  0.000000e+00 -1.000000e+00
   outer loop
     vertex -4.860752e+00  1.057513e+00  0.000000e+00
     vertex -7.139504e+00  1.057513e+00  0.000000e+00
     vertex -7.058455e+00  1.163137e+00  0.000000e+00
   endloop
 endfacet
 facet normal  0.000000e+00  0.000000e+00 -1.000000e+00
   outer loop
     vertex -7.941801e+00  4.163137e+00  0.000000e+00
     vertex -7.860752e+00  1.778761e+00  0.000000e+00
     vertex -7.941801e+00  1.673137e+00  0.000000e+00
   endloop
 endfacet
 facet normal  0.000000e+00  0.000000e+00 -1.000000e+00
   outer loop
     vertex -7.941801e+00  4.163137e+00  0.000000e+00
     vertex -7.860752e+00  4.057513e+00  0.000000e+00
     vertex -7.860752e+00  1.778761e+00  0.000000e+00
   endloop
 endfacet
 facet normal  0.000000e+00 -0.000000e+00 -1.000000e+00
   outer loop
     vertex -7.755128e+00  3.976464e+00  0.000000e+00
     vertex -7.755128e+00  1.859810e+00  0.000000e+00
     vertex -7.860752e+00  1.778761e+00  0.000000e+00
   endloop
 endfacet
 facet normal -0.000000e+00  0.000000e+00 -1.000000e+00
   outer loop
     vertex -7.755128e+00  3.976464e+00  0.000000e+00
     vertex -7.860752e+00  1.778761e+00  0.000000e+00
     vertex -7.860752e+00  4.057513e+00  0.000000e+00
   endloop
 endfacet
 facet normal  0.000000e+00  0.000000e+00 -1.000000e+00
   outer loop
     vertex -4.755128e+00  9.764640e-01  0.000000e+00
     vertex -7.139504e+00  1.057513e+00  0.000000e+00
     vertex -4.860752e+00  1.057513e+00  0.000000e+00
   endloop
 endfacet
 facet normal  0.000000e+00  0.000000e+00 -1.000000e+00
   outer loop
     vertex -4.755128e+00  9.764640e-01  0.000000e+00
     vertex -7.245128e+00  9.764640e-01  0.000000e+00
     vertex -7.139504e+00  1.057513e+00  0.000000e+00
   endloop
 endfacet
 facet normal -0.000000e+00 -0.000000e+00 -1.000000e+00
   outer loop
     vertex -4.941801e+00  1.163137e+00  0.000000e+00
     vertex -4.860752e+00  1.057513e+00  0.000000e+00
     vertex -7.058455e+00  1.163137e+00  0.000000e+00
   endloop
 endfacet
 facet normal  0.000000e+00  0.000000e+00 -1.000000e+00
   outer loop
     vertex -4.941801e+00  1.163137e+00  0.000000e+00
     vertex -7.058455e+00  1.163137e+00  0.000000e+00
     vertex -7.007506e+00  1.286139e+00  0.000000e+00
   endloop
 endfacet
 facet normal -0.000000e+00  0.000000e+00 -1.000000e+00
   outer loop
     vertex -7.632126e+00  3.925515e+00  0.000000e+00
     vertex -7.755128e+00  1.859810e+00  0.000000e+00
     vertex -7.755128e+00  3.976464e+00  0.000000e+00
   endloop
 endfacet
 facet normal  0.000000e+00 -0.000000e+00 -1.000000e+00
   outer loop
     vertex -7.632126e+00  3.925515e+00  0.000000e+00
     vertex -7.632126e+00  1.910759e+00  0.000000e+00
     vertex -7.755128e+00  1.859810e+00  0.000000e+00
   endloop
 endfacet
 facet normal  0.000000e+00  0.000000e+00 -1.000000e+00
   outer loop
     vertex -7.632126e+00  3.925515e+00  0.000000e+00
     vertex -7.500128e+00  1.928137e+00  0.000000e+00
     vertex -7.632126e+00  1.910759e+00  0.000000e+00
   endloop
 endfacet
 facet normal -0.000000e+00 -0.000000e+00 -1.000000e+00
   outer loop
     vertex -4.992750e+00  1.286139e+00  0.000000e+00
     vertex -4.941801e+00  1.163137e+00  0.000000e+00
     vertex -7.007506e+00  1.286139e+00  0.000000e+00
   endloop
 endfacet
 facet normal  0.000000e+00  0.000000e+00 -1.000000e+00
   outer loop
     vertex -4.992750e+00  1.286139e+00  0.000000e+00
     vertex -7.007506e+00  1.286139e+00  0.000000e+00
     vertex -6.990128e+00  1.418137e+00  0.000000e+00
   endloop
 endfacet
 facet normal  0.000000e+00  0.000000e+00 -1.000000e+00
   outer loop
     vertex -7.992750e+00  4.286139e+00  0.000000e+00
     vertex -7.941801e+00  4.163137e+00  0.000000e+00
     vertex -7.941801e+00  1.673137e+00  0.000000e+00
   endloop
 endfacet
 facet normal  0.000000e+00  0.000000e+00 -1.000000e+00
   outer loop
     vertex -7.992750e+00  4.286139e+00  0.000000e+00
     vertex -7.992750e+00  1.550135e+00  0.000000e+00
     vertex -1.600751e+01  1.550135e+00  0.000000e+00
   endloop
 endfacet
 facet normal  0.000000e+00 -0.000000e+00 -1.000000e+00
   outer loop
     vertex -7.992750e+00  4.286139e+00  0.000000e+00
     vertex -7.941801e+00  1.673137e+00  0.000000e+00
     vertex -7.992750e+00  1.550135e+00  0.000000e+00
   endloop
 endfacet
 facet normal  0.000000e+00  0.000000e+00 -1.000000e+00
   outer loop
     vertex -7.992750e+00  4.286139e+00  0.000000e+00
     vertex -1.600751e+01  1.550135e+00  0.000000e+00
     vertex -1.600751e+01  4.286139e+00  0.000000e+00
   endloop
 endfacet
 facet normal -0.000000e+00  0.000000e+00 -1.000000e+00
   outer loop
     vertex -4.632126e+00  9.255148e-01  0.000000e+00
     vertex -1.024032e+01 -5.896863e+00  0.000000e+00
     vertex -7.368130e+00  9.255148e-01  0.000000e+00
   endloop
 endfacet
 facet normal  0.000000e+00  0.000000e+00 -1.000000e+00
   outer loop
     vertex -4.632126e+00  9.255148e-01  0.000000e+00
     vertex -7.245128e+00  9.764640e-01  0.000000e+00
     vertex -4.755128e+00  9.764640e-01  0.000000e+00
   endloop
 endfacet
 facet normal  0.000000e+00  0.000000e+00 -1.000000e+00
   outer loop
     vertex -4.632126e+00  9.255148e-01  0.000000e+00
     vertex -7.368130e+00  9.255148e-01  0.000000e+00
     vertex -7.245128e+00  9.764640e-01  0.000000e+00
   endloop
 endfacet
 facet normal  0.000000e+00 -0.000000e+00 -1.000000e+00
   outer loop
     vertex -4.632126e+00  9.255148e-01  0.000000e+00
     vertex -1.409936e+00 -5.896863e+00  0.000000e+00
     vertex -1.024032e+01 -5.896863e+00  0.000000e+00
   endloop
 endfacet
 facet normal -0.000000e+00 -0.000000e+00 -1.000000e+00
   outer loop
     vertex -7.500128e+00  3.908137e+00  0.000000e+00
     vertex -7.500128e+00  1.928137e+00  0.000000e+00
     vertex -7.632126e+00  3.925515e+00  0.000000e+00
   endloop
 endfacet
 facet normal  0.000000e+00  0.000000e+00 -1.000000e+00
   outer loop
     vertex -8.010128e+00  4.418137e+00  0.000000e+00
     vertex -1.600751e+01  4.286139e+00  0.000000e+00
     vertex -1.599013e+01  4.418137e+00  0.000000e+00
   endloop
 endfacet
 facet normal  0.000000e+00 -0.000000e+00 -1.000000e+00
   outer loop
     vertex -8.010128e+00  4.418137e+00  0.000000e+00
     vertex -7.992750e+00  4.286139e+00  0.000000e+00
     vertex -1.600751e+01  4.286139e+00  0.000000e+00
   endloop
 endfacet
 facet normal -0.000000e+00 -0.000000e+00 -1.000000e+00
   outer loop
     vertex -4.500128e+00  9.081370e-01  0.000000e+00
     vertex -1.409936e+00 -5.896863e+00  0.000000e+00
     vertex -4.632126e+00  9.255148e-01  0.000000e+00
   endloop
 endfacet
 facet normal  0.000000e+00  0.000000e+00 -1.000000e+00
   outer loop
     vertex -4.500128e+00  9.081370e-01  0.000000e+00
     vertex -1.362260e+00 -5.834731e+00  0.000000e+00
     vertex -1.409936e+00 -5.896863e+00  0.000000e+00
   endloop
 endfacet
 facet normal -0.000000e+00 -0.000000e+00 -1.000000e+00
   outer loop
     vertex -5.010128e+00  1.418137e+00  0.000000e+00
     vertex -4.992750e+00  1.286139e+00  0.000000e+00
     vertex -6.990128e+00  1.418137e+00  0.000000e+00
   endloop
 endfacet
 facet normal -0.000000e+00  0.000000e+00 -1.000000e+00
   outer loop
     vertex -7.992750e+00  4.550135e+00  0.000000e+00
     vertex -1.599013e+01  4.418137e+00  0.000000e+00
     vertex -1.600751e+01  4.550135e+00  0.000000e+00
   endloop
 endfacet
 facet normal  0.000000e+00  0.000000e+00 -1.000000e+00
   outer loop
     vertex -7.992750e+00  4.550135e+00  0.000000e+00
     vertex -8.010128e+00  4.418137e+00  0.000000e+00
     vertex -1.599013e+01  4.418137e+00  0.000000e+00
   endloop
 endfacet
 facet normal  0.000000e+00  0.000000e+00 -1.000000e+00
   outer loop
     vertex -4.992750e+00  1.550135e+00  0.000000e+00
     vertex -5.010128e+00  1.418137e+00  0.000000e+00
     vertex -6.990128e+00  1.418137e+00  0.000000e+00
   endloop
 endfacet
 facet normal -0.000000e+00  0.000000e+00 -1.000000e+00
   outer loop
     vertex -4.992750e+00  1.550135e+00  0.000000e+00
     vertex -6.990128e+00  1.418137e+00  0.000000e+00
     vertex -7.007506e+00  1.550135e+00  0.000000e+00
   endloop
 endfacet
 facet normal  0.000000e+00  0.000000e+00 -1.000000e+00
   outer loop
     vertex -7.368130e+00  3.925515e+00  0.000000e+00
     vertex -7.368130e+00  1.910759e+00  0.000000e+00
     vertex -7.500128e+00  1.928137e+00  0.000000e+00
   endloop
 endfacet
 facet normal  0.000000e+00  0.000000e+00 -1.000000e+00
   outer loop
     vertex -7.368130e+00  3.925515e+00  0.000000e+00
     vertex -7.500128e+00  1.928137e+00  0.000000e+00
     vertex -7.500128e+00  3.908137e+00  0.000000e+00
   endloop
 endfacet
 facet normal  0.000000e+00 -0.000000e+00 -1.000000e+00
   outer loop
     vertex -4.368130e+00  9.255148e-01  0.000000e+00
     vertex -1.362260e+00 -5.834731e+00  0.000000e+00
     vertex -4.500128e+00  9.081370e-01  0.000000e+00
   endloop
 endfacet
 facet normal  0.000000e+00  0.000000e+00 -1.000000e+00
   outer loop
     vertex -4.368130e+00  9.255148e-01  0.000000e+00
     vertex -1.300128e+00 -5.787055e+00  0.000000e+00
     vertex -1.362260e+00 -5.834731e+00  0.000000e+00
   endloop
 endfacet
 facet normal  0.000000e+00  0.000000e+00 -1.000000e+00
   outer loop
     vertex -7.941801e+00  4.673137e+00  0.000000e+00
     vertex -7.992750e+00  4.550135e+00  0.000000e+00
     vertex -1.600751e+01  4.550135e+00  0.000000e+00
   endloop
 endfacet
 facet normal  0.000000e+00  0.000000e+00 -1.000000e+00
   outer loop
     vertex -7.941801e+00  4.673137e+00  0.000000e+00
     vertex -1.600751e+01  4.550135e+00  0.000000e+00
     vertex -1.605846e+01  4.673137e+00  0.000000e+00
   endloop
 endfacet
 facet normal -0.000000e+00  0.000000e+00 -1.000000e+00
   outer loop
     vertex -7.941801e+00  4.673137e+00  0.000000e+00
     vertex -1.605846e+01  4.673137e+00  0.000000e+00
     vertex -1.655124e+01  8.349908e+00  0.000000e+00
   endloop
 endfacet
 facet normal  0.000000e+00  0.000000e+00 -1.000000e+00
   outer loop
     vertex -7.245128e+00  3.976464e+00  0.000000e+00
     vertex -7.368130e+00  1.910759e+00  0.000000e+00
     vertex -7.368130e+00  3.925515e+00  0.000000e+00
   endloop
 endfacet
 facet normal  0.000000e+00  0.000000e+00 -1.000000e+00
   outer loop
     vertex -7.245128e+00  3.976464e+00  0.000000e+00
     vertex -7.245128e+00  1.859810e+00  0.000000e+00
     vertex -7.368130e+00  1.910759e+00  0.000000e+00
   endloop
 endfacet
 facet normal  0.000000e+00  0.000000e+00 -1.000000e+00
   outer loop
     vertex -4.941801e+00  1.673137e+00  0.000000e+00
     vertex -4.992750e+00  1.550135e+00  0.000000e+00
     vertex -7.007506e+00  1.550135e+00  0.000000e+00
   endloop
 endfacet
 facet normal  0.000000e+00  0.000000e+00 -1.000000e+00
   outer loop
     vertex -4.941801e+00  1.673137e+00  0.000000e+00
     vertex -7.007506e+00  1.550135e+00  0.000000e+00
     vertex -7.058455e+00  1.673137e+00  0.000000e+00
   endloop
 endfacet
 facet normal  0.000000e+00  0.000000e+00 -1.000000e+00
   outer loop
     vertex -4.245128e+00  9.764640e-01  0.000000e+00
     vertex -1.227774e+00 -5.757085e+00  0.000000e+00
     vertex -1.300128e+00 -5.787055e+00  0.000000e+00
   endloop
 endfacet
 facet normal  0.000000e+00 -0.000000e+00 -1.000000e+00
   outer loop
     vertex -4.245128e+00  9.764640e-01  0.000000e+00
     vertex -1.300128e+00 -5.787055e+00  0.000000e+00
     vertex -4.368130e+00  9.255148e-01  0.000000e+00
   endloop
 endfacet
 facet normal  0.000000e+00  0.000000e+00 -1.000000e+00
   outer loop
     vertex -7.139504e+00  4.057513e+00  0.000000e+00
     vertex -7.245128e+00  1.859810e+00  0.000000e+00
     vertex -7.245128e+00  3.976464e+00  0.000000e+00
   endloop
 endfacet
 facet normal  0.000000e+00 -0.000000e+00 -1.000000e+00
   outer loop
     vertex -7.139504e+00  4.057513e+00  0.000000e+00
     vertex -7.139504e+00  1.778761e+00  0.000000e+00
     vertex -7.245128e+00  1.859810e+00  0.000000e+00
   endloop
 endfacet
 facet normal  0.000000e+00  0.000000e+00 -1.000000e+00
   outer loop
     vertex -4.860752e+00  1.778761e+00  0.000000e+00
     vertex -4.941801e+00  1.673137e+00  0.000000e+00
     vertex -7.058455e+00  1.673137e+00  0.000000e+00
   endloop
 endfacet
 facet normal  0.000000e+00  0.000000e+00 -1.000000e+00
   outer loop
     vertex -4.860752e+00  1.778761e+00  0.000000e+00
     vertex -7.058455e+00  1.673137e+00  0.000000e+00
     vertex -7.139504e+00  1.778761e+00  0.000000e+00
   endloop
 endfacet
 facet normal  0.000000e+00 -0.000000e+00 -1.000000e+00
   outer loop
     vertex -4.139504e+00  1.057513e+00  0.000000e+00
     vertex -1.227774e+00 -5.757085e+00  0.000000e+00
     vertex -4.245128e+00  9.764640e-01  0.000000e+00
   endloop
 endfacet
 facet normal  0.000000e+00  0.000000e+00 -1.000000e+00
   outer loop
     vertex -4.139504e+00  1.057513e+00  0.000000e+00
     vertex -1.150128e+00 -5.746863e+00  0.000000e+00
     vertex -1.227774e+00 -5.757085e+00  0.000000e+00
   endloop
 endfacet
 facet normal  0.000000e+00 -0.000000e+00 -1.000000e+00
   outer loop
     vertex -4.058455e+00  1.163137e+00  0.000000e+00
     vertex -1.150128e+00 -5.746863e+00  0.000000e+00
     vertex -4.139504e+00  1.057513e+00  0.000000e+00
   endloop
 endfacet
 facet normal  0.000000e+00  0.000000e+00 -1.000000e+00
   outer loop
     vertex -4.058455e+00  1.163137e+00  0.000000e+00
     vertex -1.072482e+00 -5.757085e+00  0.000000e+00
     vertex -1.150128e+00 -5.746863e+00  0.000000e+00
   endloop
 endfacet
 facet normal  0.000000e+00  0.000000e+00 -1.000000e+00
   outer loop
     vertex -4.058455e+00  1.163137e+00  0.000000e+00
     vertex  6.722263e-01 -5.757085e+00  0.000000e+00
     vertex -1.072482e+00 -5.757085e+00  0.000000e+00
   endloop
 endfacet
 facet normal -0.000000e+00  0.000000e+00 -1.000000e+00
   outer loop
     vertex  4.287740e+00 -7.158995e+00  0.000000e+00
     vertex  2.170291e+00 -7.193758e+00  0.000000e+00
     vertex  2.224425e+00 -7.145800e+00  0.000000e+00
   endloop
 endfacet
 facet normal -0.000000e+00  0.000000e+00 -1.000000e+00
   outer loop
     vertex  4.349872e+00 -7.206671e+00  0.000000e+00
     vertex  2.106253e+00 -7.227368e+00  0.000000e+00
     vertex  2.170291e+00 -7.193758e+00  0.000000e+00
   endloop
 endfacet
 facet normal  0.000000e+00  0.000000e+00 -1.000000e+00
   outer loop
     vertex  4.349872e+00 -7.206671e+00  0.000000e+00
     vertex  2.170291e+00 -7.193758e+00  0.000000e+00
     vertex  4.287740e+00 -7.158995e+00  0.000000e+00
   endloop
 endfacet
 facet normal -0.000000e+00  0.000000e+00 -1.000000e+00
   outer loop
     vertex  4.240064e+00 -7.096863e+00  0.000000e+00
     vertex  2.224425e+00 -7.145800e+00  0.000000e+00
     vertex  2.265509e+00 -7.086280e+00  0.000000e+00
   endloop
 endfacet
 facet normal  0.000000e+00 -0.000000e+00 -1.000000e+00
   outer loop
     vertex  4.240064e+00 -7.096863e+00  0.000000e+00
     vertex  4.287740e+00 -7.158995e+00  0.000000e+00
     vertex  2.224425e+00 -7.145800e+00  0.000000e+00
   endloop
 endfacet
 facet normal -0.000000e+00  0.000000e+00 -1.000000e+00
   outer loop
     vertex  4.210094e+00 -7.024509e+00  0.000000e+00
     vertex  2.265509e+00 -7.086280e+00  0.000000e+00
     vertex  2.291155e+00 -7.018658e+00  0.000000e+00
   endloop
 endfacet
 facet normal  0.000000e+00 -0.000000e+00 -1.000000e+00
   outer loop
     vertex  4.210094e+00 -7.024509e+00  0.000000e+00
     vertex  4.240064e+00 -7.096863e+00  0.000000e+00
     vertex  2.265509e+00 -7.086280e+00  0.000000e+00
   endloop
 endfacet
 facet normal -0.000000e+00  0.000000e+00 -1.000000e+00
   outer loop
     vertex  4.422226e+00 -7.236641e+00  0.000000e+00
     vertex  2.036033e+00 -7.244676e+00  0.000000e+00
     vertex  2.106253e+00 -7.227368e+00  0.000000e+00
   endloop
 endfacet
 facet normal  0.000000e+00  0.000000e+00 -1.000000e+00
   outer loop
     vertex  4.422226e+00 -7.236641e+00  0.000000e+00
     vertex  2.106253e+00 -7.227368e+00  0.000000e+00
     vertex  4.349872e+00 -7.206671e+00  0.000000e+00
   endloop
 endfacet
 facet normal  0.000000e+00  0.000000e+00 -1.000000e+00
   outer loop
     vertex  4.499872e+00 -7.246863e+00  0.000000e+00
     vertex  2.036033e+00 -7.244676e+00  0.000000e+00
     vertex  4.422226e+00 -7.236641e+00  0.000000e+00
   endloop
 endfacet
 facet normal -0.000000e+00  0.000000e+00 -1.000000e+00
   outer loop
     vertex  4.199872e+00 -6.946863e+00  0.000000e+00
     vertex  2.291155e+00 -7.018658e+00  0.000000e+00
     vertex  2.299872e+00 -6.946863e+00  0.000000e+00
   endloop
 endfacet
 facet normal  0.000000e+00 -0.000000e+00 -1.000000e+00
   outer loop
     vertex  4.199872e+00 -6.946863e+00  0.000000e+00
     vertex  4.210094e+00 -7.024509e+00  0.000000e+00
     vertex  2.291155e+00 -7.018658e+00  0.000000e+00
   endloop
 endfacet
 facet normal -0.000000e+00  0.000000e+00 -1.000000e+00
   outer loop
     vertex  4.199872e+00 -6.046863e+00  0.000000e+00
     vertex  2.299872e+00 -6.946863e+00  0.000000e+00
     vertex  2.299872e+00 -6.046863e+00  0.000000e+00
   endloop
 endfacet
 facet normal  0.000000e+00 -0.000000e+00 -1.000000e+00
   outer loop
     vertex  4.199872e+00 -6.046863e+00  0.000000e+00
     vertex  4.199872e+00 -6.946863e+00  0.000000e+00
     vertex  2.299872e+00 -6.946863e+00  0.000000e+00
   endloop
 endfacet
 facet normal -0.000000e+00  0.000000e+00 -1.000000e+00
   outer loop
     vertex  4.210094e+00 -5.969217e+00  0.000000e+00
     vertex  2.299872e+00 -6.046863e+00  0.000000e+00
     vertex  2.289650e+00 -5.969217e+00  0.000000e+00
   endloop
 endfacet
 facet normal  0.000000e+00  0.000000e+00 -1.000000e+00
   outer loop
     vertex  4.210094e+00 -5.969217e+00  0.000000e+00
     vertex  4.199872e+00 -6.046863e+00  0.000000e+00
     vertex  2.299872e+00 -6.046863e+00  0.000000e+00
   endloop
 endfacet
 facet normal  0.000000e+00  0.000000e+00 -1.000000e+00
   outer loop
     vertex  4.240064e+00 -5.896863e+00  0.000000e+00
     vertex  4.210094e+00 -5.969217e+00  0.000000e+00
     vertex  2.289650e+00 -5.969217e+00  0.000000e+00
   endloop
 endfacet
 facet normal -0.000000e+00  0.000000e+00 -1.000000e+00
   outer loop
     vertex  4.240064e+00 -5.896863e+00  0.000000e+00
     vertex  2.289650e+00 -5.969217e+00  0.000000e+00
     vertex  2.259680e+00 -5.896863e+00  0.000000e+00
   endloop
 endfacet
 facet normal  0.000000e+00  0.000000e+00 -1.000000e+00
   outer loop
     vertex  4.287740e+00 -5.834731e+00  0.000000e+00
     vertex  2.212004e+00 -5.834731e+00  0.000000e+00
     vertex  2.149872e+00 -5.787055e+00  0.000000e+00
   endloop
 endfacet
 facet normal -0.000000e+00  0.000000e+00 -1.000000e+00
   outer loop
     vertex  4.287740e+00 -5.834731e+00  0.000000e+00
     vertex  2.259680e+00 -5.896863e+00  0.000000e+00
     vertex  2.212004e+00 -5.834731e+00  0.000000e+00
   endloop
 endfacet
 facet normal  0.000000e+00  0.000000e+00 -1.000000e+00
   outer loop
     vertex  4.287740e+00 -5.834731e+00  0.000000e+00
     vertex  4.240064e+00 -5.896863e+00  0.000000e+00
     vertex  2.259680e+00 -5.896863e+00  0.000000e+00
   endloop
 endfacet
 facet normal  0.000000e+00  0.000000e+00 -1.000000e+00
   outer loop
     vertex  4.349872e+00 -5.787055e+00  0.000000e+00
     vertex  2.149872e+00 -5.787055e+00  0.000000e+00
     vertex  2.077518e+00 -5.757085e+00  0.000000e+00
   endloop
 endfacet
 facet normal -0.000000e+00  0.000000e+00 -1.000000e+00
   outer loop
     vertex  4.349872e+00 -5.787055e+00  0.000000e+00
     vertex  4.287740e+00 -5.834731e+00  0.000000e+00
     vertex  2.149872e+00 -5.787055e+00  0.000000e+00
   endloop
 endfacet
 facet normal -0.000000e+00  0.000000e+00 -1.000000e+00
   outer loop
     vertex  4.422226e+00 -5.757085e+00  0.000000e+00
     vertex  4.349872e+00 -5.787055e+00  0.000000e+00
     vertex  2.077518e+00 -5.757085e+00  0.000000e+00
   endloop
 endfacet
 facet normal -0.000000e+00  0.000000e+00 -1.000000e+00
   outer loop
     vertex -4.860752e+00  4.057513e+00  0.000000e+00
     vertex -7.139504e+00  1.778761e+00  0.000000e+00
     vertex -7.139504e+00  4.057513e+00  0.000000e+00
   endloop
 endfacet
 facet normal  0.000000e+00 -0.000000e+00 -1.000000e+00
   outer loop
     vertex -4.860752e+00  4.057513e+00  0.000000e+00
     vertex -4.860752e+00  1.778761e+00  0.000000e+00
     vertex -7.139504e+00  1.778761e+00  0.000000e+00
   endloop
 endfacet
 facet normal  0.000000e+00  0.000000e+00 -1.000000e+00
   outer loop
     vertex -4.860752e+00  4.057513e+00  0.000000e+00
     vertex -7.139504e+00  4.057513e+00  0.000000e+00
     vertex -7.058455e+00  4.163137e+00  0.000000e+00
   endloop
 endfacet
 facet normal  0.000000e+00  0.000000e+00 -1.000000e+00
   outer loop
     vertex -4.860752e+00  4.057513e+00  0.000000e+00
     vertex -4.755128e+00  1.859810e+00  0.000000e+00
     vertex -4.860752e+00  1.778761e+00  0.000000e+00
   endloop
 endfacet
 facet normal -0.000000e+00 -0.000000e+00 -1.000000e+00
   outer loop
     vertex -4.941801e+00  4.163137e+00  0.000000e+00
     vertex -4.860752e+00  4.057513e+00  0.000000e+00
     vertex -7.058455e+00  4.163137e+00  0.000000e+00
   endloop
 endfacet
 facet normal -0.000000e+00 -0.000000e+00 -1.000000e+00
   outer loop
     vertex -4.755128e+00  3.976464e+00  0.000000e+00
     vertex -4.755128e+00  1.859810e+00  0.000000e+00
     vertex -4.860752e+00  4.057513e+00  0.000000e+00
   endloop
 endfacet
 facet normal -0.000000e+00  0.000000e+00 -1.000000e+00
   outer loop
     vertex -4.632126e+00  3.925515e+00  0.000000e+00
     vertex -4.755128e+00  1.859810e+00  0.000000e+00
     vertex -4.755128e+00  3.976464e+00  0.000000e+00
   endloop
 endfacet
 facet normal  0.000000e+00 -0.000000e+00 -1.000000e+00
   outer loop
     vertex -4.632126e+00  3.925515e+00  0.000000e+00
     vertex -4.632126e+00  1.910759e+00  0.000000e+00
     vertex -4.755128e+00  1.859810e+00  0.000000e+00
   endloop
 endfacet
 facet normal  0.000000e+00 -0.000000e+00 -1.000000e+00
   outer loop
     vertex -4.992750e+00  4.286139e+00  0.000000e+00
     vertex -4.941801e+00  4.163137e+00  0.000000e+00
     vertex -7.058455e+00  4.163137e+00  0.000000e+00
   endloop
 endfacet
 facet normal -0.000000e+00  0.000000e+00 -1.000000e+00
   outer loop
     vertex -4.992750e+00  4.286139e+00  0.000000e+00
     vertex -7.058455e+00  4.163137e+00  0.000000e+00
     vertex -7.007506e+00  4.286139e+00  0.000000e+00
   endloop
 endfacet
 facet normal -0.000000e+00  0.000000e+00 -1.000000e+00
   outer loop
     vertex -4.500128e+00  3.908137e+00  0.000000e+00
     vertex -4.632126e+00  1.910759e+00  0.000000e+00
     vertex -4.632126e+00  3.925515e+00  0.000000e+00
   endloop
 endfacet
 facet normal  0.000000e+00 -0.000000e+00 -1.000000e+00
   outer loop
     vertex -4.500128e+00  3.908137e+00  0.000000e+00
     vertex -4.500128e+00  1.928137e+00  0.000000e+00
     vertex -4.632126e+00  1.910759e+00  0.000000e+00
   endloop
 endfacet
 facet normal  0.000000e+00 -0.000000e+00 -1.000000e+00
   outer loop
     vertex -5.010128e+00  4.418137e+00  0.000000e+00
     vertex -4.992750e+00  4.286139e+00  0.000000e+00
     vertex -7.007506e+00  4.286139e+00  0.000000e+00
   endloop
 endfacet
 facet normal -0.000000e+00  0.000000e+00 -1.000000e+00
   outer loop
     vertex -5.010128e+00  4.418137e+00  0.000000e+00
     vertex -7.007506e+00  4.286139e+00  0.000000e+00
     vertex -6.990128e+00  4.418137e+00  0.000000e+00
   endloop
 endfacet
 facet normal  0.000000e+00  0.000000e+00 -1.000000e+00
   outer loop
     vertex -4.368130e+00  3.925515e+00  0.000000e+00
     vertex -4.500128e+00  1.928137e+00  0.000000e+00
     vertex -4.500128e+00  3.908137e+00  0.000000e+00
   endloop
 endfacet
 facet normal  0.000000e+00  0.000000e+00 -1.000000e+00
   outer loop
     vertex -4.368130e+00  3.925515e+00  0.000000e+00
     vertex -4.368130e+00  1.910759e+00  0.000000e+00
     vertex -4.500128e+00  1.928137e+00  0.000000e+00
   endloop
 endfacet
 facet normal -0.000000e+00  0.000000e+00 -1.000000e+00
   outer loop
     vertex -4.992750e+00  4.550135e+00  0.000000e+00
     vertex -6.990128e+00  4.418137e+00  0.000000e+00
     vertex -7.007506e+00  4.550135e+00  0.000000e+00
   endloop
 endfacet
 facet normal  0.000000e+00  0.000000e+00 -1.000000e+00
   outer loop
     vertex -4.992750e+00  4.550135e+00  0.000000e+00
     vertex -5.010128e+00  4.418137e+00  0.000000e+00
     vertex -6.990128e+00  4.418137e+00  0.000000e+00
   endloop
 endfacet
 facet normal -0.000000e+00  0.000000e+00 -1.000000e+00
   outer loop
     vertex -4.941801e+00  4.673137e+00  0.000000e+00
     vertex -7.007506e+00  4.550135e+00  0.000000e+00
     vertex -7.058455e+00  4.673137e+00  0.000000e+00
   endloop
 endfacet
 facet normal  0.000000e+00  0.000000e+00 -1.000000e+00
   outer loop
     vertex -4.941801e+00  4.673137e+00  0.000000e+00
     vertex -4.992750e+00  4.550135e+00  0.000000e+00
     vertex -7.007506e+00  4.550135e+00  0.000000e+00
   endloop
 endfacet
 facet normal  0.000000e+00  0.000000e+00 -1.000000e+00
   outer loop
     vertex -4.245128e+00  3.976464e+00  0.000000e+00
     vertex -4.368130e+00  1.910759e+00  0.000000e+00
     vertex -4.368130e+00  3.925515e+00  0.000000e+00
   endloop
 endfacet
 facet normal  0.000000e+00  0.000000e+00 -1.000000e+00
   outer loop
     vertex -4.245128e+00  3.976464e+00  0.000000e+00
     vertex -4.245128e+00  1.859810e+00  0.000000e+00
     vertex -4.368130e+00  1.910759e+00  0.000000e+00
   endloop
 endfacet
 facet normal -0.000000e+00  0.000000e+00 -1.000000e+00
   outer loop
     vertex -4.860752e+00  4.778761e+00  0.000000e+00
     vertex -7.058455e+00  4.673137e+00  0.000000e+00
     vertex -7.139504e+00  4.778761e+00  0.000000e+00
   endloop
 endfacet
 facet normal  0.000000e+00  0.000000e+00 -1.000000e+00
   outer loop
     vertex -4.860752e+00  4.778761e+00  0.000000e+00
     vertex -4.941801e+00  4.673137e+00  0.000000e+00
     vertex -7.058455e+00  4.673137e+00  0.000000e+00
   endloop
 endfacet
 facet normal  0.000000e+00  0.000000e+00 -1.000000e+00
   outer loop
     vertex -4.139504e+00  4.057513e+00  0.000000e+00
     vertex -4.245128e+00  1.859810e+00  0.000000e+00
     vertex -4.245128e+00  3.976464e+00  0.000000e+00
   endloop
 endfacet
 facet normal  0.000000e+00 -0.000000e+00 -1.000000e+00
   outer loop
     vertex -4.139504e+00  4.057513e+00  0.000000e+00
     vertex -4.139504e+00  1.778761e+00  0.000000e+00
     vertex -4.245128e+00  1.859810e+00  0.000000e+00
   endloop
 endfacet
 facet normal  0.000000e+00  0.000000e+00 -1.000000e+00
   outer loop
     vertex -4.058455e+00  4.163137e+00  0.000000e+00
     vertex -4.139504e+00  1.778761e+00  0.000000e+00
     vertex -4.139504e+00  4.057513e+00  0.000000e+00
   endloop
 endfacet
 facet normal  0.000000e+00 -0.000000e+00 -1.000000e+00
   outer loop
     vertex -4.058455e+00  4.163137e+00  0.000000e+00
     vertex -4.058455e+00  1.673137e+00  0.000000e+00
     vertex -4.139504e+00  1.778761e+00  0.000000e+00
   endloop
 endfacet
 facet normal  0.000000e+00 -0.000000e+00 -1.000000e+00
   outer loop
     vertex -4.007506e+00  4.286139e+00  0.000000e+00
     vertex -4.007506e+00  1.550135e+00  0.000000e+00
     vertex -4.058455e+00  1.673137e+00  0.000000e+00
   endloop
 endfacet
 facet normal  0.000000e+00  0.000000e+00 -1.000000e+00
   outer loop
     vertex -4.007506e+00  4.286139e+00  0.000000e+00
     vertex -4.058455e+00  1.673137e+00  0.000000e+00
     vertex -4.058455e+00  4.163137e+00  0.000000e+00
   endloop
 endfacet
 facet normal  0.000000e+00  0.000000e+00 -1.000000e+00
   outer loop
     vertex -7.060788e+00  7.677477e+00  0.000000e+00
     vertex -7.632126e+00  4.910759e+00  0.000000e+00
     vertex -7.755128e+00  4.859810e+00  0.000000e+00
   endloop
 endfacet
 facet normal  0.000000e+00  0.000000e+00 -1.000000e+00
   outer loop
     vertex -7.299166e+00  7.988137e+00  0.000000e+00
     vertex -7.755128e+00  4.859810e+00  0.000000e+00
     vertex -7.860752e+00  4.778761e+00  0.000000e+00
   endloop
 endfacet
 facet normal  0.000000e+00 -0.000000e+00 -1.000000e+00
   outer loop
     vertex -7.299166e+00  7.988137e+00  0.000000e+00
     vertex -7.060788e+00  7.677477e+00  0.000000e+00
     vertex -7.755128e+00  4.859810e+00  0.000000e+00
   endloop
 endfacet
 facet normal  0.000000e+00  0.000000e+00 -1.000000e+00
   outer loop
     vertex -6.750128e+00  7.439099e+00  0.000000e+00
     vertex -7.500128e+00  4.928137e+00  0.000000e+00
     vertex -7.632126e+00  4.910759e+00  0.000000e+00
   endloop
 endfacet
 facet normal  0.000000e+00  0.000000e+00 -1.000000e+00
   outer loop
     vertex -6.750128e+00  7.439099e+00  0.000000e+00
     vertex -7.368130e+00  4.910759e+00  0.000000e+00
     vertex -7.500128e+00  4.928137e+00  0.000000e+00
   endloop
 endfacet
 facet normal -0.000000e+00  0.000000e+00 -1.000000e+00
   outer loop
     vertex -6.750128e+00  7.439099e+00  0.000000e+00
     vertex -7.632126e+00  4.910759e+00  0.000000e+00
     vertex -7.060788e+00  7.677477e+00  0.000000e+00
   endloop
 endfacet
 facet normal  0.000000e+00  0.000000e+00 -1.000000e+00
   outer loop
     vertex -6.388357e+00  7.289248e+00  0.000000e+00
     vertex -7.245128e+00  4.859810e+00  0.000000e+00
     vertex -7.368130e+00  4.910759e+00  0.000000e+00
   endloop
 endfacet
 facet normal -0.000000e+00  0.000000e+00 -1.000000e+00
   outer loop
     vertex -6.388357e+00  7.289248e+00  0.000000e+00
     vertex -7.368130e+00  4.910759e+00  0.000000e+00
     vertex -6.750128e+00  7.439099e+00  0.000000e+00
   endloop
 endfacet
 facet normal  0.000000e+00  0.000000e+00 -1.000000e+00
   outer loop
     vertex -7.449017e+00  8.349908e+00  0.000000e+00
     vertex -7.860752e+00  4.778761e+00  0.000000e+00
     vertex -7.941801e+00  4.673137e+00  0.000000e+00
   endloop
 endfacet
 facet normal  0.000000e+00  0.000000e+00 -1.000000e+00
   outer loop
     vertex -7.449017e+00  8.349908e+00  0.000000e+00
     vertex -1.655124e+01  8.349908e+00  0.000000e+00
     vertex -1.650013e+01  8.738137e+00  0.000000e+00
   endloop
 endfacet
 facet normal  0.000000e+00 -0.000000e+00 -1.000000e+00
   outer loop
     vertex -7.449017e+00  8.349908e+00  0.000000e+00
     vertex -7.299166e+00  7.988137e+00  0.000000e+00
     vertex -7.860752e+00  4.778761e+00  0.000000e+00
   endloop
 endfacet
 facet normal -0.000000e+00  0.000000e+00 -1.000000e+00
   outer loop
     vertex -7.449017e+00  8.349908e+00  0.000000e+00
     vertex -7.941801e+00  4.673137e+00  0.000000e+00
     vertex -1.655124e+01  8.349908e+00  0.000000e+00
   endloop
 endfacet
 facet normal  0.000000e+00  0.000000e+00 -1.000000e+00
   outer loop
     vertex -6.000128e+00  7.238137e+00  0.000000e+00
     vertex -7.139504e+00  4.778761e+00  0.000000e+00
     vertex -7.245128e+00  4.859810e+00  0.000000e+00
   endloop
 endfacet
 facet normal  0.000000e+00  0.000000e+00 -1.000000e+00
   outer loop
     vertex -6.000128e+00  7.238137e+00  0.000000e+00
     vertex -4.755128e+00  4.859810e+00  0.000000e+00
     vertex -4.860752e+00  4.778761e+00  0.000000e+00
   endloop
 endfacet
 facet normal -0.000000e+00  0.000000e+00 -1.000000e+00
   outer loop
     vertex -6.000128e+00  7.238137e+00  0.000000e+00
     vertex -7.245128e+00  4.859810e+00  0.000000e+00
     vertex -6.388357e+00  7.289248e+00  0.000000e+00
   endloop
 endfacet
 facet normal  0.000000e+00 -0.000000e+00 -1.000000e+00
   outer loop
     vertex -6.000128e+00  7.238137e+00  0.000000e+00
     vertex -4.860752e+00  4.778761e+00  0.000000e+00
     vertex -7.139504e+00  4.778761e+00  0.000000e+00
   endloop
 endfacet
 facet normal -0.000000e+00 -0.000000e+00 -1.000000e+00
   outer loop
     vertex -7.500128e+00  8.738137e+00  0.000000e+00
     vertex -7.449017e+00  8.349908e+00  0.000000e+00
     vertex -1.650013e+01  8.738137e+00  0.000000e+00
   endloop
 endfacet
 facet normal  0.000000e+00  0.000000e+00 -1.000000e+00
   outer loop
     vertex -5.611899e+00  7.289248e+00  0.000000e+00
     vertex -4.632126e+00  4.910759e+00  0.000000e+00
     vertex -4.755128e+00  4.859810e+00  0.000000e+00
   endloop
 endfacet
 facet normal  0.000000e+00 -0.000000e+00 -1.000000e+00
   outer loop
     vertex -5.611899e+00  7.289248e+00  0.000000e+00
     vertex -4.755128e+00  4.859810e+00  0.000000e+00
     vertex -6.000128e+00  7.238137e+00  0.000000e+00
   endloop
 endfacet
 facet normal  0.000000e+00  0.000000e+00 -1.000000e+00
   outer loop
     vertex -7.449017e+00  9.126366e+00  0.000000e+00
     vertex -1.655124e+01  9.126366e+00  0.000000e+00
     vertex -1.670109e+01  9.488137e+00  0.000000e+00
   endloop
 endfacet
 facet normal -0.000000e+00  0.000000e+00 -1.000000e+00
   outer loop
     vertex -7.449017e+00  9.126366e+00  0.000000e+00
     vertex -1.650013e+01  8.738137e+00  0.000000e+00
     vertex -1.655124e+01  9.126366e+00  0.000000e+00
   endloop
 endfacet
 facet normal  0.000000e+00  0.000000e+00 -1.000000e+00
   outer loop
     vertex -7.449017e+00  9.126366e+00  0.000000e+00
     vertex -7.500128e+00  8.738137e+00  0.000000e+00
     vertex -1.650013e+01  8.738137e+00  0.000000e+00
   endloop
 endfacet
 facet normal -0.000000e+00  0.000000e+00 -1.000000e+00
   outer loop
     vertex -7.299166e+00  9.488137e+00  0.000000e+00
     vertex -7.449017e+00  9.126366e+00  0.000000e+00
     vertex -1.670109e+01  9.488137e+00  0.000000e+00
   endloop
 endfacet
 facet normal  0.000000e+00  0.000000e+00 -1.000000e+00
   outer loop
     vertex -5.250128e+00  7.439099e+00  0.000000e+00
     vertex -4.500128e+00  4.928137e+00  0.000000e+00
     vertex -4.632126e+00  4.910759e+00  0.000000e+00
   endloop
 endfacet
 facet normal  0.000000e+00  0.000000e+00 -1.000000e+00
   outer loop
     vertex -5.250128e+00  7.439099e+00  0.000000e+00
     vertex -4.368130e+00  4.910759e+00  0.000000e+00
     vertex -4.500128e+00  4.928137e+00  0.000000e+00
   endloop
 endfacet
 facet normal  0.000000e+00 -0.000000e+00 -1.000000e+00
   outer loop
     vertex -5.250128e+00  7.439099e+00  0.000000e+00
     vertex -4.632126e+00  4.910759e+00  0.000000e+00
     vertex -5.611899e+00  7.289248e+00  0.000000e+00
   endloop
 endfacet
 facet normal -0.000000e+00  0.000000e+00 -1.000000e+00
   outer loop
     vertex -7.060788e+00  9.798797e+00  0.000000e+00
     vertex -1.670109e+01  9.488137e+00  0.000000e+00
     vertex -1.693947e+01  9.798797e+00  0.000000e+00
   endloop
 endfacet
 facet normal  0.000000e+00  0.000000e+00 -1.000000e+00
   outer loop
     vertex -7.060788e+00  9.798797e+00  0.000000e+00
     vertex -7.299166e+00  9.488137e+00  0.000000e+00
     vertex -1.670109e+01  9.488137e+00  0.000000e+00
   endloop
 endfacet
 facet normal  0.000000e+00  0.000000e+00 -1.000000e+00
   outer loop
     vertex -4.939468e+00  7.677477e+00  0.000000e+00
     vertex -4.245128e+00  4.859810e+00  0.000000e+00
     vertex -4.368130e+00  4.910759e+00  0.000000e+00
   endloop
 endfacet
 facet normal  0.000000e+00 -0.000000e+00 -1.000000e+00
   outer loop
     vertex -4.939468e+00  7.677477e+00  0.000000e+00
     vertex -4.368130e+00  4.910759e+00  0.000000e+00
     vertex -5.250128e+00  7.439099e+00  0.000000e+00
   endloop
 endfacet
 facet normal  0.000000e+00  0.000000e+00 -1.000000e+00
   outer loop
     vertex -6.750128e+00  1.003718e+01  0.000000e+00
     vertex -7.060788e+00  9.798797e+00  0.000000e+00
     vertex -1.693947e+01  9.798797e+00  0.000000e+00
   endloop
 endfacet
 facet normal -0.000000e+00  0.000000e+00 -1.000000e+00
   outer loop
     vertex -6.750128e+00  1.003718e+01  0.000000e+00
     vertex -1.693947e+01  9.798797e+00  0.000000e+00
     vertex -1.725013e+01  1.003718e+01  0.000000e+00
   endloop
 endfacet
 facet normal  0.000000e+00 -0.000000e+00 -1.000000e+00
   outer loop
     vertex -4.701090e+00  7.988137e+00  0.000000e+00
     vertex -4.245128e+00  4.859810e+00  0.000000e+00
     vertex -4.939468e+00  7.677477e+00  0.000000e+00
   endloop
 endfacet
 facet normal  0.000000e+00  0.000000e+00 -1.000000e+00
   outer loop
     vertex -4.701090e+00  7.988137e+00  0.000000e+00
     vertex -4.139504e+00  4.778761e+00  0.000000e+00
     vertex -4.245128e+00  4.859810e+00  0.000000e+00
   endloop
 endfacet
 facet normal  0.000000e+00  0.000000e+00 -1.000000e+00
   outer loop
     vertex -4.551239e+00  8.349908e+00  0.000000e+00
     vertex -4.058455e+00  4.673137e+00  0.000000e+00
     vertex -4.139504e+00  4.778761e+00  0.000000e+00
   endloop
 endfacet
 facet normal  0.000000e+00 -0.000000e+00 -1.000000e+00
   outer loop
     vertex -4.551239e+00  8.349908e+00  0.000000e+00
     vertex -4.139504e+00  4.778761e+00  0.000000e+00
     vertex -4.701090e+00  7.988137e+00  0.000000e+00
   endloop
 endfacet
 facet normal -0.000000e+00  0.000000e+00 -1.000000e+00
   outer loop
     vertex -6.388357e+00  1.018703e+01  0.000000e+00
     vertex -1.725013e+01  1.003718e+01  0.000000e+00
     vertex -1.761190e+01  1.018703e+01  0.000000e+00
   endloop
 endfacet
 facet normal  0.000000e+00  0.000000e+00 -1.000000e+00
   outer loop
     vertex -6.388357e+00  1.018703e+01  0.000000e+00
     vertex -1.761190e+01  1.018703e+01  0.000000e+00
     vertex -2.399962e+01  1.349712e+01  0.000000e+00
   endloop
 endfacet
 facet normal  0.000000e+00  0.000000e+00 -1.000000e+00
   outer loop
     vertex -6.388357e+00  1.018703e+01  0.000000e+00
     vertex -6.750128e+00  1.003718e+01  0.000000e+00
     vertex -1.725013e+01  1.003718e+01  0.000000e+00
   endloop
 endfacet
 facet normal  0.000000e+00  0.000000e+00 -1.000000e+00
   outer loop
     vertex  4.139248e+00  1.057513e+00  0.000000e+00
     vertex  8.275177e-01 -5.757085e+00  0.000000e+00
     vertex  7.498720e-01 -5.746863e+00  0.000000e+00
   endloop
 endfacet
 facet normal  0.000000e+00  0.000000e+00 -1.000000e+00
   outer loop
     vertex  4.139248e+00  1.057513e+00  0.000000e+00
     vertex  1.999872e+00 -5.746863e+00  0.000000e+00
     vertex  1.922226e+00 -5.757085e+00  0.000000e+00
   endloop
 endfacet
 facet normal  0.000000e+00  0.000000e+00 -1.000000e+00
   outer loop
     vertex  4.139248e+00  1.057513e+00  0.000000e+00
     vertex  1.922226e+00 -5.757085e+00  0.000000e+00
     vertex  8.275177e-01 -5.757085e+00  0.000000e+00
   endloop
 endfacet
 facet normal  0.000000e+00 -0.000000e+00 -1.000000e+00
   outer loop
     vertex  4.058199e+00  1.163137e+00  0.000000e+00
     vertex  4.139248e+00  1.057513e+00  0.000000e+00
     vertex  7.498720e-01 -5.746863e+00  0.000000e+00
   endloop
 endfacet
 facet normal  0.000000e+00  0.000000e+00 -1.000000e+00
   outer loop
     vertex  4.058199e+00  1.163137e+00  0.000000e+00
     vertex  7.498720e-01 -5.746863e+00  0.000000e+00
     vertex  6.722263e-01 -5.757085e+00  0.000000e+00
   endloop
 endfacet
 facet normal -0.000000e+00  0.000000e+00 -1.000000e+00
   outer loop
     vertex  4.058199e+00  1.163137e+00  0.000000e+00
     vertex  6.722263e-01 -5.757085e+00  0.000000e+00
     vertex -4.058455e+00  1.163137e+00  0.000000e+00
   endloop
 endfacet
 facet normal  0.000000e+00  0.000000e+00 -1.000000e+00
   outer loop
     vertex  4.244872e+00  9.764640e-01  0.000000e+00
     vertex  2.077518e+00 -5.757085e+00  0.000000e+00
     vertex  1.999872e+00 -5.746863e+00  0.000000e+00
   endloop
 endfacet
 facet normal -0.000000e+00  0.000000e+00 -1.000000e+00
   outer loop
     vertex  4.244872e+00  9.764640e-01  0.000000e+00
     vertex  1.999872e+00 -5.746863e+00  0.000000e+00
     vertex  4.139248e+00  1.057513e+00  0.000000e+00
   endloop
 endfacet
 facet normal  0.000000e+00 -0.000000e+00 -1.000000e+00
   outer loop
     vertex  4.367874e+00  9.255148e-01  0.000000e+00
     vertex  4.422226e+00 -5.757085e+00  0.000000e+00
     vertex  2.077518e+00 -5.757085e+00  0.000000e+00
   endloop
 endfacet
 facet normal -0.000000e+00  0.000000e+00 -1.000000e+00
   outer loop
     vertex  4.367874e+00  9.255148e-01  0.000000e+00
     vertex  2.077518e+00 -5.757085e+00  0.000000e+00
     vertex  4.244872e+00  9.764640e-01  0.000000e+00
   endloop
 endfacet
 facet normal  0.000000e+00 -0.000000e+00 -1.000000e+00
   outer loop
     vertex  4.007250e+00  1.286139e+00  0.000000e+00
     vertex  4.058199e+00  1.163137e+00  0.000000e+00
     vertex -4.058455e+00  1.163137e+00  0.000000e+00
   endloop
 endfacet
 facet normal -0.000000e+00  0.000000e+00 -1.000000e+00
   outer loop
     vertex  4.007250e+00  1.286139e+00  0.000000e+00
     vertex -4.058455e+00  1.163137e+00  0.000000e+00
     vertex -4.007506e+00  1.286139e+00  0.000000e+00
   endloop
 endfacet
 facet normal -0.000000e+00  0.000000e+00 -1.000000e+00
   outer loop
     vertex  4.499872e+00  9.081370e-01  0.000000e+00
     vertex  4.422226e+00 -5.757085e+00  0.000000e+00
     vertex  4.367874e+00  9.255148e-01  0.000000e+00
   endloop
 endfacet
 facet normal  0.000000e+00 -0.000000e+00 -1.000000e+00
   outer loop
     vertex  4.499872e+00  9.081370e-01  0.000000e+00
     vertex  4.499872e+00 -5.746863e+00  0.000000e+00
     vertex  4.422226e+00 -5.757085e+00  0.000000e+00
   endloop
 endfacet
 facet normal  0.000000e+00  0.000000e+00 -1.000000e+00
   outer loop
     vertex  4.499872e+00  9.081370e-01  0.000000e+00
     vertex  4.577518e+00 -5.757085e+00  0.000000e+00
     vertex  4.499872e+00 -5.746863e+00  0.000000e+00
   endloop
 endfacet
 facet normal -0.000000e+00  0.000000e+00 -1.000000e+00
   outer loop
     vertex  3.989872e+00  1.418137e+00  0.000000e+00
     vertex -4.007506e+00  1.286139e+00  0.000000e+00
     vertex -3.990128e+00  1.418137e+00  0.000000e+00
   endloop
 endfacet
 facet normal  0.000000e+00 -0.000000e+00 -1.000000e+00
   outer loop
     vertex  3.989872e+00  1.418137e+00  0.000000e+00
     vertex  4.007250e+00  1.286139e+00  0.000000e+00
     vertex -4.007506e+00  1.286139e+00  0.000000e+00
   endloop
 endfacet
 facet normal -0.000000e+00  0.000000e+00 -1.000000e+00
   outer loop
     vertex  4.007250e+00  1.550135e+00  0.000000e+00
     vertex -3.990128e+00  1.418137e+00  0.000000e+00
     vertex -4.007506e+00  1.550135e+00  0.000000e+00
   endloop
 endfacet
 facet normal  0.000000e+00  0.000000e+00 -1.000000e+00
   outer loop
     vertex  4.007250e+00  1.550135e+00  0.000000e+00
     vertex  3.989872e+00  1.418137e+00  0.000000e+00
     vertex -3.990128e+00  1.418137e+00  0.000000e+00
   endloop
 endfacet
 facet normal  0.000000e+00  0.000000e+00 -1.000000e+00
   outer loop
     vertex  4.631870e+00  9.255148e-01  0.000000e+00
     vertex  4.577518e+00 -5.757085e+00  0.000000e+00
     vertex  4.499872e+00  9.081370e-01  0.000000e+00
   endloop
 endfacet
 facet normal  0.000000e+00 -0.000000e+00 -1.000000e+00
   outer loop
     vertex  4.631870e+00  9.255148e-01  0.000000e+00
     vertex  4.649872e+00 -5.787055e+00  0.000000e+00
     vertex  4.577518e+00 -5.757085e+00  0.000000e+00
   endloop
 endfacet
 facet normal  0.000000e+00  0.000000e+00 -1.000000e+00
   outer loop
     vertex  1.369987e+01 -7.206671e+00  0.000000e+00
     vertex  4.649872e+00 -7.206671e+00  0.000000e+00
     vertex  4.712004e+00 -7.158995e+00  0.000000e+00
   endloop
 endfacet
 facet normal  0.000000e+00  0.000000e+00 -1.000000e+00
   outer loop
     vertex  1.369987e+01 -7.206671e+00  0.000000e+00
     vertex  4.712004e+00 -7.158995e+00  0.000000e+00
     vertex  1.363774e+01 -7.158995e+00  0.000000e+00
   endloop
 endfacet
 facet normal -0.000000e+00  0.000000e+00 -1.000000e+00
   outer loop
     vertex  1.359006e+01 -7.096863e+00  0.000000e+00
     vertex  4.712004e+00 -7.158995e+00  0.000000e+00
     vertex  4.759680e+00 -7.096863e+00  0.000000e+00
   endloop
 endfacet
 facet normal  0.000000e+00 -0.000000e+00 -1.000000e+00
   outer loop
     vertex  1.359006e+01 -7.096863e+00  0.000000e+00
     vertex  1.363774e+01 -7.158995e+00  0.000000e+00
     vertex  4.712004e+00 -7.158995e+00  0.000000e+00
   endloop
 endfacet
 facet normal -0.000000e+00  0.000000e+00 -1.000000e+00
   outer loop
     vertex  1.356009e+01 -7.024509e+00  0.000000e+00
     vertex  4.759680e+00 -7.096863e+00  0.000000e+00
     vertex  4.789650e+00 -7.024509e+00  0.000000e+00
   endloop
 endfacet
 facet normal  0.000000e+00 -0.000000e+00 -1.000000e+00
   outer loop
     vertex  1.356009e+01 -7.024509e+00  0.000000e+00
     vertex  1.359006e+01 -7.096863e+00  0.000000e+00
     vertex  4.759680e+00 -7.096863e+00  0.000000e+00
   endloop
 endfacet
 facet normal  0.000000e+00  0.000000e+00 -1.000000e+00
   outer loop
     vertex  1.377223e+01 -7.236641e+00  0.000000e+00
     vertex  4.577518e+00 -7.236641e+00  0.000000e+00
     vertex  4.649872e+00 -7.206671e+00  0.000000e+00
   endloop
 endfacet
 facet normal  0.000000e+00  0.000000e+00 -1.000000e+00
   outer loop
     vertex  1.377223e+01 -7.236641e+00  0.000000e+00
     vertex  4.649872e+00 -7.206671e+00  0.000000e+00
     vertex  1.369987e+01 -7.206671e+00  0.000000e+00
   endloop
 endfacet
 facet normal -0.000000e+00  0.000000e+00 -1.000000e+00
   outer loop
     vertex  1.354987e+01 -6.946863e+00  0.000000e+00
     vertex  4.789650e+00 -7.024509e+00  0.000000e+00
     vertex  4.799872e+00 -6.946863e+00  0.000000e+00
   endloop
 endfacet
 facet normal  0.000000e+00 -0.000000e+00 -1.000000e+00
   outer loop
     vertex  1.354987e+01 -6.946863e+00  0.000000e+00
     vertex  1.356009e+01 -7.024509e+00  0.000000e+00
     vertex  4.789650e+00 -7.024509e+00  0.000000e+00
   endloop
 endfacet
 facet normal  0.000000e+00  0.000000e+00 -1.000000e+00
   outer loop
     vertex  1.354987e+01 -6.946863e+00  0.000000e+00
     vertex  4.799872e+00 -6.946863e+00  0.000000e+00
     vertex  4.799872e+00 -6.046863e+00  0.000000e+00
   endloop
 endfacet
 facet normal -0.000000e+00 -0.000000e+00 -1.000000e+00
   outer loop
     vertex  1.354987e+01 -6.046863e+00  0.000000e+00
     vertex  1.354987e+01 -6.946863e+00  0.000000e+00
     vertex  4.799872e+00 -6.046863e+00  0.000000e+00
   endloop
 endfacet
 facet normal -0.000000e+00  0.000000e+00 -1.000000e+00
   outer loop
     vertex  1.356009e+01 -5.969217e+00  0.000000e+00
     vertex  4.799872e+00 -6.046863e+00  0.000000e+00
     vertex  4.789650e+00 -5.969217e+00  0.000000e+00
   endloop
 endfacet
 facet normal  0.000000e+00  0.000000e+00 -1.000000e+00
   outer loop
     vertex  1.356009e+01 -5.969217e+00  0.000000e+00
     vertex  1.354987e+01 -6.046863e+00  0.000000e+00
     vertex  4.799872e+00 -6.046863e+00  0.000000e+00
   endloop
 endfacet
 facet normal  0.000000e+00  0.000000e+00 -1.000000e+00
   outer loop
     vertex  1.359006e+01 -5.896863e+00  0.000000e+00
     vertex  1.356009e+01 -5.969217e+00  0.000000e+00
     vertex  4.789650e+00 -5.969217e+00  0.000000e+00
   endloop
 endfacet
 facet normal -0.000000e+00  0.000000e+00 -1.000000e+00
   outer loop
     vertex  1.359006e+01 -5.896863e+00  0.000000e+00
     vertex  4.789650e+00 -5.969217e+00  0.000000e+00
     vertex  4.759680e+00 -5.896863e+00  0.000000e+00
   endloop
 endfacet
 facet normal -0.000000e+00  0.000000e+00 -1.000000e+00
   outer loop
     vertex  7.139248e+00  1.057513e+00  0.000000e+00
     vertex  4.754872e+00  9.764640e-01  0.000000e+00
     vertex  4.860496e+00  1.057513e+00  0.000000e+00
   endloop
 endfacet
 facet normal -0.000000e+00  0.000000e+00 -1.000000e+00
   outer loop
     vertex  7.058199e+00  1.163137e+00  0.000000e+00
     vertex  4.860496e+00  1.057513e+00  0.000000e+00
     vertex  4.941545e+00  1.163137e+00  0.000000e+00
   endloop
 endfacet
 facet normal  0.000000e+00 -0.000000e+00 -1.000000e+00
   outer loop
     vertex  7.058199e+00  1.163137e+00  0.000000e+00
     vertex  7.139248e+00  1.057513e+00  0.000000e+00
     vertex  4.860496e+00  1.057513e+00  0.000000e+00
   endloop
 endfacet
 facet normal  0.000000e+00  0.000000e+00 -1.000000e+00
   outer loop
     vertex  7.244872e+00  9.764640e-01  0.000000e+00
     vertex  4.754872e+00  9.764640e-01  0.000000e+00
     vertex  7.139248e+00  1.057513e+00  0.000000e+00
   endloop
 endfacet
 facet normal  0.000000e+00  0.000000e+00 -1.000000e+00
   outer loop
     vertex  4.058199e+00  4.163137e+00  0.000000e+00
     vertex  4.139248e+00  4.057513e+00  0.000000e+00
     vertex  4.139248e+00  1.778761e+00  0.000000e+00
   endloop
 endfacet
 facet normal  0.000000e+00  0.000000e+00 -1.000000e+00
   outer loop
     vertex  4.058199e+00  4.163137e+00  0.000000e+00
     vertex  4.139248e+00  1.778761e+00  0.000000e+00
     vertex  4.058199e+00  1.673137e+00  0.000000e+00
   endloop
 endfacet
 facet normal -0.000000e+00  0.000000e+00 -1.000000e+00
   outer loop
     vertex  4.244872e+00  3.976464e+00  0.000000e+00
     vertex  4.139248e+00  1.778761e+00  0.000000e+00
     vertex  4.139248e+00  4.057513e+00  0.000000e+00
   endloop
 endfacet
 facet normal  0.000000e+00 -0.000000e+00 -1.000000e+00
   outer loop
     vertex  4.244872e+00  3.976464e+00  0.000000e+00
     vertex  4.244872e+00  1.859810e+00  0.000000e+00
     vertex  4.139248e+00  1.778761e+00  0.000000e+00
   endloop
 endfacet
 facet normal  0.000000e+00  0.000000e+00 -1.000000e+00
   outer loop
     vertex  7.367874e+00  9.255148e-01  0.000000e+00
     vertex  4.754872e+00  9.764640e-01  0.000000e+00
     vertex  7.244872e+00  9.764640e-01  0.000000e+00
   endloop
 endfacet
 facet normal  0.000000e+00  0.000000e+00 -1.000000e+00
   outer loop
     vertex  7.367874e+00  9.255148e-01  0.000000e+00
     vertex  4.631870e+00  9.255148e-01  0.000000e+00
     vertex  4.754872e+00  9.764640e-01  0.000000e+00
   endloop
 endfacet
 facet normal -0.000000e+00  0.000000e+00 -1.000000e+00
   outer loop
     vertex  7.367874e+00  9.255148e-01  0.000000e+00
     vertex  4.649872e+00 -5.787055e+00  0.000000e+00
     vertex  4.631870e+00  9.255148e-01  0.000000e+00
   endloop
 endfacet
 facet normal  0.000000e+00  0.000000e+00 -1.000000e+00
   outer loop
     vertex  7.007250e+00  1.286139e+00  0.000000e+00
     vertex  4.992494e+00  1.286139e+00  0.000000e+00
     vertex  5.009872e+00  1.418137e+00  0.000000e+00
   endloop
 endfacet
 facet normal -0.000000e+00  0.000000e+00 -1.000000e+00
   outer loop
     vertex  7.007250e+00  1.286139e+00  0.000000e+00
     vertex  4.941545e+00  1.163137e+00  0.000000e+00
     vertex  4.992494e+00  1.286139e+00  0.000000e+00
   endloop
 endfacet
 facet normal  0.000000e+00 -0.000000e+00 -1.000000e+00
   outer loop
     vertex  7.007250e+00  1.286139e+00  0.000000e+00
     vertex  7.058199e+00  1.163137e+00  0.000000e+00
     vertex  4.941545e+00  1.163137e+00  0.000000e+00
   endloop
 endfacet
 facet normal  0.000000e+00 -0.000000e+00 -1.000000e+00
   outer loop
     vertex  4.367874e+00  3.925515e+00  0.000000e+00
     vertex  4.367874e+00  1.910759e+00  0.000000e+00
     vertex  4.244872e+00  1.859810e+00  0.000000e+00
   endloop
 endfacet
 facet normal  0.000000e+00  0.000000e+00 -1.000000e+00
   outer loop
     vertex  4.367874e+00  3.925515e+00  0.000000e+00
     vertex  4.499872e+00  1.928137e+00  0.000000e+00
     vertex  4.367874e+00  1.910759e+00  0.000000e+00
   endloop
 endfacet
 facet normal -0.000000e+00  0.000000e+00 -1.000000e+00
   outer loop
     vertex  4.367874e+00  3.925515e+00  0.000000e+00
     vertex  4.244872e+00  1.859810e+00  0.000000e+00
     vertex  4.244872e+00  3.976464e+00  0.000000e+00
   endloop
 endfacet
 facet normal  0.000000e+00 -0.000000e+00 -1.000000e+00
   outer loop
     vertex  4.007250e+00  4.286139e+00  0.000000e+00
     vertex  4.058199e+00  1.673137e+00  0.000000e+00
     vertex  4.007250e+00  1.550135e+00  0.000000e+00
   endloop
 endfacet
 facet normal  0.000000e+00  0.000000e+00 -1.000000e+00
   outer loop
     vertex  4.007250e+00  4.286139e+00  0.000000e+00
     vertex  4.058199e+00  4.163137e+00  0.000000e+00
     vertex  4.058199e+00  1.673137e+00  0.000000e+00
   endloop
 endfacet
 facet normal  0.000000e+00  0.000000e+00 -1.000000e+00
   outer loop
     vertex  4.007250e+00  4.286139e+00  0.000000e+00
     vertex  4.007250e+00  1.550135e+00  0.000000e+00
     vertex -4.007506e+00  1.550135e+00  0.000000e+00
   endloop
 endfacet
 facet normal -0.000000e+00  0.000000e+00 -1.000000e+00
   outer loop
     vertex  4.007250e+00  4.286139e+00  0.000000e+00
     vertex -4.007506e+00  1.550135e+00  0.000000e+00
     vertex -4.007506e+00  4.286139e+00  0.000000e+00
   endloop
 endfacet
 facet normal  0.000000e+00  0.000000e+00 -1.000000e+00
   outer loop
     vertex  4.007250e+00  4.286139e+00  0.000000e+00
     vertex -4.007506e+00  4.286139e+00  0.000000e+00
     vertex -3.990128e+00  4.418137e+00  0.000000e+00
   endloop
 endfacet
 facet normal -0.000000e+00  0.000000e+00 -1.000000e+00
   outer loop
     vertex  1.553774e+01 -7.158995e+00  0.000000e+00
     vertex  1.399987e+01 -7.206671e+00  0.000000e+00
     vertex  1.406200e+01 -7.158995e+00  0.000000e+00
   endloop
 endfacet
 facet normal -0.000000e+00  0.000000e+00 -1.000000e+00
   outer loop
     vertex  1.559987e+01 -7.206671e+00  0.000000e+00
     vertex  1.392752e+01 -7.236641e+00  0.000000e+00
     vertex  1.399987e+01 -7.206671e+00  0.000000e+00
   endloop
 endfacet
 facet normal  0.000000e+00  0.000000e+00 -1.000000e+00
   outer loop
     vertex  1.559987e+01 -7.206671e+00  0.000000e+00
     vertex  1.399987e+01 -7.206671e+00  0.000000e+00
     vertex  1.553774e+01 -7.158995e+00  0.000000e+00
   endloop
 endfacet
 facet normal -0.000000e+00  0.000000e+00 -1.000000e+00
   outer loop
     vertex  1.549006e+01 -7.096863e+00  0.000000e+00
     vertex  1.406200e+01 -7.158995e+00  0.000000e+00
     vertex  1.410968e+01 -7.096863e+00  0.000000e+00
   endloop
 endfacet
 facet normal  0.000000e+00 -0.000000e+00 -1.000000e+00
   outer loop
     vertex  1.549006e+01 -7.096863e+00  0.000000e+00
     vertex  1.553774e+01 -7.158995e+00  0.000000e+00
     vertex  1.406200e+01 -7.158995e+00  0.000000e+00
   endloop
 endfacet
 facet normal -0.000000e+00 -0.000000e+00 -1.000000e+00
   outer loop
     vertex  3.989872e+00  4.418137e+00  0.000000e+00
     vertex  4.007250e+00  4.286139e+00  0.000000e+00
     vertex -3.990128e+00  4.418137e+00  0.000000e+00
   endloop
 endfacet
 facet normal -0.000000e+00 -0.000000e+00 -1.000000e+00
   outer loop
     vertex  4.499872e+00  3.908137e+00  0.000000e+00
     vertex  4.499872e+00  1.928137e+00  0.000000e+00
     vertex  4.367874e+00  3.925515e+00  0.000000e+00
   endloop
 endfacet
 facet normal  0.000000e+00  0.000000e+00 -1.000000e+00
   outer loop
     vertex  7.499872e+00  9.081370e-01  0.000000e+00
     vertex  4.712004e+00 -5.834731e+00  0.000000e+00
     vertex  4.649872e+00 -5.787055e+00  0.000000e+00
   endloop
 endfacet
 facet normal  0.000000e+00  0.000000e+00 -1.000000e+00
   outer loop
     vertex  7.499872e+00  9.081370e-01  0.000000e+00
     vertex  4.759680e+00 -5.896863e+00  0.000000e+00
     vertex  4.712004e+00 -5.834731e+00  0.000000e+00
   endloop
 endfacet
 facet normal -0.000000e+00  0.000000e+00 -1.000000e+00
   outer loop
     vertex  7.499872e+00  9.081370e-01  0.000000e+00
     vertex  4.649872e+00 -5.787055e+00  0.000000e+00
     vertex  7.367874e+00  9.255148e-01  0.000000e+00
   endloop
 endfacet
 facet normal -0.000000e+00 -0.000000e+00 -1.000000e+00
   outer loop
     vertex  6.989872e+00  1.418137e+00  0.000000e+00
     vertex  7.007250e+00  1.286139e+00  0.000000e+00
     vertex  5.009872e+00  1.418137e+00  0.000000e+00
   endloop
 endfacet
 facet normal  0.000000e+00 -0.000000e+00 -1.000000e+00
   outer loop
     vertex  1.546009e+01 -7.024509e+00  0.000000e+00
     vertex  1.549006e+01 -7.096863e+00  0.000000e+00
     vertex  1.410968e+01 -7.096863e+00  0.000000e+00
   endloop
 endfacet
 facet normal  0.000000e+00  0.000000e+00 -1.000000e+00
   outer loop
     vertex  1.546009e+01 -7.024509e+00  0.000000e+00
     vertex  1.413965e+01 -7.024509e+00  0.000000e+00
     vertex  1.414987e+01 -6.946863e+00  0.000000e+00
   endloop
 endfacet
 facet normal -0.000000e+00  0.000000e+00 -1.000000e+00
   outer loop
     vertex  1.546009e+01 -7.024509e+00  0.000000e+00
     vertex  1.410968e+01 -7.096863e+00  0.000000e+00
     vertex  1.413965e+01 -7.024509e+00  0.000000e+00
   endloop
 endfacet
 facet normal  0.000000e+00  0.000000e+00 -1.000000e+00
   outer loop
     vertex  1.567223e+01 -7.236641e+00  0.000000e+00
     vertex  1.392752e+01 -7.236641e+00  0.000000e+00
     vertex  1.559987e+01 -7.206671e+00  0.000000e+00
   endloop
 endfacet
 facet normal -0.000000e+00  0.000000e+00 -1.000000e+00
   outer loop
     vertex  1.567223e+01 -7.236641e+00  0.000000e+00
     vertex  1.384987e+01 -7.246863e+00  0.000000e+00
     vertex  1.392752e+01 -7.236641e+00  0.000000e+00
   endloop
 endfacet
 facet normal -0.000000e+00 -0.000000e+00 -1.000000e+00
   outer loop
     vertex  1.544987e+01 -6.946863e+00  0.000000e+00
     vertex  1.546009e+01 -7.024509e+00  0.000000e+00
     vertex  1.414987e+01 -6.946863e+00  0.000000e+00
   endloop
 endfacet
 facet normal  0.000000e+00  0.000000e+00 -1.000000e+00
   outer loop
     vertex  1.574987e+01 -7.246863e+00  0.000000e+00
     vertex  1.384987e+01 -7.246863e+00  0.000000e+00
     vertex  1.567223e+01 -7.236641e+00  0.000000e+00
   endloop
 endfacet
 facet normal  0.000000e+00  0.000000e+00 -1.000000e+00
   outer loop
     vertex  4.631870e+00  3.925515e+00  0.000000e+00
     vertex  4.631870e+00  1.910759e+00  0.000000e+00
     vertex  4.499872e+00  1.928137e+00  0.000000e+00
   endloop
 endfacet
 facet normal  0.000000e+00  0.000000e+00 -1.000000e+00
   outer loop
     vertex  4.631870e+00  3.925515e+00  0.000000e+00
     vertex  4.499872e+00  1.928137e+00  0.000000e+00
     vertex  4.499872e+00  3.908137e+00  0.000000e+00
   endloop
 endfacet
 facet normal  0.000000e+00  0.000000e+00 -1.000000e+00
   outer loop
     vertex  7.007250e+00  1.550135e+00  0.000000e+00
     vertex  4.992494e+00  1.550135e+00  0.000000e+00
     vertex  4.941545e+00  1.673137e+00  0.000000e+00
   endloop
 endfacet
 facet normal -0.000000e+00  0.000000e+00 -1.000000e+00
   outer loop
     vertex  7.007250e+00  1.550135e+00  0.000000e+00
     vertex  5.009872e+00  1.418137e+00  0.000000e+00
     vertex  4.992494e+00  1.550135e+00  0.000000e+00
   endloop
 endfacet
 facet normal  0.000000e+00  0.000000e+00 -1.000000e+00
   outer loop
     vertex  7.007250e+00  1.550135e+00  0.000000e+00
     vertex  6.989872e+00  1.418137e+00  0.000000e+00
     vertex  5.009872e+00  1.418137e+00  0.000000e+00
   endloop
 endfacet
 facet normal  0.000000e+00  0.000000e+00 -1.000000e+00
   outer loop
     vertex  4.007250e+00  4.550135e+00  0.000000e+00
     vertex  3.989872e+00  4.418137e+00  0.000000e+00
     vertex -3.990128e+00  4.418137e+00  0.000000e+00
   endloop
 endfacet
 facet normal  0.000000e+00  0.000000e+00 -1.000000e+00
   outer loop
     vertex  4.007250e+00  4.550135e+00  0.000000e+00
     vertex -4.007506e+00  4.550135e+00  0.000000e+00
     vertex -4.058455e+00  4.673137e+00  0.000000e+00
   endloop
 endfacet
 facet normal -0.000000e+00  0.000000e+00 -1.000000e+00
   outer loop
     vertex  4.007250e+00  4.550135e+00  0.000000e+00
     vertex -3.990128e+00  4.418137e+00  0.000000e+00
     vertex -4.007506e+00  4.550135e+00  0.000000e+00
   endloop
 endfacet
 facet normal  0.000000e+00  0.000000e+00 -1.000000e+00
   outer loop
     vertex  7.631870e+00  9.255148e-01  0.000000e+00
     vertex  4.759680e+00 -5.896863e+00  0.000000e+00
     vertex  7.499872e+00  9.081370e-01  0.000000e+00
   endloop
 endfacet
 facet normal  0.000000e+00 -0.000000e+00 -1.000000e+00
   outer loop
     vertex  7.631870e+00  9.255148e-01  0.000000e+00
     vertex  1.359006e+01 -5.896863e+00  0.000000e+00
     vertex  4.759680e+00 -5.896863e+00  0.000000e+00
   endloop
 endfacet
 facet normal  0.000000e+00  0.000000e+00 -1.000000e+00
   outer loop
     vertex  7.058199e+00  1.673137e+00  0.000000e+00
     vertex  7.007250e+00  1.550135e+00  0.000000e+00
     vertex  4.941545e+00  1.673137e+00  0.000000e+00
   endloop
 endfacet
 facet normal -0.000000e+00  0.000000e+00 -1.000000e+00
   outer loop
     vertex  4.058199e+00  4.673137e+00  0.000000e+00
     vertex  4.007250e+00  4.550135e+00  0.000000e+00
     vertex -4.058455e+00  4.673137e+00  0.000000e+00
   endloop
 endfacet
 facet normal  0.000000e+00  0.000000e+00 -1.000000e+00
   outer loop
     vertex  4.058199e+00  4.673137e+00  0.000000e+00
     vertex -4.058455e+00  4.673137e+00  0.000000e+00
     vertex -4.551239e+00  8.349908e+00  0.000000e+00
   endloop
 endfacet
 facet normal  0.000000e+00 -0.000000e+00 -1.000000e+00
   outer loop
     vertex  7.754872e+00  9.764640e-01  0.000000e+00
     vertex  1.359006e+01 -5.896863e+00  0.000000e+00
     vertex  7.631870e+00  9.255148e-01  0.000000e+00
   endloop
 endfacet
 facet normal  0.000000e+00  0.000000e+00 -1.000000e+00
   outer loop
     vertex  7.754872e+00  9.764640e-01  0.000000e+00
     vertex  1.363774e+01 -5.834731e+00  0.000000e+00
     vertex  1.359006e+01 -5.896863e+00  0.000000e+00
   endloop
 endfacet
 facet normal  0.000000e+00  0.000000e+00 -1.000000e+00
   outer loop
     vertex  4.754872e+00  3.976464e+00  0.000000e+00
     vertex  4.754872e+00  1.859810e+00  0.000000e+00
     vertex  4.631870e+00  1.910759e+00  0.000000e+00
   endloop
 endfacet
 facet normal  0.000000e+00  0.000000e+00 -1.000000e+00
   outer loop
     vertex  4.754872e+00  3.976464e+00  0.000000e+00
     vertex  4.631870e+00  1.910759e+00  0.000000e+00
     vertex  4.631870e+00  3.925515e+00  0.000000e+00
   endloop
 endfacet
 facet normal  0.000000e+00  0.000000e+00 -1.000000e+00
   outer loop
     vertex  7.139248e+00  1.778761e+00  0.000000e+00
     vertex  4.941545e+00  1.673137e+00  0.000000e+00
     vertex  4.860496e+00  1.778761e+00  0.000000e+00
   endloop
 endfacet
 facet normal  0.000000e+00  0.000000e+00 -1.000000e+00
   outer loop
     vertex  7.139248e+00  1.778761e+00  0.000000e+00
     vertex  7.058199e+00  1.673137e+00  0.000000e+00
     vertex  4.941545e+00  1.673137e+00  0.000000e+00
   endloop
 endfacet
 facet normal  0.000000e+00 -0.000000e+00 -1.000000e+00
   outer loop
     vertex  7.860496e+00  1.057513e+00  0.000000e+00
     vertex  1.363774e+01 -5.834731e+00  0.000000e+00
     vertex  7.754872e+00  9.764640e-01  0.000000e+00
   endloop
 endfacet
 facet normal  0.000000e+00  0.000000e+00 -1.000000e+00
   outer loop
     vertex  7.860496e+00  1.057513e+00  0.000000e+00
     vertex  1.369987e+01 -5.787055e+00  0.000000e+00
     vertex  1.363774e+01 -5.834731e+00  0.000000e+00
   endloop
 endfacet
 facet normal  0.000000e+00 -0.000000e+00 -1.000000e+00
   outer loop
     vertex  4.860496e+00  4.057513e+00  0.000000e+00
     vertex  4.860496e+00  1.778761e+00  0.000000e+00
     vertex  4.754872e+00  1.859810e+00  0.000000e+00
   endloop
 endfacet
 facet normal  0.000000e+00  0.000000e+00 -1.000000e+00
   outer loop
     vertex  4.860496e+00  4.057513e+00  0.000000e+00
     vertex  4.754872e+00  1.859810e+00  0.000000e+00
     vertex  4.754872e+00  3.976464e+00  0.000000e+00
   endloop
 endfacet
 facet normal  0.000000e+00  0.000000e+00 -1.000000e+00
   outer loop
     vertex  4.860496e+00  4.057513e+00  0.000000e+00
     vertex  7.139248e+00  1.778761e+00  0.000000e+00
     vertex  4.860496e+00  1.778761e+00  0.000000e+00
   endloop
 endfacet
 facet normal  0.000000e+00 -0.000000e+00 -1.000000e+00
   outer loop
     vertex  7.941545e+00  1.163137e+00  0.000000e+00
     vertex  1.369987e+01 -5.787055e+00  0.000000e+00
     vertex  7.860496e+00  1.057513e+00  0.000000e+00
   endloop
 endfacet
 facet normal  0.000000e+00  0.000000e+00 -1.000000e+00
   outer loop
     vertex  7.941545e+00  1.163137e+00  0.000000e+00
     vertex  1.377223e+01 -5.757085e+00  0.000000e+00
     vertex  1.369987e+01 -5.787055e+00  0.000000e+00
   endloop
 endfacet
 facet normal  0.000000e+00 -0.000000e+00 -1.000000e+00
   outer loop
     vertex  7.992494e+00  1.286139e+00  0.000000e+00
     vertex  1.377223e+01 -5.757085e+00  0.000000e+00
     vertex  7.941545e+00  1.163137e+00  0.000000e+00
   endloop
 endfacet
 facet normal  0.000000e+00  0.000000e+00 -1.000000e+00
   outer loop
     vertex  7.992494e+00  1.286139e+00  0.000000e+00
     vertex  1.384987e+01 -5.746863e+00  0.000000e+00
     vertex  1.377223e+01 -5.757085e+00  0.000000e+00
   endloop
 endfacet
 facet normal  0.000000e+00 -0.000000e+00 -1.000000e+00
   outer loop
     vertex  1.544987e+01 -6.046863e+00  0.000000e+00
     vertex  1.544987e+01 -6.946863e+00  0.000000e+00
     vertex  1.414987e+01 -6.946863e+00  0.000000e+00
   endloop
 endfacet
 facet normal -0.000000e+00  0.000000e+00 -1.000000e+00
   outer loop
     vertex  1.544987e+01 -6.046863e+00  0.000000e+00
     vertex  1.414987e+01 -6.946863e+00  0.000000e+00
     vertex  1.414987e+01 -6.046863e+00  0.000000e+00
   endloop
 endfacet
 facet normal  0.000000e+00 -0.000000e+00 -1.000000e+00
   outer loop
     vertex  8.009872e+00  1.418137e+00  0.000000e+00
     vertex  1.384987e+01 -5.746863e+00  0.000000e+00
     vertex  7.992494e+00  1.286139e+00  0.000000e+00
   endloop
 endfacet
 facet normal  0.000000e+00  0.000000e+00 -1.000000e+00
   outer loop
     vertex  8.009872e+00  1.418137e+00  0.000000e+00
     vertex  1.392752e+01 -5.757085e+00  0.000000e+00
     vertex  1.384987e+01 -5.746863e+00  0.000000e+00
   endloop
 endfacet
 facet normal  0.000000e+00  0.000000e+00 -1.000000e+00
   outer loop
     vertex  1.546009e+01 -5.969217e+00  0.000000e+00
     vertex  1.544987e+01 -6.046863e+00  0.000000e+00
     vertex  1.414987e+01 -6.046863e+00  0.000000e+00
   endloop
 endfacet
 facet normal  0.000000e+00  0.000000e+00 -1.000000e+00
   outer loop
     vertex  1.546009e+01 -5.969217e+00  0.000000e+00
     vertex  1.413965e+01 -5.969217e+00  0.000000e+00
     vertex  1.410968e+01 -5.896863e+00  0.000000e+00
   endloop
 endfacet
 facet normal -0.000000e+00  0.000000e+00 -1.000000e+00
   outer loop
     vertex  1.546009e+01 -5.969217e+00  0.000000e+00
     vertex  1.414987e+01 -6.046863e+00  0.000000e+00
     vertex  1.413965e+01 -5.969217e+00  0.000000e+00
   endloop
 endfacet
 facet normal -0.000000e+00  0.000000e+00 -1.000000e+00
   outer loop
     vertex  1.549006e+01 -5.896863e+00  0.000000e+00
     vertex  1.546009e+01 -5.969217e+00  0.000000e+00
     vertex  1.410968e+01 -5.896863e+00  0.000000e+00
   endloop
 endfacet
 facet normal  0.000000e+00  0.000000e+00 -1.000000e+00
   outer loop
     vertex  1.684987e+01 -7.206671e+00  0.000000e+00
     vertex  1.596200e+01 -7.158995e+00  0.000000e+00
     vertex  1.678774e+01 -7.158995e+00  0.000000e+00
   endloop
 endfacet
 facet normal -0.000000e+00  0.000000e+00 -1.000000e+00
   outer loop
     vertex  1.684987e+01 -7.206671e+00  0.000000e+00
     vertex  1.589987e+01 -7.206671e+00  0.000000e+00
     vertex  1.596200e+01 -7.158995e+00  0.000000e+00
   endloop
 endfacet
 facet normal  0.000000e+00  0.000000e+00 -1.000000e+00
   outer loop
     vertex  1.684987e+01 -7.206671e+00  0.000000e+00
     vertex  1.582752e+01 -7.236641e+00  0.000000e+00
     vertex  1.589987e+01 -7.206671e+00  0.000000e+00
   endloop
 endfacet
 facet normal  0.000000e+00 -0.000000e+00 -1.000000e+00
   outer loop
     vertex  1.674006e+01 -7.096863e+00  0.000000e+00
     vertex  1.678774e+01 -7.158995e+00  0.000000e+00
     vertex  1.596200e+01 -7.158995e+00  0.000000e+00
   endloop
 endfacet
 facet normal  0.000000e+00  0.000000e+00 -1.000000e+00
   outer loop
     vertex  1.674006e+01 -7.096863e+00  0.000000e+00
     vertex  1.600968e+01 -7.096863e+00  0.000000e+00
     vertex  1.603965e+01 -7.024509e+00  0.000000e+00
   endloop
 endfacet
 facet normal -0.000000e+00  0.000000e+00 -1.000000e+00
   outer loop
     vertex  1.674006e+01 -7.096863e+00  0.000000e+00
     vertex  1.596200e+01 -7.158995e+00  0.000000e+00
     vertex  1.600968e+01 -7.096863e+00  0.000000e+00
   endloop
 endfacet
 facet normal -0.000000e+00 -0.000000e+00 -1.000000e+00
   outer loop
     vertex  1.671009e+01 -7.024509e+00  0.000000e+00
     vertex  1.674006e+01 -7.096863e+00  0.000000e+00
     vertex  1.603965e+01 -7.024509e+00  0.000000e+00
   endloop
 endfacet
 facet normal -0.000000e+00  0.000000e+00 -1.000000e+00
   outer loop
     vertex  1.692223e+01 -7.236641e+00  0.000000e+00
     vertex  1.582752e+01 -7.236641e+00  0.000000e+00
     vertex  1.684987e+01 -7.206671e+00  0.000000e+00
   endloop
 endfacet
 facet normal  0.000000e+00  0.000000e+00 -1.000000e+00
   outer loop
     vertex  1.692223e+01 -7.236641e+00  0.000000e+00
     vertex  1.574987e+01 -7.246863e+00  0.000000e+00
     vertex  1.582752e+01 -7.236641e+00  0.000000e+00
   endloop
 endfacet
 facet normal  0.000000e+00  0.000000e+00 -1.000000e+00
   outer loop
     vertex  1.553774e+01 -5.834731e+00  0.000000e+00
     vertex  1.549006e+01 -5.896863e+00  0.000000e+00
     vertex  1.410968e+01 -5.896863e+00  0.000000e+00
   endloop
 endfacet
 facet normal -0.000000e+00  0.000000e+00 -1.000000e+00
   outer loop
     vertex  1.553774e+01 -5.834731e+00  0.000000e+00
     vertex  1.410968e+01 -5.896863e+00  0.000000e+00
     vertex  1.406200e+01 -5.834731e+00  0.000000e+00
   endloop
 endfacet
 facet normal  0.000000e+00 -0.000000e+00 -1.000000e+00
   outer loop
     vertex  1.669987e+01 -6.946863e+00  0.000000e+00
     vertex  1.671009e+01 -7.024509e+00  0.000000e+00
     vertex  1.603965e+01 -7.024509e+00  0.000000e+00
   endloop
 endfacet
 facet normal -0.000000e+00  0.000000e+00 -1.000000e+00
   outer loop
     vertex  1.669987e+01 -6.946863e+00  0.000000e+00
     vertex  1.603965e+01 -7.024509e+00  0.000000e+00
     vertex  1.604987e+01 -6.946863e+00  0.000000e+00
   endloop
 endfacet
 facet normal -0.000000e+00  0.000000e+00 -1.000000e+00
   outer loop
     vertex  1.699987e+01 -7.246863e+00  0.000000e+00
     vertex  1.574987e+01 -7.246863e+00  0.000000e+00
     vertex  1.692223e+01 -7.236641e+00  0.000000e+00
   endloop
 endfacet
 facet normal  0.000000e+00  0.000000e+00 -1.000000e+00
   outer loop
     vertex  1.559987e+01 -5.787055e+00  0.000000e+00
     vertex  1.553774e+01 -5.834731e+00  0.000000e+00
     vertex  1.406200e+01 -5.834731e+00  0.000000e+00
   endloop
 endfacet
 facet normal  0.000000e+00  0.000000e+00 -1.000000e+00
   outer loop
     vertex  1.559987e+01 -5.787055e+00  0.000000e+00
     vertex  1.399987e+01 -5.787055e+00  0.000000e+00
     vertex  1.392752e+01 -5.757085e+00  0.000000e+00
   endloop
 endfacet
 facet normal -0.000000e+00  0.000000e+00 -1.000000e+00
   outer loop
     vertex  1.559987e+01 -5.787055e+00  0.000000e+00
     vertex  1.406200e+01 -5.834731e+00  0.000000e+00
     vertex  1.399987e+01 -5.787055e+00  0.000000e+00
   endloop
 endfacet
 facet normal  0.000000e+00  0.000000e+00 -1.000000e+00
   outer loop
     vertex  1.567223e+01 -5.757085e+00  0.000000e+00
     vertex  1.392752e+01 -5.757085e+00  0.000000e+00
     vertex  8.009872e+00  1.418137e+00  0.000000e+00
   endloop
 endfacet
 facet normal -0.000000e+00  0.000000e+00 -1.000000e+00
   outer loop
     vertex  1.567223e+01 -5.757085e+00  0.000000e+00
     vertex  1.559987e+01 -5.787055e+00  0.000000e+00
     vertex  1.392752e+01 -5.757085e+00  0.000000e+00
   endloop
 endfacet
 facet normal -0.000000e+00  0.000000e+00 -1.000000e+00
   outer loop
     vertex  1.574987e+01 -5.746863e+00  0.000000e+00
     vertex  1.567223e+01 -5.757085e+00  0.000000e+00
     vertex  8.009872e+00  1.418137e+00  0.000000e+00
   endloop
 endfacet
 facet normal  0.000000e+00  0.000000e+00 -1.000000e+00
   outer loop
     vertex  2.399987e+01 -1.350314e+01  0.000000e+00
     vertex  1.963711e+00 -7.244676e+00  0.000000e+00
     vertex  2.036033e+00 -7.244676e+00  0.000000e+00
   endloop
 endfacet
 facet normal  0.000000e+00  0.000000e+00 -1.000000e+00
   outer loop
     vertex  2.399987e+01 -1.350314e+01  0.000000e+00
     vertex  1.699987e+01 -7.246863e+00  0.000000e+00
     vertex  1.707752e+01 -7.236641e+00  0.000000e+00
   endloop
 endfacet
 facet normal  0.000000e+00  0.000000e+00 -1.000000e+00
   outer loop
     vertex  2.399987e+01 -1.350314e+01  0.000000e+00
     vertex  4.499872e+00 -7.246863e+00  0.000000e+00
     vertex  4.577518e+00 -7.236641e+00  0.000000e+00
   endloop
 endfacet
 facet normal  0.000000e+00  0.000000e+00 -1.000000e+00
   outer loop
     vertex  2.399987e+01 -1.350314e+01  0.000000e+00
     vertex -2.399962e+01 -1.350314e+01  0.000000e+00
     vertex  7.137110e-01 -7.244676e+00  0.000000e+00
   endloop
 endfacet
 facet normal  0.000000e+00  0.000000e+00 -1.000000e+00
   outer loop
     vertex  2.399987e+01 -1.350314e+01  0.000000e+00
     vertex  2.036033e+00 -7.244676e+00  0.000000e+00
     vertex  4.499872e+00 -7.246863e+00  0.000000e+00
   endloop
 endfacet
 facet normal  0.000000e+00  0.000000e+00 -1.000000e+00
   outer loop
     vertex  2.399987e+01 -1.350314e+01  0.000000e+00
     vertex  1.384987e+01 -7.246863e+00  0.000000e+00
     vertex  1.574987e+01 -7.246863e+00  0.000000e+00
   endloop
 endfacet
 facet normal  0.000000e+00  0.000000e+00 -1.000000e+00
   outer loop
     vertex  2.399987e+01 -1.350314e+01  0.000000e+00
     vertex  4.577518e+00 -7.236641e+00  0.000000e+00
     vertex  1.377223e+01 -7.236641e+00  0.000000e+00
   endloop
 endfacet
 facet normal  0.000000e+00  0.000000e+00 -1.000000e+00
   outer loop
     vertex  2.399987e+01 -1.350314e+01  0.000000e+00
     vertex  1.377223e+01 -7.236641e+00  0.000000e+00
     vertex  1.384987e+01 -7.246863e+00  0.000000e+00
   endloop
 endfacet
 facet normal  0.000000e+00  0.000000e+00 -1.000000e+00
   outer loop
     vertex  2.399987e+01 -1.350314e+01  0.000000e+00
     vertex  1.574987e+01 -7.246863e+00  0.000000e+00
     vertex  1.699987e+01 -7.246863e+00  0.000000e+00
   endloop
 endfacet
 facet normal  0.000000e+00  0.000000e+00 -1.000000e+00
   outer loop
     vertex  2.399987e+01 -1.350314e+01  0.000000e+00
     vertex  7.860330e-01 -7.244676e+00  0.000000e+00
     vertex  1.963711e+00 -7.244676e+00  0.000000e+00
   endloop
 endfacet
 facet normal  0.000000e+00  0.000000e+00 -1.000000e+00
   outer loop
     vertex  2.399987e+01 -1.350314e+01  0.000000e+00
     vertex  7.137110e-01 -7.244676e+00  0.000000e+00
     vertex  7.860330e-01 -7.244676e+00  0.000000e+00
   endloop
 endfacet
 facet normal -0.000000e+00  0.000000e+00 -1.000000e+00
   outer loop
     vertex  1.669987e+01 -6.046863e+00  0.000000e+00
     vertex  1.604987e+01 -6.946863e+00  0.000000e+00
     vertex  1.604987e+01 -6.046863e+00  0.000000e+00
   endloop
 endfacet
 facet normal  0.000000e+00 -0.000000e+00 -1.000000e+00
   outer loop
     vertex  1.669987e+01 -6.046863e+00  0.000000e+00
     vertex  1.669987e+01 -6.946863e+00  0.000000e+00
     vertex  1.604987e+01 -6.946863e+00  0.000000e+00
   endloop
 endfacet
 facet normal  0.000000e+00  0.000000e+00 -1.000000e+00
   outer loop
     vertex  1.671009e+01 -5.969217e+00  0.000000e+00
     vertex  1.603965e+01 -5.969217e+00  0.000000e+00
     vertex  1.600968e+01 -5.896863e+00  0.000000e+00
   endloop
 endfacet
 facet normal -0.000000e+00  0.000000e+00 -1.000000e+00
   outer loop
     vertex  1.671009e+01 -5.969217e+00  0.000000e+00
     vertex  1.604987e+01 -6.046863e+00  0.000000e+00
     vertex  1.603965e+01 -5.969217e+00  0.000000e+00
   endloop
 endfacet
 facet normal  0.000000e+00  0.000000e+00 -1.000000e+00
   outer loop
     vertex  1.671009e+01 -5.969217e+00  0.000000e+00
     vertex  1.669987e+01 -6.046863e+00  0.000000e+00
     vertex  1.604987e+01 -6.046863e+00  0.000000e+00
   endloop
 endfacet
 facet normal  0.000000e+00  0.000000e+00 -1.000000e+00
   outer loop
     vertex  1.674006e+01 -5.896863e+00  0.000000e+00
     vertex  1.600968e+01 -5.896863e+00  0.000000e+00
     vertex  1.596200e+01 -5.834731e+00  0.000000e+00
   endloop
 endfacet
 facet normal -0.000000e+00  0.000000e+00 -1.000000e+00
   outer loop
     vertex  1.674006e+01 -5.896863e+00  0.000000e+00
     vertex  1.671009e+01 -5.969217e+00  0.000000e+00
     vertex  1.600968e+01 -5.896863e+00  0.000000e+00
   endloop
 endfacet
 facet normal -0.000000e+00  0.000000e+00 -1.000000e+00
   outer loop
     vertex  1.678774e+01 -5.834731e+00  0.000000e+00
     vertex  1.674006e+01 -5.896863e+00  0.000000e+00
     vertex  1.596200e+01 -5.834731e+00  0.000000e+00
   endloop
 endfacet
 facet normal -0.000000e+00  0.000000e+00 -1.000000e+00
   outer loop
     vertex  1.684987e+01 -5.787055e+00  0.000000e+00
     vertex  1.596200e+01 -5.834731e+00  0.000000e+00
     vertex  1.589987e+01 -5.787055e+00  0.000000e+00
   endloop
 endfacet
 facet normal  0.000000e+00  0.000000e+00 -1.000000e+00
   outer loop
     vertex  1.684987e+01 -5.787055e+00  0.000000e+00
     vertex  1.678774e+01 -5.834731e+00  0.000000e+00
     vertex  1.596200e+01 -5.834731e+00  0.000000e+00
   endloop
 endfacet
 facet normal -0.000000e+00  0.000000e+00 -1.000000e+00
   outer loop
     vertex  1.692223e+01 -5.757085e+00  0.000000e+00
     vertex  1.589987e+01 -5.787055e+00  0.000000e+00
     vertex  1.582752e+01 -5.757085e+00  0.000000e+00
   endloop
 endfacet
 facet normal  0.000000e+00  0.000000e+00 -1.000000e+00
   outer loop
     vertex  1.692223e+01 -5.757085e+00  0.000000e+00
     vertex  1.684987e+01 -5.787055e+00  0.000000e+00
     vertex  1.589987e+01 -5.787055e+00  0.000000e+00
   endloop
 endfacet
 facet normal  0.000000e+00  0.000000e+00 -1.000000e+00
   outer loop
     vertex  7.139248e+00  4.057513e+00  0.000000e+00
     vertex  4.860496e+00  4.057513e+00  0.000000e+00
     vertex  4.941545e+00  4.163137e+00  0.000000e+00
   endloop
 endfacet
 facet normal -0.000000e+00 -0.000000e+00 -1.000000e+00
   outer loop
     vertex  7.139248e+00  4.057513e+00  0.000000e+00
     vertex  7.139248e+00  1.778761e+00  0.000000e+00
     vertex  4.860496e+00  4.057513e+00  0.000000e+00
   endloop
 endfacet
 facet normal -0.000000e+00 -0.000000e+00 -1.000000e+00
   outer loop
     vertex  7.058199e+00  4.163137e+00  0.000000e+00
     vertex  7.139248e+00  4.057513e+00  0.000000e+00
     vertex  4.941545e+00  4.163137e+00  0.000000e+00
   endloop
 endfacet
 facet normal -0.000000e+00  0.000000e+00 -1.000000e+00
   outer loop
     vertex  7.244872e+00  3.976464e+00  0.000000e+00
     vertex  7.139248e+00  1.778761e+00  0.000000e+00
     vertex  7.139248e+00  4.057513e+00  0.000000e+00
   endloop
 endfacet
 facet normal  0.000000e+00 -0.000000e+00 -1.000000e+00
   outer loop
     vertex  7.244872e+00  3.976464e+00  0.000000e+00
     vertex  7.244872e+00  1.859810e+00  0.000000e+00
     vertex  7.139248e+00  1.778761e+00  0.000000e+00
   endloop
 endfacet
 facet normal -0.000000e+00  0.000000e+00 -1.000000e+00
   outer loop
     vertex  1.699987e+01 -5.746863e+00  0.000000e+00
     vertex  1.582752e+01 -5.757085e+00  0.000000e+00
     vertex  1.574987e+01 -5.746863e+00  0.000000e+00
   endloop
 endfacet
 facet normal  0.000000e+00  0.000000e+00 -1.000000e+00
   outer loop
     vertex  1.699987e+01 -5.746863e+00  0.000000e+00
     vertex  1.692223e+01 -5.757085e+00  0.000000e+00
     vertex  1.582752e+01 -5.757085e+00  0.000000e+00
   endloop
 endfacet
 facet normal  0.000000e+00 -0.000000e+00 -1.000000e+00
   outer loop
     vertex  7.007250e+00  4.286139e+00  0.000000e+00
     vertex  7.058199e+00  4.163137e+00  0.000000e+00
     vertex  4.941545e+00  4.163137e+00  0.000000e+00
   endloop
 endfacet
 facet normal  0.000000e+00  0.000000e+00 -1.000000e+00
   outer loop
     vertex  7.007250e+00  4.286139e+00  0.000000e+00
     vertex  4.992494e+00  4.286139e+00  0.000000e+00
     vertex  5.009872e+00  4.418137e+00  0.000000e+00
   endloop
 endfacet
 facet normal -0.000000e+00  0.000000e+00 -1.000000e+00
   outer loop
     vertex  7.007250e+00  4.286139e+00  0.000000e+00
     vertex  4.941545e+00  4.163137e+00  0.000000e+00
     vertex  4.992494e+00  4.286139e+00  0.000000e+00
   endloop
 endfacet
 facet normal -0.000000e+00  0.000000e+00 -1.000000e+00
   outer loop
     vertex  7.367874e+00  3.925515e+00  0.000000e+00
     vertex  7.244872e+00  1.859810e+00  0.000000e+00
     vertex  7.244872e+00  3.976464e+00  0.000000e+00
   endloop
 endfacet
 facet normal  0.000000e+00 -0.000000e+00 -1.000000e+00
   outer loop
     vertex  7.367874e+00  3.925515e+00  0.000000e+00
     vertex  7.367874e+00  1.910759e+00  0.000000e+00
     vertex  7.244872e+00  1.859810e+00  0.000000e+00
   endloop
 endfacet
 facet normal  0.000000e+00  0.000000e+00 -1.000000e+00
   outer loop
     vertex  7.367874e+00  3.925515e+00  0.000000e+00
     vertex  7.499872e+00  1.928137e+00  0.000000e+00
     vertex  7.367874e+00  1.910759e+00  0.000000e+00
   endloop
 endfacet
 facet normal -0.000000e+00 -0.000000e+00 -1.000000e+00
   outer loop
     vertex  7.499872e+00  3.908137e+00  0.000000e+00
     vertex  7.499872e+00  1.928137e+00  0.000000e+00
     vertex  7.367874e+00  3.925515e+00  0.000000e+00
   endloop
 endfacet
 facet normal -0.000000e+00 -0.000000e+00 -1.000000e+00
   outer loop
     vertex  6.989872e+00  4.418137e+00  0.000000e+00
     vertex  7.007250e+00  4.286139e+00  0.000000e+00
     vertex  5.009872e+00  4.418137e+00  0.000000e+00
   endloop
 endfacet
 facet normal  0.000000e+00  0.000000e+00 -1.000000e+00
   outer loop
     vertex  7.631870e+00  3.925515e+00  0.000000e+00
     vertex  7.499872e+00  1.928137e+00  0.000000e+00
     vertex  7.499872e+00  3.908137e+00  0.000000e+00
   endloop
 endfacet
 facet normal  0.000000e+00  0.000000e+00 -1.000000e+00
   outer loop
     vertex  7.631870e+00  3.925515e+00  0.000000e+00
     vertex  7.631870e+00  1.910759e+00  0.000000e+00
     vertex  7.499872e+00  1.928137e+00  0.000000e+00
   endloop
 endfacet
 facet normal -0.000000e+00  0.000000e+00 -1.000000e+00
   outer loop
     vertex  7.007250e+00  4.550135e+00  0.000000e+00
     vertex  5.009872e+00  4.418137e+00  0.000000e+00
     vertex  4.992494e+00  4.550135e+00  0.000000e+00
   endloop
 endfacet
 facet normal  0.000000e+00  0.000000e+00 -1.000000e+00
   outer loop
     vertex  7.007250e+00  4.550135e+00  0.000000e+00
     vertex  6.989872e+00  4.418137e+00  0.000000e+00
     vertex  5.009872e+00  4.418137e+00  0.000000e+00
   endloop
 endfacet
 facet normal  0.000000e+00  0.000000e+00 -1.000000e+00
   outer loop
     vertex  7.058199e+00  4.673137e+00  0.000000e+00
     vertex  7.007250e+00  4.550135e+00  0.000000e+00
     vertex  4.992494e+00  4.550135e+00  0.000000e+00
   endloop
 endfacet
 facet normal -0.000000e+00  0.000000e+00 -1.000000e+00
   outer loop
     vertex  7.058199e+00  4.673137e+00  0.000000e+00
     vertex  4.992494e+00  4.550135e+00  0.000000e+00
     vertex  4.941545e+00  4.673137e+00  0.000000e+00
   endloop
 endfacet
 facet normal  0.000000e+00  0.000000e+00 -1.000000e+00
   outer loop
     vertex  7.754872e+00  3.976464e+00  0.000000e+00
     vertex  7.631870e+00  1.910759e+00  0.000000e+00
     vertex  7.631870e+00  3.925515e+00  0.000000e+00
   endloop
 endfacet
 facet normal  0.000000e+00  0.000000e+00 -1.000000e+00
   outer loop
     vertex  7.754872e+00  3.976464e+00  0.000000e+00
     vertex  7.754872e+00  1.859810e+00  0.000000e+00
     vertex  7.631870e+00  1.910759e+00  0.000000e+00
   endloop
 endfacet
 facet normal  0.000000e+00  0.000000e+00 -1.000000e+00
   outer loop
     vertex  7.139248e+00  4.778761e+00  0.000000e+00
     vertex  7.058199e+00  4.673137e+00  0.000000e+00
     vertex  4.941545e+00  4.673137e+00  0.000000e+00
   endloop
 endfacet
 facet normal -0.000000e+00  0.000000e+00 -1.000000e+00
   outer loop
     vertex  7.139248e+00  4.778761e+00  0.000000e+00
     vertex  4.941545e+00  4.673137e+00  0.000000e+00
     vertex  4.860496e+00  4.778761e+00  0.000000e+00
   endloop
 endfacet
 facet normal  0.000000e+00  0.000000e+00 -1.000000e+00
   outer loop
     vertex  7.860496e+00  4.057513e+00  0.000000e+00
     vertex  7.754872e+00  1.859810e+00  0.000000e+00
     vertex  7.754872e+00  3.976464e+00  0.000000e+00
   endloop
 endfacet
 facet normal  0.000000e+00 -0.000000e+00 -1.000000e+00
   outer loop
     vertex  7.860496e+00  4.057513e+00  0.000000e+00
     vertex  7.860496e+00  1.778761e+00  0.000000e+00
     vertex  7.754872e+00  1.859810e+00  0.000000e+00
   endloop
 endfacet
 facet normal  0.000000e+00 -0.000000e+00 -1.000000e+00
   outer loop
     vertex  7.941545e+00  4.163137e+00  0.000000e+00
     vertex  7.941545e+00  1.673137e+00  0.000000e+00
     vertex  7.860496e+00  1.778761e+00  0.000000e+00
   endloop
 endfacet
 facet normal  0.000000e+00  0.000000e+00 -1.000000e+00
   outer loop
     vertex  7.941545e+00  4.163137e+00  0.000000e+00
     vertex  7.992494e+00  1.550135e+00  0.000000e+00
     vertex  7.941545e+00  1.673137e+00  0.000000e+00
   endloop
 endfacet
 facet normal  0.000000e+00  0.000000e+00 -1.000000e+00
   outer loop
     vertex  7.941545e+00  4.163137e+00  0.000000e+00
     vertex  7.860496e+00  1.778761e+00  0.000000e+00
     vertex  7.860496e+00  4.057513e+00  0.000000e+00
   endloop
 endfacet
 facet normal  0.000000e+00  0.000000e+00 -1.000000e+00
   outer loop
     vertex  1.928774e+01 -7.158995e+00  0.000000e+00
     vertex  1.721200e+01 -7.158995e+00  0.000000e+00
     vertex  1.725968e+01 -7.096863e+00  0.000000e+00
   endloop
 endfacet
 facet normal  0.000000e+00  0.000000e+00 -1.000000e+00
   outer loop
     vertex  1.934987e+01 -7.206671e+00  0.000000e+00
     vertex  1.714987e+01 -7.206671e+00  0.000000e+00
     vertex  1.721200e+01 -7.158995e+00  0.000000e+00
   endloop
 endfacet
 facet normal  0.000000e+00  0.000000e+00 -1.000000e+00
   outer loop
     vertex  1.934987e+01 -7.206671e+00  0.000000e+00
     vertex  1.721200e+01 -7.158995e+00  0.000000e+00
     vertex  1.928774e+01 -7.158995e+00  0.000000e+00
   endloop
 endfacet
 facet normal -0.000000e+00 -0.000000e+00 -1.000000e+00
   outer loop
     vertex  1.924006e+01 -7.096863e+00  0.000000e+00
     vertex  1.928774e+01 -7.158995e+00  0.000000e+00
     vertex  1.725968e+01 -7.096863e+00  0.000000e+00
   endloop
 endfacet
 facet normal  0.000000e+00  0.000000e+00 -1.000000e+00
   outer loop
     vertex  1.924006e+01 -7.096863e+00  0.000000e+00
     vertex  1.725968e+01 -7.096863e+00  0.000000e+00
     vertex  1.728965e+01 -7.024509e+00  0.000000e+00
   endloop
 endfacet
 facet normal -0.000000e+00 -0.000000e+00 -1.000000e+00
   outer loop
     vertex  1.921009e+01 -7.024509e+00  0.000000e+00
     vertex  1.924006e+01 -7.096863e+00  0.000000e+00
     vertex  1.728965e+01 -7.024509e+00  0.000000e+00
   endloop
 endfacet
 facet normal  0.000000e+00  0.000000e+00 -1.000000e+00
   outer loop
     vertex  1.942223e+01 -7.236641e+00  0.000000e+00
     vertex  1.707752e+01 -7.236641e+00  0.000000e+00
     vertex  1.714987e+01 -7.206671e+00  0.000000e+00
   endloop
 endfacet
 facet normal -0.000000e+00 -0.000000e+00 -1.000000e+00
   outer loop
     vertex  1.942223e+01 -7.236641e+00  0.000000e+00
     vertex  2.399987e+01 -1.350314e+01  0.000000e+00
     vertex  1.707752e+01 -7.236641e+00  0.000000e+00
   endloop
 endfacet
 facet normal  0.000000e+00  0.000000e+00 -1.000000e+00
   outer loop
     vertex  1.942223e+01 -7.236641e+00  0.000000e+00
     vertex  1.714987e+01 -7.206671e+00  0.000000e+00
     vertex  1.934987e+01 -7.206671e+00  0.000000e+00
   endloop
 endfacet
 facet normal -0.000000e+00  0.000000e+00 -1.000000e+00
   outer loop
     vertex  1.919987e+01 -6.946863e+00  0.000000e+00
     vertex  1.728965e+01 -7.024509e+00  0.000000e+00
     vertex  1.729987e+01 -6.946863e+00  0.000000e+00
   endloop
 endfacet
 facet normal  0.000000e+00 -0.000000e+00 -1.000000e+00
   outer loop
     vertex  1.919987e+01 -6.946863e+00  0.000000e+00
     vertex  1.921009e+01 -7.024509e+00  0.000000e+00
     vertex  1.728965e+01 -7.024509e+00  0.000000e+00
   endloop
 endfacet
 facet normal -0.000000e+00 -0.000000e+00 -1.000000e+00
   outer loop
     vertex  1.949987e+01 -7.246863e+00  0.000000e+00
     vertex  2.399987e+01 -1.350314e+01  0.000000e+00
     vertex  1.942223e+01 -7.236641e+00  0.000000e+00
   endloop
 endfacet
 facet normal  0.000000e+00 -0.000000e+00 -1.000000e+00
   outer loop
     vertex  7.992494e+00  4.286139e+00  0.000000e+00
     vertex  7.992494e+00  1.550135e+00  0.000000e+00
     vertex  7.941545e+00  4.163137e+00  0.000000e+00
   endloop
 endfacet
 facet normal  0.000000e+00 -0.000000e+00 -1.000000e+00
   outer loop
     vertex  1.957752e+01 -7.236641e+00  0.000000e+00
     vertex  2.399987e+01 -1.350314e+01  0.000000e+00
     vertex  1.949987e+01 -7.246863e+00  0.000000e+00
   endloop
 endfacet
 facet normal  0.000000e+00 -0.000000e+00 -1.000000e+00
   outer loop
     vertex  1.964987e+01 -7.206671e+00  0.000000e+00
     vertex  2.399987e+01 -1.350314e+01  0.000000e+00
     vertex  1.957752e+01 -7.236641e+00  0.000000e+00
   endloop
 endfacet
 facet normal  0.000000e+00  0.000000e+00 -1.000000e+00
   outer loop
     vertex  2.541317e+01 -1.291200e+01  0.000000e+00
     vertex  2.499942e+01 -1.323093e+01  0.000000e+00
     vertex  2.451748e+01 -1.343251e+01  0.000000e+00
   endloop
 endfacet
 facet normal  0.000000e+00 -0.000000e+00 -1.000000e+00
   outer loop
     vertex  1.971200e+01 -7.158995e+00  0.000000e+00
     vertex  2.399987e+01 -1.350314e+01  0.000000e+00
     vertex  1.964987e+01 -7.206671e+00  0.000000e+00
   endloop
 endfacet
 facet normal  0.000000e+00  0.000000e+00 -1.000000e+00
   outer loop
     vertex  4.939212e+00  7.677477e+00  0.000000e+00
     vertex  4.367874e+00  4.910759e+00  0.000000e+00
     vertex  4.244872e+00  4.859810e+00  0.000000e+00
   endloop
 endfacet
 facet normal  0.000000e+00 -0.000000e+00 -1.000000e+00
   outer loop
     vertex  4.700834e+00  7.988137e+00  0.000000e+00
     vertex  4.939212e+00  7.677477e+00  0.000000e+00
     vertex  4.244872e+00  4.859810e+00  0.000000e+00
   endloop
 endfacet
 facet normal  0.000000e+00  0.000000e+00 -1.000000e+00
   outer loop
     vertex  4.700834e+00  7.988137e+00  0.000000e+00
     vertex  4.244872e+00  4.859810e+00  0.000000e+00
     vertex  4.139248e+00  4.778761e+00  0.000000e+00
   endloop
 endfacet
 facet normal -0.000000e+00  0.000000e+00 -1.000000e+00
   outer loop
     vertex  5.249872e+00  7.439099e+00  0.000000e+00
     vertex  4.367874e+00  4.910759e+00  0.000000e+00
     vertex  4.939212e+00  7.677477e+00  0.000000e+00
   endloop
 endfacet
 facet normal  0.000000e+00  0.000000e+00 -1.000000e+00
   outer loop
     vertex  5.249872e+00  7.439099e+00  0.000000e+00
     vertex  4.499872e+00  4.928137e+00  0.000000e+00
     vertex  4.367874e+00  4.910759e+00  0.000000e+00
   endloop
 endfacet
 facet normal  0.000000e+00  0.000000e+00 -1.000000e+00
   outer loop
     vertex  5.249872e+00  7.439099e+00  0.000000e+00
     vertex  4.631870e+00  4.910759e+00  0.000000e+00
     vertex  4.499872e+00  4.928137e+00  0.000000e+00
   endloop
 endfacet
 facet normal -0.000000e+00  0.000000e+00 -1.000000e+00
   outer loop
     vertex  5.611643e+00  7.289248e+00  0.000000e+00
     vertex  4.631870e+00  4.910759e+00  0.000000e+00
     vertex  5.249872e+00  7.439099e+00  0.000000e+00
   endloop
 endfacet
 facet normal  0.000000e+00  0.000000e+00 -1.000000e+00
   outer loop
     vertex  5.611643e+00  7.289248e+00  0.000000e+00
     vertex  4.754872e+00  4.859810e+00  0.000000e+00
     vertex  4.631870e+00  4.910759e+00  0.000000e+00
   endloop
 endfacet
 facet normal -0.000000e+00  0.000000e+00 -1.000000e+00
   outer loop
     vertex  4.550983e+00  8.349908e+00  0.000000e+00
     vertex  4.058199e+00  4.673137e+00  0.000000e+00
     vertex -4.551239e+00  8.349908e+00  0.000000e+00
   endloop
 endfacet
 facet normal  0.000000e+00  0.000000e+00 -1.000000e+00
   outer loop
     vertex  4.550983e+00  8.349908e+00  0.000000e+00
     vertex  4.139248e+00  4.778761e+00  0.000000e+00
     vertex  4.058199e+00  4.673137e+00  0.000000e+00
   endloop
 endfacet
 facet normal  0.000000e+00 -0.000000e+00 -1.000000e+00
   outer loop
     vertex  4.550983e+00  8.349908e+00  0.000000e+00
     vertex  4.700834e+00  7.988137e+00  0.000000e+00
     vertex  4.139248e+00  4.778761e+00  0.000000e+00
   endloop
 endfacet
 facet normal  0.000000e+00 -0.000000e+00 -1.000000e+00
   outer loop
     vertex  1.919987e+01 -6.046863e+00  0.000000e+00
     vertex  1.919987e+01 -6.946863e+00  0.000000e+00
     vertex  1.729987e+01 -6.946863e+00  0.000000e+00
   endloop
 endfacet
 facet normal  0.000000e+00  0.000000e+00 -1.000000e+00
   outer loop
     vertex  1.919987e+01 -6.046863e+00  0.000000e+00
     vertex  1.729987e+01 -6.046863e+00  0.000000e+00
     vertex  1.728965e+01 -5.969217e+00  0.000000e+00
   endloop
 endfacet
 facet normal -0.000000e+00  0.000000e+00 -1.000000e+00
   outer loop
     vertex  1.919987e+01 -6.046863e+00  0.000000e+00
     vertex  1.729987e+01 -6.946863e+00  0.000000e+00
     vertex  1.729987e+01 -6.046863e+00  0.000000e+00
   endloop
 endfacet
 facet normal  0.000000e+00 -0.000000e+00 -1.000000e+00
   outer loop
     vertex  5.999872e+00  7.238137e+00  0.000000e+00
     vertex  7.139248e+00  4.778761e+00  0.000000e+00
     vertex  4.860496e+00  4.778761e+00  0.000000e+00
   endloop
 endfacet
 facet normal  0.000000e+00  0.000000e+00 -1.000000e+00
   outer loop
     vertex  5.999872e+00  7.238137e+00  0.000000e+00
     vertex  4.860496e+00  4.778761e+00  0.000000e+00
     vertex  4.754872e+00  4.859810e+00  0.000000e+00
   endloop
 endfacet
 facet normal  0.000000e+00  0.000000e+00 -1.000000e+00
   outer loop
     vertex  5.999872e+00  7.238137e+00  0.000000e+00
     vertex  7.244872e+00  4.859810e+00  0.000000e+00
     vertex  7.139248e+00  4.778761e+00  0.000000e+00
   endloop
 endfacet
 facet normal -0.000000e+00  0.000000e+00 -1.000000e+00
   outer loop
     vertex  5.999872e+00  7.238137e+00  0.000000e+00
     vertex  4.754872e+00  4.859810e+00  0.000000e+00
     vertex  5.611643e+00  7.289248e+00  0.000000e+00
   endloop
 endfacet
 facet normal  0.000000e+00 -0.000000e+00 -1.000000e+00
   outer loop
     vertex  4.499872e+00  8.738137e+00  0.000000e+00
     vertex  4.550983e+00  8.349908e+00  0.000000e+00
     vertex -4.551239e+00  8.349908e+00  0.000000e+00
   endloop
 endfacet
 facet normal  0.000000e+00  0.000000e+00 -1.000000e+00
   outer loop
     vertex  4.499872e+00  8.738137e+00  0.000000e+00
     vertex -4.500128e+00  8.738137e+00  0.000000e+00
     vertex -4.551239e+00  9.126366e+00  0.000000e+00
   endloop
 endfacet
 facet normal -0.000000e+00  0.000000e+00 -1.000000e+00
   outer loop
     vertex  4.499872e+00  8.738137e+00  0.000000e+00
     vertex -4.551239e+00  8.349908e+00  0.000000e+00
     vertex -4.500128e+00  8.738137e+00  0.000000e+00
   endloop
 endfacet
 facet normal  0.000000e+00  0.000000e+00 -1.000000e+00
   outer loop
     vertex  1.921009e+01 -5.969217e+00  0.000000e+00
     vertex  1.728965e+01 -5.969217e+00  0.000000e+00
     vertex  1.725968e+01 -5.896863e+00  0.000000e+00
   endloop
 endfacet
 facet normal -0.000000e+00  0.000000e+00 -1.000000e+00
   outer loop
     vertex  1.921009e+01 -5.969217e+00  0.000000e+00
     vertex  1.919987e+01 -6.046863e+00  0.000000e+00
     vertex  1.728965e+01 -5.969217e+00  0.000000e+00
   endloop
 endfacet
 facet normal -0.000000e+00  0.000000e+00 -1.000000e+00
   outer loop
     vertex  1.924006e+01 -5.896863e+00  0.000000e+00
     vertex  1.921009e+01 -5.969217e+00  0.000000e+00
     vertex  1.725968e+01 -5.896863e+00  0.000000e+00
   endloop
 endfacet
 facet normal  0.000000e+00  0.000000e+00 -1.000000e+00
   outer loop
     vertex  1.928774e+01 -5.834731e+00  0.000000e+00
     vertex  1.924006e+01 -5.896863e+00  0.000000e+00
     vertex  1.725968e+01 -5.896863e+00  0.000000e+00
   endloop
 endfacet
 facet normal -0.000000e+00  0.000000e+00 -1.000000e+00
   outer loop
     vertex  1.928774e+01 -5.834731e+00  0.000000e+00
     vertex  1.725968e+01 -5.896863e+00  0.000000e+00
     vertex  1.721200e+01 -5.834731e+00  0.000000e+00
   endloop
 endfacet
 facet normal  0.000000e+00  0.000000e+00 -1.000000e+00
   outer loop
     vertex  1.934987e+01 -5.787055e+00  0.000000e+00
     vertex  1.928774e+01 -5.834731e+00  0.000000e+00
     vertex  1.721200e+01 -5.834731e+00  0.000000e+00
   endloop
 endfacet
 facet normal -0.000000e+00  0.000000e+00 -1.000000e+00
   outer loop
     vertex  1.934987e+01 -5.787055e+00  0.000000e+00
     vertex  1.721200e+01 -5.834731e+00  0.000000e+00
     vertex  1.714987e+01 -5.787055e+00  0.000000e+00
   endloop
 endfacet
 facet normal  0.000000e+00  0.000000e+00 -1.000000e+00
   outer loop
     vertex  1.942223e+01 -5.757085e+00  0.000000e+00
     vertex  1.934987e+01 -5.787055e+00  0.000000e+00
     vertex  1.714987e+01 -5.787055e+00  0.000000e+00
   endloop
 endfacet
 facet normal -0.000000e+00  0.000000e+00 -1.000000e+00
   outer loop
     vertex  1.942223e+01 -5.757085e+00  0.000000e+00
     vertex  1.714987e+01 -5.787055e+00  0.000000e+00
     vertex  1.707752e+01 -5.757085e+00  0.000000e+00
   endloop
 endfacet
 facet normal -0.000000e+00  0.000000e+00 -1.000000e+00
   outer loop
     vertex  4.550983e+00  9.126366e+00  0.000000e+00
     vertex  4.499872e+00  8.738137e+00  0.000000e+00
     vertex -4.551239e+00  9.126366e+00  0.000000e+00
   endloop
 endfacet
 facet normal  0.000000e+00  0.000000e+00 -1.000000e+00
   outer loop
     vertex  6.388101e+00  7.289248e+00  0.000000e+00
     vertex  7.367874e+00  4.910759e+00  0.000000e+00
     vertex  7.244872e+00  4.859810e+00  0.000000e+00
   endloop
 endfacet
 facet normal  0.000000e+00 -0.000000e+00 -1.000000e+00
   outer loop
     vertex  6.388101e+00  7.289248e+00  0.000000e+00
     vertex  7.244872e+00  4.859810e+00  0.000000e+00
     vertex  5.999872e+00  7.238137e+00  0.000000e+00
   endloop
 endfacet
 facet normal  0.000000e+00  0.000000e+00 -1.000000e+00
   outer loop
     vertex  2.593086e+01 -1.201469e+01  0.000000e+00
     vertex  2.573079e+01 -1.249726e+01  0.000000e+00
     vertex  2.541317e+01 -1.291200e+01  0.000000e+00
   endloop
 endfacet
 facet normal  0.000000e+00  0.000000e+00 -1.000000e+00
   outer loop
     vertex  2.593086e+01 -1.201469e+01  0.000000e+00
     vertex  2.541317e+01 -1.291200e+01  0.000000e+00
     vertex  2.451748e+01 -1.343251e+01  0.000000e+00
   endloop
 endfacet
 facet normal  0.000000e+00  0.000000e+00 -1.000000e+00
   outer loop
     vertex  4.700834e+00  9.488137e+00  0.000000e+00
     vertex  4.550983e+00  9.126366e+00  0.000000e+00
     vertex -4.551239e+00  9.126366e+00  0.000000e+00
   endloop
 endfacet
 facet normal -0.000000e+00  0.000000e+00 -1.000000e+00
   outer loop
     vertex  4.700834e+00  9.488137e+00  0.000000e+00
     vertex -4.551239e+00  9.126366e+00  0.000000e+00
     vertex -4.701090e+00  9.488137e+00  0.000000e+00
   endloop
 endfacet
 facet normal  0.000000e+00 -0.000000e+00 -1.000000e+00
   outer loop
     vertex  6.749872e+00  7.439099e+00  0.000000e+00
     vertex  7.367874e+00  4.910759e+00  0.000000e+00
     vertex  6.388101e+00  7.289248e+00  0.000000e+00
   endloop
 endfacet
 facet normal  0.000000e+00  0.000000e+00 -1.000000e+00
   outer loop
     vertex  6.749872e+00  7.439099e+00  0.000000e+00
     vertex  7.499872e+00  4.928137e+00  0.000000e+00
     vertex  7.367874e+00  4.910759e+00  0.000000e+00
   endloop
 endfacet
 facet normal  0.000000e+00  0.000000e+00 -1.000000e+00
   outer loop
     vertex  6.749872e+00  7.439099e+00  0.000000e+00
     vertex  7.631870e+00  4.910759e+00  0.000000e+00
     vertex  7.499872e+00  4.928137e+00  0.000000e+00
   endloop
 endfacet
 facet normal  0.000000e+00  0.000000e+00 -1.000000e+00
   outer loop
     vertex  2.599987e+01 -1.149686e+01  0.000000e+00
     vertex  2.451748e+01 -1.343251e+01  0.000000e+00
     vertex  2.399987e+01 -1.350314e+01  0.000000e+00
   endloop
 endfacet
 facet normal  0.000000e+00  0.000000e+00 -1.000000e+00
   outer loop
     vertex  2.599987e+01 -1.149686e+01  0.000000e+00
     vertex  1.978965e+01 -7.024509e+00  0.000000e+00
     vertex  1.979987e+01 -6.946863e+00  0.000000e+00
   endloop
 endfacet
 facet normal  0.000000e+00  0.000000e+00 -1.000000e+00
   outer loop
     vertex  2.599987e+01 -1.149686e+01  0.000000e+00
     vertex  1.975968e+01 -7.096863e+00  0.000000e+00
     vertex  1.978965e+01 -7.024509e+00  0.000000e+00
   endloop
 endfacet
 facet normal  0.000000e+00  0.000000e+00 -1.000000e+00
   outer loop
     vertex  2.599987e+01 -1.149686e+01  0.000000e+00
     vertex  1.971200e+01 -7.158995e+00  0.000000e+00
     vertex  1.975968e+01 -7.096863e+00  0.000000e+00
   endloop
 endfacet
 facet normal  0.000000e+00  0.000000e+00 -1.000000e+00
   outer loop
     vertex  2.599987e+01 -1.149686e+01  0.000000e+00
     vertex  1.978965e+01 -5.969217e+00  0.000000e+00
     vertex  1.975968e+01 -5.896863e+00  0.000000e+00
   endloop
 endfacet
 facet normal  0.000000e+00  0.000000e+00 -1.000000e+00
   outer loop
     vertex  2.599987e+01 -1.149686e+01  0.000000e+00
     vertex  1.979987e+01 -6.046863e+00  0.000000e+00
     vertex  1.978965e+01 -5.969217e+00  0.000000e+00
   endloop
 endfacet
 facet normal  0.000000e+00  0.000000e+00 -1.000000e+00
   outer loop
     vertex  2.599987e+01 -1.149686e+01  0.000000e+00
     vertex  1.979987e+01 -6.946863e+00  0.000000e+00
     vertex  1.979987e+01 -6.046863e+00  0.000000e+00
   endloop
 endfacet
 facet normal  0.000000e+00  0.000000e+00 -1.000000e+00
   outer loop
     vertex  2.599987e+01 -1.149686e+01  0.000000e+00
     vertex  2.593086e+01 -1.201469e+01  0.000000e+00
     vertex  2.451748e+01 -1.343251e+01  0.000000e+00
   endloop
 endfacet
 facet normal -0.000000e+00  0.000000e+00 -1.000000e+00
   outer loop
     vertex  2.599987e+01 -1.149686e+01  0.000000e+00
     vertex  2.399987e+01 -1.350314e+01  0.000000e+00
     vertex  1.971200e+01 -7.158995e+00  0.000000e+00
   endloop
 endfacet
 facet normal  0.000000e+00  0.000000e+00 -1.000000e+00
   outer loop
     vertex  4.939212e+00  9.798797e+00  0.000000e+00
     vertex  4.700834e+00  9.488137e+00  0.000000e+00
     vertex -4.701090e+00  9.488137e+00  0.000000e+00
   endloop
 endfacet
 facet normal  0.000000e+00  0.000000e+00 -1.000000e+00
   outer loop
     vertex  4.939212e+00  9.798797e+00  0.000000e+00
     vertex -4.939468e+00  9.798797e+00  0.000000e+00
     vertex -5.250128e+00  1.003718e+01  0.000000e+00
   endloop
 endfacet
 facet normal -0.000000e+00  0.000000e+00 -1.000000e+00
   outer loop
     vertex  4.939212e+00  9.798797e+00  0.000000e+00
     vertex -4.701090e+00  9.488137e+00  0.000000e+00
     vertex -4.939468e+00  9.798797e+00  0.000000e+00
   endloop
 endfacet
 facet normal  0.000000e+00  0.000000e+00 -1.000000e+00
   outer loop
     vertex  7.060532e+00  7.677477e+00  0.000000e+00
     vertex  7.754872e+00  4.859810e+00  0.000000e+00
     vertex  7.631870e+00  4.910759e+00  0.000000e+00
   endloop
 endfacet
 facet normal  0.000000e+00 -0.000000e+00 -1.000000e+00
   outer loop
     vertex  7.060532e+00  7.677477e+00  0.000000e+00
     vertex  7.631870e+00  4.910759e+00  0.000000e+00
     vertex  6.749872e+00  7.439099e+00  0.000000e+00
   endloop
 endfacet
 facet normal -0.000000e+00  0.000000e+00 -1.000000e+00
   outer loop
     vertex  5.249872e+00  1.003718e+01  0.000000e+00
     vertex  4.939212e+00  9.798797e+00  0.000000e+00
     vertex -5.250128e+00  1.003718e+01  0.000000e+00
   endloop
 endfacet
 facet normal  0.000000e+00 -0.000000e+00 -1.000000e+00
   outer loop
     vertex  7.298910e+00  7.988137e+00  0.000000e+00
     vertex  7.754872e+00  4.859810e+00  0.000000e+00
     vertex  7.060532e+00  7.677477e+00  0.000000e+00
   endloop
 endfacet
 facet normal  0.000000e+00  0.000000e+00 -1.000000e+00
   outer loop
     vertex  7.298910e+00  7.988137e+00  0.000000e+00
     vertex  7.860496e+00  4.778761e+00  0.000000e+00
     vertex  7.754872e+00  4.859810e+00  0.000000e+00
   endloop
 endfacet
 facet normal  0.000000e+00  0.000000e+00 -1.000000e+00
   outer loop
     vertex  5.611643e+00  1.018703e+01  0.000000e+00
     vertex  5.249872e+00  1.003718e+01  0.000000e+00
     vertex -5.250128e+00  1.003718e+01  0.000000e+00
   endloop
 endfacet
 facet normal -0.000000e+00  0.000000e+00 -1.000000e+00
   outer loop
     vertex  5.611643e+00  1.018703e+01  0.000000e+00
     vertex -5.250128e+00  1.003718e+01  0.000000e+00
     vertex -5.611899e+00  1.018703e+01  0.000000e+00
   endloop
 endfacet
 facet normal  0.000000e+00 -0.000000e+00 -1.000000e+00
   outer loop
     vertex  7.448761e+00  8.349908e+00  0.000000e+00
     vertex  7.860496e+00  4.778761e+00  0.000000e+00
     vertex  7.298910e+00  7.988137e+00  0.000000e+00
   endloop
 endfacet
 facet normal  0.000000e+00  0.000000e+00 -1.000000e+00
   outer loop
     vertex  7.448761e+00  8.349908e+00  0.000000e+00
     vertex  7.941545e+00  4.673137e+00  0.000000e+00
     vertex  7.860496e+00  4.778761e+00  0.000000e+00
   endloop
 endfacet
 facet normal  0.000000e+00  0.000000e+00 -1.000000e+00
   outer loop
     vertex  2.086850e+01  8.371766e+00  0.000000e+00
     vertex  1.574987e+01 -5.746863e+00  0.000000e+00
     vertex  8.009872e+00  1.418137e+00  0.000000e+00
   endloop
 endfacet
 facet normal  0.000000e+00  0.000000e+00 -1.000000e+00
   outer loop
     vertex  2.086850e+01  8.371766e+00  0.000000e+00
     vertex  7.992494e+00  1.550135e+00  0.000000e+00
     vertex  7.992494e+00  4.286139e+00  0.000000e+00
   endloop
 endfacet
 facet normal  0.000000e+00  0.000000e+00 -1.000000e+00
   outer loop
     vertex  2.086850e+01  8.371766e+00  0.000000e+00
     vertex  8.009872e+00  1.418137e+00  0.000000e+00
     vertex  7.992494e+00  1.550135e+00  0.000000e+00
   endloop
 endfacet
 facet normal  0.000000e+00  0.000000e+00 -1.000000e+00
   outer loop
     vertex  2.086850e+01  8.371766e+00  0.000000e+00
     vertex  7.992494e+00  4.286139e+00  0.000000e+00
     vertex  8.009872e+00  4.418137e+00  0.000000e+00
   endloop
 endfacet
 facet normal -0.000000e+00  0.000000e+00 -1.000000e+00
   outer loop
     vertex  2.119987e+01  8.117496e+00  0.000000e+00
     vertex  1.574987e+01 -5.746863e+00  0.000000e+00
     vertex  2.086850e+01  8.371766e+00  0.000000e+00
   endloop
 endfacet
 facet normal  0.000000e+00  0.000000e+00 -1.000000e+00
   outer loop
     vertex  2.119987e+01  8.117496e+00  0.000000e+00
     vertex  1.699987e+01 -5.746863e+00  0.000000e+00
     vertex  1.574987e+01 -5.746863e+00  0.000000e+00
   endloop
 endfacet
 facet normal  0.000000e+00  0.000000e+00 -1.000000e+00
   outer loop
     vertex  2.119987e+01  8.117496e+00  0.000000e+00
     vertex  1.942223e+01 -5.757085e+00  0.000000e+00
     vertex  1.707752e+01 -5.757085e+00  0.000000e+00
   endloop
 endfacet
 facet normal  0.000000e+00  0.000000e+00 -1.000000e+00
   outer loop
     vertex  2.119987e+01  8.117496e+00  0.000000e+00
     vertex  1.707752e+01 -5.757085e+00  0.000000e+00
     vertex  1.699987e+01 -5.746863e+00  0.000000e+00
   endloop
 endfacet
 facet normal  0.000000e+00  0.000000e+00 -1.000000e+00
   outer loop
     vertex  2.119987e+01  8.117496e+00  0.000000e+00
     vertex  1.949987e+01 -5.746863e+00  0.000000e+00
     vertex  1.942223e+01 -5.757085e+00  0.000000e+00
   endloop
 endfacet
 facet normal  0.000000e+00 -0.000000e+00 -1.000000e+00
   outer loop
     vertex  2.061423e+01  8.703137e+00  0.000000e+00
     vertex  2.086850e+01  8.371766e+00  0.000000e+00
     vertex  8.009872e+00  4.418137e+00  0.000000e+00
   endloop
 endfacet
 facet normal  0.000000e+00  0.000000e+00 -1.000000e+00
   outer loop
     vertex  2.061423e+01  8.703137e+00  0.000000e+00
     vertex  8.009872e+00  4.418137e+00  0.000000e+00
     vertex  7.992494e+00  4.550135e+00  0.000000e+00
   endloop
 endfacet
 facet normal -0.000000e+00  0.000000e+00 -1.000000e+00
   outer loop
     vertex  2.158576e+01  7.957656e+00  0.000000e+00
     vertex  1.949987e+01 -5.746863e+00  0.000000e+00
     vertex  2.119987e+01  8.117496e+00  0.000000e+00
   endloop
 endfacet
 facet normal  0.000000e+00  0.000000e+00 -1.000000e+00
   outer loop
     vertex  2.158576e+01  7.957656e+00  0.000000e+00
     vertex  1.957752e+01 -5.757085e+00  0.000000e+00
     vertex  1.949987e+01 -5.746863e+00  0.000000e+00
   endloop
 endfacet
 facet normal  0.000000e+00  0.000000e+00 -1.000000e+00
   outer loop
     vertex  2.045439e+01  9.089027e+00  0.000000e+00
     vertex  7.448761e+00  8.349908e+00  0.000000e+00
     vertex  7.499872e+00  8.738137e+00  0.000000e+00
   endloop
 endfacet
 facet normal  0.000000e+00  0.000000e+00 -1.000000e+00
   outer loop
     vertex  2.045439e+01  9.089027e+00  0.000000e+00
     vertex  7.941545e+00  4.673137e+00  0.000000e+00
     vertex  7.448761e+00  8.349908e+00  0.000000e+00
   endloop
 endfacet
 facet normal  0.000000e+00 -0.000000e+00 -1.000000e+00
   outer loop
     vertex  2.045439e+01  9.089027e+00  0.000000e+00
     vertex  2.061423e+01  8.703137e+00  0.000000e+00
     vertex  7.992494e+00  4.550135e+00  0.000000e+00
   endloop
 endfacet
 facet normal  0.000000e+00  0.000000e+00 -1.000000e+00
   outer loop
     vertex  2.045439e+01  9.089027e+00  0.000000e+00
     vertex  7.992494e+00  4.550135e+00  0.000000e+00
     vertex  7.941545e+00  4.673137e+00  0.000000e+00
   endloop
 endfacet
 facet normal  0.000000e+00  0.000000e+00 -1.000000e+00
   outer loop
     vertex  2.199987e+01  7.903137e+00  0.000000e+00
     vertex  1.964987e+01 -5.787055e+00  0.000000e+00
     vertex  1.957752e+01 -5.757085e+00  0.000000e+00
   endloop
 endfacet
 facet normal -0.000000e+00  0.000000e+00 -1.000000e+00
   outer loop
     vertex  2.199987e+01  7.903137e+00  0.000000e+00
     vertex  1.957752e+01 -5.757085e+00  0.000000e+00
     vertex  2.158576e+01  7.957656e+00  0.000000e+00
   endloop
 endfacet
 facet normal  0.000000e+00  0.000000e+00 -1.000000e+00
   outer loop
     vertex  2.039987e+01  9.503137e+00  0.000000e+00
     vertex  7.499872e+00  8.738137e+00  0.000000e+00
     vertex  7.448761e+00  9.126366e+00  0.000000e+00
   endloop
 endfacet
 facet normal  0.000000e+00 -0.000000e+00 -1.000000e+00
   outer loop
     vertex  2.039987e+01  9.503137e+00  0.000000e+00
     vertex  2.045439e+01  9.089027e+00  0.000000e+00
     vertex  7.499872e+00  8.738137e+00  0.000000e+00
   endloop
 endfacet
 facet normal  0.000000e+00  0.000000e+00 -1.000000e+00
   outer loop
     vertex  2.045439e+01  9.917247e+00  0.000000e+00
     vertex  7.448761e+00  9.126366e+00  0.000000e+00
     vertex  7.298910e+00  9.488137e+00  0.000000e+00
   endloop
 endfacet
 facet normal  0.000000e+00  0.000000e+00 -1.000000e+00
   outer loop
     vertex  2.045439e+01  9.917247e+00  0.000000e+00
     vertex  2.039987e+01  9.503137e+00  0.000000e+00
     vertex  7.448761e+00  9.126366e+00  0.000000e+00
   endloop
 endfacet
 facet normal  0.000000e+00  0.000000e+00 -1.000000e+00
   outer loop
     vertex  2.241398e+01  7.957656e+00  0.000000e+00
     vertex  1.971200e+01 -5.834731e+00  0.000000e+00
     vertex  1.964987e+01 -5.787055e+00  0.000000e+00
   endloop
 endfacet
 facet normal  0.000000e+00  0.000000e+00 -1.000000e+00
   outer loop
     vertex  2.241398e+01  7.957656e+00  0.000000e+00
     vertex  1.964987e+01 -5.787055e+00  0.000000e+00
     vertex  2.199987e+01  7.903137e+00  0.000000e+00
   endloop
 endfacet
 facet normal  0.000000e+00  0.000000e+00 -1.000000e+00
   outer loop
     vertex  2.061423e+01  1.030314e+01  0.000000e+00
     vertex  7.298910e+00  9.488137e+00  0.000000e+00
     vertex  7.060532e+00  9.798797e+00  0.000000e+00
   endloop
 endfacet
 facet normal  0.000000e+00  0.000000e+00 -1.000000e+00
   outer loop
     vertex  2.061423e+01  1.030314e+01  0.000000e+00
     vertex  2.045439e+01  9.917247e+00  0.000000e+00
     vertex  7.298910e+00  9.488137e+00  0.000000e+00
   endloop
 endfacet
 facet normal  0.000000e+00  0.000000e+00 -1.000000e+00
   outer loop
     vertex  2.279987e+01  8.117496e+00  0.000000e+00
     vertex  1.975968e+01 -5.896863e+00  0.000000e+00
     vertex  1.971200e+01 -5.834731e+00  0.000000e+00
   endloop
 endfacet
 facet normal  0.000000e+00  0.000000e+00 -1.000000e+00
   outer loop
     vertex  2.279987e+01  8.117496e+00  0.000000e+00
     vertex  1.971200e+01 -5.834731e+00  0.000000e+00
     vertex  2.241398e+01  7.957656e+00  0.000000e+00
   endloop
 endfacet
 facet normal  0.000000e+00  0.000000e+00 -1.000000e+00
   outer loop
     vertex  2.086850e+01  1.063451e+01  0.000000e+00
     vertex  7.060532e+00  9.798797e+00  0.000000e+00
     vertex  6.749872e+00  1.003718e+01  0.000000e+00
   endloop
 endfacet
 facet normal  0.000000e+00  0.000000e+00 -1.000000e+00
   outer loop
     vertex  2.086850e+01  1.063451e+01  0.000000e+00
     vertex  2.061423e+01  1.030314e+01  0.000000e+00
     vertex  7.060532e+00  9.798797e+00  0.000000e+00
   endloop
 endfacet
 facet normal  0.000000e+00 -0.000000e+00 -1.000000e+00
   outer loop
     vertex  2.313124e+01  8.371766e+00  0.000000e+00
     vertex  2.599987e+01 -1.149686e+01  0.000000e+00
     vertex  1.975968e+01 -5.896863e+00  0.000000e+00
   endloop
 endfacet
 facet normal  0.000000e+00  0.000000e+00 -1.000000e+00
   outer loop
     vertex  2.313124e+01  8.371766e+00  0.000000e+00
     vertex  1.975968e+01 -5.896863e+00  0.000000e+00
     vertex  2.279987e+01  8.117496e+00  0.000000e+00
   endloop
 endfacet
 facet normal  0.000000e+00 -0.000000e+00 -1.000000e+00
   outer loop
     vertex  2.338551e+01  8.703137e+00  0.000000e+00
     vertex  2.599987e+01 -1.149686e+01  0.000000e+00
     vertex  2.313124e+01  8.371766e+00  0.000000e+00
   endloop
 endfacet
 facet normal  0.000000e+00  0.000000e+00 -1.000000e+00
   outer loop
     vertex  2.119987e+01  1.088878e+01  0.000000e+00
     vertex  2.086850e+01  1.063451e+01  0.000000e+00
     vertex  6.749872e+00  1.003718e+01  0.000000e+00
   endloop
 endfacet
 facet normal  0.000000e+00 -0.000000e+00 -1.000000e+00
   outer loop
     vertex  2.599987e+01  1.149699e+01  0.000000e+00
     vertex  2.599987e+01 -1.149686e+01  0.000000e+00
     vertex  2.338551e+01  8.703137e+00  0.000000e+00
   endloop
 endfacet
 facet normal  0.000000e+00  0.000000e+00 -1.000000e+00
   outer loop
     vertex  2.599987e+01  1.149699e+01  0.000000e+00
     vertex  2.338551e+01  1.030314e+01  0.000000e+00
     vertex  2.313124e+01  1.063451e+01  0.000000e+00
   endloop
 endfacet
 facet normal  0.000000e+00  0.000000e+00 -1.000000e+00
   outer loop
     vertex  2.599987e+01  1.149699e+01  0.000000e+00
     vertex  2.354535e+01  9.917247e+00  0.000000e+00
     vertex  2.338551e+01  1.030314e+01  0.000000e+00
   endloop
 endfacet
 facet normal  0.000000e+00  0.000000e+00 -1.000000e+00
   outer loop
     vertex  2.599987e+01  1.149699e+01  0.000000e+00
     vertex  2.359987e+01  9.503137e+00  0.000000e+00
     vertex  2.354535e+01  9.917247e+00  0.000000e+00
   endloop
 endfacet
 facet normal  0.000000e+00  0.000000e+00 -1.000000e+00
   outer loop
     vertex  2.599987e+01  1.149699e+01  0.000000e+00
     vertex  2.354535e+01  9.089027e+00  0.000000e+00
     vertex  2.359987e+01  9.503137e+00  0.000000e+00
   endloop
 endfacet
 facet normal  0.000000e+00  0.000000e+00 -1.000000e+00
   outer loop
     vertex  2.599987e+01  1.149699e+01  0.000000e+00
     vertex  2.338551e+01  8.703137e+00  0.000000e+00
     vertex  2.354535e+01  9.089027e+00  0.000000e+00
   endloop
 endfacet
 facet normal  0.000000e+00  0.000000e+00 -1.000000e+00
   outer loop
     vertex  2.399987e+01  1.350314e+01  0.000000e+00
     vertex  2.119987e+01  1.088878e+01  0.000000e+00
     vertex  6.749872e+00  1.003718e+01  0.000000e+00
   endloop
 endfacet
 facet normal  0.000000e+00  0.000000e+00 -1.000000e+00
   outer loop
     vertex  2.399987e+01  1.350314e+01  0.000000e+00
     vertex  6.749872e+00  1.003718e+01  0.000000e+00
     vertex  6.388101e+00  1.018703e+01  0.000000e+00
   endloop
 endfacet
 facet normal  0.000000e+00  0.000000e+00 -1.000000e+00
   outer loop
     vertex  2.399987e+01  1.350314e+01  0.000000e+00
     vertex  2.158576e+01  1.104862e+01  0.000000e+00
     vertex  2.119987e+01  1.088878e+01  0.000000e+00
   endloop
 endfacet
 facet normal  0.000000e+00  0.000000e+00 -1.000000e+00
   outer loop
     vertex  2.399987e+01  1.350314e+01  0.000000e+00
     vertex  2.199987e+01  1.110314e+01  0.000000e+00
     vertex  2.158576e+01  1.104862e+01  0.000000e+00
   endloop
 endfacet
 facet normal  0.000000e+00  0.000000e+00 -1.000000e+00
   outer loop
     vertex  2.399987e+01  1.350314e+01  0.000000e+00
     vertex  2.241398e+01  1.104862e+01  0.000000e+00
     vertex  2.199987e+01  1.110314e+01  0.000000e+00
   endloop
 endfacet
 facet normal  0.000000e+00  0.000000e+00 -1.000000e+00
   outer loop
     vertex  2.399987e+01  1.350314e+01  0.000000e+00
     vertex  2.279987e+01  1.088878e+01  0.000000e+00
     vertex  2.241398e+01  1.104862e+01  0.000000e+00
   endloop
 endfacet
 facet normal  0.000000e+00  0.000000e+00 -1.000000e+00
   outer loop
     vertex  2.399987e+01  1.350314e+01  0.000000e+00
     vertex  2.313124e+01  1.063451e+01  0.000000e+00
     vertex  2.279987e+01  1.088878e+01  0.000000e+00
   endloop
 endfacet
 facet normal  0.000000e+00 -0.000000e+00 -1.000000e+00
   outer loop
     vertex  2.595090e+01  1.194304e+01  0.000000e+00
     vertex  2.599987e+01  1.149699e+01  0.000000e+00
     vertex  2.313124e+01  1.063451e+01  0.000000e+00
   endloop
 endfacet
 facet normal -0.000000e+00  0.000000e+00 -1.000000e+00
   outer loop
     vertex  2.444577e+01  1.345280e+01  0.000000e+00
     vertex  2.313124e+01  1.063451e+01  0.000000e+00
     vertex  2.399987e+01  1.350314e+01  0.000000e+00
   endloop
 endfacet
 facet normal  0.000000e+00 -0.000000e+00 -1.000000e+00
   outer loop
     vertex  2.580371e+01  1.236695e+01  0.000000e+00
     vertex  2.595090e+01  1.194304e+01  0.000000e+00
     vertex  2.313124e+01  1.063451e+01  0.000000e+00
   endloop
 endfacet
 facet normal -0.000000e+00  0.000000e+00 -1.000000e+00
   outer loop
     vertex  2.486922e+01  1.330431e+01  0.000000e+00
     vertex  2.313124e+01  1.063451e+01  0.000000e+00
     vertex  2.444577e+01  1.345280e+01  0.000000e+00
   endloop
 endfacet
 facet normal  0.000000e+00 -0.000000e+00 -1.000000e+00
   outer loop
     vertex  2.556572e+01  1.274737e+01  0.000000e+00
     vertex  2.580371e+01  1.236695e+01  0.000000e+00
     vertex  2.313124e+01  1.063451e+01  0.000000e+00
   endloop
 endfacet
 facet normal -0.000000e+00  0.000000e+00 -1.000000e+00
   outer loop
     vertex  2.524891e+01  1.306516e+01  0.000000e+00
     vertex  2.313124e+01  1.063451e+01  0.000000e+00
     vertex  2.486922e+01  1.330431e+01  0.000000e+00
   endloop
 endfacet
 facet normal  0.000000e+00 -0.000000e+00 -1.000000e+00
   outer loop
     vertex  2.524891e+01  1.306516e+01  0.000000e+00
     vertex  2.556572e+01  1.274737e+01  0.000000e+00
     vertex  2.313124e+01  1.063451e+01  0.000000e+00
   endloop
 endfacet
 facet normal  0.000000e+00  0.000000e+00 -1.000000e+00
   outer loop
     vertex  2.399987e+01  1.350314e+01  0.000000e+00
     vertex -6.000128e+00  1.023814e+01  0.000000e+00
     vertex -2.399962e+01  1.349712e+01  0.000000e+00
   endloop
 endfacet
 facet normal -0.000000e+00  0.000000e+00 -1.000000e+00
   outer loop
     vertex -6.000128e+00  1.023814e+01  0.000000e+00
     vertex -6.388357e+00  1.018703e+01  0.000000e+00
     vertex -2.399962e+01  1.349712e+01  0.000000e+00
   endloop
 endfacet
 facet normal  0.000000e+00  0.000000e+00 -1.000000e+00
   outer loop
     vertex  2.399987e+01  1.350314e+01  0.000000e+00
     vertex -5.611899e+00  1.018703e+01  0.000000e+00
     vertex -6.000128e+00  1.023814e+01  0.000000e+00
   endloop
 endfacet
 facet normal  0.000000e+00  0.000000e+00 -1.000000e+00
   outer loop
     vertex  2.399987e+01  1.350314e+01  0.000000e+00
     vertex  5.999872e+00  1.023814e+01  0.000000e+00
     vertex -5.611899e+00  1.018703e+01  0.000000e+00
   endloop
 endfacet
 facet normal  0.000000e+00  0.000000e+00 -1.000000e+00
   outer loop
     vertex  5.999872e+00  1.023814e+01  0.000000e+00
     vertex  5.611643e+00  1.018703e+01  0.000000e+00
     vertex -5.611899e+00  1.018703e+01  0.000000e+00
   endloop
 endfacet
 facet normal  0.000000e+00  0.000000e+00 -1.000000e+00
   outer loop
     vertex  2.399987e+01  1.350314e+01  0.000000e+00
     vertex  6.388101e+00  1.018703e+01  0.000000e+00
     vertex  5.999872e+00  1.023814e+01  0.000000e+00
   endloop
 endfacet
 facet normal  0.000000e+00  0.000000e+00  1.000000e+00
   outer loop
     vertex -2.313150e+01 -1.062823e+01  1.510000e+00
     vertex -2.451731e+01 -1.343496e+01  1.510000e+00
     vertex -2.399962e+01 -1.350314e+01  1.510000e+00
   endloop
 endfacet
 facet normal  0.000000e+00  0.000000e+00  1.000000e+00
   outer loop
     vertex -2.313150e+01 -1.062823e+01  1.510000e+00
     vertex -2.499973e+01 -1.323513e+01  1.510000e+00
     vertex -2.451731e+01 -1.343496e+01  1.510000e+00
   endloop
 endfacet
 facet normal  0.000000e+00  0.000000e+00  1.000000e+00
   outer loop
     vertex -2.313150e+01 -1.062823e+01  1.510000e+00
     vertex -2.541399e+01 -1.291725e+01  1.510000e+00
     vertex -2.499973e+01 -1.323513e+01  1.510000e+00
   endloop
 endfacet
 facet normal  0.000000e+00  0.000000e+00  1.000000e+00
   outer loop
     vertex -2.313150e+01 -1.062823e+01  1.510000e+00
     vertex -2.573187e+01 -1.250299e+01  1.510000e+00
     vertex -2.541399e+01 -1.291725e+01  1.510000e+00
   endloop
 endfacet
 facet normal  0.000000e+00  0.000000e+00  1.000000e+00
   outer loop
     vertex -2.313150e+01 -1.062823e+01  1.510000e+00
     vertex -2.593170e+01 -1.202058e+01  1.510000e+00
     vertex -2.573187e+01 -1.250299e+01  1.510000e+00
   endloop
 endfacet
 facet normal  0.000000e+00  0.000000e+00  1.000000e+00
   outer loop
     vertex -2.313150e+01 -1.062823e+01  1.510000e+00
     vertex -2.599987e+01 -1.150288e+01  1.510000e+00
     vertex -2.593170e+01 -1.202058e+01  1.510000e+00
   endloop
 endfacet
 facet normal  0.000000e+00  0.000000e+00  1.000000e+00
   outer loop
     vertex -2.280013e+01 -1.088250e+01  1.510000e+00
     vertex -2.313150e+01 -1.062823e+01  1.510000e+00
     vertex -2.399962e+01 -1.350314e+01  1.510000e+00
   endloop
 endfacet
 facet normal  0.000000e+00  0.000000e+00  1.000000e+00
   outer loop
     vertex -2.338577e+01 -1.029686e+01  1.510000e+00
     vertex -2.599987e+01 -1.150288e+01  1.510000e+00
     vertex -2.313150e+01 -1.062823e+01  1.510000e+00
   endloop
 endfacet
 facet normal  0.000000e+00  0.000000e+00  1.000000e+00
   outer loop
     vertex -2.354561e+01 -9.910973e+00  1.510000e+00
     vertex -2.599987e+01 -1.150288e+01  1.510000e+00
     vertex -2.338577e+01 -1.029686e+01  1.510000e+00
   endloop
 endfacet
 facet normal  0.000000e+00  0.000000e+00  1.000000e+00
   outer loop
     vertex -2.241424e+01 -1.104234e+01  1.510000e+00
     vertex -2.280013e+01 -1.088250e+01  1.510000e+00
     vertex -2.399962e+01 -1.350314e+01  1.510000e+00
   endloop
 endfacet
 facet normal  0.000000e+00  0.000000e+00  1.000000e+00
   outer loop
     vertex -2.360013e+01 -9.496863e+00  1.510000e+00
     vertex -2.599987e+01 -1.150288e+01  1.510000e+00
     vertex -2.354561e+01 -9.910973e+00  1.510000e+00
   endloop
 endfacet
 facet normal  0.000000e+00  0.000000e+00  1.000000e+00
   outer loop
     vertex -2.200013e+01 -1.109686e+01  1.510000e+00
     vertex -2.241424e+01 -1.104234e+01  1.510000e+00
     vertex -2.399962e+01 -1.350314e+01  1.510000e+00
   endloop
 endfacet
 facet normal  0.000000e+00  0.000000e+00  1.000000e+00
   outer loop
     vertex -2.354561e+01 -9.082753e+00  1.510000e+00
     vertex -2.599987e+01 -1.150288e+01  1.510000e+00
     vertex -2.360013e+01 -9.496863e+00  1.510000e+00
   endloop
 endfacet
 facet normal  0.000000e+00  0.000000e+00  1.000000e+00
   outer loop
     vertex -2.158602e+01 -1.104234e+01  1.510000e+00
     vertex -2.200013e+01 -1.109686e+01  1.510000e+00
     vertex -2.399962e+01 -1.350314e+01  1.510000e+00
   endloop
 endfacet
 facet normal  0.000000e+00  0.000000e+00  1.000000e+00
   outer loop
     vertex -2.338577e+01 -8.696863e+00  1.510000e+00
     vertex -2.599987e+01 -1.150288e+01  1.510000e+00
     vertex -2.354561e+01 -9.082753e+00  1.510000e+00
   endloop
 endfacet
 facet normal  0.000000e+00  0.000000e+00  1.000000e+00
   outer loop
     vertex -2.120013e+01 -1.088250e+01  1.510000e+00
     vertex -2.158602e+01 -1.104234e+01  1.510000e+00
     vertex -2.399962e+01 -1.350314e+01  1.510000e+00
   endloop
 endfacet
 facet normal  0.000000e+00  0.000000e+00  1.000000e+00
   outer loop
     vertex -1.636226e+01 -7.158995e+00  1.510000e+00
     vertex -2.045465e+01 -9.082753e+00  1.510000e+00
     vertex -2.040013e+01 -9.496863e+00  1.510000e+00
   endloop
 endfacet
 facet normal  0.000000e+00  0.000000e+00  1.000000e+00
   outer loop
     vertex -1.640994e+01 -7.096863e+00  1.510000e+00
     vertex -2.045465e+01 -9.082753e+00  1.510000e+00
     vertex -1.636226e+01 -7.158995e+00  1.510000e+00
   endloop
 endfacet
 facet normal  0.000000e+00  0.000000e+00  1.000000e+00
   outer loop
     vertex -1.640994e+01 -7.096863e+00  1.510000e+00
     vertex -2.061449e+01 -8.696863e+00  1.510000e+00
     vertex -2.045465e+01 -9.082753e+00  1.510000e+00
   endloop
 endfacet
 facet normal  0.000000e+00  0.000000e+00  1.000000e+00
   outer loop
     vertex -1.630013e+01 -7.206671e+00  1.510000e+00
     vertex -1.636226e+01 -7.158995e+00  1.510000e+00
     vertex -2.040013e+01 -9.496863e+00  1.510000e+00
   endloop
 endfacet
 facet normal  0.000000e+00  0.000000e+00  1.000000e+00
   outer loop
     vertex -1.622777e+01 -7.236641e+00  1.510000e+00
     vertex -1.630013e+01 -7.206671e+00  1.510000e+00
     vertex -2.040013e+01 -9.496863e+00  1.510000e+00
   endloop
 endfacet
 facet normal  0.000000e+00  0.000000e+00  1.000000e+00
   outer loop
     vertex -1.622777e+01 -7.236641e+00  1.510000e+00
     vertex -2.040013e+01 -9.496863e+00  1.510000e+00
     vertex -2.045465e+01 -9.910973e+00  1.510000e+00
   endloop
 endfacet
 facet normal  0.000000e+00  0.000000e+00  1.000000e+00
   outer loop
     vertex -1.643991e+01 -7.024509e+00  1.510000e+00
     vertex -2.061449e+01 -8.696863e+00  1.510000e+00
     vertex -1.640994e+01 -7.096863e+00  1.510000e+00
   endloop
 endfacet
 facet normal  0.000000e+00  0.000000e+00  1.000000e+00
   outer loop
     vertex -1.615013e+01 -7.246863e+00  1.510000e+00
     vertex -2.045465e+01 -9.910973e+00  1.510000e+00
     vertex -2.061449e+01 -1.029686e+01  1.510000e+00
   endloop
 endfacet
 facet normal  0.000000e+00  0.000000e+00  1.000000e+00
   outer loop
     vertex -1.615013e+01 -7.246863e+00  1.510000e+00
     vertex -1.622777e+01 -7.236641e+00  1.510000e+00
     vertex -2.045465e+01 -9.910973e+00  1.510000e+00
   endloop
 endfacet
 facet normal  0.000000e+00  0.000000e+00  1.000000e+00
   outer loop
     vertex -1.645013e+01 -6.946863e+00  1.510000e+00
     vertex -2.061449e+01 -8.696863e+00  1.510000e+00
     vertex -1.643991e+01 -7.024509e+00  1.510000e+00
   endloop
 endfacet
 facet normal  0.000000e+00  0.000000e+00  1.000000e+00
   outer loop
     vertex -1.645013e+01 -6.946863e+00  1.510000e+00
     vertex -2.086876e+01 -8.365492e+00  1.510000e+00
     vertex -2.061449e+01 -8.696863e+00  1.510000e+00
   endloop
 endfacet
 facet normal  0.000000e+00  0.000000e+00  1.000000e+00
   outer loop
     vertex -1.607248e+01 -7.236641e+00  1.510000e+00
     vertex -1.615013e+01 -7.246863e+00  1.510000e+00
     vertex -2.061449e+01 -1.029686e+01  1.510000e+00
   endloop
 endfacet
 facet normal  0.000000e+00  0.000000e+00  1.000000e+00
   outer loop
     vertex -1.645013e+01 -6.046863e+00  1.510000e+00
     vertex -2.086876e+01 -8.365492e+00  1.510000e+00
     vertex -1.645013e+01 -6.946863e+00  1.510000e+00
   endloop
 endfacet
 facet normal  0.000000e+00  0.000000e+00  1.000000e+00
   outer loop
     vertex -1.645013e+01 -6.046863e+00  1.510000e+00
     vertex -2.120013e+01 -8.111222e+00  1.510000e+00
     vertex -2.086876e+01 -8.365492e+00  1.510000e+00
   endloop
 endfacet
 facet normal  0.000000e+00  0.000000e+00  1.000000e+00
   outer loop
     vertex -1.643991e+01 -5.969217e+00  1.510000e+00
     vertex -2.120013e+01 -8.111222e+00  1.510000e+00
     vertex -1.645013e+01 -6.046863e+00  1.510000e+00
   endloop
 endfacet
 facet normal  0.000000e+00  0.000000e+00  1.000000e+00
   outer loop
     vertex -1.643991e+01 -5.969217e+00  1.510000e+00
     vertex -2.158602e+01 -7.951382e+00  1.510000e+00
     vertex -2.120013e+01 -8.111222e+00  1.510000e+00
   endloop
 endfacet
 facet normal  0.000000e+00  0.000000e+00  1.000000e+00
   outer loop
     vertex -1.640994e+01 -5.896863e+00  1.510000e+00
     vertex -2.158602e+01 -7.951382e+00  1.510000e+00
     vertex -1.643991e+01 -5.969217e+00  1.510000e+00
   endloop
 endfacet
 facet normal  0.000000e+00  0.000000e+00  1.000000e+00
   outer loop
     vertex -1.446226e+01 -7.158995e+00  1.510000e+00
     vertex -1.589032e+01 -7.096863e+00  1.510000e+00
     vertex -1.593800e+01 -7.158995e+00  1.510000e+00
   endloop
 endfacet
 facet normal  0.000000e+00  0.000000e+00  1.000000e+00
   outer loop
     vertex -1.450994e+01 -7.096863e+00  1.510000e+00
     vertex -1.589032e+01 -7.096863e+00  1.510000e+00
     vertex -1.446226e+01 -7.158995e+00  1.510000e+00
   endloop
 endfacet
 facet normal  0.000000e+00  0.000000e+00  1.000000e+00
   outer loop
     vertex -1.440013e+01 -7.206671e+00  1.510000e+00
     vertex -1.446226e+01 -7.158995e+00  1.510000e+00
     vertex -1.593800e+01 -7.158995e+00  1.510000e+00
   endloop
 endfacet
 facet normal  0.000000e+00  0.000000e+00  1.000000e+00
   outer loop
     vertex -1.440013e+01 -7.206671e+00  1.510000e+00
     vertex -1.593800e+01 -7.158995e+00  1.510000e+00
     vertex -1.600013e+01 -7.206671e+00  1.510000e+00
   endloop
 endfacet
 facet normal  0.000000e+00  0.000000e+00  1.000000e+00
   outer loop
     vertex -1.440013e+01 -7.206671e+00  1.510000e+00
     vertex -1.600013e+01 -7.206671e+00  1.510000e+00
     vertex -1.607248e+01 -7.236641e+00  1.510000e+00
   endloop
 endfacet
 facet normal  0.000000e+00  0.000000e+00  1.000000e+00
   outer loop
     vertex -1.432777e+01 -7.236641e+00  1.510000e+00
     vertex -1.607248e+01 -7.236641e+00  1.510000e+00
     vertex -2.061449e+01 -1.029686e+01  1.510000e+00
   endloop
 endfacet
 facet normal  0.000000e+00  0.000000e+00  1.000000e+00
   outer loop
     vertex -1.432777e+01 -7.236641e+00  1.510000e+00
     vertex -1.440013e+01 -7.206671e+00  1.510000e+00
     vertex -1.607248e+01 -7.236641e+00  1.510000e+00
   endloop
 endfacet
 facet normal  0.000000e+00  0.000000e+00  1.000000e+00
   outer loop
     vertex -1.453991e+01 -7.024509e+00  1.510000e+00
     vertex -1.589032e+01 -7.096863e+00  1.510000e+00
     vertex -1.450994e+01 -7.096863e+00  1.510000e+00
   endloop
 endfacet
 facet normal  0.000000e+00  0.000000e+00  1.000000e+00
   outer loop
     vertex -1.453991e+01 -7.024509e+00  1.510000e+00
     vertex -1.586035e+01 -7.024509e+00  1.510000e+00
     vertex -1.589032e+01 -7.096863e+00  1.510000e+00
   endloop
 endfacet
 facet normal  0.000000e+00  0.000000e+00  1.000000e+00
   outer loop
     vertex -1.455013e+01 -6.946863e+00  1.510000e+00
     vertex -1.585013e+01 -6.946863e+00  1.510000e+00
     vertex -1.586035e+01 -7.024509e+00  1.510000e+00
   endloop
 endfacet
 facet normal  0.000000e+00  0.000000e+00  1.000000e+00
   outer loop
     vertex -1.455013e+01 -6.946863e+00  1.510000e+00
     vertex -1.586035e+01 -7.024509e+00  1.510000e+00
     vertex -1.453991e+01 -7.024509e+00  1.510000e+00
   endloop
 endfacet
 facet normal  0.000000e+00  0.000000e+00  1.000000e+00
   outer loop
     vertex -1.425013e+01 -7.246863e+00  1.510000e+00
     vertex -1.432777e+01 -7.236641e+00  1.510000e+00
     vertex -2.061449e+01 -1.029686e+01  1.510000e+00
   endloop
 endfacet
 facet normal  0.000000e+00  0.000000e+00  1.000000e+00
   outer loop
     vertex -1.425013e+01 -7.246863e+00  1.510000e+00
     vertex -2.061449e+01 -1.029686e+01  1.510000e+00
     vertex -2.086876e+01 -1.062823e+01  1.510000e+00
   endloop
 endfacet
 facet normal  0.000000e+00  0.000000e+00  1.000000e+00
   outer loop
     vertex -1.455013e+01 -6.046863e+00  1.510000e+00
     vertex -1.585013e+01 -6.946863e+00  1.510000e+00
     vertex -1.455013e+01 -6.946863e+00  1.510000e+00
   endloop
 endfacet
 facet normal  0.000000e+00  0.000000e+00  1.000000e+00
   outer loop
     vertex -1.455013e+01 -6.046863e+00  1.510000e+00
     vertex -1.585013e+01 -6.046863e+00  1.510000e+00
     vertex -1.585013e+01 -6.946863e+00  1.510000e+00
   endloop
 endfacet
 facet normal  0.000000e+00  0.000000e+00  1.000000e+00
   outer loop
     vertex -1.453991e+01 -5.969217e+00  1.510000e+00
     vertex -1.589032e+01 -5.896863e+00  1.510000e+00
     vertex -1.586035e+01 -5.969217e+00  1.510000e+00
   endloop
 endfacet
 facet normal  0.000000e+00  0.000000e+00  1.000000e+00
   outer loop
     vertex -1.453991e+01 -5.969217e+00  1.510000e+00
     vertex -1.586035e+01 -5.969217e+00  1.510000e+00
     vertex -1.585013e+01 -6.046863e+00  1.510000e+00
   endloop
 endfacet
 facet normal  0.000000e+00  0.000000e+00  1.000000e+00
   outer loop
     vertex -1.453991e+01 -5.969217e+00  1.510000e+00
     vertex -1.585013e+01 -6.046863e+00  1.510000e+00
     vertex -1.455013e+01 -6.046863e+00  1.510000e+00
   endloop
 endfacet
 facet normal  0.000000e+00  0.000000e+00  1.000000e+00
   outer loop
     vertex -1.450994e+01 -5.896863e+00  1.510000e+00
     vertex -1.589032e+01 -5.896863e+00  1.510000e+00
     vertex -1.453991e+01 -5.969217e+00  1.510000e+00
   endloop
 endfacet
 facet normal  0.000000e+00  0.000000e+00  1.000000e+00
   outer loop
     vertex -1.325994e+01 -7.096863e+00  1.510000e+00
     vertex -1.403800e+01 -7.158995e+00  1.510000e+00
     vertex -1.321226e+01 -7.158995e+00  1.510000e+00
   endloop
 endfacet
 facet normal  0.000000e+00  0.000000e+00  1.000000e+00
   outer loop
     vertex -1.325994e+01 -7.096863e+00  1.510000e+00
     vertex -1.396035e+01 -7.024509e+00  1.510000e+00
     vertex -1.399032e+01 -7.096863e+00  1.510000e+00
   endloop
 endfacet
 facet normal  0.000000e+00  0.000000e+00  1.000000e+00
   outer loop
     vertex -1.325994e+01 -7.096863e+00  1.510000e+00
     vertex -1.399032e+01 -7.096863e+00  1.510000e+00
     vertex -1.403800e+01 -7.158995e+00  1.510000e+00
   endloop
 endfacet
 facet normal  0.000000e+00  0.000000e+00  1.000000e+00
   outer loop
     vertex -1.315013e+01 -7.206671e+00  1.510000e+00
     vertex -1.321226e+01 -7.158995e+00  1.510000e+00
     vertex -1.403800e+01 -7.158995e+00  1.510000e+00
   endloop
 endfacet
 facet normal  0.000000e+00  0.000000e+00  1.000000e+00
   outer loop
     vertex -1.315013e+01 -7.206671e+00  1.510000e+00
     vertex -1.403800e+01 -7.158995e+00  1.510000e+00
     vertex -1.410013e+01 -7.206671e+00  1.510000e+00
   endloop
 endfacet
 facet normal  0.000000e+00  0.000000e+00  1.000000e+00
   outer loop
     vertex -1.328991e+01 -7.024509e+00  1.510000e+00
     vertex -1.396035e+01 -7.024509e+00  1.510000e+00
     vertex -1.325994e+01 -7.096863e+00  1.510000e+00
   endloop
 endfacet
 facet normal  0.000000e+00  0.000000e+00  1.000000e+00
   outer loop
     vertex -1.328991e+01 -7.024509e+00  1.510000e+00
     vertex -1.395013e+01 -6.946863e+00  1.510000e+00
     vertex -1.396035e+01 -7.024509e+00  1.510000e+00
   endloop
 endfacet
 facet normal  0.000000e+00  0.000000e+00  1.000000e+00
   outer loop
     vertex -1.307777e+01 -7.236641e+00  1.510000e+00
     vertex -1.315013e+01 -7.206671e+00  1.510000e+00
     vertex -1.410013e+01 -7.206671e+00  1.510000e+00
   endloop
 endfacet
 facet normal  0.000000e+00  0.000000e+00  1.000000e+00
   outer loop
     vertex -1.307777e+01 -7.236641e+00  1.510000e+00
     vertex -1.410013e+01 -7.206671e+00  1.510000e+00
     vertex -1.417248e+01 -7.236641e+00  1.510000e+00
   endloop
 endfacet
 facet normal  0.000000e+00  0.000000e+00  1.000000e+00
   outer loop
     vertex -1.446226e+01 -5.834731e+00  1.510000e+00
     vertex -1.600013e+01 -5.787055e+00  1.510000e+00
     vertex -1.593800e+01 -5.834731e+00  1.510000e+00
   endloop
 endfacet
 facet normal  0.000000e+00  0.000000e+00  1.000000e+00
   outer loop
     vertex -1.446226e+01 -5.834731e+00  1.510000e+00
     vertex -1.593800e+01 -5.834731e+00  1.510000e+00
     vertex -1.589032e+01 -5.896863e+00  1.510000e+00
   endloop
 endfacet
 facet normal  0.000000e+00  0.000000e+00  1.000000e+00
   outer loop
     vertex -1.446226e+01 -5.834731e+00  1.510000e+00
     vertex -1.589032e+01 -5.896863e+00  1.510000e+00
     vertex -1.450994e+01 -5.896863e+00  1.510000e+00
   endloop
 endfacet
 facet normal  0.000000e+00  0.000000e+00  1.000000e+00
   outer loop
     vertex -1.300013e+01 -7.246863e+00  1.510000e+00
     vertex -1.307777e+01 -7.236641e+00  1.510000e+00
     vertex -1.417248e+01 -7.236641e+00  1.510000e+00
   endloop
 endfacet
 facet normal  0.000000e+00  0.000000e+00  1.000000e+00
   outer loop
     vertex -1.300013e+01 -7.246863e+00  1.510000e+00
     vertex -1.425013e+01 -7.246863e+00  1.510000e+00
     vertex -2.086876e+01 -1.062823e+01  1.510000e+00
   endloop
 endfacet
 facet normal  0.000000e+00  0.000000e+00  1.000000e+00
   outer loop
     vertex -1.300013e+01 -7.246863e+00  1.510000e+00
     vertex -1.417248e+01 -7.236641e+00  1.510000e+00
     vertex -1.425013e+01 -7.246863e+00  1.510000e+00
   endloop
 endfacet
 facet normal  0.000000e+00  0.000000e+00  1.000000e+00
   outer loop
     vertex -1.330013e+01 -6.946863e+00  1.510000e+00
     vertex -1.395013e+01 -6.946863e+00  1.510000e+00
     vertex -1.328991e+01 -7.024509e+00  1.510000e+00
   endloop
 endfacet
 facet normal  0.000000e+00  0.000000e+00  1.000000e+00
   outer loop
     vertex -1.440013e+01 -5.787055e+00  1.510000e+00
     vertex -1.600013e+01 -5.787055e+00  1.510000e+00
     vertex -1.446226e+01 -5.834731e+00  1.510000e+00
   endloop
 endfacet
 facet normal  0.000000e+00  0.000000e+00  1.000000e+00
   outer loop
     vertex -1.440013e+01 -5.787055e+00  1.510000e+00
     vertex -1.607248e+01 -5.757085e+00  1.510000e+00
     vertex -1.600013e+01 -5.787055e+00  1.510000e+00
   endloop
 endfacet
 facet normal  0.000000e+00  0.000000e+00  1.000000e+00
   outer loop
     vertex -1.432777e+01 -5.757085e+00  1.510000e+00
     vertex -1.607248e+01 -5.757085e+00  1.510000e+00
     vertex -1.440013e+01 -5.787055e+00  1.510000e+00
   endloop
 endfacet
 facet normal  0.000000e+00  0.000000e+00  1.000000e+00
   outer loop
     vertex -1.330013e+01 -6.046863e+00  1.510000e+00
     vertex -1.395013e+01 -6.046863e+00  1.510000e+00
     vertex -1.395013e+01 -6.946863e+00  1.510000e+00
   endloop
 endfacet
 facet normal  0.000000e+00  0.000000e+00  1.000000e+00
   outer loop
     vertex -1.330013e+01 -6.046863e+00  1.510000e+00
     vertex -1.395013e+01 -6.946863e+00  1.510000e+00
     vertex -1.330013e+01 -6.946863e+00  1.510000e+00
   endloop
 endfacet
 facet normal  0.000000e+00  0.000000e+00  1.000000e+00
   outer loop
     vertex -1.328991e+01 -5.969217e+00  1.510000e+00
     vertex -1.396035e+01 -5.969217e+00  1.510000e+00
     vertex -1.395013e+01 -6.046863e+00  1.510000e+00
   endloop
 endfacet
 facet normal  0.000000e+00  0.000000e+00  1.000000e+00
   outer loop
     vertex -1.328991e+01 -5.969217e+00  1.510000e+00
     vertex -1.395013e+01 -6.046863e+00  1.510000e+00
     vertex -1.330013e+01 -6.046863e+00  1.510000e+00
   endloop
 endfacet
 facet normal  0.000000e+00  0.000000e+00  1.000000e+00
   outer loop
     vertex -1.325994e+01 -5.896863e+00  1.510000e+00
     vertex -1.399032e+01 -5.896863e+00  1.510000e+00
     vertex -1.396035e+01 -5.969217e+00  1.510000e+00
   endloop
 endfacet
 facet normal  0.000000e+00  0.000000e+00  1.000000e+00
   outer loop
     vertex -1.325994e+01 -5.896863e+00  1.510000e+00
     vertex -1.396035e+01 -5.969217e+00  1.510000e+00
     vertex -1.328991e+01 -5.969217e+00  1.510000e+00
   endloop
 endfacet
 facet normal  0.000000e+00  0.000000e+00  1.000000e+00
   outer loop
     vertex -1.321226e+01 -5.834731e+00  1.510000e+00
     vertex -1.403800e+01 -5.834731e+00  1.510000e+00
     vertex -1.399032e+01 -5.896863e+00  1.510000e+00
   endloop
 endfacet
 facet normal  0.000000e+00  0.000000e+00  1.000000e+00
   outer loop
     vertex -1.321226e+01 -5.834731e+00  1.510000e+00
     vertex -1.399032e+01 -5.896863e+00  1.510000e+00
     vertex -1.325994e+01 -5.896863e+00  1.510000e+00
   endloop
 endfacet
 facet normal  0.000000e+00  0.000000e+00  1.000000e+00
   outer loop
     vertex -1.315013e+01 -5.787055e+00  1.510000e+00
     vertex -1.410013e+01 -5.787055e+00  1.510000e+00
     vertex -1.403800e+01 -5.834731e+00  1.510000e+00
   endloop
 endfacet
 facet normal  0.000000e+00  0.000000e+00  1.000000e+00
   outer loop
     vertex -1.315013e+01 -5.787055e+00  1.510000e+00
     vertex -1.403800e+01 -5.834731e+00  1.510000e+00
     vertex -1.321226e+01 -5.834731e+00  1.510000e+00
   endloop
 endfacet
 facet normal  0.000000e+00  0.000000e+00  1.000000e+00
   outer loop
     vertex -1.307777e+01 -5.757085e+00  1.510000e+00
     vertex -1.410013e+01 -5.787055e+00  1.510000e+00
     vertex -1.315013e+01 -5.787055e+00  1.510000e+00
   endloop
 endfacet
 facet normal  0.000000e+00  0.000000e+00  1.000000e+00
   outer loop
     vertex -1.307777e+01 -5.757085e+00  1.510000e+00
     vertex -1.417248e+01 -5.757085e+00  1.510000e+00
     vertex -1.410013e+01 -5.787055e+00  1.510000e+00
   endloop
 endfacet
 facet normal  0.000000e+00  0.000000e+00  1.000000e+00
   outer loop
     vertex -1.986075e+01  1.057513e+00  1.510000e+00
     vertex -2.241424e+01 -7.951382e+00  1.510000e+00
     vertex -2.200013e+01 -7.896863e+00  1.510000e+00
   endloop
 endfacet
 facet normal  0.000000e+00  0.000000e+00  1.000000e+00
   outer loop
     vertex -1.975513e+01  9.764640e-01  1.510000e+00
     vertex -1.986075e+01  1.057513e+00  1.510000e+00
     vertex -2.200013e+01 -7.896863e+00  1.510000e+00
   endloop
 endfacet
 facet normal  0.000000e+00  0.000000e+00  1.000000e+00
   outer loop
     vertex -1.994180e+01  1.163137e+00  1.510000e+00
     vertex -2.280013e+01 -8.111222e+00  1.510000e+00
     vertex -2.241424e+01 -7.951382e+00  1.510000e+00
   endloop
 endfacet
 facet normal  0.000000e+00  0.000000e+00  1.000000e+00
   outer loop
     vertex -1.994180e+01  1.163137e+00  1.510000e+00
     vertex -2.241424e+01 -7.951382e+00  1.510000e+00
     vertex -1.986075e+01  1.057513e+00  1.510000e+00
   endloop
 endfacet
 facet normal  0.000000e+00  0.000000e+00  1.000000e+00
   outer loop
     vertex -1.999275e+01  1.286139e+00  1.510000e+00
     vertex -2.313150e+01 -8.365492e+00  1.510000e+00
     vertex -2.280013e+01 -8.111222e+00  1.510000e+00
   endloop
 endfacet
 facet normal  0.000000e+00  0.000000e+00  1.000000e+00
   outer loop
     vertex -1.999275e+01  1.286139e+00  1.510000e+00
     vertex -2.280013e+01 -8.111222e+00  1.510000e+00
     vertex -1.994180e+01  1.163137e+00  1.510000e+00
   endloop
 endfacet
 facet normal  0.000000e+00  0.000000e+00  1.000000e+00
   outer loop
     vertex -1.963213e+01  9.255148e-01  1.510000e+00
     vertex -2.158602e+01 -7.951382e+00  1.510000e+00
     vertex -1.640994e+01 -5.896863e+00  1.510000e+00
   endloop
 endfacet
 facet normal  0.000000e+00  0.000000e+00  1.000000e+00
   outer loop
     vertex -1.963213e+01  9.255148e-01  1.510000e+00
     vertex -2.200013e+01 -7.896863e+00  1.510000e+00
     vertex -2.158602e+01 -7.951382e+00  1.510000e+00
   endloop
 endfacet
 facet normal  0.000000e+00  0.000000e+00  1.000000e+00
   outer loop
     vertex -1.963213e+01  9.255148e-01  1.510000e+00
     vertex -1.975513e+01  9.764640e-01  1.510000e+00
     vertex -2.200013e+01 -7.896863e+00  1.510000e+00
   endloop
 endfacet
 facet normal  0.000000e+00  0.000000e+00  1.000000e+00
   outer loop
     vertex -1.950013e+01  9.081370e-01  1.510000e+00
     vertex -1.963213e+01  9.255148e-01  1.510000e+00
     vertex -1.640994e+01 -5.896863e+00  1.510000e+00
   endloop
 endfacet
 facet normal  0.000000e+00  0.000000e+00  1.000000e+00
   outer loop
     vertex -1.950013e+01  9.081370e-01  1.510000e+00
     vertex -1.640994e+01 -5.896863e+00  1.510000e+00
     vertex -1.636226e+01 -5.834731e+00  1.510000e+00
   endloop
 endfacet
 facet normal  0.000000e+00  0.000000e+00  1.000000e+00
   outer loop
     vertex -2.001013e+01  1.418137e+00  1.510000e+00
     vertex -2.313150e+01 -8.365492e+00  1.510000e+00
     vertex -1.999275e+01  1.286139e+00  1.510000e+00
   endloop
 endfacet
 facet normal  0.000000e+00  0.000000e+00  1.000000e+00
   outer loop
     vertex -1.936813e+01  9.255148e-01  1.510000e+00
     vertex -1.950013e+01  9.081370e-01  1.510000e+00
     vertex -1.636226e+01 -5.834731e+00  1.510000e+00
   endloop
 endfacet
 facet normal  0.000000e+00  0.000000e+00  1.000000e+00
   outer loop
     vertex -1.936813e+01  9.255148e-01  1.510000e+00
     vertex -1.636226e+01 -5.834731e+00  1.510000e+00
     vertex -1.630013e+01 -5.787055e+00  1.510000e+00
   endloop
 endfacet
 facet normal  0.000000e+00  0.000000e+00  1.000000e+00
   outer loop
     vertex -1.065013e+01 -7.206671e+00  1.510000e+00
     vertex -1.278800e+01 -7.158995e+00  1.510000e+00
     vertex -1.285013e+01 -7.206671e+00  1.510000e+00
   endloop
 endfacet
 facet normal  0.000000e+00  0.000000e+00  1.000000e+00
   outer loop
     vertex -1.065013e+01 -7.206671e+00  1.510000e+00
     vertex -1.071226e+01 -7.158995e+00  1.510000e+00
     vertex -1.278800e+01 -7.158995e+00  1.510000e+00
   endloop
 endfacet
 facet normal  0.000000e+00  0.000000e+00  1.000000e+00
   outer loop
     vertex -1.075994e+01 -7.096863e+00  1.510000e+00
     vertex -1.274032e+01 -7.096863e+00  1.510000e+00
     vertex -1.278800e+01 -7.158995e+00  1.510000e+00
   endloop
 endfacet
 facet normal  0.000000e+00  0.000000e+00  1.000000e+00
   outer loop
     vertex -1.075994e+01 -7.096863e+00  1.510000e+00
     vertex -1.278800e+01 -7.158995e+00  1.510000e+00
     vertex -1.071226e+01 -7.158995e+00  1.510000e+00
   endloop
 endfacet
 facet normal  0.000000e+00  0.000000e+00  1.000000e+00
   outer loop
     vertex -1.057777e+01 -7.236641e+00  1.510000e+00
     vertex -1.285013e+01 -7.206671e+00  1.510000e+00
     vertex -1.292248e+01 -7.236641e+00  1.510000e+00
   endloop
 endfacet
 facet normal  0.000000e+00  0.000000e+00  1.000000e+00
   outer loop
     vertex -1.057777e+01 -7.236641e+00  1.510000e+00
     vertex -1.292248e+01 -7.236641e+00  1.510000e+00
     vertex -1.300013e+01 -7.246863e+00  1.510000e+00
   endloop
 endfacet
 facet normal  0.000000e+00  0.000000e+00  1.000000e+00
   outer loop
     vertex -1.057777e+01 -7.236641e+00  1.510000e+00
     vertex -1.065013e+01 -7.206671e+00  1.510000e+00
     vertex -1.285013e+01 -7.206671e+00  1.510000e+00
   endloop
 endfacet
 facet normal  0.000000e+00  0.000000e+00  1.000000e+00
   outer loop
     vertex -1.078991e+01 -7.024509e+00  1.510000e+00
     vertex -1.271035e+01 -7.024509e+00  1.510000e+00
     vertex -1.274032e+01 -7.096863e+00  1.510000e+00
   endloop
 endfacet
 facet normal  0.000000e+00  0.000000e+00  1.000000e+00
   outer loop
     vertex -1.078991e+01 -7.024509e+00  1.510000e+00
     vertex -1.274032e+01 -7.096863e+00  1.510000e+00
     vertex -1.075994e+01 -7.096863e+00  1.510000e+00
   endloop
 endfacet
 facet normal  0.000000e+00  0.000000e+00  1.000000e+00
   outer loop
     vertex -1.080013e+01 -6.946863e+00  1.510000e+00
     vertex -1.271035e+01 -7.024509e+00  1.510000e+00
     vertex -1.078991e+01 -7.024509e+00  1.510000e+00
   endloop
 endfacet
 facet normal  0.000000e+00  0.000000e+00  1.000000e+00
   outer loop
     vertex -1.080013e+01 -6.946863e+00  1.510000e+00
     vertex -1.270013e+01 -6.946863e+00  1.510000e+00
     vertex -1.271035e+01 -7.024509e+00  1.510000e+00
   endloop
 endfacet
 facet normal  0.000000e+00  0.000000e+00  1.000000e+00
   outer loop
     vertex -1.050013e+01 -7.246863e+00  1.510000e+00
     vertex -1.057777e+01 -7.236641e+00  1.510000e+00
     vertex -1.300013e+01 -7.246863e+00  1.510000e+00
   endloop
 endfacet
 facet normal  0.000000e+00  0.000000e+00  1.000000e+00
   outer loop
     vertex -1.050013e+01 -7.246863e+00  1.510000e+00
     vertex -2.086876e+01 -1.062823e+01  1.510000e+00
     vertex -2.120013e+01 -1.088250e+01  1.510000e+00
   endloop
 endfacet
 facet normal  0.000000e+00  0.000000e+00  1.000000e+00
   outer loop
     vertex -1.050013e+01 -7.246863e+00  1.510000e+00
     vertex -1.300013e+01 -7.246863e+00  1.510000e+00
     vertex -2.086876e+01 -1.062823e+01  1.510000e+00
   endloop
 endfacet
 facet normal  0.000000e+00  0.000000e+00  1.000000e+00
   outer loop
     vertex -1.050013e+01 -7.246863e+00  1.510000e+00
     vertex -2.120013e+01 -1.088250e+01  1.510000e+00
     vertex -2.399962e+01 -1.350314e+01  1.510000e+00
   endloop
 endfacet
 facet normal  0.000000e+00  0.000000e+00  1.000000e+00
   outer loop
     vertex -1.042248e+01 -7.236641e+00  1.510000e+00
     vertex -1.050013e+01 -7.246863e+00  1.510000e+00
     vertex -2.399962e+01 -1.350314e+01  1.510000e+00
   endloop
 endfacet
 facet normal  0.000000e+00  0.000000e+00  1.000000e+00
   outer loop
     vertex -1.080013e+01 -6.046863e+00  1.510000e+00
     vertex -1.270013e+01 -6.946863e+00  1.510000e+00
     vertex -1.080013e+01 -6.946863e+00  1.510000e+00
   endloop
 endfacet
 facet normal  0.000000e+00  0.000000e+00  1.000000e+00
   outer loop
     vertex -1.080013e+01 -6.046863e+00  1.510000e+00
     vertex -1.270013e+01 -6.046863e+00  1.510000e+00
     vertex -1.270013e+01 -6.946863e+00  1.510000e+00
   endloop
 endfacet
 facet normal  0.000000e+00  0.000000e+00  1.000000e+00
   outer loop
     vertex -1.078991e+01 -5.969217e+00  1.510000e+00
     vertex -1.270013e+01 -6.046863e+00  1.510000e+00
     vertex -1.080013e+01 -6.046863e+00  1.510000e+00
   endloop
 endfacet
 facet normal  0.000000e+00  0.000000e+00  1.000000e+00
   outer loop
     vertex -1.078991e+01 -5.969217e+00  1.510000e+00
     vertex -1.274032e+01 -5.896863e+00  1.510000e+00
     vertex -1.271035e+01 -5.969217e+00  1.510000e+00
   endloop
 endfacet
 facet normal  0.000000e+00  0.000000e+00  1.000000e+00
   outer loop
     vertex -1.078991e+01 -5.969217e+00  1.510000e+00
     vertex -1.271035e+01 -5.969217e+00  1.510000e+00
     vertex -1.270013e+01 -6.046863e+00  1.510000e+00
   endloop
 endfacet
 facet normal  0.000000e+00  0.000000e+00  1.000000e+00
   outer loop
     vertex -1.075994e+01 -5.896863e+00  1.510000e+00
     vertex -1.274032e+01 -5.896863e+00  1.510000e+00
     vertex -1.078991e+01 -5.969217e+00  1.510000e+00
   endloop
 endfacet
 facet normal  0.000000e+00  0.000000e+00  1.000000e+00
   outer loop
     vertex -1.071226e+01 -5.834731e+00  1.510000e+00
     vertex -1.285013e+01 -5.787055e+00  1.510000e+00
     vertex -1.278800e+01 -5.834731e+00  1.510000e+00
   endloop
 endfacet
 facet normal  0.000000e+00  0.000000e+00  1.000000e+00
   outer loop
     vertex -1.071226e+01 -5.834731e+00  1.510000e+00
     vertex -1.278800e+01 -5.834731e+00  1.510000e+00
     vertex -1.274032e+01 -5.896863e+00  1.510000e+00
   endloop
 endfacet
 facet normal  0.000000e+00  0.000000e+00  1.000000e+00
   outer loop
     vertex -1.071226e+01 -5.834731e+00  1.510000e+00
     vertex -1.274032e+01 -5.896863e+00  1.510000e+00
     vertex -1.075994e+01 -5.896863e+00  1.510000e+00
   endloop
 endfacet
 facet normal  0.000000e+00  0.000000e+00  1.000000e+00
   outer loop
     vertex -1.065013e+01 -5.787055e+00  1.510000e+00
     vertex -1.292248e+01 -5.757085e+00  1.510000e+00
     vertex -1.285013e+01 -5.787055e+00  1.510000e+00
   endloop
 endfacet
 facet normal  0.000000e+00  0.000000e+00  1.000000e+00
   outer loop
     vertex -1.065013e+01 -5.787055e+00  1.510000e+00
     vertex -1.285013e+01 -5.787055e+00  1.510000e+00
     vertex -1.071226e+01 -5.834731e+00  1.510000e+00
   endloop
 endfacet
 facet normal  0.000000e+00  0.000000e+00  1.000000e+00
   outer loop
     vertex -1.057777e+01 -5.757085e+00  1.510000e+00
     vertex -1.292248e+01 -5.757085e+00  1.510000e+00
     vertex -1.065013e+01 -5.787055e+00  1.510000e+00
   endloop
 endfacet
 facet normal  0.000000e+00  0.000000e+00  1.000000e+00
   outer loop
     vertex -1.986075e+01  4.057513e+00  1.510000e+00
     vertex -1.986075e+01  1.778761e+00  1.510000e+00
     vertex -1.975513e+01  1.859810e+00  1.510000e+00
   endloop
 endfacet
 facet normal  0.000000e+00  0.000000e+00  1.000000e+00
   outer loop
     vertex -1.994180e+01  4.163137e+00  1.510000e+00
     vertex -1.986075e+01  1.778761e+00  1.510000e+00
     vertex -1.986075e+01  4.057513e+00  1.510000e+00
   endloop
 endfacet
 facet normal  0.000000e+00  0.000000e+00  1.000000e+00
   outer loop
     vertex -1.994180e+01  4.163137e+00  1.510000e+00
     vertex -1.999275e+01  1.550135e+00  1.510000e+00
     vertex -1.994180e+01  1.673137e+00  1.510000e+00
   endloop
 endfacet
 facet normal  0.000000e+00  0.000000e+00  1.000000e+00
   outer loop
     vertex -1.994180e+01  4.163137e+00  1.510000e+00
     vertex -1.994180e+01  1.673137e+00  1.510000e+00
     vertex -1.986075e+01  1.778761e+00  1.510000e+00
   endloop
 endfacet
 facet normal  0.000000e+00  0.000000e+00  1.000000e+00
   outer loop
     vertex -1.975513e+01  3.976464e+00  1.510000e+00
     vertex -1.975513e+01  1.859810e+00  1.510000e+00
     vertex -1.963213e+01  1.910759e+00  1.510000e+00
   endloop
 endfacet
 facet normal  0.000000e+00  0.000000e+00  1.000000e+00
   outer loop
     vertex -1.975513e+01  3.976464e+00  1.510000e+00
     vertex -1.986075e+01  4.057513e+00  1.510000e+00
     vertex -1.975513e+01  1.859810e+00  1.510000e+00
   endloop
 endfacet
 facet normal  0.000000e+00  0.000000e+00  1.000000e+00
   outer loop
     vertex -1.675513e+01  9.764640e-01  1.510000e+00
     vertex -1.686075e+01  1.057513e+00  1.510000e+00
     vertex -1.913950e+01  1.057513e+00  1.510000e+00
   endloop
 endfacet
 facet normal  0.000000e+00  0.000000e+00  1.000000e+00
   outer loop
     vertex -1.675513e+01  9.764640e-01  1.510000e+00
     vertex -1.913950e+01  1.057513e+00  1.510000e+00
     vertex -1.924513e+01  9.764640e-01  1.510000e+00
   endloop
 endfacet
 facet normal  0.000000e+00  0.000000e+00  1.000000e+00
   outer loop
     vertex -1.675513e+01  9.764640e-01  1.510000e+00
     vertex -1.924513e+01  9.764640e-01  1.510000e+00
     vertex -1.936813e+01  9.255148e-01  1.510000e+00
   endloop
 endfacet
 facet normal  0.000000e+00  0.000000e+00  1.000000e+00
   outer loop
     vertex -1.694180e+01  1.163137e+00  1.510000e+00
     vertex -1.913950e+01  1.057513e+00  1.510000e+00
     vertex -1.686075e+01  1.057513e+00  1.510000e+00
   endloop
 endfacet
 facet normal  0.000000e+00  0.000000e+00  1.000000e+00
   outer loop
     vertex -1.694180e+01  1.163137e+00  1.510000e+00
     vertex -1.905846e+01  1.163137e+00  1.510000e+00
     vertex -1.913950e+01  1.057513e+00  1.510000e+00
   endloop
 endfacet
 facet normal  0.000000e+00  0.000000e+00  1.000000e+00
   outer loop
     vertex -1.999275e+01  4.286139e+00  1.510000e+00
     vertex -1.999275e+01  1.550135e+00  1.510000e+00
     vertex -1.994180e+01  4.163137e+00  1.510000e+00
   endloop
 endfacet
 facet normal  0.000000e+00  0.000000e+00  1.000000e+00
   outer loop
     vertex -1.663213e+01  9.255148e-01  1.510000e+00
     vertex -1.675513e+01  9.764640e-01  1.510000e+00
     vertex -1.936813e+01  9.255148e-01  1.510000e+00
   endloop
 endfacet
 facet normal  0.000000e+00  0.000000e+00  1.000000e+00
   outer loop
     vertex -1.663213e+01  9.255148e-01  1.510000e+00
     vertex -1.630013e+01 -5.787055e+00  1.510000e+00
     vertex -1.622777e+01 -5.757085e+00  1.510000e+00
   endloop
 endfacet
 facet normal  0.000000e+00  0.000000e+00  1.000000e+00
   outer loop
     vertex -1.663213e+01  9.255148e-01  1.510000e+00
     vertex -1.936813e+01  9.255148e-01  1.510000e+00
     vertex -1.630013e+01 -5.787055e+00  1.510000e+00
   endloop
 endfacet
 facet normal  0.000000e+00  0.000000e+00  1.000000e+00
   outer loop
     vertex -1.963213e+01  3.925515e+00  1.510000e+00
     vertex -1.975513e+01  3.976464e+00  1.510000e+00
     vertex -1.963213e+01  1.910759e+00  1.510000e+00
   endloop
 endfacet
 facet normal  0.000000e+00  0.000000e+00  1.000000e+00
   outer loop
     vertex -1.699275e+01  1.286139e+00  1.510000e+00
     vertex -1.905846e+01  1.163137e+00  1.510000e+00
     vertex -1.694180e+01  1.163137e+00  1.510000e+00
   endloop
 endfacet
 facet normal  0.000000e+00  0.000000e+00  1.000000e+00
   outer loop
     vertex -1.699275e+01  1.286139e+00  1.510000e+00
     vertex -1.900751e+01  1.286139e+00  1.510000e+00
     vertex -1.905846e+01  1.163137e+00  1.510000e+00
   endloop
 endfacet
 facet normal  0.000000e+00  0.000000e+00  1.000000e+00
   outer loop
     vertex -1.950013e+01  3.908137e+00  1.510000e+00
     vertex -1.963213e+01  3.925515e+00  1.510000e+00
     vertex -1.963213e+01  1.910759e+00  1.510000e+00
   endloop
 endfacet
 facet normal  0.000000e+00  0.000000e+00  1.000000e+00
   outer loop
     vertex -1.950013e+01  3.908137e+00  1.510000e+00
     vertex -1.963213e+01  1.910759e+00  1.510000e+00
     vertex -1.950013e+01  1.928137e+00  1.510000e+00
   endloop
 endfacet
 facet normal  0.000000e+00  0.000000e+00  1.000000e+00
   outer loop
     vertex -1.701013e+01  1.418137e+00  1.510000e+00
     vertex -1.899013e+01  1.418137e+00  1.510000e+00
     vertex -1.900751e+01  1.286139e+00  1.510000e+00
   endloop
 endfacet
 facet normal  0.000000e+00  0.000000e+00  1.000000e+00
   outer loop
     vertex -1.701013e+01  1.418137e+00  1.510000e+00
     vertex -1.900751e+01  1.286139e+00  1.510000e+00
     vertex -1.699275e+01  1.286139e+00  1.510000e+00
   endloop
 endfacet
 facet normal  0.000000e+00  0.000000e+00  1.000000e+00
   outer loop
     vertex -1.650013e+01  9.081370e-01  1.510000e+00
     vertex -1.663213e+01  9.255148e-01  1.510000e+00
     vertex -1.622777e+01 -5.757085e+00  1.510000e+00
   endloop
 endfacet
 facet normal  0.000000e+00  0.000000e+00  1.000000e+00
   outer loop
     vertex -1.650013e+01  9.081370e-01  1.510000e+00
     vertex -1.622777e+01 -5.757085e+00  1.510000e+00
     vertex -1.615013e+01 -5.746863e+00  1.510000e+00
   endloop
 endfacet
 facet normal  0.000000e+00  0.000000e+00  1.000000e+00
   outer loop
     vertex -1.636813e+01  9.255148e-01  1.510000e+00
     vertex -1.607248e+01 -5.757085e+00  1.510000e+00
     vertex -1.432777e+01 -5.757085e+00  1.510000e+00
   endloop
 endfacet
 facet normal  0.000000e+00  0.000000e+00  1.000000e+00
   outer loop
     vertex -1.636813e+01  9.255148e-01  1.510000e+00
     vertex -1.615013e+01 -5.746863e+00  1.510000e+00
     vertex -1.607248e+01 -5.757085e+00  1.510000e+00
   endloop
 endfacet
 facet normal  0.000000e+00  0.000000e+00  1.000000e+00
   outer loop
     vertex -1.636813e+01  9.255148e-01  1.510000e+00
     vertex -1.650013e+01  9.081370e-01  1.510000e+00
     vertex -1.615013e+01 -5.746863e+00  1.510000e+00
   endloop
 endfacet
 facet normal  0.000000e+00  0.000000e+00  1.000000e+00
   outer loop
     vertex -1.936813e+01  3.925515e+00  1.510000e+00
     vertex -1.950013e+01  1.928137e+00  1.510000e+00
     vertex -1.936813e+01  1.910759e+00  1.510000e+00
   endloop
 endfacet
 facet normal  0.000000e+00  0.000000e+00  1.000000e+00
   outer loop
     vertex -1.936813e+01  3.925515e+00  1.510000e+00
     vertex -1.936813e+01  1.910759e+00  1.510000e+00
     vertex -1.924513e+01  1.859810e+00  1.510000e+00
   endloop
 endfacet
 facet normal  0.000000e+00  0.000000e+00  1.000000e+00
   outer loop
     vertex -1.936813e+01  3.925515e+00  1.510000e+00
     vertex -1.950013e+01  3.908137e+00  1.510000e+00
     vertex -1.950013e+01  1.928137e+00  1.510000e+00
   endloop
 endfacet
 facet normal  0.000000e+00  0.000000e+00  1.000000e+00
   outer loop
     vertex -1.699275e+01  1.550135e+00  1.510000e+00
     vertex -1.900751e+01  1.550135e+00  1.510000e+00
     vertex -1.899013e+01  1.418137e+00  1.510000e+00
   endloop
 endfacet
 facet normal  0.000000e+00  0.000000e+00  1.000000e+00
   outer loop
     vertex -1.699275e+01  1.550135e+00  1.510000e+00
     vertex -1.899013e+01  1.418137e+00  1.510000e+00
     vertex -1.701013e+01  1.418137e+00  1.510000e+00
   endloop
 endfacet
 facet normal  0.000000e+00  0.000000e+00  1.000000e+00
   outer loop
     vertex -1.924513e+01  3.976464e+00  1.510000e+00
     vertex -1.936813e+01  3.925515e+00  1.510000e+00
     vertex -1.924513e+01  1.859810e+00  1.510000e+00
   endloop
 endfacet
 facet normal  0.000000e+00  0.000000e+00  1.000000e+00
   outer loop
     vertex -1.624513e+01  9.764640e-01  1.510000e+00
     vertex -1.636813e+01  9.255148e-01  1.510000e+00
     vertex -1.432777e+01 -5.757085e+00  1.510000e+00
   endloop
 endfacet
 facet normal  0.000000e+00  0.000000e+00  1.000000e+00
   outer loop
     vertex -1.624513e+01  9.764640e-01  1.510000e+00
     vertex -1.432777e+01 -5.757085e+00  1.510000e+00
     vertex -1.425013e+01 -5.746863e+00  1.510000e+00
   endloop
 endfacet
 facet normal  0.000000e+00  0.000000e+00  1.000000e+00
   outer loop
     vertex -1.694180e+01  1.673137e+00  1.510000e+00
     vertex -1.900751e+01  1.550135e+00  1.510000e+00
     vertex -1.699275e+01  1.550135e+00  1.510000e+00
   endloop
 endfacet
 facet normal  0.000000e+00  0.000000e+00  1.000000e+00
   outer loop
     vertex -1.694180e+01  1.673137e+00  1.510000e+00
     vertex -1.905846e+01  1.673137e+00  1.510000e+00
     vertex -1.900751e+01  1.550135e+00  1.510000e+00
   endloop
 endfacet
 facet normal  0.000000e+00  0.000000e+00  1.000000e+00
   outer loop
     vertex -1.686075e+01  1.778761e+00  1.510000e+00
     vertex -1.913950e+01  1.778761e+00  1.510000e+00
     vertex -1.905846e+01  1.673137e+00  1.510000e+00
   endloop
 endfacet
 facet normal  0.000000e+00  0.000000e+00  1.000000e+00
   outer loop
     vertex -1.686075e+01  1.778761e+00  1.510000e+00
     vertex -1.905846e+01  1.673137e+00  1.510000e+00
     vertex -1.694180e+01  1.673137e+00  1.510000e+00
   endloop
 endfacet
 facet normal  0.000000e+00  0.000000e+00  1.000000e+00
   outer loop
     vertex -1.913950e+01  4.057513e+00  1.510000e+00
     vertex -1.924513e+01  3.976464e+00  1.510000e+00
     vertex -1.924513e+01  1.859810e+00  1.510000e+00
   endloop
 endfacet
 facet normal  0.000000e+00  0.000000e+00  1.000000e+00
   outer loop
     vertex -1.913950e+01  4.057513e+00  1.510000e+00
     vertex -1.924513e+01  1.859810e+00  1.510000e+00
     vertex -1.913950e+01  1.778761e+00  1.510000e+00
   endloop
 endfacet
 facet normal  0.000000e+00  0.000000e+00  1.000000e+00
   outer loop
     vertex -1.613950e+01  1.057513e+00  1.510000e+00
     vertex -1.624513e+01  9.764640e-01  1.510000e+00
     vertex -1.425013e+01 -5.746863e+00  1.510000e+00
   endloop
 endfacet
 facet normal  0.000000e+00  0.000000e+00  1.000000e+00
   outer loop
     vertex -1.613950e+01  1.057513e+00  1.510000e+00
     vertex -1.307777e+01 -5.757085e+00  1.510000e+00
     vertex -1.300013e+01 -5.746863e+00  1.510000e+00
   endloop
 endfacet
 facet normal  0.000000e+00  0.000000e+00  1.000000e+00
   outer loop
     vertex -1.613950e+01  1.057513e+00  1.510000e+00
     vertex -1.417248e+01 -5.757085e+00  1.510000e+00
     vertex -1.307777e+01 -5.757085e+00  1.510000e+00
   endloop
 endfacet
 facet normal  0.000000e+00  0.000000e+00  1.000000e+00
   outer loop
     vertex -1.613950e+01  1.057513e+00  1.510000e+00
     vertex -1.425013e+01 -5.746863e+00  1.510000e+00
     vertex -1.417248e+01 -5.757085e+00  1.510000e+00
   endloop
 endfacet
 facet normal  0.000000e+00  0.000000e+00  1.000000e+00
   outer loop
     vertex -1.605846e+01  1.163137e+00  1.510000e+00
     vertex -1.300013e+01 -5.746863e+00  1.510000e+00
     vertex -1.292248e+01 -5.757085e+00  1.510000e+00
   endloop
 endfacet
 facet normal  0.000000e+00  0.000000e+00  1.000000e+00
   outer loop
     vertex -1.605846e+01  1.163137e+00  1.510000e+00
     vertex -1.613950e+01  1.057513e+00  1.510000e+00
     vertex -1.300013e+01 -5.746863e+00  1.510000e+00
   endloop
 endfacet
 facet normal  0.000000e+00  0.000000e+00  1.000000e+00
   outer loop
     vertex -2.599987e+01  1.149686e+01  1.510000e+00
     vertex -1.999275e+01  4.286139e+00  1.510000e+00
     vertex -2.001013e+01  4.418137e+00  1.510000e+00
   endloop
 endfacet
 facet normal  0.000000e+00  0.000000e+00  1.000000e+00
   outer loop
     vertex -2.599987e+01  1.149686e+01  1.510000e+00
     vertex -2.001013e+01  4.418137e+00  1.510000e+00
     vertex -1.999275e+01  4.550135e+00  1.510000e+00
   endloop
 endfacet
 facet normal  0.000000e+00  0.000000e+00  1.000000e+00
   outer loop
     vertex -2.599987e+01  1.149686e+01  1.510000e+00
     vertex -1.999275e+01  4.550135e+00  1.510000e+00
     vertex -1.994180e+01  4.673137e+00  1.510000e+00
   endloop
 endfacet
 facet normal  0.000000e+00  0.000000e+00  1.000000e+00
   outer loop
     vertex -2.599987e+01  1.149686e+01  1.510000e+00
     vertex -2.338577e+01 -8.696863e+00  1.510000e+00
     vertex -2.313150e+01 -8.365492e+00  1.510000e+00
   endloop
 endfacet
 facet normal  0.000000e+00  0.000000e+00  1.000000e+00
   outer loop
     vertex -2.599987e+01  1.149686e+01  1.510000e+00
     vertex -2.599987e+01 -1.150288e+01  1.510000e+00
     vertex -2.338577e+01 -8.696863e+00  1.510000e+00
   endloop
 endfacet
 facet normal  0.000000e+00  0.000000e+00  1.000000e+00
   outer loop
     vertex -2.599987e+01  1.149686e+01  1.510000e+00
     vertex -2.001013e+01  1.418137e+00  1.510000e+00
     vertex -1.999275e+01  1.550135e+00  1.510000e+00
   endloop
 endfacet
 facet normal  0.000000e+00  0.000000e+00  1.000000e+00
   outer loop
     vertex -2.599987e+01  1.149686e+01  1.510000e+00
     vertex -1.999275e+01  1.550135e+00  1.510000e+00
     vertex -1.999275e+01  4.286139e+00  1.510000e+00
   endloop
 endfacet
 facet normal  0.000000e+00  0.000000e+00  1.000000e+00
   outer loop
     vertex -2.599987e+01  1.149686e+01  1.510000e+00
     vertex -2.313150e+01 -8.365492e+00  1.510000e+00
     vertex -2.001013e+01  1.418137e+00  1.510000e+00
   endloop
 endfacet
 facet normal  0.000000e+00  0.000000e+00  1.000000e+00
   outer loop
     vertex -1.686075e+01  4.057513e+00  1.510000e+00
     vertex -1.913950e+01  1.778761e+00  1.510000e+00
     vertex -1.686075e+01  1.778761e+00  1.510000e+00
   endloop
 endfacet
 facet normal  0.000000e+00  0.000000e+00  1.000000e+00
   outer loop
     vertex -1.686075e+01  4.057513e+00  1.510000e+00
     vertex -1.913950e+01  4.057513e+00  1.510000e+00
     vertex -1.913950e+01  1.778761e+00  1.510000e+00
   endloop
 endfacet
 facet normal  0.000000e+00  0.000000e+00  1.000000e+00
   outer loop
     vertex -1.686075e+01  4.057513e+00  1.510000e+00
     vertex -1.905846e+01  4.163137e+00  1.510000e+00
     vertex -1.913950e+01  4.057513e+00  1.510000e+00
   endloop
 endfacet
 facet normal  0.000000e+00  0.000000e+00  1.000000e+00
   outer loop
     vertex -1.675513e+01  3.976464e+00  1.510000e+00
     vertex -1.686075e+01  4.057513e+00  1.510000e+00
     vertex -1.686075e+01  1.778761e+00  1.510000e+00
   endloop
 endfacet
 facet normal  0.000000e+00  0.000000e+00  1.000000e+00
   outer loop
     vertex -1.675513e+01  3.976464e+00  1.510000e+00
     vertex -1.686075e+01  1.778761e+00  1.510000e+00
     vertex -1.675513e+01  1.859810e+00  1.510000e+00
   endloop
 endfacet
 facet normal  0.000000e+00  0.000000e+00  1.000000e+00
   outer loop
     vertex -1.675513e+01  3.976464e+00  1.510000e+00
     vertex -1.675513e+01  1.859810e+00  1.510000e+00
     vertex -1.663213e+01  1.910759e+00  1.510000e+00
   endloop
 endfacet
 facet normal  0.000000e+00  0.000000e+00  1.000000e+00
   outer loop
     vertex -1.694180e+01  4.163137e+00  1.510000e+00
     vertex -1.905846e+01  4.163137e+00  1.510000e+00
     vertex -1.686075e+01  4.057513e+00  1.510000e+00
   endloop
 endfacet
 facet normal  0.000000e+00  0.000000e+00  1.000000e+00
   outer loop
     vertex -1.699275e+01  4.286139e+00  1.510000e+00
     vertex -1.905846e+01  4.163137e+00  1.510000e+00
     vertex -1.694180e+01  4.163137e+00  1.510000e+00
   endloop
 endfacet
 facet normal  0.000000e+00  0.000000e+00  1.000000e+00
   outer loop
     vertex -1.699275e+01  4.286139e+00  1.510000e+00
     vertex -1.900751e+01  4.286139e+00  1.510000e+00
     vertex -1.905846e+01  4.163137e+00  1.510000e+00
   endloop
 endfacet
 facet normal  0.000000e+00  0.000000e+00  1.000000e+00
   outer loop
     vertex -1.663213e+01  3.925515e+00  1.510000e+00
     vertex -1.675513e+01  3.976464e+00  1.510000e+00
     vertex -1.663213e+01  1.910759e+00  1.510000e+00
   endloop
 endfacet
 facet normal  0.000000e+00  0.000000e+00  1.000000e+00
   outer loop
     vertex -1.650013e+01  3.908137e+00  1.510000e+00
     vertex -1.663213e+01  1.910759e+00  1.510000e+00
     vertex -1.650013e+01  1.928137e+00  1.510000e+00
   endloop
 endfacet
 facet normal  0.000000e+00  0.000000e+00  1.000000e+00
   outer loop
     vertex -1.650013e+01  3.908137e+00  1.510000e+00
     vertex -1.650013e+01  1.928137e+00  1.510000e+00
     vertex -1.636813e+01  1.910759e+00  1.510000e+00
   endloop
 endfacet
 facet normal  0.000000e+00  0.000000e+00  1.000000e+00
   outer loop
     vertex -1.650013e+01  3.908137e+00  1.510000e+00
     vertex -1.663213e+01  3.925515e+00  1.510000e+00
     vertex -1.663213e+01  1.910759e+00  1.510000e+00
   endloop
 endfacet
 facet normal  0.000000e+00  0.000000e+00  1.000000e+00
   outer loop
     vertex -1.701013e+01  4.418137e+00  1.510000e+00
     vertex -1.899013e+01  4.418137e+00  1.510000e+00
     vertex -1.900751e+01  4.286139e+00  1.510000e+00
   endloop
 endfacet
 facet normal  0.000000e+00  0.000000e+00  1.000000e+00
   outer loop
     vertex -1.701013e+01  4.418137e+00  1.510000e+00
     vertex -1.900751e+01  4.286139e+00  1.510000e+00
     vertex -1.699275e+01  4.286139e+00  1.510000e+00
   endloop
 endfacet
 facet normal  0.000000e+00  0.000000e+00  1.000000e+00
   outer loop
     vertex -2.541400e+01  1.291124e+01  1.510000e+00
     vertex -2.593171e+01  1.201456e+01  1.510000e+00
     vertex -2.599987e+01  1.149686e+01  1.510000e+00
   endloop
 endfacet
 facet normal  0.000000e+00  0.000000e+00  1.000000e+00
   outer loop
     vertex -2.541400e+01  1.291124e+01  1.510000e+00
     vertex -2.573188e+01  1.249698e+01  1.510000e+00
     vertex -2.593171e+01  1.201456e+01  1.510000e+00
   endloop
 endfacet
 facet normal  0.000000e+00  0.000000e+00  1.000000e+00
   outer loop
     vertex -1.699275e+01  4.550135e+00  1.510000e+00
     vertex -1.905846e+01  4.673137e+00  1.510000e+00
     vertex -1.900751e+01  4.550135e+00  1.510000e+00
   endloop
 endfacet
 facet normal  0.000000e+00  0.000000e+00  1.000000e+00
   outer loop
     vertex -1.699275e+01  4.550135e+00  1.510000e+00
     vertex -1.900751e+01  4.550135e+00  1.510000e+00
     vertex -1.899013e+01  4.418137e+00  1.510000e+00
   endloop
 endfacet
 facet normal  0.000000e+00  0.000000e+00  1.000000e+00
   outer loop
     vertex -1.699275e+01  4.550135e+00  1.510000e+00
     vertex -1.899013e+01  4.418137e+00  1.510000e+00
     vertex -1.701013e+01  4.418137e+00  1.510000e+00
   endloop
 endfacet
 facet normal  0.000000e+00  0.000000e+00  1.000000e+00
   outer loop
     vertex -1.636813e+01  3.925515e+00  1.510000e+00
     vertex -1.650013e+01  3.908137e+00  1.510000e+00
     vertex -1.636813e+01  1.910759e+00  1.510000e+00
   endloop
 endfacet
 facet normal  0.000000e+00  0.000000e+00  1.000000e+00
   outer loop
     vertex -1.694180e+01  4.673137e+00  1.510000e+00
     vertex -1.905846e+01  4.673137e+00  1.510000e+00
     vertex -1.699275e+01  4.550135e+00  1.510000e+00
   endloop
 endfacet
 facet normal  0.000000e+00  0.000000e+00  1.000000e+00
   outer loop
     vertex -1.624513e+01  3.976464e+00  1.510000e+00
     vertex -1.636813e+01  1.910759e+00  1.510000e+00
     vertex -1.624513e+01  1.859810e+00  1.510000e+00
   endloop
 endfacet
 facet normal  0.000000e+00  0.000000e+00  1.000000e+00
   outer loop
     vertex -1.624513e+01  3.976464e+00  1.510000e+00
     vertex -1.624513e+01  1.859810e+00  1.510000e+00
     vertex -1.613950e+01  1.778761e+00  1.510000e+00
   endloop
 endfacet
 facet normal  0.000000e+00  0.000000e+00  1.000000e+00
   outer loop
     vertex -1.624513e+01  3.976464e+00  1.510000e+00
     vertex -1.636813e+01  3.925515e+00  1.510000e+00
     vertex -1.636813e+01  1.910759e+00  1.510000e+00
   endloop
 endfacet
 facet normal  0.000000e+00  0.000000e+00  1.000000e+00
   outer loop
     vertex -1.686075e+01  4.778761e+00  1.510000e+00
     vertex -1.913950e+01  4.778761e+00  1.510000e+00
     vertex -1.905846e+01  4.673137e+00  1.510000e+00
   endloop
 endfacet
 facet normal  0.000000e+00  0.000000e+00  1.000000e+00
   outer loop
     vertex -1.686075e+01  4.778761e+00  1.510000e+00
     vertex -1.905846e+01  4.673137e+00  1.510000e+00
     vertex -1.694180e+01  4.673137e+00  1.510000e+00
   endloop
 endfacet
 facet normal  0.000000e+00  0.000000e+00  1.000000e+00
   outer loop
     vertex -1.613950e+01  4.057513e+00  1.510000e+00
     vertex -1.624513e+01  3.976464e+00  1.510000e+00
     vertex -1.613950e+01  1.778761e+00  1.510000e+00
   endloop
 endfacet
 facet normal  0.000000e+00  0.000000e+00  1.000000e+00
   outer loop
     vertex -1.605846e+01  4.163137e+00  1.510000e+00
     vertex -1.613950e+01  1.778761e+00  1.510000e+00
     vertex -1.605846e+01  1.673137e+00  1.510000e+00
   endloop
 endfacet
 facet normal  0.000000e+00  0.000000e+00  1.000000e+00
   outer loop
     vertex -1.605846e+01  4.163137e+00  1.510000e+00
     vertex -1.605846e+01  1.673137e+00  1.510000e+00
     vertex -1.600751e+01  1.550135e+00  1.510000e+00
   endloop
 endfacet
 facet normal  0.000000e+00  0.000000e+00  1.000000e+00
   outer loop
     vertex -1.605846e+01  4.163137e+00  1.510000e+00
     vertex -1.613950e+01  4.057513e+00  1.510000e+00
     vertex -1.613950e+01  1.778761e+00  1.510000e+00
   endloop
 endfacet
 facet normal  0.000000e+00  0.000000e+00  1.000000e+00
   outer loop
     vertex -2.499973e+01  1.322912e+01  1.510000e+00
     vertex -2.541400e+01  1.291124e+01  1.510000e+00
     vertex -2.599987e+01  1.149686e+01  1.510000e+00
   endloop
 endfacet
 facet normal  0.000000e+00  0.000000e+00  1.000000e+00
   outer loop
     vertex -1.600751e+01  4.286139e+00  1.510000e+00
     vertex -1.605846e+01  4.163137e+00  1.510000e+00
     vertex -1.600751e+01  1.550135e+00  1.510000e+00
   endloop
 endfacet
 facet normal  0.000000e+00  0.000000e+00  1.000000e+00
   outer loop
     vertex -1.906079e+01  7.677477e+00  1.510000e+00
     vertex -1.975513e+01  4.859810e+00  1.510000e+00
     vertex -1.963213e+01  4.910759e+00  1.510000e+00
   endloop
 endfacet
 facet normal  0.000000e+00  0.000000e+00  1.000000e+00
   outer loop
     vertex -1.929917e+01  7.988137e+00  1.510000e+00
     vertex -1.986075e+01  4.778761e+00  1.510000e+00
     vertex -1.975513e+01  4.859810e+00  1.510000e+00
   endloop
 endfacet
 facet normal  0.000000e+00  0.000000e+00  1.000000e+00
   outer loop
     vertex -1.929917e+01  7.988137e+00  1.510000e+00
     vertex -1.975513e+01  4.859810e+00  1.510000e+00
     vertex -1.906079e+01  7.677477e+00  1.510000e+00
   endloop
 endfacet
 facet normal  0.000000e+00  0.000000e+00  1.000000e+00
   outer loop
     vertex -1.875013e+01  7.439099e+00  1.510000e+00
     vertex -1.963213e+01  4.910759e+00  1.510000e+00
     vertex -1.950013e+01  4.928137e+00  1.510000e+00
   endloop
 endfacet
 facet normal  0.000000e+00  0.000000e+00  1.000000e+00
   outer loop
     vertex -1.875013e+01  7.439099e+00  1.510000e+00
     vertex -1.950013e+01  4.928137e+00  1.510000e+00
     vertex -1.936813e+01  4.910759e+00  1.510000e+00
   endloop
 endfacet
 facet normal  0.000000e+00  0.000000e+00  1.000000e+00
   outer loop
     vertex -1.875013e+01  7.439099e+00  1.510000e+00
     vertex -1.906079e+01  7.677477e+00  1.510000e+00
     vertex -1.963213e+01  4.910759e+00  1.510000e+00
   endloop
 endfacet
 facet normal  0.000000e+00  0.000000e+00  1.000000e+00
   outer loop
     vertex -1.838836e+01  7.289248e+00  1.510000e+00
     vertex -1.936813e+01  4.910759e+00  1.510000e+00
     vertex -1.924513e+01  4.859810e+00  1.510000e+00
   endloop
 endfacet
 facet normal  0.000000e+00  0.000000e+00  1.000000e+00
   outer loop
     vertex -1.838836e+01  7.289248e+00  1.510000e+00
     vertex -1.875013e+01  7.439099e+00  1.510000e+00
     vertex -1.936813e+01  4.910759e+00  1.510000e+00
   endloop
 endfacet
 facet normal  0.000000e+00  0.000000e+00  1.000000e+00
   outer loop
     vertex -1.944902e+01  8.349908e+00  1.510000e+00
     vertex -1.986075e+01  4.778761e+00  1.510000e+00
     vertex -1.929917e+01  7.988137e+00  1.510000e+00
   endloop
 endfacet
 facet normal  0.000000e+00  0.000000e+00  1.000000e+00
   outer loop
     vertex -1.944902e+01  8.349908e+00  1.510000e+00
     vertex -1.994180e+01  4.673137e+00  1.510000e+00
     vertex -1.986075e+01  4.778761e+00  1.510000e+00
   endloop
 endfacet
 facet normal  0.000000e+00  0.000000e+00  1.000000e+00
   outer loop
     vertex -1.944902e+01  8.349908e+00  1.510000e+00
     vertex -2.599987e+01  1.149686e+01  1.510000e+00
     vertex -1.994180e+01  4.673137e+00  1.510000e+00
   endloop
 endfacet
 facet normal  0.000000e+00  0.000000e+00  1.000000e+00
   outer loop
     vertex -1.950013e+01  8.738137e+00  1.510000e+00
     vertex -2.599987e+01  1.149686e+01  1.510000e+00
     vertex -1.944902e+01  8.349908e+00  1.510000e+00
   endloop
 endfacet
 facet normal  0.000000e+00  0.000000e+00  1.000000e+00
   outer loop
     vertex -1.800013e+01  7.238137e+00  1.510000e+00
     vertex -1.924513e+01  4.859810e+00  1.510000e+00
     vertex -1.913950e+01  4.778761e+00  1.510000e+00
   endloop
 endfacet
 facet normal  0.000000e+00  0.000000e+00  1.000000e+00
   outer loop
     vertex -1.800013e+01  7.238137e+00  1.510000e+00
     vertex -1.686075e+01  4.778761e+00  1.510000e+00
     vertex -1.675513e+01  4.859810e+00  1.510000e+00
   endloop
 endfacet
 facet normal  0.000000e+00  0.000000e+00  1.000000e+00
   outer loop
     vertex -1.800013e+01  7.238137e+00  1.510000e+00
     vertex -1.838836e+01  7.289248e+00  1.510000e+00
     vertex -1.924513e+01  4.859810e+00  1.510000e+00
   endloop
 endfacet
 facet normal  0.000000e+00  0.000000e+00  1.000000e+00
   outer loop
     vertex -1.800013e+01  7.238137e+00  1.510000e+00
     vertex -1.913950e+01  4.778761e+00  1.510000e+00
     vertex -1.686075e+01  4.778761e+00  1.510000e+00
   endloop
 endfacet
 facet normal  0.000000e+00  0.000000e+00  1.000000e+00
   outer loop
     vertex -2.399962e+01  1.349712e+01  1.510000e+00
     vertex -2.451732e+01  1.342895e+01  1.510000e+00
     vertex -2.499973e+01  1.322912e+01  1.510000e+00
   endloop
 endfacet
 facet normal  0.000000e+00  0.000000e+00  1.000000e+00
   outer loop
     vertex -2.399962e+01  1.349712e+01  1.510000e+00
     vertex -2.499973e+01  1.322912e+01  1.510000e+00
     vertex -2.599987e+01  1.149686e+01  1.510000e+00
   endloop
 endfacet
 facet normal  0.000000e+00  0.000000e+00  1.000000e+00
   outer loop
     vertex -1.944902e+01  9.126366e+00  1.510000e+00
     vertex -2.599987e+01  1.149686e+01  1.510000e+00
     vertex -1.950013e+01  8.738137e+00  1.510000e+00
   endloop
 endfacet
 facet normal  0.000000e+00  0.000000e+00  1.000000e+00
   outer loop
     vertex -1.944902e+01  9.126366e+00  1.510000e+00
     vertex -2.399962e+01  1.349712e+01  1.510000e+00
     vertex -2.599987e+01  1.149686e+01  1.510000e+00
   endloop
 endfacet
 facet normal  0.000000e+00  0.000000e+00  1.000000e+00
   outer loop
     vertex -1.761190e+01  7.289248e+00  1.510000e+00
     vertex -1.675513e+01  4.859810e+00  1.510000e+00
     vertex -1.663213e+01  4.910759e+00  1.510000e+00
   endloop
 endfacet
 facet normal  0.000000e+00  0.000000e+00  1.000000e+00
   outer loop
     vertex -1.761190e+01  7.289248e+00  1.510000e+00
     vertex -1.800013e+01  7.238137e+00  1.510000e+00
     vertex -1.675513e+01  4.859810e+00  1.510000e+00
   endloop
 endfacet
 facet normal  0.000000e+00  0.000000e+00  1.000000e+00
   outer loop
     vertex -1.929917e+01  9.488137e+00  1.510000e+00
     vertex -2.399962e+01  1.349712e+01  1.510000e+00
     vertex -1.944902e+01  9.126366e+00  1.510000e+00
   endloop
 endfacet
 facet normal  0.000000e+00  0.000000e+00  1.000000e+00
   outer loop
     vertex -1.725013e+01  7.439099e+00  1.510000e+00
     vertex -1.663213e+01  4.910759e+00  1.510000e+00
     vertex -1.650013e+01  4.928137e+00  1.510000e+00
   endloop
 endfacet
 facet normal  0.000000e+00  0.000000e+00  1.000000e+00
   outer loop
     vertex -1.725013e+01  7.439099e+00  1.510000e+00
     vertex -1.650013e+01  4.928137e+00  1.510000e+00
     vertex -1.636813e+01  4.910759e+00  1.510000e+00
   endloop
 endfacet
 facet normal  0.000000e+00  0.000000e+00  1.000000e+00
   outer loop
     vertex -1.725013e+01  7.439099e+00  1.510000e+00
     vertex -1.761190e+01  7.289248e+00  1.510000e+00
     vertex -1.663213e+01  4.910759e+00  1.510000e+00
   endloop
 endfacet
 facet normal  0.000000e+00  0.000000e+00  1.000000e+00
   outer loop
     vertex -1.906079e+01  9.798797e+00  1.510000e+00
     vertex -2.399962e+01  1.349712e+01  1.510000e+00
     vertex -1.929917e+01  9.488137e+00  1.510000e+00
   endloop
 endfacet
 facet normal  0.000000e+00  0.000000e+00  1.000000e+00
   outer loop
     vertex -1.693947e+01  7.677477e+00  1.510000e+00
     vertex -1.725013e+01  7.439099e+00  1.510000e+00
     vertex -1.636813e+01  4.910759e+00  1.510000e+00
   endloop
 endfacet
 facet normal  0.000000e+00  0.000000e+00  1.000000e+00
   outer loop
     vertex -1.693947e+01  7.677477e+00  1.510000e+00
     vertex -1.636813e+01  4.910759e+00  1.510000e+00
     vertex -1.624513e+01  4.859810e+00  1.510000e+00
   endloop
 endfacet
 facet normal  0.000000e+00  0.000000e+00  1.000000e+00
   outer loop
     vertex -1.875013e+01  1.003718e+01  1.510000e+00
     vertex -2.399962e+01  1.349712e+01  1.510000e+00
     vertex -1.906079e+01  9.798797e+00  1.510000e+00
   endloop
 endfacet
 facet normal  0.000000e+00  0.000000e+00  1.000000e+00
   outer loop
     vertex -1.670109e+01  7.988137e+00  1.510000e+00
     vertex -1.693947e+01  7.677477e+00  1.510000e+00
     vertex -1.624513e+01  4.859810e+00  1.510000e+00
   endloop
 endfacet
 facet normal  0.000000e+00  0.000000e+00  1.000000e+00
   outer loop
     vertex -1.670109e+01  7.988137e+00  1.510000e+00
     vertex -1.624513e+01  4.859810e+00  1.510000e+00
     vertex -1.613950e+01  4.778761e+00  1.510000e+00
   endloop
 endfacet
 facet normal  0.000000e+00  0.000000e+00  1.000000e+00
   outer loop
     vertex -1.374681e+00 -7.145800e+00  1.510000e+00
     vertex -1.024032e+01 -7.096863e+00  1.510000e+00
     vertex -1.028800e+01 -7.158995e+00  1.510000e+00
   endloop
 endfacet
 facet normal  0.000000e+00  0.000000e+00  1.000000e+00
   outer loop
     vertex -1.320547e+00 -7.193758e+00  1.510000e+00
     vertex -1.028800e+01 -7.158995e+00  1.510000e+00
     vertex -1.035013e+01 -7.206671e+00  1.510000e+00
   endloop
 endfacet
 facet normal  0.000000e+00  0.000000e+00  1.000000e+00
   outer loop
     vertex -1.320547e+00 -7.193758e+00  1.510000e+00
     vertex -1.374681e+00 -7.145800e+00  1.510000e+00
     vertex -1.028800e+01 -7.158995e+00  1.510000e+00
   endloop
 endfacet
 facet normal  0.000000e+00  0.000000e+00  1.000000e+00
   outer loop
     vertex -1.415765e+00 -7.086280e+00  1.510000e+00
     vertex -1.024032e+01 -7.096863e+00  1.510000e+00
     vertex -1.374681e+00 -7.145800e+00  1.510000e+00
   endloop
 endfacet
 facet normal  0.000000e+00  0.000000e+00  1.000000e+00
   outer loop
     vertex -1.415765e+00 -7.086280e+00  1.510000e+00
     vertex -1.021035e+01 -7.024509e+00  1.510000e+00
     vertex -1.024032e+01 -7.096863e+00  1.510000e+00
   endloop
 endfacet
 facet normal  0.000000e+00  0.000000e+00  1.000000e+00
   outer loop
     vertex -1.256509e+00 -7.227368e+00  1.510000e+00
     vertex -1.035013e+01 -7.206671e+00  1.510000e+00
     vertex -1.042248e+01 -7.236641e+00  1.510000e+00
   endloop
 endfacet
 facet normal  0.000000e+00  0.000000e+00  1.000000e+00
   outer loop
     vertex -1.256509e+00 -7.227368e+00  1.510000e+00
     vertex -1.320547e+00 -7.193758e+00  1.510000e+00
     vertex -1.035013e+01 -7.206671e+00  1.510000e+00
   endloop
 endfacet
 facet normal  0.000000e+00  0.000000e+00  1.000000e+00
   outer loop
     vertex -1.441411e+00 -7.018658e+00  1.510000e+00
     vertex -1.020013e+01 -6.946863e+00  1.510000e+00
     vertex -1.021035e+01 -7.024509e+00  1.510000e+00
   endloop
 endfacet
 facet normal  0.000000e+00  0.000000e+00  1.000000e+00
   outer loop
     vertex -1.441411e+00 -7.018658e+00  1.510000e+00
     vertex -1.021035e+01 -7.024509e+00  1.510000e+00
     vertex -1.415765e+00 -7.086280e+00  1.510000e+00
   endloop
 endfacet
 facet normal  0.000000e+00  0.000000e+00  1.000000e+00
   outer loop
     vertex -1.186289e+00 -7.244676e+00  1.510000e+00
     vertex -1.042248e+01 -7.236641e+00  1.510000e+00
     vertex -2.399962e+01 -1.350314e+01  1.510000e+00
   endloop
 endfacet
 facet normal  0.000000e+00  0.000000e+00  1.000000e+00
   outer loop
     vertex -1.186289e+00 -7.244676e+00  1.510000e+00
     vertex -1.256509e+00 -7.227368e+00  1.510000e+00
     vertex -1.042248e+01 -7.236641e+00  1.510000e+00
   endloop
 endfacet
 facet normal  0.000000e+00  0.000000e+00  1.000000e+00
   outer loop
     vertex -1.450128e+00 -6.946863e+00  1.510000e+00
     vertex -1.020013e+01 -6.946863e+00  1.510000e+00
     vertex -1.441411e+00 -7.018658e+00  1.510000e+00
   endloop
 endfacet
 facet normal  0.000000e+00  0.000000e+00  1.000000e+00
   outer loop
     vertex -1.113967e+00 -7.244676e+00  1.510000e+00
     vertex -1.186289e+00 -7.244676e+00  1.510000e+00
     vertex -2.399962e+01 -1.350314e+01  1.510000e+00
   endloop
 endfacet
 facet normal  0.000000e+00  0.000000e+00  1.000000e+00
   outer loop
     vertex -1.655124e+01  8.349908e+00  1.510000e+00
     vertex -1.670109e+01  7.988137e+00  1.510000e+00
     vertex -1.613950e+01  4.778761e+00  1.510000e+00
   endloop
 endfacet
 facet normal  0.000000e+00  0.000000e+00  1.000000e+00
   outer loop
     vertex -1.655124e+01  8.349908e+00  1.510000e+00
     vertex -1.613950e+01  4.778761e+00  1.510000e+00
     vertex -1.605846e+01  4.673137e+00  1.510000e+00
   endloop
 endfacet
 facet normal  0.000000e+00  0.000000e+00  1.000000e+00
   outer loop
     vertex -1.838836e+01  1.018703e+01  1.510000e+00
     vertex -2.399962e+01  1.349712e+01  1.510000e+00
     vertex -1.875013e+01  1.003718e+01  1.510000e+00
   endloop
 endfacet
 facet normal  0.000000e+00  0.000000e+00  1.000000e+00
   outer loop
     vertex -1.800013e+01  1.023814e+01  1.510000e+00
     vertex -2.399962e+01  1.349712e+01  1.510000e+00
     vertex -1.838836e+01  1.018703e+01  1.510000e+00
   endloop
 endfacet
 facet normal  0.000000e+00  0.000000e+00  1.000000e+00
   outer loop
     vertex -1.450128e+00 -6.046863e+00  1.510000e+00
     vertex -1.020013e+01 -6.046863e+00  1.510000e+00
     vertex -1.020013e+01 -6.946863e+00  1.510000e+00
   endloop
 endfacet
 facet normal  0.000000e+00  0.000000e+00  1.000000e+00
   outer loop
     vertex -1.450128e+00 -6.046863e+00  1.510000e+00
     vertex -1.020013e+01 -6.946863e+00  1.510000e+00
     vertex -1.450128e+00 -6.946863e+00  1.510000e+00
   endloop
 endfacet
 facet normal  0.000000e+00  0.000000e+00  1.000000e+00
   outer loop
     vertex -1.761190e+01  1.018703e+01  1.510000e+00
     vertex -2.399962e+01  1.349712e+01  1.510000e+00
     vertex -1.800013e+01  1.023814e+01  1.510000e+00
   endloop
 endfacet
 facet normal  0.000000e+00  0.000000e+00  1.000000e+00
   outer loop
     vertex -1.439906e+00 -5.969217e+00  1.510000e+00
     vertex -1.020013e+01 -6.046863e+00  1.510000e+00
     vertex -1.450128e+00 -6.046863e+00  1.510000e+00
   endloop
 endfacet
 facet normal  0.000000e+00  0.000000e+00  1.000000e+00
   outer loop
     vertex -1.439906e+00 -5.969217e+00  1.510000e+00
     vertex -1.021035e+01 -5.969217e+00  1.510000e+00
     vertex -1.020013e+01 -6.046863e+00  1.510000e+00
   endloop
 endfacet
 facet normal  0.000000e+00  0.000000e+00  1.000000e+00
   outer loop
     vertex -1.409936e+00 -5.896863e+00  1.510000e+00
     vertex -1.024032e+01 -5.896863e+00  1.510000e+00
     vertex -1.021035e+01 -5.969217e+00  1.510000e+00
   endloop
 endfacet
 facet normal  0.000000e+00  0.000000e+00  1.000000e+00
   outer loop
     vertex -1.409936e+00 -5.896863e+00  1.510000e+00
     vertex -1.021035e+01 -5.969217e+00  1.510000e+00
     vertex -1.439906e+00 -5.969217e+00  1.510000e+00
   endloop
 endfacet
 facet normal  0.000000e+00  0.000000e+00  1.000000e+00
   outer loop
     vertex -7.860752e+00  1.057513e+00  1.510000e+00
     vertex -1.057777e+01 -5.757085e+00  1.510000e+00
     vertex -1.050013e+01 -5.746863e+00  1.510000e+00
   endloop
 endfacet
 facet normal  0.000000e+00  0.000000e+00  1.000000e+00
   outer loop
     vertex -7.755128e+00  9.764640e-01  1.510000e+00
     vertex -1.050013e+01 -5.746863e+00  1.510000e+00
     vertex -1.042248e+01 -5.757085e+00  1.510000e+00
   endloop
 endfacet
 facet normal  0.000000e+00  0.000000e+00  1.000000e+00
   outer loop
     vertex -7.755128e+00  9.764640e-01  1.510000e+00
     vertex -7.860752e+00  1.057513e+00  1.510000e+00
     vertex -1.050013e+01 -5.746863e+00  1.510000e+00
   endloop
 endfacet
 facet normal  0.000000e+00  0.000000e+00  1.000000e+00
   outer loop
     vertex -7.941801e+00  1.163137e+00  1.510000e+00
     vertex -1.292248e+01 -5.757085e+00  1.510000e+00
     vertex -1.057777e+01 -5.757085e+00  1.510000e+00
   endloop
 endfacet
 facet normal  0.000000e+00  0.000000e+00  1.000000e+00
   outer loop
     vertex -7.941801e+00  1.163137e+00  1.510000e+00
     vertex -1.057777e+01 -5.757085e+00  1.510000e+00
     vertex -7.860752e+00  1.057513e+00  1.510000e+00
   endloop
 endfacet
 facet normal  0.000000e+00  0.000000e+00  1.000000e+00
   outer loop
     vertex -7.941801e+00  1.163137e+00  1.510000e+00
     vertex -1.605846e+01  1.163137e+00  1.510000e+00
     vertex -1.292248e+01 -5.757085e+00  1.510000e+00
   endloop
 endfacet
 facet normal  0.000000e+00  0.000000e+00  1.000000e+00
   outer loop
     vertex -7.632126e+00  9.255148e-01  1.510000e+00
     vertex -7.755128e+00  9.764640e-01  1.510000e+00
     vertex -1.042248e+01 -5.757085e+00  1.510000e+00
   endloop
 endfacet
 facet normal  0.000000e+00  0.000000e+00  1.000000e+00
   outer loop
     vertex -7.632126e+00  9.255148e-01  1.510000e+00
     vertex -1.042248e+01 -5.757085e+00  1.510000e+00
     vertex -1.035013e+01 -5.787055e+00  1.510000e+00
   endloop
 endfacet
 facet normal  0.000000e+00  0.000000e+00  1.000000e+00
   outer loop
     vertex -7.992750e+00  1.286139e+00  1.510000e+00
     vertex -1.599013e+01  1.418137e+00  1.510000e+00
     vertex -1.600751e+01  1.286139e+00  1.510000e+00
   endloop
 endfacet
 facet normal  0.000000e+00  0.000000e+00  1.000000e+00
   outer loop
     vertex -7.992750e+00  1.286139e+00  1.510000e+00
     vertex -1.600751e+01  1.286139e+00  1.510000e+00
     vertex -1.605846e+01  1.163137e+00  1.510000e+00
   endloop
 endfacet
 facet normal  0.000000e+00  0.000000e+00  1.000000e+00
   outer loop
     vertex -7.992750e+00  1.286139e+00  1.510000e+00
     vertex -1.605846e+01  1.163137e+00  1.510000e+00
     vertex -7.941801e+00  1.163137e+00  1.510000e+00
   endloop
 endfacet
 facet normal  0.000000e+00  0.000000e+00  1.000000e+00
   outer loop
     vertex  5.253188e-01 -7.145800e+00  1.510000e+00
     vertex -8.844912e-01 -7.086280e+00  1.510000e+00
     vertex -9.255748e-01 -7.145800e+00  1.510000e+00
   endloop
 endfacet
 facet normal  0.000000e+00  0.000000e+00  1.000000e+00
   outer loop
     vertex  5.794526e-01 -7.193758e+00  1.510000e+00
     vertex -9.255748e-01 -7.145800e+00  1.510000e+00
     vertex -9.797086e-01 -7.193758e+00  1.510000e+00
   endloop
 endfacet
 facet normal  0.000000e+00  0.000000e+00  1.000000e+00
   outer loop
     vertex  5.794526e-01 -7.193758e+00  1.510000e+00
     vertex  5.253188e-01 -7.145800e+00  1.510000e+00
     vertex -9.255748e-01 -7.145800e+00  1.510000e+00
   endloop
 endfacet
 facet normal  0.000000e+00  0.000000e+00  1.000000e+00
   outer loop
     vertex  4.842352e-01 -7.086280e+00  1.510000e+00
     vertex -8.844912e-01 -7.086280e+00  1.510000e+00
     vertex  5.253188e-01 -7.145800e+00  1.510000e+00
   endloop
 endfacet
 facet normal  0.000000e+00  0.000000e+00  1.000000e+00
   outer loop
     vertex -7.500128e+00  9.081370e-01  1.510000e+00
     vertex -7.632126e+00  9.255148e-01  1.510000e+00
     vertex -1.035013e+01 -5.787055e+00  1.510000e+00
   endloop
 endfacet
 facet normal  0.000000e+00  0.000000e+00  1.000000e+00
   outer loop
     vertex -7.500128e+00  9.081370e-01  1.510000e+00
     vertex -1.035013e+01 -5.787055e+00  1.510000e+00
     vertex -1.028800e+01 -5.834731e+00  1.510000e+00
   endloop
 endfacet
 facet normal  0.000000e+00  0.000000e+00  1.000000e+00
   outer loop
     vertex -7.500128e+00  9.081370e-01  1.510000e+00
     vertex -1.028800e+01 -5.834731e+00  1.510000e+00
     vertex -1.024032e+01 -5.896863e+00  1.510000e+00
   endloop
 endfacet
 facet normal  0.000000e+00  0.000000e+00  1.000000e+00
   outer loop
     vertex -8.010128e+00  1.418137e+00  1.510000e+00
     vertex -1.600751e+01  1.550135e+00  1.510000e+00
     vertex -1.599013e+01  1.418137e+00  1.510000e+00
   endloop
 endfacet
 facet normal  0.000000e+00  0.000000e+00  1.000000e+00
   outer loop
     vertex -8.010128e+00  1.418137e+00  1.510000e+00
     vertex -1.599013e+01  1.418137e+00  1.510000e+00
     vertex -7.992750e+00  1.286139e+00  1.510000e+00
   endloop
 endfacet
 facet normal  0.000000e+00  0.000000e+00  1.000000e+00
   outer loop
     vertex  6.434905e-01 -7.227368e+00  1.510000e+00
     vertex  5.794526e-01 -7.193758e+00  1.510000e+00
     vertex -9.797086e-01 -7.193758e+00  1.510000e+00
   endloop
 endfacet
 facet normal  0.000000e+00  0.000000e+00  1.000000e+00
   outer loop
     vertex  6.434905e-01 -7.227368e+00  1.510000e+00
     vertex -9.797086e-01 -7.193758e+00  1.510000e+00
     vertex -1.043747e+00 -7.227368e+00  1.510000e+00
   endloop
 endfacet
 facet normal  0.000000e+00  0.000000e+00  1.000000e+00
   outer loop
     vertex  4.585895e-01 -7.018658e+00  1.510000e+00
     vertex -8.588455e-01 -7.018658e+00  1.510000e+00
     vertex -8.844912e-01 -7.086280e+00  1.510000e+00
   endloop
 endfacet
 facet normal  0.000000e+00  0.000000e+00  1.000000e+00
   outer loop
     vertex  4.585895e-01 -7.018658e+00  1.510000e+00
     vertex -8.844912e-01 -7.086280e+00  1.510000e+00
     vertex  4.842352e-01 -7.086280e+00  1.510000e+00
   endloop
 endfacet
 facet normal  0.000000e+00  0.000000e+00  1.000000e+00
   outer loop
     vertex  7.137110e-01 -7.244676e+00  1.510000e+00
     vertex  6.434905e-01 -7.227368e+00  1.510000e+00
     vertex -1.043747e+00 -7.227368e+00  1.510000e+00
   endloop
 endfacet
 facet normal  0.000000e+00  0.000000e+00  1.000000e+00
   outer loop
     vertex  7.137110e-01 -7.244676e+00  1.510000e+00
     vertex -1.043747e+00 -7.227368e+00  1.510000e+00
     vertex -1.113967e+00 -7.244676e+00  1.510000e+00
   endloop
 endfacet
 facet normal  0.000000e+00  0.000000e+00  1.000000e+00
   outer loop
     vertex  7.137110e-01 -7.244676e+00  1.510000e+00
     vertex -1.113967e+00 -7.244676e+00  1.510000e+00
     vertex -2.399962e+01 -1.350314e+01  1.510000e+00
   endloop
 endfacet
 facet normal  0.000000e+00  0.000000e+00  1.000000e+00
   outer loop
     vertex  4.498720e-01 -6.946863e+00  1.510000e+00
     vertex -8.588455e-01 -7.018658e+00  1.510000e+00
     vertex  4.585895e-01 -7.018658e+00  1.510000e+00
   endloop
 endfacet
 facet normal  0.000000e+00  0.000000e+00  1.000000e+00
   outer loop
     vertex  4.498720e-01 -6.946863e+00  1.510000e+00
     vertex -8.501280e-01 -6.946863e+00  1.510000e+00
     vertex -8.588455e-01 -7.018658e+00  1.510000e+00
   endloop
 endfacet
 facet normal  0.000000e+00  0.000000e+00  1.000000e+00
   outer loop
     vertex -7.368130e+00  9.255148e-01  1.510000e+00
     vertex -7.500128e+00  9.081370e-01  1.510000e+00
     vertex -1.024032e+01 -5.896863e+00  1.510000e+00
   endloop
 endfacet
 facet normal  0.000000e+00  0.000000e+00  1.000000e+00
   outer loop
     vertex -7.992750e+00  1.550135e+00  1.510000e+00
     vertex -1.600751e+01  1.550135e+00  1.510000e+00
     vertex -8.010128e+00  1.418137e+00  1.510000e+00
   endloop
 endfacet
 facet normal  0.000000e+00  0.000000e+00  1.000000e+00
   outer loop
     vertex  4.498720e-01 -6.046863e+00  1.510000e+00
     vertex -8.501280e-01 -6.946863e+00  1.510000e+00
     vertex  4.498720e-01 -6.946863e+00  1.510000e+00
   endloop
 endfacet
 facet normal  0.000000e+00  0.000000e+00  1.000000e+00
   outer loop
     vertex  4.498720e-01 -6.046863e+00  1.510000e+00
     vertex -8.501280e-01 -6.046863e+00  1.510000e+00
     vertex -8.501280e-01 -6.946863e+00  1.510000e+00
   endloop
 endfacet
 facet normal  0.000000e+00  0.000000e+00  1.000000e+00
   outer loop
     vertex  4.600943e-01 -5.969217e+00  1.510000e+00
     vertex -8.903204e-01 -5.896863e+00  1.510000e+00
     vertex -8.603503e-01 -5.969217e+00  1.510000e+00
   endloop
 endfacet
 facet normal  0.000000e+00  0.000000e+00  1.000000e+00
   outer loop
     vertex  4.600943e-01 -5.969217e+00  1.510000e+00
     vertex -8.603503e-01 -5.969217e+00  1.510000e+00
     vertex -8.501280e-01 -6.046863e+00  1.510000e+00
   endloop
 endfacet
 facet normal  0.000000e+00  0.000000e+00  1.000000e+00
   outer loop
     vertex  4.600943e-01 -5.969217e+00  1.510000e+00
     vertex -8.501280e-01 -6.046863e+00  1.510000e+00
     vertex  4.498720e-01 -6.046863e+00  1.510000e+00
   endloop
 endfacet
 facet normal  0.000000e+00  0.000000e+00  1.000000e+00
   outer loop
     vertex  4.900644e-01 -5.896863e+00  1.510000e+00
     vertex -8.903204e-01 -5.896863e+00  1.510000e+00
     vertex  4.600943e-01 -5.969217e+00  1.510000e+00
   endloop
 endfacet
 facet normal  0.000000e+00  0.000000e+00  1.000000e+00
   outer loop
     vertex  1.775319e+00 -7.145800e+00  1.510000e+00
     vertex  1.015509e+00 -7.086280e+00  1.510000e+00
     vertex  9.744252e-01 -7.145800e+00  1.510000e+00
   endloop
 endfacet
 facet normal  0.000000e+00  0.000000e+00  1.000000e+00
   outer loop
     vertex  1.829453e+00 -7.193758e+00  1.510000e+00
     vertex  1.775319e+00 -7.145800e+00  1.510000e+00
     vertex  9.744252e-01 -7.145800e+00  1.510000e+00
   endloop
 endfacet
 facet normal  0.000000e+00  0.000000e+00  1.000000e+00
   outer loop
     vertex  1.829453e+00 -7.193758e+00  1.510000e+00
     vertex  9.744252e-01 -7.145800e+00  1.510000e+00
     vertex  9.202914e-01 -7.193758e+00  1.510000e+00
   endloop
 endfacet
 facet normal  0.000000e+00  0.000000e+00  1.000000e+00
   outer loop
     vertex  1.734235e+00 -7.086280e+00  1.510000e+00
     vertex  1.015509e+00 -7.086280e+00  1.510000e+00
     vertex  1.775319e+00 -7.145800e+00  1.510000e+00
   endloop
 endfacet
 facet normal  0.000000e+00  0.000000e+00  1.000000e+00
   outer loop
     vertex  1.734235e+00 -7.086280e+00  1.510000e+00
     vertex  1.041155e+00 -7.018658e+00  1.510000e+00
     vertex  1.015509e+00 -7.086280e+00  1.510000e+00
   endloop
 endfacet
 facet normal  0.000000e+00  0.000000e+00  1.000000e+00
   outer loop
     vertex  1.893491e+00 -7.227368e+00  1.510000e+00
     vertex  1.829453e+00 -7.193758e+00  1.510000e+00
     vertex  9.202914e-01 -7.193758e+00  1.510000e+00
   endloop
 endfacet
 facet normal  0.000000e+00  0.000000e+00  1.000000e+00
   outer loop
     vertex  1.893491e+00 -7.227368e+00  1.510000e+00
     vertex  9.202914e-01 -7.193758e+00  1.510000e+00
     vertex  8.562535e-01 -7.227368e+00  1.510000e+00
   endloop
 endfacet
 facet normal  0.000000e+00  0.000000e+00  1.000000e+00
   outer loop
     vertex  1.893491e+00 -7.227368e+00  1.510000e+00
     vertex  8.562535e-01 -7.227368e+00  1.510000e+00
     vertex  7.860330e-01 -7.244676e+00  1.510000e+00
   endloop
 endfacet
 facet normal  0.000000e+00  0.000000e+00  1.000000e+00
   outer loop
     vertex  1.708589e+00 -7.018658e+00  1.510000e+00
     vertex  1.041155e+00 -7.018658e+00  1.510000e+00
     vertex  1.734235e+00 -7.086280e+00  1.510000e+00
   endloop
 endfacet
 facet normal  0.000000e+00  0.000000e+00  1.000000e+00
   outer loop
     vertex  5.377400e-01 -5.834731e+00  1.510000e+00
     vertex -9.379960e-01 -5.834731e+00  1.510000e+00
     vertex -8.903204e-01 -5.896863e+00  1.510000e+00
   endloop
 endfacet
 facet normal  0.000000e+00  0.000000e+00  1.000000e+00
   outer loop
     vertex  5.377400e-01 -5.834731e+00  1.510000e+00
     vertex -8.903204e-01 -5.896863e+00  1.510000e+00
     vertex  4.900644e-01 -5.896863e+00  1.510000e+00
   endloop
 endfacet
 facet normal  0.000000e+00  0.000000e+00  1.000000e+00
   outer loop
     vertex  1.963711e+00 -7.244676e+00  1.510000e+00
     vertex  1.893491e+00 -7.227368e+00  1.510000e+00
     vertex  7.860330e-01 -7.244676e+00  1.510000e+00
   endloop
 endfacet
 facet normal  0.000000e+00  0.000000e+00  1.000000e+00
   outer loop
     vertex  1.699872e+00 -6.946863e+00  1.510000e+00
     vertex  1.041155e+00 -7.018658e+00  1.510000e+00
     vertex  1.708589e+00 -7.018658e+00  1.510000e+00
   endloop
 endfacet
 facet normal  0.000000e+00  0.000000e+00  1.000000e+00
   outer loop
     vertex  1.699872e+00 -6.946863e+00  1.510000e+00
     vertex  1.049872e+00 -6.946863e+00  1.510000e+00
     vertex  1.041155e+00 -7.018658e+00  1.510000e+00
   endloop
 endfacet
 facet normal  0.000000e+00  0.000000e+00  1.000000e+00
   outer loop
     vertex  5.998720e-01 -5.787055e+00  1.510000e+00
     vertex -9.379960e-01 -5.834731e+00  1.510000e+00
     vertex  5.377400e-01 -5.834731e+00  1.510000e+00
   endloop
 endfacet
 facet normal  0.000000e+00  0.000000e+00  1.000000e+00
   outer loop
     vertex  5.998720e-01 -5.787055e+00  1.510000e+00
     vertex -1.000128e+00 -5.787055e+00  1.510000e+00
     vertex -9.379960e-01 -5.834731e+00  1.510000e+00
   endloop
 endfacet
 facet normal  0.000000e+00  0.000000e+00  1.000000e+00
   outer loop
     vertex  6.722263e-01 -5.757085e+00  1.510000e+00
     vertex -1.000128e+00 -5.787055e+00  1.510000e+00
     vertex  5.998720e-01 -5.787055e+00  1.510000e+00
   endloop
 endfacet
 facet normal  0.000000e+00  0.000000e+00  1.000000e+00
   outer loop
     vertex  6.722263e-01 -5.757085e+00  1.510000e+00
     vertex -1.072482e+00 -5.757085e+00  1.510000e+00
     vertex -1.000128e+00 -5.787055e+00  1.510000e+00
   endloop
 endfacet
 facet normal  0.000000e+00  0.000000e+00  1.000000e+00
   outer loop
     vertex  1.699872e+00 -6.046863e+00  1.510000e+00
     vertex  1.049872e+00 -6.046863e+00  1.510000e+00
     vertex  1.049872e+00 -6.946863e+00  1.510000e+00
   endloop
 endfacet
 facet normal  0.000000e+00  0.000000e+00  1.000000e+00
   outer loop
     vertex  1.699872e+00 -6.046863e+00  1.510000e+00
     vertex  1.049872e+00 -6.946863e+00  1.510000e+00
     vertex  1.699872e+00 -6.946863e+00  1.510000e+00
   endloop
 endfacet
 facet normal  0.000000e+00  0.000000e+00  1.000000e+00
   outer loop
     vertex  1.710094e+00 -5.969217e+00  1.510000e+00
     vertex  1.039650e+00 -5.969217e+00  1.510000e+00
     vertex  1.049872e+00 -6.046863e+00  1.510000e+00
   endloop
 endfacet
 facet normal  0.000000e+00  0.000000e+00  1.000000e+00
   outer loop
     vertex  1.710094e+00 -5.969217e+00  1.510000e+00
     vertex  1.049872e+00 -6.046863e+00  1.510000e+00
     vertex  1.699872e+00 -6.046863e+00  1.510000e+00
   endloop
 endfacet
 facet normal  0.000000e+00  0.000000e+00  1.000000e+00
   outer loop
     vertex  1.740064e+00 -5.896863e+00  1.510000e+00
     vertex  1.009680e+00 -5.896863e+00  1.510000e+00
     vertex  1.039650e+00 -5.969217e+00  1.510000e+00
   endloop
 endfacet
 facet normal  0.000000e+00  0.000000e+00  1.000000e+00
   outer loop
     vertex  1.740064e+00 -5.896863e+00  1.510000e+00
     vertex  1.039650e+00 -5.969217e+00  1.510000e+00
     vertex  1.710094e+00 -5.969217e+00  1.510000e+00
   endloop
 endfacet
 facet normal  0.000000e+00  0.000000e+00  1.000000e+00
   outer loop
     vertex  1.787740e+00 -5.834731e+00  1.510000e+00
     vertex  8.998720e-01 -5.787055e+00  1.510000e+00
     vertex  9.620040e-01 -5.834731e+00  1.510000e+00
   endloop
 endfacet
 facet normal  0.000000e+00  0.000000e+00  1.000000e+00
   outer loop
     vertex  1.787740e+00 -5.834731e+00  1.510000e+00
     vertex  9.620040e-01 -5.834731e+00  1.510000e+00
     vertex  1.009680e+00 -5.896863e+00  1.510000e+00
   endloop
 endfacet
 facet normal  0.000000e+00  0.000000e+00  1.000000e+00
   outer loop
     vertex  1.787740e+00 -5.834731e+00  1.510000e+00
     vertex  1.009680e+00 -5.896863e+00  1.510000e+00
     vertex  1.740064e+00 -5.896863e+00  1.510000e+00
   endloop
 endfacet
 facet normal  0.000000e+00  0.000000e+00  1.000000e+00
   outer loop
     vertex  1.849872e+00 -5.787055e+00  1.510000e+00
     vertex  8.275177e-01 -5.757085e+00  1.510000e+00
     vertex  8.998720e-01 -5.787055e+00  1.510000e+00
   endloop
 endfacet
 facet normal  0.000000e+00  0.000000e+00  1.000000e+00
   outer loop
     vertex  1.849872e+00 -5.787055e+00  1.510000e+00
     vertex  8.998720e-01 -5.787055e+00  1.510000e+00
     vertex  1.787740e+00 -5.834731e+00  1.510000e+00
   endloop
 endfacet
 facet normal  0.000000e+00  0.000000e+00  1.000000e+00
   outer loop
     vertex  1.922226e+00 -5.757085e+00  1.510000e+00
     vertex  8.275177e-01 -5.757085e+00  1.510000e+00
     vertex  1.849872e+00 -5.787055e+00  1.510000e+00
   endloop
 endfacet
 facet normal  0.000000e+00  0.000000e+00  1.000000e+00
   outer loop
     vertex -4.860752e+00  1.057513e+00  1.510000e+00
     vertex -7.058455e+00  1.163137e+00  1.510000e+00
     vertex -7.139504e+00  1.057513e+00  1.510000e+00
   endloop
 endfacet
 facet normal  0.000000e+00  0.000000e+00  1.000000e+00
   outer loop
     vertex -7.941801e+00  4.163137e+00  1.510000e+00
     vertex -7.941801e+00  1.673137e+00  1.510000e+00
     vertex -7.860752e+00  1.778761e+00  1.510000e+00
   endloop
 endfacet
 facet normal  0.000000e+00  0.000000e+00  1.000000e+00
   outer loop
     vertex -7.941801e+00  4.163137e+00  1.510000e+00
     vertex -7.860752e+00  1.778761e+00  1.510000e+00
     vertex -7.860752e+00  4.057513e+00  1.510000e+00
   endloop
 endfacet
 facet normal  0.000000e+00  0.000000e+00  1.000000e+00
   outer loop
     vertex -7.755128e+00  3.976464e+00  1.510000e+00
     vertex -7.860752e+00  1.778761e+00  1.510000e+00
     vertex -7.755128e+00  1.859810e+00  1.510000e+00
   endloop
 endfacet
 facet normal  0.000000e+00  0.000000e+00  1.000000e+00
   outer loop
     vertex -7.755128e+00  3.976464e+00  1.510000e+00
     vertex -7.860752e+00  4.057513e+00  1.510000e+00
     vertex -7.860752e+00  1.778761e+00  1.510000e+00
   endloop
 endfacet
 facet normal  0.000000e+00  0.000000e+00  1.000000e+00
   outer loop
     vertex -4.755128e+00  9.764640e-01  1.510000e+00
     vertex -4.860752e+00  1.057513e+00  1.510000e+00
     vertex -7.139504e+00  1.057513e+00  1.510000e+00
   endloop
 endfacet
 facet normal  0.000000e+00  0.000000e+00  1.000000e+00
   outer loop
     vertex -4.755128e+00  9.764640e-01  1.510000e+00
     vertex -7.139504e+00  1.057513e+00  1.510000e+00
     vertex -7.245128e+00  9.764640e-01  1.510000e+00
   endloop
 endfacet
 facet normal  0.000000e+00  0.000000e+00  1.000000e+00
   outer loop
     vertex -4.941801e+00  1.163137e+00  1.510000e+00
     vertex -7.058455e+00  1.163137e+00  1.510000e+00
     vertex -4.860752e+00  1.057513e+00  1.510000e+00
   endloop
 endfacet
 facet normal  0.000000e+00  0.000000e+00  1.000000e+00
   outer loop
     vertex -4.941801e+00  1.163137e+00  1.510000e+00
     vertex -7.007506e+00  1.286139e+00  1.510000e+00
     vertex -7.058455e+00  1.163137e+00  1.510000e+00
   endloop
 endfacet
 facet normal  0.000000e+00  0.000000e+00  1.000000e+00
   outer loop
     vertex -7.632126e+00  3.925515e+00  1.510000e+00
     vertex -7.755128e+00  3.976464e+00  1.510000e+00
     vertex -7.755128e+00  1.859810e+00  1.510000e+00
   endloop
 endfacet
 facet normal  0.000000e+00  0.000000e+00  1.000000e+00
   outer loop
     vertex -7.632126e+00  3.925515e+00  1.510000e+00
     vertex -7.755128e+00  1.859810e+00  1.510000e+00
     vertex -7.632126e+00  1.910759e+00  1.510000e+00
   endloop
 endfacet
 facet normal  0.000000e+00  0.000000e+00  1.000000e+00
   outer loop
     vertex -7.632126e+00  3.925515e+00  1.510000e+00
     vertex -7.632126e+00  1.910759e+00  1.510000e+00
     vertex -7.500128e+00  1.928137e+00  1.510000e+00
   endloop
 endfacet
 facet normal  0.000000e+00  0.000000e+00  1.000000e+00
   outer loop
     vertex -4.992750e+00  1.286139e+00  1.510000e+00
     vertex -7.007506e+00  1.286139e+00  1.510000e+00
     vertex -4.941801e+00  1.163137e+00  1.510000e+00
   endloop
 endfacet
 facet normal  0.000000e+00  0.000000e+00  1.000000e+00
   outer loop
     vertex -4.992750e+00  1.286139e+00  1.510000e+00
     vertex -6.990128e+00  1.418137e+00  1.510000e+00
     vertex -7.007506e+00  1.286139e+00  1.510000e+00
   endloop
 endfacet
 facet normal  0.000000e+00  0.000000e+00  1.000000e+00
   outer loop
     vertex -7.992750e+00  4.286139e+00  1.510000e+00
     vertex -7.941801e+00  1.673137e+00  1.510000e+00
     vertex -7.941801e+00  4.163137e+00  1.510000e+00
   endloop
 endfacet
 facet normal  0.000000e+00  0.000000e+00  1.000000e+00
   outer loop
     vertex -7.992750e+00  4.286139e+00  1.510000e+00
     vertex -1.600751e+01  1.550135e+00  1.510000e+00
     vertex -7.992750e+00  1.550135e+00  1.510000e+00
   endloop
 endfacet
 facet normal  0.000000e+00  0.000000e+00  1.000000e+00
   outer loop
     vertex -7.992750e+00  4.286139e+00  1.510000e+00
     vertex -7.992750e+00  1.550135e+00  1.510000e+00
     vertex -7.941801e+00  1.673137e+00  1.510000e+00
   endloop
 endfacet
 facet normal  0.000000e+00  0.000000e+00  1.000000e+00
   outer loop
     vertex -7.992750e+00  4.286139e+00  1.510000e+00
     vertex -1.600751e+01  4.286139e+00  1.510000e+00
     vertex -1.600751e+01  1.550135e+00  1.510000e+00
   endloop
 endfacet
 facet normal  0.000000e+00  0.000000e+00  1.000000e+00
   outer loop
     vertex -4.632126e+00  9.255148e-01  1.510000e+00
     vertex -7.368130e+00  9.255148e-01  1.510000e+00
     vertex -1.024032e+01 -5.896863e+00  1.510000e+00
   endloop
 endfacet
 facet normal  0.000000e+00  0.000000e+00  1.000000e+00
   outer loop
     vertex -4.632126e+00  9.255148e-01  1.510000e+00
     vertex -4.755128e+00  9.764640e-01  1.510000e+00
     vertex -7.245128e+00  9.764640e-01  1.510000e+00
   endloop
 endfacet
 facet normal  0.000000e+00  0.000000e+00  1.000000e+00
   outer loop
     vertex -4.632126e+00  9.255148e-01  1.510000e+00
     vertex -7.245128e+00  9.764640e-01  1.510000e+00
     vertex -7.368130e+00  9.255148e-01  1.510000e+00
   endloop
 endfacet
 facet normal  0.000000e+00  0.000000e+00  1.000000e+00
   outer loop
     vertex -4.632126e+00  9.255148e-01  1.510000e+00
     vertex -1.024032e+01 -5.896863e+00  1.510000e+00
     vertex -1.409936e+00 -5.896863e+00  1.510000e+00
   endloop
 endfacet
 facet normal  0.000000e+00  0.000000e+00  1.000000e+00
   outer loop
     vertex -7.500128e+00  3.908137e+00  1.510000e+00
     vertex -7.632126e+00  3.925515e+00  1.510000e+00
     vertex -7.500128e+00  1.928137e+00  1.510000e+00
   endloop
 endfacet
 facet normal  0.000000e+00  0.000000e+00  1.000000e+00
   outer loop
     vertex -8.010128e+00  4.418137e+00  1.510000e+00
     vertex -1.599013e+01  4.418137e+00  1.510000e+00
     vertex -1.600751e+01  4.286139e+00  1.510000e+00
   endloop
 endfacet
 facet normal  0.000000e+00  0.000000e+00  1.000000e+00
   outer loop
     vertex -8.010128e+00  4.418137e+00  1.510000e+00
     vertex -1.600751e+01  4.286139e+00  1.510000e+00
     vertex -7.992750e+00  4.286139e+00  1.510000e+00
   endloop
 endfacet
 facet normal  0.000000e+00  0.000000e+00  1.000000e+00
   outer loop
     vertex -4.500128e+00  9.081370e-01  1.510000e+00
     vertex -4.632126e+00  9.255148e-01  1.510000e+00
     vertex -1.409936e+00 -5.896863e+00  1.510000e+00
   endloop
 endfacet
 facet normal  0.000000e+00  0.000000e+00  1.000000e+00
   outer loop
     vertex -4.500128e+00  9.081370e-01  1.510000e+00
     vertex -1.409936e+00 -5.896863e+00  1.510000e+00
     vertex -1.362260e+00 -5.834731e+00  1.510000e+00
   endloop
 endfacet
 facet normal  0.000000e+00  0.000000e+00  1.000000e+00
   outer loop
     vertex -5.010128e+00  1.418137e+00  1.510000e+00
     vertex -6.990128e+00  1.418137e+00  1.510000e+00
     vertex -4.992750e+00  1.286139e+00  1.510000e+00
   endloop
 endfacet
 facet normal  0.000000e+00  0.000000e+00  1.000000e+00
   outer loop
     vertex -7.992750e+00  4.550135e+00  1.510000e+00
     vertex -1.600751e+01  4.550135e+00  1.510000e+00
     vertex -1.599013e+01  4.418137e+00  1.510000e+00
   endloop
 endfacet
 facet normal  0.000000e+00  0.000000e+00  1.000000e+00
   outer loop
     vertex -7.992750e+00  4.550135e+00  1.510000e+00
     vertex -1.599013e+01  4.418137e+00  1.510000e+00
     vertex -8.010128e+00  4.418137e+00  1.510000e+00
   endloop
 endfacet
 facet normal  0.000000e+00  0.000000e+00  1.000000e+00
   outer loop
     vertex -4.992750e+00  1.550135e+00  1.510000e+00
     vertex -6.990128e+00  1.418137e+00  1.510000e+00
     vertex -5.010128e+00  1.418137e+00  1.510000e+00
   endloop
 endfacet
 facet normal  0.000000e+00  0.000000e+00  1.000000e+00
   outer loop
     vertex -4.992750e+00  1.550135e+00  1.510000e+00
     vertex -7.007506e+00  1.550135e+00  1.510000e+00
     vertex -6.990128e+00  1.418137e+00  1.510000e+00
   endloop
 endfacet
 facet normal  0.000000e+00  0.000000e+00  1.000000e+00
   outer loop
     vertex -7.368130e+00  3.925515e+00  1.510000e+00
     vertex -7.500128e+00  1.928137e+00  1.510000e+00
     vertex -7.368130e+00  1.910759e+00  1.510000e+00
   endloop
 endfacet
 facet normal  0.000000e+00  0.000000e+00  1.000000e+00
   outer loop
     vertex -7.368130e+00  3.925515e+00  1.510000e+00
     vertex -7.500128e+00  3.908137e+00  1.510000e+00
     vertex -7.500128e+00  1.928137e+00  1.510000e+00
   endloop
 endfacet
 facet normal  0.000000e+00  0.000000e+00  1.000000e+00
   outer loop
     vertex -4.368130e+00  9.255148e-01  1.510000e+00
     vertex -4.500128e+00  9.081370e-01  1.510000e+00
     vertex -1.362260e+00 -5.834731e+00  1.510000e+00
   endloop
 endfacet
 facet normal  0.000000e+00  0.000000e+00  1.000000e+00
   outer loop
     vertex -4.368130e+00  9.255148e-01  1.510000e+00
     vertex -1.362260e+00 -5.834731e+00  1.510000e+00
     vertex -1.300128e+00 -5.787055e+00  1.510000e+00
   endloop
 endfacet
 facet normal  0.000000e+00  0.000000e+00  1.000000e+00
   outer loop
     vertex -7.941801e+00  4.673137e+00  1.510000e+00
     vertex -1.600751e+01  4.550135e+00  1.510000e+00
     vertex -7.992750e+00  4.550135e+00  1.510000e+00
   endloop
 endfacet
 facet normal  0.000000e+00  0.000000e+00  1.000000e+00
   outer loop
     vertex -7.941801e+00  4.673137e+00  1.510000e+00
     vertex -1.605846e+01  4.673137e+00  1.510000e+00
     vertex -1.600751e+01  4.550135e+00  1.510000e+00
   endloop
 endfacet
 facet normal  0.000000e+00  0.000000e+00  1.000000e+00
   outer loop
     vertex -7.941801e+00  4.673137e+00  1.510000e+00
     vertex -1.655124e+01  8.349908e+00  1.510000e+00
     vertex -1.605846e+01  4.673137e+00  1.510000e+00
   endloop
 endfacet
 facet normal  0.000000e+00  0.000000e+00  1.000000e+00
   outer loop
     vertex -7.245128e+00  3.976464e+00  1.510000e+00
     vertex -7.368130e+00  3.925515e+00  1.510000e+00
     vertex -7.368130e+00  1.910759e+00  1.510000e+00
   endloop
 endfacet
 facet normal  0.000000e+00  0.000000e+00  1.000000e+00
   outer loop
     vertex -7.245128e+00  3.976464e+00  1.510000e+00
     vertex -7.368130e+00  1.910759e+00  1.510000e+00
     vertex -7.245128e+00  1.859810e+00  1.510000e+00
   endloop
 endfacet
 facet normal  0.000000e+00  0.000000e+00  1.000000e+00
   outer loop
     vertex -4.941801e+00  1.673137e+00  1.510000e+00
     vertex -7.007506e+00  1.550135e+00  1.510000e+00
     vertex -4.992750e+00  1.550135e+00  1.510000e+00
   endloop
 endfacet
 facet normal  0.000000e+00  0.000000e+00  1.000000e+00
   outer loop
     vertex -4.941801e+00  1.673137e+00  1.510000e+00
     vertex -7.058455e+00  1.673137e+00  1.510000e+00
     vertex -7.007506e+00  1.550135e+00  1.510000e+00
   endloop
 endfacet
 facet normal  0.000000e+00  0.000000e+00  1.000000e+00
   outer loop
     vertex -4.245128e+00  9.764640e-01  1.510000e+00
     vertex -1.300128e+00 -5.787055e+00  1.510000e+00
     vertex -1.227774e+00 -5.757085e+00  1.510000e+00
   endloop
 endfacet
 facet normal  0.000000e+00  0.000000e+00  1.000000e+00
   outer loop
     vertex -4.245128e+00  9.764640e-01  1.510000e+00
     vertex -4.368130e+00  9.255148e-01  1.510000e+00
     vertex -1.300128e+00 -5.787055e+00  1.510000e+00
   endloop
 endfacet
 facet normal  0.000000e+00  0.000000e+00  1.000000e+00
   outer loop
     vertex -7.139504e+00  4.057513e+00  1.510000e+00
     vertex -7.245128e+00  3.976464e+00  1.510000e+00
     vertex -7.245128e+00  1.859810e+00  1.510000e+00
   endloop
 endfacet
 facet normal  0.000000e+00  0.000000e+00  1.000000e+00
   outer loop
     vertex -7.139504e+00  4.057513e+00  1.510000e+00
     vertex -7.245128e+00  1.859810e+00  1.510000e+00
     vertex -7.139504e+00  1.778761e+00  1.510000e+00
   endloop
 endfacet
 facet normal  0.000000e+00  0.000000e+00  1.000000e+00
   outer loop
     vertex -4.860752e+00  1.778761e+00  1.510000e+00
     vertex -7.058455e+00  1.673137e+00  1.510000e+00
     vertex -4.941801e+00  1.673137e+00  1.510000e+00
   endloop
 endfacet
 facet normal  0.000000e+00  0.000000e+00  1.000000e+00
   outer loop
     vertex -4.860752e+00  1.778761e+00  1.510000e+00
     vertex -7.139504e+00  1.778761e+00  1.510000e+00
     vertex -7.058455e+00  1.673137e+00  1.510000e+00
   endloop
 endfacet
 facet normal  0.000000e+00  0.000000e+00  1.000000e+00
   outer loop
     vertex -4.139504e+00  1.057513e+00  1.510000e+00
     vertex -4.245128e+00  9.764640e-01  1.510000e+00
     vertex -1.227774e+00 -5.757085e+00  1.510000e+00
   endloop
 endfacet
 facet normal  0.000000e+00  0.000000e+00  1.000000e+00
   outer loop
     vertex -4.139504e+00  1.057513e+00  1.510000e+00
     vertex -1.227774e+00 -5.757085e+00  1.510000e+00
     vertex -1.150128e+00 -5.746863e+00  1.510000e+00
   endloop
 endfacet
 facet normal  0.000000e+00  0.000000e+00  1.000000e+00
   outer loop
     vertex -4.058455e+00  1.163137e+00  1.510000e+00
     vertex -4.139504e+00  1.057513e+00  1.510000e+00
     vertex -1.150128e+00 -5.746863e+00  1.510000e+00
   endloop
 endfacet
 facet normal  0.000000e+00  0.000000e+00  1.000000e+00
   outer loop
     vertex -4.058455e+00  1.163137e+00  1.510000e+00
     vertex -1.150128e+00 -5.746863e+00  1.510000e+00
     vertex -1.072482e+00 -5.757085e+00  1.510000e+00
   endloop
 endfacet
 facet normal  0.000000e+00  0.000000e+00  1.000000e+00
   outer loop
     vertex -4.058455e+00  1.163137e+00  1.510000e+00
     vertex -1.072482e+00 -5.757085e+00  1.510000e+00
     vertex  6.722263e-01 -5.757085e+00  1.510000e+00
   endloop
 endfacet
 facet normal  0.000000e+00  0.000000e+00  1.000000e+00
   outer loop
     vertex  4.287740e+00 -7.158995e+00  1.510000e+00
     vertex  2.224425e+00 -7.145800e+00  1.510000e+00
     vertex  2.170291e+00 -7.193758e+00  1.510000e+00
   endloop
 endfacet
 facet normal  0.000000e+00  0.000000e+00  1.000000e+00
   outer loop
     vertex  4.349872e+00 -7.206671e+00  1.510000e+00
     vertex  2.170291e+00 -7.193758e+00  1.510000e+00
     vertex  2.106253e+00 -7.227368e+00  1.510000e+00
   endloop
 endfacet
 facet normal  0.000000e+00  0.000000e+00  1.000000e+00
   outer loop
     vertex  4.349872e+00 -7.206671e+00  1.510000e+00
     vertex  4.287740e+00 -7.158995e+00  1.510000e+00
     vertex  2.170291e+00 -7.193758e+00  1.510000e+00
   endloop
 endfacet
 facet normal  0.000000e+00  0.000000e+00  1.000000e+00
   outer loop
     vertex  4.240064e+00 -7.096863e+00  1.510000e+00
     vertex  2.265509e+00 -7.086280e+00  1.510000e+00
     vertex  2.224425e+00 -7.145800e+00  1.510000e+00
   endloop
 endfacet
 facet normal  0.000000e+00  0.000000e+00  1.000000e+00
   outer loop
     vertex  4.240064e+00 -7.096863e+00  1.510000e+00
     vertex  2.224425e+00 -7.145800e+00  1.510000e+00
     vertex  4.287740e+00 -7.158995e+00  1.510000e+00
   endloop
 endfacet
 facet normal  0.000000e+00  0.000000e+00  1.000000e+00
   outer loop
     vertex  4.210094e+00 -7.024509e+00  1.510000e+00
     vertex  2.291155e+00 -7.018658e+00  1.510000e+00
     vertex  2.265509e+00 -7.086280e+00  1.510000e+00
   endloop
 endfacet
 facet normal  0.000000e+00  0.000000e+00  1.000000e+00
   outer loop
     vertex  4.210094e+00 -7.024509e+00  1.510000e+00
     vertex  2.265509e+00 -7.086280e+00  1.510000e+00
     vertex  4.240064e+00 -7.096863e+00  1.510000e+00
   endloop
 endfacet
 facet normal  0.000000e+00  0.000000e+00  1.000000e+00
   outer loop
     vertex  4.422226e+00 -7.236641e+00  1.510000e+00
     vertex  2.106253e+00 -7.227368e+00  1.510000e+00
     vertex  2.036033e+00 -7.244676e+00  1.510000e+00
   endloop
 endfacet
 facet normal  0.000000e+00  0.000000e+00  1.000000e+00
   outer loop
     vertex  4.422226e+00 -7.236641e+00  1.510000e+00
     vertex  4.349872e+00 -7.206671e+00  1.510000e+00
     vertex  2.106253e+00 -7.227368e+00  1.510000e+00
   endloop
 endfacet
 facet normal  0.000000e+00  0.000000e+00  1.000000e+00
   outer loop
     vertex  4.499872e+00 -7.246863e+00  1.510000e+00
     vertex  4.422226e+00 -7.236641e+00  1.510000e+00
     vertex  2.036033e+00 -7.244676e+00  1.510000e+00
   endloop
 endfacet
 facet normal  0.000000e+00  0.000000e+00  1.000000e+00
   outer loop
     vertex  4.199872e+00 -6.946863e+00  1.510000e+00
     vertex  2.299872e+00 -6.946863e+00  1.510000e+00
     vertex  2.291155e+00 -7.018658e+00  1.510000e+00
   endloop
 endfacet
 facet normal  0.000000e+00  0.000000e+00  1.000000e+00
   outer loop
     vertex  4.199872e+00 -6.946863e+00  1.510000e+00
     vertex  2.291155e+00 -7.018658e+00  1.510000e+00
     vertex  4.210094e+00 -7.024509e+00  1.510000e+00
   endloop
 endfacet
 facet normal  0.000000e+00  0.000000e+00  1.000000e+00
   outer loop
     vertex  4.199872e+00 -6.046863e+00  1.510000e+00
     vertex  2.299872e+00 -6.046863e+00  1.510000e+00
     vertex  2.299872e+00 -6.946863e+00  1.510000e+00
   endloop
 endfacet
 facet normal  0.000000e+00  0.000000e+00  1.000000e+00
   outer loop
     vertex  4.199872e+00 -6.046863e+00  1.510000e+00
     vertex  2.299872e+00 -6.946863e+00  1.510000e+00
     vertex  4.199872e+00 -6.946863e+00  1.510000e+00
   endloop
 endfacet
 facet normal  0.000000e+00  0.000000e+00  1.000000e+00
   outer loop
     vertex  4.210094e+00 -5.969217e+00  1.510000e+00
     vertex  2.289650e+00 -5.969217e+00  1.510000e+00
     vertex  2.299872e+00 -6.046863e+00  1.510000e+00
   endloop
 endfacet
 facet normal  0.000000e+00  0.000000e+00  1.000000e+00
   outer loop
     vertex  4.210094e+00 -5.969217e+00  1.510000e+00
     vertex  2.299872e+00 -6.046863e+00  1.510000e+00
     vertex  4.199872e+00 -6.046863e+00  1.510000e+00
   endloop
 endfacet
 facet normal  0.000000e+00  0.000000e+00  1.000000e+00
   outer loop
     vertex  4.240064e+00 -5.896863e+00  1.510000e+00
     vertex  2.289650e+00 -5.969217e+00  1.510000e+00
     vertex  4.210094e+00 -5.969217e+00  1.510000e+00
   endloop
 endfacet
 facet normal  0.000000e+00  0.000000e+00  1.000000e+00
   outer loop
     vertex  4.240064e+00 -5.896863e+00  1.510000e+00
     vertex  2.259680e+00 -5.896863e+00  1.510000e+00
     vertex  2.289650e+00 -5.969217e+00  1.510000e+00
   endloop
 endfacet
 facet normal  0.000000e+00  0.000000e+00  1.000000e+00
   outer loop
     vertex  4.287740e+00 -5.834731e+00  1.510000e+00
     vertex  2.149872e+00 -5.787055e+00  1.510000e+00
     vertex  2.212004e+00 -5.834731e+00  1.510000e+00
   endloop
 endfacet
 facet normal  0.000000e+00  0.000000e+00  1.000000e+00
   outer loop
     vertex  4.287740e+00 -5.834731e+00  1.510000e+00
     vertex  2.212004e+00 -5.834731e+00  1.510000e+00
     vertex  2.259680e+00 -5.896863e+00  1.510000e+00
   endloop
 endfacet
 facet normal  0.000000e+00  0.000000e+00  1.000000e+00
   outer loop
     vertex  4.287740e+00 -5.834731e+00  1.510000e+00
     vertex  2.259680e+00 -5.896863e+00  1.510000e+00
     vertex  4.240064e+00 -5.896863e+00  1.510000e+00
   endloop
 endfacet
 facet normal  0.000000e+00  0.000000e+00  1.000000e+00
   outer loop
     vertex  4.349872e+00 -5.787055e+00  1.510000e+00
     vertex  2.077518e+00 -5.757085e+00  1.510000e+00
     vertex  2.149872e+00 -5.787055e+00  1.510000e+00
   endloop
 endfacet
 facet normal  0.000000e+00  0.000000e+00  1.000000e+00
   outer loop
     vertex  4.349872e+00 -5.787055e+00  1.510000e+00
     vertex  2.149872e+00 -5.787055e+00  1.510000e+00
     vertex  4.287740e+00 -5.834731e+00  1.510000e+00
   endloop
 endfacet
 facet normal  0.000000e+00  0.000000e+00  1.000000e+00
   outer loop
     vertex  4.422226e+00 -5.757085e+00  1.510000e+00
     vertex  2.077518e+00 -5.757085e+00  1.510000e+00
     vertex  4.349872e+00 -5.787055e+00  1.510000e+00
   endloop
 endfacet
 facet normal  0.000000e+00  0.000000e+00  1.000000e+00
   outer loop
     vertex -4.860752e+00  4.057513e+00  1.510000e+00
     vertex -7.139504e+00  4.057513e+00  1.510000e+00
     vertex -7.139504e+00  1.778761e+00  1.510000e+00
   endloop
 endfacet
 facet normal  0.000000e+00  0.000000e+00  1.000000e+00
   outer loop
     vertex -4.860752e+00  4.057513e+00  1.510000e+00
     vertex -7.139504e+00  1.778761e+00  1.510000e+00
     vertex -4.860752e+00  1.778761e+00  1.510000e+00
   endloop
 endfacet
 facet normal  0.000000e+00  0.000000e+00  1.000000e+00
   outer loop
     vertex -4.860752e+00  4.057513e+00  1.510000e+00
     vertex -7.058455e+00  4.163137e+00  1.510000e+00
     vertex -7.139504e+00  4.057513e+00  1.510000e+00
   endloop
 endfacet
 facet normal  0.000000e+00  0.000000e+00  1.000000e+00
   outer loop
     vertex -4.860752e+00  4.057513e+00  1.510000e+00
     vertex -4.860752e+00  1.778761e+00  1.510000e+00
     vertex -4.755128e+00  1.859810e+00  1.510000e+00
   endloop
 endfacet
 facet normal  0.000000e+00  0.000000e+00  1.000000e+00
   outer loop
     vertex -4.941801e+00  4.163137e+00  1.510000e+00
     vertex -7.058455e+00  4.163137e+00  1.510000e+00
     vertex -4.860752e+00  4.057513e+00  1.510000e+00
   endloop
 endfacet
 facet normal  0.000000e+00  0.000000e+00  1.000000e+00
   outer loop
     vertex -4.755128e+00  3.976464e+00  1.510000e+00
     vertex -4.860752e+00  4.057513e+00  1.510000e+00
     vertex -4.755128e+00  1.859810e+00  1.510000e+00
   endloop
 endfacet
 facet normal  0.000000e+00  0.000000e+00  1.000000e+00
   outer loop
     vertex -4.632126e+00  3.925515e+00  1.510000e+00
     vertex -4.755128e+00  3.976464e+00  1.510000e+00
     vertex -4.755128e+00  1.859810e+00  1.510000e+00
   endloop
 endfacet
 facet normal  0.000000e+00  0.000000e+00  1.000000e+00
   outer loop
     vertex -4.632126e+00  3.925515e+00  1.510000e+00
     vertex -4.755128e+00  1.859810e+00  1.510000e+00
     vertex -4.632126e+00  1.910759e+00  1.510000e+00
   endloop
 endfacet
 facet normal  0.000000e+00  0.000000e+00  1.000000e+00
   outer loop
     vertex -4.992750e+00  4.286139e+00  1.510000e+00
     vertex -7.058455e+00  4.163137e+00  1.510000e+00
     vertex -4.941801e+00  4.163137e+00  1.510000e+00
   endloop
 endfacet
 facet normal  0.000000e+00  0.000000e+00  1.000000e+00
   outer loop
     vertex -4.992750e+00  4.286139e+00  1.510000e+00
     vertex -7.007506e+00  4.286139e+00  1.510000e+00
     vertex -7.058455e+00  4.163137e+00  1.510000e+00
   endloop
 endfacet
 facet normal  0.000000e+00  0.000000e+00  1.000000e+00
   outer loop
     vertex -4.500128e+00  3.908137e+00  1.510000e+00
     vertex -4.632126e+00  3.925515e+00  1.510000e+00
     vertex -4.632126e+00  1.910759e+00  1.510000e+00
   endloop
 endfacet
 facet normal  0.000000e+00  0.000000e+00  1.000000e+00
   outer loop
     vertex -4.500128e+00  3.908137e+00  1.510000e+00
     vertex -4.632126e+00  1.910759e+00  1.510000e+00
     vertex -4.500128e+00  1.928137e+00  1.510000e+00
   endloop
 endfacet
 facet normal  0.000000e+00  0.000000e+00  1.000000e+00
   outer loop
     vertex -5.010128e+00  4.418137e+00  1.510000e+00
     vertex -7.007506e+00  4.286139e+00  1.510000e+00
     vertex -4.992750e+00  4.286139e+00  1.510000e+00
   endloop
 endfacet
 facet normal  0.000000e+00  0.000000e+00  1.000000e+00
   outer loop
     vertex -5.010128e+00  4.418137e+00  1.510000e+00
     vertex -6.990128e+00  4.418137e+00  1.510000e+00
     vertex -7.007506e+00  4.286139e+00  1.510000e+00
   endloop
 endfacet
 facet normal  0.000000e+00  0.000000e+00  1.000000e+00
   outer loop
     vertex -4.368130e+00  3.925515e+00  1.510000e+00
     vertex -4.500128e+00  3.908137e+00  1.510000e+00
     vertex -4.500128e+00  1.928137e+00  1.510000e+00
   endloop
 endfacet
 facet normal  0.000000e+00  0.000000e+00  1.000000e+00
   outer loop
     vertex -4.368130e+00  3.925515e+00  1.510000e+00
     vertex -4.500128e+00  1.928137e+00  1.510000e+00
     vertex -4.368130e+00  1.910759e+00  1.510000e+00
   endloop
 endfacet
 facet normal  0.000000e+00  0.000000e+00  1.000000e+00
   outer loop
     vertex -4.992750e+00  4.550135e+00  1.510000e+00
     vertex -7.007506e+00  4.550135e+00  1.510000e+00
     vertex -6.990128e+00  4.418137e+00  1.510000e+00
   endloop
 endfacet
 facet normal  0.000000e+00  0.000000e+00  1.000000e+00
   outer loop
     vertex -4.992750e+00  4.550135e+00  1.510000e+00
     vertex -6.990128e+00  4.418137e+00  1.510000e+00
     vertex -5.010128e+00  4.418137e+00  1.510000e+00
   endloop
 endfacet
 facet normal  0.000000e+00  0.000000e+00  1.000000e+00
   outer loop
     vertex -4.941801e+00  4.673137e+00  1.510000e+00
     vertex -7.058455e+00  4.673137e+00  1.510000e+00
     vertex -7.007506e+00  4.550135e+00  1.510000e+00
   endloop
 endfacet
 facet normal  0.000000e+00  0.000000e+00  1.000000e+00
   outer loop
     vertex -4.941801e+00  4.673137e+00  1.510000e+00
     vertex -7.007506e+00  4.550135e+00  1.510000e+00
     vertex -4.992750e+00  4.550135e+00  1.510000e+00
   endloop
 endfacet
 facet normal  0.000000e+00  0.000000e+00  1.000000e+00
   outer loop
     vertex -4.245128e+00  3.976464e+00  1.510000e+00
     vertex -4.368130e+00  3.925515e+00  1.510000e+00
     vertex -4.368130e+00  1.910759e+00  1.510000e+00
   endloop
 endfacet
 facet normal  0.000000e+00  0.000000e+00  1.000000e+00
   outer loop
     vertex -4.245128e+00  3.976464e+00  1.510000e+00
     vertex -4.368130e+00  1.910759e+00  1.510000e+00
     vertex -4.245128e+00  1.859810e+00  1.510000e+00
   endloop
 endfacet
 facet normal  0.000000e+00  0.000000e+00  1.000000e+00
   outer loop
     vertex -4.860752e+00  4.778761e+00  1.510000e+00
     vertex -7.139504e+00  4.778761e+00  1.510000e+00
     vertex -7.058455e+00  4.673137e+00  1.510000e+00
   endloop
 endfacet
 facet normal  0.000000e+00  0.000000e+00  1.000000e+00
   outer loop
     vertex -4.860752e+00  4.778761e+00  1.510000e+00
     vertex -7.058455e+00  4.673137e+00  1.510000e+00
     vertex -4.941801e+00  4.673137e+00  1.510000e+00
   endloop
 endfacet
 facet normal  0.000000e+00  0.000000e+00  1.000000e+00
   outer loop
     vertex -4.139504e+00  4.057513e+00  1.510000e+00
     vertex -4.245128e+00  3.976464e+00  1.510000e+00
     vertex -4.245128e+00  1.859810e+00  1.510000e+00
   endloop
 endfacet
 facet normal  0.000000e+00  0.000000e+00  1.000000e+00
   outer loop
     vertex -4.139504e+00  4.057513e+00  1.510000e+00
     vertex -4.245128e+00  1.859810e+00  1.510000e+00
     vertex -4.139504e+00  1.778761e+00  1.510000e+00
   endloop
 endfacet
 facet normal  0.000000e+00  0.000000e+00  1.000000e+00
   outer loop
     vertex -4.058455e+00  4.163137e+00  1.510000e+00
     vertex -4.139504e+00  4.057513e+00  1.510000e+00
     vertex -4.139504e+00  1.778761e+00  1.510000e+00
   endloop
 endfacet
 facet normal  0.000000e+00  0.000000e+00  1.000000e+00
   outer loop
     vertex -4.058455e+00  4.163137e+00  1.510000e+00
     vertex -4.139504e+00  1.778761e+00  1.510000e+00
     vertex -4.058455e+00  1.673137e+00  1.510000e+00
   endloop
 endfacet
 facet normal  0.000000e+00  0.000000e+00  1.000000e+00
   outer loop
     vertex -4.007506e+00  4.286139e+00  1.510000e+00
     vertex -4.058455e+00  1.673137e+00  1.510000e+00
     vertex -4.007506e+00  1.550135e+00  1.510000e+00
   endloop
 endfacet
 facet normal  0.000000e+00  0.000000e+00  1.000000e+00
   outer loop
     vertex -4.007506e+00  4.286139e+00  1.510000e+00
     vertex -4.058455e+00  4.163137e+00  1.510000e+00
     vertex -4.058455e+00  1.673137e+00  1.510000e+00
   endloop
 endfacet
 facet normal  0.000000e+00  0.000000e+00  1.000000e+00
   outer loop
     vertex -7.060788e+00  7.677477e+00  1.510000e+00
     vertex -7.755128e+00  4.859810e+00  1.510000e+00
     vertex -7.632126e+00  4.910759e+00  1.510000e+00
   endloop
 endfacet
 facet normal  0.000000e+00  0.000000e+00  1.000000e+00
   outer loop
     vertex -7.299166e+00  7.988137e+00  1.510000e+00
     vertex -7.860752e+00  4.778761e+00  1.510000e+00
     vertex -7.755128e+00  4.859810e+00  1.510000e+00
   endloop
 endfacet
 facet normal  0.000000e+00  0.000000e+00  1.000000e+00
   outer loop
     vertex -7.299166e+00  7.988137e+00  1.510000e+00
     vertex -7.755128e+00  4.859810e+00  1.510000e+00
     vertex -7.060788e+00  7.677477e+00  1.510000e+00
   endloop
 endfacet
 facet normal  0.000000e+00  0.000000e+00  1.000000e+00
   outer loop
     vertex -6.750128e+00  7.439099e+00  1.510000e+00
     vertex -7.632126e+00  4.910759e+00  1.510000e+00
     vertex -7.500128e+00  4.928137e+00  1.510000e+00
   endloop
 endfacet
 facet normal  0.000000e+00  0.000000e+00  1.000000e+00
   outer loop
     vertex -6.750128e+00  7.439099e+00  1.510000e+00
     vertex -7.500128e+00  4.928137e+00  1.510000e+00
     vertex -7.368130e+00  4.910759e+00  1.510000e+00
   endloop
 endfacet
 facet normal  0.000000e+00  0.000000e+00  1.000000e+00
   outer loop
     vertex -6.750128e+00  7.439099e+00  1.510000e+00
     vertex -7.060788e+00  7.677477e+00  1.510000e+00
     vertex -7.632126e+00  4.910759e+00  1.510000e+00
   endloop
 endfacet
 facet normal  0.000000e+00  0.000000e+00  1.000000e+00
   outer loop
     vertex -6.388357e+00  7.289248e+00  1.510000e+00
     vertex -7.368130e+00  4.910759e+00  1.510000e+00
     vertex -7.245128e+00  4.859810e+00  1.510000e+00
   endloop
 endfacet
 facet normal  0.000000e+00  0.000000e+00  1.000000e+00
   outer loop
     vertex -6.388357e+00  7.289248e+00  1.510000e+00
     vertex -6.750128e+00  7.439099e+00  1.510000e+00
     vertex -7.368130e+00  4.910759e+00  1.510000e+00
   endloop
 endfacet
 facet normal  0.000000e+00  0.000000e+00  1.000000e+00
   outer loop
     vertex -7.449017e+00  8.349908e+00  1.510000e+00
     vertex -7.941801e+00  4.673137e+00  1.510000e+00
     vertex -7.860752e+00  4.778761e+00  1.510000e+00
   endloop
 endfacet
 facet normal  0.000000e+00  0.000000e+00  1.000000e+00
   outer loop
     vertex -7.449017e+00  8.349908e+00  1.510000e+00
     vertex -1.650013e+01  8.738137e+00  1.510000e+00
     vertex -1.655124e+01  8.349908e+00  1.510000e+00
   endloop
 endfacet
 facet normal  0.000000e+00  0.000000e+00  1.000000e+00
   outer loop
     vertex -7.449017e+00  8.349908e+00  1.510000e+00
     vertex -7.860752e+00  4.778761e+00  1.510000e+00
     vertex -7.299166e+00  7.988137e+00  1.510000e+00
   endloop
 endfacet
 facet normal  0.000000e+00  0.000000e+00  1.000000e+00
   outer loop
     vertex -7.449017e+00  8.349908e+00  1.510000e+00
     vertex -1.655124e+01  8.349908e+00  1.510000e+00
     vertex -7.941801e+00  4.673137e+00  1.510000e+00
   endloop
 endfacet
 facet normal  0.000000e+00  0.000000e+00  1.000000e+00
   outer loop
     vertex -6.000128e+00  7.238137e+00  1.510000e+00
     vertex -7.245128e+00  4.859810e+00  1.510000e+00
     vertex -7.139504e+00  4.778761e+00  1.510000e+00
   endloop
 endfacet
 facet normal  0.000000e+00  0.000000e+00  1.000000e+00
   outer loop
     vertex -6.000128e+00  7.238137e+00  1.510000e+00
     vertex -4.860752e+00  4.778761e+00  1.510000e+00
     vertex -4.755128e+00  4.859810e+00  1.510000e+00
   endloop
 endfacet
 facet normal  0.000000e+00  0.000000e+00  1.000000e+00
   outer loop
     vertex -6.000128e+00  7.238137e+00  1.510000e+00
     vertex -6.388357e+00  7.289248e+00  1.510000e+00
     vertex -7.245128e+00  4.859810e+00  1.510000e+00
   endloop
 endfacet
 facet normal  0.000000e+00  0.000000e+00  1.000000e+00
   outer loop
     vertex -6.000128e+00  7.238137e+00  1.510000e+00
     vertex -7.139504e+00  4.778761e+00  1.510000e+00
     vertex -4.860752e+00  4.778761e+00  1.510000e+00
   endloop
 endfacet
 facet normal  0.000000e+00  0.000000e+00  1.000000e+00
   outer loop
     vertex -7.500128e+00  8.738137e+00  1.510000e+00
     vertex -1.650013e+01  8.738137e+00  1.510000e+00
     vertex -7.449017e+00  8.349908e+00  1.510000e+00
   endloop
 endfacet
 facet normal  0.000000e+00  0.000000e+00  1.000000e+00
   outer loop
     vertex -5.611899e+00  7.289248e+00  1.510000e+00
     vertex -4.755128e+00  4.859810e+00  1.510000e+00
     vertex -4.632126e+00  4.910759e+00  1.510000e+00
   endloop
 endfacet
 facet normal  0.000000e+00  0.000000e+00  1.000000e+00
   outer loop
     vertex -5.611899e+00  7.289248e+00  1.510000e+00
     vertex -6.000128e+00  7.238137e+00  1.510000e+00
     vertex -4.755128e+00  4.859810e+00  1.510000e+00
   endloop
 endfacet
 facet normal  0.000000e+00  0.000000e+00  1.000000e+00
   outer loop
     vertex -7.449017e+00  9.126366e+00  1.510000e+00
     vertex -1.670109e+01  9.488137e+00  1.510000e+00
     vertex -1.655124e+01  9.126366e+00  1.510000e+00
   endloop
 endfacet
 facet normal  0.000000e+00  0.000000e+00  1.000000e+00
   outer loop
     vertex -7.449017e+00  9.126366e+00  1.510000e+00
     vertex -1.655124e+01  9.126366e+00  1.510000e+00
     vertex -1.650013e+01  8.738137e+00  1.510000e+00
   endloop
 endfacet
 facet normal  0.000000e+00  0.000000e+00  1.000000e+00
   outer loop
     vertex -7.449017e+00  9.126366e+00  1.510000e+00
     vertex -1.650013e+01  8.738137e+00  1.510000e+00
     vertex -7.500128e+00  8.738137e+00  1.510000e+00
   endloop
 endfacet
 facet normal  0.000000e+00  0.000000e+00  1.000000e+00
   outer loop
     vertex -7.299166e+00  9.488137e+00  1.510000e+00
     vertex -1.670109e+01  9.488137e+00  1.510000e+00
     vertex -7.449017e+00  9.126366e+00  1.510000e+00
   endloop
 endfacet
 facet normal  0.000000e+00  0.000000e+00  1.000000e+00
   outer loop
     vertex -5.250128e+00  7.439099e+00  1.510000e+00
     vertex -4.632126e+00  4.910759e+00  1.510000e+00
     vertex -4.500128e+00  4.928137e+00  1.510000e+00
   endloop
 endfacet
 facet normal  0.000000e+00  0.000000e+00  1.000000e+00
   outer loop
     vertex -5.250128e+00  7.439099e+00  1.510000e+00
     vertex -4.500128e+00  4.928137e+00  1.510000e+00
     vertex -4.368130e+00  4.910759e+00  1.510000e+00
   endloop
 endfacet
 facet normal  0.000000e+00  0.000000e+00  1.000000e+00
   outer loop
     vertex -5.250128e+00  7.439099e+00  1.510000e+00
     vertex -5.611899e+00  7.289248e+00  1.510000e+00
     vertex -4.632126e+00  4.910759e+00  1.510000e+00
   endloop
 endfacet
 facet normal  0.000000e+00  0.000000e+00  1.000000e+00
   outer loop
     vertex -7.060788e+00  9.798797e+00  1.510000e+00
     vertex -1.693947e+01  9.798797e+00  1.510000e+00
     vertex -1.670109e+01  9.488137e+00  1.510000e+00
   endloop
 endfacet
 facet normal  0.000000e+00  0.000000e+00  1.000000e+00
   outer loop
     vertex -7.060788e+00  9.798797e+00  1.510000e+00
     vertex -1.670109e+01  9.488137e+00  1.510000e+00
     vertex -7.299166e+00  9.488137e+00  1.510000e+00
   endloop
 endfacet
 facet normal  0.000000e+00  0.000000e+00  1.000000e+00
   outer loop
     vertex -4.939468e+00  7.677477e+00  1.510000e+00
     vertex -4.368130e+00  4.910759e+00  1.510000e+00
     vertex -4.245128e+00  4.859810e+00  1.510000e+00
   endloop
 endfacet
 facet normal  0.000000e+00  0.000000e+00  1.000000e+00
   outer loop
     vertex -4.939468e+00  7.677477e+00  1.510000e+00
     vertex -5.250128e+00  7.439099e+00  1.510000e+00
     vertex -4.368130e+00  4.910759e+00  1.510000e+00
   endloop
 endfacet
 facet normal  0.000000e+00  0.000000e+00  1.000000e+00
   outer loop
     vertex -6.750128e+00  1.003718e+01  1.510000e+00
     vertex -1.693947e+01  9.798797e+00  1.510000e+00
     vertex -7.060788e+00  9.798797e+00  1.510000e+00
   endloop
 endfacet
 facet normal  0.000000e+00  0.000000e+00  1.000000e+00
   outer loop
     vertex -6.750128e+00  1.003718e+01  1.510000e+00
     vertex -1.725013e+01  1.003718e+01  1.510000e+00
     vertex -1.693947e+01  9.798797e+00  1.510000e+00
   endloop
 endfacet
 facet normal  0.000000e+00  0.000000e+00  1.000000e+00
   outer loop
     vertex -4.701090e+00  7.988137e+00  1.510000e+00
     vertex -4.939468e+00  7.677477e+00  1.510000e+00
     vertex -4.245128e+00  4.859810e+00  1.510000e+00
   endloop
 endfacet
 facet normal  0.000000e+00  0.000000e+00  1.000000e+00
   outer loop
     vertex -4.701090e+00  7.988137e+00  1.510000e+00
     vertex -4.245128e+00  4.859810e+00  1.510000e+00
     vertex -4.139504e+00  4.778761e+00  1.510000e+00
   endloop
 endfacet
 facet normal  0.000000e+00  0.000000e+00  1.000000e+00
   outer loop
     vertex -4.551239e+00  8.349908e+00  1.510000e+00
     vertex -4.139504e+00  4.778761e+00  1.510000e+00
     vertex -4.058455e+00  4.673137e+00  1.510000e+00
   endloop
 endfacet
 facet normal  0.000000e+00  0.000000e+00  1.000000e+00
   outer loop
     vertex -4.551239e+00  8.349908e+00  1.510000e+00
     vertex -4.701090e+00  7.988137e+00  1.510000e+00
     vertex -4.139504e+00  4.778761e+00  1.510000e+00
   endloop
 endfacet
 facet normal  0.000000e+00  0.000000e+00  1.000000e+00
   outer loop
     vertex -6.388357e+00  1.018703e+01  1.510000e+00
     vertex -1.761190e+01  1.018703e+01  1.510000e+00
     vertex -1.725013e+01  1.003718e+01  1.510000e+00
   endloop
 endfacet
 facet normal  0.000000e+00  0.000000e+00  1.000000e+00
   outer loop
     vertex -6.388357e+00  1.018703e+01  1.510000e+00
     vertex -2.399962e+01  1.349712e+01  1.510000e+00
     vertex -1.761190e+01  1.018703e+01  1.510000e+00
   endloop
 endfacet
 facet normal  0.000000e+00  0.000000e+00  1.000000e+00
   outer loop
     vertex -6.388357e+00  1.018703e+01  1.510000e+00
     vertex -1.725013e+01  1.003718e+01  1.510000e+00
     vertex -6.750128e+00  1.003718e+01  1.510000e+00
   endloop
 endfacet
 facet normal  0.000000e+00  0.000000e+00  1.000000e+00
   outer loop
     vertex  4.139248e+00  1.057513e+00  1.510000e+00
     vertex  7.498720e-01 -5.746863e+00  1.510000e+00
     vertex  8.275177e-01 -5.757085e+00  1.510000e+00
   endloop
 endfacet
 facet normal  0.000000e+00  0.000000e+00  1.000000e+00
   outer loop
     vertex  4.139248e+00  1.057513e+00  1.510000e+00
     vertex  1.922226e+00 -5.757085e+00  1.510000e+00
     vertex  1.999872e+00 -5.746863e+00  1.510000e+00
   endloop
 endfacet
 facet normal  0.000000e+00  0.000000e+00  1.000000e+00
   outer loop
     vertex  4.139248e+00  1.057513e+00  1.510000e+00
     vertex  8.275177e-01 -5.757085e+00  1.510000e+00
     vertex  1.922226e+00 -5.757085e+00  1.510000e+00
   endloop
 endfacet
 facet normal  0.000000e+00  0.000000e+00  1.000000e+00
   outer loop
     vertex  4.058199e+00  1.163137e+00  1.510000e+00
     vertex  7.498720e-01 -5.746863e+00  1.510000e+00
     vertex  4.139248e+00  1.057513e+00  1.510000e+00
   endloop
 endfacet
 facet normal  0.000000e+00  0.000000e+00  1.000000e+00
   outer loop
     vertex  4.058199e+00  1.163137e+00  1.510000e+00
     vertex  6.722263e-01 -5.757085e+00  1.510000e+00
     vertex  7.498720e-01 -5.746863e+00  1.510000e+00
   endloop
 endfacet
 facet normal  0.000000e+00  0.000000e+00  1.000000e+00
   outer loop
     vertex  4.058199e+00  1.163137e+00  1.510000e+00
     vertex -4.058455e+00  1.163137e+00  1.510000e+00
     vertex  6.722263e-01 -5.757085e+00  1.510000e+00
   endloop
 endfacet
 facet normal  0.000000e+00  0.000000e+00  1.000000e+00
   outer loop
     vertex  4.244872e+00  9.764640e-01  1.510000e+00
     vertex  1.999872e+00 -5.746863e+00  1.510000e+00
     vertex  2.077518e+00 -5.757085e+00  1.510000e+00
   endloop
 endfacet
 facet normal  0.000000e+00  0.000000e+00  1.000000e+00
   outer loop
     vertex  4.244872e+00  9.764640e-01  1.510000e+00
     vertex  4.139248e+00  1.057513e+00  1.510000e+00
     vertex  1.999872e+00 -5.746863e+00  1.510000e+00
   endloop
 endfacet
 facet normal  0.000000e+00  0.000000e+00  1.000000e+00
   outer loop
     vertex  4.367874e+00  9.255148e-01  1.510000e+00
     vertex  2.077518e+00 -5.757085e+00  1.510000e+00
     vertex  4.422226e+00 -5.757085e+00  1.510000e+00
   endloop
 endfacet
 facet normal  0.000000e+00  0.000000e+00  1.000000e+00
   outer loop
     vertex  4.367874e+00  9.255148e-01  1.510000e+00
     vertex  4.244872e+00  9.764640e-01  1.510000e+00
     vertex  2.077518e+00 -5.757085e+00  1.510000e+00
   endloop
 endfacet
 facet normal  0.000000e+00  0.000000e+00  1.000000e+00
   outer loop
     vertex  4.007250e+00  1.286139e+00  1.510000e+00
     vertex -4.058455e+00  1.163137e+00  1.510000e+00
     vertex  4.058199e+00  1.163137e+00  1.510000e+00
   endloop
 endfacet
 facet normal  0.000000e+00  0.000000e+00  1.000000e+00
   outer loop
     vertex  4.007250e+00  1.286139e+00  1.510000e+00
     vertex -4.007506e+00  1.286139e+00  1.510000e+00
     vertex -4.058455e+00  1.163137e+00  1.510000e+00
   endloop
 endfacet
 facet normal  0.000000e+00  0.000000e+00  1.000000e+00
   outer loop
     vertex  4.499872e+00  9.081370e-01  1.510000e+00
     vertex  4.367874e+00  9.255148e-01  1.510000e+00
     vertex  4.422226e+00 -5.757085e+00  1.510000e+00
   endloop
 endfacet
 facet normal  0.000000e+00  0.000000e+00  1.000000e+00
   outer loop
     vertex  4.499872e+00  9.081370e-01  1.510000e+00
     vertex  4.422226e+00 -5.757085e+00  1.510000e+00
     vertex  4.499872e+00 -5.746863e+00  1.510000e+00
   endloop
 endfacet
 facet normal  0.000000e+00  0.000000e+00  1.000000e+00
   outer loop
     vertex  4.499872e+00  9.081370e-01  1.510000e+00
     vertex  4.499872e+00 -5.746863e+00  1.510000e+00
     vertex  4.577518e+00 -5.757085e+00  1.510000e+00
   endloop
 endfacet
 facet normal  0.000000e+00  0.000000e+00  1.000000e+00
   outer loop
     vertex  3.989872e+00  1.418137e+00  1.510000e+00
     vertex -3.990128e+00  1.418137e+00  1.510000e+00
     vertex -4.007506e+00  1.286139e+00  1.510000e+00
   endloop
 endfacet
 facet normal  0.000000e+00  0.000000e+00  1.000000e+00
   outer loop
     vertex  3.989872e+00  1.418137e+00  1.510000e+00
     vertex -4.007506e+00  1.286139e+00  1.510000e+00
     vertex  4.007250e+00  1.286139e+00  1.510000e+00
   endloop
 endfacet
 facet normal  0.000000e+00  0.000000e+00  1.000000e+00
   outer loop
     vertex  4.007250e+00  1.550135e+00  1.510000e+00
     vertex -4.007506e+00  1.550135e+00  1.510000e+00
     vertex -3.990128e+00  1.418137e+00  1.510000e+00
   endloop
 endfacet
 facet normal  0.000000e+00  0.000000e+00  1.000000e+00
   outer loop
     vertex  4.007250e+00  1.550135e+00  1.510000e+00
     vertex -3.990128e+00  1.418137e+00  1.510000e+00
     vertex  3.989872e+00  1.418137e+00  1.510000e+00
   endloop
 endfacet
 facet normal  0.000000e+00  0.000000e+00  1.000000e+00
   outer loop
     vertex  4.631870e+00  9.255148e-01  1.510000e+00
     vertex  4.499872e+00  9.081370e-01  1.510000e+00
     vertex  4.577518e+00 -5.757085e+00  1.510000e+00
   endloop
 endfacet
 facet normal  0.000000e+00  0.000000e+00  1.000000e+00
   outer loop
     vertex  4.631870e+00  9.255148e-01  1.510000e+00
     vertex  4.577518e+00 -5.757085e+00  1.510000e+00
     vertex  4.649872e+00 -5.787055e+00  1.510000e+00
   endloop
 endfacet
 facet normal  0.000000e+00  0.000000e+00  1.000000e+00
   outer loop
     vertex  1.369987e+01 -7.206671e+00  1.510000e+00
     vertex  4.712004e+00 -7.158995e+00  1.510000e+00
     vertex  4.649872e+00 -7.206671e+00  1.510000e+00
   endloop
 endfacet
 facet normal  0.000000e+00  0.000000e+00  1.000000e+00
   outer loop
     vertex  1.369987e+01 -7.206671e+00  1.510000e+00
     vertex  1.363774e+01 -7.158995e+00  1.510000e+00
     vertex  4.712004e+00 -7.158995e+00  1.510000e+00
   endloop
 endfacet
 facet normal  0.000000e+00  0.000000e+00  1.000000e+00
   outer loop
     vertex  1.359006e+01 -7.096863e+00  1.510000e+00
     vertex  4.759680e+00 -7.096863e+00  1.510000e+00
     vertex  4.712004e+00 -7.158995e+00  1.510000e+00
   endloop
 endfacet
 facet normal  0.000000e+00  0.000000e+00  1.000000e+00
   outer loop
     vertex  1.359006e+01 -7.096863e+00  1.510000e+00
     vertex  4.712004e+00 -7.158995e+00  1.510000e+00
     vertex  1.363774e+01 -7.158995e+00  1.510000e+00
   endloop
 endfacet
 facet normal  0.000000e+00  0.000000e+00  1.000000e+00
   outer loop
     vertex  1.356009e+01 -7.024509e+00  1.510000e+00
     vertex  4.789650e+00 -7.024509e+00  1.510000e+00
     vertex  4.759680e+00 -7.096863e+00  1.510000e+00
   endloop
 endfacet
 facet normal  0.000000e+00  0.000000e+00  1.000000e+00
   outer loop
     vertex  1.356009e+01 -7.024509e+00  1.510000e+00
     vertex  4.759680e+00 -7.096863e+00  1.510000e+00
     vertex  1.359006e+01 -7.096863e+00  1.510000e+00
   endloop
 endfacet
 facet normal  0.000000e+00  0.000000e+00  1.000000e+00
   outer loop
     vertex  1.377223e+01 -7.236641e+00  1.510000e+00
     vertex  4.649872e+00 -7.206671e+00  1.510000e+00
     vertex  4.577518e+00 -7.236641e+00  1.510000e+00
   endloop
 endfacet
 facet normal  0.000000e+00  0.000000e+00  1.000000e+00
   outer loop
     vertex  1.377223e+01 -7.236641e+00  1.510000e+00
     vertex  1.369987e+01 -7.206671e+00  1.510000e+00
     vertex  4.649872e+00 -7.206671e+00  1.510000e+00
   endloop
 endfacet
 facet normal  0.000000e+00  0.000000e+00  1.000000e+00
   outer loop
     vertex  1.354987e+01 -6.946863e+00  1.510000e+00
     vertex  4.799872e+00 -6.946863e+00  1.510000e+00
     vertex  4.789650e+00 -7.024509e+00  1.510000e+00
   endloop
 endfacet
 facet normal  0.000000e+00  0.000000e+00  1.000000e+00
   outer loop
     vertex  1.354987e+01 -6.946863e+00  1.510000e+00
     vertex  4.789650e+00 -7.024509e+00  1.510000e+00
     vertex  1.356009e+01 -7.024509e+00  1.510000e+00
   endloop
 endfacet
 facet normal  0.000000e+00  0.000000e+00  1.000000e+00
   outer loop
     vertex  1.354987e+01 -6.946863e+00  1.510000e+00
     vertex  4.799872e+00 -6.046863e+00  1.510000e+00
     vertex  4.799872e+00 -6.946863e+00  1.510000e+00
   endloop
 endfacet
 facet normal  0.000000e+00  0.000000e+00  1.000000e+00
   outer loop
     vertex  1.354987e+01 -6.046863e+00  1.510000e+00
     vertex  4.799872e+00 -6.046863e+00  1.510000e+00
     vertex  1.354987e+01 -6.946863e+00  1.510000e+00
   endloop
 endfacet
 facet normal  0.000000e+00  0.000000e+00  1.000000e+00
   outer loop
     vertex  1.356009e+01 -5.969217e+00  1.510000e+00
     vertex  4.789650e+00 -5.969217e+00  1.510000e+00
     vertex  4.799872e+00 -6.046863e+00  1.510000e+00
   endloop
 endfacet
 facet normal  0.000000e+00  0.000000e+00  1.000000e+00
   outer loop
     vertex  1.356009e+01 -5.969217e+00  1.510000e+00
     vertex  4.799872e+00 -6.046863e+00  1.510000e+00
     vertex  1.354987e+01 -6.046863e+00  1.510000e+00
   endloop
 endfacet
 facet normal  0.000000e+00  0.000000e+00  1.000000e+00
   outer loop
     vertex  1.359006e+01 -5.896863e+00  1.510000e+00
     vertex  4.789650e+00 -5.969217e+00  1.510000e+00
     vertex  1.356009e+01 -5.969217e+00  1.510000e+00
   endloop
 endfacet
 facet normal  0.000000e+00  0.000000e+00  1.000000e+00
   outer loop
     vertex  1.359006e+01 -5.896863e+00  1.510000e+00
     vertex  4.759680e+00 -5.896863e+00  1.510000e+00
     vertex  4.789650e+00 -5.969217e+00  1.510000e+00
   endloop
 endfacet
 facet normal  0.000000e+00  0.000000e+00  1.000000e+00
   outer loop
     vertex  7.139248e+00  1.057513e+00  1.510000e+00
     vertex  4.860496e+00  1.057513e+00  1.510000e+00
     vertex  4.754872e+00  9.764640e-01  1.510000e+00
   endloop
 endfacet
 facet normal  0.000000e+00  0.000000e+00  1.000000e+00
   outer loop
     vertex  7.058199e+00  1.163137e+00  1.510000e+00
     vertex  4.941545e+00  1.163137e+00  1.510000e+00
     vertex  4.860496e+00  1.057513e+00  1.510000e+00
   endloop
 endfacet
 facet normal  0.000000e+00  0.000000e+00  1.000000e+00
   outer loop
     vertex  7.058199e+00  1.163137e+00  1.510000e+00
     vertex  4.860496e+00  1.057513e+00  1.510000e+00
     vertex  7.139248e+00  1.057513e+00  1.510000e+00
   endloop
 endfacet
 facet normal  0.000000e+00  0.000000e+00  1.000000e+00
   outer loop
     vertex  7.244872e+00  9.764640e-01  1.510000e+00
     vertex  7.139248e+00  1.057513e+00  1.510000e+00
     vertex  4.754872e+00  9.764640e-01  1.510000e+00
   endloop
 endfacet
 facet normal  0.000000e+00  0.000000e+00  1.000000e+00
   outer loop
     vertex  4.058199e+00  4.163137e+00  1.510000e+00
     vertex  4.139248e+00  1.778761e+00  1.510000e+00
     vertex  4.139248e+00  4.057513e+00  1.510000e+00
   endloop
 endfacet
 facet normal  0.000000e+00  0.000000e+00  1.000000e+00
   outer loop
     vertex  4.058199e+00  4.163137e+00  1.510000e+00
     vertex  4.058199e+00  1.673137e+00  1.510000e+00
     vertex  4.139248e+00  1.778761e+00  1.510000e+00
   endloop
 endfacet
 facet normal  0.000000e+00  0.000000e+00  1.000000e+00
   outer loop
     vertex  4.244872e+00  3.976464e+00  1.510000e+00
     vertex  4.139248e+00  4.057513e+00  1.510000e+00
     vertex  4.139248e+00  1.778761e+00  1.510000e+00
   endloop
 endfacet
 facet normal  0.000000e+00  0.000000e+00  1.000000e+00
   outer loop
     vertex  4.244872e+00  3.976464e+00  1.510000e+00
     vertex  4.139248e+00  1.778761e+00  1.510000e+00
     vertex  4.244872e+00  1.859810e+00  1.510000e+00
   endloop
 endfacet
 facet normal  0.000000e+00  0.000000e+00  1.000000e+00
   outer loop
     vertex  7.367874e+00  9.255148e-01  1.510000e+00
     vertex  7.244872e+00  9.764640e-01  1.510000e+00
     vertex  4.754872e+00  9.764640e-01  1.510000e+00
   endloop
 endfacet
 facet normal  0.000000e+00  0.000000e+00  1.000000e+00
   outer loop
     vertex  7.367874e+00  9.255148e-01  1.510000e+00
     vertex  4.754872e+00  9.764640e-01  1.510000e+00
     vertex  4.631870e+00  9.255148e-01  1.510000e+00
   endloop
 endfacet
 facet normal  0.000000e+00  0.000000e+00  1.000000e+00
   outer loop
     vertex  7.367874e+00  9.255148e-01  1.510000e+00
     vertex  4.631870e+00  9.255148e-01  1.510000e+00
     vertex  4.649872e+00 -5.787055e+00  1.510000e+00
   endloop
 endfacet
 facet normal  0.000000e+00  0.000000e+00  1.000000e+00
   outer loop
     vertex  7.007250e+00  1.286139e+00  1.510000e+00
     vertex  5.009872e+00  1.418137e+00  1.510000e+00
     vertex  4.992494e+00  1.286139e+00  1.510000e+00
   endloop
 endfacet
 facet normal  0.000000e+00  0.000000e+00  1.000000e+00
   outer loop
     vertex  7.007250e+00  1.286139e+00  1.510000e+00
     vertex  4.992494e+00  1.286139e+00  1.510000e+00
     vertex  4.941545e+00  1.163137e+00  1.510000e+00
   endloop
 endfacet
 facet normal  0.000000e+00  0.000000e+00  1.000000e+00
   outer loop
     vertex  7.007250e+00  1.286139e+00  1.510000e+00
     vertex  4.941545e+00  1.163137e+00  1.510000e+00
     vertex  7.058199e+00  1.163137e+00  1.510000e+00
   endloop
 endfacet
 facet normal  0.000000e+00  0.000000e+00  1.000000e+00
   outer loop
     vertex  4.367874e+00  3.925515e+00  1.510000e+00
     vertex  4.244872e+00  1.859810e+00  1.510000e+00
     vertex  4.367874e+00  1.910759e+00  1.510000e+00
   endloop
 endfacet
 facet normal  0.000000e+00  0.000000e+00  1.000000e+00
   outer loop
     vertex  4.367874e+00  3.925515e+00  1.510000e+00
     vertex  4.367874e+00  1.910759e+00  1.510000e+00
     vertex  4.499872e+00  1.928137e+00  1.510000e+00
   endloop
 endfacet
 facet normal  0.000000e+00  0.000000e+00  1.000000e+00
   outer loop
     vertex  4.367874e+00  3.925515e+00  1.510000e+00
     vertex  4.244872e+00  3.976464e+00  1.510000e+00
     vertex  4.244872e+00  1.859810e+00  1.510000e+00
   endloop
 endfacet
 facet normal  0.000000e+00  0.000000e+00  1.000000e+00
   outer loop
     vertex  4.007250e+00  4.286139e+00  1.510000e+00
     vertex  4.007250e+00  1.550135e+00  1.510000e+00
     vertex  4.058199e+00  1.673137e+00  1.510000e+00
   endloop
 endfacet
 facet normal  0.000000e+00  0.000000e+00  1.000000e+00
   outer loop
     vertex  4.007250e+00  4.286139e+00  1.510000e+00
     vertex  4.058199e+00  1.673137e+00  1.510000e+00
     vertex  4.058199e+00  4.163137e+00  1.510000e+00
   endloop
 endfacet
 facet normal  0.000000e+00  0.000000e+00  1.000000e+00
   outer loop
     vertex  4.007250e+00  4.286139e+00  1.510000e+00
     vertex -4.007506e+00  1.550135e+00  1.510000e+00
     vertex  4.007250e+00  1.550135e+00  1.510000e+00
   endloop
 endfacet
 facet normal  0.000000e+00  0.000000e+00  1.000000e+00
   outer loop
     vertex  4.007250e+00  4.286139e+00  1.510000e+00
     vertex -4.007506e+00  4.286139e+00  1.510000e+00
     vertex -4.007506e+00  1.550135e+00  1.510000e+00
   endloop
 endfacet
 facet normal  0.000000e+00  0.000000e+00  1.000000e+00
   outer loop
     vertex  4.007250e+00  4.286139e+00  1.510000e+00
     vertex -3.990128e+00  4.418137e+00  1.510000e+00
     vertex -4.007506e+00  4.286139e+00  1.510000e+00
   endloop
 endfacet
 facet normal  0.000000e+00  0.000000e+00  1.000000e+00
   outer loop
     vertex  1.553774e+01 -7.158995e+00  1.510000e+00
     vertex  1.406200e+01 -7.158995e+00  1.510000e+00
     vertex  1.399987e+01 -7.206671e+00  1.510000e+00
   endloop
 endfacet
 facet normal  0.000000e+00  0.000000e+00  1.000000e+00
   outer loop
     vertex  1.559987e+01 -7.206671e+00  1.510000e+00
     vertex  1.399987e+01 -7.206671e+00  1.510000e+00
     vertex  1.392752e+01 -7.236641e+00  1.510000e+00
   endloop
 endfacet
 facet normal  0.000000e+00  0.000000e+00  1.000000e+00
   outer loop
     vertex  1.559987e+01 -7.206671e+00  1.510000e+00
     vertex  1.553774e+01 -7.158995e+00  1.510000e+00
     vertex  1.399987e+01 -7.206671e+00  1.510000e+00
   endloop
 endfacet
 facet normal  0.000000e+00  0.000000e+00  1.000000e+00
   outer loop
     vertex  1.549006e+01 -7.096863e+00  1.510000e+00
     vertex  1.410968e+01 -7.096863e+00  1.510000e+00
     vertex  1.406200e+01 -7.158995e+00  1.510000e+00
   endloop
 endfacet
 facet normal  0.000000e+00  0.000000e+00  1.000000e+00
   outer loop
     vertex  1.549006e+01 -7.096863e+00  1.510000e+00
     vertex  1.406200e+01 -7.158995e+00  1.510000e+00
     vertex  1.553774e+01 -7.158995e+00  1.510000e+00
   endloop
 endfacet
 facet normal  0.000000e+00  0.000000e+00  1.000000e+00
   outer loop
     vertex  3.989872e+00  4.418137e+00  1.510000e+00
     vertex -3.990128e+00  4.418137e+00  1.510000e+00
     vertex  4.007250e+00  4.286139e+00  1.510000e+00
   endloop
 endfacet
 facet normal  0.000000e+00  0.000000e+00  1.000000e+00
   outer loop
     vertex  4.499872e+00  3.908137e+00  1.510000e+00
     vertex  4.367874e+00  3.925515e+00  1.510000e+00
     vertex  4.499872e+00  1.928137e+00  1.510000e+00
   endloop
 endfacet
 facet normal  0.000000e+00  0.000000e+00  1.000000e+00
   outer loop
     vertex  7.499872e+00  9.081370e-01  1.510000e+00
     vertex  4.649872e+00 -5.787055e+00  1.510000e+00
     vertex  4.712004e+00 -5.834731e+00  1.510000e+00
   endloop
 endfacet
 facet normal  0.000000e+00  0.000000e+00  1.000000e+00
   outer loop
     vertex  7.499872e+00  9.081370e-01  1.510000e+00
     vertex  4.712004e+00 -5.834731e+00  1.510000e+00
     vertex  4.759680e+00 -5.896863e+00  1.510000e+00
   endloop
 endfacet
 facet normal  0.000000e+00  0.000000e+00  1.000000e+00
   outer loop
     vertex  7.499872e+00  9.081370e-01  1.510000e+00
     vertex  7.367874e+00  9.255148e-01  1.510000e+00
     vertex  4.649872e+00 -5.787055e+00  1.510000e+00
   endloop
 endfacet
 facet normal  0.000000e+00  0.000000e+00  1.000000e+00
   outer loop
     vertex  6.989872e+00  1.418137e+00  1.510000e+00
     vertex  5.009872e+00  1.418137e+00  1.510000e+00
     vertex  7.007250e+00  1.286139e+00  1.510000e+00
   endloop
 endfacet
 facet normal  0.000000e+00  0.000000e+00  1.000000e+00
   outer loop
     vertex  1.546009e+01 -7.024509e+00  1.510000e+00
     vertex  1.410968e+01 -7.096863e+00  1.510000e+00
     vertex  1.549006e+01 -7.096863e+00  1.510000e+00
   endloop
 endfacet
 facet normal  0.000000e+00  0.000000e+00  1.000000e+00
   outer loop
     vertex  1.546009e+01 -7.024509e+00  1.510000e+00
     vertex  1.414987e+01 -6.946863e+00  1.510000e+00
     vertex  1.413965e+01 -7.024509e+00  1.510000e+00
   endloop
 endfacet
 facet normal  0.000000e+00  0.000000e+00  1.000000e+00
   outer loop
     vertex  1.546009e+01 -7.024509e+00  1.510000e+00
     vertex  1.413965e+01 -7.024509e+00  1.510000e+00
     vertex  1.410968e+01 -7.096863e+00  1.510000e+00
   endloop
 endfacet
 facet normal  0.000000e+00  0.000000e+00  1.000000e+00
   outer loop
     vertex  1.567223e+01 -7.236641e+00  1.510000e+00
     vertex  1.559987e+01 -7.206671e+00  1.510000e+00
     vertex  1.392752e+01 -7.236641e+00  1.510000e+00
   endloop
 endfacet
 facet normal  0.000000e+00  0.000000e+00  1.000000e+00
   outer loop
     vertex  1.567223e+01 -7.236641e+00  1.510000e+00
     vertex  1.392752e+01 -7.236641e+00  1.510000e+00
     vertex  1.384987e+01 -7.246863e+00  1.510000e+00
   endloop
 endfacet
 facet normal  0.000000e+00  0.000000e+00  1.000000e+00
   outer loop
     vertex  1.544987e+01 -6.946863e+00  1.510000e+00
     vertex  1.414987e+01 -6.946863e+00  1.510000e+00
     vertex  1.546009e+01 -7.024509e+00  1.510000e+00
   endloop
 endfacet
 facet normal  0.000000e+00  0.000000e+00  1.000000e+00
   outer loop
     vertex  1.574987e+01 -7.246863e+00  1.510000e+00
     vertex  1.567223e+01 -7.236641e+00  1.510000e+00
     vertex  1.384987e+01 -7.246863e+00  1.510000e+00
   endloop
 endfacet
 facet normal  0.000000e+00  0.000000e+00  1.000000e+00
   outer loop
     vertex  4.631870e+00  3.925515e+00  1.510000e+00
     vertex  4.499872e+00  1.928137e+00  1.510000e+00
     vertex  4.631870e+00  1.910759e+00  1.510000e+00
   endloop
 endfacet
 facet normal  0.000000e+00  0.000000e+00  1.000000e+00
   outer loop
     vertex  4.631870e+00  3.925515e+00  1.510000e+00
     vertex  4.499872e+00  3.908137e+00  1.510000e+00
     vertex  4.499872e+00  1.928137e+00  1.510000e+00
   endloop
 endfacet
 facet normal  0.000000e+00  0.000000e+00  1.000000e+00
   outer loop
     vertex  7.007250e+00  1.550135e+00  1.510000e+00
     vertex  4.941545e+00  1.673137e+00  1.510000e+00
     vertex  4.992494e+00  1.550135e+00  1.510000e+00
   endloop
 endfacet
 facet normal  0.000000e+00  0.000000e+00  1.000000e+00
   outer loop
     vertex  7.007250e+00  1.550135e+00  1.510000e+00
     vertex  4.992494e+00  1.550135e+00  1.510000e+00
     vertex  5.009872e+00  1.418137e+00  1.510000e+00
   endloop
 endfacet
 facet normal  0.000000e+00  0.000000e+00  1.000000e+00
   outer loop
     vertex  7.007250e+00  1.550135e+00  1.510000e+00
     vertex  5.009872e+00  1.418137e+00  1.510000e+00
     vertex  6.989872e+00  1.418137e+00  1.510000e+00
   endloop
 endfacet
 facet normal  0.000000e+00  0.000000e+00  1.000000e+00
   outer loop
     vertex  4.007250e+00  4.550135e+00  1.510000e+00
     vertex -3.990128e+00  4.418137e+00  1.510000e+00
     vertex  3.989872e+00  4.418137e+00  1.510000e+00
   endloop
 endfacet
 facet normal  0.000000e+00  0.000000e+00  1.000000e+00
   outer loop
     vertex  4.007250e+00  4.550135e+00  1.510000e+00
     vertex -4.058455e+00  4.673137e+00  1.510000e+00
     vertex -4.007506e+00  4.550135e+00  1.510000e+00
   endloop
 endfacet
 facet normal  0.000000e+00  0.000000e+00  1.000000e+00
   outer loop
     vertex  4.007250e+00  4.550135e+00  1.510000e+00
     vertex -4.007506e+00  4.550135e+00  1.510000e+00
     vertex -3.990128e+00  4.418137e+00  1.510000e+00
   endloop
 endfacet
 facet normal  0.000000e+00  0.000000e+00  1.000000e+00
   outer loop
     vertex  7.631870e+00  9.255148e-01  1.510000e+00
     vertex  7.499872e+00  9.081370e-01  1.510000e+00
     vertex  4.759680e+00 -5.896863e+00  1.510000e+00
   endloop
 endfacet
 facet normal  0.000000e+00  0.000000e+00  1.000000e+00
   outer loop
     vertex  7.631870e+00  9.255148e-01  1.510000e+00
     vertex  4.759680e+00 -5.896863e+00  1.510000e+00
     vertex  1.359006e+01 -5.896863e+00  1.510000e+00
   endloop
 endfacet
 facet normal  0.000000e+00  0.000000e+00  1.000000e+00
   outer loop
     vertex  7.058199e+00  1.673137e+00  1.510000e+00
     vertex  4.941545e+00  1.673137e+00  1.510000e+00
     vertex  7.007250e+00  1.550135e+00  1.510000e+00
   endloop
 endfacet
 facet normal  0.000000e+00  0.000000e+00  1.000000e+00
   outer loop
     vertex  4.058199e+00  4.673137e+00  1.510000e+00
     vertex -4.058455e+00  4.673137e+00  1.510000e+00
     vertex  4.007250e+00  4.550135e+00  1.510000e+00
   endloop
 endfacet
 facet normal  0.000000e+00  0.000000e+00  1.000000e+00
   outer loop
     vertex  4.058199e+00  4.673137e+00  1.510000e+00
     vertex -4.551239e+00  8.349908e+00  1.510000e+00
     vertex -4.058455e+00  4.673137e+00  1.510000e+00
   endloop
 endfacet
 facet normal  0.000000e+00  0.000000e+00  1.000000e+00
   outer loop
     vertex  7.754872e+00  9.764640e-01  1.510000e+00
     vertex  7.631870e+00  9.255148e-01  1.510000e+00
     vertex  1.359006e+01 -5.896863e+00  1.510000e+00
   endloop
 endfacet
 facet normal  0.000000e+00  0.000000e+00  1.000000e+00
   outer loop
     vertex  7.754872e+00  9.764640e-01  1.510000e+00
     vertex  1.359006e+01 -5.896863e+00  1.510000e+00
     vertex  1.363774e+01 -5.834731e+00  1.510000e+00
   endloop
 endfacet
 facet normal  0.000000e+00  0.000000e+00  1.000000e+00
   outer loop
     vertex  4.754872e+00  3.976464e+00  1.510000e+00
     vertex  4.631870e+00  1.910759e+00  1.510000e+00
     vertex  4.754872e+00  1.859810e+00  1.510000e+00
   endloop
 endfacet
 facet normal  0.000000e+00  0.000000e+00  1.000000e+00
   outer loop
     vertex  4.754872e+00  3.976464e+00  1.510000e+00
     vertex  4.631870e+00  3.925515e+00  1.510000e+00
     vertex  4.631870e+00  1.910759e+00  1.510000e+00
   endloop
 endfacet
 facet normal  0.000000e+00  0.000000e+00  1.000000e+00
   outer loop
     vertex  7.139248e+00  1.778761e+00  1.510000e+00
     vertex  4.860496e+00  1.778761e+00  1.510000e+00
     vertex  4.941545e+00  1.673137e+00  1.510000e+00
   endloop
 endfacet
 facet normal  0.000000e+00  0.000000e+00  1.000000e+00
   outer loop
     vertex  7.139248e+00  1.778761e+00  1.510000e+00
     vertex  4.941545e+00  1.673137e+00  1.510000e+00
     vertex  7.058199e+00  1.673137e+00  1.510000e+00
   endloop
 endfacet
 facet normal  0.000000e+00  0.000000e+00  1.000000e+00
   outer loop
     vertex  7.860496e+00  1.057513e+00  1.510000e+00
     vertex  7.754872e+00  9.764640e-01  1.510000e+00
     vertex  1.363774e+01 -5.834731e+00  1.510000e+00
   endloop
 endfacet
 facet normal  0.000000e+00  0.000000e+00  1.000000e+00
   outer loop
     vertex  7.860496e+00  1.057513e+00  1.510000e+00
     vertex  1.363774e+01 -5.834731e+00  1.510000e+00
     vertex  1.369987e+01 -5.787055e+00  1.510000e+00
   endloop
 endfacet
 facet normal  0.000000e+00  0.000000e+00  1.000000e+00
   outer loop
     vertex  4.860496e+00  4.057513e+00  1.510000e+00
     vertex  4.754872e+00  1.859810e+00  1.510000e+00
     vertex  4.860496e+00  1.778761e+00  1.510000e+00
   endloop
 endfacet
 facet normal  0.000000e+00  0.000000e+00  1.000000e+00
   outer loop
     vertex  4.860496e+00  4.057513e+00  1.510000e+00
     vertex  4.754872e+00  3.976464e+00  1.510000e+00
     vertex  4.754872e+00  1.859810e+00  1.510000e+00
   endloop
 endfacet
 facet normal  0.000000e+00  0.000000e+00  1.000000e+00
   outer loop
     vertex  4.860496e+00  4.057513e+00  1.510000e+00
     vertex  4.860496e+00  1.778761e+00  1.510000e+00
     vertex  7.139248e+00  1.778761e+00  1.510000e+00
   endloop
 endfacet
 facet normal  0.000000e+00  0.000000e+00  1.000000e+00
   outer loop
     vertex  7.941545e+00  1.163137e+00  1.510000e+00
     vertex  7.860496e+00  1.057513e+00  1.510000e+00
     vertex  1.369987e+01 -5.787055e+00  1.510000e+00
   endloop
 endfacet
 facet normal  0.000000e+00  0.000000e+00  1.000000e+00
   outer loop
     vertex  7.941545e+00  1.163137e+00  1.510000e+00
     vertex  1.369987e+01 -5.787055e+00  1.510000e+00
     vertex  1.377223e+01 -5.757085e+00  1.510000e+00
   endloop
 endfacet
 facet normal  0.000000e+00  0.000000e+00  1.000000e+00
   outer loop
     vertex  7.992494e+00  1.286139e+00  1.510000e+00
     vertex  7.941545e+00  1.163137e+00  1.510000e+00
     vertex  1.377223e+01 -5.757085e+00  1.510000e+00
   endloop
 endfacet
 facet normal  0.000000e+00  0.000000e+00  1.000000e+00
   outer loop
     vertex  7.992494e+00  1.286139e+00  1.510000e+00
     vertex  1.377223e+01 -5.757085e+00  1.510000e+00
     vertex  1.384987e+01 -5.746863e+00  1.510000e+00
   endloop
 endfacet
 facet normal  0.000000e+00  0.000000e+00  1.000000e+00
   outer loop
     vertex  1.544987e+01 -6.046863e+00  1.510000e+00
     vertex  1.414987e+01 -6.946863e+00  1.510000e+00
     vertex  1.544987e+01 -6.946863e+00  1.510000e+00
   endloop
 endfacet
 facet normal  0.000000e+00  0.000000e+00  1.000000e+00
   outer loop
     vertex  1.544987e+01 -6.046863e+00  1.510000e+00
     vertex  1.414987e+01 -6.046863e+00  1.510000e+00
     vertex  1.414987e+01 -6.946863e+00  1.510000e+00
   endloop
 endfacet
 facet normal  0.000000e+00  0.000000e+00  1.000000e+00
   outer loop
     vertex  8.009872e+00  1.418137e+00  1.510000e+00
     vertex  7.992494e+00  1.286139e+00  1.510000e+00
     vertex  1.384987e+01 -5.746863e+00  1.510000e+00
   endloop
 endfacet
 facet normal  0.000000e+00  0.000000e+00  1.000000e+00
   outer loop
     vertex  8.009872e+00  1.418137e+00  1.510000e+00
     vertex  1.384987e+01 -5.746863e+00  1.510000e+00
     vertex  1.392752e+01 -5.757085e+00  1.510000e+00
   endloop
 endfacet
 facet normal  0.000000e+00  0.000000e+00  1.000000e+00
   outer loop
     vertex  1.546009e+01 -5.969217e+00  1.510000e+00
     vertex  1.414987e+01 -6.046863e+00  1.510000e+00
     vertex  1.544987e+01 -6.046863e+00  1.510000e+00
   endloop
 endfacet
 facet normal  0.000000e+00  0.000000e+00  1.000000e+00
   outer loop
     vertex  1.546009e+01 -5.969217e+00  1.510000e+00
     vertex  1.410968e+01 -5.896863e+00  1.510000e+00
     vertex  1.413965e+01 -5.969217e+00  1.510000e+00
   endloop
 endfacet
 facet normal  0.000000e+00  0.000000e+00  1.000000e+00
   outer loop
     vertex  1.546009e+01 -5.969217e+00  1.510000e+00
     vertex  1.413965e+01 -5.969217e+00  1.510000e+00
     vertex  1.414987e+01 -6.046863e+00  1.510000e+00
   endloop
 endfacet
 facet normal  0.000000e+00  0.000000e+00  1.000000e+00
   outer loop
     vertex  1.549006e+01 -5.896863e+00  1.510000e+00
     vertex  1.410968e+01 -5.896863e+00  1.510000e+00
     vertex  1.546009e+01 -5.969217e+00  1.510000e+00
   endloop
 endfacet
 facet normal  0.000000e+00  0.000000e+00  1.000000e+00
   outer loop
     vertex  1.684987e+01 -7.206671e+00  1.510000e+00
     vertex  1.678774e+01 -7.158995e+00  1.510000e+00
     vertex  1.596200e+01 -7.158995e+00  1.510000e+00
   endloop
 endfacet
 facet normal  0.000000e+00  0.000000e+00  1.000000e+00
   outer loop
     vertex  1.684987e+01 -7.206671e+00  1.510000e+00
     vertex  1.596200e+01 -7.158995e+00  1.510000e+00
     vertex  1.589987e+01 -7.206671e+00  1.510000e+00
   endloop
 endfacet
 facet normal  0.000000e+00  0.000000e+00  1.000000e+00
   outer loop
     vertex  1.684987e+01 -7.206671e+00  1.510000e+00
     vertex  1.589987e+01 -7.206671e+00  1.510000e+00
     vertex  1.582752e+01 -7.236641e+00  1.510000e+00
   endloop
 endfacet
 facet normal  0.000000e+00  0.000000e+00  1.000000e+00
   outer loop
     vertex  1.674006e+01 -7.096863e+00  1.510000e+00
     vertex  1.596200e+01 -7.158995e+00  1.510000e+00
     vertex  1.678774e+01 -7.158995e+00  1.510000e+00
   endloop
 endfacet
 facet normal  0.000000e+00  0.000000e+00  1.000000e+00
   outer loop
     vertex  1.674006e+01 -7.096863e+00  1.510000e+00
     vertex  1.603965e+01 -7.024509e+00  1.510000e+00
     vertex  1.600968e+01 -7.096863e+00  1.510000e+00
   endloop
 endfacet
 facet normal  0.000000e+00  0.000000e+00  1.000000e+00
   outer loop
     vertex  1.674006e+01 -7.096863e+00  1.510000e+00
     vertex  1.600968e+01 -7.096863e+00  1.510000e+00
     vertex  1.596200e+01 -7.158995e+00  1.510000e+00
   endloop
 endfacet
 facet normal  0.000000e+00  0.000000e+00  1.000000e+00
   outer loop
     vertex  1.671009e+01 -7.024509e+00  1.510000e+00
     vertex  1.603965e+01 -7.024509e+00  1.510000e+00
     vertex  1.674006e+01 -7.096863e+00  1.510000e+00
   endloop
 endfacet
 facet normal  0.000000e+00  0.000000e+00  1.000000e+00
   outer loop
     vertex  1.692223e+01 -7.236641e+00  1.510000e+00
     vertex  1.684987e+01 -7.206671e+00  1.510000e+00
     vertex  1.582752e+01 -7.236641e+00  1.510000e+00
   endloop
 endfacet
 facet normal  0.000000e+00  0.000000e+00  1.000000e+00
   outer loop
     vertex  1.692223e+01 -7.236641e+00  1.510000e+00
     vertex  1.582752e+01 -7.236641e+00  1.510000e+00
     vertex  1.574987e+01 -7.246863e+00  1.510000e+00
   endloop
 endfacet
 facet normal  0.000000e+00  0.000000e+00  1.000000e+00
   outer loop
     vertex  1.553774e+01 -5.834731e+00  1.510000e+00
     vertex  1.410968e+01 -5.896863e+00  1.510000e+00
     vertex  1.549006e+01 -5.896863e+00  1.510000e+00
   endloop
 endfacet
 facet normal  0.000000e+00  0.000000e+00  1.000000e+00
   outer loop
     vertex  1.553774e+01 -5.834731e+00  1.510000e+00
     vertex  1.406200e+01 -5.834731e+00  1.510000e+00
     vertex  1.410968e+01 -5.896863e+00  1.510000e+00
   endloop
 endfacet
 facet normal  0.000000e+00  0.000000e+00  1.000000e+00
   outer loop
     vertex  1.669987e+01 -6.946863e+00  1.510000e+00
     vertex  1.603965e+01 -7.024509e+00  1.510000e+00
     vertex  1.671009e+01 -7.024509e+00  1.510000e+00
   endloop
 endfacet
 facet normal  0.000000e+00  0.000000e+00  1.000000e+00
   outer loop
     vertex  1.669987e+01 -6.946863e+00  1.510000e+00
     vertex  1.604987e+01 -6.946863e+00  1.510000e+00
     vertex  1.603965e+01 -7.024509e+00  1.510000e+00
   endloop
 endfacet
 facet normal  0.000000e+00  0.000000e+00  1.000000e+00
   outer loop
     vertex  1.699987e+01 -7.246863e+00  1.510000e+00
     vertex  1.692223e+01 -7.236641e+00  1.510000e+00
     vertex  1.574987e+01 -7.246863e+00  1.510000e+00
   endloop
 endfacet
 facet normal  0.000000e+00  0.000000e+00  1.000000e+00
   outer loop
     vertex  1.559987e+01 -5.787055e+00  1.510000e+00
     vertex  1.406200e+01 -5.834731e+00  1.510000e+00
     vertex  1.553774e+01 -5.834731e+00  1.510000e+00
   endloop
 endfacet
 facet normal  0.000000e+00  0.000000e+00  1.000000e+00
   outer loop
     vertex  1.559987e+01 -5.787055e+00  1.510000e+00
     vertex  1.392752e+01 -5.757085e+00  1.510000e+00
     vertex  1.399987e+01 -5.787055e+00  1.510000e+00
   endloop
 endfacet
 facet normal  0.000000e+00  0.000000e+00  1.000000e+00
   outer loop
     vertex  1.559987e+01 -5.787055e+00  1.510000e+00
     vertex  1.399987e+01 -5.787055e+00  1.510000e+00
     vertex  1.406200e+01 -5.834731e+00  1.510000e+00
   endloop
 endfacet
 facet normal  0.000000e+00  0.000000e+00  1.000000e+00
   outer loop
     vertex  1.567223e+01 -5.757085e+00  1.510000e+00
     vertex  8.009872e+00  1.418137e+00  1.510000e+00
     vertex  1.392752e+01 -5.757085e+00  1.510000e+00
   endloop
 endfacet
 facet normal  0.000000e+00  0.000000e+00  1.000000e+00
   outer loop
     vertex  1.567223e+01 -5.757085e+00  1.510000e+00
     vertex  1.392752e+01 -5.757085e+00  1.510000e+00
     vertex  1.559987e+01 -5.787055e+00  1.510000e+00
   endloop
 endfacet
 facet normal  0.000000e+00  0.000000e+00  1.000000e+00
   outer loop
     vertex  1.574987e+01 -5.746863e+00  1.510000e+00
     vertex  8.009872e+00  1.418137e+00  1.510000e+00
     vertex  1.567223e+01 -5.757085e+00  1.510000e+00
   endloop
 endfacet
 facet normal  0.000000e+00  0.000000e+00  1.000000e+00
   outer loop
     vertex  2.399987e+01 -1.350314e+01  1.510000e+00
     vertex  2.036033e+00 -7.244676e+00  1.510000e+00
     vertex  1.963711e+00 -7.244676e+00  1.510000e+00
   endloop
 endfacet
 facet normal  0.000000e+00  0.000000e+00  1.000000e+00
   outer loop
     vertex  2.399987e+01 -1.350314e+01  1.510000e+00
     vertex  1.707752e+01 -7.236641e+00  1.510000e+00
     vertex  1.699987e+01 -7.246863e+00  1.510000e+00
   endloop
 endfacet
 facet normal  0.000000e+00  0.000000e+00  1.000000e+00
   outer loop
     vertex  2.399987e+01 -1.350314e+01  1.510000e+00
     vertex  4.577518e+00 -7.236641e+00  1.510000e+00
     vertex  4.499872e+00 -7.246863e+00  1.510000e+00
   endloop
 endfacet
 facet normal  0.000000e+00  0.000000e+00  1.000000e+00
   outer loop
     vertex  2.399987e+01 -1.350314e+01  1.510000e+00
     vertex  7.137110e-01 -7.244676e+00  1.510000e+00
     vertex -2.399962e+01 -1.350314e+01  1.510000e+00
   endloop
 endfacet
 facet normal  0.000000e+00  0.000000e+00  1.000000e+00
   outer loop
     vertex  2.399987e+01 -1.350314e+01  1.510000e+00
     vertex  4.499872e+00 -7.246863e+00  1.510000e+00
     vertex  2.036033e+00 -7.244676e+00  1.510000e+00
   endloop
 endfacet
 facet normal  0.000000e+00  0.000000e+00  1.000000e+00
   outer loop
     vertex  2.399987e+01 -1.350314e+01  1.510000e+00
     vertex  1.574987e+01 -7.246863e+00  1.510000e+00
     vertex  1.384987e+01 -7.246863e+00  1.510000e+00
   endloop
 endfacet
 facet normal  0.000000e+00  0.000000e+00  1.000000e+00
   outer loop
     vertex  2.399987e+01 -1.350314e+01  1.510000e+00
     vertex  1.377223e+01 -7.236641e+00  1.510000e+00
     vertex  4.577518e+00 -7.236641e+00  1.510000e+00
   endloop
 endfacet
 facet normal  0.000000e+00  0.000000e+00  1.000000e+00
   outer loop
     vertex  2.399987e+01 -1.350314e+01  1.510000e+00
     vertex  1.384987e+01 -7.246863e+00  1.510000e+00
     vertex  1.377223e+01 -7.236641e+00  1.510000e+00
   endloop
 endfacet
 facet normal  0.000000e+00  0.000000e+00  1.000000e+00
   outer loop
     vertex  2.399987e+01 -1.350314e+01  1.510000e+00
     vertex  1.699987e+01 -7.246863e+00  1.510000e+00
     vertex  1.574987e+01 -7.246863e+00  1.510000e+00
   endloop
 endfacet
 facet normal  0.000000e+00  0.000000e+00  1.000000e+00
   outer loop
     vertex  2.399987e+01 -1.350314e+01  1.510000e+00
     vertex  1.963711e+00 -7.244676e+00  1.510000e+00
     vertex  7.860330e-01 -7.244676e+00  1.510000e+00
   endloop
 endfacet
 facet normal  0.000000e+00  0.000000e+00  1.000000e+00
   outer loop
     vertex  2.399987e+01 -1.350314e+01  1.510000e+00
     vertex  7.860330e-01 -7.244676e+00  1.510000e+00
     vertex  7.137110e-01 -7.244676e+00  1.510000e+00
   endloop
 endfacet
 facet normal  0.000000e+00  0.000000e+00  1.000000e+00
   outer loop
     vertex  1.669987e+01 -6.046863e+00  1.510000e+00
     vertex  1.604987e+01 -6.046863e+00  1.510000e+00
     vertex  1.604987e+01 -6.946863e+00  1.510000e+00
   endloop
 endfacet
 facet normal  0.000000e+00  0.000000e+00  1.000000e+00
   outer loop
     vertex  1.669987e+01 -6.046863e+00  1.510000e+00
     vertex  1.604987e+01 -6.946863e+00  1.510000e+00
     vertex  1.669987e+01 -6.946863e+00  1.510000e+00
   endloop
 endfacet
 facet normal  0.000000e+00  0.000000e+00  1.000000e+00
   outer loop
     vertex  1.671009e+01 -5.969217e+00  1.510000e+00
     vertex  1.600968e+01 -5.896863e+00  1.510000e+00
     vertex  1.603965e+01 -5.969217e+00  1.510000e+00
   endloop
 endfacet
 facet normal  0.000000e+00  0.000000e+00  1.000000e+00
   outer loop
     vertex  1.671009e+01 -5.969217e+00  1.510000e+00
     vertex  1.603965e+01 -5.969217e+00  1.510000e+00
     vertex  1.604987e+01 -6.046863e+00  1.510000e+00
   endloop
 endfacet
 facet normal  0.000000e+00  0.000000e+00  1.000000e+00
   outer loop
     vertex  1.671009e+01 -5.969217e+00  1.510000e+00
     vertex  1.604987e+01 -6.046863e+00  1.510000e+00
     vertex  1.669987e+01 -6.046863e+00  1.510000e+00
   endloop
 endfacet
 facet normal  0.000000e+00  0.000000e+00  1.000000e+00
   outer loop
     vertex  1.674006e+01 -5.896863e+00  1.510000e+00
     vertex  1.596200e+01 -5.834731e+00  1.510000e+00
     vertex  1.600968e+01 -5.896863e+00  1.510000e+00
   endloop
 endfacet
 facet normal  0.000000e+00  0.000000e+00  1.000000e+00
   outer loop
     vertex  1.674006e+01 -5.896863e+00  1.510000e+00
     vertex  1.600968e+01 -5.896863e+00  1.510000e+00
     vertex  1.671009e+01 -5.969217e+00  1.510000e+00
   endloop
 endfacet
 facet normal  0.000000e+00  0.000000e+00  1.000000e+00
   outer loop
     vertex  1.678774e+01 -5.834731e+00  1.510000e+00
     vertex  1.596200e+01 -5.834731e+00  1.510000e+00
     vertex  1.674006e+01 -5.896863e+00  1.510000e+00
   endloop
 endfacet
 facet normal  0.000000e+00  0.000000e+00  1.000000e+00
   outer loop
     vertex  1.684987e+01 -5.787055e+00  1.510000e+00
     vertex  1.589987e+01 -5.787055e+00  1.510000e+00
     vertex  1.596200e+01 -5.834731e+00  1.510000e+00
   endloop
 endfacet
 facet normal  0.000000e+00  0.000000e+00  1.000000e+00
   outer loop
     vertex  1.684987e+01 -5.787055e+00  1.510000e+00
     vertex  1.596200e+01 -5.834731e+00  1.510000e+00
     vertex  1.678774e+01 -5.834731e+00  1.510000e+00
   endloop
 endfacet
 facet normal  0.000000e+00  0.000000e+00  1.000000e+00
   outer loop
     vertex  1.692223e+01 -5.757085e+00  1.510000e+00
     vertex  1.582752e+01 -5.757085e+00  1.510000e+00
     vertex  1.589987e+01 -5.787055e+00  1.510000e+00
   endloop
 endfacet
 facet normal  0.000000e+00  0.000000e+00  1.000000e+00
   outer loop
     vertex  1.692223e+01 -5.757085e+00  1.510000e+00
     vertex  1.589987e+01 -5.787055e+00  1.510000e+00
     vertex  1.684987e+01 -5.787055e+00  1.510000e+00
   endloop
 endfacet
 facet normal  0.000000e+00  0.000000e+00  1.000000e+00
   outer loop
     vertex  7.139248e+00  4.057513e+00  1.510000e+00
     vertex  4.941545e+00  4.163137e+00  1.510000e+00
     vertex  4.860496e+00  4.057513e+00  1.510000e+00
   endloop
 endfacet
 facet normal  0.000000e+00  0.000000e+00  1.000000e+00
   outer loop
     vertex  7.139248e+00  4.057513e+00  1.510000e+00
     vertex  4.860496e+00  4.057513e+00  1.510000e+00
     vertex  7.139248e+00  1.778761e+00  1.510000e+00
   endloop
 endfacet
 facet normal  0.000000e+00  0.000000e+00  1.000000e+00
   outer loop
     vertex  7.058199e+00  4.163137e+00  1.510000e+00
     vertex  4.941545e+00  4.163137e+00  1.510000e+00
     vertex  7.139248e+00  4.057513e+00  1.510000e+00
   endloop
 endfacet
 facet normal  0.000000e+00  0.000000e+00  1.000000e+00
   outer loop
     vertex  7.244872e+00  3.976464e+00  1.510000e+00
     vertex  7.139248e+00  4.057513e+00  1.510000e+00
     vertex  7.139248e+00  1.778761e+00  1.510000e+00
   endloop
 endfacet
 facet normal  0.000000e+00  0.000000e+00  1.000000e+00
   outer loop
     vertex  7.244872e+00  3.976464e+00  1.510000e+00
     vertex  7.139248e+00  1.778761e+00  1.510000e+00
     vertex  7.244872e+00  1.859810e+00  1.510000e+00
   endloop
 endfacet
 facet normal  0.000000e+00  0.000000e+00  1.000000e+00
   outer loop
     vertex  1.699987e+01 -5.746863e+00  1.510000e+00
     vertex  1.574987e+01 -5.746863e+00  1.510000e+00
     vertex  1.582752e+01 -5.757085e+00  1.510000e+00
   endloop
 endfacet
 facet normal  0.000000e+00  0.000000e+00  1.000000e+00
   outer loop
     vertex  1.699987e+01 -5.746863e+00  1.510000e+00
     vertex  1.582752e+01 -5.757085e+00  1.510000e+00
     vertex  1.692223e+01 -5.757085e+00  1.510000e+00
   endloop
 endfacet
 facet normal  0.000000e+00  0.000000e+00  1.000000e+00
   outer loop
     vertex  7.007250e+00  4.286139e+00  1.510000e+00
     vertex  4.941545e+00  4.163137e+00  1.510000e+00
     vertex  7.058199e+00  4.163137e+00  1.510000e+00
   endloop
 endfacet
 facet normal  0.000000e+00  0.000000e+00  1.000000e+00
   outer loop
     vertex  7.007250e+00  4.286139e+00  1.510000e+00
     vertex  5.009872e+00  4.418137e+00  1.510000e+00
     vertex  4.992494e+00  4.286139e+00  1.510000e+00
   endloop
 endfacet
 facet normal  0.000000e+00  0.000000e+00  1.000000e+00
   outer loop
     vertex  7.007250e+00  4.286139e+00  1.510000e+00
     vertex  4.992494e+00  4.286139e+00  1.510000e+00
     vertex  4.941545e+00  4.163137e+00  1.510000e+00
   endloop
 endfacet
 facet normal  0.000000e+00  0.000000e+00  1.000000e+00
   outer loop
     vertex  7.367874e+00  3.925515e+00  1.510000e+00
     vertex  7.244872e+00  3.976464e+00  1.510000e+00
     vertex  7.244872e+00  1.859810e+00  1.510000e+00
   endloop
 endfacet
 facet normal  0.000000e+00  0.000000e+00  1.000000e+00
   outer loop
     vertex  7.367874e+00  3.925515e+00  1.510000e+00
     vertex  7.244872e+00  1.859810e+00  1.510000e+00
     vertex  7.367874e+00  1.910759e+00  1.510000e+00
   endloop
 endfacet
 facet normal  0.000000e+00  0.000000e+00  1.000000e+00
   outer loop
     vertex  7.367874e+00  3.925515e+00  1.510000e+00
     vertex  7.367874e+00  1.910759e+00  1.510000e+00
     vertex  7.499872e+00  1.928137e+00  1.510000e+00
   endloop
 endfacet
 facet normal  0.000000e+00  0.000000e+00  1.000000e+00
   outer loop
     vertex  7.499872e+00  3.908137e+00  1.510000e+00
     vertex  7.367874e+00  3.925515e+00  1.510000e+00
     vertex  7.499872e+00  1.928137e+00  1.510000e+00
   endloop
 endfacet
 facet normal  0.000000e+00  0.000000e+00  1.000000e+00
   outer loop
     vertex  6.989872e+00  4.418137e+00  1.510000e+00
     vertex  5.009872e+00  4.418137e+00  1.510000e+00
     vertex  7.007250e+00  4.286139e+00  1.510000e+00
   endloop
 endfacet
 facet normal  0.000000e+00  0.000000e+00  1.000000e+00
   outer loop
     vertex  7.631870e+00  3.925515e+00  1.510000e+00
     vertex  7.499872e+00  3.908137e+00  1.510000e+00
     vertex  7.499872e+00  1.928137e+00  1.510000e+00
   endloop
 endfacet
 facet normal  0.000000e+00  0.000000e+00  1.000000e+00
   outer loop
     vertex  7.631870e+00  3.925515e+00  1.510000e+00
     vertex  7.499872e+00  1.928137e+00  1.510000e+00
     vertex  7.631870e+00  1.910759e+00  1.510000e+00
   endloop
 endfacet
 facet normal  0.000000e+00  0.000000e+00  1.000000e+00
   outer loop
     vertex  7.007250e+00  4.550135e+00  1.510000e+00
     vertex  4.992494e+00  4.550135e+00  1.510000e+00
     vertex  5.009872e+00  4.418137e+00  1.510000e+00
   endloop
 endfacet
 facet normal  0.000000e+00  0.000000e+00  1.000000e+00
   outer loop
     vertex  7.007250e+00  4.550135e+00  1.510000e+00
     vertex  5.009872e+00  4.418137e+00  1.510000e+00
     vertex  6.989872e+00  4.418137e+00  1.510000e+00
   endloop
 endfacet
 facet normal  0.000000e+00  0.000000e+00  1.000000e+00
   outer loop
     vertex  7.058199e+00  4.673137e+00  1.510000e+00
     vertex  4.992494e+00  4.550135e+00  1.510000e+00
     vertex  7.007250e+00  4.550135e+00  1.510000e+00
   endloop
 endfacet
 facet normal  0.000000e+00  0.000000e+00  1.000000e+00
   outer loop
     vertex  7.058199e+00  4.673137e+00  1.510000e+00
     vertex  4.941545e+00  4.673137e+00  1.510000e+00
     vertex  4.992494e+00  4.550135e+00  1.510000e+00
   endloop
 endfacet
 facet normal  0.000000e+00  0.000000e+00  1.000000e+00
   outer loop
     vertex  7.754872e+00  3.976464e+00  1.510000e+00
     vertex  7.631870e+00  3.925515e+00  1.510000e+00
     vertex  7.631870e+00  1.910759e+00  1.510000e+00
   endloop
 endfacet
 facet normal  0.000000e+00  0.000000e+00  1.000000e+00
   outer loop
     vertex  7.754872e+00  3.976464e+00  1.510000e+00
     vertex  7.631870e+00  1.910759e+00  1.510000e+00
     vertex  7.754872e+00  1.859810e+00  1.510000e+00
   endloop
 endfacet
 facet normal  0.000000e+00  0.000000e+00  1.000000e+00
   outer loop
     vertex  7.139248e+00  4.778761e+00  1.510000e+00
     vertex  4.941545e+00  4.673137e+00  1.510000e+00
     vertex  7.058199e+00  4.673137e+00  1.510000e+00
   endloop
 endfacet
 facet normal  0.000000e+00  0.000000e+00  1.000000e+00
   outer loop
     vertex  7.139248e+00  4.778761e+00  1.510000e+00
     vertex  4.860496e+00  4.778761e+00  1.510000e+00
     vertex  4.941545e+00  4.673137e+00  1.510000e+00
   endloop
 endfacet
 facet normal  0.000000e+00  0.000000e+00  1.000000e+00
   outer loop
     vertex  7.860496e+00  4.057513e+00  1.510000e+00
     vertex  7.754872e+00  3.976464e+00  1.510000e+00
     vertex  7.754872e+00  1.859810e+00  1.510000e+00
   endloop
 endfacet
 facet normal  0.000000e+00  0.000000e+00  1.000000e+00
   outer loop
     vertex  7.860496e+00  4.057513e+00  1.510000e+00
     vertex  7.754872e+00  1.859810e+00  1.510000e+00
     vertex  7.860496e+00  1.778761e+00  1.510000e+00
   endloop
 endfacet
 facet normal  0.000000e+00  0.000000e+00  1.000000e+00
   outer loop
     vertex  7.941545e+00  4.163137e+00  1.510000e+00
     vertex  7.860496e+00  1.778761e+00  1.510000e+00
     vertex  7.941545e+00  1.673137e+00  1.510000e+00
   endloop
 endfacet
 facet normal  0.000000e+00  0.000000e+00  1.000000e+00
   outer loop
     vertex  7.941545e+00  4.163137e+00  1.510000e+00
     vertex  7.941545e+00  1.673137e+00  1.510000e+00
     vertex  7.992494e+00  1.550135e+00  1.510000e+00
   endloop
 endfacet
 facet normal  0.000000e+00  0.000000e+00  1.000000e+00
   outer loop
     vertex  7.941545e+00  4.163137e+00  1.510000e+00
     vertex  7.860496e+00  4.057513e+00  1.510000e+00
     vertex  7.860496e+00  1.778761e+00  1.510000e+00
   endloop
 endfacet
 facet normal  0.000000e+00  0.000000e+00  1.000000e+00
   outer loop
     vertex  1.928774e+01 -7.158995e+00  1.510000e+00
     vertex  1.725968e+01 -7.096863e+00  1.510000e+00
     vertex  1.721200e+01 -7.158995e+00  1.510000e+00
   endloop
 endfacet
 facet normal  0.000000e+00  0.000000e+00  1.000000e+00
   outer loop
     vertex  1.934987e+01 -7.206671e+00  1.510000e+00
     vertex  1.721200e+01 -7.158995e+00  1.510000e+00
     vertex  1.714987e+01 -7.206671e+00  1.510000e+00
   endloop
 endfacet
 facet normal  0.000000e+00  0.000000e+00  1.000000e+00
   outer loop
     vertex  1.934987e+01 -7.206671e+00  1.510000e+00
     vertex  1.928774e+01 -7.158995e+00  1.510000e+00
     vertex  1.721200e+01 -7.158995e+00  1.510000e+00
   endloop
 endfacet
 facet normal  0.000000e+00  0.000000e+00  1.000000e+00
   outer loop
     vertex  1.924006e+01 -7.096863e+00  1.510000e+00
     vertex  1.725968e+01 -7.096863e+00  1.510000e+00
     vertex  1.928774e+01 -7.158995e+00  1.510000e+00
   endloop
 endfacet
 facet normal  0.000000e+00  0.000000e+00  1.000000e+00
   outer loop
     vertex  1.924006e+01 -7.096863e+00  1.510000e+00
     vertex  1.728965e+01 -7.024509e+00  1.510000e+00
     vertex  1.725968e+01 -7.096863e+00  1.510000e+00
   endloop
 endfacet
 facet normal  0.000000e+00  0.000000e+00  1.000000e+00
   outer loop
     vertex  1.921009e+01 -7.024509e+00  1.510000e+00
     vertex  1.728965e+01 -7.024509e+00  1.510000e+00
     vertex  1.924006e+01 -7.096863e+00  1.510000e+00
   endloop
 endfacet
 facet normal  0.000000e+00  0.000000e+00  1.000000e+00
   outer loop
     vertex  1.942223e+01 -7.236641e+00  1.510000e+00
     vertex  1.714987e+01 -7.206671e+00  1.510000e+00
     vertex  1.707752e+01 -7.236641e+00  1.510000e+00
   endloop
 endfacet
 facet normal  0.000000e+00  0.000000e+00  1.000000e+00
   outer loop
     vertex  1.942223e+01 -7.236641e+00  1.510000e+00
     vertex  1.707752e+01 -7.236641e+00  1.510000e+00
     vertex  2.399987e+01 -1.350314e+01  1.510000e+00
   endloop
 endfacet
 facet normal  0.000000e+00  0.000000e+00  1.000000e+00
   outer loop
     vertex  1.942223e+01 -7.236641e+00  1.510000e+00
     vertex  1.934987e+01 -7.206671e+00  1.510000e+00
     vertex  1.714987e+01 -7.206671e+00  1.510000e+00
   endloop
 endfacet
 facet normal  0.000000e+00  0.000000e+00  1.000000e+00
   outer loop
     vertex  1.919987e+01 -6.946863e+00  1.510000e+00
     vertex  1.729987e+01 -6.946863e+00  1.510000e+00
     vertex  1.728965e+01 -7.024509e+00  1.510000e+00
   endloop
 endfacet
 facet normal  0.000000e+00  0.000000e+00  1.000000e+00
   outer loop
     vertex  1.919987e+01 -6.946863e+00  1.510000e+00
     vertex  1.728965e+01 -7.024509e+00  1.510000e+00
     vertex  1.921009e+01 -7.024509e+00  1.510000e+00
   endloop
 endfacet
 facet normal  0.000000e+00  0.000000e+00  1.000000e+00
   outer loop
     vertex  1.949987e+01 -7.246863e+00  1.510000e+00
     vertex  1.942223e+01 -7.236641e+00  1.510000e+00
     vertex  2.399987e+01 -1.350314e+01  1.510000e+00
   endloop
 endfacet
 facet normal  0.000000e+00  0.000000e+00  1.000000e+00
   outer loop
     vertex  7.992494e+00  4.286139e+00  1.510000e+00
     vertex  7.941545e+00  4.163137e+00  1.510000e+00
     vertex  7.992494e+00  1.550135e+00  1.510000e+00
   endloop
 endfacet
 facet normal  0.000000e+00  0.000000e+00  1.000000e+00
   outer loop
     vertex  1.957752e+01 -7.236641e+00  1.510000e+00
     vertex  1.949987e+01 -7.246863e+00  1.510000e+00
     vertex  2.399987e+01 -1.350314e+01  1.510000e+00
   endloop
 endfacet
 facet normal  0.000000e+00  0.000000e+00  1.000000e+00
   outer loop
     vertex  1.964987e+01 -7.206671e+00  1.510000e+00
     vertex  1.957752e+01 -7.236641e+00  1.510000e+00
     vertex  2.399987e+01 -1.350314e+01  1.510000e+00
   endloop
 endfacet
 facet normal  0.000000e+00  0.000000e+00  1.000000e+00
   outer loop
     vertex  2.541317e+01 -1.291200e+01  1.510000e+00
     vertex  2.451748e+01 -1.343251e+01  1.510000e+00
     vertex  2.499942e+01 -1.323093e+01  1.510000e+00
   endloop
 endfacet
 facet normal  0.000000e+00  0.000000e+00  1.000000e+00
   outer loop
     vertex  1.971200e+01 -7.158995e+00  1.510000e+00
     vertex  1.964987e+01 -7.206671e+00  1.510000e+00
     vertex  2.399987e+01 -1.350314e+01  1.510000e+00
   endloop
 endfacet
 facet normal  0.000000e+00  0.000000e+00  1.000000e+00
   outer loop
     vertex  4.939212e+00  7.677477e+00  1.510000e+00
     vertex  4.244872e+00  4.859810e+00  1.510000e+00
     vertex  4.367874e+00  4.910759e+00  1.510000e+00
   endloop
 endfacet
 facet normal  0.000000e+00  0.000000e+00  1.000000e+00
   outer loop
     vertex  4.700834e+00  7.988137e+00  1.510000e+00
     vertex  4.244872e+00  4.859810e+00  1.510000e+00
     vertex  4.939212e+00  7.677477e+00  1.510000e+00
   endloop
 endfacet
 facet normal  0.000000e+00  0.000000e+00  1.000000e+00
   outer loop
     vertex  4.700834e+00  7.988137e+00  1.510000e+00
     vertex  4.139248e+00  4.778761e+00  1.510000e+00
     vertex  4.244872e+00  4.859810e+00  1.510000e+00
   endloop
 endfacet
 facet normal  0.000000e+00  0.000000e+00  1.000000e+00
   outer loop
     vertex  5.249872e+00  7.439099e+00  1.510000e+00
     vertex  4.939212e+00  7.677477e+00  1.510000e+00
     vertex  4.367874e+00  4.910759e+00  1.510000e+00
   endloop
 endfacet
 facet normal  0.000000e+00  0.000000e+00  1.000000e+00
   outer loop
     vertex  5.249872e+00  7.439099e+00  1.510000e+00
     vertex  4.367874e+00  4.910759e+00  1.510000e+00
     vertex  4.499872e+00  4.928137e+00  1.510000e+00
   endloop
 endfacet
 facet normal  0.000000e+00  0.000000e+00  1.000000e+00
   outer loop
     vertex  5.249872e+00  7.439099e+00  1.510000e+00
     vertex  4.499872e+00  4.928137e+00  1.510000e+00
     vertex  4.631870e+00  4.910759e+00  1.510000e+00
   endloop
 endfacet
 facet normal  0.000000e+00  0.000000e+00  1.000000e+00
   outer loop
     vertex  5.611643e+00  7.289248e+00  1.510000e+00
     vertex  5.249872e+00  7.439099e+00  1.510000e+00
     vertex  4.631870e+00  4.910759e+00  1.510000e+00
   endloop
 endfacet
 facet normal  0.000000e+00  0.000000e+00  1.000000e+00
   outer loop
     vertex  5.611643e+00  7.289248e+00  1.510000e+00
     vertex  4.631870e+00  4.910759e+00  1.510000e+00
     vertex  4.754872e+00  4.859810e+00  1.510000e+00
   endloop
 endfacet
 facet normal  0.000000e+00  0.000000e+00  1.000000e+00
   outer loop
     vertex  4.550983e+00  8.349908e+00  1.510000e+00
     vertex -4.551239e+00  8.349908e+00  1.510000e+00
     vertex  4.058199e+00  4.673137e+00  1.510000e+00
   endloop
 endfacet
 facet normal  0.000000e+00  0.000000e+00  1.000000e+00
   outer loop
     vertex  4.550983e+00  8.349908e+00  1.510000e+00
     vertex  4.058199e+00  4.673137e+00  1.510000e+00
     vertex  4.139248e+00  4.778761e+00  1.510000e+00
   endloop
 endfacet
 facet normal  0.000000e+00  0.000000e+00  1.000000e+00
   outer loop
     vertex  4.550983e+00  8.349908e+00  1.510000e+00
     vertex  4.139248e+00  4.778761e+00  1.510000e+00
     vertex  4.700834e+00  7.988137e+00  1.510000e+00
   endloop
 endfacet
 facet normal  0.000000e+00  0.000000e+00  1.000000e+00
   outer loop
     vertex  1.919987e+01 -6.046863e+00  1.510000e+00
     vertex  1.729987e+01 -6.946863e+00  1.510000e+00
     vertex  1.919987e+01 -6.946863e+00  1.510000e+00
   endloop
 endfacet
 facet normal  0.000000e+00  0.000000e+00  1.000000e+00
   outer loop
     vertex  1.919987e+01 -6.046863e+00  1.510000e+00
     vertex  1.728965e+01 -5.969217e+00  1.510000e+00
     vertex  1.729987e+01 -6.046863e+00  1.510000e+00
   endloop
 endfacet
 facet normal  0.000000e+00  0.000000e+00  1.000000e+00
   outer loop
     vertex  1.919987e+01 -6.046863e+00  1.510000e+00
     vertex  1.729987e+01 -6.046863e+00  1.510000e+00
     vertex  1.729987e+01 -6.946863e+00  1.510000e+00
   endloop
 endfacet
 facet normal  0.000000e+00  0.000000e+00  1.000000e+00
   outer loop
     vertex  5.999872e+00  7.238137e+00  1.510000e+00
     vertex  4.860496e+00  4.778761e+00  1.510000e+00
     vertex  7.139248e+00  4.778761e+00  1.510000e+00
   endloop
 endfacet
 facet normal  0.000000e+00  0.000000e+00  1.000000e+00
   outer loop
     vertex  5.999872e+00  7.238137e+00  1.510000e+00
     vertex  4.754872e+00  4.859810e+00  1.510000e+00
     vertex  4.860496e+00  4.778761e+00  1.510000e+00
   endloop
 endfacet
 facet normal  0.000000e+00  0.000000e+00  1.000000e+00
   outer loop
     vertex  5.999872e+00  7.238137e+00  1.510000e+00
     vertex  7.139248e+00  4.778761e+00  1.510000e+00
     vertex  7.244872e+00  4.859810e+00  1.510000e+00
   endloop
 endfacet
 facet normal  0.000000e+00  0.000000e+00  1.000000e+00
   outer loop
     vertex  5.999872e+00  7.238137e+00  1.510000e+00
     vertex  5.611643e+00  7.289248e+00  1.510000e+00
     vertex  4.754872e+00  4.859810e+00  1.510000e+00
   endloop
 endfacet
 facet normal  0.000000e+00  0.000000e+00  1.000000e+00
   outer loop
     vertex  4.499872e+00  8.738137e+00  1.510000e+00
     vertex -4.551239e+00  8.349908e+00  1.510000e+00
     vertex  4.550983e+00  8.349908e+00  1.510000e+00
   endloop
 endfacet
 facet normal  0.000000e+00  0.000000e+00  1.000000e+00
   outer loop
     vertex  4.499872e+00  8.738137e+00  1.510000e+00
     vertex -4.551239e+00  9.126366e+00  1.510000e+00
     vertex -4.500128e+00  8.738137e+00  1.510000e+00
   endloop
 endfacet
 facet normal  0.000000e+00  0.000000e+00  1.000000e+00
   outer loop
     vertex  4.499872e+00  8.738137e+00  1.510000e+00
     vertex -4.500128e+00  8.738137e+00  1.510000e+00
     vertex -4.551239e+00  8.349908e+00  1.510000e+00
   endloop
 endfacet
 facet normal  0.000000e+00  0.000000e+00  1.000000e+00
   outer loop
     vertex  1.921009e+01 -5.969217e+00  1.510000e+00
     vertex  1.725968e+01 -5.896863e+00  1.510000e+00
     vertex  1.728965e+01 -5.969217e+00  1.510000e+00
   endloop
 endfacet
 facet normal  0.000000e+00  0.000000e+00  1.000000e+00
   outer loop
     vertex  1.921009e+01 -5.969217e+00  1.510000e+00
     vertex  1.728965e+01 -5.969217e+00  1.510000e+00
     vertex  1.919987e+01 -6.046863e+00  1.510000e+00
   endloop
 endfacet
 facet normal  0.000000e+00  0.000000e+00  1.000000e+00
   outer loop
     vertex  1.924006e+01 -5.896863e+00  1.510000e+00
     vertex  1.725968e+01 -5.896863e+00  1.510000e+00
     vertex  1.921009e+01 -5.969217e+00  1.510000e+00
   endloop
 endfacet
 facet normal  0.000000e+00  0.000000e+00  1.000000e+00
   outer loop
     vertex  1.928774e+01 -5.834731e+00  1.510000e+00
     vertex  1.725968e+01 -5.896863e+00  1.510000e+00
     vertex  1.924006e+01 -5.896863e+00  1.510000e+00
   endloop
 endfacet
 facet normal  0.000000e+00  0.000000e+00  1.000000e+00
   outer loop
     vertex  1.928774e+01 -5.834731e+00  1.510000e+00
     vertex  1.721200e+01 -5.834731e+00  1.510000e+00
     vertex  1.725968e+01 -5.896863e+00  1.510000e+00
   endloop
 endfacet
 facet normal  0.000000e+00  0.000000e+00  1.000000e+00
   outer loop
     vertex  1.934987e+01 -5.787055e+00  1.510000e+00
     vertex  1.721200e+01 -5.834731e+00  1.510000e+00
     vertex  1.928774e+01 -5.834731e+00  1.510000e+00
   endloop
 endfacet
 facet normal  0.000000e+00  0.000000e+00  1.000000e+00
   outer loop
     vertex  1.934987e+01 -5.787055e+00  1.510000e+00
     vertex  1.714987e+01 -5.787055e+00  1.510000e+00
     vertex  1.721200e+01 -5.834731e+00  1.510000e+00
   endloop
 endfacet
 facet normal  0.000000e+00  0.000000e+00  1.000000e+00
   outer loop
     vertex  1.942223e+01 -5.757085e+00  1.510000e+00
     vertex  1.714987e+01 -5.787055e+00  1.510000e+00
     vertex  1.934987e+01 -5.787055e+00  1.510000e+00
   endloop
 endfacet
 facet normal  0.000000e+00  0.000000e+00  1.000000e+00
   outer loop
     vertex  1.942223e+01 -5.757085e+00  1.510000e+00
     vertex  1.707752e+01 -5.757085e+00  1.510000e+00
     vertex  1.714987e+01 -5.787055e+00  1.510000e+00
   endloop
 endfacet
 facet normal  0.000000e+00  0.000000e+00  1.000000e+00
   outer loop
     vertex  4.550983e+00  9.126366e+00  1.510000e+00
     vertex -4.551239e+00  9.126366e+00  1.510000e+00
     vertex  4.499872e+00  8.738137e+00  1.510000e+00
   endloop
 endfacet
 facet normal  0.000000e+00  0.000000e+00  1.000000e+00
   outer loop
     vertex  6.388101e+00  7.289248e+00  1.510000e+00
     vertex  7.244872e+00  4.859810e+00  1.510000e+00
     vertex  7.367874e+00  4.910759e+00  1.510000e+00
   endloop
 endfacet
 facet normal  0.000000e+00  0.000000e+00  1.000000e+00
   outer loop
     vertex  6.388101e+00  7.289248e+00  1.510000e+00
     vertex  5.999872e+00  7.238137e+00  1.510000e+00
     vertex  7.244872e+00  4.859810e+00  1.510000e+00
   endloop
 endfacet
 facet normal  0.000000e+00  0.000000e+00  1.000000e+00
   outer loop
     vertex  2.593086e+01 -1.201469e+01  1.510000e+00
     vertex  2.541317e+01 -1.291200e+01  1.510000e+00
     vertex  2.573079e+01 -1.249726e+01  1.510000e+00
   endloop
 endfacet
 facet normal  0.000000e+00  0.000000e+00  1.000000e+00
   outer loop
     vertex  2.593086e+01 -1.201469e+01  1.510000e+00
     vertex  2.451748e+01 -1.343251e+01  1.510000e+00
     vertex  2.541317e+01 -1.291200e+01  1.510000e+00
   endloop
 endfacet
 facet normal  0.000000e+00  0.000000e+00  1.000000e+00
   outer loop
     vertex  4.700834e+00  9.488137e+00  1.510000e+00
     vertex -4.551239e+00  9.126366e+00  1.510000e+00
     vertex  4.550983e+00  9.126366e+00  1.510000e+00
   endloop
 endfacet
 facet normal  0.000000e+00  0.000000e+00  1.000000e+00
   outer loop
     vertex  4.700834e+00  9.488137e+00  1.510000e+00
     vertex -4.701090e+00  9.488137e+00  1.510000e+00
     vertex -4.551239e+00  9.126366e+00  1.510000e+00
   endloop
 endfacet
 facet normal  0.000000e+00  0.000000e+00  1.000000e+00
   outer loop
     vertex  6.749872e+00  7.439099e+00  1.510000e+00
     vertex  6.388101e+00  7.289248e+00  1.510000e+00
     vertex  7.367874e+00  4.910759e+00  1.510000e+00
   endloop
 endfacet
 facet normal  0.000000e+00  0.000000e+00  1.000000e+00
   outer loop
     vertex  6.749872e+00  7.439099e+00  1.510000e+00
     vertex  7.367874e+00  4.910759e+00  1.510000e+00
     vertex  7.499872e+00  4.928137e+00  1.510000e+00
   endloop
 endfacet
 facet normal  0.000000e+00  0.000000e+00  1.000000e+00
   outer loop
     vertex  6.749872e+00  7.439099e+00  1.510000e+00
     vertex  7.499872e+00  4.928137e+00  1.510000e+00
     vertex  7.631870e+00  4.910759e+00  1.510000e+00
   endloop
 endfacet
 facet normal  0.000000e+00  0.000000e+00  1.000000e+00
   outer loop
     vertex  2.599987e+01 -1.149686e+01  1.510000e+00
     vertex  2.399987e+01 -1.350314e+01  1.510000e+00
     vertex  2.451748e+01 -1.343251e+01  1.510000e+00
   endloop
 endfacet
 facet normal  0.000000e+00  0.000000e+00  1.000000e+00
   outer loop
     vertex  2.599987e+01 -1.149686e+01  1.510000e+00
     vertex  1.979987e+01 -6.946863e+00  1.510000e+00
     vertex  1.978965e+01 -7.024509e+00  1.510000e+00
   endloop
 endfacet
 facet normal  0.000000e+00  0.000000e+00  1.000000e+00
   outer loop
     vertex  2.599987e+01 -1.149686e+01  1.510000e+00
     vertex  1.978965e+01 -7.024509e+00  1.510000e+00
     vertex  1.975968e+01 -7.096863e+00  1.510000e+00
   endloop
 endfacet
 facet normal  0.000000e+00  0.000000e+00  1.000000e+00
   outer loop
     vertex  2.599987e+01 -1.149686e+01  1.510000e+00
     vertex  1.975968e+01 -7.096863e+00  1.510000e+00
     vertex  1.971200e+01 -7.158995e+00  1.510000e+00
   endloop
 endfacet
 facet normal  0.000000e+00  0.000000e+00  1.000000e+00
   outer loop
     vertex  2.599987e+01 -1.149686e+01  1.510000e+00
     vertex  1.975968e+01 -5.896863e+00  1.510000e+00
     vertex  1.978965e+01 -5.969217e+00  1.510000e+00
   endloop
 endfacet
 facet normal  0.000000e+00  0.000000e+00  1.000000e+00
   outer loop
     vertex  2.599987e+01 -1.149686e+01  1.510000e+00
     vertex  1.978965e+01 -5.969217e+00  1.510000e+00
     vertex  1.979987e+01 -6.046863e+00  1.510000e+00
   endloop
 endfacet
 facet normal  0.000000e+00  0.000000e+00  1.000000e+00
   outer loop
     vertex  2.599987e+01 -1.149686e+01  1.510000e+00
     vertex  1.979987e+01 -6.046863e+00  1.510000e+00
     vertex  1.979987e+01 -6.946863e+00  1.510000e+00
   endloop
 endfacet
 facet normal  0.000000e+00  0.000000e+00  1.000000e+00
   outer loop
     vertex  2.599987e+01 -1.149686e+01  1.510000e+00
     vertex  2.451748e+01 -1.343251e+01  1.510000e+00
     vertex  2.593086e+01 -1.201469e+01  1.510000e+00
   endloop
 endfacet
 facet normal  0.000000e+00  0.000000e+00  1.000000e+00
   outer loop
     vertex  2.599987e+01 -1.149686e+01  1.510000e+00
     vertex  1.971200e+01 -7.158995e+00  1.510000e+00
     vertex  2.399987e+01 -1.350314e+01  1.510000e+00
   endloop
 endfacet
 facet normal  0.000000e+00  0.000000e+00  1.000000e+00
   outer loop
     vertex  4.939212e+00  9.798797e+00  1.510000e+00
     vertex -4.701090e+00  9.488137e+00  1.510000e+00
     vertex  4.700834e+00  9.488137e+00  1.510000e+00
   endloop
 endfacet
 facet normal  0.000000e+00  0.000000e+00  1.000000e+00
   outer loop
     vertex  4.939212e+00  9.798797e+00  1.510000e+00
     vertex -5.250128e+00  1.003718e+01  1.510000e+00
     vertex -4.939468e+00  9.798797e+00  1.510000e+00
   endloop
 endfacet
 facet normal  0.000000e+00  0.000000e+00  1.000000e+00
   outer loop
     vertex  4.939212e+00  9.798797e+00  1.510000e+00
     vertex -4.939468e+00  9.798797e+00  1.510000e+00
     vertex -4.701090e+00  9.488137e+00  1.510000e+00
   endloop
 endfacet
 facet normal  0.000000e+00  0.000000e+00  1.000000e+00
   outer loop
     vertex  7.060532e+00  7.677477e+00  1.510000e+00
     vertex  7.631870e+00  4.910759e+00  1.510000e+00
     vertex  7.754872e+00  4.859810e+00  1.510000e+00
   endloop
 endfacet
 facet normal  0.000000e+00  0.000000e+00  1.000000e+00
   outer loop
     vertex  7.060532e+00  7.677477e+00  1.510000e+00
     vertex  6.749872e+00  7.439099e+00  1.510000e+00
     vertex  7.631870e+00  4.910759e+00  1.510000e+00
   endloop
 endfacet
 facet normal  0.000000e+00  0.000000e+00  1.000000e+00
   outer loop
     vertex  5.249872e+00  1.003718e+01  1.510000e+00
     vertex -5.250128e+00  1.003718e+01  1.510000e+00
     vertex  4.939212e+00  9.798797e+00  1.510000e+00
   endloop
 endfacet
 facet normal  0.000000e+00  0.000000e+00  1.000000e+00
   outer loop
     vertex  7.298910e+00  7.988137e+00  1.510000e+00
     vertex  7.060532e+00  7.677477e+00  1.510000e+00
     vertex  7.754872e+00  4.859810e+00  1.510000e+00
   endloop
 endfacet
 facet normal  0.000000e+00  0.000000e+00  1.000000e+00
   outer loop
     vertex  7.298910e+00  7.988137e+00  1.510000e+00
     vertex  7.754872e+00  4.859810e+00  1.510000e+00
     vertex  7.860496e+00  4.778761e+00  1.510000e+00
   endloop
 endfacet
 facet normal  0.000000e+00  0.000000e+00  1.000000e+00
   outer loop
     vertex  5.611643e+00  1.018703e+01  1.510000e+00
     vertex -5.250128e+00  1.003718e+01  1.510000e+00
     vertex  5.249872e+00  1.003718e+01  1.510000e+00
   endloop
 endfacet
 facet normal  0.000000e+00  0.000000e+00  1.000000e+00
   outer loop
     vertex  5.611643e+00  1.018703e+01  1.510000e+00
     vertex -5.611899e+00  1.018703e+01  1.510000e+00
     vertex -5.250128e+00  1.003718e+01  1.510000e+00
   endloop
 endfacet
 facet normal  0.000000e+00  0.000000e+00  1.000000e+00
   outer loop
     vertex  7.448761e+00  8.349908e+00  1.510000e+00
     vertex  7.298910e+00  7.988137e+00  1.510000e+00
     vertex  7.860496e+00  4.778761e+00  1.510000e+00
   endloop
 endfacet
 facet normal  0.000000e+00  0.000000e+00  1.000000e+00
   outer loop
     vertex  7.448761e+00  8.349908e+00  1.510000e+00
     vertex  7.860496e+00  4.778761e+00  1.510000e+00
     vertex  7.941545e+00  4.673137e+00  1.510000e+00
   endloop
 endfacet
 facet normal  0.000000e+00  0.000000e+00  1.000000e+00
   outer loop
     vertex  2.086850e+01  8.371766e+00  1.510000e+00
     vertex  8.009872e+00  1.418137e+00  1.510000e+00
     vertex  1.574987e+01 -5.746863e+00  1.510000e+00
   endloop
 endfacet
 facet normal  0.000000e+00  0.000000e+00  1.000000e+00
   outer loop
     vertex  2.086850e+01  8.371766e+00  1.510000e+00
     vertex  7.992494e+00  4.286139e+00  1.510000e+00
     vertex  7.992494e+00  1.550135e+00  1.510000e+00
   endloop
 endfacet
 facet normal  0.000000e+00  0.000000e+00  1.000000e+00
   outer loop
     vertex  2.086850e+01  8.371766e+00  1.510000e+00
     vertex  7.992494e+00  1.550135e+00  1.510000e+00
     vertex  8.009872e+00  1.418137e+00  1.510000e+00
   endloop
 endfacet
 facet normal  0.000000e+00  0.000000e+00  1.000000e+00
   outer loop
     vertex  2.086850e+01  8.371766e+00  1.510000e+00
     vertex  8.009872e+00  4.418137e+00  1.510000e+00
     vertex  7.992494e+00  4.286139e+00  1.510000e+00
   endloop
 endfacet
 facet normal  0.000000e+00  0.000000e+00  1.000000e+00
   outer loop
     vertex  2.119987e+01  8.117496e+00  1.510000e+00
     vertex  2.086850e+01  8.371766e+00  1.510000e+00
     vertex  1.574987e+01 -5.746863e+00  1.510000e+00
   endloop
 endfacet
 facet normal  0.000000e+00  0.000000e+00  1.000000e+00
   outer loop
     vertex  2.119987e+01  8.117496e+00  1.510000e+00
     vertex  1.574987e+01 -5.746863e+00  1.510000e+00
     vertex  1.699987e+01 -5.746863e+00  1.510000e+00
   endloop
 endfacet
 facet normal  0.000000e+00  0.000000e+00  1.000000e+00
   outer loop
     vertex  2.119987e+01  8.117496e+00  1.510000e+00
     vertex  1.707752e+01 -5.757085e+00  1.510000e+00
     vertex  1.942223e+01 -5.757085e+00  1.510000e+00
   endloop
 endfacet
 facet normal  0.000000e+00  0.000000e+00  1.000000e+00
   outer loop
     vertex  2.119987e+01  8.117496e+00  1.510000e+00
     vertex  1.699987e+01 -5.746863e+00  1.510000e+00
     vertex  1.707752e+01 -5.757085e+00  1.510000e+00
   endloop
 endfacet
 facet normal  0.000000e+00  0.000000e+00  1.000000e+00
   outer loop
     vertex  2.119987e+01  8.117496e+00  1.510000e+00
     vertex  1.942223e+01 -5.757085e+00  1.510000e+00
     vertex  1.949987e+01 -5.746863e+00  1.510000e+00
   endloop
 endfacet
 facet normal  0.000000e+00  0.000000e+00  1.000000e+00
   outer loop
     vertex  2.061423e+01  8.703137e+00  1.510000e+00
     vertex  8.009872e+00  4.418137e+00  1.510000e+00
     vertex  2.086850e+01  8.371766e+00  1.510000e+00
   endloop
 endfacet
 facet normal  0.000000e+00  0.000000e+00  1.000000e+00
   outer loop
     vertex  2.061423e+01  8.703137e+00  1.510000e+00
     vertex  7.992494e+00  4.550135e+00  1.510000e+00
     vertex  8.009872e+00  4.418137e+00  1.510000e+00
   endloop
 endfacet
 facet normal  0.000000e+00  0.000000e+00  1.000000e+00
   outer loop
     vertex  2.158576e+01  7.957656e+00  1.510000e+00
     vertex  2.119987e+01  8.117496e+00  1.510000e+00
     vertex  1.949987e+01 -5.746863e+00  1.510000e+00
   endloop
 endfacet
 facet normal  0.000000e+00  0.000000e+00  1.000000e+00
   outer loop
     vertex  2.158576e+01  7.957656e+00  1.510000e+00
     vertex  1.949987e+01 -5.746863e+00  1.510000e+00
     vertex  1.957752e+01 -5.757085e+00  1.510000e+00
   endloop
 endfacet
 facet normal  0.000000e+00  0.000000e+00  1.000000e+00
   outer loop
     vertex  2.045439e+01  9.089027e+00  1.510000e+00
     vertex  7.499872e+00  8.738137e+00  1.510000e+00
     vertex  7.448761e+00  8.349908e+00  1.510000e+00
   endloop
 endfacet
 facet normal  0.000000e+00  0.000000e+00  1.000000e+00
   outer loop
     vertex  2.045439e+01  9.089027e+00  1.510000e+00
     vertex  7.448761e+00  8.349908e+00  1.510000e+00
     vertex  7.941545e+00  4.673137e+00  1.510000e+00
   endloop
 endfacet
 facet normal  0.000000e+00  0.000000e+00  1.000000e+00
   outer loop
     vertex  2.045439e+01  9.089027e+00  1.510000e+00
     vertex  7.992494e+00  4.550135e+00  1.510000e+00
     vertex  2.061423e+01  8.703137e+00  1.510000e+00
   endloop
 endfacet
 facet normal  0.000000e+00  0.000000e+00  1.000000e+00
   outer loop
     vertex  2.045439e+01  9.089027e+00  1.510000e+00
     vertex  7.941545e+00  4.673137e+00  1.510000e+00
     vertex  7.992494e+00  4.550135e+00  1.510000e+00
   endloop
 endfacet
 facet normal  0.000000e+00  0.000000e+00  1.000000e+00
   outer loop
     vertex  2.199987e+01  7.903137e+00  1.510000e+00
     vertex  1.957752e+01 -5.757085e+00  1.510000e+00
     vertex  1.964987e+01 -5.787055e+00  1.510000e+00
   endloop
 endfacet
 facet normal  0.000000e+00  0.000000e+00  1.000000e+00
   outer loop
     vertex  2.199987e+01  7.903137e+00  1.510000e+00
     vertex  2.158576e+01  7.957656e+00  1.510000e+00
     vertex  1.957752e+01 -5.757085e+00  1.510000e+00
   endloop
 endfacet
 facet normal  0.000000e+00  0.000000e+00  1.000000e+00
   outer loop
     vertex  2.039987e+01  9.503137e+00  1.510000e+00
     vertex  7.448761e+00  9.126366e+00  1.510000e+00
     vertex  7.499872e+00  8.738137e+00  1.510000e+00
   endloop
 endfacet
 facet normal  0.000000e+00  0.000000e+00  1.000000e+00
   outer loop
     vertex  2.039987e+01  9.503137e+00  1.510000e+00
     vertex  7.499872e+00  8.738137e+00  1.510000e+00
     vertex  2.045439e+01  9.089027e+00  1.510000e+00
   endloop
 endfacet
 facet normal  0.000000e+00  0.000000e+00  1.000000e+00
   outer loop
     vertex  2.045439e+01  9.917247e+00  1.510000e+00
     vertex  7.298910e+00  9.488137e+00  1.510000e+00
     vertex  7.448761e+00  9.126366e+00  1.510000e+00
   endloop
 endfacet
 facet normal  0.000000e+00  0.000000e+00  1.000000e+00
   outer loop
     vertex  2.045439e+01  9.917247e+00  1.510000e+00
     vertex  7.448761e+00  9.126366e+00  1.510000e+00
     vertex  2.039987e+01  9.503137e+00  1.510000e+00
   endloop
 endfacet
 facet normal  0.000000e+00  0.000000e+00  1.000000e+00
   outer loop
     vertex  2.241398e+01  7.957656e+00  1.510000e+00
     vertex  1.964987e+01 -5.787055e+00  1.510000e+00
     vertex  1.971200e+01 -5.834731e+00  1.510000e+00
   endloop
 endfacet
 facet normal  0.000000e+00  0.000000e+00  1.000000e+00
   outer loop
     vertex  2.241398e+01  7.957656e+00  1.510000e+00
     vertex  2.199987e+01  7.903137e+00  1.510000e+00
     vertex  1.964987e+01 -5.787055e+00  1.510000e+00
   endloop
 endfacet
 facet normal  0.000000e+00  0.000000e+00  1.000000e+00
   outer loop
     vertex  2.061423e+01  1.030314e+01  1.510000e+00
     vertex  7.060532e+00  9.798797e+00  1.510000e+00
     vertex  7.298910e+00  9.488137e+00  1.510000e+00
   endloop
 endfacet
 facet normal  0.000000e+00  0.000000e+00  1.000000e+00
   outer loop
     vertex  2.061423e+01  1.030314e+01  1.510000e+00
     vertex  7.298910e+00  9.488137e+00  1.510000e+00
     vertex  2.045439e+01  9.917247e+00  1.510000e+00
   endloop
 endfacet
 facet normal  0.000000e+00  0.000000e+00  1.000000e+00
   outer loop
     vertex  2.279987e+01  8.117496e+00  1.510000e+00
     vertex  1.971200e+01 -5.834731e+00  1.510000e+00
     vertex  1.975968e+01 -5.896863e+00  1.510000e+00
   endloop
 endfacet
 facet normal  0.000000e+00  0.000000e+00  1.000000e+00
   outer loop
     vertex  2.279987e+01  8.117496e+00  1.510000e+00
     vertex  2.241398e+01  7.957656e+00  1.510000e+00
     vertex  1.971200e+01 -5.834731e+00  1.510000e+00
   endloop
 endfacet
 facet normal  0.000000e+00  0.000000e+00  1.000000e+00
   outer loop
     vertex  2.086850e+01  1.063451e+01  1.510000e+00
     vertex  6.749872e+00  1.003718e+01  1.510000e+00
     vertex  7.060532e+00  9.798797e+00  1.510000e+00
   endloop
 endfacet
 facet normal  0.000000e+00  0.000000e+00  1.000000e+00
   outer loop
     vertex  2.086850e+01  1.063451e+01  1.510000e+00
     vertex  7.060532e+00  9.798797e+00  1.510000e+00
     vertex  2.061423e+01  1.030314e+01  1.510000e+00
   endloop
 endfacet
 facet normal  0.000000e+00  0.000000e+00  1.000000e+00
   outer loop
     vertex  2.313124e+01  8.371766e+00  1.510000e+00
     vertex  1.975968e+01 -5.896863e+00  1.510000e+00
     vertex  2.599987e+01 -1.149686e+01  1.510000e+00
   endloop
 endfacet
 facet normal  0.000000e+00  0.000000e+00  1.000000e+00
   outer loop
     vertex  2.313124e+01  8.371766e+00  1.510000e+00
     vertex  2.279987e+01  8.117496e+00  1.510000e+00
     vertex  1.975968e+01 -5.896863e+00  1.510000e+00
   endloop
 endfacet
 facet normal  0.000000e+00  0.000000e+00  1.000000e+00
   outer loop
     vertex  2.338551e+01  8.703137e+00  1.510000e+00
     vertex  2.313124e+01  8.371766e+00  1.510000e+00
     vertex  2.599987e+01 -1.149686e+01  1.510000e+00
   endloop
 endfacet
 facet normal  0.000000e+00  0.000000e+00  1.000000e+00
   outer loop
     vertex  2.119987e+01  1.088878e+01  1.510000e+00
     vertex  6.749872e+00  1.003718e+01  1.510000e+00
     vertex  2.086850e+01  1.063451e+01  1.510000e+00
   endloop
 endfacet
 facet normal  0.000000e+00  0.000000e+00  1.000000e+00
   outer loop
     vertex  2.599987e+01  1.149699e+01  1.510000e+00
     vertex  2.338551e+01  8.703137e+00  1.510000e+00
     vertex  2.599987e+01 -1.149686e+01  1.510000e+00
   endloop
 endfacet
 facet normal  0.000000e+00  0.000000e+00  1.000000e+00
   outer loop
     vertex  2.599987e+01  1.149699e+01  1.510000e+00
     vertex  2.313124e+01  1.063451e+01  1.510000e+00
     vertex  2.338551e+01  1.030314e+01  1.510000e+00
   endloop
 endfacet
 facet normal  0.000000e+00  0.000000e+00  1.000000e+00
   outer loop
     vertex  2.599987e+01  1.149699e+01  1.510000e+00
     vertex  2.338551e+01  1.030314e+01  1.510000e+00
     vertex  2.354535e+01  9.917247e+00  1.510000e+00
   endloop
 endfacet
 facet normal  0.000000e+00  0.000000e+00  1.000000e+00
   outer loop
     vertex  2.599987e+01  1.149699e+01  1.510000e+00
     vertex  2.354535e+01  9.917247e+00  1.510000e+00
     vertex  2.359987e+01  9.503137e+00  1.510000e+00
   endloop
 endfacet
 facet normal  0.000000e+00  0.000000e+00  1.000000e+00
   outer loop
     vertex  2.599987e+01  1.149699e+01  1.510000e+00
     vertex  2.359987e+01  9.503137e+00  1.510000e+00
     vertex  2.354535e+01  9.089027e+00  1.510000e+00
   endloop
 endfacet
 facet normal  0.000000e+00  0.000000e+00  1.000000e+00
   outer loop
     vertex  2.599987e+01  1.149699e+01  1.510000e+00
     vertex  2.354535e+01  9.089027e+00  1.510000e+00
     vertex  2.338551e+01  8.703137e+00  1.510000e+00
   endloop
 endfacet
 facet normal  0.000000e+00  0.000000e+00  1.000000e+00
   outer loop
     vertex  2.399987e+01  1.350314e+01  1.510000e+00
     vertex  6.749872e+00  1.003718e+01  1.510000e+00
     vertex  2.119987e+01  1.088878e+01  1.510000e+00
   endloop
 endfacet
 facet normal  0.000000e+00  0.000000e+00  1.000000e+00
   outer loop
     vertex  2.399987e+01  1.350314e+01  1.510000e+00
     vertex  6.388101e+00  1.018703e+01  1.510000e+00
     vertex  6.749872e+00  1.003718e+01  1.510000e+00
   endloop
 endfacet
 facet normal  0.000000e+00  0.000000e+00  1.000000e+00
   outer loop
     vertex  2.399987e+01  1.350314e+01  1.510000e+00
     vertex  2.119987e+01  1.088878e+01  1.510000e+00
     vertex  2.158576e+01  1.104862e+01  1.510000e+00
   endloop
 endfacet
 facet normal  0.000000e+00  0.000000e+00  1.000000e+00
   outer loop
     vertex  2.399987e+01  1.350314e+01  1.510000e+00
     vertex  2.158576e+01  1.104862e+01  1.510000e+00
     vertex  2.199987e+01  1.110314e+01  1.510000e+00
   endloop
 endfacet
 facet normal  0.000000e+00  0.000000e+00  1.000000e+00
   outer loop
     vertex  2.399987e+01  1.350314e+01  1.510000e+00
     vertex  2.199987e+01  1.110314e+01  1.510000e+00
     vertex  2.241398e+01  1.104862e+01  1.510000e+00
   endloop
 endfacet
 facet normal  0.000000e+00  0.000000e+00  1.000000e+00
   outer loop
     vertex  2.399987e+01  1.350314e+01  1.510000e+00
     vertex  2.241398e+01  1.104862e+01  1.510000e+00
     vertex  2.279987e+01  1.088878e+01  1.510000e+00
   endloop
 endfacet
 facet normal  0.000000e+00  0.000000e+00  1.000000e+00
   outer loop
     vertex  2.399987e+01  1.350314e+01  1.510000e+00
     vertex  2.279987e+01  1.088878e+01  1.510000e+00
     vertex  2.313124e+01  1.063451e+01  1.510000e+00
   endloop
 endfacet
 facet normal  0.000000e+00  0.000000e+00  1.000000e+00
   outer loop
     vertex  2.595090e+01  1.194304e+01  1.510000e+00
     vertex  2.313124e+01  1.063451e+01  1.510000e+00
     vertex  2.599987e+01  1.149699e+01  1.510000e+00
   endloop
 endfacet
 facet normal  0.000000e+00  0.000000e+00  1.000000e+00
   outer loop
     vertex  2.444577e+01  1.345280e+01  1.510000e+00
     vertex  2.399987e+01  1.350314e+01  1.510000e+00
     vertex  2.313124e+01  1.063451e+01  1.510000e+00
   endloop
 endfacet
 facet normal  0.000000e+00  0.000000e+00  1.000000e+00
   outer loop
     vertex  2.580371e+01  1.236695e+01  1.510000e+00
     vertex  2.313124e+01  1.063451e+01  1.510000e+00
     vertex  2.595090e+01  1.194304e+01  1.510000e+00
   endloop
 endfacet
 facet normal  0.000000e+00  0.000000e+00  1.000000e+00
   outer loop
     vertex  2.486922e+01  1.330431e+01  1.510000e+00
     vertex  2.444577e+01  1.345280e+01  1.510000e+00
     vertex  2.313124e+01  1.063451e+01  1.510000e+00
   endloop
 endfacet
 facet normal  0.000000e+00  0.000000e+00  1.000000e+00
   outer loop
     vertex  2.556572e+01  1.274737e+01  1.510000e+00
     vertex  2.313124e+01  1.063451e+01  1.510000e+00
     vertex  2.580371e+01  1.236695e+01  1.510000e+00
   endloop
 endfacet
 facet normal  0.000000e+00  0.000000e+00  1.000000e+00
   outer loop
     vertex  2.524891e+01  1.306516e+01  1.510000e+00
     vertex  2.486922e+01  1.330431e+01  1.510000e+00
     vertex  2.313124e+01  1.063451e+01  1.510000e+00
   endloop
 endfacet
 facet normal  0.000000e+00  0.000000e+00  1.000000e+00
   outer loop
     vertex  2.524891e+01  1.306516e+01  1.510000e+00
     vertex  2.313124e+01  1.063451e+01  1.510000e+00
     vertex  2.556572e+01  1.274737e+01  1.510000e+00
   endloop
 endfacet
 facet normal  0.000000e+00  0.000000e+00  1.000000e+00
   outer loop
     vertex  2.399987e+01  1.350314e+01  1.510000e+00
     vertex -2.399962e+01  1.349712e+01  1.510000e+00
     vertex -6.000128e+00  1.023814e+01  1.510000e+00
   endloop
 endfacet
 facet normal  0.000000e+00  0.000000e+00  1.000000e+00
   outer loop
     vertex -6.000128e+00  1.023814e+01  1.510000e+00
     vertex -2.399962e+01  1.349712e+01  1.510000e+00
     vertex -6.388357e+00  1.018703e+01  1.510000e+00
   endloop
 endfacet
 facet normal  0.000000e+00  0.000000e+00  1.000000e+00
   outer loop
     vertex  2.399987e+01  1.350314e+01  1.510000e+00
     vertex -6.000128e+00  1.023814e+01  1.510000e+00
     vertex -5.611899e+00  1.018703e+01  1.510000e+00
   endloop
 endfacet
 facet normal  0.000000e+00  0.000000e+00  1.000000e+00
   outer loop
     vertex  2.399987e+01  1.350314e+01  1.510000e+00
     vertex -5.611899e+00  1.018703e+01  1.510000e+00
     vertex  5.999872e+00  1.023814e+01  1.510000e+00
   endloop
 endfacet
 facet normal  0.000000e+00  0.000000e+00  1.000000e+00
   outer loop
     vertex  5.999872e+00  1.023814e+01  1.510000e+00
     vertex -5.611899e+00  1.018703e+01  1.510000e+00
     vertex  5.611643e+00  1.018703e+01  1.510000e+00
   endloop
 endfacet
 facet normal  0.000000e+00  0.000000e+00  1.000000e+00
   outer loop
     vertex  2.399987e+01  1.350314e+01  1.510000e+00
     vertex  5.999872e+00  1.023814e+01  1.510000e+00
     vertex  6.388101e+00  1.018703e+01  1.510000e+00
   endloop
 endfacet
 facet normal -9.914425e-01  1.305439e-01  0.000000e+00
   outer loop
     vertex -2.593171e+01  1.201456e+01  0.000000e+00
     vertex -2.599987e+01  1.149686e+01  0.000000e+00
     vertex -2.599987e+01  1.149686e+01  1.510000e+00
   endloop
 endfacet
 facet normal -9.914425e-01  1.305439e-01  0.000000e+00
   outer loop
     vertex -2.593171e+01  1.201456e+01  0.000000e+00
     vertex -2.599987e+01  1.149686e+01  1.510000e+00
     vertex -2.593171e+01  1.201456e+01  1.510000e+00
   endloop
 endfacet
 facet normal -9.238754e-01  3.826934e-01  0.000000e+00
   outer loop
     vertex -2.573188e+01  1.249698e+01  0.000000e+00
     vertex -2.593171e+01  1.201456e+01  1.510000e+00
     vertex -2.573188e+01  1.249698e+01  1.510000e+00
   endloop
 endfacet
 facet normal -9.238754e-01  3.826934e-01  0.000000e+00
   outer loop
     vertex -2.573188e+01  1.249698e+01  0.000000e+00
     vertex -2.593171e+01  1.201456e+01  0.000000e+00
     vertex -2.593171e+01  1.201456e+01  1.510000e+00
   endloop
 endfacet
 facet normal -7.933512e-01  6.087643e-01  0.000000e+00
   outer loop
     vertex -2.541400e+01  1.291124e+01  0.000000e+00
     vertex -2.573188e+01  1.249698e+01  1.510000e+00
     vertex -2.541400e+01  1.291124e+01  1.510000e+00
   endloop
 endfacet
 facet normal -7.933512e-01  6.087643e-01  0.000000e+00
   outer loop
     vertex -2.541400e+01  1.291124e+01  0.000000e+00
     vertex -2.573188e+01  1.249698e+01  0.000000e+00
     vertex -2.573188e+01  1.249698e+01  1.510000e+00
   endloop
 endfacet
 facet normal -6.087643e-01  7.933512e-01  0.000000e+00
   outer loop
     vertex -2.499973e+01  1.322912e+01  0.000000e+00
     vertex -2.541400e+01  1.291124e+01  1.510000e+00
     vertex -2.499973e+01  1.322912e+01  1.510000e+00
   endloop
 endfacet
 facet normal -6.087643e-01  7.933512e-01  0.000000e+00
   outer loop
     vertex -2.499973e+01  1.322912e+01  0.000000e+00
     vertex -2.541400e+01  1.291124e+01  0.000000e+00
     vertex -2.541400e+01  1.291124e+01  1.510000e+00
   endloop
 endfacet
 facet normal -3.826934e-01  9.238754e-01  0.000000e+00
   outer loop
     vertex -2.451732e+01  1.342895e+01  0.000000e+00
     vertex -2.499973e+01  1.322912e+01  1.510000e+00
     vertex -2.451732e+01  1.342895e+01  1.510000e+00
   endloop
 endfacet
 facet normal -3.826934e-01  9.238754e-01  0.000000e+00
   outer loop
     vertex -2.451732e+01  1.342895e+01  0.000000e+00
     vertex -2.499973e+01  1.322912e+01  0.000000e+00
     vertex -2.499973e+01  1.322912e+01  1.510000e+00
   endloop
 endfacet
 facet normal -1.305439e-01  9.914425e-01  0.000000e+00
   outer loop
     vertex -2.399962e+01  1.349712e+01  0.000000e+00
     vertex -2.451732e+01  1.342895e+01  1.510000e+00
     vertex -2.399962e+01  1.349712e+01  1.510000e+00
   endloop
 endfacet
 facet normal -1.305439e-01  9.914425e-01  0.000000e+00
   outer loop
     vertex -2.399962e+01  1.349712e+01  0.000000e+00
     vertex -2.451732e+01  1.342895e+01  0.000000e+00
     vertex -2.451732e+01  1.342895e+01  1.510000e+00
   endloop
 endfacet
 facet normal  9.912369e-01 -1.320964e-01  0.000000e+00
   outer loop
     vertex  2.593086e+01 -1.201469e+01  0.000000e+00
     vertex  2.599987e+01 -1.149686e+01  0.000000e+00
     vertex  2.599987e+01 -1.149686e+01  1.510000e+00
   endloop
 endfacet
 facet normal  9.912369e-01 -1.320964e-01  0.000000e+00
   outer loop
     vertex  2.593086e+01 -1.201469e+01  0.000000e+00
     vertex  2.599987e+01 -1.149686e+01  1.510000e+00
     vertex  2.593086e+01 -1.201469e+01  1.510000e+00
   endloop
 endfacet
 facet normal  9.237555e-01 -3.829827e-01  0.000000e+00
   outer loop
     vertex  2.573079e+01 -1.249726e+01  0.000000e+00
     vertex  2.593086e+01 -1.201469e+01  1.510000e+00
     vertex  2.573079e+01 -1.249726e+01  1.510000e+00
   endloop
 endfacet
 facet normal  9.237555e-01 -3.829827e-01  0.000000e+00
   outer loop
     vertex  2.573079e+01 -1.249726e+01  0.000000e+00
     vertex  2.593086e+01 -1.201469e+01  0.000000e+00
     vertex  2.593086e+01 -1.201469e+01  1.510000e+00
   endloop
 endfacet
 facet normal  7.939228e-01 -6.080185e-01  0.000000e+00
   outer loop
     vertex  2.541317e+01 -1.291200e+01  0.000000e+00
     vertex  2.573079e+01 -1.249726e+01  1.510000e+00
     vertex  2.541317e+01 -1.291200e+01  1.510000e+00
   endloop
 endfacet
 facet normal  7.939228e-01 -6.080185e-01  0.000000e+00
   outer loop
     vertex  2.541317e+01 -1.291200e+01  0.000000e+00
     vertex  2.573079e+01 -1.249726e+01  0.000000e+00
     vertex  2.573079e+01 -1.249726e+01  1.510000e+00
   endloop
 endfacet
 facet normal  6.105022e-01 -7.920146e-01  0.000000e+00
   outer loop
     vertex  2.499942e+01 -1.323093e+01  0.000000e+00
     vertex  2.541317e+01 -1.291200e+01  1.510000e+00
     vertex  2.499942e+01 -1.323093e+01  1.510000e+00
   endloop
 endfacet
 facet normal  3.858741e-01 -9.225514e-01  0.000000e+00
   outer loop
     vertex  2.499942e+01 -1.323093e+01  0.000000e+00
     vertex  2.499942e+01 -1.323093e+01  1.510000e+00
     vertex  2.451748e+01 -1.343251e+01  1.510000e+00
   endloop
 endfacet
 facet normal  6.105022e-01 -7.920146e-01  0.000000e+00
   outer loop
     vertex  2.499942e+01 -1.323093e+01  0.000000e+00
     vertex  2.541317e+01 -1.291200e+01  0.000000e+00
     vertex  2.541317e+01 -1.291200e+01  1.510000e+00
   endloop
 endfacet
 facet normal  3.858741e-01 -9.225514e-01  0.000000e+00
   outer loop
     vertex  2.451748e+01 -1.343251e+01  0.000000e+00
     vertex  2.499942e+01 -1.323093e+01  0.000000e+00
     vertex  2.451748e+01 -1.343251e+01  1.510000e+00
   endloop
 endfacet
 facet normal  1.352004e-01 -9.908183e-01  0.000000e+00
   outer loop
     vertex  2.399987e+01 -1.350314e+01  0.000000e+00
     vertex  2.451748e+01 -1.343251e+01  1.510000e+00
     vertex  2.399987e+01 -1.350314e+01  1.510000e+00
   endloop
 endfacet
 facet normal  1.352004e-01 -9.908183e-01  0.000000e+00
   outer loop
     vertex  2.399987e+01 -1.350314e+01  0.000000e+00
     vertex  2.451748e+01 -1.343251e+01  0.000000e+00
     vertex  2.451748e+01 -1.343251e+01  1.510000e+00
   endloop
 endfacet
 facet normal -1.000000e+00 -0.000000e+00  0.000000e+00
   outer loop
     vertex -2.599987e+01  1.149686e+01  1.510000e+00
     vertex -2.599987e+01 -1.150288e+01  0.000000e+00
     vertex -2.599987e+01 -1.150288e+01  1.510000e+00
   endloop
 endfacet
 facet normal -1.000000e+00  0.000000e+00  0.000000e+00
   outer loop
     vertex -2.599987e+01  1.149686e+01  0.000000e+00
     vertex -2.599987e+01 -1.150288e+01  0.000000e+00
     vertex -2.599987e+01  1.149686e+01  1.510000e+00
   endloop
 endfacet
 facet normal -3.700783e-17 -1.000000e+00  0.000000e+00
   outer loop
     vertex -2.399962e+01 -1.350314e+01  0.000000e+00
     vertex  2.399987e+01 -1.350314e+01  0.000000e+00
     vertex  2.399987e+01 -1.350314e+01  1.510000e+00
   endloop
 endfacet
 facet normal -3.700783e-17 -1.000000e+00  0.000000e+00
   outer loop
     vertex -2.399962e+01 -1.350314e+01  0.000000e+00
     vertex  2.399987e+01 -1.350314e+01  1.510000e+00
     vertex -2.399962e+01 -1.350314e+01  1.510000e+00
   endloop
 endfacet
 facet normal -1.305573e-01 -9.914408e-01  0.000000e+00
   outer loop
     vertex -2.451731e+01 -1.343496e+01  0.000000e+00
     vertex -2.399962e+01 -1.350314e+01  0.000000e+00
     vertex -2.399962e+01 -1.350314e+01  1.510000e+00
   endloop
 endfacet
 facet normal -1.305573e-01 -9.914408e-01  0.000000e+00
   outer loop
     vertex -2.451731e+01 -1.343496e+01  0.000000e+00
     vertex -2.399962e+01 -1.350314e+01  1.510000e+00
     vertex -2.451731e+01 -1.343496e+01  1.510000e+00
   endloop
 endfacet
 facet normal -3.827008e-01 -9.238723e-01  0.000000e+00
   outer loop
     vertex -2.499973e+01 -1.323513e+01  0.000000e+00
     vertex -2.451731e+01 -1.343496e+01  1.510000e+00
     vertex -2.499973e+01 -1.323513e+01  1.510000e+00
   endloop
 endfacet
 facet normal -3.827008e-01 -9.238723e-01  0.000000e+00
   outer loop
     vertex -2.499973e+01 -1.323513e+01  0.000000e+00
     vertex -2.451731e+01 -1.343496e+01  0.000000e+00
     vertex -2.451731e+01 -1.343496e+01  1.510000e+00
   endloop
 endfacet
 facet normal -6.087664e-01 -7.933495e-01  0.000000e+00
   outer loop
     vertex -2.541399e+01 -1.291725e+01  0.000000e+00
     vertex -2.499973e+01 -1.323513e+01  1.510000e+00
     vertex -2.541399e+01 -1.291725e+01  1.510000e+00
   endloop
 endfacet
 facet normal -6.087664e-01 -7.933495e-01  0.000000e+00
   outer loop
     vertex -2.541399e+01 -1.291725e+01  0.000000e+00
     vertex -2.499973e+01 -1.323513e+01  0.000000e+00
     vertex -2.499973e+01 -1.323513e+01  1.510000e+00
   endloop
 endfacet
 facet normal -7.933495e-01 -6.087664e-01  0.000000e+00
   outer loop
     vertex -2.573187e+01 -1.250299e+01  0.000000e+00
     vertex -2.541399e+01 -1.291725e+01  1.510000e+00
     vertex -2.573187e+01 -1.250299e+01  1.510000e+00
   endloop
 endfacet
 facet normal -7.933495e-01 -6.087664e-01  0.000000e+00
   outer loop
     vertex -2.573187e+01 -1.250299e+01  0.000000e+00
     vertex -2.541399e+01 -1.291725e+01  0.000000e+00
     vertex -2.541399e+01 -1.291725e+01  1.510000e+00
   endloop
 endfacet
 facet normal -9.238723e-01 -3.827008e-01  0.000000e+00
   outer loop
     vertex -2.593170e+01 -1.202058e+01  0.000000e+00
     vertex -2.573187e+01 -1.250299e+01  1.510000e+00
     vertex -2.593170e+01 -1.202058e+01  1.510000e+00
   endloop
 endfacet
 facet normal -9.238723e-01 -3.827008e-01  0.000000e+00
   outer loop
     vertex -2.593170e+01 -1.202058e+01  0.000000e+00
     vertex -2.573187e+01 -1.250299e+01  0.000000e+00
     vertex -2.573187e+01 -1.250299e+01  1.510000e+00
   endloop
 endfacet
 facet normal -9.914408e-01 -1.305573e-01  0.000000e+00
   outer loop
     vertex -2.599987e+01 -1.150288e+01  0.000000e+00
     vertex -2.593170e+01 -1.202058e+01  1.510000e+00
     vertex -2.599987e+01 -1.150288e+01  1.510000e+00
   endloop
 endfacet
 facet normal -9.914408e-01 -1.305573e-01  0.000000e+00
   outer loop
     vertex -2.599987e+01 -1.150288e+01  0.000000e+00
     vertex -2.593170e+01 -1.202058e+01  0.000000e+00
     vertex -2.593170e+01 -1.202058e+01  1.510000e+00
   endloop
 endfacet
 facet normal -1.305262e-01  9.914449e-01  0.000000e+00
   outer loop
     vertex -2.158602e+01 -1.104234e+01  0.000000e+00
     vertex -2.200013e+01 -1.109686e+01  0.000000e+00
     vertex -2.200013e+01 -1.109686e+01  1.510000e+00
   endloop
 endfacet
 facet normal -1.305262e-01  9.914449e-01  0.000000e+00
   outer loop
     vertex -2.158602e+01 -1.104234e+01  0.000000e+00
     vertex -2.200013e+01 -1.109686e+01  1.510000e+00
     vertex -2.158602e+01 -1.104234e+01  1.510000e+00
   endloop
 endfacet
 facet normal -3.826834e-01  9.238795e-01  0.000000e+00
   outer loop
     vertex -2.120013e+01 -1.088250e+01  0.000000e+00
     vertex -2.158602e+01 -1.104234e+01  1.510000e+00
     vertex -2.120013e+01 -1.088250e+01  1.510000e+00
   endloop
 endfacet
 facet normal -3.826834e-01  9.238795e-01  0.000000e+00
   outer loop
     vertex -2.120013e+01 -1.088250e+01  0.000000e+00
     vertex -2.158602e+01 -1.104234e+01  0.000000e+00
     vertex -2.158602e+01 -1.104234e+01  1.510000e+00
   endloop
 endfacet
 facet normal -6.087614e-01  7.933533e-01  0.000000e+00
   outer loop
     vertex -2.086876e+01 -1.062823e+01  0.000000e+00
     vertex -2.120013e+01 -1.088250e+01  1.510000e+00
     vertex -2.086876e+01 -1.062823e+01  1.510000e+00
   endloop
 endfacet
 facet normal -6.087614e-01  7.933533e-01  0.000000e+00
   outer loop
     vertex -2.086876e+01 -1.062823e+01  0.000000e+00
     vertex -2.120013e+01 -1.088250e+01  0.000000e+00
     vertex -2.120013e+01 -1.088250e+01  1.510000e+00
   endloop
 endfacet
 facet normal -7.933533e-01  6.087614e-01  0.000000e+00
   outer loop
     vertex -2.061449e+01 -1.029686e+01  0.000000e+00
     vertex -2.086876e+01 -1.062823e+01  1.510000e+00
     vertex -2.061449e+01 -1.029686e+01  1.510000e+00
   endloop
 endfacet
 facet normal -7.933533e-01  6.087614e-01  0.000000e+00
   outer loop
     vertex -2.061449e+01 -1.029686e+01  0.000000e+00
     vertex -2.086876e+01 -1.062823e+01  0.000000e+00
     vertex -2.086876e+01 -1.062823e+01  1.510000e+00
   endloop
 endfacet
 facet normal -9.238795e-01  3.826834e-01  0.000000e+00
   outer loop
     vertex -2.045465e+01 -9.910973e+00  0.000000e+00
     vertex -2.061449e+01 -1.029686e+01  1.510000e+00
     vertex -2.045465e+01 -9.910973e+00  1.510000e+00
   endloop
 endfacet
 facet normal -9.238795e-01  3.826834e-01  0.000000e+00
   outer loop
     vertex -2.045465e+01 -9.910973e+00  0.000000e+00
     vertex -2.061449e+01 -1.029686e+01  0.000000e+00
     vertex -2.061449e+01 -1.029686e+01  1.510000e+00
   endloop
 endfacet
 facet normal -9.914449e-01  1.305262e-01  0.000000e+00
   outer loop
     vertex -2.040013e+01 -9.496863e+00  0.000000e+00
     vertex -2.045465e+01 -9.910973e+00  1.510000e+00
     vertex -2.040013e+01 -9.496863e+00  1.510000e+00
   endloop
 endfacet
 facet normal -9.914449e-01  1.305262e-01  0.000000e+00
   outer loop
     vertex -2.040013e+01 -9.496863e+00  0.000000e+00
     vertex -2.045465e+01 -9.910973e+00  0.000000e+00
     vertex -2.045465e+01 -9.910973e+00  1.510000e+00
   endloop
 endfacet
 facet normal -9.914449e-01 -1.305262e-01  0.000000e+00
   outer loop
     vertex -2.045465e+01 -9.082753e+00  0.000000e+00
     vertex -2.040013e+01 -9.496863e+00  1.510000e+00
     vertex -2.045465e+01 -9.082753e+00  1.510000e+00
   endloop
 endfacet
 facet normal -9.914449e-01 -1.305262e-01  0.000000e+00
   outer loop
     vertex -2.045465e+01 -9.082753e+00  0.000000e+00
     vertex -2.040013e+01 -9.496863e+00  0.000000e+00
     vertex -2.040013e+01 -9.496863e+00  1.510000e+00
   endloop
 endfacet
 facet normal -9.238795e-01 -3.826834e-01  0.000000e+00
   outer loop
     vertex -2.061449e+01 -8.696863e+00  0.000000e+00
     vertex -2.045465e+01 -9.082753e+00  1.510000e+00
     vertex -2.061449e+01 -8.696863e+00  1.510000e+00
   endloop
 endfacet
 facet normal -9.238795e-01 -3.826834e-01  0.000000e+00
   outer loop
     vertex -2.061449e+01 -8.696863e+00  0.000000e+00
     vertex -2.045465e+01 -9.082753e+00  0.000000e+00
     vertex -2.045465e+01 -9.082753e+00  1.510000e+00
   endloop
 endfacet
 facet normal -7.933533e-01 -6.087614e-01  0.000000e+00
   outer loop
     vertex -2.086876e+01 -8.365492e+00  0.000000e+00
     vertex -2.061449e+01 -8.696863e+00  1.510000e+00
     vertex -2.086876e+01 -8.365492e+00  1.510000e+00
   endloop
 endfacet
 facet normal -7.933533e-01 -6.087614e-01  0.000000e+00
   outer loop
     vertex -2.086876e+01 -8.365492e+00  0.000000e+00
     vertex -2.061449e+01 -8.696863e+00  0.000000e+00
     vertex -2.061449e+01 -8.696863e+00  1.510000e+00
   endloop
 endfacet
 facet normal -6.087614e-01 -7.933533e-01  0.000000e+00
   outer loop
     vertex -2.120013e+01 -8.111222e+00  0.000000e+00
     vertex -2.086876e+01 -8.365492e+00  1.510000e+00
     vertex -2.120013e+01 -8.111222e+00  1.510000e+00
   endloop
 endfacet
 facet normal -6.087614e-01 -7.933533e-01  0.000000e+00
   outer loop
     vertex -2.120013e+01 -8.111222e+00  0.000000e+00
     vertex -2.086876e+01 -8.365492e+00  0.000000e+00
     vertex -2.086876e+01 -8.365492e+00  1.510000e+00
   endloop
 endfacet
 facet normal -3.826834e-01 -9.238795e-01  0.000000e+00
   outer loop
     vertex -2.158602e+01 -7.951382e+00  0.000000e+00
     vertex -2.120013e+01 -8.111222e+00  1.510000e+00
     vertex -2.158602e+01 -7.951382e+00  1.510000e+00
   endloop
 endfacet
 facet normal -3.826834e-01 -9.238795e-01  0.000000e+00
   outer loop
     vertex -2.158602e+01 -7.951382e+00  0.000000e+00
     vertex -2.120013e+01 -8.111222e+00  0.000000e+00
     vertex -2.120013e+01 -8.111222e+00  1.510000e+00
   endloop
 endfacet
 facet normal -1.305262e-01 -9.914449e-01  0.000000e+00
   outer loop
     vertex -2.200013e+01 -7.896863e+00  0.000000e+00
     vertex -2.158602e+01 -7.951382e+00  1.510000e+00
     vertex -2.200013e+01 -7.896863e+00  1.510000e+00
   endloop
 endfacet
 facet normal -1.305262e-01 -9.914449e-01  0.000000e+00
   outer loop
     vertex -2.200013e+01 -7.896863e+00  0.000000e+00
     vertex -2.158602e+01 -7.951382e+00  0.000000e+00
     vertex -2.158602e+01 -7.951382e+00  1.510000e+00
   endloop
 endfacet
 facet normal  1.305262e-01 -9.914449e-01  0.000000e+00
   outer loop
     vertex -2.241424e+01 -7.951382e+00  0.000000e+00
     vertex -2.200013e+01 -7.896863e+00  1.510000e+00
     vertex -2.241424e+01 -7.951382e+00  1.510000e+00
   endloop
 endfacet
 facet normal  1.305262e-01 -9.914449e-01  0.000000e+00
   outer loop
     vertex -2.241424e+01 -7.951382e+00  0.000000e+00
     vertex -2.200013e+01 -7.896863e+00  0.000000e+00
     vertex -2.200013e+01 -7.896863e+00  1.510000e+00
   endloop
 endfacet
 facet normal  3.826834e-01 -9.238795e-01  0.000000e+00
   outer loop
     vertex -2.280013e+01 -8.111222e+00  0.000000e+00
     vertex -2.241424e+01 -7.951382e+00  0.000000e+00
     vertex -2.241424e+01 -7.951382e+00  1.510000e+00
   endloop
 endfacet
 facet normal  3.826834e-01 -9.238795e-01  0.000000e+00
   outer loop
     vertex -2.280013e+01 -8.111222e+00  0.000000e+00
     vertex -2.241424e+01 -7.951382e+00  1.510000e+00
     vertex -2.280013e+01 -8.111222e+00  1.510000e+00
   endloop
 endfacet
 facet normal  6.087614e-01 -7.933533e-01  0.000000e+00
   outer loop
     vertex -2.313150e+01 -8.365492e+00  0.000000e+00
     vertex -2.280013e+01 -8.111222e+00  0.000000e+00
     vertex -2.280013e+01 -8.111222e+00  1.510000e+00
   endloop
 endfacet
 facet normal  7.933533e-01 -6.087614e-01  0.000000e+00
   outer loop
     vertex -2.313150e+01 -8.365492e+00  0.000000e+00
     vertex -2.313150e+01 -8.365492e+00  1.510000e+00
     vertex -2.338577e+01 -8.696863e+00  1.510000e+00
   endloop
 endfacet
 facet normal  6.087614e-01 -7.933533e-01  0.000000e+00
   outer loop
     vertex -2.313150e+01 -8.365492e+00  0.000000e+00
     vertex -2.280013e+01 -8.111222e+00  1.510000e+00
     vertex -2.313150e+01 -8.365492e+00  1.510000e+00
   endloop
 endfacet
 facet normal  7.933533e-01 -6.087614e-01  0.000000e+00
   outer loop
     vertex -2.338577e+01 -8.696863e+00  0.000000e+00
     vertex -2.313150e+01 -8.365492e+00  0.000000e+00
     vertex -2.338577e+01 -8.696863e+00  1.510000e+00
   endloop
 endfacet
 facet normal  9.238795e-01 -3.826834e-01  0.000000e+00
   outer loop
     vertex -2.338577e+01 -8.696863e+00  0.000000e+00
     vertex -2.338577e+01 -8.696863e+00  1.510000e+00
     vertex -2.354561e+01 -9.082753e+00  1.510000e+00
   endloop
 endfacet
 facet normal  9.238795e-01 -3.826834e-01  0.000000e+00
   outer loop
     vertex -2.354561e+01 -9.082753e+00  0.000000e+00
     vertex -2.338577e+01 -8.696863e+00  0.000000e+00
     vertex -2.354561e+01 -9.082753e+00  1.510000e+00
   endloop
 endfacet
 facet normal  9.914449e-01 -1.305262e-01  0.000000e+00
   outer loop
     vertex -2.360013e+01 -9.496863e+00  0.000000e+00
     vertex -2.354561e+01 -9.082753e+00  0.000000e+00
     vertex -2.354561e+01 -9.082753e+00  1.510000e+00
   endloop
 endfacet
 facet normal  9.914449e-01 -1.305262e-01  0.000000e+00
   outer loop
     vertex -2.360013e+01 -9.496863e+00  0.000000e+00
     vertex -2.354561e+01 -9.082753e+00  1.510000e+00
     vertex -2.360013e+01 -9.496863e+00  1.510000e+00
   endloop
 endfacet
 facet normal  9.914449e-01  1.305262e-01 -0.000000e+00
   outer loop
     vertex -2.354561e+01 -9.910973e+00  0.000000e+00
     vertex -2.360013e+01 -9.496863e+00  1.510000e+00
     vertex -2.354561e+01 -9.910973e+00  1.510000e+00
   endloop
 endfacet
 facet normal  9.914449e-01  1.305262e-01  0.000000e+00
   outer loop
     vertex -2.354561e+01 -9.910973e+00  0.000000e+00
     vertex -2.360013e+01 -9.496863e+00  0.000000e+00
     vertex -2.360013e+01 -9.496863e+00  1.510000e+00
   endloop
 endfacet
 facet normal  9.238795e-01  3.826834e-01 -0.000000e+00
   outer loop
     vertex -2.338577e+01 -1.029686e+01  0.000000e+00
     vertex -2.354561e+01 -9.910973e+00  1.510000e+00
     vertex -2.338577e+01 -1.029686e+01  1.510000e+00
   endloop
 endfacet
 facet normal  9.238795e-01  3.826834e-01  0.000000e+00
   outer loop
     vertex -2.338577e+01 -1.029686e+01  0.000000e+00
     vertex -2.354561e+01 -9.910973e+00  0.000000e+00
     vertex -2.354561e+01 -9.910973e+00  1.510000e+00
   endloop
 endfacet
 facet normal  6.087614e-01  7.933533e-01 -0.000000e+00
   outer loop
     vertex -2.313150e+01 -1.062823e+01  0.000000e+00
     vertex -2.313150e+01 -1.062823e+01  1.510000e+00
     vertex -2.280013e+01 -1.088250e+01  1.510000e+00
   endloop
 endfacet
 facet normal  7.933533e-01  6.087614e-01 -0.000000e+00
   outer loop
     vertex -2.313150e+01 -1.062823e+01  0.000000e+00
     vertex -2.338577e+01 -1.029686e+01  1.510000e+00
     vertex -2.313150e+01 -1.062823e+01  1.510000e+00
   endloop
 endfacet
 facet normal  7.933533e-01  6.087614e-01  0.000000e+00
   outer loop
     vertex -2.313150e+01 -1.062823e+01  0.000000e+00
     vertex -2.338577e+01 -1.029686e+01  0.000000e+00
     vertex -2.338577e+01 -1.029686e+01  1.510000e+00
   endloop
 endfacet
 facet normal  6.087614e-01  7.933533e-01 -0.000000e+00
   outer loop
     vertex -2.280013e+01 -1.088250e+01  0.000000e+00
     vertex -2.313150e+01 -1.062823e+01  0.000000e+00
     vertex -2.280013e+01 -1.088250e+01  1.510000e+00
   endloop
 endfacet
 facet normal  3.826834e-01  9.238795e-01 -0.000000e+00
   outer loop
     vertex -2.241424e+01 -1.104234e+01  0.000000e+00
     vertex -2.280013e+01 -1.088250e+01  1.510000e+00
     vertex -2.241424e+01 -1.104234e+01  1.510000e+00
   endloop
 endfacet
 facet normal  3.826834e-01  9.238795e-01  0.000000e+00
   outer loop
     vertex -2.241424e+01 -1.104234e+01  0.000000e+00
     vertex -2.280013e+01 -1.088250e+01  0.000000e+00
     vertex -2.280013e+01 -1.088250e+01  1.510000e+00
   endloop
 endfacet
 facet normal  1.305262e-01  9.914449e-01 -0.000000e+00
   outer loop
     vertex -2.200013e+01 -1.109686e+01  0.000000e+00
     vertex -2.241424e+01 -1.104234e+01  1.510000e+00
     vertex -2.200013e+01 -1.109686e+01  1.510000e+00
   endloop
 endfacet
 facet normal  1.305262e-01  9.914449e-01  0.000000e+00
   outer loop
     vertex -2.200013e+01 -1.109686e+01  0.000000e+00
     vertex -2.241424e+01 -1.104234e+01  0.000000e+00
     vertex -2.241424e+01 -1.104234e+01  1.510000e+00
   endloop
 endfacet
 facet normal  9.914449e-01  1.305262e-01  0.000000e+00
   outer loop
     vertex -1.643991e+01 -7.024509e+00  0.000000e+00
     vertex -1.645013e+01 -6.946863e+00  0.000000e+00
     vertex -1.645013e+01 -6.946863e+00  1.510000e+00
   endloop
 endfacet
 facet normal  9.914449e-01  1.305262e-01 -0.000000e+00
   outer loop
     vertex -1.643991e+01 -7.024509e+00  0.000000e+00
     vertex -1.645013e+01 -6.946863e+00  1.510000e+00
     vertex -1.643991e+01 -7.024509e+00  1.510000e+00
   endloop
 endfacet
 facet normal  9.238795e-01  3.826834e-01 -0.000000e+00
   outer loop
     vertex -1.640994e+01 -7.096863e+00  0.000000e+00
     vertex -1.643991e+01 -7.024509e+00  1.510000e+00
     vertex -1.640994e+01 -7.096863e+00  1.510000e+00
   endloop
 endfacet
 facet normal  9.238795e-01  3.826834e-01  0.000000e+00
   outer loop
     vertex -1.640994e+01 -7.096863e+00  0.000000e+00
     vertex -1.643991e+01 -7.024509e+00  0.000000e+00
     vertex -1.643991e+01 -7.024509e+00  1.510000e+00
   endloop
 endfacet
 facet normal  7.933533e-01  6.087614e-01 -0.000000e+00
   outer loop
     vertex -1.636226e+01 -7.158995e+00  0.000000e+00
     vertex -1.640994e+01 -7.096863e+00  1.510000e+00
     vertex -1.636226e+01 -7.158995e+00  1.510000e+00
   endloop
 endfacet
 facet normal  7.933533e-01  6.087614e-01  0.000000e+00
   outer loop
     vertex -1.636226e+01 -7.158995e+00  0.000000e+00
     vertex -1.640994e+01 -7.096863e+00  0.000000e+00
     vertex -1.640994e+01 -7.096863e+00  1.510000e+00
   endloop
 endfacet
 facet normal  6.087614e-01  7.933533e-01 -0.000000e+00
   outer loop
     vertex -1.630013e+01 -7.206671e+00  0.000000e+00
     vertex -1.636226e+01 -7.158995e+00  1.510000e+00
     vertex -1.630013e+01 -7.206671e+00  1.510000e+00
   endloop
 endfacet
 facet normal  6.087614e-01  7.933533e-01  0.000000e+00
   outer loop
     vertex -1.630013e+01 -7.206671e+00  0.000000e+00
     vertex -1.636226e+01 -7.158995e+00  0.000000e+00
     vertex -1.636226e+01 -7.158995e+00  1.510000e+00
   endloop
 endfacet
 facet normal  3.826834e-01  9.238795e-01 -0.000000e+00
   outer loop
     vertex -1.622777e+01 -7.236641e+00  0.000000e+00
     vertex -1.630013e+01 -7.206671e+00  1.510000e+00
     vertex -1.622777e+01 -7.236641e+00  1.510000e+00
   endloop
 endfacet
 facet normal  3.826834e-01  9.238795e-01  0.000000e+00
   outer loop
     vertex -1.622777e+01 -7.236641e+00  0.000000e+00
     vertex -1.630013e+01 -7.206671e+00  0.000000e+00
     vertex -1.630013e+01 -7.206671e+00  1.510000e+00
   endloop
 endfacet
 facet normal  1.305262e-01  9.914449e-01 -0.000000e+00
   outer loop
     vertex -1.615013e+01 -7.246863e+00  0.000000e+00
     vertex -1.622777e+01 -7.236641e+00  1.510000e+00
     vertex -1.615013e+01 -7.246863e+00  1.510000e+00
   endloop
 endfacet
 facet normal  1.305262e-01  9.914449e-01  0.000000e+00
   outer loop
     vertex -1.615013e+01 -7.246863e+00  0.000000e+00
     vertex -1.622777e+01 -7.236641e+00  0.000000e+00
     vertex -1.622777e+01 -7.236641e+00  1.510000e+00
   endloop
 endfacet
 facet normal -1.305262e-01  9.914449e-01  0.000000e+00
   outer loop
     vertex -1.607248e+01 -7.236641e+00  0.000000e+00
     vertex -1.615013e+01 -7.246863e+00  1.510000e+00
     vertex -1.607248e+01 -7.236641e+00  1.510000e+00
   endloop
 endfacet
 facet normal -1.305262e-01  9.914449e-01  0.000000e+00
   outer loop
     vertex -1.607248e+01 -7.236641e+00  0.000000e+00
     vertex -1.615013e+01 -7.246863e+00  0.000000e+00
     vertex -1.615013e+01 -7.246863e+00  1.510000e+00
   endloop
 endfacet
 facet normal -3.826834e-01  9.238795e-01  0.000000e+00
   outer loop
     vertex -1.600013e+01 -7.206671e+00  0.000000e+00
     vertex -1.607248e+01 -7.236641e+00  1.510000e+00
     vertex -1.600013e+01 -7.206671e+00  1.510000e+00
   endloop
 endfacet
 facet normal -3.826834e-01  9.238795e-01  0.000000e+00
   outer loop
     vertex -1.600013e+01 -7.206671e+00  0.000000e+00
     vertex -1.607248e+01 -7.236641e+00  0.000000e+00
     vertex -1.607248e+01 -7.236641e+00  1.510000e+00
   endloop
 endfacet
 facet normal -7.933533e-01  6.087614e-01  0.000000e+00
   outer loop
     vertex -1.593800e+01 -7.158995e+00  0.000000e+00
     vertex -1.593800e+01 -7.158995e+00  1.510000e+00
     vertex -1.589032e+01 -7.096863e+00  1.510000e+00
   endloop
 endfacet
 facet normal -6.087614e-01  7.933533e-01  0.000000e+00
   outer loop
     vertex -1.593800e+01 -7.158995e+00  0.000000e+00
     vertex -1.600013e+01 -7.206671e+00  1.510000e+00
     vertex -1.593800e+01 -7.158995e+00  1.510000e+00
   endloop
 endfacet
 facet normal -6.087614e-01  7.933533e-01  0.000000e+00
   outer loop
     vertex -1.593800e+01 -7.158995e+00  0.000000e+00
     vertex -1.600013e+01 -7.206671e+00  0.000000e+00
     vertex -1.600013e+01 -7.206671e+00  1.510000e+00
   endloop
 endfacet
 facet normal -7.933533e-01  6.087614e-01  0.000000e+00
   outer loop
     vertex -1.589032e+01 -7.096863e+00  0.000000e+00
     vertex -1.593800e+01 -7.158995e+00  0.000000e+00
     vertex -1.589032e+01 -7.096863e+00  1.510000e+00
   endloop
 endfacet
 facet normal -9.238795e-01  3.826834e-01  0.000000e+00
   outer loop
     vertex -1.586035e+01 -7.024509e+00  0.000000e+00
     vertex -1.589032e+01 -7.096863e+00  1.510000e+00
     vertex -1.586035e+01 -7.024509e+00  1.510000e+00
   endloop
 endfacet
 facet normal -9.238795e-01  3.826834e-01  0.000000e+00
   outer loop
     vertex -1.586035e+01 -7.024509e+00  0.000000e+00
     vertex -1.589032e+01 -7.096863e+00  0.000000e+00
     vertex -1.589032e+01 -7.096863e+00  1.510000e+00
   endloop
 endfacet
 facet normal -9.914449e-01  1.305262e-01  0.000000e+00
   outer loop
     vertex -1.585013e+01 -6.946863e+00  0.000000e+00
     vertex -1.586035e+01 -7.024509e+00  1.510000e+00
     vertex -1.585013e+01 -6.946863e+00  1.510000e+00
   endloop
 endfacet
 facet normal -9.914449e-01  1.305262e-01  0.000000e+00
   outer loop
     vertex -1.585013e+01 -6.946863e+00  0.000000e+00
     vertex -1.586035e+01 -7.024509e+00  0.000000e+00
     vertex -1.586035e+01 -7.024509e+00  1.510000e+00
   endloop
 endfacet
 facet normal -1.000000e+00  0.000000e+00  0.000000e+00
   outer loop
     vertex -1.585013e+01 -6.046863e+00  0.000000e+00
     vertex -1.585013e+01 -6.946863e+00  0.000000e+00
     vertex -1.585013e+01 -6.946863e+00  1.510000e+00
   endloop
 endfacet
 facet normal -1.000000e+00  0.000000e+00  0.000000e+00
   outer loop
     vertex -1.585013e+01 -6.046863e+00  0.000000e+00
     vertex -1.585013e+01 -6.946863e+00  1.510000e+00
     vertex -1.585013e+01 -6.046863e+00  1.510000e+00
   endloop
 endfacet
 facet normal -9.914449e-01 -1.305262e-01  0.000000e+00
   outer loop
     vertex -1.586035e+01 -5.969217e+00  0.000000e+00
     vertex -1.585013e+01 -6.046863e+00  0.000000e+00
     vertex -1.585013e+01 -6.046863e+00  1.510000e+00
   endloop
 endfacet
 facet normal -9.914449e-01 -1.305262e-01  0.000000e+00
   outer loop
     vertex -1.586035e+01 -5.969217e+00  0.000000e+00
     vertex -1.585013e+01 -6.046863e+00  1.510000e+00
     vertex -1.586035e+01 -5.969217e+00  1.510000e+00
   endloop
 endfacet
 facet normal -9.238795e-01 -3.826834e-01  0.000000e+00
   outer loop
     vertex -1.589032e+01 -5.896863e+00  0.000000e+00
     vertex -1.586035e+01 -5.969217e+00  1.510000e+00
     vertex -1.589032e+01 -5.896863e+00  1.510000e+00
   endloop
 endfacet
 facet normal -9.238795e-01 -3.826834e-01  0.000000e+00
   outer loop
     vertex -1.589032e+01 -5.896863e+00  0.000000e+00
     vertex -1.586035e+01 -5.969217e+00  0.000000e+00
     vertex -1.586035e+01 -5.969217e+00  1.510000e+00
   endloop
 endfacet
 facet normal -7.933533e-01 -6.087614e-01  0.000000e+00
   outer loop
     vertex -1.593800e+01 -5.834731e+00  0.000000e+00
     vertex -1.589032e+01 -5.896863e+00  1.510000e+00
     vertex -1.593800e+01 -5.834731e+00  1.510000e+00
   endloop
 endfacet
 facet normal -7.933533e-01 -6.087614e-01  0.000000e+00
   outer loop
     vertex -1.593800e+01 -5.834731e+00  0.000000e+00
     vertex -1.589032e+01 -5.896863e+00  0.000000e+00
     vertex -1.589032e+01 -5.896863e+00  1.510000e+00
   endloop
 endfacet
 facet normal -6.087614e-01 -7.933533e-01  0.000000e+00
   outer loop
     vertex -1.600013e+01 -5.787055e+00  0.000000e+00
     vertex -1.593800e+01 -5.834731e+00  1.510000e+00
     vertex -1.600013e+01 -5.787055e+00  1.510000e+00
   endloop
 endfacet
 facet normal -6.087614e-01 -7.933533e-01  0.000000e+00
   outer loop
     vertex -1.600013e+01 -5.787055e+00  0.000000e+00
     vertex -1.593800e+01 -5.834731e+00  0.000000e+00
     vertex -1.593800e+01 -5.834731e+00  1.510000e+00
   endloop
 endfacet
 facet normal -3.826834e-01 -9.238795e-01  0.000000e+00
   outer loop
     vertex -1.607248e+01 -5.757085e+00  0.000000e+00
     vertex -1.600013e+01 -5.787055e+00  1.510000e+00
     vertex -1.607248e+01 -5.757085e+00  1.510000e+00
   endloop
 endfacet
 facet normal -3.826834e-01 -9.238795e-01  0.000000e+00
   outer loop
     vertex -1.607248e+01 -5.757085e+00  0.000000e+00
     vertex -1.600013e+01 -5.787055e+00  0.000000e+00
     vertex -1.600013e+01 -5.787055e+00  1.510000e+00
   endloop
 endfacet
 facet normal -1.305262e-01 -9.914449e-01  0.000000e+00
   outer loop
     vertex -1.615013e+01 -5.746863e+00  0.000000e+00
     vertex -1.607248e+01 -5.757085e+00  1.510000e+00
     vertex -1.615013e+01 -5.746863e+00  1.510000e+00
   endloop
 endfacet
 facet normal -1.305262e-01 -9.914449e-01  0.000000e+00
   outer loop
     vertex -1.615013e+01 -5.746863e+00  0.000000e+00
     vertex -1.607248e+01 -5.757085e+00  0.000000e+00
     vertex -1.607248e+01 -5.757085e+00  1.510000e+00
   endloop
 endfacet
 facet normal  1.305262e-01 -9.914449e-01  0.000000e+00
   outer loop
     vertex -1.622777e+01 -5.757085e+00  0.000000e+00
     vertex -1.615013e+01 -5.746863e+00  1.510000e+00
     vertex -1.622777e+01 -5.757085e+00  1.510000e+00
   endloop
 endfacet
 facet normal  1.305262e-01 -9.914449e-01  0.000000e+00
   outer loop
     vertex -1.622777e+01 -5.757085e+00  0.000000e+00
     vertex -1.615013e+01 -5.746863e+00  0.000000e+00
     vertex -1.615013e+01 -5.746863e+00  1.510000e+00
   endloop
 endfacet
 facet normal  3.826834e-01 -9.238795e-01  0.000000e+00
   outer loop
     vertex -1.630013e+01 -5.787055e+00  0.000000e+00
     vertex -1.622777e+01 -5.757085e+00  1.510000e+00
     vertex -1.630013e+01 -5.787055e+00  1.510000e+00
   endloop
 endfacet
 facet normal  3.826834e-01 -9.238795e-01  0.000000e+00
   outer loop
     vertex -1.630013e+01 -5.787055e+00  0.000000e+00
     vertex -1.622777e+01 -5.757085e+00  0.000000e+00
     vertex -1.622777e+01 -5.757085e+00  1.510000e+00
   endloop
 endfacet
 facet normal  7.933533e-01 -6.087614e-01  0.000000e+00
   outer loop
     vertex -1.636226e+01 -5.834731e+00  0.000000e+00
     vertex -1.636226e+01 -5.834731e+00  1.510000e+00
     vertex -1.640994e+01 -5.896863e+00  1.510000e+00
   endloop
 endfacet
 facet normal  6.087614e-01 -7.933533e-01  0.000000e+00
   outer loop
     vertex -1.636226e+01 -5.834731e+00  0.000000e+00
     vertex -1.630013e+01 -5.787055e+00  1.510000e+00
     vertex -1.636226e+01 -5.834731e+00  1.510000e+00
   endloop
 endfacet
 facet normal  6.087614e-01 -7.933533e-01  0.000000e+00
   outer loop
     vertex -1.636226e+01 -5.834731e+00  0.000000e+00
     vertex -1.630013e+01 -5.787055e+00  0.000000e+00
     vertex -1.630013e+01 -5.787055e+00  1.510000e+00
   endloop
 endfacet
 facet normal  7.933533e-01 -6.087614e-01  0.000000e+00
   outer loop
     vertex -1.640994e+01 -5.896863e+00  0.000000e+00
     vertex -1.636226e+01 -5.834731e+00  0.000000e+00
     vertex -1.640994e+01 -5.896863e+00  1.510000e+00
   endloop
 endfacet
 facet normal  9.238795e-01 -3.826834e-01  0.000000e+00
   outer loop
     vertex -1.643991e+01 -5.969217e+00  0.000000e+00
     vertex -1.640994e+01 -5.896863e+00  1.510000e+00
     vertex -1.643991e+01 -5.969217e+00  1.510000e+00
   endloop
 endfacet
 facet normal  9.238795e-01 -3.826834e-01  0.000000e+00
   outer loop
     vertex -1.643991e+01 -5.969217e+00  0.000000e+00
     vertex -1.640994e+01 -5.896863e+00  0.000000e+00
     vertex -1.640994e+01 -5.896863e+00  1.510000e+00
   endloop
 endfacet
 facet normal  9.914449e-01 -1.305262e-01  0.000000e+00
   outer loop
     vertex -1.645013e+01 -6.046863e+00  0.000000e+00
     vertex -1.643991e+01 -5.969217e+00  1.510000e+00
     vertex -1.645013e+01 -6.046863e+00  1.510000e+00
   endloop
 endfacet
 facet normal  9.914449e-01 -1.305262e-01  0.000000e+00
   outer loop
     vertex -1.645013e+01 -6.046863e+00  0.000000e+00
     vertex -1.643991e+01 -5.969217e+00  0.000000e+00
     vertex -1.643991e+01 -5.969217e+00  1.510000e+00
   endloop
 endfacet
 facet normal  1.000000e+00  0.000000e+00  0.000000e+00
   outer loop
     vertex -1.645013e+01 -6.946863e+00  0.000000e+00
     vertex -1.645013e+01 -6.046863e+00  0.000000e+00
     vertex -1.645013e+01 -6.046863e+00  1.510000e+00
   endloop
 endfacet
 facet normal  1.000000e+00  0.000000e+00  0.000000e+00
   outer loop
     vertex -1.645013e+01 -6.946863e+00  0.000000e+00
     vertex -1.645013e+01 -6.046863e+00  1.510000e+00
     vertex -1.645013e+01 -6.946863e+00  1.510000e+00
   endloop
 endfacet
 facet normal  9.914449e-01  1.305262e-01  0.000000e+00
   outer loop
     vertex -1.453991e+01 -7.024509e+00  0.000000e+00
     vertex -1.455013e+01 -6.946863e+00  0.000000e+00
     vertex -1.455013e+01 -6.946863e+00  1.510000e+00
   endloop
 endfacet
 facet normal  9.914449e-01  1.305262e-01 -0.000000e+00
   outer loop
     vertex -1.453991e+01 -7.024509e+00  0.000000e+00
     vertex -1.455013e+01 -6.946863e+00  1.510000e+00
     vertex -1.453991e+01 -7.024509e+00  1.510000e+00
   endloop
 endfacet
 facet normal  9.238795e-01  3.826834e-01 -0.000000e+00
   outer loop
     vertex -1.450994e+01 -7.096863e+00  0.000000e+00
     vertex -1.453991e+01 -7.024509e+00  1.510000e+00
     vertex -1.450994e+01 -7.096863e+00  1.510000e+00
   endloop
 endfacet
 facet normal  9.238795e-01  3.826834e-01  0.000000e+00
   outer loop
     vertex -1.450994e+01 -7.096863e+00  0.000000e+00
     vertex -1.453991e+01 -7.024509e+00  0.000000e+00
     vertex -1.453991e+01 -7.024509e+00  1.510000e+00
   endloop
 endfacet
 facet normal  7.933533e-01  6.087614e-01 -0.000000e+00
   outer loop
     vertex -1.446226e+01 -7.158995e+00  0.000000e+00
     vertex -1.450994e+01 -7.096863e+00  1.510000e+00
     vertex -1.446226e+01 -7.158995e+00  1.510000e+00
   endloop
 endfacet
 facet normal  7.933533e-01  6.087614e-01  0.000000e+00
   outer loop
     vertex -1.446226e+01 -7.158995e+00  0.000000e+00
     vertex -1.450994e+01 -7.096863e+00  0.000000e+00
     vertex -1.450994e+01 -7.096863e+00  1.510000e+00
   endloop
 endfacet
 facet normal  6.087614e-01  7.933533e-01 -0.000000e+00
   outer loop
     vertex -1.440013e+01 -7.206671e+00  0.000000e+00
     vertex -1.446226e+01 -7.158995e+00  1.510000e+00
     vertex -1.440013e+01 -7.206671e+00  1.510000e+00
   endloop
 endfacet
 facet normal  6.087614e-01  7.933533e-01  0.000000e+00
   outer loop
     vertex -1.440013e+01 -7.206671e+00  0.000000e+00
     vertex -1.446226e+01 -7.158995e+00  0.000000e+00
     vertex -1.446226e+01 -7.158995e+00  1.510000e+00
   endloop
 endfacet
 facet normal  3.826834e-01  9.238795e-01 -0.000000e+00
   outer loop
     vertex -1.432777e+01 -7.236641e+00  0.000000e+00
     vertex -1.440013e+01 -7.206671e+00  1.510000e+00
     vertex -1.432777e+01 -7.236641e+00  1.510000e+00
   endloop
 endfacet
 facet normal  3.826834e-01  9.238795e-01  0.000000e+00
   outer loop
     vertex -1.432777e+01 -7.236641e+00  0.000000e+00
     vertex -1.440013e+01 -7.206671e+00  0.000000e+00
     vertex -1.440013e+01 -7.206671e+00  1.510000e+00
   endloop
 endfacet
 facet normal  1.305262e-01  9.914449e-01 -0.000000e+00
   outer loop
     vertex -1.425013e+01 -7.246863e+00  0.000000e+00
     vertex -1.432777e+01 -7.236641e+00  1.510000e+00
     vertex -1.425013e+01 -7.246863e+00  1.510000e+00
   endloop
 endfacet
 facet normal  1.305262e-01  9.914449e-01  0.000000e+00
   outer loop
     vertex -1.425013e+01 -7.246863e+00  0.000000e+00
     vertex -1.432777e+01 -7.236641e+00  0.000000e+00
     vertex -1.432777e+01 -7.236641e+00  1.510000e+00
   endloop
 endfacet
 facet normal -1.305262e-01  9.914449e-01  0.000000e+00
   outer loop
     vertex -1.417248e+01 -7.236641e+00  0.000000e+00
     vertex -1.425013e+01 -7.246863e+00  1.510000e+00
     vertex -1.417248e+01 -7.236641e+00  1.510000e+00
   endloop
 endfacet
 facet normal -1.305262e-01  9.914449e-01  0.000000e+00
   outer loop
     vertex -1.417248e+01 -7.236641e+00  0.000000e+00
     vertex -1.425013e+01 -7.246863e+00  0.000000e+00
     vertex -1.425013e+01 -7.246863e+00  1.510000e+00
   endloop
 endfacet
 facet normal -3.826834e-01  9.238795e-01  0.000000e+00
   outer loop
     vertex -1.410013e+01 -7.206671e+00  0.000000e+00
     vertex -1.417248e+01 -7.236641e+00  1.510000e+00
     vertex -1.410013e+01 -7.206671e+00  1.510000e+00
   endloop
 endfacet
 facet normal -3.826834e-01  9.238795e-01  0.000000e+00
   outer loop
     vertex -1.410013e+01 -7.206671e+00  0.000000e+00
     vertex -1.417248e+01 -7.236641e+00  0.000000e+00
     vertex -1.417248e+01 -7.236641e+00  1.510000e+00
   endloop
 endfacet
 facet normal -7.933533e-01  6.087614e-01  0.000000e+00
   outer loop
     vertex -1.403800e+01 -7.158995e+00  0.000000e+00
     vertex -1.403800e+01 -7.158995e+00  1.510000e+00
     vertex -1.399032e+01 -7.096863e+00  1.510000e+00
   endloop
 endfacet
 facet normal -6.087614e-01  7.933533e-01  0.000000e+00
   outer loop
     vertex -1.403800e+01 -7.158995e+00  0.000000e+00
     vertex -1.410013e+01 -7.206671e+00  1.510000e+00
     vertex -1.403800e+01 -7.158995e+00  1.510000e+00
   endloop
 endfacet
 facet normal -6.087614e-01  7.933533e-01  0.000000e+00
   outer loop
     vertex -1.403800e+01 -7.158995e+00  0.000000e+00
     vertex -1.410013e+01 -7.206671e+00  0.000000e+00
     vertex -1.410013e+01 -7.206671e+00  1.510000e+00
   endloop
 endfacet
 facet normal -7.933533e-01  6.087614e-01  0.000000e+00
   outer loop
     vertex -1.399032e+01 -7.096863e+00  0.000000e+00
     vertex -1.403800e+01 -7.158995e+00  0.000000e+00
     vertex -1.399032e+01 -7.096863e+00  1.510000e+00
   endloop
 endfacet
 facet normal -9.238795e-01  3.826834e-01  0.000000e+00
   outer loop
     vertex -1.396035e+01 -7.024509e+00  0.000000e+00
     vertex -1.399032e+01 -7.096863e+00  1.510000e+00
     vertex -1.396035e+01 -7.024509e+00  1.510000e+00
   endloop
 endfacet
 facet normal -9.238795e-01  3.826834e-01  0.000000e+00
   outer loop
     vertex -1.396035e+01 -7.024509e+00  0.000000e+00
     vertex -1.399032e+01 -7.096863e+00  0.000000e+00
     vertex -1.399032e+01 -7.096863e+00  1.510000e+00
   endloop
 endfacet
 facet normal -9.914449e-01  1.305262e-01  0.000000e+00
   outer loop
     vertex -1.395013e+01 -6.946863e+00  0.000000e+00
     vertex -1.396035e+01 -7.024509e+00  1.510000e+00
     vertex -1.395013e+01 -6.946863e+00  1.510000e+00
   endloop
 endfacet
 facet normal -9.914449e-01  1.305262e-01  0.000000e+00
   outer loop
     vertex -1.395013e+01 -6.946863e+00  0.000000e+00
     vertex -1.396035e+01 -7.024509e+00  0.000000e+00
     vertex -1.396035e+01 -7.024509e+00  1.510000e+00
   endloop
 endfacet
 facet normal -1.000000e+00  0.000000e+00  0.000000e+00
   outer loop
     vertex -1.395013e+01 -6.046863e+00  0.000000e+00
     vertex -1.395013e+01 -6.946863e+00  0.000000e+00
     vertex -1.395013e+01 -6.946863e+00  1.510000e+00
   endloop
 endfacet
 facet normal -1.000000e+00  0.000000e+00  0.000000e+00
   outer loop
     vertex -1.395013e+01 -6.046863e+00  0.000000e+00
     vertex -1.395013e+01 -6.946863e+00  1.510000e+00
     vertex -1.395013e+01 -6.046863e+00  1.510000e+00
   endloop
 endfacet
 facet normal -9.914449e-01 -1.305262e-01  0.000000e+00
   outer loop
     vertex -1.396035e+01 -5.969217e+00  0.000000e+00
     vertex -1.395013e+01 -6.046863e+00  0.000000e+00
     vertex -1.395013e+01 -6.046863e+00  1.510000e+00
   endloop
 endfacet
 facet normal -9.914449e-01 -1.305262e-01  0.000000e+00
   outer loop
     vertex -1.396035e+01 -5.969217e+00  0.000000e+00
     vertex -1.395013e+01 -6.046863e+00  1.510000e+00
     vertex -1.396035e+01 -5.969217e+00  1.510000e+00
   endloop
 endfacet
 facet normal -9.238795e-01 -3.826834e-01  0.000000e+00
   outer loop
     vertex -1.399032e+01 -5.896863e+00  0.000000e+00
     vertex -1.396035e+01 -5.969217e+00  1.510000e+00
     vertex -1.399032e+01 -5.896863e+00  1.510000e+00
   endloop
 endfacet
 facet normal -9.238795e-01 -3.826834e-01  0.000000e+00
   outer loop
     vertex -1.399032e+01 -5.896863e+00  0.000000e+00
     vertex -1.396035e+01 -5.969217e+00  0.000000e+00
     vertex -1.396035e+01 -5.969217e+00  1.510000e+00
   endloop
 endfacet
 facet normal -7.933533e-01 -6.087614e-01  0.000000e+00
   outer loop
     vertex -1.403800e+01 -5.834731e+00  0.000000e+00
     vertex -1.399032e+01 -5.896863e+00  1.510000e+00
     vertex -1.403800e+01 -5.834731e+00  1.510000e+00
   endloop
 endfacet
 facet normal -7.933533e-01 -6.087614e-01  0.000000e+00
   outer loop
     vertex -1.403800e+01 -5.834731e+00  0.000000e+00
     vertex -1.399032e+01 -5.896863e+00  0.000000e+00
     vertex -1.399032e+01 -5.896863e+00  1.510000e+00
   endloop
 endfacet
 facet normal -6.087614e-01 -7.933533e-01  0.000000e+00
   outer loop
     vertex -1.410013e+01 -5.787055e+00  0.000000e+00
     vertex -1.403800e+01 -5.834731e+00  1.510000e+00
     vertex -1.410013e+01 -5.787055e+00  1.510000e+00
   endloop
 endfacet
 facet normal -6.087614e-01 -7.933533e-01  0.000000e+00
   outer loop
     vertex -1.410013e+01 -5.787055e+00  0.000000e+00
     vertex -1.403800e+01 -5.834731e+00  0.000000e+00
     vertex -1.403800e+01 -5.834731e+00  1.510000e+00
   endloop
 endfacet
 facet normal -3.826834e-01 -9.238795e-01  0.000000e+00
   outer loop
     vertex -1.417248e+01 -5.757085e+00  0.000000e+00
     vertex -1.410013e+01 -5.787055e+00  1.510000e+00
     vertex -1.417248e+01 -5.757085e+00  1.510000e+00
   endloop
 endfacet
 facet normal -3.826834e-01 -9.238795e-01  0.000000e+00
   outer loop
     vertex -1.417248e+01 -5.757085e+00  0.000000e+00
     vertex -1.410013e+01 -5.787055e+00  0.000000e+00
     vertex -1.410013e+01 -5.787055e+00  1.510000e+00
   endloop
 endfacet
 facet normal -1.305262e-01 -9.914449e-01  0.000000e+00
   outer loop
     vertex -1.425013e+01 -5.746863e+00  0.000000e+00
     vertex -1.417248e+01 -5.757085e+00  1.510000e+00
     vertex -1.425013e+01 -5.746863e+00  1.510000e+00
   endloop
 endfacet
 facet normal -1.305262e-01 -9.914449e-01  0.000000e+00
   outer loop
     vertex -1.425013e+01 -5.746863e+00  0.000000e+00
     vertex -1.417248e+01 -5.757085e+00  0.000000e+00
     vertex -1.417248e+01 -5.757085e+00  1.510000e+00
   endloop
 endfacet
 facet normal  1.305262e-01 -9.914449e-01  0.000000e+00
   outer loop
     vertex -1.432777e+01 -5.757085e+00  0.000000e+00
     vertex -1.425013e+01 -5.746863e+00  1.510000e+00
     vertex -1.432777e+01 -5.757085e+00  1.510000e+00
   endloop
 endfacet
 facet normal  1.305262e-01 -9.914449e-01  0.000000e+00
   outer loop
     vertex -1.432777e+01 -5.757085e+00  0.000000e+00
     vertex -1.425013e+01 -5.746863e+00  0.000000e+00
     vertex -1.425013e+01 -5.746863e+00  1.510000e+00
   endloop
 endfacet
 facet normal  3.826834e-01 -9.238795e-01  0.000000e+00
   outer loop
     vertex -1.440013e+01 -5.787055e+00  0.000000e+00
     vertex -1.432777e+01 -5.757085e+00  1.510000e+00
     vertex -1.440013e+01 -5.787055e+00  1.510000e+00
   endloop
 endfacet
 facet normal  3.826834e-01 -9.238795e-01  0.000000e+00
   outer loop
     vertex -1.440013e+01 -5.787055e+00  0.000000e+00
     vertex -1.432777e+01 -5.757085e+00  0.000000e+00
     vertex -1.432777e+01 -5.757085e+00  1.510000e+00
   endloop
 endfacet
 facet normal  7.933533e-01 -6.087614e-01  0.000000e+00
   outer loop
     vertex -1.446226e+01 -5.834731e+00  0.000000e+00
     vertex -1.446226e+01 -5.834731e+00  1.510000e+00
     vertex -1.450994e+01 -5.896863e+00  1.510000e+00
   endloop
 endfacet
 facet normal  6.087614e-01 -7.933533e-01  0.000000e+00
   outer loop
     vertex -1.446226e+01 -5.834731e+00  0.000000e+00
     vertex -1.440013e+01 -5.787055e+00  1.510000e+00
     vertex -1.446226e+01 -5.834731e+00  1.510000e+00
   endloop
 endfacet
 facet normal  6.087614e-01 -7.933533e-01  0.000000e+00
   outer loop
     vertex -1.446226e+01 -5.834731e+00  0.000000e+00
     vertex -1.440013e+01 -5.787055e+00  0.000000e+00
     vertex -1.440013e+01 -5.787055e+00  1.510000e+00
   endloop
 endfacet
 facet normal  7.933533e-01 -6.087614e-01  0.000000e+00
   outer loop
     vertex -1.450994e+01 -5.896863e+00  0.000000e+00
     vertex -1.446226e+01 -5.834731e+00  0.000000e+00
     vertex -1.450994e+01 -5.896863e+00  1.510000e+00
   endloop
 endfacet
 facet normal  9.238795e-01 -3.826834e-01  0.000000e+00
   outer loop
     vertex -1.453991e+01 -5.969217e+00  0.000000e+00
     vertex -1.450994e+01 -5.896863e+00  1.510000e+00
     vertex -1.453991e+01 -5.969217e+00  1.510000e+00
   endloop
 endfacet
 facet normal  9.238795e-01 -3.826834e-01  0.000000e+00
   outer loop
     vertex -1.453991e+01 -5.969217e+00  0.000000e+00
     vertex -1.450994e+01 -5.896863e+00  0.000000e+00
     vertex -1.450994e+01 -5.896863e+00  1.510000e+00
   endloop
 endfacet
 facet normal  9.914449e-01 -1.305262e-01  0.000000e+00
   outer loop
     vertex -1.455013e+01 -6.046863e+00  0.000000e+00
     vertex -1.453991e+01 -5.969217e+00  1.510000e+00
     vertex -1.455013e+01 -6.046863e+00  1.510000e+00
   endloop
 endfacet
 facet normal  9.914449e-01 -1.305262e-01  0.000000e+00
   outer loop
     vertex -1.455013e+01 -6.046863e+00  0.000000e+00
     vertex -1.453991e+01 -5.969217e+00  0.000000e+00
     vertex -1.453991e+01 -5.969217e+00  1.510000e+00
   endloop
 endfacet
 facet normal  1.000000e+00  0.000000e+00  0.000000e+00
   outer loop
     vertex -1.455013e+01 -6.946863e+00  0.000000e+00
     vertex -1.455013e+01 -6.046863e+00  0.000000e+00
     vertex -1.455013e+01 -6.046863e+00  1.510000e+00
   endloop
 endfacet
 facet normal  1.000000e+00  0.000000e+00  0.000000e+00
   outer loop
     vertex -1.455013e+01 -6.946863e+00  0.000000e+00
     vertex -1.455013e+01 -6.046863e+00  1.510000e+00
     vertex -1.455013e+01 -6.946863e+00  1.510000e+00
   endloop
 endfacet
 facet normal  9.914449e-01  1.305262e-01  0.000000e+00
   outer loop
     vertex -1.328991e+01 -7.024509e+00  0.000000e+00
     vertex -1.330013e+01 -6.946863e+00  0.000000e+00
     vertex -1.330013e+01 -6.946863e+00  1.510000e+00
   endloop
 endfacet
 facet normal  9.914449e-01  1.305262e-01 -0.000000e+00
   outer loop
     vertex -1.328991e+01 -7.024509e+00  0.000000e+00
     vertex -1.330013e+01 -6.946863e+00  1.510000e+00
     vertex -1.328991e+01 -7.024509e+00  1.510000e+00
   endloop
 endfacet
 facet normal  9.238795e-01  3.826834e-01 -0.000000e+00
   outer loop
     vertex -1.325994e+01 -7.096863e+00  0.000000e+00
     vertex -1.328991e+01 -7.024509e+00  1.510000e+00
     vertex -1.325994e+01 -7.096863e+00  1.510000e+00
   endloop
 endfacet
 facet normal  9.238795e-01  3.826834e-01  0.000000e+00
   outer loop
     vertex -1.325994e+01 -7.096863e+00  0.000000e+00
     vertex -1.328991e+01 -7.024509e+00  0.000000e+00
     vertex -1.328991e+01 -7.024509e+00  1.510000e+00
   endloop
 endfacet
 facet normal  7.933533e-01  6.087614e-01 -0.000000e+00
   outer loop
     vertex -1.321226e+01 -7.158995e+00  0.000000e+00
     vertex -1.325994e+01 -7.096863e+00  1.510000e+00
     vertex -1.321226e+01 -7.158995e+00  1.510000e+00
   endloop
 endfacet
 facet normal  7.933533e-01  6.087614e-01  0.000000e+00
   outer loop
     vertex -1.321226e+01 -7.158995e+00  0.000000e+00
     vertex -1.325994e+01 -7.096863e+00  0.000000e+00
     vertex -1.325994e+01 -7.096863e+00  1.510000e+00
   endloop
 endfacet
 facet normal  6.087614e-01  7.933533e-01 -0.000000e+00
   outer loop
     vertex -1.315013e+01 -7.206671e+00  0.000000e+00
     vertex -1.321226e+01 -7.158995e+00  1.510000e+00
     vertex -1.315013e+01 -7.206671e+00  1.510000e+00
   endloop
 endfacet
 facet normal  6.087614e-01  7.933533e-01  0.000000e+00
   outer loop
     vertex -1.315013e+01 -7.206671e+00  0.000000e+00
     vertex -1.321226e+01 -7.158995e+00  0.000000e+00
     vertex -1.321226e+01 -7.158995e+00  1.510000e+00
   endloop
 endfacet
 facet normal  3.826834e-01  9.238795e-01 -0.000000e+00
   outer loop
     vertex -1.307777e+01 -7.236641e+00  0.000000e+00
     vertex -1.315013e+01 -7.206671e+00  1.510000e+00
     vertex -1.307777e+01 -7.236641e+00  1.510000e+00
   endloop
 endfacet
 facet normal  3.826834e-01  9.238795e-01  0.000000e+00
   outer loop
     vertex -1.307777e+01 -7.236641e+00  0.000000e+00
     vertex -1.315013e+01 -7.206671e+00  0.000000e+00
     vertex -1.315013e+01 -7.206671e+00  1.510000e+00
   endloop
 endfacet
 facet normal  1.305262e-01  9.914449e-01 -0.000000e+00
   outer loop
     vertex -1.300013e+01 -7.246863e+00  0.000000e+00
     vertex -1.307777e+01 -7.236641e+00  1.510000e+00
     vertex -1.300013e+01 -7.246863e+00  1.510000e+00
   endloop
 endfacet
 facet normal  1.305262e-01  9.914449e-01  0.000000e+00
   outer loop
     vertex -1.300013e+01 -7.246863e+00  0.000000e+00
     vertex -1.307777e+01 -7.236641e+00  0.000000e+00
     vertex -1.307777e+01 -7.236641e+00  1.510000e+00
   endloop
 endfacet
 facet normal -1.305262e-01  9.914449e-01  0.000000e+00
   outer loop
     vertex -1.292248e+01 -7.236641e+00  0.000000e+00
     vertex -1.300013e+01 -7.246863e+00  1.510000e+00
     vertex -1.292248e+01 -7.236641e+00  1.510000e+00
   endloop
 endfacet
 facet normal -1.305262e-01  9.914449e-01  0.000000e+00
   outer loop
     vertex -1.292248e+01 -7.236641e+00  0.000000e+00
     vertex -1.300013e+01 -7.246863e+00  0.000000e+00
     vertex -1.300013e+01 -7.246863e+00  1.510000e+00
   endloop
 endfacet
 facet normal -3.826834e-01  9.238795e-01  0.000000e+00
   outer loop
     vertex -1.285013e+01 -7.206671e+00  0.000000e+00
     vertex -1.292248e+01 -7.236641e+00  1.510000e+00
     vertex -1.285013e+01 -7.206671e+00  1.510000e+00
   endloop
 endfacet
 facet normal -3.826834e-01  9.238795e-01  0.000000e+00
   outer loop
     vertex -1.285013e+01 -7.206671e+00  0.000000e+00
     vertex -1.292248e+01 -7.236641e+00  0.000000e+00
     vertex -1.292248e+01 -7.236641e+00  1.510000e+00
   endloop
 endfacet
 facet normal -7.933533e-01  6.087614e-01  0.000000e+00
   outer loop
     vertex -1.278800e+01 -7.158995e+00  0.000000e+00
     vertex -1.278800e+01 -7.158995e+00  1.510000e+00
     vertex -1.274032e+01 -7.096863e+00  1.510000e+00
   endloop
 endfacet
 facet normal -6.087614e-01  7.933533e-01  0.000000e+00
   outer loop
     vertex -1.278800e+01 -7.158995e+00  0.000000e+00
     vertex -1.285013e+01 -7.206671e+00  1.510000e+00
     vertex -1.278800e+01 -7.158995e+00  1.510000e+00
   endloop
 endfacet
 facet normal -6.087614e-01  7.933533e-01  0.000000e+00
   outer loop
     vertex -1.278800e+01 -7.158995e+00  0.000000e+00
     vertex -1.285013e+01 -7.206671e+00  0.000000e+00
     vertex -1.285013e+01 -7.206671e+00  1.510000e+00
   endloop
 endfacet
 facet normal -7.933533e-01  6.087614e-01  0.000000e+00
   outer loop
     vertex -1.274032e+01 -7.096863e+00  0.000000e+00
     vertex -1.278800e+01 -7.158995e+00  0.000000e+00
     vertex -1.274032e+01 -7.096863e+00  1.510000e+00
   endloop
 endfacet
 facet normal -9.238795e-01  3.826834e-01  0.000000e+00
   outer loop
     vertex -1.271035e+01 -7.024509e+00  0.000000e+00
     vertex -1.274032e+01 -7.096863e+00  1.510000e+00
     vertex -1.271035e+01 -7.024509e+00  1.510000e+00
   endloop
 endfacet
 facet normal -9.238795e-01  3.826834e-01  0.000000e+00
   outer loop
     vertex -1.271035e+01 -7.024509e+00  0.000000e+00
     vertex -1.274032e+01 -7.096863e+00  0.000000e+00
     vertex -1.274032e+01 -7.096863e+00  1.510000e+00
   endloop
 endfacet
 facet normal -9.914449e-01  1.305262e-01  0.000000e+00
   outer loop
     vertex -1.270013e+01 -6.946863e+00  0.000000e+00
     vertex -1.271035e+01 -7.024509e+00  1.510000e+00
     vertex -1.270013e+01 -6.946863e+00  1.510000e+00
   endloop
 endfacet
 facet normal -9.914449e-01  1.305262e-01  0.000000e+00
   outer loop
     vertex -1.270013e+01 -6.946863e+00  0.000000e+00
     vertex -1.271035e+01 -7.024509e+00  0.000000e+00
     vertex -1.271035e+01 -7.024509e+00  1.510000e+00
   endloop
 endfacet
 facet normal -1.000000e+00  0.000000e+00  0.000000e+00
   outer loop
     vertex -1.270013e+01 -6.046863e+00  0.000000e+00
     vertex -1.270013e+01 -6.946863e+00  0.000000e+00
     vertex -1.270013e+01 -6.946863e+00  1.510000e+00
   endloop
 endfacet
 facet normal -1.000000e+00  0.000000e+00  0.000000e+00
   outer loop
     vertex -1.270013e+01 -6.046863e+00  0.000000e+00
     vertex -1.270013e+01 -6.946863e+00  1.510000e+00
     vertex -1.270013e+01 -6.046863e+00  1.510000e+00
   endloop
 endfacet
 facet normal -9.914449e-01 -1.305262e-01  0.000000e+00
   outer loop
     vertex -1.271035e+01 -5.969217e+00  0.000000e+00
     vertex -1.270013e+01 -6.046863e+00  0.000000e+00
     vertex -1.270013e+01 -6.046863e+00  1.510000e+00
   endloop
 endfacet
 facet normal -9.914449e-01 -1.305262e-01  0.000000e+00
   outer loop
     vertex -1.271035e+01 -5.969217e+00  0.000000e+00
     vertex -1.270013e+01 -6.046863e+00  1.510000e+00
     vertex -1.271035e+01 -5.969217e+00  1.510000e+00
   endloop
 endfacet
 facet normal -9.238795e-01 -3.826834e-01  0.000000e+00
   outer loop
     vertex -1.274032e+01 -5.896863e+00  0.000000e+00
     vertex -1.271035e+01 -5.969217e+00  1.510000e+00
     vertex -1.274032e+01 -5.896863e+00  1.510000e+00
   endloop
 endfacet
 facet normal -9.238795e-01 -3.826834e-01  0.000000e+00
   outer loop
     vertex -1.274032e+01 -5.896863e+00  0.000000e+00
     vertex -1.271035e+01 -5.969217e+00  0.000000e+00
     vertex -1.271035e+01 -5.969217e+00  1.510000e+00
   endloop
 endfacet
 facet normal -7.933533e-01 -6.087614e-01  0.000000e+00
   outer loop
     vertex -1.278800e+01 -5.834731e+00  0.000000e+00
     vertex -1.274032e+01 -5.896863e+00  1.510000e+00
     vertex -1.278800e+01 -5.834731e+00  1.510000e+00
   endloop
 endfacet
 facet normal -7.933533e-01 -6.087614e-01  0.000000e+00
   outer loop
     vertex -1.278800e+01 -5.834731e+00  0.000000e+00
     vertex -1.274032e+01 -5.896863e+00  0.000000e+00
     vertex -1.274032e+01 -5.896863e+00  1.510000e+00
   endloop
 endfacet
 facet normal -6.087614e-01 -7.933533e-01  0.000000e+00
   outer loop
     vertex -1.285013e+01 -5.787055e+00  0.000000e+00
     vertex -1.278800e+01 -5.834731e+00  1.510000e+00
     vertex -1.285013e+01 -5.787055e+00  1.510000e+00
   endloop
 endfacet
 facet normal -6.087614e-01 -7.933533e-01  0.000000e+00
   outer loop
     vertex -1.285013e+01 -5.787055e+00  0.000000e+00
     vertex -1.278800e+01 -5.834731e+00  0.000000e+00
     vertex -1.278800e+01 -5.834731e+00  1.510000e+00
   endloop
 endfacet
 facet normal -3.826834e-01 -9.238795e-01  0.000000e+00
   outer loop
     vertex -1.292248e+01 -5.757085e+00  0.000000e+00
     vertex -1.285013e+01 -5.787055e+00  1.510000e+00
     vertex -1.292248e+01 -5.757085e+00  1.510000e+00
   endloop
 endfacet
 facet normal -3.826834e-01 -9.238795e-01  0.000000e+00
   outer loop
     vertex -1.292248e+01 -5.757085e+00  0.000000e+00
     vertex -1.285013e+01 -5.787055e+00  0.000000e+00
     vertex -1.285013e+01 -5.787055e+00  1.510000e+00
   endloop
 endfacet
 facet normal -1.305262e-01 -9.914449e-01  0.000000e+00
   outer loop
     vertex -1.300013e+01 -5.746863e+00  0.000000e+00
     vertex -1.292248e+01 -5.757085e+00  1.510000e+00
     vertex -1.300013e+01 -5.746863e+00  1.510000e+00
   endloop
 endfacet
 facet normal -1.305262e-01 -9.914449e-01  0.000000e+00
   outer loop
     vertex -1.300013e+01 -5.746863e+00  0.000000e+00
     vertex -1.292248e+01 -5.757085e+00  0.000000e+00
     vertex -1.292248e+01 -5.757085e+00  1.510000e+00
   endloop
 endfacet
 facet normal  1.305262e-01 -9.914449e-01  0.000000e+00
   outer loop
     vertex -1.307777e+01 -5.757085e+00  0.000000e+00
     vertex -1.300013e+01 -5.746863e+00  1.510000e+00
     vertex -1.307777e+01 -5.757085e+00  1.510000e+00
   endloop
 endfacet
 facet normal  1.305262e-01 -9.914449e-01  0.000000e+00
   outer loop
     vertex -1.307777e+01 -5.757085e+00  0.000000e+00
     vertex -1.300013e+01 -5.746863e+00  0.000000e+00
     vertex -1.300013e+01 -5.746863e+00  1.510000e+00
   endloop
 endfacet
 facet normal  3.826834e-01 -9.238795e-01  0.000000e+00
   outer loop
     vertex -1.315013e+01 -5.787055e+00  0.000000e+00
     vertex -1.307777e+01 -5.757085e+00  1.510000e+00
     vertex -1.315013e+01 -5.787055e+00  1.510000e+00
   endloop
 endfacet
 facet normal  3.826834e-01 -9.238795e-01  0.000000e+00
   outer loop
     vertex -1.315013e+01 -5.787055e+00  0.000000e+00
     vertex -1.307777e+01 -5.757085e+00  0.000000e+00
     vertex -1.307777e+01 -5.757085e+00  1.510000e+00
   endloop
 endfacet
 facet normal  7.933533e-01 -6.087614e-01  0.000000e+00
   outer loop
     vertex -1.321226e+01 -5.834731e+00  0.000000e+00
     vertex -1.321226e+01 -5.834731e+00  1.510000e+00
     vertex -1.325994e+01 -5.896863e+00  1.510000e+00
   endloop
 endfacet
 facet normal  6.087614e-01 -7.933533e-01  0.000000e+00
   outer loop
     vertex -1.321226e+01 -5.834731e+00  0.000000e+00
     vertex -1.315013e+01 -5.787055e+00  1.510000e+00
     vertex -1.321226e+01 -5.834731e+00  1.510000e+00
   endloop
 endfacet
 facet normal  6.087614e-01 -7.933533e-01  0.000000e+00
   outer loop
     vertex -1.321226e+01 -5.834731e+00  0.000000e+00
     vertex -1.315013e+01 -5.787055e+00  0.000000e+00
     vertex -1.315013e+01 -5.787055e+00  1.510000e+00
   endloop
 endfacet
 facet normal  7.933533e-01 -6.087614e-01  0.000000e+00
   outer loop
     vertex -1.325994e+01 -5.896863e+00  0.000000e+00
     vertex -1.321226e+01 -5.834731e+00  0.000000e+00
     vertex -1.325994e+01 -5.896863e+00  1.510000e+00
   endloop
 endfacet
 facet normal  9.238795e-01 -3.826834e-01  0.000000e+00
   outer loop
     vertex -1.328991e+01 -5.969217e+00  0.000000e+00
     vertex -1.325994e+01 -5.896863e+00  1.510000e+00
     vertex -1.328991e+01 -5.969217e+00  1.510000e+00
   endloop
 endfacet
 facet normal  9.238795e-01 -3.826834e-01  0.000000e+00
   outer loop
     vertex -1.328991e+01 -5.969217e+00  0.000000e+00
     vertex -1.325994e+01 -5.896863e+00  0.000000e+00
     vertex -1.325994e+01 -5.896863e+00  1.510000e+00
   endloop
 endfacet
 facet normal  9.914449e-01 -1.305262e-01  0.000000e+00
   outer loop
     vertex -1.330013e+01 -6.046863e+00  0.000000e+00
     vertex -1.328991e+01 -5.969217e+00  1.510000e+00
     vertex -1.330013e+01 -6.046863e+00  1.510000e+00
   endloop
 endfacet
 facet normal  9.914449e-01 -1.305262e-01  0.000000e+00
   outer loop
     vertex -1.330013e+01 -6.046863e+00  0.000000e+00
     vertex -1.328991e+01 -5.969217e+00  0.000000e+00
     vertex -1.328991e+01 -5.969217e+00  1.510000e+00
   endloop
 endfacet
 facet normal  1.000000e+00  0.000000e+00  0.000000e+00
   outer loop
     vertex -1.330013e+01 -6.946863e+00  0.000000e+00
     vertex -1.330013e+01 -6.046863e+00  0.000000e+00
     vertex -1.330013e+01 -6.046863e+00  1.510000e+00
   endloop
 endfacet
 facet normal  1.000000e+00  0.000000e+00  0.000000e+00
   outer loop
     vertex -1.330013e+01 -6.946863e+00  0.000000e+00
     vertex -1.330013e+01 -6.046863e+00  1.510000e+00
     vertex -1.330013e+01 -6.946863e+00  1.510000e+00
   endloop
 endfacet
 facet normal  9.914449e-01  1.305262e-01  0.000000e+00
   outer loop
     vertex -1.078991e+01 -7.024509e+00  0.000000e+00
     vertex -1.080013e+01 -6.946863e+00  0.000000e+00
     vertex -1.080013e+01 -6.946863e+00  1.510000e+00
   endloop
 endfacet
 facet normal  9.914449e-01  1.305262e-01 -0.000000e+00
   outer loop
     vertex -1.078991e+01 -7.024509e+00  0.000000e+00
     vertex -1.080013e+01 -6.946863e+00  1.510000e+00
     vertex -1.078991e+01 -7.024509e+00  1.510000e+00
   endloop
 endfacet
 facet normal  9.238795e-01  3.826834e-01 -0.000000e+00
   outer loop
     vertex -1.075994e+01 -7.096863e+00  0.000000e+00
     vertex -1.078991e+01 -7.024509e+00  1.510000e+00
     vertex -1.075994e+01 -7.096863e+00  1.510000e+00
   endloop
 endfacet
 facet normal  9.238795e-01  3.826834e-01  0.000000e+00
   outer loop
     vertex -1.075994e+01 -7.096863e+00  0.000000e+00
     vertex -1.078991e+01 -7.024509e+00  0.000000e+00
     vertex -1.078991e+01 -7.024509e+00  1.510000e+00
   endloop
 endfacet
 facet normal  7.933533e-01  6.087614e-01 -0.000000e+00
   outer loop
     vertex -1.071226e+01 -7.158995e+00  0.000000e+00
     vertex -1.075994e+01 -7.096863e+00  1.510000e+00
     vertex -1.071226e+01 -7.158995e+00  1.510000e+00
   endloop
 endfacet
 facet normal  7.933533e-01  6.087614e-01  0.000000e+00
   outer loop
     vertex -1.071226e+01 -7.158995e+00  0.000000e+00
     vertex -1.075994e+01 -7.096863e+00  0.000000e+00
     vertex -1.075994e+01 -7.096863e+00  1.510000e+00
   endloop
 endfacet
 facet normal  6.087614e-01  7.933533e-01 -0.000000e+00
   outer loop
     vertex -1.065013e+01 -7.206671e+00  0.000000e+00
     vertex -1.071226e+01 -7.158995e+00  1.510000e+00
     vertex -1.065013e+01 -7.206671e+00  1.510000e+00
   endloop
 endfacet
 facet normal  6.087614e-01  7.933533e-01  0.000000e+00
   outer loop
     vertex -1.065013e+01 -7.206671e+00  0.000000e+00
     vertex -1.071226e+01 -7.158995e+00  0.000000e+00
     vertex -1.071226e+01 -7.158995e+00  1.510000e+00
   endloop
 endfacet
 facet normal  3.826834e-01  9.238795e-01 -0.000000e+00
   outer loop
     vertex -1.057777e+01 -7.236641e+00  0.000000e+00
     vertex -1.065013e+01 -7.206671e+00  1.510000e+00
     vertex -1.057777e+01 -7.236641e+00  1.510000e+00
   endloop
 endfacet
 facet normal  3.826834e-01  9.238795e-01  0.000000e+00
   outer loop
     vertex -1.057777e+01 -7.236641e+00  0.000000e+00
     vertex -1.065013e+01 -7.206671e+00  0.000000e+00
     vertex -1.065013e+01 -7.206671e+00  1.510000e+00
   endloop
 endfacet
 facet normal  1.305262e-01  9.914449e-01 -0.000000e+00
   outer loop
     vertex -1.050013e+01 -7.246863e+00  0.000000e+00
     vertex -1.057777e+01 -7.236641e+00  1.510000e+00
     vertex -1.050013e+01 -7.246863e+00  1.510000e+00
   endloop
 endfacet
 facet normal  1.305262e-01  9.914449e-01  0.000000e+00
   outer loop
     vertex -1.050013e+01 -7.246863e+00  0.000000e+00
     vertex -1.057777e+01 -7.236641e+00  0.000000e+00
     vertex -1.057777e+01 -7.236641e+00  1.510000e+00
   endloop
 endfacet
 facet normal -1.305262e-01  9.914449e-01  0.000000e+00
   outer loop
     vertex -1.042248e+01 -7.236641e+00  0.000000e+00
     vertex -1.050013e+01 -7.246863e+00  1.510000e+00
     vertex -1.042248e+01 -7.236641e+00  1.510000e+00
   endloop
 endfacet
 facet normal -1.305262e-01  9.914449e-01  0.000000e+00
   outer loop
     vertex -1.042248e+01 -7.236641e+00  0.000000e+00
     vertex -1.050013e+01 -7.246863e+00  0.000000e+00
     vertex -1.050013e+01 -7.246863e+00  1.510000e+00
   endloop
 endfacet
 facet normal -3.826834e-01  9.238795e-01  0.000000e+00
   outer loop
     vertex -1.035013e+01 -7.206671e+00  0.000000e+00
     vertex -1.042248e+01 -7.236641e+00  1.510000e+00
     vertex -1.035013e+01 -7.206671e+00  1.510000e+00
   endloop
 endfacet
 facet normal -3.826834e-01  9.238795e-01  0.000000e+00
   outer loop
     vertex -1.035013e+01 -7.206671e+00  0.000000e+00
     vertex -1.042248e+01 -7.236641e+00  0.000000e+00
     vertex -1.042248e+01 -7.236641e+00  1.510000e+00
   endloop
 endfacet
 facet normal -7.933533e-01  6.087614e-01  0.000000e+00
   outer loop
     vertex -1.028800e+01 -7.158995e+00  0.000000e+00
     vertex -1.028800e+01 -7.158995e+00  1.510000e+00
     vertex -1.024032e+01 -7.096863e+00  1.510000e+00
   endloop
 endfacet
 facet normal -6.087614e-01  7.933533e-01  0.000000e+00
   outer loop
     vertex -1.028800e+01 -7.158995e+00  0.000000e+00
     vertex -1.035013e+01 -7.206671e+00  1.510000e+00
     vertex -1.028800e+01 -7.158995e+00  1.510000e+00
   endloop
 endfacet
 facet normal -6.087614e-01  7.933533e-01  0.000000e+00
   outer loop
     vertex -1.028800e+01 -7.158995e+00  0.000000e+00
     vertex -1.035013e+01 -7.206671e+00  0.000000e+00
     vertex -1.035013e+01 -7.206671e+00  1.510000e+00
   endloop
 endfacet
 facet normal -7.933533e-01  6.087614e-01  0.000000e+00
   outer loop
     vertex -1.024032e+01 -7.096863e+00  0.000000e+00
     vertex -1.028800e+01 -7.158995e+00  0.000000e+00
     vertex -1.024032e+01 -7.096863e+00  1.510000e+00
   endloop
 endfacet
 facet normal -9.238795e-01  3.826834e-01  0.000000e+00
   outer loop
     vertex -1.021035e+01 -7.024509e+00  0.000000e+00
     vertex -1.024032e+01 -7.096863e+00  1.510000e+00
     vertex -1.021035e+01 -7.024509e+00  1.510000e+00
   endloop
 endfacet
 facet normal -9.238795e-01  3.826834e-01  0.000000e+00
   outer loop
     vertex -1.021035e+01 -7.024509e+00  0.000000e+00
     vertex -1.024032e+01 -7.096863e+00  0.000000e+00
     vertex -1.024032e+01 -7.096863e+00  1.510000e+00
   endloop
 endfacet
 facet normal -9.914449e-01  1.305262e-01  0.000000e+00
   outer loop
     vertex -1.020013e+01 -6.946863e+00  0.000000e+00
     vertex -1.021035e+01 -7.024509e+00  1.510000e+00
     vertex -1.020013e+01 -6.946863e+00  1.510000e+00
   endloop
 endfacet
 facet normal -9.914449e-01  1.305262e-01  0.000000e+00
   outer loop
     vertex -1.020013e+01 -6.946863e+00  0.000000e+00
     vertex -1.021035e+01 -7.024509e+00  0.000000e+00
     vertex -1.021035e+01 -7.024509e+00  1.510000e+00
   endloop
 endfacet
 facet normal -1.000000e+00  0.000000e+00  0.000000e+00
   outer loop
     vertex -1.020013e+01 -6.046863e+00  0.000000e+00
     vertex -1.020013e+01 -6.946863e+00  0.000000e+00
     vertex -1.020013e+01 -6.946863e+00  1.510000e+00
   endloop
 endfacet
 facet normal -1.000000e+00  0.000000e+00  0.000000e+00
   outer loop
     vertex -1.020013e+01 -6.046863e+00  0.000000e+00
     vertex -1.020013e+01 -6.946863e+00  1.510000e+00
     vertex -1.020013e+01 -6.046863e+00  1.510000e+00
   endloop
 endfacet
 facet normal -9.914449e-01 -1.305262e-01  0.000000e+00
   outer loop
     vertex -1.021035e+01 -5.969217e+00  0.000000e+00
     vertex -1.020013e+01 -6.046863e+00  0.000000e+00
     vertex -1.020013e+01 -6.046863e+00  1.510000e+00
   endloop
 endfacet
 facet normal -9.914449e-01 -1.305262e-01  0.000000e+00
   outer loop
     vertex -1.021035e+01 -5.969217e+00  0.000000e+00
     vertex -1.020013e+01 -6.046863e+00  1.510000e+00
     vertex -1.021035e+01 -5.969217e+00  1.510000e+00
   endloop
 endfacet
 facet normal -9.238795e-01 -3.826834e-01  0.000000e+00
   outer loop
     vertex -1.024032e+01 -5.896863e+00  0.000000e+00
     vertex -1.021035e+01 -5.969217e+00  1.510000e+00
     vertex -1.024032e+01 -5.896863e+00  1.510000e+00
   endloop
 endfacet
 facet normal -9.238795e-01 -3.826834e-01  0.000000e+00
   outer loop
     vertex -1.024032e+01 -5.896863e+00  0.000000e+00
     vertex -1.021035e+01 -5.969217e+00  0.000000e+00
     vertex -1.021035e+01 -5.969217e+00  1.510000e+00
   endloop
 endfacet
 facet normal -7.933533e-01 -6.087614e-01  0.000000e+00
   outer loop
     vertex -1.028800e+01 -5.834731e+00  0.000000e+00
     vertex -1.024032e+01 -5.896863e+00  1.510000e+00
     vertex -1.028800e+01 -5.834731e+00  1.510000e+00
   endloop
 endfacet
 facet normal -7.933533e-01 -6.087614e-01  0.000000e+00
   outer loop
     vertex -1.028800e+01 -5.834731e+00  0.000000e+00
     vertex -1.024032e+01 -5.896863e+00  0.000000e+00
     vertex -1.024032e+01 -5.896863e+00  1.510000e+00
   endloop
 endfacet
 facet normal -6.087614e-01 -7.933533e-01  0.000000e+00
   outer loop
     vertex -1.035013e+01 -5.787055e+00  0.000000e+00
     vertex -1.028800e+01 -5.834731e+00  1.510000e+00
     vertex -1.035013e+01 -5.787055e+00  1.510000e+00
   endloop
 endfacet
 facet normal -6.087614e-01 -7.933533e-01  0.000000e+00
   outer loop
     vertex -1.035013e+01 -5.787055e+00  0.000000e+00
     vertex -1.028800e+01 -5.834731e+00  0.000000e+00
     vertex -1.028800e+01 -5.834731e+00  1.510000e+00
   endloop
 endfacet
 facet normal -3.826834e-01 -9.238795e-01  0.000000e+00
   outer loop
     vertex -1.042248e+01 -5.757085e+00  0.000000e+00
     vertex -1.035013e+01 -5.787055e+00  1.510000e+00
     vertex -1.042248e+01 -5.757085e+00  1.510000e+00
   endloop
 endfacet
 facet normal -3.826834e-01 -9.238795e-01  0.000000e+00
   outer loop
     vertex -1.042248e+01 -5.757085e+00  0.000000e+00
     vertex -1.035013e+01 -5.787055e+00  0.000000e+00
     vertex -1.035013e+01 -5.787055e+00  1.510000e+00
   endloop
 endfacet
 facet normal -1.305262e-01 -9.914449e-01  0.000000e+00
   outer loop
     vertex -1.050013e+01 -5.746863e+00  0.000000e+00
     vertex -1.042248e+01 -5.757085e+00  1.510000e+00
     vertex -1.050013e+01 -5.746863e+00  1.510000e+00
   endloop
 endfacet
 facet normal -1.305262e-01 -9.914449e-01  0.000000e+00
   outer loop
     vertex -1.050013e+01 -5.746863e+00  0.000000e+00
     vertex -1.042248e+01 -5.757085e+00  0.000000e+00
     vertex -1.042248e+01 -5.757085e+00  1.510000e+00
   endloop
 endfacet
 facet normal  1.305262e-01 -9.914449e-01  0.000000e+00
   outer loop
     vertex -1.057777e+01 -5.757085e+00  0.000000e+00
     vertex -1.050013e+01 -5.746863e+00  1.510000e+00
     vertex -1.057777e+01 -5.757085e+00  1.510000e+00
   endloop
 endfacet
 facet normal  1.305262e-01 -9.914449e-01  0.000000e+00
   outer loop
     vertex -1.057777e+01 -5.757085e+00  0.000000e+00
     vertex -1.050013e+01 -5.746863e+00  0.000000e+00
     vertex -1.050013e+01 -5.746863e+00  1.510000e+00
   endloop
 endfacet
 facet normal  3.826834e-01 -9.238795e-01  0.000000e+00
   outer loop
     vertex -1.065013e+01 -5.787055e+00  0.000000e+00
     vertex -1.057777e+01 -5.757085e+00  1.510000e+00
     vertex -1.065013e+01 -5.787055e+00  1.510000e+00
   endloop
 endfacet
 facet normal  3.826834e-01 -9.238795e-01  0.000000e+00
   outer loop
     vertex -1.065013e+01 -5.787055e+00  0.000000e+00
     vertex -1.057777e+01 -5.757085e+00  0.000000e+00
     vertex -1.057777e+01 -5.757085e+00  1.510000e+00
   endloop
 endfacet
 facet normal  7.933533e-01 -6.087614e-01  0.000000e+00
   outer loop
     vertex -1.071226e+01 -5.834731e+00  0.000000e+00
     vertex -1.071226e+01 -5.834731e+00  1.510000e+00
     vertex -1.075994e+01 -5.896863e+00  1.510000e+00
   endloop
 endfacet
 facet normal  6.087614e-01 -7.933533e-01  0.000000e+00
   outer loop
     vertex -1.071226e+01 -5.834731e+00  0.000000e+00
     vertex -1.065013e+01 -5.787055e+00  1.510000e+00
     vertex -1.071226e+01 -5.834731e+00  1.510000e+00
   endloop
 endfacet
 facet normal  6.087614e-01 -7.933533e-01  0.000000e+00
   outer loop
     vertex -1.071226e+01 -5.834731e+00  0.000000e+00
     vertex -1.065013e+01 -5.787055e+00  0.000000e+00
     vertex -1.065013e+01 -5.787055e+00  1.510000e+00
   endloop
 endfacet
 facet normal  7.933533e-01 -6.087614e-01  0.000000e+00
   outer loop
     vertex -1.075994e+01 -5.896863e+00  0.000000e+00
     vertex -1.071226e+01 -5.834731e+00  0.000000e+00
     vertex -1.075994e+01 -5.896863e+00  1.510000e+00
   endloop
 endfacet
 facet normal  9.238795e-01 -3.826834e-01  0.000000e+00
   outer loop
     vertex -1.078991e+01 -5.969217e+00  0.000000e+00
     vertex -1.075994e+01 -5.896863e+00  1.510000e+00
     vertex -1.078991e+01 -5.969217e+00  1.510000e+00
   endloop
 endfacet
 facet normal  9.238795e-01 -3.826834e-01  0.000000e+00
   outer loop
     vertex -1.078991e+01 -5.969217e+00  0.000000e+00
     vertex -1.075994e+01 -5.896863e+00  0.000000e+00
     vertex -1.075994e+01 -5.896863e+00  1.510000e+00
   endloop
 endfacet
 facet normal  9.914449e-01 -1.305262e-01  0.000000e+00
   outer loop
     vertex -1.080013e+01 -6.046863e+00  0.000000e+00
     vertex -1.078991e+01 -5.969217e+00  1.510000e+00
     vertex -1.080013e+01 -6.046863e+00  1.510000e+00
   endloop
 endfacet
 facet normal  9.914449e-01 -1.305262e-01  0.000000e+00
   outer loop
     vertex -1.080013e+01 -6.046863e+00  0.000000e+00
     vertex -1.078991e+01 -5.969217e+00  0.000000e+00
     vertex -1.078991e+01 -5.969217e+00  1.510000e+00
   endloop
 endfacet
 facet normal  1.000000e+00  0.000000e+00  0.000000e+00
   outer loop
     vertex -1.080013e+01 -6.946863e+00  0.000000e+00
     vertex -1.080013e+01 -6.046863e+00  0.000000e+00
     vertex -1.080013e+01 -6.046863e+00  1.510000e+00
   endloop
 endfacet
 facet normal  1.000000e+00  0.000000e+00  0.000000e+00
   outer loop
     vertex -1.080013e+01 -6.946863e+00  0.000000e+00
     vertex -1.080013e+01 -6.046863e+00  1.510000e+00
     vertex -1.080013e+01 -6.946863e+00  1.510000e+00
   endloop
 endfacet
 facet normal  9.927089e-01  1.205367e-01  0.000000e+00
   outer loop
     vertex -1.441411e+00 -7.018658e+00  0.000000e+00
     vertex -1.450128e+00 -6.946863e+00  0.000000e+00
     vertex -1.450128e+00 -6.946863e+00  1.510000e+00
   endloop
 endfacet
 facet normal  9.927089e-01  1.205367e-01 -0.000000e+00
   outer loop
     vertex -1.441411e+00 -7.018658e+00  0.000000e+00
     vertex -1.450128e+00 -6.946863e+00  1.510000e+00
     vertex -1.441411e+00 -7.018658e+00  1.510000e+00
   endloop
 endfacet
 facet normal  9.350162e-01  3.546049e-01 -0.000000e+00
   outer loop
     vertex -1.415765e+00 -7.086280e+00  0.000000e+00
     vertex -1.441411e+00 -7.018658e+00  1.510000e+00
     vertex -1.415765e+00 -7.086280e+00  1.510000e+00
   endloop
 endfacet
 facet normal  9.350162e-01  3.546049e-01  0.000000e+00
   outer loop
     vertex -1.415765e+00 -7.086280e+00  0.000000e+00
     vertex -1.441411e+00 -7.018658e+00  0.000000e+00
     vertex -1.441411e+00 -7.018658e+00  1.510000e+00
   endloop
 endfacet
 facet normal  8.229839e-01  5.680647e-01 -0.000000e+00
   outer loop
     vertex -1.374681e+00 -7.145800e+00  0.000000e+00
     vertex -1.415765e+00 -7.086280e+00  1.510000e+00
     vertex -1.374681e+00 -7.145800e+00  1.510000e+00
   endloop
 endfacet
 facet normal  8.229839e-01  5.680647e-01  0.000000e+00
   outer loop
     vertex -1.374681e+00 -7.145800e+00  0.000000e+00
     vertex -1.415765e+00 -7.086280e+00  0.000000e+00
     vertex -1.415765e+00 -7.086280e+00  1.510000e+00
   endloop
 endfacet
 facet normal  6.631227e-01  7.485107e-01 -0.000000e+00
   outer loop
     vertex -1.320547e+00 -7.193758e+00  0.000000e+00
     vertex -1.374681e+00 -7.145800e+00  1.510000e+00
     vertex -1.320547e+00 -7.193758e+00  1.510000e+00
   endloop
 endfacet
 facet normal  6.631227e-01  7.485107e-01  0.000000e+00
   outer loop
     vertex -1.320547e+00 -7.193758e+00  0.000000e+00
     vertex -1.374681e+00 -7.145800e+00  0.000000e+00
     vertex -1.374681e+00 -7.145800e+00  1.510000e+00
   endloop
 endfacet
 facet normal  4.647232e-01  8.854560e-01 -0.000000e+00
   outer loop
     vertex -1.256509e+00 -7.227368e+00  0.000000e+00
     vertex -1.320547e+00 -7.193758e+00  1.510000e+00
     vertex -1.256509e+00 -7.227368e+00  1.510000e+00
   endloop
 endfacet
 facet normal  4.647232e-01  8.854560e-01  0.000000e+00
   outer loop
     vertex -1.256509e+00 -7.227368e+00  0.000000e+00
     vertex -1.320547e+00 -7.193758e+00  0.000000e+00
     vertex -1.320547e+00 -7.193758e+00  1.510000e+00
   endloop
 endfacet
 facet normal  2.393157e-01  9.709418e-01 -0.000000e+00
   outer loop
     vertex -1.186289e+00 -7.244676e+00  0.000000e+00
     vertex -1.256509e+00 -7.227368e+00  1.510000e+00
     vertex -1.186289e+00 -7.244676e+00  1.510000e+00
   endloop
 endfacet
 facet normal  2.393157e-01  9.709418e-01  0.000000e+00
   outer loop
     vertex -1.186289e+00 -7.244676e+00  0.000000e+00
     vertex -1.256509e+00 -7.227368e+00  0.000000e+00
     vertex -1.256509e+00 -7.227368e+00  1.510000e+00
   endloop
 endfacet
 facet normal  0.000000e+00  1.000000e+00 -0.000000e+00
   outer loop
     vertex -1.113967e+00 -7.244676e+00  0.000000e+00
     vertex -1.186289e+00 -7.244676e+00  1.510000e+00
     vertex -1.113967e+00 -7.244676e+00  1.510000e+00
   endloop
 endfacet
 facet normal  0.000000e+00  1.000000e+00  0.000000e+00
   outer loop
     vertex -1.113967e+00 -7.244676e+00  0.000000e+00
     vertex -1.186289e+00 -7.244676e+00  0.000000e+00
     vertex -1.186289e+00 -7.244676e+00  1.510000e+00
   endloop
 endfacet
 facet normal -4.647232e-01  8.854560e-01  0.000000e+00
   outer loop
     vertex -1.043747e+00 -7.227368e+00  0.000000e+00
     vertex -1.043747e+00 -7.227368e+00  1.510000e+00
     vertex -9.797086e-01 -7.193758e+00  1.510000e+00
   endloop
 endfacet
 facet normal -2.393157e-01  9.709418e-01  0.000000e+00
   outer loop
     vertex -1.043747e+00 -7.227368e+00  0.000000e+00
     vertex -1.113967e+00 -7.244676e+00  1.510000e+00
     vertex -1.043747e+00 -7.227368e+00  1.510000e+00
   endloop
 endfacet
 facet normal -2.393157e-01  9.709418e-01  0.000000e+00
   outer loop
     vertex -1.043747e+00 -7.227368e+00  0.000000e+00
     vertex -1.113967e+00 -7.244676e+00  0.000000e+00
     vertex -1.113967e+00 -7.244676e+00  1.510000e+00
   endloop
 endfacet
 facet normal -4.647232e-01  8.854560e-01  0.000000e+00
   outer loop
     vertex -9.797086e-01 -7.193758e+00  0.000000e+00
     vertex -1.043747e+00 -7.227368e+00  0.000000e+00
     vertex -9.797086e-01 -7.193758e+00  1.510000e+00
   endloop
 endfacet
 facet normal -6.631227e-01  7.485107e-01  0.000000e+00
   outer loop
     vertex -9.255748e-01 -7.145800e+00  0.000000e+00
     vertex -9.797086e-01 -7.193758e+00  1.510000e+00
     vertex -9.255748e-01 -7.145800e+00  1.510000e+00
   endloop
 endfacet
 facet normal -6.631227e-01  7.485107e-01  0.000000e+00
   outer loop
     vertex -9.255748e-01 -7.145800e+00  0.000000e+00
     vertex -9.797086e-01 -7.193758e+00  0.000000e+00
     vertex -9.797086e-01 -7.193758e+00  1.510000e+00
   endloop
 endfacet
 facet normal -9.350162e-01  3.546049e-01  0.000000e+00
   outer loop
     vertex -8.844912e-01 -7.086280e+00  0.000000e+00
     vertex -8.844912e-01 -7.086280e+00  1.510000e+00
     vertex -8.588455e-01 -7.018658e+00  1.510000e+00
   endloop
 endfacet
 facet normal -8.229839e-01  5.680647e-01  0.000000e+00
   outer loop
     vertex -8.844912e-01 -7.086280e+00  0.000000e+00
     vertex -9.255748e-01 -7.145800e+00  1.510000e+00
     vertex -8.844912e-01 -7.086280e+00  1.510000e+00
   endloop
 endfacet
 facet normal -8.229839e-01  5.680647e-01  0.000000e+00
   outer loop
     vertex -8.844912e-01 -7.086280e+00  0.000000e+00
     vertex -9.255748e-01 -7.145800e+00  0.000000e+00
     vertex -9.255748e-01 -7.145800e+00  1.510000e+00
   endloop
 endfacet
 facet normal -9.927089e-01  1.205367e-01  0.000000e+00
   outer loop
     vertex -8.588455e-01 -7.018658e+00  0.000000e+00
     vertex -8.588455e-01 -7.018658e+00  1.510000e+00
     vertex -8.501280e-01 -6.946863e+00  1.510000e+00
   endloop
 endfacet
 facet normal -9.350162e-01  3.546049e-01  0.000000e+00
   outer loop
     vertex -8.588455e-01 -7.018658e+00  0.000000e+00
     vertex -8.844912e-01 -7.086280e+00  0.000000e+00
     vertex -8.588455e-01 -7.018658e+00  1.510000e+00
   endloop
 endfacet
 facet normal -9.927089e-01  1.205367e-01  0.000000e+00
   outer loop
     vertex -8.501280e-01 -6.946863e+00  0.000000e+00
     vertex -8.588455e-01 -7.018658e+00  0.000000e+00
     vertex -8.501280e-01 -6.946863e+00  1.510000e+00
   endloop
 endfacet
 facet normal -1.000000e+00  0.000000e+00  0.000000e+00
   outer loop
     vertex -8.501280e-01 -6.046863e+00  0.000000e+00
     vertex -8.501280e-01 -6.946863e+00  0.000000e+00
     vertex -8.501280e-01 -6.946863e+00  1.510000e+00
   endloop
 endfacet
 facet normal -1.000000e+00  0.000000e+00  0.000000e+00
   outer loop
     vertex -8.501280e-01 -6.046863e+00  0.000000e+00
     vertex -8.501280e-01 -6.946863e+00  1.510000e+00
     vertex -8.501280e-01 -6.046863e+00  1.510000e+00
   endloop
 endfacet
 facet normal -9.914449e-01 -1.305262e-01  0.000000e+00
   outer loop
     vertex -8.603503e-01 -5.969217e+00  0.000000e+00
     vertex -8.501280e-01 -6.046863e+00  0.000000e+00
     vertex -8.501280e-01 -6.046863e+00  1.510000e+00
   endloop
 endfacet
 facet normal -9.914449e-01 -1.305262e-01  0.000000e+00
   outer loop
     vertex -8.603503e-01 -5.969217e+00  0.000000e+00
     vertex -8.501280e-01 -6.046863e+00  1.510000e+00
     vertex -8.603503e-01 -5.969217e+00  1.510000e+00
   endloop
 endfacet
 facet normal -9.238795e-01 -3.826834e-01  0.000000e+00
   outer loop
     vertex -8.903204e-01 -5.896863e+00  0.000000e+00
     vertex -8.603503e-01 -5.969217e+00  1.510000e+00
     vertex -8.903204e-01 -5.896863e+00  1.510000e+00
   endloop
 endfacet
 facet normal -9.238795e-01 -3.826834e-01  0.000000e+00
   outer loop
     vertex -8.903204e-01 -5.896863e+00  0.000000e+00
     vertex -8.603503e-01 -5.969217e+00  0.000000e+00
     vertex -8.603503e-01 -5.969217e+00  1.510000e+00
   endloop
 endfacet
 facet normal -7.933533e-01 -6.087614e-01  0.000000e+00
   outer loop
     vertex -9.379960e-01 -5.834731e+00  0.000000e+00
     vertex -8.903204e-01 -5.896863e+00  1.510000e+00
     vertex -9.379960e-01 -5.834731e+00  1.510000e+00
   endloop
 endfacet
 facet normal -7.933533e-01 -6.087614e-01  0.000000e+00
   outer loop
     vertex -9.379960e-01 -5.834731e+00  0.000000e+00
     vertex -8.903204e-01 -5.896863e+00  0.000000e+00
     vertex -8.903204e-01 -5.896863e+00  1.510000e+00
   endloop
 endfacet
 facet normal -6.087614e-01 -7.933533e-01  0.000000e+00
   outer loop
     vertex -1.000128e+00 -5.787055e+00  0.000000e+00
     vertex -9.379960e-01 -5.834731e+00  1.510000e+00
     vertex -1.000128e+00 -5.787055e+00  1.510000e+00
   endloop
 endfacet
 facet normal -6.087614e-01 -7.933533e-01  0.000000e+00
   outer loop
     vertex -1.000128e+00 -5.787055e+00  0.000000e+00
     vertex -9.379960e-01 -5.834731e+00  0.000000e+00
     vertex -9.379960e-01 -5.834731e+00  1.510000e+00
   endloop
 endfacet
 facet normal -3.826834e-01 -9.238795e-01  0.000000e+00
   outer loop
     vertex -1.072482e+00 -5.757085e+00  0.000000e+00
     vertex -1.000128e+00 -5.787055e+00  1.510000e+00
     vertex -1.072482e+00 -5.757085e+00  1.510000e+00
   endloop
 endfacet
 facet normal -3.826834e-01 -9.238795e-01  0.000000e+00
   outer loop
     vertex -1.072482e+00 -5.757085e+00  0.000000e+00
     vertex -1.000128e+00 -5.787055e+00  0.000000e+00
     vertex -1.000128e+00 -5.787055e+00  1.510000e+00
   endloop
 endfacet
 facet normal -1.305262e-01 -9.914449e-01  0.000000e+00
   outer loop
     vertex -1.150128e+00 -5.746863e+00  0.000000e+00
     vertex -1.072482e+00 -5.757085e+00  1.510000e+00
     vertex -1.150128e+00 -5.746863e+00  1.510000e+00
   endloop
 endfacet
 facet normal -1.305262e-01 -9.914449e-01  0.000000e+00
   outer loop
     vertex -1.150128e+00 -5.746863e+00  0.000000e+00
     vertex -1.072482e+00 -5.757085e+00  0.000000e+00
     vertex -1.072482e+00 -5.757085e+00  1.510000e+00
   endloop
 endfacet
 facet normal  1.305262e-01 -9.914449e-01  0.000000e+00
   outer loop
     vertex -1.227774e+00 -5.757085e+00  0.000000e+00
     vertex -1.150128e+00 -5.746863e+00  1.510000e+00
     vertex -1.227774e+00 -5.757085e+00  1.510000e+00
   endloop
 endfacet
 facet normal  1.305262e-01 -9.914449e-01  0.000000e+00
   outer loop
     vertex -1.227774e+00 -5.757085e+00  0.000000e+00
     vertex -1.150128e+00 -5.746863e+00  0.000000e+00
     vertex -1.150128e+00 -5.746863e+00  1.510000e+00
   endloop
 endfacet
 facet normal  3.826834e-01 -9.238795e-01  0.000000e+00
   outer loop
     vertex -1.300128e+00 -5.787055e+00  0.000000e+00
     vertex -1.227774e+00 -5.757085e+00  1.510000e+00
     vertex -1.300128e+00 -5.787055e+00  1.510000e+00
   endloop
 endfacet
 facet normal  3.826834e-01 -9.238795e-01  0.000000e+00
   outer loop
     vertex -1.300128e+00 -5.787055e+00  0.000000e+00
     vertex -1.227774e+00 -5.757085e+00  0.000000e+00
     vertex -1.227774e+00 -5.757085e+00  1.510000e+00
   endloop
 endfacet
 facet normal  7.933533e-01 -6.087614e-01  0.000000e+00
   outer loop
     vertex -1.362260e+00 -5.834731e+00  0.000000e+00
     vertex -1.362260e+00 -5.834731e+00  1.510000e+00
     vertex -1.409936e+00 -5.896863e+00  1.510000e+00
   endloop
 endfacet
 facet normal  6.087614e-01 -7.933533e-01  0.000000e+00
   outer loop
     vertex -1.362260e+00 -5.834731e+00  0.000000e+00
     vertex -1.300128e+00 -5.787055e+00  1.510000e+00
     vertex -1.362260e+00 -5.834731e+00  1.510000e+00
   endloop
 endfacet
 facet normal  6.087614e-01 -7.933533e-01  0.000000e+00
   outer loop
     vertex -1.362260e+00 -5.834731e+00  0.000000e+00
     vertex -1.300128e+00 -5.787055e+00  0.000000e+00
     vertex -1.300128e+00 -5.787055e+00  1.510000e+00
   endloop
 endfacet
 facet normal  7.933533e-01 -6.087614e-01  0.000000e+00
   outer loop
     vertex -1.409936e+00 -5.896863e+00  0.000000e+00
     vertex -1.362260e+00 -5.834731e+00  0.000000e+00
     vertex -1.409936e+00 -5.896863e+00  1.510000e+00
   endloop
 endfacet
 facet normal  9.238795e-01 -3.826834e-01  0.000000e+00
   outer loop
     vertex -1.439906e+00 -5.969217e+00  0.000000e+00
     vertex -1.409936e+00 -5.896863e+00  1.510000e+00
     vertex -1.439906e+00 -5.969217e+00  1.510000e+00
   endloop
 endfacet
 facet normal  9.238795e-01 -3.826834e-01  0.000000e+00
   outer loop
     vertex -1.439906e+00 -5.969217e+00  0.000000e+00
     vertex -1.409936e+00 -5.896863e+00  0.000000e+00
     vertex -1.409936e+00 -5.896863e+00  1.510000e+00
   endloop
 endfacet
 facet normal  9.914449e-01 -1.305262e-01  0.000000e+00
   outer loop
     vertex -1.450128e+00 -6.046863e+00  0.000000e+00
     vertex -1.439906e+00 -5.969217e+00  1.510000e+00
     vertex -1.450128e+00 -6.046863e+00  1.510000e+00
   endloop
 endfacet
 facet normal  9.914449e-01 -1.305262e-01  0.000000e+00
   outer loop
     vertex -1.450128e+00 -6.046863e+00  0.000000e+00
     vertex -1.439906e+00 -5.969217e+00  0.000000e+00
     vertex -1.439906e+00 -5.969217e+00  1.510000e+00
   endloop
 endfacet
 facet normal  1.000000e+00  0.000000e+00  0.000000e+00
   outer loop
     vertex -1.450128e+00 -6.946863e+00  0.000000e+00
     vertex -1.450128e+00 -6.046863e+00  0.000000e+00
     vertex -1.450128e+00 -6.046863e+00  1.510000e+00
   endloop
 endfacet
 facet normal  1.000000e+00  0.000000e+00  0.000000e+00
   outer loop
     vertex -1.450128e+00 -6.946863e+00  0.000000e+00
     vertex -1.450128e+00 -6.046863e+00  1.510000e+00
     vertex -1.450128e+00 -6.946863e+00  1.510000e+00
   endloop
 endfacet
 facet normal  9.927089e-01  1.205367e-01  0.000000e+00
   outer loop
     vertex  4.585895e-01 -7.018658e+00  0.000000e+00
     vertex  4.498720e-01 -6.946863e+00  0.000000e+00
     vertex  4.498720e-01 -6.946863e+00  1.510000e+00
   endloop
 endfacet
 facet normal  9.927089e-01  1.205367e-01 -0.000000e+00
   outer loop
     vertex  4.585895e-01 -7.018658e+00  0.000000e+00
     vertex  4.498720e-01 -6.946863e+00  1.510000e+00
     vertex  4.585895e-01 -7.018658e+00  1.510000e+00
   endloop
 endfacet
 facet normal  9.350162e-01  3.546049e-01 -0.000000e+00
   outer loop
     vertex  4.842352e-01 -7.086280e+00  0.000000e+00
     vertex  4.585895e-01 -7.018658e+00  1.510000e+00
     vertex  4.842352e-01 -7.086280e+00  1.510000e+00
   endloop
 endfacet
 facet normal  9.350162e-01  3.546049e-01  0.000000e+00
   outer loop
     vertex  4.842352e-01 -7.086280e+00  0.000000e+00
     vertex  4.585895e-01 -7.018658e+00  0.000000e+00
     vertex  4.585895e-01 -7.018658e+00  1.510000e+00
   endloop
 endfacet
 facet normal  8.229839e-01  5.680647e-01 -0.000000e+00
   outer loop
     vertex  5.253188e-01 -7.145800e+00  0.000000e+00
     vertex  4.842352e-01 -7.086280e+00  1.510000e+00
     vertex  5.253188e-01 -7.145800e+00  1.510000e+00
   endloop
 endfacet
 facet normal  8.229839e-01  5.680647e-01  0.000000e+00
   outer loop
     vertex  5.253188e-01 -7.145800e+00  0.000000e+00
     vertex  4.842352e-01 -7.086280e+00  0.000000e+00
     vertex  4.842352e-01 -7.086280e+00  1.510000e+00
   endloop
 endfacet
 facet normal  6.631227e-01  7.485107e-01 -0.000000e+00
   outer loop
     vertex  5.794526e-01 -7.193758e+00  0.000000e+00
     vertex  5.253188e-01 -7.145800e+00  1.510000e+00
     vertex  5.794526e-01 -7.193758e+00  1.510000e+00
   endloop
 endfacet
 facet normal  6.631227e-01  7.485107e-01  0.000000e+00
   outer loop
     vertex  5.794526e-01 -7.193758e+00  0.000000e+00
     vertex  5.253188e-01 -7.145800e+00  0.000000e+00
     vertex  5.253188e-01 -7.145800e+00  1.510000e+00
   endloop
 endfacet
 facet normal  4.647232e-01  8.854560e-01 -0.000000e+00
   outer loop
     vertex  6.434905e-01 -7.227368e+00  0.000000e+00
     vertex  5.794526e-01 -7.193758e+00  1.510000e+00
     vertex  6.434905e-01 -7.227368e+00  1.510000e+00
   endloop
 endfacet
 facet normal  4.647232e-01  8.854560e-01  0.000000e+00
   outer loop
     vertex  6.434905e-01 -7.227368e+00  0.000000e+00
     vertex  5.794526e-01 -7.193758e+00  0.000000e+00
     vertex  5.794526e-01 -7.193758e+00  1.510000e+00
   endloop
 endfacet
 facet normal  2.393157e-01  9.709418e-01 -0.000000e+00
   outer loop
     vertex  7.137110e-01 -7.244676e+00  0.000000e+00
     vertex  6.434905e-01 -7.227368e+00  1.510000e+00
     vertex  7.137110e-01 -7.244676e+00  1.510000e+00
   endloop
 endfacet
 facet normal  2.393157e-01  9.709418e-01  0.000000e+00
   outer loop
     vertex  7.137110e-01 -7.244676e+00  0.000000e+00
     vertex  6.434905e-01 -7.227368e+00  0.000000e+00
     vertex  6.434905e-01 -7.227368e+00  1.510000e+00
   endloop
 endfacet
 facet normal  1.228089e-14  1.000000e+00 -0.000000e+00
   outer loop
     vertex  7.860330e-01 -7.244676e+00  0.000000e+00
     vertex  7.137110e-01 -7.244676e+00  1.510000e+00
     vertex  7.860330e-01 -7.244676e+00  1.510000e+00
   endloop
 endfacet
 facet normal  1.228089e-14  1.000000e+00  0.000000e+00
   outer loop
     vertex  7.860330e-01 -7.244676e+00  0.000000e+00
     vertex  7.137110e-01 -7.244676e+00  0.000000e+00
     vertex  7.137110e-01 -7.244676e+00  1.510000e+00
   endloop
 endfacet
 facet normal -4.647232e-01  8.854560e-01  0.000000e+00
   outer loop
     vertex  8.562535e-01 -7.227368e+00  0.000000e+00
     vertex  8.562535e-01 -7.227368e+00  1.510000e+00
     vertex  9.202914e-01 -7.193758e+00  1.510000e+00
   endloop
 endfacet
 facet normal -2.393157e-01  9.709418e-01  0.000000e+00
   outer loop
     vertex  8.562535e-01 -7.227368e+00  0.000000e+00
     vertex  7.860330e-01 -7.244676e+00  1.510000e+00
     vertex  8.562535e-01 -7.227368e+00  1.510000e+00
   endloop
 endfacet
 facet normal -2.393157e-01  9.709418e-01  0.000000e+00
   outer loop
     vertex  8.562535e-01 -7.227368e+00  0.000000e+00
     vertex  7.860330e-01 -7.244676e+00  0.000000e+00
     vertex  7.860330e-01 -7.244676e+00  1.510000e+00
   endloop
 endfacet
 facet normal -4.647232e-01  8.854560e-01  0.000000e+00
   outer loop
     vertex  9.202914e-01 -7.193758e+00  0.000000e+00
     vertex  8.562535e-01 -7.227368e+00  0.000000e+00
     vertex  9.202914e-01 -7.193758e+00  1.510000e+00
   endloop
 endfacet
 facet normal -6.631227e-01  7.485107e-01  0.000000e+00
   outer loop
     vertex  9.744252e-01 -7.145800e+00  0.000000e+00
     vertex  9.202914e-01 -7.193758e+00  1.510000e+00
     vertex  9.744252e-01 -7.145800e+00  1.510000e+00
   endloop
 endfacet
 facet normal -6.631227e-01  7.485107e-01  0.000000e+00
   outer loop
     vertex  9.744252e-01 -7.145800e+00  0.000000e+00
     vertex  9.202914e-01 -7.193758e+00  0.000000e+00
     vertex  9.202914e-01 -7.193758e+00  1.510000e+00
   endloop
 endfacet
 facet normal -9.350162e-01  3.546049e-01  0.000000e+00
   outer loop
     vertex  1.015509e+00 -7.086280e+00  0.000000e+00
     vertex  1.015509e+00 -7.086280e+00  1.510000e+00
     vertex  1.041155e+00 -7.018658e+00  1.510000e+00
   endloop
 endfacet
 facet normal -8.229839e-01  5.680647e-01  0.000000e+00
   outer loop
     vertex  1.015509e+00 -7.086280e+00  0.000000e+00
     vertex  9.744252e-01 -7.145800e+00  1.510000e+00
     vertex  1.015509e+00 -7.086280e+00  1.510000e+00
   endloop
 endfacet
 facet normal -8.229839e-01  5.680647e-01  0.000000e+00
   outer loop
     vertex  1.015509e+00 -7.086280e+00  0.000000e+00
     vertex  9.744252e-01 -7.145800e+00  0.000000e+00
     vertex  9.744252e-01 -7.145800e+00  1.510000e+00
   endloop
 endfacet
 facet normal -9.927089e-01  1.205367e-01  0.000000e+00
   outer loop
     vertex  1.041155e+00 -7.018658e+00  0.000000e+00
     vertex  1.041155e+00 -7.018658e+00  1.510000e+00
     vertex  1.049872e+00 -6.946863e+00  1.510000e+00
   endloop
 endfacet
 facet normal -9.350162e-01  3.546049e-01  0.000000e+00
   outer loop
     vertex  1.041155e+00 -7.018658e+00  0.000000e+00
     vertex  1.015509e+00 -7.086280e+00  0.000000e+00
     vertex  1.041155e+00 -7.018658e+00  1.510000e+00
   endloop
 endfacet
 facet normal -9.927089e-01  1.205367e-01  0.000000e+00
   outer loop
     vertex  1.049872e+00 -6.946863e+00  0.000000e+00
     vertex  1.041155e+00 -7.018658e+00  0.000000e+00
     vertex  1.049872e+00 -6.946863e+00  1.510000e+00
   endloop
 endfacet
 facet normal -1.000000e+00  0.000000e+00  0.000000e+00
   outer loop
     vertex  1.049872e+00 -6.046863e+00  0.000000e+00
     vertex  1.049872e+00 -6.946863e+00  0.000000e+00
     vertex  1.049872e+00 -6.946863e+00  1.510000e+00
   endloop
 endfacet
 facet normal -1.000000e+00  0.000000e+00  0.000000e+00
   outer loop
     vertex  1.049872e+00 -6.046863e+00  0.000000e+00
     vertex  1.049872e+00 -6.946863e+00  1.510000e+00
     vertex  1.049872e+00 -6.046863e+00  1.510000e+00
   endloop
 endfacet
 facet normal -9.914449e-01 -1.305262e-01  0.000000e+00
   outer loop
     vertex  1.039650e+00 -5.969217e+00  0.000000e+00
     vertex  1.049872e+00 -6.046863e+00  0.000000e+00
     vertex  1.049872e+00 -6.046863e+00  1.510000e+00
   endloop
 endfacet
 facet normal -9.914449e-01 -1.305262e-01  0.000000e+00
   outer loop
     vertex  1.039650e+00 -5.969217e+00  0.000000e+00
     vertex  1.049872e+00 -6.046863e+00  1.510000e+00
     vertex  1.039650e+00 -5.969217e+00  1.510000e+00
   endloop
 endfacet
 facet normal -9.238795e-01 -3.826834e-01  0.000000e+00
   outer loop
     vertex  1.009680e+00 -5.896863e+00  0.000000e+00
     vertex  1.039650e+00 -5.969217e+00  1.510000e+00
     vertex  1.009680e+00 -5.896863e+00  1.510000e+00
   endloop
 endfacet
 facet normal -9.238795e-01 -3.826834e-01  0.000000e+00
   outer loop
     vertex  1.009680e+00 -5.896863e+00  0.000000e+00
     vertex  1.039650e+00 -5.969217e+00  0.000000e+00
     vertex  1.039650e+00 -5.969217e+00  1.510000e+00
   endloop
 endfacet
 facet normal -7.933533e-01 -6.087614e-01  0.000000e+00
   outer loop
     vertex  9.620040e-01 -5.834731e+00  0.000000e+00
     vertex  1.009680e+00 -5.896863e+00  1.510000e+00
     vertex  9.620040e-01 -5.834731e+00  1.510000e+00
   endloop
 endfacet
 facet normal -7.933533e-01 -6.087614e-01  0.000000e+00
   outer loop
     vertex  9.620040e-01 -5.834731e+00  0.000000e+00
     vertex  1.009680e+00 -5.896863e+00  0.000000e+00
     vertex  1.009680e+00 -5.896863e+00  1.510000e+00
   endloop
 endfacet
 facet normal -6.087614e-01 -7.933533e-01  0.000000e+00
   outer loop
     vertex  8.998720e-01 -5.787055e+00  0.000000e+00
     vertex  9.620040e-01 -5.834731e+00  1.510000e+00
     vertex  8.998720e-01 -5.787055e+00  1.510000e+00
   endloop
 endfacet
 facet normal -6.087614e-01 -7.933533e-01  0.000000e+00
   outer loop
     vertex  8.998720e-01 -5.787055e+00  0.000000e+00
     vertex  9.620040e-01 -5.834731e+00  0.000000e+00
     vertex  9.620040e-01 -5.834731e+00  1.510000e+00
   endloop
 endfacet
 facet normal -3.826834e-01 -9.238795e-01  0.000000e+00
   outer loop
     vertex  8.275177e-01 -5.757085e+00  0.000000e+00
     vertex  8.998720e-01 -5.787055e+00  1.510000e+00
     vertex  8.275177e-01 -5.757085e+00  1.510000e+00
   endloop
 endfacet
 facet normal -3.826834e-01 -9.238795e-01  0.000000e+00
   outer loop
     vertex  8.275177e-01 -5.757085e+00  0.000000e+00
     vertex  8.998720e-01 -5.787055e+00  0.000000e+00
     vertex  8.998720e-01 -5.787055e+00  1.510000e+00
   endloop
 endfacet
 facet normal -1.305262e-01 -9.914449e-01  0.000000e+00
   outer loop
     vertex  7.498720e-01 -5.746863e+00  0.000000e+00
     vertex  8.275177e-01 -5.757085e+00  1.510000e+00
     vertex  7.498720e-01 -5.746863e+00  1.510000e+00
   endloop
 endfacet
 facet normal -1.305262e-01 -9.914449e-01  0.000000e+00
   outer loop
     vertex  7.498720e-01 -5.746863e+00  0.000000e+00
     vertex  8.275177e-01 -5.757085e+00  0.000000e+00
     vertex  8.275177e-01 -5.757085e+00  1.510000e+00
   endloop
 endfacet
 facet normal  1.305262e-01 -9.914449e-01  0.000000e+00
   outer loop
     vertex  6.722263e-01 -5.757085e+00  0.000000e+00
     vertex  7.498720e-01 -5.746863e+00  1.510000e+00
     vertex  6.722263e-01 -5.757085e+00  1.510000e+00
   endloop
 endfacet
 facet normal  1.305262e-01 -9.914449e-01  0.000000e+00
   outer loop
     vertex  6.722263e-01 -5.757085e+00  0.000000e+00
     vertex  7.498720e-01 -5.746863e+00  0.000000e+00
     vertex  7.498720e-01 -5.746863e+00  1.510000e+00
   endloop
 endfacet
 facet normal  3.826834e-01 -9.238795e-01  0.000000e+00
   outer loop
     vertex  5.998720e-01 -5.787055e+00  0.000000e+00
     vertex  6.722263e-01 -5.757085e+00  1.510000e+00
     vertex  5.998720e-01 -5.787055e+00  1.510000e+00
   endloop
 endfacet
 facet normal  3.826834e-01 -9.238795e-01  0.000000e+00
   outer loop
     vertex  5.998720e-01 -5.787055e+00  0.000000e+00
     vertex  6.722263e-01 -5.757085e+00  0.000000e+00
     vertex  6.722263e-01 -5.757085e+00  1.510000e+00
   endloop
 endfacet
 facet normal  7.933533e-01 -6.087614e-01  0.000000e+00
   outer loop
     vertex  5.377400e-01 -5.834731e+00  0.000000e+00
     vertex  5.377400e-01 -5.834731e+00  1.510000e+00
     vertex  4.900644e-01 -5.896863e+00  1.510000e+00
   endloop
 endfacet
 facet normal  6.087614e-01 -7.933533e-01  0.000000e+00
   outer loop
     vertex  5.377400e-01 -5.834731e+00  0.000000e+00
     vertex  5.998720e-01 -5.787055e+00  1.510000e+00
     vertex  5.377400e-01 -5.834731e+00  1.510000e+00
   endloop
 endfacet
 facet normal  6.087614e-01 -7.933533e-01  0.000000e+00
   outer loop
     vertex  5.377400e-01 -5.834731e+00  0.000000e+00
     vertex  5.998720e-01 -5.787055e+00  0.000000e+00
     vertex  5.998720e-01 -5.787055e+00  1.510000e+00
   endloop
 endfacet
 facet normal  7.933533e-01 -6.087614e-01  0.000000e+00
   outer loop
     vertex  4.900644e-01 -5.896863e+00  0.000000e+00
     vertex  5.377400e-01 -5.834731e+00  0.000000e+00
     vertex  4.900644e-01 -5.896863e+00  1.510000e+00
   endloop
 endfacet
 facet normal  9.238795e-01 -3.826834e-01  0.000000e+00
   outer loop
     vertex  4.600943e-01 -5.969217e+00  0.000000e+00
     vertex  4.900644e-01 -5.896863e+00  1.510000e+00
     vertex  4.600943e-01 -5.969217e+00  1.510000e+00
   endloop
 endfacet
 facet normal  9.238795e-01 -3.826834e-01  0.000000e+00
   outer loop
     vertex  4.600943e-01 -5.969217e+00  0.000000e+00
     vertex  4.900644e-01 -5.896863e+00  0.000000e+00
     vertex  4.900644e-01 -5.896863e+00  1.510000e+00
   endloop
 endfacet
 facet normal  9.914449e-01 -1.305262e-01  0.000000e+00
   outer loop
     vertex  4.498720e-01 -6.046863e+00  0.000000e+00
     vertex  4.600943e-01 -5.969217e+00  1.510000e+00
     vertex  4.498720e-01 -6.046863e+00  1.510000e+00
   endloop
 endfacet
 facet normal  9.914449e-01 -1.305262e-01  0.000000e+00
   outer loop
     vertex  4.498720e-01 -6.046863e+00  0.000000e+00
     vertex  4.600943e-01 -5.969217e+00  0.000000e+00
     vertex  4.600943e-01 -5.969217e+00  1.510000e+00
   endloop
 endfacet
 facet normal  1.000000e+00  0.000000e+00  0.000000e+00
   outer loop
     vertex  4.498720e-01 -6.946863e+00  0.000000e+00
     vertex  4.498720e-01 -6.046863e+00  0.000000e+00
     vertex  4.498720e-01 -6.046863e+00  1.510000e+00
   endloop
 endfacet
 facet normal  1.000000e+00  0.000000e+00  0.000000e+00
   outer loop
     vertex  4.498720e-01 -6.946863e+00  0.000000e+00
     vertex  4.498720e-01 -6.046863e+00  1.510000e+00
     vertex  4.498720e-01 -6.946863e+00  1.510000e+00
   endloop
 endfacet
 facet normal  9.927089e-01  1.205367e-01  0.000000e+00
   outer loop
     vertex  1.708589e+00 -7.018658e+00  0.000000e+00
     vertex  1.699872e+00 -6.946863e+00  0.000000e+00
     vertex  1.699872e+00 -6.946863e+00  1.510000e+00
   endloop
 endfacet
 facet normal  9.927089e-01  1.205367e-01 -0.000000e+00
   outer loop
     vertex  1.708589e+00 -7.018658e+00  0.000000e+00
     vertex  1.699872e+00 -6.946863e+00  1.510000e+00
     vertex  1.708589e+00 -7.018658e+00  1.510000e+00
   endloop
 endfacet
 facet normal  9.350162e-01  3.546049e-01 -0.000000e+00
   outer loop
     vertex  1.734235e+00 -7.086280e+00  0.000000e+00
     vertex  1.708589e+00 -7.018658e+00  1.510000e+00
     vertex  1.734235e+00 -7.086280e+00  1.510000e+00
   endloop
 endfacet
 facet normal  9.350162e-01  3.546049e-01  0.000000e+00
   outer loop
     vertex  1.734235e+00 -7.086280e+00  0.000000e+00
     vertex  1.708589e+00 -7.018658e+00  0.000000e+00
     vertex  1.708589e+00 -7.018658e+00  1.510000e+00
   endloop
 endfacet
 facet normal  8.229839e-01  5.680647e-01 -0.000000e+00
   outer loop
     vertex  1.775319e+00 -7.145800e+00  0.000000e+00
     vertex  1.734235e+00 -7.086280e+00  1.510000e+00
     vertex  1.775319e+00 -7.145800e+00  1.510000e+00
   endloop
 endfacet
 facet normal  8.229839e-01  5.680647e-01  0.000000e+00
   outer loop
     vertex  1.775319e+00 -7.145800e+00  0.000000e+00
     vertex  1.734235e+00 -7.086280e+00  0.000000e+00
     vertex  1.734235e+00 -7.086280e+00  1.510000e+00
   endloop
 endfacet
 facet normal  6.631227e-01  7.485107e-01 -0.000000e+00
   outer loop
     vertex  1.829453e+00 -7.193758e+00  0.000000e+00
     vertex  1.775319e+00 -7.145800e+00  1.510000e+00
     vertex  1.829453e+00 -7.193758e+00  1.510000e+00
   endloop
 endfacet
 facet normal  6.631227e-01  7.485107e-01  0.000000e+00
   outer loop
     vertex  1.829453e+00 -7.193758e+00  0.000000e+00
     vertex  1.775319e+00 -7.145800e+00  0.000000e+00
     vertex  1.775319e+00 -7.145800e+00  1.510000e+00
   endloop
 endfacet
 facet normal  4.647232e-01  8.854560e-01 -0.000000e+00
   outer loop
     vertex  1.893491e+00 -7.227368e+00  0.000000e+00
     vertex  1.829453e+00 -7.193758e+00  1.510000e+00
     vertex  1.893491e+00 -7.227368e+00  1.510000e+00
   endloop
 endfacet
 facet normal  4.647232e-01  8.854560e-01  0.000000e+00
   outer loop
     vertex  1.893491e+00 -7.227368e+00  0.000000e+00
     vertex  1.829453e+00 -7.193758e+00  0.000000e+00
     vertex  1.829453e+00 -7.193758e+00  1.510000e+00
   endloop
 endfacet
 facet normal  2.393157e-01  9.709418e-01 -0.000000e+00
   outer loop
     vertex  1.963711e+00 -7.244676e+00  0.000000e+00
     vertex  1.893491e+00 -7.227368e+00  1.510000e+00
     vertex  1.963711e+00 -7.244676e+00  1.510000e+00
   endloop
 endfacet
 facet normal  2.393157e-01  9.709418e-01  0.000000e+00
   outer loop
     vertex  1.963711e+00 -7.244676e+00  0.000000e+00
     vertex  1.893491e+00 -7.227368e+00  0.000000e+00
     vertex  1.893491e+00 -7.227368e+00  1.510000e+00
   endloop
 endfacet
 facet normal  0.000000e+00  1.000000e+00 -0.000000e+00
   outer loop
     vertex  2.036033e+00 -7.244676e+00  0.000000e+00
     vertex  1.963711e+00 -7.244676e+00  1.510000e+00
     vertex  2.036033e+00 -7.244676e+00  1.510000e+00
   endloop
 endfacet
 facet normal  0.000000e+00  1.000000e+00  0.000000e+00
   outer loop
     vertex  2.036033e+00 -7.244676e+00  0.000000e+00
     vertex  1.963711e+00 -7.244676e+00  0.000000e+00
     vertex  1.963711e+00 -7.244676e+00  1.510000e+00
   endloop
 endfacet
 facet normal -4.647232e-01  8.854560e-01  0.000000e+00
   outer loop
     vertex  2.106253e+00 -7.227368e+00  0.000000e+00
     vertex  2.106253e+00 -7.227368e+00  1.510000e+00
     vertex  2.170291e+00 -7.193758e+00  1.510000e+00
   endloop
 endfacet
 facet normal -2.393157e-01  9.709418e-01  0.000000e+00
   outer loop
     vertex  2.106253e+00 -7.227368e+00  0.000000e+00
     vertex  2.036033e+00 -7.244676e+00  1.510000e+00
     vertex  2.106253e+00 -7.227368e+00  1.510000e+00
   endloop
 endfacet
 facet normal -2.393157e-01  9.709418e-01  0.000000e+00
   outer loop
     vertex  2.106253e+00 -7.227368e+00  0.000000e+00
     vertex  2.036033e+00 -7.244676e+00  0.000000e+00
     vertex  2.036033e+00 -7.244676e+00  1.510000e+00
   endloop
 endfacet
 facet normal -4.647232e-01  8.854560e-01  0.000000e+00
   outer loop
     vertex  2.170291e+00 -7.193758e+00  0.000000e+00
     vertex  2.106253e+00 -7.227368e+00  0.000000e+00
     vertex  2.170291e+00 -7.193758e+00  1.510000e+00
   endloop
 endfacet
 facet normal -6.631227e-01  7.485107e-01  0.000000e+00
   outer loop
     vertex  2.224425e+00 -7.145800e+00  0.000000e+00
     vertex  2.170291e+00 -7.193758e+00  1.510000e+00
     vertex  2.224425e+00 -7.145800e+00  1.510000e+00
   endloop
 endfacet
 facet normal -6.631227e-01  7.485107e-01  0.000000e+00
   outer loop
     vertex  2.224425e+00 -7.145800e+00  0.000000e+00
     vertex  2.170291e+00 -7.193758e+00  0.000000e+00
     vertex  2.170291e+00 -7.193758e+00  1.510000e+00
   endloop
 endfacet
 facet normal -9.350162e-01  3.546049e-01  0.000000e+00
   outer loop
     vertex  2.265509e+00 -7.086280e+00  0.000000e+00
     vertex  2.265509e+00 -7.086280e+00  1.510000e+00
     vertex  2.291155e+00 -7.018658e+00  1.510000e+00
   endloop
 endfacet
 facet normal -8.229839e-01  5.680647e-01  0.000000e+00
   outer loop
     vertex  2.265509e+00 -7.086280e+00  0.000000e+00
     vertex  2.224425e+00 -7.145800e+00  1.510000e+00
     vertex  2.265509e+00 -7.086280e+00  1.510000e+00
   endloop
 endfacet
 facet normal -8.229839e-01  5.680647e-01  0.000000e+00
   outer loop
     vertex  2.265509e+00 -7.086280e+00  0.000000e+00
     vertex  2.224425e+00 -7.145800e+00  0.000000e+00
     vertex  2.224425e+00 -7.145800e+00  1.510000e+00
   endloop
 endfacet
 facet normal -9.927089e-01  1.205367e-01  0.000000e+00
   outer loop
     vertex  2.291155e+00 -7.018658e+00  0.000000e+00
     vertex  2.291155e+00 -7.018658e+00  1.510000e+00
     vertex  2.299872e+00 -6.946863e+00  1.510000e+00
   endloop
 endfacet
 facet normal -9.350162e-01  3.546049e-01  0.000000e+00
   outer loop
     vertex  2.291155e+00 -7.018658e+00  0.000000e+00
     vertex  2.265509e+00 -7.086280e+00  0.000000e+00
     vertex  2.291155e+00 -7.018658e+00  1.510000e+00
   endloop
 endfacet
 facet normal -9.927089e-01  1.205367e-01  0.000000e+00
   outer loop
     vertex  2.299872e+00 -6.946863e+00  0.000000e+00
     vertex  2.291155e+00 -7.018658e+00  0.000000e+00
     vertex  2.299872e+00 -6.946863e+00  1.510000e+00
   endloop
 endfacet
 facet normal -1.000000e+00  0.000000e+00  0.000000e+00
   outer loop
     vertex  2.299872e+00 -6.046863e+00  0.000000e+00
     vertex  2.299872e+00 -6.946863e+00  0.000000e+00
     vertex  2.299872e+00 -6.946863e+00  1.510000e+00
   endloop
 endfacet
 facet normal -1.000000e+00  0.000000e+00  0.000000e+00
   outer loop
     vertex  2.299872e+00 -6.046863e+00  0.000000e+00
     vertex  2.299872e+00 -6.946863e+00  1.510000e+00
     vertex  2.299872e+00 -6.046863e+00  1.510000e+00
   endloop
 endfacet
 facet normal -9.914449e-01 -1.305262e-01  0.000000e+00
   outer loop
     vertex  2.289650e+00 -5.969217e+00  0.000000e+00
     vertex  2.299872e+00 -6.046863e+00  0.000000e+00
     vertex  2.299872e+00 -6.046863e+00  1.510000e+00
   endloop
 endfacet
 facet normal -9.914449e-01 -1.305262e-01  0.000000e+00
   outer loop
     vertex  2.289650e+00 -5.969217e+00  0.000000e+00
     vertex  2.299872e+00 -6.046863e+00  1.510000e+00
     vertex  2.289650e+00 -5.969217e+00  1.510000e+00
   endloop
 endfacet
 facet normal -9.238795e-01 -3.826834e-01  0.000000e+00
   outer loop
     vertex  2.259680e+00 -5.896863e+00  0.000000e+00
     vertex  2.289650e+00 -5.969217e+00  1.510000e+00
     vertex  2.259680e+00 -5.896863e+00  1.510000e+00
   endloop
 endfacet
 facet normal -9.238795e-01 -3.826834e-01  0.000000e+00
   outer loop
     vertex  2.259680e+00 -5.896863e+00  0.000000e+00
     vertex  2.289650e+00 -5.969217e+00  0.000000e+00
     vertex  2.289650e+00 -5.969217e+00  1.510000e+00
   endloop
 endfacet
 facet normal -7.933533e-01 -6.087614e-01  0.000000e+00
   outer loop
     vertex  2.212004e+00 -5.834731e+00  0.000000e+00
     vertex  2.259680e+00 -5.896863e+00  1.510000e+00
     vertex  2.212004e+00 -5.834731e+00  1.510000e+00
   endloop
 endfacet
 facet normal -7.933533e-01 -6.087614e-01  0.000000e+00
   outer loop
     vertex  2.212004e+00 -5.834731e+00  0.000000e+00
     vertex  2.259680e+00 -5.896863e+00  0.000000e+00
     vertex  2.259680e+00 -5.896863e+00  1.510000e+00
   endloop
 endfacet
 facet normal -6.087614e-01 -7.933533e-01  0.000000e+00
   outer loop
     vertex  2.149872e+00 -5.787055e+00  0.000000e+00
     vertex  2.212004e+00 -5.834731e+00  1.510000e+00
     vertex  2.149872e+00 -5.787055e+00  1.510000e+00
   endloop
 endfacet
 facet normal -6.087614e-01 -7.933533e-01  0.000000e+00
   outer loop
     vertex  2.149872e+00 -5.787055e+00  0.000000e+00
     vertex  2.212004e+00 -5.834731e+00  0.000000e+00
     vertex  2.212004e+00 -5.834731e+00  1.510000e+00
   endloop
 endfacet
 facet normal -3.826834e-01 -9.238795e-01  0.000000e+00
   outer loop
     vertex  2.077518e+00 -5.757085e+00  0.000000e+00
     vertex  2.149872e+00 -5.787055e+00  1.510000e+00
     vertex  2.077518e+00 -5.757085e+00  1.510000e+00
   endloop
 endfacet
 facet normal -3.826834e-01 -9.238795e-01  0.000000e+00
   outer loop
     vertex  2.077518e+00 -5.757085e+00  0.000000e+00
     vertex  2.149872e+00 -5.787055e+00  0.000000e+00
     vertex  2.149872e+00 -5.787055e+00  1.510000e+00
   endloop
 endfacet
 facet normal -1.305262e-01 -9.914449e-01  0.000000e+00
   outer loop
     vertex  1.999872e+00 -5.746863e+00  0.000000e+00
     vertex  2.077518e+00 -5.757085e+00  1.510000e+00
     vertex  1.999872e+00 -5.746863e+00  1.510000e+00
   endloop
 endfacet
 facet normal -1.305262e-01 -9.914449e-01  0.000000e+00
   outer loop
     vertex  1.999872e+00 -5.746863e+00  0.000000e+00
     vertex  2.077518e+00 -5.757085e+00  0.000000e+00
     vertex  2.077518e+00 -5.757085e+00  1.510000e+00
   endloop
 endfacet
 facet normal  1.305262e-01 -9.914449e-01  0.000000e+00
   outer loop
     vertex  1.922226e+00 -5.757085e+00  0.000000e+00
     vertex  1.999872e+00 -5.746863e+00  1.510000e+00
     vertex  1.922226e+00 -5.757085e+00  1.510000e+00
   endloop
 endfacet
 facet normal  1.305262e-01 -9.914449e-01  0.000000e+00
   outer loop
     vertex  1.922226e+00 -5.757085e+00  0.000000e+00
     vertex  1.999872e+00 -5.746863e+00  0.000000e+00
     vertex  1.999872e+00 -5.746863e+00  1.510000e+00
   endloop
 endfacet
 facet normal  3.826834e-01 -9.238795e-01  0.000000e+00
   outer loop
     vertex  1.849872e+00 -5.787055e+00  0.000000e+00
     vertex  1.922226e+00 -5.757085e+00  1.510000e+00
     vertex  1.849872e+00 -5.787055e+00  1.510000e+00
   endloop
 endfacet
 facet normal  3.826834e-01 -9.238795e-01  0.000000e+00
   outer loop
     vertex  1.849872e+00 -5.787055e+00  0.000000e+00
     vertex  1.922226e+00 -5.757085e+00  0.000000e+00
     vertex  1.922226e+00 -5.757085e+00  1.510000e+00
   endloop
 endfacet
 facet normal  7.933533e-01 -6.087614e-01  0.000000e+00
   outer loop
     vertex  1.787740e+00 -5.834731e+00  0.000000e+00
     vertex  1.787740e+00 -5.834731e+00  1.510000e+00
     vertex  1.740064e+00 -5.896863e+00  1.510000e+00
   endloop
 endfacet
 facet normal  6.087614e-01 -7.933533e-01  0.000000e+00
   outer loop
     vertex  1.787740e+00 -5.834731e+00  0.000000e+00
     vertex  1.849872e+00 -5.787055e+00  1.510000e+00
     vertex  1.787740e+00 -5.834731e+00  1.510000e+00
   endloop
 endfacet
 facet normal  6.087614e-01 -7.933533e-01  0.000000e+00
   outer loop
     vertex  1.787740e+00 -5.834731e+00  0.000000e+00
     vertex  1.849872e+00 -5.787055e+00  0.000000e+00
     vertex  1.849872e+00 -5.787055e+00  1.510000e+00
   endloop
 endfacet
 facet normal  7.933533e-01 -6.087614e-01  0.000000e+00
   outer loop
     vertex  1.740064e+00 -5.896863e+00  0.000000e+00
     vertex  1.787740e+00 -5.834731e+00  0.000000e+00
     vertex  1.740064e+00 -5.896863e+00  1.510000e+00
   endloop
 endfacet
 facet normal  9.238795e-01 -3.826834e-01  0.000000e+00
   outer loop
     vertex  1.710094e+00 -5.969217e+00  0.000000e+00
     vertex  1.740064e+00 -5.896863e+00  1.510000e+00
     vertex  1.710094e+00 -5.969217e+00  1.510000e+00
   endloop
 endfacet
 facet normal  9.238795e-01 -3.826834e-01  0.000000e+00
   outer loop
     vertex  1.710094e+00 -5.969217e+00  0.000000e+00
     vertex  1.740064e+00 -5.896863e+00  0.000000e+00
     vertex  1.740064e+00 -5.896863e+00  1.510000e+00
   endloop
 endfacet
 facet normal  9.914449e-01 -1.305262e-01  0.000000e+00
   outer loop
     vertex  1.699872e+00 -6.046863e+00  0.000000e+00
     vertex  1.710094e+00 -5.969217e+00  1.510000e+00
     vertex  1.699872e+00 -6.046863e+00  1.510000e+00
   endloop
 endfacet
 facet normal  9.914449e-01 -1.305262e-01  0.000000e+00
   outer loop
     vertex  1.699872e+00 -6.046863e+00  0.000000e+00
     vertex  1.710094e+00 -5.969217e+00  0.000000e+00
     vertex  1.710094e+00 -5.969217e+00  1.510000e+00
   endloop
 endfacet
 facet normal  1.000000e+00  0.000000e+00  0.000000e+00
   outer loop
     vertex  1.699872e+00 -6.946863e+00  0.000000e+00
     vertex  1.699872e+00 -6.046863e+00  0.000000e+00
     vertex  1.699872e+00 -6.046863e+00  1.510000e+00
   endloop
 endfacet
 facet normal  1.000000e+00  0.000000e+00  0.000000e+00
   outer loop
     vertex  1.699872e+00 -6.946863e+00  0.000000e+00
     vertex  1.699872e+00 -6.046863e+00  1.510000e+00
     vertex  1.699872e+00 -6.946863e+00  1.510000e+00
   endloop
 endfacet
 facet normal  9.914449e-01  1.305262e-01  0.000000e+00
   outer loop
     vertex  4.210094e+00 -7.024509e+00  0.000000e+00
     vertex  4.199872e+00 -6.946863e+00  0.000000e+00
     vertex  4.199872e+00 -6.946863e+00  1.510000e+00
   endloop
 endfacet
 facet normal  9.914449e-01  1.305262e-01 -0.000000e+00
   outer loop
     vertex  4.210094e+00 -7.024509e+00  0.000000e+00
     vertex  4.199872e+00 -6.946863e+00  1.510000e+00
     vertex  4.210094e+00 -7.024509e+00  1.510000e+00
   endloop
 endfacet
 facet normal  9.238795e-01  3.826834e-01 -0.000000e+00
   outer loop
     vertex  4.240064e+00 -7.096863e+00  0.000000e+00
     vertex  4.210094e+00 -7.024509e+00  1.510000e+00
     vertex  4.240064e+00 -7.096863e+00  1.510000e+00
   endloop
 endfacet
 facet normal  9.238795e-01  3.826834e-01  0.000000e+00
   outer loop
     vertex  4.240064e+00 -7.096863e+00  0.000000e+00
     vertex  4.210094e+00 -7.024509e+00  0.000000e+00
     vertex  4.210094e+00 -7.024509e+00  1.510000e+00
   endloop
 endfacet
 facet normal  7.933533e-01  6.087614e-01 -0.000000e+00
   outer loop
     vertex  4.287740e+00 -7.158995e+00  0.000000e+00
     vertex  4.240064e+00 -7.096863e+00  1.510000e+00
     vertex  4.287740e+00 -7.158995e+00  1.510000e+00
   endloop
 endfacet
 facet normal  7.933533e-01  6.087614e-01  0.000000e+00
   outer loop
     vertex  4.287740e+00 -7.158995e+00  0.000000e+00
     vertex  4.240064e+00 -7.096863e+00  0.000000e+00
     vertex  4.240064e+00 -7.096863e+00  1.510000e+00
   endloop
 endfacet
 facet normal  6.087614e-01  7.933533e-01 -0.000000e+00
   outer loop
     vertex  4.349872e+00 -7.206671e+00  0.000000e+00
     vertex  4.287740e+00 -7.158995e+00  1.510000e+00
     vertex  4.349872e+00 -7.206671e+00  1.510000e+00
   endloop
 endfacet
 facet normal  6.087614e-01  7.933533e-01  0.000000e+00
   outer loop
     vertex  4.349872e+00 -7.206671e+00  0.000000e+00
     vertex  4.287740e+00 -7.158995e+00  0.000000e+00
     vertex  4.287740e+00 -7.158995e+00  1.510000e+00
   endloop
 endfacet
 facet normal  3.826834e-01  9.238795e-01 -0.000000e+00
   outer loop
     vertex  4.422226e+00 -7.236641e+00  0.000000e+00
     vertex  4.349872e+00 -7.206671e+00  1.510000e+00
     vertex  4.422226e+00 -7.236641e+00  1.510000e+00
   endloop
 endfacet
 facet normal  3.826834e-01  9.238795e-01  0.000000e+00
   outer loop
     vertex  4.422226e+00 -7.236641e+00  0.000000e+00
     vertex  4.349872e+00 -7.206671e+00  0.000000e+00
     vertex  4.349872e+00 -7.206671e+00  1.510000e+00
   endloop
 endfacet
 facet normal  1.305262e-01  9.914449e-01 -0.000000e+00
   outer loop
     vertex  4.499872e+00 -7.246863e+00  0.000000e+00
     vertex  4.422226e+00 -7.236641e+00  1.510000e+00
     vertex  4.499872e+00 -7.246863e+00  1.510000e+00
   endloop
 endfacet
 facet normal  1.305262e-01  9.914449e-01  0.000000e+00
   outer loop
     vertex  4.499872e+00 -7.246863e+00  0.000000e+00
     vertex  4.422226e+00 -7.236641e+00  0.000000e+00
     vertex  4.422226e+00 -7.236641e+00  1.510000e+00
   endloop
 endfacet
 facet normal -1.305262e-01  9.914449e-01  0.000000e+00
   outer loop
     vertex  4.577518e+00 -7.236641e+00  0.000000e+00
     vertex  4.499872e+00 -7.246863e+00  1.510000e+00
     vertex  4.577518e+00 -7.236641e+00  1.510000e+00
   endloop
 endfacet
 facet normal -1.305262e-01  9.914449e-01  0.000000e+00
   outer loop
     vertex  4.577518e+00 -7.236641e+00  0.000000e+00
     vertex  4.499872e+00 -7.246863e+00  0.000000e+00
     vertex  4.499872e+00 -7.246863e+00  1.510000e+00
   endloop
 endfacet
 facet normal -3.826834e-01  9.238795e-01  0.000000e+00
   outer loop
     vertex  4.649872e+00 -7.206671e+00  0.000000e+00
     vertex  4.577518e+00 -7.236641e+00  1.510000e+00
     vertex  4.649872e+00 -7.206671e+00  1.510000e+00
   endloop
 endfacet
 facet normal -3.826834e-01  9.238795e-01  0.000000e+00
   outer loop
     vertex  4.649872e+00 -7.206671e+00  0.000000e+00
     vertex  4.577518e+00 -7.236641e+00  0.000000e+00
     vertex  4.577518e+00 -7.236641e+00  1.510000e+00
   endloop
 endfacet
 facet normal -7.933533e-01  6.087614e-01  0.000000e+00
   outer loop
     vertex  4.712004e+00 -7.158995e+00  0.000000e+00
     vertex  4.712004e+00 -7.158995e+00  1.510000e+00
     vertex  4.759680e+00 -7.096863e+00  1.510000e+00
   endloop
 endfacet
 facet normal -6.087614e-01  7.933533e-01  0.000000e+00
   outer loop
     vertex  4.712004e+00 -7.158995e+00  0.000000e+00
     vertex  4.649872e+00 -7.206671e+00  1.510000e+00
     vertex  4.712004e+00 -7.158995e+00  1.510000e+00
   endloop
 endfacet
 facet normal -6.087614e-01  7.933533e-01  0.000000e+00
   outer loop
     vertex  4.712004e+00 -7.158995e+00  0.000000e+00
     vertex  4.649872e+00 -7.206671e+00  0.000000e+00
     vertex  4.649872e+00 -7.206671e+00  1.510000e+00
   endloop
 endfacet
 facet normal -7.933533e-01  6.087614e-01  0.000000e+00
   outer loop
     vertex  4.759680e+00 -7.096863e+00  0.000000e+00
     vertex  4.712004e+00 -7.158995e+00  0.000000e+00
     vertex  4.759680e+00 -7.096863e+00  1.510000e+00
   endloop
 endfacet
 facet normal -9.238795e-01  3.826834e-01  0.000000e+00
   outer loop
     vertex  4.789650e+00 -7.024509e+00  0.000000e+00
     vertex  4.759680e+00 -7.096863e+00  1.510000e+00
     vertex  4.789650e+00 -7.024509e+00  1.510000e+00
   endloop
 endfacet
 facet normal -9.238795e-01  3.826834e-01  0.000000e+00
   outer loop
     vertex  4.789650e+00 -7.024509e+00  0.000000e+00
     vertex  4.759680e+00 -7.096863e+00  0.000000e+00
     vertex  4.759680e+00 -7.096863e+00  1.510000e+00
   endloop
 endfacet
 facet normal -9.914449e-01  1.305262e-01  0.000000e+00
   outer loop
     vertex  4.799872e+00 -6.946863e+00  0.000000e+00
     vertex  4.789650e+00 -7.024509e+00  1.510000e+00
     vertex  4.799872e+00 -6.946863e+00  1.510000e+00
   endloop
 endfacet
 facet normal -9.914449e-01  1.305262e-01  0.000000e+00
   outer loop
     vertex  4.799872e+00 -6.946863e+00  0.000000e+00
     vertex  4.789650e+00 -7.024509e+00  0.000000e+00
     vertex  4.789650e+00 -7.024509e+00  1.510000e+00
   endloop
 endfacet
 facet normal -1.000000e+00  0.000000e+00  0.000000e+00
   outer loop
     vertex  4.799872e+00 -6.046863e+00  0.000000e+00
     vertex  4.799872e+00 -6.946863e+00  0.000000e+00
     vertex  4.799872e+00 -6.946863e+00  1.510000e+00
   endloop
 endfacet
 facet normal -1.000000e+00  0.000000e+00  0.000000e+00
   outer loop
     vertex  4.799872e+00 -6.046863e+00  0.000000e+00
     vertex  4.799872e+00 -6.946863e+00  1.510000e+00
     vertex  4.799872e+00 -6.046863e+00  1.510000e+00
   endloop
 endfacet
 facet normal -9.914449e-01 -1.305262e-01  0.000000e+00
   outer loop
     vertex  4.789650e+00 -5.969217e+00  0.000000e+00
     vertex  4.799872e+00 -6.046863e+00  0.000000e+00
     vertex  4.799872e+00 -6.046863e+00  1.510000e+00
   endloop
 endfacet
 facet normal -9.914449e-01 -1.305262e-01  0.000000e+00
   outer loop
     vertex  4.789650e+00 -5.969217e+00  0.000000e+00
     vertex  4.799872e+00 -6.046863e+00  1.510000e+00
     vertex  4.789650e+00 -5.969217e+00  1.510000e+00
   endloop
 endfacet
 facet normal -9.238795e-01 -3.826834e-01  0.000000e+00
   outer loop
     vertex  4.759680e+00 -5.896863e+00  0.000000e+00
     vertex  4.789650e+00 -5.969217e+00  1.510000e+00
     vertex  4.759680e+00 -5.896863e+00  1.510000e+00
   endloop
 endfacet
 facet normal -9.238795e-01 -3.826834e-01  0.000000e+00
   outer loop
     vertex  4.759680e+00 -5.896863e+00  0.000000e+00
     vertex  4.789650e+00 -5.969217e+00  0.000000e+00
     vertex  4.789650e+00 -5.969217e+00  1.510000e+00
   endloop
 endfacet
 facet normal -7.933533e-01 -6.087614e-01  0.000000e+00
   outer loop
     vertex  4.712004e+00 -5.834731e+00  0.000000e+00
     vertex  4.759680e+00 -5.896863e+00  1.510000e+00
     vertex  4.712004e+00 -5.834731e+00  1.510000e+00
   endloop
 endfacet
 facet normal -7.933533e-01 -6.087614e-01  0.000000e+00
   outer loop
     vertex  4.712004e+00 -5.834731e+00  0.000000e+00
     vertex  4.759680e+00 -5.896863e+00  0.000000e+00
     vertex  4.759680e+00 -5.896863e+00  1.510000e+00
   endloop
 endfacet
 facet normal -6.087614e-01 -7.933533e-01  0.000000e+00
   outer loop
     vertex  4.649872e+00 -5.787055e+00  0.000000e+00
     vertex  4.712004e+00 -5.834731e+00  1.510000e+00
     vertex  4.649872e+00 -5.787055e+00  1.510000e+00
   endloop
 endfacet
 facet normal -6.087614e-01 -7.933533e-01  0.000000e+00
   outer loop
     vertex  4.649872e+00 -5.787055e+00  0.000000e+00
     vertex  4.712004e+00 -5.834731e+00  0.000000e+00
     vertex  4.712004e+00 -5.834731e+00  1.510000e+00
   endloop
 endfacet
 facet normal -3.826834e-01 -9.238795e-01  0.000000e+00
   outer loop
     vertex  4.577518e+00 -5.757085e+00  0.000000e+00
     vertex  4.649872e+00 -5.787055e+00  1.510000e+00
     vertex  4.577518e+00 -5.757085e+00  1.510000e+00
   endloop
 endfacet
 facet normal -3.826834e-01 -9.238795e-01  0.000000e+00
   outer loop
     vertex  4.577518e+00 -5.757085e+00  0.000000e+00
     vertex  4.649872e+00 -5.787055e+00  0.000000e+00
     vertex  4.649872e+00 -5.787055e+00  1.510000e+00
   endloop
 endfacet
 facet normal -1.305262e-01 -9.914449e-01  0.000000e+00
   outer loop
     vertex  4.499872e+00 -5.746863e+00  0.000000e+00
     vertex  4.577518e+00 -5.757085e+00  1.510000e+00
     vertex  4.499872e+00 -5.746863e+00  1.510000e+00
   endloop
 endfacet
 facet normal -1.305262e-01 -9.914449e-01  0.000000e+00
   outer loop
     vertex  4.499872e+00 -5.746863e+00  0.000000e+00
     vertex  4.577518e+00 -5.757085e+00  0.000000e+00
     vertex  4.577518e+00 -5.757085e+00  1.510000e+00
   endloop
 endfacet
 facet normal  1.305262e-01 -9.914449e-01  0.000000e+00
   outer loop
     vertex  4.422226e+00 -5.757085e+00  0.000000e+00
     vertex  4.499872e+00 -5.746863e+00  1.510000e+00
     vertex  4.422226e+00 -5.757085e+00  1.510000e+00
   endloop
 endfacet
 facet normal  1.305262e-01 -9.914449e-01  0.000000e+00
   outer loop
     vertex  4.422226e+00 -5.757085e+00  0.000000e+00
     vertex  4.499872e+00 -5.746863e+00  0.000000e+00
     vertex  4.499872e+00 -5.746863e+00  1.510000e+00
   endloop
 endfacet
 facet normal  3.826834e-01 -9.238795e-01  0.000000e+00
   outer loop
     vertex  4.349872e+00 -5.787055e+00  0.000000e+00
     vertex  4.422226e+00 -5.757085e+00  1.510000e+00
     vertex  4.349872e+00 -5.787055e+00  1.510000e+00
   endloop
 endfacet
 facet normal  3.826834e-01 -9.238795e-01  0.000000e+00
   outer loop
     vertex  4.349872e+00 -5.787055e+00  0.000000e+00
     vertex  4.422226e+00 -5.757085e+00  0.000000e+00
     vertex  4.422226e+00 -5.757085e+00  1.510000e+00
   endloop
 endfacet
 facet normal  7.933533e-01 -6.087614e-01  0.000000e+00
   outer loop
     vertex  4.287740e+00 -5.834731e+00  0.000000e+00
     vertex  4.287740e+00 -5.834731e+00  1.510000e+00
     vertex  4.240064e+00 -5.896863e+00  1.510000e+00
   endloop
 endfacet
 facet normal  6.087614e-01 -7.933533e-01  0.000000e+00
   outer loop
     vertex  4.287740e+00 -5.834731e+00  0.000000e+00
     vertex  4.349872e+00 -5.787055e+00  1.510000e+00
     vertex  4.287740e+00 -5.834731e+00  1.510000e+00
   endloop
 endfacet
 facet normal  6.087614e-01 -7.933533e-01  0.000000e+00
   outer loop
     vertex  4.287740e+00 -5.834731e+00  0.000000e+00
     vertex  4.349872e+00 -5.787055e+00  0.000000e+00
     vertex  4.349872e+00 -5.787055e+00  1.510000e+00
   endloop
 endfacet
 facet normal  7.933533e-01 -6.087614e-01  0.000000e+00
   outer loop
     vertex  4.240064e+00 -5.896863e+00  0.000000e+00
     vertex  4.287740e+00 -5.834731e+00  0.000000e+00
     vertex  4.240064e+00 -5.896863e+00  1.510000e+00
   endloop
 endfacet
 facet normal  9.238795e-01 -3.826834e-01  0.000000e+00
   outer loop
     vertex  4.210094e+00 -5.969217e+00  0.000000e+00
     vertex  4.240064e+00 -5.896863e+00  1.510000e+00
     vertex  4.210094e+00 -5.969217e+00  1.510000e+00
   endloop
 endfacet
 facet normal  9.238795e-01 -3.826834e-01  0.000000e+00
   outer loop
     vertex  4.210094e+00 -5.969217e+00  0.000000e+00
     vertex  4.240064e+00 -5.896863e+00  0.000000e+00
     vertex  4.240064e+00 -5.896863e+00  1.510000e+00
   endloop
 endfacet
 facet normal  9.914449e-01 -1.305262e-01  0.000000e+00
   outer loop
     vertex  4.199872e+00 -6.046863e+00  0.000000e+00
     vertex  4.210094e+00 -5.969217e+00  1.510000e+00
     vertex  4.199872e+00 -6.046863e+00  1.510000e+00
   endloop
 endfacet
 facet normal  9.914449e-01 -1.305262e-01  0.000000e+00
   outer loop
     vertex  4.199872e+00 -6.046863e+00  0.000000e+00
     vertex  4.210094e+00 -5.969217e+00  0.000000e+00
     vertex  4.210094e+00 -5.969217e+00  1.510000e+00
   endloop
 endfacet
 facet normal  1.000000e+00  0.000000e+00  0.000000e+00
   outer loop
     vertex  4.199872e+00 -6.946863e+00  0.000000e+00
     vertex  4.199872e+00 -6.046863e+00  0.000000e+00
     vertex  4.199872e+00 -6.046863e+00  1.510000e+00
   endloop
 endfacet
 facet normal  1.000000e+00  0.000000e+00  0.000000e+00
   outer loop
     vertex  4.199872e+00 -6.946863e+00  0.000000e+00
     vertex  4.199872e+00 -6.046863e+00  1.510000e+00
     vertex  4.199872e+00 -6.946863e+00  1.510000e+00
   endloop
 endfacet
 facet normal  9.914449e-01  1.305262e-01  0.000000e+00
   outer loop
     vertex  1.356009e+01 -7.024509e+00  0.000000e+00
     vertex  1.354987e+01 -6.946863e+00  0.000000e+00
     vertex  1.354987e+01 -6.946863e+00  1.510000e+00
   endloop
 endfacet
 facet normal  9.914449e-01  1.305262e-01 -0.000000e+00
   outer loop
     vertex  1.356009e+01 -7.024509e+00  0.000000e+00
     vertex  1.354987e+01 -6.946863e+00  1.510000e+00
     vertex  1.356009e+01 -7.024509e+00  1.510000e+00
   endloop
 endfacet
 facet normal  9.238795e-01  3.826834e-01 -0.000000e+00
   outer loop
     vertex  1.359006e+01 -7.096863e+00  0.000000e+00
     vertex  1.356009e+01 -7.024509e+00  1.510000e+00
     vertex  1.359006e+01 -7.096863e+00  1.510000e+00
   endloop
 endfacet
 facet normal  9.238795e-01  3.826834e-01  0.000000e+00
   outer loop
     vertex  1.359006e+01 -7.096863e+00  0.000000e+00
     vertex  1.356009e+01 -7.024509e+00  0.000000e+00
     vertex  1.356009e+01 -7.024509e+00  1.510000e+00
   endloop
 endfacet
 facet normal  7.933533e-01  6.087614e-01 -0.000000e+00
   outer loop
     vertex  1.363774e+01 -7.158995e+00  0.000000e+00
     vertex  1.359006e+01 -7.096863e+00  1.510000e+00
     vertex  1.363774e+01 -7.158995e+00  1.510000e+00
   endloop
 endfacet
 facet normal  7.933533e-01  6.087614e-01  0.000000e+00
   outer loop
     vertex  1.363774e+01 -7.158995e+00  0.000000e+00
     vertex  1.359006e+01 -7.096863e+00  0.000000e+00
     vertex  1.359006e+01 -7.096863e+00  1.510000e+00
   endloop
 endfacet
 facet normal  6.087614e-01  7.933533e-01 -0.000000e+00
   outer loop
     vertex  1.369987e+01 -7.206671e+00  0.000000e+00
     vertex  1.363774e+01 -7.158995e+00  1.510000e+00
     vertex  1.369987e+01 -7.206671e+00  1.510000e+00
   endloop
 endfacet
 facet normal  6.087614e-01  7.933533e-01  0.000000e+00
   outer loop
     vertex  1.369987e+01 -7.206671e+00  0.000000e+00
     vertex  1.363774e+01 -7.158995e+00  0.000000e+00
     vertex  1.363774e+01 -7.158995e+00  1.510000e+00
   endloop
 endfacet
 facet normal  3.826834e-01  9.238795e-01 -0.000000e+00
   outer loop
     vertex  1.377223e+01 -7.236641e+00  0.000000e+00
     vertex  1.369987e+01 -7.206671e+00  1.510000e+00
     vertex  1.377223e+01 -7.236641e+00  1.510000e+00
   endloop
 endfacet
 facet normal  3.826834e-01  9.238795e-01  0.000000e+00
   outer loop
     vertex  1.377223e+01 -7.236641e+00  0.000000e+00
     vertex  1.369987e+01 -7.206671e+00  0.000000e+00
     vertex  1.369987e+01 -7.206671e+00  1.510000e+00
   endloop
 endfacet
 facet normal  1.305262e-01  9.914449e-01 -0.000000e+00
   outer loop
     vertex  1.384987e+01 -7.246863e+00  0.000000e+00
     vertex  1.377223e+01 -7.236641e+00  1.510000e+00
     vertex  1.384987e+01 -7.246863e+00  1.510000e+00
   endloop
 endfacet
 facet normal  1.305262e-01  9.914449e-01  0.000000e+00
   outer loop
     vertex  1.384987e+01 -7.246863e+00  0.000000e+00
     vertex  1.377223e+01 -7.236641e+00  0.000000e+00
     vertex  1.377223e+01 -7.236641e+00  1.510000e+00
   endloop
 endfacet
 facet normal -1.305262e-01  9.914449e-01  0.000000e+00
   outer loop
     vertex  1.392752e+01 -7.236641e+00  0.000000e+00
     vertex  1.384987e+01 -7.246863e+00  1.510000e+00
     vertex  1.392752e+01 -7.236641e+00  1.510000e+00
   endloop
 endfacet
 facet normal -1.305262e-01  9.914449e-01  0.000000e+00
   outer loop
     vertex  1.392752e+01 -7.236641e+00  0.000000e+00
     vertex  1.384987e+01 -7.246863e+00  0.000000e+00
     vertex  1.384987e+01 -7.246863e+00  1.510000e+00
   endloop
 endfacet
 facet normal -3.826834e-01  9.238795e-01  0.000000e+00
   outer loop
     vertex  1.399987e+01 -7.206671e+00  0.000000e+00
     vertex  1.392752e+01 -7.236641e+00  1.510000e+00
     vertex  1.399987e+01 -7.206671e+00  1.510000e+00
   endloop
 endfacet
 facet normal -3.826834e-01  9.238795e-01  0.000000e+00
   outer loop
     vertex  1.399987e+01 -7.206671e+00  0.000000e+00
     vertex  1.392752e+01 -7.236641e+00  0.000000e+00
     vertex  1.392752e+01 -7.236641e+00  1.510000e+00
   endloop
 endfacet
 facet normal -7.933533e-01  6.087614e-01  0.000000e+00
   outer loop
     vertex  1.406200e+01 -7.158995e+00  0.000000e+00
     vertex  1.406200e+01 -7.158995e+00  1.510000e+00
     vertex  1.410968e+01 -7.096863e+00  1.510000e+00
   endloop
 endfacet
 facet normal -6.087614e-01  7.933533e-01  0.000000e+00
   outer loop
     vertex  1.406200e+01 -7.158995e+00  0.000000e+00
     vertex  1.399987e+01 -7.206671e+00  1.510000e+00
     vertex  1.406200e+01 -7.158995e+00  1.510000e+00
   endloop
 endfacet
 facet normal -6.087614e-01  7.933533e-01  0.000000e+00
   outer loop
     vertex  1.406200e+01 -7.158995e+00  0.000000e+00
     vertex  1.399987e+01 -7.206671e+00  0.000000e+00
     vertex  1.399987e+01 -7.206671e+00  1.510000e+00
   endloop
 endfacet
 facet normal -7.933533e-01  6.087614e-01  0.000000e+00
   outer loop
     vertex  1.410968e+01 -7.096863e+00  0.000000e+00
     vertex  1.406200e+01 -7.158995e+00  0.000000e+00
     vertex  1.410968e+01 -7.096863e+00  1.510000e+00
   endloop
 endfacet
 facet normal -9.238795e-01  3.826834e-01  0.000000e+00
   outer loop
     vertex  1.413965e+01 -7.024509e+00  0.000000e+00
     vertex  1.410968e+01 -7.096863e+00  1.510000e+00
     vertex  1.413965e+01 -7.024509e+00  1.510000e+00
   endloop
 endfacet
 facet normal -9.238795e-01  3.826834e-01  0.000000e+00
   outer loop
     vertex  1.413965e+01 -7.024509e+00  0.000000e+00
     vertex  1.410968e+01 -7.096863e+00  0.000000e+00
     vertex  1.410968e+01 -7.096863e+00  1.510000e+00
   endloop
 endfacet
 facet normal -9.914449e-01  1.305262e-01  0.000000e+00
   outer loop
     vertex  1.414987e+01 -6.946863e+00  0.000000e+00
     vertex  1.413965e+01 -7.024509e+00  1.510000e+00
     vertex  1.414987e+01 -6.946863e+00  1.510000e+00
   endloop
 endfacet
 facet normal -9.914449e-01  1.305262e-01  0.000000e+00
   outer loop
     vertex  1.414987e+01 -6.946863e+00  0.000000e+00
     vertex  1.413965e+01 -7.024509e+00  0.000000e+00
     vertex  1.413965e+01 -7.024509e+00  1.510000e+00
   endloop
 endfacet
 facet normal -1.000000e+00 -1.973730e-15  0.000000e+00
   outer loop
     vertex  1.414987e+01 -6.046863e+00  0.000000e+00
     vertex  1.414987e+01 -6.946863e+00  0.000000e+00
     vertex  1.414987e+01 -6.946863e+00  1.510000e+00
   endloop
 endfacet
 facet normal -1.000000e+00 -1.973730e-15  0.000000e+00
   outer loop
     vertex  1.414987e+01 -6.046863e+00  0.000000e+00
     vertex  1.414987e+01 -6.946863e+00  1.510000e+00
     vertex  1.414987e+01 -6.046863e+00  1.510000e+00
   endloop
 endfacet
 facet normal -9.914449e-01 -1.305262e-01  0.000000e+00
   outer loop
     vertex  1.413965e+01 -5.969217e+00  0.000000e+00
     vertex  1.414987e+01 -6.046863e+00  0.000000e+00
     vertex  1.414987e+01 -6.046863e+00  1.510000e+00
   endloop
 endfacet
 facet normal -9.914449e-01 -1.305262e-01  0.000000e+00
   outer loop
     vertex  1.413965e+01 -5.969217e+00  0.000000e+00
     vertex  1.414987e+01 -6.046863e+00  1.510000e+00
     vertex  1.413965e+01 -5.969217e+00  1.510000e+00
   endloop
 endfacet
 facet normal -9.238795e-01 -3.826834e-01  0.000000e+00
   outer loop
     vertex  1.410968e+01 -5.896863e+00  0.000000e+00
     vertex  1.413965e+01 -5.969217e+00  1.510000e+00
     vertex  1.410968e+01 -5.896863e+00  1.510000e+00
   endloop
 endfacet
 facet normal -9.238795e-01 -3.826834e-01  0.000000e+00
   outer loop
     vertex  1.410968e+01 -5.896863e+00  0.000000e+00
     vertex  1.413965e+01 -5.969217e+00  0.000000e+00
     vertex  1.413965e+01 -5.969217e+00  1.510000e+00
   endloop
 endfacet
 facet normal -7.933533e-01 -6.087614e-01  0.000000e+00
   outer loop
     vertex  1.406200e+01 -5.834731e+00  0.000000e+00
     vertex  1.410968e+01 -5.896863e+00  1.510000e+00
     vertex  1.406200e+01 -5.834731e+00  1.510000e+00
   endloop
 endfacet
 facet normal -7.933533e-01 -6.087614e-01  0.000000e+00
   outer loop
     vertex  1.406200e+01 -5.834731e+00  0.000000e+00
     vertex  1.410968e+01 -5.896863e+00  0.000000e+00
     vertex  1.410968e+01 -5.896863e+00  1.510000e+00
   endloop
 endfacet
 facet normal -6.087614e-01 -7.933533e-01  0.000000e+00
   outer loop
     vertex  1.399987e+01 -5.787055e+00  0.000000e+00
     vertex  1.406200e+01 -5.834731e+00  1.510000e+00
     vertex  1.399987e+01 -5.787055e+00  1.510000e+00
   endloop
 endfacet
 facet normal -6.087614e-01 -7.933533e-01  0.000000e+00
   outer loop
     vertex  1.399987e+01 -5.787055e+00  0.000000e+00
     vertex  1.406200e+01 -5.834731e+00  0.000000e+00
     vertex  1.406200e+01 -5.834731e+00  1.510000e+00
   endloop
 endfacet
 facet normal -3.826834e-01 -9.238795e-01  0.000000e+00
   outer loop
     vertex  1.392752e+01 -5.757085e+00  0.000000e+00
     vertex  1.399987e+01 -5.787055e+00  1.510000e+00
     vertex  1.392752e+01 -5.757085e+00  1.510000e+00
   endloop
 endfacet
 facet normal -3.826834e-01 -9.238795e-01  0.000000e+00
   outer loop
     vertex  1.392752e+01 -5.757085e+00  0.000000e+00
     vertex  1.399987e+01 -5.787055e+00  0.000000e+00
     vertex  1.399987e+01 -5.787055e+00  1.510000e+00
   endloop
 endfacet
 facet normal -1.305262e-01 -9.914449e-01  0.000000e+00
   outer loop
     vertex  1.384987e+01 -5.746863e+00  0.000000e+00
     vertex  1.392752e+01 -5.757085e+00  1.510000e+00
     vertex  1.384987e+01 -5.746863e+00  1.510000e+00
   endloop
 endfacet
 facet normal -1.305262e-01 -9.914449e-01  0.000000e+00
   outer loop
     vertex  1.384987e+01 -5.746863e+00  0.000000e+00
     vertex  1.392752e+01 -5.757085e+00  0.000000e+00
     vertex  1.392752e+01 -5.757085e+00  1.510000e+00
   endloop
 endfacet
 facet normal  1.305262e-01 -9.914449e-01  0.000000e+00
   outer loop
     vertex  1.377223e+01 -5.757085e+00  0.000000e+00
     vertex  1.384987e+01 -5.746863e+00  1.510000e+00
     vertex  1.377223e+01 -5.757085e+00  1.510000e+00
   endloop
 endfacet
 facet normal  1.305262e-01 -9.914449e-01  0.000000e+00
   outer loop
     vertex  1.377223e+01 -5.757085e+00  0.000000e+00
     vertex  1.384987e+01 -5.746863e+00  0.000000e+00
     vertex  1.384987e+01 -5.746863e+00  1.510000e+00
   endloop
 endfacet
 facet normal  3.826834e-01 -9.238795e-01  0.000000e+00
   outer loop
     vertex  1.369987e+01 -5.787055e+00  0.000000e+00
     vertex  1.377223e+01 -5.757085e+00  1.510000e+00
     vertex  1.369987e+01 -5.787055e+00  1.510000e+00
   endloop
 endfacet
 facet normal  3.826834e-01 -9.238795e-01  0.000000e+00
   outer loop
     vertex  1.369987e+01 -5.787055e+00  0.000000e+00
     vertex  1.377223e+01 -5.757085e+00  0.000000e+00
     vertex  1.377223e+01 -5.757085e+00  1.510000e+00
   endloop
 endfacet
 facet normal  7.933533e-01 -6.087614e-01  0.000000e+00
   outer loop
     vertex  1.363774e+01 -5.834731e+00  0.000000e+00
     vertex  1.363774e+01 -5.834731e+00  1.510000e+00
     vertex  1.359006e+01 -5.896863e+00  1.510000e+00
   endloop
 endfacet
 facet normal  6.087614e-01 -7.933533e-01  0.000000e+00
   outer loop
     vertex  1.363774e+01 -5.834731e+00  0.000000e+00
     vertex  1.369987e+01 -5.787055e+00  1.510000e+00
     vertex  1.363774e+01 -5.834731e+00  1.510000e+00
   endloop
 endfacet
 facet normal  6.087614e-01 -7.933533e-01  0.000000e+00
   outer loop
     vertex  1.363774e+01 -5.834731e+00  0.000000e+00
     vertex  1.369987e+01 -5.787055e+00  0.000000e+00
     vertex  1.369987e+01 -5.787055e+00  1.510000e+00
   endloop
 endfacet
 facet normal  7.933533e-01 -6.087614e-01  0.000000e+00
   outer loop
     vertex  1.359006e+01 -5.896863e+00  0.000000e+00
     vertex  1.363774e+01 -5.834731e+00  0.000000e+00
     vertex  1.359006e+01 -5.896863e+00  1.510000e+00
   endloop
 endfacet
 facet normal  9.238795e-01 -3.826834e-01  0.000000e+00
   outer loop
     vertex  1.356009e+01 -5.969217e+00  0.000000e+00
     vertex  1.359006e+01 -5.896863e+00  1.510000e+00
     vertex  1.356009e+01 -5.969217e+00  1.510000e+00
   endloop
 endfacet
 facet normal  9.238795e-01 -3.826834e-01  0.000000e+00
   outer loop
     vertex  1.356009e+01 -5.969217e+00  0.000000e+00
     vertex  1.359006e+01 -5.896863e+00  0.000000e+00
     vertex  1.359006e+01 -5.896863e+00  1.510000e+00
   endloop
 endfacet
 facet normal  9.914449e-01 -1.305262e-01  0.000000e+00
   outer loop
     vertex  1.354987e+01 -6.046863e+00  0.000000e+00
     vertex  1.356009e+01 -5.969217e+00  1.510000e+00
     vertex  1.354987e+01 -6.046863e+00  1.510000e+00
   endloop
 endfacet
 facet normal  9.914449e-01 -1.305262e-01  0.000000e+00
   outer loop
     vertex  1.354987e+01 -6.046863e+00  0.000000e+00
     vertex  1.356009e+01 -5.969217e+00  0.000000e+00
     vertex  1.356009e+01 -5.969217e+00  1.510000e+00
   endloop
 endfacet
 facet normal  1.000000e+00  0.000000e+00  0.000000e+00
   outer loop
     vertex  1.354987e+01 -6.946863e+00  0.000000e+00
     vertex  1.354987e+01 -6.046863e+00  0.000000e+00
     vertex  1.354987e+01 -6.046863e+00  1.510000e+00
   endloop
 endfacet
 facet normal  1.000000e+00  0.000000e+00  0.000000e+00
   outer loop
     vertex  1.354987e+01 -6.946863e+00  0.000000e+00
     vertex  1.354987e+01 -6.046863e+00  1.510000e+00
     vertex  1.354987e+01 -6.946863e+00  1.510000e+00
   endloop
 endfacet
 facet normal  9.914449e-01  1.305262e-01  0.000000e+00
   outer loop
     vertex  1.546009e+01 -7.024509e+00  0.000000e+00
     vertex  1.544987e+01 -6.946863e+00  0.000000e+00
     vertex  1.544987e+01 -6.946863e+00  1.510000e+00
   endloop
 endfacet
 facet normal  9.914449e-01  1.305262e-01 -0.000000e+00
   outer loop
     vertex  1.546009e+01 -7.024509e+00  0.000000e+00
     vertex  1.544987e+01 -6.946863e+00  1.510000e+00
     vertex  1.546009e+01 -7.024509e+00  1.510000e+00
   endloop
 endfacet
 facet normal  9.238795e-01  3.826834e-01 -0.000000e+00
   outer loop
     vertex  1.549006e+01 -7.096863e+00  0.000000e+00
     vertex  1.546009e+01 -7.024509e+00  1.510000e+00
     vertex  1.549006e+01 -7.096863e+00  1.510000e+00
   endloop
 endfacet
 facet normal  9.238795e-01  3.826834e-01  0.000000e+00
   outer loop
     vertex  1.549006e+01 -7.096863e+00  0.000000e+00
     vertex  1.546009e+01 -7.024509e+00  0.000000e+00
     vertex  1.546009e+01 -7.024509e+00  1.510000e+00
   endloop
 endfacet
 facet normal  7.933533e-01  6.087614e-01 -0.000000e+00
   outer loop
     vertex  1.553774e+01 -7.158995e+00  0.000000e+00
     vertex  1.549006e+01 -7.096863e+00  1.510000e+00
     vertex  1.553774e+01 -7.158995e+00  1.510000e+00
   endloop
 endfacet
 facet normal  7.933533e-01  6.087614e-01  0.000000e+00
   outer loop
     vertex  1.553774e+01 -7.158995e+00  0.000000e+00
     vertex  1.549006e+01 -7.096863e+00  0.000000e+00
     vertex  1.549006e+01 -7.096863e+00  1.510000e+00
   endloop
 endfacet
 facet normal  6.087614e-01  7.933533e-01 -0.000000e+00
   outer loop
     vertex  1.559987e+01 -7.206671e+00  0.000000e+00
     vertex  1.553774e+01 -7.158995e+00  1.510000e+00
     vertex  1.559987e+01 -7.206671e+00  1.510000e+00
   endloop
 endfacet
 facet normal  6.087614e-01  7.933533e-01  0.000000e+00
   outer loop
     vertex  1.559987e+01 -7.206671e+00  0.000000e+00
     vertex  1.553774e+01 -7.158995e+00  0.000000e+00
     vertex  1.553774e+01 -7.158995e+00  1.510000e+00
   endloop
 endfacet
 facet normal  3.826834e-01  9.238795e-01 -0.000000e+00
   outer loop
     vertex  1.567223e+01 -7.236641e+00  0.000000e+00
     vertex  1.559987e+01 -7.206671e+00  1.510000e+00
     vertex  1.567223e+01 -7.236641e+00  1.510000e+00
   endloop
 endfacet
 facet normal  3.826834e-01  9.238795e-01  0.000000e+00
   outer loop
     vertex  1.567223e+01 -7.236641e+00  0.000000e+00
     vertex  1.559987e+01 -7.206671e+00  0.000000e+00
     vertex  1.559987e+01 -7.206671e+00  1.510000e+00
   endloop
 endfacet
 facet normal  1.305262e-01  9.914449e-01 -0.000000e+00
   outer loop
     vertex  1.574987e+01 -7.246863e+00  0.000000e+00
     vertex  1.567223e+01 -7.236641e+00  1.510000e+00
     vertex  1.574987e+01 -7.246863e+00  1.510000e+00
   endloop
 endfacet
 facet normal  1.305262e-01  9.914449e-01  0.000000e+00
   outer loop
     vertex  1.574987e+01 -7.246863e+00  0.000000e+00
     vertex  1.567223e+01 -7.236641e+00  0.000000e+00
     vertex  1.567223e+01 -7.236641e+00  1.510000e+00
   endloop
 endfacet
 facet normal -1.305262e-01  9.914449e-01  0.000000e+00
   outer loop
     vertex  1.582752e+01 -7.236641e+00  0.000000e+00
     vertex  1.574987e+01 -7.246863e+00  1.510000e+00
     vertex  1.582752e+01 -7.236641e+00  1.510000e+00
   endloop
 endfacet
 facet normal -1.305262e-01  9.914449e-01  0.000000e+00
   outer loop
     vertex  1.582752e+01 -7.236641e+00  0.000000e+00
     vertex  1.574987e+01 -7.246863e+00  0.000000e+00
     vertex  1.574987e+01 -7.246863e+00  1.510000e+00
   endloop
 endfacet
 facet normal -3.826834e-01  9.238795e-01  0.000000e+00
   outer loop
     vertex  1.589987e+01 -7.206671e+00  0.000000e+00
     vertex  1.582752e+01 -7.236641e+00  1.510000e+00
     vertex  1.589987e+01 -7.206671e+00  1.510000e+00
   endloop
 endfacet
 facet normal -3.826834e-01  9.238795e-01  0.000000e+00
   outer loop
     vertex  1.589987e+01 -7.206671e+00  0.000000e+00
     vertex  1.582752e+01 -7.236641e+00  0.000000e+00
     vertex  1.582752e+01 -7.236641e+00  1.510000e+00
   endloop
 endfacet
 facet normal -7.933533e-01  6.087614e-01  0.000000e+00
   outer loop
     vertex  1.596200e+01 -7.158995e+00  0.000000e+00
     vertex  1.596200e+01 -7.158995e+00  1.510000e+00
     vertex  1.600968e+01 -7.096863e+00  1.510000e+00
   endloop
 endfacet
 facet normal -6.087614e-01  7.933533e-01  0.000000e+00
   outer loop
     vertex  1.596200e+01 -7.158995e+00  0.000000e+00
     vertex  1.589987e+01 -7.206671e+00  1.510000e+00
     vertex  1.596200e+01 -7.158995e+00  1.510000e+00
   endloop
 endfacet
 facet normal -6.087614e-01  7.933533e-01  0.000000e+00
   outer loop
     vertex  1.596200e+01 -7.158995e+00  0.000000e+00
     vertex  1.589987e+01 -7.206671e+00  0.000000e+00
     vertex  1.589987e+01 -7.206671e+00  1.510000e+00
   endloop
 endfacet
 facet normal -7.933533e-01  6.087614e-01  0.000000e+00
   outer loop
     vertex  1.600968e+01 -7.096863e+00  0.000000e+00
     vertex  1.596200e+01 -7.158995e+00  0.000000e+00
     vertex  1.600968e+01 -7.096863e+00  1.510000e+00
   endloop
 endfacet
 facet normal -9.238795e-01  3.826834e-01  0.000000e+00
   outer loop
     vertex  1.603965e+01 -7.024509e+00  0.000000e+00
     vertex  1.600968e+01 -7.096863e+00  1.510000e+00
     vertex  1.603965e+01 -7.024509e+00  1.510000e+00
   endloop
 endfacet
 facet normal -9.238795e-01  3.826834e-01  0.000000e+00
   outer loop
     vertex  1.603965e+01 -7.024509e+00  0.000000e+00
     vertex  1.600968e+01 -7.096863e+00  0.000000e+00
     vertex  1.600968e+01 -7.096863e+00  1.510000e+00
   endloop
 endfacet
 facet normal -9.914449e-01  1.305262e-01  0.000000e+00
   outer loop
     vertex  1.604987e+01 -6.946863e+00  0.000000e+00
     vertex  1.603965e+01 -7.024509e+00  1.510000e+00
     vertex  1.604987e+01 -6.946863e+00  1.510000e+00
   endloop
 endfacet
 facet normal -9.914449e-01  1.305262e-01  0.000000e+00
   outer loop
     vertex  1.604987e+01 -6.946863e+00  0.000000e+00
     vertex  1.603965e+01 -7.024509e+00  0.000000e+00
     vertex  1.603965e+01 -7.024509e+00  1.510000e+00
   endloop
 endfacet
 facet normal -1.000000e+00  0.000000e+00  0.000000e+00
   outer loop
     vertex  1.604987e+01 -6.046863e+00  0.000000e+00
     vertex  1.604987e+01 -6.946863e+00  0.000000e+00
     vertex  1.604987e+01 -6.946863e+00  1.510000e+00
   endloop
 endfacet
 facet normal -1.000000e+00  0.000000e+00  0.000000e+00
   outer loop
     vertex  1.604987e+01 -6.046863e+00  0.000000e+00
     vertex  1.604987e+01 -6.946863e+00  1.510000e+00
     vertex  1.604987e+01 -6.046863e+00  1.510000e+00
   endloop
 endfacet
 facet normal -9.914449e-01 -1.305262e-01  0.000000e+00
   outer loop
     vertex  1.603965e+01 -5.969217e+00  0.000000e+00
     vertex  1.604987e+01 -6.046863e+00  0.000000e+00
     vertex  1.604987e+01 -6.046863e+00  1.510000e+00
   endloop
 endfacet
 facet normal -9.914449e-01 -1.305262e-01  0.000000e+00
   outer loop
     vertex  1.603965e+01 -5.969217e+00  0.000000e+00
     vertex  1.604987e+01 -6.046863e+00  1.510000e+00
     vertex  1.603965e+01 -5.969217e+00  1.510000e+00
   endloop
 endfacet
 facet normal -9.238795e-01 -3.826834e-01  0.000000e+00
   outer loop
     vertex  1.600968e+01 -5.896863e+00  0.000000e+00
     vertex  1.603965e+01 -5.969217e+00  1.510000e+00
     vertex  1.600968e+01 -5.896863e+00  1.510000e+00
   endloop
 endfacet
 facet normal -9.238795e-01 -3.826834e-01  0.000000e+00
   outer loop
     vertex  1.600968e+01 -5.896863e+00  0.000000e+00
     vertex  1.603965e+01 -5.969217e+00  0.000000e+00
     vertex  1.603965e+01 -5.969217e+00  1.510000e+00
   endloop
 endfacet
 facet normal -7.933533e-01 -6.087614e-01  0.000000e+00
   outer loop
     vertex  1.596200e+01 -5.834731e+00  0.000000e+00
     vertex  1.600968e+01 -5.896863e+00  1.510000e+00
     vertex  1.596200e+01 -5.834731e+00  1.510000e+00
   endloop
 endfacet
 facet normal -7.933533e-01 -6.087614e-01  0.000000e+00
   outer loop
     vertex  1.596200e+01 -5.834731e+00  0.000000e+00
     vertex  1.600968e+01 -5.896863e+00  0.000000e+00
     vertex  1.600968e+01 -5.896863e+00  1.510000e+00
   endloop
 endfacet
 facet normal -6.087614e-01 -7.933533e-01  0.000000e+00
   outer loop
     vertex  1.589987e+01 -5.787055e+00  0.000000e+00
     vertex  1.596200e+01 -5.834731e+00  1.510000e+00
     vertex  1.589987e+01 -5.787055e+00  1.510000e+00
   endloop
 endfacet
 facet normal -6.087614e-01 -7.933533e-01  0.000000e+00
   outer loop
     vertex  1.589987e+01 -5.787055e+00  0.000000e+00
     vertex  1.596200e+01 -5.834731e+00  0.000000e+00
     vertex  1.596200e+01 -5.834731e+00  1.510000e+00
   endloop
 endfacet
 facet normal -3.826834e-01 -9.238795e-01  0.000000e+00
   outer loop
     vertex  1.582752e+01 -5.757085e+00  0.000000e+00
     vertex  1.589987e+01 -5.787055e+00  1.510000e+00
     vertex  1.582752e+01 -5.757085e+00  1.510000e+00
   endloop
 endfacet
 facet normal -3.826834e-01 -9.238795e-01  0.000000e+00
   outer loop
     vertex  1.582752e+01 -5.757085e+00  0.000000e+00
     vertex  1.589987e+01 -5.787055e+00  0.000000e+00
     vertex  1.589987e+01 -5.787055e+00  1.510000e+00
   endloop
 endfacet
 facet normal -1.305262e-01 -9.914449e-01  0.000000e+00
   outer loop
     vertex  1.574987e+01 -5.746863e+00  0.000000e+00
     vertex  1.582752e+01 -5.757085e+00  1.510000e+00
     vertex  1.574987e+01 -5.746863e+00  1.510000e+00
   endloop
 endfacet
 facet normal -1.305262e-01 -9.914449e-01  0.000000e+00
   outer loop
     vertex  1.574987e+01 -5.746863e+00  0.000000e+00
     vertex  1.582752e+01 -5.757085e+00  0.000000e+00
     vertex  1.582752e+01 -5.757085e+00  1.510000e+00
   endloop
 endfacet
 facet normal  1.305262e-01 -9.914449e-01  0.000000e+00
   outer loop
     vertex  1.567223e+01 -5.757085e+00  0.000000e+00
     vertex  1.574987e+01 -5.746863e+00  1.510000e+00
     vertex  1.567223e+01 -5.757085e+00  1.510000e+00
   endloop
 endfacet
 facet normal  1.305262e-01 -9.914449e-01  0.000000e+00
   outer loop
     vertex  1.567223e+01 -5.757085e+00  0.000000e+00
     vertex  1.574987e+01 -5.746863e+00  0.000000e+00
     vertex  1.574987e+01 -5.746863e+00  1.510000e+00
   endloop
 endfacet
 facet normal  3.826834e-01 -9.238795e-01  0.000000e+00
   outer loop
     vertex  1.559987e+01 -5.787055e+00  0.000000e+00
     vertex  1.567223e+01 -5.757085e+00  1.510000e+00
     vertex  1.559987e+01 -5.787055e+00  1.510000e+00
   endloop
 endfacet
 facet normal  3.826834e-01 -9.238795e-01  0.000000e+00
   outer loop
     vertex  1.559987e+01 -5.787055e+00  0.000000e+00
     vertex  1.567223e+01 -5.757085e+00  0.000000e+00
     vertex  1.567223e+01 -5.757085e+00  1.510000e+00
   endloop
 endfacet
 facet normal  7.933533e-01 -6.087614e-01  0.000000e+00
   outer loop
     vertex  1.553774e+01 -5.834731e+00  0.000000e+00
     vertex  1.553774e+01 -5.834731e+00  1.510000e+00
     vertex  1.549006e+01 -5.896863e+00  1.510000e+00
   endloop
 endfacet
 facet normal  6.087614e-01 -7.933533e-01  0.000000e+00
   outer loop
     vertex  1.553774e+01 -5.834731e+00  0.000000e+00
     vertex  1.559987e+01 -5.787055e+00  1.510000e+00
     vertex  1.553774e+01 -5.834731e+00  1.510000e+00
   endloop
 endfacet
 facet normal  6.087614e-01 -7.933533e-01  0.000000e+00
   outer loop
     vertex  1.553774e+01 -5.834731e+00  0.000000e+00
     vertex  1.559987e+01 -5.787055e+00  0.000000e+00
     vertex  1.559987e+01 -5.787055e+00  1.510000e+00
   endloop
 endfacet
 facet normal  7.933533e-01 -6.087614e-01  0.000000e+00
   outer loop
     vertex  1.549006e+01 -5.896863e+00  0.000000e+00
     vertex  1.553774e+01 -5.834731e+00  0.000000e+00
     vertex  1.549006e+01 -5.896863e+00  1.510000e+00
   endloop
 endfacet
 facet normal  9.238795e-01 -3.826834e-01  0.000000e+00
   outer loop
     vertex  1.546009e+01 -5.969217e+00  0.000000e+00
     vertex  1.549006e+01 -5.896863e+00  1.510000e+00
     vertex  1.546009e+01 -5.969217e+00  1.510000e+00
   endloop
 endfacet
 facet normal  9.238795e-01 -3.826834e-01  0.000000e+00
   outer loop
     vertex  1.546009e+01 -5.969217e+00  0.000000e+00
     vertex  1.549006e+01 -5.896863e+00  0.000000e+00
     vertex  1.549006e+01 -5.896863e+00  1.510000e+00
   endloop
 endfacet
 facet normal  9.914449e-01 -1.305262e-01  0.000000e+00
   outer loop
     vertex  1.544987e+01 -6.046863e+00  0.000000e+00
     vertex  1.546009e+01 -5.969217e+00  1.510000e+00
     vertex  1.544987e+01 -6.046863e+00  1.510000e+00
   endloop
 endfacet
 facet normal  9.914449e-01 -1.305262e-01  0.000000e+00
   outer loop
     vertex  1.544987e+01 -6.046863e+00  0.000000e+00
     vertex  1.546009e+01 -5.969217e+00  0.000000e+00
     vertex  1.546009e+01 -5.969217e+00  1.510000e+00
   endloop
 endfacet
 facet normal  1.000000e+00  0.000000e+00  0.000000e+00
   outer loop
     vertex  1.544987e+01 -6.946863e+00  0.000000e+00
     vertex  1.544987e+01 -6.046863e+00  0.000000e+00
     vertex  1.544987e+01 -6.046863e+00  1.510000e+00
   endloop
 endfacet
 facet normal  1.000000e+00  0.000000e+00  0.000000e+00
   outer loop
     vertex  1.544987e+01 -6.946863e+00  0.000000e+00
     vertex  1.544987e+01 -6.046863e+00  1.510000e+00
     vertex  1.544987e+01 -6.946863e+00  1.510000e+00
   endloop
 endfacet
 facet normal  9.914449e-01  1.305262e-01  0.000000e+00
   outer loop
     vertex  1.671009e+01 -7.024509e+00  0.000000e+00
     vertex  1.669987e+01 -6.946863e+00  0.000000e+00
     vertex  1.669987e+01 -6.946863e+00  1.510000e+00
   endloop
 endfacet
 facet normal  9.914449e-01  1.305262e-01 -0.000000e+00
   outer loop
     vertex  1.671009e+01 -7.024509e+00  0.000000e+00
     vertex  1.669987e+01 -6.946863e+00  1.510000e+00
     vertex  1.671009e+01 -7.024509e+00  1.510000e+00
   endloop
 endfacet
 facet normal  9.238795e-01  3.826834e-01 -0.000000e+00
   outer loop
     vertex  1.674006e+01 -7.096863e+00  0.000000e+00
     vertex  1.671009e+01 -7.024509e+00  1.510000e+00
     vertex  1.674006e+01 -7.096863e+00  1.510000e+00
   endloop
 endfacet
 facet normal  9.238795e-01  3.826834e-01  0.000000e+00
   outer loop
     vertex  1.674006e+01 -7.096863e+00  0.000000e+00
     vertex  1.671009e+01 -7.024509e+00  0.000000e+00
     vertex  1.671009e+01 -7.024509e+00  1.510000e+00
   endloop
 endfacet
 facet normal  7.933533e-01  6.087614e-01 -0.000000e+00
   outer loop
     vertex  1.678774e+01 -7.158995e+00  0.000000e+00
     vertex  1.674006e+01 -7.096863e+00  1.510000e+00
     vertex  1.678774e+01 -7.158995e+00  1.510000e+00
   endloop
 endfacet
 facet normal  7.933533e-01  6.087614e-01  0.000000e+00
   outer loop
     vertex  1.678774e+01 -7.158995e+00  0.000000e+00
     vertex  1.674006e+01 -7.096863e+00  0.000000e+00
     vertex  1.674006e+01 -7.096863e+00  1.510000e+00
   endloop
 endfacet
 facet normal  6.087614e-01  7.933533e-01 -0.000000e+00
   outer loop
     vertex  1.684987e+01 -7.206671e+00  0.000000e+00
     vertex  1.678774e+01 -7.158995e+00  1.510000e+00
     vertex  1.684987e+01 -7.206671e+00  1.510000e+00
   endloop
 endfacet
 facet normal  6.087614e-01  7.933533e-01  0.000000e+00
   outer loop
     vertex  1.684987e+01 -7.206671e+00  0.000000e+00
     vertex  1.678774e+01 -7.158995e+00  0.000000e+00
     vertex  1.678774e+01 -7.158995e+00  1.510000e+00
   endloop
 endfacet
 facet normal  3.826834e-01  9.238795e-01 -0.000000e+00
   outer loop
     vertex  1.692223e+01 -7.236641e+00  0.000000e+00
     vertex  1.684987e+01 -7.206671e+00  1.510000e+00
     vertex  1.692223e+01 -7.236641e+00  1.510000e+00
   endloop
 endfacet
 facet normal  3.826834e-01  9.238795e-01  0.000000e+00
   outer loop
     vertex  1.692223e+01 -7.236641e+00  0.000000e+00
     vertex  1.684987e+01 -7.206671e+00  0.000000e+00
     vertex  1.684987e+01 -7.206671e+00  1.510000e+00
   endloop
 endfacet
 facet normal  1.305262e-01  9.914449e-01 -0.000000e+00
   outer loop
     vertex  1.699987e+01 -7.246863e+00  0.000000e+00
     vertex  1.692223e+01 -7.236641e+00  1.510000e+00
     vertex  1.699987e+01 -7.246863e+00  1.510000e+00
   endloop
 endfacet
 facet normal  1.305262e-01  9.914449e-01  0.000000e+00
   outer loop
     vertex  1.699987e+01 -7.246863e+00  0.000000e+00
     vertex  1.692223e+01 -7.236641e+00  0.000000e+00
     vertex  1.692223e+01 -7.236641e+00  1.510000e+00
   endloop
 endfacet
 facet normal -1.305262e-01  9.914449e-01  0.000000e+00
   outer loop
     vertex  1.707752e+01 -7.236641e+00  0.000000e+00
     vertex  1.699987e+01 -7.246863e+00  1.510000e+00
     vertex  1.707752e+01 -7.236641e+00  1.510000e+00
   endloop
 endfacet
 facet normal -1.305262e-01  9.914449e-01  0.000000e+00
   outer loop
     vertex  1.707752e+01 -7.236641e+00  0.000000e+00
     vertex  1.699987e+01 -7.246863e+00  0.000000e+00
     vertex  1.699987e+01 -7.246863e+00  1.510000e+00
   endloop
 endfacet
 facet normal -3.826834e-01  9.238795e-01  0.000000e+00
   outer loop
     vertex  1.714987e+01 -7.206671e+00  0.000000e+00
     vertex  1.707752e+01 -7.236641e+00  1.510000e+00
     vertex  1.714987e+01 -7.206671e+00  1.510000e+00
   endloop
 endfacet
 facet normal -3.826834e-01  9.238795e-01  0.000000e+00
   outer loop
     vertex  1.714987e+01 -7.206671e+00  0.000000e+00
     vertex  1.707752e+01 -7.236641e+00  0.000000e+00
     vertex  1.707752e+01 -7.236641e+00  1.510000e+00
   endloop
 endfacet
 facet normal -7.933533e-01  6.087614e-01  0.000000e+00
   outer loop
     vertex  1.721200e+01 -7.158995e+00  0.000000e+00
     vertex  1.721200e+01 -7.158995e+00  1.510000e+00
     vertex  1.725968e+01 -7.096863e+00  1.510000e+00
   endloop
 endfacet
 facet normal -6.087614e-01  7.933533e-01  0.000000e+00
   outer loop
     vertex  1.721200e+01 -7.158995e+00  0.000000e+00
     vertex  1.714987e+01 -7.206671e+00  1.510000e+00
     vertex  1.721200e+01 -7.158995e+00  1.510000e+00
   endloop
 endfacet
 facet normal -6.087614e-01  7.933533e-01  0.000000e+00
   outer loop
     vertex  1.721200e+01 -7.158995e+00  0.000000e+00
     vertex  1.714987e+01 -7.206671e+00  0.000000e+00
     vertex  1.714987e+01 -7.206671e+00  1.510000e+00
   endloop
 endfacet
 facet normal -7.933533e-01  6.087614e-01  0.000000e+00
   outer loop
     vertex  1.725968e+01 -7.096863e+00  0.000000e+00
     vertex  1.721200e+01 -7.158995e+00  0.000000e+00
     vertex  1.725968e+01 -7.096863e+00  1.510000e+00
   endloop
 endfacet
 facet normal -9.238795e-01  3.826834e-01  0.000000e+00
   outer loop
     vertex  1.728965e+01 -7.024509e+00  0.000000e+00
     vertex  1.725968e+01 -7.096863e+00  1.510000e+00
     vertex  1.728965e+01 -7.024509e+00  1.510000e+00
   endloop
 endfacet
 facet normal -9.238795e-01  3.826834e-01  0.000000e+00
   outer loop
     vertex  1.728965e+01 -7.024509e+00  0.000000e+00
     vertex  1.725968e+01 -7.096863e+00  0.000000e+00
     vertex  1.725968e+01 -7.096863e+00  1.510000e+00
   endloop
 endfacet
 facet normal -9.914449e-01  1.305262e-01  0.000000e+00
   outer loop
     vertex  1.729987e+01 -6.946863e+00  0.000000e+00
     vertex  1.728965e+01 -7.024509e+00  1.510000e+00
     vertex  1.729987e+01 -6.946863e+00  1.510000e+00
   endloop
 endfacet
 facet normal -9.914449e-01  1.305262e-01  0.000000e+00
   outer loop
     vertex  1.729987e+01 -6.946863e+00  0.000000e+00
     vertex  1.728965e+01 -7.024509e+00  0.000000e+00
     vertex  1.728965e+01 -7.024509e+00  1.510000e+00
   endloop
 endfacet
 facet normal -1.000000e+00  0.000000e+00  0.000000e+00
   outer loop
     vertex  1.729987e+01 -6.046863e+00  0.000000e+00
     vertex  1.729987e+01 -6.946863e+00  0.000000e+00
     vertex  1.729987e+01 -6.946863e+00  1.510000e+00
   endloop
 endfacet
 facet normal -1.000000e+00  0.000000e+00  0.000000e+00
   outer loop
     vertex  1.729987e+01 -6.046863e+00  0.000000e+00
     vertex  1.729987e+01 -6.946863e+00  1.510000e+00
     vertex  1.729987e+01 -6.046863e+00  1.510000e+00
   endloop
 endfacet
 facet normal -9.914449e-01 -1.305262e-01  0.000000e+00
   outer loop
     vertex  1.728965e+01 -5.969217e+00  0.000000e+00
     vertex  1.729987e+01 -6.046863e+00  0.000000e+00
     vertex  1.729987e+01 -6.046863e+00  1.510000e+00
   endloop
 endfacet
 facet normal -9.914449e-01 -1.305262e-01  0.000000e+00
   outer loop
     vertex  1.728965e+01 -5.969217e+00  0.000000e+00
     vertex  1.729987e+01 -6.046863e+00  1.510000e+00
     vertex  1.728965e+01 -5.969217e+00  1.510000e+00
   endloop
 endfacet
 facet normal -9.238795e-01 -3.826834e-01  0.000000e+00
   outer loop
     vertex  1.725968e+01 -5.896863e+00  0.000000e+00
     vertex  1.728965e+01 -5.969217e+00  1.510000e+00
     vertex  1.725968e+01 -5.896863e+00  1.510000e+00
   endloop
 endfacet
 facet normal -9.238795e-01 -3.826834e-01  0.000000e+00
   outer loop
     vertex  1.725968e+01 -5.896863e+00  0.000000e+00
     vertex  1.728965e+01 -5.969217e+00  0.000000e+00
     vertex  1.728965e+01 -5.969217e+00  1.510000e+00
   endloop
 endfacet
 facet normal -7.933533e-01 -6.087614e-01  0.000000e+00
   outer loop
     vertex  1.721200e+01 -5.834731e+00  0.000000e+00
     vertex  1.725968e+01 -5.896863e+00  1.510000e+00
     vertex  1.721200e+01 -5.834731e+00  1.510000e+00
   endloop
 endfacet
 facet normal -7.933533e-01 -6.087614e-01  0.000000e+00
   outer loop
     vertex  1.721200e+01 -5.834731e+00  0.000000e+00
     vertex  1.725968e+01 -5.896863e+00  0.000000e+00
     vertex  1.725968e+01 -5.896863e+00  1.510000e+00
   endloop
 endfacet
 facet normal -6.087614e-01 -7.933533e-01  0.000000e+00
   outer loop
     vertex  1.714987e+01 -5.787055e+00  0.000000e+00
     vertex  1.721200e+01 -5.834731e+00  1.510000e+00
     vertex  1.714987e+01 -5.787055e+00  1.510000e+00
   endloop
 endfacet
 facet normal -6.087614e-01 -7.933533e-01  0.000000e+00
   outer loop
     vertex  1.714987e+01 -5.787055e+00  0.000000e+00
     vertex  1.721200e+01 -5.834731e+00  0.000000e+00
     vertex  1.721200e+01 -5.834731e+00  1.510000e+00
   endloop
 endfacet
 facet normal -3.826834e-01 -9.238795e-01  0.000000e+00
   outer loop
     vertex  1.707752e+01 -5.757085e+00  0.000000e+00
     vertex  1.714987e+01 -5.787055e+00  1.510000e+00
     vertex  1.707752e+01 -5.757085e+00  1.510000e+00
   endloop
 endfacet
 facet normal -3.826834e-01 -9.238795e-01  0.000000e+00
   outer loop
     vertex  1.707752e+01 -5.757085e+00  0.000000e+00
     vertex  1.714987e+01 -5.787055e+00  0.000000e+00
     vertex  1.714987e+01 -5.787055e+00  1.510000e+00
   endloop
 endfacet
 facet normal -1.305262e-01 -9.914449e-01  0.000000e+00
   outer loop
     vertex  1.699987e+01 -5.746863e+00  0.000000e+00
     vertex  1.707752e+01 -5.757085e+00  1.510000e+00
     vertex  1.699987e+01 -5.746863e+00  1.510000e+00
   endloop
 endfacet
 facet normal -1.305262e-01 -9.914449e-01  0.000000e+00
   outer loop
     vertex  1.699987e+01 -5.746863e+00  0.000000e+00
     vertex  1.707752e+01 -5.757085e+00  0.000000e+00
     vertex  1.707752e+01 -5.757085e+00  1.510000e+00
   endloop
 endfacet
 facet normal  1.305262e-01 -9.914449e-01  0.000000e+00
   outer loop
     vertex  1.692223e+01 -5.757085e+00  0.000000e+00
     vertex  1.699987e+01 -5.746863e+00  1.510000e+00
     vertex  1.692223e+01 -5.757085e+00  1.510000e+00
   endloop
 endfacet
 facet normal  1.305262e-01 -9.914449e-01  0.000000e+00
   outer loop
     vertex  1.692223e+01 -5.757085e+00  0.000000e+00
     vertex  1.699987e+01 -5.746863e+00  0.000000e+00
     vertex  1.699987e+01 -5.746863e+00  1.510000e+00
   endloop
 endfacet
 facet normal  3.826834e-01 -9.238795e-01  0.000000e+00
   outer loop
     vertex  1.684987e+01 -5.787055e+00  0.000000e+00
     vertex  1.692223e+01 -5.757085e+00  1.510000e+00
     vertex  1.684987e+01 -5.787055e+00  1.510000e+00
   endloop
 endfacet
 facet normal  3.826834e-01 -9.238795e-01  0.000000e+00
   outer loop
     vertex  1.684987e+01 -5.787055e+00  0.000000e+00
     vertex  1.692223e+01 -5.757085e+00  0.000000e+00
     vertex  1.692223e+01 -5.757085e+00  1.510000e+00
   endloop
 endfacet
 facet normal  7.933533e-01 -6.087614e-01  0.000000e+00
   outer loop
     vertex  1.678774e+01 -5.834731e+00  0.000000e+00
     vertex  1.678774e+01 -5.834731e+00  1.510000e+00
     vertex  1.674006e+01 -5.896863e+00  1.510000e+00
   endloop
 endfacet
 facet normal  6.087614e-01 -7.933533e-01  0.000000e+00
   outer loop
     vertex  1.678774e+01 -5.834731e+00  0.000000e+00
     vertex  1.684987e+01 -5.787055e+00  1.510000e+00
     vertex  1.678774e+01 -5.834731e+00  1.510000e+00
   endloop
 endfacet
 facet normal  6.087614e-01 -7.933533e-01  0.000000e+00
   outer loop
     vertex  1.678774e+01 -5.834731e+00  0.000000e+00
     vertex  1.684987e+01 -5.787055e+00  0.000000e+00
     vertex  1.684987e+01 -5.787055e+00  1.510000e+00
   endloop
 endfacet
 facet normal  7.933533e-01 -6.087614e-01  0.000000e+00
   outer loop
     vertex  1.674006e+01 -5.896863e+00  0.000000e+00
     vertex  1.678774e+01 -5.834731e+00  0.000000e+00
     vertex  1.674006e+01 -5.896863e+00  1.510000e+00
   endloop
 endfacet
 facet normal  9.238795e-01 -3.826834e-01  0.000000e+00
   outer loop
     vertex  1.671009e+01 -5.969217e+00  0.000000e+00
     vertex  1.674006e+01 -5.896863e+00  1.510000e+00
     vertex  1.671009e+01 -5.969217e+00  1.510000e+00
   endloop
 endfacet
 facet normal  9.238795e-01 -3.826834e-01  0.000000e+00
   outer loop
     vertex  1.671009e+01 -5.969217e+00  0.000000e+00
     vertex  1.674006e+01 -5.896863e+00  0.000000e+00
     vertex  1.674006e+01 -5.896863e+00  1.510000e+00
   endloop
 endfacet
 facet normal  9.914449e-01 -1.305262e-01  0.000000e+00
   outer loop
     vertex  1.669987e+01 -6.046863e+00  0.000000e+00
     vertex  1.671009e+01 -5.969217e+00  1.510000e+00
     vertex  1.669987e+01 -6.046863e+00  1.510000e+00
   endloop
 endfacet
 facet normal  9.914449e-01 -1.305262e-01  0.000000e+00
   outer loop
     vertex  1.669987e+01 -6.046863e+00  0.000000e+00
     vertex  1.671009e+01 -5.969217e+00  0.000000e+00
     vertex  1.671009e+01 -5.969217e+00  1.510000e+00
   endloop
 endfacet
 facet normal  1.000000e+00  0.000000e+00  0.000000e+00
   outer loop
     vertex  1.669987e+01 -6.946863e+00  0.000000e+00
     vertex  1.669987e+01 -6.046863e+00  0.000000e+00
     vertex  1.669987e+01 -6.046863e+00  1.510000e+00
   endloop
 endfacet
 facet normal  1.000000e+00  0.000000e+00  0.000000e+00
   outer loop
     vertex  1.669987e+01 -6.946863e+00  0.000000e+00
     vertex  1.669987e+01 -6.046863e+00  1.510000e+00
     vertex  1.669987e+01 -6.946863e+00  1.510000e+00
   endloop
 endfacet
 facet normal  9.914449e-01  1.305262e-01  0.000000e+00
   outer loop
     vertex  1.921009e+01 -7.024509e+00  0.000000e+00
     vertex  1.919987e+01 -6.946863e+00  0.000000e+00
     vertex  1.919987e+01 -6.946863e+00  1.510000e+00
   endloop
 endfacet
 facet normal  9.914449e-01  1.305262e-01 -0.000000e+00
   outer loop
     vertex  1.921009e+01 -7.024509e+00  0.000000e+00
     vertex  1.919987e+01 -6.946863e+00  1.510000e+00
     vertex  1.921009e+01 -7.024509e+00  1.510000e+00
   endloop
 endfacet
 facet normal  9.238795e-01  3.826834e-01 -0.000000e+00
   outer loop
     vertex  1.924006e+01 -7.096863e+00  0.000000e+00
     vertex  1.921009e+01 -7.024509e+00  1.510000e+00
     vertex  1.924006e+01 -7.096863e+00  1.510000e+00
   endloop
 endfacet
 facet normal  9.238795e-01  3.826834e-01  0.000000e+00
   outer loop
     vertex  1.924006e+01 -7.096863e+00  0.000000e+00
     vertex  1.921009e+01 -7.024509e+00  0.000000e+00
     vertex  1.921009e+01 -7.024509e+00  1.510000e+00
   endloop
 endfacet
 facet normal  7.933533e-01  6.087614e-01 -0.000000e+00
   outer loop
     vertex  1.928774e+01 -7.158995e+00  0.000000e+00
     vertex  1.924006e+01 -7.096863e+00  1.510000e+00
     vertex  1.928774e+01 -7.158995e+00  1.510000e+00
   endloop
 endfacet
 facet normal  7.933533e-01  6.087614e-01  0.000000e+00
   outer loop
     vertex  1.928774e+01 -7.158995e+00  0.000000e+00
     vertex  1.924006e+01 -7.096863e+00  0.000000e+00
     vertex  1.924006e+01 -7.096863e+00  1.510000e+00
   endloop
 endfacet
 facet normal  6.087614e-01  7.933533e-01 -0.000000e+00
   outer loop
     vertex  1.934987e+01 -7.206671e+00  0.000000e+00
     vertex  1.928774e+01 -7.158995e+00  1.510000e+00
     vertex  1.934987e+01 -7.206671e+00  1.510000e+00
   endloop
 endfacet
 facet normal  6.087614e-01  7.933533e-01  0.000000e+00
   outer loop
     vertex  1.934987e+01 -7.206671e+00  0.000000e+00
     vertex  1.928774e+01 -7.158995e+00  0.000000e+00
     vertex  1.928774e+01 -7.158995e+00  1.510000e+00
   endloop
 endfacet
 facet normal  3.826834e-01  9.238795e-01 -0.000000e+00
   outer loop
     vertex  1.942223e+01 -7.236641e+00  0.000000e+00
     vertex  1.934987e+01 -7.206671e+00  1.510000e+00
     vertex  1.942223e+01 -7.236641e+00  1.510000e+00
   endloop
 endfacet
 facet normal  3.826834e-01  9.238795e-01  0.000000e+00
   outer loop
     vertex  1.942223e+01 -7.236641e+00  0.000000e+00
     vertex  1.934987e+01 -7.206671e+00  0.000000e+00
     vertex  1.934987e+01 -7.206671e+00  1.510000e+00
   endloop
 endfacet
 facet normal  1.305262e-01  9.914449e-01 -0.000000e+00
   outer loop
     vertex  1.949987e+01 -7.246863e+00  0.000000e+00
     vertex  1.942223e+01 -7.236641e+00  1.510000e+00
     vertex  1.949987e+01 -7.246863e+00  1.510000e+00
   endloop
 endfacet
 facet normal  1.305262e-01  9.914449e-01  0.000000e+00
   outer loop
     vertex  1.949987e+01 -7.246863e+00  0.000000e+00
     vertex  1.942223e+01 -7.236641e+00  0.000000e+00
     vertex  1.942223e+01 -7.236641e+00  1.510000e+00
   endloop
 endfacet
 facet normal -1.305262e-01  9.914449e-01  0.000000e+00
   outer loop
     vertex  1.957752e+01 -7.236641e+00  0.000000e+00
     vertex  1.949987e+01 -7.246863e+00  1.510000e+00
     vertex  1.957752e+01 -7.236641e+00  1.510000e+00
   endloop
 endfacet
 facet normal -1.305262e-01  9.914449e-01  0.000000e+00
   outer loop
     vertex  1.957752e+01 -7.236641e+00  0.000000e+00
     vertex  1.949987e+01 -7.246863e+00  0.000000e+00
     vertex  1.949987e+01 -7.246863e+00  1.510000e+00
   endloop
 endfacet
 facet normal -3.826834e-01  9.238795e-01  0.000000e+00
   outer loop
     vertex  1.964987e+01 -7.206671e+00  0.000000e+00
     vertex  1.957752e+01 -7.236641e+00  1.510000e+00
     vertex  1.964987e+01 -7.206671e+00  1.510000e+00
   endloop
 endfacet
 facet normal -3.826834e-01  9.238795e-01  0.000000e+00
   outer loop
     vertex  1.964987e+01 -7.206671e+00  0.000000e+00
     vertex  1.957752e+01 -7.236641e+00  0.000000e+00
     vertex  1.957752e+01 -7.236641e+00  1.510000e+00
   endloop
 endfacet
 facet normal -7.933533e-01  6.087614e-01  0.000000e+00
   outer loop
     vertex  1.971200e+01 -7.158995e+00  0.000000e+00
     vertex  1.971200e+01 -7.158995e+00  1.510000e+00
     vertex  1.975968e+01 -7.096863e+00  1.510000e+00
   endloop
 endfacet
 facet normal -6.087614e-01  7.933533e-01  0.000000e+00
   outer loop
     vertex  1.971200e+01 -7.158995e+00  0.000000e+00
     vertex  1.964987e+01 -7.206671e+00  1.510000e+00
     vertex  1.971200e+01 -7.158995e+00  1.510000e+00
   endloop
 endfacet
 facet normal -6.087614e-01  7.933533e-01  0.000000e+00
   outer loop
     vertex  1.971200e+01 -7.158995e+00  0.000000e+00
     vertex  1.964987e+01 -7.206671e+00  0.000000e+00
     vertex  1.964987e+01 -7.206671e+00  1.510000e+00
   endloop
 endfacet
 facet normal -7.933533e-01  6.087614e-01  0.000000e+00
   outer loop
     vertex  1.975968e+01 -7.096863e+00  0.000000e+00
     vertex  1.971200e+01 -7.158995e+00  0.000000e+00
     vertex  1.975968e+01 -7.096863e+00  1.510000e+00
   endloop
 endfacet
 facet normal -9.238795e-01  3.826834e-01  0.000000e+00
   outer loop
     vertex  1.978965e+01 -7.024509e+00  0.000000e+00
     vertex  1.975968e+01 -7.096863e+00  1.510000e+00
     vertex  1.978965e+01 -7.024509e+00  1.510000e+00
   endloop
 endfacet
 facet normal -9.238795e-01  3.826834e-01  0.000000e+00
   outer loop
     vertex  1.978965e+01 -7.024509e+00  0.000000e+00
     vertex  1.975968e+01 -7.096863e+00  0.000000e+00
     vertex  1.975968e+01 -7.096863e+00  1.510000e+00
   endloop
 endfacet
 facet normal -9.914449e-01  1.305262e-01  0.000000e+00
   outer loop
     vertex  1.979987e+01 -6.946863e+00  0.000000e+00
     vertex  1.978965e+01 -7.024509e+00  1.510000e+00
     vertex  1.979987e+01 -6.946863e+00  1.510000e+00
   endloop
 endfacet
 facet normal -9.914449e-01  1.305262e-01  0.000000e+00
   outer loop
     vertex  1.979987e+01 -6.946863e+00  0.000000e+00
     vertex  1.978965e+01 -7.024509e+00  0.000000e+00
     vertex  1.978965e+01 -7.024509e+00  1.510000e+00
   endloop
 endfacet
 facet normal -1.000000e+00  0.000000e+00  0.000000e+00
   outer loop
     vertex  1.979987e+01 -6.046863e+00  0.000000e+00
     vertex  1.979987e+01 -6.946863e+00  0.000000e+00
     vertex  1.979987e+01 -6.946863e+00  1.510000e+00
   endloop
 endfacet
 facet normal -1.000000e+00  0.000000e+00  0.000000e+00
   outer loop
     vertex  1.979987e+01 -6.046863e+00  0.000000e+00
     vertex  1.979987e+01 -6.946863e+00  1.510000e+00
     vertex  1.979987e+01 -6.046863e+00  1.510000e+00
   endloop
 endfacet
 facet normal -9.914449e-01 -1.305262e-01  0.000000e+00
   outer loop
     vertex  1.978965e+01 -5.969217e+00  0.000000e+00
     vertex  1.979987e+01 -6.046863e+00  0.000000e+00
     vertex  1.979987e+01 -6.046863e+00  1.510000e+00
   endloop
 endfacet
 facet normal -9.914449e-01 -1.305262e-01  0.000000e+00
   outer loop
     vertex  1.978965e+01 -5.969217e+00  0.000000e+00
     vertex  1.979987e+01 -6.046863e+00  1.510000e+00
     vertex  1.978965e+01 -5.969217e+00  1.510000e+00
   endloop
 endfacet
 facet normal -9.238795e-01 -3.826834e-01  0.000000e+00
   outer loop
     vertex  1.975968e+01 -5.896863e+00  0.000000e+00
     vertex  1.978965e+01 -5.969217e+00  1.510000e+00
     vertex  1.975968e+01 -5.896863e+00  1.510000e+00
   endloop
 endfacet
 facet normal -9.238795e-01 -3.826834e-01  0.000000e+00
   outer loop
     vertex  1.975968e+01 -5.896863e+00  0.000000e+00
     vertex  1.978965e+01 -5.969217e+00  0.000000e+00
     vertex  1.978965e+01 -5.969217e+00  1.510000e+00
   endloop
 endfacet
 facet normal -7.933533e-01 -6.087614e-01  0.000000e+00
   outer loop
     vertex  1.971200e+01 -5.834731e+00  0.000000e+00
     vertex  1.975968e+01 -5.896863e+00  1.510000e+00
     vertex  1.971200e+01 -5.834731e+00  1.510000e+00
   endloop
 endfacet
 facet normal -7.933533e-01 -6.087614e-01  0.000000e+00
   outer loop
     vertex  1.971200e+01 -5.834731e+00  0.000000e+00
     vertex  1.975968e+01 -5.896863e+00  0.000000e+00
     vertex  1.975968e+01 -5.896863e+00  1.510000e+00
   endloop
 endfacet
 facet normal -6.087614e-01 -7.933533e-01  0.000000e+00
   outer loop
     vertex  1.964987e+01 -5.787055e+00  0.000000e+00
     vertex  1.971200e+01 -5.834731e+00  1.510000e+00
     vertex  1.964987e+01 -5.787055e+00  1.510000e+00
   endloop
 endfacet
 facet normal -6.087614e-01 -7.933533e-01  0.000000e+00
   outer loop
     vertex  1.964987e+01 -5.787055e+00  0.000000e+00
     vertex  1.971200e+01 -5.834731e+00  0.000000e+00
     vertex  1.971200e+01 -5.834731e+00  1.510000e+00
   endloop
 endfacet
 facet normal -3.826834e-01 -9.238795e-01  0.000000e+00
   outer loop
     vertex  1.957752e+01 -5.757085e+00  0.000000e+00
     vertex  1.964987e+01 -5.787055e+00  1.510000e+00
     vertex  1.957752e+01 -5.757085e+00  1.510000e+00
   endloop
 endfacet
 facet normal -3.826834e-01 -9.238795e-01  0.000000e+00
   outer loop
     vertex  1.957752e+01 -5.757085e+00  0.000000e+00
     vertex  1.964987e+01 -5.787055e+00  0.000000e+00
     vertex  1.964987e+01 -5.787055e+00  1.510000e+00
   endloop
 endfacet
 facet normal -1.305262e-01 -9.914449e-01  0.000000e+00
   outer loop
     vertex  1.949987e+01 -5.746863e+00  0.000000e+00
     vertex  1.957752e+01 -5.757085e+00  1.510000e+00
     vertex  1.949987e+01 -5.746863e+00  1.510000e+00
   endloop
 endfacet
 facet normal -1.305262e-01 -9.914449e-01  0.000000e+00
   outer loop
     vertex  1.949987e+01 -5.746863e+00  0.000000e+00
     vertex  1.957752e+01 -5.757085e+00  0.000000e+00
     vertex  1.957752e+01 -5.757085e+00  1.510000e+00
   endloop
 endfacet
 facet normal  1.305262e-01 -9.914449e-01  0.000000e+00
   outer loop
     vertex  1.942223e+01 -5.757085e+00  0.000000e+00
     vertex  1.949987e+01 -5.746863e+00  1.510000e+00
     vertex  1.942223e+01 -5.757085e+00  1.510000e+00
   endloop
 endfacet
 facet normal  1.305262e-01 -9.914449e-01  0.000000e+00
   outer loop
     vertex  1.942223e+01 -5.757085e+00  0.000000e+00
     vertex  1.949987e+01 -5.746863e+00  0.000000e+00
     vertex  1.949987e+01 -5.746863e+00  1.510000e+00
   endloop
 endfacet
 facet normal  3.826834e-01 -9.238795e-01  0.000000e+00
   outer loop
     vertex  1.934987e+01 -5.787055e+00  0.000000e+00
     vertex  1.942223e+01 -5.757085e+00  1.510000e+00
     vertex  1.934987e+01 -5.787055e+00  1.510000e+00
   endloop
 endfacet
 facet normal  3.826834e-01 -9.238795e-01  0.000000e+00
   outer loop
     vertex  1.934987e+01 -5.787055e+00  0.000000e+00
     vertex  1.942223e+01 -5.757085e+00  0.000000e+00
     vertex  1.942223e+01 -5.757085e+00  1.510000e+00
   endloop
 endfacet
 facet normal  7.933533e-01 -6.087614e-01  0.000000e+00
   outer loop
     vertex  1.928774e+01 -5.834731e+00  0.000000e+00
     vertex  1.928774e+01 -5.834731e+00  1.510000e+00
     vertex  1.924006e+01 -5.896863e+00  1.510000e+00
   endloop
 endfacet
 facet normal  6.087614e-01 -7.933533e-01  0.000000e+00
   outer loop
     vertex  1.928774e+01 -5.834731e+00  0.000000e+00
     vertex  1.934987e+01 -5.787055e+00  1.510000e+00
     vertex  1.928774e+01 -5.834731e+00  1.510000e+00
   endloop
 endfacet
 facet normal  6.087614e-01 -7.933533e-01  0.000000e+00
   outer loop
     vertex  1.928774e+01 -5.834731e+00  0.000000e+00
     vertex  1.934987e+01 -5.787055e+00  0.000000e+00
     vertex  1.934987e+01 -5.787055e+00  1.510000e+00
   endloop
 endfacet
 facet normal  7.933533e-01 -6.087614e-01  0.000000e+00
   outer loop
     vertex  1.924006e+01 -5.896863e+00  0.000000e+00
     vertex  1.928774e+01 -5.834731e+00  0.000000e+00
     vertex  1.924006e+01 -5.896863e+00  1.510000e+00
   endloop
 endfacet
 facet normal  9.238795e-01 -3.826834e-01  0.000000e+00
   outer loop
     vertex  1.921009e+01 -5.969217e+00  0.000000e+00
     vertex  1.924006e+01 -5.896863e+00  1.510000e+00
     vertex  1.921009e+01 -5.969217e+00  1.510000e+00
   endloop
 endfacet
 facet normal  9.238795e-01 -3.826834e-01  0.000000e+00
   outer loop
     vertex  1.921009e+01 -5.969217e+00  0.000000e+00
     vertex  1.924006e+01 -5.896863e+00  0.000000e+00
     vertex  1.924006e+01 -5.896863e+00  1.510000e+00
   endloop
 endfacet
 facet normal  9.914449e-01 -1.305262e-01  0.000000e+00
   outer loop
     vertex  1.919987e+01 -6.046863e+00  0.000000e+00
     vertex  1.921009e+01 -5.969217e+00  1.510000e+00
     vertex  1.919987e+01 -6.046863e+00  1.510000e+00
   endloop
 endfacet
 facet normal  9.914449e-01 -1.305262e-01  0.000000e+00
   outer loop
     vertex  1.919987e+01 -6.046863e+00  0.000000e+00
     vertex  1.921009e+01 -5.969217e+00  0.000000e+00
     vertex  1.921009e+01 -5.969217e+00  1.510000e+00
   endloop
 endfacet
 facet normal  1.000000e+00  0.000000e+00  0.000000e+00
   outer loop
     vertex  1.919987e+01 -6.946863e+00  0.000000e+00
     vertex  1.919987e+01 -6.046863e+00  0.000000e+00
     vertex  1.919987e+01 -6.046863e+00  1.510000e+00
   endloop
 endfacet
 facet normal  1.000000e+00  0.000000e+00  0.000000e+00
   outer loop
     vertex  1.919987e+01 -6.946863e+00  0.000000e+00
     vertex  1.919987e+01 -6.046863e+00  1.510000e+00
     vertex  1.919987e+01 -6.946863e+00  1.510000e+00
   endloop
 endfacet
 facet normal -1.305262e-01  9.914449e-01  0.000000e+00
   outer loop
     vertex -1.936813e+01  9.255148e-01  0.000000e+00
     vertex -1.950013e+01  9.081370e-01  0.000000e+00
     vertex -1.950013e+01  9.081370e-01  1.510000e+00
   endloop
 endfacet
 facet normal -1.305262e-01  9.914449e-01  0.000000e+00
   outer loop
     vertex -1.936813e+01  9.255148e-01  0.000000e+00
     vertex -1.950013e+01  9.081370e-01  1.510000e+00
     vertex -1.936813e+01  9.255148e-01  1.510000e+00
   endloop
 endfacet
 facet normal -3.826834e-01  9.238795e-01  0.000000e+00
   outer loop
     vertex -1.924513e+01  9.764640e-01  0.000000e+00
     vertex -1.936813e+01  9.255148e-01  1.510000e+00
     vertex -1.924513e+01  9.764640e-01  1.510000e+00
   endloop
 endfacet
 facet normal -3.826834e-01  9.238795e-01  0.000000e+00
   outer loop
     vertex -1.924513e+01  9.764640e-01  0.000000e+00
     vertex -1.936813e+01  9.255148e-01  0.000000e+00
     vertex -1.936813e+01  9.255148e-01  1.510000e+00
   endloop
 endfacet
 facet normal -6.087614e-01  7.933533e-01  0.000000e+00
   outer loop
     vertex -1.913950e+01  1.057513e+00  0.000000e+00
     vertex -1.924513e+01  9.764640e-01  1.510000e+00
     vertex -1.913950e+01  1.057513e+00  1.510000e+00
   endloop
 endfacet
 facet normal -6.087614e-01  7.933533e-01  0.000000e+00
   outer loop
     vertex -1.913950e+01  1.057513e+00  0.000000e+00
     vertex -1.924513e+01  9.764640e-01  0.000000e+00
     vertex -1.924513e+01  9.764640e-01  1.510000e+00
   endloop
 endfacet
 facet normal -7.933533e-01  6.087614e-01  0.000000e+00
   outer loop
     vertex -1.905846e+01  1.163137e+00  0.000000e+00
     vertex -1.913950e+01  1.057513e+00  1.510000e+00
     vertex -1.905846e+01  1.163137e+00  1.510000e+00
   endloop
 endfacet
 facet normal -7.933533e-01  6.087614e-01  0.000000e+00
   outer loop
     vertex -1.905846e+01  1.163137e+00  0.000000e+00
     vertex -1.913950e+01  1.057513e+00  0.000000e+00
     vertex -1.913950e+01  1.057513e+00  1.510000e+00
   endloop
 endfacet
 facet normal -9.238795e-01  3.826834e-01  0.000000e+00
   outer loop
     vertex -1.900751e+01  1.286139e+00  0.000000e+00
     vertex -1.905846e+01  1.163137e+00  1.510000e+00
     vertex -1.900751e+01  1.286139e+00  1.510000e+00
   endloop
 endfacet
 facet normal -9.238795e-01  3.826834e-01  0.000000e+00
   outer loop
     vertex -1.900751e+01  1.286139e+00  0.000000e+00
     vertex -1.905846e+01  1.163137e+00  0.000000e+00
     vertex -1.905846e+01  1.163137e+00  1.510000e+00
   endloop
 endfacet
 facet normal -9.914449e-01  1.305262e-01  0.000000e+00
   outer loop
     vertex -1.899013e+01  1.418137e+00  0.000000e+00
     vertex -1.900751e+01  1.286139e+00  1.510000e+00
     vertex -1.899013e+01  1.418137e+00  1.510000e+00
   endloop
 endfacet
 facet normal -9.914449e-01  1.305262e-01  0.000000e+00
   outer loop
     vertex -1.899013e+01  1.418137e+00  0.000000e+00
     vertex -1.900751e+01  1.286139e+00  0.000000e+00
     vertex -1.900751e+01  1.286139e+00  1.510000e+00
   endloop
 endfacet
 facet normal -9.914449e-01 -1.305262e-01  0.000000e+00
   outer loop
     vertex -1.900751e+01  1.550135e+00  0.000000e+00
     vertex -1.899013e+01  1.418137e+00  1.510000e+00
     vertex -1.900751e+01  1.550135e+00  1.510000e+00
   endloop
 endfacet
 facet normal -9.914449e-01 -1.305262e-01  0.000000e+00
   outer loop
     vertex -1.900751e+01  1.550135e+00  0.000000e+00
     vertex -1.899013e+01  1.418137e+00  0.000000e+00
     vertex -1.899013e+01  1.418137e+00  1.510000e+00
   endloop
 endfacet
 facet normal -9.238795e-01 -3.826834e-01  0.000000e+00
   outer loop
     vertex -1.905846e+01  1.673137e+00  0.000000e+00
     vertex -1.900751e+01  1.550135e+00  1.510000e+00
     vertex -1.905846e+01  1.673137e+00  1.510000e+00
   endloop
 endfacet
 facet normal -9.238795e-01 -3.826834e-01  0.000000e+00
   outer loop
     vertex -1.905846e+01  1.673137e+00  0.000000e+00
     vertex -1.900751e+01  1.550135e+00  0.000000e+00
     vertex -1.900751e+01  1.550135e+00  1.510000e+00
   endloop
 endfacet
 facet normal -7.933533e-01 -6.087614e-01  0.000000e+00
   outer loop
     vertex -1.913950e+01  1.778761e+00  0.000000e+00
     vertex -1.905846e+01  1.673137e+00  1.510000e+00
     vertex -1.913950e+01  1.778761e+00  1.510000e+00
   endloop
 endfacet
 facet normal -7.933533e-01 -6.087614e-01  0.000000e+00
   outer loop
     vertex -1.913950e+01  1.778761e+00  0.000000e+00
     vertex -1.905846e+01  1.673137e+00  0.000000e+00
     vertex -1.905846e+01  1.673137e+00  1.510000e+00
   endloop
 endfacet
 facet normal -6.087614e-01 -7.933533e-01  0.000000e+00
   outer loop
     vertex -1.924513e+01  1.859810e+00  0.000000e+00
     vertex -1.913950e+01  1.778761e+00  1.510000e+00
     vertex -1.924513e+01  1.859810e+00  1.510000e+00
   endloop
 endfacet
 facet normal -6.087614e-01 -7.933533e-01  0.000000e+00
   outer loop
     vertex -1.924513e+01  1.859810e+00  0.000000e+00
     vertex -1.913950e+01  1.778761e+00  0.000000e+00
     vertex -1.913950e+01  1.778761e+00  1.510000e+00
   endloop
 endfacet
 facet normal -3.826834e-01 -9.238795e-01  0.000000e+00
   outer loop
     vertex -1.936813e+01  1.910759e+00  0.000000e+00
     vertex -1.924513e+01  1.859810e+00  1.510000e+00
     vertex -1.936813e+01  1.910759e+00  1.510000e+00
   endloop
 endfacet
 facet normal -3.826834e-01 -9.238795e-01  0.000000e+00
   outer loop
     vertex -1.936813e+01  1.910759e+00  0.000000e+00
     vertex -1.924513e+01  1.859810e+00  0.000000e+00
     vertex -1.924513e+01  1.859810e+00  1.510000e+00
   endloop
 endfacet
 facet normal -1.305262e-01 -9.914449e-01  0.000000e+00
   outer loop
     vertex -1.950013e+01  1.928137e+00  0.000000e+00
     vertex -1.936813e+01  1.910759e+00  1.510000e+00
     vertex -1.950013e+01  1.928137e+00  1.510000e+00
   endloop
 endfacet
 facet normal -1.305262e-01 -9.914449e-01  0.000000e+00
   outer loop
     vertex -1.950013e+01  1.928137e+00  0.000000e+00
     vertex -1.936813e+01  1.910759e+00  0.000000e+00
     vertex -1.936813e+01  1.910759e+00  1.510000e+00
   endloop
 endfacet
 facet normal  1.305262e-01 -9.914449e-01  0.000000e+00
   outer loop
     vertex -1.963213e+01  1.910759e+00  0.000000e+00
     vertex -1.950013e+01  1.928137e+00  1.510000e+00
     vertex -1.963213e+01  1.910759e+00  1.510000e+00
   endloop
 endfacet
 facet normal  1.305262e-01 -9.914449e-01  0.000000e+00
   outer loop
     vertex -1.963213e+01  1.910759e+00  0.000000e+00
     vertex -1.950013e+01  1.928137e+00  0.000000e+00
     vertex -1.950013e+01  1.928137e+00  1.510000e+00
   endloop
 endfacet
 facet normal  3.826834e-01 -9.238795e-01  0.000000e+00
   outer loop
     vertex -1.975513e+01  1.859810e+00  0.000000e+00
     vertex -1.963213e+01  1.910759e+00  0.000000e+00
     vertex -1.963213e+01  1.910759e+00  1.510000e+00
   endloop
 endfacet
 facet normal  3.826834e-01 -9.238795e-01  0.000000e+00
   outer loop
     vertex -1.975513e+01  1.859810e+00  0.000000e+00
     vertex -1.963213e+01  1.910759e+00  1.510000e+00
     vertex -1.975513e+01  1.859810e+00  1.510000e+00
   endloop
 endfacet
 facet normal  6.087614e-01 -7.933533e-01  0.000000e+00
   outer loop
     vertex -1.986075e+01  1.778761e+00  0.000000e+00
     vertex -1.975513e+01  1.859810e+00  0.000000e+00
     vertex -1.975513e+01  1.859810e+00  1.510000e+00
   endloop
 endfacet
 facet normal  7.933533e-01 -6.087614e-01  0.000000e+00
   outer loop
     vertex -1.986075e+01  1.778761e+00  0.000000e+00
     vertex -1.986075e+01  1.778761e+00  1.510000e+00
     vertex -1.994180e+01  1.673137e+00  1.510000e+00
   endloop
 endfacet
 facet normal  6.087614e-01 -7.933533e-01  0.000000e+00
   outer loop
     vertex -1.986075e+01  1.778761e+00  0.000000e+00
     vertex -1.975513e+01  1.859810e+00  1.510000e+00
     vertex -1.986075e+01  1.778761e+00  1.510000e+00
   endloop
 endfacet
 facet normal  7.933533e-01 -6.087614e-01  0.000000e+00
   outer loop
     vertex -1.994180e+01  1.673137e+00  0.000000e+00
     vertex -1.986075e+01  1.778761e+00  0.000000e+00
     vertex -1.994180e+01  1.673137e+00  1.510000e+00
   endloop
 endfacet
 facet normal  9.238795e-01 -3.826834e-01  0.000000e+00
   outer loop
     vertex -1.994180e+01  1.673137e+00  0.000000e+00
     vertex -1.994180e+01  1.673137e+00  1.510000e+00
     vertex -1.999275e+01  1.550135e+00  1.510000e+00
   endloop
 endfacet
 facet normal  9.238795e-01 -3.826834e-01  0.000000e+00
   outer loop
     vertex -1.999275e+01  1.550135e+00  0.000000e+00
     vertex -1.994180e+01  1.673137e+00  0.000000e+00
     vertex -1.999275e+01  1.550135e+00  1.510000e+00
   endloop
 endfacet
 facet normal  9.914449e-01 -1.305262e-01  0.000000e+00
   outer loop
     vertex -2.001013e+01  1.418137e+00  0.000000e+00
     vertex -1.999275e+01  1.550135e+00  0.000000e+00
     vertex -1.999275e+01  1.550135e+00  1.510000e+00
   endloop
 endfacet
 facet normal  9.914449e-01 -1.305262e-01  0.000000e+00
   outer loop
     vertex -2.001013e+01  1.418137e+00  0.000000e+00
     vertex -1.999275e+01  1.550135e+00  1.510000e+00
     vertex -2.001013e+01  1.418137e+00  1.510000e+00
   endloop
 endfacet
 facet normal  9.914449e-01  1.305262e-01 -0.000000e+00
   outer loop
     vertex -1.999275e+01  1.286139e+00  0.000000e+00
     vertex -2.001013e+01  1.418137e+00  1.510000e+00
     vertex -1.999275e+01  1.286139e+00  1.510000e+00
   endloop
 endfacet
 facet normal  9.914449e-01  1.305262e-01  0.000000e+00
   outer loop
     vertex -1.999275e+01  1.286139e+00  0.000000e+00
     vertex -2.001013e+01  1.418137e+00  0.000000e+00
     vertex -2.001013e+01  1.418137e+00  1.510000e+00
   endloop
 endfacet
 facet normal  9.238795e-01  3.826834e-01 -0.000000e+00
   outer loop
     vertex -1.994180e+01  1.163137e+00  0.000000e+00
     vertex -1.999275e+01  1.286139e+00  1.510000e+00
     vertex -1.994180e+01  1.163137e+00  1.510000e+00
   endloop
 endfacet
 facet normal  9.238795e-01  3.826834e-01  0.000000e+00
   outer loop
     vertex -1.994180e+01  1.163137e+00  0.000000e+00
     vertex -1.999275e+01  1.286139e+00  0.000000e+00
     vertex -1.999275e+01  1.286139e+00  1.510000e+00
   endloop
 endfacet
 facet normal  6.087614e-01  7.933533e-01 -0.000000e+00
   outer loop
     vertex -1.986075e+01  1.057513e+00  0.000000e+00
     vertex -1.986075e+01  1.057513e+00  1.510000e+00
     vertex -1.975513e+01  9.764640e-01  1.510000e+00
   endloop
 endfacet
 facet normal  7.933533e-01  6.087614e-01 -0.000000e+00
   outer loop
     vertex -1.986075e+01  1.057513e+00  0.000000e+00
     vertex -1.994180e+01  1.163137e+00  1.510000e+00
     vertex -1.986075e+01  1.057513e+00  1.510000e+00
   endloop
 endfacet
 facet normal  7.933533e-01  6.087614e-01  0.000000e+00
   outer loop
     vertex -1.986075e+01  1.057513e+00  0.000000e+00
     vertex -1.994180e+01  1.163137e+00  0.000000e+00
     vertex -1.994180e+01  1.163137e+00  1.510000e+00
   endloop
 endfacet
 facet normal  6.087614e-01  7.933533e-01 -0.000000e+00
   outer loop
     vertex -1.975513e+01  9.764640e-01  0.000000e+00
     vertex -1.986075e+01  1.057513e+00  0.000000e+00
     vertex -1.975513e+01  9.764640e-01  1.510000e+00
   endloop
 endfacet
 facet normal  3.826834e-01  9.238795e-01 -0.000000e+00
   outer loop
     vertex -1.963213e+01  9.255148e-01  0.000000e+00
     vertex -1.975513e+01  9.764640e-01  1.510000e+00
     vertex -1.963213e+01  9.255148e-01  1.510000e+00
   endloop
 endfacet
 facet normal  3.826834e-01  9.238795e-01  0.000000e+00
   outer loop
     vertex -1.963213e+01  9.255148e-01  0.000000e+00
     vertex -1.975513e+01  9.764640e-01  0.000000e+00
     vertex -1.975513e+01  9.764640e-01  1.510000e+00
   endloop
 endfacet
 facet normal  1.305262e-01  9.914449e-01 -0.000000e+00
   outer loop
     vertex -1.950013e+01  9.081370e-01  0.000000e+00
     vertex -1.963213e+01  9.255148e-01  1.510000e+00
     vertex -1.950013e+01  9.081370e-01  1.510000e+00
   endloop
 endfacet
 facet normal  1.305262e-01  9.914449e-01  0.000000e+00
   outer loop
     vertex -1.950013e+01  9.081370e-01  0.000000e+00
     vertex -1.963213e+01  9.255148e-01  0.000000e+00
     vertex -1.963213e+01  9.255148e-01  1.510000e+00
   endloop
 endfacet
 facet normal -1.305262e-01  9.914449e-01  0.000000e+00
   outer loop
     vertex -1.636813e+01  9.255148e-01  0.000000e+00
     vertex -1.650013e+01  9.081370e-01  0.000000e+00
     vertex -1.650013e+01  9.081370e-01  1.510000e+00
   endloop
 endfacet
 facet normal -1.305262e-01  9.914449e-01  0.000000e+00
   outer loop
     vertex -1.636813e+01  9.255148e-01  0.000000e+00
     vertex -1.650013e+01  9.081370e-01  1.510000e+00
     vertex -1.636813e+01  9.255148e-01  1.510000e+00
   endloop
 endfacet
 facet normal -3.826834e-01  9.238795e-01  0.000000e+00
   outer loop
     vertex -1.624513e+01  9.764640e-01  0.000000e+00
     vertex -1.636813e+01  9.255148e-01  1.510000e+00
     vertex -1.624513e+01  9.764640e-01  1.510000e+00
   endloop
 endfacet
 facet normal -3.826834e-01  9.238795e-01  0.000000e+00
   outer loop
     vertex -1.624513e+01  9.764640e-01  0.000000e+00
     vertex -1.636813e+01  9.255148e-01  0.000000e+00
     vertex -1.636813e+01  9.255148e-01  1.510000e+00
   endloop
 endfacet
 facet normal -6.087614e-01  7.933533e-01  0.000000e+00
   outer loop
     vertex -1.613950e+01  1.057513e+00  0.000000e+00
     vertex -1.624513e+01  9.764640e-01  1.510000e+00
     vertex -1.613950e+01  1.057513e+00  1.510000e+00
   endloop
 endfacet
 facet normal -6.087614e-01  7.933533e-01  0.000000e+00
   outer loop
     vertex -1.613950e+01  1.057513e+00  0.000000e+00
     vertex -1.624513e+01  9.764640e-01  0.000000e+00
     vertex -1.624513e+01  9.764640e-01  1.510000e+00
   endloop
 endfacet
 facet normal -7.933533e-01  6.087614e-01  0.000000e+00
   outer loop
     vertex -1.605846e+01  1.163137e+00  0.000000e+00
     vertex -1.613950e+01  1.057513e+00  1.510000e+00
     vertex -1.605846e+01  1.163137e+00  1.510000e+00
   endloop
 endfacet
 facet normal -7.933533e-01  6.087614e-01  0.000000e+00
   outer loop
     vertex -1.605846e+01  1.163137e+00  0.000000e+00
     vertex -1.613950e+01  1.057513e+00  0.000000e+00
     vertex -1.613950e+01  1.057513e+00  1.510000e+00
   endloop
 endfacet
 facet normal -9.238795e-01  3.826834e-01  0.000000e+00
   outer loop
     vertex -1.600751e+01  1.286139e+00  0.000000e+00
     vertex -1.605846e+01  1.163137e+00  1.510000e+00
     vertex -1.600751e+01  1.286139e+00  1.510000e+00
   endloop
 endfacet
 facet normal -9.238795e-01  3.826834e-01  0.000000e+00
   outer loop
     vertex -1.600751e+01  1.286139e+00  0.000000e+00
     vertex -1.605846e+01  1.163137e+00  0.000000e+00
     vertex -1.605846e+01  1.163137e+00  1.510000e+00
   endloop
 endfacet
 facet normal -9.914449e-01  1.305262e-01  0.000000e+00
   outer loop
     vertex -1.599013e+01  1.418137e+00  0.000000e+00
     vertex -1.600751e+01  1.286139e+00  1.510000e+00
     vertex -1.599013e+01  1.418137e+00  1.510000e+00
   endloop
 endfacet
 facet normal -9.914449e-01  1.305262e-01  0.000000e+00
   outer loop
     vertex -1.599013e+01  1.418137e+00  0.000000e+00
     vertex -1.600751e+01  1.286139e+00  0.000000e+00
     vertex -1.600751e+01  1.286139e+00  1.510000e+00
   endloop
 endfacet
 facet normal -9.914449e-01 -1.305262e-01  0.000000e+00
   outer loop
     vertex -1.600751e+01  1.550135e+00  0.000000e+00
     vertex -1.599013e+01  1.418137e+00  1.510000e+00
     vertex -1.600751e+01  1.550135e+00  1.510000e+00
   endloop
 endfacet
 facet normal -9.914449e-01 -1.305262e-01  0.000000e+00
   outer loop
     vertex -1.600751e+01  1.550135e+00  0.000000e+00
     vertex -1.599013e+01  1.418137e+00  0.000000e+00
     vertex -1.599013e+01  1.418137e+00  1.510000e+00
   endloop
 endfacet
 facet normal -9.238795e-01 -3.826834e-01  0.000000e+00
   outer loop
     vertex -1.605846e+01  1.673137e+00  0.000000e+00
     vertex -1.600751e+01  1.550135e+00  1.510000e+00
     vertex -1.605846e+01  1.673137e+00  1.510000e+00
   endloop
 endfacet
 facet normal -9.238795e-01 -3.826834e-01  0.000000e+00
   outer loop
     vertex -1.605846e+01  1.673137e+00  0.000000e+00
     vertex -1.600751e+01  1.550135e+00  0.000000e+00
     vertex -1.600751e+01  1.550135e+00  1.510000e+00
   endloop
 endfacet
 facet normal -7.933533e-01 -6.087614e-01  0.000000e+00
   outer loop
     vertex -1.613950e+01  1.778761e+00  0.000000e+00
     vertex -1.605846e+01  1.673137e+00  1.510000e+00
     vertex -1.613950e+01  1.778761e+00  1.510000e+00
   endloop
 endfacet
 facet normal -7.933533e-01 -6.087614e-01  0.000000e+00
   outer loop
     vertex -1.613950e+01  1.778761e+00  0.000000e+00
     vertex -1.605846e+01  1.673137e+00  0.000000e+00
     vertex -1.605846e+01  1.673137e+00  1.510000e+00
   endloop
 endfacet
 facet normal -6.087614e-01 -7.933533e-01  0.000000e+00
   outer loop
     vertex -1.624513e+01  1.859810e+00  0.000000e+00
     vertex -1.613950e+01  1.778761e+00  1.510000e+00
     vertex -1.624513e+01  1.859810e+00  1.510000e+00
   endloop
 endfacet
 facet normal -6.087614e-01 -7.933533e-01  0.000000e+00
   outer loop
     vertex -1.624513e+01  1.859810e+00  0.000000e+00
     vertex -1.613950e+01  1.778761e+00  0.000000e+00
     vertex -1.613950e+01  1.778761e+00  1.510000e+00
   endloop
 endfacet
 facet normal -3.826834e-01 -9.238795e-01  0.000000e+00
   outer loop
     vertex -1.636813e+01  1.910759e+00  0.000000e+00
     vertex -1.624513e+01  1.859810e+00  1.510000e+00
     vertex -1.636813e+01  1.910759e+00  1.510000e+00
   endloop
 endfacet
 facet normal -3.826834e-01 -9.238795e-01  0.000000e+00
   outer loop
     vertex -1.636813e+01  1.910759e+00  0.000000e+00
     vertex -1.624513e+01  1.859810e+00  0.000000e+00
     vertex -1.624513e+01  1.859810e+00  1.510000e+00
   endloop
 endfacet
 facet normal -1.305262e-01 -9.914449e-01  0.000000e+00
   outer loop
     vertex -1.650013e+01  1.928137e+00  0.000000e+00
     vertex -1.636813e+01  1.910759e+00  1.510000e+00
     vertex -1.650013e+01  1.928137e+00  1.510000e+00
   endloop
 endfacet
 facet normal -1.305262e-01 -9.914449e-01  0.000000e+00
   outer loop
     vertex -1.650013e+01  1.928137e+00  0.000000e+00
     vertex -1.636813e+01  1.910759e+00  0.000000e+00
     vertex -1.636813e+01  1.910759e+00  1.510000e+00
   endloop
 endfacet
 facet normal  1.305262e-01 -9.914449e-01  0.000000e+00
   outer loop
     vertex -1.663213e+01  1.910759e+00  0.000000e+00
     vertex -1.650013e+01  1.928137e+00  1.510000e+00
     vertex -1.663213e+01  1.910759e+00  1.510000e+00
   endloop
 endfacet
 facet normal  1.305262e-01 -9.914449e-01  0.000000e+00
   outer loop
     vertex -1.663213e+01  1.910759e+00  0.000000e+00
     vertex -1.650013e+01  1.928137e+00  0.000000e+00
     vertex -1.650013e+01  1.928137e+00  1.510000e+00
   endloop
 endfacet
 facet normal  3.826834e-01 -9.238795e-01  0.000000e+00
   outer loop
     vertex -1.675513e+01  1.859810e+00  0.000000e+00
     vertex -1.663213e+01  1.910759e+00  0.000000e+00
     vertex -1.663213e+01  1.910759e+00  1.510000e+00
   endloop
 endfacet
 facet normal  3.826834e-01 -9.238795e-01  0.000000e+00
   outer loop
     vertex -1.675513e+01  1.859810e+00  0.000000e+00
     vertex -1.663213e+01  1.910759e+00  1.510000e+00
     vertex -1.675513e+01  1.859810e+00  1.510000e+00
   endloop
 endfacet
 facet normal  6.087614e-01 -7.933533e-01  0.000000e+00
   outer loop
     vertex -1.686075e+01  1.778761e+00  0.000000e+00
     vertex -1.675513e+01  1.859810e+00  0.000000e+00
     vertex -1.675513e+01  1.859810e+00  1.510000e+00
   endloop
 endfacet
 facet normal  7.933533e-01 -6.087614e-01  0.000000e+00
   outer loop
     vertex -1.686075e+01  1.778761e+00  0.000000e+00
     vertex -1.686075e+01  1.778761e+00  1.510000e+00
     vertex -1.694180e+01  1.673137e+00  1.510000e+00
   endloop
 endfacet
 facet normal  6.087614e-01 -7.933533e-01  0.000000e+00
   outer loop
     vertex -1.686075e+01  1.778761e+00  0.000000e+00
     vertex -1.675513e+01  1.859810e+00  1.510000e+00
     vertex -1.686075e+01  1.778761e+00  1.510000e+00
   endloop
 endfacet
 facet normal  7.933533e-01 -6.087614e-01  0.000000e+00
   outer loop
     vertex -1.694180e+01  1.673137e+00  0.000000e+00
     vertex -1.686075e+01  1.778761e+00  0.000000e+00
     vertex -1.694180e+01  1.673137e+00  1.510000e+00
   endloop
 endfacet
 facet normal  9.238795e-01 -3.826834e-01  0.000000e+00
   outer loop
     vertex -1.694180e+01  1.673137e+00  0.000000e+00
     vertex -1.694180e+01  1.673137e+00  1.510000e+00
     vertex -1.699275e+01  1.550135e+00  1.510000e+00
   endloop
 endfacet
 facet normal  9.238795e-01 -3.826834e-01  0.000000e+00
   outer loop
     vertex -1.699275e+01  1.550135e+00  0.000000e+00
     vertex -1.694180e+01  1.673137e+00  0.000000e+00
     vertex -1.699275e+01  1.550135e+00  1.510000e+00
   endloop
 endfacet
 facet normal  9.914449e-01 -1.305262e-01  0.000000e+00
   outer loop
     vertex -1.701013e+01  1.418137e+00  0.000000e+00
     vertex -1.699275e+01  1.550135e+00  0.000000e+00
     vertex -1.699275e+01  1.550135e+00  1.510000e+00
   endloop
 endfacet
 facet normal  9.914449e-01 -1.305262e-01  0.000000e+00
   outer loop
     vertex -1.701013e+01  1.418137e+00  0.000000e+00
     vertex -1.699275e+01  1.550135e+00  1.510000e+00
     vertex -1.701013e+01  1.418137e+00  1.510000e+00
   endloop
 endfacet
 facet normal  9.914449e-01  1.305262e-01 -0.000000e+00
   outer loop
     vertex -1.699275e+01  1.286139e+00  0.000000e+00
     vertex -1.701013e+01  1.418137e+00  1.510000e+00
     vertex -1.699275e+01  1.286139e+00  1.510000e+00
   endloop
 endfacet
 facet normal  9.914449e-01  1.305262e-01  0.000000e+00
   outer loop
     vertex -1.699275e+01  1.286139e+00  0.000000e+00
     vertex -1.701013e+01  1.418137e+00  0.000000e+00
     vertex -1.701013e+01  1.418137e+00  1.510000e+00
   endloop
 endfacet
 facet normal  9.238795e-01  3.826834e-01 -0.000000e+00
   outer loop
     vertex -1.694180e+01  1.163137e+00  0.000000e+00
     vertex -1.699275e+01  1.286139e+00  1.510000e+00
     vertex -1.694180e+01  1.163137e+00  1.510000e+00
   endloop
 endfacet
 facet normal  9.238795e-01  3.826834e-01  0.000000e+00
   outer loop
     vertex -1.694180e+01  1.163137e+00  0.000000e+00
     vertex -1.699275e+01  1.286139e+00  0.000000e+00
     vertex -1.699275e+01  1.286139e+00  1.510000e+00
   endloop
 endfacet
 facet normal  6.087614e-01  7.933533e-01 -0.000000e+00
   outer loop
     vertex -1.686075e+01  1.057513e+00  0.000000e+00
     vertex -1.686075e+01  1.057513e+00  1.510000e+00
     vertex -1.675513e+01  9.764640e-01  1.510000e+00
   endloop
 endfacet
 facet normal  7.933533e-01  6.087614e-01 -0.000000e+00
   outer loop
     vertex -1.686075e+01  1.057513e+00  0.000000e+00
     vertex -1.694180e+01  1.163137e+00  1.510000e+00
     vertex -1.686075e+01  1.057513e+00  1.510000e+00
   endloop
 endfacet
 facet normal  7.933533e-01  6.087614e-01  0.000000e+00
   outer loop
     vertex -1.686075e+01  1.057513e+00  0.000000e+00
     vertex -1.694180e+01  1.163137e+00  0.000000e+00
     vertex -1.694180e+01  1.163137e+00  1.510000e+00
   endloop
 endfacet
 facet normal  6.087614e-01  7.933533e-01 -0.000000e+00
   outer loop
     vertex -1.675513e+01  9.764640e-01  0.000000e+00
     vertex -1.686075e+01  1.057513e+00  0.000000e+00
     vertex -1.675513e+01  9.764640e-01  1.510000e+00
   endloop
 endfacet
 facet normal  3.826834e-01  9.238795e-01 -0.000000e+00
   outer loop
     vertex -1.663213e+01  9.255148e-01  0.000000e+00
     vertex -1.675513e+01  9.764640e-01  1.510000e+00
     vertex -1.663213e+01  9.255148e-01  1.510000e+00
   endloop
 endfacet
 facet normal  3.826834e-01  9.238795e-01  0.000000e+00
   outer loop
     vertex -1.663213e+01  9.255148e-01  0.000000e+00
     vertex -1.675513e+01  9.764640e-01  0.000000e+00
     vertex -1.675513e+01  9.764640e-01  1.510000e+00
   endloop
 endfacet
 facet normal  1.305262e-01  9.914449e-01 -0.000000e+00
   outer loop
     vertex -1.650013e+01  9.081370e-01  0.000000e+00
     vertex -1.663213e+01  9.255148e-01  1.510000e+00
     vertex -1.650013e+01  9.081370e-01  1.510000e+00
   endloop
 endfacet
 facet normal  1.305262e-01  9.914449e-01  0.000000e+00
   outer loop
     vertex -1.650013e+01  9.081370e-01  0.000000e+00
     vertex -1.663213e+01  9.255148e-01  0.000000e+00
     vertex -1.663213e+01  9.255148e-01  1.510000e+00
   endloop
 endfacet
 facet normal -1.305262e-01  9.914449e-01  0.000000e+00
   outer loop
     vertex -1.936813e+01  3.925515e+00  0.000000e+00
     vertex -1.950013e+01  3.908137e+00  0.000000e+00
     vertex -1.950013e+01  3.908137e+00  1.510000e+00
   endloop
 endfacet
 facet normal -1.305262e-01  9.914449e-01  0.000000e+00
   outer loop
     vertex -1.936813e+01  3.925515e+00  0.000000e+00
     vertex -1.950013e+01  3.908137e+00  1.510000e+00
     vertex -1.936813e+01  3.925515e+00  1.510000e+00
   endloop
 endfacet
 facet normal -3.826834e-01  9.238795e-01  0.000000e+00
   outer loop
     vertex -1.924513e+01  3.976464e+00  0.000000e+00
     vertex -1.936813e+01  3.925515e+00  1.510000e+00
     vertex -1.924513e+01  3.976464e+00  1.510000e+00
   endloop
 endfacet
 facet normal -3.826834e-01  9.238795e-01  0.000000e+00
   outer loop
     vertex -1.924513e+01  3.976464e+00  0.000000e+00
     vertex -1.936813e+01  3.925515e+00  0.000000e+00
     vertex -1.936813e+01  3.925515e+00  1.510000e+00
   endloop
 endfacet
 facet normal -6.087614e-01  7.933533e-01  0.000000e+00
   outer loop
     vertex -1.913950e+01  4.057513e+00  0.000000e+00
     vertex -1.924513e+01  3.976464e+00  1.510000e+00
     vertex -1.913950e+01  4.057513e+00  1.510000e+00
   endloop
 endfacet
 facet normal -6.087614e-01  7.933533e-01  0.000000e+00
   outer loop
     vertex -1.913950e+01  4.057513e+00  0.000000e+00
     vertex -1.924513e+01  3.976464e+00  0.000000e+00
     vertex -1.924513e+01  3.976464e+00  1.510000e+00
   endloop
 endfacet
 facet normal -7.933533e-01  6.087614e-01  0.000000e+00
   outer loop
     vertex -1.905846e+01  4.163137e+00  0.000000e+00
     vertex -1.913950e+01  4.057513e+00  1.510000e+00
     vertex -1.905846e+01  4.163137e+00  1.510000e+00
   endloop
 endfacet
 facet normal -7.933533e-01  6.087614e-01  0.000000e+00
   outer loop
     vertex -1.905846e+01  4.163137e+00  0.000000e+00
     vertex -1.913950e+01  4.057513e+00  0.000000e+00
     vertex -1.913950e+01  4.057513e+00  1.510000e+00
   endloop
 endfacet
 facet normal -9.238795e-01  3.826834e-01  0.000000e+00
   outer loop
     vertex -1.900751e+01  4.286139e+00  0.000000e+00
     vertex -1.905846e+01  4.163137e+00  1.510000e+00
     vertex -1.900751e+01  4.286139e+00  1.510000e+00
   endloop
 endfacet
 facet normal -9.238795e-01  3.826834e-01  0.000000e+00
   outer loop
     vertex -1.900751e+01  4.286139e+00  0.000000e+00
     vertex -1.905846e+01  4.163137e+00  0.000000e+00
     vertex -1.905846e+01  4.163137e+00  1.510000e+00
   endloop
 endfacet
 facet normal -9.914449e-01  1.305262e-01  0.000000e+00
   outer loop
     vertex -1.899013e+01  4.418137e+00  0.000000e+00
     vertex -1.900751e+01  4.286139e+00  1.510000e+00
     vertex -1.899013e+01  4.418137e+00  1.510000e+00
   endloop
 endfacet
 facet normal -9.914449e-01  1.305262e-01  0.000000e+00
   outer loop
     vertex -1.899013e+01  4.418137e+00  0.000000e+00
     vertex -1.900751e+01  4.286139e+00  0.000000e+00
     vertex -1.900751e+01  4.286139e+00  1.510000e+00
   endloop
 endfacet
 facet normal -9.914449e-01 -1.305262e-01  0.000000e+00
   outer loop
     vertex -1.900751e+01  4.550135e+00  0.000000e+00
     vertex -1.899013e+01  4.418137e+00  1.510000e+00
     vertex -1.900751e+01  4.550135e+00  1.510000e+00
   endloop
 endfacet
 facet normal -9.914449e-01 -1.305262e-01  0.000000e+00
   outer loop
     vertex -1.900751e+01  4.550135e+00  0.000000e+00
     vertex -1.899013e+01  4.418137e+00  0.000000e+00
     vertex -1.899013e+01  4.418137e+00  1.510000e+00
   endloop
 endfacet
 facet normal -9.238795e-01 -3.826834e-01  0.000000e+00
   outer loop
     vertex -1.905846e+01  4.673137e+00  0.000000e+00
     vertex -1.900751e+01  4.550135e+00  1.510000e+00
     vertex -1.905846e+01  4.673137e+00  1.510000e+00
   endloop
 endfacet
 facet normal -9.238795e-01 -3.826834e-01  0.000000e+00
   outer loop
     vertex -1.905846e+01  4.673137e+00  0.000000e+00
     vertex -1.900751e+01  4.550135e+00  0.000000e+00
     vertex -1.900751e+01  4.550135e+00  1.510000e+00
   endloop
 endfacet
 facet normal -7.933533e-01 -6.087614e-01  0.000000e+00
   outer loop
     vertex -1.913950e+01  4.778761e+00  0.000000e+00
     vertex -1.905846e+01  4.673137e+00  1.510000e+00
     vertex -1.913950e+01  4.778761e+00  1.510000e+00
   endloop
 endfacet
 facet normal -7.933533e-01 -6.087614e-01  0.000000e+00
   outer loop
     vertex -1.913950e+01  4.778761e+00  0.000000e+00
     vertex -1.905846e+01  4.673137e+00  0.000000e+00
     vertex -1.905846e+01  4.673137e+00  1.510000e+00
   endloop
 endfacet
 facet normal -6.087614e-01 -7.933533e-01  0.000000e+00
   outer loop
     vertex -1.924513e+01  4.859810e+00  0.000000e+00
     vertex -1.913950e+01  4.778761e+00  1.510000e+00
     vertex -1.924513e+01  4.859810e+00  1.510000e+00
   endloop
 endfacet
 facet normal -6.087614e-01 -7.933533e-01  0.000000e+00
   outer loop
     vertex -1.924513e+01  4.859810e+00  0.000000e+00
     vertex -1.913950e+01  4.778761e+00  0.000000e+00
     vertex -1.913950e+01  4.778761e+00  1.510000e+00
   endloop
 endfacet
 facet normal -3.826834e-01 -9.238795e-01  0.000000e+00
   outer loop
     vertex -1.936813e+01  4.910759e+00  0.000000e+00
     vertex -1.924513e+01  4.859810e+00  1.510000e+00
     vertex -1.936813e+01  4.910759e+00  1.510000e+00
   endloop
 endfacet
 facet normal -3.826834e-01 -9.238795e-01  0.000000e+00
   outer loop
     vertex -1.936813e+01  4.910759e+00  0.000000e+00
     vertex -1.924513e+01  4.859810e+00  0.000000e+00
     vertex -1.924513e+01  4.859810e+00  1.510000e+00
   endloop
 endfacet
 facet normal -1.305262e-01 -9.914449e-01  0.000000e+00
   outer loop
     vertex -1.950013e+01  4.928137e+00  0.000000e+00
     vertex -1.936813e+01  4.910759e+00  1.510000e+00
     vertex -1.950013e+01  4.928137e+00  1.510000e+00
   endloop
 endfacet
 facet normal -1.305262e-01 -9.914449e-01  0.000000e+00
   outer loop
     vertex -1.950013e+01  4.928137e+00  0.000000e+00
     vertex -1.936813e+01  4.910759e+00  0.000000e+00
     vertex -1.936813e+01  4.910759e+00  1.510000e+00
   endloop
 endfacet
 facet normal  1.305262e-01 -9.914449e-01  0.000000e+00
   outer loop
     vertex -1.963213e+01  4.910759e+00  0.000000e+00
     vertex -1.950013e+01  4.928137e+00  1.510000e+00
     vertex -1.963213e+01  4.910759e+00  1.510000e+00
   endloop
 endfacet
 facet normal  1.305262e-01 -9.914449e-01  0.000000e+00
   outer loop
     vertex -1.963213e+01  4.910759e+00  0.000000e+00
     vertex -1.950013e+01  4.928137e+00  0.000000e+00
     vertex -1.950013e+01  4.928137e+00  1.510000e+00
   endloop
 endfacet
 facet normal  3.826834e-01 -9.238795e-01  0.000000e+00
   outer loop
     vertex -1.975513e+01  4.859810e+00  0.000000e+00
     vertex -1.963213e+01  4.910759e+00  0.000000e+00
     vertex -1.963213e+01  4.910759e+00  1.510000e+00
   endloop
 endfacet
 facet normal  3.826834e-01 -9.238795e-01  0.000000e+00
   outer loop
     vertex -1.975513e+01  4.859810e+00  0.000000e+00
     vertex -1.963213e+01  4.910759e+00  1.510000e+00
     vertex -1.975513e+01  4.859810e+00  1.510000e+00
   endloop
 endfacet
 facet normal  6.087614e-01 -7.933533e-01  0.000000e+00
   outer loop
     vertex -1.986075e+01  4.778761e+00  0.000000e+00
     vertex -1.975513e+01  4.859810e+00  0.000000e+00
     vertex -1.975513e+01  4.859810e+00  1.510000e+00
   endloop
 endfacet
 facet normal  7.933533e-01 -6.087614e-01  0.000000e+00
   outer loop
     vertex -1.986075e+01  4.778761e+00  0.000000e+00
     vertex -1.986075e+01  4.778761e+00  1.510000e+00
     vertex -1.994180e+01  4.673137e+00  1.510000e+00
   endloop
 endfacet
 facet normal  6.087614e-01 -7.933533e-01  0.000000e+00
   outer loop
     vertex -1.986075e+01  4.778761e+00  0.000000e+00
     vertex -1.975513e+01  4.859810e+00  1.510000e+00
     vertex -1.986075e+01  4.778761e+00  1.510000e+00
   endloop
 endfacet
 facet normal  7.933533e-01 -6.087614e-01  0.000000e+00
   outer loop
     vertex -1.994180e+01  4.673137e+00  0.000000e+00
     vertex -1.986075e+01  4.778761e+00  0.000000e+00
     vertex -1.994180e+01  4.673137e+00  1.510000e+00
   endloop
 endfacet
 facet normal  9.238795e-01 -3.826834e-01  0.000000e+00
   outer loop
     vertex -1.994180e+01  4.673137e+00  0.000000e+00
     vertex -1.994180e+01  4.673137e+00  1.510000e+00
     vertex -1.999275e+01  4.550135e+00  1.510000e+00
   endloop
 endfacet
 facet normal  9.238795e-01 -3.826834e-01  0.000000e+00
   outer loop
     vertex -1.999275e+01  4.550135e+00  0.000000e+00
     vertex -1.994180e+01  4.673137e+00  0.000000e+00
     vertex -1.999275e+01  4.550135e+00  1.510000e+00
   endloop
 endfacet
 facet normal  9.914449e-01 -1.305262e-01  0.000000e+00
   outer loop
     vertex -2.001013e+01  4.418137e+00  0.000000e+00
     vertex -1.999275e+01  4.550135e+00  0.000000e+00
     vertex -1.999275e+01  4.550135e+00  1.510000e+00
   endloop
 endfacet
 facet normal  9.914449e-01 -1.305262e-01  0.000000e+00
   outer loop
     vertex -2.001013e+01  4.418137e+00  0.000000e+00
     vertex -1.999275e+01  4.550135e+00  1.510000e+00
     vertex -2.001013e+01  4.418137e+00  1.510000e+00
   endloop
 endfacet
 facet normal  9.914449e-01  1.305262e-01 -0.000000e+00
   outer loop
     vertex -1.999275e+01  4.286139e+00  0.000000e+00
     vertex -2.001013e+01  4.418137e+00  1.510000e+00
     vertex -1.999275e+01  4.286139e+00  1.510000e+00
   endloop
 endfacet
 facet normal  9.914449e-01  1.305262e-01  0.000000e+00
   outer loop
     vertex -1.999275e+01  4.286139e+00  0.000000e+00
     vertex -2.001013e+01  4.418137e+00  0.000000e+00
     vertex -2.001013e+01  4.418137e+00  1.510000e+00
   endloop
 endfacet
 facet normal  9.238795e-01  3.826834e-01 -0.000000e+00
   outer loop
     vertex -1.994180e+01  4.163137e+00  0.000000e+00
     vertex -1.999275e+01  4.286139e+00  1.510000e+00
     vertex -1.994180e+01  4.163137e+00  1.510000e+00
   endloop
 endfacet
 facet normal  9.238795e-01  3.826834e-01  0.000000e+00
   outer loop
     vertex -1.994180e+01  4.163137e+00  0.000000e+00
     vertex -1.999275e+01  4.286139e+00  0.000000e+00
     vertex -1.999275e+01  4.286139e+00  1.510000e+00
   endloop
 endfacet
 facet normal  6.087614e-01  7.933533e-01 -0.000000e+00
   outer loop
     vertex -1.986075e+01  4.057513e+00  0.000000e+00
     vertex -1.986075e+01  4.057513e+00  1.510000e+00
     vertex -1.975513e+01  3.976464e+00  1.510000e+00
   endloop
 endfacet
 facet normal  7.933533e-01  6.087614e-01 -0.000000e+00
   outer loop
     vertex -1.986075e+01  4.057513e+00  0.000000e+00
     vertex -1.994180e+01  4.163137e+00  1.510000e+00
     vertex -1.986075e+01  4.057513e+00  1.510000e+00
   endloop
 endfacet
 facet normal  7.933533e-01  6.087614e-01  0.000000e+00
   outer loop
     vertex -1.986075e+01  4.057513e+00  0.000000e+00
     vertex -1.994180e+01  4.163137e+00  0.000000e+00
     vertex -1.994180e+01  4.163137e+00  1.510000e+00
   endloop
 endfacet
 facet normal  6.087614e-01  7.933533e-01 -0.000000e+00
   outer loop
     vertex -1.975513e+01  3.976464e+00  0.000000e+00
     vertex -1.986075e+01  4.057513e+00  0.000000e+00
     vertex -1.975513e+01  3.976464e+00  1.510000e+00
   endloop
 endfacet
 facet normal  3.826834e-01  9.238795e-01 -0.000000e+00
   outer loop
     vertex -1.963213e+01  3.925515e+00  0.000000e+00
     vertex -1.975513e+01  3.976464e+00  1.510000e+00
     vertex -1.963213e+01  3.925515e+00  1.510000e+00
   endloop
 endfacet
 facet normal  3.826834e-01  9.238795e-01  0.000000e+00
   outer loop
     vertex -1.963213e+01  3.925515e+00  0.000000e+00
     vertex -1.975513e+01  3.976464e+00  0.000000e+00
     vertex -1.975513e+01  3.976464e+00  1.510000e+00
   endloop
 endfacet
 facet normal  1.305262e-01  9.914449e-01 -0.000000e+00
   outer loop
     vertex -1.950013e+01  3.908137e+00  0.000000e+00
     vertex -1.963213e+01  3.925515e+00  1.510000e+00
     vertex -1.950013e+01  3.908137e+00  1.510000e+00
   endloop
 endfacet
 facet normal  1.305262e-01  9.914449e-01  0.000000e+00
   outer loop
     vertex -1.950013e+01  3.908137e+00  0.000000e+00
     vertex -1.963213e+01  3.925515e+00  0.000000e+00
     vertex -1.963213e+01  3.925515e+00  1.510000e+00
   endloop
 endfacet
 facet normal -1.305262e-01  9.914449e-01  0.000000e+00
   outer loop
     vertex -1.636813e+01  3.925515e+00  0.000000e+00
     vertex -1.650013e+01  3.908137e+00  0.000000e+00
     vertex -1.650013e+01  3.908137e+00  1.510000e+00
   endloop
 endfacet
 facet normal -1.305262e-01  9.914449e-01  0.000000e+00
   outer loop
     vertex -1.636813e+01  3.925515e+00  0.000000e+00
     vertex -1.650013e+01  3.908137e+00  1.510000e+00
     vertex -1.636813e+01  3.925515e+00  1.510000e+00
   endloop
 endfacet
 facet normal -3.826834e-01  9.238795e-01  0.000000e+00
   outer loop
     vertex -1.624513e+01  3.976464e+00  0.000000e+00
     vertex -1.636813e+01  3.925515e+00  1.510000e+00
     vertex -1.624513e+01  3.976464e+00  1.510000e+00
   endloop
 endfacet
 facet normal -3.826834e-01  9.238795e-01  0.000000e+00
   outer loop
     vertex -1.624513e+01  3.976464e+00  0.000000e+00
     vertex -1.636813e+01  3.925515e+00  0.000000e+00
     vertex -1.636813e+01  3.925515e+00  1.510000e+00
   endloop
 endfacet
 facet normal -6.087614e-01  7.933533e-01  0.000000e+00
   outer loop
     vertex -1.613950e+01  4.057513e+00  0.000000e+00
     vertex -1.624513e+01  3.976464e+00  1.510000e+00
     vertex -1.613950e+01  4.057513e+00  1.510000e+00
   endloop
 endfacet
 facet normal -6.087614e-01  7.933533e-01  0.000000e+00
   outer loop
     vertex -1.613950e+01  4.057513e+00  0.000000e+00
     vertex -1.624513e+01  3.976464e+00  0.000000e+00
     vertex -1.624513e+01  3.976464e+00  1.510000e+00
   endloop
 endfacet
 facet normal -7.933533e-01  6.087614e-01  0.000000e+00
   outer loop
     vertex -1.605846e+01  4.163137e+00  0.000000e+00
     vertex -1.613950e+01  4.057513e+00  1.510000e+00
     vertex -1.605846e+01  4.163137e+00  1.510000e+00
   endloop
 endfacet
 facet normal -7.933533e-01  6.087614e-01  0.000000e+00
   outer loop
     vertex -1.605846e+01  4.163137e+00  0.000000e+00
     vertex -1.613950e+01  4.057513e+00  0.000000e+00
     vertex -1.613950e+01  4.057513e+00  1.510000e+00
   endloop
 endfacet
 facet normal -9.238795e-01  3.826834e-01  0.000000e+00
   outer loop
     vertex -1.600751e+01  4.286139e+00  0.000000e+00
     vertex -1.605846e+01  4.163137e+00  1.510000e+00
     vertex -1.600751e+01  4.286139e+00  1.510000e+00
   endloop
 endfacet
 facet normal -9.238795e-01  3.826834e-01  0.000000e+00
   outer loop
     vertex -1.600751e+01  4.286139e+00  0.000000e+00
     vertex -1.605846e+01  4.163137e+00  0.000000e+00
     vertex -1.605846e+01  4.163137e+00  1.510000e+00
   endloop
 endfacet
 facet normal -9.914449e-01  1.305262e-01  0.000000e+00
   outer loop
     vertex -1.599013e+01  4.418137e+00  0.000000e+00
     vertex -1.600751e+01  4.286139e+00  1.510000e+00
     vertex -1.599013e+01  4.418137e+00  1.510000e+00
   endloop
 endfacet
 facet normal -9.914449e-01  1.305262e-01  0.000000e+00
   outer loop
     vertex -1.599013e+01  4.418137e+00  0.000000e+00
     vertex -1.600751e+01  4.286139e+00  0.000000e+00
     vertex -1.600751e+01  4.286139e+00  1.510000e+00
   endloop
 endfacet
 facet normal -9.914449e-01 -1.305262e-01  0.000000e+00
   outer loop
     vertex -1.600751e+01  4.550135e+00  0.000000e+00
     vertex -1.599013e+01  4.418137e+00  1.510000e+00
     vertex -1.600751e+01  4.550135e+00  1.510000e+00
   endloop
 endfacet
 facet normal -9.914449e-01 -1.305262e-01  0.000000e+00
   outer loop
     vertex -1.600751e+01  4.550135e+00  0.000000e+00
     vertex -1.599013e+01  4.418137e+00  0.000000e+00
     vertex -1.599013e+01  4.418137e+00  1.510000e+00
   endloop
 endfacet
 facet normal -9.238795e-01 -3.826834e-01  0.000000e+00
   outer loop
     vertex -1.605846e+01  4.673137e+00  0.000000e+00
     vertex -1.600751e+01  4.550135e+00  1.510000e+00
     vertex -1.605846e+01  4.673137e+00  1.510000e+00
   endloop
 endfacet
 facet normal -9.238795e-01 -3.826834e-01  0.000000e+00
   outer loop
     vertex -1.605846e+01  4.673137e+00  0.000000e+00
     vertex -1.600751e+01  4.550135e+00  0.000000e+00
     vertex -1.600751e+01  4.550135e+00  1.510000e+00
   endloop
 endfacet
 facet normal -7.933533e-01 -6.087614e-01  0.000000e+00
   outer loop
     vertex -1.613950e+01  4.778761e+00  0.000000e+00
     vertex -1.605846e+01  4.673137e+00  1.510000e+00
     vertex -1.613950e+01  4.778761e+00  1.510000e+00
   endloop
 endfacet
 facet normal -7.933533e-01 -6.087614e-01  0.000000e+00
   outer loop
     vertex -1.613950e+01  4.778761e+00  0.000000e+00
     vertex -1.605846e+01  4.673137e+00  0.000000e+00
     vertex -1.605846e+01  4.673137e+00  1.510000e+00
   endloop
 endfacet
 facet normal -6.087614e-01 -7.933533e-01  0.000000e+00
   outer loop
     vertex -1.624513e+01  4.859810e+00  0.000000e+00
     vertex -1.613950e+01  4.778761e+00  1.510000e+00
     vertex -1.624513e+01  4.859810e+00  1.510000e+00
   endloop
 endfacet
 facet normal -6.087614e-01 -7.933533e-01  0.000000e+00
   outer loop
     vertex -1.624513e+01  4.859810e+00  0.000000e+00
     vertex -1.613950e+01  4.778761e+00  0.000000e+00
     vertex -1.613950e+01  4.778761e+00  1.510000e+00
   endloop
 endfacet
 facet normal -3.826834e-01 -9.238795e-01  0.000000e+00
   outer loop
     vertex -1.636813e+01  4.910759e+00  0.000000e+00
     vertex -1.624513e+01  4.859810e+00  1.510000e+00
     vertex -1.636813e+01  4.910759e+00  1.510000e+00
   endloop
 endfacet
 facet normal -3.826834e-01 -9.238795e-01  0.000000e+00
   outer loop
     vertex -1.636813e+01  4.910759e+00  0.000000e+00
     vertex -1.624513e+01  4.859810e+00  0.000000e+00
     vertex -1.624513e+01  4.859810e+00  1.510000e+00
   endloop
 endfacet
 facet normal -1.305262e-01 -9.914449e-01  0.000000e+00
   outer loop
     vertex -1.650013e+01  4.928137e+00  0.000000e+00
     vertex -1.636813e+01  4.910759e+00  1.510000e+00
     vertex -1.650013e+01  4.928137e+00  1.510000e+00
   endloop
 endfacet
 facet normal -1.305262e-01 -9.914449e-01  0.000000e+00
   outer loop
     vertex -1.650013e+01  4.928137e+00  0.000000e+00
     vertex -1.636813e+01  4.910759e+00  0.000000e+00
     vertex -1.636813e+01  4.910759e+00  1.510000e+00
   endloop
 endfacet
 facet normal  1.305262e-01 -9.914449e-01  0.000000e+00
   outer loop
     vertex -1.663213e+01  4.910759e+00  0.000000e+00
     vertex -1.650013e+01  4.928137e+00  1.510000e+00
     vertex -1.663213e+01  4.910759e+00  1.510000e+00
   endloop
 endfacet
 facet normal  1.305262e-01 -9.914449e-01  0.000000e+00
   outer loop
     vertex -1.663213e+01  4.910759e+00  0.000000e+00
     vertex -1.650013e+01  4.928137e+00  0.000000e+00
     vertex -1.650013e+01  4.928137e+00  1.510000e+00
   endloop
 endfacet
 facet normal  3.826834e-01 -9.238795e-01  0.000000e+00
   outer loop
     vertex -1.675513e+01  4.859810e+00  0.000000e+00
     vertex -1.663213e+01  4.910759e+00  0.000000e+00
     vertex -1.663213e+01  4.910759e+00  1.510000e+00
   endloop
 endfacet
 facet normal  3.826834e-01 -9.238795e-01  0.000000e+00
   outer loop
     vertex -1.675513e+01  4.859810e+00  0.000000e+00
     vertex -1.663213e+01  4.910759e+00  1.510000e+00
     vertex -1.675513e+01  4.859810e+00  1.510000e+00
   endloop
 endfacet
 facet normal  6.087614e-01 -7.933533e-01  0.000000e+00
   outer loop
     vertex -1.686075e+01  4.778761e+00  0.000000e+00
     vertex -1.675513e+01  4.859810e+00  0.000000e+00
     vertex -1.675513e+01  4.859810e+00  1.510000e+00
   endloop
 endfacet
 facet normal  7.933533e-01 -6.087614e-01  0.000000e+00
   outer loop
     vertex -1.686075e+01  4.778761e+00  0.000000e+00
     vertex -1.686075e+01  4.778761e+00  1.510000e+00
     vertex -1.694180e+01  4.673137e+00  1.510000e+00
   endloop
 endfacet
 facet normal  6.087614e-01 -7.933533e-01  0.000000e+00
   outer loop
     vertex -1.686075e+01  4.778761e+00  0.000000e+00
     vertex -1.675513e+01  4.859810e+00  1.510000e+00
     vertex -1.686075e+01  4.778761e+00  1.510000e+00
   endloop
 endfacet
 facet normal  7.933533e-01 -6.087614e-01  0.000000e+00
   outer loop
     vertex -1.694180e+01  4.673137e+00  0.000000e+00
     vertex -1.686075e+01  4.778761e+00  0.000000e+00
     vertex -1.694180e+01  4.673137e+00  1.510000e+00
   endloop
 endfacet
 facet normal  9.238795e-01 -3.826834e-01  0.000000e+00
   outer loop
     vertex -1.694180e+01  4.673137e+00  0.000000e+00
     vertex -1.694180e+01  4.673137e+00  1.510000e+00
     vertex -1.699275e+01  4.550135e+00  1.510000e+00
   endloop
 endfacet
 facet normal  9.238795e-01 -3.826834e-01  0.000000e+00
   outer loop
     vertex -1.699275e+01  4.550135e+00  0.000000e+00
     vertex -1.694180e+01  4.673137e+00  0.000000e+00
     vertex -1.699275e+01  4.550135e+00  1.510000e+00
   endloop
 endfacet
 facet normal  9.914449e-01 -1.305262e-01  0.000000e+00
   outer loop
     vertex -1.701013e+01  4.418137e+00  0.000000e+00
     vertex -1.699275e+01  4.550135e+00  0.000000e+00
     vertex -1.699275e+01  4.550135e+00  1.510000e+00
   endloop
 endfacet
 facet normal  9.914449e-01 -1.305262e-01  0.000000e+00
   outer loop
     vertex -1.701013e+01  4.418137e+00  0.000000e+00
     vertex -1.699275e+01  4.550135e+00  1.510000e+00
     vertex -1.701013e+01  4.418137e+00  1.510000e+00
   endloop
 endfacet
 facet normal  9.914449e-01  1.305262e-01 -0.000000e+00
   outer loop
     vertex -1.699275e+01  4.286139e+00  0.000000e+00
     vertex -1.701013e+01  4.418137e+00  1.510000e+00
     vertex -1.699275e+01  4.286139e+00  1.510000e+00
   endloop
 endfacet
 facet normal  9.914449e-01  1.305262e-01  0.000000e+00
   outer loop
     vertex -1.699275e+01  4.286139e+00  0.000000e+00
     vertex -1.701013e+01  4.418137e+00  0.000000e+00
     vertex -1.701013e+01  4.418137e+00  1.510000e+00
   endloop
 endfacet
 facet normal  9.238795e-01  3.826834e-01 -0.000000e+00
   outer loop
     vertex -1.694180e+01  4.163137e+00  0.000000e+00
     vertex -1.699275e+01  4.286139e+00  1.510000e+00
     vertex -1.694180e+01  4.163137e+00  1.510000e+00
   endloop
 endfacet
 facet normal  9.238795e-01  3.826834e-01  0.000000e+00
   outer loop
     vertex -1.694180e+01  4.163137e+00  0.000000e+00
     vertex -1.699275e+01  4.286139e+00  0.000000e+00
     vertex -1.699275e+01  4.286139e+00  1.510000e+00
   endloop
 endfacet
 facet normal  6.087614e-01  7.933533e-01 -0.000000e+00
   outer loop
     vertex -1.686075e+01  4.057513e+00  0.000000e+00
     vertex -1.686075e+01  4.057513e+00  1.510000e+00
     vertex -1.675513e+01  3.976464e+00  1.510000e+00
   endloop
 endfacet
 facet normal  7.933533e-01  6.087614e-01 -0.000000e+00
   outer loop
     vertex -1.686075e+01  4.057513e+00  0.000000e+00
     vertex -1.694180e+01  4.163137e+00  1.510000e+00
     vertex -1.686075e+01  4.057513e+00  1.510000e+00
   endloop
 endfacet
 facet normal  7.933533e-01  6.087614e-01  0.000000e+00
   outer loop
     vertex -1.686075e+01  4.057513e+00  0.000000e+00
     vertex -1.694180e+01  4.163137e+00  0.000000e+00
     vertex -1.694180e+01  4.163137e+00  1.510000e+00
   endloop
 endfacet
 facet normal  6.087614e-01  7.933533e-01 -0.000000e+00
   outer loop
     vertex -1.675513e+01  3.976464e+00  0.000000e+00
     vertex -1.686075e+01  4.057513e+00  0.000000e+00
     vertex -1.675513e+01  3.976464e+00  1.510000e+00
   endloop
 endfacet
 facet normal  3.826834e-01  9.238795e-01 -0.000000e+00
   outer loop
     vertex -1.663213e+01  3.925515e+00  0.000000e+00
     vertex -1.675513e+01  3.976464e+00  1.510000e+00
     vertex -1.663213e+01  3.925515e+00  1.510000e+00
   endloop
 endfacet
 facet normal  3.826834e-01  9.238795e-01  0.000000e+00
   outer loop
     vertex -1.663213e+01  3.925515e+00  0.000000e+00
     vertex -1.675513e+01  3.976464e+00  0.000000e+00
     vertex -1.675513e+01  3.976464e+00  1.510000e+00
   endloop
 endfacet
 facet normal  1.305262e-01  9.914449e-01 -0.000000e+00
   outer loop
     vertex -1.650013e+01  3.908137e+00  0.000000e+00
     vertex -1.663213e+01  3.925515e+00  1.510000e+00
     vertex -1.650013e+01  3.908137e+00  1.510000e+00
   endloop
 endfacet
 facet normal  1.305262e-01  9.914449e-01  0.000000e+00
   outer loop
     vertex -1.650013e+01  3.908137e+00  0.000000e+00
     vertex -1.663213e+01  3.925515e+00  0.000000e+00
     vertex -1.663213e+01  3.925515e+00  1.510000e+00
   endloop
 endfacet
 facet normal -1.305262e-01  9.914449e-01  0.000000e+00
   outer loop
     vertex -7.368130e+00  9.255148e-01  0.000000e+00
     vertex -7.500128e+00  9.081370e-01  0.000000e+00
     vertex -7.500128e+00  9.081370e-01  1.510000e+00
   endloop
 endfacet
 facet normal -1.305262e-01  9.914449e-01  0.000000e+00
   outer loop
     vertex -7.368130e+00  9.255148e-01  0.000000e+00
     vertex -7.500128e+00  9.081370e-01  1.510000e+00
     vertex -7.368130e+00  9.255148e-01  1.510000e+00
   endloop
 endfacet
 facet normal -3.826834e-01  9.238795e-01  0.000000e+00
   outer loop
     vertex -7.245128e+00  9.764640e-01  0.000000e+00
     vertex -7.368130e+00  9.255148e-01  1.510000e+00
     vertex -7.245128e+00  9.764640e-01  1.510000e+00
   endloop
 endfacet
 facet normal -3.826834e-01  9.238795e-01  0.000000e+00
   outer loop
     vertex -7.245128e+00  9.764640e-01  0.000000e+00
     vertex -7.368130e+00  9.255148e-01  0.000000e+00
     vertex -7.368130e+00  9.255148e-01  1.510000e+00
   endloop
 endfacet
 facet normal -6.087614e-01  7.933533e-01  0.000000e+00
   outer loop
     vertex -7.139504e+00  1.057513e+00  0.000000e+00
     vertex -7.245128e+00  9.764640e-01  1.510000e+00
     vertex -7.139504e+00  1.057513e+00  1.510000e+00
   endloop
 endfacet
 facet normal -6.087614e-01  7.933533e-01  0.000000e+00
   outer loop
     vertex -7.139504e+00  1.057513e+00  0.000000e+00
     vertex -7.245128e+00  9.764640e-01  0.000000e+00
     vertex -7.245128e+00  9.764640e-01  1.510000e+00
   endloop
 endfacet
 facet normal -7.933533e-01  6.087614e-01  0.000000e+00
   outer loop
     vertex -7.058455e+00  1.163137e+00  0.000000e+00
     vertex -7.139504e+00  1.057513e+00  1.510000e+00
     vertex -7.058455e+00  1.163137e+00  1.510000e+00
   endloop
 endfacet
 facet normal -7.933533e-01  6.087614e-01  0.000000e+00
   outer loop
     vertex -7.058455e+00  1.163137e+00  0.000000e+00
     vertex -7.139504e+00  1.057513e+00  0.000000e+00
     vertex -7.139504e+00  1.057513e+00  1.510000e+00
   endloop
 endfacet
 facet normal -9.238795e-01  3.826834e-01  0.000000e+00
   outer loop
     vertex -7.007506e+00  1.286139e+00  0.000000e+00
     vertex -7.058455e+00  1.163137e+00  1.510000e+00
     vertex -7.007506e+00  1.286139e+00  1.510000e+00
   endloop
 endfacet
 facet normal -9.238795e-01  3.826834e-01  0.000000e+00
   outer loop
     vertex -7.007506e+00  1.286139e+00  0.000000e+00
     vertex -7.058455e+00  1.163137e+00  0.000000e+00
     vertex -7.058455e+00  1.163137e+00  1.510000e+00
   endloop
 endfacet
 facet normal -9.914449e-01  1.305262e-01  0.000000e+00
   outer loop
     vertex -6.990128e+00  1.418137e+00  0.000000e+00
     vertex -7.007506e+00  1.286139e+00  1.510000e+00
     vertex -6.990128e+00  1.418137e+00  1.510000e+00
   endloop
 endfacet
 facet normal -9.914449e-01  1.305262e-01  0.000000e+00
   outer loop
     vertex -6.990128e+00  1.418137e+00  0.000000e+00
     vertex -7.007506e+00  1.286139e+00  0.000000e+00
     vertex -7.007506e+00  1.286139e+00  1.510000e+00
   endloop
 endfacet
 facet normal -9.914449e-01 -1.305262e-01  0.000000e+00
   outer loop
     vertex -7.007506e+00  1.550135e+00  0.000000e+00
     vertex -6.990128e+00  1.418137e+00  1.510000e+00
     vertex -7.007506e+00  1.550135e+00  1.510000e+00
   endloop
 endfacet
 facet normal -9.914449e-01 -1.305262e-01  0.000000e+00
   outer loop
     vertex -7.007506e+00  1.550135e+00  0.000000e+00
     vertex -6.990128e+00  1.418137e+00  0.000000e+00
     vertex -6.990128e+00  1.418137e+00  1.510000e+00
   endloop
 endfacet
 facet normal -9.238795e-01 -3.826834e-01  0.000000e+00
   outer loop
     vertex -7.058455e+00  1.673137e+00  0.000000e+00
     vertex -7.007506e+00  1.550135e+00  1.510000e+00
     vertex -7.058455e+00  1.673137e+00  1.510000e+00
   endloop
 endfacet
 facet normal -9.238795e-01 -3.826834e-01  0.000000e+00
   outer loop
     vertex -7.058455e+00  1.673137e+00  0.000000e+00
     vertex -7.007506e+00  1.550135e+00  0.000000e+00
     vertex -7.007506e+00  1.550135e+00  1.510000e+00
   endloop
 endfacet
 facet normal -7.933533e-01 -6.087614e-01  0.000000e+00
   outer loop
     vertex -7.139504e+00  1.778761e+00  0.000000e+00
     vertex -7.058455e+00  1.673137e+00  1.510000e+00
     vertex -7.139504e+00  1.778761e+00  1.510000e+00
   endloop
 endfacet
 facet normal -7.933533e-01 -6.087614e-01  0.000000e+00
   outer loop
     vertex -7.139504e+00  1.778761e+00  0.000000e+00
     vertex -7.058455e+00  1.673137e+00  0.000000e+00
     vertex -7.058455e+00  1.673137e+00  1.510000e+00
   endloop
 endfacet
 facet normal -6.087614e-01 -7.933533e-01  0.000000e+00
   outer loop
     vertex -7.245128e+00  1.859810e+00  0.000000e+00
     vertex -7.139504e+00  1.778761e+00  1.510000e+00
     vertex -7.245128e+00  1.859810e+00  1.510000e+00
   endloop
 endfacet
 facet normal -6.087614e-01 -7.933533e-01  0.000000e+00
   outer loop
     vertex -7.245128e+00  1.859810e+00  0.000000e+00
     vertex -7.139504e+00  1.778761e+00  0.000000e+00
     vertex -7.139504e+00  1.778761e+00  1.510000e+00
   endloop
 endfacet
 facet normal -3.826834e-01 -9.238795e-01  0.000000e+00
   outer loop
     vertex -7.368130e+00  1.910759e+00  0.000000e+00
     vertex -7.245128e+00  1.859810e+00  1.510000e+00
     vertex -7.368130e+00  1.910759e+00  1.510000e+00
   endloop
 endfacet
 facet normal -3.826834e-01 -9.238795e-01  0.000000e+00
   outer loop
     vertex -7.368130e+00  1.910759e+00  0.000000e+00
     vertex -7.245128e+00  1.859810e+00  0.000000e+00
     vertex -7.245128e+00  1.859810e+00  1.510000e+00
   endloop
 endfacet
 facet normal -1.305262e-01 -9.914449e-01  0.000000e+00
   outer loop
     vertex -7.500128e+00  1.928137e+00  0.000000e+00
     vertex -7.368130e+00  1.910759e+00  1.510000e+00
     vertex -7.500128e+00  1.928137e+00  1.510000e+00
   endloop
 endfacet
 facet normal -1.305262e-01 -9.914449e-01  0.000000e+00
   outer loop
     vertex -7.500128e+00  1.928137e+00  0.000000e+00
     vertex -7.368130e+00  1.910759e+00  0.000000e+00
     vertex -7.368130e+00  1.910759e+00  1.510000e+00
   endloop
 endfacet
 facet normal  1.305262e-01 -9.914449e-01  0.000000e+00
   outer loop
     vertex -7.632126e+00  1.910759e+00  0.000000e+00
     vertex -7.500128e+00  1.928137e+00  1.510000e+00
     vertex -7.632126e+00  1.910759e+00  1.510000e+00
   endloop
 endfacet
 facet normal  1.305262e-01 -9.914449e-01  0.000000e+00
   outer loop
     vertex -7.632126e+00  1.910759e+00  0.000000e+00
     vertex -7.500128e+00  1.928137e+00  0.000000e+00
     vertex -7.500128e+00  1.928137e+00  1.510000e+00
   endloop
 endfacet
 facet normal  3.826834e-01 -9.238795e-01  0.000000e+00
   outer loop
     vertex -7.755128e+00  1.859810e+00  0.000000e+00
     vertex -7.632126e+00  1.910759e+00  0.000000e+00
     vertex -7.632126e+00  1.910759e+00  1.510000e+00
   endloop
 endfacet
 facet normal  3.826834e-01 -9.238795e-01  0.000000e+00
   outer loop
     vertex -7.755128e+00  1.859810e+00  0.000000e+00
     vertex -7.632126e+00  1.910759e+00  1.510000e+00
     vertex -7.755128e+00  1.859810e+00  1.510000e+00
   endloop
 endfacet
 facet normal  6.087614e-01 -7.933533e-01  0.000000e+00
   outer loop
     vertex -7.860752e+00  1.778761e+00  0.000000e+00
     vertex -7.755128e+00  1.859810e+00  0.000000e+00
     vertex -7.755128e+00  1.859810e+00  1.510000e+00
   endloop
 endfacet
 facet normal  7.933533e-01 -6.087614e-01  0.000000e+00
   outer loop
     vertex -7.860752e+00  1.778761e+00  0.000000e+00
     vertex -7.860752e+00  1.778761e+00  1.510000e+00
     vertex -7.941801e+00  1.673137e+00  1.510000e+00
   endloop
 endfacet
 facet normal  6.087614e-01 -7.933533e-01  0.000000e+00
   outer loop
     vertex -7.860752e+00  1.778761e+00  0.000000e+00
     vertex -7.755128e+00  1.859810e+00  1.510000e+00
     vertex -7.860752e+00  1.778761e+00  1.510000e+00
   endloop
 endfacet
 facet normal  7.933533e-01 -6.087614e-01  0.000000e+00
   outer loop
     vertex -7.941801e+00  1.673137e+00  0.000000e+00
     vertex -7.860752e+00  1.778761e+00  0.000000e+00
     vertex -7.941801e+00  1.673137e+00  1.510000e+00
   endloop
 endfacet
 facet normal  9.238795e-01 -3.826834e-01  0.000000e+00
   outer loop
     vertex -7.941801e+00  1.673137e+00  0.000000e+00
     vertex -7.941801e+00  1.673137e+00  1.510000e+00
     vertex -7.992750e+00  1.550135e+00  1.510000e+00
   endloop
 endfacet
 facet normal  9.238795e-01 -3.826834e-01  0.000000e+00
   outer loop
     vertex -7.992750e+00  1.550135e+00  0.000000e+00
     vertex -7.941801e+00  1.673137e+00  0.000000e+00
     vertex -7.992750e+00  1.550135e+00  1.510000e+00
   endloop
 endfacet
 facet normal  9.914449e-01 -1.305262e-01  0.000000e+00
   outer loop
     vertex -8.010128e+00  1.418137e+00  0.000000e+00
     vertex -7.992750e+00  1.550135e+00  0.000000e+00
     vertex -7.992750e+00  1.550135e+00  1.510000e+00
   endloop
 endfacet
 facet normal  9.914449e-01 -1.305262e-01  0.000000e+00
   outer loop
     vertex -8.010128e+00  1.418137e+00  0.000000e+00
     vertex -7.992750e+00  1.550135e+00  1.510000e+00
     vertex -8.010128e+00  1.418137e+00  1.510000e+00
   endloop
 endfacet
 facet normal  9.914449e-01  1.305262e-01 -0.000000e+00
   outer loop
     vertex -7.992750e+00  1.286139e+00  0.000000e+00
     vertex -8.010128e+00  1.418137e+00  1.510000e+00
     vertex -7.992750e+00  1.286139e+00  1.510000e+00
   endloop
 endfacet
 facet normal  9.914449e-01  1.305262e-01  0.000000e+00
   outer loop
     vertex -7.992750e+00  1.286139e+00  0.000000e+00
     vertex -8.010128e+00  1.418137e+00  0.000000e+00
     vertex -8.010128e+00  1.418137e+00  1.510000e+00
   endloop
 endfacet
 facet normal  9.238795e-01  3.826834e-01 -0.000000e+00
   outer loop
     vertex -7.941801e+00  1.163137e+00  0.000000e+00
     vertex -7.992750e+00  1.286139e+00  1.510000e+00
     vertex -7.941801e+00  1.163137e+00  1.510000e+00
   endloop
 endfacet
 facet normal  9.238795e-01  3.826834e-01  0.000000e+00
   outer loop
     vertex -7.941801e+00  1.163137e+00  0.000000e+00
     vertex -7.992750e+00  1.286139e+00  0.000000e+00
     vertex -7.992750e+00  1.286139e+00  1.510000e+00
   endloop
 endfacet
 facet normal  6.087614e-01  7.933533e-01 -0.000000e+00
   outer loop
     vertex -7.860752e+00  1.057513e+00  0.000000e+00
     vertex -7.860752e+00  1.057513e+00  1.510000e+00
     vertex -7.755128e+00  9.764640e-01  1.510000e+00
   endloop
 endfacet
 facet normal  7.933533e-01  6.087614e-01 -0.000000e+00
   outer loop
     vertex -7.860752e+00  1.057513e+00  0.000000e+00
     vertex -7.941801e+00  1.163137e+00  1.510000e+00
     vertex -7.860752e+00  1.057513e+00  1.510000e+00
   endloop
 endfacet
 facet normal  7.933533e-01  6.087614e-01  0.000000e+00
   outer loop
     vertex -7.860752e+00  1.057513e+00  0.000000e+00
     vertex -7.941801e+00  1.163137e+00  0.000000e+00
     vertex -7.941801e+00  1.163137e+00  1.510000e+00
   endloop
 endfacet
 facet normal  6.087614e-01  7.933533e-01 -0.000000e+00
   outer loop
     vertex -7.755128e+00  9.764640e-01  0.000000e+00
     vertex -7.860752e+00  1.057513e+00  0.000000e+00
     vertex -7.755128e+00  9.764640e-01  1.510000e+00
   endloop
 endfacet
 facet normal  3.826834e-01  9.238795e-01 -0.000000e+00
   outer loop
     vertex -7.632126e+00  9.255148e-01  0.000000e+00
     vertex -7.755128e+00  9.764640e-01  1.510000e+00
     vertex -7.632126e+00  9.255148e-01  1.510000e+00
   endloop
 endfacet
 facet normal  3.826834e-01  9.238795e-01  0.000000e+00
   outer loop
     vertex -7.632126e+00  9.255148e-01  0.000000e+00
     vertex -7.755128e+00  9.764640e-01  0.000000e+00
     vertex -7.755128e+00  9.764640e-01  1.510000e+00
   endloop
 endfacet
 facet normal  1.305262e-01  9.914449e-01 -0.000000e+00
   outer loop
     vertex -7.500128e+00  9.081370e-01  0.000000e+00
     vertex -7.632126e+00  9.255148e-01  1.510000e+00
     vertex -7.500128e+00  9.081370e-01  1.510000e+00
   endloop
 endfacet
 facet normal  1.305262e-01  9.914449e-01  0.000000e+00
   outer loop
     vertex -7.500128e+00  9.081370e-01  0.000000e+00
     vertex -7.632126e+00  9.255148e-01  0.000000e+00
     vertex -7.632126e+00  9.255148e-01  1.510000e+00
   endloop
 endfacet
 facet normal -1.305262e-01  9.914449e-01  0.000000e+00
   outer loop
     vertex -4.368130e+00  9.255148e-01  0.000000e+00
     vertex -4.500128e+00  9.081370e-01  0.000000e+00
     vertex -4.500128e+00  9.081370e-01  1.510000e+00
   endloop
 endfacet
 facet normal -1.305262e-01  9.914449e-01  0.000000e+00
   outer loop
     vertex -4.368130e+00  9.255148e-01  0.000000e+00
     vertex -4.500128e+00  9.081370e-01  1.510000e+00
     vertex -4.368130e+00  9.255148e-01  1.510000e+00
   endloop
 endfacet
 facet normal -3.826834e-01  9.238795e-01  0.000000e+00
   outer loop
     vertex -4.245128e+00  9.764640e-01  0.000000e+00
     vertex -4.368130e+00  9.255148e-01  1.510000e+00
     vertex -4.245128e+00  9.764640e-01  1.510000e+00
   endloop
 endfacet
 facet normal -3.826834e-01  9.238795e-01  0.000000e+00
   outer loop
     vertex -4.245128e+00  9.764640e-01  0.000000e+00
     vertex -4.368130e+00  9.255148e-01  0.000000e+00
     vertex -4.368130e+00  9.255148e-01  1.510000e+00
   endloop
 endfacet
 facet normal -6.087614e-01  7.933533e-01  0.000000e+00
   outer loop
     vertex -4.139504e+00  1.057513e+00  0.000000e+00
     vertex -4.245128e+00  9.764640e-01  1.510000e+00
     vertex -4.139504e+00  1.057513e+00  1.510000e+00
   endloop
 endfacet
 facet normal -6.087614e-01  7.933533e-01  0.000000e+00
   outer loop
     vertex -4.139504e+00  1.057513e+00  0.000000e+00
     vertex -4.245128e+00  9.764640e-01  0.000000e+00
     vertex -4.245128e+00  9.764640e-01  1.510000e+00
   endloop
 endfacet
 facet normal -7.933533e-01  6.087614e-01  0.000000e+00
   outer loop
     vertex -4.058455e+00  1.163137e+00  0.000000e+00
     vertex -4.139504e+00  1.057513e+00  1.510000e+00
     vertex -4.058455e+00  1.163137e+00  1.510000e+00
   endloop
 endfacet
 facet normal -7.933533e-01  6.087614e-01  0.000000e+00
   outer loop
     vertex -4.058455e+00  1.163137e+00  0.000000e+00
     vertex -4.139504e+00  1.057513e+00  0.000000e+00
     vertex -4.139504e+00  1.057513e+00  1.510000e+00
   endloop
 endfacet
 facet normal -9.238795e-01  3.826834e-01  0.000000e+00
   outer loop
     vertex -4.007506e+00  1.286139e+00  0.000000e+00
     vertex -4.058455e+00  1.163137e+00  1.510000e+00
     vertex -4.007506e+00  1.286139e+00  1.510000e+00
   endloop
 endfacet
 facet normal -9.238795e-01  3.826834e-01  0.000000e+00
   outer loop
     vertex -4.007506e+00  1.286139e+00  0.000000e+00
     vertex -4.058455e+00  1.163137e+00  0.000000e+00
     vertex -4.058455e+00  1.163137e+00  1.510000e+00
   endloop
 endfacet
 facet normal -9.914449e-01  1.305262e-01  0.000000e+00
   outer loop
     vertex -3.990128e+00  1.418137e+00  0.000000e+00
     vertex -4.007506e+00  1.286139e+00  1.510000e+00
     vertex -3.990128e+00  1.418137e+00  1.510000e+00
   endloop
 endfacet
 facet normal -9.914449e-01  1.305262e-01  0.000000e+00
   outer loop
     vertex -3.990128e+00  1.418137e+00  0.000000e+00
     vertex -4.007506e+00  1.286139e+00  0.000000e+00
     vertex -4.007506e+00  1.286139e+00  1.510000e+00
   endloop
 endfacet
 facet normal -9.914449e-01 -1.305262e-01  0.000000e+00
   outer loop
     vertex -4.007506e+00  1.550135e+00  0.000000e+00
     vertex -3.990128e+00  1.418137e+00  1.510000e+00
     vertex -4.007506e+00  1.550135e+00  1.510000e+00
   endloop
 endfacet
 facet normal -9.914449e-01 -1.305262e-01  0.000000e+00
   outer loop
     vertex -4.007506e+00  1.550135e+00  0.000000e+00
     vertex -3.990128e+00  1.418137e+00  0.000000e+00
     vertex -3.990128e+00  1.418137e+00  1.510000e+00
   endloop
 endfacet
 facet normal -9.238795e-01 -3.826834e-01  0.000000e+00
   outer loop
     vertex -4.058455e+00  1.673137e+00  0.000000e+00
     vertex -4.007506e+00  1.550135e+00  1.510000e+00
     vertex -4.058455e+00  1.673137e+00  1.510000e+00
   endloop
 endfacet
 facet normal -9.238795e-01 -3.826834e-01  0.000000e+00
   outer loop
     vertex -4.058455e+00  1.673137e+00  0.000000e+00
     vertex -4.007506e+00  1.550135e+00  0.000000e+00
     vertex -4.007506e+00  1.550135e+00  1.510000e+00
   endloop
 endfacet
 facet normal -7.933533e-01 -6.087614e-01  0.000000e+00
   outer loop
     vertex -4.139504e+00  1.778761e+00  0.000000e+00
     vertex -4.058455e+00  1.673137e+00  1.510000e+00
     vertex -4.139504e+00  1.778761e+00  1.510000e+00
   endloop
 endfacet
 facet normal -7.933533e-01 -6.087614e-01  0.000000e+00
   outer loop
     vertex -4.139504e+00  1.778761e+00  0.000000e+00
     vertex -4.058455e+00  1.673137e+00  0.000000e+00
     vertex -4.058455e+00  1.673137e+00  1.510000e+00
   endloop
 endfacet
 facet normal -6.087614e-01 -7.933533e-01  0.000000e+00
   outer loop
     vertex -4.245128e+00  1.859810e+00  0.000000e+00
     vertex -4.139504e+00  1.778761e+00  1.510000e+00
     vertex -4.245128e+00  1.859810e+00  1.510000e+00
   endloop
 endfacet
 facet normal -6.087614e-01 -7.933533e-01  0.000000e+00
   outer loop
     vertex -4.245128e+00  1.859810e+00  0.000000e+00
     vertex -4.139504e+00  1.778761e+00  0.000000e+00
     vertex -4.139504e+00  1.778761e+00  1.510000e+00
   endloop
 endfacet
 facet normal -3.826834e-01 -9.238795e-01  0.000000e+00
   outer loop
     vertex -4.368130e+00  1.910759e+00  0.000000e+00
     vertex -4.245128e+00  1.859810e+00  1.510000e+00
     vertex -4.368130e+00  1.910759e+00  1.510000e+00
   endloop
 endfacet
 facet normal -3.826834e-01 -9.238795e-01  0.000000e+00
   outer loop
     vertex -4.368130e+00  1.910759e+00  0.000000e+00
     vertex -4.245128e+00  1.859810e+00  0.000000e+00
     vertex -4.245128e+00  1.859810e+00  1.510000e+00
   endloop
 endfacet
 facet normal -1.305262e-01 -9.914449e-01  0.000000e+00
   outer loop
     vertex -4.500128e+00  1.928137e+00  0.000000e+00
     vertex -4.368130e+00  1.910759e+00  1.510000e+00
     vertex -4.500128e+00  1.928137e+00  1.510000e+00
   endloop
 endfacet
 facet normal -1.305262e-01 -9.914449e-01  0.000000e+00
   outer loop
     vertex -4.500128e+00  1.928137e+00  0.000000e+00
     vertex -4.368130e+00  1.910759e+00  0.000000e+00
     vertex -4.368130e+00  1.910759e+00  1.510000e+00
   endloop
 endfacet
 facet normal  1.305262e-01 -9.914449e-01  0.000000e+00
   outer loop
     vertex -4.632126e+00  1.910759e+00  0.000000e+00
     vertex -4.500128e+00  1.928137e+00  1.510000e+00
     vertex -4.632126e+00  1.910759e+00  1.510000e+00
   endloop
 endfacet
 facet normal  1.305262e-01 -9.914449e-01  0.000000e+00
   outer loop
     vertex -4.632126e+00  1.910759e+00  0.000000e+00
     vertex -4.500128e+00  1.928137e+00  0.000000e+00
     vertex -4.500128e+00  1.928137e+00  1.510000e+00
   endloop
 endfacet
 facet normal  3.826834e-01 -9.238795e-01  0.000000e+00
   outer loop
     vertex -4.755128e+00  1.859810e+00  0.000000e+00
     vertex -4.632126e+00  1.910759e+00  0.000000e+00
     vertex -4.632126e+00  1.910759e+00  1.510000e+00
   endloop
 endfacet
 facet normal  3.826834e-01 -9.238795e-01  0.000000e+00
   outer loop
     vertex -4.755128e+00  1.859810e+00  0.000000e+00
     vertex -4.632126e+00  1.910759e+00  1.510000e+00
     vertex -4.755128e+00  1.859810e+00  1.510000e+00
   endloop
 endfacet
 facet normal  6.087614e-01 -7.933533e-01  0.000000e+00
   outer loop
     vertex -4.860752e+00  1.778761e+00  0.000000e+00
     vertex -4.755128e+00  1.859810e+00  0.000000e+00
     vertex -4.755128e+00  1.859810e+00  1.510000e+00
   endloop
 endfacet
 facet normal  7.933533e-01 -6.087614e-01  0.000000e+00
   outer loop
     vertex -4.860752e+00  1.778761e+00  0.000000e+00
     vertex -4.860752e+00  1.778761e+00  1.510000e+00
     vertex -4.941801e+00  1.673137e+00  1.510000e+00
   endloop
 endfacet
 facet normal  6.087614e-01 -7.933533e-01  0.000000e+00
   outer loop
     vertex -4.860752e+00  1.778761e+00  0.000000e+00
     vertex -4.755128e+00  1.859810e+00  1.510000e+00
     vertex -4.860752e+00  1.778761e+00  1.510000e+00
   endloop
 endfacet
 facet normal  7.933533e-01 -6.087614e-01  0.000000e+00
   outer loop
     vertex -4.941801e+00  1.673137e+00  0.000000e+00
     vertex -4.860752e+00  1.778761e+00  0.000000e+00
     vertex -4.941801e+00  1.673137e+00  1.510000e+00
   endloop
 endfacet
 facet normal  9.238795e-01 -3.826834e-01  0.000000e+00
   outer loop
     vertex -4.941801e+00  1.673137e+00  0.000000e+00
     vertex -4.941801e+00  1.673137e+00  1.510000e+00
     vertex -4.992750e+00  1.550135e+00  1.510000e+00
   endloop
 endfacet
 facet normal  9.238795e-01 -3.826834e-01  0.000000e+00
   outer loop
     vertex -4.992750e+00  1.550135e+00  0.000000e+00
     vertex -4.941801e+00  1.673137e+00  0.000000e+00
     vertex -4.992750e+00  1.550135e+00  1.510000e+00
   endloop
 endfacet
 facet normal  9.914449e-01 -1.305262e-01  0.000000e+00
   outer loop
     vertex -5.010128e+00  1.418137e+00  0.000000e+00
     vertex -4.992750e+00  1.550135e+00  0.000000e+00
     vertex -4.992750e+00  1.550135e+00  1.510000e+00
   endloop
 endfacet
 facet normal  9.914449e-01 -1.305262e-01  0.000000e+00
   outer loop
     vertex -5.010128e+00  1.418137e+00  0.000000e+00
     vertex -4.992750e+00  1.550135e+00  1.510000e+00
     vertex -5.010128e+00  1.418137e+00  1.510000e+00
   endloop
 endfacet
 facet normal  9.914449e-01  1.305262e-01 -0.000000e+00
   outer loop
     vertex -4.992750e+00  1.286139e+00  0.000000e+00
     vertex -5.010128e+00  1.418137e+00  1.510000e+00
     vertex -4.992750e+00  1.286139e+00  1.510000e+00
   endloop
 endfacet
 facet normal  9.914449e-01  1.305262e-01  0.000000e+00
   outer loop
     vertex -4.992750e+00  1.286139e+00  0.000000e+00
     vertex -5.010128e+00  1.418137e+00  0.000000e+00
     vertex -5.010128e+00  1.418137e+00  1.510000e+00
   endloop
 endfacet
 facet normal  9.238795e-01  3.826834e-01 -0.000000e+00
   outer loop
     vertex -4.941801e+00  1.163137e+00  0.000000e+00
     vertex -4.992750e+00  1.286139e+00  1.510000e+00
     vertex -4.941801e+00  1.163137e+00  1.510000e+00
   endloop
 endfacet
 facet normal  9.238795e-01  3.826834e-01  0.000000e+00
   outer loop
     vertex -4.941801e+00  1.163137e+00  0.000000e+00
     vertex -4.992750e+00  1.286139e+00  0.000000e+00
     vertex -4.992750e+00  1.286139e+00  1.510000e+00
   endloop
 endfacet
 facet normal  6.087614e-01  7.933533e-01 -0.000000e+00
   outer loop
     vertex -4.860752e+00  1.057513e+00  0.000000e+00
     vertex -4.860752e+00  1.057513e+00  1.510000e+00
     vertex -4.755128e+00  9.764640e-01  1.510000e+00
   endloop
 endfacet
 facet normal  7.933533e-01  6.087614e-01 -0.000000e+00
   outer loop
     vertex -4.860752e+00  1.057513e+00  0.000000e+00
     vertex -4.941801e+00  1.163137e+00  1.510000e+00
     vertex -4.860752e+00  1.057513e+00  1.510000e+00
   endloop
 endfacet
 facet normal  7.933533e-01  6.087614e-01  0.000000e+00
   outer loop
     vertex -4.860752e+00  1.057513e+00  0.000000e+00
     vertex -4.941801e+00  1.163137e+00  0.000000e+00
     vertex -4.941801e+00  1.163137e+00  1.510000e+00
   endloop
 endfacet
 facet normal  6.087614e-01  7.933533e-01 -0.000000e+00
   outer loop
     vertex -4.755128e+00  9.764640e-01  0.000000e+00
     vertex -4.860752e+00  1.057513e+00  0.000000e+00
     vertex -4.755128e+00  9.764640e-01  1.510000e+00
   endloop
 endfacet
 facet normal  3.826834e-01  9.238795e-01 -0.000000e+00
   outer loop
     vertex -4.632126e+00  9.255148e-01  0.000000e+00
     vertex -4.755128e+00  9.764640e-01  1.510000e+00
     vertex -4.632126e+00  9.255148e-01  1.510000e+00
   endloop
 endfacet
 facet normal  3.826834e-01  9.238795e-01  0.000000e+00
   outer loop
     vertex -4.632126e+00  9.255148e-01  0.000000e+00
     vertex -4.755128e+00  9.764640e-01  0.000000e+00
     vertex -4.755128e+00  9.764640e-01  1.510000e+00
   endloop
 endfacet
 facet normal  1.305262e-01  9.914449e-01 -0.000000e+00
   outer loop
     vertex -4.500128e+00  9.081370e-01  0.000000e+00
     vertex -4.632126e+00  9.255148e-01  1.510000e+00
     vertex -4.500128e+00  9.081370e-01  1.510000e+00
   endloop
 endfacet
 facet normal  1.305262e-01  9.914449e-01  0.000000e+00
   outer loop
     vertex -4.500128e+00  9.081370e-01  0.000000e+00
     vertex -4.632126e+00  9.255148e-01  0.000000e+00
     vertex -4.632126e+00  9.255148e-01  1.510000e+00
   endloop
 endfacet
 facet normal -1.305262e-01  9.914449e-01  0.000000e+00
   outer loop
     vertex -7.368130e+00  3.925515e+00  0.000000e+00
     vertex -7.500128e+00  3.908137e+00  0.000000e+00
     vertex -7.500128e+00  3.908137e+00  1.510000e+00
   endloop
 endfacet
 facet normal -1.305262e-01  9.914449e-01  0.000000e+00
   outer loop
     vertex -7.368130e+00  3.925515e+00  0.000000e+00
     vertex -7.500128e+00  3.908137e+00  1.510000e+00
     vertex -7.368130e+00  3.925515e+00  1.510000e+00
   endloop
 endfacet
 facet normal -3.826834e-01  9.238795e-01  0.000000e+00
   outer loop
     vertex -7.245128e+00  3.976464e+00  0.000000e+00
     vertex -7.368130e+00  3.925515e+00  1.510000e+00
     vertex -7.245128e+00  3.976464e+00  1.510000e+00
   endloop
 endfacet
 facet normal -3.826834e-01  9.238795e-01  0.000000e+00
   outer loop
     vertex -7.245128e+00  3.976464e+00  0.000000e+00
     vertex -7.368130e+00  3.925515e+00  0.000000e+00
     vertex -7.368130e+00  3.925515e+00  1.510000e+00
   endloop
 endfacet
 facet normal -6.087614e-01  7.933533e-01  0.000000e+00
   outer loop
     vertex -7.139504e+00  4.057513e+00  0.000000e+00
     vertex -7.245128e+00  3.976464e+00  1.510000e+00
     vertex -7.139504e+00  4.057513e+00  1.510000e+00
   endloop
 endfacet
 facet normal -6.087614e-01  7.933533e-01  0.000000e+00
   outer loop
     vertex -7.139504e+00  4.057513e+00  0.000000e+00
     vertex -7.245128e+00  3.976464e+00  0.000000e+00
     vertex -7.245128e+00  3.976464e+00  1.510000e+00
   endloop
 endfacet
 facet normal -7.933533e-01  6.087614e-01  0.000000e+00
   outer loop
     vertex -7.058455e+00  4.163137e+00  0.000000e+00
     vertex -7.139504e+00  4.057513e+00  1.510000e+00
     vertex -7.058455e+00  4.163137e+00  1.510000e+00
   endloop
 endfacet
 facet normal -7.933533e-01  6.087614e-01  0.000000e+00
   outer loop
     vertex -7.058455e+00  4.163137e+00  0.000000e+00
     vertex -7.139504e+00  4.057513e+00  0.000000e+00
     vertex -7.139504e+00  4.057513e+00  1.510000e+00
   endloop
 endfacet
 facet normal -9.238795e-01  3.826834e-01  0.000000e+00
   outer loop
     vertex -7.007506e+00  4.286139e+00  0.000000e+00
     vertex -7.058455e+00  4.163137e+00  1.510000e+00
     vertex -7.007506e+00  4.286139e+00  1.510000e+00
   endloop
 endfacet
 facet normal -9.238795e-01  3.826834e-01  0.000000e+00
   outer loop
     vertex -7.007506e+00  4.286139e+00  0.000000e+00
     vertex -7.058455e+00  4.163137e+00  0.000000e+00
     vertex -7.058455e+00  4.163137e+00  1.510000e+00
   endloop
 endfacet
 facet normal -9.914449e-01  1.305262e-01  0.000000e+00
   outer loop
     vertex -6.990128e+00  4.418137e+00  0.000000e+00
     vertex -7.007506e+00  4.286139e+00  1.510000e+00
     vertex -6.990128e+00  4.418137e+00  1.510000e+00
   endloop
 endfacet
 facet normal -9.914449e-01  1.305262e-01  0.000000e+00
   outer loop
     vertex -6.990128e+00  4.418137e+00  0.000000e+00
     vertex -7.007506e+00  4.286139e+00  0.000000e+00
     vertex -7.007506e+00  4.286139e+00  1.510000e+00
   endloop
 endfacet
 facet normal -9.914449e-01 -1.305262e-01  0.000000e+00
   outer loop
     vertex -7.007506e+00  4.550135e+00  0.000000e+00
     vertex -6.990128e+00  4.418137e+00  1.510000e+00
     vertex -7.007506e+00  4.550135e+00  1.510000e+00
   endloop
 endfacet
 facet normal -9.914449e-01 -1.305262e-01  0.000000e+00
   outer loop
     vertex -7.007506e+00  4.550135e+00  0.000000e+00
     vertex -6.990128e+00  4.418137e+00  0.000000e+00
     vertex -6.990128e+00  4.418137e+00  1.510000e+00
   endloop
 endfacet
 facet normal -9.238795e-01 -3.826834e-01  0.000000e+00
   outer loop
     vertex -7.058455e+00  4.673137e+00  0.000000e+00
     vertex -7.007506e+00  4.550135e+00  1.510000e+00
     vertex -7.058455e+00  4.673137e+00  1.510000e+00
   endloop
 endfacet
 facet normal -9.238795e-01 -3.826834e-01  0.000000e+00
   outer loop
     vertex -7.058455e+00  4.673137e+00  0.000000e+00
     vertex -7.007506e+00  4.550135e+00  0.000000e+00
     vertex -7.007506e+00  4.550135e+00  1.510000e+00
   endloop
 endfacet
 facet normal -7.933533e-01 -6.087614e-01  0.000000e+00
   outer loop
     vertex -7.139504e+00  4.778761e+00  0.000000e+00
     vertex -7.058455e+00  4.673137e+00  1.510000e+00
     vertex -7.139504e+00  4.778761e+00  1.510000e+00
   endloop
 endfacet
 facet normal -7.933533e-01 -6.087614e-01  0.000000e+00
   outer loop
     vertex -7.139504e+00  4.778761e+00  0.000000e+00
     vertex -7.058455e+00  4.673137e+00  0.000000e+00
     vertex -7.058455e+00  4.673137e+00  1.510000e+00
   endloop
 endfacet
 facet normal -6.087614e-01 -7.933533e-01  0.000000e+00
   outer loop
     vertex -7.245128e+00  4.859810e+00  0.000000e+00
     vertex -7.139504e+00  4.778761e+00  1.510000e+00
     vertex -7.245128e+00  4.859810e+00  1.510000e+00
   endloop
 endfacet
 facet normal -6.087614e-01 -7.933533e-01  0.000000e+00
   outer loop
     vertex -7.245128e+00  4.859810e+00  0.000000e+00
     vertex -7.139504e+00  4.778761e+00  0.000000e+00
     vertex -7.139504e+00  4.778761e+00  1.510000e+00
   endloop
 endfacet
 facet normal -3.826834e-01 -9.238795e-01  0.000000e+00
   outer loop
     vertex -7.368130e+00  4.910759e+00  0.000000e+00
     vertex -7.245128e+00  4.859810e+00  1.510000e+00
     vertex -7.368130e+00  4.910759e+00  1.510000e+00
   endloop
 endfacet
 facet normal -3.826834e-01 -9.238795e-01  0.000000e+00
   outer loop
     vertex -7.368130e+00  4.910759e+00  0.000000e+00
     vertex -7.245128e+00  4.859810e+00  0.000000e+00
     vertex -7.245128e+00  4.859810e+00  1.510000e+00
   endloop
 endfacet
 facet normal -1.305262e-01 -9.914449e-01  0.000000e+00
   outer loop
     vertex -7.500128e+00  4.928137e+00  0.000000e+00
     vertex -7.368130e+00  4.910759e+00  1.510000e+00
     vertex -7.500128e+00  4.928137e+00  1.510000e+00
   endloop
 endfacet
 facet normal -1.305262e-01 -9.914449e-01  0.000000e+00
   outer loop
     vertex -7.500128e+00  4.928137e+00  0.000000e+00
     vertex -7.368130e+00  4.910759e+00  0.000000e+00
     vertex -7.368130e+00  4.910759e+00  1.510000e+00
   endloop
 endfacet
 facet normal  1.305262e-01 -9.914449e-01  0.000000e+00
   outer loop
     vertex -7.632126e+00  4.910759e+00  0.000000e+00
     vertex -7.500128e+00  4.928137e+00  1.510000e+00
     vertex -7.632126e+00  4.910759e+00  1.510000e+00
   endloop
 endfacet
 facet normal  1.305262e-01 -9.914449e-01  0.000000e+00
   outer loop
     vertex -7.632126e+00  4.910759e+00  0.000000e+00
     vertex -7.500128e+00  4.928137e+00  0.000000e+00
     vertex -7.500128e+00  4.928137e+00  1.510000e+00
   endloop
 endfacet
 facet normal  3.826834e-01 -9.238795e-01  0.000000e+00
   outer loop
     vertex -7.755128e+00  4.859810e+00  0.000000e+00
     vertex -7.632126e+00  4.910759e+00  0.000000e+00
     vertex -7.632126e+00  4.910759e+00  1.510000e+00
   endloop
 endfacet
 facet normal  3.826834e-01 -9.238795e-01  0.000000e+00
   outer loop
     vertex -7.755128e+00  4.859810e+00  0.000000e+00
     vertex -7.632126e+00  4.910759e+00  1.510000e+00
     vertex -7.755128e+00  4.859810e+00  1.510000e+00
   endloop
 endfacet
 facet normal  6.087614e-01 -7.933533e-01  0.000000e+00
   outer loop
     vertex -7.860752e+00  4.778761e+00  0.000000e+00
     vertex -7.755128e+00  4.859810e+00  0.000000e+00
     vertex -7.755128e+00  4.859810e+00  1.510000e+00
   endloop
 endfacet
 facet normal  7.933533e-01 -6.087614e-01  0.000000e+00
   outer loop
     vertex -7.860752e+00  4.778761e+00  0.000000e+00
     vertex -7.860752e+00  4.778761e+00  1.510000e+00
     vertex -7.941801e+00  4.673137e+00  1.510000e+00
   endloop
 endfacet
 facet normal  6.087614e-01 -7.933533e-01  0.000000e+00
   outer loop
     vertex -7.860752e+00  4.778761e+00  0.000000e+00
     vertex -7.755128e+00  4.859810e+00  1.510000e+00
     vertex -7.860752e+00  4.778761e+00  1.510000e+00
   endloop
 endfacet
 facet normal  7.933533e-01 -6.087614e-01  0.000000e+00
   outer loop
     vertex -7.941801e+00  4.673137e+00  0.000000e+00
     vertex -7.860752e+00  4.778761e+00  0.000000e+00
     vertex -7.941801e+00  4.673137e+00  1.510000e+00
   endloop
 endfacet
 facet normal  9.238795e-01 -3.826834e-01  0.000000e+00
   outer loop
     vertex -7.941801e+00  4.673137e+00  0.000000e+00
     vertex -7.941801e+00  4.673137e+00  1.510000e+00
     vertex -7.992750e+00  4.550135e+00  1.510000e+00
   endloop
 endfacet
 facet normal  9.238795e-01 -3.826834e-01  0.000000e+00
   outer loop
     vertex -7.992750e+00  4.550135e+00  0.000000e+00
     vertex -7.941801e+00  4.673137e+00  0.000000e+00
     vertex -7.992750e+00  4.550135e+00  1.510000e+00
   endloop
 endfacet
 facet normal  9.914449e-01 -1.305262e-01  0.000000e+00
   outer loop
     vertex -8.010128e+00  4.418137e+00  0.000000e+00
     vertex -7.992750e+00  4.550135e+00  0.000000e+00
     vertex -7.992750e+00  4.550135e+00  1.510000e+00
   endloop
 endfacet
 facet normal  9.914449e-01 -1.305262e-01  0.000000e+00
   outer loop
     vertex -8.010128e+00  4.418137e+00  0.000000e+00
     vertex -7.992750e+00  4.550135e+00  1.510000e+00
     vertex -8.010128e+00  4.418137e+00  1.510000e+00
   endloop
 endfacet
 facet normal  9.914449e-01  1.305262e-01 -0.000000e+00
   outer loop
     vertex -7.992750e+00  4.286139e+00  0.000000e+00
     vertex -8.010128e+00  4.418137e+00  1.510000e+00
     vertex -7.992750e+00  4.286139e+00  1.510000e+00
   endloop
 endfacet
 facet normal  9.914449e-01  1.305262e-01  0.000000e+00
   outer loop
     vertex -7.992750e+00  4.286139e+00  0.000000e+00
     vertex -8.010128e+00  4.418137e+00  0.000000e+00
     vertex -8.010128e+00  4.418137e+00  1.510000e+00
   endloop
 endfacet
 facet normal  9.238795e-01  3.826834e-01 -0.000000e+00
   outer loop
     vertex -7.941801e+00  4.163137e+00  0.000000e+00
     vertex -7.992750e+00  4.286139e+00  1.510000e+00
     vertex -7.941801e+00  4.163137e+00  1.510000e+00
   endloop
 endfacet
 facet normal  9.238795e-01  3.826834e-01  0.000000e+00
   outer loop
     vertex -7.941801e+00  4.163137e+00  0.000000e+00
     vertex -7.992750e+00  4.286139e+00  0.000000e+00
     vertex -7.992750e+00  4.286139e+00  1.510000e+00
   endloop
 endfacet
 facet normal  6.087614e-01  7.933533e-01 -0.000000e+00
   outer loop
     vertex -7.860752e+00  4.057513e+00  0.000000e+00
     vertex -7.860752e+00  4.057513e+00  1.510000e+00
     vertex -7.755128e+00  3.976464e+00  1.510000e+00
   endloop
 endfacet
 facet normal  7.933533e-01  6.087614e-01 -0.000000e+00
   outer loop
     vertex -7.860752e+00  4.057513e+00  0.000000e+00
     vertex -7.941801e+00  4.163137e+00  1.510000e+00
     vertex -7.860752e+00  4.057513e+00  1.510000e+00
   endloop
 endfacet
 facet normal  7.933533e-01  6.087614e-01  0.000000e+00
   outer loop
     vertex -7.860752e+00  4.057513e+00  0.000000e+00
     vertex -7.941801e+00  4.163137e+00  0.000000e+00
     vertex -7.941801e+00  4.163137e+00  1.510000e+00
   endloop
 endfacet
 facet normal  6.087614e-01  7.933533e-01 -0.000000e+00
   outer loop
     vertex -7.755128e+00  3.976464e+00  0.000000e+00
     vertex -7.860752e+00  4.057513e+00  0.000000e+00
     vertex -7.755128e+00  3.976464e+00  1.510000e+00
   endloop
 endfacet
 facet normal  3.826834e-01  9.238795e-01 -0.000000e+00
   outer loop
     vertex -7.632126e+00  3.925515e+00  0.000000e+00
     vertex -7.755128e+00  3.976464e+00  1.510000e+00
     vertex -7.632126e+00  3.925515e+00  1.510000e+00
   endloop
 endfacet
 facet normal  3.826834e-01  9.238795e-01  0.000000e+00
   outer loop
     vertex -7.632126e+00  3.925515e+00  0.000000e+00
     vertex -7.755128e+00  3.976464e+00  0.000000e+00
     vertex -7.755128e+00  3.976464e+00  1.510000e+00
   endloop
 endfacet
 facet normal  1.305262e-01  9.914449e-01 -0.000000e+00
   outer loop
     vertex -7.500128e+00  3.908137e+00  0.000000e+00
     vertex -7.632126e+00  3.925515e+00  1.510000e+00
     vertex -7.500128e+00  3.908137e+00  1.510000e+00
   endloop
 endfacet
 facet normal  1.305262e-01  9.914449e-01  0.000000e+00
   outer loop
     vertex -7.500128e+00  3.908137e+00  0.000000e+00
     vertex -7.632126e+00  3.925515e+00  0.000000e+00
     vertex -7.632126e+00  3.925515e+00  1.510000e+00
   endloop
 endfacet
 facet normal -1.305262e-01  9.914449e-01  0.000000e+00
   outer loop
     vertex -4.368130e+00  3.925515e+00  0.000000e+00
     vertex -4.500128e+00  3.908137e+00  0.000000e+00
     vertex -4.500128e+00  3.908137e+00  1.510000e+00
   endloop
 endfacet
 facet normal -1.305262e-01  9.914449e-01  0.000000e+00
   outer loop
     vertex -4.368130e+00  3.925515e+00  0.000000e+00
     vertex -4.500128e+00  3.908137e+00  1.510000e+00
     vertex -4.368130e+00  3.925515e+00  1.510000e+00
   endloop
 endfacet
 facet normal -3.826834e-01  9.238795e-01  0.000000e+00
   outer loop
     vertex -4.245128e+00  3.976464e+00  0.000000e+00
     vertex -4.368130e+00  3.925515e+00  1.510000e+00
     vertex -4.245128e+00  3.976464e+00  1.510000e+00
   endloop
 endfacet
 facet normal -3.826834e-01  9.238795e-01  0.000000e+00
   outer loop
     vertex -4.245128e+00  3.976464e+00  0.000000e+00
     vertex -4.368130e+00  3.925515e+00  0.000000e+00
     vertex -4.368130e+00  3.925515e+00  1.510000e+00
   endloop
 endfacet
 facet normal -6.087614e-01  7.933533e-01  0.000000e+00
   outer loop
     vertex -4.139504e+00  4.057513e+00  0.000000e+00
     vertex -4.245128e+00  3.976464e+00  1.510000e+00
     vertex -4.139504e+00  4.057513e+00  1.510000e+00
   endloop
 endfacet
 facet normal -6.087614e-01  7.933533e-01  0.000000e+00
   outer loop
     vertex -4.139504e+00  4.057513e+00  0.000000e+00
     vertex -4.245128e+00  3.976464e+00  0.000000e+00
     vertex -4.245128e+00  3.976464e+00  1.510000e+00
   endloop
 endfacet
 facet normal -7.933533e-01  6.087614e-01  0.000000e+00
   outer loop
     vertex -4.058455e+00  4.163137e+00  0.000000e+00
     vertex -4.139504e+00  4.057513e+00  1.510000e+00
     vertex -4.058455e+00  4.163137e+00  1.510000e+00
   endloop
 endfacet
 facet normal -7.933533e-01  6.087614e-01  0.000000e+00
   outer loop
     vertex -4.058455e+00  4.163137e+00  0.000000e+00
     vertex -4.139504e+00  4.057513e+00  0.000000e+00
     vertex -4.139504e+00  4.057513e+00  1.510000e+00
   endloop
 endfacet
 facet normal -9.238795e-01  3.826834e-01  0.000000e+00
   outer loop
     vertex -4.007506e+00  4.286139e+00  0.000000e+00
     vertex -4.058455e+00  4.163137e+00  1.510000e+00
     vertex -4.007506e+00  4.286139e+00  1.510000e+00
   endloop
 endfacet
 facet normal -9.238795e-01  3.826834e-01  0.000000e+00
   outer loop
     vertex -4.007506e+00  4.286139e+00  0.000000e+00
     vertex -4.058455e+00  4.163137e+00  0.000000e+00
     vertex -4.058455e+00  4.163137e+00  1.510000e+00
   endloop
 endfacet
 facet normal -9.914449e-01  1.305262e-01  0.000000e+00
   outer loop
     vertex -3.990128e+00  4.418137e+00  0.000000e+00
     vertex -4.007506e+00  4.286139e+00  1.510000e+00
     vertex -3.990128e+00  4.418137e+00  1.510000e+00
   endloop
 endfacet
 facet normal -9.914449e-01  1.305262e-01  0.000000e+00
   outer loop
     vertex -3.990128e+00  4.418137e+00  0.000000e+00
     vertex -4.007506e+00  4.286139e+00  0.000000e+00
     vertex -4.007506e+00  4.286139e+00  1.510000e+00
   endloop
 endfacet
 facet normal -9.914449e-01 -1.305262e-01  0.000000e+00
   outer loop
     vertex -4.007506e+00  4.550135e+00  0.000000e+00
     vertex -3.990128e+00  4.418137e+00  1.510000e+00
     vertex -4.007506e+00  4.550135e+00  1.510000e+00
   endloop
 endfacet
 facet normal -9.914449e-01 -1.305262e-01  0.000000e+00
   outer loop
     vertex -4.007506e+00  4.550135e+00  0.000000e+00
     vertex -3.990128e+00  4.418137e+00  0.000000e+00
     vertex -3.990128e+00  4.418137e+00  1.510000e+00
   endloop
 endfacet
 facet normal -9.238795e-01 -3.826834e-01  0.000000e+00
   outer loop
     vertex -4.058455e+00  4.673137e+00  0.000000e+00
     vertex -4.007506e+00  4.550135e+00  1.510000e+00
     vertex -4.058455e+00  4.673137e+00  1.510000e+00
   endloop
 endfacet
 facet normal -9.238795e-01 -3.826834e-01  0.000000e+00
   outer loop
     vertex -4.058455e+00  4.673137e+00  0.000000e+00
     vertex -4.007506e+00  4.550135e+00  0.000000e+00
     vertex -4.007506e+00  4.550135e+00  1.510000e+00
   endloop
 endfacet
 facet normal -7.933533e-01 -6.087614e-01  0.000000e+00
   outer loop
     vertex -4.139504e+00  4.778761e+00  0.000000e+00
     vertex -4.058455e+00  4.673137e+00  1.510000e+00
     vertex -4.139504e+00  4.778761e+00  1.510000e+00
   endloop
 endfacet
 facet normal -7.933533e-01 -6.087614e-01  0.000000e+00
   outer loop
     vertex -4.139504e+00  4.778761e+00  0.000000e+00
     vertex -4.058455e+00  4.673137e+00  0.000000e+00
     vertex -4.058455e+00  4.673137e+00  1.510000e+00
   endloop
 endfacet
 facet normal -6.087614e-01 -7.933533e-01  0.000000e+00
   outer loop
     vertex -4.245128e+00  4.859810e+00  0.000000e+00
     vertex -4.139504e+00  4.778761e+00  1.510000e+00
     vertex -4.245128e+00  4.859810e+00  1.510000e+00
   endloop
 endfacet
 facet normal -6.087614e-01 -7.933533e-01  0.000000e+00
   outer loop
     vertex -4.245128e+00  4.859810e+00  0.000000e+00
     vertex -4.139504e+00  4.778761e+00  0.000000e+00
     vertex -4.139504e+00  4.778761e+00  1.510000e+00
   endloop
 endfacet
 facet normal -3.826834e-01 -9.238795e-01  0.000000e+00
   outer loop
     vertex -4.368130e+00  4.910759e+00  0.000000e+00
     vertex -4.245128e+00  4.859810e+00  1.510000e+00
     vertex -4.368130e+00  4.910759e+00  1.510000e+00
   endloop
 endfacet
 facet normal -3.826834e-01 -9.238795e-01  0.000000e+00
   outer loop
     vertex -4.368130e+00  4.910759e+00  0.000000e+00
     vertex -4.245128e+00  4.859810e+00  0.000000e+00
     vertex -4.245128e+00  4.859810e+00  1.510000e+00
   endloop
 endfacet
 facet normal -1.305262e-01 -9.914449e-01  0.000000e+00
   outer loop
     vertex -4.500128e+00  4.928137e+00  0.000000e+00
     vertex -4.368130e+00  4.910759e+00  1.510000e+00
     vertex -4.500128e+00  4.928137e+00  1.510000e+00
   endloop
 endfacet
 facet normal -1.305262e-01 -9.914449e-01  0.000000e+00
   outer loop
     vertex -4.500128e+00  4.928137e+00  0.000000e+00
     vertex -4.368130e+00  4.910759e+00  0.000000e+00
     vertex -4.368130e+00  4.910759e+00  1.510000e+00
   endloop
 endfacet
 facet normal  1.305262e-01 -9.914449e-01  0.000000e+00
   outer loop
     vertex -4.632126e+00  4.910759e+00  0.000000e+00
     vertex -4.500128e+00  4.928137e+00  1.510000e+00
     vertex -4.632126e+00  4.910759e+00  1.510000e+00
   endloop
 endfacet
 facet normal  1.305262e-01 -9.914449e-01  0.000000e+00
   outer loop
     vertex -4.632126e+00  4.910759e+00  0.000000e+00
     vertex -4.500128e+00  4.928137e+00  0.000000e+00
     vertex -4.500128e+00  4.928137e+00  1.510000e+00
   endloop
 endfacet
 facet normal  3.826834e-01 -9.238795e-01  0.000000e+00
   outer loop
     vertex -4.755128e+00  4.859810e+00  0.000000e+00
     vertex -4.632126e+00  4.910759e+00  0.000000e+00
     vertex -4.632126e+00  4.910759e+00  1.510000e+00
   endloop
 endfacet
 facet normal  3.826834e-01 -9.238795e-01  0.000000e+00
   outer loop
     vertex -4.755128e+00  4.859810e+00  0.000000e+00
     vertex -4.632126e+00  4.910759e+00  1.510000e+00
     vertex -4.755128e+00  4.859810e+00  1.510000e+00
   endloop
 endfacet
 facet normal  6.087614e-01 -7.933533e-01  0.000000e+00
   outer loop
     vertex -4.860752e+00  4.778761e+00  0.000000e+00
     vertex -4.755128e+00  4.859810e+00  0.000000e+00
     vertex -4.755128e+00  4.859810e+00  1.510000e+00
   endloop
 endfacet
 facet normal  7.933533e-01 -6.087614e-01  0.000000e+00
   outer loop
     vertex -4.860752e+00  4.778761e+00  0.000000e+00
     vertex -4.860752e+00  4.778761e+00  1.510000e+00
     vertex -4.941801e+00  4.673137e+00  1.510000e+00
   endloop
 endfacet
 facet normal  6.087614e-01 -7.933533e-01  0.000000e+00
   outer loop
     vertex -4.860752e+00  4.778761e+00  0.000000e+00
     vertex -4.755128e+00  4.859810e+00  1.510000e+00
     vertex -4.860752e+00  4.778761e+00  1.510000e+00
   endloop
 endfacet
 facet normal  7.933533e-01 -6.087614e-01  0.000000e+00
   outer loop
     vertex -4.941801e+00  4.673137e+00  0.000000e+00
     vertex -4.860752e+00  4.778761e+00  0.000000e+00
     vertex -4.941801e+00  4.673137e+00  1.510000e+00
   endloop
 endfacet
 facet normal  9.238795e-01 -3.826834e-01  0.000000e+00
   outer loop
     vertex -4.941801e+00  4.673137e+00  0.000000e+00
     vertex -4.941801e+00  4.673137e+00  1.510000e+00
     vertex -4.992750e+00  4.550135e+00  1.510000e+00
   endloop
 endfacet
 facet normal  9.238795e-01 -3.826834e-01  0.000000e+00
   outer loop
     vertex -4.992750e+00  4.550135e+00  0.000000e+00
     vertex -4.941801e+00  4.673137e+00  0.000000e+00
     vertex -4.992750e+00  4.550135e+00  1.510000e+00
   endloop
 endfacet
 facet normal  9.914449e-01 -1.305262e-01  0.000000e+00
   outer loop
     vertex -5.010128e+00  4.418137e+00  0.000000e+00
     vertex -4.992750e+00  4.550135e+00  0.000000e+00
     vertex -4.992750e+00  4.550135e+00  1.510000e+00
   endloop
 endfacet
 facet normal  9.914449e-01 -1.305262e-01  0.000000e+00
   outer loop
     vertex -5.010128e+00  4.418137e+00  0.000000e+00
     vertex -4.992750e+00  4.550135e+00  1.510000e+00
     vertex -5.010128e+00  4.418137e+00  1.510000e+00
   endloop
 endfacet
 facet normal  9.914449e-01  1.305262e-01 -0.000000e+00
   outer loop
     vertex -4.992750e+00  4.286139e+00  0.000000e+00
     vertex -5.010128e+00  4.418137e+00  1.510000e+00
     vertex -4.992750e+00  4.286139e+00  1.510000e+00
   endloop
 endfacet
 facet normal  9.914449e-01  1.305262e-01  0.000000e+00
   outer loop
     vertex -4.992750e+00  4.286139e+00  0.000000e+00
     vertex -5.010128e+00  4.418137e+00  0.000000e+00
     vertex -5.010128e+00  4.418137e+00  1.510000e+00
   endloop
 endfacet
 facet normal  9.238795e-01  3.826834e-01 -0.000000e+00
   outer loop
     vertex -4.941801e+00  4.163137e+00  0.000000e+00
     vertex -4.992750e+00  4.286139e+00  1.510000e+00
     vertex -4.941801e+00  4.163137e+00  1.510000e+00
   endloop
 endfacet
 facet normal  9.238795e-01  3.826834e-01  0.000000e+00
   outer loop
     vertex -4.941801e+00  4.163137e+00  0.000000e+00
     vertex -4.992750e+00  4.286139e+00  0.000000e+00
     vertex -4.992750e+00  4.286139e+00  1.510000e+00
   endloop
 endfacet
 facet normal  6.087614e-01  7.933533e-01 -0.000000e+00
   outer loop
     vertex -4.860752e+00  4.057513e+00  0.000000e+00
     vertex -4.860752e+00  4.057513e+00  1.510000e+00
     vertex -4.755128e+00  3.976464e+00  1.510000e+00
   endloop
 endfacet
 facet normal  7.933533e-01  6.087614e-01 -0.000000e+00
   outer loop
     vertex -4.860752e+00  4.057513e+00  0.000000e+00
     vertex -4.941801e+00  4.163137e+00  1.510000e+00
     vertex -4.860752e+00  4.057513e+00  1.510000e+00
   endloop
 endfacet
 facet normal  7.933533e-01  6.087614e-01  0.000000e+00
   outer loop
     vertex -4.860752e+00  4.057513e+00  0.000000e+00
     vertex -4.941801e+00  4.163137e+00  0.000000e+00
     vertex -4.941801e+00  4.163137e+00  1.510000e+00
   endloop
 endfacet
 facet normal  6.087614e-01  7.933533e-01 -0.000000e+00
   outer loop
     vertex -4.755128e+00  3.976464e+00  0.000000e+00
     vertex -4.860752e+00  4.057513e+00  0.000000e+00
     vertex -4.755128e+00  3.976464e+00  1.510000e+00
   endloop
 endfacet
 facet normal  3.826834e-01  9.238795e-01 -0.000000e+00
   outer loop
     vertex -4.632126e+00  3.925515e+00  0.000000e+00
     vertex -4.755128e+00  3.976464e+00  1.510000e+00
     vertex -4.632126e+00  3.925515e+00  1.510000e+00
   endloop
 endfacet
 facet normal  3.826834e-01  9.238795e-01  0.000000e+00
   outer loop
     vertex -4.632126e+00  3.925515e+00  0.000000e+00
     vertex -4.755128e+00  3.976464e+00  0.000000e+00
     vertex -4.755128e+00  3.976464e+00  1.510000e+00
   endloop
 endfacet
 facet normal  1.305262e-01  9.914449e-01 -0.000000e+00
   outer loop
     vertex -4.500128e+00  3.908137e+00  0.000000e+00
     vertex -4.632126e+00  3.925515e+00  1.510000e+00
     vertex -4.500128e+00  3.908137e+00  1.510000e+00
   endloop
 endfacet
 facet normal  1.305262e-01  9.914449e-01  0.000000e+00
   outer loop
     vertex -4.500128e+00  3.908137e+00  0.000000e+00
     vertex -4.632126e+00  3.925515e+00  0.000000e+00
     vertex -4.632126e+00  3.925515e+00  1.510000e+00
   endloop
 endfacet
 facet normal -1.305262e-01  9.914449e-01  0.000000e+00
   outer loop
     vertex -1.761190e+01  7.289248e+00  0.000000e+00
     vertex -1.800013e+01  7.238137e+00  0.000000e+00
     vertex -1.800013e+01  7.238137e+00  1.510000e+00
   endloop
 endfacet
 facet normal -1.305262e-01  9.914449e-01  0.000000e+00
   outer loop
     vertex -1.761190e+01  7.289248e+00  0.000000e+00
     vertex -1.800013e+01  7.238137e+00  1.510000e+00
     vertex -1.761190e+01  7.289248e+00  1.510000e+00
   endloop
 endfacet
 facet normal -3.826834e-01  9.238795e-01  0.000000e+00
   outer loop
     vertex -1.725013e+01  7.439099e+00  0.000000e+00
     vertex -1.761190e+01  7.289248e+00  1.510000e+00
     vertex -1.725013e+01  7.439099e+00  1.510000e+00
   endloop
 endfacet
 facet normal -3.826834e-01  9.238795e-01  0.000000e+00
   outer loop
     vertex -1.725013e+01  7.439099e+00  0.000000e+00
     vertex -1.761190e+01  7.289248e+00  0.000000e+00
     vertex -1.761190e+01  7.289248e+00  1.510000e+00
   endloop
 endfacet
 facet normal -6.087614e-01  7.933533e-01  0.000000e+00
   outer loop
     vertex -1.693947e+01  7.677477e+00  0.000000e+00
     vertex -1.725013e+01  7.439099e+00  1.510000e+00
     vertex -1.693947e+01  7.677477e+00  1.510000e+00
   endloop
 endfacet
 facet normal -6.087614e-01  7.933533e-01  0.000000e+00
   outer loop
     vertex -1.693947e+01  7.677477e+00  0.000000e+00
     vertex -1.725013e+01  7.439099e+00  0.000000e+00
     vertex -1.725013e+01  7.439099e+00  1.510000e+00
   endloop
 endfacet
 facet normal -7.933533e-01  6.087614e-01  0.000000e+00
   outer loop
     vertex -1.670109e+01  7.988137e+00  0.000000e+00
     vertex -1.693947e+01  7.677477e+00  1.510000e+00
     vertex -1.670109e+01  7.988137e+00  1.510000e+00
   endloop
 endfacet
 facet normal -7.933533e-01  6.087614e-01  0.000000e+00
   outer loop
     vertex -1.670109e+01  7.988137e+00  0.000000e+00
     vertex -1.693947e+01  7.677477e+00  0.000000e+00
     vertex -1.693947e+01  7.677477e+00  1.510000e+00
   endloop
 endfacet
 facet normal -9.238795e-01  3.826834e-01  0.000000e+00
   outer loop
     vertex -1.655124e+01  8.349908e+00  0.000000e+00
     vertex -1.670109e+01  7.988137e+00  1.510000e+00
     vertex -1.655124e+01  8.349908e+00  1.510000e+00
   endloop
 endfacet
 facet normal -9.238795e-01  3.826834e-01  0.000000e+00
   outer loop
     vertex -1.655124e+01  8.349908e+00  0.000000e+00
     vertex -1.670109e+01  7.988137e+00  0.000000e+00
     vertex -1.670109e+01  7.988137e+00  1.510000e+00
   endloop
 endfacet
 facet normal -9.914449e-01  1.305262e-01  0.000000e+00
   outer loop
     vertex -1.650013e+01  8.738137e+00  0.000000e+00
     vertex -1.655124e+01  8.349908e+00  1.510000e+00
     vertex -1.650013e+01  8.738137e+00  1.510000e+00
   endloop
 endfacet
 facet normal -9.914449e-01  1.305262e-01  0.000000e+00
   outer loop
     vertex -1.650013e+01  8.738137e+00  0.000000e+00
     vertex -1.655124e+01  8.349908e+00  0.000000e+00
     vertex -1.655124e+01  8.349908e+00  1.510000e+00
   endloop
 endfacet
 facet normal -9.914449e-01 -1.305262e-01  0.000000e+00
   outer loop
     vertex -1.655124e+01  9.126366e+00  0.000000e+00
     vertex -1.650013e+01  8.738137e+00  1.510000e+00
     vertex -1.655124e+01  9.126366e+00  1.510000e+00
   endloop
 endfacet
 facet normal -9.914449e-01 -1.305262e-01  0.000000e+00
   outer loop
     vertex -1.655124e+01  9.126366e+00  0.000000e+00
     vertex -1.650013e+01  8.738137e+00  0.000000e+00
     vertex -1.650013e+01  8.738137e+00  1.510000e+00
   endloop
 endfacet
 facet normal -9.238795e-01 -3.826834e-01  0.000000e+00
   outer loop
     vertex -1.670109e+01  9.488137e+00  0.000000e+00
     vertex -1.655124e+01  9.126366e+00  1.510000e+00
     vertex -1.670109e+01  9.488137e+00  1.510000e+00
   endloop
 endfacet
 facet normal -9.238795e-01 -3.826834e-01  0.000000e+00
   outer loop
     vertex -1.670109e+01  9.488137e+00  0.000000e+00
     vertex -1.655124e+01  9.126366e+00  0.000000e+00
     vertex -1.655124e+01  9.126366e+00  1.510000e+00
   endloop
 endfacet
 facet normal -7.933533e-01 -6.087614e-01  0.000000e+00
   outer loop
     vertex -1.693947e+01  9.798797e+00  0.000000e+00
     vertex -1.670109e+01  9.488137e+00  1.510000e+00
     vertex -1.693947e+01  9.798797e+00  1.510000e+00
   endloop
 endfacet
 facet normal -7.933533e-01 -6.087614e-01  0.000000e+00
   outer loop
     vertex -1.693947e+01  9.798797e+00  0.000000e+00
     vertex -1.670109e+01  9.488137e+00  0.000000e+00
     vertex -1.670109e+01  9.488137e+00  1.510000e+00
   endloop
 endfacet
 facet normal -6.087614e-01 -7.933533e-01  0.000000e+00
   outer loop
     vertex -1.725013e+01  1.003718e+01  0.000000e+00
     vertex -1.693947e+01  9.798797e+00  1.510000e+00
     vertex -1.725013e+01  1.003718e+01  1.510000e+00
   endloop
 endfacet
 facet normal -6.087614e-01 -7.933533e-01  0.000000e+00
   outer loop
     vertex -1.725013e+01  1.003718e+01  0.000000e+00
     vertex -1.693947e+01  9.798797e+00  0.000000e+00
     vertex -1.693947e+01  9.798797e+00  1.510000e+00
   endloop
 endfacet
 facet normal -3.826834e-01 -9.238795e-01  0.000000e+00
   outer loop
     vertex -1.761190e+01  1.018703e+01  0.000000e+00
     vertex -1.725013e+01  1.003718e+01  1.510000e+00
     vertex -1.761190e+01  1.018703e+01  1.510000e+00
   endloop
 endfacet
 facet normal -3.826834e-01 -9.238795e-01  0.000000e+00
   outer loop
     vertex -1.761190e+01  1.018703e+01  0.000000e+00
     vertex -1.725013e+01  1.003718e+01  0.000000e+00
     vertex -1.725013e+01  1.003718e+01  1.510000e+00
   endloop
 endfacet
 facet normal -1.305262e-01 -9.914449e-01  0.000000e+00
   outer loop
     vertex -1.800013e+01  1.023814e+01  0.000000e+00
     vertex -1.761190e+01  1.018703e+01  1.510000e+00
     vertex -1.800013e+01  1.023814e+01  1.510000e+00
   endloop
 endfacet
 facet normal -1.305262e-01 -9.914449e-01  0.000000e+00
   outer loop
     vertex -1.800013e+01  1.023814e+01  0.000000e+00
     vertex -1.761190e+01  1.018703e+01  0.000000e+00
     vertex -1.761190e+01  1.018703e+01  1.510000e+00
   endloop
 endfacet
 facet normal  1.305262e-01 -9.914449e-01  0.000000e+00
   outer loop
     vertex -1.838836e+01  1.018703e+01  0.000000e+00
     vertex -1.800013e+01  1.023814e+01  1.510000e+00
     vertex -1.838836e+01  1.018703e+01  1.510000e+00
   endloop
 endfacet
 facet normal  1.305262e-01 -9.914449e-01  0.000000e+00
   outer loop
     vertex -1.838836e+01  1.018703e+01  0.000000e+00
     vertex -1.800013e+01  1.023814e+01  0.000000e+00
     vertex -1.800013e+01  1.023814e+01  1.510000e+00
   endloop
 endfacet
 facet normal  3.826834e-01 -9.238795e-01  0.000000e+00
   outer loop
     vertex -1.875013e+01  1.003718e+01  0.000000e+00
     vertex -1.838836e+01  1.018703e+01  0.000000e+00
     vertex -1.838836e+01  1.018703e+01  1.510000e+00
   endloop
 endfacet
 facet normal  3.826834e-01 -9.238795e-01  0.000000e+00
   outer loop
     vertex -1.875013e+01  1.003718e+01  0.000000e+00
     vertex -1.838836e+01  1.018703e+01  1.510000e+00
     vertex -1.875013e+01  1.003718e+01  1.510000e+00
   endloop
 endfacet
 facet normal  6.087614e-01 -7.933533e-01  0.000000e+00
   outer loop
     vertex -1.906079e+01  9.798797e+00  0.000000e+00
     vertex -1.875013e+01  1.003718e+01  0.000000e+00
     vertex -1.875013e+01  1.003718e+01  1.510000e+00
   endloop
 endfacet
 facet normal  7.933533e-01 -6.087614e-01  0.000000e+00
   outer loop
     vertex -1.906079e+01  9.798797e+00  0.000000e+00
     vertex -1.906079e+01  9.798797e+00  1.510000e+00
     vertex -1.929917e+01  9.488137e+00  1.510000e+00
   endloop
 endfacet
 facet normal  6.087614e-01 -7.933533e-01  0.000000e+00
   outer loop
     vertex -1.906079e+01  9.798797e+00  0.000000e+00
     vertex -1.875013e+01  1.003718e+01  1.510000e+00
     vertex -1.906079e+01  9.798797e+00  1.510000e+00
   endloop
 endfacet
 facet normal  7.933533e-01 -6.087614e-01  0.000000e+00
   outer loop
     vertex -1.929917e+01  9.488137e+00  0.000000e+00
     vertex -1.906079e+01  9.798797e+00  0.000000e+00
     vertex -1.929917e+01  9.488137e+00  1.510000e+00
   endloop
 endfacet
 facet normal  9.238795e-01 -3.826834e-01  0.000000e+00
   outer loop
     vertex -1.929917e+01  9.488137e+00  0.000000e+00
     vertex -1.929917e+01  9.488137e+00  1.510000e+00
     vertex -1.944902e+01  9.126366e+00  1.510000e+00
   endloop
 endfacet
 facet normal  9.238795e-01 -3.826834e-01  0.000000e+00
   outer loop
     vertex -1.944902e+01  9.126366e+00  0.000000e+00
     vertex -1.929917e+01  9.488137e+00  0.000000e+00
     vertex -1.944902e+01  9.126366e+00  1.510000e+00
   endloop
 endfacet
 facet normal  9.914449e-01 -1.305262e-01  0.000000e+00
   outer loop
     vertex -1.950013e+01  8.738137e+00  0.000000e+00
     vertex -1.944902e+01  9.126366e+00  0.000000e+00
     vertex -1.944902e+01  9.126366e+00  1.510000e+00
   endloop
 endfacet
 facet normal  9.914449e-01 -1.305262e-01  0.000000e+00
   outer loop
     vertex -1.950013e+01  8.738137e+00  0.000000e+00
     vertex -1.944902e+01  9.126366e+00  1.510000e+00
     vertex -1.950013e+01  8.738137e+00  1.510000e+00
   endloop
 endfacet
 facet normal  9.914449e-01  1.305262e-01 -0.000000e+00
   outer loop
     vertex -1.944902e+01  8.349908e+00  0.000000e+00
     vertex -1.950013e+01  8.738137e+00  1.510000e+00
     vertex -1.944902e+01  8.349908e+00  1.510000e+00
   endloop
 endfacet
 facet normal  9.914449e-01  1.305262e-01  0.000000e+00
   outer loop
     vertex -1.944902e+01  8.349908e+00  0.000000e+00
     vertex -1.950013e+01  8.738137e+00  0.000000e+00
     vertex -1.950013e+01  8.738137e+00  1.510000e+00
   endloop
 endfacet
 facet normal  9.238795e-01  3.826834e-01 -0.000000e+00
   outer loop
     vertex -1.929917e+01  7.988137e+00  0.000000e+00
     vertex -1.944902e+01  8.349908e+00  1.510000e+00
     vertex -1.929917e+01  7.988137e+00  1.510000e+00
   endloop
 endfacet
 facet normal  9.238795e-01  3.826834e-01  0.000000e+00
   outer loop
     vertex -1.929917e+01  7.988137e+00  0.000000e+00
     vertex -1.944902e+01  8.349908e+00  0.000000e+00
     vertex -1.944902e+01  8.349908e+00  1.510000e+00
   endloop
 endfacet
 facet normal  6.087614e-01  7.933533e-01 -0.000000e+00
   outer loop
     vertex -1.906079e+01  7.677477e+00  0.000000e+00
     vertex -1.906079e+01  7.677477e+00  1.510000e+00
     vertex -1.875013e+01  7.439099e+00  1.510000e+00
   endloop
 endfacet
 facet normal  7.933533e-01  6.087614e-01 -0.000000e+00
   outer loop
     vertex -1.906079e+01  7.677477e+00  0.000000e+00
     vertex -1.929917e+01  7.988137e+00  1.510000e+00
     vertex -1.906079e+01  7.677477e+00  1.510000e+00
   endloop
 endfacet
 facet normal  7.933533e-01  6.087614e-01  0.000000e+00
   outer loop
     vertex -1.906079e+01  7.677477e+00  0.000000e+00
     vertex -1.929917e+01  7.988137e+00  0.000000e+00
     vertex -1.929917e+01  7.988137e+00  1.510000e+00
   endloop
 endfacet
 facet normal  6.087614e-01  7.933533e-01 -0.000000e+00
   outer loop
     vertex -1.875013e+01  7.439099e+00  0.000000e+00
     vertex -1.906079e+01  7.677477e+00  0.000000e+00
     vertex -1.875013e+01  7.439099e+00  1.510000e+00
   endloop
 endfacet
 facet normal  3.826834e-01  9.238795e-01 -0.000000e+00
   outer loop
     vertex -1.838836e+01  7.289248e+00  0.000000e+00
     vertex -1.875013e+01  7.439099e+00  1.510000e+00
     vertex -1.838836e+01  7.289248e+00  1.510000e+00
   endloop
 endfacet
 facet normal  3.826834e-01  9.238795e-01  0.000000e+00
   outer loop
     vertex -1.838836e+01  7.289248e+00  0.000000e+00
     vertex -1.875013e+01  7.439099e+00  0.000000e+00
     vertex -1.875013e+01  7.439099e+00  1.510000e+00
   endloop
 endfacet
 facet normal  1.305262e-01  9.914449e-01 -0.000000e+00
   outer loop
     vertex -1.800013e+01  7.238137e+00  0.000000e+00
     vertex -1.838836e+01  7.289248e+00  1.510000e+00
     vertex -1.800013e+01  7.238137e+00  1.510000e+00
   endloop
 endfacet
 facet normal  1.305262e-01  9.914449e-01  0.000000e+00
   outer loop
     vertex -1.800013e+01  7.238137e+00  0.000000e+00
     vertex -1.838836e+01  7.289248e+00  0.000000e+00
     vertex -1.838836e+01  7.289248e+00  1.510000e+00
   endloop
 endfacet
 facet normal -1.305262e-01  9.914449e-01  0.000000e+00
   outer loop
     vertex -5.611899e+00  7.289248e+00  0.000000e+00
     vertex -6.000128e+00  7.238137e+00  0.000000e+00
     vertex -6.000128e+00  7.238137e+00  1.510000e+00
   endloop
 endfacet
 facet normal -1.305262e-01  9.914449e-01  0.000000e+00
   outer loop
     vertex -5.611899e+00  7.289248e+00  0.000000e+00
     vertex -6.000128e+00  7.238137e+00  1.510000e+00
     vertex -5.611899e+00  7.289248e+00  1.510000e+00
   endloop
 endfacet
 facet normal -3.826834e-01  9.238795e-01  0.000000e+00
   outer loop
     vertex -5.250128e+00  7.439099e+00  0.000000e+00
     vertex -5.611899e+00  7.289248e+00  1.510000e+00
     vertex -5.250128e+00  7.439099e+00  1.510000e+00
   endloop
 endfacet
 facet normal -3.826834e-01  9.238795e-01  0.000000e+00
   outer loop
     vertex -5.250128e+00  7.439099e+00  0.000000e+00
     vertex -5.611899e+00  7.289248e+00  0.000000e+00
     vertex -5.611899e+00  7.289248e+00  1.510000e+00
   endloop
 endfacet
 facet normal -6.087614e-01  7.933533e-01  0.000000e+00
   outer loop
     vertex -4.939468e+00  7.677477e+00  0.000000e+00
     vertex -5.250128e+00  7.439099e+00  1.510000e+00
     vertex -4.939468e+00  7.677477e+00  1.510000e+00
   endloop
 endfacet
 facet normal -6.087614e-01  7.933533e-01  0.000000e+00
   outer loop
     vertex -4.939468e+00  7.677477e+00  0.000000e+00
     vertex -5.250128e+00  7.439099e+00  0.000000e+00
     vertex -5.250128e+00  7.439099e+00  1.510000e+00
   endloop
 endfacet
 facet normal -7.933533e-01  6.087614e-01  0.000000e+00
   outer loop
     vertex -4.701090e+00  7.988137e+00  0.000000e+00
     vertex -4.939468e+00  7.677477e+00  1.510000e+00
     vertex -4.701090e+00  7.988137e+00  1.510000e+00
   endloop
 endfacet
 facet normal -7.933533e-01  6.087614e-01  0.000000e+00
   outer loop
     vertex -4.701090e+00  7.988137e+00  0.000000e+00
     vertex -4.939468e+00  7.677477e+00  0.000000e+00
     vertex -4.939468e+00  7.677477e+00  1.510000e+00
   endloop
 endfacet
 facet normal -9.238795e-01  3.826834e-01  0.000000e+00
   outer loop
     vertex -4.551239e+00  8.349908e+00  0.000000e+00
     vertex -4.701090e+00  7.988137e+00  1.510000e+00
     vertex -4.551239e+00  8.349908e+00  1.510000e+00
   endloop
 endfacet
 facet normal -9.238795e-01  3.826834e-01  0.000000e+00
   outer loop
     vertex -4.551239e+00  8.349908e+00  0.000000e+00
     vertex -4.701090e+00  7.988137e+00  0.000000e+00
     vertex -4.701090e+00  7.988137e+00  1.510000e+00
   endloop
 endfacet
 facet normal -9.914449e-01  1.305262e-01  0.000000e+00
   outer loop
     vertex -4.500128e+00  8.738137e+00  0.000000e+00
     vertex -4.551239e+00  8.349908e+00  1.510000e+00
     vertex -4.500128e+00  8.738137e+00  1.510000e+00
   endloop
 endfacet
 facet normal -9.914449e-01  1.305262e-01  0.000000e+00
   outer loop
     vertex -4.500128e+00  8.738137e+00  0.000000e+00
     vertex -4.551239e+00  8.349908e+00  0.000000e+00
     vertex -4.551239e+00  8.349908e+00  1.510000e+00
   endloop
 endfacet
 facet normal -9.914449e-01 -1.305262e-01  0.000000e+00
   outer loop
     vertex -4.551239e+00  9.126366e+00  0.000000e+00
     vertex -4.500128e+00  8.738137e+00  1.510000e+00
     vertex -4.551239e+00  9.126366e+00  1.510000e+00
   endloop
 endfacet
 facet normal -9.914449e-01 -1.305262e-01  0.000000e+00
   outer loop
     vertex -4.551239e+00  9.126366e+00  0.000000e+00
     vertex -4.500128e+00  8.738137e+00  0.000000e+00
     vertex -4.500128e+00  8.738137e+00  1.510000e+00
   endloop
 endfacet
 facet normal -9.238795e-01 -3.826834e-01  0.000000e+00
   outer loop
     vertex -4.701090e+00  9.488137e+00  0.000000e+00
     vertex -4.551239e+00  9.126366e+00  1.510000e+00
     vertex -4.701090e+00  9.488137e+00  1.510000e+00
   endloop
 endfacet
 facet normal -9.238795e-01 -3.826834e-01  0.000000e+00
   outer loop
     vertex -4.701090e+00  9.488137e+00  0.000000e+00
     vertex -4.551239e+00  9.126366e+00  0.000000e+00
     vertex -4.551239e+00  9.126366e+00  1.510000e+00
   endloop
 endfacet
 facet normal -7.933533e-01 -6.087614e-01  0.000000e+00
   outer loop
     vertex -4.939468e+00  9.798797e+00  0.000000e+00
     vertex -4.701090e+00  9.488137e+00  1.510000e+00
     vertex -4.939468e+00  9.798797e+00  1.510000e+00
   endloop
 endfacet
 facet normal -7.933533e-01 -6.087614e-01  0.000000e+00
   outer loop
     vertex -4.939468e+00  9.798797e+00  0.000000e+00
     vertex -4.701090e+00  9.488137e+00  0.000000e+00
     vertex -4.701090e+00  9.488137e+00  1.510000e+00
   endloop
 endfacet
 facet normal -6.087614e-01 -7.933533e-01  0.000000e+00
   outer loop
     vertex -5.250128e+00  1.003718e+01  0.000000e+00
     vertex -4.939468e+00  9.798797e+00  1.510000e+00
     vertex -5.250128e+00  1.003718e+01  1.510000e+00
   endloop
 endfacet
 facet normal -6.087614e-01 -7.933533e-01  0.000000e+00
   outer loop
     vertex -5.250128e+00  1.003718e+01  0.000000e+00
     vertex -4.939468e+00  9.798797e+00  0.000000e+00
     vertex -4.939468e+00  9.798797e+00  1.510000e+00
   endloop
 endfacet
 facet normal -3.826834e-01 -9.238795e-01  0.000000e+00
   outer loop
     vertex -5.611899e+00  1.018703e+01  0.000000e+00
     vertex -5.250128e+00  1.003718e+01  1.510000e+00
     vertex -5.611899e+00  1.018703e+01  1.510000e+00
   endloop
 endfacet
 facet normal -3.826834e-01 -9.238795e-01  0.000000e+00
   outer loop
     vertex -5.611899e+00  1.018703e+01  0.000000e+00
     vertex -5.250128e+00  1.003718e+01  0.000000e+00
     vertex -5.250128e+00  1.003718e+01  1.510000e+00
   endloop
 endfacet
 facet normal -1.305262e-01 -9.914449e-01  0.000000e+00
   outer loop
     vertex -6.000128e+00  1.023814e+01  0.000000e+00
     vertex -5.611899e+00  1.018703e+01  1.510000e+00
     vertex -6.000128e+00  1.023814e+01  1.510000e+00
   endloop
 endfacet
 facet normal -1.305262e-01 -9.914449e-01  0.000000e+00
   outer loop
     vertex -6.000128e+00  1.023814e+01  0.000000e+00
     vertex -5.611899e+00  1.018703e+01  0.000000e+00
     vertex -5.611899e+00  1.018703e+01  1.510000e+00
   endloop
 endfacet
 facet normal  1.305262e-01 -9.914449e-01  0.000000e+00
   outer loop
     vertex -6.388357e+00  1.018703e+01  0.000000e+00
     vertex -6.000128e+00  1.023814e+01  1.510000e+00
     vertex -6.388357e+00  1.018703e+01  1.510000e+00
   endloop
 endfacet
 facet normal  1.305262e-01 -9.914449e-01  0.000000e+00
   outer loop
     vertex -6.388357e+00  1.018703e+01  0.000000e+00
     vertex -6.000128e+00  1.023814e+01  0.000000e+00
     vertex -6.000128e+00  1.023814e+01  1.510000e+00
   endloop
 endfacet
 facet normal  3.826834e-01 -9.238795e-01  0.000000e+00
   outer loop
     vertex -6.750128e+00  1.003718e+01  0.000000e+00
     vertex -6.388357e+00  1.018703e+01  0.000000e+00
     vertex -6.388357e+00  1.018703e+01  1.510000e+00
   endloop
 endfacet
 facet normal  3.826834e-01 -9.238795e-01  0.000000e+00
   outer loop
     vertex -6.750128e+00  1.003718e+01  0.000000e+00
     vertex -6.388357e+00  1.018703e+01  1.510000e+00
     vertex -6.750128e+00  1.003718e+01  1.510000e+00
   endloop
 endfacet
 facet normal  6.087614e-01 -7.933533e-01  0.000000e+00
   outer loop
     vertex -7.060788e+00  9.798797e+00  0.000000e+00
     vertex -6.750128e+00  1.003718e+01  0.000000e+00
     vertex -6.750128e+00  1.003718e+01  1.510000e+00
   endloop
 endfacet
 facet normal  7.933533e-01 -6.087614e-01  0.000000e+00
   outer loop
     vertex -7.060788e+00  9.798797e+00  0.000000e+00
     vertex -7.060788e+00  9.798797e+00  1.510000e+00
     vertex -7.299166e+00  9.488137e+00  1.510000e+00
   endloop
 endfacet
 facet normal  6.087614e-01 -7.933533e-01  0.000000e+00
   outer loop
     vertex -7.060788e+00  9.798797e+00  0.000000e+00
     vertex -6.750128e+00  1.003718e+01  1.510000e+00
     vertex -7.060788e+00  9.798797e+00  1.510000e+00
   endloop
 endfacet
 facet normal  7.933533e-01 -6.087614e-01  0.000000e+00
   outer loop
     vertex -7.299166e+00  9.488137e+00  0.000000e+00
     vertex -7.060788e+00  9.798797e+00  0.000000e+00
     vertex -7.299166e+00  9.488137e+00  1.510000e+00
   endloop
 endfacet
 facet normal  9.238795e-01 -3.826834e-01  0.000000e+00
   outer loop
     vertex -7.299166e+00  9.488137e+00  0.000000e+00
     vertex -7.299166e+00  9.488137e+00  1.510000e+00
     vertex -7.449017e+00  9.126366e+00  1.510000e+00
   endloop
 endfacet
 facet normal  9.238795e-01 -3.826834e-01  0.000000e+00
   outer loop
     vertex -7.449017e+00  9.126366e+00  0.000000e+00
     vertex -7.299166e+00  9.488137e+00  0.000000e+00
     vertex -7.449017e+00  9.126366e+00  1.510000e+00
   endloop
 endfacet
 facet normal  9.914449e-01 -1.305262e-01  0.000000e+00
   outer loop
     vertex -7.500128e+00  8.738137e+00  0.000000e+00
     vertex -7.449017e+00  9.126366e+00  0.000000e+00
     vertex -7.449017e+00  9.126366e+00  1.510000e+00
   endloop
 endfacet
 facet normal  9.914449e-01 -1.305262e-01  0.000000e+00
   outer loop
     vertex -7.500128e+00  8.738137e+00  0.000000e+00
     vertex -7.449017e+00  9.126366e+00  1.510000e+00
     vertex -7.500128e+00  8.738137e+00  1.510000e+00
   endloop
 endfacet
 facet normal  9.914449e-01  1.305262e-01 -0.000000e+00
   outer loop
     vertex -7.449017e+00  8.349908e+00  0.000000e+00
     vertex -7.500128e+00  8.738137e+00  1.510000e+00
     vertex -7.449017e+00  8.349908e+00  1.510000e+00
   endloop
 endfacet
 facet normal  9.914449e-01  1.305262e-01  0.000000e+00
   outer loop
     vertex -7.449017e+00  8.349908e+00  0.000000e+00
     vertex -7.500128e+00  8.738137e+00  0.000000e+00
     vertex -7.500128e+00  8.738137e+00  1.510000e+00
   endloop
 endfacet
 facet normal  9.238795e-01  3.826834e-01 -0.000000e+00
   outer loop
     vertex -7.299166e+00  7.988137e+00  0.000000e+00
     vertex -7.449017e+00  8.349908e+00  1.510000e+00
     vertex -7.299166e+00  7.988137e+00  1.510000e+00
   endloop
 endfacet
 facet normal  9.238795e-01  3.826834e-01  0.000000e+00
   outer loop
     vertex -7.299166e+00  7.988137e+00  0.000000e+00
     vertex -7.449017e+00  8.349908e+00  0.000000e+00
     vertex -7.449017e+00  8.349908e+00  1.510000e+00
   endloop
 endfacet
 facet normal  6.087614e-01  7.933533e-01 -0.000000e+00
   outer loop
     vertex -7.060788e+00  7.677477e+00  0.000000e+00
     vertex -7.060788e+00  7.677477e+00  1.510000e+00
     vertex -6.750128e+00  7.439099e+00  1.510000e+00
   endloop
 endfacet
 facet normal  7.933533e-01  6.087614e-01 -0.000000e+00
   outer loop
     vertex -7.060788e+00  7.677477e+00  0.000000e+00
     vertex -7.299166e+00  7.988137e+00  1.510000e+00
     vertex -7.060788e+00  7.677477e+00  1.510000e+00
   endloop
 endfacet
 facet normal  7.933533e-01  6.087614e-01  0.000000e+00
   outer loop
     vertex -7.060788e+00  7.677477e+00  0.000000e+00
     vertex -7.299166e+00  7.988137e+00  0.000000e+00
     vertex -7.299166e+00  7.988137e+00  1.510000e+00
   endloop
 endfacet
 facet normal  6.087614e-01  7.933533e-01 -0.000000e+00
   outer loop
     vertex -6.750128e+00  7.439099e+00  0.000000e+00
     vertex -7.060788e+00  7.677477e+00  0.000000e+00
     vertex -6.750128e+00  7.439099e+00  1.510000e+00
   endloop
 endfacet
 facet normal  3.826834e-01  9.238795e-01 -0.000000e+00
   outer loop
     vertex -6.388357e+00  7.289248e+00  0.000000e+00
     vertex -6.750128e+00  7.439099e+00  1.510000e+00
     vertex -6.388357e+00  7.289248e+00  1.510000e+00
   endloop
 endfacet
 facet normal  3.826834e-01  9.238795e-01  0.000000e+00
   outer loop
     vertex -6.388357e+00  7.289248e+00  0.000000e+00
     vertex -6.750128e+00  7.439099e+00  0.000000e+00
     vertex -6.750128e+00  7.439099e+00  1.510000e+00
   endloop
 endfacet
 facet normal  1.305262e-01  9.914449e-01 -0.000000e+00
   outer loop
     vertex -6.000128e+00  7.238137e+00  0.000000e+00
     vertex -6.388357e+00  7.289248e+00  1.510000e+00
     vertex -6.000128e+00  7.238137e+00  1.510000e+00
   endloop
 endfacet
 facet normal  1.305262e-01  9.914449e-01  0.000000e+00
   outer loop
     vertex -6.000128e+00  7.238137e+00  0.000000e+00
     vertex -6.388357e+00  7.289248e+00  0.000000e+00
     vertex -6.388357e+00  7.289248e+00  1.510000e+00
   endloop
 endfacet
 facet normal -1.305262e-01  9.914449e-01  0.000000e+00
   outer loop
     vertex  4.631870e+00  9.255148e-01  0.000000e+00
     vertex  4.499872e+00  9.081370e-01  0.000000e+00
     vertex  4.499872e+00  9.081370e-01  1.510000e+00
   endloop
 endfacet
 facet normal -1.305262e-01  9.914449e-01  0.000000e+00
   outer loop
     vertex  4.631870e+00  9.255148e-01  0.000000e+00
     vertex  4.499872e+00  9.081370e-01  1.510000e+00
     vertex  4.631870e+00  9.255148e-01  1.510000e+00
   endloop
 endfacet
 facet normal -3.826834e-01  9.238795e-01  0.000000e+00
   outer loop
     vertex  4.754872e+00  9.764640e-01  0.000000e+00
     vertex  4.631870e+00  9.255148e-01  1.510000e+00
     vertex  4.754872e+00  9.764640e-01  1.510000e+00
   endloop
 endfacet
 facet normal -3.826834e-01  9.238795e-01  0.000000e+00
   outer loop
     vertex  4.754872e+00  9.764640e-01  0.000000e+00
     vertex  4.631870e+00  9.255148e-01  0.000000e+00
     vertex  4.631870e+00  9.255148e-01  1.510000e+00
   endloop
 endfacet
 facet normal -6.087614e-01  7.933533e-01  0.000000e+00
   outer loop
     vertex  4.860496e+00  1.057513e+00  0.000000e+00
     vertex  4.754872e+00  9.764640e-01  1.510000e+00
     vertex  4.860496e+00  1.057513e+00  1.510000e+00
   endloop
 endfacet
 facet normal -6.087614e-01  7.933533e-01  0.000000e+00
   outer loop
     vertex  4.860496e+00  1.057513e+00  0.000000e+00
     vertex  4.754872e+00  9.764640e-01  0.000000e+00
     vertex  4.754872e+00  9.764640e-01  1.510000e+00
   endloop
 endfacet
 facet normal -7.933533e-01  6.087614e-01  0.000000e+00
   outer loop
     vertex  4.941545e+00  1.163137e+00  0.000000e+00
     vertex  4.860496e+00  1.057513e+00  1.510000e+00
     vertex  4.941545e+00  1.163137e+00  1.510000e+00
   endloop
 endfacet
 facet normal -7.933533e-01  6.087614e-01  0.000000e+00
   outer loop
     vertex  4.941545e+00  1.163137e+00  0.000000e+00
     vertex  4.860496e+00  1.057513e+00  0.000000e+00
     vertex  4.860496e+00  1.057513e+00  1.510000e+00
   endloop
 endfacet
 facet normal -9.238795e-01  3.826834e-01  0.000000e+00
   outer loop
     vertex  4.992494e+00  1.286139e+00  0.000000e+00
     vertex  4.941545e+00  1.163137e+00  1.510000e+00
     vertex  4.992494e+00  1.286139e+00  1.510000e+00
   endloop
 endfacet
 facet normal -9.238795e-01  3.826834e-01  0.000000e+00
   outer loop
     vertex  4.992494e+00  1.286139e+00  0.000000e+00
     vertex  4.941545e+00  1.163137e+00  0.000000e+00
     vertex  4.941545e+00  1.163137e+00  1.510000e+00
   endloop
 endfacet
 facet normal -9.914449e-01  1.305262e-01  0.000000e+00
   outer loop
     vertex  5.009872e+00  1.418137e+00  0.000000e+00
     vertex  4.992494e+00  1.286139e+00  1.510000e+00
     vertex  5.009872e+00  1.418137e+00  1.510000e+00
   endloop
 endfacet
 facet normal -9.914449e-01  1.305262e-01  0.000000e+00
   outer loop
     vertex  5.009872e+00  1.418137e+00  0.000000e+00
     vertex  4.992494e+00  1.286139e+00  0.000000e+00
     vertex  4.992494e+00  1.286139e+00  1.510000e+00
   endloop
 endfacet
 facet normal -9.914449e-01 -1.305262e-01  0.000000e+00
   outer loop
     vertex  4.992494e+00  1.550135e+00  0.000000e+00
     vertex  5.009872e+00  1.418137e+00  1.510000e+00
     vertex  4.992494e+00  1.550135e+00  1.510000e+00
   endloop
 endfacet
 facet normal -9.914449e-01 -1.305262e-01  0.000000e+00
   outer loop
     vertex  4.992494e+00  1.550135e+00  0.000000e+00
     vertex  5.009872e+00  1.418137e+00  0.000000e+00
     vertex  5.009872e+00  1.418137e+00  1.510000e+00
   endloop
 endfacet
 facet normal -9.238795e-01 -3.826834e-01  0.000000e+00
   outer loop
     vertex  4.941545e+00  1.673137e+00  0.000000e+00
     vertex  4.992494e+00  1.550135e+00  1.510000e+00
     vertex  4.941545e+00  1.673137e+00  1.510000e+00
   endloop
 endfacet
 facet normal -9.238795e-01 -3.826834e-01  0.000000e+00
   outer loop
     vertex  4.941545e+00  1.673137e+00  0.000000e+00
     vertex  4.992494e+00  1.550135e+00  0.000000e+00
     vertex  4.992494e+00  1.550135e+00  1.510000e+00
   endloop
 endfacet
 facet normal -7.933533e-01 -6.087614e-01  0.000000e+00
   outer loop
     vertex  4.860496e+00  1.778761e+00  0.000000e+00
     vertex  4.941545e+00  1.673137e+00  1.510000e+00
     vertex  4.860496e+00  1.778761e+00  1.510000e+00
   endloop
 endfacet
 facet normal -7.933533e-01 -6.087614e-01  0.000000e+00
   outer loop
     vertex  4.860496e+00  1.778761e+00  0.000000e+00
     vertex  4.941545e+00  1.673137e+00  0.000000e+00
     vertex  4.941545e+00  1.673137e+00  1.510000e+00
   endloop
 endfacet
 facet normal -6.087614e-01 -7.933533e-01  0.000000e+00
   outer loop
     vertex  4.754872e+00  1.859810e+00  0.000000e+00
     vertex  4.860496e+00  1.778761e+00  1.510000e+00
     vertex  4.754872e+00  1.859810e+00  1.510000e+00
   endloop
 endfacet
 facet normal -6.087614e-01 -7.933533e-01  0.000000e+00
   outer loop
     vertex  4.754872e+00  1.859810e+00  0.000000e+00
     vertex  4.860496e+00  1.778761e+00  0.000000e+00
     vertex  4.860496e+00  1.778761e+00  1.510000e+00
   endloop
 endfacet
 facet normal -3.826834e-01 -9.238795e-01  0.000000e+00
   outer loop
     vertex  4.631870e+00  1.910759e+00  0.000000e+00
     vertex  4.754872e+00  1.859810e+00  1.510000e+00
     vertex  4.631870e+00  1.910759e+00  1.510000e+00
   endloop
 endfacet
 facet normal -3.826834e-01 -9.238795e-01  0.000000e+00
   outer loop
     vertex  4.631870e+00  1.910759e+00  0.000000e+00
     vertex  4.754872e+00  1.859810e+00  0.000000e+00
     vertex  4.754872e+00  1.859810e+00  1.510000e+00
   endloop
 endfacet
 facet normal -1.305262e-01 -9.914449e-01  0.000000e+00
   outer loop
     vertex  4.499872e+00  1.928137e+00  0.000000e+00
     vertex  4.631870e+00  1.910759e+00  1.510000e+00
     vertex  4.499872e+00  1.928137e+00  1.510000e+00
   endloop
 endfacet
 facet normal -1.305262e-01 -9.914449e-01  0.000000e+00
   outer loop
     vertex  4.499872e+00  1.928137e+00  0.000000e+00
     vertex  4.631870e+00  1.910759e+00  0.000000e+00
     vertex  4.631870e+00  1.910759e+00  1.510000e+00
   endloop
 endfacet
 facet normal  1.305262e-01 -9.914449e-01  0.000000e+00
   outer loop
     vertex  4.367874e+00  1.910759e+00  0.000000e+00
     vertex  4.499872e+00  1.928137e+00  1.510000e+00
     vertex  4.367874e+00  1.910759e+00  1.510000e+00
   endloop
 endfacet
 facet normal  1.305262e-01 -9.914449e-01  0.000000e+00
   outer loop
     vertex  4.367874e+00  1.910759e+00  0.000000e+00
     vertex  4.499872e+00  1.928137e+00  0.000000e+00
     vertex  4.499872e+00  1.928137e+00  1.510000e+00
   endloop
 endfacet
 facet normal  3.826834e-01 -9.238795e-01  0.000000e+00
   outer loop
     vertex  4.244872e+00  1.859810e+00  0.000000e+00
     vertex  4.367874e+00  1.910759e+00  0.000000e+00
     vertex  4.367874e+00  1.910759e+00  1.510000e+00
   endloop
 endfacet
 facet normal  3.826834e-01 -9.238795e-01  0.000000e+00
   outer loop
     vertex  4.244872e+00  1.859810e+00  0.000000e+00
     vertex  4.367874e+00  1.910759e+00  1.510000e+00
     vertex  4.244872e+00  1.859810e+00  1.510000e+00
   endloop
 endfacet
 facet normal  6.087614e-01 -7.933533e-01  0.000000e+00
   outer loop
     vertex  4.139248e+00  1.778761e+00  0.000000e+00
     vertex  4.244872e+00  1.859810e+00  0.000000e+00
     vertex  4.244872e+00  1.859810e+00  1.510000e+00
   endloop
 endfacet
 facet normal  7.933533e-01 -6.087614e-01  0.000000e+00
   outer loop
     vertex  4.139248e+00  1.778761e+00  0.000000e+00
     vertex  4.139248e+00  1.778761e+00  1.510000e+00
     vertex  4.058199e+00  1.673137e+00  1.510000e+00
   endloop
 endfacet
 facet normal  6.087614e-01 -7.933533e-01  0.000000e+00
   outer loop
     vertex  4.139248e+00  1.778761e+00  0.000000e+00
     vertex  4.244872e+00  1.859810e+00  1.510000e+00
     vertex  4.139248e+00  1.778761e+00  1.510000e+00
   endloop
 endfacet
 facet normal  7.933533e-01 -6.087614e-01  0.000000e+00
   outer loop
     vertex  4.058199e+00  1.673137e+00  0.000000e+00
     vertex  4.139248e+00  1.778761e+00  0.000000e+00
     vertex  4.058199e+00  1.673137e+00  1.510000e+00
   endloop
 endfacet
 facet normal  9.238795e-01 -3.826834e-01  0.000000e+00
   outer loop
     vertex  4.058199e+00  1.673137e+00  0.000000e+00
     vertex  4.058199e+00  1.673137e+00  1.510000e+00
     vertex  4.007250e+00  1.550135e+00  1.510000e+00
   endloop
 endfacet
 facet normal  9.238795e-01 -3.826834e-01  0.000000e+00
   outer loop
     vertex  4.007250e+00  1.550135e+00  0.000000e+00
     vertex  4.058199e+00  1.673137e+00  0.000000e+00
     vertex  4.007250e+00  1.550135e+00  1.510000e+00
   endloop
 endfacet
 facet normal  9.914449e-01 -1.305262e-01  0.000000e+00
   outer loop
     vertex  3.989872e+00  1.418137e+00  0.000000e+00
     vertex  4.007250e+00  1.550135e+00  0.000000e+00
     vertex  4.007250e+00  1.550135e+00  1.510000e+00
   endloop
 endfacet
 facet normal  9.914449e-01 -1.305262e-01  0.000000e+00
   outer loop
     vertex  3.989872e+00  1.418137e+00  0.000000e+00
     vertex  4.007250e+00  1.550135e+00  1.510000e+00
     vertex  3.989872e+00  1.418137e+00  1.510000e+00
   endloop
 endfacet
 facet normal  9.914449e-01  1.305262e-01 -0.000000e+00
   outer loop
     vertex  4.007250e+00  1.286139e+00  0.000000e+00
     vertex  3.989872e+00  1.418137e+00  1.510000e+00
     vertex  4.007250e+00  1.286139e+00  1.510000e+00
   endloop
 endfacet
 facet normal  9.914449e-01  1.305262e-01  0.000000e+00
   outer loop
     vertex  4.007250e+00  1.286139e+00  0.000000e+00
     vertex  3.989872e+00  1.418137e+00  0.000000e+00
     vertex  3.989872e+00  1.418137e+00  1.510000e+00
   endloop
 endfacet
 facet normal  9.238795e-01  3.826834e-01 -0.000000e+00
   outer loop
     vertex  4.058199e+00  1.163137e+00  0.000000e+00
     vertex  4.007250e+00  1.286139e+00  1.510000e+00
     vertex  4.058199e+00  1.163137e+00  1.510000e+00
   endloop
 endfacet
 facet normal  9.238795e-01  3.826834e-01  0.000000e+00
   outer loop
     vertex  4.058199e+00  1.163137e+00  0.000000e+00
     vertex  4.007250e+00  1.286139e+00  0.000000e+00
     vertex  4.007250e+00  1.286139e+00  1.510000e+00
   endloop
 endfacet
 facet normal  6.087614e-01  7.933533e-01 -0.000000e+00
   outer loop
     vertex  4.139248e+00  1.057513e+00  0.000000e+00
     vertex  4.139248e+00  1.057513e+00  1.510000e+00
     vertex  4.244872e+00  9.764640e-01  1.510000e+00
   endloop
 endfacet
 facet normal  7.933533e-01  6.087614e-01 -0.000000e+00
   outer loop
     vertex  4.139248e+00  1.057513e+00  0.000000e+00
     vertex  4.058199e+00  1.163137e+00  1.510000e+00
     vertex  4.139248e+00  1.057513e+00  1.510000e+00
   endloop
 endfacet
 facet normal  7.933533e-01  6.087614e-01  0.000000e+00
   outer loop
     vertex  4.139248e+00  1.057513e+00  0.000000e+00
     vertex  4.058199e+00  1.163137e+00  0.000000e+00
     vertex  4.058199e+00  1.163137e+00  1.510000e+00
   endloop
 endfacet
 facet normal  6.087614e-01  7.933533e-01 -0.000000e+00
   outer loop
     vertex  4.244872e+00  9.764640e-01  0.000000e+00
     vertex  4.139248e+00  1.057513e+00  0.000000e+00
     vertex  4.244872e+00  9.764640e-01  1.510000e+00
   endloop
 endfacet
 facet normal  3.826834e-01  9.238795e-01 -0.000000e+00
   outer loop
     vertex  4.367874e+00  9.255148e-01  0.000000e+00
     vertex  4.244872e+00  9.764640e-01  1.510000e+00
     vertex  4.367874e+00  9.255148e-01  1.510000e+00
   endloop
 endfacet
 facet normal  3.826834e-01  9.238795e-01  0.000000e+00
   outer loop
     vertex  4.367874e+00  9.255148e-01  0.000000e+00
     vertex  4.244872e+00  9.764640e-01  0.000000e+00
     vertex  4.244872e+00  9.764640e-01  1.510000e+00
   endloop
 endfacet
 facet normal  1.305262e-01  9.914449e-01 -0.000000e+00
   outer loop
     vertex  4.499872e+00  9.081370e-01  0.000000e+00
     vertex  4.367874e+00  9.255148e-01  1.510000e+00
     vertex  4.499872e+00  9.081370e-01  1.510000e+00
   endloop
 endfacet
 facet normal  1.305262e-01  9.914449e-01  0.000000e+00
   outer loop
     vertex  4.499872e+00  9.081370e-01  0.000000e+00
     vertex  4.367874e+00  9.255148e-01  0.000000e+00
     vertex  4.367874e+00  9.255148e-01  1.510000e+00
   endloop
 endfacet
 facet normal -1.305262e-01  9.914449e-01  0.000000e+00
   outer loop
     vertex  7.631870e+00  9.255148e-01  0.000000e+00
     vertex  7.499872e+00  9.081370e-01  0.000000e+00
     vertex  7.499872e+00  9.081370e-01  1.510000e+00
   endloop
 endfacet
 facet normal -1.305262e-01  9.914449e-01  0.000000e+00
   outer loop
     vertex  7.631870e+00  9.255148e-01  0.000000e+00
     vertex  7.499872e+00  9.081370e-01  1.510000e+00
     vertex  7.631870e+00  9.255148e-01  1.510000e+00
   endloop
 endfacet
 facet normal -3.826834e-01  9.238795e-01  0.000000e+00
   outer loop
     vertex  7.754872e+00  9.764640e-01  0.000000e+00
     vertex  7.631870e+00  9.255148e-01  1.510000e+00
     vertex  7.754872e+00  9.764640e-01  1.510000e+00
   endloop
 endfacet
 facet normal -3.826834e-01  9.238795e-01  0.000000e+00
   outer loop
     vertex  7.754872e+00  9.764640e-01  0.000000e+00
     vertex  7.631870e+00  9.255148e-01  0.000000e+00
     vertex  7.631870e+00  9.255148e-01  1.510000e+00
   endloop
 endfacet
 facet normal -6.087614e-01  7.933533e-01  0.000000e+00
   outer loop
     vertex  7.860496e+00  1.057513e+00  0.000000e+00
     vertex  7.754872e+00  9.764640e-01  1.510000e+00
     vertex  7.860496e+00  1.057513e+00  1.510000e+00
   endloop
 endfacet
 facet normal -6.087614e-01  7.933533e-01  0.000000e+00
   outer loop
     vertex  7.860496e+00  1.057513e+00  0.000000e+00
     vertex  7.754872e+00  9.764640e-01  0.000000e+00
     vertex  7.754872e+00  9.764640e-01  1.510000e+00
   endloop
 endfacet
 facet normal -7.933533e-01  6.087614e-01  0.000000e+00
   outer loop
     vertex  7.941545e+00  1.163137e+00  0.000000e+00
     vertex  7.860496e+00  1.057513e+00  1.510000e+00
     vertex  7.941545e+00  1.163137e+00  1.510000e+00
   endloop
 endfacet
 facet normal -7.933533e-01  6.087614e-01  0.000000e+00
   outer loop
     vertex  7.941545e+00  1.163137e+00  0.000000e+00
     vertex  7.860496e+00  1.057513e+00  0.000000e+00
     vertex  7.860496e+00  1.057513e+00  1.510000e+00
   endloop
 endfacet
 facet normal -9.238795e-01  3.826834e-01  0.000000e+00
   outer loop
     vertex  7.992494e+00  1.286139e+00  0.000000e+00
     vertex  7.941545e+00  1.163137e+00  1.510000e+00
     vertex  7.992494e+00  1.286139e+00  1.510000e+00
   endloop
 endfacet
 facet normal -9.238795e-01  3.826834e-01  0.000000e+00
   outer loop
     vertex  7.992494e+00  1.286139e+00  0.000000e+00
     vertex  7.941545e+00  1.163137e+00  0.000000e+00
     vertex  7.941545e+00  1.163137e+00  1.510000e+00
   endloop
 endfacet
 facet normal -9.914449e-01  1.305262e-01  0.000000e+00
   outer loop
     vertex  8.009872e+00  1.418137e+00  0.000000e+00
     vertex  7.992494e+00  1.286139e+00  1.510000e+00
     vertex  8.009872e+00  1.418137e+00  1.510000e+00
   endloop
 endfacet
 facet normal -9.914449e-01  1.305262e-01  0.000000e+00
   outer loop
     vertex  8.009872e+00  1.418137e+00  0.000000e+00
     vertex  7.992494e+00  1.286139e+00  0.000000e+00
     vertex  7.992494e+00  1.286139e+00  1.510000e+00
   endloop
 endfacet
 facet normal -9.914449e-01 -1.305262e-01  0.000000e+00
   outer loop
     vertex  7.992494e+00  1.550135e+00  0.000000e+00
     vertex  8.009872e+00  1.418137e+00  1.510000e+00
     vertex  7.992494e+00  1.550135e+00  1.510000e+00
   endloop
 endfacet
 facet normal -9.914449e-01 -1.305262e-01  0.000000e+00
   outer loop
     vertex  7.992494e+00  1.550135e+00  0.000000e+00
     vertex  8.009872e+00  1.418137e+00  0.000000e+00
     vertex  8.009872e+00  1.418137e+00  1.510000e+00
   endloop
 endfacet
 facet normal -9.238795e-01 -3.826834e-01  0.000000e+00
   outer loop
     vertex  7.941545e+00  1.673137e+00  0.000000e+00
     vertex  7.992494e+00  1.550135e+00  1.510000e+00
     vertex  7.941545e+00  1.673137e+00  1.510000e+00
   endloop
 endfacet
 facet normal -9.238795e-01 -3.826834e-01  0.000000e+00
   outer loop
     vertex  7.941545e+00  1.673137e+00  0.000000e+00
     vertex  7.992494e+00  1.550135e+00  0.000000e+00
     vertex  7.992494e+00  1.550135e+00  1.510000e+00
   endloop
 endfacet
 facet normal -7.933533e-01 -6.087614e-01  0.000000e+00
   outer loop
     vertex  7.860496e+00  1.778761e+00  0.000000e+00
     vertex  7.941545e+00  1.673137e+00  1.510000e+00
     vertex  7.860496e+00  1.778761e+00  1.510000e+00
   endloop
 endfacet
 facet normal -7.933533e-01 -6.087614e-01  0.000000e+00
   outer loop
     vertex  7.860496e+00  1.778761e+00  0.000000e+00
     vertex  7.941545e+00  1.673137e+00  0.000000e+00
     vertex  7.941545e+00  1.673137e+00  1.510000e+00
   endloop
 endfacet
 facet normal -6.087614e-01 -7.933533e-01  0.000000e+00
   outer loop
     vertex  7.754872e+00  1.859810e+00  0.000000e+00
     vertex  7.860496e+00  1.778761e+00  1.510000e+00
     vertex  7.754872e+00  1.859810e+00  1.510000e+00
   endloop
 endfacet
 facet normal -6.087614e-01 -7.933533e-01  0.000000e+00
   outer loop
     vertex  7.754872e+00  1.859810e+00  0.000000e+00
     vertex  7.860496e+00  1.778761e+00  0.000000e+00
     vertex  7.860496e+00  1.778761e+00  1.510000e+00
   endloop
 endfacet
 facet normal -3.826834e-01 -9.238795e-01  0.000000e+00
   outer loop
     vertex  7.631870e+00  1.910759e+00  0.000000e+00
     vertex  7.754872e+00  1.859810e+00  1.510000e+00
     vertex  7.631870e+00  1.910759e+00  1.510000e+00
   endloop
 endfacet
 facet normal -3.826834e-01 -9.238795e-01  0.000000e+00
   outer loop
     vertex  7.631870e+00  1.910759e+00  0.000000e+00
     vertex  7.754872e+00  1.859810e+00  0.000000e+00
     vertex  7.754872e+00  1.859810e+00  1.510000e+00
   endloop
 endfacet
 facet normal -1.305262e-01 -9.914449e-01  0.000000e+00
   outer loop
     vertex  7.499872e+00  1.928137e+00  0.000000e+00
     vertex  7.631870e+00  1.910759e+00  1.510000e+00
     vertex  7.499872e+00  1.928137e+00  1.510000e+00
   endloop
 endfacet
 facet normal -1.305262e-01 -9.914449e-01  0.000000e+00
   outer loop
     vertex  7.499872e+00  1.928137e+00  0.000000e+00
     vertex  7.631870e+00  1.910759e+00  0.000000e+00
     vertex  7.631870e+00  1.910759e+00  1.510000e+00
   endloop
 endfacet
 facet normal  1.305262e-01 -9.914449e-01  0.000000e+00
   outer loop
     vertex  7.367874e+00  1.910759e+00  0.000000e+00
     vertex  7.499872e+00  1.928137e+00  1.510000e+00
     vertex  7.367874e+00  1.910759e+00  1.510000e+00
   endloop
 endfacet
 facet normal  1.305262e-01 -9.914449e-01  0.000000e+00
   outer loop
     vertex  7.367874e+00  1.910759e+00  0.000000e+00
     vertex  7.499872e+00  1.928137e+00  0.000000e+00
     vertex  7.499872e+00  1.928137e+00  1.510000e+00
   endloop
 endfacet
 facet normal  3.826834e-01 -9.238795e-01  0.000000e+00
   outer loop
     vertex  7.244872e+00  1.859810e+00  0.000000e+00
     vertex  7.367874e+00  1.910759e+00  0.000000e+00
     vertex  7.367874e+00  1.910759e+00  1.510000e+00
   endloop
 endfacet
 facet normal  3.826834e-01 -9.238795e-01  0.000000e+00
   outer loop
     vertex  7.244872e+00  1.859810e+00  0.000000e+00
     vertex  7.367874e+00  1.910759e+00  1.510000e+00
     vertex  7.244872e+00  1.859810e+00  1.510000e+00
   endloop
 endfacet
 facet normal  6.087614e-01 -7.933533e-01  0.000000e+00
   outer loop
     vertex  7.139248e+00  1.778761e+00  0.000000e+00
     vertex  7.244872e+00  1.859810e+00  0.000000e+00
     vertex  7.244872e+00  1.859810e+00  1.510000e+00
   endloop
 endfacet
 facet normal  7.933533e-01 -6.087614e-01  0.000000e+00
   outer loop
     vertex  7.139248e+00  1.778761e+00  0.000000e+00
     vertex  7.139248e+00  1.778761e+00  1.510000e+00
     vertex  7.058199e+00  1.673137e+00  1.510000e+00
   endloop
 endfacet
 facet normal  6.087614e-01 -7.933533e-01  0.000000e+00
   outer loop
     vertex  7.139248e+00  1.778761e+00  0.000000e+00
     vertex  7.244872e+00  1.859810e+00  1.510000e+00
     vertex  7.139248e+00  1.778761e+00  1.510000e+00
   endloop
 endfacet
 facet normal  7.933533e-01 -6.087614e-01  0.000000e+00
   outer loop
     vertex  7.058199e+00  1.673137e+00  0.000000e+00
     vertex  7.139248e+00  1.778761e+00  0.000000e+00
     vertex  7.058199e+00  1.673137e+00  1.510000e+00
   endloop
 endfacet
 facet normal  9.238795e-01 -3.826834e-01  0.000000e+00
   outer loop
     vertex  7.058199e+00  1.673137e+00  0.000000e+00
     vertex  7.058199e+00  1.673137e+00  1.510000e+00
     vertex  7.007250e+00  1.550135e+00  1.510000e+00
   endloop
 endfacet
 facet normal  9.238795e-01 -3.826834e-01  0.000000e+00
   outer loop
     vertex  7.007250e+00  1.550135e+00  0.000000e+00
     vertex  7.058199e+00  1.673137e+00  0.000000e+00
     vertex  7.007250e+00  1.550135e+00  1.510000e+00
   endloop
 endfacet
 facet normal  9.914449e-01 -1.305262e-01  0.000000e+00
   outer loop
     vertex  6.989872e+00  1.418137e+00  0.000000e+00
     vertex  7.007250e+00  1.550135e+00  0.000000e+00
     vertex  7.007250e+00  1.550135e+00  1.510000e+00
   endloop
 endfacet
 facet normal  9.914449e-01 -1.305262e-01  0.000000e+00
   outer loop
     vertex  6.989872e+00  1.418137e+00  0.000000e+00
     vertex  7.007250e+00  1.550135e+00  1.510000e+00
     vertex  6.989872e+00  1.418137e+00  1.510000e+00
   endloop
 endfacet
 facet normal  9.914449e-01  1.305262e-01 -0.000000e+00
   outer loop
     vertex  7.007250e+00  1.286139e+00  0.000000e+00
     vertex  6.989872e+00  1.418137e+00  1.510000e+00
     vertex  7.007250e+00  1.286139e+00  1.510000e+00
   endloop
 endfacet
 facet normal  9.914449e-01  1.305262e-01  0.000000e+00
   outer loop
     vertex  7.007250e+00  1.286139e+00  0.000000e+00
     vertex  6.989872e+00  1.418137e+00  0.000000e+00
     vertex  6.989872e+00  1.418137e+00  1.510000e+00
   endloop
 endfacet
 facet normal  9.238795e-01  3.826834e-01 -0.000000e+00
   outer loop
     vertex  7.058199e+00  1.163137e+00  0.000000e+00
     vertex  7.007250e+00  1.286139e+00  1.510000e+00
     vertex  7.058199e+00  1.163137e+00  1.510000e+00
   endloop
 endfacet
 facet normal  9.238795e-01  3.826834e-01  0.000000e+00
   outer loop
     vertex  7.058199e+00  1.163137e+00  0.000000e+00
     vertex  7.007250e+00  1.286139e+00  0.000000e+00
     vertex  7.007250e+00  1.286139e+00  1.510000e+00
   endloop
 endfacet
 facet normal  6.087614e-01  7.933533e-01 -0.000000e+00
   outer loop
     vertex  7.139248e+00  1.057513e+00  0.000000e+00
     vertex  7.139248e+00  1.057513e+00  1.510000e+00
     vertex  7.244872e+00  9.764640e-01  1.510000e+00
   endloop
 endfacet
 facet normal  7.933533e-01  6.087614e-01 -0.000000e+00
   outer loop
     vertex  7.139248e+00  1.057513e+00  0.000000e+00
     vertex  7.058199e+00  1.163137e+00  1.510000e+00
     vertex  7.139248e+00  1.057513e+00  1.510000e+00
   endloop
 endfacet
 facet normal  7.933533e-01  6.087614e-01  0.000000e+00
   outer loop
     vertex  7.139248e+00  1.057513e+00  0.000000e+00
     vertex  7.058199e+00  1.163137e+00  0.000000e+00
     vertex  7.058199e+00  1.163137e+00  1.510000e+00
   endloop
 endfacet
 facet normal  6.087614e-01  7.933533e-01 -0.000000e+00
   outer loop
     vertex  7.244872e+00  9.764640e-01  0.000000e+00
     vertex  7.139248e+00  1.057513e+00  0.000000e+00
     vertex  7.244872e+00  9.764640e-01  1.510000e+00
   endloop
 endfacet
 facet normal  3.826834e-01  9.238795e-01 -0.000000e+00
   outer loop
     vertex  7.367874e+00  9.255148e-01  0.000000e+00
     vertex  7.244872e+00  9.764640e-01  1.510000e+00
     vertex  7.367874e+00  9.255148e-01  1.510000e+00
   endloop
 endfacet
 facet normal  3.826834e-01  9.238795e-01  0.000000e+00
   outer loop
     vertex  7.367874e+00  9.255148e-01  0.000000e+00
     vertex  7.244872e+00  9.764640e-01  0.000000e+00
     vertex  7.244872e+00  9.764640e-01  1.510000e+00
   endloop
 endfacet
 facet normal  1.305262e-01  9.914449e-01 -0.000000e+00
   outer loop
     vertex  7.499872e+00  9.081370e-01  0.000000e+00
     vertex  7.367874e+00  9.255148e-01  1.510000e+00
     vertex  7.499872e+00  9.081370e-01  1.510000e+00
   endloop
 endfacet
 facet normal  1.305262e-01  9.914449e-01  0.000000e+00
   outer loop
     vertex  7.499872e+00  9.081370e-01  0.000000e+00
     vertex  7.367874e+00  9.255148e-01  0.000000e+00
     vertex  7.367874e+00  9.255148e-01  1.510000e+00
   endloop
 endfacet
 facet normal -1.305262e-01  9.914449e-01  0.000000e+00
   outer loop
     vertex  4.631870e+00  3.925515e+00  0.000000e+00
     vertex  4.499872e+00  3.908137e+00  0.000000e+00
     vertex  4.499872e+00  3.908137e+00  1.510000e+00
   endloop
 endfacet
 facet normal -1.305262e-01  9.914449e-01  0.000000e+00
   outer loop
     vertex  4.631870e+00  3.925515e+00  0.000000e+00
     vertex  4.499872e+00  3.908137e+00  1.510000e+00
     vertex  4.631870e+00  3.925515e+00  1.510000e+00
   endloop
 endfacet
 facet normal -3.826834e-01  9.238795e-01  0.000000e+00
   outer loop
     vertex  4.754872e+00  3.976464e+00  0.000000e+00
     vertex  4.631870e+00  3.925515e+00  1.510000e+00
     vertex  4.754872e+00  3.976464e+00  1.510000e+00
   endloop
 endfacet
 facet normal -3.826834e-01  9.238795e-01  0.000000e+00
   outer loop
     vertex  4.754872e+00  3.976464e+00  0.000000e+00
     vertex  4.631870e+00  3.925515e+00  0.000000e+00
     vertex  4.631870e+00  3.925515e+00  1.510000e+00
   endloop
 endfacet
 facet normal -6.087614e-01  7.933533e-01  0.000000e+00
   outer loop
     vertex  4.860496e+00  4.057513e+00  0.000000e+00
     vertex  4.754872e+00  3.976464e+00  1.510000e+00
     vertex  4.860496e+00  4.057513e+00  1.510000e+00
   endloop
 endfacet
 facet normal -6.087614e-01  7.933533e-01  0.000000e+00
   outer loop
     vertex  4.860496e+00  4.057513e+00  0.000000e+00
     vertex  4.754872e+00  3.976464e+00  0.000000e+00
     vertex  4.754872e+00  3.976464e+00  1.510000e+00
   endloop
 endfacet
 facet normal -7.933533e-01  6.087614e-01  0.000000e+00
   outer loop
     vertex  4.941545e+00  4.163137e+00  0.000000e+00
     vertex  4.860496e+00  4.057513e+00  1.510000e+00
     vertex  4.941545e+00  4.163137e+00  1.510000e+00
   endloop
 endfacet
 facet normal -7.933533e-01  6.087614e-01  0.000000e+00
   outer loop
     vertex  4.941545e+00  4.163137e+00  0.000000e+00
     vertex  4.860496e+00  4.057513e+00  0.000000e+00
     vertex  4.860496e+00  4.057513e+00  1.510000e+00
   endloop
 endfacet
 facet normal -9.238795e-01  3.826834e-01  0.000000e+00
   outer loop
     vertex  4.992494e+00  4.286139e+00  0.000000e+00
     vertex  4.941545e+00  4.163137e+00  1.510000e+00
     vertex  4.992494e+00  4.286139e+00  1.510000e+00
   endloop
 endfacet
 facet normal -9.238795e-01  3.826834e-01  0.000000e+00
   outer loop
     vertex  4.992494e+00  4.286139e+00  0.000000e+00
     vertex  4.941545e+00  4.163137e+00  0.000000e+00
     vertex  4.941545e+00  4.163137e+00  1.510000e+00
   endloop
 endfacet
 facet normal -9.914449e-01  1.305262e-01  0.000000e+00
   outer loop
     vertex  5.009872e+00  4.418137e+00  0.000000e+00
     vertex  4.992494e+00  4.286139e+00  1.510000e+00
     vertex  5.009872e+00  4.418137e+00  1.510000e+00
   endloop
 endfacet
 facet normal -9.914449e-01  1.305262e-01  0.000000e+00
   outer loop
     vertex  5.009872e+00  4.418137e+00  0.000000e+00
     vertex  4.992494e+00  4.286139e+00  0.000000e+00
     vertex  4.992494e+00  4.286139e+00  1.510000e+00
   endloop
 endfacet
 facet normal -9.914449e-01 -1.305262e-01  0.000000e+00
   outer loop
     vertex  4.992494e+00  4.550135e+00  0.000000e+00
     vertex  5.009872e+00  4.418137e+00  1.510000e+00
     vertex  4.992494e+00  4.550135e+00  1.510000e+00
   endloop
 endfacet
 facet normal -9.914449e-01 -1.305262e-01  0.000000e+00
   outer loop
     vertex  4.992494e+00  4.550135e+00  0.000000e+00
     vertex  5.009872e+00  4.418137e+00  0.000000e+00
     vertex  5.009872e+00  4.418137e+00  1.510000e+00
   endloop
 endfacet
 facet normal -9.238795e-01 -3.826834e-01  0.000000e+00
   outer loop
     vertex  4.941545e+00  4.673137e+00  0.000000e+00
     vertex  4.992494e+00  4.550135e+00  1.510000e+00
     vertex  4.941545e+00  4.673137e+00  1.510000e+00
   endloop
 endfacet
 facet normal -9.238795e-01 -3.826834e-01  0.000000e+00
   outer loop
     vertex  4.941545e+00  4.673137e+00  0.000000e+00
     vertex  4.992494e+00  4.550135e+00  0.000000e+00
     vertex  4.992494e+00  4.550135e+00  1.510000e+00
   endloop
 endfacet
 facet normal -7.933533e-01 -6.087614e-01  0.000000e+00
   outer loop
     vertex  4.860496e+00  4.778761e+00  0.000000e+00
     vertex  4.941545e+00  4.673137e+00  1.510000e+00
     vertex  4.860496e+00  4.778761e+00  1.510000e+00
   endloop
 endfacet
 facet normal -7.933533e-01 -6.087614e-01  0.000000e+00
   outer loop
     vertex  4.860496e+00  4.778761e+00  0.000000e+00
     vertex  4.941545e+00  4.673137e+00  0.000000e+00
     vertex  4.941545e+00  4.673137e+00  1.510000e+00
   endloop
 endfacet
 facet normal -6.087614e-01 -7.933533e-01  0.000000e+00
   outer loop
     vertex  4.754872e+00  4.859810e+00  0.000000e+00
     vertex  4.860496e+00  4.778761e+00  1.510000e+00
     vertex  4.754872e+00  4.859810e+00  1.510000e+00
   endloop
 endfacet
 facet normal -6.087614e-01 -7.933533e-01  0.000000e+00
   outer loop
     vertex  4.754872e+00  4.859810e+00  0.000000e+00
     vertex  4.860496e+00  4.778761e+00  0.000000e+00
     vertex  4.860496e+00  4.778761e+00  1.510000e+00
   endloop
 endfacet
 facet normal -3.826834e-01 -9.238795e-01  0.000000e+00
   outer loop
     vertex  4.631870e+00  4.910759e+00  0.000000e+00
     vertex  4.754872e+00  4.859810e+00  1.510000e+00
     vertex  4.631870e+00  4.910759e+00  1.510000e+00
   endloop
 endfacet
 facet normal -3.826834e-01 -9.238795e-01  0.000000e+00
   outer loop
     vertex  4.631870e+00  4.910759e+00  0.000000e+00
     vertex  4.754872e+00  4.859810e+00  0.000000e+00
     vertex  4.754872e+00  4.859810e+00  1.510000e+00
   endloop
 endfacet
 facet normal -1.305262e-01 -9.914449e-01  0.000000e+00
   outer loop
     vertex  4.499872e+00  4.928137e+00  0.000000e+00
     vertex  4.631870e+00  4.910759e+00  1.510000e+00
     vertex  4.499872e+00  4.928137e+00  1.510000e+00
   endloop
 endfacet
 facet normal -1.305262e-01 -9.914449e-01  0.000000e+00
   outer loop
     vertex  4.499872e+00  4.928137e+00  0.000000e+00
     vertex  4.631870e+00  4.910759e+00  0.000000e+00
     vertex  4.631870e+00  4.910759e+00  1.510000e+00
   endloop
 endfacet
 facet normal  1.305262e-01 -9.914449e-01  0.000000e+00
   outer loop
     vertex  4.367874e+00  4.910759e+00  0.000000e+00
     vertex  4.499872e+00  4.928137e+00  1.510000e+00
     vertex  4.367874e+00  4.910759e+00  1.510000e+00
   endloop
 endfacet
 facet normal  1.305262e-01 -9.914449e-01  0.000000e+00
   outer loop
     vertex  4.367874e+00  4.910759e+00  0.000000e+00
     vertex  4.499872e+00  4.928137e+00  0.000000e+00
     vertex  4.499872e+00  4.928137e+00  1.510000e+00
   endloop
 endfacet
 facet normal  3.826834e-01 -9.238795e-01  0.000000e+00
   outer loop
     vertex  4.244872e+00  4.859810e+00  0.000000e+00
     vertex  4.367874e+00  4.910759e+00  0.000000e+00
     vertex  4.367874e+00  4.910759e+00  1.510000e+00
   endloop
 endfacet
 facet normal  3.826834e-01 -9.238795e-01  0.000000e+00
   outer loop
     vertex  4.244872e+00  4.859810e+00  0.000000e+00
     vertex  4.367874e+00  4.910759e+00  1.510000e+00
     vertex  4.244872e+00  4.859810e+00  1.510000e+00
   endloop
 endfacet
 facet normal  6.087614e-01 -7.933533e-01  0.000000e+00
   outer loop
     vertex  4.139248e+00  4.778761e+00  0.000000e+00
     vertex  4.244872e+00  4.859810e+00  0.000000e+00
     vertex  4.244872e+00  4.859810e+00  1.510000e+00
   endloop
 endfacet
 facet normal  7.933533e-01 -6.087614e-01  0.000000e+00
   outer loop
     vertex  4.139248e+00  4.778761e+00  0.000000e+00
     vertex  4.139248e+00  4.778761e+00  1.510000e+00
     vertex  4.058199e+00  4.673137e+00  1.510000e+00
   endloop
 endfacet
 facet normal  6.087614e-01 -7.933533e-01  0.000000e+00
   outer loop
     vertex  4.139248e+00  4.778761e+00  0.000000e+00
     vertex  4.244872e+00  4.859810e+00  1.510000e+00
     vertex  4.139248e+00  4.778761e+00  1.510000e+00
   endloop
 endfacet
 facet normal  7.933533e-01 -6.087614e-01  0.000000e+00
   outer loop
     vertex  4.058199e+00  4.673137e+00  0.000000e+00
     vertex  4.139248e+00  4.778761e+00  0.000000e+00
     vertex  4.058199e+00  4.673137e+00  1.510000e+00
   endloop
 endfacet
 facet normal  9.238795e-01 -3.826834e-01  0.000000e+00
   outer loop
     vertex  4.058199e+00  4.673137e+00  0.000000e+00
     vertex  4.058199e+00  4.673137e+00  1.510000e+00
     vertex  4.007250e+00  4.550135e+00  1.510000e+00
   endloop
 endfacet
 facet normal  9.238795e-01 -3.826834e-01  0.000000e+00
   outer loop
     vertex  4.007250e+00  4.550135e+00  0.000000e+00
     vertex  4.058199e+00  4.673137e+00  0.000000e+00
     vertex  4.007250e+00  4.550135e+00  1.510000e+00
   endloop
 endfacet
 facet normal  9.914449e-01 -1.305262e-01  0.000000e+00
   outer loop
     vertex  3.989872e+00  4.418137e+00  0.000000e+00
     vertex  4.007250e+00  4.550135e+00  0.000000e+00
     vertex  4.007250e+00  4.550135e+00  1.510000e+00
   endloop
 endfacet
 facet normal  9.914449e-01 -1.305262e-01  0.000000e+00
   outer loop
     vertex  3.989872e+00  4.418137e+00  0.000000e+00
     vertex  4.007250e+00  4.550135e+00  1.510000e+00
     vertex  3.989872e+00  4.418137e+00  1.510000e+00
   endloop
 endfacet
 facet normal  9.914449e-01  1.305262e-01 -0.000000e+00
   outer loop
     vertex  4.007250e+00  4.286139e+00  0.000000e+00
     vertex  3.989872e+00  4.418137e+00  1.510000e+00
     vertex  4.007250e+00  4.286139e+00  1.510000e+00
   endloop
 endfacet
 facet normal  9.914449e-01  1.305262e-01  0.000000e+00
   outer loop
     vertex  4.007250e+00  4.286139e+00  0.000000e+00
     vertex  3.989872e+00  4.418137e+00  0.000000e+00
     vertex  3.989872e+00  4.418137e+00  1.510000e+00
   endloop
 endfacet
 facet normal  9.238795e-01  3.826834e-01 -0.000000e+00
   outer loop
     vertex  4.058199e+00  4.163137e+00  0.000000e+00
     vertex  4.007250e+00  4.286139e+00  1.510000e+00
     vertex  4.058199e+00  4.163137e+00  1.510000e+00
   endloop
 endfacet
 facet normal  9.238795e-01  3.826834e-01  0.000000e+00
   outer loop
     vertex  4.058199e+00  4.163137e+00  0.000000e+00
     vertex  4.007250e+00  4.286139e+00  0.000000e+00
     vertex  4.007250e+00  4.286139e+00  1.510000e+00
   endloop
 endfacet
 facet normal  6.087614e-01  7.933533e-01 -0.000000e+00
   outer loop
     vertex  4.139248e+00  4.057513e+00  0.000000e+00
     vertex  4.139248e+00  4.057513e+00  1.510000e+00
     vertex  4.244872e+00  3.976464e+00  1.510000e+00
   endloop
 endfacet
 facet normal  7.933533e-01  6.087614e-01 -0.000000e+00
   outer loop
     vertex  4.139248e+00  4.057513e+00  0.000000e+00
     vertex  4.058199e+00  4.163137e+00  1.510000e+00
     vertex  4.139248e+00  4.057513e+00  1.510000e+00
   endloop
 endfacet
 facet normal  7.933533e-01  6.087614e-01  0.000000e+00
   outer loop
     vertex  4.139248e+00  4.057513e+00  0.000000e+00
     vertex  4.058199e+00  4.163137e+00  0.000000e+00
     vertex  4.058199e+00  4.163137e+00  1.510000e+00
   endloop
 endfacet
 facet normal  6.087614e-01  7.933533e-01 -0.000000e+00
   outer loop
     vertex  4.244872e+00  3.976464e+00  0.000000e+00
     vertex  4.139248e+00  4.057513e+00  0.000000e+00
     vertex  4.244872e+00  3.976464e+00  1.510000e+00
   endloop
 endfacet
 facet normal  3.826834e-01  9.238795e-01 -0.000000e+00
   outer loop
     vertex  4.367874e+00  3.925515e+00  0.000000e+00
     vertex  4.244872e+00  3.976464e+00  1.510000e+00
     vertex  4.367874e+00  3.925515e+00  1.510000e+00
   endloop
 endfacet
 facet normal  3.826834e-01  9.238795e-01  0.000000e+00
   outer loop
     vertex  4.367874e+00  3.925515e+00  0.000000e+00
     vertex  4.244872e+00  3.976464e+00  0.000000e+00
     vertex  4.244872e+00  3.976464e+00  1.510000e+00
   endloop
 endfacet
 facet normal  1.305262e-01  9.914449e-01 -0.000000e+00
   outer loop
     vertex  4.499872e+00  3.908137e+00  0.000000e+00
     vertex  4.367874e+00  3.925515e+00  1.510000e+00
     vertex  4.499872e+00  3.908137e+00  1.510000e+00
   endloop
 endfacet
 facet normal  1.305262e-01  9.914449e-01  0.000000e+00
   outer loop
     vertex  4.499872e+00  3.908137e+00  0.000000e+00
     vertex  4.367874e+00  3.925515e+00  0.000000e+00
     vertex  4.367874e+00  3.925515e+00  1.510000e+00
   endloop
 endfacet
 facet normal -1.305262e-01  9.914449e-01  0.000000e+00
   outer loop
     vertex  7.631870e+00  3.925515e+00  0.000000e+00
     vertex  7.499872e+00  3.908137e+00  0.000000e+00
     vertex  7.499872e+00  3.908137e+00  1.510000e+00
   endloop
 endfacet
 facet normal -1.305262e-01  9.914449e-01  0.000000e+00
   outer loop
     vertex  7.631870e+00  3.925515e+00  0.000000e+00
     vertex  7.499872e+00  3.908137e+00  1.510000e+00
     vertex  7.631870e+00  3.925515e+00  1.510000e+00
   endloop
 endfacet
 facet normal -3.826834e-01  9.238795e-01  0.000000e+00
   outer loop
     vertex  7.754872e+00  3.976464e+00  0.000000e+00
     vertex  7.631870e+00  3.925515e+00  1.510000e+00
     vertex  7.754872e+00  3.976464e+00  1.510000e+00
   endloop
 endfacet
 facet normal -3.826834e-01  9.238795e-01  0.000000e+00
   outer loop
     vertex  7.754872e+00  3.976464e+00  0.000000e+00
     vertex  7.631870e+00  3.925515e+00  0.000000e+00
     vertex  7.631870e+00  3.925515e+00  1.510000e+00
   endloop
 endfacet
 facet normal -6.087614e-01  7.933533e-01  0.000000e+00
   outer loop
     vertex  7.860496e+00  4.057513e+00  0.000000e+00
     vertex  7.754872e+00  3.976464e+00  1.510000e+00
     vertex  7.860496e+00  4.057513e+00  1.510000e+00
   endloop
 endfacet
 facet normal -6.087614e-01  7.933533e-01  0.000000e+00
   outer loop
     vertex  7.860496e+00  4.057513e+00  0.000000e+00
     vertex  7.754872e+00  3.976464e+00  0.000000e+00
     vertex  7.754872e+00  3.976464e+00  1.510000e+00
   endloop
 endfacet
 facet normal -7.933533e-01  6.087614e-01  0.000000e+00
   outer loop
     vertex  7.941545e+00  4.163137e+00  0.000000e+00
     vertex  7.860496e+00  4.057513e+00  1.510000e+00
     vertex  7.941545e+00  4.163137e+00  1.510000e+00
   endloop
 endfacet
 facet normal -7.933533e-01  6.087614e-01  0.000000e+00
   outer loop
     vertex  7.941545e+00  4.163137e+00  0.000000e+00
     vertex  7.860496e+00  4.057513e+00  0.000000e+00
     vertex  7.860496e+00  4.057513e+00  1.510000e+00
   endloop
 endfacet
 facet normal -9.238795e-01  3.826834e-01  0.000000e+00
   outer loop
     vertex  7.992494e+00  4.286139e+00  0.000000e+00
     vertex  7.941545e+00  4.163137e+00  1.510000e+00
     vertex  7.992494e+00  4.286139e+00  1.510000e+00
   endloop
 endfacet
 facet normal -9.238795e-01  3.826834e-01  0.000000e+00
   outer loop
     vertex  7.992494e+00  4.286139e+00  0.000000e+00
     vertex  7.941545e+00  4.163137e+00  0.000000e+00
     vertex  7.941545e+00  4.163137e+00  1.510000e+00
   endloop
 endfacet
 facet normal -9.914449e-01  1.305262e-01  0.000000e+00
   outer loop
     vertex  8.009872e+00  4.418137e+00  0.000000e+00
     vertex  7.992494e+00  4.286139e+00  1.510000e+00
     vertex  8.009872e+00  4.418137e+00  1.510000e+00
   endloop
 endfacet
 facet normal -9.914449e-01  1.305262e-01  0.000000e+00
   outer loop
     vertex  8.009872e+00  4.418137e+00  0.000000e+00
     vertex  7.992494e+00  4.286139e+00  0.000000e+00
     vertex  7.992494e+00  4.286139e+00  1.510000e+00
   endloop
 endfacet
 facet normal -9.914449e-01 -1.305262e-01  0.000000e+00
   outer loop
     vertex  7.992494e+00  4.550135e+00  0.000000e+00
     vertex  8.009872e+00  4.418137e+00  1.510000e+00
     vertex  7.992494e+00  4.550135e+00  1.510000e+00
   endloop
 endfacet
 facet normal -9.914449e-01 -1.305262e-01  0.000000e+00
   outer loop
     vertex  7.992494e+00  4.550135e+00  0.000000e+00
     vertex  8.009872e+00  4.418137e+00  0.000000e+00
     vertex  8.009872e+00  4.418137e+00  1.510000e+00
   endloop
 endfacet
 facet normal -9.238795e-01 -3.826834e-01  0.000000e+00
   outer loop
     vertex  7.941545e+00  4.673137e+00  0.000000e+00
     vertex  7.992494e+00  4.550135e+00  1.510000e+00
     vertex  7.941545e+00  4.673137e+00  1.510000e+00
   endloop
 endfacet
 facet normal -9.238795e-01 -3.826834e-01  0.000000e+00
   outer loop
     vertex  7.941545e+00  4.673137e+00  0.000000e+00
     vertex  7.992494e+00  4.550135e+00  0.000000e+00
     vertex  7.992494e+00  4.550135e+00  1.510000e+00
   endloop
 endfacet
 facet normal -7.933533e-01 -6.087614e-01  0.000000e+00
   outer loop
     vertex  7.860496e+00  4.778761e+00  0.000000e+00
     vertex  7.941545e+00  4.673137e+00  1.510000e+00
     vertex  7.860496e+00  4.778761e+00  1.510000e+00
   endloop
 endfacet
 facet normal -7.933533e-01 -6.087614e-01  0.000000e+00
   outer loop
     vertex  7.860496e+00  4.778761e+00  0.000000e+00
     vertex  7.941545e+00  4.673137e+00  0.000000e+00
     vertex  7.941545e+00  4.673137e+00  1.510000e+00
   endloop
 endfacet
 facet normal -6.087614e-01 -7.933533e-01  0.000000e+00
   outer loop
     vertex  7.754872e+00  4.859810e+00  0.000000e+00
     vertex  7.860496e+00  4.778761e+00  1.510000e+00
     vertex  7.754872e+00  4.859810e+00  1.510000e+00
   endloop
 endfacet
 facet normal -6.087614e-01 -7.933533e-01  0.000000e+00
   outer loop
     vertex  7.754872e+00  4.859810e+00  0.000000e+00
     vertex  7.860496e+00  4.778761e+00  0.000000e+00
     vertex  7.860496e+00  4.778761e+00  1.510000e+00
   endloop
 endfacet
 facet normal -3.826834e-01 -9.238795e-01  0.000000e+00
   outer loop
     vertex  7.631870e+00  4.910759e+00  0.000000e+00
     vertex  7.754872e+00  4.859810e+00  1.510000e+00
     vertex  7.631870e+00  4.910759e+00  1.510000e+00
   endloop
 endfacet
 facet normal -3.826834e-01 -9.238795e-01  0.000000e+00
   outer loop
     vertex  7.631870e+00  4.910759e+00  0.000000e+00
     vertex  7.754872e+00  4.859810e+00  0.000000e+00
     vertex  7.754872e+00  4.859810e+00  1.510000e+00
   endloop
 endfacet
 facet normal -1.305262e-01 -9.914449e-01  0.000000e+00
   outer loop
     vertex  7.499872e+00  4.928137e+00  0.000000e+00
     vertex  7.631870e+00  4.910759e+00  1.510000e+00
     vertex  7.499872e+00  4.928137e+00  1.510000e+00
   endloop
 endfacet
 facet normal -1.305262e-01 -9.914449e-01  0.000000e+00
   outer loop
     vertex  7.499872e+00  4.928137e+00  0.000000e+00
     vertex  7.631870e+00  4.910759e+00  0.000000e+00
     vertex  7.631870e+00  4.910759e+00  1.510000e+00
   endloop
 endfacet
 facet normal  1.305262e-01 -9.914449e-01  0.000000e+00
   outer loop
     vertex  7.367874e+00  4.910759e+00  0.000000e+00
     vertex  7.499872e+00  4.928137e+00  1.510000e+00
     vertex  7.367874e+00  4.910759e+00  1.510000e+00
   endloop
 endfacet
 facet normal  1.305262e-01 -9.914449e-01  0.000000e+00
   outer loop
     vertex  7.367874e+00  4.910759e+00  0.000000e+00
     vertex  7.499872e+00  4.928137e+00  0.000000e+00
     vertex  7.499872e+00  4.928137e+00  1.510000e+00
   endloop
 endfacet
 facet normal  3.826834e-01 -9.238795e-01  0.000000e+00
   outer loop
     vertex  7.244872e+00  4.859810e+00  0.000000e+00
     vertex  7.367874e+00  4.910759e+00  0.000000e+00
     vertex  7.367874e+00  4.910759e+00  1.510000e+00
   endloop
 endfacet
 facet normal  3.826834e-01 -9.238795e-01  0.000000e+00
   outer loop
     vertex  7.244872e+00  4.859810e+00  0.000000e+00
     vertex  7.367874e+00  4.910759e+00  1.510000e+00
     vertex  7.244872e+00  4.859810e+00  1.510000e+00
   endloop
 endfacet
 facet normal  6.087614e-01 -7.933533e-01  0.000000e+00
   outer loop
     vertex  7.139248e+00  4.778761e+00  0.000000e+00
     vertex  7.244872e+00  4.859810e+00  0.000000e+00
     vertex  7.244872e+00  4.859810e+00  1.510000e+00
   endloop
 endfacet
 facet normal  7.933533e-01 -6.087614e-01  0.000000e+00
   outer loop
     vertex  7.139248e+00  4.778761e+00  0.000000e+00
     vertex  7.139248e+00  4.778761e+00  1.510000e+00
     vertex  7.058199e+00  4.673137e+00  1.510000e+00
   endloop
 endfacet
 facet normal  6.087614e-01 -7.933533e-01  0.000000e+00
   outer loop
     vertex  7.139248e+00  4.778761e+00  0.000000e+00
     vertex  7.244872e+00  4.859810e+00  1.510000e+00
     vertex  7.139248e+00  4.778761e+00  1.510000e+00
   endloop
 endfacet
 facet normal  7.933533e-01 -6.087614e-01  0.000000e+00
   outer loop
     vertex  7.058199e+00  4.673137e+00  0.000000e+00
     vertex  7.139248e+00  4.778761e+00  0.000000e+00
     vertex  7.058199e+00  4.673137e+00  1.510000e+00
   endloop
 endfacet
 facet normal  9.238795e-01 -3.826834e-01  0.000000e+00
   outer loop
     vertex  7.058199e+00  4.673137e+00  0.000000e+00
     vertex  7.058199e+00  4.673137e+00  1.510000e+00
     vertex  7.007250e+00  4.550135e+00  1.510000e+00
   endloop
 endfacet
 facet normal  9.238795e-01 -3.826834e-01  0.000000e+00
   outer loop
     vertex  7.007250e+00  4.550135e+00  0.000000e+00
     vertex  7.058199e+00  4.673137e+00  0.000000e+00
     vertex  7.007250e+00  4.550135e+00  1.510000e+00
   endloop
 endfacet
 facet normal  9.914449e-01 -1.305262e-01  0.000000e+00
   outer loop
     vertex  6.989872e+00  4.418137e+00  0.000000e+00
     vertex  7.007250e+00  4.550135e+00  0.000000e+00
     vertex  7.007250e+00  4.550135e+00  1.510000e+00
   endloop
 endfacet
 facet normal  9.914449e-01 -1.305262e-01  0.000000e+00
   outer loop
     vertex  6.989872e+00  4.418137e+00  0.000000e+00
     vertex  7.007250e+00  4.550135e+00  1.510000e+00
     vertex  6.989872e+00  4.418137e+00  1.510000e+00
   endloop
 endfacet
 facet normal  9.914449e-01  1.305262e-01 -0.000000e+00
   outer loop
     vertex  7.007250e+00  4.286139e+00  0.000000e+00
     vertex  6.989872e+00  4.418137e+00  1.510000e+00
     vertex  7.007250e+00  4.286139e+00  1.510000e+00
   endloop
 endfacet
 facet normal  9.914449e-01  1.305262e-01  0.000000e+00
   outer loop
     vertex  7.007250e+00  4.286139e+00  0.000000e+00
     vertex  6.989872e+00  4.418137e+00  0.000000e+00
     vertex  6.989872e+00  4.418137e+00  1.510000e+00
   endloop
 endfacet
 facet normal  9.238795e-01  3.826834e-01 -0.000000e+00
   outer loop
     vertex  7.058199e+00  4.163137e+00  0.000000e+00
     vertex  7.007250e+00  4.286139e+00  1.510000e+00
     vertex  7.058199e+00  4.163137e+00  1.510000e+00
   endloop
 endfacet
 facet normal  9.238795e-01  3.826834e-01  0.000000e+00
   outer loop
     vertex  7.058199e+00  4.163137e+00  0.000000e+00
     vertex  7.007250e+00  4.286139e+00  0.000000e+00
     vertex  7.007250e+00  4.286139e+00  1.510000e+00
   endloop
 endfacet
 facet normal  6.087614e-01  7.933533e-01 -0.000000e+00
   outer loop
     vertex  7.139248e+00  4.057513e+00  0.000000e+00
     vertex  7.139248e+00  4.057513e+00  1.510000e+00
     vertex  7.244872e+00  3.976464e+00  1.510000e+00
   endloop
 endfacet
 facet normal  7.933533e-01  6.087614e-01 -0.000000e+00
   outer loop
     vertex  7.139248e+00  4.057513e+00  0.000000e+00
     vertex  7.058199e+00  4.163137e+00  1.510000e+00
     vertex  7.139248e+00  4.057513e+00  1.510000e+00
   endloop
 endfacet
 facet normal  7.933533e-01  6.087614e-01  0.000000e+00
   outer loop
     vertex  7.139248e+00  4.057513e+00  0.000000e+00
     vertex  7.058199e+00  4.163137e+00  0.000000e+00
     vertex  7.058199e+00  4.163137e+00  1.510000e+00
   endloop
 endfacet
 facet normal  6.087614e-01  7.933533e-01 -0.000000e+00
   outer loop
     vertex  7.244872e+00  3.976464e+00  0.000000e+00
     vertex  7.139248e+00  4.057513e+00  0.000000e+00
     vertex  7.244872e+00  3.976464e+00  1.510000e+00
   endloop
 endfacet
 facet normal  3.826834e-01  9.238795e-01 -0.000000e+00
   outer loop
     vertex  7.367874e+00  3.925515e+00  0.000000e+00
     vertex  7.244872e+00  3.976464e+00  1.510000e+00
     vertex  7.367874e+00  3.925515e+00  1.510000e+00
   endloop
 endfacet
 facet normal  3.826834e-01  9.238795e-01  0.000000e+00
   outer loop
     vertex  7.367874e+00  3.925515e+00  0.000000e+00
     vertex  7.244872e+00  3.976464e+00  0.000000e+00
     vertex  7.244872e+00  3.976464e+00  1.510000e+00
   endloop
 endfacet
 facet normal  1.305262e-01  9.914449e-01 -0.000000e+00
   outer loop
     vertex  7.499872e+00  3.908137e+00  0.000000e+00
     vertex  7.367874e+00  3.925515e+00  1.510000e+00
     vertex  7.499872e+00  3.908137e+00  1.510000e+00
   endloop
 endfacet
 facet normal  1.305262e-01  9.914449e-01  0.000000e+00
   outer loop
     vertex  7.499872e+00  3.908137e+00  0.000000e+00
     vertex  7.367874e+00  3.925515e+00  0.000000e+00
     vertex  7.367874e+00  3.925515e+00  1.510000e+00
   endloop
 endfacet
 facet normal -1.305262e-01  9.914449e-01  0.000000e+00
   outer loop
     vertex  6.388101e+00  7.289248e+00  0.000000e+00
     vertex  5.999872e+00  7.238137e+00  0.000000e+00
     vertex  5.999872e+00  7.238137e+00  1.510000e+00
   endloop
 endfacet
 facet normal -1.305262e-01  9.914449e-01  0.000000e+00
   outer loop
     vertex  6.388101e+00  7.289248e+00  0.000000e+00
     vertex  5.999872e+00  7.238137e+00  1.510000e+00
     vertex  6.388101e+00  7.289248e+00  1.510000e+00
   endloop
 endfacet
 facet normal -3.826834e-01  9.238795e-01  0.000000e+00
   outer loop
     vertex  6.749872e+00  7.439099e+00  0.000000e+00
     vertex  6.388101e+00  7.289248e+00  1.510000e+00
     vertex  6.749872e+00  7.439099e+00  1.510000e+00
   endloop
 endfacet
 facet normal -3.826834e-01  9.238795e-01  0.000000e+00
   outer loop
     vertex  6.749872e+00  7.439099e+00  0.000000e+00
     vertex  6.388101e+00  7.289248e+00  0.000000e+00
     vertex  6.388101e+00  7.289248e+00  1.510000e+00
   endloop
 endfacet
 facet normal -6.087614e-01  7.933533e-01  0.000000e+00
   outer loop
     vertex  7.060532e+00  7.677477e+00  0.000000e+00
     vertex  6.749872e+00  7.439099e+00  1.510000e+00
     vertex  7.060532e+00  7.677477e+00  1.510000e+00
   endloop
 endfacet
 facet normal -6.087614e-01  7.933533e-01  0.000000e+00
   outer loop
     vertex  7.060532e+00  7.677477e+00  0.000000e+00
     vertex  6.749872e+00  7.439099e+00  0.000000e+00
     vertex  6.749872e+00  7.439099e+00  1.510000e+00
   endloop
 endfacet
 facet normal -7.933533e-01  6.087614e-01  0.000000e+00
   outer loop
     vertex  7.298910e+00  7.988137e+00  0.000000e+00
     vertex  7.060532e+00  7.677477e+00  1.510000e+00
     vertex  7.298910e+00  7.988137e+00  1.510000e+00
   endloop
 endfacet
 facet normal -7.933533e-01  6.087614e-01  0.000000e+00
   outer loop
     vertex  7.298910e+00  7.988137e+00  0.000000e+00
     vertex  7.060532e+00  7.677477e+00  0.000000e+00
     vertex  7.060532e+00  7.677477e+00  1.510000e+00
   endloop
 endfacet
 facet normal -9.238795e-01  3.826834e-01  0.000000e+00
   outer loop
     vertex  7.448761e+00  8.349908e+00  0.000000e+00
     vertex  7.298910e+00  7.988137e+00  1.510000e+00
     vertex  7.448761e+00  8.349908e+00  1.510000e+00
   endloop
 endfacet
 facet normal -9.238795e-01  3.826834e-01  0.000000e+00
   outer loop
     vertex  7.448761e+00  8.349908e+00  0.000000e+00
     vertex  7.298910e+00  7.988137e+00  0.000000e+00
     vertex  7.298910e+00  7.988137e+00  1.510000e+00
   endloop
 endfacet
 facet normal -9.914449e-01  1.305262e-01  0.000000e+00
   outer loop
     vertex  7.499872e+00  8.738137e+00  0.000000e+00
     vertex  7.448761e+00  8.349908e+00  1.510000e+00
     vertex  7.499872e+00  8.738137e+00  1.510000e+00
   endloop
 endfacet
 facet normal -9.914449e-01  1.305262e-01  0.000000e+00
   outer loop
     vertex  7.499872e+00  8.738137e+00  0.000000e+00
     vertex  7.448761e+00  8.349908e+00  0.000000e+00
     vertex  7.448761e+00  8.349908e+00  1.510000e+00
   endloop
 endfacet
 facet normal -9.914449e-01 -1.305262e-01  0.000000e+00
   outer loop
     vertex  7.448761e+00  9.126366e+00  0.000000e+00
     vertex  7.499872e+00  8.738137e+00  1.510000e+00
     vertex  7.448761e+00  9.126366e+00  1.510000e+00
   endloop
 endfacet
 facet normal -9.914449e-01 -1.305262e-01  0.000000e+00
   outer loop
     vertex  7.448761e+00  9.126366e+00  0.000000e+00
     vertex  7.499872e+00  8.738137e+00  0.000000e+00
     vertex  7.499872e+00  8.738137e+00  1.510000e+00
   endloop
 endfacet
 facet normal -9.238795e-01 -3.826834e-01  0.000000e+00
   outer loop
     vertex  7.298910e+00  9.488137e+00  0.000000e+00
     vertex  7.448761e+00  9.126366e+00  1.510000e+00
     vertex  7.298910e+00  9.488137e+00  1.510000e+00
   endloop
 endfacet
 facet normal -9.238795e-01 -3.826834e-01  0.000000e+00
   outer loop
     vertex  7.298910e+00  9.488137e+00  0.000000e+00
     vertex  7.448761e+00  9.126366e+00  0.000000e+00
     vertex  7.448761e+00  9.126366e+00  1.510000e+00
   endloop
 endfacet
 facet normal -7.933533e-01 -6.087614e-01  0.000000e+00
   outer loop
     vertex  7.060532e+00  9.798797e+00  0.000000e+00
     vertex  7.298910e+00  9.488137e+00  1.510000e+00
     vertex  7.060532e+00  9.798797e+00  1.510000e+00
   endloop
 endfacet
 facet normal -7.933533e-01 -6.087614e-01  0.000000e+00
   outer loop
     vertex  7.060532e+00  9.798797e+00  0.000000e+00
     vertex  7.298910e+00  9.488137e+00  0.000000e+00
     vertex  7.298910e+00  9.488137e+00  1.510000e+00
   endloop
 endfacet
 facet normal -6.087614e-01 -7.933533e-01  0.000000e+00
   outer loop
     vertex  6.749872e+00  1.003718e+01  0.000000e+00
     vertex  7.060532e+00  9.798797e+00  1.510000e+00
     vertex  6.749872e+00  1.003718e+01  1.510000e+00
   endloop
 endfacet
 facet normal -6.087614e-01 -7.933533e-01  0.000000e+00
   outer loop
     vertex  6.749872e+00  1.003718e+01  0.000000e+00
     vertex  7.060532e+00  9.798797e+00  0.000000e+00
     vertex  7.060532e+00  9.798797e+00  1.510000e+00
   endloop
 endfacet
 facet normal -3.826834e-01 -9.238795e-01  0.000000e+00
   outer loop
     vertex  6.388101e+00  1.018703e+01  0.000000e+00
     vertex  6.749872e+00  1.003718e+01  1.510000e+00
     vertex  6.388101e+00  1.018703e+01  1.510000e+00
   endloop
 endfacet
 facet normal -3.826834e-01 -9.238795e-01  0.000000e+00
   outer loop
     vertex  6.388101e+00  1.018703e+01  0.000000e+00
     vertex  6.749872e+00  1.003718e+01  0.000000e+00
     vertex  6.749872e+00  1.003718e+01  1.510000e+00
   endloop
 endfacet
 facet normal -1.305262e-01 -9.914449e-01  0.000000e+00
   outer loop
     vertex  5.999872e+00  1.023814e+01  0.000000e+00
     vertex  6.388101e+00  1.018703e+01  1.510000e+00
     vertex  5.999872e+00  1.023814e+01  1.510000e+00
   endloop
 endfacet
 facet normal -1.305262e-01 -9.914449e-01  0.000000e+00
   outer loop
     vertex  5.999872e+00  1.023814e+01  0.000000e+00
     vertex  6.388101e+00  1.018703e+01  0.000000e+00
     vertex  6.388101e+00  1.018703e+01  1.510000e+00
   endloop
 endfacet
 facet normal  1.305262e-01 -9.914449e-01  0.000000e+00
   outer loop
     vertex  5.611643e+00  1.018703e+01  0.000000e+00
     vertex  5.999872e+00  1.023814e+01  1.510000e+00
     vertex  5.611643e+00  1.018703e+01  1.510000e+00
   endloop
 endfacet
 facet normal  1.305262e-01 -9.914449e-01  0.000000e+00
   outer loop
     vertex  5.611643e+00  1.018703e+01  0.000000e+00
     vertex  5.999872e+00  1.023814e+01  0.000000e+00
     vertex  5.999872e+00  1.023814e+01  1.510000e+00
   endloop
 endfacet
 facet normal  3.826834e-01 -9.238795e-01  0.000000e+00
   outer loop
     vertex  5.249872e+00  1.003718e+01  0.000000e+00
     vertex  5.611643e+00  1.018703e+01  0.000000e+00
     vertex  5.611643e+00  1.018703e+01  1.510000e+00
   endloop
 endfacet
 facet normal  3.826834e-01 -9.238795e-01  0.000000e+00
   outer loop
     vertex  5.249872e+00  1.003718e+01  0.000000e+00
     vertex  5.611643e+00  1.018703e+01  1.510000e+00
     vertex  5.249872e+00  1.003718e+01  1.510000e+00
   endloop
 endfacet
 facet normal  6.087614e-01 -7.933533e-01  0.000000e+00
   outer loop
     vertex  4.939212e+00  9.798797e+00  0.000000e+00
     vertex  5.249872e+00  1.003718e+01  0.000000e+00
     vertex  5.249872e+00  1.003718e+01  1.510000e+00
   endloop
 endfacet
 facet normal  7.933533e-01 -6.087614e-01  0.000000e+00
   outer loop
     vertex  4.939212e+00  9.798797e+00  0.000000e+00
     vertex  4.939212e+00  9.798797e+00  1.510000e+00
     vertex  4.700834e+00  9.488137e+00  1.510000e+00
   endloop
 endfacet
 facet normal  6.087614e-01 -7.933533e-01  0.000000e+00
   outer loop
     vertex  4.939212e+00  9.798797e+00  0.000000e+00
     vertex  5.249872e+00  1.003718e+01  1.510000e+00
     vertex  4.939212e+00  9.798797e+00  1.510000e+00
   endloop
 endfacet
 facet normal  7.933533e-01 -6.087614e-01  0.000000e+00
   outer loop
     vertex  4.700834e+00  9.488137e+00  0.000000e+00
     vertex  4.939212e+00  9.798797e+00  0.000000e+00
     vertex  4.700834e+00  9.488137e+00  1.510000e+00
   endloop
 endfacet
 facet normal  9.238795e-01 -3.826834e-01  0.000000e+00
   outer loop
     vertex  4.700834e+00  9.488137e+00  0.000000e+00
     vertex  4.700834e+00  9.488137e+00  1.510000e+00
     vertex  4.550983e+00  9.126366e+00  1.510000e+00
   endloop
 endfacet
 facet normal  9.238795e-01 -3.826834e-01  0.000000e+00
   outer loop
     vertex  4.550983e+00  9.126366e+00  0.000000e+00
     vertex  4.700834e+00  9.488137e+00  0.000000e+00
     vertex  4.550983e+00  9.126366e+00  1.510000e+00
   endloop
 endfacet
 facet normal  9.914449e-01 -1.305262e-01  0.000000e+00
   outer loop
     vertex  4.499872e+00  8.738137e+00  0.000000e+00
     vertex  4.550983e+00  9.126366e+00  0.000000e+00
     vertex  4.550983e+00  9.126366e+00  1.510000e+00
   endloop
 endfacet
 facet normal  9.914449e-01 -1.305262e-01  0.000000e+00
   outer loop
     vertex  4.499872e+00  8.738137e+00  0.000000e+00
     vertex  4.550983e+00  9.126366e+00  1.510000e+00
     vertex  4.499872e+00  8.738137e+00  1.510000e+00
   endloop
 endfacet
 facet normal  9.914449e-01  1.305262e-01 -0.000000e+00
   outer loop
     vertex  4.550983e+00  8.349908e+00  0.000000e+00
     vertex  4.499872e+00  8.738137e+00  1.510000e+00
     vertex  4.550983e+00  8.349908e+00  1.510000e+00
   endloop
 endfacet
 facet normal  9.914449e-01  1.305262e-01  0.000000e+00
   outer loop
     vertex  4.550983e+00  8.349908e+00  0.000000e+00
     vertex  4.499872e+00  8.738137e+00  0.000000e+00
     vertex  4.499872e+00  8.738137e+00  1.510000e+00
   endloop
 endfacet
 facet normal  9.238795e-01  3.826834e-01 -0.000000e+00
   outer loop
     vertex  4.700834e+00  7.988137e+00  0.000000e+00
     vertex  4.550983e+00  8.349908e+00  1.510000e+00
     vertex  4.700834e+00  7.988137e+00  1.510000e+00
   endloop
 endfacet
 facet normal  9.238795e-01  3.826834e-01  0.000000e+00
   outer loop
     vertex  4.700834e+00  7.988137e+00  0.000000e+00
     vertex  4.550983e+00  8.349908e+00  0.000000e+00
     vertex  4.550983e+00  8.349908e+00  1.510000e+00
   endloop
 endfacet
 facet normal  6.087614e-01  7.933533e-01 -0.000000e+00
   outer loop
     vertex  4.939212e+00  7.677477e+00  0.000000e+00
     vertex  4.939212e+00  7.677477e+00  1.510000e+00
     vertex  5.249872e+00  7.439099e+00  1.510000e+00
   endloop
 endfacet
 facet normal  7.933533e-01  6.087614e-01 -0.000000e+00
   outer loop
     vertex  4.939212e+00  7.677477e+00  0.000000e+00
     vertex  4.700834e+00  7.988137e+00  1.510000e+00
     vertex  4.939212e+00  7.677477e+00  1.510000e+00
   endloop
 endfacet
 facet normal  7.933533e-01  6.087614e-01  0.000000e+00
   outer loop
     vertex  4.939212e+00  7.677477e+00  0.000000e+00
     vertex  4.700834e+00  7.988137e+00  0.000000e+00
     vertex  4.700834e+00  7.988137e+00  1.510000e+00
   endloop
 endfacet
 facet normal  6.087614e-01  7.933533e-01 -0.000000e+00
   outer loop
     vertex  5.249872e+00  7.439099e+00  0.000000e+00
     vertex  4.939212e+00  7.677477e+00  0.000000e+00
     vertex  5.249872e+00  7.439099e+00  1.510000e+00
   endloop
 endfacet
 facet normal  3.826834e-01  9.238795e-01 -0.000000e+00
   outer loop
     vertex  5.611643e+00  7.289248e+00  0.000000e+00
     vertex  5.249872e+00  7.439099e+00  1.510000e+00
     vertex  5.611643e+00  7.289248e+00  1.510000e+00
   endloop
 endfacet
 facet normal  3.826834e-01  9.238795e-01  0.000000e+00
   outer loop
     vertex  5.611643e+00  7.289248e+00  0.000000e+00
     vertex  5.249872e+00  7.439099e+00  0.000000e+00
     vertex  5.249872e+00  7.439099e+00  1.510000e+00
   endloop
 endfacet
 facet normal  1.305262e-01  9.914449e-01 -0.000000e+00
   outer loop
     vertex  5.999872e+00  7.238137e+00  0.000000e+00
     vertex  5.611643e+00  7.289248e+00  1.510000e+00
     vertex  5.999872e+00  7.238137e+00  1.510000e+00
   endloop
 endfacet
 facet normal  1.305262e-01  9.914449e-01  0.000000e+00
   outer loop
     vertex  5.999872e+00  7.238137e+00  0.000000e+00
     vertex  5.611643e+00  7.289248e+00  0.000000e+00
     vertex  5.611643e+00  7.289248e+00  1.510000e+00
   endloop
 endfacet
 facet normal -1.305262e-01  9.914449e-01  0.000000e+00
   outer loop
     vertex  2.241398e+01  7.957656e+00  0.000000e+00
     vertex  2.199987e+01  7.903137e+00  0.000000e+00
     vertex  2.199987e+01  7.903137e+00  1.510000e+00
   endloop
 endfacet
 facet normal -1.305262e-01  9.914449e-01  0.000000e+00
   outer loop
     vertex  2.241398e+01  7.957656e+00  0.000000e+00
     vertex  2.199987e+01  7.903137e+00  1.510000e+00
     vertex  2.241398e+01  7.957656e+00  1.510000e+00
   endloop
 endfacet
 facet normal -3.826834e-01  9.238795e-01  0.000000e+00
   outer loop
     vertex  2.279987e+01  8.117496e+00  0.000000e+00
     vertex  2.241398e+01  7.957656e+00  1.510000e+00
     vertex  2.279987e+01  8.117496e+00  1.510000e+00
   endloop
 endfacet
 facet normal -3.826834e-01  9.238795e-01  0.000000e+00
   outer loop
     vertex  2.279987e+01  8.117496e+00  0.000000e+00
     vertex  2.241398e+01  7.957656e+00  0.000000e+00
     vertex  2.241398e+01  7.957656e+00  1.510000e+00
   endloop
 endfacet
 facet normal -6.087614e-01  7.933533e-01  0.000000e+00
   outer loop
     vertex  2.313124e+01  8.371766e+00  0.000000e+00
     vertex  2.279987e+01  8.117496e+00  1.510000e+00
     vertex  2.313124e+01  8.371766e+00  1.510000e+00
   endloop
 endfacet
 facet normal -6.087614e-01  7.933533e-01  0.000000e+00
   outer loop
     vertex  2.313124e+01  8.371766e+00  0.000000e+00
     vertex  2.279987e+01  8.117496e+00  0.000000e+00
     vertex  2.279987e+01  8.117496e+00  1.510000e+00
   endloop
 endfacet
 facet normal -7.933533e-01  6.087614e-01  0.000000e+00
   outer loop
     vertex  2.338551e+01  8.703137e+00  0.000000e+00
     vertex  2.313124e+01  8.371766e+00  1.510000e+00
     vertex  2.338551e+01  8.703137e+00  1.510000e+00
   endloop
 endfacet
 facet normal -7.933533e-01  6.087614e-01  0.000000e+00
   outer loop
     vertex  2.338551e+01  8.703137e+00  0.000000e+00
     vertex  2.313124e+01  8.371766e+00  0.000000e+00
     vertex  2.313124e+01  8.371766e+00  1.510000e+00
   endloop
 endfacet
 facet normal -9.238795e-01  3.826834e-01  0.000000e+00
   outer loop
     vertex  2.354535e+01  9.089027e+00  0.000000e+00
     vertex  2.338551e+01  8.703137e+00  1.510000e+00
     vertex  2.354535e+01  9.089027e+00  1.510000e+00
   endloop
 endfacet
 facet normal -9.238795e-01  3.826834e-01  0.000000e+00
   outer loop
     vertex  2.354535e+01  9.089027e+00  0.000000e+00
     vertex  2.338551e+01  8.703137e+00  0.000000e+00
     vertex  2.338551e+01  8.703137e+00  1.510000e+00
   endloop
 endfacet
 facet normal -9.914449e-01  1.305262e-01  0.000000e+00
   outer loop
     vertex  2.359987e+01  9.503137e+00  0.000000e+00
     vertex  2.354535e+01  9.089027e+00  1.510000e+00
     vertex  2.359987e+01  9.503137e+00  1.510000e+00
   endloop
 endfacet
 facet normal -9.914449e-01  1.305262e-01  0.000000e+00
   outer loop
     vertex  2.359987e+01  9.503137e+00  0.000000e+00
     vertex  2.354535e+01  9.089027e+00  0.000000e+00
     vertex  2.354535e+01  9.089027e+00  1.510000e+00
   endloop
 endfacet
 facet normal -9.914449e-01 -1.305262e-01  0.000000e+00
   outer loop
     vertex  2.354535e+01  9.917247e+00  0.000000e+00
     vertex  2.359987e+01  9.503137e+00  1.510000e+00
     vertex  2.354535e+01  9.917247e+00  1.510000e+00
   endloop
 endfacet
 facet normal -9.914449e-01 -1.305262e-01  0.000000e+00
   outer loop
     vertex  2.354535e+01  9.917247e+00  0.000000e+00
     vertex  2.359987e+01  9.503137e+00  0.000000e+00
     vertex  2.359987e+01  9.503137e+00  1.510000e+00
   endloop
 endfacet
 facet normal -9.238795e-01 -3.826834e-01  0.000000e+00
   outer loop
     vertex  2.338551e+01  1.030314e+01  0.000000e+00
     vertex  2.354535e+01  9.917247e+00  1.510000e+00
     vertex  2.338551e+01  1.030314e+01  1.510000e+00
   endloop
 endfacet
 facet normal -9.238795e-01 -3.826834e-01  0.000000e+00
   outer loop
     vertex  2.338551e+01  1.030314e+01  0.000000e+00
     vertex  2.354535e+01  9.917247e+00  0.000000e+00
     vertex  2.354535e+01  9.917247e+00  1.510000e+00
   endloop
 endfacet
 facet normal -7.933533e-01 -6.087614e-01  0.000000e+00
   outer loop
     vertex  2.313124e+01  1.063451e+01  0.000000e+00
     vertex  2.338551e+01  1.030314e+01  1.510000e+00
     vertex  2.313124e+01  1.063451e+01  1.510000e+00
   endloop
 endfacet
 facet normal -7.933533e-01 -6.087614e-01  0.000000e+00
   outer loop
     vertex  2.313124e+01  1.063451e+01  0.000000e+00
     vertex  2.338551e+01  1.030314e+01  0.000000e+00
     vertex  2.338551e+01  1.030314e+01  1.510000e+00
   endloop
 endfacet
 facet normal -6.087614e-01 -7.933533e-01  0.000000e+00
   outer loop
     vertex  2.279987e+01  1.088878e+01  0.000000e+00
     vertex  2.313124e+01  1.063451e+01  1.510000e+00
     vertex  2.279987e+01  1.088878e+01  1.510000e+00
   endloop
 endfacet
 facet normal -6.087614e-01 -7.933533e-01  0.000000e+00
   outer loop
     vertex  2.279987e+01  1.088878e+01  0.000000e+00
     vertex  2.313124e+01  1.063451e+01  0.000000e+00
     vertex  2.313124e+01  1.063451e+01  1.510000e+00
   endloop
 endfacet
 facet normal -3.826834e-01 -9.238795e-01  0.000000e+00
   outer loop
     vertex  2.241398e+01  1.104862e+01  0.000000e+00
     vertex  2.279987e+01  1.088878e+01  1.510000e+00
     vertex  2.241398e+01  1.104862e+01  1.510000e+00
   endloop
 endfacet
 facet normal -3.826834e-01 -9.238795e-01  0.000000e+00
   outer loop
     vertex  2.241398e+01  1.104862e+01  0.000000e+00
     vertex  2.279987e+01  1.088878e+01  0.000000e+00
     vertex  2.279987e+01  1.088878e+01  1.510000e+00
   endloop
 endfacet
 facet normal -1.305262e-01 -9.914449e-01  0.000000e+00
   outer loop
     vertex  2.199987e+01  1.110314e+01  0.000000e+00
     vertex  2.241398e+01  1.104862e+01  1.510000e+00
     vertex  2.199987e+01  1.110314e+01  1.510000e+00
   endloop
 endfacet
 facet normal -1.305262e-01 -9.914449e-01  0.000000e+00
   outer loop
     vertex  2.199987e+01  1.110314e+01  0.000000e+00
     vertex  2.241398e+01  1.104862e+01  0.000000e+00
     vertex  2.241398e+01  1.104862e+01  1.510000e+00
   endloop
 endfacet
 facet normal  1.305262e-01 -9.914449e-01  0.000000e+00
   outer loop
     vertex  2.158576e+01  1.104862e+01  0.000000e+00
     vertex  2.199987e+01  1.110314e+01  1.510000e+00
     vertex  2.158576e+01  1.104862e+01  1.510000e+00
   endloop
 endfacet
 facet normal  1.305262e-01 -9.914449e-01  0.000000e+00
   outer loop
     vertex  2.158576e+01  1.104862e+01  0.000000e+00
     vertex  2.199987e+01  1.110314e+01  0.000000e+00
     vertex  2.199987e+01  1.110314e+01  1.510000e+00
   endloop
 endfacet
 facet normal  3.826834e-01 -9.238795e-01  0.000000e+00
   outer loop
     vertex  2.119987e+01  1.088878e+01  0.000000e+00
     vertex  2.158576e+01  1.104862e+01  0.000000e+00
     vertex  2.158576e+01  1.104862e+01  1.510000e+00
   endloop
 endfacet
 facet normal  3.826834e-01 -9.238795e-01  0.000000e+00
   outer loop
     vertex  2.119987e+01  1.088878e+01  0.000000e+00
     vertex  2.158576e+01  1.104862e+01  1.510000e+00
     vertex  2.119987e+01  1.088878e+01  1.510000e+00
   endloop
 endfacet
 facet normal  6.087614e-01 -7.933533e-01  0.000000e+00
   outer loop
     vertex  2.086850e+01  1.063451e+01  0.000000e+00
     vertex  2.119987e+01  1.088878e+01  0.000000e+00
     vertex  2.119987e+01  1.088878e+01  1.510000e+00
   endloop
 endfacet
 facet normal  7.933533e-01 -6.087614e-01  0.000000e+00
   outer loop
     vertex  2.086850e+01  1.063451e+01  0.000000e+00
     vertex  2.086850e+01  1.063451e+01  1.510000e+00
     vertex  2.061423e+01  1.030314e+01  1.510000e+00
   endloop
 endfacet
 facet normal  6.087614e-01 -7.933533e-01  0.000000e+00
   outer loop
     vertex  2.086850e+01  1.063451e+01  0.000000e+00
     vertex  2.119987e+01  1.088878e+01  1.510000e+00
     vertex  2.086850e+01  1.063451e+01  1.510000e+00
   endloop
 endfacet
 facet normal  7.933533e-01 -6.087614e-01  0.000000e+00
   outer loop
     vertex  2.061423e+01  1.030314e+01  0.000000e+00
     vertex  2.086850e+01  1.063451e+01  0.000000e+00
     vertex  2.061423e+01  1.030314e+01  1.510000e+00
   endloop
 endfacet
 facet normal  9.238795e-01 -3.826834e-01  0.000000e+00
   outer loop
     vertex  2.061423e+01  1.030314e+01  0.000000e+00
     vertex  2.061423e+01  1.030314e+01  1.510000e+00
     vertex  2.045439e+01  9.917247e+00  1.510000e+00
   endloop
 endfacet
 facet normal  9.238795e-01 -3.826834e-01  0.000000e+00
   outer loop
     vertex  2.045439e+01  9.917247e+00  0.000000e+00
     vertex  2.061423e+01  1.030314e+01  0.000000e+00
     vertex  2.045439e+01  9.917247e+00  1.510000e+00
   endloop
 endfacet
 facet normal  9.914449e-01 -1.305262e-01  0.000000e+00
   outer loop
     vertex  2.039987e+01  9.503137e+00  0.000000e+00
     vertex  2.045439e+01  9.917247e+00  0.000000e+00
     vertex  2.045439e+01  9.917247e+00  1.510000e+00
   endloop
 endfacet
 facet normal  9.914449e-01 -1.305262e-01  0.000000e+00
   outer loop
     vertex  2.039987e+01  9.503137e+00  0.000000e+00
     vertex  2.045439e+01  9.917247e+00  1.510000e+00
     vertex  2.039987e+01  9.503137e+00  1.510000e+00
   endloop
 endfacet
 facet normal  9.914449e-01  1.305262e-01 -0.000000e+00
   outer loop
     vertex  2.045439e+01  9.089027e+00  0.000000e+00
     vertex  2.039987e+01  9.503137e+00  1.510000e+00
     vertex  2.045439e+01  9.089027e+00  1.510000e+00
   endloop
 endfacet
 facet normal  9.914449e-01  1.305262e-01  0.000000e+00
   outer loop
     vertex  2.045439e+01  9.089027e+00  0.000000e+00
     vertex  2.039987e+01  9.503137e+00  0.000000e+00
     vertex  2.039987e+01  9.503137e+00  1.510000e+00
   endloop
 endfacet
 facet normal  9.238795e-01  3.826834e-01 -0.000000e+00
   outer loop
     vertex  2.061423e+01  8.703137e+00  0.000000e+00
     vertex  2.045439e+01  9.089027e+00  1.510000e+00
     vertex  2.061423e+01  8.703137e+00  1.510000e+00
   endloop
 endfacet
 facet normal  9.238795e-01  3.826834e-01  0.000000e+00
   outer loop
     vertex  2.061423e+01  8.703137e+00  0.000000e+00
     vertex  2.045439e+01  9.089027e+00  0.000000e+00
     vertex  2.045439e+01  9.089027e+00  1.510000e+00
   endloop
 endfacet
 facet normal  6.087614e-01  7.933533e-01 -0.000000e+00
   outer loop
     vertex  2.086850e+01  8.371766e+00  0.000000e+00
     vertex  2.086850e+01  8.371766e+00  1.510000e+00
     vertex  2.119987e+01  8.117496e+00  1.510000e+00
   endloop
 endfacet
 facet normal  7.933533e-01  6.087614e-01 -0.000000e+00
   outer loop
     vertex  2.086850e+01  8.371766e+00  0.000000e+00
     vertex  2.061423e+01  8.703137e+00  1.510000e+00
     vertex  2.086850e+01  8.371766e+00  1.510000e+00
   endloop
 endfacet
 facet normal  7.933533e-01  6.087614e-01  0.000000e+00
   outer loop
     vertex  2.086850e+01  8.371766e+00  0.000000e+00
     vertex  2.061423e+01  8.703137e+00  0.000000e+00
     vertex  2.061423e+01  8.703137e+00  1.510000e+00
   endloop
 endfacet
 facet normal  6.087614e-01  7.933533e-01 -0.000000e+00
   outer loop
     vertex  2.119987e+01  8.117496e+00  0.000000e+00
     vertex  2.086850e+01  8.371766e+00  0.000000e+00
     vertex  2.119987e+01  8.117496e+00  1.510000e+00
   endloop
 endfacet
 facet normal  3.826834e-01  9.238795e-01 -0.000000e+00
   outer loop
     vertex  2.158576e+01  7.957656e+00  0.000000e+00
     vertex  2.119987e+01  8.117496e+00  1.510000e+00
     vertex  2.158576e+01  7.957656e+00  1.510000e+00
   endloop
 endfacet
 facet normal  3.826834e-01  9.238795e-01  0.000000e+00
   outer loop
     vertex  2.158576e+01  7.957656e+00  0.000000e+00
     vertex  2.119987e+01  8.117496e+00  0.000000e+00
     vertex  2.119987e+01  8.117496e+00  1.510000e+00
   endloop
 endfacet
 facet normal  1.305262e-01  9.914449e-01 -0.000000e+00
   outer loop
     vertex  2.199987e+01  7.903137e+00  0.000000e+00
     vertex  2.158576e+01  7.957656e+00  1.510000e+00
     vertex  2.199987e+01  7.903137e+00  1.510000e+00
   endloop
 endfacet
 facet normal  1.305262e-01  9.914449e-01  0.000000e+00
   outer loop
     vertex  2.199987e+01  7.903137e+00  0.000000e+00
     vertex  2.158576e+01  7.957656e+00  0.000000e+00
     vertex  2.158576e+01  7.957656e+00  1.510000e+00
   endloop
 endfacet
endsolid
