ISO-10303-21;
HEADER;
/* Generated by software containing ST-Developer
 * from STEP Tools, Inc. (www.steptools.com) 
 */
/* OPTION: strings as raw bytes, not using required /X/ escapes */

FILE_DESCRIPTION(
/* description */ ('Unknown'),
/* implementation_level */ '2;1');

FILE_NAME(
/* name */ '66200421022',
/* time_stamp */ '2024-11-12T17:08:42+01:00',
/* author */ ('Unknown'),
/* organization */ ('Unknown'),
/* preprocessor_version */ 'ST-DEVELOPER v19.4',
/* originating_system */ 'Solid Edge',
/* authorisation */ 'Unknown');

FILE_SCHEMA (('AUTOMOTIVE_DESIGN {1 0 10303 214 3 1 1}'));
ENDSEC;

DATA;
#10=PROPERTY_DEFINITION_REPRESENTATION(#14,#12);
#11=PROPERTY_DEFINITION_REPRESENTATION(#15,#13);
#12=REPRESENTATION('',(#16),#7994);
#13=REPRESENTATION('',(#17),#7994);
#14=PROPERTY_DEFINITION('pmi validation property','',#8005);
#15=PROPERTY_DEFINITION('pmi validation property','',#8005);
#16=VALUE_REPRESENTATION_ITEM('number of annotations',COUNT_MEASURE(0.));
#17=VALUE_REPRESENTATION_ITEM('number of views',COUNT_MEASURE(0.));
#18=CONTEXT_DEPENDENT_SHAPE_REPRESENTATION(#28,#8007);
#19=CONTEXT_DEPENDENT_SHAPE_REPRESENTATION(#29,#8009);
#20=CONTEXT_DEPENDENT_SHAPE_REPRESENTATION(#30,#8011);
#21=CONTEXT_DEPENDENT_SHAPE_REPRESENTATION(#31,#8012);
#22=CONTEXT_DEPENDENT_SHAPE_REPRESENTATION(#32,#8013);
#23=NEXT_ASSEMBLY_USAGE_OCCURRENCE('66200421022','66200421022',
'66200421022',#8014,#8015,'');
#24=NEXT_ASSEMBLY_USAGE_OCCURRENCE('6620xx21022_PIN_COURTE',
'6620xx21022_PIN_COURTE','6620xx21022_PIN_COURTE',#8014,#8016,'');
#25=NEXT_ASSEMBLY_USAGE_OCCURRENCE('6620xx21022_PIN_LONGUE',
'6620xx21022_PIN_LONGUE','6620xx21022_PIN_LONGUE',#8014,#8017,'');
#26=NEXT_ASSEMBLY_USAGE_OCCURRENCE('6620xx21022_PIN_COURTE',
'6620xx21022_PIN_COURTE','6620xx21022_PIN_COURTE',#8014,#8016,'');
#27=NEXT_ASSEMBLY_USAGE_OCCURRENCE('6620xx21022_PIN_LONGUE',
'6620xx21022_PIN_LONGUE','6620xx21022_PIN_LONGUE',#8014,#8017,'');
#28=(
REPRESENTATION_RELATIONSHIP(' ',' ',#5007,#5008)
REPRESENTATION_RELATIONSHIP_WITH_TRANSFORMATION(#33)
SHAPE_REPRESENTATION_RELATIONSHIP()
);
#29=(
REPRESENTATION_RELATIONSHIP(' ',' ',#5009,#5008)
REPRESENTATION_RELATIONSHIP_WITH_TRANSFORMATION(#34)
SHAPE_REPRESENTATION_RELATIONSHIP()
);
#30=(
REPRESENTATION_RELATIONSHIP(' ',' ',#5010,#5008)
REPRESENTATION_RELATIONSHIP_WITH_TRANSFORMATION(#35)
SHAPE_REPRESENTATION_RELATIONSHIP()
);
#31=(
REPRESENTATION_RELATIONSHIP(' ',' ',#5009,#5008)
REPRESENTATION_RELATIONSHIP_WITH_TRANSFORMATION(#36)
SHAPE_REPRESENTATION_RELATIONSHIP()
);
#32=(
REPRESENTATION_RELATIONSHIP(' ',' ',#5010,#5008)
REPRESENTATION_RELATIONSHIP_WITH_TRANSFORMATION(#37)
SHAPE_REPRESENTATION_RELATIONSHIP()
);
#33=ITEM_DEFINED_TRANSFORMATION(' ',' ',#5011,#5255);
#34=ITEM_DEFINED_TRANSFORMATION(' ',' ',#5011,#5278);
#35=ITEM_DEFINED_TRANSFORMATION(' ',' ',#5011,#5301);
#36=ITEM_DEFINED_TRANSFORMATION(' ',' ',#5011,#5302);
#37=ITEM_DEFINED_TRANSFORMATION(' ',' ',#5011,#5303);
#38=SHAPE_REPRESENTATION_RELATIONSHIP('','',#5007,#41);
#39=SHAPE_REPRESENTATION_RELATIONSHIP('','',#5009,#42);
#40=SHAPE_REPRESENTATION_RELATIONSHIP('','',#5010,#43);
#41=ADVANCED_BREP_SHAPE_REPRESENTATION('',(#5000),#7995);
#42=ADVANCED_BREP_SHAPE_REPRESENTATION('',(#5001),#7996);
#43=ADVANCED_BREP_SHAPE_REPRESENTATION('',(#5002),#7997);
#44=TOROIDAL_SURFACE('',#5127,0.542877674697479,0.12);
#45=TOROIDAL_SURFACE('',#5180,0.542877674697479,0.12);
#46=CONICAL_SURFACE('',#5125,0.607999999999997,0.576375220591183);
#47=CONICAL_SURFACE('',#5178,0.607999999999997,0.576375220591183);
#48=B_SPLINE_CURVE_WITH_KNOTS('',3,(#7408,#7409,#7410,#7411),
 .UNSPECIFIED.,.F.,.F.,(4,4),(0.,0.00100886718645109),.UNSPECIFIED.);
#49=B_SPLINE_CURVE_WITH_KNOTS('',3,(#7413,#7414,#7415,#7416),
 .UNSPECIFIED.,.F.,.F.,(4,4),(1.06229684024259E-18,0.00100886718645109),
 .UNSPECIFIED.);
#50=B_SPLINE_CURVE_WITH_KNOTS('',3,(#7420,#7421,#7422,#7423),
 .UNSPECIFIED.,.F.,.F.,(4,4),(0.,0.000133550725120526),.UNSPECIFIED.);
#51=B_SPLINE_CURVE_WITH_KNOTS('',3,(#7425,#7426,#7427,#7428),
 .UNSPECIFIED.,.F.,.F.,(4,4),(1.0842021724855E-19,0.000178722385885025),
 .UNSPECIFIED.);
#52=B_SPLINE_CURVE_WITH_KNOTS('',3,(#7430,#7431,#7432,#7433),
 .UNSPECIFIED.,.F.,.F.,(4,4),(2.71050543121376E-20,0.000178722385885022),
 .UNSPECIFIED.);
#53=B_SPLINE_CURVE_WITH_KNOTS('',3,(#7435,#7436,#7437,#7438),
 .UNSPECIFIED.,.F.,.F.,(4,4),(0.000187865136591212,0.00032132564234718),
 .UNSPECIFIED.);
#54=B_SPLINE_CURVE_WITH_KNOTS('',3,(#7571,#7572,#7573,#7574),
 .UNSPECIFIED.,.F.,.F.,(4,4),(1.06229684024259E-18,0.00100886718645109),
 .UNSPECIFIED.);
#55=B_SPLINE_CURVE_WITH_KNOTS('',3,(#7580,#7581,#7582,#7583),
 .UNSPECIFIED.,.F.,.F.,(4,4),(0.,0.00100886718645109),.UNSPECIFIED.);
#56=B_SPLINE_CURVE_WITH_KNOTS('',3,(#7585,#7586,#7587,#7588),
 .UNSPECIFIED.,.F.,.F.,(4,4),(0.,0.000178722385885022),.UNSPECIFIED.);
#57=B_SPLINE_CURVE_WITH_KNOTS('',3,(#7590,#7591,#7592,#7593),
 .UNSPECIFIED.,.F.,.F.,(4,4),(0.000187865136591212,0.00032132564234718),
 .UNSPECIFIED.);
#58=B_SPLINE_CURVE_WITH_KNOTS('',3,(#7595,#7596,#7597,#7598),
 .UNSPECIFIED.,.F.,.F.,(4,4),(0.,0.000133550725120527),.UNSPECIFIED.);
#59=B_SPLINE_CURVE_WITH_KNOTS('',3,(#7600,#7601,#7602,#7603),
 .UNSPECIFIED.,.F.,.F.,(4,4),(6.7762635780344E-20,0.000178722385885024),
 .UNSPECIFIED.);
#60=CYLINDRICAL_SURFACE('',#5113,0.96);
#61=CYLINDRICAL_SURFACE('',#5115,1.258);
#62=CYLINDRICAL_SURFACE('',#5123,0.28);
#63=CYLINDRICAL_SURFACE('',#5124,0.28);
#64=CYLINDRICAL_SURFACE('',#5165,0.96);
#65=CYLINDRICAL_SURFACE('',#5168,1.258);
#66=CYLINDRICAL_SURFACE('',#5176,0.28);
#67=CYLINDRICAL_SURFACE('',#5177,0.28);
#68=CYLINDRICAL_SURFACE('',#5183,1.);
#69=CYLINDRICAL_SURFACE('',#5199,0.3);
#70=CYLINDRICAL_SURFACE('',#5200,0.3);
#71=CYLINDRICAL_SURFACE('',#5201,0.3);
#72=CYLINDRICAL_SURFACE('',#5202,0.3);
#73=CYLINDRICAL_SURFACE('',#5220,0.3);
#74=CYLINDRICAL_SURFACE('',#5221,0.3);
#75=CYLINDRICAL_SURFACE('',#5222,0.3);
#76=CYLINDRICAL_SURFACE('',#5223,0.3);
#77=CYLINDRICAL_SURFACE('',#5258,1.);
#78=CYLINDRICAL_SURFACE('',#5264,0.36);
#79=CYLINDRICAL_SURFACE('',#5281,1.);
#80=CYLINDRICAL_SURFACE('',#5287,0.36);
#81=CIRCLE('',#5030,0.3);
#82=CIRCLE('',#5032,0.3);
#83=CIRCLE('',#5038,0.3);
#84=CIRCLE('',#5039,0.3);
#85=CIRCLE('',#5041,0.3);
#86=CIRCLE('',#5042,0.3);
#87=CIRCLE('',#5046,0.96);
#88=CIRCLE('',#5053,0.96);
#89=CIRCLE('',#5066,0.28);
#90=CIRCLE('',#5067,0.28);
#91=CIRCLE('',#5070,0.96);
#92=CIRCLE('',#5079,0.3);
#93=CIRCLE('',#5088,0.3);
#94=CIRCLE('',#5092,0.3);
#95=CIRCLE('',#5093,0.3);
#96=CIRCLE('',#5094,0.3);
#97=CIRCLE('',#5095,0.3);
#98=CIRCLE('',#5114,0.96);
#99=CIRCLE('',#5116,1.258);
#100=CIRCLE('',#5117,1.258);
#101=CIRCLE('',#5119,0.542877674697479);
#102=CIRCLE('',#5126,0.643490908653555);
#103=CIRCLE('',#5131,0.28);
#104=CIRCLE('',#5132,0.28);
#105=CIRCLE('',#5134,0.96);
#106=CIRCLE('',#5166,0.96);
#107=CIRCLE('',#5169,1.258);
#108=CIRCLE('',#5170,1.258);
#109=CIRCLE('',#5172,0.542877674697479);
#110=CIRCLE('',#5179,0.643490908653555);
#111=CIRCLE('',#5184,1.);
#112=CIRCLE('',#5185,1.);
#113=CIRCLE('',#5192,0.3);
#114=CIRCLE('',#5193,0.3);
#115=CIRCLE('',#5194,0.3);
#116=CIRCLE('',#5195,0.3);
#117=CIRCLE('',#5259,1.);
#118=CIRCLE('',#5260,1.);
#119=CIRCLE('',#5265,0.36);
#120=CIRCLE('',#5266,0.36);
#121=CIRCLE('',#5282,1.);
#122=CIRCLE('',#5283,1.);
#123=CIRCLE('',#5288,0.36);
#124=CIRCLE('',#5289,0.36);
#125=ORIENTED_EDGE('',*,*,#1537,.T.);
#126=ORIENTED_EDGE('',*,*,#1538,.T.);
#127=ORIENTED_EDGE('',*,*,#1539,.T.);
#128=ORIENTED_EDGE('',*,*,#1540,.F.);
#129=ORIENTED_EDGE('',*,*,#1541,.T.);
#130=ORIENTED_EDGE('',*,*,#1542,.T.);
#131=ORIENTED_EDGE('',*,*,#1543,.T.);
#132=ORIENTED_EDGE('',*,*,#1544,.F.);
#133=ORIENTED_EDGE('',*,*,#1545,.T.);
#134=ORIENTED_EDGE('',*,*,#1546,.T.);
#135=ORIENTED_EDGE('',*,*,#1547,.T.);
#136=ORIENTED_EDGE('',*,*,#1548,.F.);
#137=ORIENTED_EDGE('',*,*,#1549,.T.);
#138=ORIENTED_EDGE('',*,*,#1550,.T.);
#139=ORIENTED_EDGE('',*,*,#1551,.T.);
#140=ORIENTED_EDGE('',*,*,#1552,.F.);
#141=ORIENTED_EDGE('',*,*,#1553,.F.);
#142=ORIENTED_EDGE('',*,*,#1554,.F.);
#143=ORIENTED_EDGE('',*,*,#1555,.T.);
#144=ORIENTED_EDGE('',*,*,#1556,.F.);
#145=ORIENTED_EDGE('',*,*,#1557,.F.);
#146=ORIENTED_EDGE('',*,*,#1558,.T.);
#147=ORIENTED_EDGE('',*,*,#1559,.T.);
#148=ORIENTED_EDGE('',*,*,#1560,.T.);
#149=ORIENTED_EDGE('',*,*,#1561,.T.);
#150=ORIENTED_EDGE('',*,*,#1562,.F.);
#151=ORIENTED_EDGE('',*,*,#1563,.F.);
#152=ORIENTED_EDGE('',*,*,#1564,.F.);
#153=ORIENTED_EDGE('',*,*,#1565,.T.);
#154=ORIENTED_EDGE('',*,*,#1566,.F.);
#155=ORIENTED_EDGE('',*,*,#1567,.F.);
#156=ORIENTED_EDGE('',*,*,#1568,.F.);
#157=ORIENTED_EDGE('',*,*,#1569,.T.);
#158=ORIENTED_EDGE('',*,*,#1570,.T.);
#159=ORIENTED_EDGE('',*,*,#1571,.T.);
#160=ORIENTED_EDGE('',*,*,#1572,.T.);
#161=ORIENTED_EDGE('',*,*,#1547,.F.);
#162=ORIENTED_EDGE('',*,*,#1573,.T.);
#163=ORIENTED_EDGE('',*,*,#1556,.T.);
#164=ORIENTED_EDGE('',*,*,#1574,.T.);
#165=ORIENTED_EDGE('',*,*,#1575,.T.);
#166=ORIENTED_EDGE('',*,*,#1576,.F.);
#167=ORIENTED_EDGE('',*,*,#1577,.F.);
#168=ORIENTED_EDGE('',*,*,#1578,.T.);
#169=ORIENTED_EDGE('',*,*,#1579,.T.);
#170=ORIENTED_EDGE('',*,*,#1580,.F.);
#171=ORIENTED_EDGE('',*,*,#1568,.T.);
#172=ORIENTED_EDGE('',*,*,#1581,.T.);
#173=ORIENTED_EDGE('',*,*,#1545,.F.);
#174=ORIENTED_EDGE('',*,*,#1582,.T.);
#175=ORIENTED_EDGE('',*,*,#1583,.T.);
#176=ORIENTED_EDGE('',*,*,#1584,.F.);
#177=ORIENTED_EDGE('',*,*,#1585,.F.);
#178=ORIENTED_EDGE('',*,*,#1586,.T.);
#179=ORIENTED_EDGE('',*,*,#1587,.T.);
#180=ORIENTED_EDGE('',*,*,#1588,.T.);
#181=ORIENTED_EDGE('',*,*,#1539,.F.);
#182=ORIENTED_EDGE('',*,*,#1589,.T.);
#183=ORIENTED_EDGE('',*,*,#1562,.T.);
#184=ORIENTED_EDGE('',*,*,#1590,.T.);
#185=ORIENTED_EDGE('',*,*,#1591,.T.);
#186=ORIENTED_EDGE('',*,*,#1592,.F.);
#187=ORIENTED_EDGE('',*,*,#1593,.F.);
#188=ORIENTED_EDGE('',*,*,#1594,.T.);
#189=ORIENTED_EDGE('',*,*,#1595,.T.);
#190=ORIENTED_EDGE('',*,*,#1596,.F.);
#191=ORIENTED_EDGE('',*,*,#1564,.T.);
#192=ORIENTED_EDGE('',*,*,#1597,.T.);
#193=ORIENTED_EDGE('',*,*,#1537,.F.);
#194=ORIENTED_EDGE('',*,*,#1598,.T.);
#195=ORIENTED_EDGE('',*,*,#1599,.T.);
#196=ORIENTED_EDGE('',*,*,#1600,.F.);
#197=ORIENTED_EDGE('',*,*,#1601,.F.);
#198=ORIENTED_EDGE('',*,*,#1602,.T.);
#199=ORIENTED_EDGE('',*,*,#1603,.T.);
#200=ORIENTED_EDGE('',*,*,#1604,.T.);
#201=ORIENTED_EDGE('',*,*,#1605,.F.);
#202=ORIENTED_EDGE('',*,*,#1606,.F.);
#203=ORIENTED_EDGE('',*,*,#1607,.T.);
#204=ORIENTED_EDGE('',*,*,#1608,.F.);
#205=ORIENTED_EDGE('',*,*,#1609,.F.);
#206=ORIENTED_EDGE('',*,*,#1593,.T.);
#207=ORIENTED_EDGE('',*,*,#1610,.T.);
#208=ORIENTED_EDGE('',*,*,#1601,.T.);
#209=ORIENTED_EDGE('',*,*,#1611,.T.);
#210=ORIENTED_EDGE('',*,*,#1612,.T.);
#211=ORIENTED_EDGE('',*,*,#1613,.F.);
#212=ORIENTED_EDGE('',*,*,#1614,.F.);
#213=ORIENTED_EDGE('',*,*,#1615,.F.);
#214=ORIENTED_EDGE('',*,*,#1616,.T.);
#215=ORIENTED_EDGE('',*,*,#1617,.T.);
#216=ORIENTED_EDGE('',*,*,#1618,.F.);
#217=ORIENTED_EDGE('',*,*,#1619,.F.);
#218=ORIENTED_EDGE('',*,*,#1620,.F.);
#219=ORIENTED_EDGE('',*,*,#1621,.T.);
#220=ORIENTED_EDGE('',*,*,#1622,.T.);
#221=ORIENTED_EDGE('',*,*,#1623,.T.);
#222=ORIENTED_EDGE('',*,*,#1624,.T.);
#223=ORIENTED_EDGE('',*,*,#1625,.F.);
#224=ORIENTED_EDGE('',*,*,#1626,.T.);
#225=ORIENTED_EDGE('',*,*,#1627,.T.);
#226=ORIENTED_EDGE('',*,*,#1628,.T.);
#227=ORIENTED_EDGE('',*,*,#1629,.F.);
#228=ORIENTED_EDGE('',*,*,#1630,.F.);
#229=ORIENTED_EDGE('',*,*,#1631,.T.);
#230=ORIENTED_EDGE('',*,*,#1632,.T.);
#231=ORIENTED_EDGE('',*,*,#1613,.T.);
#232=ORIENTED_EDGE('',*,*,#1633,.T.);
#233=ORIENTED_EDGE('',*,*,#1590,.F.);
#234=ORIENTED_EDGE('',*,*,#1561,.F.);
#235=ORIENTED_EDGE('',*,*,#1634,.T.);
#236=ORIENTED_EDGE('',*,*,#1635,.T.);
#237=ORIENTED_EDGE('',*,*,#1636,.T.);
#238=ORIENTED_EDGE('',*,*,#1637,.F.);
#239=ORIENTED_EDGE('',*,*,#1638,.T.);
#240=ORIENTED_EDGE('',*,*,#1639,.T.);
#241=ORIENTED_EDGE('',*,*,#1625,.T.);
#242=ORIENTED_EDGE('',*,*,#1640,.F.);
#243=ORIENTED_EDGE('',*,*,#1641,.T.);
#244=ORIENTED_EDGE('',*,*,#1642,.T.);
#245=ORIENTED_EDGE('',*,*,#1643,.T.);
#246=ORIENTED_EDGE('',*,*,#1644,.F.);
#247=ORIENTED_EDGE('',*,*,#1645,.F.);
#248=ORIENTED_EDGE('',*,*,#1646,.T.);
#249=ORIENTED_EDGE('',*,*,#1621,.F.);
#250=ORIENTED_EDGE('',*,*,#1647,.F.);
#251=ORIENTED_EDGE('',*,*,#1577,.T.);
#252=ORIENTED_EDGE('',*,*,#1648,.T.);
#253=ORIENTED_EDGE('',*,*,#1585,.T.);
#254=ORIENTED_EDGE('',*,*,#1649,.F.);
#255=ORIENTED_EDGE('',*,*,#1650,.T.);
#256=ORIENTED_EDGE('',*,*,#1651,.T.);
#257=ORIENTED_EDGE('',*,*,#1652,.T.);
#258=ORIENTED_EDGE('',*,*,#1653,.F.);
#259=ORIENTED_EDGE('',*,*,#1654,.F.);
#260=ORIENTED_EDGE('',*,*,#1655,.T.);
#261=ORIENTED_EDGE('',*,*,#1656,.F.);
#262=ORIENTED_EDGE('',*,*,#1657,.T.);
#263=ORIENTED_EDGE('',*,*,#1658,.T.);
#264=ORIENTED_EDGE('',*,*,#1659,.F.);
#265=ORIENTED_EDGE('',*,*,#1660,.T.);
#266=ORIENTED_EDGE('',*,*,#1604,.F.);
#267=ORIENTED_EDGE('',*,*,#1661,.T.);
#268=ORIENTED_EDGE('',*,*,#1649,.T.);
#269=ORIENTED_EDGE('',*,*,#1662,.T.);
#270=ORIENTED_EDGE('',*,*,#1574,.F.);
#271=ORIENTED_EDGE('',*,*,#1555,.F.);
#272=ORIENTED_EDGE('',*,*,#1663,.F.);
#273=ORIENTED_EDGE('',*,*,#1664,.F.);
#274=ORIENTED_EDGE('',*,*,#1665,.T.);
#275=ORIENTED_EDGE('',*,*,#1565,.F.);
#276=ORIENTED_EDGE('',*,*,#1659,.T.);
#277=ORIENTED_EDGE('',*,*,#1666,.T.);
#278=ORIENTED_EDGE('',*,*,#1667,.T.);
#279=ORIENTED_EDGE('',*,*,#1655,.F.);
#280=ORIENTED_EDGE('',*,*,#1668,.F.);
#281=ORIENTED_EDGE('',*,*,#1669,.F.);
#282=ORIENTED_EDGE('',*,*,#1670,.T.);
#283=ORIENTED_EDGE('',*,*,#1607,.F.);
#284=ORIENTED_EDGE('',*,*,#1671,.T.);
#285=ORIENTED_EDGE('',*,*,#1672,.T.);
#286=ORIENTED_EDGE('',*,*,#1673,.F.);
#287=ORIENTED_EDGE('',*,*,#1674,.F.);
#288=ORIENTED_EDGE('',*,*,#1675,.T.);
#289=ORIENTED_EDGE('',*,*,#1676,.T.);
#290=ORIENTED_EDGE('',*,*,#1677,.T.);
#291=ORIENTED_EDGE('',*,*,#1678,.T.);
#292=ORIENTED_EDGE('',*,*,#1617,.F.);
#293=ORIENTED_EDGE('',*,*,#1679,.T.);
#294=ORIENTED_EDGE('',*,*,#1680,.T.);
#295=ORIENTED_EDGE('',*,*,#1681,.F.);
#296=ORIENTED_EDGE('',*,*,#1682,.F.);
#297=ORIENTED_EDGE('',*,*,#1683,.T.);
#298=ORIENTED_EDGE('',*,*,#1684,.F.);
#299=ORIENTED_EDGE('',*,*,#1685,.T.);
#300=ORIENTED_EDGE('',*,*,#1686,.T.);
#301=ORIENTED_EDGE('',*,*,#1687,.T.);
#302=ORIENTED_EDGE('',*,*,#1682,.T.);
#303=ORIENTED_EDGE('',*,*,#1688,.F.);
#304=ORIENTED_EDGE('',*,*,#1689,.F.);
#305=ORIENTED_EDGE('',*,*,#1690,.F.);
#306=ORIENTED_EDGE('',*,*,#1691,.F.);
#307=ORIENTED_EDGE('',*,*,#1692,.T.);
#308=ORIENTED_EDGE('',*,*,#1693,.T.);
#309=ORIENTED_EDGE('',*,*,#1694,.F.);
#310=ORIENTED_EDGE('',*,*,#1695,.F.);
#311=ORIENTED_EDGE('',*,*,#1696,.T.);
#312=ORIENTED_EDGE('',*,*,#1697,.F.);
#313=ORIENTED_EDGE('',*,*,#1698,.F.);
#314=ORIENTED_EDGE('',*,*,#1699,.F.);
#315=ORIENTED_EDGE('',*,*,#1700,.T.);
#316=ORIENTED_EDGE('',*,*,#1701,.T.);
#317=ORIENTED_EDGE('',*,*,#1702,.T.);
#318=ORIENTED_EDGE('',*,*,#1703,.T.);
#319=ORIENTED_EDGE('',*,*,#1704,.T.);
#320=ORIENTED_EDGE('',*,*,#1705,.T.);
#321=ORIENTED_EDGE('',*,*,#1706,.T.);
#322=ORIENTED_EDGE('',*,*,#1707,.T.);
#323=ORIENTED_EDGE('',*,*,#1708,.T.);
#324=ORIENTED_EDGE('',*,*,#1709,.T.);
#325=ORIENTED_EDGE('',*,*,#1710,.T.);
#326=ORIENTED_EDGE('',*,*,#1711,.T.);
#327=ORIENTED_EDGE('',*,*,#1690,.T.);
#328=ORIENTED_EDGE('',*,*,#1712,.F.);
#329=ORIENTED_EDGE('',*,*,#1713,.T.);
#330=ORIENTED_EDGE('',*,*,#1714,.T.);
#331=ORIENTED_EDGE('',*,*,#1715,.T.);
#332=ORIENTED_EDGE('',*,*,#1716,.F.);
#333=ORIENTED_EDGE('',*,*,#1717,.T.);
#334=ORIENTED_EDGE('',*,*,#1718,.T.);
#335=ORIENTED_EDGE('',*,*,#1719,.T.);
#336=ORIENTED_EDGE('',*,*,#1720,.T.);
#337=ORIENTED_EDGE('',*,*,#1721,.T.);
#338=ORIENTED_EDGE('',*,*,#1722,.T.);
#339=ORIENTED_EDGE('',*,*,#1698,.T.);
#340=ORIENTED_EDGE('',*,*,#1723,.F.);
#341=ORIENTED_EDGE('',*,*,#1724,.F.);
#342=ORIENTED_EDGE('',*,*,#1725,.T.);
#343=ORIENTED_EDGE('',*,*,#1726,.T.);
#344=ORIENTED_EDGE('',*,*,#1727,.T.);
#345=ORIENTED_EDGE('',*,*,#1728,.T.);
#346=ORIENTED_EDGE('',*,*,#1729,.F.);
#347=ORIENTED_EDGE('',*,*,#1730,.F.);
#348=ORIENTED_EDGE('',*,*,#1731,.T.);
#349=ORIENTED_EDGE('',*,*,#1732,.F.);
#350=ORIENTED_EDGE('',*,*,#1733,.F.);
#351=ORIENTED_EDGE('',*,*,#1696,.F.);
#352=ORIENTED_EDGE('',*,*,#1734,.F.);
#353=ORIENTED_EDGE('',*,*,#1735,.F.);
#354=ORIENTED_EDGE('',*,*,#1736,.F.);
#355=ORIENTED_EDGE('',*,*,#1737,.F.);
#356=ORIENTED_EDGE('',*,*,#1738,.T.);
#357=ORIENTED_EDGE('',*,*,#1739,.T.);
#358=ORIENTED_EDGE('',*,*,#1740,.F.);
#359=ORIENTED_EDGE('',*,*,#1741,.T.);
#360=ORIENTED_EDGE('',*,*,#1742,.T.);
#361=ORIENTED_EDGE('',*,*,#1743,.T.);
#362=ORIENTED_EDGE('',*,*,#1744,.F.);
#363=ORIENTED_EDGE('',*,*,#1745,.F.);
#364=ORIENTED_EDGE('',*,*,#1746,.F.);
#365=ORIENTED_EDGE('',*,*,#1747,.F.);
#366=ORIENTED_EDGE('',*,*,#1748,.F.);
#367=ORIENTED_EDGE('',*,*,#1749,.F.);
#368=ORIENTED_EDGE('',*,*,#1750,.F.);
#369=ORIENTED_EDGE('',*,*,#1751,.F.);
#370=ORIENTED_EDGE('',*,*,#1752,.F.);
#371=ORIENTED_EDGE('',*,*,#1753,.T.);
#372=ORIENTED_EDGE('',*,*,#1754,.T.);
#373=ORIENTED_EDGE('',*,*,#1712,.T.);
#374=ORIENTED_EDGE('',*,*,#1689,.T.);
#375=ORIENTED_EDGE('',*,*,#1755,.F.);
#376=ORIENTED_EDGE('',*,*,#1756,.T.);
#377=ORIENTED_EDGE('',*,*,#1757,.T.);
#378=ORIENTED_EDGE('',*,*,#1758,.F.);
#379=ORIENTED_EDGE('',*,*,#1759,.F.);
#380=ORIENTED_EDGE('',*,*,#1760,.F.);
#381=ORIENTED_EDGE('',*,*,#1761,.F.);
#382=ORIENTED_EDGE('',*,*,#1762,.F.);
#383=ORIENTED_EDGE('',*,*,#1763,.T.);
#384=ORIENTED_EDGE('',*,*,#1764,.T.);
#385=ORIENTED_EDGE('',*,*,#1765,.T.);
#386=ORIENTED_EDGE('',*,*,#1766,.T.);
#387=ORIENTED_EDGE('',*,*,#1767,.F.);
#388=ORIENTED_EDGE('',*,*,#1768,.F.);
#389=ORIENTED_EDGE('',*,*,#1761,.T.);
#390=ORIENTED_EDGE('',*,*,#1769,.T.);
#391=ORIENTED_EDGE('',*,*,#1770,.T.);
#392=ORIENTED_EDGE('',*,*,#1771,.T.);
#393=ORIENTED_EDGE('',*,*,#1772,.T.);
#394=ORIENTED_EDGE('',*,*,#1643,.F.);
#395=ORIENTED_EDGE('',*,*,#1773,.T.);
#396=ORIENTED_EDGE('',*,*,#1774,.T.);
#397=ORIENTED_EDGE('',*,*,#1775,.T.);
#398=ORIENTED_EDGE('',*,*,#1776,.F.);
#399=ORIENTED_EDGE('',*,*,#1777,.T.);
#400=ORIENTED_EDGE('',*,*,#1778,.T.);
#401=ORIENTED_EDGE('',*,*,#1614,.T.);
#402=ORIENTED_EDGE('',*,*,#1637,.T.);
#403=ORIENTED_EDGE('',*,*,#1779,.T.);
#404=ORIENTED_EDGE('',*,*,#1780,.T.);
#405=ORIENTED_EDGE('',*,*,#1781,.T.);
#406=ORIENTED_EDGE('',*,*,#1782,.T.);
#407=ORIENTED_EDGE('',*,*,#1783,.T.);
#408=ORIENTED_EDGE('',*,*,#1784,.T.);
#409=ORIENTED_EDGE('',*,*,#1785,.T.);
#410=ORIENTED_EDGE('',*,*,#1786,.T.);
#411=ORIENTED_EDGE('',*,*,#1787,.T.);
#412=ORIENTED_EDGE('',*,*,#1788,.T.);
#413=ORIENTED_EDGE('',*,*,#1789,.F.);
#414=ORIENTED_EDGE('',*,*,#1790,.F.);
#415=ORIENTED_EDGE('',*,*,#1791,.F.);
#416=ORIENTED_EDGE('',*,*,#1792,.F.);
#417=ORIENTED_EDGE('',*,*,#1793,.F.);
#418=ORIENTED_EDGE('',*,*,#1794,.F.);
#419=ORIENTED_EDGE('',*,*,#1795,.F.);
#420=ORIENTED_EDGE('',*,*,#1796,.F.);
#421=ORIENTED_EDGE('',*,*,#1797,.F.);
#422=ORIENTED_EDGE('',*,*,#1635,.F.);
#423=ORIENTED_EDGE('',*,*,#1798,.T.);
#424=ORIENTED_EDGE('',*,*,#1799,.F.);
#425=ORIENTED_EDGE('',*,*,#1800,.T.);
#426=ORIENTED_EDGE('',*,*,#1801,.T.);
#427=ORIENTED_EDGE('',*,*,#1802,.T.);
#428=ORIENTED_EDGE('',*,*,#1645,.T.);
#429=ORIENTED_EDGE('',*,*,#1803,.F.);
#430=ORIENTED_EDGE('',*,*,#1804,.F.);
#431=ORIENTED_EDGE('',*,*,#1805,.F.);
#432=ORIENTED_EDGE('',*,*,#1806,.F.);
#433=ORIENTED_EDGE('',*,*,#1763,.F.);
#434=ORIENTED_EDGE('',*,*,#1807,.F.);
#435=ORIENTED_EDGE('',*,*,#1778,.F.);
#436=ORIENTED_EDGE('',*,*,#1808,.T.);
#437=ORIENTED_EDGE('',*,*,#1809,.T.);
#438=ORIENTED_EDGE('',*,*,#1810,.T.);
#439=ORIENTED_EDGE('',*,*,#1615,.T.);
#440=ORIENTED_EDGE('',*,*,#1811,.T.);
#441=ORIENTED_EDGE('',*,*,#1812,.T.);
#442=ORIENTED_EDGE('',*,*,#1813,.F.);
#443=ORIENTED_EDGE('',*,*,#1814,.F.);
#444=ORIENTED_EDGE('',*,*,#1815,.T.);
#445=ORIENTED_EDGE('',*,*,#1816,.T.);
#446=ORIENTED_EDGE('',*,*,#1817,.F.);
#447=ORIENTED_EDGE('',*,*,#1818,.F.);
#448=ORIENTED_EDGE('',*,*,#1819,.T.);
#449=ORIENTED_EDGE('',*,*,#1820,.T.);
#450=ORIENTED_EDGE('',*,*,#1821,.F.);
#451=ORIENTED_EDGE('',*,*,#1822,.T.);
#452=ORIENTED_EDGE('',*,*,#1823,.T.);
#453=ORIENTED_EDGE('',*,*,#1824,.T.);
#454=ORIENTED_EDGE('',*,*,#1629,.T.);
#455=ORIENTED_EDGE('',*,*,#1825,.T.);
#456=ORIENTED_EDGE('',*,*,#1826,.T.);
#457=ORIENTED_EDGE('',*,*,#1827,.T.);
#458=ORIENTED_EDGE('',*,*,#1828,.T.);
#459=ORIENTED_EDGE('',*,*,#1829,.T.);
#460=ORIENTED_EDGE('',*,*,#1830,.T.);
#461=ORIENTED_EDGE('',*,*,#1831,.T.);
#462=ORIENTED_EDGE('',*,*,#1832,.T.);
#463=ORIENTED_EDGE('',*,*,#1833,.T.);
#464=ORIENTED_EDGE('',*,*,#1834,.T.);
#465=ORIENTED_EDGE('',*,*,#1835,.T.);
#466=ORIENTED_EDGE('',*,*,#1817,.T.);
#467=ORIENTED_EDGE('',*,*,#1836,.T.);
#468=ORIENTED_EDGE('',*,*,#1837,.T.);
#469=ORIENTED_EDGE('',*,*,#1838,.F.);
#470=ORIENTED_EDGE('',*,*,#1839,.F.);
#471=ORIENTED_EDGE('',*,*,#1840,.T.);
#472=ORIENTED_EDGE('',*,*,#1841,.T.);
#473=ORIENTED_EDGE('',*,*,#1842,.T.);
#474=ORIENTED_EDGE('',*,*,#1843,.F.);
#475=ORIENTED_EDGE('',*,*,#1844,.T.);
#476=ORIENTED_EDGE('',*,*,#1845,.F.);
#477=ORIENTED_EDGE('',*,*,#1846,.F.);
#478=ORIENTED_EDGE('',*,*,#1847,.F.);
#479=ORIENTED_EDGE('',*,*,#1848,.F.);
#480=ORIENTED_EDGE('',*,*,#1849,.T.);
#481=ORIENTED_EDGE('',*,*,#1850,.F.);
#482=ORIENTED_EDGE('',*,*,#1851,.F.);
#483=ORIENTED_EDGE('',*,*,#1852,.T.);
#484=ORIENTED_EDGE('',*,*,#1853,.F.);
#485=ORIENTED_EDGE('',*,*,#1854,.F.);
#486=ORIENTED_EDGE('',*,*,#1855,.F.);
#487=ORIENTED_EDGE('',*,*,#1856,.T.);
#488=ORIENTED_EDGE('',*,*,#1857,.F.);
#489=ORIENTED_EDGE('',*,*,#1858,.F.);
#490=ORIENTED_EDGE('',*,*,#1859,.F.);
#491=ORIENTED_EDGE('',*,*,#1860,.F.);
#492=ORIENTED_EDGE('',*,*,#1861,.T.);
#493=ORIENTED_EDGE('',*,*,#1862,.F.);
#494=ORIENTED_EDGE('',*,*,#1863,.F.);
#495=ORIENTED_EDGE('',*,*,#1864,.F.);
#496=ORIENTED_EDGE('',*,*,#1749,.T.);
#497=ORIENTED_EDGE('',*,*,#1865,.T.);
#498=ORIENTED_EDGE('',*,*,#1706,.F.);
#499=ORIENTED_EDGE('',*,*,#1866,.F.);
#500=ORIENTED_EDGE('',*,*,#1821,.T.);
#501=ORIENTED_EDGE('',*,*,#1867,.T.);
#502=ORIENTED_EDGE('',*,*,#1765,.F.);
#503=ORIENTED_EDGE('',*,*,#1868,.F.);
#504=ORIENTED_EDGE('',*,*,#1789,.T.);
#505=ORIENTED_EDGE('',*,*,#1869,.T.);
#506=ORIENTED_EDGE('',*,*,#1843,.T.);
#507=ORIENTED_EDGE('',*,*,#1870,.T.);
#508=ORIENTED_EDGE('',*,*,#1730,.T.);
#509=ORIENTED_EDGE('',*,*,#1871,.T.);
#510=ORIENTED_EDGE('',*,*,#1702,.F.);
#511=ORIENTED_EDGE('',*,*,#1872,.T.);
#512=ORIENTED_EDGE('',*,*,#1839,.T.);
#513=ORIENTED_EDGE('',*,*,#1873,.F.);
#514=ORIENTED_EDGE('',*,*,#1680,.F.);
#515=ORIENTED_EDGE('',*,*,#1874,.T.);
#516=ORIENTED_EDGE('',*,*,#1793,.T.);
#517=ORIENTED_EDGE('',*,*,#1875,.T.);
#518=ORIENTED_EDGE('',*,*,#1783,.F.);
#519=ORIENTED_EDGE('',*,*,#1876,.F.);
#520=ORIENTED_EDGE('',*,*,#1877,.T.);
#521=ORIENTED_EDGE('',*,*,#1640,.T.);
#522=ORIENTED_EDGE('',*,*,#1632,.F.);
#523=ORIENTED_EDGE('',*,*,#1878,.T.);
#524=ORIENTED_EDGE('',*,*,#1879,.T.);
#525=ORIENTED_EDGE('',*,*,#1822,.F.);
#526=ORIENTED_EDGE('',*,*,#1874,.F.);
#527=ORIENTED_EDGE('',*,*,#1679,.F.);
#528=ORIENTED_EDGE('',*,*,#1616,.F.);
#529=ORIENTED_EDGE('',*,*,#1810,.F.);
#530=ORIENTED_EDGE('',*,*,#1880,.F.);
#531=ORIENTED_EDGE('',*,*,#1881,.T.);
#532=ORIENTED_EDGE('',*,*,#1755,.T.);
#533=ORIENTED_EDGE('',*,*,#1688,.T.);
#534=ORIENTED_EDGE('',*,*,#1681,.T.);
#535=ORIENTED_EDGE('',*,*,#1873,.T.);
#536=ORIENTED_EDGE('',*,*,#1838,.T.);
#537=ORIENTED_EDGE('',*,*,#1882,.F.);
#538=ORIENTED_EDGE('',*,*,#1883,.T.);
#539=ORIENTED_EDGE('',*,*,#1814,.T.);
#540=ORIENTED_EDGE('',*,*,#1827,.F.);
#541=ORIENTED_EDGE('',*,*,#1884,.F.);
#542=ORIENTED_EDGE('',*,*,#1885,.T.);
#543=ORIENTED_EDGE('',*,*,#1760,.T.);
#544=ORIENTED_EDGE('',*,*,#1886,.T.);
#545=ORIENTED_EDGE('',*,*,#1828,.F.);
#546=ORIENTED_EDGE('',*,*,#1886,.F.);
#547=ORIENTED_EDGE('',*,*,#1759,.T.);
#548=ORIENTED_EDGE('',*,*,#1887,.T.);
#549=ORIENTED_EDGE('',*,*,#1888,.F.);
#550=ORIENTED_EDGE('',*,*,#1889,.T.);
#551=ORIENTED_EDGE('',*,*,#1890,.T.);
#552=ORIENTED_EDGE('',*,*,#1891,.T.);
#553=ORIENTED_EDGE('',*,*,#1892,.T.);
#554=ORIENTED_EDGE('',*,*,#1893,.T.);
#555=ORIENTED_EDGE('',*,*,#1829,.F.);
#556=ORIENTED_EDGE('',*,*,#1887,.F.);
#557=ORIENTED_EDGE('',*,*,#1758,.T.);
#558=ORIENTED_EDGE('',*,*,#1894,.F.);
#559=ORIENTED_EDGE('',*,*,#1895,.T.);
#560=ORIENTED_EDGE('',*,*,#1896,.T.);
#561=ORIENTED_EDGE('',*,*,#1884,.T.);
#562=ORIENTED_EDGE('',*,*,#1826,.F.);
#563=ORIENTED_EDGE('',*,*,#1897,.F.);
#564=ORIENTED_EDGE('',*,*,#1898,.T.);
#565=ORIENTED_EDGE('',*,*,#1899,.T.);
#566=ORIENTED_EDGE('',*,*,#1834,.F.);
#567=ORIENTED_EDGE('',*,*,#1900,.F.);
#568=ORIENTED_EDGE('',*,*,#1901,.T.);
#569=ORIENTED_EDGE('',*,*,#1902,.T.);
#570=ORIENTED_EDGE('',*,*,#1830,.F.);
#571=ORIENTED_EDGE('',*,*,#1893,.F.);
#572=ORIENTED_EDGE('',*,*,#1903,.T.);
#573=ORIENTED_EDGE('',*,*,#1892,.F.);
#574=ORIENTED_EDGE('',*,*,#1904,.T.);
#575=ORIENTED_EDGE('',*,*,#1905,.T.);
#576=ORIENTED_EDGE('',*,*,#1885,.F.);
#577=ORIENTED_EDGE('',*,*,#1903,.F.);
#578=ORIENTED_EDGE('',*,*,#1823,.F.);
#579=ORIENTED_EDGE('',*,*,#1879,.F.);
#580=ORIENTED_EDGE('',*,*,#1906,.T.);
#581=ORIENTED_EDGE('',*,*,#1907,.T.);
#582=ORIENTED_EDGE('',*,*,#1824,.F.);
#583=ORIENTED_EDGE('',*,*,#1907,.F.);
#584=ORIENTED_EDGE('',*,*,#1908,.T.);
#585=ORIENTED_EDGE('',*,*,#1630,.T.);
#586=ORIENTED_EDGE('',*,*,#1878,.F.);
#587=ORIENTED_EDGE('',*,*,#1631,.F.);
#588=ORIENTED_EDGE('',*,*,#1908,.F.);
#589=ORIENTED_EDGE('',*,*,#1906,.F.);
#590=ORIENTED_EDGE('',*,*,#1769,.F.);
#591=ORIENTED_EDGE('',*,*,#1764,.F.);
#592=ORIENTED_EDGE('',*,*,#1806,.T.);
#593=ORIENTED_EDGE('',*,*,#1909,.T.);
#594=ORIENTED_EDGE('',*,*,#1770,.F.);
#595=ORIENTED_EDGE('',*,*,#1909,.F.);
#596=ORIENTED_EDGE('',*,*,#1805,.T.);
#597=ORIENTED_EDGE('',*,*,#1910,.T.);
#598=ORIENTED_EDGE('',*,*,#1771,.F.);
#599=ORIENTED_EDGE('',*,*,#1910,.F.);
#600=ORIENTED_EDGE('',*,*,#1804,.T.);
#601=ORIENTED_EDGE('',*,*,#1911,.T.);
#602=ORIENTED_EDGE('',*,*,#1644,.T.);
#603=ORIENTED_EDGE('',*,*,#1772,.F.);
#604=ORIENTED_EDGE('',*,*,#1911,.F.);
#605=ORIENTED_EDGE('',*,*,#1803,.T.);
#606=ORIENTED_EDGE('',*,*,#1588,.F.);
#607=ORIENTED_EDGE('',*,*,#1912,.T.);
#608=ORIENTED_EDGE('',*,*,#1684,.T.);
#609=ORIENTED_EDGE('',*,*,#1711,.F.);
#610=ORIENTED_EDGE('',*,*,#1913,.F.);
#611=ORIENTED_EDGE('',*,*,#1744,.T.);
#612=ORIENTED_EDGE('',*,*,#1914,.T.);
#613=ORIENTED_EDGE('',*,*,#1569,.F.);
#614=ORIENTED_EDGE('',*,*,#1779,.F.);
#615=ORIENTED_EDGE('',*,*,#1636,.F.);
#616=ORIENTED_EDGE('',*,*,#1797,.T.);
#617=ORIENTED_EDGE('',*,*,#1915,.T.);
#618=ORIENTED_EDGE('',*,*,#1780,.F.);
#619=ORIENTED_EDGE('',*,*,#1915,.F.);
#620=ORIENTED_EDGE('',*,*,#1796,.T.);
#621=ORIENTED_EDGE('',*,*,#1916,.T.);
#622=ORIENTED_EDGE('',*,*,#1781,.F.);
#623=ORIENTED_EDGE('',*,*,#1916,.F.);
#624=ORIENTED_EDGE('',*,*,#1795,.T.);
#625=ORIENTED_EDGE('',*,*,#1917,.T.);
#626=ORIENTED_EDGE('',*,*,#1782,.F.);
#627=ORIENTED_EDGE('',*,*,#1917,.F.);
#628=ORIENTED_EDGE('',*,*,#1794,.T.);
#629=ORIENTED_EDGE('',*,*,#1876,.T.);
#630=ORIENTED_EDGE('',*,*,#1784,.F.);
#631=ORIENTED_EDGE('',*,*,#1875,.F.);
#632=ORIENTED_EDGE('',*,*,#1792,.T.);
#633=ORIENTED_EDGE('',*,*,#1918,.T.);
#634=ORIENTED_EDGE('',*,*,#1785,.F.);
#635=ORIENTED_EDGE('',*,*,#1918,.F.);
#636=ORIENTED_EDGE('',*,*,#1791,.T.);
#637=ORIENTED_EDGE('',*,*,#1919,.T.);
#638=ORIENTED_EDGE('',*,*,#1786,.F.);
#639=ORIENTED_EDGE('',*,*,#1919,.F.);
#640=ORIENTED_EDGE('',*,*,#1790,.T.);
#641=ORIENTED_EDGE('',*,*,#1868,.T.);
#642=ORIENTED_EDGE('',*,*,#1813,.T.);
#643=ORIENTED_EDGE('',*,*,#1920,.T.);
#644=ORIENTED_EDGE('',*,*,#1921,.T.);
#645=ORIENTED_EDGE('',*,*,#1728,.F.);
#646=ORIENTED_EDGE('',*,*,#1922,.T.);
#647=ORIENTED_EDGE('',*,*,#1738,.F.);
#648=ORIENTED_EDGE('',*,*,#1923,.F.);
#649=ORIENTED_EDGE('',*,*,#1718,.F.);
#650=ORIENTED_EDGE('',*,*,#1924,.T.);
#651=ORIENTED_EDGE('',*,*,#1925,.T.);
#652=ORIENTED_EDGE('',*,*,#1880,.T.);
#653=ORIENTED_EDGE('',*,*,#1825,.F.);
#654=ORIENTED_EDGE('',*,*,#1628,.F.);
#655=ORIENTED_EDGE('',*,*,#1926,.T.);
#656=ORIENTED_EDGE('',*,*,#1897,.T.);
#657=ORIENTED_EDGE('',*,*,#1835,.F.);
#658=ORIENTED_EDGE('',*,*,#1899,.F.);
#659=ORIENTED_EDGE('',*,*,#1927,.T.);
#660=ORIENTED_EDGE('',*,*,#1818,.T.);
#661=ORIENTED_EDGE('',*,*,#1928,.T.);
#662=ORIENTED_EDGE('',*,*,#1929,.T.);
#663=ORIENTED_EDGE('',*,*,#1657,.F.);
#664=ORIENTED_EDGE('',*,*,#1930,.T.);
#665=ORIENTED_EDGE('',*,*,#1931,.F.);
#666=ORIENTED_EDGE('',*,*,#1932,.F.);
#667=ORIENTED_EDGE('',*,*,#1933,.T.);
#668=ORIENTED_EDGE('',*,*,#1934,.T.);
#669=ORIENTED_EDGE('',*,*,#1811,.F.);
#670=ORIENTED_EDGE('',*,*,#1927,.F.);
#671=ORIENTED_EDGE('',*,*,#1898,.F.);
#672=ORIENTED_EDGE('',*,*,#1926,.F.);
#673=ORIENTED_EDGE('',*,*,#1627,.F.);
#674=ORIENTED_EDGE('',*,*,#1935,.T.);
#675=ORIENTED_EDGE('',*,*,#1936,.F.);
#676=ORIENTED_EDGE('',*,*,#1937,.F.);
#677=ORIENTED_EDGE('',*,*,#1809,.F.);
#678=ORIENTED_EDGE('',*,*,#1938,.T.);
#679=ORIENTED_EDGE('',*,*,#1939,.T.);
#680=ORIENTED_EDGE('',*,*,#1940,.T.);
#681=ORIENTED_EDGE('',*,*,#1941,.T.);
#682=ORIENTED_EDGE('',*,*,#1942,.T.);
#683=ORIENTED_EDGE('',*,*,#1641,.F.);
#684=ORIENTED_EDGE('',*,*,#1877,.F.);
#685=ORIENTED_EDGE('',*,*,#1623,.F.);
#686=ORIENTED_EDGE('',*,*,#1943,.T.);
#687=ORIENTED_EDGE('',*,*,#1801,.F.);
#688=ORIENTED_EDGE('',*,*,#1944,.T.);
#689=ORIENTED_EDGE('',*,*,#1945,.T.);
#690=ORIENTED_EDGE('',*,*,#1558,.F.);
#691=ORIENTED_EDGE('',*,*,#1946,.F.);
#692=ORIENTED_EDGE('',*,*,#1947,.T.);
#693=ORIENTED_EDGE('',*,*,#1948,.T.);
#694=ORIENTED_EDGE('',*,*,#1624,.F.);
#695=ORIENTED_EDGE('',*,*,#1945,.F.);
#696=ORIENTED_EDGE('',*,*,#1949,.T.);
#697=ORIENTED_EDGE('',*,*,#1950,.T.);
#698=ORIENTED_EDGE('',*,*,#1799,.T.);
#699=ORIENTED_EDGE('',*,*,#1951,.T.);
#700=ORIENTED_EDGE('',*,*,#1559,.F.);
#701=ORIENTED_EDGE('',*,*,#1950,.F.);
#702=ORIENTED_EDGE('',*,*,#1952,.T.);
#703=ORIENTED_EDGE('',*,*,#1800,.F.);
#704=ORIENTED_EDGE('',*,*,#1952,.F.);
#705=ORIENTED_EDGE('',*,*,#1949,.F.);
#706=ORIENTED_EDGE('',*,*,#1944,.F.);
#707=ORIENTED_EDGE('',*,*,#1939,.F.);
#708=ORIENTED_EDGE('',*,*,#1953,.T.);
#709=ORIENTED_EDGE('',*,*,#1776,.T.);
#710=ORIENTED_EDGE('',*,*,#1954,.T.);
#711=ORIENTED_EDGE('',*,*,#1955,.F.);
#712=ORIENTED_EDGE('',*,*,#1955,.T.);
#713=ORIENTED_EDGE('',*,*,#1956,.T.);
#714=ORIENTED_EDGE('',*,*,#1957,.F.);
#715=ORIENTED_EDGE('',*,*,#1940,.F.);
#716=ORIENTED_EDGE('',*,*,#1774,.F.);
#717=ORIENTED_EDGE('',*,*,#1958,.T.);
#718=ORIENTED_EDGE('',*,*,#1941,.F.);
#719=ORIENTED_EDGE('',*,*,#1957,.T.);
#720=ORIENTED_EDGE('',*,*,#1959,.T.);
#721=ORIENTED_EDGE('',*,*,#1954,.F.);
#722=ORIENTED_EDGE('',*,*,#1775,.F.);
#723=ORIENTED_EDGE('',*,*,#1959,.F.);
#724=ORIENTED_EDGE('',*,*,#1956,.F.);
#725=ORIENTED_EDGE('',*,*,#1951,.F.);
#726=ORIENTED_EDGE('',*,*,#1798,.F.);
#727=ORIENTED_EDGE('',*,*,#1634,.F.);
#728=ORIENTED_EDGE('',*,*,#1560,.F.);
#729=ORIENTED_EDGE('',*,*,#1646,.F.);
#730=ORIENTED_EDGE('',*,*,#1802,.F.);
#731=ORIENTED_EDGE('',*,*,#1943,.F.);
#732=ORIENTED_EDGE('',*,*,#1622,.F.);
#733=ORIENTED_EDGE('',*,*,#1953,.F.);
#734=ORIENTED_EDGE('',*,*,#1938,.F.);
#735=ORIENTED_EDGE('',*,*,#1808,.F.);
#736=ORIENTED_EDGE('',*,*,#1777,.F.);
#737=ORIENTED_EDGE('',*,*,#1642,.F.);
#738=ORIENTED_EDGE('',*,*,#1942,.F.);
#739=ORIENTED_EDGE('',*,*,#1958,.F.);
#740=ORIENTED_EDGE('',*,*,#1773,.F.);
#741=ORIENTED_EDGE('',*,*,#1767,.T.);
#742=ORIENTED_EDGE('',*,*,#1960,.T.);
#743=ORIENTED_EDGE('',*,*,#1787,.F.);
#744=ORIENTED_EDGE('',*,*,#1961,.F.);
#745=ORIENTED_EDGE('',*,*,#1762,.T.);
#746=ORIENTED_EDGE('',*,*,#1768,.T.);
#747=ORIENTED_EDGE('',*,*,#1961,.T.);
#748=ORIENTED_EDGE('',*,*,#1807,.T.);
#749=ORIENTED_EDGE('',*,*,#1962,.F.);
#750=ORIENTED_EDGE('',*,*,#1963,.T.);
#751=ORIENTED_EDGE('',*,*,#1894,.T.);
#752=ORIENTED_EDGE('',*,*,#1757,.F.);
#753=ORIENTED_EDGE('',*,*,#1964,.F.);
#754=ORIENTED_EDGE('',*,*,#1965,.T.);
#755=ORIENTED_EDGE('',*,*,#1891,.F.);
#756=ORIENTED_EDGE('',*,*,#1966,.T.);
#757=ORIENTED_EDGE('',*,*,#1967,.T.);
#758=ORIENTED_EDGE('',*,*,#1968,.T.);
#759=ORIENTED_EDGE('',*,*,#1969,.T.);
#760=ORIENTED_EDGE('',*,*,#1904,.F.);
#761=ORIENTED_EDGE('',*,*,#1905,.F.);
#762=ORIENTED_EDGE('',*,*,#1969,.F.);
#763=ORIENTED_EDGE('',*,*,#1970,.T.);
#764=ORIENTED_EDGE('',*,*,#1964,.T.);
#765=ORIENTED_EDGE('',*,*,#1756,.F.);
#766=ORIENTED_EDGE('',*,*,#1967,.F.);
#767=ORIENTED_EDGE('',*,*,#1971,.T.);
#768=ORIENTED_EDGE('',*,*,#1962,.T.);
#769=ORIENTED_EDGE('',*,*,#1972,.T.);
#770=ORIENTED_EDGE('',*,*,#1973,.T.);
#771=ORIENTED_EDGE('',*,*,#1974,.T.);
#772=ORIENTED_EDGE('',*,*,#1975,.T.);
#773=ORIENTED_EDGE('',*,*,#1888,.T.);
#774=ORIENTED_EDGE('',*,*,#1970,.F.);
#775=ORIENTED_EDGE('',*,*,#1968,.F.);
#776=ORIENTED_EDGE('',*,*,#1972,.F.);
#777=ORIENTED_EDGE('',*,*,#1965,.F.);
#778=ORIENTED_EDGE('',*,*,#1976,.T.);
#779=ORIENTED_EDGE('',*,*,#1977,.T.);
#780=ORIENTED_EDGE('',*,*,#1966,.F.);
#781=ORIENTED_EDGE('',*,*,#1890,.F.);
#782=ORIENTED_EDGE('',*,*,#1963,.F.);
#783=ORIENTED_EDGE('',*,*,#1978,.T.);
#784=ORIENTED_EDGE('',*,*,#1979,.T.);
#785=ORIENTED_EDGE('',*,*,#1895,.F.);
#786=ORIENTED_EDGE('',*,*,#1980,.T.);
#787=ORIENTED_EDGE('',*,*,#1981,.T.);
#788=ORIENTED_EDGE('',*,*,#1973,.F.);
#789=ORIENTED_EDGE('',*,*,#1896,.F.);
#790=ORIENTED_EDGE('',*,*,#1979,.F.);
#791=ORIENTED_EDGE('',*,*,#1975,.F.);
#792=ORIENTED_EDGE('',*,*,#1982,.T.);
#793=ORIENTED_EDGE('',*,*,#1983,.T.);
#794=ORIENTED_EDGE('',*,*,#1976,.F.);
#795=ORIENTED_EDGE('',*,*,#1889,.F.);
#796=ORIENTED_EDGE('',*,*,#1983,.F.);
#797=ORIENTED_EDGE('',*,*,#1984,.T.);
#798=ORIENTED_EDGE('',*,*,#1980,.F.);
#799=ORIENTED_EDGE('',*,*,#1978,.F.);
#800=ORIENTED_EDGE('',*,*,#1971,.F.);
#801=ORIENTED_EDGE('',*,*,#1977,.F.);
#802=ORIENTED_EDGE('',*,*,#1981,.F.);
#803=ORIENTED_EDGE('',*,*,#1984,.F.);
#804=ORIENTED_EDGE('',*,*,#1982,.F.);
#805=ORIENTED_EDGE('',*,*,#1974,.F.);
#806=ORIENTED_EDGE('',*,*,#1832,.F.);
#807=ORIENTED_EDGE('',*,*,#1985,.F.);
#808=ORIENTED_EDGE('',*,*,#1695,.T.);
#809=ORIENTED_EDGE('',*,*,#1986,.T.);
#810=ORIENTED_EDGE('',*,*,#1833,.F.);
#811=ORIENTED_EDGE('',*,*,#1986,.F.);
#812=ORIENTED_EDGE('',*,*,#1694,.T.);
#813=ORIENTED_EDGE('',*,*,#1987,.T.);
#814=ORIENTED_EDGE('',*,*,#1900,.T.);
#815=ORIENTED_EDGE('',*,*,#1988,.T.);
#816=ORIENTED_EDGE('',*,*,#1989,.T.);
#817=ORIENTED_EDGE('',*,*,#1990,.F.);
#818=ORIENTED_EDGE('',*,*,#1991,.T.);
#819=ORIENTED_EDGE('',*,*,#1992,.T.);
#820=ORIENTED_EDGE('',*,*,#1993,.T.);
#821=ORIENTED_EDGE('',*,*,#1691,.T.);
#822=ORIENTED_EDGE('',*,*,#1985,.T.);
#823=ORIENTED_EDGE('',*,*,#1831,.F.);
#824=ORIENTED_EDGE('',*,*,#1902,.F.);
#825=ORIENTED_EDGE('',*,*,#1994,.T.);
#826=ORIENTED_EDGE('',*,*,#1995,.F.);
#827=ORIENTED_EDGE('',*,*,#1987,.F.);
#828=ORIENTED_EDGE('',*,*,#1996,.T.);
#829=ORIENTED_EDGE('',*,*,#1997,.T.);
#830=ORIENTED_EDGE('',*,*,#1994,.F.);
#831=ORIENTED_EDGE('',*,*,#1901,.F.);
#832=ORIENTED_EDGE('',*,*,#1837,.F.);
#833=ORIENTED_EDGE('',*,*,#1998,.F.);
#834=ORIENTED_EDGE('',*,*,#1999,.T.);
#835=ORIENTED_EDGE('',*,*,#1882,.T.);
#836=ORIENTED_EDGE('',*,*,#1836,.F.);
#837=ORIENTED_EDGE('',*,*,#1816,.F.);
#838=ORIENTED_EDGE('',*,*,#2000,.T.);
#839=ORIENTED_EDGE('',*,*,#1998,.T.);
#840=ORIENTED_EDGE('',*,*,#1999,.F.);
#841=ORIENTED_EDGE('',*,*,#2000,.F.);
#842=ORIENTED_EDGE('',*,*,#1815,.F.);
#843=ORIENTED_EDGE('',*,*,#1883,.F.);
#844=ORIENTED_EDGE('',*,*,#1923,.T.);
#845=ORIENTED_EDGE('',*,*,#1737,.T.);
#846=ORIENTED_EDGE('',*,*,#2001,.T.);
#847=ORIENTED_EDGE('',*,*,#1719,.F.);
#848=ORIENTED_EDGE('',*,*,#1703,.F.);
#849=ORIENTED_EDGE('',*,*,#1871,.F.);
#850=ORIENTED_EDGE('',*,*,#1752,.T.);
#851=ORIENTED_EDGE('',*,*,#2002,.T.);
#852=ORIENTED_EDGE('',*,*,#1704,.F.);
#853=ORIENTED_EDGE('',*,*,#2002,.F.);
#854=ORIENTED_EDGE('',*,*,#1751,.T.);
#855=ORIENTED_EDGE('',*,*,#2003,.T.);
#856=ORIENTED_EDGE('',*,*,#1705,.F.);
#857=ORIENTED_EDGE('',*,*,#2003,.F.);
#858=ORIENTED_EDGE('',*,*,#1750,.T.);
#859=ORIENTED_EDGE('',*,*,#1866,.T.);
#860=ORIENTED_EDGE('',*,*,#1707,.F.);
#861=ORIENTED_EDGE('',*,*,#1865,.F.);
#862=ORIENTED_EDGE('',*,*,#1748,.T.);
#863=ORIENTED_EDGE('',*,*,#2004,.T.);
#864=ORIENTED_EDGE('',*,*,#1708,.F.);
#865=ORIENTED_EDGE('',*,*,#2004,.F.);
#866=ORIENTED_EDGE('',*,*,#1747,.T.);
#867=ORIENTED_EDGE('',*,*,#2005,.T.);
#868=ORIENTED_EDGE('',*,*,#1709,.F.);
#869=ORIENTED_EDGE('',*,*,#2005,.F.);
#870=ORIENTED_EDGE('',*,*,#1746,.T.);
#871=ORIENTED_EDGE('',*,*,#2006,.T.);
#872=ORIENTED_EDGE('',*,*,#1710,.F.);
#873=ORIENTED_EDGE('',*,*,#2006,.F.);
#874=ORIENTED_EDGE('',*,*,#1745,.T.);
#875=ORIENTED_EDGE('',*,*,#1913,.T.);
#876=ORIENTED_EDGE('',*,*,#1720,.F.);
#877=ORIENTED_EDGE('',*,*,#2001,.F.);
#878=ORIENTED_EDGE('',*,*,#1736,.T.);
#879=ORIENTED_EDGE('',*,*,#2007,.T.);
#880=ORIENTED_EDGE('',*,*,#1721,.F.);
#881=ORIENTED_EDGE('',*,*,#2007,.F.);
#882=ORIENTED_EDGE('',*,*,#1735,.T.);
#883=ORIENTED_EDGE('',*,*,#2008,.T.);
#884=ORIENTED_EDGE('',*,*,#1722,.F.);
#885=ORIENTED_EDGE('',*,*,#2008,.F.);
#886=ORIENTED_EDGE('',*,*,#1734,.T.);
#887=ORIENTED_EDGE('',*,*,#1699,.T.);
#888=ORIENTED_EDGE('',*,*,#2009,.T.);
#889=ORIENTED_EDGE('',*,*,#2010,.T.);
#890=ORIENTED_EDGE('',*,*,#1753,.F.);
#891=ORIENTED_EDGE('',*,*,#1881,.F.);
#892=ORIENTED_EDGE('',*,*,#1925,.F.);
#893=ORIENTED_EDGE('',*,*,#2011,.T.);
#894=ORIENTED_EDGE('',*,*,#2012,.T.);
#895=ORIENTED_EDGE('',*,*,#2013,.T.);
#896=ORIENTED_EDGE('',*,*,#1740,.T.);
#897=ORIENTED_EDGE('',*,*,#2014,.T.);
#898=ORIENTED_EDGE('',*,*,#1726,.F.);
#899=ORIENTED_EDGE('',*,*,#2015,.F.);
#900=ORIENTED_EDGE('',*,*,#2016,.T.);
#901=ORIENTED_EDGE('',*,*,#1571,.F.);
#902=ORIENTED_EDGE('',*,*,#2017,.T.);
#903=ORIENTED_EDGE('',*,*,#1742,.F.);
#904=ORIENTED_EDGE('',*,*,#2018,.T.);
#905=ORIENTED_EDGE('',*,*,#2019,.T.);
#906=ORIENTED_EDGE('',*,*,#1725,.F.);
#907=ORIENTED_EDGE('',*,*,#2020,.F.);
#908=ORIENTED_EDGE('',*,*,#2021,.T.);
#909=ORIENTED_EDGE('',*,*,#2022,.T.);
#910=ORIENTED_EDGE('',*,*,#1572,.F.);
#911=ORIENTED_EDGE('',*,*,#2019,.F.);
#912=ORIENTED_EDGE('',*,*,#2023,.T.);
#913=ORIENTED_EDGE('',*,*,#2015,.T.);
#914=ORIENTED_EDGE('',*,*,#2016,.F.);
#915=ORIENTED_EDGE('',*,*,#2023,.F.);
#916=ORIENTED_EDGE('',*,*,#2018,.F.);
#917=ORIENTED_EDGE('',*,*,#1741,.F.);
#918=ORIENTED_EDGE('',*,*,#2024,.T.);
#919=ORIENTED_EDGE('',*,*,#2025,.T.);
#920=ORIENTED_EDGE('',*,*,#2026,.F.);
#921=ORIENTED_EDGE('',*,*,#2013,.F.);
#922=ORIENTED_EDGE('',*,*,#1714,.F.);
#923=ORIENTED_EDGE('',*,*,#2027,.T.);
#924=ORIENTED_EDGE('',*,*,#2009,.F.);
#925=ORIENTED_EDGE('',*,*,#2026,.T.);
#926=ORIENTED_EDGE('',*,*,#2028,.T.);
#927=ORIENTED_EDGE('',*,*,#2012,.F.);
#928=ORIENTED_EDGE('',*,*,#2029,.T.);
#929=ORIENTED_EDGE('',*,*,#1716,.T.);
#930=ORIENTED_EDGE('',*,*,#2030,.T.);
#931=ORIENTED_EDGE('',*,*,#2024,.F.);
#932=ORIENTED_EDGE('',*,*,#2025,.F.);
#933=ORIENTED_EDGE('',*,*,#2030,.F.);
#934=ORIENTED_EDGE('',*,*,#1715,.F.);
#935=ORIENTED_EDGE('',*,*,#2028,.F.);
#936=ORIENTED_EDGE('',*,*,#1914,.F.);
#937=ORIENTED_EDGE('',*,*,#1743,.F.);
#938=ORIENTED_EDGE('',*,*,#2017,.F.);
#939=ORIENTED_EDGE('',*,*,#1570,.F.);
#940=ORIENTED_EDGE('',*,*,#2014,.F.);
#941=ORIENTED_EDGE('',*,*,#1739,.F.);
#942=ORIENTED_EDGE('',*,*,#1922,.F.);
#943=ORIENTED_EDGE('',*,*,#1727,.F.);
#944=ORIENTED_EDGE('',*,*,#1754,.F.);
#945=ORIENTED_EDGE('',*,*,#2010,.F.);
#946=ORIENTED_EDGE('',*,*,#2027,.F.);
#947=ORIENTED_EDGE('',*,*,#1713,.F.);
#948=ORIENTED_EDGE('',*,*,#2029,.F.);
#949=ORIENTED_EDGE('',*,*,#2011,.F.);
#950=ORIENTED_EDGE('',*,*,#1924,.F.);
#951=ORIENTED_EDGE('',*,*,#1717,.F.);
#952=ORIENTED_EDGE('',*,*,#1732,.T.);
#953=ORIENTED_EDGE('',*,*,#2031,.T.);
#954=ORIENTED_EDGE('',*,*,#1700,.F.);
#955=ORIENTED_EDGE('',*,*,#2032,.F.);
#956=ORIENTED_EDGE('',*,*,#1723,.T.);
#957=ORIENTED_EDGE('',*,*,#1697,.T.);
#958=ORIENTED_EDGE('',*,*,#1733,.T.);
#959=ORIENTED_EDGE('',*,*,#2032,.T.);
#960=ORIENTED_EDGE('',*,*,#1993,.F.);
#961=ORIENTED_EDGE('',*,*,#2033,.T.);
#962=ORIENTED_EDGE('',*,*,#2034,.T.);
#963=ORIENTED_EDGE('',*,*,#2035,.T.);
#964=ORIENTED_EDGE('',*,*,#2036,.T.);
#965=ORIENTED_EDGE('',*,*,#1692,.F.);
#966=ORIENTED_EDGE('',*,*,#1693,.F.);
#967=ORIENTED_EDGE('',*,*,#2036,.F.);
#968=ORIENTED_EDGE('',*,*,#2037,.T.);
#969=ORIENTED_EDGE('',*,*,#2038,.T.);
#970=ORIENTED_EDGE('',*,*,#1996,.F.);
#971=ORIENTED_EDGE('',*,*,#2039,.F.);
#972=ORIENTED_EDGE('',*,*,#2040,.T.);
#973=ORIENTED_EDGE('',*,*,#1995,.T.);
#974=ORIENTED_EDGE('',*,*,#1997,.F.);
#975=ORIENTED_EDGE('',*,*,#2038,.F.);
#976=ORIENTED_EDGE('',*,*,#2041,.T.);
#977=ORIENTED_EDGE('',*,*,#2034,.F.);
#978=ORIENTED_EDGE('',*,*,#2042,.T.);
#979=ORIENTED_EDGE('',*,*,#2039,.T.);
#980=ORIENTED_EDGE('',*,*,#2043,.T.);
#981=ORIENTED_EDGE('',*,*,#2044,.T.);
#982=ORIENTED_EDGE('',*,*,#2045,.T.);
#983=ORIENTED_EDGE('',*,*,#2046,.T.);
#984=ORIENTED_EDGE('',*,*,#1990,.T.);
#985=ORIENTED_EDGE('',*,*,#2037,.F.);
#986=ORIENTED_EDGE('',*,*,#2035,.F.);
#987=ORIENTED_EDGE('',*,*,#2043,.F.);
#988=ORIENTED_EDGE('',*,*,#2041,.F.);
#989=ORIENTED_EDGE('',*,*,#2040,.F.);
#990=ORIENTED_EDGE('',*,*,#2047,.T.);
#991=ORIENTED_EDGE('',*,*,#2048,.T.);
#992=ORIENTED_EDGE('',*,*,#1988,.F.);
#993=ORIENTED_EDGE('',*,*,#2049,.T.);
#994=ORIENTED_EDGE('',*,*,#2050,.T.);
#995=ORIENTED_EDGE('',*,*,#2033,.F.);
#996=ORIENTED_EDGE('',*,*,#1992,.F.);
#997=ORIENTED_EDGE('',*,*,#2046,.F.);
#998=ORIENTED_EDGE('',*,*,#2051,.T.);
#999=ORIENTED_EDGE('',*,*,#2052,.T.);
#1000=ORIENTED_EDGE('',*,*,#2049,.F.);
#1001=ORIENTED_EDGE('',*,*,#1991,.F.);
#1002=ORIENTED_EDGE('',*,*,#2053,.T.);
#1003=ORIENTED_EDGE('',*,*,#2054,.T.);
#1004=ORIENTED_EDGE('',*,*,#2044,.F.);
#1005=ORIENTED_EDGE('',*,*,#1989,.F.);
#1006=ORIENTED_EDGE('',*,*,#2048,.F.);
#1007=ORIENTED_EDGE('',*,*,#2052,.F.);
#1008=ORIENTED_EDGE('',*,*,#2055,.T.);
#1009=ORIENTED_EDGE('',*,*,#2053,.F.);
#1010=ORIENTED_EDGE('',*,*,#2047,.F.);
#1011=ORIENTED_EDGE('',*,*,#2042,.F.);
#1012=ORIENTED_EDGE('',*,*,#2050,.F.);
#1013=ORIENTED_EDGE('',*,*,#2054,.F.);
#1014=ORIENTED_EDGE('',*,*,#2055,.F.);
#1015=ORIENTED_EDGE('',*,*,#2051,.F.);
#1016=ORIENTED_EDGE('',*,*,#2045,.F.);
#1017=ORIENTED_EDGE('',*,*,#2056,.T.);
#1018=ORIENTED_EDGE('',*,*,#2057,.F.);
#1019=ORIENTED_EDGE('',*,*,#2058,.F.);
#1020=ORIENTED_EDGE('',*,*,#1673,.T.);
#1021=ORIENTED_EDGE('',*,*,#2059,.T.);
#1022=ORIENTED_EDGE('',*,*,#2060,.F.);
#1023=ORIENTED_EDGE('',*,*,#2061,.F.);
#1024=ORIENTED_EDGE('',*,*,#2057,.T.);
#1025=ORIENTED_EDGE('',*,*,#2062,.T.);
#1026=ORIENTED_EDGE('',*,*,#1675,.F.);
#1027=ORIENTED_EDGE('',*,*,#2063,.F.);
#1028=ORIENTED_EDGE('',*,*,#2060,.T.);
#1029=ORIENTED_EDGE('',*,*,#1674,.T.);
#1030=ORIENTED_EDGE('',*,*,#2058,.T.);
#1031=ORIENTED_EDGE('',*,*,#2061,.T.);
#1032=ORIENTED_EDGE('',*,*,#2063,.T.);
#1033=ORIENTED_EDGE('',*,*,#1676,.F.);
#1034=ORIENTED_EDGE('',*,*,#2062,.F.);
#1035=ORIENTED_EDGE('',*,*,#2059,.F.);
#1036=ORIENTED_EDGE('',*,*,#2056,.F.);
#1037=ORIENTED_EDGE('',*,*,#1678,.F.);
#1038=ORIENTED_EDGE('',*,*,#2064,.F.);
#1039=ORIENTED_EDGE('',*,*,#2065,.T.);
#1040=ORIENTED_EDGE('',*,*,#1618,.T.);
#1041=ORIENTED_EDGE('',*,*,#1683,.F.);
#1042=ORIENTED_EDGE('',*,*,#1687,.F.);
#1043=ORIENTED_EDGE('',*,*,#2066,.T.);
#1044=ORIENTED_EDGE('',*,*,#2067,.T.);
#1045=ORIENTED_EDGE('',*,*,#1677,.F.);
#1046=ORIENTED_EDGE('',*,*,#2067,.F.);
#1047=ORIENTED_EDGE('',*,*,#2068,.T.);
#1048=ORIENTED_EDGE('',*,*,#2064,.T.);
#1049=ORIENTED_EDGE('',*,*,#1592,.T.);
#1050=ORIENTED_EDGE('',*,*,#2069,.T.);
#1051=ORIENTED_EDGE('',*,*,#1611,.F.);
#1052=ORIENTED_EDGE('',*,*,#2065,.F.);
#1053=ORIENTED_EDGE('',*,*,#2068,.F.);
#1054=ORIENTED_EDGE('',*,*,#2066,.F.);
#1055=ORIENTED_EDGE('',*,*,#1686,.F.);
#1056=ORIENTED_EDGE('',*,*,#2070,.T.);
#1057=ORIENTED_EDGE('',*,*,#1586,.F.);
#1058=ORIENTED_EDGE('',*,*,#1648,.F.);
#1059=ORIENTED_EDGE('',*,*,#1576,.T.);
#1060=ORIENTED_EDGE('',*,*,#2071,.T.);
#1061=ORIENTED_EDGE('',*,*,#1651,.F.);
#1062=ORIENTED_EDGE('',*,*,#2072,.T.);
#1063=ORIENTED_EDGE('',*,*,#1602,.F.);
#1064=ORIENTED_EDGE('',*,*,#1610,.F.);
#1065=ORIENTED_EDGE('',*,*,#1606,.T.);
#1066=ORIENTED_EDGE('',*,*,#2073,.T.);
#1067=ORIENTED_EDGE('',*,*,#1549,.F.);
#1068=ORIENTED_EDGE('',*,*,#2074,.T.);
#1069=ORIENTED_EDGE('',*,*,#2075,.T.);
#1070=ORIENTED_EDGE('',*,*,#2076,.F.);
#1071=ORIENTED_EDGE('',*,*,#2077,.F.);
#1072=ORIENTED_EDGE('',*,*,#1931,.T.);
#1073=ORIENTED_EDGE('',*,*,#2078,.T.);
#1074=ORIENTED_EDGE('',*,*,#1671,.F.);
#1075=ORIENTED_EDGE('',*,*,#1551,.F.);
#1076=ORIENTED_EDGE('',*,*,#2079,.T.);
#1077=ORIENTED_EDGE('',*,*,#1729,.T.);
#1078=ORIENTED_EDGE('',*,*,#1921,.F.);
#1079=ORIENTED_EDGE('',*,*,#2080,.T.);
#1080=ORIENTED_EDGE('',*,*,#1933,.F.);
#1081=ORIENTED_EDGE('',*,*,#2081,.F.);
#1082=ORIENTED_EDGE('',*,*,#2082,.T.);
#1083=ORIENTED_EDGE('',*,*,#2083,.T.);
#1084=ORIENTED_EDGE('',*,*,#2084,.F.);
#1085=ORIENTED_EDGE('',*,*,#2085,.F.);
#1086=ORIENTED_EDGE('',*,*,#2081,.T.);
#1087=ORIENTED_EDGE('',*,*,#1932,.T.);
#1088=ORIENTED_EDGE('',*,*,#2077,.T.);
#1089=ORIENTED_EDGE('',*,*,#1930,.F.);
#1090=ORIENTED_EDGE('',*,*,#1660,.F.);
#1091=ORIENTED_EDGE('',*,*,#1672,.F.);
#1092=ORIENTED_EDGE('',*,*,#2078,.F.);
#1093=ORIENTED_EDGE('',*,*,#2070,.F.);
#1094=ORIENTED_EDGE('',*,*,#1685,.F.);
#1095=ORIENTED_EDGE('',*,*,#1912,.F.);
#1096=ORIENTED_EDGE('',*,*,#1587,.F.);
#1097=ORIENTED_EDGE('',*,*,#1662,.F.);
#1098=ORIENTED_EDGE('',*,*,#1652,.F.);
#1099=ORIENTED_EDGE('',*,*,#2071,.F.);
#1100=ORIENTED_EDGE('',*,*,#1575,.F.);
#1101=ORIENTED_EDGE('',*,*,#1920,.F.);
#1102=ORIENTED_EDGE('',*,*,#1812,.F.);
#1103=ORIENTED_EDGE('',*,*,#1934,.F.);
#1104=ORIENTED_EDGE('',*,*,#2080,.F.);
#1105=ORIENTED_EDGE('',*,*,#2086,.F.);
#1106=ORIENTED_EDGE('',*,*,#2087,.T.);
#1107=ORIENTED_EDGE('',*,*,#1860,.T.);
#1108=ORIENTED_EDGE('',*,*,#2088,.F.);
#1109=ORIENTED_EDGE('',*,*,#1864,.T.);
#1110=ORIENTED_EDGE('',*,*,#2089,.F.);
#1111=ORIENTED_EDGE('',*,*,#2090,.F.);
#1112=ORIENTED_EDGE('',*,*,#2088,.T.);
#1113=ORIENTED_EDGE('',*,*,#1863,.T.);
#1114=ORIENTED_EDGE('',*,*,#2091,.F.);
#1115=ORIENTED_EDGE('',*,*,#2092,.F.);
#1116=ORIENTED_EDGE('',*,*,#2089,.T.);
#1117=ORIENTED_EDGE('',*,*,#1862,.T.);
#1118=ORIENTED_EDGE('',*,*,#2093,.T.);
#1119=ORIENTED_EDGE('',*,*,#2094,.F.);
#1120=ORIENTED_EDGE('',*,*,#2091,.T.);
#1121=ORIENTED_EDGE('',*,*,#2083,.F.);
#1122=ORIENTED_EDGE('',*,*,#2095,.F.);
#1123=ORIENTED_EDGE('',*,*,#2075,.F.);
#1124=ORIENTED_EDGE('',*,*,#2096,.F.);
#1125=ORIENTED_EDGE('',*,*,#2094,.T.);
#1126=ORIENTED_EDGE('',*,*,#2097,.T.);
#1127=ORIENTED_EDGE('',*,*,#2086,.T.);
#1128=ORIENTED_EDGE('',*,*,#2090,.T.);
#1129=ORIENTED_EDGE('',*,*,#2092,.T.);
#1130=ORIENTED_EDGE('',*,*,#1552,.T.);
#1131=ORIENTED_EDGE('',*,*,#2084,.T.);
#1132=ORIENTED_EDGE('',*,*,#2096,.T.);
#1133=ORIENTED_EDGE('',*,*,#2074,.F.);
#1134=ORIENTED_EDGE('',*,*,#2085,.T.);
#1135=ORIENTED_EDGE('',*,*,#2076,.T.);
#1136=ORIENTED_EDGE('',*,*,#2095,.T.);
#1137=ORIENTED_EDGE('',*,*,#2082,.F.);
#1138=ORIENTED_EDGE('',*,*,#2098,.F.);
#1139=ORIENTED_EDGE('',*,*,#2099,.T.);
#1140=ORIENTED_EDGE('',*,*,#1855,.T.);
#1141=ORIENTED_EDGE('',*,*,#2100,.F.);
#1142=ORIENTED_EDGE('',*,*,#1859,.T.);
#1143=ORIENTED_EDGE('',*,*,#2101,.F.);
#1144=ORIENTED_EDGE('',*,*,#2102,.F.);
#1145=ORIENTED_EDGE('',*,*,#2100,.T.);
#1146=ORIENTED_EDGE('',*,*,#1858,.T.);
#1147=ORIENTED_EDGE('',*,*,#2103,.F.);
#1148=ORIENTED_EDGE('',*,*,#2104,.F.);
#1149=ORIENTED_EDGE('',*,*,#2101,.T.);
#1150=ORIENTED_EDGE('',*,*,#1857,.T.);
#1151=ORIENTED_EDGE('',*,*,#2105,.T.);
#1152=ORIENTED_EDGE('',*,*,#2106,.F.);
#1153=ORIENTED_EDGE('',*,*,#2103,.T.);
#1154=ORIENTED_EDGE('',*,*,#2107,.F.);
#1155=ORIENTED_EDGE('',*,*,#1579,.F.);
#1156=ORIENTED_EDGE('',*,*,#2108,.F.);
#1157=ORIENTED_EDGE('',*,*,#1583,.F.);
#1158=ORIENTED_EDGE('',*,*,#2106,.T.);
#1159=ORIENTED_EDGE('',*,*,#2109,.T.);
#1160=ORIENTED_EDGE('',*,*,#2098,.T.);
#1161=ORIENTED_EDGE('',*,*,#2102,.T.);
#1162=ORIENTED_EDGE('',*,*,#2104,.T.);
#1163=ORIENTED_EDGE('',*,*,#1548,.T.);
#1164=ORIENTED_EDGE('',*,*,#1580,.T.);
#1165=ORIENTED_EDGE('',*,*,#2107,.T.);
#1166=ORIENTED_EDGE('',*,*,#1582,.F.);
#1167=ORIENTED_EDGE('',*,*,#1647,.T.);
#1168=ORIENTED_EDGE('',*,*,#1584,.T.);
#1169=ORIENTED_EDGE('',*,*,#2108,.T.);
#1170=ORIENTED_EDGE('',*,*,#1578,.F.);
#1171=ORIENTED_EDGE('',*,*,#1620,.T.);
#1172=ORIENTED_EDGE('',*,*,#2110,.T.);
#1173=ORIENTED_EDGE('',*,*,#1541,.F.);
#1174=ORIENTED_EDGE('',*,*,#2111,.T.);
#1175=ORIENTED_EDGE('',*,*,#2112,.T.);
#1176=ORIENTED_EDGE('',*,*,#2113,.F.);
#1177=ORIENTED_EDGE('',*,*,#2114,.F.);
#1178=ORIENTED_EDGE('',*,*,#1936,.T.);
#1179=ORIENTED_EDGE('',*,*,#2115,.T.);
#1180=ORIENTED_EDGE('',*,*,#1638,.F.);
#1181=ORIENTED_EDGE('',*,*,#1543,.F.);
#1182=ORIENTED_EDGE('',*,*,#2116,.T.);
#1183=ORIENTED_EDGE('',*,*,#1656,.T.);
#1184=ORIENTED_EDGE('',*,*,#1667,.F.);
#1185=ORIENTED_EDGE('',*,*,#2117,.T.);
#1186=ORIENTED_EDGE('',*,*,#1928,.F.);
#1187=ORIENTED_EDGE('',*,*,#2118,.F.);
#1188=ORIENTED_EDGE('',*,*,#2119,.T.);
#1189=ORIENTED_EDGE('',*,*,#2120,.T.);
#1190=ORIENTED_EDGE('',*,*,#2121,.F.);
#1191=ORIENTED_EDGE('',*,*,#2122,.F.);
#1192=ORIENTED_EDGE('',*,*,#2118,.T.);
#1193=ORIENTED_EDGE('',*,*,#1937,.T.);
#1194=ORIENTED_EDGE('',*,*,#2114,.T.);
#1195=ORIENTED_EDGE('',*,*,#1935,.F.);
#1196=ORIENTED_EDGE('',*,*,#1626,.F.);
#1197=ORIENTED_EDGE('',*,*,#1639,.F.);
#1198=ORIENTED_EDGE('',*,*,#2115,.F.);
#1199=ORIENTED_EDGE('',*,*,#2072,.F.);
#1200=ORIENTED_EDGE('',*,*,#1650,.F.);
#1201=ORIENTED_EDGE('',*,*,#1661,.F.);
#1202=ORIENTED_EDGE('',*,*,#1603,.F.);
#1203=ORIENTED_EDGE('',*,*,#1633,.F.);
#1204=ORIENTED_EDGE('',*,*,#1612,.F.);
#1205=ORIENTED_EDGE('',*,*,#2069,.F.);
#1206=ORIENTED_EDGE('',*,*,#1591,.F.);
#1207=ORIENTED_EDGE('',*,*,#1666,.F.);
#1208=ORIENTED_EDGE('',*,*,#1658,.F.);
#1209=ORIENTED_EDGE('',*,*,#1929,.F.);
#1210=ORIENTED_EDGE('',*,*,#2117,.F.);
#1211=ORIENTED_EDGE('',*,*,#1850,.T.);
#1212=ORIENTED_EDGE('',*,*,#2123,.F.);
#1213=ORIENTED_EDGE('',*,*,#2124,.F.);
#1214=ORIENTED_EDGE('',*,*,#2125,.T.);
#1215=ORIENTED_EDGE('',*,*,#1854,.T.);
#1216=ORIENTED_EDGE('',*,*,#2126,.F.);
#1217=ORIENTED_EDGE('',*,*,#2127,.F.);
#1218=ORIENTED_EDGE('',*,*,#2123,.T.);
#1219=ORIENTED_EDGE('',*,*,#1853,.T.);
#1220=ORIENTED_EDGE('',*,*,#2128,.T.);
#1221=ORIENTED_EDGE('',*,*,#2129,.F.);
#1222=ORIENTED_EDGE('',*,*,#2126,.T.);
#1223=ORIENTED_EDGE('',*,*,#2130,.F.);
#1224=ORIENTED_EDGE('',*,*,#2131,.T.);
#1225=ORIENTED_EDGE('',*,*,#1851,.T.);
#1226=ORIENTED_EDGE('',*,*,#2125,.F.);
#1227=ORIENTED_EDGE('',*,*,#2120,.F.);
#1228=ORIENTED_EDGE('',*,*,#2132,.F.);
#1229=ORIENTED_EDGE('',*,*,#2112,.F.);
#1230=ORIENTED_EDGE('',*,*,#2133,.F.);
#1231=ORIENTED_EDGE('',*,*,#2129,.T.);
#1232=ORIENTED_EDGE('',*,*,#2134,.T.);
#1233=ORIENTED_EDGE('',*,*,#2130,.T.);
#1234=ORIENTED_EDGE('',*,*,#2124,.T.);
#1235=ORIENTED_EDGE('',*,*,#2127,.T.);
#1236=ORIENTED_EDGE('',*,*,#1544,.T.);
#1237=ORIENTED_EDGE('',*,*,#2121,.T.);
#1238=ORIENTED_EDGE('',*,*,#2133,.T.);
#1239=ORIENTED_EDGE('',*,*,#2111,.F.);
#1240=ORIENTED_EDGE('',*,*,#2122,.T.);
#1241=ORIENTED_EDGE('',*,*,#2113,.T.);
#1242=ORIENTED_EDGE('',*,*,#2132,.T.);
#1243=ORIENTED_EDGE('',*,*,#2119,.F.);
#1244=ORIENTED_EDGE('',*,*,#1845,.T.);
#1245=ORIENTED_EDGE('',*,*,#2135,.T.);
#1246=ORIENTED_EDGE('',*,*,#2136,.F.);
#1247=ORIENTED_EDGE('',*,*,#2137,.T.);
#1248=ORIENTED_EDGE('',*,*,#2138,.F.);
#1249=ORIENTED_EDGE('',*,*,#2139,.T.);
#1250=ORIENTED_EDGE('',*,*,#1848,.T.);
#1251=ORIENTED_EDGE('',*,*,#2140,.F.);
#1252=ORIENTED_EDGE('',*,*,#1847,.T.);
#1253=ORIENTED_EDGE('',*,*,#2141,.F.);
#1254=ORIENTED_EDGE('',*,*,#2142,.F.);
#1255=ORIENTED_EDGE('',*,*,#2140,.T.);
#1256=ORIENTED_EDGE('',*,*,#1846,.T.);
#1257=ORIENTED_EDGE('',*,*,#2137,.F.);
#1258=ORIENTED_EDGE('',*,*,#2143,.F.);
#1259=ORIENTED_EDGE('',*,*,#2141,.T.);
#1260=ORIENTED_EDGE('',*,*,#2144,.F.);
#1261=ORIENTED_EDGE('',*,*,#1595,.F.);
#1262=ORIENTED_EDGE('',*,*,#2145,.F.);
#1263=ORIENTED_EDGE('',*,*,#1599,.F.);
#1264=ORIENTED_EDGE('',*,*,#2136,.T.);
#1265=ORIENTED_EDGE('',*,*,#2146,.T.);
#1266=ORIENTED_EDGE('',*,*,#2138,.T.);
#1267=ORIENTED_EDGE('',*,*,#2142,.T.);
#1268=ORIENTED_EDGE('',*,*,#2143,.T.);
#1269=ORIENTED_EDGE('',*,*,#1540,.T.);
#1270=ORIENTED_EDGE('',*,*,#1596,.T.);
#1271=ORIENTED_EDGE('',*,*,#2144,.T.);
#1272=ORIENTED_EDGE('',*,*,#1598,.F.);
#1273=ORIENTED_EDGE('',*,*,#1609,.T.);
#1274=ORIENTED_EDGE('',*,*,#1600,.T.);
#1275=ORIENTED_EDGE('',*,*,#2145,.T.);
#1276=ORIENTED_EDGE('',*,*,#1594,.F.);
#1277=ORIENTED_EDGE('',*,*,#1554,.T.);
#1278=ORIENTED_EDGE('',*,*,#2147,.T.);
#1279=ORIENTED_EDGE('',*,*,#2148,.T.);
#1280=ORIENTED_EDGE('',*,*,#2149,.T.);
#1281=ORIENTED_EDGE('',*,*,#1608,.T.);
#1282=ORIENTED_EDGE('',*,*,#1670,.F.);
#1283=ORIENTED_EDGE('',*,*,#2150,.F.);
#1284=ORIENTED_EDGE('',*,*,#1663,.T.);
#1285=ORIENTED_EDGE('',*,*,#2151,.T.);
#1286=ORIENTED_EDGE('',*,*,#2152,.T.);
#1287=ORIENTED_EDGE('',*,*,#1566,.T.);
#1288=ORIENTED_EDGE('',*,*,#1665,.F.);
#1289=ORIENTED_EDGE('',*,*,#2153,.F.);
#1290=ORIENTED_EDGE('',*,*,#1668,.T.);
#1291=ORIENTED_EDGE('',*,*,#1654,.T.);
#1292=ORIENTED_EDGE('',*,*,#2154,.T.);
#1293=ORIENTED_EDGE('',*,*,#1664,.T.);
#1294=ORIENTED_EDGE('',*,*,#2150,.T.);
#1295=ORIENTED_EDGE('',*,*,#1669,.T.);
#1296=ORIENTED_EDGE('',*,*,#2153,.T.);
#1297=ORIENTED_EDGE('',*,*,#2146,.F.);
#1298=ORIENTED_EDGE('',*,*,#2135,.F.);
#1299=ORIENTED_EDGE('',*,*,#1849,.F.);
#1300=ORIENTED_EDGE('',*,*,#2139,.F.);
#1301=ORIENTED_EDGE('',*,*,#2109,.F.);
#1302=ORIENTED_EDGE('',*,*,#2105,.F.);
#1303=ORIENTED_EDGE('',*,*,#1856,.F.);
#1304=ORIENTED_EDGE('',*,*,#2099,.F.);
#1305=ORIENTED_EDGE('',*,*,#2097,.F.);
#1306=ORIENTED_EDGE('',*,*,#2093,.F.);
#1307=ORIENTED_EDGE('',*,*,#1861,.F.);
#1308=ORIENTED_EDGE('',*,*,#2087,.F.);
#1309=ORIENTED_EDGE('',*,*,#2134,.F.);
#1310=ORIENTED_EDGE('',*,*,#2128,.F.);
#1311=ORIENTED_EDGE('',*,*,#1852,.F.);
#1312=ORIENTED_EDGE('',*,*,#2131,.F.);
#1313=ORIENTED_EDGE('',*,*,#1581,.F.);
#1314=ORIENTED_EDGE('',*,*,#1567,.T.);
#1315=ORIENTED_EDGE('',*,*,#2022,.F.);
#1316=ORIENTED_EDGE('',*,*,#2155,.T.);
#1317=ORIENTED_EDGE('',*,*,#1946,.T.);
#1318=ORIENTED_EDGE('',*,*,#1557,.T.);
#1319=ORIENTED_EDGE('',*,*,#1589,.F.);
#1320=ORIENTED_EDGE('',*,*,#1538,.F.);
#1321=ORIENTED_EDGE('',*,*,#1597,.F.);
#1322=ORIENTED_EDGE('',*,*,#1563,.T.);
#1323=ORIENTED_EDGE('',*,*,#2152,.F.);
#1324=ORIENTED_EDGE('',*,*,#2156,.F.);
#1325=ORIENTED_EDGE('',*,*,#2147,.F.);
#1326=ORIENTED_EDGE('',*,*,#1553,.T.);
#1327=ORIENTED_EDGE('',*,*,#1573,.F.);
#1328=ORIENTED_EDGE('',*,*,#1546,.F.);
#1329=ORIENTED_EDGE('',*,*,#2020,.T.);
#1330=ORIENTED_EDGE('',*,*,#1724,.T.);
#1331=ORIENTED_EDGE('',*,*,#2079,.F.);
#1332=ORIENTED_EDGE('',*,*,#1550,.F.);
#1333=ORIENTED_EDGE('',*,*,#2073,.F.);
#1334=ORIENTED_EDGE('',*,*,#1605,.T.);
#1335=ORIENTED_EDGE('',*,*,#2149,.F.);
#1336=ORIENTED_EDGE('',*,*,#2157,.F.);
#1337=ORIENTED_EDGE('',*,*,#2154,.F.);
#1338=ORIENTED_EDGE('',*,*,#1653,.T.);
#1339=ORIENTED_EDGE('',*,*,#2116,.F.);
#1340=ORIENTED_EDGE('',*,*,#1542,.F.);
#1341=ORIENTED_EDGE('',*,*,#2110,.F.);
#1342=ORIENTED_EDGE('',*,*,#1619,.T.);
#1343=ORIENTED_EDGE('',*,*,#1948,.F.);
#1344=ORIENTED_EDGE('',*,*,#2158,.T.);
#1345=ORIENTED_EDGE('',*,*,#2148,.F.);
#1346=ORIENTED_EDGE('',*,*,#2156,.T.);
#1347=ORIENTED_EDGE('',*,*,#2151,.F.);
#1348=ORIENTED_EDGE('',*,*,#2157,.T.);
#1349=ORIENTED_EDGE('',*,*,#2021,.F.);
#1350=ORIENTED_EDGE('',*,*,#2158,.F.);
#1351=ORIENTED_EDGE('',*,*,#1947,.F.);
#1352=ORIENTED_EDGE('',*,*,#2155,.F.);
#1353=ORIENTED_EDGE('',*,*,#1869,.F.);
#1354=ORIENTED_EDGE('',*,*,#1788,.F.);
#1355=ORIENTED_EDGE('',*,*,#2159,.F.);
#1356=ORIENTED_EDGE('',*,*,#1844,.F.);
#1357=ORIENTED_EDGE('',*,*,#2159,.T.);
#1358=ORIENTED_EDGE('',*,*,#1960,.F.);
#1359=ORIENTED_EDGE('',*,*,#2160,.F.);
#1360=ORIENTED_EDGE('',*,*,#1819,.F.);
#1361=ORIENTED_EDGE('',*,*,#1867,.F.);
#1362=ORIENTED_EDGE('',*,*,#1820,.F.);
#1363=ORIENTED_EDGE('',*,*,#2160,.T.);
#1364=ORIENTED_EDGE('',*,*,#1766,.F.);
#1365=ORIENTED_EDGE('',*,*,#1870,.F.);
#1366=ORIENTED_EDGE('',*,*,#1842,.F.);
#1367=ORIENTED_EDGE('',*,*,#2161,.F.);
#1368=ORIENTED_EDGE('',*,*,#1731,.F.);
#1369=ORIENTED_EDGE('',*,*,#2161,.T.);
#1370=ORIENTED_EDGE('',*,*,#1841,.F.);
#1371=ORIENTED_EDGE('',*,*,#2162,.F.);
#1372=ORIENTED_EDGE('',*,*,#2031,.F.);
#1373=ORIENTED_EDGE('',*,*,#2162,.T.);
#1374=ORIENTED_EDGE('',*,*,#1840,.F.);
#1375=ORIENTED_EDGE('',*,*,#1872,.F.);
#1376=ORIENTED_EDGE('',*,*,#1701,.F.);
#1377=ORIENTED_EDGE('',*,*,#2163,.T.);
#1378=ORIENTED_EDGE('',*,*,#2164,.T.);
#1379=ORIENTED_EDGE('',*,*,#2165,.T.);
#1380=ORIENTED_EDGE('',*,*,#2166,.T.);
#1381=ORIENTED_EDGE('',*,*,#2167,.F.);
#1382=ORIENTED_EDGE('',*,*,#2168,.T.);
#1383=ORIENTED_EDGE('',*,*,#2169,.T.);
#1384=ORIENTED_EDGE('',*,*,#2170,.F.);
#1385=ORIENTED_EDGE('',*,*,#2171,.T.);
#1386=ORIENTED_EDGE('',*,*,#2172,.F.);
#1387=ORIENTED_EDGE('',*,*,#2173,.F.);
#1388=ORIENTED_EDGE('',*,*,#2170,.T.);
#1389=ORIENTED_EDGE('',*,*,#2174,.T.);
#1390=ORIENTED_EDGE('',*,*,#2175,.T.);
#1391=ORIENTED_EDGE('',*,*,#2176,.F.);
#1392=ORIENTED_EDGE('',*,*,#2172,.T.);
#1393=ORIENTED_EDGE('',*,*,#2177,.T.);
#1394=ORIENTED_EDGE('',*,*,#2178,.T.);
#1395=ORIENTED_EDGE('',*,*,#2179,.T.);
#1396=ORIENTED_EDGE('',*,*,#2180,.T.);
#1397=ORIENTED_EDGE('',*,*,#2181,.F.);
#1398=ORIENTED_EDGE('',*,*,#2182,.T.);
#1399=ORIENTED_EDGE('',*,*,#2183,.T.);
#1400=ORIENTED_EDGE('',*,*,#2184,.F.);
#1401=ORIENTED_EDGE('',*,*,#2185,.T.);
#1402=ORIENTED_EDGE('',*,*,#2186,.F.);
#1403=ORIENTED_EDGE('',*,*,#2187,.F.);
#1404=ORIENTED_EDGE('',*,*,#2184,.T.);
#1405=ORIENTED_EDGE('',*,*,#2188,.T.);
#1406=ORIENTED_EDGE('',*,*,#2189,.T.);
#1407=ORIENTED_EDGE('',*,*,#2190,.F.);
#1408=ORIENTED_EDGE('',*,*,#2186,.T.);
#1409=ORIENTED_EDGE('',*,*,#2190,.T.);
#1410=ORIENTED_EDGE('',*,*,#2191,.T.);
#1411=ORIENTED_EDGE('',*,*,#2167,.T.);
#1412=ORIENTED_EDGE('',*,*,#2173,.T.);
#1413=ORIENTED_EDGE('',*,*,#2176,.T.);
#1414=ORIENTED_EDGE('',*,*,#2192,.T.);
#1415=ORIENTED_EDGE('',*,*,#2181,.T.);
#1416=ORIENTED_EDGE('',*,*,#2187,.T.);
#1417=ORIENTED_EDGE('',*,*,#2169,.F.);
#1418=ORIENTED_EDGE('',*,*,#2193,.T.);
#1419=ORIENTED_EDGE('',*,*,#2188,.F.);
#1420=ORIENTED_EDGE('',*,*,#2185,.F.);
#1421=ORIENTED_EDGE('',*,*,#2183,.F.);
#1422=ORIENTED_EDGE('',*,*,#2194,.T.);
#1423=ORIENTED_EDGE('',*,*,#2174,.F.);
#1424=ORIENTED_EDGE('',*,*,#2171,.F.);
#1425=ORIENTED_EDGE('',*,*,#2195,.F.);
#1426=ORIENTED_EDGE('',*,*,#2191,.F.);
#1427=ORIENTED_EDGE('',*,*,#2196,.F.);
#1428=ORIENTED_EDGE('',*,*,#2166,.F.);
#1429=ORIENTED_EDGE('',*,*,#2196,.T.);
#1430=ORIENTED_EDGE('',*,*,#2189,.F.);
#1431=ORIENTED_EDGE('',*,*,#2197,.F.);
#1432=ORIENTED_EDGE('',*,*,#2163,.F.);
#1433=ORIENTED_EDGE('',*,*,#2195,.T.);
#1434=ORIENTED_EDGE('',*,*,#2165,.F.);
#1435=ORIENTED_EDGE('',*,*,#2198,.F.);
#1436=ORIENTED_EDGE('',*,*,#2168,.F.);
#1437=ORIENTED_EDGE('',*,*,#2197,.T.);
#1438=ORIENTED_EDGE('',*,*,#2193,.F.);
#1439=ORIENTED_EDGE('',*,*,#2198,.T.);
#1440=ORIENTED_EDGE('',*,*,#2164,.F.);
#1441=ORIENTED_EDGE('',*,*,#2199,.F.);
#1442=ORIENTED_EDGE('',*,*,#2192,.F.);
#1443=ORIENTED_EDGE('',*,*,#2200,.F.);
#1444=ORIENTED_EDGE('',*,*,#2180,.F.);
#1445=ORIENTED_EDGE('',*,*,#2200,.T.);
#1446=ORIENTED_EDGE('',*,*,#2175,.F.);
#1447=ORIENTED_EDGE('',*,*,#2201,.F.);
#1448=ORIENTED_EDGE('',*,*,#2177,.F.);
#1449=ORIENTED_EDGE('',*,*,#2199,.T.);
#1450=ORIENTED_EDGE('',*,*,#2179,.F.);
#1451=ORIENTED_EDGE('',*,*,#2202,.F.);
#1452=ORIENTED_EDGE('',*,*,#2182,.F.);
#1453=ORIENTED_EDGE('',*,*,#2201,.T.);
#1454=ORIENTED_EDGE('',*,*,#2194,.F.);
#1455=ORIENTED_EDGE('',*,*,#2202,.T.);
#1456=ORIENTED_EDGE('',*,*,#2178,.F.);
#1457=ORIENTED_EDGE('',*,*,#2203,.T.);
#1458=ORIENTED_EDGE('',*,*,#2204,.T.);
#1459=ORIENTED_EDGE('',*,*,#2205,.T.);
#1460=ORIENTED_EDGE('',*,*,#2206,.T.);
#1461=ORIENTED_EDGE('',*,*,#2207,.F.);
#1462=ORIENTED_EDGE('',*,*,#2208,.T.);
#1463=ORIENTED_EDGE('',*,*,#2209,.T.);
#1464=ORIENTED_EDGE('',*,*,#2210,.F.);
#1465=ORIENTED_EDGE('',*,*,#2211,.T.);
#1466=ORIENTED_EDGE('',*,*,#2212,.F.);
#1467=ORIENTED_EDGE('',*,*,#2213,.F.);
#1468=ORIENTED_EDGE('',*,*,#2210,.T.);
#1469=ORIENTED_EDGE('',*,*,#2214,.T.);
#1470=ORIENTED_EDGE('',*,*,#2215,.T.);
#1471=ORIENTED_EDGE('',*,*,#2216,.F.);
#1472=ORIENTED_EDGE('',*,*,#2212,.T.);
#1473=ORIENTED_EDGE('',*,*,#2217,.T.);
#1474=ORIENTED_EDGE('',*,*,#2218,.T.);
#1475=ORIENTED_EDGE('',*,*,#2219,.T.);
#1476=ORIENTED_EDGE('',*,*,#2220,.T.);
#1477=ORIENTED_EDGE('',*,*,#2221,.F.);
#1478=ORIENTED_EDGE('',*,*,#2222,.T.);
#1479=ORIENTED_EDGE('',*,*,#2223,.T.);
#1480=ORIENTED_EDGE('',*,*,#2224,.F.);
#1481=ORIENTED_EDGE('',*,*,#2225,.T.);
#1482=ORIENTED_EDGE('',*,*,#2226,.F.);
#1483=ORIENTED_EDGE('',*,*,#2227,.F.);
#1484=ORIENTED_EDGE('',*,*,#2224,.T.);
#1485=ORIENTED_EDGE('',*,*,#2228,.T.);
#1486=ORIENTED_EDGE('',*,*,#2229,.T.);
#1487=ORIENTED_EDGE('',*,*,#2230,.F.);
#1488=ORIENTED_EDGE('',*,*,#2226,.T.);
#1489=ORIENTED_EDGE('',*,*,#2230,.T.);
#1490=ORIENTED_EDGE('',*,*,#2231,.T.);
#1491=ORIENTED_EDGE('',*,*,#2207,.T.);
#1492=ORIENTED_EDGE('',*,*,#2213,.T.);
#1493=ORIENTED_EDGE('',*,*,#2216,.T.);
#1494=ORIENTED_EDGE('',*,*,#2232,.T.);
#1495=ORIENTED_EDGE('',*,*,#2221,.T.);
#1496=ORIENTED_EDGE('',*,*,#2227,.T.);
#1497=ORIENTED_EDGE('',*,*,#2209,.F.);
#1498=ORIENTED_EDGE('',*,*,#2233,.T.);
#1499=ORIENTED_EDGE('',*,*,#2228,.F.);
#1500=ORIENTED_EDGE('',*,*,#2225,.F.);
#1501=ORIENTED_EDGE('',*,*,#2223,.F.);
#1502=ORIENTED_EDGE('',*,*,#2234,.T.);
#1503=ORIENTED_EDGE('',*,*,#2214,.F.);
#1504=ORIENTED_EDGE('',*,*,#2211,.F.);
#1505=ORIENTED_EDGE('',*,*,#2235,.F.);
#1506=ORIENTED_EDGE('',*,*,#2231,.F.);
#1507=ORIENTED_EDGE('',*,*,#2236,.F.);
#1508=ORIENTED_EDGE('',*,*,#2206,.F.);
#1509=ORIENTED_EDGE('',*,*,#2236,.T.);
#1510=ORIENTED_EDGE('',*,*,#2229,.F.);
#1511=ORIENTED_EDGE('',*,*,#2237,.F.);
#1512=ORIENTED_EDGE('',*,*,#2203,.F.);
#1513=ORIENTED_EDGE('',*,*,#2235,.T.);
#1514=ORIENTED_EDGE('',*,*,#2205,.F.);
#1515=ORIENTED_EDGE('',*,*,#2238,.F.);
#1516=ORIENTED_EDGE('',*,*,#2208,.F.);
#1517=ORIENTED_EDGE('',*,*,#2237,.T.);
#1518=ORIENTED_EDGE('',*,*,#2233,.F.);
#1519=ORIENTED_EDGE('',*,*,#2238,.T.);
#1520=ORIENTED_EDGE('',*,*,#2204,.F.);
#1521=ORIENTED_EDGE('',*,*,#2239,.F.);
#1522=ORIENTED_EDGE('',*,*,#2232,.F.);
#1523=ORIENTED_EDGE('',*,*,#2240,.F.);
#1524=ORIENTED_EDGE('',*,*,#2220,.F.);
#1525=ORIENTED_EDGE('',*,*,#2240,.T.);
#1526=ORIENTED_EDGE('',*,*,#2215,.F.);
#1527=ORIENTED_EDGE('',*,*,#2241,.F.);
#1528=ORIENTED_EDGE('',*,*,#2217,.F.);
#1529=ORIENTED_EDGE('',*,*,#2239,.T.);
#1530=ORIENTED_EDGE('',*,*,#2219,.F.);
#1531=ORIENTED_EDGE('',*,*,#2242,.F.);
#1532=ORIENTED_EDGE('',*,*,#2222,.F.);
#1533=ORIENTED_EDGE('',*,*,#2241,.T.);
#1534=ORIENTED_EDGE('',*,*,#2234,.F.);
#1535=ORIENTED_EDGE('',*,*,#2242,.T.);
#1536=ORIENTED_EDGE('',*,*,#2218,.F.);
#1537=EDGE_CURVE('',#2243,#2244,#2705,.T.);
#1538=EDGE_CURVE('',#2244,#2245,#2706,.T.);
#1539=EDGE_CURVE('',#2245,#2246,#2707,.T.);
#1540=EDGE_CURVE('',#2243,#2246,#2708,.T.);
#1541=EDGE_CURVE('',#2247,#2248,#2709,.T.);
#1542=EDGE_CURVE('',#2248,#2249,#2710,.T.);
#1543=EDGE_CURVE('',#2249,#2250,#2711,.T.);
#1544=EDGE_CURVE('',#2247,#2250,#2712,.T.);
#1545=EDGE_CURVE('',#2251,#2252,#2713,.T.);
#1546=EDGE_CURVE('',#2252,#2253,#2714,.T.);
#1547=EDGE_CURVE('',#2253,#2254,#2715,.T.);
#1548=EDGE_CURVE('',#2251,#2254,#2716,.T.);
#1549=EDGE_CURVE('',#2255,#2256,#2717,.T.);
#1550=EDGE_CURVE('',#2256,#2257,#2718,.T.);
#1551=EDGE_CURVE('',#2257,#2258,#2719,.T.);
#1552=EDGE_CURVE('',#2255,#2258,#2720,.T.);
#1553=EDGE_CURVE('',#2259,#2260,#2721,.T.);
#1554=EDGE_CURVE('',#2261,#2259,#2722,.T.);
#1555=EDGE_CURVE('',#2261,#2262,#2723,.T.);
#1556=EDGE_CURVE('',#2260,#2262,#2724,.T.);
#1557=EDGE_CURVE('',#2263,#2264,#2725,.T.);
#1558=EDGE_CURVE('',#2263,#2265,#2726,.T.);
#1559=EDGE_CURVE('',#2265,#2266,#2727,.T.);
#1560=EDGE_CURVE('',#2266,#2267,#2728,.T.);
#1561=EDGE_CURVE('',#2267,#2268,#2729,.T.);
#1562=EDGE_CURVE('',#2264,#2268,#2730,.T.);
#1563=EDGE_CURVE('',#2269,#2270,#2731,.T.);
#1564=EDGE_CURVE('',#2271,#2269,#2732,.T.);
#1565=EDGE_CURVE('',#2271,#2272,#2733,.T.);
#1566=EDGE_CURVE('',#2270,#2272,#2734,.T.);
#1567=EDGE_CURVE('',#2273,#2274,#2735,.T.);
#1568=EDGE_CURVE('',#2275,#2273,#2736,.T.);
#1569=EDGE_CURVE('',#2275,#2276,#2737,.T.);
#1570=EDGE_CURVE('',#2276,#2277,#2738,.T.);
#1571=EDGE_CURVE('',#2277,#2278,#2739,.T.);
#1572=EDGE_CURVE('',#2278,#2274,#2740,.T.);
#1573=EDGE_CURVE('',#2253,#2260,#2741,.T.);
#1574=EDGE_CURVE('',#2262,#2279,#2742,.T.);
#1575=EDGE_CURVE('',#2279,#2280,#2743,.T.);
#1576=EDGE_CURVE('',#2281,#2280,#2744,.T.);
#1577=EDGE_CURVE('',#2282,#2281,#2745,.T.);
#1578=EDGE_CURVE('',#2282,#2283,#2746,.T.);
#1579=EDGE_CURVE('',#2283,#2284,#2747,.T.);
#1580=EDGE_CURVE('',#2254,#2284,#2748,.T.);
#1581=EDGE_CURVE('',#2273,#2252,#2749,.T.);
#1582=EDGE_CURVE('',#2251,#2285,#2750,.T.);
#1583=EDGE_CURVE('',#2285,#2286,#2751,.T.);
#1584=EDGE_CURVE('',#2287,#2286,#2752,.T.);
#1585=EDGE_CURVE('',#2288,#2287,#2753,.T.);
#1586=EDGE_CURVE('',#2288,#2289,#2754,.T.);
#1587=EDGE_CURVE('',#2289,#2290,#2755,.T.);
#1588=EDGE_CURVE('',#2290,#2275,#2756,.T.);
#1589=EDGE_CURVE('',#2245,#2264,#2757,.T.);
#1590=EDGE_CURVE('',#2268,#2291,#2758,.T.);
#1591=EDGE_CURVE('',#2291,#2292,#2759,.T.);
#1592=EDGE_CURVE('',#2293,#2292,#2760,.T.);
#1593=EDGE_CURVE('',#2294,#2293,#2761,.T.);
#1594=EDGE_CURVE('',#2294,#2295,#2762,.T.);
#1595=EDGE_CURVE('',#2295,#2296,#2763,.T.);
#1596=EDGE_CURVE('',#2246,#2296,#2764,.T.);
#1597=EDGE_CURVE('',#2269,#2244,#2765,.T.);
#1598=EDGE_CURVE('',#2243,#2297,#2766,.T.);
#1599=EDGE_CURVE('',#2297,#2298,#2767,.T.);
#1600=EDGE_CURVE('',#2299,#2298,#2768,.T.);
#1601=EDGE_CURVE('',#2300,#2299,#2769,.T.);
#1602=EDGE_CURVE('',#2300,#2301,#2770,.T.);
#1603=EDGE_CURVE('',#2301,#2302,#2771,.T.);
#1604=EDGE_CURVE('',#2302,#2271,#2772,.T.);
#1605=EDGE_CURVE('',#2303,#2304,#2773,.T.);
#1606=EDGE_CURVE('',#2305,#2303,#2774,.T.);
#1607=EDGE_CURVE('',#2305,#2306,#2775,.T.);
#1608=EDGE_CURVE('',#2304,#2306,#2776,.T.);
#1609=EDGE_CURVE('',#2294,#2299,#2777,.T.);
#1610=EDGE_CURVE('',#2293,#2300,#2778,.T.);
#1611=EDGE_CURVE('',#2307,#2308,#2779,.T.);
#1612=EDGE_CURVE('',#2308,#2309,#2780,.F.);
#1613=EDGE_CURVE('',#2310,#2309,#2781,.T.);
#1614=EDGE_CURVE('',#2311,#2310,#2782,.T.);
#1615=EDGE_CURVE('',#2312,#2311,#2783,.T.);
#1616=EDGE_CURVE('',#2312,#2313,#2784,.T.);
#1617=EDGE_CURVE('',#2313,#2314,#2785,.T.);
#1618=EDGE_CURVE('',#2307,#2314,#2786,.T.);
#1619=EDGE_CURVE('',#2315,#2316,#2787,.T.);
#1620=EDGE_CURVE('',#2317,#2315,#2788,.T.);
#1621=EDGE_CURVE('',#2317,#2318,#2789,.T.);
#1622=EDGE_CURVE('',#2318,#2319,#2790,.T.);
#1623=EDGE_CURVE('',#2319,#2320,#2791,.T.);
#1624=EDGE_CURVE('',#2320,#2316,#2792,.T.);
#1625=EDGE_CURVE('',#2321,#2322,#2793,.T.);
#1626=EDGE_CURVE('',#2321,#2323,#2794,.F.);
#1627=EDGE_CURVE('',#2323,#2324,#2795,.T.);
#1628=EDGE_CURVE('',#2324,#2325,#2796,.T.);
#1629=EDGE_CURVE('',#2326,#2325,#2797,.T.);
#1630=EDGE_CURVE('',#2327,#2326,#2798,.T.);
#1631=EDGE_CURVE('',#2327,#2328,#2799,.T.);
#1632=EDGE_CURVE('',#2328,#2322,#2800,.T.);
#1633=EDGE_CURVE('',#2309,#2291,#81,.T.);
#1634=EDGE_CURVE('',#2267,#2329,#2801,.T.);
#1635=EDGE_CURVE('',#2329,#2330,#2802,.T.);
#1636=EDGE_CURVE('',#2330,#2331,#2803,.T.);
#1637=EDGE_CURVE('',#2310,#2331,#2804,.T.);
#1638=EDGE_CURVE('',#2317,#2332,#2805,.T.);
#1639=EDGE_CURVE('',#2332,#2321,#82,.F.);
#1640=EDGE_CURVE('',#2333,#2322,#2806,.T.);
#1641=EDGE_CURVE('',#2333,#2334,#2807,.T.);
#1642=EDGE_CURVE('',#2334,#2335,#2808,.T.);
#1643=EDGE_CURVE('',#2335,#2336,#2809,.T.);
#1644=EDGE_CURVE('',#2337,#2336,#2810,.T.);
#1645=EDGE_CURVE('',#2338,#2337,#2811,.T.);
#1646=EDGE_CURVE('',#2338,#2318,#2812,.T.);
#1647=EDGE_CURVE('',#2282,#2287,#2813,.T.);
#1648=EDGE_CURVE('',#2281,#2288,#2814,.T.);
#1649=EDGE_CURVE('',#2339,#2340,#2815,.T.);
#1650=EDGE_CURVE('',#2339,#2341,#2816,.F.);
#1651=EDGE_CURVE('',#2341,#2342,#2817,.T.);
#1652=EDGE_CURVE('',#2342,#2340,#2818,.F.);
#1653=EDGE_CURVE('',#2343,#2344,#2819,.T.);
#1654=EDGE_CURVE('',#2345,#2343,#2820,.T.);
#1655=EDGE_CURVE('',#2345,#2346,#2821,.T.);
#1656=EDGE_CURVE('',#2344,#2346,#2822,.T.);
#1657=EDGE_CURVE('',#2347,#2348,#2823,.T.);
#1658=EDGE_CURVE('',#2348,#2349,#2824,.F.);
#1659=EDGE_CURVE('',#2350,#2349,#2825,.T.);
#1660=EDGE_CURVE('',#2350,#2347,#2826,.F.);
#1661=EDGE_CURVE('',#2302,#2339,#83,.T.);
#1662=EDGE_CURVE('',#2340,#2279,#84,.T.);
#1663=EDGE_CURVE('',#2351,#2261,#2827,.T.);
#1664=EDGE_CURVE('',#2352,#2351,#2828,.T.);
#1665=EDGE_CURVE('',#2352,#2272,#2829,.T.);
#1666=EDGE_CURVE('',#2349,#2353,#85,.F.);
#1667=EDGE_CURVE('',#2353,#2346,#2830,.T.);
#1668=EDGE_CURVE('',#2354,#2345,#2831,.T.);
#1669=EDGE_CURVE('',#2355,#2354,#2832,.T.);
#1670=EDGE_CURVE('',#2355,#2306,#2833,.T.);
#1671=EDGE_CURVE('',#2305,#2356,#2834,.T.);
#1672=EDGE_CURVE('',#2356,#2350,#86,.F.);
#1673=EDGE_CURVE('',#2357,#2358,#2835,.T.);
#1674=EDGE_CURVE('',#2359,#2357,#2836,.T.);
#1675=EDGE_CURVE('',#2359,#2360,#2837,.T.);
#1676=EDGE_CURVE('',#2360,#2358,#2838,.T.);
#1677=EDGE_CURVE('',#2361,#2362,#2839,.T.);
#1678=EDGE_CURVE('',#2362,#2314,#2840,.T.);
#1679=EDGE_CURVE('',#2313,#2363,#2841,.T.);
#1680=EDGE_CURVE('',#2363,#2364,#2842,.T.);
#1681=EDGE_CURVE('',#2365,#2364,#2843,.T.);
#1682=EDGE_CURVE('',#2366,#2365,#2844,.T.);
#1683=EDGE_CURVE('',#2366,#2361,#2845,.T.);
#1684=EDGE_CURVE('',#2367,#2368,#2846,.T.);
#1685=EDGE_CURVE('',#2367,#2369,#2847,.F.);
#1686=EDGE_CURVE('',#2369,#2370,#2848,.T.);
#1687=EDGE_CURVE('',#2370,#2366,#2849,.T.);
#1688=EDGE_CURVE('',#2371,#2365,#2850,.T.);
#1689=EDGE_CURVE('',#2372,#2371,#2851,.T.);
#1690=EDGE_CURVE('',#2368,#2372,#2852,.T.);
#1691=EDGE_CURVE('',#2373,#2374,#2853,.T.);
#1692=EDGE_CURVE('',#2373,#2375,#2854,.T.);
#1693=EDGE_CURVE('',#2375,#2376,#87,.T.);
#1694=EDGE_CURVE('',#2377,#2376,#2855,.T.);
#1695=EDGE_CURVE('',#2374,#2377,#2856,.T.);
#1696=EDGE_CURVE('',#2378,#2379,#2857,.T.);
#1697=EDGE_CURVE('',#2380,#2379,#2858,.T.);
#1698=EDGE_CURVE('',#2381,#2380,#2859,.T.);
#1699=EDGE_CURVE('',#2378,#2381,#2860,.T.);
#1700=EDGE_CURVE('',#2382,#2383,#2861,.T.);
#1701=EDGE_CURVE('',#2383,#2384,#2862,.T.);
#1702=EDGE_CURVE('',#2384,#2385,#2863,.T.);
#1703=EDGE_CURVE('',#2385,#2386,#2864,.T.);
#1704=EDGE_CURVE('',#2386,#2387,#2865,.T.);
#1705=EDGE_CURVE('',#2387,#2388,#2866,.T.);
#1706=EDGE_CURVE('',#2388,#2389,#2867,.T.);
#1707=EDGE_CURVE('',#2389,#2390,#2868,.T.);
#1708=EDGE_CURVE('',#2390,#2391,#2869,.T.);
#1709=EDGE_CURVE('',#2391,#2392,#2870,.T.);
#1710=EDGE_CURVE('',#2392,#2393,#2871,.T.);
#1711=EDGE_CURVE('',#2393,#2368,#2872,.T.);
#1712=EDGE_CURVE('',#2394,#2372,#2873,.T.);
#1713=EDGE_CURVE('',#2394,#2395,#2874,.T.);
#1714=EDGE_CURVE('',#2395,#2396,#2875,.T.);
#1715=EDGE_CURVE('',#2396,#2397,#2876,.T.);
#1716=EDGE_CURVE('',#2398,#2397,#2877,.T.);
#1717=EDGE_CURVE('',#2398,#2399,#2878,.T.);
#1718=EDGE_CURVE('',#2399,#2400,#2879,.T.);
#1719=EDGE_CURVE('',#2400,#2401,#2880,.T.);
#1720=EDGE_CURVE('',#2401,#2402,#2881,.T.);
#1721=EDGE_CURVE('',#2402,#2403,#2882,.T.);
#1722=EDGE_CURVE('',#2403,#2381,#2883,.T.);
#1723=EDGE_CURVE('',#2382,#2380,#2884,.T.);
#1724=EDGE_CURVE('',#2404,#2405,#2885,.T.);
#1725=EDGE_CURVE('',#2404,#2406,#2886,.T.);
#1726=EDGE_CURVE('',#2406,#2407,#2887,.T.);
#1727=EDGE_CURVE('',#2407,#2408,#2888,.T.);
#1728=EDGE_CURVE('',#2408,#2409,#2889,.T.);
#1729=EDGE_CURVE('',#2405,#2409,#2890,.T.);
#1730=EDGE_CURVE('',#2410,#2411,#2891,.T.);
#1731=EDGE_CURVE('',#2410,#2412,#2892,.T.);
#1732=EDGE_CURVE('',#2413,#2412,#2893,.T.);
#1733=EDGE_CURVE('',#2379,#2413,#2894,.T.);
#1734=EDGE_CURVE('',#2414,#2378,#2895,.T.);
#1735=EDGE_CURVE('',#2415,#2414,#2896,.T.);
#1736=EDGE_CURVE('',#2416,#2415,#2897,.T.);
#1737=EDGE_CURVE('',#2417,#2416,#2898,.T.);
#1738=EDGE_CURVE('',#2417,#2418,#2899,.T.);
#1739=EDGE_CURVE('',#2418,#2419,#2900,.T.);
#1740=EDGE_CURVE('',#2420,#2419,#2901,.T.);
#1741=EDGE_CURVE('',#2420,#2421,#2902,.T.);
#1742=EDGE_CURVE('',#2421,#2422,#2903,.T.);
#1743=EDGE_CURVE('',#2422,#2423,#2904,.T.);
#1744=EDGE_CURVE('',#2424,#2423,#2905,.T.);
#1745=EDGE_CURVE('',#2425,#2424,#2906,.T.);
#1746=EDGE_CURVE('',#2426,#2425,#2907,.T.);
#1747=EDGE_CURVE('',#2427,#2426,#2908,.T.);
#1748=EDGE_CURVE('',#2428,#2427,#2909,.T.);
#1749=EDGE_CURVE('',#2429,#2428,#2910,.T.);
#1750=EDGE_CURVE('',#2430,#2429,#2911,.T.);
#1751=EDGE_CURVE('',#2431,#2430,#2912,.T.);
#1752=EDGE_CURVE('',#2411,#2431,#2913,.T.);
#1753=EDGE_CURVE('',#2432,#2433,#2914,.T.);
#1754=EDGE_CURVE('',#2433,#2394,#2915,.F.);
#1755=EDGE_CURVE('',#2432,#2371,#2916,.T.);
#1756=EDGE_CURVE('',#2434,#2435,#88,.T.);
#1757=EDGE_CURVE('',#2435,#2436,#2917,.T.);
#1758=EDGE_CURVE('',#2437,#2436,#2918,.T.);
#1759=EDGE_CURVE('',#2438,#2437,#2919,.T.);
#1760=EDGE_CURVE('',#2434,#2438,#2920,.T.);
#1761=EDGE_CURVE('',#2439,#2440,#2921,.T.);
#1762=EDGE_CURVE('',#2441,#2439,#2922,.T.);
#1763=EDGE_CURVE('',#2441,#2442,#2923,.T.);
#1764=EDGE_CURVE('',#2442,#2440,#2924,.T.);
#1765=EDGE_CURVE('',#2443,#2444,#2925,.T.);
#1766=EDGE_CURVE('',#2444,#2445,#2926,.T.);
#1767=EDGE_CURVE('',#2446,#2445,#2927,.T.);
#1768=EDGE_CURVE('',#2439,#2446,#2928,.T.);
#1769=EDGE_CURVE('',#2440,#2447,#2929,.T.);
#1770=EDGE_CURVE('',#2447,#2448,#2930,.T.);
#1771=EDGE_CURVE('',#2448,#2449,#2931,.T.);
#1772=EDGE_CURVE('',#2449,#2336,#2932,.T.);
#1773=EDGE_CURVE('',#2335,#2450,#2933,.T.);
#1774=EDGE_CURVE('',#2450,#2451,#2934,.T.);
#1775=EDGE_CURVE('',#2451,#2452,#2935,.T.);
#1776=EDGE_CURVE('',#2453,#2452,#2936,.T.);
#1777=EDGE_CURVE('',#2453,#2454,#2937,.T.);
#1778=EDGE_CURVE('',#2454,#2311,#2938,.T.);
#1779=EDGE_CURVE('',#2331,#2455,#2939,.T.);
#1780=EDGE_CURVE('',#2455,#2456,#2940,.T.);
#1781=EDGE_CURVE('',#2456,#2457,#2941,.T.);
#1782=EDGE_CURVE('',#2457,#2458,#2942,.T.);
#1783=EDGE_CURVE('',#2458,#2459,#2943,.T.);
#1784=EDGE_CURVE('',#2459,#2460,#2944,.T.);
#1785=EDGE_CURVE('',#2460,#2461,#2945,.T.);
#1786=EDGE_CURVE('',#2461,#2443,#2946,.T.);
#1787=EDGE_CURVE('',#2462,#2463,#2947,.T.);
#1788=EDGE_CURVE('',#2463,#2464,#2948,.T.);
#1789=EDGE_CURVE('',#2465,#2464,#2949,.T.);
#1790=EDGE_CURVE('',#2466,#2465,#2950,.T.);
#1791=EDGE_CURVE('',#2467,#2466,#2951,.T.);
#1792=EDGE_CURVE('',#2468,#2467,#2952,.T.);
#1793=EDGE_CURVE('',#2469,#2468,#2953,.T.);
#1794=EDGE_CURVE('',#2470,#2469,#2954,.T.);
#1795=EDGE_CURVE('',#2471,#2470,#2955,.T.);
#1796=EDGE_CURVE('',#2472,#2471,#2956,.T.);
#1797=EDGE_CURVE('',#2330,#2472,#2957,.T.);
#1798=EDGE_CURVE('',#2329,#2473,#2958,.T.);
#1799=EDGE_CURVE('',#2474,#2473,#2959,.T.);
#1800=EDGE_CURVE('',#2474,#2475,#2960,.T.);
#1801=EDGE_CURVE('',#2475,#2476,#2961,.T.);
#1802=EDGE_CURVE('',#2476,#2338,#2962,.T.);
#1803=EDGE_CURVE('',#2477,#2337,#2963,.T.);
#1804=EDGE_CURVE('',#2478,#2477,#2964,.T.);
#1805=EDGE_CURVE('',#2479,#2478,#2965,.T.);
#1806=EDGE_CURVE('',#2442,#2479,#2966,.T.);
#1807=EDGE_CURVE('',#2462,#2441,#2967,.T.);
#1808=EDGE_CURVE('',#2454,#2480,#2968,.T.);
#1809=EDGE_CURVE('',#2480,#2481,#2969,.T.);
#1810=EDGE_CURVE('',#2481,#2312,#2970,.T.);
#1811=EDGE_CURVE('',#2482,#2483,#2971,.T.);
#1812=EDGE_CURVE('',#2483,#2484,#2972,.F.);
#1813=EDGE_CURVE('',#2485,#2484,#2973,.T.);
#1814=EDGE_CURVE('',#2486,#2485,#2974,.T.);
#1815=EDGE_CURVE('',#2486,#2487,#2975,.T.);
#1816=EDGE_CURVE('',#2487,#2488,#2976,.T.);
#1817=EDGE_CURVE('',#2489,#2488,#2977,.T.);
#1818=EDGE_CURVE('',#2482,#2489,#2978,.T.);
#1819=EDGE_CURVE('',#2490,#2491,#2979,.T.);
#1820=EDGE_CURVE('',#2491,#2492,#2980,.T.);
#1821=EDGE_CURVE('',#2493,#2492,#2981,.T.);
#1822=EDGE_CURVE('',#2493,#2494,#2982,.T.);
#1823=EDGE_CURVE('',#2494,#2495,#2983,.T.);
#1824=EDGE_CURVE('',#2495,#2326,#2984,.T.);
#1825=EDGE_CURVE('',#2325,#2496,#2985,.T.);
#1826=EDGE_CURVE('',#2496,#2497,#2986,.T.);
#1827=EDGE_CURVE('',#2497,#2498,#2987,.T.);
#1828=EDGE_CURVE('',#2498,#2499,#2988,.T.);
#1829=EDGE_CURVE('',#2499,#2500,#2989,.T.);
#1830=EDGE_CURVE('',#2500,#2501,#2990,.T.);
#1831=EDGE_CURVE('',#2501,#2502,#2991,.T.);
#1832=EDGE_CURVE('',#2502,#2503,#2992,.T.);
#1833=EDGE_CURVE('',#2503,#2504,#2993,.T.);
#1834=EDGE_CURVE('',#2504,#2505,#2994,.T.);
#1835=EDGE_CURVE('',#2505,#2489,#2995,.T.);
#1836=EDGE_CURVE('',#2488,#2506,#2996,.T.);
#1837=EDGE_CURVE('',#2506,#2507,#2997,.T.);
#1838=EDGE_CURVE('',#2508,#2507,#2998,.T.);
#1839=EDGE_CURVE('',#2509,#2508,#2999,.T.);
#1840=EDGE_CURVE('',#2509,#2510,#3000,.T.);
#1841=EDGE_CURVE('',#2510,#2511,#3001,.T.);
#1842=EDGE_CURVE('',#2511,#2512,#3002,.T.);
#1843=EDGE_CURVE('',#2513,#2512,#3003,.T.);
#1844=EDGE_CURVE('',#2513,#2490,#3004,.T.);
#1845=EDGE_CURVE('',#2514,#2515,#3005,.T.);
#1846=EDGE_CURVE('',#2516,#2514,#3006,.T.);
#1847=EDGE_CURVE('',#2517,#2516,#3007,.T.);
#1848=EDGE_CURVE('',#2518,#2517,#3008,.T.);
#1849=EDGE_CURVE('',#2518,#2515,#3009,.F.);
#1850=EDGE_CURVE('',#2519,#2520,#3010,.T.);
#1851=EDGE_CURVE('',#2521,#2519,#3011,.T.);
#1852=EDGE_CURVE('',#2521,#2522,#3012,.F.);
#1853=EDGE_CURVE('',#2523,#2522,#3013,.T.);
#1854=EDGE_CURVE('',#2520,#2523,#3014,.T.);
#1855=EDGE_CURVE('',#2524,#2525,#3015,.T.);
#1856=EDGE_CURVE('',#2524,#2526,#3016,.F.);
#1857=EDGE_CURVE('',#2527,#2526,#3017,.T.);
#1858=EDGE_CURVE('',#2528,#2527,#3018,.T.);
#1859=EDGE_CURVE('',#2525,#2528,#3019,.T.);
#1860=EDGE_CURVE('',#2529,#2530,#3020,.T.);
#1861=EDGE_CURVE('',#2529,#2531,#3021,.F.);
#1862=EDGE_CURVE('',#2532,#2531,#3022,.T.);
#1863=EDGE_CURVE('',#2533,#2532,#3023,.T.);
#1864=EDGE_CURVE('',#2530,#2533,#3024,.T.);
#1865=EDGE_CURVE('',#2428,#2389,#3025,.T.);
#1866=EDGE_CURVE('',#2429,#2388,#3026,.T.);
#1867=EDGE_CURVE('',#2492,#2444,#3027,.F.);
#1868=EDGE_CURVE('',#2465,#2443,#3028,.T.);
#1869=EDGE_CURVE('',#2464,#2513,#3029,.T.);
#1870=EDGE_CURVE('',#2512,#2410,#3030,.T.);
#1871=EDGE_CURVE('',#2411,#2385,#3031,.T.);
#1872=EDGE_CURVE('',#2384,#2509,#3032,.T.);
#1873=EDGE_CURVE('',#2364,#2508,#3033,.T.);
#1874=EDGE_CURVE('',#2363,#2493,#3034,.T.);
#1875=EDGE_CURVE('',#2468,#2459,#3035,.T.);
#1876=EDGE_CURVE('',#2469,#2458,#3036,.T.);
#1877=EDGE_CURVE('',#2481,#2333,#3037,.T.);
#1878=EDGE_CURVE('',#2328,#2534,#3038,.T.);
#1879=EDGE_CURVE('',#2534,#2494,#3039,.T.);
#1880=EDGE_CURVE('',#2535,#2485,#3040,.T.);
#1881=EDGE_CURVE('',#2535,#2432,#3041,.T.);
#1882=EDGE_CURVE('',#2536,#2507,#3042,.T.);
#1883=EDGE_CURVE('',#2536,#2486,#3043,.T.);
#1884=EDGE_CURVE('',#2537,#2497,#3044,.T.);
#1885=EDGE_CURVE('',#2537,#2434,#3045,.T.);
#1886=EDGE_CURVE('',#2438,#2498,#3046,.T.);
#1887=EDGE_CURVE('',#2437,#2499,#3047,.T.);
#1888=EDGE_CURVE('',#2538,#2539,#3048,.T.);
#1889=EDGE_CURVE('',#2538,#2540,#89,.T.);
#1890=EDGE_CURVE('',#2540,#2541,#3049,.F.);
#1891=EDGE_CURVE('',#2541,#2542,#3050,.T.);
#1892=EDGE_CURVE('',#2542,#2543,#3051,.T.);
#1893=EDGE_CURVE('',#2543,#2500,#3052,.T.);
#1894=EDGE_CURVE('',#2544,#2436,#3053,.T.);
#1895=EDGE_CURVE('',#2544,#2545,#3054,.F.);
#1896=EDGE_CURVE('',#2545,#2539,#90,.T.);
#1897=EDGE_CURVE('',#2546,#2496,#3055,.T.);
#1898=EDGE_CURVE('',#2546,#2547,#3056,.T.);
#1899=EDGE_CURVE('',#2547,#2505,#3057,.T.);
#1900=EDGE_CURVE('',#2548,#2504,#3058,.T.);
#1901=EDGE_CURVE('',#2548,#2549,#3059,.T.);
#1902=EDGE_CURVE('',#2549,#2501,#3060,.T.);
#1903=EDGE_CURVE('',#2543,#2537,#3061,.T.);
#1904=EDGE_CURVE('',#2542,#2550,#3062,.T.);
#1905=EDGE_CURVE('',#2550,#2434,#91,.T.);
#1906=EDGE_CURVE('',#2534,#2551,#3063,.T.);
#1907=EDGE_CURVE('',#2551,#2495,#3064,.T.);
#1908=EDGE_CURVE('',#2551,#2327,#3065,.T.);
#1909=EDGE_CURVE('',#2479,#2447,#3066,.T.);
#1910=EDGE_CURVE('',#2478,#2448,#3067,.T.);
#1911=EDGE_CURVE('',#2477,#2449,#3068,.T.);
#1912=EDGE_CURVE('',#2290,#2367,#92,.T.);
#1913=EDGE_CURVE('',#2424,#2393,#3069,.T.);
#1914=EDGE_CURVE('',#2423,#2276,#3070,.T.);
#1915=EDGE_CURVE('',#2472,#2455,#3071,.T.);
#1916=EDGE_CURVE('',#2471,#2456,#3072,.T.);
#1917=EDGE_CURVE('',#2470,#2457,#3073,.T.);
#1918=EDGE_CURVE('',#2467,#2460,#3074,.T.);
#1919=EDGE_CURVE('',#2466,#2461,#3075,.T.);
#1920=EDGE_CURVE('',#2484,#2552,#93,.F.);
#1921=EDGE_CURVE('',#2552,#2409,#3076,.T.);
#1922=EDGE_CURVE('',#2408,#2418,#3077,.T.);
#1923=EDGE_CURVE('',#2400,#2417,#3078,.T.);
#1924=EDGE_CURVE('',#2399,#2553,#3079,.F.);
#1925=EDGE_CURVE('',#2553,#2535,#3080,.T.);
#1926=EDGE_CURVE('',#2324,#2546,#3081,.T.);
#1927=EDGE_CURVE('',#2547,#2482,#3082,.T.);
#1928=EDGE_CURVE('',#2554,#2555,#3083,.T.);
#1929=EDGE_CURVE('',#2555,#2348,#94,.F.);
#1930=EDGE_CURVE('',#2347,#2556,#95,.F.);
#1931=EDGE_CURVE('',#2557,#2556,#3084,.T.);
#1932=EDGE_CURVE('',#2558,#2557,#3085,.T.);
#1933=EDGE_CURVE('',#2558,#2559,#3086,.T.);
#1934=EDGE_CURVE('',#2559,#2483,#96,.F.);
#1935=EDGE_CURVE('',#2323,#2560,#97,.F.);
#1936=EDGE_CURVE('',#2561,#2560,#3087,.T.);
#1937=EDGE_CURVE('',#2554,#2561,#3088,.T.);
#1938=EDGE_CURVE('',#2480,#2562,#3089,.T.);
#1939=EDGE_CURVE('',#2562,#2563,#3090,.T.);
#1940=EDGE_CURVE('',#2563,#2564,#3091,.T.);
#1941=EDGE_CURVE('',#2564,#2565,#3092,.T.);
#1942=EDGE_CURVE('',#2565,#2334,#3093,.T.);
#1943=EDGE_CURVE('',#2319,#2476,#3094,.T.);
#1944=EDGE_CURVE('',#2475,#2566,#3095,.T.);
#1945=EDGE_CURVE('',#2566,#2320,#3096,.T.);
#1946=EDGE_CURVE('',#2567,#2263,#3097,.T.);
#1947=EDGE_CURVE('',#2567,#2568,#3098,.T.);
#1948=EDGE_CURVE('',#2568,#2316,#3099,.T.);
#1949=EDGE_CURVE('',#2566,#2569,#3100,.T.);
#1950=EDGE_CURVE('',#2569,#2265,#3101,.T.);
#1951=EDGE_CURVE('',#2473,#2266,#3102,.T.);
#1952=EDGE_CURVE('',#2569,#2474,#3103,.T.);
#1953=EDGE_CURVE('',#2562,#2453,#3104,.T.);
#1954=EDGE_CURVE('',#2452,#2570,#3105,.T.);
#1955=EDGE_CURVE('',#2563,#2570,#3106,.T.);
#1956=EDGE_CURVE('',#2570,#2571,#3107,.T.);
#1957=EDGE_CURVE('',#2564,#2571,#3108,.T.);
#1958=EDGE_CURVE('',#2450,#2565,#3109,.T.);
#1959=EDGE_CURVE('',#2571,#2451,#3110,.T.);
#1960=EDGE_CURVE('',#2445,#2463,#3111,.T.);
#1961=EDGE_CURVE('',#2446,#2462,#3112,.T.);
#1962=EDGE_CURVE('',#2572,#2573,#3113,.T.);
#1963=EDGE_CURVE('',#2572,#2544,#3114,.T.);
#1964=EDGE_CURVE('',#2574,#2435,#3115,.T.);
#1965=EDGE_CURVE('',#2574,#2573,#3116,.T.);
#1966=EDGE_CURVE('',#2541,#2575,#3117,.T.);
#1967=EDGE_CURVE('',#2575,#2576,#3118,.T.);
#1968=EDGE_CURVE('',#2576,#2577,#3119,.T.);
#1969=EDGE_CURVE('',#2577,#2550,#3120,.T.);
#1970=EDGE_CURVE('',#2577,#2574,#98,.T.);
#1971=EDGE_CURVE('',#2575,#2572,#99,.F.);
#1972=EDGE_CURVE('',#2573,#2576,#100,.T.);
#1973=EDGE_CURVE('',#2539,#2578,#3121,.F.);
#1974=EDGE_CURVE('',#2578,#2579,#101,.T.);
#1975=EDGE_CURVE('',#2579,#2538,#3122,.F.);
#1976=EDGE_CURVE('',#2540,#2580,#3123,.F.);
#1977=EDGE_CURVE('',#2580,#2575,#48,.T.);
#1978=EDGE_CURVE('',#2572,#2581,#49,.T.);
#1979=EDGE_CURVE('',#2581,#2545,#3124,.F.);
#1980=EDGE_CURVE('',#2581,#2582,#50,.T.);
#1981=EDGE_CURVE('',#2582,#2578,#51,.T.);
#1982=EDGE_CURVE('',#2579,#2583,#52,.F.);
#1983=EDGE_CURVE('',#2583,#2580,#53,.T.);
#1984=EDGE_CURVE('',#2583,#2582,#102,.F.);
#1985=EDGE_CURVE('',#2374,#2502,#3125,.T.);
#1986=EDGE_CURVE('',#2377,#2503,#3126,.T.);
#1987=EDGE_CURVE('',#2376,#2548,#3127,.T.);
#1988=EDGE_CURVE('',#2584,#2585,#3128,.F.);
#1989=EDGE_CURVE('',#2585,#2586,#103,.T.);
#1990=EDGE_CURVE('',#2587,#2586,#3129,.T.);
#1991=EDGE_CURVE('',#2587,#2588,#104,.T.);
#1992=EDGE_CURVE('',#2588,#2589,#3130,.F.);
#1993=EDGE_CURVE('',#2589,#2373,#3131,.T.);
#1994=EDGE_CURVE('',#2549,#2590,#3132,.T.);
#1995=EDGE_CURVE('',#2584,#2590,#3133,.T.);
#1996=EDGE_CURVE('',#2376,#2591,#105,.T.);
#1997=EDGE_CURVE('',#2591,#2590,#3134,.T.);
#1998=EDGE_CURVE('',#2592,#2506,#3135,.T.);
#1999=EDGE_CURVE('',#2592,#2536,#3136,.T.);
#2000=EDGE_CURVE('',#2487,#2592,#3137,.T.);
#2001=EDGE_CURVE('',#2416,#2401,#3138,.T.);
#2002=EDGE_CURVE('',#2431,#2386,#3139,.T.);
#2003=EDGE_CURVE('',#2430,#2387,#3140,.T.);
#2004=EDGE_CURVE('',#2427,#2390,#3141,.T.);
#2005=EDGE_CURVE('',#2426,#2391,#3142,.T.);
#2006=EDGE_CURVE('',#2425,#2392,#3143,.T.);
#2007=EDGE_CURVE('',#2415,#2402,#3144,.T.);
#2008=EDGE_CURVE('',#2414,#2403,#3145,.T.);
#2009=EDGE_CURVE('',#2593,#2594,#3146,.T.);
#2010=EDGE_CURVE('',#2594,#2433,#3147,.T.);
#2011=EDGE_CURVE('',#2553,#2595,#3148,.T.);
#2012=EDGE_CURVE('',#2595,#2596,#3149,.T.);
#2013=EDGE_CURVE('',#2596,#2593,#3150,.T.);
#2014=EDGE_CURVE('',#2419,#2407,#3151,.T.);
#2015=EDGE_CURVE('',#2597,#2406,#3152,.T.);
#2016=EDGE_CURVE('',#2597,#2420,#3153,.T.);
#2017=EDGE_CURVE('',#2277,#2422,#3154,.T.);
#2018=EDGE_CURVE('',#2421,#2598,#3155,.T.);
#2019=EDGE_CURVE('',#2598,#2278,#3156,.T.);
#2020=EDGE_CURVE('',#2599,#2404,#3157,.T.);
#2021=EDGE_CURVE('',#2599,#2600,#3158,.T.);
#2022=EDGE_CURVE('',#2600,#2274,#3159,.T.);
#2023=EDGE_CURVE('',#2598,#2597,#3160,.T.);
#2024=EDGE_CURVE('',#2596,#2601,#3161,.T.);
#2025=EDGE_CURVE('',#2601,#2602,#3162,.T.);
#2026=EDGE_CURVE('',#2593,#2602,#3163,.T.);
#2027=EDGE_CURVE('',#2395,#2594,#3164,.F.);
#2028=EDGE_CURVE('',#2602,#2396,#3165,.T.);
#2029=EDGE_CURVE('',#2595,#2398,#3166,.F.);
#2030=EDGE_CURVE('',#2397,#2601,#3167,.T.);
#2031=EDGE_CURVE('',#2412,#2383,#3168,.T.);
#2032=EDGE_CURVE('',#2413,#2382,#3169,.T.);
#2033=EDGE_CURVE('',#2589,#2603,#3170,.T.);
#2034=EDGE_CURVE('',#2603,#2604,#3171,.T.);
#2035=EDGE_CURVE('',#2604,#2605,#3172,.T.);
#2036=EDGE_CURVE('',#2605,#2375,#3173,.T.);
#2037=EDGE_CURVE('',#2605,#2606,#106,.T.);
#2038=EDGE_CURVE('',#2606,#2591,#3174,.T.);
#2039=EDGE_CURVE('',#2607,#2608,#3175,.T.);
#2040=EDGE_CURVE('',#2607,#2584,#3176,.T.);
#2041=EDGE_CURVE('',#2606,#2608,#3177,.T.);
#2042=EDGE_CURVE('',#2603,#2607,#107,.F.);
#2043=EDGE_CURVE('',#2608,#2604,#108,.T.);
#2044=EDGE_CURVE('',#2586,#2609,#3178,.F.);
#2045=EDGE_CURVE('',#2609,#2610,#109,.T.);
#2046=EDGE_CURVE('',#2610,#2587,#3179,.F.);
#2047=EDGE_CURVE('',#2607,#2611,#54,.T.);
#2048=EDGE_CURVE('',#2611,#2585,#3180,.F.);
#2049=EDGE_CURVE('',#2588,#2612,#3181,.F.);
#2050=EDGE_CURVE('',#2612,#2603,#55,.T.);
#2051=EDGE_CURVE('',#2610,#2613,#56,.F.);
#2052=EDGE_CURVE('',#2613,#2612,#57,.T.);
#2053=EDGE_CURVE('',#2611,#2614,#58,.T.);
#2054=EDGE_CURVE('',#2614,#2609,#59,.T.);
#2055=EDGE_CURVE('',#2613,#2614,#110,.F.);
#2056=EDGE_CURVE('',#2358,#2615,#3182,.T.);
#2057=EDGE_CURVE('',#2616,#2615,#3183,.T.);
#2058=EDGE_CURVE('',#2357,#2616,#3184,.T.);
#2059=EDGE_CURVE('',#2615,#2617,#3185,.T.);
#2060=EDGE_CURVE('',#2618,#2617,#3186,.T.);
#2061=EDGE_CURVE('',#2616,#2618,#3187,.T.);
#2062=EDGE_CURVE('',#2617,#2360,#111,.T.);
#2063=EDGE_CURVE('',#2618,#2359,#112,.T.);
#2064=EDGE_CURVE('',#2619,#2362,#3188,.T.);
#2065=EDGE_CURVE('',#2619,#2307,#3189,.T.);
#2066=EDGE_CURVE('',#2370,#2620,#3190,.T.);
#2067=EDGE_CURVE('',#2620,#2361,#3191,.T.);
#2068=EDGE_CURVE('',#2620,#2619,#3192,.T.);
#2069=EDGE_CURVE('',#2292,#2308,#113,.F.);
#2070=EDGE_CURVE('',#2369,#2289,#114,.F.);
#2071=EDGE_CURVE('',#2280,#2342,#115,.F.);
#2072=EDGE_CURVE('',#2341,#2301,#116,.F.);
#2073=EDGE_CURVE('',#2303,#2256,#3193,.T.);
#2074=EDGE_CURVE('',#2255,#2621,#3194,.T.);
#2075=EDGE_CURVE('',#2621,#2622,#3195,.T.);
#2076=EDGE_CURVE('',#2623,#2622,#3196,.T.);
#2077=EDGE_CURVE('',#2557,#2623,#3197,.T.);
#2078=EDGE_CURVE('',#2556,#2356,#3198,.T.);
#2079=EDGE_CURVE('',#2257,#2405,#3199,.T.);
#2080=EDGE_CURVE('',#2552,#2559,#3200,.T.);
#2081=EDGE_CURVE('',#2624,#2558,#3201,.T.);
#2082=EDGE_CURVE('',#2624,#2625,#3202,.T.);
#2083=EDGE_CURVE('',#2625,#2626,#3203,.T.);
#2084=EDGE_CURVE('',#2258,#2626,#3204,.T.);
#2085=EDGE_CURVE('',#2624,#2623,#3205,.T.);
#2086=EDGE_CURVE('',#2627,#2628,#3206,.T.);
#2087=EDGE_CURVE('',#2627,#2529,#3207,.T.);
#2088=EDGE_CURVE('',#2628,#2530,#3208,.T.);
#2089=EDGE_CURVE('',#2629,#2533,#3209,.T.);
#2090=EDGE_CURVE('',#2628,#2629,#3210,.T.);
#2091=EDGE_CURVE('',#2630,#2532,#3211,.T.);
#2092=EDGE_CURVE('',#2629,#2630,#3212,.T.);
#2093=EDGE_CURVE('',#2531,#2631,#3213,.T.);
#2094=EDGE_CURVE('',#2630,#2631,#3214,.T.);
#2095=EDGE_CURVE('',#2622,#2625,#3215,.T.);
#2096=EDGE_CURVE('',#2626,#2621,#3216,.T.);
#2097=EDGE_CURVE('',#2631,#2627,#3217,.F.);
#2098=EDGE_CURVE('',#2632,#2633,#3218,.T.);
#2099=EDGE_CURVE('',#2632,#2524,#3219,.T.);
#2100=EDGE_CURVE('',#2633,#2525,#3220,.T.);
#2101=EDGE_CURVE('',#2634,#2528,#3221,.T.);
#2102=EDGE_CURVE('',#2633,#2634,#3222,.T.);
#2103=EDGE_CURVE('',#2635,#2527,#3223,.T.);
#2104=EDGE_CURVE('',#2634,#2635,#3224,.T.);
#2105=EDGE_CURVE('',#2526,#2636,#3225,.T.);
#2106=EDGE_CURVE('',#2635,#2636,#3226,.T.);
#2107=EDGE_CURVE('',#2284,#2285,#3227,.T.);
#2108=EDGE_CURVE('',#2286,#2283,#3228,.T.);
#2109=EDGE_CURVE('',#2636,#2632,#3229,.F.);
#2110=EDGE_CURVE('',#2315,#2248,#3230,.T.);
#2111=EDGE_CURVE('',#2247,#2637,#3231,.T.);
#2112=EDGE_CURVE('',#2637,#2638,#3232,.T.);
#2113=EDGE_CURVE('',#2639,#2638,#3233,.T.);
#2114=EDGE_CURVE('',#2561,#2639,#3234,.T.);
#2115=EDGE_CURVE('',#2560,#2332,#3235,.T.);
#2116=EDGE_CURVE('',#2249,#2344,#3236,.T.);
#2117=EDGE_CURVE('',#2353,#2555,#3237,.T.);
#2118=EDGE_CURVE('',#2640,#2554,#3238,.T.);
#2119=EDGE_CURVE('',#2640,#2641,#3239,.T.);
#2120=EDGE_CURVE('',#2641,#2642,#3240,.T.);
#2121=EDGE_CURVE('',#2250,#2642,#3241,.T.);
#2122=EDGE_CURVE('',#2640,#2639,#3242,.T.);
#2123=EDGE_CURVE('',#2643,#2520,#3243,.T.);
#2124=EDGE_CURVE('',#2644,#2643,#3244,.T.);
#2125=EDGE_CURVE('',#2644,#2519,#3245,.T.);
#2126=EDGE_CURVE('',#2645,#2523,#3246,.T.);
#2127=EDGE_CURVE('',#2643,#2645,#3247,.T.);
#2128=EDGE_CURVE('',#2522,#2646,#3248,.T.);
#2129=EDGE_CURVE('',#2645,#2646,#3249,.T.);
#2130=EDGE_CURVE('',#2647,#2644,#3250,.T.);
#2131=EDGE_CURVE('',#2647,#2521,#3251,.T.);
#2132=EDGE_CURVE('',#2638,#2641,#3252,.T.);
#2133=EDGE_CURVE('',#2642,#2637,#3253,.T.);
#2134=EDGE_CURVE('',#2646,#2647,#3254,.F.);
#2135=EDGE_CURVE('',#2515,#2648,#3255,.T.);
#2136=EDGE_CURVE('',#2649,#2648,#3256,.T.);
#2137=EDGE_CURVE('',#2649,#2514,#3257,.T.);
#2138=EDGE_CURVE('',#2650,#2651,#3258,.T.);
#2139=EDGE_CURVE('',#2650,#2518,#3259,.T.);
#2140=EDGE_CURVE('',#2651,#2517,#3260,.T.);
#2141=EDGE_CURVE('',#2652,#2516,#3261,.T.);
#2142=EDGE_CURVE('',#2651,#2652,#3262,.T.);
#2143=EDGE_CURVE('',#2652,#2649,#3263,.T.);
#2144=EDGE_CURVE('',#2296,#2297,#3264,.T.);
#2145=EDGE_CURVE('',#2298,#2295,#3265,.T.);
#2146=EDGE_CURVE('',#2648,#2650,#3266,.F.);
#2147=EDGE_CURVE('',#2259,#2653,#3267,.T.);
#2148=EDGE_CURVE('',#2653,#2654,#3268,.T.);
#2149=EDGE_CURVE('',#2654,#2304,#3269,.T.);
#2150=EDGE_CURVE('',#2351,#2355,#3270,.T.);
#2151=EDGE_CURVE('',#2655,#2656,#3271,.T.);
#2152=EDGE_CURVE('',#2656,#2270,#3272,.T.);
#2153=EDGE_CURVE('',#2354,#2352,#3273,.T.);
#2154=EDGE_CURVE('',#2343,#2655,#3274,.T.);
#2155=EDGE_CURVE('',#2600,#2567,#3275,.T.);
#2156=EDGE_CURVE('',#2653,#2656,#3276,.T.);
#2157=EDGE_CURVE('',#2655,#2654,#3277,.T.);
#2158=EDGE_CURVE('',#2568,#2599,#3278,.T.);
#2159=EDGE_CURVE('',#2490,#2463,#3279,.T.);
#2160=EDGE_CURVE('',#2491,#2445,#3280,.T.);
#2161=EDGE_CURVE('',#2412,#2511,#3281,.F.);
#2162=EDGE_CURVE('',#2383,#2510,#3282,.F.);
#2163=EDGE_CURVE('',#2657,#2658,#3283,.T.);
#2164=EDGE_CURVE('',#2658,#2659,#3284,.T.);
#2165=EDGE_CURVE('',#2659,#2660,#3285,.T.);
#2166=EDGE_CURVE('',#2660,#2657,#3286,.T.);
#2167=EDGE_CURVE('',#2661,#2662,#3287,.T.);
#2168=EDGE_CURVE('',#2661,#2663,#3288,.T.);
#2169=EDGE_CURVE('',#2663,#2664,#3289,.T.);
#2170=EDGE_CURVE('',#2662,#2664,#3290,.T.);
#2171=EDGE_CURVE('',#2664,#2665,#117,.T.);
#2172=EDGE_CURVE('',#2666,#2665,#3291,.T.);
#2173=EDGE_CURVE('',#2662,#2666,#118,.T.);
#2174=EDGE_CURVE('',#2665,#2667,#3292,.T.);
#2175=EDGE_CURVE('',#2667,#2668,#3293,.T.);
#2176=EDGE_CURVE('',#2666,#2668,#3294,.T.);
#2177=EDGE_CURVE('',#2669,#2670,#3295,.T.);
#2178=EDGE_CURVE('',#2670,#2671,#3296,.T.);
#2179=EDGE_CURVE('',#2671,#2672,#3297,.T.);
#2180=EDGE_CURVE('',#2672,#2669,#3298,.T.);
#2181=EDGE_CURVE('',#2673,#2674,#3299,.T.);
#2182=EDGE_CURVE('',#2673,#2675,#3300,.T.);
#2183=EDGE_CURVE('',#2675,#2676,#3301,.T.);
#2184=EDGE_CURVE('',#2674,#2676,#3302,.T.);
#2185=EDGE_CURVE('',#2676,#2677,#119,.T.);
#2186=EDGE_CURVE('',#2678,#2677,#3303,.T.);
#2187=EDGE_CURVE('',#2674,#2678,#120,.T.);
#2188=EDGE_CURVE('',#2677,#2679,#3304,.T.);
#2189=EDGE_CURVE('',#2679,#2680,#3305,.T.);
#2190=EDGE_CURVE('',#2678,#2680,#3306,.T.);
#2191=EDGE_CURVE('',#2680,#2661,#3307,.T.);
#2192=EDGE_CURVE('',#2668,#2673,#3308,.T.);
#2193=EDGE_CURVE('',#2663,#2679,#3309,.T.);
#2194=EDGE_CURVE('',#2675,#2667,#3310,.T.);
#2195=EDGE_CURVE('',#2661,#2660,#3311,.T.);
#2196=EDGE_CURVE('',#2657,#2680,#3312,.F.);
#2197=EDGE_CURVE('',#2658,#2679,#3313,.F.);
#2198=EDGE_CURVE('',#2663,#2659,#3314,.F.);
#2199=EDGE_CURVE('',#2673,#2672,#3315,.F.);
#2200=EDGE_CURVE('',#2669,#2668,#3316,.T.);
#2201=EDGE_CURVE('',#2670,#2667,#3317,.F.);
#2202=EDGE_CURVE('',#2675,#2671,#3318,.F.);
#2203=EDGE_CURVE('',#2681,#2682,#3319,.T.);
#2204=EDGE_CURVE('',#2682,#2683,#3320,.T.);
#2205=EDGE_CURVE('',#2683,#2684,#3321,.T.);
#2206=EDGE_CURVE('',#2684,#2681,#3322,.T.);
#2207=EDGE_CURVE('',#2685,#2686,#3323,.T.);
#2208=EDGE_CURVE('',#2685,#2687,#3324,.T.);
#2209=EDGE_CURVE('',#2687,#2688,#3325,.T.);
#2210=EDGE_CURVE('',#2686,#2688,#3326,.T.);
#2211=EDGE_CURVE('',#2688,#2689,#121,.T.);
#2212=EDGE_CURVE('',#2690,#2689,#3327,.T.);
#2213=EDGE_CURVE('',#2686,#2690,#122,.T.);
#2214=EDGE_CURVE('',#2689,#2691,#3328,.T.);
#2215=EDGE_CURVE('',#2691,#2692,#3329,.T.);
#2216=EDGE_CURVE('',#2690,#2692,#3330,.T.);
#2217=EDGE_CURVE('',#2693,#2694,#3331,.T.);
#2218=EDGE_CURVE('',#2694,#2695,#3332,.T.);
#2219=EDGE_CURVE('',#2695,#2696,#3333,.T.);
#2220=EDGE_CURVE('',#2696,#2693,#3334,.T.);
#2221=EDGE_CURVE('',#2697,#2698,#3335,.T.);
#2222=EDGE_CURVE('',#2697,#2699,#3336,.T.);
#2223=EDGE_CURVE('',#2699,#2700,#3337,.T.);
#2224=EDGE_CURVE('',#2698,#2700,#3338,.T.);
#2225=EDGE_CURVE('',#2700,#2701,#123,.T.);
#2226=EDGE_CURVE('',#2702,#2701,#3339,.T.);
#2227=EDGE_CURVE('',#2698,#2702,#124,.T.);
#2228=EDGE_CURVE('',#2701,#2703,#3340,.T.);
#2229=EDGE_CURVE('',#2703,#2704,#3341,.T.);
#2230=EDGE_CURVE('',#2702,#2704,#3342,.T.);
#2231=EDGE_CURVE('',#2704,#2685,#3343,.T.);
#2232=EDGE_CURVE('',#2692,#2697,#3344,.T.);
#2233=EDGE_CURVE('',#2687,#2703,#3345,.T.);
#2234=EDGE_CURVE('',#2699,#2691,#3346,.T.);
#2235=EDGE_CURVE('',#2685,#2684,#3347,.T.);
#2236=EDGE_CURVE('',#2681,#2704,#3348,.F.);
#2237=EDGE_CURVE('',#2682,#2703,#3349,.F.);
#2238=EDGE_CURVE('',#2687,#2683,#3350,.F.);
#2239=EDGE_CURVE('',#2697,#2696,#3351,.F.);
#2240=EDGE_CURVE('',#2693,#2692,#3352,.T.);
#2241=EDGE_CURVE('',#2694,#2691,#3353,.F.);
#2242=EDGE_CURVE('',#2699,#2695,#3354,.F.);
#2243=VERTEX_POINT('',#6543);
#2244=VERTEX_POINT('',#6544);
#2245=VERTEX_POINT('',#6546);
#2246=VERTEX_POINT('',#6548);
#2247=VERTEX_POINT('',#6552);
#2248=VERTEX_POINT('',#6553);
#2249=VERTEX_POINT('',#6555);
#2250=VERTEX_POINT('',#6557);
#2251=VERTEX_POINT('',#6561);
#2252=VERTEX_POINT('',#6562);
#2253=VERTEX_POINT('',#6564);
#2254=VERTEX_POINT('',#6566);
#2255=VERTEX_POINT('',#6570);
#2256=VERTEX_POINT('',#6571);
#2257=VERTEX_POINT('',#6573);
#2258=VERTEX_POINT('',#6575);
#2259=VERTEX_POINT('',#6579);
#2260=VERTEX_POINT('',#6580);
#2261=VERTEX_POINT('',#6582);
#2262=VERTEX_POINT('',#6584);
#2263=VERTEX_POINT('',#6588);
#2264=VERTEX_POINT('',#6589);
#2265=VERTEX_POINT('',#6591);
#2266=VERTEX_POINT('',#6593);
#2267=VERTEX_POINT('',#6595);
#2268=VERTEX_POINT('',#6597);
#2269=VERTEX_POINT('',#6601);
#2270=VERTEX_POINT('',#6602);
#2271=VERTEX_POINT('',#6604);
#2272=VERTEX_POINT('',#6606);
#2273=VERTEX_POINT('',#6610);
#2274=VERTEX_POINT('',#6611);
#2275=VERTEX_POINT('',#6613);
#2276=VERTEX_POINT('',#6615);
#2277=VERTEX_POINT('',#6617);
#2278=VERTEX_POINT('',#6619);
#2279=VERTEX_POINT('',#6624);
#2280=VERTEX_POINT('',#6626);
#2281=VERTEX_POINT('',#6628);
#2282=VERTEX_POINT('',#6630);
#2283=VERTEX_POINT('',#6632);
#2284=VERTEX_POINT('',#6634);
#2285=VERTEX_POINT('',#6639);
#2286=VERTEX_POINT('',#6641);
#2287=VERTEX_POINT('',#6643);
#2288=VERTEX_POINT('',#6645);
#2289=VERTEX_POINT('',#6647);
#2290=VERTEX_POINT('',#6649);
#2291=VERTEX_POINT('',#6654);
#2292=VERTEX_POINT('',#6656);
#2293=VERTEX_POINT('',#6658);
#2294=VERTEX_POINT('',#6660);
#2295=VERTEX_POINT('',#6662);
#2296=VERTEX_POINT('',#6664);
#2297=VERTEX_POINT('',#6669);
#2298=VERTEX_POINT('',#6671);
#2299=VERTEX_POINT('',#6673);
#2300=VERTEX_POINT('',#6675);
#2301=VERTEX_POINT('',#6677);
#2302=VERTEX_POINT('',#6679);
#2303=VERTEX_POINT('',#6683);
#2304=VERTEX_POINT('',#6684);
#2305=VERTEX_POINT('',#6686);
#2306=VERTEX_POINT('',#6688);
#2307=VERTEX_POINT('',#6695);
#2308=VERTEX_POINT('',#6696);
#2309=VERTEX_POINT('',#6698);
#2310=VERTEX_POINT('',#6700);
#2311=VERTEX_POINT('',#6702);
#2312=VERTEX_POINT('',#6704);
#2313=VERTEX_POINT('',#6706);
#2314=VERTEX_POINT('',#6708);
#2315=VERTEX_POINT('',#6712);
#2316=VERTEX_POINT('',#6713);
#2317=VERTEX_POINT('',#6715);
#2318=VERTEX_POINT('',#6717);
#2319=VERTEX_POINT('',#6719);
#2320=VERTEX_POINT('',#6721);
#2321=VERTEX_POINT('',#6725);
#2322=VERTEX_POINT('',#6726);
#2323=VERTEX_POINT('',#6728);
#2324=VERTEX_POINT('',#6730);
#2325=VERTEX_POINT('',#6732);
#2326=VERTEX_POINT('',#6734);
#2327=VERTEX_POINT('',#6736);
#2328=VERTEX_POINT('',#6738);
#2329=VERTEX_POINT('',#6743);
#2330=VERTEX_POINT('',#6745);
#2331=VERTEX_POINT('',#6747);
#2332=VERTEX_POINT('',#6751);
#2333=VERTEX_POINT('',#6754);
#2334=VERTEX_POINT('',#6756);
#2335=VERTEX_POINT('',#6758);
#2336=VERTEX_POINT('',#6760);
#2337=VERTEX_POINT('',#6762);
#2338=VERTEX_POINT('',#6764);
#2339=VERTEX_POINT('',#6771);
#2340=VERTEX_POINT('',#6772);
#2341=VERTEX_POINT('',#6774);
#2342=VERTEX_POINT('',#6776);
#2343=VERTEX_POINT('',#6780);
#2344=VERTEX_POINT('',#6781);
#2345=VERTEX_POINT('',#6783);
#2346=VERTEX_POINT('',#6785);
#2347=VERTEX_POINT('',#6789);
#2348=VERTEX_POINT('',#6790);
#2349=VERTEX_POINT('',#6792);
#2350=VERTEX_POINT('',#6794);
#2351=VERTEX_POINT('',#6800);
#2352=VERTEX_POINT('',#6802);
#2353=VERTEX_POINT('',#6806);
#2354=VERTEX_POINT('',#6809);
#2355=VERTEX_POINT('',#6811);
#2356=VERTEX_POINT('',#6814);
#2357=VERTEX_POINT('',#6818);
#2358=VERTEX_POINT('',#6819);
#2359=VERTEX_POINT('',#6821);
#2360=VERTEX_POINT('',#6823);
#2361=VERTEX_POINT('',#6826);
#2362=VERTEX_POINT('',#6827);
#2363=VERTEX_POINT('',#6830);
#2364=VERTEX_POINT('',#6832);
#2365=VERTEX_POINT('',#6834);
#2366=VERTEX_POINT('',#6836);
#2367=VERTEX_POINT('',#6840);
#2368=VERTEX_POINT('',#6841);
#2369=VERTEX_POINT('',#6843);
#2370=VERTEX_POINT('',#6845);
#2371=VERTEX_POINT('',#6848);
#2372=VERTEX_POINT('',#6850);
#2373=VERTEX_POINT('',#6854);
#2374=VERTEX_POINT('',#6855);
#2375=VERTEX_POINT('',#6857);
#2376=VERTEX_POINT('',#6859);
#2377=VERTEX_POINT('',#6861);
#2378=VERTEX_POINT('',#6865);
#2379=VERTEX_POINT('',#6866);
#2380=VERTEX_POINT('',#6868);
#2381=VERTEX_POINT('',#6870);
#2382=VERTEX_POINT('',#6874);
#2383=VERTEX_POINT('',#6875);
#2384=VERTEX_POINT('',#6877);
#2385=VERTEX_POINT('',#6879);
#2386=VERTEX_POINT('',#6881);
#2387=VERTEX_POINT('',#6883);
#2388=VERTEX_POINT('',#6885);
#2389=VERTEX_POINT('',#6887);
#2390=VERTEX_POINT('',#6889);
#2391=VERTEX_POINT('',#6891);
#2392=VERTEX_POINT('',#6893);
#2393=VERTEX_POINT('',#6895);
#2394=VERTEX_POINT('',#6898);
#2395=VERTEX_POINT('',#6900);
#2396=VERTEX_POINT('',#6902);
#2397=VERTEX_POINT('',#6904);
#2398=VERTEX_POINT('',#6906);
#2399=VERTEX_POINT('',#6908);
#2400=VERTEX_POINT('',#6910);
#2401=VERTEX_POINT('',#6912);
#2402=VERTEX_POINT('',#6914);
#2403=VERTEX_POINT('',#6916);
#2404=VERTEX_POINT('',#6921);
#2405=VERTEX_POINT('',#6922);
#2406=VERTEX_POINT('',#6924);
#2407=VERTEX_POINT('',#6926);
#2408=VERTEX_POINT('',#6928);
#2409=VERTEX_POINT('',#6930);
#2410=VERTEX_POINT('',#6934);
#2411=VERTEX_POINT('',#6935);
#2412=VERTEX_POINT('',#6937);
#2413=VERTEX_POINT('',#6939);
#2414=VERTEX_POINT('',#6942);
#2415=VERTEX_POINT('',#6944);
#2416=VERTEX_POINT('',#6946);
#2417=VERTEX_POINT('',#6948);
#2418=VERTEX_POINT('',#6950);
#2419=VERTEX_POINT('',#6952);
#2420=VERTEX_POINT('',#6954);
#2421=VERTEX_POINT('',#6956);
#2422=VERTEX_POINT('',#6958);
#2423=VERTEX_POINT('',#6960);
#2424=VERTEX_POINT('',#6962);
#2425=VERTEX_POINT('',#6964);
#2426=VERTEX_POINT('',#6966);
#2427=VERTEX_POINT('',#6968);
#2428=VERTEX_POINT('',#6970);
#2429=VERTEX_POINT('',#6972);
#2430=VERTEX_POINT('',#6974);
#2431=VERTEX_POINT('',#6976);
#2432=VERTEX_POINT('',#6980);
#2433=VERTEX_POINT('',#6981);
#2434=VERTEX_POINT('',#6986);
#2435=VERTEX_POINT('',#6987);
#2436=VERTEX_POINT('',#6989);
#2437=VERTEX_POINT('',#6991);
#2438=VERTEX_POINT('',#6993);
#2439=VERTEX_POINT('',#6997);
#2440=VERTEX_POINT('',#6998);
#2441=VERTEX_POINT('',#7000);
#2442=VERTEX_POINT('',#7002);
#2443=VERTEX_POINT('',#7006);
#2444=VERTEX_POINT('',#7007);
#2445=VERTEX_POINT('',#7009);
#2446=VERTEX_POINT('',#7011);
#2447=VERTEX_POINT('',#7014);
#2448=VERTEX_POINT('',#7016);
#2449=VERTEX_POINT('',#7018);
#2450=VERTEX_POINT('',#7021);
#2451=VERTEX_POINT('',#7023);
#2452=VERTEX_POINT('',#7025);
#2453=VERTEX_POINT('',#7027);
#2454=VERTEX_POINT('',#7029);
#2455=VERTEX_POINT('',#7032);
#2456=VERTEX_POINT('',#7034);
#2457=VERTEX_POINT('',#7036);
#2458=VERTEX_POINT('',#7038);
#2459=VERTEX_POINT('',#7040);
#2460=VERTEX_POINT('',#7042);
#2461=VERTEX_POINT('',#7044);
#2462=VERTEX_POINT('',#7048);
#2463=VERTEX_POINT('',#7049);
#2464=VERTEX_POINT('',#7051);
#2465=VERTEX_POINT('',#7053);
#2466=VERTEX_POINT('',#7055);
#2467=VERTEX_POINT('',#7057);
#2468=VERTEX_POINT('',#7059);
#2469=VERTEX_POINT('',#7061);
#2470=VERTEX_POINT('',#7063);
#2471=VERTEX_POINT('',#7065);
#2472=VERTEX_POINT('',#7067);
#2473=VERTEX_POINT('',#7070);
#2474=VERTEX_POINT('',#7072);
#2475=VERTEX_POINT('',#7074);
#2476=VERTEX_POINT('',#7076);
#2477=VERTEX_POINT('',#7079);
#2478=VERTEX_POINT('',#7081);
#2479=VERTEX_POINT('',#7083);
#2480=VERTEX_POINT('',#7088);
#2481=VERTEX_POINT('',#7090);
#2482=VERTEX_POINT('',#7094);
#2483=VERTEX_POINT('',#7095);
#2484=VERTEX_POINT('',#7097);
#2485=VERTEX_POINT('',#7099);
#2486=VERTEX_POINT('',#7101);
#2487=VERTEX_POINT('',#7103);
#2488=VERTEX_POINT('',#7105);
#2489=VERTEX_POINT('',#7107);
#2490=VERTEX_POINT('',#7111);
#2491=VERTEX_POINT('',#7112);
#2492=VERTEX_POINT('',#7114);
#2493=VERTEX_POINT('',#7116);
#2494=VERTEX_POINT('',#7118);
#2495=VERTEX_POINT('',#7120);
#2496=VERTEX_POINT('',#7123);
#2497=VERTEX_POINT('',#7125);
#2498=VERTEX_POINT('',#7127);
#2499=VERTEX_POINT('',#7129);
#2500=VERTEX_POINT('',#7131);
#2501=VERTEX_POINT('',#7133);
#2502=VERTEX_POINT('',#7135);
#2503=VERTEX_POINT('',#7137);
#2504=VERTEX_POINT('',#7139);
#2505=VERTEX_POINT('',#7141);
#2506=VERTEX_POINT('',#7144);
#2507=VERTEX_POINT('',#7146);
#2508=VERTEX_POINT('',#7148);
#2509=VERTEX_POINT('',#7150);
#2510=VERTEX_POINT('',#7152);
#2511=VERTEX_POINT('',#7154);
#2512=VERTEX_POINT('',#7156);
#2513=VERTEX_POINT('',#7158);
#2514=VERTEX_POINT('',#7162);
#2515=VERTEX_POINT('',#7163);
#2516=VERTEX_POINT('',#7165);
#2517=VERTEX_POINT('',#7167);
#2518=VERTEX_POINT('',#7169);
#2519=VERTEX_POINT('',#7172);
#2520=VERTEX_POINT('',#7173);
#2521=VERTEX_POINT('',#7175);
#2522=VERTEX_POINT('',#7177);
#2523=VERTEX_POINT('',#7179);
#2524=VERTEX_POINT('',#7182);
#2525=VERTEX_POINT('',#7183);
#2526=VERTEX_POINT('',#7185);
#2527=VERTEX_POINT('',#7187);
#2528=VERTEX_POINT('',#7189);
#2529=VERTEX_POINT('',#7192);
#2530=VERTEX_POINT('',#7193);
#2531=VERTEX_POINT('',#7195);
#2532=VERTEX_POINT('',#7197);
#2533=VERTEX_POINT('',#7199);
#2534=VERTEX_POINT('',#7216);
#2535=VERTEX_POINT('',#7220);
#2536=VERTEX_POINT('',#7223);
#2537=VERTEX_POINT('',#7227);
#2538=VERTEX_POINT('',#7234);
#2539=VERTEX_POINT('',#7235);
#2540=VERTEX_POINT('',#7237);
#2541=VERTEX_POINT('',#7239);
#2542=VERTEX_POINT('',#7241);
#2543=VERTEX_POINT('',#7243);
#2544=VERTEX_POINT('',#7246);
#2545=VERTEX_POINT('',#7248);
#2546=VERTEX_POINT('',#7252);
#2547=VERTEX_POINT('',#7254);
#2548=VERTEX_POINT('',#7257);
#2549=VERTEX_POINT('',#7259);
#2550=VERTEX_POINT('',#7264);
#2551=VERTEX_POINT('',#7268);
#2552=VERTEX_POINT('',#7298);
#2553=VERTEX_POINT('',#7303);
#2554=VERTEX_POINT('',#7311);
#2555=VERTEX_POINT('',#7312);
#2556=VERTEX_POINT('',#7315);
#2557=VERTEX_POINT('',#7317);
#2558=VERTEX_POINT('',#7319);
#2559=VERTEX_POINT('',#7321);
#2560=VERTEX_POINT('',#7324);
#2561=VERTEX_POINT('',#7326);
#2562=VERTEX_POINT('',#7330);
#2563=VERTEX_POINT('',#7332);
#2564=VERTEX_POINT('',#7334);
#2565=VERTEX_POINT('',#7336);
#2566=VERTEX_POINT('',#7341);
#2567=VERTEX_POINT('',#7345);
#2568=VERTEX_POINT('',#7347);
#2569=VERTEX_POINT('',#7350);
#2570=VERTEX_POINT('',#7359);
#2571=VERTEX_POINT('',#7363);
#2572=VERTEX_POINT('',#7379);
#2573=VERTEX_POINT('',#7380);
#2574=VERTEX_POINT('',#7383);
#2575=VERTEX_POINT('',#7387);
#2576=VERTEX_POINT('',#7389);
#2577=VERTEX_POINT('',#7391);
#2578=VERTEX_POINT('',#7400);
#2579=VERTEX_POINT('',#7402);
#2580=VERTEX_POINT('',#7407);
#2581=VERTEX_POINT('',#7417);
#2582=VERTEX_POINT('',#7424);
#2583=VERTEX_POINT('',#7434);
#2584=VERTEX_POINT('',#7449);
#2585=VERTEX_POINT('',#7450);
#2586=VERTEX_POINT('',#7452);
#2587=VERTEX_POINT('',#7454);
#2588=VERTEX_POINT('',#7456);
#2589=VERTEX_POINT('',#7458);
#2590=VERTEX_POINT('',#7461);
#2591=VERTEX_POINT('',#7465);
#2592=VERTEX_POINT('',#7469);
#2593=VERTEX_POINT('',#7495);
#2594=VERTEX_POINT('',#7496);
#2595=VERTEX_POINT('',#7499);
#2596=VERTEX_POINT('',#7501);
#2597=VERTEX_POINT('',#7506);
#2598=VERTEX_POINT('',#7511);
#2599=VERTEX_POINT('',#7515);
#2600=VERTEX_POINT('',#7517);
#2601=VERTEX_POINT('',#7523);
#2602=VERTEX_POINT('',#7525);
#2603=VERTEX_POINT('',#7544);
#2604=VERTEX_POINT('',#7546);
#2605=VERTEX_POINT('',#7548);
#2606=VERTEX_POINT('',#7552);
#2607=VERTEX_POINT('',#7556);
#2608=VERTEX_POINT('',#7557);
#2609=VERTEX_POINT('',#7565);
#2610=VERTEX_POINT('',#7567);
#2611=VERTEX_POINT('',#7575);
#2612=VERTEX_POINT('',#7579);
#2613=VERTEX_POINT('',#7589);
#2614=VERTEX_POINT('',#7599);
#2615=VERTEX_POINT('',#7609);
#2616=VERTEX_POINT('',#7611);
#2617=VERTEX_POINT('',#7615);
#2618=VERTEX_POINT('',#7617);
#2619=VERTEX_POINT('',#7626);
#2620=VERTEX_POINT('',#7630);
#2621=VERTEX_POINT('',#7642);
#2622=VERTEX_POINT('',#7644);
#2623=VERTEX_POINT('',#7646);
#2624=VERTEX_POINT('',#7653);
#2625=VERTEX_POINT('',#7655);
#2626=VERTEX_POINT('',#7657);
#2627=VERTEX_POINT('',#7667);
#2628=VERTEX_POINT('',#7668);
#2629=VERTEX_POINT('',#7673);
#2630=VERTEX_POINT('',#7677);
#2631=VERTEX_POINT('',#7681);
#2632=VERTEX_POINT('',#7691);
#2633=VERTEX_POINT('',#7692);
#2634=VERTEX_POINT('',#7697);
#2635=VERTEX_POINT('',#7701);
#2636=VERTEX_POINT('',#7705);
#2637=VERTEX_POINT('',#7716);
#2638=VERTEX_POINT('',#7718);
#2639=VERTEX_POINT('',#7720);
#2640=VERTEX_POINT('',#7727);
#2641=VERTEX_POINT('',#7729);
#2642=VERTEX_POINT('',#7731);
#2643=VERTEX_POINT('',#7741);
#2644=VERTEX_POINT('',#7743);
#2645=VERTEX_POINT('',#7747);
#2646=VERTEX_POINT('',#7751);
#2647=VERTEX_POINT('',#7755);
#2648=VERTEX_POINT('',#7765);
#2649=VERTEX_POINT('',#7767);
#2650=VERTEX_POINT('',#7771);
#2651=VERTEX_POINT('',#7772);
#2652=VERTEX_POINT('',#7777);
#2653=VERTEX_POINT('',#7789);
#2654=VERTEX_POINT('',#7791);
#2655=VERTEX_POINT('',#7796);
#2656=VERTEX_POINT('',#7797);
#2657=VERTEX_POINT('',#7827);
#2658=VERTEX_POINT('',#7828);
#2659=VERTEX_POINT('',#7830);
#2660=VERTEX_POINT('',#7832);
#2661=VERTEX_POINT('',#7836);
#2662=VERTEX_POINT('',#7837);
#2663=VERTEX_POINT('',#7839);
#2664=VERTEX_POINT('',#7841);
#2665=VERTEX_POINT('',#7845);
#2666=VERTEX_POINT('',#7847);
#2667=VERTEX_POINT('',#7851);
#2668=VERTEX_POINT('',#7853);
#2669=VERTEX_POINT('',#7857);
#2670=VERTEX_POINT('',#7858);
#2671=VERTEX_POINT('',#7860);
#2672=VERTEX_POINT('',#7862);
#2673=VERTEX_POINT('',#7866);
#2674=VERTEX_POINT('',#7867);
#2675=VERTEX_POINT('',#7869);
#2676=VERTEX_POINT('',#7871);
#2677=VERTEX_POINT('',#7875);
#2678=VERTEX_POINT('',#7877);
#2679=VERTEX_POINT('',#7881);
#2680=VERTEX_POINT('',#7883);
#2681=VERTEX_POINT('',#7910);
#2682=VERTEX_POINT('',#7911);
#2683=VERTEX_POINT('',#7913);
#2684=VERTEX_POINT('',#7915);
#2685=VERTEX_POINT('',#7919);
#2686=VERTEX_POINT('',#7920);
#2687=VERTEX_POINT('',#7922);
#2688=VERTEX_POINT('',#7924);
#2689=VERTEX_POINT('',#7928);
#2690=VERTEX_POINT('',#7930);
#2691=VERTEX_POINT('',#7934);
#2692=VERTEX_POINT('',#7936);
#2693=VERTEX_POINT('',#7940);
#2694=VERTEX_POINT('',#7941);
#2695=VERTEX_POINT('',#7943);
#2696=VERTEX_POINT('',#7945);
#2697=VERTEX_POINT('',#7949);
#2698=VERTEX_POINT('',#7950);
#2699=VERTEX_POINT('',#7952);
#2700=VERTEX_POINT('',#7954);
#2701=VERTEX_POINT('',#7958);
#2702=VERTEX_POINT('',#7960);
#2703=VERTEX_POINT('',#7964);
#2704=VERTEX_POINT('',#7966);
#2705=LINE('',#6542,#3355);
#2706=LINE('',#6545,#3356);
#2707=LINE('',#6547,#3357);
#2708=LINE('',#6549,#3358);
#2709=LINE('',#6551,#3359);
#2710=LINE('',#6554,#3360);
#2711=LINE('',#6556,#3361);
#2712=LINE('',#6558,#3362);
#2713=LINE('',#6560,#3363);
#2714=LINE('',#6563,#3364);
#2715=LINE('',#6565,#3365);
#2716=LINE('',#6567,#3366);
#2717=LINE('',#6569,#3367);
#2718=LINE('',#6572,#3368);
#2719=LINE('',#6574,#3369);
#2720=LINE('',#6576,#3370);
#2721=LINE('',#6578,#3371);
#2722=LINE('',#6581,#3372);
#2723=LINE('',#6583,#3373);
#2724=LINE('',#6585,#3374);
#2725=LINE('',#6587,#3375);
#2726=LINE('',#6590,#3376);
#2727=LINE('',#6592,#3377);
#2728=LINE('',#6594,#3378);
#2729=LINE('',#6596,#3379);
#2730=LINE('',#6598,#3380);
#2731=LINE('',#6600,#3381);
#2732=LINE('',#6603,#3382);
#2733=LINE('',#6605,#3383);
#2734=LINE('',#6607,#3384);
#2735=LINE('',#6609,#3385);
#2736=LINE('',#6612,#3386);
#2737=LINE('',#6614,#3387);
#2738=LINE('',#6616,#3388);
#2739=LINE('',#6618,#3389);
#2740=LINE('',#6620,#3390);
#2741=LINE('',#6622,#3391);
#2742=LINE('',#6623,#3392);
#2743=LINE('',#6625,#3393);
#2744=LINE('',#6627,#3394);
#2745=LINE('',#6629,#3395);
#2746=LINE('',#6631,#3396);
#2747=LINE('',#6633,#3397);
#2748=LINE('',#6635,#3398);
#2749=LINE('',#6637,#3399);
#2750=LINE('',#6638,#3400);
#2751=LINE('',#6640,#3401);
#2752=LINE('',#6642,#3402);
#2753=LINE('',#6644,#3403);
#2754=LINE('',#6646,#3404);
#2755=LINE('',#6648,#3405);
#2756=LINE('',#6650,#3406);
#2757=LINE('',#6652,#3407);
#2758=LINE('',#6653,#3408);
#2759=LINE('',#6655,#3409);
#2760=LINE('',#6657,#3410);
#2761=LINE('',#6659,#3411);
#2762=LINE('',#6661,#3412);
#2763=LINE('',#6663,#3413);
#2764=LINE('',#6665,#3414);
#2765=LINE('',#6667,#3415);
#2766=LINE('',#6668,#3416);
#2767=LINE('',#6670,#3417);
#2768=LINE('',#6672,#3418);
#2769=LINE('',#6674,#3419);
#2770=LINE('',#6676,#3420);
#2771=LINE('',#6678,#3421);
#2772=LINE('',#6680,#3422);
#2773=LINE('',#6682,#3423);
#2774=LINE('',#6685,#3424);
#2775=LINE('',#6687,#3425);
#2776=LINE('',#6689,#3426);
#2777=LINE('',#6691,#3427);
#2778=LINE('',#6692,#3428);
#2779=LINE('',#6694,#3429);
#2780=LINE('',#6697,#3430);
#2781=LINE('',#6699,#3431);
#2782=LINE('',#6701,#3432);
#2783=LINE('',#6703,#3433);
#2784=LINE('',#6705,#3434);
#2785=LINE('',#6707,#3435);
#2786=LINE('',#6709,#3436);
#2787=LINE('',#6711,#3437);
#2788=LINE('',#6714,#3438);
#2789=LINE('',#6716,#3439);
#2790=LINE('',#6718,#3440);
#2791=LINE('',#6720,#3441);
#2792=LINE('',#6722,#3442);
#2793=LINE('',#6724,#3443);
#2794=LINE('',#6727,#3444);
#2795=LINE('',#6729,#3445);
#2796=LINE('',#6731,#3446);
#2797=LINE('',#6733,#3447);
#2798=LINE('',#6735,#3448);
#2799=LINE('',#6737,#3449);
#2800=LINE('',#6739,#3450);
#2801=LINE('',#6742,#3451);
#2802=LINE('',#6744,#3452);
#2803=LINE('',#6746,#3453);
#2804=LINE('',#6748,#3454);
#2805=LINE('',#6750,#3455);
#2806=LINE('',#6753,#3456);
#2807=LINE('',#6755,#3457);
#2808=LINE('',#6757,#3458);
#2809=LINE('',#6759,#3459);
#2810=LINE('',#6761,#3460);
#2811=LINE('',#6763,#3461);
#2812=LINE('',#6765,#3462);
#2813=LINE('',#6767,#3463);
#2814=LINE('',#6768,#3464);
#2815=LINE('',#6770,#3465);
#2816=LINE('',#6773,#3466);
#2817=LINE('',#6775,#3467);
#2818=LINE('',#6777,#3468);
#2819=LINE('',#6779,#3469);
#2820=LINE('',#6782,#3470);
#2821=LINE('',#6784,#3471);
#2822=LINE('',#6786,#3472);
#2823=LINE('',#6788,#3473);
#2824=LINE('',#6791,#3474);
#2825=LINE('',#6793,#3475);
#2826=LINE('',#6795,#3476);
#2827=LINE('',#6799,#3477);
#2828=LINE('',#6801,#3478);
#2829=LINE('',#6803,#3479);
#2830=LINE('',#6807,#3480);
#2831=LINE('',#6808,#3481);
#2832=LINE('',#6810,#3482);
#2833=LINE('',#6812,#3483);
#2834=LINE('',#6813,#3484);
#2835=LINE('',#6817,#3485);
#2836=LINE('',#6820,#3486);
#2837=LINE('',#6822,#3487);
#2838=LINE('',#6824,#3488);
#2839=LINE('',#6825,#3489);
#2840=LINE('',#6828,#3490);
#2841=LINE('',#6829,#3491);
#2842=LINE('',#6831,#3492);
#2843=LINE('',#6833,#3493);
#2844=LINE('',#6835,#3494);
#2845=LINE('',#6837,#3495);
#2846=LINE('',#6839,#3496);
#2847=LINE('',#6842,#3497);
#2848=LINE('',#6844,#3498);
#2849=LINE('',#6846,#3499);
#2850=LINE('',#6847,#3500);
#2851=LINE('',#6849,#3501);
#2852=LINE('',#6851,#3502);
#2853=LINE('',#6853,#3503);
#2854=LINE('',#6856,#3504);
#2855=LINE('',#6860,#3505);
#2856=LINE('',#6862,#3506);
#2857=LINE('',#6864,#3507);
#2858=LINE('',#6867,#3508);
#2859=LINE('',#6869,#3509);
#2860=LINE('',#6871,#3510);
#2861=LINE('',#6873,#3511);
#2862=LINE('',#6876,#3512);
#2863=LINE('',#6878,#3513);
#2864=LINE('',#6880,#3514);
#2865=LINE('',#6882,#3515);
#2866=LINE('',#6884,#3516);
#2867=LINE('',#6886,#3517);
#2868=LINE('',#6888,#3518);
#2869=LINE('',#6890,#3519);
#2870=LINE('',#6892,#3520);
#2871=LINE('',#6894,#3521);
#2872=LINE('',#6896,#3522);
#2873=LINE('',#6897,#3523);
#2874=LINE('',#6899,#3524);
#2875=LINE('',#6901,#3525);
#2876=LINE('',#6903,#3526);
#2877=LINE('',#6905,#3527);
#2878=LINE('',#6907,#3528);
#2879=LINE('',#6909,#3529);
#2880=LINE('',#6911,#3530);
#2881=LINE('',#6913,#3531);
#2882=LINE('',#6915,#3532);
#2883=LINE('',#6917,#3533);
#2884=LINE('',#6918,#3534);
#2885=LINE('',#6920,#3535);
#2886=LINE('',#6923,#3536);
#2887=LINE('',#6925,#3537);
#2888=LINE('',#6927,#3538);
#2889=LINE('',#6929,#3539);
#2890=LINE('',#6931,#3540);
#2891=LINE('',#6933,#3541);
#2892=LINE('',#6936,#3542);
#2893=LINE('',#6938,#3543);
#2894=LINE('',#6940,#3544);
#2895=LINE('',#6941,#3545);
#2896=LINE('',#6943,#3546);
#2897=LINE('',#6945,#3547);
#2898=LINE('',#6947,#3548);
#2899=LINE('',#6949,#3549);
#2900=LINE('',#6951,#3550);
#2901=LINE('',#6953,#3551);
#2902=LINE('',#6955,#3552);
#2903=LINE('',#6957,#3553);
#2904=LINE('',#6959,#3554);
#2905=LINE('',#6961,#3555);
#2906=LINE('',#6963,#3556);
#2907=LINE('',#6965,#3557);
#2908=LINE('',#6967,#3558);
#2909=LINE('',#6969,#3559);
#2910=LINE('',#6971,#3560);
#2911=LINE('',#6973,#3561);
#2912=LINE('',#6975,#3562);
#2913=LINE('',#6977,#3563);
#2914=LINE('',#6979,#3564);
#2915=LINE('',#6982,#3565);
#2916=LINE('',#6983,#3566);
#2917=LINE('',#6988,#3567);
#2918=LINE('',#6990,#3568);
#2919=LINE('',#6992,#3569);
#2920=LINE('',#6994,#3570);
#2921=LINE('',#6996,#3571);
#2922=LINE('',#6999,#3572);
#2923=LINE('',#7001,#3573);
#2924=LINE('',#7003,#3574);
#2925=LINE('',#7005,#3575);
#2926=LINE('',#7008,#3576);
#2927=LINE('',#7010,#3577);
#2928=LINE('',#7012,#3578);
#2929=LINE('',#7013,#3579);
#2930=LINE('',#7015,#3580);
#2931=LINE('',#7017,#3581);
#2932=LINE('',#7019,#3582);
#2933=LINE('',#7020,#3583);
#2934=LINE('',#7022,#3584);
#2935=LINE('',#7024,#3585);
#2936=LINE('',#7026,#3586);
#2937=LINE('',#7028,#3587);
#2938=LINE('',#7030,#3588);
#2939=LINE('',#7031,#3589);
#2940=LINE('',#7033,#3590);
#2941=LINE('',#7035,#3591);
#2942=LINE('',#7037,#3592);
#2943=LINE('',#7039,#3593);
#2944=LINE('',#7041,#3594);
#2945=LINE('',#7043,#3595);
#2946=LINE('',#7045,#3596);
#2947=LINE('',#7047,#3597);
#2948=LINE('',#7050,#3598);
#2949=LINE('',#7052,#3599);
#2950=LINE('',#7054,#3600);
#2951=LINE('',#7056,#3601);
#2952=LINE('',#7058,#3602);
#2953=LINE('',#7060,#3603);
#2954=LINE('',#7062,#3604);
#2955=LINE('',#7064,#3605);
#2956=LINE('',#7066,#3606);
#2957=LINE('',#7068,#3607);
#2958=LINE('',#7069,#3608);
#2959=LINE('',#7071,#3609);
#2960=LINE('',#7073,#3610);
#2961=LINE('',#7075,#3611);
#2962=LINE('',#7077,#3612);
#2963=LINE('',#7078,#3613);
#2964=LINE('',#7080,#3614);
#2965=LINE('',#7082,#3615);
#2966=LINE('',#7084,#3616);
#2967=LINE('',#7085,#3617);
#2968=LINE('',#7087,#3618);
#2969=LINE('',#7089,#3619);
#2970=LINE('',#7091,#3620);
#2971=LINE('',#7093,#3621);
#2972=LINE('',#7096,#3622);
#2973=LINE('',#7098,#3623);
#2974=LINE('',#7100,#3624);
#2975=LINE('',#7102,#3625);
#2976=LINE('',#7104,#3626);
#2977=LINE('',#7106,#3627);
#2978=LINE('',#7108,#3628);
#2979=LINE('',#7110,#3629);
#2980=LINE('',#7113,#3630);
#2981=LINE('',#7115,#3631);
#2982=LINE('',#7117,#3632);
#2983=LINE('',#7119,#3633);
#2984=LINE('',#7121,#3634);
#2985=LINE('',#7122,#3635);
#2986=LINE('',#7124,#3636);
#2987=LINE('',#7126,#3637);
#2988=LINE('',#7128,#3638);
#2989=LINE('',#7130,#3639);
#2990=LINE('',#7132,#3640);
#2991=LINE('',#7134,#3641);
#2992=LINE('',#7136,#3642);
#2993=LINE('',#7138,#3643);
#2994=LINE('',#7140,#3644);
#2995=LINE('',#7142,#3645);
#2996=LINE('',#7143,#3646);
#2997=LINE('',#7145,#3647);
#2998=LINE('',#7147,#3648);
#2999=LINE('',#7149,#3649);
#3000=LINE('',#7151,#3650);
#3001=LINE('',#7153,#3651);
#3002=LINE('',#7155,#3652);
#3003=LINE('',#7157,#3653);
#3004=LINE('',#7159,#3654);
#3005=LINE('',#7161,#3655);
#3006=LINE('',#7164,#3656);
#3007=LINE('',#7166,#3657);
#3008=LINE('',#7168,#3658);
#3009=LINE('',#7170,#3659);
#3010=LINE('',#7171,#3660);
#3011=LINE('',#7174,#3661);
#3012=LINE('',#7176,#3662);
#3013=LINE('',#7178,#3663);
#3014=LINE('',#7180,#3664);
#3015=LINE('',#7181,#3665);
#3016=LINE('',#7184,#3666);
#3017=LINE('',#7186,#3667);
#3018=LINE('',#7188,#3668);
#3019=LINE('',#7190,#3669);
#3020=LINE('',#7191,#3670);
#3021=LINE('',#7194,#3671);
#3022=LINE('',#7196,#3672);
#3023=LINE('',#7198,#3673);
#3024=LINE('',#7200,#3674);
#3025=LINE('',#7201,#3675);
#3026=LINE('',#7202,#3676);
#3027=LINE('',#7203,#3677);
#3028=LINE('',#7204,#3678);
#3029=LINE('',#7205,#3679);
#3030=LINE('',#7206,#3680);
#3031=LINE('',#7207,#3681);
#3032=LINE('',#7208,#3682);
#3033=LINE('',#7209,#3683);
#3034=LINE('',#7210,#3684);
#3035=LINE('',#7211,#3685);
#3036=LINE('',#7212,#3686);
#3037=LINE('',#7214,#3687);
#3038=LINE('',#7215,#3688);
#3039=LINE('',#7217,#3689);
#3040=LINE('',#7219,#3690);
#3041=LINE('',#7221,#3691);
#3042=LINE('',#7222,#3692);
#3043=LINE('',#7224,#3693);
#3044=LINE('',#7226,#3694);
#3045=LINE('',#7228,#3695);
#3046=LINE('',#7229,#3696);
#3047=LINE('',#7231,#3697);
#3048=LINE('',#7233,#3698);
#3049=LINE('',#7238,#3699);
#3050=LINE('',#7240,#3700);
#3051=LINE('',#7242,#3701);
#3052=LINE('',#7244,#3702);
#3053=LINE('',#7245,#3703);
#3054=LINE('',#7247,#3704);
#3055=LINE('',#7251,#3705);
#3056=LINE('',#7253,#3706);
#3057=LINE('',#7255,#3707);
#3058=LINE('',#7256,#3708);
#3059=LINE('',#7258,#3709);
#3060=LINE('',#7260,#3710);
#3061=LINE('',#7261,#3711);
#3062=LINE('',#7263,#3712);
#3063=LINE('',#7267,#3713);
#3064=LINE('',#7269,#3714);
#3065=LINE('',#7271,#3715);
#3066=LINE('',#7274,#3716);
#3067=LINE('',#7276,#3717);
#3068=LINE('',#7278,#3718);
#3069=LINE('',#7282,#3719);
#3070=LINE('',#7283,#3720);
#3071=LINE('',#7285,#3721);
#3072=LINE('',#7287,#3722);
#3073=LINE('',#7289,#3723);
#3074=LINE('',#7292,#3724);
#3075=LINE('',#7294,#3725);
#3076=LINE('',#7299,#3726);
#3077=LINE('',#7300,#3727);
#3078=LINE('',#7301,#3728);
#3079=LINE('',#7302,#3729);
#3080=LINE('',#7304,#3730);
#3081=LINE('',#7306,#3731);
#3082=LINE('',#7308,#3732);
#3083=LINE('',#7310,#3733);
#3084=LINE('',#7316,#3734);
#3085=LINE('',#7318,#3735);
#3086=LINE('',#7320,#3736);
#3087=LINE('',#7325,#3737);
#3088=LINE('',#7327,#3738);
#3089=LINE('',#7329,#3739);
#3090=LINE('',#7331,#3740);
#3091=LINE('',#7333,#3741);
#3092=LINE('',#7335,#3742);
#3093=LINE('',#7337,#3743);
#3094=LINE('',#7339,#3744);
#3095=LINE('',#7340,#3745);
#3096=LINE('',#7342,#3746);
#3097=LINE('',#7344,#3747);
#3098=LINE('',#7346,#3748);
#3099=LINE('',#7348,#3749);
#3100=LINE('',#7349,#3750);
#3101=LINE('',#7351,#3751);
#3102=LINE('',#7353,#3752);
#3103=LINE('',#7354,#3753);
#3104=LINE('',#7357,#3754);
#3105=LINE('',#7358,#3755);
#3106=LINE('',#7360,#3756);
#3107=LINE('',#7362,#3757);
#3108=LINE('',#7364,#3758);
#3109=LINE('',#7366,#3759);
#3110=LINE('',#7367,#3760);
#3111=LINE('',#7374,#3761);
#3112=LINE('',#7375,#3762);
#3113=LINE('',#7378,#3763);
#3114=LINE('',#7381,#3764);
#3115=LINE('',#7382,#3765);
#3116=LINE('',#7384,#3766);
#3117=LINE('',#7386,#3767);
#3118=LINE('',#7388,#3768);
#3119=LINE('',#7390,#3769);
#3120=LINE('',#7392,#3770);
#3121=LINE('',#7399,#3771);
#3122=LINE('',#7403,#3772);
#3123=LINE('',#7406,#3773);
#3124=LINE('',#7418,#3774);
#3125=LINE('',#7443,#3775);
#3126=LINE('',#7444,#3776);
#3127=LINE('',#7446,#3777);
#3128=LINE('',#7448,#3778);
#3129=LINE('',#7453,#3779);
#3130=LINE('',#7457,#3780);
#3131=LINE('',#7459,#3781);
#3132=LINE('',#7460,#3782);
#3133=LINE('',#7462,#3783);
#3134=LINE('',#7466,#3784);
#3135=LINE('',#7468,#3785);
#3136=LINE('',#7470,#3786);
#3137=LINE('',#7472,#3787);
#3138=LINE('',#7475,#3788);
#3139=LINE('',#7477,#3789);
#3140=LINE('',#7479,#3790);
#3141=LINE('',#7482,#3791);
#3142=LINE('',#7484,#3792);
#3143=LINE('',#7486,#3793);
#3144=LINE('',#7489,#3794);
#3145=LINE('',#7491,#3795);
#3146=LINE('',#7494,#3796);
#3147=LINE('',#7497,#3797);
#3148=LINE('',#7498,#3798);
#3149=LINE('',#7500,#3799);
#3150=LINE('',#7502,#3800);
#3151=LINE('',#7504,#3801);
#3152=LINE('',#7505,#3802);
#3153=LINE('',#7507,#3803);
#3154=LINE('',#7509,#3804);
#3155=LINE('',#7510,#3805);
#3156=LINE('',#7512,#3806);
#3157=LINE('',#7514,#3807);
#3158=LINE('',#7516,#3808);
#3159=LINE('',#7518,#3809);
#3160=LINE('',#7519,#3810);
#3161=LINE('',#7522,#3811);
#3162=LINE('',#7524,#3812);
#3163=LINE('',#7526,#3813);
#3164=LINE('',#7528,#3814);
#3165=LINE('',#7529,#3815);
#3166=LINE('',#7531,#3816);
#3167=LINE('',#7532,#3817);
#3168=LINE('',#7539,#3818);
#3169=LINE('',#7540,#3819);
#3170=LINE('',#7543,#3820);
#3171=LINE('',#7545,#3821);
#3172=LINE('',#7547,#3822);
#3173=LINE('',#7549,#3823);
#3174=LINE('',#7553,#3824);
#3175=LINE('',#7555,#3825);
#3176=LINE('',#7558,#3826);
#3177=LINE('',#7559,#3827);
#3178=LINE('',#7564,#3828);
#3179=LINE('',#7568,#3829);
#3180=LINE('',#7576,#3830);
#3181=LINE('',#7578,#3831);
#3182=LINE('',#7608,#3832);
#3183=LINE('',#7610,#3833);
#3184=LINE('',#7612,#3834);
#3185=LINE('',#7614,#3835);
#3186=LINE('',#7616,#3836);
#3187=LINE('',#7618,#3837);
#3188=LINE('',#7625,#3838);
#3189=LINE('',#7627,#3839);
#3190=LINE('',#7629,#3840);
#3191=LINE('',#7631,#3841);
#3192=LINE('',#7633,#3842);
#3193=LINE('',#7640,#3843);
#3194=LINE('',#7641,#3844);
#3195=LINE('',#7643,#3845);
#3196=LINE('',#7645,#3846);
#3197=LINE('',#7647,#3847);
#3198=LINE('',#7648,#3848);
#3199=LINE('',#7650,#3849);
#3200=LINE('',#7651,#3850);
#3201=LINE('',#7652,#3851);
#3202=LINE('',#7654,#3852);
#3203=LINE('',#7656,#3853);
#3204=LINE('',#7658,#3854);
#3205=LINE('',#7660,#3855);
#3206=LINE('',#7666,#3856);
#3207=LINE('',#7669,#3857);
#3208=LINE('',#7670,#3858);
#3209=LINE('',#7672,#3859);
#3210=LINE('',#7674,#3860);
#3211=LINE('',#7676,#3861);
#3212=LINE('',#7678,#3862);
#3213=LINE('',#7680,#3863);
#3214=LINE('',#7682,#3864);
#3215=LINE('',#7684,#3865);
#3216=LINE('',#7685,#3866);
#3217=LINE('',#7686,#3867);
#3218=LINE('',#7690,#3868);
#3219=LINE('',#7693,#3869);
#3220=LINE('',#7694,#3870);
#3221=LINE('',#7696,#3871);
#3222=LINE('',#7698,#3872);
#3223=LINE('',#7700,#3873);
#3224=LINE('',#7702,#3874);
#3225=LINE('',#7704,#3875);
#3226=LINE('',#7706,#3876);
#3227=LINE('',#7708,#3877);
#3228=LINE('',#7709,#3878);
#3229=LINE('',#7710,#3879);
#3230=LINE('',#7714,#3880);
#3231=LINE('',#7715,#3881);
#3232=LINE('',#7717,#3882);
#3233=LINE('',#7719,#3883);
#3234=LINE('',#7721,#3884);
#3235=LINE('',#7722,#3885);
#3236=LINE('',#7724,#3886);
#3237=LINE('',#7725,#3887);
#3238=LINE('',#7726,#3888);
#3239=LINE('',#7728,#3889);
#3240=LINE('',#7730,#3890);
#3241=LINE('',#7732,#3891);
#3242=LINE('',#7734,#3892);
#3243=LINE('',#7740,#3893);
#3244=LINE('',#7742,#3894);
#3245=LINE('',#7744,#3895);
#3246=LINE('',#7746,#3896);
#3247=LINE('',#7748,#3897);
#3248=LINE('',#7750,#3898);
#3249=LINE('',#7752,#3899);
#3250=LINE('',#7754,#3900);
#3251=LINE('',#7756,#3901);
#3252=LINE('',#7758,#3902);
#3253=LINE('',#7759,#3903);
#3254=LINE('',#7760,#3904);
#3255=LINE('',#7764,#3905);
#3256=LINE('',#7766,#3906);
#3257=LINE('',#7768,#3907);
#3258=LINE('',#7770,#3908);
#3259=LINE('',#7773,#3909);
#3260=LINE('',#7774,#3910);
#3261=LINE('',#7776,#3911);
#3262=LINE('',#7778,#3912);
#3263=LINE('',#7780,#3913);
#3264=LINE('',#7782,#3914);
#3265=LINE('',#7783,#3915);
#3266=LINE('',#7784,#3916);
#3267=LINE('',#7788,#3917);
#3268=LINE('',#7790,#3918);
#3269=LINE('',#7792,#3919);
#3270=LINE('',#7793,#3920);
#3271=LINE('',#7795,#3921);
#3272=LINE('',#7798,#3922);
#3273=LINE('',#7799,#3923);
#3274=LINE('',#7800,#3924);
#3275=LINE('',#7807,#3925);
#3276=LINE('',#7808,#3926);
#3277=LINE('',#7810,#3927);
#3278=LINE('',#7811,#3928);
#3279=LINE('',#7815,#3929);
#3280=LINE('',#7817,#3930);
#3281=LINE('',#7820,#3931);
#3282=LINE('',#7822,#3932);
#3283=LINE('',#7826,#3933);
#3284=LINE('',#7829,#3934);
#3285=LINE('',#7831,#3935);
#3286=LINE('',#7833,#3936);
#3287=LINE('',#7835,#3937);
#3288=LINE('',#7838,#3938);
#3289=LINE('',#7840,#3939);
#3290=LINE('',#7842,#3940);
#3291=LINE('',#7846,#3941);
#3292=LINE('',#7850,#3942);
#3293=LINE('',#7852,#3943);
#3294=LINE('',#7854,#3944);
#3295=LINE('',#7856,#3945);
#3296=LINE('',#7859,#3946);
#3297=LINE('',#7861,#3947);
#3298=LINE('',#7863,#3948);
#3299=LINE('',#7865,#3949);
#3300=LINE('',#7868,#3950);
#3301=LINE('',#7870,#3951);
#3302=LINE('',#7872,#3952);
#3303=LINE('',#7876,#3953);
#3304=LINE('',#7880,#3954);
#3305=LINE('',#7882,#3955);
#3306=LINE('',#7884,#3956);
#3307=LINE('',#7886,#3957);
#3308=LINE('',#7887,#3958);
#3309=LINE('',#7889,#3959);
#3310=LINE('',#7890,#3960);
#3311=LINE('',#7892,#3961);
#3312=LINE('',#7893,#3962);
#3313=LINE('',#7895,#3963);
#3314=LINE('',#7897,#3964);
#3315=LINE('',#7900,#3965);
#3316=LINE('',#7901,#3966);
#3317=LINE('',#7903,#3967);
#3318=LINE('',#7905,#3968);
#3319=LINE('',#7909,#3969);
#3320=LINE('',#7912,#3970);
#3321=LINE('',#7914,#3971);
#3322=LINE('',#7916,#3972);
#3323=LINE('',#7918,#3973);
#3324=LINE('',#7921,#3974);
#3325=LINE('',#7923,#3975);
#3326=LINE('',#7925,#3976);
#3327=LINE('',#7929,#3977);
#3328=LINE('',#7933,#3978);
#3329=LINE('',#7935,#3979);
#3330=LINE('',#7937,#3980);
#3331=LINE('',#7939,#3981);
#3332=LINE('',#7942,#3982);
#3333=LINE('',#7944,#3983);
#3334=LINE('',#7946,#3984);
#3335=LINE('',#7948,#3985);
#3336=LINE('',#7951,#3986);
#3337=LINE('',#7953,#3987);
#3338=LINE('',#7955,#3988);
#3339=LINE('',#7959,#3989);
#3340=LINE('',#7963,#3990);
#3341=LINE('',#7965,#3991);
#3342=LINE('',#7967,#3992);
#3343=LINE('',#7969,#3993);
#3344=LINE('',#7970,#3994);
#3345=LINE('',#7972,#3995);
#3346=LINE('',#7973,#3996);
#3347=LINE('',#7975,#3997);
#3348=LINE('',#7976,#3998);
#3349=LINE('',#7978,#3999);
#3350=LINE('',#7980,#4000);
#3351=LINE('',#7983,#4001);
#3352=LINE('',#7984,#4002);
#3353=LINE('',#7986,#4003);
#3354=LINE('',#7988,#4004);
#3355=VECTOR('',#5308,1000.);
#3356=VECTOR('',#5309,1000.);
#3357=VECTOR('',#5310,1000.);
#3358=VECTOR('',#5311,1000.);
#3359=VECTOR('',#5314,1000.);
#3360=VECTOR('',#5315,1000.);
#3361=VECTOR('',#5316,1000.);
#3362=VECTOR('',#5317,1000.);
#3363=VECTOR('',#5320,1000.);
#3364=VECTOR('',#5321,1000.);
#3365=VECTOR('',#5322,1000.);
#3366=VECTOR('',#5323,1000.);
#3367=VECTOR('',#5326,1000.);
#3368=VECTOR('',#5327,1000.);
#3369=VECTOR('',#5328,1000.);
#3370=VECTOR('',#5329,1000.);
#3371=VECTOR('',#5332,1000.);
#3372=VECTOR('',#5333,1000.);
#3373=VECTOR('',#5334,1000.);
#3374=VECTOR('',#5335,1000.);
#3375=VECTOR('',#5338,1000.);
#3376=VECTOR('',#5339,1000.);
#3377=VECTOR('',#5340,1000.);
#3378=VECTOR('',#5341,1000.);
#3379=VECTOR('',#5342,1000.);
#3380=VECTOR('',#5343,1000.);
#3381=VECTOR('',#5346,1000.);
#3382=VECTOR('',#5347,1000.);
#3383=VECTOR('',#5348,1000.);
#3384=VECTOR('',#5349,1000.);
#3385=VECTOR('',#5352,1000.);
#3386=VECTOR('',#5353,1000.);
#3387=VECTOR('',#5354,1000.);
#3388=VECTOR('',#5355,1000.);
#3389=VECTOR('',#5356,1000.);
#3390=VECTOR('',#5357,1000.);
#3391=VECTOR('',#5360,1000.);
#3392=VECTOR('',#5361,1000.);
#3393=VECTOR('',#5362,1000.);
#3394=VECTOR('',#5363,1000.);
#3395=VECTOR('',#5364,1000.);
#3396=VECTOR('',#5365,1000.);
#3397=VECTOR('',#5366,1000.);
#3398=VECTOR('',#5367,1000.);
#3399=VECTOR('',#5370,1000.);
#3400=VECTOR('',#5371,1000.);
#3401=VECTOR('',#5372,1000.);
#3402=VECTOR('',#5373,1000.);
#3403=VECTOR('',#5374,1000.);
#3404=VECTOR('',#5375,1000.);
#3405=VECTOR('',#5376,1000.);
#3406=VECTOR('',#5377,1000.);
#3407=VECTOR('',#5380,1000.);
#3408=VECTOR('',#5381,1000.);
#3409=VECTOR('',#5382,1000.);
#3410=VECTOR('',#5383,1000.);
#3411=VECTOR('',#5384,1000.);
#3412=VECTOR('',#5385,1000.);
#3413=VECTOR('',#5386,1000.);
#3414=VECTOR('',#5387,1000.);
#3415=VECTOR('',#5390,1000.);
#3416=VECTOR('',#5391,1000.);
#3417=VECTOR('',#5392,1000.);
#3418=VECTOR('',#5393,1000.);
#3419=VECTOR('',#5394,1000.);
#3420=VECTOR('',#5395,1000.);
#3421=VECTOR('',#5396,1000.);
#3422=VECTOR('',#5397,1000.);
#3423=VECTOR('',#5400,1000.);
#3424=VECTOR('',#5401,1000.);
#3425=VECTOR('',#5402,1000.);
#3426=VECTOR('',#5403,1000.);
#3427=VECTOR('',#5406,1000.);
#3428=VECTOR('',#5407,1000.);
#3429=VECTOR('',#5410,1000.);
#3430=VECTOR('',#5411,1000.);
#3431=VECTOR('',#5412,1000.);
#3432=VECTOR('',#5413,1000.);
#3433=VECTOR('',#5414,1000.);
#3434=VECTOR('',#5415,1000.);
#3435=VECTOR('',#5416,1000.);
#3436=VECTOR('',#5417,1000.);
#3437=VECTOR('',#5420,1000.);
#3438=VECTOR('',#5421,1000.);
#3439=VECTOR('',#5422,1000.);
#3440=VECTOR('',#5423,1000.);
#3441=VECTOR('',#5424,1000.);
#3442=VECTOR('',#5425,1000.);
#3443=VECTOR('',#5428,1000.);
#3444=VECTOR('',#5429,1000.);
#3445=VECTOR('',#5430,1000.);
#3446=VECTOR('',#5431,1000.);
#3447=VECTOR('',#5432,1000.);
#3448=VECTOR('',#5433,1000.);
#3449=VECTOR('',#5434,1000.);
#3450=VECTOR('',#5435,1000.);
#3451=VECTOR('',#5440,1000.);
#3452=VECTOR('',#5441,1000.);
#3453=VECTOR('',#5442,1000.);
#3454=VECTOR('',#5443,1000.);
#3455=VECTOR('',#5446,1000.);
#3456=VECTOR('',#5449,1000.);
#3457=VECTOR('',#5450,1000.);
#3458=VECTOR('',#5451,1000.);
#3459=VECTOR('',#5452,1000.);
#3460=VECTOR('',#5453,1000.);
#3461=VECTOR('',#5454,1000.);
#3462=VECTOR('',#5455,1000.);
#3463=VECTOR('',#5458,1000.);
#3464=VECTOR('',#5459,1000.);
#3465=VECTOR('',#5462,1000.);
#3466=VECTOR('',#5463,1000.);
#3467=VECTOR('',#5464,1000.);
#3468=VECTOR('',#5465,1000.);
#3469=VECTOR('',#5468,1000.);
#3470=VECTOR('',#5469,1000.);
#3471=VECTOR('',#5470,1000.);
#3472=VECTOR('',#5471,1000.);
#3473=VECTOR('',#5474,1000.);
#3474=VECTOR('',#5475,1000.);
#3475=VECTOR('',#5476,1000.);
#3476=VECTOR('',#5477,1000.);
#3477=VECTOR('',#5484,1000.);
#3478=VECTOR('',#5485,1000.);
#3479=VECTOR('',#5486,1000.);
#3480=VECTOR('',#5491,1000.);
#3481=VECTOR('',#5492,1000.);
#3482=VECTOR('',#5493,1000.);
#3483=VECTOR('',#5494,1000.);
#3484=VECTOR('',#5495,1000.);
#3485=VECTOR('',#5500,1000.);
#3486=VECTOR('',#5501,1000.);
#3487=VECTOR('',#5502,1000.);
#3488=VECTOR('',#5503,1000.);
#3489=VECTOR('',#5504,1000.);
#3490=VECTOR('',#5505,1000.);
#3491=VECTOR('',#5506,1000.);
#3492=VECTOR('',#5507,1000.);
#3493=VECTOR('',#5508,1000.);
#3494=VECTOR('',#5509,1000.);
#3495=VECTOR('',#5510,1000.);
#3496=VECTOR('',#5513,1000.);
#3497=VECTOR('',#5514,1000.);
#3498=VECTOR('',#5515,1000.);
#3499=VECTOR('',#5516,1000.);
#3500=VECTOR('',#5517,1000.);
#3501=VECTOR('',#5518,1000.);
#3502=VECTOR('',#5519,1000.);
#3503=VECTOR('',#5522,1000.);
#3504=VECTOR('',#5523,1000.);
#3505=VECTOR('',#5526,1000.);
#3506=VECTOR('',#5527,1000.);
#3507=VECTOR('',#5530,1000.);
#3508=VECTOR('',#5531,1000.);
#3509=VECTOR('',#5532,1000.);
#3510=VECTOR('',#5533,1000.);
#3511=VECTOR('',#5536,1000.);
#3512=VECTOR('',#5537,1000.);
#3513=VECTOR('',#5538,1000.);
#3514=VECTOR('',#5539,1000.);
#3515=VECTOR('',#5540,1000.);
#3516=VECTOR('',#5541,1000.);
#3517=VECTOR('',#5542,1000.);
#3518=VECTOR('',#5543,1000.);
#3519=VECTOR('',#5544,1000.);
#3520=VECTOR('',#5545,1000.);
#3521=VECTOR('',#5546,1000.);
#3522=VECTOR('',#5547,1000.);
#3523=VECTOR('',#5548,1000.);
#3524=VECTOR('',#5549,1000.);
#3525=VECTOR('',#5550,1000.);
#3526=VECTOR('',#5551,1000.);
#3527=VECTOR('',#5552,1000.);
#3528=VECTOR('',#5553,1000.);
#3529=VECTOR('',#5554,1000.);
#3530=VECTOR('',#5555,1000.);
#3531=VECTOR('',#5556,1000.);
#3532=VECTOR('',#5557,1000.);
#3533=VECTOR('',#5558,1000.);
#3534=VECTOR('',#5559,1000.);
#3535=VECTOR('',#5562,1000.);
#3536=VECTOR('',#5563,1000.);
#3537=VECTOR('',#5564,1000.);
#3538=VECTOR('',#5565,1000.);
#3539=VECTOR('',#5566,1000.);
#3540=VECTOR('',#5567,1000.);
#3541=VECTOR('',#5570,1000.);
#3542=VECTOR('',#5571,1000.);
#3543=VECTOR('',#5572,1000.);
#3544=VECTOR('',#5573,1000.);
#3545=VECTOR('',#5574,1000.);
#3546=VECTOR('',#5575,1000.);
#3547=VECTOR('',#5576,1000.);
#3548=VECTOR('',#5577,1000.);
#3549=VECTOR('',#5578,1000.);
#3550=VECTOR('',#5579,1000.);
#3551=VECTOR('',#5580,1000.);
#3552=VECTOR('',#5581,1000.);
#3553=VECTOR('',#5582,1000.);
#3554=VECTOR('',#5583,1000.);
#3555=VECTOR('',#5584,1000.);
#3556=VECTOR('',#5585,1000.);
#3557=VECTOR('',#5586,1000.);
#3558=VECTOR('',#5587,1000.);
#3559=VECTOR('',#5588,1000.);
#3560=VECTOR('',#5589,1000.);
#3561=VECTOR('',#5590,1000.);
#3562=VECTOR('',#5591,1000.);
#3563=VECTOR('',#5592,1000.);
#3564=VECTOR('',#5595,1000.);
#3565=VECTOR('',#5596,1000.);
#3566=VECTOR('',#5597,1000.);
#3567=VECTOR('',#5602,1000.);
#3568=VECTOR('',#5603,1000.);
#3569=VECTOR('',#5604,1000.);
#3570=VECTOR('',#5605,1000.);
#3571=VECTOR('',#5608,1000.);
#3572=VECTOR('',#5609,1000.);
#3573=VECTOR('',#5610,1000.);
#3574=VECTOR('',#5611,1000.);
#3575=VECTOR('',#5614,1000.);
#3576=VECTOR('',#5615,1000.);
#3577=VECTOR('',#5616,1000.);
#3578=VECTOR('',#5617,1000.);
#3579=VECTOR('',#5618,1000.);
#3580=VECTOR('',#5619,1000.);
#3581=VECTOR('',#5620,1000.);
#3582=VECTOR('',#5621,1000.);
#3583=VECTOR('',#5622,1000.);
#3584=VECTOR('',#5623,1000.);
#3585=VECTOR('',#5624,1000.);
#3586=VECTOR('',#5625,1000.);
#3587=VECTOR('',#5626,1000.);
#3588=VECTOR('',#5627,1000.);
#3589=VECTOR('',#5628,1000.);
#3590=VECTOR('',#5629,1000.);
#3591=VECTOR('',#5630,1000.);
#3592=VECTOR('',#5631,1000.);
#3593=VECTOR('',#5632,1000.);
#3594=VECTOR('',#5633,1000.);
#3595=VECTOR('',#5634,1000.);
#3596=VECTOR('',#5635,1000.);
#3597=VECTOR('',#5638,1000.);
#3598=VECTOR('',#5639,1000.);
#3599=VECTOR('',#5640,1000.);
#3600=VECTOR('',#5641,1000.);
#3601=VECTOR('',#5642,1000.);
#3602=VECTOR('',#5643,1000.);
#3603=VECTOR('',#5644,1000.);
#3604=VECTOR('',#5645,1000.);
#3605=VECTOR('',#5646,1000.);
#3606=VECTOR('',#5647,1000.);
#3607=VECTOR('',#5648,1000.);
#3608=VECTOR('',#5649,1000.);
#3609=VECTOR('',#5650,1000.);
#3610=VECTOR('',#5651,1000.);
#3611=VECTOR('',#5652,1000.);
#3612=VECTOR('',#5653,1000.);
#3613=VECTOR('',#5654,1000.);
#3614=VECTOR('',#5655,1000.);
#3615=VECTOR('',#5656,1000.);
#3616=VECTOR('',#5657,1000.);
#3617=VECTOR('',#5658,1000.);
#3618=VECTOR('',#5661,1000.);
#3619=VECTOR('',#5662,1000.);
#3620=VECTOR('',#5663,1000.);
#3621=VECTOR('',#5666,1000.);
#3622=VECTOR('',#5667,1000.);
#3623=VECTOR('',#5668,1000.);
#3624=VECTOR('',#5669,1000.);
#3625=VECTOR('',#5670,1000.);
#3626=VECTOR('',#5671,1000.);
#3627=VECTOR('',#5672,1000.);
#3628=VECTOR('',#5673,1000.);
#3629=VECTOR('',#5676,1000.);
#3630=VECTOR('',#5677,1000.);
#3631=VECTOR('',#5678,1000.);
#3632=VECTOR('',#5679,1000.);
#3633=VECTOR('',#5680,1000.);
#3634=VECTOR('',#5681,1000.);
#3635=VECTOR('',#5682,1000.);
#3636=VECTOR('',#5683,1000.);
#3637=VECTOR('',#5684,1000.);
#3638=VECTOR('',#5685,1000.);
#3639=VECTOR('',#5686,1000.);
#3640=VECTOR('',#5687,1000.);
#3641=VECTOR('',#5688,1000.);
#3642=VECTOR('',#5689,1000.);
#3643=VECTOR('',#5690,1000.);
#3644=VECTOR('',#5691,1000.);
#3645=VECTOR('',#5692,1000.);
#3646=VECTOR('',#5693,1000.);
#3647=VECTOR('',#5694,1000.);
#3648=VECTOR('',#5695,1000.);
#3649=VECTOR('',#5696,1000.);
#3650=VECTOR('',#5697,1000.);
#3651=VECTOR('',#5698,1000.);
#3652=VECTOR('',#5699,1000.);
#3653=VECTOR('',#5700,1000.);
#3654=VECTOR('',#5701,1000.);
#3655=VECTOR('',#5704,1000.);
#3656=VECTOR('',#5705,1000.);
#3657=VECTOR('',#5706,1000.);
#3658=VECTOR('',#5707,1000.);
#3659=VECTOR('',#5708,1000.);
#3660=VECTOR('',#5709,1000.);
#3661=VECTOR('',#5710,1000.);
#3662=VECTOR('',#5711,1000.);
#3663=VECTOR('',#5712,1000.);
#3664=VECTOR('',#5713,1000.);
#3665=VECTOR('',#5714,1000.);
#3666=VECTOR('',#5715,1000.);
#3667=VECTOR('',#5716,1000.);
#3668=VECTOR('',#5717,1000.);
#3669=VECTOR('',#5718,1000.);
#3670=VECTOR('',#5719,1000.);
#3671=VECTOR('',#5720,1000.);
#3672=VECTOR('',#5721,1000.);
#3673=VECTOR('',#5722,1000.);
#3674=VECTOR('',#5723,1000.);
#3675=VECTOR('',#5724,1000.);
#3676=VECTOR('',#5725,1000.);
#3677=VECTOR('',#5726,1000.);
#3678=VECTOR('',#5727,1000.);
#3679=VECTOR('',#5728,1000.);
#3680=VECTOR('',#5729,1000.);
#3681=VECTOR('',#5730,1000.);
#3682=VECTOR('',#5731,1000.);
#3683=VECTOR('',#5732,1000.);
#3684=VECTOR('',#5733,1000.);
#3685=VECTOR('',#5734,1000.);
#3686=VECTOR('',#5735,1000.);
#3687=VECTOR('',#5738,1000.);
#3688=VECTOR('',#5739,1000.);
#3689=VECTOR('',#5740,1000.);
#3690=VECTOR('',#5743,1000.);
#3691=VECTOR('',#5744,1000.);
#3692=VECTOR('',#5745,1000.);
#3693=VECTOR('',#5746,1000.);
#3694=VECTOR('',#5749,1000.);
#3695=VECTOR('',#5750,1000.);
#3696=VECTOR('',#5751,1000.);
#3697=VECTOR('',#5754,1000.);
#3698=VECTOR('',#5757,1000.);
#3699=VECTOR('',#5760,1000.);
#3700=VECTOR('',#5761,1000.);
#3701=VECTOR('',#5762,1000.);
#3702=VECTOR('',#5763,1000.);
#3703=VECTOR('',#5764,1000.);
#3704=VECTOR('',#5765,1000.);
#3705=VECTOR('',#5770,1000.);
#3706=VECTOR('',#5771,1000.);
#3707=VECTOR('',#5772,1000.);
#3708=VECTOR('',#5773,1000.);
#3709=VECTOR('',#5774,1000.);
#3710=VECTOR('',#5775,1000.);
#3711=VECTOR('',#5776,1000.);
#3712=VECTOR('',#5779,1000.);
#3713=VECTOR('',#5784,1000.);
#3714=VECTOR('',#5785,1000.);
#3715=VECTOR('',#5788,1000.);
#3716=VECTOR('',#5793,1000.);
#3717=VECTOR('',#5796,1000.);
#3718=VECTOR('',#5799,1000.);
#3719=VECTOR('',#5806,1000.);
#3720=VECTOR('',#5807,1000.);
#3721=VECTOR('',#5810,1000.);
#3722=VECTOR('',#5813,1000.);
#3723=VECTOR('',#5816,1000.);
#3724=VECTOR('',#5821,1000.);
#3725=VECTOR('',#5824,1000.);
#3726=VECTOR('',#5831,1000.);
#3727=VECTOR('',#5832,1000.);
#3728=VECTOR('',#5833,1000.);
#3729=VECTOR('',#5834,1000.);
#3730=VECTOR('',#5835,1000.);
#3731=VECTOR('',#5838,1000.);
#3732=VECTOR('',#5841,1000.);
#3733=VECTOR('',#5844,1000.);
#3734=VECTOR('',#5849,1000.);
#3735=VECTOR('',#5850,1000.);
#3736=VECTOR('',#5851,1000.);
#3737=VECTOR('',#5856,1000.);
#3738=VECTOR('',#5857,1000.);
#3739=VECTOR('',#5860,1000.);
#3740=VECTOR('',#5861,1000.);
#3741=VECTOR('',#5862,1000.);
#3742=VECTOR('',#5863,1000.);
#3743=VECTOR('',#5864,1000.);
#3744=VECTOR('',#5867,1000.);
#3745=VECTOR('',#5868,1000.);
#3746=VECTOR('',#5869,1000.);
#3747=VECTOR('',#5872,1000.);
#3748=VECTOR('',#5873,1000.);
#3749=VECTOR('',#5874,1000.);
#3750=VECTOR('',#5875,1000.);
#3751=VECTOR('',#5876,1000.);
#3752=VECTOR('',#5879,1000.);
#3753=VECTOR('',#5880,1000.);
#3754=VECTOR('',#5885,1000.);
#3755=VECTOR('',#5886,1000.);
#3756=VECTOR('',#5887,1000.);
#3757=VECTOR('',#5890,1000.);
#3758=VECTOR('',#5891,1000.);
#3759=VECTOR('',#5894,1000.);
#3760=VECTOR('',#5895,1000.);
#3761=VECTOR('',#5908,1000.);
#3762=VECTOR('',#5909,1000.);
#3763=VECTOR('',#5914,1000.);
#3764=VECTOR('',#5915,1000.);
#3765=VECTOR('',#5916,1000.);
#3766=VECTOR('',#5917,1000.);
#3767=VECTOR('',#5920,1000.);
#3768=VECTOR('',#5921,1000.);
#3769=VECTOR('',#5922,1000.);
#3770=VECTOR('',#5923,1000.);
#3771=VECTOR('',#5936,1000.);
#3772=VECTOR('',#5939,1000.);
#3773=VECTOR('',#5944,1000.);
#3774=VECTOR('',#5947,1000.);
#3775=VECTOR('',#5960,1000.);
#3776=VECTOR('',#5961,1000.);
#3777=VECTOR('',#5964,1000.);
#3778=VECTOR('',#5967,1000.);
#3779=VECTOR('',#5970,1000.);
#3780=VECTOR('',#5973,1000.);
#3781=VECTOR('',#5974,1000.);
#3782=VECTOR('',#5975,1000.);
#3783=VECTOR('',#5976,1000.);
#3784=VECTOR('',#5981,1000.);
#3785=VECTOR('',#5984,1000.);
#3786=VECTOR('',#5985,1000.);
#3787=VECTOR('',#5988,1000.);
#3788=VECTOR('',#5993,1000.);
#3789=VECTOR('',#5996,1000.);
#3790=VECTOR('',#5999,1000.);
#3791=VECTOR('',#6004,1000.);
#3792=VECTOR('',#6007,1000.);
#3793=VECTOR('',#6010,1000.);
#3794=VECTOR('',#6015,1000.);
#3795=VECTOR('',#6018,1000.);
#3796=VECTOR('',#6023,1000.);
#3797=VECTOR('',#6024,1000.);
#3798=VECTOR('',#6025,1000.);
#3799=VECTOR('',#6026,1000.);
#3800=VECTOR('',#6027,1000.);
#3801=VECTOR('',#6030,1000.);
#3802=VECTOR('',#6031,1000.);
#3803=VECTOR('',#6032,1000.);
#3804=VECTOR('',#6035,1000.);
#3805=VECTOR('',#6036,1000.);
#3806=VECTOR('',#6037,1000.);
#3807=VECTOR('',#6040,1000.);
#3808=VECTOR('',#6041,1000.);
#3809=VECTOR('',#6042,1000.);
#3810=VECTOR('',#6043,1000.);
#3811=VECTOR('',#6048,1000.);
#3812=VECTOR('',#6049,1000.);
#3813=VECTOR('',#6050,1000.);
#3814=VECTOR('',#6053,1000.);
#3815=VECTOR('',#6054,1000.);
#3816=VECTOR('',#6057,1000.);
#3817=VECTOR('',#6058,1000.);
#3818=VECTOR('',#6071,1000.);
#3819=VECTOR('',#6072,1000.);
#3820=VECTOR('',#6077,1000.);
#3821=VECTOR('',#6078,1000.);
#3822=VECTOR('',#6079,1000.);
#3823=VECTOR('',#6080,1000.);
#3824=VECTOR('',#6085,1000.);
#3825=VECTOR('',#6088,1000.);
#3826=VECTOR('',#6089,1000.);
#3827=VECTOR('',#6090,1000.);
#3828=VECTOR('',#6099,1000.);
#3829=VECTOR('',#6102,1000.);
#3830=VECTOR('',#6107,1000.);
#3831=VECTOR('',#6110,1000.);
#3832=VECTOR('',#6123,1000.);
#3833=VECTOR('',#6124,1000.);
#3834=VECTOR('',#6125,1000.);
#3835=VECTOR('',#6128,1000.);
#3836=VECTOR('',#6129,1000.);
#3837=VECTOR('',#6130,1000.);
#3838=VECTOR('',#6143,1000.);
#3839=VECTOR('',#6144,1000.);
#3840=VECTOR('',#6147,1000.);
#3841=VECTOR('',#6148,1000.);
#3842=VECTOR('',#6151,1000.);
#3843=VECTOR('',#6164,1000.);
#3844=VECTOR('',#6165,1000.);
#3845=VECTOR('',#6166,1000.);
#3846=VECTOR('',#6167,1000.);
#3847=VECTOR('',#6168,1000.);
#3848=VECTOR('',#6169,1000.);
#3849=VECTOR('',#6172,1000.);
#3850=VECTOR('',#6173,1000.);
#3851=VECTOR('',#6174,1000.);
#3852=VECTOR('',#6175,1000.);
#3853=VECTOR('',#6176,1000.);
#3854=VECTOR('',#6177,1000.);
#3855=VECTOR('',#6180,1000.);
#3856=VECTOR('',#6191,1000.);
#3857=VECTOR('',#6192,1000.);
#3858=VECTOR('',#6193,1000.);
#3859=VECTOR('',#6196,1000.);
#3860=VECTOR('',#6197,1000.);
#3861=VECTOR('',#6200,1000.);
#3862=VECTOR('',#6201,1000.);
#3863=VECTOR('',#6204,1000.);
#3864=VECTOR('',#6205,1000.);
#3865=VECTOR('',#6208,1000.);
#3866=VECTOR('',#6209,1000.);
#3867=VECTOR('',#6210,1000.);
#3868=VECTOR('',#6217,1000.);
#3869=VECTOR('',#6218,1000.);
#3870=VECTOR('',#6219,1000.);
#3871=VECTOR('',#6222,1000.);
#3872=VECTOR('',#6223,1000.);
#3873=VECTOR('',#6226,1000.);
#3874=VECTOR('',#6227,1000.);
#3875=VECTOR('',#6230,1000.);
#3876=VECTOR('',#6231,1000.);
#3877=VECTOR('',#6234,1000.);
#3878=VECTOR('',#6235,1000.);
#3879=VECTOR('',#6236,1000.);
#3880=VECTOR('',#6243,1000.);
#3881=VECTOR('',#6244,1000.);
#3882=VECTOR('',#6245,1000.);
#3883=VECTOR('',#6246,1000.);
#3884=VECTOR('',#6247,1000.);
#3885=VECTOR('',#6248,1000.);
#3886=VECTOR('',#6251,1000.);
#3887=VECTOR('',#6252,1000.);
#3888=VECTOR('',#6253,1000.);
#3889=VECTOR('',#6254,1000.);
#3890=VECTOR('',#6255,1000.);
#3891=VECTOR('',#6256,1000.);
#3892=VECTOR('',#6259,1000.);
#3893=VECTOR('',#6270,1000.);
#3894=VECTOR('',#6271,1000.);
#3895=VECTOR('',#6272,1000.);
#3896=VECTOR('',#6275,1000.);
#3897=VECTOR('',#6276,1000.);
#3898=VECTOR('',#6279,1000.);
#3899=VECTOR('',#6280,1000.);
#3900=VECTOR('',#6283,1000.);
#3901=VECTOR('',#6284,1000.);
#3902=VECTOR('',#6287,1000.);
#3903=VECTOR('',#6288,1000.);
#3904=VECTOR('',#6289,1000.);
#3905=VECTOR('',#6296,1000.);
#3906=VECTOR('',#6297,1000.);
#3907=VECTOR('',#6298,1000.);
#3908=VECTOR('',#6301,1000.);
#3909=VECTOR('',#6302,1000.);
#3910=VECTOR('',#6303,1000.);
#3911=VECTOR('',#6306,1000.);
#3912=VECTOR('',#6307,1000.);
#3913=VECTOR('',#6310,1000.);
#3914=VECTOR('',#6313,1000.);
#3915=VECTOR('',#6314,1000.);
#3916=VECTOR('',#6315,1000.);
#3917=VECTOR('',#6322,1000.);
#3918=VECTOR('',#6323,1000.);
#3919=VECTOR('',#6324,1000.);
#3920=VECTOR('',#6325,1000.);
#3921=VECTOR('',#6328,1000.);
#3922=VECTOR('',#6329,1000.);
#3923=VECTOR('',#6330,1000.);
#3924=VECTOR('',#6331,1000.);
#3925=VECTOR('',#6344,1000.);
#3926=VECTOR('',#6345,1000.);
#3927=VECTOR('',#6348,1000.);
#3928=VECTOR('',#6349,1000.);
#3929=VECTOR('',#6356,1000.);
#3930=VECTOR('',#6359,1000.);
#3931=VECTOR('',#6364,1000.);
#3932=VECTOR('',#6367,1000.);
#3933=VECTOR('',#6374,1000.);
#3934=VECTOR('',#6375,1000.);
#3935=VECTOR('',#6376,1000.);
#3936=VECTOR('',#6377,1000.);
#3937=VECTOR('',#6380,1000.);
#3938=VECTOR('',#6381,1000.);
#3939=VECTOR('',#6382,1000.);
#3940=VECTOR('',#6383,1000.);
#3941=VECTOR('',#6388,1000.);
#3942=VECTOR('',#6393,1000.);
#3943=VECTOR('',#6394,1000.);
#3944=VECTOR('',#6395,1000.);
#3945=VECTOR('',#6398,1000.);
#3946=VECTOR('',#6399,1000.);
#3947=VECTOR('',#6400,1000.);
#3948=VECTOR('',#6401,1000.);
#3949=VECTOR('',#6404,1000.);
#3950=VECTOR('',#6405,1000.);
#3951=VECTOR('',#6406,1000.);
#3952=VECTOR('',#6407,1000.);
#3953=VECTOR('',#6412,1000.);
#3954=VECTOR('',#6417,1000.);
#3955=VECTOR('',#6418,1000.);
#3956=VECTOR('',#6419,1000.);
#3957=VECTOR('',#6422,1000.);
#3958=VECTOR('',#6423,1000.);
#3959=VECTOR('',#6426,1000.);
#3960=VECTOR('',#6427,1000.);
#3961=VECTOR('',#6430,1000.);
#3962=VECTOR('',#6431,1000.);
#3963=VECTOR('',#6434,1000.);
#3964=VECTOR('',#6437,1000.);
#3965=VECTOR('',#6442,1000.);
#3966=VECTOR('',#6443,1000.);
#3967=VECTOR('',#6446,1000.);
#3968=VECTOR('',#6449,1000.);
#3969=VECTOR('',#6456,1000.);
#3970=VECTOR('',#6457,1000.);
#3971=VECTOR('',#6458,1000.);
#3972=VECTOR('',#6459,1000.);
#3973=VECTOR('',#6462,1000.);
#3974=VECTOR('',#6463,1000.);
#3975=VECTOR('',#6464,1000.);
#3976=VECTOR('',#6465,1000.);
#3977=VECTOR('',#6470,1000.);
#3978=VECTOR('',#6475,1000.);
#3979=VECTOR('',#6476,1000.);
#3980=VECTOR('',#6477,1000.);
#3981=VECTOR('',#6480,1000.);
#3982=VECTOR('',#6481,1000.);
#3983=VECTOR('',#6482,1000.);
#3984=VECTOR('',#6483,1000.);
#3985=VECTOR('',#6486,1000.);
#3986=VECTOR('',#6487,1000.);
#3987=VECTOR('',#6488,1000.);
#3988=VECTOR('',#6489,1000.);
#3989=VECTOR('',#6494,1000.);
#3990=VECTOR('',#6499,1000.);
#3991=VECTOR('',#6500,1000.);
#3992=VECTOR('',#6501,1000.);
#3993=VECTOR('',#6504,1000.);
#3994=VECTOR('',#6505,1000.);
#3995=VECTOR('',#6508,1000.);
#3996=VECTOR('',#6509,1000.);
#3997=VECTOR('',#6512,1000.);
#3998=VECTOR('',#6513,1000.);
#3999=VECTOR('',#6516,1000.);
#4000=VECTOR('',#6519,1000.);
#4001=VECTOR('',#6524,1000.);
#4002=VECTOR('',#6525,1000.);
#4003=VECTOR('',#6528,1000.);
#4004=VECTOR('',#6531,1000.);
#4005=EDGE_LOOP('',(#125,#126,#127,#128));
#4006=EDGE_LOOP('',(#129,#130,#131,#132));
#4007=EDGE_LOOP('',(#133,#134,#135,#136));
#4008=EDGE_LOOP('',(#137,#138,#139,#140));
#4009=EDGE_LOOP('',(#141,#142,#143,#144));
#4010=EDGE_LOOP('',(#145,#146,#147,#148,#149,#150));
#4011=EDGE_LOOP('',(#151,#152,#153,#154));
#4012=EDGE_LOOP('',(#155,#156,#157,#158,#159,#160));
#4013=EDGE_LOOP('',(#161,#162,#163,#164,#165,#166,#167,#168,#169,#170));
#4014=EDGE_LOOP('',(#171,#172,#173,#174,#175,#176,#177,#178,#179,#180));
#4015=EDGE_LOOP('',(#181,#182,#183,#184,#185,#186,#187,#188,#189,#190));
#4016=EDGE_LOOP('',(#191,#192,#193,#194,#195,#196,#197,#198,#199,#200));
#4017=EDGE_LOOP('',(#201,#202,#203,#204));
#4018=EDGE_LOOP('',(#205,#206,#207,#208));
#4019=EDGE_LOOP('',(#209,#210,#211,#212,#213,#214,#215,#216));
#4020=EDGE_LOOP('',(#217,#218,#219,#220,#221,#222));
#4021=EDGE_LOOP('',(#223,#224,#225,#226,#227,#228,#229,#230));
#4022=EDGE_LOOP('',(#231,#232,#233,#234,#235,#236,#237,#238));
#4023=EDGE_LOOP('',(#239,#240,#241,#242,#243,#244,#245,#246,#247,#248,#249));
#4024=EDGE_LOOP('',(#250,#251,#252,#253));
#4025=EDGE_LOOP('',(#254,#255,#256,#257));
#4026=EDGE_LOOP('',(#258,#259,#260,#261));
#4027=EDGE_LOOP('',(#262,#263,#264,#265));
#4028=EDGE_LOOP('',(#266,#267,#268,#269,#270,#271,#272,#273,#274,#275));
#4029=EDGE_LOOP('',(#276,#277,#278,#279,#280,#281,#282,#283,#284,#285));
#4030=EDGE_LOOP('',(#286,#287,#288,#289));
#4031=EDGE_LOOP('',(#290,#291,#292,#293,#294,#295,#296,#297));
#4032=EDGE_LOOP('',(#298,#299,#300,#301,#302,#303,#304,#305));
#4033=EDGE_LOOP('',(#306,#307,#308,#309,#310));
#4034=EDGE_LOOP('',(#311,#312,#313,#314));
#4035=EDGE_LOOP('',(#315,#316,#317,#318,#319,#320,#321,#322,#323,#324,#325,
#326,#327,#328,#329,#330,#331,#332,#333,#334,#335,#336,#337,#338,#339,#340));
#4036=EDGE_LOOP('',(#341,#342,#343,#344,#345,#346));
#4037=EDGE_LOOP('',(#347,#348,#349,#350,#351,#352,#353,#354,#355,#356,#357,
#358,#359,#360,#361,#362,#363,#364,#365,#366,#367,#368,#369,#370));
#4038=EDGE_LOOP('',(#371,#372,#373,#374,#375));
#4039=EDGE_LOOP('',(#376,#377,#378,#379,#380));
#4040=EDGE_LOOP('',(#381,#382,#383,#384));
#4041=EDGE_LOOP('',(#385,#386,#387,#388,#389,#390,#391,#392,#393,#394,#395,
#396,#397,#398,#399,#400,#401,#402,#403,#404,#405,#406,#407,#408,#409,#410));
#4042=EDGE_LOOP('',(#411,#412,#413,#414,#415,#416,#417,#418,#419,#420,#421,
#422,#423,#424,#425,#426,#427,#428,#429,#430,#431,#432,#433,#434));
#4043=EDGE_LOOP('',(#435,#436,#437,#438,#439));
#4044=EDGE_LOOP('',(#440,#441,#442,#443,#444,#445,#446,#447));
#4045=EDGE_LOOP('',(#448,#449,#450,#451,#452,#453,#454,#455,#456,#457,#458,
#459,#460,#461,#462,#463,#464,#465,#466,#467,#468,#469,#470,#471,#472,#473,
#474,#475));
#4046=EDGE_LOOP('',(#476,#477,#478,#479,#480));
#4047=EDGE_LOOP('',(#481,#482,#483,#484,#485));
#4048=EDGE_LOOP('',(#486,#487,#488,#489,#490));
#4049=EDGE_LOOP('',(#491,#492,#493,#494,#495));
#4050=EDGE_LOOP('',(#496,#497,#498,#499));
#4051=EDGE_LOOP('',(#500,#501,#502,#503,#504,#505,#506,#507,#508,#509,#510,
#511,#512,#513,#514,#515));
#4052=EDGE_LOOP('',(#516,#517,#518,#519));
#4053=EDGE_LOOP('',(#520,#521,#522,#523,#524,#525,#526,#527,#528,#529));
#4054=EDGE_LOOP('',(#530,#531,#532,#533,#534,#535,#536,#537,#538,#539));
#4055=EDGE_LOOP('',(#540,#541,#542,#543,#544));
#4056=EDGE_LOOP('',(#545,#546,#547,#548));
#4057=EDGE_LOOP('',(#549,#550,#551,#552,#553,#554,#555,#556,#557,#558,#559,
#560));
#4058=EDGE_LOOP('',(#561,#562,#563,#564,#565,#566,#567,#568,#569,#570,#571,
#572));
#4059=EDGE_LOOP('',(#573,#574,#575,#576,#577));
#4060=EDGE_LOOP('',(#578,#579,#580,#581));
#4061=EDGE_LOOP('',(#582,#583,#584,#585));
#4062=EDGE_LOOP('',(#586,#587,#588,#589));
#4063=EDGE_LOOP('',(#590,#591,#592,#593));
#4064=EDGE_LOOP('',(#594,#595,#596,#597));
#4065=EDGE_LOOP('',(#598,#599,#600,#601));
#4066=EDGE_LOOP('',(#602,#603,#604,#605));
#4067=EDGE_LOOP('',(#606,#607,#608,#609,#610,#611,#612,#613));
#4068=EDGE_LOOP('',(#614,#615,#616,#617));
#4069=EDGE_LOOP('',(#618,#619,#620,#621));
#4070=EDGE_LOOP('',(#622,#623,#624,#625));
#4071=EDGE_LOOP('',(#626,#627,#628,#629));
#4072=EDGE_LOOP('',(#630,#631,#632,#633));
#4073=EDGE_LOOP('',(#634,#635,#636,#637));
#4074=EDGE_LOOP('',(#638,#639,#640,#641));
#4075=EDGE_LOOP('',(#642,#643,#644,#645,#646,#647,#648,#649,#650,#651,#652));
#4076=EDGE_LOOP('',(#653,#654,#655,#656));
#4077=EDGE_LOOP('',(#657,#658,#659,#660));
#4078=EDGE_LOOP('',(#661,#662,#663,#664,#665,#666,#667,#668,#669,#670,#671,
#672,#673,#674,#675,#676));
#4079=EDGE_LOOP('',(#677,#678,#679,#680,#681,#682,#683,#684));
#4080=EDGE_LOOP('',(#685,#686,#687,#688,#689));
#4081=EDGE_LOOP('',(#690,#691,#692,#693,#694,#695,#696,#697));
#4082=EDGE_LOOP('',(#698,#699,#700,#701,#702));
#4083=EDGE_LOOP('',(#703,#704,#705,#706));
#4084=EDGE_LOOP('',(#707,#708,#709,#710,#711));
#4085=EDGE_LOOP('',(#712,#713,#714,#715));
#4086=EDGE_LOOP('',(#716,#717,#718,#719,#720));
#4087=EDGE_LOOP('',(#721,#722,#723,#724));
#4088=EDGE_LOOP('',(#725,#726,#727,#728));
#4089=EDGE_LOOP('',(#729,#730,#731,#732));
#4090=EDGE_LOOP('',(#733,#734,#735,#736));
#4091=EDGE_LOOP('',(#737,#738,#739,#740));
#4092=EDGE_LOOP('',(#741,#742,#743,#744));
#4093=EDGE_LOOP('',(#745,#746,#747,#748));
#4094=EDGE_LOOP('',(#749,#750,#751,#752,#753,#754));
#4095=EDGE_LOOP('',(#755,#756,#757,#758,#759,#760));
#4096=EDGE_LOOP('',(#761,#762,#763,#764,#765));
#4097=EDGE_LOOP('',(#766,#767,#768,#769));
#4098=EDGE_LOOP('',(#770,#771,#772,#773));
#4099=EDGE_LOOP('',(#774,#775,#776,#777));
#4100=EDGE_LOOP('',(#778,#779,#780,#781));
#4101=EDGE_LOOP('',(#782,#783,#784,#785));
#4102=EDGE_LOOP('',(#786,#787,#788,#789,#790));
#4103=EDGE_LOOP('',(#791,#792,#793,#794,#795));
#4104=EDGE_LOOP('',(#796,#797,#798,#799,#800,#801));
#4105=EDGE_LOOP('',(#802,#803,#804,#805));
#4106=EDGE_LOOP('',(#806,#807,#808,#809));
#4107=EDGE_LOOP('',(#810,#811,#812,#813,#814));
#4108=EDGE_LOOP('',(#815,#816,#817,#818,#819,#820,#821,#822,#823,#824,#825,
#826));
#4109=EDGE_LOOP('',(#827,#828,#829,#830,#831));
#4110=EDGE_LOOP('',(#832,#833,#834,#835));
#4111=EDGE_LOOP('',(#836,#837,#838,#839));
#4112=EDGE_LOOP('',(#840,#841,#842,#843));
#4113=EDGE_LOOP('',(#844,#845,#846,#847));
#4114=EDGE_LOOP('',(#848,#849,#850,#851));
#4115=EDGE_LOOP('',(#852,#853,#854,#855));
#4116=EDGE_LOOP('',(#856,#857,#858,#859));
#4117=EDGE_LOOP('',(#860,#861,#862,#863));
#4118=EDGE_LOOP('',(#864,#865,#866,#867));
#4119=EDGE_LOOP('',(#868,#869,#870,#871));
#4120=EDGE_LOOP('',(#872,#873,#874,#875));
#4121=EDGE_LOOP('',(#876,#877,#878,#879));
#4122=EDGE_LOOP('',(#880,#881,#882,#883));
#4123=EDGE_LOOP('',(#884,#885,#886,#887));
#4124=EDGE_LOOP('',(#888,#889,#890,#891,#892,#893,#894,#895));
#4125=EDGE_LOOP('',(#896,#897,#898,#899,#900));
#4126=EDGE_LOOP('',(#901,#902,#903,#904,#905));
#4127=EDGE_LOOP('',(#906,#907,#908,#909,#910,#911,#912,#913));
#4128=EDGE_LOOP('',(#914,#915,#916,#917));
#4129=EDGE_LOOP('',(#918,#919,#920,#921));
#4130=EDGE_LOOP('',(#922,#923,#924,#925,#926));
#4131=EDGE_LOOP('',(#927,#928,#929,#930,#931));
#4132=EDGE_LOOP('',(#932,#933,#934,#935));
#4133=EDGE_LOOP('',(#936,#937,#938,#939));
#4134=EDGE_LOOP('',(#940,#941,#942,#943));
#4135=EDGE_LOOP('',(#944,#945,#946,#947));
#4136=EDGE_LOOP('',(#948,#949,#950,#951));
#4137=EDGE_LOOP('',(#952,#953,#954,#955));
#4138=EDGE_LOOP('',(#956,#957,#958,#959));
#4139=EDGE_LOOP('',(#960,#961,#962,#963,#964,#965));
#4140=EDGE_LOOP('',(#966,#967,#968,#969,#970));
#4141=EDGE_LOOP('',(#971,#972,#973,#974,#975,#976));
#4142=EDGE_LOOP('',(#977,#978,#979,#980));
#4143=EDGE_LOOP('',(#981,#982,#983,#984));
#4144=EDGE_LOOP('',(#985,#986,#987,#988));
#4145=EDGE_LOOP('',(#989,#990,#991,#992));
#4146=EDGE_LOOP('',(#993,#994,#995,#996));
#4147=EDGE_LOOP('',(#997,#998,#999,#1000,#1001));
#4148=EDGE_LOOP('',(#1002,#1003,#1004,#1005,#1006));
#4149=EDGE_LOOP('',(#1007,#1008,#1009,#1010,#1011,#1012));
#4150=EDGE_LOOP('',(#1013,#1014,#1015,#1016));
#4151=EDGE_LOOP('',(#1017,#1018,#1019,#1020));
#4152=EDGE_LOOP('',(#1021,#1022,#1023,#1024));
#4153=EDGE_LOOP('',(#1025,#1026,#1027,#1028));
#4154=EDGE_LOOP('',(#1029,#1030,#1031,#1032));
#4155=EDGE_LOOP('',(#1033,#1034,#1035,#1036));
#4156=EDGE_LOOP('',(#1037,#1038,#1039,#1040));
#4157=EDGE_LOOP('',(#1041,#1042,#1043,#1044));
#4158=EDGE_LOOP('',(#1045,#1046,#1047,#1048));
#4159=EDGE_LOOP('',(#1049,#1050,#1051,#1052,#1053,#1054,#1055,#1056,#1057,
#1058,#1059,#1060,#1061,#1062,#1063,#1064));
#4160=EDGE_LOOP('',(#1065,#1066,#1067,#1068,#1069,#1070,#1071,#1072,#1073,
#1074));
#4161=EDGE_LOOP('',(#1075,#1076,#1077,#1078,#1079,#1080,#1081,#1082,#1083,
#1084));
#4162=EDGE_LOOP('',(#1085,#1086,#1087,#1088));
#4163=EDGE_LOOP('',(#1089,#1090,#1091,#1092));
#4164=EDGE_LOOP('',(#1093,#1094,#1095,#1096));
#4165=EDGE_LOOP('',(#1097,#1098,#1099,#1100));
#4166=EDGE_LOOP('',(#1101,#1102,#1103,#1104));
#4167=EDGE_LOOP('',(#1105,#1106,#1107,#1108));
#4168=EDGE_LOOP('',(#1109,#1110,#1111,#1112));
#4169=EDGE_LOOP('',(#1113,#1114,#1115,#1116));
#4170=EDGE_LOOP('',(#1117,#1118,#1119,#1120));
#4171=EDGE_LOOP('',(#1121,#1122,#1123,#1124));
#4172=EDGE_LOOP('',(#1125,#1126,#1127,#1128,#1129));
#4173=EDGE_LOOP('',(#1130,#1131,#1132,#1133));
#4174=EDGE_LOOP('',(#1134,#1135,#1136,#1137));
#4175=EDGE_LOOP('',(#1138,#1139,#1140,#1141));
#4176=EDGE_LOOP('',(#1142,#1143,#1144,#1145));
#4177=EDGE_LOOP('',(#1146,#1147,#1148,#1149));
#4178=EDGE_LOOP('',(#1150,#1151,#1152,#1153));
#4179=EDGE_LOOP('',(#1154,#1155,#1156,#1157));
#4180=EDGE_LOOP('',(#1158,#1159,#1160,#1161,#1162));
#4181=EDGE_LOOP('',(#1163,#1164,#1165,#1166));
#4182=EDGE_LOOP('',(#1167,#1168,#1169,#1170));
#4183=EDGE_LOOP('',(#1171,#1172,#1173,#1174,#1175,#1176,#1177,#1178,#1179,
#1180));
#4184=EDGE_LOOP('',(#1181,#1182,#1183,#1184,#1185,#1186,#1187,#1188,#1189,
#1190));
#4185=EDGE_LOOP('',(#1191,#1192,#1193,#1194));
#4186=EDGE_LOOP('',(#1195,#1196,#1197,#1198));
#4187=EDGE_LOOP('',(#1199,#1200,#1201,#1202));
#4188=EDGE_LOOP('',(#1203,#1204,#1205,#1206));
#4189=EDGE_LOOP('',(#1207,#1208,#1209,#1210));
#4190=EDGE_LOOP('',(#1211,#1212,#1213,#1214));
#4191=EDGE_LOOP('',(#1215,#1216,#1217,#1218));
#4192=EDGE_LOOP('',(#1219,#1220,#1221,#1222));
#4193=EDGE_LOOP('',(#1223,#1224,#1225,#1226));
#4194=EDGE_LOOP('',(#1227,#1228,#1229,#1230));
#4195=EDGE_LOOP('',(#1231,#1232,#1233,#1234,#1235));
#4196=EDGE_LOOP('',(#1236,#1237,#1238,#1239));
#4197=EDGE_LOOP('',(#1240,#1241,#1242,#1243));
#4198=EDGE_LOOP('',(#1244,#1245,#1246,#1247));
#4199=EDGE_LOOP('',(#1248,#1249,#1250,#1251));
#4200=EDGE_LOOP('',(#1252,#1253,#1254,#1255));
#4201=EDGE_LOOP('',(#1256,#1257,#1258,#1259));
#4202=EDGE_LOOP('',(#1260,#1261,#1262,#1263));
#4203=EDGE_LOOP('',(#1264,#1265,#1266,#1267,#1268));
#4204=EDGE_LOOP('',(#1269,#1270,#1271,#1272));
#4205=EDGE_LOOP('',(#1273,#1274,#1275,#1276));
#4206=EDGE_LOOP('',(#1277,#1278,#1279,#1280,#1281,#1282,#1283,#1284));
#4207=EDGE_LOOP('',(#1285,#1286,#1287,#1288,#1289,#1290,#1291,#1292));
#4208=EDGE_LOOP('',(#1293,#1294,#1295,#1296));
#4209=EDGE_LOOP('',(#1297,#1298,#1299,#1300));
#4210=EDGE_LOOP('',(#1301,#1302,#1303,#1304));
#4211=EDGE_LOOP('',(#1305,#1306,#1307,#1308));
#4212=EDGE_LOOP('',(#1309,#1310,#1311,#1312));
#4213=EDGE_LOOP('',(#1313,#1314,#1315,#1316,#1317,#1318,#1319,#1320,#1321,
#1322,#1323,#1324,#1325,#1326,#1327,#1328));
#4214=EDGE_LOOP('',(#1329,#1330,#1331,#1332,#1333,#1334,#1335,#1336,#1337,
#1338,#1339,#1340,#1341,#1342,#1343,#1344));
#4215=EDGE_LOOP('',(#1345,#1346,#1347,#1348));
#4216=EDGE_LOOP('',(#1349,#1350,#1351,#1352));
#4217=EDGE_LOOP('',(#1353,#1354,#1355,#1356));
#4218=EDGE_LOOP('',(#1357,#1358,#1359,#1360));
#4219=EDGE_LOOP('',(#1361,#1362,#1363,#1364));
#4220=EDGE_LOOP('',(#1365,#1366,#1367,#1368));
#4221=EDGE_LOOP('',(#1369,#1370,#1371,#1372));
#4222=EDGE_LOOP('',(#1373,#1374,#1375,#1376));
#4223=EDGE_LOOP('',(#1377,#1378,#1379,#1380));
#4224=EDGE_LOOP('',(#1381,#1382,#1383,#1384));
#4225=EDGE_LOOP('',(#1385,#1386,#1387,#1388));
#4226=EDGE_LOOP('',(#1389,#1390,#1391,#1392));
#4227=EDGE_LOOP('',(#1393,#1394,#1395,#1396));
#4228=EDGE_LOOP('',(#1397,#1398,#1399,#1400));
#4229=EDGE_LOOP('',(#1401,#1402,#1403,#1404));
#4230=EDGE_LOOP('',(#1405,#1406,#1407,#1408));
#4231=EDGE_LOOP('',(#1409,#1410,#1411,#1412,#1413,#1414,#1415,#1416));
#4232=EDGE_LOOP('',(#1417,#1418,#1419,#1420,#1421,#1422,#1423,#1424));
#4233=EDGE_LOOP('',(#1425,#1426,#1427,#1428));
#4234=EDGE_LOOP('',(#1429,#1430,#1431,#1432));
#4235=EDGE_LOOP('',(#1433,#1434,#1435,#1436));
#4236=EDGE_LOOP('',(#1437,#1438,#1439,#1440));
#4237=EDGE_LOOP('',(#1441,#1442,#1443,#1444));
#4238=EDGE_LOOP('',(#1445,#1446,#1447,#1448));
#4239=EDGE_LOOP('',(#1449,#1450,#1451,#1452));
#4240=EDGE_LOOP('',(#1453,#1454,#1455,#1456));
#4241=EDGE_LOOP('',(#1457,#1458,#1459,#1460));
#4242=EDGE_LOOP('',(#1461,#1462,#1463,#1464));
#4243=EDGE_LOOP('',(#1465,#1466,#1467,#1468));
#4244=EDGE_LOOP('',(#1469,#1470,#1471,#1472));
#4245=EDGE_LOOP('',(#1473,#1474,#1475,#1476));
#4246=EDGE_LOOP('',(#1477,#1478,#1479,#1480));
#4247=EDGE_LOOP('',(#1481,#1482,#1483,#1484));
#4248=EDGE_LOOP('',(#1485,#1486,#1487,#1488));
#4249=EDGE_LOOP('',(#1489,#1490,#1491,#1492,#1493,#1494,#1495,#1496));
#4250=EDGE_LOOP('',(#1497,#1498,#1499,#1500,#1501,#1502,#1503,#1504));
#4251=EDGE_LOOP('',(#1505,#1506,#1507,#1508));
#4252=EDGE_LOOP('',(#1509,#1510,#1511,#1512));
#4253=EDGE_LOOP('',(#1513,#1514,#1515,#1516));
#4254=EDGE_LOOP('',(#1517,#1518,#1519,#1520));
#4255=EDGE_LOOP('',(#1521,#1522,#1523,#1524));
#4256=EDGE_LOOP('',(#1525,#1526,#1527,#1528));
#4257=EDGE_LOOP('',(#1529,#1530,#1531,#1532));
#4258=EDGE_LOOP('',(#1533,#1534,#1535,#1536));
#4259=FACE_BOUND('',#4005,.T.);
#4260=FACE_BOUND('',#4006,.T.);
#4261=FACE_BOUND('',#4007,.T.);
#4262=FACE_BOUND('',#4008,.T.);
#4263=FACE_BOUND('',#4009,.T.);
#4264=FACE_BOUND('',#4010,.T.);
#4265=FACE_BOUND('',#4011,.T.);
#4266=FACE_BOUND('',#4012,.T.);
#4267=FACE_BOUND('',#4013,.T.);
#4268=FACE_BOUND('',#4014,.T.);
#4269=FACE_BOUND('',#4015,.T.);
#4270=FACE_BOUND('',#4016,.T.);
#4271=FACE_BOUND('',#4017,.T.);
#4272=FACE_BOUND('',#4018,.T.);
#4273=FACE_BOUND('',#4019,.T.);
#4274=FACE_BOUND('',#4020,.T.);
#4275=FACE_BOUND('',#4021,.T.);
#4276=FACE_BOUND('',#4022,.T.);
#4277=FACE_BOUND('',#4023,.T.);
#4278=FACE_BOUND('',#4024,.T.);
#4279=FACE_BOUND('',#4025,.T.);
#4280=FACE_BOUND('',#4026,.T.);
#4281=FACE_BOUND('',#4027,.T.);
#4282=FACE_BOUND('',#4028,.T.);
#4283=FACE_BOUND('',#4029,.T.);
#4284=FACE_BOUND('',#4030,.T.);
#4285=FACE_BOUND('',#4031,.T.);
#4286=FACE_BOUND('',#4032,.T.);
#4287=FACE_BOUND('',#4033,.T.);
#4288=FACE_BOUND('',#4034,.T.);
#4289=FACE_BOUND('',#4035,.T.);
#4290=FACE_BOUND('',#4036,.T.);
#4291=FACE_BOUND('',#4037,.T.);
#4292=FACE_BOUND('',#4038,.T.);
#4293=FACE_BOUND('',#4039,.T.);
#4294=FACE_BOUND('',#4040,.T.);
#4295=FACE_BOUND('',#4041,.T.);
#4296=FACE_BOUND('',#4042,.T.);
#4297=FACE_BOUND('',#4043,.T.);
#4298=FACE_BOUND('',#4044,.T.);
#4299=FACE_BOUND('',#4045,.T.);
#4300=FACE_BOUND('',#4046,.T.);
#4301=FACE_BOUND('',#4047,.T.);
#4302=FACE_BOUND('',#4048,.T.);
#4303=FACE_BOUND('',#4049,.T.);
#4304=FACE_BOUND('',#4050,.T.);
#4305=FACE_BOUND('',#4051,.T.);
#4306=FACE_BOUND('',#4052,.T.);
#4307=FACE_BOUND('',#4053,.T.);
#4308=FACE_BOUND('',#4054,.T.);
#4309=FACE_BOUND('',#4055,.T.);
#4310=FACE_BOUND('',#4056,.T.);
#4311=FACE_BOUND('',#4057,.T.);
#4312=FACE_BOUND('',#4058,.T.);
#4313=FACE_BOUND('',#4059,.T.);
#4314=FACE_BOUND('',#4060,.T.);
#4315=FACE_BOUND('',#4061,.T.);
#4316=FACE_BOUND('',#4062,.T.);
#4317=FACE_BOUND('',#4063,.T.);
#4318=FACE_BOUND('',#4064,.T.);
#4319=FACE_BOUND('',#4065,.T.);
#4320=FACE_BOUND('',#4066,.T.);
#4321=FACE_BOUND('',#4067,.T.);
#4322=FACE_BOUND('',#4068,.T.);
#4323=FACE_BOUND('',#4069,.T.);
#4324=FACE_BOUND('',#4070,.T.);
#4325=FACE_BOUND('',#4071,.T.);
#4326=FACE_BOUND('',#4072,.T.);
#4327=FACE_BOUND('',#4073,.T.);
#4328=FACE_BOUND('',#4074,.T.);
#4329=FACE_BOUND('',#4075,.T.);
#4330=FACE_BOUND('',#4076,.T.);
#4331=FACE_BOUND('',#4077,.T.);
#4332=FACE_BOUND('',#4078,.T.);
#4333=FACE_BOUND('',#4079,.T.);
#4334=FACE_BOUND('',#4080,.T.);
#4335=FACE_BOUND('',#4081,.T.);
#4336=FACE_BOUND('',#4082,.T.);
#4337=FACE_BOUND('',#4083,.T.);
#4338=FACE_BOUND('',#4084,.T.);
#4339=FACE_BOUND('',#4085,.T.);
#4340=FACE_BOUND('',#4086,.T.);
#4341=FACE_BOUND('',#4087,.T.);
#4342=FACE_BOUND('',#4088,.T.);
#4343=FACE_BOUND('',#4089,.T.);
#4344=FACE_BOUND('',#4090,.T.);
#4345=FACE_BOUND('',#4091,.T.);
#4346=FACE_BOUND('',#4092,.T.);
#4347=FACE_BOUND('',#4093,.T.);
#4348=FACE_BOUND('',#4094,.T.);
#4349=FACE_BOUND('',#4095,.T.);
#4350=FACE_BOUND('',#4096,.T.);
#4351=FACE_BOUND('',#4097,.T.);
#4352=FACE_BOUND('',#4098,.T.);
#4353=FACE_BOUND('',#4099,.T.);
#4354=FACE_BOUND('',#4100,.T.);
#4355=FACE_BOUND('',#4101,.T.);
#4356=FACE_BOUND('',#4102,.T.);
#4357=FACE_BOUND('',#4103,.T.);
#4358=FACE_BOUND('',#4104,.T.);
#4359=FACE_BOUND('',#4105,.T.);
#4360=FACE_BOUND('',#4106,.T.);
#4361=FACE_BOUND('',#4107,.T.);
#4362=FACE_BOUND('',#4108,.T.);
#4363=FACE_BOUND('',#4109,.T.);
#4364=FACE_BOUND('',#4110,.T.);
#4365=FACE_BOUND('',#4111,.T.);
#4366=FACE_BOUND('',#4112,.T.);
#4367=FACE_BOUND('',#4113,.T.);
#4368=FACE_BOUND('',#4114,.T.);
#4369=FACE_BOUND('',#4115,.T.);
#4370=FACE_BOUND('',#4116,.T.);
#4371=FACE_BOUND('',#4117,.T.);
#4372=FACE_BOUND('',#4118,.T.);
#4373=FACE_BOUND('',#4119,.T.);
#4374=FACE_BOUND('',#4120,.T.);
#4375=FACE_BOUND('',#4121,.T.);
#4376=FACE_BOUND('',#4122,.T.);
#4377=FACE_BOUND('',#4123,.T.);
#4378=FACE_BOUND('',#4124,.T.);
#4379=FACE_BOUND('',#4125,.T.);
#4380=FACE_BOUND('',#4126,.T.);
#4381=FACE_BOUND('',#4127,.T.);
#4382=FACE_BOUND('',#4128,.T.);
#4383=FACE_BOUND('',#4129,.T.);
#4384=FACE_BOUND('',#4130,.T.);
#4385=FACE_BOUND('',#4131,.T.);
#4386=FACE_BOUND('',#4132,.T.);
#4387=FACE_BOUND('',#4133,.T.);
#4388=FACE_BOUND('',#4134,.T.);
#4389=FACE_BOUND('',#4135,.T.);
#4390=FACE_BOUND('',#4136,.T.);
#4391=FACE_BOUND('',#4137,.T.);
#4392=FACE_BOUND('',#4138,.T.);
#4393=FACE_BOUND('',#4139,.T.);
#4394=FACE_BOUND('',#4140,.T.);
#4395=FACE_BOUND('',#4141,.T.);
#4396=FACE_BOUND('',#4142,.T.);
#4397=FACE_BOUND('',#4143,.T.);
#4398=FACE_BOUND('',#4144,.T.);
#4399=FACE_BOUND('',#4145,.T.);
#4400=FACE_BOUND('',#4146,.T.);
#4401=FACE_BOUND('',#4147,.T.);
#4402=FACE_BOUND('',#4148,.T.);
#4403=FACE_BOUND('',#4149,.T.);
#4404=FACE_BOUND('',#4150,.T.);
#4405=FACE_BOUND('',#4151,.T.);
#4406=FACE_BOUND('',#4152,.T.);
#4407=FACE_BOUND('',#4153,.T.);
#4408=FACE_BOUND('',#4154,.T.);
#4409=FACE_BOUND('',#4155,.T.);
#4410=FACE_BOUND('',#4156,.T.);
#4411=FACE_BOUND('',#4157,.T.);
#4412=FACE_BOUND('',#4158,.T.);
#4413=FACE_BOUND('',#4159,.T.);
#4414=FACE_BOUND('',#4160,.T.);
#4415=FACE_BOUND('',#4161,.T.);
#4416=FACE_BOUND('',#4162,.T.);
#4417=FACE_BOUND('',#4163,.T.);
#4418=FACE_BOUND('',#4164,.T.);
#4419=FACE_BOUND('',#4165,.T.);
#4420=FACE_BOUND('',#4166,.T.);
#4421=FACE_BOUND('',#4167,.T.);
#4422=FACE_BOUND('',#4168,.T.);
#4423=FACE_BOUND('',#4169,.T.);
#4424=FACE_BOUND('',#4170,.T.);
#4425=FACE_BOUND('',#4171,.T.);
#4426=FACE_BOUND('',#4172,.T.);
#4427=FACE_BOUND('',#4173,.T.);
#4428=FACE_BOUND('',#4174,.T.);
#4429=FACE_BOUND('',#4175,.T.);
#4430=FACE_BOUND('',#4176,.T.);
#4431=FACE_BOUND('',#4177,.T.);
#4432=FACE_BOUND('',#4178,.T.);
#4433=FACE_BOUND('',#4179,.T.);
#4434=FACE_BOUND('',#4180,.T.);
#4435=FACE_BOUND('',#4181,.T.);
#4436=FACE_BOUND('',#4182,.T.);
#4437=FACE_BOUND('',#4183,.T.);
#4438=FACE_BOUND('',#4184,.T.);
#4439=FACE_BOUND('',#4185,.T.);
#4440=FACE_BOUND('',#4186,.T.);
#4441=FACE_BOUND('',#4187,.T.);
#4442=FACE_BOUND('',#4188,.T.);
#4443=FACE_BOUND('',#4189,.T.);
#4444=FACE_BOUND('',#4190,.T.);
#4445=FACE_BOUND('',#4191,.T.);
#4446=FACE_BOUND('',#4192,.T.);
#4447=FACE_BOUND('',#4193,.T.);
#4448=FACE_BOUND('',#4194,.T.);
#4449=FACE_BOUND('',#4195,.T.);
#4450=FACE_BOUND('',#4196,.T.);
#4451=FACE_BOUND('',#4197,.T.);
#4452=FACE_BOUND('',#4198,.T.);
#4453=FACE_BOUND('',#4199,.T.);
#4454=FACE_BOUND('',#4200,.T.);
#4455=FACE_BOUND('',#4201,.T.);
#4456=FACE_BOUND('',#4202,.T.);
#4457=FACE_BOUND('',#4203,.T.);
#4458=FACE_BOUND('',#4204,.T.);
#4459=FACE_BOUND('',#4205,.T.);
#4460=FACE_BOUND('',#4206,.T.);
#4461=FACE_BOUND('',#4207,.T.);
#4462=FACE_BOUND('',#4208,.T.);
#4463=FACE_BOUND('',#4209,.T.);
#4464=FACE_BOUND('',#4210,.T.);
#4465=FACE_BOUND('',#4211,.T.);
#4466=FACE_BOUND('',#4212,.T.);
#4467=FACE_BOUND('',#4213,.T.);
#4468=FACE_BOUND('',#4214,.T.);
#4469=FACE_BOUND('',#4215,.T.);
#4470=FACE_BOUND('',#4216,.T.);
#4471=FACE_BOUND('',#4217,.T.);
#4472=FACE_BOUND('',#4218,.T.);
#4473=FACE_BOUND('',#4219,.T.);
#4474=FACE_BOUND('',#4220,.T.);
#4475=FACE_BOUND('',#4221,.T.);
#4476=FACE_BOUND('',#4222,.T.);
#4477=FACE_BOUND('',#4223,.T.);
#4478=FACE_BOUND('',#4224,.T.);
#4479=FACE_BOUND('',#4225,.T.);
#4480=FACE_BOUND('',#4226,.T.);
#4481=FACE_BOUND('',#4227,.T.);
#4482=FACE_BOUND('',#4228,.T.);
#4483=FACE_BOUND('',#4229,.T.);
#4484=FACE_BOUND('',#4230,.T.);
#4485=FACE_BOUND('',#4231,.T.);
#4486=FACE_BOUND('',#4232,.T.);
#4487=FACE_BOUND('',#4233,.T.);
#4488=FACE_BOUND('',#4234,.T.);
#4489=FACE_BOUND('',#4235,.T.);
#4490=FACE_BOUND('',#4236,.T.);
#4491=FACE_BOUND('',#4237,.T.);
#4492=FACE_BOUND('',#4238,.T.);
#4493=FACE_BOUND('',#4239,.T.);
#4494=FACE_BOUND('',#4240,.T.);
#4495=FACE_BOUND('',#4241,.T.);
#4496=FACE_BOUND('',#4242,.T.);
#4497=FACE_BOUND('',#4243,.T.);
#4498=FACE_BOUND('',#4244,.T.);
#4499=FACE_BOUND('',#4245,.T.);
#4500=FACE_BOUND('',#4246,.T.);
#4501=FACE_BOUND('',#4247,.T.);
#4502=FACE_BOUND('',#4248,.T.);
#4503=FACE_BOUND('',#4249,.T.);
#4504=FACE_BOUND('',#4250,.T.);
#4505=FACE_BOUND('',#4251,.T.);
#4506=FACE_BOUND('',#4252,.T.);
#4507=FACE_BOUND('',#4253,.T.);
#4508=FACE_BOUND('',#4254,.T.);
#4509=FACE_BOUND('',#4255,.T.);
#4510=FACE_BOUND('',#4256,.T.);
#4511=FACE_BOUND('',#4257,.T.);
#4512=FACE_BOUND('',#4258,.T.);
#4513=PLANE('',#5012);
#4514=PLANE('',#5013);
#4515=PLANE('',#5014);
#4516=PLANE('',#5015);
#4517=PLANE('',#5016);
#4518=PLANE('',#5017);
#4519=PLANE('',#5018);
#4520=PLANE('',#5019);
#4521=PLANE('',#5020);
#4522=PLANE('',#5021);
#4523=PLANE('',#5022);
#4524=PLANE('',#5023);
#4525=PLANE('',#5024);
#4526=PLANE('',#5025);
#4527=PLANE('',#5026);
#4528=PLANE('',#5027);
#4529=PLANE('',#5028);
#4530=PLANE('',#5029);
#4531=PLANE('',#5031);
#4532=PLANE('',#5033);
#4533=PLANE('',#5034);
#4534=PLANE('',#5035);
#4535=PLANE('',#5036);
#4536=PLANE('',#5037);
#4537=PLANE('',#5040);
#4538=PLANE('',#5043);
#4539=PLANE('',#5044);
#4540=PLANE('',#5045);
#4541=PLANE('',#5047);
#4542=PLANE('',#5048);
#4543=PLANE('',#5049);
#4544=PLANE('',#5050);
#4545=PLANE('',#5051);
#4546=PLANE('',#5052);
#4547=PLANE('',#5054);
#4548=PLANE('',#5055);
#4549=PLANE('',#5056);
#4550=PLANE('',#5057);
#4551=PLANE('',#5058);
#4552=PLANE('',#5059);
#4553=PLANE('',#5060);
#4554=PLANE('',#5061);
#4555=PLANE('',#5062);
#4556=PLANE('',#5063);
#4557=PLANE('',#5064);
#4558=PLANE('',#5065);
#4559=PLANE('',#5068);
#4560=PLANE('',#5069);
#4561=PLANE('',#5071);
#4562=PLANE('',#5072);
#4563=PLANE('',#5073);
#4564=PLANE('',#5074);
#4565=PLANE('',#5075);
#4566=PLANE('',#5076);
#4567=PLANE('',#5077);
#4568=PLANE('',#5078);
#4569=PLANE('',#5080);
#4570=PLANE('',#5081);
#4571=PLANE('',#5082);
#4572=PLANE('',#5083);
#4573=PLANE('',#5084);
#4574=PLANE('',#5085);
#4575=PLANE('',#5086);
#4576=PLANE('',#5087);
#4577=PLANE('',#5089);
#4578=PLANE('',#5090);
#4579=PLANE('',#5091);
#4580=PLANE('',#5096);
#4581=PLANE('',#5097);
#4582=PLANE('',#5098);
#4583=PLANE('',#5099);
#4584=PLANE('',#5100);
#4585=PLANE('',#5101);
#4586=PLANE('',#5102);
#4587=PLANE('',#5103);
#4588=PLANE('',#5104);
#4589=PLANE('',#5105);
#4590=PLANE('',#5106);
#4591=PLANE('',#5107);
#4592=PLANE('',#5108);
#4593=PLANE('',#5109);
#4594=PLANE('',#5110);
#4595=PLANE('',#5111);
#4596=PLANE('',#5112);
#4597=PLANE('',#5118);
#4598=PLANE('',#5120);
#4599=PLANE('',#5121);
#4600=PLANE('',#5122);
#4601=PLANE('',#5128);
#4602=PLANE('',#5129);
#4603=PLANE('',#5130);
#4604=PLANE('',#5133);
#4605=PLANE('',#5135);
#4606=PLANE('',#5136);
#4607=PLANE('',#5137);
#4608=PLANE('',#5138);
#4609=PLANE('',#5139);
#4610=PLANE('',#5140);
#4611=PLANE('',#5141);
#4612=PLANE('',#5142);
#4613=PLANE('',#5143);
#4614=PLANE('',#5144);
#4615=PLANE('',#5145);
#4616=PLANE('',#5146);
#4617=PLANE('',#5147);
#4618=PLANE('',#5148);
#4619=PLANE('',#5149);
#4620=PLANE('',#5150);
#4621=PLANE('',#5151);
#4622=PLANE('',#5152);
#4623=PLANE('',#5153);
#4624=PLANE('',#5154);
#4625=PLANE('',#5155);
#4626=PLANE('',#5156);
#4627=PLANE('',#5157);
#4628=PLANE('',#5158);
#4629=PLANE('',#5159);
#4630=PLANE('',#5160);
#4631=PLANE('',#5161);
#4632=PLANE('',#5162);
#4633=PLANE('',#5163);
#4634=PLANE('',#5164);
#4635=PLANE('',#5167);
#4636=PLANE('',#5171);
#4637=PLANE('',#5173);
#4638=PLANE('',#5174);
#4639=PLANE('',#5175);
#4640=PLANE('',#5181);
#4641=PLANE('',#5182);
#4642=PLANE('',#5186);
#4643=PLANE('',#5187);
#4644=PLANE('',#5188);
#4645=PLANE('',#5189);
#4646=PLANE('',#5190);
#4647=PLANE('',#5191);
#4648=PLANE('',#5196);
#4649=PLANE('',#5197);
#4650=PLANE('',#5198);
#4651=PLANE('',#5203);
#4652=PLANE('',#5204);
#4653=PLANE('',#5205);
#4654=PLANE('',#5206);
#4655=PLANE('',#5207);
#4656=PLANE('',#5208);
#4657=PLANE('',#5209);
#4658=PLANE('',#5210);
#4659=PLANE('',#5211);
#4660=PLANE('',#5212);
#4661=PLANE('',#5213);
#4662=PLANE('',#5214);
#4663=PLANE('',#5215);
#4664=PLANE('',#5216);
#4665=PLANE('',#5217);
#4666=PLANE('',#5218);
#4667=PLANE('',#5219);
#4668=PLANE('',#5224);
#4669=PLANE('',#5225);
#4670=PLANE('',#5226);
#4671=PLANE('',#5227);
#4672=PLANE('',#5228);
#4673=PLANE('',#5229);
#4674=PLANE('',#5230);
#4675=PLANE('',#5231);
#4676=PLANE('',#5232);
#4677=PLANE('',#5233);
#4678=PLANE('',#5234);
#4679=PLANE('',#5235);
#4680=PLANE('',#5236);
#4681=PLANE('',#5237);
#4682=PLANE('',#5238);
#4683=PLANE('',#5239);
#4684=PLANE('',#5240);
#4685=PLANE('',#5241);
#4686=PLANE('',#5242);
#4687=PLANE('',#5243);
#4688=PLANE('',#5244);
#4689=PLANE('',#5245);
#4690=PLANE('',#5246);
#4691=PLANE('',#5247);
#4692=PLANE('',#5248);
#4693=PLANE('',#5249);
#4694=PLANE('',#5250);
#4695=PLANE('',#5251);
#4696=PLANE('',#5252);
#4697=PLANE('',#5253);
#4698=PLANE('',#5254);
#4699=PLANE('',#5256);
#4700=PLANE('',#5257);
#4701=PLANE('',#5261);
#4702=PLANE('',#5262);
#4703=PLANE('',#5263);
#4704=PLANE('',#5267);
#4705=PLANE('',#5268);
#4706=PLANE('',#5269);
#4707=PLANE('',#5270);
#4708=PLANE('',#5271);
#4709=PLANE('',#5272);
#4710=PLANE('',#5273);
#4711=PLANE('',#5274);
#4712=PLANE('',#5275);
#4713=PLANE('',#5276);
#4714=PLANE('',#5277);
#4715=PLANE('',#5279);
#4716=PLANE('',#5280);
#4717=PLANE('',#5284);
#4718=PLANE('',#5285);
#4719=PLANE('',#5286);
#4720=PLANE('',#5290);
#4721=PLANE('',#5291);
#4722=PLANE('',#5292);
#4723=PLANE('',#5293);
#4724=PLANE('',#5294);
#4725=PLANE('',#5295);
#4726=PLANE('',#5296);
#4727=PLANE('',#5297);
#4728=PLANE('',#5298);
#4729=PLANE('',#5299);
#4730=PLANE('',#5300);
#4731=ADVANCED_FACE('',(#4259),#4513,.T.);
#4732=ADVANCED_FACE('',(#4260),#4514,.T.);
#4733=ADVANCED_FACE('',(#4261),#4515,.T.);
#4734=ADVANCED_FACE('',(#4262),#4516,.T.);
#4735=ADVANCED_FACE('',(#4263),#4517,.T.);
#4736=ADVANCED_FACE('',(#4264),#4518,.T.);
#4737=ADVANCED_FACE('',(#4265),#4519,.T.);
#4738=ADVANCED_FACE('',(#4266),#4520,.T.);
#4739=ADVANCED_FACE('',(#4267),#4521,.F.);
#4740=ADVANCED_FACE('',(#4268),#4522,.F.);
#4741=ADVANCED_FACE('',(#4269),#4523,.F.);
#4742=ADVANCED_FACE('',(#4270),#4524,.F.);
#4743=ADVANCED_FACE('',(#4271),#4525,.T.);
#4744=ADVANCED_FACE('',(#4272),#4526,.T.);
#4745=ADVANCED_FACE('',(#4273),#4527,.T.);
#4746=ADVANCED_FACE('',(#4274),#4528,.T.);
#4747=ADVANCED_FACE('',(#4275),#4529,.T.);
#4748=ADVANCED_FACE('',(#4276),#4530,.T.);
#4749=ADVANCED_FACE('',(#4277),#4531,.F.);
#4750=ADVANCED_FACE('',(#4278),#4532,.T.);
#4751=ADVANCED_FACE('',(#4279),#4533,.T.);
#4752=ADVANCED_FACE('',(#4280),#4534,.T.);
#4753=ADVANCED_FACE('',(#4281),#4535,.T.);
#4754=ADVANCED_FACE('',(#4282),#4536,.T.);
#4755=ADVANCED_FACE('',(#4283),#4537,.F.);
#4756=ADVANCED_FACE('',(#4284,#4285),#4538,.T.);
#4757=ADVANCED_FACE('',(#4286),#4539,.T.);
#4758=ADVANCED_FACE('',(#4287),#4540,.F.);
#4759=ADVANCED_FACE('',(#4288),#4541,.T.);
#4760=ADVANCED_FACE('',(#4289),#4542,.F.);
#4761=ADVANCED_FACE('',(#4290),#4543,.T.);
#4762=ADVANCED_FACE('',(#4291),#4544,.F.);
#4763=ADVANCED_FACE('',(#4292),#4545,.F.);
#4764=ADVANCED_FACE('',(#4293),#4546,.F.);
#4765=ADVANCED_FACE('',(#4294),#4547,.T.);
#4766=ADVANCED_FACE('',(#4295),#4548,.T.);
#4767=ADVANCED_FACE('',(#4296),#4549,.F.);
#4768=ADVANCED_FACE('',(#4297),#4550,.F.);
#4769=ADVANCED_FACE('',(#4298),#4551,.T.);
#4770=ADVANCED_FACE('',(#4299),#4552,.T.);
#4771=ADVANCED_FACE('',(#4300,#4301,#4302,#4303,#4304,#4305,#4306),#4553,
 .T.);
#4772=ADVANCED_FACE('',(#4307),#4554,.F.);
#4773=ADVANCED_FACE('',(#4308),#4555,.T.);
#4774=ADVANCED_FACE('',(#4309),#4556,.T.);
#4775=ADVANCED_FACE('',(#4310),#4557,.T.);
#4776=ADVANCED_FACE('',(#4311),#4558,.T.);
#4777=ADVANCED_FACE('',(#4312),#4559,.T.);
#4778=ADVANCED_FACE('',(#4313),#4560,.F.);
#4779=ADVANCED_FACE('',(#4314),#4561,.T.);
#4780=ADVANCED_FACE('',(#4315),#4562,.T.);
#4781=ADVANCED_FACE('',(#4316),#4563,.F.);
#4782=ADVANCED_FACE('',(#4317),#4564,.T.);
#4783=ADVANCED_FACE('',(#4318),#4565,.T.);
#4784=ADVANCED_FACE('',(#4319),#4566,.T.);
#4785=ADVANCED_FACE('',(#4320),#4567,.T.);
#4786=ADVANCED_FACE('',(#4321),#4568,.T.);
#4787=ADVANCED_FACE('',(#4322),#4569,.T.);
#4788=ADVANCED_FACE('',(#4323),#4570,.T.);
#4789=ADVANCED_FACE('',(#4324),#4571,.T.);
#4790=ADVANCED_FACE('',(#4325),#4572,.T.);
#4791=ADVANCED_FACE('',(#4326),#4573,.T.);
#4792=ADVANCED_FACE('',(#4327),#4574,.T.);
#4793=ADVANCED_FACE('',(#4328),#4575,.T.);
#4794=ADVANCED_FACE('',(#4329),#4576,.F.);
#4795=ADVANCED_FACE('',(#4330),#4577,.T.);
#4796=ADVANCED_FACE('',(#4331),#4578,.T.);
#4797=ADVANCED_FACE('',(#4332),#4579,.F.);
#4798=ADVANCED_FACE('',(#4333),#4580,.F.);
#4799=ADVANCED_FACE('',(#4334),#4581,.T.);
#4800=ADVANCED_FACE('',(#4335),#4582,.T.);
#4801=ADVANCED_FACE('',(#4336),#4583,.T.);
#4802=ADVANCED_FACE('',(#4337),#4584,.F.);
#4803=ADVANCED_FACE('',(#4338),#4585,.F.);
#4804=ADVANCED_FACE('',(#4339),#4586,.F.);
#4805=ADVANCED_FACE('',(#4340),#4587,.F.);
#4806=ADVANCED_FACE('',(#4341),#4588,.F.);
#4807=ADVANCED_FACE('',(#4342),#4589,.T.);
#4808=ADVANCED_FACE('',(#4343),#4590,.T.);
#4809=ADVANCED_FACE('',(#4344),#4591,.T.);
#4810=ADVANCED_FACE('',(#4345),#4592,.T.);
#4811=ADVANCED_FACE('',(#4346),#4593,.F.);
#4812=ADVANCED_FACE('',(#4347),#4594,.T.);
#4813=ADVANCED_FACE('',(#4348),#4595,.T.);
#4814=ADVANCED_FACE('',(#4349),#4596,.T.);
#4815=ADVANCED_FACE('',(#4350),#60,.T.);
#4816=ADVANCED_FACE('',(#4351),#61,.T.);
#4817=ADVANCED_FACE('',(#4352),#4597,.T.);
#4818=ADVANCED_FACE('',(#4353),#4598,.F.);
#4819=ADVANCED_FACE('',(#4354),#4599,.F.);
#4820=ADVANCED_FACE('',(#4355),#4600,.F.);
#4821=ADVANCED_FACE('',(#4356),#62,.T.);
#4822=ADVANCED_FACE('',(#4357),#63,.T.);
#4823=ADVANCED_FACE('',(#4358),#46,.T.);
#4824=ADVANCED_FACE('',(#4359),#44,.T.);
#4825=ADVANCED_FACE('',(#4360),#4601,.T.);
#4826=ADVANCED_FACE('',(#4361),#4602,.T.);
#4827=ADVANCED_FACE('',(#4362),#4603,.T.);
#4828=ADVANCED_FACE('',(#4363),#4604,.F.);
#4829=ADVANCED_FACE('',(#4364),#4605,.T.);
#4830=ADVANCED_FACE('',(#4365),#4606,.T.);
#4831=ADVANCED_FACE('',(#4366),#4607,.F.);
#4832=ADVANCED_FACE('',(#4367),#4608,.T.);
#4833=ADVANCED_FACE('',(#4368),#4609,.T.);
#4834=ADVANCED_FACE('',(#4369),#4610,.T.);
#4835=ADVANCED_FACE('',(#4370),#4611,.T.);
#4836=ADVANCED_FACE('',(#4371),#4612,.T.);
#4837=ADVANCED_FACE('',(#4372),#4613,.T.);
#4838=ADVANCED_FACE('',(#4373),#4614,.T.);
#4839=ADVANCED_FACE('',(#4374),#4615,.T.);
#4840=ADVANCED_FACE('',(#4375),#4616,.T.);
#4841=ADVANCED_FACE('',(#4376),#4617,.T.);
#4842=ADVANCED_FACE('',(#4377),#4618,.T.);
#4843=ADVANCED_FACE('',(#4378),#4619,.F.);
#4844=ADVANCED_FACE('',(#4379),#4620,.T.);
#4845=ADVANCED_FACE('',(#4380),#4621,.T.);
#4846=ADVANCED_FACE('',(#4381),#4622,.T.);
#4847=ADVANCED_FACE('',(#4382),#4623,.F.);
#4848=ADVANCED_FACE('',(#4383),#4624,.F.);
#4849=ADVANCED_FACE('',(#4384),#4625,.F.);
#4850=ADVANCED_FACE('',(#4385),#4626,.F.);
#4851=ADVANCED_FACE('',(#4386),#4627,.F.);
#4852=ADVANCED_FACE('',(#4387),#4628,.T.);
#4853=ADVANCED_FACE('',(#4388),#4629,.T.);
#4854=ADVANCED_FACE('',(#4389),#4630,.F.);
#4855=ADVANCED_FACE('',(#4390),#4631,.F.);
#4856=ADVANCED_FACE('',(#4391),#4632,.F.);
#4857=ADVANCED_FACE('',(#4392),#4633,.T.);
#4858=ADVANCED_FACE('',(#4393),#4634,.T.);
#4859=ADVANCED_FACE('',(#4394),#64,.T.);
#4860=ADVANCED_FACE('',(#4395),#4635,.T.);
#4861=ADVANCED_FACE('',(#4396),#65,.T.);
#4862=ADVANCED_FACE('',(#4397),#4636,.T.);
#4863=ADVANCED_FACE('',(#4398),#4637,.F.);
#4864=ADVANCED_FACE('',(#4399),#4638,.F.);
#4865=ADVANCED_FACE('',(#4400),#4639,.F.);
#4866=ADVANCED_FACE('',(#4401),#66,.T.);
#4867=ADVANCED_FACE('',(#4402),#67,.T.);
#4868=ADVANCED_FACE('',(#4403),#47,.T.);
#4869=ADVANCED_FACE('',(#4404),#45,.T.);
#4870=ADVANCED_FACE('',(#4405),#4640,.F.);
#4871=ADVANCED_FACE('',(#4406),#4641,.F.);
#4872=ADVANCED_FACE('',(#4407),#68,.F.);
#4873=ADVANCED_FACE('',(#4408),#4642,.F.);
#4874=ADVANCED_FACE('',(#4409),#4643,.T.);
#4875=ADVANCED_FACE('',(#4410),#4644,.T.);
#4876=ADVANCED_FACE('',(#4411),#4645,.T.);
#4877=ADVANCED_FACE('',(#4412),#4646,.T.);
#4878=ADVANCED_FACE('',(#4413),#4647,.F.);
#4879=ADVANCED_FACE('',(#4414),#4648,.F.);
#4880=ADVANCED_FACE('',(#4415),#4649,.F.);
#4881=ADVANCED_FACE('',(#4416),#4650,.T.);
#4882=ADVANCED_FACE('',(#4417),#69,.T.);
#4883=ADVANCED_FACE('',(#4418),#70,.T.);
#4884=ADVANCED_FACE('',(#4419),#71,.T.);
#4885=ADVANCED_FACE('',(#4420),#72,.T.);
#4886=ADVANCED_FACE('',(#4421),#4651,.F.);
#4887=ADVANCED_FACE('',(#4422),#4652,.F.);
#4888=ADVANCED_FACE('',(#4423),#4653,.F.);
#4889=ADVANCED_FACE('',(#4424),#4654,.F.);
#4890=ADVANCED_FACE('',(#4425,#4426),#4655,.T.);
#4891=ADVANCED_FACE('',(#4427),#4656,.F.);
#4892=ADVANCED_FACE('',(#4428),#4657,.F.);
#4893=ADVANCED_FACE('',(#4429),#4658,.F.);
#4894=ADVANCED_FACE('',(#4430),#4659,.F.);
#4895=ADVANCED_FACE('',(#4431),#4660,.F.);
#4896=ADVANCED_FACE('',(#4432),#4661,.F.);
#4897=ADVANCED_FACE('',(#4433,#4434),#4662,.T.);
#4898=ADVANCED_FACE('',(#4435),#4663,.F.);
#4899=ADVANCED_FACE('',(#4436),#4664,.F.);
#4900=ADVANCED_FACE('',(#4437),#4665,.F.);
#4901=ADVANCED_FACE('',(#4438),#4666,.F.);
#4902=ADVANCED_FACE('',(#4439),#4667,.T.);
#4903=ADVANCED_FACE('',(#4440),#73,.T.);
#4904=ADVANCED_FACE('',(#4441),#74,.T.);
#4905=ADVANCED_FACE('',(#4442),#75,.T.);
#4906=ADVANCED_FACE('',(#4443),#76,.T.);
#4907=ADVANCED_FACE('',(#4444),#4668,.F.);
#4908=ADVANCED_FACE('',(#4445),#4669,.F.);
#4909=ADVANCED_FACE('',(#4446),#4670,.F.);
#4910=ADVANCED_FACE('',(#4447),#4671,.F.);
#4911=ADVANCED_FACE('',(#4448,#4449),#4672,.T.);
#4912=ADVANCED_FACE('',(#4450),#4673,.F.);
#4913=ADVANCED_FACE('',(#4451),#4674,.F.);
#4914=ADVANCED_FACE('',(#4452),#4675,.F.);
#4915=ADVANCED_FACE('',(#4453),#4676,.F.);
#4916=ADVANCED_FACE('',(#4454),#4677,.F.);
#4917=ADVANCED_FACE('',(#4455),#4678,.F.);
#4918=ADVANCED_FACE('',(#4456,#4457),#4679,.T.);
#4919=ADVANCED_FACE('',(#4458),#4680,.F.);
#4920=ADVANCED_FACE('',(#4459),#4681,.F.);
#4921=ADVANCED_FACE('',(#4460),#4682,.F.);
#4922=ADVANCED_FACE('',(#4461),#4683,.F.);
#4923=ADVANCED_FACE('',(#4462),#4684,.T.);
#4924=ADVANCED_FACE('',(#4463),#4685,.T.);
#4925=ADVANCED_FACE('',(#4464),#4686,.T.);
#4926=ADVANCED_FACE('',(#4465),#4687,.T.);
#4927=ADVANCED_FACE('',(#4466),#4688,.T.);
#4928=ADVANCED_FACE('',(#4467),#4689,.T.);
#4929=ADVANCED_FACE('',(#4468),#4690,.T.);
#4930=ADVANCED_FACE('',(#4469),#4691,.T.);
#4931=ADVANCED_FACE('',(#4470),#4692,.F.);
#4932=ADVANCED_FACE('',(#4471),#4693,.T.);
#4933=ADVANCED_FACE('',(#4472),#4694,.T.);
#4934=ADVANCED_FACE('',(#4473),#4695,.F.);
#4935=ADVANCED_FACE('',(#4474),#4696,.T.);
#4936=ADVANCED_FACE('',(#4475),#4697,.T.);
#4937=ADVANCED_FACE('',(#4476),#4698,.T.);
#4938=ADVANCED_FACE('',(#4477),#4699,.F.);
#4939=ADVANCED_FACE('',(#4478),#4700,.F.);
#4940=ADVANCED_FACE('',(#4479),#77,.T.);
#4941=ADVANCED_FACE('',(#4480),#4701,.F.);
#4942=ADVANCED_FACE('',(#4481),#4702,.F.);
#4943=ADVANCED_FACE('',(#4482),#4703,.F.);
#4944=ADVANCED_FACE('',(#4483),#78,.F.);
#4945=ADVANCED_FACE('',(#4484),#4704,.F.);
#4946=ADVANCED_FACE('',(#4485),#4705,.T.);
#4947=ADVANCED_FACE('',(#4486),#4706,.F.);
#4948=ADVANCED_FACE('',(#4487),#4707,.T.);
#4949=ADVANCED_FACE('',(#4488),#4708,.F.);
#4950=ADVANCED_FACE('',(#4489),#4709,.F.);
#4951=ADVANCED_FACE('',(#4490),#4710,.F.);
#4952=ADVANCED_FACE('',(#4491),#4711,.T.);
#4953=ADVANCED_FACE('',(#4492),#4712,.F.);
#4954=ADVANCED_FACE('',(#4493),#4713,.F.);
#4955=ADVANCED_FACE('',(#4494),#4714,.F.);
#4956=ADVANCED_FACE('',(#4495),#4715,.F.);
#4957=ADVANCED_FACE('',(#4496),#4716,.F.);
#4958=ADVANCED_FACE('',(#4497),#79,.T.);
#4959=ADVANCED_FACE('',(#4498),#4717,.F.);
#4960=ADVANCED_FACE('',(#4499),#4718,.F.);
#4961=ADVANCED_FACE('',(#4500),#4719,.F.);
#4962=ADVANCED_FACE('',(#4501),#80,.F.);
#4963=ADVANCED_FACE('',(#4502),#4720,.F.);
#4964=ADVANCED_FACE('',(#4503),#4721,.T.);
#4965=ADVANCED_FACE('',(#4504),#4722,.F.);
#4966=ADVANCED_FACE('',(#4505),#4723,.T.);
#4967=ADVANCED_FACE('',(#4506),#4724,.F.);
#4968=ADVANCED_FACE('',(#4507),#4725,.F.);
#4969=ADVANCED_FACE('',(#4508),#4726,.F.);
#4970=ADVANCED_FACE('',(#4509),#4727,.T.);
#4971=ADVANCED_FACE('',(#4510),#4728,.F.);
#4972=ADVANCED_FACE('',(#4511),#4729,.F.);
#4973=ADVANCED_FACE('',(#4512),#4730,.F.);
#4974=CLOSED_SHELL('',(#4731,#4732,#4733,#4734,#4735,#4736,#4737,#4738,
#4739,#4740,#4741,#4742,#4743,#4744,#4745,#4746,#4747,#4748,#4749,#4750,
#4751,#4752,#4753,#4754,#4755,#4756,#4757,#4758,#4759,#4760,#4761,#4762,
#4763,#4764,#4765,#4766,#4767,#4768,#4769,#4770,#4771,#4772,#4773,#4774,
#4775,#4776,#4777,#4778,#4779,#4780,#4781,#4782,#4783,#4784,#4785,#4786,
#4787,#4788,#4789,#4790,#4791,#4792,#4793,#4794,#4795,#4796,#4797,#4798,
#4799,#4800,#4801,#4802,#4803,#4804,#4805,#4806,#4807,#4808,#4809,#4810,
#4811,#4812,#4813,#4814,#4815,#4816,#4817,#4818,#4819,#4820,#4821,#4822,
#4823,#4824,#4825,#4826,#4827,#4828,#4829,#4830,#4831,#4832,#4833,#4834,
#4835,#4836,#4837,#4838,#4839,#4840,#4841,#4842,#4843,#4844,#4845,#4846,
#4847,#4848,#4849,#4850,#4851,#4852,#4853,#4854,#4855,#4856,#4857,#4858,
#4859,#4860,#4861,#4862,#4863,#4864,#4865,#4866,#4867,#4868,#4869,#4870,
#4871,#4872,#4873,#4874,#4875,#4876,#4877,#4878,#4879,#4880,#4881,#4882,
#4883,#4884,#4885,#4886,#4887,#4888,#4889,#4890,#4891,#4892,#4893,#4894,
#4895,#4896,#4897,#4898,#4899,#4900,#4901,#4902,#4903,#4904,#4905,#4906,
#4907,#4908,#4909,#4910,#4911,#4912,#4913,#4914,#4915,#4916,#4917,#4918,
#4919,#4920,#4921,#4922,#4923,#4924,#4925,#4926,#4927,#4928,#4929,#4930,
#4931,#4932,#4933,#4934,#4935,#4936,#4937));
#4975=CLOSED_SHELL('',(#4938,#4939,#4940,#4941,#4942,#4943,#4944,#4945,
#4946,#4947,#4948,#4949,#4950,#4951,#4952,#4953,#4954,#4955));
#4976=CLOSED_SHELL('',(#4956,#4957,#4958,#4959,#4960,#4961,#4962,#4963,
#4964,#4965,#4966,#4967,#4968,#4969,#4970,#4971,#4972,#4973));
#4977=STYLED_ITEM('',(#4980),#5000);
#4978=STYLED_ITEM('',(#4981),#5001);
#4979=STYLED_ITEM('',(#4982),#5002);
#4980=PRESENTATION_STYLE_ASSIGNMENT((#4983));
#4981=PRESENTATION_STYLE_ASSIGNMENT((#4984));
#4982=PRESENTATION_STYLE_ASSIGNMENT((#4985));
#4983=SURFACE_STYLE_USAGE(.BOTH.,#4986);
#4984=SURFACE_STYLE_USAGE(.BOTH.,#4987);
#4985=SURFACE_STYLE_USAGE(.BOTH.,#4988);
#4986=SURFACE_SIDE_STYLE('',(#4989));
#4987=SURFACE_SIDE_STYLE('',(#4990));
#4988=SURFACE_SIDE_STYLE('',(#4991));
#4989=SURFACE_STYLE_FILL_AREA(#4992);
#4990=SURFACE_STYLE_FILL_AREA(#4993);
#4991=SURFACE_STYLE_FILL_AREA(#4994);
#4992=FILL_AREA_STYLE('',(#4995));
#4993=FILL_AREA_STYLE('',(#4996));
#4994=FILL_AREA_STYLE('',(#4997));
#4995=FILL_AREA_STYLE_COLOUR('',#4998);
#4996=FILL_AREA_STYLE_COLOUR('',#4999);
#4997=FILL_AREA_STYLE_COLOUR('',#4999);
#4998=COLOUR_RGB('',0.200000002980232,0.200000002980232,0.200000002980232);
#4999=COLOUR_RGB('',0.645180702209473,0.678915679454803,0.699999988079071);
#5000=MANIFOLD_SOLID_BREP('',#4974);
#5001=MANIFOLD_SOLID_BREP('',#4975);
#5002=MANIFOLD_SOLID_BREP('',#4976);
#5003=SHAPE_DEFINITION_REPRESENTATION(#8006,#5007);
#5004=SHAPE_DEFINITION_REPRESENTATION(#8005,#5008);
#5005=SHAPE_DEFINITION_REPRESENTATION(#8008,#5009);
#5006=SHAPE_DEFINITION_REPRESENTATION(#8010,#5010);
#5007=SHAPE_REPRESENTATION('66200421022',(#5011),#7995);
#5008=SHAPE_REPRESENTATION('6620xx21022',(#5011,#5255,#5278,#5301,#5302,
#5303),#7994);
#5009=SHAPE_REPRESENTATION('6620xx21022_PIN_COURTE',(#5011),#7996);
#5010=SHAPE_REPRESENTATION('6620xx21022_PIN_LONGUE',(#5011),#7997);
#5011=AXIS2_PLACEMENT_3D('',#6540,#5304,#5305);
#5012=AXIS2_PLACEMENT_3D('',#6541,#5306,#5307);
#5013=AXIS2_PLACEMENT_3D('',#6550,#5312,#5313);
#5014=AXIS2_PLACEMENT_3D('',#6559,#5318,#5319);
#5015=AXIS2_PLACEMENT_3D('',#6568,#5324,#5325);
#5016=AXIS2_PLACEMENT_3D('',#6577,#5330,#5331);
#5017=AXIS2_PLACEMENT_3D('',#6586,#5336,#5337);
#5018=AXIS2_PLACEMENT_3D('',#6599,#5344,#5345);
#5019=AXIS2_PLACEMENT_3D('',#6608,#5350,#5351);
#5020=AXIS2_PLACEMENT_3D('',#6621,#5358,#5359);
#5021=AXIS2_PLACEMENT_3D('',#6636,#5368,#5369);
#5022=AXIS2_PLACEMENT_3D('',#6651,#5378,#5379);
#5023=AXIS2_PLACEMENT_3D('',#6666,#5388,#5389);
#5024=AXIS2_PLACEMENT_3D('',#6681,#5398,#5399);
#5025=AXIS2_PLACEMENT_3D('',#6690,#5404,#5405);
#5026=AXIS2_PLACEMENT_3D('',#6693,#5408,#5409);
#5027=AXIS2_PLACEMENT_3D('',#6710,#5418,#5419);
#5028=AXIS2_PLACEMENT_3D('',#6723,#5426,#5427);
#5029=AXIS2_PLACEMENT_3D('',#6740,#5436,#5437);
#5030=AXIS2_PLACEMENT_3D('',#6741,#5438,#5439);
#5031=AXIS2_PLACEMENT_3D('',#6749,#5444,#5445);
#5032=AXIS2_PLACEMENT_3D('',#6752,#5447,#5448);
#5033=AXIS2_PLACEMENT_3D('',#6766,#5456,#5457);
#5034=AXIS2_PLACEMENT_3D('',#6769,#5460,#5461);
#5035=AXIS2_PLACEMENT_3D('',#6778,#5466,#5467);
#5036=AXIS2_PLACEMENT_3D('',#6787,#5472,#5473);
#5037=AXIS2_PLACEMENT_3D('',#6796,#5478,#5479);
#5038=AXIS2_PLACEMENT_3D('',#6797,#5480,#5481);
#5039=AXIS2_PLACEMENT_3D('',#6798,#5482,#5483);
#5040=AXIS2_PLACEMENT_3D('',#6804,#5487,#5488);
#5041=AXIS2_PLACEMENT_3D('',#6805,#5489,#5490);
#5042=AXIS2_PLACEMENT_3D('',#6815,#5496,#5497);
#5043=AXIS2_PLACEMENT_3D('',#6816,#5498,#5499);
#5044=AXIS2_PLACEMENT_3D('',#6838,#5511,#5512);
#5045=AXIS2_PLACEMENT_3D('',#6852,#5520,#5521);
#5046=AXIS2_PLACEMENT_3D('',#6858,#5524,#5525);
#5047=AXIS2_PLACEMENT_3D('',#6863,#5528,#5529);
#5048=AXIS2_PLACEMENT_3D('',#6872,#5534,#5535);
#5049=AXIS2_PLACEMENT_3D('',#6919,#5560,#5561);
#5050=AXIS2_PLACEMENT_3D('',#6932,#5568,#5569);
#5051=AXIS2_PLACEMENT_3D('',#6978,#5593,#5594);
#5052=AXIS2_PLACEMENT_3D('',#6984,#5598,#5599);
#5053=AXIS2_PLACEMENT_3D('',#6985,#5600,#5601);
#5054=AXIS2_PLACEMENT_3D('',#6995,#5606,#5607);
#5055=AXIS2_PLACEMENT_3D('',#7004,#5612,#5613);
#5056=AXIS2_PLACEMENT_3D('',#7046,#5636,#5637);
#5057=AXIS2_PLACEMENT_3D('',#7086,#5659,#5660);
#5058=AXIS2_PLACEMENT_3D('',#7092,#5664,#5665);
#5059=AXIS2_PLACEMENT_3D('',#7109,#5674,#5675);
#5060=AXIS2_PLACEMENT_3D('',#7160,#5702,#5703);
#5061=AXIS2_PLACEMENT_3D('',#7213,#5736,#5737);
#5062=AXIS2_PLACEMENT_3D('',#7218,#5741,#5742);
#5063=AXIS2_PLACEMENT_3D('',#7225,#5747,#5748);
#5064=AXIS2_PLACEMENT_3D('',#7230,#5752,#5753);
#5065=AXIS2_PLACEMENT_3D('',#7232,#5755,#5756);
#5066=AXIS2_PLACEMENT_3D('',#7236,#5758,#5759);
#5067=AXIS2_PLACEMENT_3D('',#7249,#5766,#5767);
#5068=AXIS2_PLACEMENT_3D('',#7250,#5768,#5769);
#5069=AXIS2_PLACEMENT_3D('',#7262,#5777,#5778);
#5070=AXIS2_PLACEMENT_3D('',#7265,#5780,#5781);
#5071=AXIS2_PLACEMENT_3D('',#7266,#5782,#5783);
#5072=AXIS2_PLACEMENT_3D('',#7270,#5786,#5787);
#5073=AXIS2_PLACEMENT_3D('',#7272,#5789,#5790);
#5074=AXIS2_PLACEMENT_3D('',#7273,#5791,#5792);
#5075=AXIS2_PLACEMENT_3D('',#7275,#5794,#5795);
#5076=AXIS2_PLACEMENT_3D('',#7277,#5797,#5798);
#5077=AXIS2_PLACEMENT_3D('',#7279,#5800,#5801);
#5078=AXIS2_PLACEMENT_3D('',#7280,#5802,#5803);
#5079=AXIS2_PLACEMENT_3D('',#7281,#5804,#5805);
#5080=AXIS2_PLACEMENT_3D('',#7284,#5808,#5809);
#5081=AXIS2_PLACEMENT_3D('',#7286,#5811,#5812);
#5082=AXIS2_PLACEMENT_3D('',#7288,#5814,#5815);
#5083=AXIS2_PLACEMENT_3D('',#7290,#5817,#5818);
#5084=AXIS2_PLACEMENT_3D('',#7291,#5819,#5820);
#5085=AXIS2_PLACEMENT_3D('',#7293,#5822,#5823);
#5086=AXIS2_PLACEMENT_3D('',#7295,#5825,#5826);
#5087=AXIS2_PLACEMENT_3D('',#7296,#5827,#5828);
#5088=AXIS2_PLACEMENT_3D('',#7297,#5829,#5830);
#5089=AXIS2_PLACEMENT_3D('',#7305,#5836,#5837);
#5090=AXIS2_PLACEMENT_3D('',#7307,#5839,#5840);
#5091=AXIS2_PLACEMENT_3D('',#7309,#5842,#5843);
#5092=AXIS2_PLACEMENT_3D('',#7313,#5845,#5846);
#5093=AXIS2_PLACEMENT_3D('',#7314,#5847,#5848);
#5094=AXIS2_PLACEMENT_3D('',#7322,#5852,#5853);
#5095=AXIS2_PLACEMENT_3D('',#7323,#5854,#5855);
#5096=AXIS2_PLACEMENT_3D('',#7328,#5858,#5859);
#5097=AXIS2_PLACEMENT_3D('',#7338,#5865,#5866);
#5098=AXIS2_PLACEMENT_3D('',#7343,#5870,#5871);
#5099=AXIS2_PLACEMENT_3D('',#7352,#5877,#5878);
#5100=AXIS2_PLACEMENT_3D('',#7355,#5881,#5882);
#5101=AXIS2_PLACEMENT_3D('',#7356,#5883,#5884);
#5102=AXIS2_PLACEMENT_3D('',#7361,#5888,#5889);
#5103=AXIS2_PLACEMENT_3D('',#7365,#5892,#5893);
#5104=AXIS2_PLACEMENT_3D('',#7368,#5896,#5897);
#5105=AXIS2_PLACEMENT_3D('',#7369,#5898,#5899);
#5106=AXIS2_PLACEMENT_3D('',#7370,#5900,#5901);
#5107=AXIS2_PLACEMENT_3D('',#7371,#5902,#5903);
#5108=AXIS2_PLACEMENT_3D('',#7372,#5904,#5905);
#5109=AXIS2_PLACEMENT_3D('',#7373,#5906,#5907);
#5110=AXIS2_PLACEMENT_3D('',#7376,#5910,#5911);
#5111=AXIS2_PLACEMENT_3D('',#7377,#5912,#5913);
#5112=AXIS2_PLACEMENT_3D('',#7385,#5918,#5919);
#5113=AXIS2_PLACEMENT_3D('',#7393,#5924,#5925);
#5114=AXIS2_PLACEMENT_3D('',#7394,#5926,#5927);
#5115=AXIS2_PLACEMENT_3D('',#7395,#5928,#5929);
#5116=AXIS2_PLACEMENT_3D('',#7396,#5930,#5931);
#5117=AXIS2_PLACEMENT_3D('',#7397,#5932,#5933);
#5118=AXIS2_PLACEMENT_3D('',#7398,#5934,#5935);
#5119=AXIS2_PLACEMENT_3D('',#7401,#5937,#5938);
#5120=AXIS2_PLACEMENT_3D('',#7404,#5940,#5941);
#5121=AXIS2_PLACEMENT_3D('',#7405,#5942,#5943);
#5122=AXIS2_PLACEMENT_3D('',#7412,#5945,#5946);
#5123=AXIS2_PLACEMENT_3D('',#7419,#5948,#5949);
#5124=AXIS2_PLACEMENT_3D('',#7429,#5950,#5951);
#5125=AXIS2_PLACEMENT_3D('',#7439,#5952,#5953);
#5126=AXIS2_PLACEMENT_3D('',#7440,#5954,#5955);
#5127=AXIS2_PLACEMENT_3D('',#7441,#5956,#5957);
#5128=AXIS2_PLACEMENT_3D('',#7442,#5958,#5959);
#5129=AXIS2_PLACEMENT_3D('',#7445,#5962,#5963);
#5130=AXIS2_PLACEMENT_3D('',#7447,#5965,#5966);
#5131=AXIS2_PLACEMENT_3D('',#7451,#5968,#5969);
#5132=AXIS2_PLACEMENT_3D('',#7455,#5971,#5972);
#5133=AXIS2_PLACEMENT_3D('',#7463,#5977,#5978);
#5134=AXIS2_PLACEMENT_3D('',#7464,#5979,#5980);
#5135=AXIS2_PLACEMENT_3D('',#7467,#5982,#5983);
#5136=AXIS2_PLACEMENT_3D('',#7471,#5986,#5987);
#5137=AXIS2_PLACEMENT_3D('',#7473,#5989,#5990);
#5138=AXIS2_PLACEMENT_3D('',#7474,#5991,#5992);
#5139=AXIS2_PLACEMENT_3D('',#7476,#5994,#5995);
#5140=AXIS2_PLACEMENT_3D('',#7478,#5997,#5998);
#5141=AXIS2_PLACEMENT_3D('',#7480,#6000,#6001);
#5142=AXIS2_PLACEMENT_3D('',#7481,#6002,#6003);
#5143=AXIS2_PLACEMENT_3D('',#7483,#6005,#6006);
#5144=AXIS2_PLACEMENT_3D('',#7485,#6008,#6009);
#5145=AXIS2_PLACEMENT_3D('',#7487,#6011,#6012);
#5146=AXIS2_PLACEMENT_3D('',#7488,#6013,#6014);
#5147=AXIS2_PLACEMENT_3D('',#7490,#6016,#6017);
#5148=AXIS2_PLACEMENT_3D('',#7492,#6019,#6020);
#5149=AXIS2_PLACEMENT_3D('',#7493,#6021,#6022);
#5150=AXIS2_PLACEMENT_3D('',#7503,#6028,#6029);
#5151=AXIS2_PLACEMENT_3D('',#7508,#6033,#6034);
#5152=AXIS2_PLACEMENT_3D('',#7513,#6038,#6039);
#5153=AXIS2_PLACEMENT_3D('',#7520,#6044,#6045);
#5154=AXIS2_PLACEMENT_3D('',#7521,#6046,#6047);
#5155=AXIS2_PLACEMENT_3D('',#7527,#6051,#6052);
#5156=AXIS2_PLACEMENT_3D('',#7530,#6055,#6056);
#5157=AXIS2_PLACEMENT_3D('',#7533,#6059,#6060);
#5158=AXIS2_PLACEMENT_3D('',#7534,#6061,#6062);
#5159=AXIS2_PLACEMENT_3D('',#7535,#6063,#6064);
#5160=AXIS2_PLACEMENT_3D('',#7536,#6065,#6066);
#5161=AXIS2_PLACEMENT_3D('',#7537,#6067,#6068);
#5162=AXIS2_PLACEMENT_3D('',#7538,#6069,#6070);
#5163=AXIS2_PLACEMENT_3D('',#7541,#6073,#6074);
#5164=AXIS2_PLACEMENT_3D('',#7542,#6075,#6076);
#5165=AXIS2_PLACEMENT_3D('',#7550,#6081,#6082);
#5166=AXIS2_PLACEMENT_3D('',#7551,#6083,#6084);
#5167=AXIS2_PLACEMENT_3D('',#7554,#6086,#6087);
#5168=AXIS2_PLACEMENT_3D('',#7560,#6091,#6092);
#5169=AXIS2_PLACEMENT_3D('',#7561,#6093,#6094);
#5170=AXIS2_PLACEMENT_3D('',#7562,#6095,#6096);
#5171=AXIS2_PLACEMENT_3D('',#7563,#6097,#6098);
#5172=AXIS2_PLACEMENT_3D('',#7566,#6100,#6101);
#5173=AXIS2_PLACEMENT_3D('',#7569,#6103,#6104);
#5174=AXIS2_PLACEMENT_3D('',#7570,#6105,#6106);
#5175=AXIS2_PLACEMENT_3D('',#7577,#6108,#6109);
#5176=AXIS2_PLACEMENT_3D('',#7584,#6111,#6112);
#5177=AXIS2_PLACEMENT_3D('',#7594,#6113,#6114);
#5178=AXIS2_PLACEMENT_3D('',#7604,#6115,#6116);
#5179=AXIS2_PLACEMENT_3D('',#7605,#6117,#6118);
#5180=AXIS2_PLACEMENT_3D('',#7606,#6119,#6120);
#5181=AXIS2_PLACEMENT_3D('',#7607,#6121,#6122);
#5182=AXIS2_PLACEMENT_3D('',#7613,#6126,#6127);
#5183=AXIS2_PLACEMENT_3D('',#7619,#6131,#6132);
#5184=AXIS2_PLACEMENT_3D('',#7620,#6133,#6134);
#5185=AXIS2_PLACEMENT_3D('',#7621,#6135,#6136);
#5186=AXIS2_PLACEMENT_3D('',#7622,#6137,#6138);
#5187=AXIS2_PLACEMENT_3D('',#7623,#6139,#6140);
#5188=AXIS2_PLACEMENT_3D('',#7624,#6141,#6142);
#5189=AXIS2_PLACEMENT_3D('',#7628,#6145,#6146);
#5190=AXIS2_PLACEMENT_3D('',#7632,#6149,#6150);
#5191=AXIS2_PLACEMENT_3D('',#7634,#6152,#6153);
#5192=AXIS2_PLACEMENT_3D('',#7635,#6154,#6155);
#5193=AXIS2_PLACEMENT_3D('',#7636,#6156,#6157);
#5194=AXIS2_PLACEMENT_3D('',#7637,#6158,#6159);
#5195=AXIS2_PLACEMENT_3D('',#7638,#6160,#6161);
#5196=AXIS2_PLACEMENT_3D('',#7639,#6162,#6163);
#5197=AXIS2_PLACEMENT_3D('',#7649,#6170,#6171);
#5198=AXIS2_PLACEMENT_3D('',#7659,#6178,#6179);
#5199=AXIS2_PLACEMENT_3D('',#7661,#6181,#6182);
#5200=AXIS2_PLACEMENT_3D('',#7662,#6183,#6184);
#5201=AXIS2_PLACEMENT_3D('',#7663,#6185,#6186);
#5202=AXIS2_PLACEMENT_3D('',#7664,#6187,#6188);
#5203=AXIS2_PLACEMENT_3D('',#7665,#6189,#6190);
#5204=AXIS2_PLACEMENT_3D('',#7671,#6194,#6195);
#5205=AXIS2_PLACEMENT_3D('',#7675,#6198,#6199);
#5206=AXIS2_PLACEMENT_3D('',#7679,#6202,#6203);
#5207=AXIS2_PLACEMENT_3D('',#7683,#6206,#6207);
#5208=AXIS2_PLACEMENT_3D('',#7687,#6211,#6212);
#5209=AXIS2_PLACEMENT_3D('',#7688,#6213,#6214);
#5210=AXIS2_PLACEMENT_3D('',#7689,#6215,#6216);
#5211=AXIS2_PLACEMENT_3D('',#7695,#6220,#6221);
#5212=AXIS2_PLACEMENT_3D('',#7699,#6224,#6225);
#5213=AXIS2_PLACEMENT_3D('',#7703,#6228,#6229);
#5214=AXIS2_PLACEMENT_3D('',#7707,#6232,#6233);
#5215=AXIS2_PLACEMENT_3D('',#7711,#6237,#6238);
#5216=AXIS2_PLACEMENT_3D('',#7712,#6239,#6240);
#5217=AXIS2_PLACEMENT_3D('',#7713,#6241,#6242);
#5218=AXIS2_PLACEMENT_3D('',#7723,#6249,#6250);
#5219=AXIS2_PLACEMENT_3D('',#7733,#6257,#6258);
#5220=AXIS2_PLACEMENT_3D('',#7735,#6260,#6261);
#5221=AXIS2_PLACEMENT_3D('',#7736,#6262,#6263);
#5222=AXIS2_PLACEMENT_3D('',#7737,#6264,#6265);
#5223=AXIS2_PLACEMENT_3D('',#7738,#6266,#6267);
#5224=AXIS2_PLACEMENT_3D('',#7739,#6268,#6269);
#5225=AXIS2_PLACEMENT_3D('',#7745,#6273,#6274);
#5226=AXIS2_PLACEMENT_3D('',#7749,#6277,#6278);
#5227=AXIS2_PLACEMENT_3D('',#7753,#6281,#6282);
#5228=AXIS2_PLACEMENT_3D('',#7757,#6285,#6286);
#5229=AXIS2_PLACEMENT_3D('',#7761,#6290,#6291);
#5230=AXIS2_PLACEMENT_3D('',#7762,#6292,#6293);
#5231=AXIS2_PLACEMENT_3D('',#7763,#6294,#6295);
#5232=AXIS2_PLACEMENT_3D('',#7769,#6299,#6300);
#5233=AXIS2_PLACEMENT_3D('',#7775,#6304,#6305);
#5234=AXIS2_PLACEMENT_3D('',#7779,#6308,#6309);
#5235=AXIS2_PLACEMENT_3D('',#7781,#6311,#6312);
#5236=AXIS2_PLACEMENT_3D('',#7785,#6316,#6317);
#5237=AXIS2_PLACEMENT_3D('',#7786,#6318,#6319);
#5238=AXIS2_PLACEMENT_3D('',#7787,#6320,#6321);
#5239=AXIS2_PLACEMENT_3D('',#7794,#6326,#6327);
#5240=AXIS2_PLACEMENT_3D('',#7801,#6332,#6333);
#5241=AXIS2_PLACEMENT_3D('',#7802,#6334,#6335);
#5242=AXIS2_PLACEMENT_3D('',#7803,#6336,#6337);
#5243=AXIS2_PLACEMENT_3D('',#7804,#6338,#6339);
#5244=AXIS2_PLACEMENT_3D('',#7805,#6340,#6341);
#5245=AXIS2_PLACEMENT_3D('',#7806,#6342,#6343);
#5246=AXIS2_PLACEMENT_3D('',#7809,#6346,#6347);
#5247=AXIS2_PLACEMENT_3D('',#7812,#6350,#6351);
#5248=AXIS2_PLACEMENT_3D('',#7813,#6352,#6353);
#5249=AXIS2_PLACEMENT_3D('',#7814,#6354,#6355);
#5250=AXIS2_PLACEMENT_3D('',#7816,#6357,#6358);
#5251=AXIS2_PLACEMENT_3D('',#7818,#6360,#6361);
#5252=AXIS2_PLACEMENT_3D('',#7819,#6362,#6363);
#5253=AXIS2_PLACEMENT_3D('',#7821,#6365,#6366);
#5254=AXIS2_PLACEMENT_3D('',#7823,#6368,#6369);
#5255=AXIS2_PLACEMENT_3D('',#7824,#6370,#6371);
#5256=AXIS2_PLACEMENT_3D('',#7825,#6372,#6373);
#5257=AXIS2_PLACEMENT_3D('',#7834,#6378,#6379);
#5258=AXIS2_PLACEMENT_3D('',#7843,#6384,#6385);
#5259=AXIS2_PLACEMENT_3D('',#7844,#6386,#6387);
#5260=AXIS2_PLACEMENT_3D('',#7848,#6389,#6390);
#5261=AXIS2_PLACEMENT_3D('',#7849,#6391,#6392);
#5262=AXIS2_PLACEMENT_3D('',#7855,#6396,#6397);
#5263=AXIS2_PLACEMENT_3D('',#7864,#6402,#6403);
#5264=AXIS2_PLACEMENT_3D('',#7873,#6408,#6409);
#5265=AXIS2_PLACEMENT_3D('',#7874,#6410,#6411);
#5266=AXIS2_PLACEMENT_3D('',#7878,#6413,#6414);
#5267=AXIS2_PLACEMENT_3D('',#7879,#6415,#6416);
#5268=AXIS2_PLACEMENT_3D('',#7885,#6420,#6421);
#5269=AXIS2_PLACEMENT_3D('',#7888,#6424,#6425);
#5270=AXIS2_PLACEMENT_3D('',#7891,#6428,#6429);
#5271=AXIS2_PLACEMENT_3D('',#7894,#6432,#6433);
#5272=AXIS2_PLACEMENT_3D('',#7896,#6435,#6436);
#5273=AXIS2_PLACEMENT_3D('',#7898,#6438,#6439);
#5274=AXIS2_PLACEMENT_3D('',#7899,#6440,#6441);
#5275=AXIS2_PLACEMENT_3D('',#7902,#6444,#6445);
#5276=AXIS2_PLACEMENT_3D('',#7904,#6447,#6448);
#5277=AXIS2_PLACEMENT_3D('',#7906,#6450,#6451);
#5278=AXIS2_PLACEMENT_3D('',#7907,#6452,#6453);
#5279=AXIS2_PLACEMENT_3D('',#7908,#6454,#6455);
#5280=AXIS2_PLACEMENT_3D('',#7917,#6460,#6461);
#5281=AXIS2_PLACEMENT_3D('',#7926,#6466,#6467);
#5282=AXIS2_PLACEMENT_3D('',#7927,#6468,#6469);
#5283=AXIS2_PLACEMENT_3D('',#7931,#6471,#6472);
#5284=AXIS2_PLACEMENT_3D('',#7932,#6473,#6474);
#5285=AXIS2_PLACEMENT_3D('',#7938,#6478,#6479);
#5286=AXIS2_PLACEMENT_3D('',#7947,#6484,#6485);
#5287=AXIS2_PLACEMENT_3D('',#7956,#6490,#6491);
#5288=AXIS2_PLACEMENT_3D('',#7957,#6492,#6493);
#5289=AXIS2_PLACEMENT_3D('',#7961,#6495,#6496);
#5290=AXIS2_PLACEMENT_3D('',#7962,#6497,#6498);
#5291=AXIS2_PLACEMENT_3D('',#7968,#6502,#6503);
#5292=AXIS2_PLACEMENT_3D('',#7971,#6506,#6507);
#5293=AXIS2_PLACEMENT_3D('',#7974,#6510,#6511);
#5294=AXIS2_PLACEMENT_3D('',#7977,#6514,#6515);
#5295=AXIS2_PLACEMENT_3D('',#7979,#6517,#6518);
#5296=AXIS2_PLACEMENT_3D('',#7981,#6520,#6521);
#5297=AXIS2_PLACEMENT_3D('',#7982,#6522,#6523);
#5298=AXIS2_PLACEMENT_3D('',#7985,#6526,#6527);
#5299=AXIS2_PLACEMENT_3D('',#7987,#6529,#6530);
#5300=AXIS2_PLACEMENT_3D('',#7989,#6532,#6533);
#5301=AXIS2_PLACEMENT_3D('',#7990,#6534,#6535);
#5302=AXIS2_PLACEMENT_3D('',#7991,#6536,#6537);
#5303=AXIS2_PLACEMENT_3D('',#7992,#6538,#6539);
#5304=DIRECTION('',(0.,0.,1.));
#5305=DIRECTION('',(1.,0.,0.));
#5306=DIRECTION('',(0.,0.,-1.));
#5307=DIRECTION('',(-1.,0.,0.));
#5308=DIRECTION('',(0.,1.,0.));
#5309=DIRECTION('',(1.,0.,0.));
#5310=DIRECTION('',(0.,-1.,0.));
#5311=DIRECTION('',(1.,0.,0.));
#5312=DIRECTION('',(0.,0.,-1.));
#5313=DIRECTION('',(-1.,0.,0.));
#5314=DIRECTION('',(0.,-1.,0.));
#5315=DIRECTION('',(-1.,0.,0.));
#5316=DIRECTION('',(0.,1.,0.));
#5317=DIRECTION('',(-1.,0.,0.));
#5318=DIRECTION('',(0.,0.,-1.));
#5319=DIRECTION('',(-1.,0.,0.));
#5320=DIRECTION('',(0.,1.,0.));
#5321=DIRECTION('',(1.,0.,0.));
#5322=DIRECTION('',(0.,-1.,0.));
#5323=DIRECTION('',(1.,0.,0.));
#5324=DIRECTION('',(0.,0.,-1.));
#5325=DIRECTION('',(-1.,0.,0.));
#5326=DIRECTION('',(0.,-1.,0.));
#5327=DIRECTION('',(-1.,0.,0.));
#5328=DIRECTION('',(0.,1.,0.));
#5329=DIRECTION('',(-1.,0.,0.));
#5330=DIRECTION('',(0.,0.,-1.));
#5331=DIRECTION('',(-1.,0.,0.));
#5332=DIRECTION('',(-1.,0.,0.));
#5333=DIRECTION('',(0.,1.,0.));
#5334=DIRECTION('',(-1.,0.,0.));
#5335=DIRECTION('',(0.,-1.,0.));
#5336=DIRECTION('',(0.,0.,-1.));
#5337=DIRECTION('',(-1.,0.,0.));
#5338=DIRECTION('',(-1.,0.,0.));
#5339=DIRECTION('',(0.,-1.,0.));
#5340=DIRECTION('',(1.,-1.0734674975104E-16,0.));
#5341=DIRECTION('',(0.,-1.,0.));
#5342=DIRECTION('',(-1.,0.,0.));
#5343=DIRECTION('',(0.,-1.,0.));
#5344=DIRECTION('',(0.,0.,-1.));
#5345=DIRECTION('',(-1.,0.,0.));
#5346=DIRECTION('',(-1.,0.,0.));
#5347=DIRECTION('',(0.,1.,0.));
#5348=DIRECTION('',(-1.,0.,0.));
#5349=DIRECTION('',(0.,-1.,0.));
#5350=DIRECTION('',(0.,0.,-1.));
#5351=DIRECTION('',(-1.,0.,0.));
#5352=DIRECTION('',(-1.,0.,0.));
#5353=DIRECTION('',(0.,1.,0.));
#5354=DIRECTION('',(-1.,0.,0.));
#5355=DIRECTION('',(0.,1.,0.));
#5356=DIRECTION('',(1.,1.0734674975104E-16,0.));
#5357=DIRECTION('',(0.,1.,0.));
#5358=DIRECTION('',(1.,0.,0.));
#5359=DIRECTION('',(0.,0.,-1.));
#5360=DIRECTION('',(0.,0.,-1.));
#5361=DIRECTION('',(0.,0.,-1.));
#5362=DIRECTION('',(0.,-1.,0.));
#5363=DIRECTION('',(0.,0.,-1.));
#5364=DIRECTION('',(0.,-1.,0.));
#5365=DIRECTION('',(0.,0.,1.));
#5366=DIRECTION('',(0.,1.,0.));
#5367=DIRECTION('',(0.,0.,1.));
#5368=DIRECTION('',(-1.,0.,0.));
#5369=DIRECTION('',(0.,0.,1.));
#5370=DIRECTION('',(0.,0.,1.));
#5371=DIRECTION('',(0.,0.,1.));
#5372=DIRECTION('',(0.,-1.,0.));
#5373=DIRECTION('',(0.,0.,1.));
#5374=DIRECTION('',(0.,1.,0.));
#5375=DIRECTION('',(0.,0.,-1.));
#5376=DIRECTION('',(0.,1.,0.));
#5377=DIRECTION('',(0.,0.,1.));
#5378=DIRECTION('',(1.,0.,0.));
#5379=DIRECTION('',(0.,0.,-1.));
#5380=DIRECTION('',(0.,0.,-1.));
#5381=DIRECTION('',(0.,0.,-1.));
#5382=DIRECTION('',(0.,-1.,0.));
#5383=DIRECTION('',(0.,0.,-1.));
#5384=DIRECTION('',(0.,-1.,0.));
#5385=DIRECTION('',(0.,0.,1.));
#5386=DIRECTION('',(0.,1.,0.));
#5387=DIRECTION('',(0.,0.,1.));
#5388=DIRECTION('',(-1.,0.,0.));
#5389=DIRECTION('',(0.,0.,1.));
#5390=DIRECTION('',(0.,0.,1.));
#5391=DIRECTION('',(0.,0.,1.));
#5392=DIRECTION('',(0.,-1.,0.));
#5393=DIRECTION('',(0.,0.,1.));
#5394=DIRECTION('',(0.,1.,0.));
#5395=DIRECTION('',(0.,0.,-1.));
#5396=DIRECTION('',(0.,1.,0.));
#5397=DIRECTION('',(0.,0.,1.));
#5398=DIRECTION('',(0.,0.,-1.));
#5399=DIRECTION('',(-1.,0.,0.));
#5400=DIRECTION('',(1.,0.,0.));
#5401=DIRECTION('',(0.,-1.,0.));
#5402=DIRECTION('',(1.,-1.78837471750186E-16,0.));
#5403=DIRECTION('',(0.,1.,0.));
#5404=DIRECTION('',(0.,0.,-1.));
#5405=DIRECTION('',(-1.,0.,0.));
#5406=DIRECTION('',(-1.,0.,0.));
#5407=DIRECTION('',(-1.,0.,0.));
#5408=DIRECTION('',(0.,0.,-1.));
#5409=DIRECTION('',(-1.,0.,0.));
#5410=DIRECTION('',(-1.,0.,0.));
#5411=DIRECTION('',(0.,-1.,0.));
#5412=DIRECTION('',(-1.,0.,0.));
#5413=DIRECTION('',(0.,-1.,0.));
#5414=DIRECTION('',(-1.,-4.38061483832527E-16,0.));
#5415=DIRECTION('',(0.,-1.,0.));
#5416=DIRECTION('',(-1.,0.,0.));
#5417=DIRECTION('',(0.,-1.,0.));
#5418=DIRECTION('',(0.,0.,-1.));
#5419=DIRECTION('',(-1.,0.,0.));
#5420=DIRECTION('',(1.,0.,0.));
#5421=DIRECTION('',(0.,-1.,0.));
#5422=DIRECTION('',(1.,-1.78837471750186E-16,0.));
#5423=DIRECTION('',(0.,-1.,0.));
#5424=DIRECTION('',(-1.,0.,0.));
#5425=DIRECTION('',(0.,-1.,0.));
#5426=DIRECTION('',(0.,0.,-1.));
#5427=DIRECTION('',(-1.,0.,0.));
#5428=DIRECTION('',(1.,-1.78837471750186E-16,0.));
#5429=DIRECTION('',(0.,-1.,0.));
#5430=DIRECTION('',(1.,0.,0.));
#5431=DIRECTION('',(0.,1.,0.));
#5432=DIRECTION('',(-1.,0.,0.));
#5433=DIRECTION('',(0.,-1.,0.));
#5434=DIRECTION('',(1.,0.,0.));
#5435=DIRECTION('',(0.,-1.,0.));
#5436=DIRECTION('',(0.,1.,0.));
#5437=DIRECTION('',(0.,0.,1.));
#5438=DIRECTION('',(0.,1.,0.));
#5439=DIRECTION('',(0.,0.,1.));
#5440=DIRECTION('',(0.707106781186548,0.,0.707106781186548));
#5441=DIRECTION('',(0.,0.,1.));
#5442=DIRECTION('',(1.,0.,0.));
#5443=DIRECTION('',(0.,0.,1.));
#5444=DIRECTION('',(1.78837471750186E-16,1.,0.));
#5445=DIRECTION('',(-1.,1.78837471750186E-16,0.));
#5446=DIRECTION('',(0.,0.,-1.));
#5447=DIRECTION('',(1.78837471750186E-16,1.,0.));
#5448=DIRECTION('',(-1.,1.78837471750186E-16,0.));
#5449=DIRECTION('',(0.,0.,-1.));
#5450=DIRECTION('',(-1.,0.,0.));
#5451=DIRECTION('',(-0.707106781186548,1.26457189004814E-16,0.707106781186548));
#5452=DIRECTION('',(0.,0.,1.));
#5453=DIRECTION('',(1.,-1.78837471750186E-16,0.));
#5454=DIRECTION('',(0.,0.,-1.));
#5455=DIRECTION('',(-0.707106781186548,1.26457189004814E-16,-0.707106781186548));
#5456=DIRECTION('',(0.,0.,-1.));
#5457=DIRECTION('',(-1.,0.,0.));
#5458=DIRECTION('',(-1.,0.,0.));
#5459=DIRECTION('',(-1.,0.,0.));
#5460=DIRECTION('',(0.,0.,-1.));
#5461=DIRECTION('',(-1.,0.,0.));
#5462=DIRECTION('',(-1.,0.,0.));
#5463=DIRECTION('',(0.,1.,0.));
#5464=DIRECTION('',(-1.,0.,0.));
#5465=DIRECTION('',(0.,-1.,0.));
#5466=DIRECTION('',(0.,0.,-1.));
#5467=DIRECTION('',(-1.,0.,0.));
#5468=DIRECTION('',(1.,0.,0.));
#5469=DIRECTION('',(0.,-1.,0.));
#5470=DIRECTION('',(1.,-1.78837471750186E-16,0.));
#5471=DIRECTION('',(0.,1.,0.));
#5472=DIRECTION('',(0.,0.,-1.));
#5473=DIRECTION('',(-1.,0.,0.));
#5474=DIRECTION('',(1.,0.,0.));
#5475=DIRECTION('',(0.,1.,0.));
#5476=DIRECTION('',(1.,-1.78837471750186E-16,0.));
#5477=DIRECTION('',(0.,-1.,0.));
#5478=DIRECTION('',(0.,1.,0.));
#5479=DIRECTION('',(0.,0.,1.));
#5480=DIRECTION('',(0.,1.,0.));
#5481=DIRECTION('',(0.,0.,1.));
#5482=DIRECTION('',(0.,1.,0.));
#5483=DIRECTION('',(0.,0.,1.));
#5484=DIRECTION('',(0.,0.,-1.));
#5485=DIRECTION('',(-1.,0.,0.));
#5486=DIRECTION('',(0.,0.,-1.));
#5487=DIRECTION('',(1.78837471750186E-16,1.,0.));
#5488=DIRECTION('',(-1.,1.78837471750186E-16,0.));
#5489=DIRECTION('',(1.78837471750186E-16,1.,0.));
#5490=DIRECTION('',(-1.,1.78837471750186E-16,0.));
#5491=DIRECTION('',(0.,0.,1.));
#5492=DIRECTION('',(0.,0.,-1.));
#5493=DIRECTION('',(1.,0.,0.));
#5494=DIRECTION('',(0.,0.,-1.));
#5495=DIRECTION('',(0.,0.,-1.));
#5496=DIRECTION('',(1.78837471750186E-16,1.,0.));
#5497=DIRECTION('',(-1.,1.78837471750186E-16,0.));
#5498=DIRECTION('',(0.,-1.,0.));
#5499=DIRECTION('',(0.,0.,-1.));
#5500=DIRECTION('',(-1.,0.,0.));
#5501=DIRECTION('',(0.,0.,1.));
#5502=DIRECTION('',(-1.,0.,0.));
#5503=DIRECTION('',(0.,0.,1.));
#5504=DIRECTION('',(1.,0.,0.));
#5505=DIRECTION('',(0.,0.,-1.));
#5506=DIRECTION('',(0.,0.,1.));
#5507=DIRECTION('',(-1.,0.,0.));
#5508=DIRECTION('',(0.,0.,1.));
#5509=DIRECTION('',(-1.,0.,0.));
#5510=DIRECTION('',(0.,0.,1.));
#5511=DIRECTION('',(0.,0.,-1.));
#5512=DIRECTION('',(-1.,0.,0.));
#5513=DIRECTION('',(-1.,0.,0.));
#5514=DIRECTION('',(0.,1.,0.));
#5515=DIRECTION('',(-1.,0.,0.));
#5516=DIRECTION('',(0.,-1.,0.));
#5517=DIRECTION('',(0.,-1.,0.));
#5518=DIRECTION('',(-1.,4.38061483832527E-16,0.));
#5519=DIRECTION('',(0.,1.,0.));
#5520=DIRECTION('',(0.,-1.,0.));
#5521=DIRECTION('',(0.,0.,-1.));
#5522=DIRECTION('',(0.,0.,1.));
#5523=DIRECTION('',(-1.,0.,0.));
#5524=DIRECTION('',(0.,-1.,0.));
#5525=DIRECTION('',(0.,0.,-1.));
#5526=DIRECTION('',(0.,0.,-1.));
#5527=DIRECTION('',(-1.,0.,0.));
#5528=DIRECTION('',(0.,0.,1.));
#5529=DIRECTION('',(1.,0.,0.));
#5530=DIRECTION('',(0.,1.,0.));
#5531=DIRECTION('',(1.,0.,-5.42101086242753E-16));
#5532=DIRECTION('',(0.,1.,0.));
#5533=DIRECTION('',(-1.,0.,0.));
#5534=DIRECTION('',(-1.,0.,0.));
#5535=DIRECTION('',(0.,0.,1.));
#5536=DIRECTION('',(0.,1.,0.));
#5537=DIRECTION('',(0.,0.,1.));
#5538=DIRECTION('',(0.,-1.,0.));
#5539=DIRECTION('',(0.,0.,-1.));
#5540=DIRECTION('',(0.,-1.,0.));
#5541=DIRECTION('',(0.,-1.44560289664734E-16,1.));
#5542=DIRECTION('',(0.,-1.,0.));
#5543=DIRECTION('',(0.,0.,-1.));
#5544=DIRECTION('',(0.,1.,0.));
#5545=DIRECTION('',(0.,0.,-1.));
#5546=DIRECTION('',(0.,-1.,0.));
#5547=DIRECTION('',(0.,0.,-1.));
#5548=DIRECTION('',(0.,0.,-1.));
#5549=DIRECTION('',(0.,1.,0.));
#5550=DIRECTION('',(0.,0.,1.));
#5551=DIRECTION('',(0.,1.,0.));
#5552=DIRECTION('',(0.,0.,1.));
#5553=DIRECTION('',(0.,1.,0.));
#5554=DIRECTION('',(0.,0.,1.));
#5555=DIRECTION('',(0.,1.,0.));
#5556=DIRECTION('',(0.,0.,1.));
#5557=DIRECTION('',(0.,-1.,0.));
#5558=DIRECTION('',(0.,-8.67361737988403E-17,1.));
#5559=DIRECTION('',(0.,0.,1.));
#5560=DIRECTION('',(0.,0.,-1.));
#5561=DIRECTION('',(-1.,0.,0.));
#5562=DIRECTION('',(1.,0.,0.));
#5563=DIRECTION('',(0.,1.,0.));
#5564=DIRECTION('',(-1.,0.,0.));
#5565=DIRECTION('',(0.,1.,0.));
#5566=DIRECTION('',(1.,-1.78837471750186E-16,0.));
#5567=DIRECTION('',(0.,1.,0.));
#5568=DIRECTION('',(1.,0.,0.));
#5569=DIRECTION('',(0.,0.,-1.));
#5570=DIRECTION('',(0.,-1.,0.));
#5571=DIRECTION('',(0.,0.,-1.));
#5572=DIRECTION('',(0.,1.,0.));
#5573=DIRECTION('',(0.,0.,-1.));
#5574=DIRECTION('',(0.,-8.67361737988403E-17,1.));
#5575=DIRECTION('',(0.,-1.,0.));
#5576=DIRECTION('',(0.,0.,1.));
#5577=DIRECTION('',(0.,1.,0.));
#5578=DIRECTION('',(0.,0.,1.));
#5579=DIRECTION('',(0.,-1.,0.));
#5580=DIRECTION('',(0.,0.,-1.));
#5581=DIRECTION('',(0.,-1.,0.));
#5582=DIRECTION('',(0.,0.,-1.));
#5583=DIRECTION('',(0.,-1.,0.));
#5584=DIRECTION('',(0.,0.,-1.));
#5585=DIRECTION('',(0.,-1.,0.));
#5586=DIRECTION('',(0.,0.,-1.));
#5587=DIRECTION('',(0.,1.,0.));
#5588=DIRECTION('',(0.,0.,-1.));
#5589=DIRECTION('',(0.,-1.,0.));
#5590=DIRECTION('',(0.,-1.44560289664734E-16,1.));
#5591=DIRECTION('',(0.,-1.,0.));
#5592=DIRECTION('',(0.,0.,-1.));
#5593=DIRECTION('',(-4.38061483832527E-16,-1.,0.));
#5594=DIRECTION('',(1.,-4.38061483832527E-16,0.));
#5595=DIRECTION('',(1.,4.38061483832527E-16,0.));
#5596=DIRECTION('',(-0.707106781186548,3.09756245794622E-16,-0.707106781186547));
#5597=DIRECTION('',(0.,0.,-1.));
#5598=DIRECTION('',(0.,-1.,0.));
#5599=DIRECTION('',(0.,0.,-1.));
#5600=DIRECTION('',(0.,-1.,0.));
#5601=DIRECTION('',(0.,0.,-1.));
#5602=DIRECTION('',(-1.,0.,0.));
#5603=DIRECTION('',(0.,0.,-1.));
#5604=DIRECTION('',(-1.,0.,0.));
#5605=DIRECTION('',(0.,0.,1.));
#5606=DIRECTION('',(0.,0.,1.));
#5607=DIRECTION('',(1.,0.,0.));
#5608=DIRECTION('',(0.,-1.,0.));
#5609=DIRECTION('',(1.,0.,5.42101086242753E-16));
#5610=DIRECTION('',(0.,-1.,0.));
#5611=DIRECTION('',(1.,0.,0.));
#5612=DIRECTION('',(-1.,0.,0.));
#5613=DIRECTION('',(0.,0.,1.));
#5614=DIRECTION('',(0.,1.,0.));
#5615=DIRECTION('',(0.,0.,-1.));
#5616=DIRECTION('',(0.,1.,0.));
#5617=DIRECTION('',(0.,0.,-1.));
#5618=DIRECTION('',(0.,8.67361737988403E-17,-1.));
#5619=DIRECTION('',(0.,1.,0.));
#5620=DIRECTION('',(0.,0.,-1.));
#5621=DIRECTION('',(0.,-1.,0.));
#5622=DIRECTION('',(0.,-1.,0.));
#5623=DIRECTION('',(0.,0.,1.));
#5624=DIRECTION('',(0.,-1.,0.));
#5625=DIRECTION('',(0.,0.,1.));
#5626=DIRECTION('',(0.,-1.,0.));
#5627=DIRECTION('',(0.,0.,-1.));
#5628=DIRECTION('',(0.,1.,0.));
#5629=DIRECTION('',(0.,0.,1.));
#5630=DIRECTION('',(0.,-1.,0.));
#5631=DIRECTION('',(0.,0.,1.));
#5632=DIRECTION('',(0.,1.,0.));
#5633=DIRECTION('',(0.,1.44560289664734E-16,-1.));
#5634=DIRECTION('',(0.,1.,0.));
#5635=DIRECTION('',(0.,0.,1.));
#5636=DIRECTION('',(-1.,0.,0.));
#5637=DIRECTION('',(0.,0.,1.));
#5638=DIRECTION('',(0.,1.,0.));
#5639=DIRECTION('',(0.,0.,1.));
#5640=DIRECTION('',(0.,1.,0.));
#5641=DIRECTION('',(0.,0.,1.));
#5642=DIRECTION('',(0.,1.,0.));
#5643=DIRECTION('',(0.,1.44560289664734E-16,-1.));
#5644=DIRECTION('',(0.,1.,0.));
#5645=DIRECTION('',(0.,0.,1.));
#5646=DIRECTION('',(0.,-1.,0.));
#5647=DIRECTION('',(0.,0.,1.));
#5648=DIRECTION('',(0.,1.,0.));
#5649=DIRECTION('',(0.,1.,0.));
#5650=DIRECTION('',(0.,0.,-1.));
#5651=DIRECTION('',(0.,1.,0.));
#5652=DIRECTION('',(0.,0.,-1.));
#5653=DIRECTION('',(0.,1.,0.));
#5654=DIRECTION('',(0.,-1.,0.));
#5655=DIRECTION('',(0.,0.,-1.));
#5656=DIRECTION('',(0.,1.,0.));
#5657=DIRECTION('',(0.,8.67361737988403E-17,-1.));
#5658=DIRECTION('',(0.,0.,1.));
#5659=DIRECTION('',(4.38061483832527E-16,-1.,0.));
#5660=DIRECTION('',(1.,4.38061483832527E-16,0.));
#5661=DIRECTION('',(0.707106781186548,3.09756245794621E-16,-0.707106781186548));
#5662=DIRECTION('',(1.,-4.38061483832527E-16,0.));
#5663=DIRECTION('',(0.,0.,-1.));
#5664=DIRECTION('',(0.,0.,-1.));
#5665=DIRECTION('',(-1.,0.,0.));
#5666=DIRECTION('',(1.,0.,0.));
#5667=DIRECTION('',(0.,1.,0.));
#5668=DIRECTION('',(1.,-1.78837471750186E-16,0.));
#5669=DIRECTION('',(0.,-1.,0.));
#5670=DIRECTION('',(1.,0.,0.));
#5671=DIRECTION('',(0.,-1.,0.));
#5672=DIRECTION('',(-1.,0.,0.));
#5673=DIRECTION('',(0.,1.,0.));
#5674=DIRECTION('',(0.,1.,0.));
#5675=DIRECTION('',(0.,0.,1.));
#5676=DIRECTION('',(1.,0.,0.));
#5677=DIRECTION('',(0.,0.,1.));
#5678=DIRECTION('',(-1.,0.,0.));
#5679=DIRECTION('',(0.,0.,-1.));
#5680=DIRECTION('',(-1.,0.,0.));
#5681=DIRECTION('',(9.13012355777267E-16,0.,-1.));
#5682=DIRECTION('',(0.,0.,1.));
#5683=DIRECTION('',(-1.,0.,0.));
#5684=DIRECTION('',(0.,0.,1.));
#5685=DIRECTION('',(-1.,0.,0.));
#5686=DIRECTION('',(0.,0.,-1.));
#5687=DIRECTION('',(-1.,0.,0.));
#5688=DIRECTION('',(0.,0.,1.));
#5689=DIRECTION('',(-1.,0.,0.));
#5690=DIRECTION('',(0.,0.,-1.));
#5691=DIRECTION('',(-1.,0.,0.));
#5692=DIRECTION('',(0.,0.,-1.));
#5693=DIRECTION('',(9.13012355777267E-16,0.,1.));
#5694=DIRECTION('',(-1.,0.,0.));
#5695=DIRECTION('',(0.,0.,-1.));
#5696=DIRECTION('',(-1.,0.,0.));
#5697=DIRECTION('',(0.,0.,-1.));
#5698=DIRECTION('',(1.,0.,0.));
#5699=DIRECTION('',(0.,0.,1.));
#5700=DIRECTION('',(-1.,0.,0.));
#5701=DIRECTION('',(0.,0.,-1.));
#5702=DIRECTION('',(0.,0.,1.));
#5703=DIRECTION('',(1.,0.,0.));
#5704=DIRECTION('',(-1.,0.,0.));
#5705=DIRECTION('',(0.,1.,0.));
#5706=DIRECTION('',(1.,0.,0.));
#5707=DIRECTION('',(6.67201336914157E-16,-1.,0.));
#5708=DIRECTION('',(-0.707106781186547,-0.707106781186548,0.));
#5709=DIRECTION('',(-6.67201336914157E-16,-1.,0.));
#5710=DIRECTION('',(-1.,0.,0.));
#5711=DIRECTION('',(-0.707106781186547,0.707106781186547,0.));
#5712=DIRECTION('',(0.,1.,0.));
#5713=DIRECTION('',(1.,0.,0.));
#5714=DIRECTION('',(-1.,0.,0.));
#5715=DIRECTION('',(-0.707106781186547,0.707106781186548,0.));
#5716=DIRECTION('',(0.,1.,0.));
#5717=DIRECTION('',(1.,0.,0.));
#5718=DIRECTION('',(6.67201336914157E-16,-1.,0.));
#5719=DIRECTION('',(-6.67201336914157E-16,-1.,0.));
#5720=DIRECTION('',(-0.707106781186548,-0.707106781186547,0.));
#5721=DIRECTION('',(-1.,0.,0.));
#5722=DIRECTION('',(0.,1.,0.));
#5723=DIRECTION('',(1.,0.,0.));
#5724=DIRECTION('',(-1.,0.,0.));
#5725=DIRECTION('',(-1.,0.,0.));
#5726=DIRECTION('',(0.707106781186548,0.707106781186547,0.));
#5727=DIRECTION('',(1.,0.,0.));
#5728=DIRECTION('',(-0.707106781186548,0.707106781186548,0.));
#5729=DIRECTION('',(-0.707106781186547,-0.707106781186548,0.));
#5730=DIRECTION('',(-1.,0.,0.));
#5731=DIRECTION('',(-0.70710678118655,0.707106781186545,0.));
#5732=DIRECTION('',(0.,1.,0.));
#5733=DIRECTION('',(0.,1.,0.));
#5734=DIRECTION('',(1.,0.,0.));
#5735=DIRECTION('',(1.,0.,0.));
#5736=DIRECTION('',(-1.,0.,0.));
#5737=DIRECTION('',(0.,0.,1.));
#5738=DIRECTION('',(0.,1.,0.));
#5739=DIRECTION('',(0.,0.,1.));
#5740=DIRECTION('',(0.,-1.,0.));
#5741=DIRECTION('',(-1.,0.,0.));
#5742=DIRECTION('',(0.,0.,1.));
#5743=DIRECTION('',(0.,0.,-1.));
#5744=DIRECTION('',(0.,-1.,0.));
#5745=DIRECTION('',(0.,-1.,0.));
#5746=DIRECTION('',(0.,0.,-1.));
#5747=DIRECTION('',(1.,0.,0.));
#5748=DIRECTION('',(0.,0.,-1.));
#5749=DIRECTION('',(0.,-1.,0.));
#5750=DIRECTION('',(0.,0.,1.));
#5751=DIRECTION('',(0.,-1.,0.));
#5752=DIRECTION('',(0.,0.,1.));
#5753=DIRECTION('',(1.,0.,0.));
#5754=DIRECTION('',(0.,-1.,0.));
#5755=DIRECTION('',(-1.,0.,0.));
#5756=DIRECTION('',(0.,0.,1.));
#5757=DIRECTION('',(0.,0.,1.));
#5758=DIRECTION('',(-1.,0.,0.));
#5759=DIRECTION('',(0.,0.,1.));
#5760=DIRECTION('',(0.,0.894427190999916,0.447213595499958));
#5761=DIRECTION('',(0.,-1.,0.));
#5762=DIRECTION('',(0.,0.,-1.));
#5763=DIRECTION('',(0.,-1.,0.));
#5764=DIRECTION('',(0.,-1.,0.));
#5765=DIRECTION('',(0.,-0.894427190999916,0.447213595499958));
#5766=DIRECTION('',(-1.,0.,0.));
#5767=DIRECTION('',(0.,0.,1.));
#5768=DIRECTION('',(0.,0.,-1.));
#5769=DIRECTION('',(-1.,0.,0.));
#5770=DIRECTION('',(0.,1.,0.));
#5771=DIRECTION('',(-1.,0.,0.));
#5772=DIRECTION('',(0.,1.,0.));
#5773=DIRECTION('',(0.,-1.,0.));
#5774=DIRECTION('',(1.,0.,0.));
#5775=DIRECTION('',(0.,-1.,0.));
#5776=DIRECTION('',(1.,0.,0.));
#5777=DIRECTION('',(0.,-1.,0.));
#5778=DIRECTION('',(0.,0.,-1.));
#5779=DIRECTION('',(1.,0.,0.));
#5780=DIRECTION('',(0.,-1.,0.));
#5781=DIRECTION('',(0.,0.,-1.));
#5782=DIRECTION('',(0.,0.,1.));
#5783=DIRECTION('',(1.,0.,0.));
#5784=DIRECTION('',(-1.,0.,0.));
#5785=DIRECTION('',(0.,-1.,0.));
#5786=DIRECTION('',(-1.,0.,-9.13012355777267E-16));
#5787=DIRECTION('',(-9.13012355777267E-16,0.,1.));
#5788=DIRECTION('',(9.13012355777267E-16,0.,-1.));
#5789=DIRECTION('',(0.,-1.,0.));
#5790=DIRECTION('',(0.,0.,-1.));
#5791=DIRECTION('',(0.,-1.,-8.67361737988403E-17));
#5792=DIRECTION('',(0.,8.67361737988403E-17,-1.));
#5793=DIRECTION('',(1.,0.,0.));
#5794=DIRECTION('',(0.,0.,-1.));
#5795=DIRECTION('',(-1.,0.,0.));
#5796=DIRECTION('',(1.,0.,0.));
#5797=DIRECTION('',(0.,-1.,0.));
#5798=DIRECTION('',(0.,0.,-1.));
#5799=DIRECTION('',(1.,0.,0.));
#5800=DIRECTION('',(0.,0.,1.));
#5801=DIRECTION('',(1.,0.,0.));
#5802=DIRECTION('',(0.,1.,0.));
#5803=DIRECTION('',(0.,0.,1.));
#5804=DIRECTION('',(0.,1.,0.));
#5805=DIRECTION('',(0.,0.,1.));
#5806=DIRECTION('',(-1.,0.,0.));
#5807=DIRECTION('',(0.707106781186548,0.,-0.707106781186548));
#5808=DIRECTION('',(0.,0.,-1.));
#5809=DIRECTION('',(-1.,0.,0.));
#5810=DIRECTION('',(1.,0.,0.));
#5811=DIRECTION('',(0.,1.,0.));
#5812=DIRECTION('',(0.,0.,1.));
#5813=DIRECTION('',(1.,0.,0.));
#5814=DIRECTION('',(0.,0.,1.));
#5815=DIRECTION('',(1.,0.,0.));
#5816=DIRECTION('',(1.,0.,0.));
#5817=DIRECTION('',(0.,1.,0.));
#5818=DIRECTION('',(0.,0.,1.));
#5819=DIRECTION('',(0.,-1.,-1.44560289664734E-16));
#5820=DIRECTION('',(0.,1.44560289664734E-16,-1.));
#5821=DIRECTION('',(1.,0.,0.));
#5822=DIRECTION('',(0.,0.,-1.));
#5823=DIRECTION('',(-1.,0.,0.));
#5824=DIRECTION('',(1.,0.,0.));
#5825=DIRECTION('',(0.,1.,0.));
#5826=DIRECTION('',(0.,0.,1.));
#5827=DIRECTION('',(1.78837471750186E-16,1.,0.));
#5828=DIRECTION('',(-1.,1.78837471750186E-16,0.));
#5829=DIRECTION('',(1.78837471750186E-16,1.,0.));
#5830=DIRECTION('',(-1.,1.78837471750186E-16,0.));
#5831=DIRECTION('',(0.,0.,1.));
#5832=DIRECTION('',(-0.707106781186548,1.26457189004814E-16,0.707106781186548));
#5833=DIRECTION('',(1.,-1.78837471750186E-16,0.));
#5834=DIRECTION('',(0.707106781186548,-1.26457189004814E-16,0.707106781186547));
#5835=DIRECTION('',(-1.,0.,0.));
#5836=DIRECTION('',(-1.,0.,0.));
#5837=DIRECTION('',(0.,0.,1.));
#5838=DIRECTION('',(0.,0.,1.));
#5839=DIRECTION('',(1.,0.,0.));
#5840=DIRECTION('',(0.,0.,-1.));
#5841=DIRECTION('',(0.,0.,-1.));
#5842=DIRECTION('',(0.,-1.,0.));
#5843=DIRECTION('',(0.,0.,-1.));
#5844=DIRECTION('',(0.,0.,-1.));
#5845=DIRECTION('',(0.,-1.,0.));
#5846=DIRECTION('',(0.,0.,-1.));
#5847=DIRECTION('',(0.,-1.,0.));
#5848=DIRECTION('',(0.,0.,-1.));
#5849=DIRECTION('',(0.,0.,-1.));
#5850=DIRECTION('',(1.,0.,0.));
#5851=DIRECTION('',(0.,0.,-1.));
#5852=DIRECTION('',(0.,-1.,0.));
#5853=DIRECTION('',(0.,0.,-1.));
#5854=DIRECTION('',(0.,-1.,0.));
#5855=DIRECTION('',(0.,0.,-1.));
#5856=DIRECTION('',(0.,0.,-1.));
#5857=DIRECTION('',(1.,0.,0.));
#5858=DIRECTION('',(0.,0.,1.));
#5859=DIRECTION('',(1.,0.,0.));
#5860=DIRECTION('',(0.,1.,0.));
#5861=DIRECTION('',(1.,3.73862818098447E-16,0.));
#5862=DIRECTION('',(0.,1.,0.));
#5863=DIRECTION('',(-1.,0.,0.));
#5864=DIRECTION('',(0.,1.,0.));
#5865=DIRECTION('',(0.,-1.,0.));
#5866=DIRECTION('',(0.,0.,-1.));
#5867=DIRECTION('',(0.707106781186548,0.,0.707106781186548));
#5868=DIRECTION('',(-1.,0.,0.));
#5869=DIRECTION('',(0.,0.,-1.));
#5870=DIRECTION('',(1.,0.,0.));
#5871=DIRECTION('',(0.,0.,-1.));
#5872=DIRECTION('',(0.,0.,1.));
#5873=DIRECTION('',(0.,1.,0.));
#5874=DIRECTION('',(0.,0.,1.));
#5875=DIRECTION('',(0.,-1.,0.));
#5876=DIRECTION('',(0.,0.,-1.));
#5877=DIRECTION('',(1.0734674975104E-16,1.,0.));
#5878=DIRECTION('',(-1.,1.0734674975104E-16,0.));
#5879=DIRECTION('',(-0.707106781186548,7.59056146872957E-17,-0.707106781186548));
#5880=DIRECTION('',(1.,-1.0734674975104E-16,0.));
#5881=DIRECTION('',(0.,0.,1.));
#5882=DIRECTION('',(1.,0.,0.));
#5883=DIRECTION('',(3.73862818098447E-16,-1.,0.));
#5884=DIRECTION('',(1.,3.73862818098447E-16,0.));
#5885=DIRECTION('',(-0.707106781186548,-2.64360933910925E-16,0.707106781186548));
#5886=DIRECTION('',(1.,3.73862818098447E-16,0.));
#5887=DIRECTION('',(0.,0.,1.));
#5888=DIRECTION('',(1.,0.,0.));
#5889=DIRECTION('',(0.,0.,-1.));
#5890=DIRECTION('',(0.,1.,0.));
#5891=DIRECTION('',(0.,0.,1.));
#5892=DIRECTION('',(0.,1.,0.));
#5893=DIRECTION('',(0.,0.,1.));
#5894=DIRECTION('',(0.707106781186548,0.,-0.707106781186548));
#5895=DIRECTION('',(-1.,0.,0.));
#5896=DIRECTION('',(0.,0.,1.));
#5897=DIRECTION('',(1.,0.,0.));
#5898=DIRECTION('',(0.707106781186548,0.,-0.707106781186548));
#5899=DIRECTION('',(0.,1.,0.));
#5900=DIRECTION('',(0.707106781186548,0.,-0.707106781186548));
#5901=DIRECTION('',(0.,1.,0.));
#5902=DIRECTION('',(-0.707106781186547,0.,-0.707106781186547));
#5903=DIRECTION('',(0.,1.,0.));
#5904=DIRECTION('',(-0.707106781186547,0.,-0.707106781186547));
#5905=DIRECTION('',(0.,1.,0.));
#5906=DIRECTION('',(0.,0.,-1.));
#5907=DIRECTION('',(-1.,0.,0.));
#5908=DIRECTION('',(-1.,0.,0.));
#5909=DIRECTION('',(-1.,0.,0.));
#5910=DIRECTION('',(0.,1.,0.));
#5911=DIRECTION('',(0.,0.,1.));
#5912=DIRECTION('',(0.,0.,1.));
#5913=DIRECTION('',(1.,0.,0.));
#5914=DIRECTION('',(0.,-1.,0.));
#5915=DIRECTION('',(-1.,0.,0.));
#5916=DIRECTION('',(0.,-1.,0.));
#5917=DIRECTION('',(1.,0.,-2.56784725062356E-15));
#5918=DIRECTION('',(0.,0.,-1.));
#5919=DIRECTION('',(-1.,0.,0.));
#5920=DIRECTION('',(1.,0.,0.));
#5921=DIRECTION('',(0.,-1.,0.));
#5922=DIRECTION('',(-1.,0.,-2.28253088944317E-15));
#5923=DIRECTION('',(0.,-1.,0.));
#5924=DIRECTION('',(0.,-1.,0.));
#5925=DIRECTION('',(0.,0.,-1.));
#5926=DIRECTION('',(0.,-1.,0.));
#5927=DIRECTION('',(0.,0.,-1.));
#5928=DIRECTION('',(0.,-1.,0.));
#5929=DIRECTION('',(0.,0.,-1.));
#5930=DIRECTION('',(0.,1.,0.));
#5931=DIRECTION('',(0.,0.,1.));
#5932=DIRECTION('',(0.,1.,0.));
#5933=DIRECTION('',(0.,0.,1.));
#5934=DIRECTION('',(0.,1.,0.));
#5935=DIRECTION('',(0.,0.,1.));
#5936=DIRECTION('',(-1.,0.,0.));
#5937=DIRECTION('',(0.,1.,0.));
#5938=DIRECTION('',(0.,0.,1.));
#5939=DIRECTION('',(1.,0.,0.));
#5940=DIRECTION('',(0.,1.,0.));
#5941=DIRECTION('',(0.,0.,1.));
#5942=DIRECTION('',(0.,-0.447213595499958,0.894427190999916));
#5943=DIRECTION('',(-1.,0.,0.));
#5944=DIRECTION('',(-1.,0.,0.));
#5945=DIRECTION('',(0.,-0.447213595499958,-0.894427190999916));
#5946=DIRECTION('',(1.,0.,0.));
#5947=DIRECTION('',(1.,0.,0.));
#5948=DIRECTION('',(-1.,0.,0.));
#5949=DIRECTION('',(0.,0.,1.));
#5950=DIRECTION('',(1.,0.,0.));
#5951=DIRECTION('',(0.,0.,-1.));
#5952=DIRECTION('',(0.,-1.,0.));
#5953=DIRECTION('',(0.,0.,-1.));
#5954=DIRECTION('',(0.,1.,0.));
#5955=DIRECTION('',(0.,0.,1.));
#5956=DIRECTION('',(0.,1.,0.));
#5957=DIRECTION('',(0.,0.,1.));
#5958=DIRECTION('',(0.,0.,1.));
#5959=DIRECTION('',(1.,0.,0.));
#5960=DIRECTION('',(0.,-1.,0.));
#5961=DIRECTION('',(0.,-1.,0.));
#5962=DIRECTION('',(-1.,0.,0.));
#5963=DIRECTION('',(0.,0.,1.));
#5964=DIRECTION('',(0.,0.,-1.));
#5965=DIRECTION('',(1.,0.,0.));
#5966=DIRECTION('',(0.,0.,-1.));
#5967=DIRECTION('',(0.,-0.894427190999916,-0.447213595499958));
#5968=DIRECTION('',(1.,0.,0.));
#5969=DIRECTION('',(0.,0.,-1.));
#5970=DIRECTION('',(0.,0.,-1.));
#5971=DIRECTION('',(1.,0.,0.));
#5972=DIRECTION('',(0.,0.,-1.));
#5973=DIRECTION('',(0.,0.894427190999916,-0.447213595499958));
#5974=DIRECTION('',(0.,-1.,0.));
#5975=DIRECTION('',(0.,0.,1.));
#5976=DIRECTION('',(0.,-1.,0.));
#5977=DIRECTION('',(0.,-1.,0.));
#5978=DIRECTION('',(0.,0.,-1.));
#5979=DIRECTION('',(0.,-1.,0.));
#5980=DIRECTION('',(0.,0.,-1.));
#5981=DIRECTION('',(1.,0.,0.));
#5982=DIRECTION('',(0.,0.,1.));
#5983=DIRECTION('',(1.,0.,0.));
#5984=DIRECTION('',(0.,-1.,0.));
#5985=DIRECTION('',(-1.,0.,0.));
#5986=DIRECTION('',(1.,0.,-9.13012355777267E-16));
#5987=DIRECTION('',(-9.13012355777267E-16,0.,-1.));
#5988=DIRECTION('',(9.13012355777267E-16,0.,1.));
#5989=DIRECTION('',(0.,-1.,0.));
#5990=DIRECTION('',(0.,0.,-1.));
#5991=DIRECTION('',(0.,0.,1.));
#5992=DIRECTION('',(1.,0.,0.));
#5993=DIRECTION('',(-1.,0.,0.));
#5994=DIRECTION('',(0.,1.,0.));
#5995=DIRECTION('',(0.,0.,1.));
#5996=DIRECTION('',(-1.,0.,0.));
#5997=DIRECTION('',(0.,0.,-1.));
#5998=DIRECTION('',(-1.,0.,0.));
#5999=DIRECTION('',(-1.,0.,0.));
#6000=DIRECTION('',(0.,-1.,-1.44560289664734E-16));
#6001=DIRECTION('',(0.,1.44560289664734E-16,-1.));
#6002=DIRECTION('',(0.,1.,0.));
#6003=DIRECTION('',(0.,0.,1.));
#6004=DIRECTION('',(-1.,0.,0.));
#6005=DIRECTION('',(0.,0.,1.));
#6006=DIRECTION('',(1.,0.,0.));
#6007=DIRECTION('',(-1.,0.,0.));
#6008=DIRECTION('',(0.,1.,0.));
#6009=DIRECTION('',(0.,0.,1.));
#6010=DIRECTION('',(-1.,0.,0.));
#6011=DIRECTION('',(0.,0.,-1.));
#6012=DIRECTION('',(-1.,0.,0.));
#6013=DIRECTION('',(0.,-1.,0.));
#6014=DIRECTION('',(0.,0.,-1.));
#6015=DIRECTION('',(-1.,0.,0.));
#6016=DIRECTION('',(0.,0.,-1.));
#6017=DIRECTION('',(-1.,0.,0.));
#6018=DIRECTION('',(-1.,0.,0.));
#6019=DIRECTION('',(0.,-1.,-8.67361737988403E-17));
#6020=DIRECTION('',(0.,8.67361737988403E-17,-1.));
#6021=DIRECTION('',(0.,0.,1.));
#6022=DIRECTION('',(1.,0.,0.));
#6023=DIRECTION('',(1.,-3.73862818098447E-16,0.));
#6024=DIRECTION('',(0.,-1.,0.));
#6025=DIRECTION('',(0.,-1.,0.));
#6026=DIRECTION('',(-1.,0.,0.));
#6027=DIRECTION('',(0.,-1.,0.));
#6028=DIRECTION('',(0.,-1.,0.));
#6029=DIRECTION('',(0.,0.,-1.));
#6030=DIRECTION('',(0.707106781186548,0.,-0.707106781186548));
#6031=DIRECTION('',(0.,0.,-1.));
#6032=DIRECTION('',(-1.,0.,0.));
#6033=DIRECTION('',(-1.0734674975104E-16,1.,0.));
#6034=DIRECTION('',(-1.,-1.0734674975104E-16,0.));
#6035=DIRECTION('',(-0.707106781186548,-7.59056146872957E-17,0.707106781186548));
#6036=DIRECTION('',(1.,1.0734674975104E-16,0.));
#6037=DIRECTION('',(0.,0.,-1.));
#6038=DIRECTION('',(-1.,0.,0.));
#6039=DIRECTION('',(0.,0.,1.));
#6040=DIRECTION('',(0.,0.,1.));
#6041=DIRECTION('',(0.,-1.,0.));
#6042=DIRECTION('',(0.,0.,1.));
#6043=DIRECTION('',(0.,1.,0.));
#6044=DIRECTION('',(0.,0.,1.));
#6045=DIRECTION('',(1.,0.,0.));
#6046=DIRECTION('',(-1.,0.,0.));
#6047=DIRECTION('',(0.,0.,1.));
#6048=DIRECTION('',(0.,0.,1.));
#6049=DIRECTION('',(0.,-1.,0.));
#6050=DIRECTION('',(0.,0.,1.));
#6051=DIRECTION('',(-3.73862818098447E-16,-1.,0.));
#6052=DIRECTION('',(1.,-3.73862818098447E-16,0.));
#6053=DIRECTION('',(0.707106781186548,-2.64360933910925E-16,0.707106781186547));
#6054=DIRECTION('',(1.,-3.73862818098447E-16,0.));
#6055=DIRECTION('',(0.,1.,0.));
#6056=DIRECTION('',(0.,0.,1.));
#6057=DIRECTION('',(-0.707106781186548,0.,-0.707106781186547));
#6058=DIRECTION('',(-1.,0.,0.));
#6059=DIRECTION('',(0.,0.,1.));
#6060=DIRECTION('',(1.,0.,0.));
#6061=DIRECTION('',(-0.707106781186548,0.,-0.707106781186548));
#6062=DIRECTION('',(0.,-1.,0.));
#6063=DIRECTION('',(-0.707106781186548,0.,-0.707106781186548));
#6064=DIRECTION('',(0.,-1.,0.));
#6065=DIRECTION('',(-0.707106781186547,0.,0.707106781186548));
#6066=DIRECTION('',(0.,1.,0.));
#6067=DIRECTION('',(-0.707106781186547,0.,0.707106781186548));
#6068=DIRECTION('',(0.,1.,0.));
#6069=DIRECTION('',(0.,0.,-1.));
#6070=DIRECTION('',(-1.,0.,0.));
#6071=DIRECTION('',(-1.,0.,0.));
#6072=DIRECTION('',(-1.,0.,0.));
#6073=DIRECTION('',(0.,1.,0.));
#6074=DIRECTION('',(0.,0.,1.));
#6075=DIRECTION('',(0.,0.,1.));
#6076=DIRECTION('',(1.,0.,0.));
#6077=DIRECTION('',(-1.,0.,0.));
#6078=DIRECTION('',(0.,-1.,0.));
#6079=DIRECTION('',(1.,0.,2.56784725062356E-15));
#6080=DIRECTION('',(0.,-1.,0.));
#6081=DIRECTION('',(0.,-1.,0.));
#6082=DIRECTION('',(0.,0.,-1.));
#6083=DIRECTION('',(0.,-1.,0.));
#6084=DIRECTION('',(0.,0.,-1.));
#6085=DIRECTION('',(0.,-1.,0.));
#6086=DIRECTION('',(0.,0.,-1.));
#6087=DIRECTION('',(-1.,0.,0.));
#6088=DIRECTION('',(0.,-1.,0.));
#6089=DIRECTION('',(1.,0.,0.));
#6090=DIRECTION('',(-1.,0.,2.28253088944317E-15));
#6091=DIRECTION('',(0.,-1.,0.));
#6092=DIRECTION('',(0.,0.,-1.));
#6093=DIRECTION('',(0.,1.,0.));
#6094=DIRECTION('',(0.,0.,1.));
#6095=DIRECTION('',(0.,1.,0.));
#6096=DIRECTION('',(0.,0.,1.));
#6097=DIRECTION('',(0.,1.,0.));
#6098=DIRECTION('',(0.,0.,1.));
#6099=DIRECTION('',(1.,0.,0.));
#6100=DIRECTION('',(0.,1.,0.));
#6101=DIRECTION('',(0.,0.,1.));
#6102=DIRECTION('',(-1.,0.,0.));
#6103=DIRECTION('',(0.,1.,0.));
#6104=DIRECTION('',(0.,0.,1.));
#6105=DIRECTION('',(0.,-0.447213595499958,0.894427190999916));
#6106=DIRECTION('',(-1.,0.,0.));
#6107=DIRECTION('',(-1.,0.,0.));
#6108=DIRECTION('',(0.,-0.447213595499958,-0.894427190999916));
#6109=DIRECTION('',(1.,0.,0.));
#6110=DIRECTION('',(1.,0.,0.));
#6111=DIRECTION('',(-1.,0.,0.));
#6112=DIRECTION('',(0.,0.,1.));
#6113=DIRECTION('',(1.,0.,0.));
#6114=DIRECTION('',(0.,0.,-1.));
#6115=DIRECTION('',(0.,-1.,0.));
#6116=DIRECTION('',(0.,0.,-1.));
#6117=DIRECTION('',(0.,1.,0.));
#6118=DIRECTION('',(0.,0.,1.));
#6119=DIRECTION('',(0.,1.,0.));
#6120=DIRECTION('',(0.,0.,1.));
#6121=DIRECTION('',(0.,0.702898960738023,-0.711289709607419));
#6122=DIRECTION('',(0.,0.711289709607419,0.702898960738023));
#6123=DIRECTION('',(0.,-0.711289709607419,-0.702898960738023));
#6124=DIRECTION('',(-1.,0.,0.));
#6125=DIRECTION('',(0.,-0.711289709607419,-0.702898960738023));
#6126=DIRECTION('',(0.,1.,0.));
#6127=DIRECTION('',(0.,0.,1.));
#6128=DIRECTION('',(0.,0.,-1.));
#6129=DIRECTION('',(-1.,0.,0.));
#6130=DIRECTION('',(0.,0.,-1.));
#6131=DIRECTION('',(-1.,0.,0.));
#6132=DIRECTION('',(0.,0.,1.));
#6133=DIRECTION('',(-1.,0.,0.));
#6134=DIRECTION('',(0.,-1.,0.));
#6135=DIRECTION('',(-1.,0.,0.));
#6136=DIRECTION('',(0.,-1.,0.));
#6137=DIRECTION('',(-1.,0.,0.));
#6138=DIRECTION('',(0.,0.,1.));
#6139=DIRECTION('',(-1.,0.,0.));
#6140=DIRECTION('',(0.,0.,1.));
#6141=DIRECTION('',(-1.,0.,0.));
#6142=DIRECTION('',(0.,0.,1.));
#6143=DIRECTION('',(0.,-1.,0.));
#6144=DIRECTION('',(0.,0.,-1.));
#6145=DIRECTION('',(1.,0.,0.));
#6146=DIRECTION('',(0.,0.,-1.));
#6147=DIRECTION('',(0.,0.,1.));
#6148=DIRECTION('',(0.,-1.,0.));
#6149=DIRECTION('',(0.,0.,-1.));
#6150=DIRECTION('',(-1.,0.,0.));
#6151=DIRECTION('',(1.,0.,0.));
#6152=DIRECTION('',(0.,1.,0.));
#6153=DIRECTION('',(0.,0.,1.));
#6154=DIRECTION('',(0.,1.,0.));
#6155=DIRECTION('',(0.,0.,1.));
#6156=DIRECTION('',(0.,1.,0.));
#6157=DIRECTION('',(0.,0.,1.));
#6158=DIRECTION('',(0.,1.,0.));
#6159=DIRECTION('',(0.,0.,1.));
#6160=DIRECTION('',(0.,1.,0.));
#6161=DIRECTION('',(0.,0.,1.));
#6162=DIRECTION('',(1.,0.,0.));
#6163=DIRECTION('',(0.,0.,-1.));
#6164=DIRECTION('',(0.,0.,1.));
#6165=DIRECTION('',(0.,0.,1.));
#6166=DIRECTION('',(0.,1.,0.));
#6167=DIRECTION('',(0.,0.,1.));
#6168=DIRECTION('',(0.,-1.,0.));
#6169=DIRECTION('',(0.,-1.,0.));
#6170=DIRECTION('',(-1.,0.,0.));
#6171=DIRECTION('',(0.,0.,1.));
#6172=DIRECTION('',(0.,0.,-1.));
#6173=DIRECTION('',(0.,1.,0.));
#6174=DIRECTION('',(0.,1.,0.));
#6175=DIRECTION('',(0.,0.,1.));
#6176=DIRECTION('',(0.,-1.,0.));
#6177=DIRECTION('',(0.,0.,1.));
#6178=DIRECTION('',(0.,0.,-1.));
#6179=DIRECTION('',(-1.,0.,0.));
#6180=DIRECTION('',(1.,0.,0.));
#6181=DIRECTION('',(0.,1.,0.));
#6182=DIRECTION('',(0.,0.,1.));
#6183=DIRECTION('',(0.,-1.,0.));
#6184=DIRECTION('',(0.,0.,-1.));
#6185=DIRECTION('',(0.,1.,0.));
#6186=DIRECTION('',(0.,0.,1.));
#6187=DIRECTION('',(0.,-1.,0.));
#6188=DIRECTION('',(0.,0.,-1.));
#6189=DIRECTION('',(-1.,6.67201336914157E-16,0.));
#6190=DIRECTION('',(-6.67201336914157E-16,-1.,0.));
#6191=DIRECTION('',(-6.67201336914157E-16,-1.,0.));
#6192=DIRECTION('',(0.,0.,1.));
#6193=DIRECTION('',(0.,0.,1.));
#6194=DIRECTION('',(0.,-1.,0.));
#6195=DIRECTION('',(0.,0.,-1.));
#6196=DIRECTION('',(0.,0.,1.));
#6197=DIRECTION('',(1.,0.,0.));
#6198=DIRECTION('',(1.,0.,0.));
#6199=DIRECTION('',(0.,0.,-1.));
#6200=DIRECTION('',(0.,0.,1.));
#6201=DIRECTION('',(0.,1.,0.));
#6202=DIRECTION('',(0.,1.,0.));
#6203=DIRECTION('',(0.,0.,1.));
#6204=DIRECTION('',(0.,0.,-1.));
#6205=DIRECTION('',(-1.,0.,0.));
#6206=DIRECTION('',(0.,0.,1.));
#6207=DIRECTION('',(1.,0.,0.));
#6208=DIRECTION('',(-1.,0.,0.));
#6209=DIRECTION('',(1.,0.,0.));
#6210=DIRECTION('',(0.707106781186548,0.707106781186547,0.));
#6211=DIRECTION('',(0.,-1.,0.));
#6212=DIRECTION('',(0.,0.,-1.));
#6213=DIRECTION('',(0.,1.,0.));
#6214=DIRECTION('',(0.,0.,1.));
#6215=DIRECTION('',(0.,1.,0.));
#6216=DIRECTION('',(0.,0.,1.));
#6217=DIRECTION('',(-1.,0.,0.));
#6218=DIRECTION('',(0.,0.,1.));
#6219=DIRECTION('',(0.,0.,1.));
#6220=DIRECTION('',(-1.,-6.67201336914157E-16,0.));
#6221=DIRECTION('',(6.67201336914157E-16,-1.,0.));
#6222=DIRECTION('',(0.,0.,1.));
#6223=DIRECTION('',(6.67201336914157E-16,-1.,0.));
#6224=DIRECTION('',(0.,-1.,0.));
#6225=DIRECTION('',(0.,0.,-1.));
#6226=DIRECTION('',(0.,0.,1.));
#6227=DIRECTION('',(1.,0.,0.));
#6228=DIRECTION('',(1.,0.,0.));
#6229=DIRECTION('',(0.,0.,-1.));
#6230=DIRECTION('',(0.,0.,-1.));
#6231=DIRECTION('',(0.,1.,0.));
#6232=DIRECTION('',(0.,0.,1.));
#6233=DIRECTION('',(1.,0.,0.));
#6234=DIRECTION('',(-1.,0.,0.));
#6235=DIRECTION('',(1.,0.,0.));
#6236=DIRECTION('',(0.707106781186547,-0.707106781186548,0.));
#6237=DIRECTION('',(0.,1.,0.));
#6238=DIRECTION('',(0.,0.,1.));
#6239=DIRECTION('',(0.,-1.,0.));
#6240=DIRECTION('',(0.,0.,-1.));
#6241=DIRECTION('',(1.,0.,0.));
#6242=DIRECTION('',(0.,0.,-1.));
#6243=DIRECTION('',(0.,0.,1.));
#6244=DIRECTION('',(0.,0.,1.));
#6245=DIRECTION('',(0.,1.,0.));
#6246=DIRECTION('',(0.,0.,1.));
#6247=DIRECTION('',(0.,-1.,0.));
#6248=DIRECTION('',(0.,-1.,0.));
#6249=DIRECTION('',(-1.,0.,0.));
#6250=DIRECTION('',(0.,0.,1.));
#6251=DIRECTION('',(0.,0.,-1.));
#6252=DIRECTION('',(0.,1.,0.));
#6253=DIRECTION('',(0.,1.,0.));
#6254=DIRECTION('',(0.,0.,1.));
#6255=DIRECTION('',(0.,-1.,0.));
#6256=DIRECTION('',(0.,0.,1.));
#6257=DIRECTION('',(0.,0.,-1.));
#6258=DIRECTION('',(-1.,0.,0.));
#6259=DIRECTION('',(1.,0.,0.));
#6260=DIRECTION('',(0.,1.,0.));
#6261=DIRECTION('',(0.,0.,1.));
#6262=DIRECTION('',(0.,-1.,0.));
#6263=DIRECTION('',(0.,0.,-1.));
#6264=DIRECTION('',(0.,1.,0.));
#6265=DIRECTION('',(0.,0.,1.));
#6266=DIRECTION('',(0.,-1.,0.));
#6267=DIRECTION('',(0.,0.,-1.));
#6268=DIRECTION('',(-1.,6.67201336914157E-16,0.));
#6269=DIRECTION('',(-6.67201336914157E-16,-1.,0.));
#6270=DIRECTION('',(0.,0.,1.));
#6271=DIRECTION('',(-6.67201336914157E-16,-1.,0.));
#6272=DIRECTION('',(0.,0.,1.));
#6273=DIRECTION('',(0.,-1.,0.));
#6274=DIRECTION('',(0.,0.,-1.));
#6275=DIRECTION('',(0.,0.,1.));
#6276=DIRECTION('',(1.,0.,0.));
#6277=DIRECTION('',(1.,0.,0.));
#6278=DIRECTION('',(0.,0.,-1.));
#6279=DIRECTION('',(0.,0.,-1.));
#6280=DIRECTION('',(0.,1.,0.));
#6281=DIRECTION('',(0.,1.,0.));
#6282=DIRECTION('',(0.,0.,1.));
#6283=DIRECTION('',(-1.,0.,0.));
#6284=DIRECTION('',(0.,0.,1.));
#6285=DIRECTION('',(0.,0.,1.));
#6286=DIRECTION('',(1.,0.,0.));
#6287=DIRECTION('',(-1.,0.,0.));
#6288=DIRECTION('',(1.,0.,0.));
#6289=DIRECTION('',(0.707106781186547,-0.707106781186547,0.));
#6290=DIRECTION('',(0.,-1.,0.));
#6291=DIRECTION('',(0.,0.,-1.));
#6292=DIRECTION('',(0.,1.,0.));
#6293=DIRECTION('',(0.,0.,1.));
#6294=DIRECTION('',(0.,1.,0.));
#6295=DIRECTION('',(0.,0.,1.));
#6296=DIRECTION('',(0.,0.,-1.));
#6297=DIRECTION('',(-1.,0.,0.));
#6298=DIRECTION('',(0.,0.,1.));
#6299=DIRECTION('',(-1.,-6.67201336914157E-16,0.));
#6300=DIRECTION('',(6.67201336914157E-16,-1.,0.));
#6301=DIRECTION('',(6.67201336914157E-16,-1.,0.));
#6302=DIRECTION('',(0.,0.,1.));
#6303=DIRECTION('',(0.,0.,1.));
#6304=DIRECTION('',(0.,-1.,0.));
#6305=DIRECTION('',(0.,0.,-1.));
#6306=DIRECTION('',(0.,0.,1.));
#6307=DIRECTION('',(1.,0.,0.));
#6308=DIRECTION('',(1.,0.,0.));
#6309=DIRECTION('',(0.,0.,-1.));
#6310=DIRECTION('',(0.,1.,0.));
#6311=DIRECTION('',(0.,0.,1.));
#6312=DIRECTION('',(1.,0.,0.));
#6313=DIRECTION('',(-1.,0.,0.));
#6314=DIRECTION('',(1.,0.,0.));
#6315=DIRECTION('',(0.707106781186547,0.707106781186548,0.));
#6316=DIRECTION('',(0.,1.,0.));
#6317=DIRECTION('',(0.,0.,1.));
#6318=DIRECTION('',(0.,-1.,0.));
#6319=DIRECTION('',(0.,0.,-1.));
#6320=DIRECTION('',(-1.,0.,0.));
#6321=DIRECTION('',(0.,0.,1.));
#6322=DIRECTION('',(0.,0.,1.));
#6323=DIRECTION('',(0.,1.,0.));
#6324=DIRECTION('',(0.,0.,-1.));
#6325=DIRECTION('',(0.,1.,0.));
#6326=DIRECTION('',(1.,0.,0.));
#6327=DIRECTION('',(0.,0.,-1.));
#6328=DIRECTION('',(0.,-1.,0.));
#6329=DIRECTION('',(0.,0.,-1.));
#6330=DIRECTION('',(0.,-1.,0.));
#6331=DIRECTION('',(0.,0.,1.));
#6332=DIRECTION('',(0.,0.,-1.));
#6333=DIRECTION('',(-1.,0.,0.));
#6334=DIRECTION('',(0.707106781186548,-0.707106781186547,0.));
#6335=DIRECTION('',(0.,0.,-1.));
#6336=DIRECTION('',(-0.707106781186548,-0.707106781186547,0.));
#6337=DIRECTION('',(0.,0.,-1.));
#6338=DIRECTION('',(0.707106781186547,-0.707106781186548,0.));
#6339=DIRECTION('',(0.,0.,-1.));
#6340=DIRECTION('',(-0.707106781186547,-0.707106781186547,0.));
#6341=DIRECTION('',(0.,0.,-1.));
#6342=DIRECTION('',(0.,-1.,0.));
#6343=DIRECTION('',(0.,0.,-1.));
#6344=DIRECTION('',(1.,0.,0.));
#6345=DIRECTION('',(1.,0.,0.));
#6346=DIRECTION('',(0.,1.,0.));
#6347=DIRECTION('',(0.,0.,1.));
#6348=DIRECTION('',(-1.,0.,0.));
#6349=DIRECTION('',(-1.,0.,0.));
#6350=DIRECTION('',(0.,0.,1.));
#6351=DIRECTION('',(1.,0.,0.));
#6352=DIRECTION('',(0.,0.,1.));
#6353=DIRECTION('',(1.,0.,0.));
#6354=DIRECTION('',(0.707106781186548,0.707106781186548,0.));
#6355=DIRECTION('',(0.,0.,1.));
#6356=DIRECTION('',(0.577350269189625,-0.577350269189625,0.577350269189627));
#6357=DIRECTION('',(0.,0.707106781186548,0.707106781186547));
#6358=DIRECTION('',(1.,0.,0.));
#6359=DIRECTION('',(-0.577350269189626,-0.577350269189625,0.577350269189626));
#6360=DIRECTION('',(0.707106781186547,-0.707106781186548,0.));
#6361=DIRECTION('',(0.,0.,-1.));
#6362=DIRECTION('',(-0.707106781186548,0.707106781186547,0.));
#6363=DIRECTION('',(0.,0.,-1.));
#6364=DIRECTION('',(-0.577350269189625,-0.577350269189626,0.577350269189627));
#6365=DIRECTION('',(0.,0.707106781186548,0.707106781186547));
#6366=DIRECTION('',(1.,0.,0.));
#6367=DIRECTION('',(0.577350269189628,-0.577350269189624,0.577350269189625));
#6368=DIRECTION('',(0.707106781186545,0.70710678118655,0.));
#6369=DIRECTION('',(0.,0.,-1.));
#6370=DIRECTION('',(0.,0.,1.));
#6371=DIRECTION('',(1.,0.,0.));
#6372=DIRECTION('',(0.,0.,-1.));
#6373=DIRECTION('',(-1.,0.,0.));
#6374=DIRECTION('',(-1.,0.,0.));
#6375=DIRECTION('',(0.,-1.,0.));
#6376=DIRECTION('',(1.,0.,0.));
#6377=DIRECTION('',(0.,1.,0.));
#6378=DIRECTION('',(0.,1.,0.));
#6379=DIRECTION('',(0.,0.,1.));
#6380=DIRECTION('',(0.,0.,-1.));
#6381=DIRECTION('',(-1.,0.,0.));
#6382=DIRECTION('',(0.,0.,-1.));
#6383=DIRECTION('',(-1.,0.,0.));
#6384=DIRECTION('',(-1.,0.,0.));
#6385=DIRECTION('',(0.,0.,1.));
#6386=DIRECTION('',(1.,0.,0.));
#6387=DIRECTION('',(0.,1.,0.));
#6388=DIRECTION('',(-1.,0.,0.));
#6389=DIRECTION('',(1.,0.,0.));
#6390=DIRECTION('',(0.,1.,0.));
#6391=DIRECTION('',(0.,0.,1.));
#6392=DIRECTION('',(1.,0.,0.));
#6393=DIRECTION('',(0.,1.,0.));
#6394=DIRECTION('',(1.,0.,0.));
#6395=DIRECTION('',(0.,1.,0.));
#6396=DIRECTION('',(0.,-1.,0.));
#6397=DIRECTION('',(0.,0.,-1.));
#6398=DIRECTION('',(-1.,0.,0.));
#6399=DIRECTION('',(0.,0.,1.));
#6400=DIRECTION('',(1.,0.,0.));
#6401=DIRECTION('',(0.,0.,-1.));
#6402=DIRECTION('',(0.,0.,-1.));
#6403=DIRECTION('',(-1.,0.,0.));
#6404=DIRECTION('',(0.,-1.,0.));
#6405=DIRECTION('',(-1.,0.,0.));
#6406=DIRECTION('',(0.,-1.,0.));
#6407=DIRECTION('',(-1.,0.,0.));
#6408=DIRECTION('',(-1.,0.,0.));
#6409=DIRECTION('',(0.,0.,1.));
#6410=DIRECTION('',(-1.,0.,0.));
#6411=DIRECTION('',(0.,1.,0.));
#6412=DIRECTION('',(-1.,0.,0.));
#6413=DIRECTION('',(-1.,0.,0.));
#6414=DIRECTION('',(0.,1.,0.));
#6415=DIRECTION('',(0.,-1.,-1.47010464065831E-16));
#6416=DIRECTION('',(0.,1.47010464065831E-16,-1.));
#6417=DIRECTION('',(0.,-1.47010464065831E-16,1.));
#6418=DIRECTION('',(1.,0.,0.));
#6419=DIRECTION('',(0.,-1.47010464065831E-16,1.));
#6420=DIRECTION('',(1.,0.,0.));
#6421=DIRECTION('',(0.,0.,-1.));
#6422=DIRECTION('',(0.,-1.,0.));
#6423=DIRECTION('',(0.,0.,1.));
#6424=DIRECTION('',(1.,0.,0.));
#6425=DIRECTION('',(0.,0.,-1.));
#6426=DIRECTION('',(0.,1.,0.));
#6427=DIRECTION('',(0.,0.,-1.));
#6428=DIRECTION('',(0.948683298050514,0.,0.316227766016838));
#6429=DIRECTION('',(0.,1.,0.));
#6430=DIRECTION('',(-0.301511344577764,0.301511344577764,0.904534033733291));
#6431=DIRECTION('',(-0.301511344577764,-0.301511344577764,0.904534033733291));
#6432=DIRECTION('',(0.,-0.948683298050514,-0.316227766016838));
#6433=DIRECTION('',(-1.,0.,0.));
#6434=DIRECTION('',(0.301511344577764,-0.301511344577764,0.904534033733291));
#6435=DIRECTION('',(0.,0.948683298050514,-0.316227766016838));
#6436=DIRECTION('',(-1.,0.,0.));
#6437=DIRECTION('',(-0.301511344577764,-0.301511344577764,-0.904534033733291));
#6438=DIRECTION('',(0.948683298050514,0.,-0.316227766016838));
#6439=DIRECTION('',(0.,-1.,0.));
#6440=DIRECTION('',(0.948683298050514,0.316227766016838,0.));
#6441=DIRECTION('',(0.,0.,-1.));
#6442=DIRECTION('',(0.301511344577764,-0.904534033733291,0.301511344577763));
#6443=DIRECTION('',(0.301511344577764,-0.904534033733291,-0.301511344577763));
#6444=DIRECTION('',(0.,-0.316227766016838,0.948683298050514));
#6445=DIRECTION('',(-1.,0.,0.));
#6446=DIRECTION('',(0.301511344577764,0.904534033733291,0.301511344577763));
#6447=DIRECTION('',(0.,-0.316227766016838,-0.948683298050514));
#6448=DIRECTION('',(-1.,0.,0.));
#6449=DIRECTION('',(-0.301511344577764,-0.904534033733291,0.301511344577763));
#6450=DIRECTION('',(0.948683298050514,-0.316227766016838,0.));
#6451=DIRECTION('',(0.,0.,1.));
#6452=DIRECTION('',(0.,0.,1.));
#6453=DIRECTION('',(1.,-1.66533453693774E-16,0.));
#6454=DIRECTION('',(0.,0.,-1.));
#6455=DIRECTION('',(-1.,0.,0.));
#6456=DIRECTION('',(-1.,0.,0.));
#6457=DIRECTION('',(0.,-1.,0.));
#6458=DIRECTION('',(1.,0.,0.));
#6459=DIRECTION('',(0.,1.,0.));
#6460=DIRECTION('',(0.,1.,0.));
#6461=DIRECTION('',(0.,0.,1.));
#6462=DIRECTION('',(0.,0.,-1.));
#6463=DIRECTION('',(-1.,0.,0.));
#6464=DIRECTION('',(0.,0.,-1.));
#6465=DIRECTION('',(-1.,0.,0.));
#6466=DIRECTION('',(-1.,0.,0.));
#6467=DIRECTION('',(0.,0.,1.));
#6468=DIRECTION('',(1.,0.,0.));
#6469=DIRECTION('',(0.,1.,0.));
#6470=DIRECTION('',(-1.,0.,0.));
#6471=DIRECTION('',(1.,0.,0.));
#6472=DIRECTION('',(0.,1.,0.));
#6473=DIRECTION('',(0.,0.,1.));
#6474=DIRECTION('',(1.,0.,0.));
#6475=DIRECTION('',(0.,1.,0.));
#6476=DIRECTION('',(1.,0.,0.));
#6477=DIRECTION('',(0.,1.,0.));
#6478=DIRECTION('',(0.,-1.,0.));
#6479=DIRECTION('',(0.,0.,-1.));
#6480=DIRECTION('',(-1.,0.,0.));
#6481=DIRECTION('',(0.,0.,1.));
#6482=DIRECTION('',(1.,0.,0.));
#6483=DIRECTION('',(0.,0.,-1.));
#6484=DIRECTION('',(0.,0.,-1.));
#6485=DIRECTION('',(-1.,0.,0.));
#6486=DIRECTION('',(0.,-1.,0.));
#6487=DIRECTION('',(-1.,0.,0.));
#6488=DIRECTION('',(0.,-1.,0.));
#6489=DIRECTION('',(-1.,0.,0.));
#6490=DIRECTION('',(-1.,0.,0.));
#6491=DIRECTION('',(0.,0.,1.));
#6492=DIRECTION('',(-1.,0.,0.));
#6493=DIRECTION('',(0.,1.,0.));
#6494=DIRECTION('',(-1.,0.,0.));
#6495=DIRECTION('',(-1.,0.,0.));
#6496=DIRECTION('',(0.,1.,0.));
#6497=DIRECTION('',(0.,-1.,-1.94912750109753E-16));
#6498=DIRECTION('',(0.,1.94912750109754E-16,-1.));
#6499=DIRECTION('',(0.,-1.94912750109753E-16,1.));
#6500=DIRECTION('',(1.,0.,0.));
#6501=DIRECTION('',(0.,-1.94912750109753E-16,1.));
#6502=DIRECTION('',(1.,0.,0.));
#6503=DIRECTION('',(0.,0.,-1.));
#6504=DIRECTION('',(0.,-1.,0.));
#6505=DIRECTION('',(0.,0.,1.));
#6506=DIRECTION('',(1.,0.,0.));
#6507=DIRECTION('',(0.,0.,-1.));
#6508=DIRECTION('',(0.,1.,0.));
#6509=DIRECTION('',(0.,0.,-1.));
#6510=DIRECTION('',(0.948683298050514,0.,0.316227766016838));
#6511=DIRECTION('',(0.,1.,0.));
#6512=DIRECTION('',(-0.301511344577764,0.301511344577763,0.904534033733291));
#6513=DIRECTION('',(-0.301511344577764,-0.301511344577763,0.904534033733291));
#6514=DIRECTION('',(0.,-0.948683298050514,-0.316227766016838));
#6515=DIRECTION('',(-1.,0.,0.));
#6516=DIRECTION('',(0.301511344577764,-0.301511344577763,0.904534033733291));
#6517=DIRECTION('',(0.,0.948683298050514,-0.316227766016838));
#6518=DIRECTION('',(-1.,0.,0.));
#6519=DIRECTION('',(-0.301511344577764,-0.301511344577763,-0.904534033733291));
#6520=DIRECTION('',(0.948683298050514,0.,-0.316227766016838));
#6521=DIRECTION('',(0.,-1.,0.));
#6522=DIRECTION('',(0.948683298050514,0.316227766016838,0.));
#6523=DIRECTION('',(0.,0.,-1.));
#6524=DIRECTION('',(0.301511344577764,-0.904534033733291,0.301511344577763));
#6525=DIRECTION('',(0.301511344577764,-0.904534033733291,-0.301511344577763));
#6526=DIRECTION('',(0.,-0.316227766016838,0.948683298050514));
#6527=DIRECTION('',(-1.,0.,0.));
#6528=DIRECTION('',(0.301511344577764,0.904534033733291,0.301511344577763));
#6529=DIRECTION('',(0.,-0.316227766016838,-0.948683298050514));
#6530=DIRECTION('',(-1.,0.,0.));
#6531=DIRECTION('',(-0.301511344577764,-0.904534033733291,0.301511344577763));
#6532=DIRECTION('',(0.948683298050514,-0.316227766016838,0.));
#6533=DIRECTION('',(0.,0.,1.));
#6534=DIRECTION('',(6.32681775863964E-17,5.55111512312579E-17,1.));
#6535=DIRECTION('',(1.,-8.67572747598013E-16,-6.32681775863963E-17));
#6536=DIRECTION('',(0.,0.,1.));
#6537=DIRECTION('',(1.,-1.66533453693774E-16,0.));
#6538=DIRECTION('',(6.32681775863964E-17,5.55111512312579E-17,1.));
#6539=DIRECTION('',(1.,-8.67572747598013E-16,-6.32681775863963E-17));
#6540=CARTESIAN_POINT('',(0.,0.,0.));
#6541=CARTESIAN_POINT('',(0.,0.,-3.63));
#6542=CARTESIAN_POINT('',(1.18,-3.13,-3.63));
#6543=CARTESIAN_POINT('',(1.18,-1.18,-3.63));
#6544=CARTESIAN_POINT('',(1.18,-0.305000000000002,-3.63));
#6545=CARTESIAN_POINT('',(-2.45,-0.305000000000002,-3.63));
#6546=CARTESIAN_POINT('',(1.82,-0.305000000000002,-3.63));
#6547=CARTESIAN_POINT('',(1.82,3.13,-3.63));
#6548=CARTESIAN_POINT('',(1.82,-1.18,-3.63));
#6549=CARTESIAN_POINT('',(0.,-1.18,-3.63));
#6550=CARTESIAN_POINT('',(0.,0.,-3.63));
#6551=CARTESIAN_POINT('',(1.82,3.13,-3.63));
#6552=CARTESIAN_POINT('',(1.82,1.18,-3.63));
#6553=CARTESIAN_POINT('',(1.82,0.305000000000002,-3.63));
#6554=CARTESIAN_POINT('',(2.45,0.305000000000002,-3.63));
#6555=CARTESIAN_POINT('',(1.18,0.305000000000002,-3.63));
#6556=CARTESIAN_POINT('',(1.18,-3.13,-3.63));
#6557=CARTESIAN_POINT('',(1.18,1.18,-3.63));
#6558=CARTESIAN_POINT('',(0.,1.18,-3.63));
#6559=CARTESIAN_POINT('',(0.,0.,-3.63));
#6560=CARTESIAN_POINT('',(-1.82,-3.13,-3.63));
#6561=CARTESIAN_POINT('',(-1.82,-1.18,-3.63));
#6562=CARTESIAN_POINT('',(-1.82,-0.305000000000002,-3.63));
#6563=CARTESIAN_POINT('',(-2.45,-0.305000000000002,-3.63));
#6564=CARTESIAN_POINT('',(-1.18,-0.305000000000002,-3.63));
#6565=CARTESIAN_POINT('',(-1.18,3.13,-3.63));
#6566=CARTESIAN_POINT('',(-1.18,-1.18,-3.63));
#6567=CARTESIAN_POINT('',(0.,-1.18,-3.63));
#6568=CARTESIAN_POINT('',(0.,0.,-3.63));
#6569=CARTESIAN_POINT('',(-1.18,3.13,-3.63));
#6570=CARTESIAN_POINT('',(-1.18,1.18,-3.63));
#6571=CARTESIAN_POINT('',(-1.18,0.305000000000002,-3.63));
#6572=CARTESIAN_POINT('',(2.45,0.305000000000002,-3.63));
#6573=CARTESIAN_POINT('',(-1.82,0.305000000000002,-3.63));
#6574=CARTESIAN_POINT('',(-1.82,-3.13,-3.63));
#6575=CARTESIAN_POINT('',(-1.82,1.18,-3.63));
#6576=CARTESIAN_POINT('',(0.,1.18,-3.63));
#6577=CARTESIAN_POINT('',(0.,0.,-3.95));
#6578=CARTESIAN_POINT('',(0.,-0.305000000000002,-3.95));
#6579=CARTESIAN_POINT('',(-0.549999999999999,-0.305000000000002,-3.95));
#6580=CARTESIAN_POINT('',(-1.18,-0.305000000000002,-3.95));
#6581=CARTESIAN_POINT('',(-0.549999999999999,-2.73000000000001,-3.95));
#6582=CARTESIAN_POINT('',(-0.549999999999999,-2.73000000000001,-3.95));
#6583=CARTESIAN_POINT('',(3.86,-2.73000000000001,-3.95));
#6584=CARTESIAN_POINT('',(-1.18,-2.73000000000001,-3.95));
#6585=CARTESIAN_POINT('',(-1.18,0.,-3.95));
#6586=CARTESIAN_POINT('',(0.,0.,-3.95));
#6587=CARTESIAN_POINT('',(0.,-0.305000000000002,-3.95));
#6588=CARTESIAN_POINT('',(2.45,-0.305000000000002,-3.95));
#6589=CARTESIAN_POINT('',(1.82,-0.305000000000002,-3.95));
#6590=CARTESIAN_POINT('',(2.45,0.969999999999999,-3.95));
#6591=CARTESIAN_POINT('',(2.45,-0.58,-3.95));
#6592=CARTESIAN_POINT('',(2.45,-0.58,-3.95));
#6593=CARTESIAN_POINT('',(3.26,-0.58,-3.95));
#6594=CARTESIAN_POINT('',(3.26,-2.73000000000001,-3.95));
#6595=CARTESIAN_POINT('',(3.26,-2.73000000000001,-3.95));
#6596=CARTESIAN_POINT('',(3.86,-2.73000000000001,-3.95));
#6597=CARTESIAN_POINT('',(1.82,-2.73000000000001,-3.95));
#6598=CARTESIAN_POINT('',(1.82,0.,-3.95));
#6599=CARTESIAN_POINT('',(0.,0.,-3.95));
#6600=CARTESIAN_POINT('',(0.,-0.305000000000002,-3.95));
#6601=CARTESIAN_POINT('',(1.18,-0.305000000000002,-3.95));
#6602=CARTESIAN_POINT('',(0.550000000000002,-0.305000000000002,-3.95));
#6603=CARTESIAN_POINT('',(1.18,0.,-3.95));
#6604=CARTESIAN_POINT('',(1.18,-2.73000000000001,-3.95));
#6605=CARTESIAN_POINT('',(3.86,-2.73000000000001,-3.95));
#6606=CARTESIAN_POINT('',(0.550000000000002,-2.73000000000001,-3.95));
#6607=CARTESIAN_POINT('',(0.550000000000002,2.73,-3.95));
#6608=CARTESIAN_POINT('',(0.,0.,-3.95));
#6609=CARTESIAN_POINT('',(0.,-0.305000000000002,-3.95));
#6610=CARTESIAN_POINT('',(-1.82,-0.305000000000002,-3.95));
#6611=CARTESIAN_POINT('',(-2.45,-0.305000000000002,-3.95));
#6612=CARTESIAN_POINT('',(-1.82,0.,-3.95));
#6613=CARTESIAN_POINT('',(-1.82,-2.73000000000001,-3.95));
#6614=CARTESIAN_POINT('',(3.86,-2.73000000000001,-3.95));
#6615=CARTESIAN_POINT('',(-3.26,-2.73000000000001,-3.95));
#6616=CARTESIAN_POINT('',(-3.26,-0.58,-3.95));
#6617=CARTESIAN_POINT('',(-3.26,-0.58,-3.95));
#6618=CARTESIAN_POINT('',(-3.46,-0.58,-3.95));
#6619=CARTESIAN_POINT('',(-2.45,-0.58,-3.95));
#6620=CARTESIAN_POINT('',(-2.45,-0.58,-3.95));
#6621=CARTESIAN_POINT('',(-1.18,3.13,-3.63));
#6622=CARTESIAN_POINT('',(-1.18,-0.305000000000002,-3.63));
#6623=CARTESIAN_POINT('',(-1.18,-2.73,-3.95));
#6624=CARTESIAN_POINT('',(-1.18,-2.73,-4.65));
#6625=CARTESIAN_POINT('',(-1.18,-3.13,-4.65));
#6626=CARTESIAN_POINT('',(-1.18,-3.13,-4.65));
#6627=CARTESIAN_POINT('',(-1.18,-3.13,-3.63));
#6628=CARTESIAN_POINT('',(-1.18,-3.13,-3.63));
#6629=CARTESIAN_POINT('',(-1.18,3.13,-3.63));
#6630=CARTESIAN_POINT('',(-1.18,-1.82,-3.63));
#6631=CARTESIAN_POINT('',(-1.18,-1.82,-19.8568730262708));
#6632=CARTESIAN_POINT('',(-1.18,-1.82,-1.55));
#6633=CARTESIAN_POINT('',(-1.18,-1.82,-1.55));
#6634=CARTESIAN_POINT('',(-1.18,-1.18,-1.55));
#6635=CARTESIAN_POINT('',(-1.18,-1.18,-19.8568730262708));
#6636=CARTESIAN_POINT('',(-1.82,-3.13,-3.63));
#6637=CARTESIAN_POINT('',(-1.82,-0.305000000000002,-3.63));
#6638=CARTESIAN_POINT('',(-1.82,-1.18,-19.8568730262708));
#6639=CARTESIAN_POINT('',(-1.82,-1.18,-1.55));
#6640=CARTESIAN_POINT('',(-1.82,-1.18,-1.55));
#6641=CARTESIAN_POINT('',(-1.82,-1.82,-1.55));
#6642=CARTESIAN_POINT('',(-1.82,-1.82,-19.8568730262708));
#6643=CARTESIAN_POINT('',(-1.82,-1.82,-3.63));
#6644=CARTESIAN_POINT('',(-1.82,-3.13,-3.63));
#6645=CARTESIAN_POINT('',(-1.82,-3.13,-3.63));
#6646=CARTESIAN_POINT('',(-1.82,-3.13,-3.63));
#6647=CARTESIAN_POINT('',(-1.82,-3.13,-4.65));
#6648=CARTESIAN_POINT('',(-1.82,-2.73,-4.65));
#6649=CARTESIAN_POINT('',(-1.82,-2.73,-4.65));
#6650=CARTESIAN_POINT('',(-1.82,-2.73,-3.95));
#6651=CARTESIAN_POINT('',(1.82,3.13,-3.63));
#6652=CARTESIAN_POINT('',(1.82,-0.305000000000002,-3.63));
#6653=CARTESIAN_POINT('',(1.82,-2.73,-3.95));
#6654=CARTESIAN_POINT('',(1.82,-2.73,-4.65));
#6655=CARTESIAN_POINT('',(1.82,-3.13,-4.65));
#6656=CARTESIAN_POINT('',(1.82,-3.13,-4.65));
#6657=CARTESIAN_POINT('',(1.82,-3.13,-3.63));
#6658=CARTESIAN_POINT('',(1.82,-3.13,-3.63));
#6659=CARTESIAN_POINT('',(1.82,3.13,-3.63));
#6660=CARTESIAN_POINT('',(1.82,-1.82,-3.63));
#6661=CARTESIAN_POINT('',(1.82,-1.82,-19.8568730262708));
#6662=CARTESIAN_POINT('',(1.82,-1.82,-1.55));
#6663=CARTESIAN_POINT('',(1.82,-1.82,-1.55));
#6664=CARTESIAN_POINT('',(1.82,-1.18,-1.55));
#6665=CARTESIAN_POINT('',(1.82,-1.18,-19.8568730262708));
#6666=CARTESIAN_POINT('',(1.18,-3.13,-3.63));
#6667=CARTESIAN_POINT('',(1.18,-0.305000000000002,-3.63));
#6668=CARTESIAN_POINT('',(1.18,-1.18,-19.8568730262708));
#6669=CARTESIAN_POINT('',(1.18,-1.18,-1.55));
#6670=CARTESIAN_POINT('',(1.18,-1.18,-1.55));
#6671=CARTESIAN_POINT('',(1.18,-1.82,-1.55));
#6672=CARTESIAN_POINT('',(1.18,-1.82,-19.8568730262708));
#6673=CARTESIAN_POINT('',(1.18,-1.82,-3.63));
#6674=CARTESIAN_POINT('',(1.18,-3.13,-3.63));
#6675=CARTESIAN_POINT('',(1.18,-3.13,-3.63));
#6676=CARTESIAN_POINT('',(1.18,-3.13,-3.63));
#6677=CARTESIAN_POINT('',(1.18,-3.13,-4.65));
#6678=CARTESIAN_POINT('',(1.18,-2.73,-4.65));
#6679=CARTESIAN_POINT('',(1.18,-2.73,-4.65));
#6680=CARTESIAN_POINT('',(1.18,-2.73,-3.95));
#6681=CARTESIAN_POINT('',(0.,0.,-3.95));
#6682=CARTESIAN_POINT('',(0.,0.305000000000002,-3.95));
#6683=CARTESIAN_POINT('',(-1.18,0.305000000000002,-3.95));
#6684=CARTESIAN_POINT('',(-0.549999999999999,0.305000000000002,-3.95));
#6685=CARTESIAN_POINT('',(-1.18,0.,-3.95));
#6686=CARTESIAN_POINT('',(-1.18,2.73,-3.95));
#6687=CARTESIAN_POINT('',(-4.85,2.73,-3.95));
#6688=CARTESIAN_POINT('',(-0.549999999999999,2.73,-3.95));
#6689=CARTESIAN_POINT('',(-0.549999999999999,-2.73000000000001,-3.95));
#6690=CARTESIAN_POINT('',(0.,0.,-3.63));
#6691=CARTESIAN_POINT('',(0.,-1.82,-3.63));
#6692=CARTESIAN_POINT('',(1.82,-3.13,-3.63));
#6693=CARTESIAN_POINT('',(4.85,3.43,-4.95));
#6694=CARTESIAN_POINT('',(3.15,-3.13,-4.95));
#6695=CARTESIAN_POINT('',(3.15,-3.13,-4.95));
#6696=CARTESIAN_POINT('',(2.12,-3.13,-4.95));
#6697=CARTESIAN_POINT('',(2.12,-2.73,-4.95));
#6698=CARTESIAN_POINT('',(2.12,-2.73000000000001,-4.95));
#6699=CARTESIAN_POINT('',(3.86,-2.73000000000001,-4.95));
#6700=CARTESIAN_POINT('',(3.86,-2.73000000000001,-4.95));
#6701=CARTESIAN_POINT('',(3.86,-1.73,-4.95));
#6702=CARTESIAN_POINT('',(3.86,-1.73,-4.95));
#6703=CARTESIAN_POINT('',(4.85,-1.73,-4.95));
#6704=CARTESIAN_POINT('',(4.85,-1.73,-4.95));
#6705=CARTESIAN_POINT('',(4.85,3.43,-4.95));
#6706=CARTESIAN_POINT('',(4.85,-3.43,-4.95));
#6707=CARTESIAN_POINT('',(4.85,-3.43,-4.95));
#6708=CARTESIAN_POINT('',(3.15,-3.43,-4.95));
#6709=CARTESIAN_POINT('',(3.15,-3.13,-4.95));
#6710=CARTESIAN_POINT('',(0.,0.,-3.95));
#6711=CARTESIAN_POINT('',(0.,0.305000000000002,-3.95));
#6712=CARTESIAN_POINT('',(1.82,0.305000000000002,-3.95));
#6713=CARTESIAN_POINT('',(2.45,0.305000000000002,-3.95));
#6714=CARTESIAN_POINT('',(1.82,0.,-3.95));
#6715=CARTESIAN_POINT('',(1.82,2.73,-3.95));
#6716=CARTESIAN_POINT('',(-4.85,2.73,-3.95));
#6717=CARTESIAN_POINT('',(3.26,2.73,-3.95));
#6718=CARTESIAN_POINT('',(3.26,0.969999999999999,-3.95));
#6719=CARTESIAN_POINT('',(3.26,0.969999999999999,-3.95));
#6720=CARTESIAN_POINT('',(3.46,0.969999999999999,-3.95));
#6721=CARTESIAN_POINT('',(2.45,0.969999999999999,-3.95));
#6722=CARTESIAN_POINT('',(2.45,0.969999999999999,-3.95));
#6723=CARTESIAN_POINT('',(4.85,3.43,-4.95));
#6724=CARTESIAN_POINT('',(-4.85,2.73,-4.95));
#6725=CARTESIAN_POINT('',(2.12,2.73,-4.95));
#6726=CARTESIAN_POINT('',(4.85,2.73,-4.95));
#6727=CARTESIAN_POINT('',(2.12,3.13,-4.95));
#6728=CARTESIAN_POINT('',(2.12,3.13,-4.95));
#6729=CARTESIAN_POINT('',(-3.15,3.13,-4.95));
#6730=CARTESIAN_POINT('',(3.15,3.13,-4.95));
#6731=CARTESIAN_POINT('',(3.15,3.13,-4.95));
#6732=CARTESIAN_POINT('',(3.15,3.43,-4.95));
#6733=CARTESIAN_POINT('',(4.85,3.43,-4.95));
#6734=CARTESIAN_POINT('',(3.95,3.43,-4.95));
#6735=CARTESIAN_POINT('',(3.95,3.93,-4.95));
#6736=CARTESIAN_POINT('',(3.95,3.93,-4.95));
#6737=CARTESIAN_POINT('',(3.95,3.93,-4.95));
#6738=CARTESIAN_POINT('',(4.85,3.93,-4.95));
#6739=CARTESIAN_POINT('',(4.85,3.43,-4.95));
#6740=CARTESIAN_POINT('',(3.46,-2.73,-3.95));
#6741=CARTESIAN_POINT('',(2.12,-2.73,-4.65));
#6742=CARTESIAN_POINT('',(3.26,-2.73,-3.95));
#6743=CARTESIAN_POINT('',(3.46,-2.73,-3.75));
#6744=CARTESIAN_POINT('',(3.46,-2.73,-3.95));
#6745=CARTESIAN_POINT('',(3.46,-2.73,-3.65));
#6746=CARTESIAN_POINT('',(3.46,-2.73,-3.65));
#6747=CARTESIAN_POINT('',(3.86,-2.73,-3.65));
#6748=CARTESIAN_POINT('',(3.86,-2.73,-3.95));
#6749=CARTESIAN_POINT('',(-4.85,2.73,-3.95));
#6750=CARTESIAN_POINT('',(1.82,2.73,-3.95));
#6751=CARTESIAN_POINT('',(1.82,2.73,-4.65));
#6752=CARTESIAN_POINT('',(2.12,2.73,-4.65));
#6753=CARTESIAN_POINT('',(4.85,2.73,-3.95));
#6754=CARTESIAN_POINT('',(4.85,2.73,-4.25));
#6755=CARTESIAN_POINT('',(4.85,2.73,-4.25));
#6756=CARTESIAN_POINT('',(4.06,2.73,-4.25));
#6757=CARTESIAN_POINT('',(-0.544999999999999,2.73,0.355000000000004));
#6758=CARTESIAN_POINT('',(3.86,2.73,-4.05));
#6759=CARTESIAN_POINT('',(3.86,2.73,-4.25));
#6760=CARTESIAN_POINT('',(3.86,2.73,-3.95));
#6761=CARTESIAN_POINT('',(-4.85,2.73,-3.95));
#6762=CARTESIAN_POINT('',(3.46,2.73,-3.95));
#6763=CARTESIAN_POINT('',(3.46,2.73,0.));
#6764=CARTESIAN_POINT('',(3.46,2.73,-3.75));
#6765=CARTESIAN_POINT('',(-0.795,2.73,-8.005));
#6766=CARTESIAN_POINT('',(0.,0.,-3.63));
#6767=CARTESIAN_POINT('',(0.,-1.82,-3.63));
#6768=CARTESIAN_POINT('',(-1.18,-3.13,-3.63));
#6769=CARTESIAN_POINT('',(4.85,3.43,-4.95));
#6770=CARTESIAN_POINT('',(3.86,-2.73000000000001,-4.95));
#6771=CARTESIAN_POINT('',(0.880000000000001,-2.73000000000001,-4.95));
#6772=CARTESIAN_POINT('',(-0.88,-2.73000000000001,-4.95));
#6773=CARTESIAN_POINT('',(0.880000000000001,-3.13,-4.95));
#6774=CARTESIAN_POINT('',(0.880000000000001,-3.13,-4.95));
#6775=CARTESIAN_POINT('',(3.15,-3.13,-4.95));
#6776=CARTESIAN_POINT('',(-0.880000000000001,-3.13,-4.95));
#6777=CARTESIAN_POINT('',(-0.880000000000001,-2.73,-4.95));
#6778=CARTESIAN_POINT('',(0.,0.,-3.95));
#6779=CARTESIAN_POINT('',(0.,0.305000000000002,-3.95));
#6780=CARTESIAN_POINT('',(0.550000000000002,0.305000000000002,-3.95));
#6781=CARTESIAN_POINT('',(1.18,0.305000000000002,-3.95));
#6782=CARTESIAN_POINT('',(0.550000000000002,2.73,-3.95));
#6783=CARTESIAN_POINT('',(0.550000000000002,2.73,-3.95));
#6784=CARTESIAN_POINT('',(-4.85,2.73,-3.95));
#6785=CARTESIAN_POINT('',(1.18,2.73,-3.95));
#6786=CARTESIAN_POINT('',(1.18,0.,-3.95));
#6787=CARTESIAN_POINT('',(4.85,3.43,-4.95));
#6788=CARTESIAN_POINT('',(-3.15,3.13,-4.95));
#6789=CARTESIAN_POINT('',(-0.880000000000001,3.13,-4.95));
#6790=CARTESIAN_POINT('',(0.880000000000002,3.13,-4.95));
#6791=CARTESIAN_POINT('',(0.880000000000001,2.73,-4.95));
#6792=CARTESIAN_POINT('',(0.880000000000001,2.73,-4.95));
#6793=CARTESIAN_POINT('',(-4.85,2.73,-4.95));
#6794=CARTESIAN_POINT('',(-0.880000000000001,2.73,-4.95));
#6795=CARTESIAN_POINT('',(-0.880000000000001,3.13,-4.95));
#6796=CARTESIAN_POINT('',(3.46,-2.73,-3.95));
#6797=CARTESIAN_POINT('',(0.880000000000001,-2.73,-4.65));
#6798=CARTESIAN_POINT('',(-0.880000000000001,-2.73,-4.65));
#6799=CARTESIAN_POINT('',(-0.549999999999999,-2.73000000000001,-3.45));
#6800=CARTESIAN_POINT('',(-0.549999999999999,-2.73000000000001,-3.45));
#6801=CARTESIAN_POINT('',(0.550000000000002,-2.73000000000001,-3.45));
#6802=CARTESIAN_POINT('',(0.550000000000002,-2.73000000000001,-3.45));
#6803=CARTESIAN_POINT('',(0.550000000000002,-2.73000000000001,-3.45));
#6804=CARTESIAN_POINT('',(-4.85,2.73,-3.95));
#6805=CARTESIAN_POINT('',(0.880000000000001,2.73,-4.65));
#6806=CARTESIAN_POINT('',(1.18,2.73,-4.65));
#6807=CARTESIAN_POINT('',(1.18,2.73,-3.95));
#6808=CARTESIAN_POINT('',(0.550000000000002,2.73,-3.45));
#6809=CARTESIAN_POINT('',(0.550000000000002,2.73,-3.45));
#6810=CARTESIAN_POINT('',(-0.549999999999999,2.73,-3.45));
#6811=CARTESIAN_POINT('',(-0.549999999999999,2.73,-3.45));
#6812=CARTESIAN_POINT('',(-0.549999999999999,2.73,-3.45));
#6813=CARTESIAN_POINT('',(-1.18,2.73,-3.95));
#6814=CARTESIAN_POINT('',(-1.18,2.73,-4.65));
#6815=CARTESIAN_POINT('',(-0.880000000000001,2.73,-4.65));
#6816=CARTESIAN_POINT('',(4.85,-3.43,-4.95));
#6817=CARTESIAN_POINT('',(0.7,-3.43,4.35));
#6818=CARTESIAN_POINT('',(0.7,-3.43,4.35));
#6819=CARTESIAN_POINT('',(-0.7,-3.43,4.35));
#6820=CARTESIAN_POINT('',(0.7,-3.43,1.55));
#6821=CARTESIAN_POINT('',(0.7,-3.43,1.55));
#6822=CARTESIAN_POINT('',(0.7,-3.43,1.55));
#6823=CARTESIAN_POINT('',(-0.7,-3.43,1.55));
#6824=CARTESIAN_POINT('',(-0.7,-3.43,1.55));
#6825=CARTESIAN_POINT('',(-3.15,-3.43,-3.05));
#6826=CARTESIAN_POINT('',(-3.15,-3.43,-3.05));
#6827=CARTESIAN_POINT('',(3.15,-3.43,-3.05));
#6828=CARTESIAN_POINT('',(3.15,-3.43,-3.05));
#6829=CARTESIAN_POINT('',(4.85,-3.43,-4.95));
#6830=CARTESIAN_POINT('',(4.85,-3.43,4.95));
#6831=CARTESIAN_POINT('',(4.85,-3.43,4.95));
#6832=CARTESIAN_POINT('',(-4.85,-3.43,4.95));
#6833=CARTESIAN_POINT('',(-4.85,-3.43,-4.95));
#6834=CARTESIAN_POINT('',(-4.85,-3.43,-4.95));
#6835=CARTESIAN_POINT('',(4.85,-3.43,-4.95));
#6836=CARTESIAN_POINT('',(-3.15,-3.43,-4.95));
#6837=CARTESIAN_POINT('',(-3.15,-3.43,-4.95));
#6838=CARTESIAN_POINT('',(4.85,3.43,-4.95));
#6839=CARTESIAN_POINT('',(3.86,-2.73000000000001,-4.95));
#6840=CARTESIAN_POINT('',(-2.12,-2.73000000000001,-4.95));
#6841=CARTESIAN_POINT('',(-3.86,-2.73000000000001,-4.95));
#6842=CARTESIAN_POINT('',(-2.12,-3.13,-4.95));
#6843=CARTESIAN_POINT('',(-2.12,-3.13,-4.95));
#6844=CARTESIAN_POINT('',(3.15,-3.13,-4.95));
#6845=CARTESIAN_POINT('',(-3.15,-3.13,-4.95));
#6846=CARTESIAN_POINT('',(-3.15,-3.13,-4.95));
#6847=CARTESIAN_POINT('',(-4.85,3.43,-4.95));
#6848=CARTESIAN_POINT('',(-4.85,-1.73,-4.95));
#6849=CARTESIAN_POINT('',(-3.86,-1.73,-4.95));
#6850=CARTESIAN_POINT('',(-3.86,-1.73,-4.95));
#6851=CARTESIAN_POINT('',(-3.86,-2.73000000000001,-4.95));
#6852=CARTESIAN_POINT('',(0.,3.93,0.));
#6853=CARTESIAN_POINT('',(-0.449999999999999,3.93,-3.05));
#6854=CARTESIAN_POINT('',(-0.449999999999999,3.93,1.27));
#6855=CARTESIAN_POINT('',(-0.449999999999999,3.93,3.95));
#6856=CARTESIAN_POINT('',(-0.449999999999999,3.93,1.27));
#6857=CARTESIAN_POINT('',(-0.76422618401604,3.93,1.27));
#6858=CARTESIAN_POINT('',(-0.49,3.93,0.349999999999998));
#6859=CARTESIAN_POINT('',(-1.45,3.93,0.349999999999998));
#6860=CARTESIAN_POINT('',(-1.45,3.93,3.95));
#6861=CARTESIAN_POINT('',(-1.45,3.93,3.95));
#6862=CARTESIAN_POINT('',(-0.449999999999999,3.93,3.95));
#6863=CARTESIAN_POINT('',(-3.46,1.57,-1.15));
#6864=CARTESIAN_POINT('',(-3.46,1.57,-1.15));
#6865=CARTESIAN_POINT('',(-3.46,1.57,-1.15));
#6866=CARTESIAN_POINT('',(-3.46,2.93,-1.15));
#6867=CARTESIAN_POINT('',(-3.86,2.93,-1.15));
#6868=CARTESIAN_POINT('',(-3.86,2.93,-1.15));
#6869=CARTESIAN_POINT('',(-3.86,1.57,-1.15));
#6870=CARTESIAN_POINT('',(-3.86,1.57,-1.15));
#6871=CARTESIAN_POINT('',(-3.46,1.57,-1.15));
#6872=CARTESIAN_POINT('',(-3.86,-2.73000000000001,-3.95));
#6873=CARTESIAN_POINT('',(-3.86,2.93,-2.15));
#6874=CARTESIAN_POINT('',(-3.86,2.93,-2.15));
#6875=CARTESIAN_POINT('',(-3.86,3.23,-2.15));
#6876=CARTESIAN_POINT('',(-3.86,3.23,4.95));
#6877=CARTESIAN_POINT('',(-3.86,3.23,4.95));
#6878=CARTESIAN_POINT('',(-3.86,3.43,4.95));
#6879=CARTESIAN_POINT('',(-3.86,1.02,4.95));
#6880=CARTESIAN_POINT('',(-3.86,1.02,4.95));
#6881=CARTESIAN_POINT('',(-3.86,1.02,1.95));
#6882=CARTESIAN_POINT('',(-3.86,1.02,1.95));
#6883=CARTESIAN_POINT('',(-3.86,-0.880000000000001,1.95));
#6884=CARTESIAN_POINT('',(-3.86,-0.880000000000001,1.95));
#6885=CARTESIAN_POINT('',(-3.86,-0.880000000000001,4.95));
#6886=CARTESIAN_POINT('',(-3.86,-0.880000000000001,4.95));
#6887=CARTESIAN_POINT('',(-3.86,-2.63,4.95));
#6888=CARTESIAN_POINT('',(-3.86,-2.63,4.95));
#6889=CARTESIAN_POINT('',(-3.86,-2.63,-1.15));
#6890=CARTESIAN_POINT('',(-3.86,-2.63,-1.15));
#6891=CARTESIAN_POINT('',(-3.86,-1.43,-1.15));
#6892=CARTESIAN_POINT('',(-3.86,-1.43,-1.15));
#6893=CARTESIAN_POINT('',(-3.86,-1.43,-3.65));
#6894=CARTESIAN_POINT('',(-3.86,-1.43,-3.65));
#6895=CARTESIAN_POINT('',(-3.86,-2.73,-3.65));
#6896=CARTESIAN_POINT('',(-3.86,-2.73000000000001,-3.95));
#6897=CARTESIAN_POINT('',(-3.86,-1.73,-3.95));
#6898=CARTESIAN_POINT('',(-3.86,-1.73,-4.05));
#6899=CARTESIAN_POINT('',(-3.86,-2.73000000000001,-4.05));
#6900=CARTESIAN_POINT('',(-3.86,-0.529999999999999,-4.05));
#6901=CARTESIAN_POINT('',(-3.86,-0.529999999999999,-4.25));
#6902=CARTESIAN_POINT('',(-3.86,-0.529999999999999,-2.95));
#6903=CARTESIAN_POINT('',(-3.86,-0.529999999999999,-2.95));
#6904=CARTESIAN_POINT('',(-3.86,1.47,-2.95));
#6905=CARTESIAN_POINT('',(-3.86,1.47,-4.25));
#6906=CARTESIAN_POINT('',(-3.86,1.47,-4.05));
#6907=CARTESIAN_POINT('',(-3.86,-2.73000000000001,-4.05));
#6908=CARTESIAN_POINT('',(-3.86,2.73,-4.05));
#6909=CARTESIAN_POINT('',(-3.86,2.73,-4.25));
#6910=CARTESIAN_POINT('',(-3.86,2.73,-3.95));
#6911=CARTESIAN_POINT('',(-3.86,-2.73,-3.95));
#6912=CARTESIAN_POINT('',(-3.86,2.87,-3.95));
#6913=CARTESIAN_POINT('',(-3.86,2.87,-3.95));
#6914=CARTESIAN_POINT('',(-3.86,2.87,-3.65));
#6915=CARTESIAN_POINT('',(-3.86,2.87,-3.65));
#6916=CARTESIAN_POINT('',(-3.86,1.57,-3.65));
#6917=CARTESIAN_POINT('',(-3.86,1.57,-3.65));
#6918=CARTESIAN_POINT('',(-3.86,2.93,-2.15));
#6919=CARTESIAN_POINT('',(0.,0.,-3.95));
#6920=CARTESIAN_POINT('',(0.,0.305000000000002,-3.95));
#6921=CARTESIAN_POINT('',(-2.45,0.305000000000002,-3.95));
#6922=CARTESIAN_POINT('',(-1.82,0.305000000000002,-3.95));
#6923=CARTESIAN_POINT('',(-2.45,-0.58,-3.95));
#6924=CARTESIAN_POINT('',(-2.45,0.969999999999999,-3.95));
#6925=CARTESIAN_POINT('',(-2.45,0.969999999999999,-3.95));
#6926=CARTESIAN_POINT('',(-3.26,0.969999999999999,-3.95));
#6927=CARTESIAN_POINT('',(-3.26,2.73,-3.95));
#6928=CARTESIAN_POINT('',(-3.26,2.73,-3.95));
#6929=CARTESIAN_POINT('',(-4.85,2.73,-3.95));
#6930=CARTESIAN_POINT('',(-1.82,2.73,-3.95));
#6931=CARTESIAN_POINT('',(-1.82,0.,-3.95));
#6932=CARTESIAN_POINT('',(-3.46,0.,0.));
#6933=CARTESIAN_POINT('',(-3.46,3.43,4.95));
#6934=CARTESIAN_POINT('',(-3.46,3.23,4.95));
#6935=CARTESIAN_POINT('',(-3.46,1.02,4.95));
#6936=CARTESIAN_POINT('',(-3.46,3.23,-2.15));
#6937=CARTESIAN_POINT('',(-3.46,3.23,-2.15));
#6938=CARTESIAN_POINT('',(-3.46,2.93,-2.15));
#6939=CARTESIAN_POINT('',(-3.46,2.93,-2.15));
#6940=CARTESIAN_POINT('',(-3.46,2.93,-1.15));
#6941=CARTESIAN_POINT('',(-3.46,1.57,-3.65));
#6942=CARTESIAN_POINT('',(-3.46,1.57,-3.65));
#6943=CARTESIAN_POINT('',(-3.46,2.87,-3.65));
#6944=CARTESIAN_POINT('',(-3.46,2.87,-3.65));
#6945=CARTESIAN_POINT('',(-3.46,2.87,-3.95));
#6946=CARTESIAN_POINT('',(-3.46,2.87,-3.95));
#6947=CARTESIAN_POINT('',(-3.46,-2.73,-3.95));
#6948=CARTESIAN_POINT('',(-3.46,2.73,-3.95));
#6949=CARTESIAN_POINT('',(-3.46,2.73,0.));
#6950=CARTESIAN_POINT('',(-3.46,2.73,-3.75));
#6951=CARTESIAN_POINT('',(-3.46,0.969999999999999,-3.75));
#6952=CARTESIAN_POINT('',(-3.46,0.969999999999999,-3.75));
#6953=CARTESIAN_POINT('',(-3.46,0.969999999999999,-2.95));
#6954=CARTESIAN_POINT('',(-3.46,0.969999999999999,-2.95));
#6955=CARTESIAN_POINT('',(-3.46,0.969999999999999,-2.95));
#6956=CARTESIAN_POINT('',(-3.46,-0.58,-2.95));
#6957=CARTESIAN_POINT('',(-3.46,-0.58,-2.95));
#6958=CARTESIAN_POINT('',(-3.46,-0.58,-3.75));
#6959=CARTESIAN_POINT('',(-3.46,-2.73,-3.75));
#6960=CARTESIAN_POINT('',(-3.46,-2.73,-3.75));
#6961=CARTESIAN_POINT('',(-3.46,-2.73,-3.65));
#6962=CARTESIAN_POINT('',(-3.46,-2.73,-3.65));
#6963=CARTESIAN_POINT('',(-3.46,-1.43,-3.65));
#6964=CARTESIAN_POINT('',(-3.46,-1.43,-3.65));
#6965=CARTESIAN_POINT('',(-3.46,-1.43,-1.15));
#6966=CARTESIAN_POINT('',(-3.46,-1.43,-1.15));
#6967=CARTESIAN_POINT('',(-3.46,-2.63,-1.15));
#6968=CARTESIAN_POINT('',(-3.46,-2.63,-1.15));
#6969=CARTESIAN_POINT('',(-3.46,-2.63,4.95));
#6970=CARTESIAN_POINT('',(-3.46,-2.63,4.95));
#6971=CARTESIAN_POINT('',(-3.46,-0.880000000000001,4.95));
#6972=CARTESIAN_POINT('',(-3.46,-0.880000000000001,4.95));
#6973=CARTESIAN_POINT('',(-3.46,-0.880000000000001,1.95));
#6974=CARTESIAN_POINT('',(-3.46,-0.880000000000001,1.95));
#6975=CARTESIAN_POINT('',(-3.46,1.02,1.95));
#6976=CARTESIAN_POINT('',(-3.46,1.02,1.95));
#6977=CARTESIAN_POINT('',(-3.46,1.02,4.95));
#6978=CARTESIAN_POINT('',(-3.86,-1.73,-3.95));
#6979=CARTESIAN_POINT('',(-4.85,-1.73,-4.25));
#6980=CARTESIAN_POINT('',(-4.85,-1.73,-4.25));
#6981=CARTESIAN_POINT('',(-4.06,-1.73,-4.25));
#6982=CARTESIAN_POINT('',(-3.81,-1.73,-4.));
#6983=CARTESIAN_POINT('',(-4.85,-1.73,-3.95));
#6984=CARTESIAN_POINT('',(0.,3.93,0.));
#6985=CARTESIAN_POINT('',(0.49,3.93,0.349999999999998));
#6986=CARTESIAN_POINT('',(1.45,3.93,0.349999999999998));
#6987=CARTESIAN_POINT('',(0.76422618401604,3.93,1.27));
#6988=CARTESIAN_POINT('',(0.449999999999999,3.93,1.27));
#6989=CARTESIAN_POINT('',(0.449999999999999,3.93,1.27));
#6990=CARTESIAN_POINT('',(0.449999999999999,3.93,3.95));
#6991=CARTESIAN_POINT('',(0.449999999999999,3.93,3.95));
#6992=CARTESIAN_POINT('',(1.45,3.93,3.95));
#6993=CARTESIAN_POINT('',(1.45,3.93,3.95));
#6994=CARTESIAN_POINT('',(1.45,3.93,-3.05));
#6995=CARTESIAN_POINT('',(3.46,1.57,-1.15));
#6996=CARTESIAN_POINT('',(3.86,1.57,-1.15));
#6997=CARTESIAN_POINT('',(3.86,2.93,-1.15));
#6998=CARTESIAN_POINT('',(3.86,1.57,-1.15));
#6999=CARTESIAN_POINT('',(3.46,2.93,-1.15));
#7000=CARTESIAN_POINT('',(3.46,2.93,-1.15));
#7001=CARTESIAN_POINT('',(3.46,1.57,-1.15));
#7002=CARTESIAN_POINT('',(3.46,1.57,-1.15));
#7003=CARTESIAN_POINT('',(3.46,1.57,-1.15));
#7004=CARTESIAN_POINT('',(3.86,0.,0.));
#7005=CARTESIAN_POINT('',(3.86,1.02,4.95));
#7006=CARTESIAN_POINT('',(3.86,1.02,4.95));
#7007=CARTESIAN_POINT('',(3.86,3.23,4.95));
#7008=CARTESIAN_POINT('',(3.86,3.23,0.));
#7009=CARTESIAN_POINT('',(3.86,3.23,-2.15));
#7010=CARTESIAN_POINT('',(3.86,2.93,-2.15));
#7011=CARTESIAN_POINT('',(3.86,2.93,-2.15));
#7012=CARTESIAN_POINT('',(3.86,2.93,-1.15));
#7013=CARTESIAN_POINT('',(3.86,1.57,-1.15));
#7014=CARTESIAN_POINT('',(3.86,1.57,-3.65));
#7015=CARTESIAN_POINT('',(3.86,1.57,-3.65));
#7016=CARTESIAN_POINT('',(3.86,2.87,-3.65));
#7017=CARTESIAN_POINT('',(3.86,2.87,-3.65));
#7018=CARTESIAN_POINT('',(3.86,2.87,-3.95));
#7019=CARTESIAN_POINT('',(3.86,2.87,-3.95));
#7020=CARTESIAN_POINT('',(3.86,1.47,-4.05));
#7021=CARTESIAN_POINT('',(3.86,1.47,-4.05));
#7022=CARTESIAN_POINT('',(3.86,1.47,-4.25));
#7023=CARTESIAN_POINT('',(3.86,1.47,-2.95));
#7024=CARTESIAN_POINT('',(3.86,1.47,-2.95));
#7025=CARTESIAN_POINT('',(3.86,-0.529999999999999,-2.95));
#7026=CARTESIAN_POINT('',(3.86,-0.529999999999999,-4.25));
#7027=CARTESIAN_POINT('',(3.86,-0.529999999999999,-4.05));
#7028=CARTESIAN_POINT('',(3.86,-1.73,-4.05));
#7029=CARTESIAN_POINT('',(3.86,-1.73,-4.05));
#7030=CARTESIAN_POINT('',(3.86,-1.73,-3.95));
#7031=CARTESIAN_POINT('',(3.86,-2.73,-3.65));
#7032=CARTESIAN_POINT('',(3.86,-1.43,-3.65));
#7033=CARTESIAN_POINT('',(3.86,-1.43,-3.65));
#7034=CARTESIAN_POINT('',(3.86,-1.43,-1.15));
#7035=CARTESIAN_POINT('',(3.86,-1.43,-1.15));
#7036=CARTESIAN_POINT('',(3.86,-2.63,-1.15));
#7037=CARTESIAN_POINT('',(3.86,-2.63,-1.15));
#7038=CARTESIAN_POINT('',(3.86,-2.63,4.95));
#7039=CARTESIAN_POINT('',(3.86,-2.63,4.95));
#7040=CARTESIAN_POINT('',(3.86,-0.880000000000001,4.95));
#7041=CARTESIAN_POINT('',(3.86,-0.880000000000001,4.95));
#7042=CARTESIAN_POINT('',(3.86,-0.880000000000001,1.95));
#7043=CARTESIAN_POINT('',(3.86,-0.880000000000001,1.95));
#7044=CARTESIAN_POINT('',(3.86,1.02,1.95));
#7045=CARTESIAN_POINT('',(3.86,1.02,1.95));
#7046=CARTESIAN_POINT('',(3.46,0.,0.));
#7047=CARTESIAN_POINT('',(3.46,2.93,-2.15));
#7048=CARTESIAN_POINT('',(3.46,2.93,-2.15));
#7049=CARTESIAN_POINT('',(3.46,3.23,-2.15));
#7050=CARTESIAN_POINT('',(3.46,3.23,4.95));
#7051=CARTESIAN_POINT('',(3.46,3.23,4.95));
#7052=CARTESIAN_POINT('',(3.46,1.02,4.95));
#7053=CARTESIAN_POINT('',(3.46,1.02,4.95));
#7054=CARTESIAN_POINT('',(3.46,1.02,1.95));
#7055=CARTESIAN_POINT('',(3.46,1.02,1.95));
#7056=CARTESIAN_POINT('',(3.46,-0.880000000000001,1.95));
#7057=CARTESIAN_POINT('',(3.46,-0.880000000000001,1.95));
#7058=CARTESIAN_POINT('',(3.46,-0.880000000000001,4.95));
#7059=CARTESIAN_POINT('',(3.46,-0.880000000000001,4.95));
#7060=CARTESIAN_POINT('',(3.46,-2.63,4.95));
#7061=CARTESIAN_POINT('',(3.46,-2.63,4.95));
#7062=CARTESIAN_POINT('',(3.46,-2.63,-1.15));
#7063=CARTESIAN_POINT('',(3.46,-2.63,-1.15));
#7064=CARTESIAN_POINT('',(3.46,-1.43,-1.15));
#7065=CARTESIAN_POINT('',(3.46,-1.43,-1.15));
#7066=CARTESIAN_POINT('',(3.46,-1.43,-3.65));
#7067=CARTESIAN_POINT('',(3.46,-1.43,-3.65));
#7068=CARTESIAN_POINT('',(3.46,-2.73,-3.65));
#7069=CARTESIAN_POINT('',(3.46,-0.58,-3.75));
#7070=CARTESIAN_POINT('',(3.46,-0.58,-3.75));
#7071=CARTESIAN_POINT('',(3.46,-0.58,-2.95));
#7072=CARTESIAN_POINT('',(3.46,-0.58,-2.95));
#7073=CARTESIAN_POINT('',(3.46,0.969999999999999,-2.95));
#7074=CARTESIAN_POINT('',(3.46,0.969999999999999,-2.95));
#7075=CARTESIAN_POINT('',(3.46,0.969999999999999,-2.95));
#7076=CARTESIAN_POINT('',(3.46,0.969999999999999,-3.75));
#7077=CARTESIAN_POINT('',(3.46,2.73,-3.75));
#7078=CARTESIAN_POINT('',(3.46,2.87,-3.95));
#7079=CARTESIAN_POINT('',(3.46,2.87,-3.95));
#7080=CARTESIAN_POINT('',(3.46,2.87,-3.65));
#7081=CARTESIAN_POINT('',(3.46,2.87,-3.65));
#7082=CARTESIAN_POINT('',(3.46,1.57,-3.65));
#7083=CARTESIAN_POINT('',(3.46,1.57,-3.65));
#7084=CARTESIAN_POINT('',(3.46,1.57,-1.15));
#7085=CARTESIAN_POINT('',(3.46,2.93,-2.15));
#7086=CARTESIAN_POINT('',(4.85,-1.73,-3.95));
#7087=CARTESIAN_POINT('',(4.305,-1.73,-4.495));
#7088=CARTESIAN_POINT('',(4.06,-1.73,-4.25));
#7089=CARTESIAN_POINT('',(3.86,-1.73,-4.25));
#7090=CARTESIAN_POINT('',(4.85,-1.73,-4.25));
#7091=CARTESIAN_POINT('',(4.85,-1.73,-3.95));
#7092=CARTESIAN_POINT('',(4.85,3.43,-4.95));
#7093=CARTESIAN_POINT('',(-3.15,3.13,-4.95));
#7094=CARTESIAN_POINT('',(-3.15,3.13,-4.95));
#7095=CARTESIAN_POINT('',(-2.12,3.13,-4.95));
#7096=CARTESIAN_POINT('',(-2.12,2.73,-4.95));
#7097=CARTESIAN_POINT('',(-2.12,2.73,-4.95));
#7098=CARTESIAN_POINT('',(-4.85,2.73,-4.95));
#7099=CARTESIAN_POINT('',(-4.85,2.73,-4.95));
#7100=CARTESIAN_POINT('',(-4.85,3.43,-4.95));
#7101=CARTESIAN_POINT('',(-4.85,3.93,-4.95));
#7102=CARTESIAN_POINT('',(-4.85,3.93,-4.95));
#7103=CARTESIAN_POINT('',(-3.95,3.93,-4.95));
#7104=CARTESIAN_POINT('',(-3.95,3.93,-4.95));
#7105=CARTESIAN_POINT('',(-3.95,3.43,-4.95));
#7106=CARTESIAN_POINT('',(4.85,3.43,-4.95));
#7107=CARTESIAN_POINT('',(-3.15,3.43,-4.95));
#7108=CARTESIAN_POINT('',(-3.15,3.13,-4.95));
#7109=CARTESIAN_POINT('',(4.85,3.43,4.95));
#7110=CARTESIAN_POINT('',(3.86,3.43,-2.35));
#7111=CARTESIAN_POINT('',(3.26,3.43,-2.35));
#7112=CARTESIAN_POINT('',(4.06,3.43,-2.35));
#7113=CARTESIAN_POINT('',(4.06,3.43,4.95));
#7114=CARTESIAN_POINT('',(4.06,3.43,4.95));
#7115=CARTESIAN_POINT('',(4.85,3.43,4.95));
#7116=CARTESIAN_POINT('',(4.85,3.43,4.95));
#7117=CARTESIAN_POINT('',(4.85,3.43,4.95));
#7118=CARTESIAN_POINT('',(4.85,3.43,-3.05));
#7119=CARTESIAN_POINT('',(4.85,3.43,-3.05));
#7120=CARTESIAN_POINT('',(3.95,3.43,-3.05));
#7121=CARTESIAN_POINT('',(3.95,3.43,-3.05));
#7122=CARTESIAN_POINT('',(3.15,3.43,-4.95));
#7123=CARTESIAN_POINT('',(3.15,3.43,-3.05));
#7124=CARTESIAN_POINT('',(3.15,3.43,-3.05));
#7125=CARTESIAN_POINT('',(1.45,3.43,-3.05));
#7126=CARTESIAN_POINT('',(1.45,3.43,-3.05));
#7127=CARTESIAN_POINT('',(1.45,3.43,3.95));
#7128=CARTESIAN_POINT('',(1.45,3.43,3.95));
#7129=CARTESIAN_POINT('',(0.449999999999999,3.43,3.95));
#7130=CARTESIAN_POINT('',(0.449999999999999,3.43,3.95));
#7131=CARTESIAN_POINT('',(0.449999999999999,3.43,-3.05));
#7132=CARTESIAN_POINT('',(3.15,3.43,-3.05));
#7133=CARTESIAN_POINT('',(-0.449999999999999,3.43,-3.05));
#7134=CARTESIAN_POINT('',(-0.449999999999999,3.43,-3.05));
#7135=CARTESIAN_POINT('',(-0.449999999999999,3.43,3.95));
#7136=CARTESIAN_POINT('',(-0.449999999999999,3.43,3.95));
#7137=CARTESIAN_POINT('',(-1.45,3.43,3.95));
#7138=CARTESIAN_POINT('',(-1.45,3.43,3.95));
#7139=CARTESIAN_POINT('',(-1.45,3.43,-3.05));
#7140=CARTESIAN_POINT('',(3.15,3.43,-3.05));
#7141=CARTESIAN_POINT('',(-3.15,3.43,-3.05));
#7142=CARTESIAN_POINT('',(-3.15,3.43,-3.05));
#7143=CARTESIAN_POINT('',(-3.95,3.43,-4.95));
#7144=CARTESIAN_POINT('',(-3.95,3.43,-3.05));
#7145=CARTESIAN_POINT('',(-3.95,3.43,-3.05));
#7146=CARTESIAN_POINT('',(-4.85,3.43,-3.05));
#7147=CARTESIAN_POINT('',(-4.85,3.43,4.95));
#7148=CARTESIAN_POINT('',(-4.85,3.43,4.95));
#7149=CARTESIAN_POINT('',(4.85,3.43,4.95));
#7150=CARTESIAN_POINT('',(-4.06,3.43,4.95));
#7151=CARTESIAN_POINT('',(-4.06,3.43,-2.15));
#7152=CARTESIAN_POINT('',(-4.06,3.43,-2.35));
#7153=CARTESIAN_POINT('',(-3.46,3.43,-2.35));
#7154=CARTESIAN_POINT('',(-3.26,3.43,-2.35));
#7155=CARTESIAN_POINT('',(-3.26,3.43,4.95));
#7156=CARTESIAN_POINT('',(-3.26,3.43,4.95));
#7157=CARTESIAN_POINT('',(4.85,3.43,4.95));
#7158=CARTESIAN_POINT('',(3.26,3.43,4.95));
#7159=CARTESIAN_POINT('',(3.26,3.43,-2.15));
#7160=CARTESIAN_POINT('',(4.85,-3.43,4.95));
#7161=CARTESIAN_POINT('',(2.8,-0.200000000000001,4.95));
#7162=CARTESIAN_POINT('',(2.8,-0.200000000000001,4.95));
#7163=CARTESIAN_POINT('',(0.899999999999998,-0.200000000000001,4.95));
#7164=CARTESIAN_POINT('',(2.8,-2.8,4.95));
#7165=CARTESIAN_POINT('',(2.8,-2.8,4.95));
#7166=CARTESIAN_POINT('',(0.199999999999999,-2.8,4.95));
#7167=CARTESIAN_POINT('',(0.199999999999999,-2.8,4.95));
#7168=CARTESIAN_POINT('',(0.199999999999997,-0.200000000000001,4.95));
#7169=CARTESIAN_POINT('',(0.199999999999998,-0.9,4.95));
#7170=CARTESIAN_POINT('',(0.199999999999998,-0.9,4.95));
#7171=CARTESIAN_POINT('',(0.200000000000001,2.8,4.95));
#7172=CARTESIAN_POINT('',(0.200000000000001,2.8,4.95));
#7173=CARTESIAN_POINT('',(0.2,0.200000000000001,4.95));
#7174=CARTESIAN_POINT('',(2.8,2.8,4.95));
#7175=CARTESIAN_POINT('',(2.1,2.8,4.95));
#7176=CARTESIAN_POINT('',(2.1,2.8,4.95));
#7177=CARTESIAN_POINT('',(2.8,2.1,4.95));
#7178=CARTESIAN_POINT('',(2.8,0.200000000000001,4.95));
#7179=CARTESIAN_POINT('',(2.8,0.200000000000001,4.95));
#7180=CARTESIAN_POINT('',(0.2,0.200000000000001,4.95));
#7181=CARTESIAN_POINT('',(-0.199999999999999,-0.200000000000001,4.95));
#7182=CARTESIAN_POINT('',(-0.899999999999999,-0.200000000000001,4.95));
#7183=CARTESIAN_POINT('',(-2.8,-0.200000000000001,4.95));
#7184=CARTESIAN_POINT('',(-0.899999999999999,-0.200000000000001,4.95));
#7185=CARTESIAN_POINT('',(-0.199999999999999,-0.900000000000001,4.95));
#7186=CARTESIAN_POINT('',(-0.199999999999999,-2.8,4.95));
#7187=CARTESIAN_POINT('',(-0.199999999999999,-2.8,4.95));
#7188=CARTESIAN_POINT('',(-2.8,-2.8,4.95));
#7189=CARTESIAN_POINT('',(-2.8,-2.8,4.95));
#7190=CARTESIAN_POINT('',(-2.8,-0.200000000000001,4.95));
#7191=CARTESIAN_POINT('',(-2.8,2.8,4.95));
#7192=CARTESIAN_POINT('',(-2.8,2.1,4.95));
#7193=CARTESIAN_POINT('',(-2.8,0.200000000000001,4.95));
#7194=CARTESIAN_POINT('',(-2.8,2.1,4.95));
#7195=CARTESIAN_POINT('',(-2.1,2.8,4.95));
#7196=CARTESIAN_POINT('',(-0.2,2.8,4.95));
#7197=CARTESIAN_POINT('',(-0.199999999999999,2.8,4.95));
#7198=CARTESIAN_POINT('',(-0.199999999999999,0.200000000000001,4.95));
#7199=CARTESIAN_POINT('',(-0.199999999999999,0.200000000000001,4.95));
#7200=CARTESIAN_POINT('',(-2.8,0.200000000000001,4.95));
#7201=CARTESIAN_POINT('',(-3.46,-2.63,4.95));
#7202=CARTESIAN_POINT('',(-3.46,-0.880000000000001,4.95));
#7203=CARTESIAN_POINT('',(1.025,0.395000000000007,4.95));
#7204=CARTESIAN_POINT('',(3.46,1.02,4.95));
#7205=CARTESIAN_POINT('',(7.485,-0.795,4.95));
#7206=CARTESIAN_POINT('',(-2.63500000000001,4.05499999999999,4.95));
#7207=CARTESIAN_POINT('',(-3.46,1.02,4.95));
#7208=CARTESIAN_POINT('',(3.82500000000003,-4.45499999999998,4.95));
#7209=CARTESIAN_POINT('',(-4.85,-3.43,4.95));
#7210=CARTESIAN_POINT('',(4.85,-3.43,4.95));
#7211=CARTESIAN_POINT('',(3.46,-0.880000000000001,4.95));
#7212=CARTESIAN_POINT('',(3.46,-2.63,4.95));
#7213=CARTESIAN_POINT('',(4.85,0.,0.));
#7214=CARTESIAN_POINT('',(4.85,-1.73,-4.25));
#7215=CARTESIAN_POINT('',(4.85,3.93,-4.95));
#7216=CARTESIAN_POINT('',(4.85,3.93,-3.05));
#7217=CARTESIAN_POINT('',(4.85,3.93,-3.05));
#7218=CARTESIAN_POINT('',(-4.85,0.,0.));
#7219=CARTESIAN_POINT('',(-4.85,2.73,-3.95));
#7220=CARTESIAN_POINT('',(-4.85,2.73,-4.25));
#7221=CARTESIAN_POINT('',(-4.85,2.73,-4.25));
#7222=CARTESIAN_POINT('',(-4.85,3.93,-3.05));
#7223=CARTESIAN_POINT('',(-4.85,3.93,-3.05));
#7224=CARTESIAN_POINT('',(-4.85,3.93,-3.05));
#7225=CARTESIAN_POINT('',(1.45,3.93,-3.05));
#7226=CARTESIAN_POINT('',(1.45,3.93,-3.05));
#7227=CARTESIAN_POINT('',(1.45,3.93,-3.05));
#7228=CARTESIAN_POINT('',(1.45,3.93,-3.05));
#7229=CARTESIAN_POINT('',(1.45,3.93,3.95));
#7230=CARTESIAN_POINT('',(1.45,3.93,3.95));
#7231=CARTESIAN_POINT('',(0.449999999999999,3.93,3.95));
#7232=CARTESIAN_POINT('',(0.449999999999999,3.93,3.95));
#7233=CARTESIAN_POINT('',(0.449999999999999,7.13,-0.570000000000002));
#7234=CARTESIAN_POINT('',(0.449999999999999,7.13,0.103049516849969));
#7235=CARTESIAN_POINT('',(0.449999999999999,7.13,0.596950483150027));
#7236=CARTESIAN_POINT('',(0.449999999999999,6.85,0.103049516849969));
#7237=CARTESIAN_POINT('',(0.449999999999999,6.97521980673999,-0.147390096630008));
#7238=CARTESIAN_POINT('',(0.449999999999999,6.178,-0.546000000000002));
#7239=CARTESIAN_POINT('',(0.449999999999999,6.13,-0.570000000000002));
#7240=CARTESIAN_POINT('',(0.449999999999999,5.73,-0.570000000000002));
#7241=CARTESIAN_POINT('',(0.449999999999999,3.93,-0.570000000000002));
#7242=CARTESIAN_POINT('',(0.449999999999999,3.93,3.95));
#7243=CARTESIAN_POINT('',(0.449999999999999,3.93,-3.05));
#7244=CARTESIAN_POINT('',(0.449999999999999,3.93,-3.05));
#7245=CARTESIAN_POINT('',(0.449999999999999,5.73,1.27));
#7246=CARTESIAN_POINT('',(0.449999999999999,6.13,1.27));
#7247=CARTESIAN_POINT('',(0.449999999999999,3.298,2.686));
#7248=CARTESIAN_POINT('',(0.449999999999999,6.97521980673999,0.847390096630003));
#7249=CARTESIAN_POINT('',(0.449999999999999,6.85,0.596950483150027));
#7250=CARTESIAN_POINT('',(0.449999999999999,3.93,-3.05));
#7251=CARTESIAN_POINT('',(3.15,3.13,-3.05));
#7252=CARTESIAN_POINT('',(3.15,3.13,-3.05));
#7253=CARTESIAN_POINT('',(3.15,3.13,-3.05));
#7254=CARTESIAN_POINT('',(-3.15,3.13,-3.05));
#7255=CARTESIAN_POINT('',(-3.15,3.13,-3.05));
#7256=CARTESIAN_POINT('',(-1.45,3.93,-3.05));
#7257=CARTESIAN_POINT('',(-1.45,3.93,-3.05));
#7258=CARTESIAN_POINT('',(-1.45,3.93,-3.05));
#7259=CARTESIAN_POINT('',(-0.449999999999999,3.93,-3.05));
#7260=CARTESIAN_POINT('',(-0.449999999999999,3.93,-3.05));
#7261=CARTESIAN_POINT('',(0.449999999999999,3.93,-3.05));
#7262=CARTESIAN_POINT('',(0.,3.93,0.));
#7263=CARTESIAN_POINT('',(0.449999999999999,3.93,-0.570000000000002));
#7264=CARTESIAN_POINT('',(0.76422618401604,3.93,-0.570000000000002));
#7265=CARTESIAN_POINT('',(0.49,3.93,0.349999999999998));
#7266=CARTESIAN_POINT('',(4.85,3.93,-3.05));
#7267=CARTESIAN_POINT('',(4.85,3.93,-3.05));
#7268=CARTESIAN_POINT('',(3.95,3.93,-3.05));
#7269=CARTESIAN_POINT('',(3.95,3.93,-3.05));
#7270=CARTESIAN_POINT('',(3.95,3.93,-3.05));
#7271=CARTESIAN_POINT('',(3.95,3.93,-3.05));
#7272=CARTESIAN_POINT('',(0.,3.93,0.));
#7273=CARTESIAN_POINT('',(3.46,1.57,-1.15));
#7274=CARTESIAN_POINT('',(3.46,1.57,-3.65));
#7275=CARTESIAN_POINT('',(3.46,1.57,-3.65));
#7276=CARTESIAN_POINT('',(3.46,2.87,-3.65));
#7277=CARTESIAN_POINT('',(3.46,2.87,-3.65));
#7278=CARTESIAN_POINT('',(3.46,2.87,-3.95));
#7279=CARTESIAN_POINT('',(3.46,2.87,-3.95));
#7280=CARTESIAN_POINT('',(3.46,-2.73,-3.95));
#7281=CARTESIAN_POINT('',(-2.12,-2.73,-4.65));
#7282=CARTESIAN_POINT('',(-3.46,-2.73,-3.65));
#7283=CARTESIAN_POINT('',(-3.26,-2.73,-3.95));
#7284=CARTESIAN_POINT('',(3.46,-2.73,-3.65));
#7285=CARTESIAN_POINT('',(3.46,-1.43,-3.65));
#7286=CARTESIAN_POINT('',(3.46,-1.43,-3.65));
#7287=CARTESIAN_POINT('',(3.46,-1.43,-1.15));
#7288=CARTESIAN_POINT('',(3.46,-1.43,-1.15));
#7289=CARTESIAN_POINT('',(3.46,-2.63,-1.15));
#7290=CARTESIAN_POINT('',(3.46,-2.63,-1.15));
#7291=CARTESIAN_POINT('',(3.46,-0.880000000000001,4.95));
#7292=CARTESIAN_POINT('',(3.46,-0.880000000000001,1.95));
#7293=CARTESIAN_POINT('',(3.46,-0.880000000000001,1.95));
#7294=CARTESIAN_POINT('',(3.46,1.02,1.95));
#7295=CARTESIAN_POINT('',(3.46,1.02,1.95));
#7296=CARTESIAN_POINT('',(-4.85,2.73,-3.95));
#7297=CARTESIAN_POINT('',(-2.12,2.73,-4.65));
#7298=CARTESIAN_POINT('',(-1.82,2.73,-4.65));
#7299=CARTESIAN_POINT('',(-1.82,2.73,-3.95));
#7300=CARTESIAN_POINT('',(-4.055,2.73,-3.155));
#7301=CARTESIAN_POINT('',(-4.85,2.73,-3.95));
#7302=CARTESIAN_POINT('',(-4.305,2.73,-4.495));
#7303=CARTESIAN_POINT('',(-4.06,2.73,-4.25));
#7304=CARTESIAN_POINT('',(-3.86,2.73,-4.25));
#7305=CARTESIAN_POINT('',(3.15,3.13,-4.95));
#7306=CARTESIAN_POINT('',(3.15,3.13,-4.95));
#7307=CARTESIAN_POINT('',(-3.15,3.13,-3.05));
#7308=CARTESIAN_POINT('',(-3.15,3.13,-3.05));
#7309=CARTESIAN_POINT('',(0.,3.13,0.));
#7310=CARTESIAN_POINT('',(1.18,3.13,-3.63));
#7311=CARTESIAN_POINT('',(1.18,3.13,-3.63));
#7312=CARTESIAN_POINT('',(1.18,3.13,-4.65));
#7313=CARTESIAN_POINT('',(0.880000000000001,3.13,-4.65));
#7314=CARTESIAN_POINT('',(-0.880000000000001,3.13,-4.65));
#7315=CARTESIAN_POINT('',(-1.18,3.13,-4.65));
#7316=CARTESIAN_POINT('',(-1.18,3.13,-3.63));
#7317=CARTESIAN_POINT('',(-1.18,3.13,-3.63));
#7318=CARTESIAN_POINT('',(-1.82,3.13,-3.63));
#7319=CARTESIAN_POINT('',(-1.82,3.13,-3.63));
#7320=CARTESIAN_POINT('',(-1.82,3.13,-3.63));
#7321=CARTESIAN_POINT('',(-1.82,3.13,-4.65));
#7322=CARTESIAN_POINT('',(-2.12,3.13,-4.65));
#7323=CARTESIAN_POINT('',(2.12,3.13,-4.65));
#7324=CARTESIAN_POINT('',(1.82,3.13,-4.65));
#7325=CARTESIAN_POINT('',(1.82,3.13,-3.63));
#7326=CARTESIAN_POINT('',(1.82,3.13,-3.63));
#7327=CARTESIAN_POINT('',(1.18,3.13,-3.63));
#7328=CARTESIAN_POINT('',(0.,0.,-4.25));
#7329=CARTESIAN_POINT('',(4.06,-0.529999999999999,-4.25));
#7330=CARTESIAN_POINT('',(4.06,-0.529999999999999,-4.25));
#7331=CARTESIAN_POINT('',(3.86,-0.529999999999999,-4.25));
#7332=CARTESIAN_POINT('',(4.15,-0.529999999999999,-4.25));
#7333=CARTESIAN_POINT('',(4.15,-0.529999999999999,-4.25));
#7334=CARTESIAN_POINT('',(4.15,1.47,-4.25));
#7335=CARTESIAN_POINT('',(4.15,1.47,-4.25));
#7336=CARTESIAN_POINT('',(4.06,1.47,-4.25));
#7337=CARTESIAN_POINT('',(4.06,2.73,-4.25));
#7338=CARTESIAN_POINT('',(3.46,0.969999999999999,-2.95));
#7339=CARTESIAN_POINT('',(3.86,0.969999999999999,-3.35));
#7340=CARTESIAN_POINT('',(3.46,0.969999999999999,-2.95));
#7341=CARTESIAN_POINT('',(2.45,0.969999999999999,-2.95));
#7342=CARTESIAN_POINT('',(2.45,0.969999999999999,-2.95));
#7343=CARTESIAN_POINT('',(2.45,0.969999999999999,-2.95));
#7344=CARTESIAN_POINT('',(2.45,-0.305000000000002,-4.75));
#7345=CARTESIAN_POINT('',(2.45,-0.305000000000002,-4.75));
#7346=CARTESIAN_POINT('',(2.45,-0.305000000000002,-4.75));
#7347=CARTESIAN_POINT('',(2.45,0.305000000000002,-4.75));
#7348=CARTESIAN_POINT('',(2.45,0.305000000000002,-4.75));
#7349=CARTESIAN_POINT('',(2.45,0.969999999999999,-2.95));
#7350=CARTESIAN_POINT('',(2.45,-0.58,-2.95));
#7351=CARTESIAN_POINT('',(2.45,-0.58,-2.95));
#7352=CARTESIAN_POINT('',(2.45,-0.58,-2.95));
#7353=CARTESIAN_POINT('',(3.355,-0.58,-3.855));
#7354=CARTESIAN_POINT('',(2.45,-0.58,-2.95));
#7355=CARTESIAN_POINT('',(0.,0.,-2.95));
#7356=CARTESIAN_POINT('',(3.86,-0.529999999999999,-4.25));
#7357=CARTESIAN_POINT('',(3.86,-0.529999999999999,-4.05));
#7358=CARTESIAN_POINT('',(3.86,-0.529999999999999,-2.95));
#7359=CARTESIAN_POINT('',(4.15,-0.529999999999999,-2.95));
#7360=CARTESIAN_POINT('',(4.15,-0.529999999999999,-4.25));
#7361=CARTESIAN_POINT('',(4.15,-0.529999999999999,-4.25));
#7362=CARTESIAN_POINT('',(4.15,-0.529999999999999,-2.95));
#7363=CARTESIAN_POINT('',(4.15,1.47,-2.95));
#7364=CARTESIAN_POINT('',(4.15,1.47,-4.25));
#7365=CARTESIAN_POINT('',(4.15,1.47,-4.25));
#7366=CARTESIAN_POINT('',(3.86,1.47,-4.05));
#7367=CARTESIAN_POINT('',(4.15,1.47,-2.95));
#7368=CARTESIAN_POINT('',(0.,0.,-2.95));
#7369=CARTESIAN_POINT('',(3.26,0.,-3.95));
#7370=CARTESIAN_POINT('',(3.26,0.,-3.95));
#7371=CARTESIAN_POINT('',(3.86,0.,-4.05));
#7372=CARTESIAN_POINT('',(3.86,0.,-4.05));
#7373=CARTESIAN_POINT('',(3.86,2.93,-2.15));
#7374=CARTESIAN_POINT('',(3.46,3.23,-2.15));
#7375=CARTESIAN_POINT('',(3.86,2.93,-2.15));
#7376=CARTESIAN_POINT('',(0.,2.93,0.));
#7377=CARTESIAN_POINT('',(0.449999999999999,5.73,1.27));
#7378=CARTESIAN_POINT('',(1.21,7.13,1.27));
#7379=CARTESIAN_POINT('',(1.21,6.13,1.27));
#7380=CARTESIAN_POINT('',(1.21,5.73,1.27));
#7381=CARTESIAN_POINT('',(0.449999999999999,6.13,1.27));
#7382=CARTESIAN_POINT('',(0.76422618401604,5.73,1.27));
#7383=CARTESIAN_POINT('',(0.76422618401604,5.73,1.27));
#7384=CARTESIAN_POINT('',(0.449999999999999,5.73,1.27));
#7385=CARTESIAN_POINT('',(0.449999999999999,5.73,-0.570000000000002));
#7386=CARTESIAN_POINT('',(0.449999999999999,6.13,-0.570000000000002));
#7387=CARTESIAN_POINT('',(1.21,6.13,-0.57));
#7388=CARTESIAN_POINT('',(1.21,7.13,-0.57));
#7389=CARTESIAN_POINT('',(1.21,5.73,-0.57));
#7390=CARTESIAN_POINT('',(1.21,5.73,-0.57));
#7391=CARTESIAN_POINT('',(0.764226184016044,5.73,-0.570000000000001));
#7392=CARTESIAN_POINT('',(0.76422618401604,5.73,-0.570000000000002));
#7393=CARTESIAN_POINT('',(0.49,5.73,0.349999999999998));
#7394=CARTESIAN_POINT('',(0.49,5.73,0.349999999999998));
#7395=CARTESIAN_POINT('',(0.352000000000002,7.13,0.349999999999998));
#7396=CARTESIAN_POINT('',(0.352000000000002,6.13,0.349999999999998));
#7397=CARTESIAN_POINT('',(0.352000000000002,5.73,0.349999999999998));
#7398=CARTESIAN_POINT('',(0.352000000000002,7.13,0.349999999999998));
#7399=CARTESIAN_POINT('',(0.352000000000002,7.13,0.596950483150027));
#7400=CARTESIAN_POINT('',(0.835457990477881,7.13,0.596950483150027));
#7401=CARTESIAN_POINT('',(0.352000000000002,7.13,0.349999999999998));
#7402=CARTESIAN_POINT('',(0.835457990477881,7.13,0.103049516849969));
#7403=CARTESIAN_POINT('',(0.352000000000002,7.13,0.103049516849969));
#7404=CARTESIAN_POINT('',(0.352000000000002,5.73,0.349999999999998));
#7405=CARTESIAN_POINT('',(0.352000000000002,7.13,-0.0700000000000021));
#7406=CARTESIAN_POINT('',(0.352000000000002,6.97521980673999,-0.147390096630008));
#7407=CARTESIAN_POINT('',(0.856705013104114,6.97521980673999,-0.147390096630008));
#7408=CARTESIAN_POINT('',(0.856705013104114,6.97521980673999,-0.147390096630008));
#7409=CARTESIAN_POINT('',(0.974928675056535,6.69363324618541,-0.288183376907298));
#7410=CARTESIAN_POINT('',(1.0925050410982,6.41183023410096,-0.429084882949524));
#7411=CARTESIAN_POINT('',(1.21000000000017,6.13000000000006,-0.569999999999973));
#7412=CARTESIAN_POINT('',(0.352000000000002,7.13,0.769999999999998));
#7413=CARTESIAN_POINT('',(1.21,6.13,1.27));
#7414=CARTESIAN_POINT('',(1.09250504109803,6.4118302341009,1.12908488294955));
#7415=CARTESIAN_POINT('',(0.974928675056623,6.69363324618544,0.988183376907279));
#7416=CARTESIAN_POINT('',(0.8567050131042,6.97521980674002,0.847390096629989));
#7417=CARTESIAN_POINT('',(0.856705013104114,6.97521980673999,0.847390096630004));
#7418=CARTESIAN_POINT('',(0.352000000000002,6.97521980673999,0.847390096630004));
#7419=CARTESIAN_POINT('',(0.352000000000002,6.85,0.596950483150027));
#7420=CARTESIAN_POINT('',(0.856705013104114,6.97521980673999,0.847390096630004));
#7421=CARTESIAN_POINT('',(0.840820431677154,7.01305389659983,0.828473051700086));
#7422=CARTESIAN_POINT('',(0.837816643110633,7.04904875137961,0.798822161143946));
#7423=CARTESIAN_POINT('',(0.845410864143435,7.07539860207145,0.763069326705587));
#7424=CARTESIAN_POINT('',(0.845410864143435,7.07539860207145,0.763069326705587));
#7425=CARTESIAN_POINT('',(0.845410864143435,7.07539860207145,0.763069326705587));
#7426=CARTESIAN_POINT('',(0.855550879579117,7.11058165660583,0.715331146382892));
#7427=CARTESIAN_POINT('',(0.84837030504044,7.13,0.655109615419801));
#7428=CARTESIAN_POINT('',(0.835457990477881,7.13,0.596950483150027));
#7429=CARTESIAN_POINT('',(0.352000000000002,6.85,0.103049516849969));
#7430=CARTESIAN_POINT('',(0.845410864143438,7.07539860207145,-0.0630693267055882));
#7431=CARTESIAN_POINT('',(0.855550879579119,7.11058165660583,-0.015331146382894));
#7432=CARTESIAN_POINT('',(0.848370305040435,7.13,0.0448903845801949));
#7433=CARTESIAN_POINT('',(0.835457990477881,7.13,0.103049516849969));
#7434=CARTESIAN_POINT('',(0.845410864143439,7.07539860207145,-0.0630693267055894));
#7435=CARTESIAN_POINT('',(0.845410864143439,7.07539860207145,-0.0630693267055893));
#7436=CARTESIAN_POINT('',(0.837803403765169,7.0490028145054,-0.0988844906606309));
#7437=CARTESIAN_POINT('',(0.840802748948721,7.01309601353817,-0.12845199323092));
#7438=CARTESIAN_POINT('',(0.856705013104114,6.97521980673999,-0.147390096630008));
#7439=CARTESIAN_POINT('',(0.352000000000002,7.13,0.349999999999998));
#7440=CARTESIAN_POINT('',(0.352000000000002,7.07539860207145,0.349999999999998));
#7441=CARTESIAN_POINT('',(0.352000000000002,7.01,0.349999999999998));
#7442=CARTESIAN_POINT('',(-0.449999999999999,3.93,3.95));
#7443=CARTESIAN_POINT('',(-0.449999999999999,3.93,3.95));
#7444=CARTESIAN_POINT('',(-1.45,3.93,3.95));
#7445=CARTESIAN_POINT('',(-1.45,3.93,3.95));
#7446=CARTESIAN_POINT('',(-1.45,3.93,3.95));
#7447=CARTESIAN_POINT('',(-0.449999999999999,3.93,-3.05));
#7448=CARTESIAN_POINT('',(-0.449999999999999,3.378,-1.946));
#7449=CARTESIAN_POINT('',(-0.449999999999999,6.13,-0.570000000000002));
#7450=CARTESIAN_POINT('',(-0.449999999999999,6.97521980673999,-0.147390096630008));
#7451=CARTESIAN_POINT('',(-0.449999999999999,6.85,0.103049516849969));
#7452=CARTESIAN_POINT('',(-0.449999999999999,7.13,0.103049516849968));
#7453=CARTESIAN_POINT('',(-0.449999999999999,7.13,1.27));
#7454=CARTESIAN_POINT('',(-0.449999999999999,7.13,0.596950483150027));
#7455=CARTESIAN_POINT('',(-0.449999999999999,6.85,0.596950483150027));
#7456=CARTESIAN_POINT('',(-0.449999999999999,6.97521980673999,0.847390096630004));
#7457=CARTESIAN_POINT('',(-0.449999999999999,6.098,1.286));
#7458=CARTESIAN_POINT('',(-0.449999999999999,6.13,1.27));
#7459=CARTESIAN_POINT('',(-0.449999999999999,5.73,1.27));
#7460=CARTESIAN_POINT('',(-0.449999999999999,3.93,-3.05));
#7461=CARTESIAN_POINT('',(-0.449999999999999,3.93,-0.570000000000002));
#7462=CARTESIAN_POINT('',(-0.449999999999999,5.73,-0.570000000000002));
#7463=CARTESIAN_POINT('',(0.,3.93,0.));
#7464=CARTESIAN_POINT('',(-0.49,3.93,0.349999999999998));
#7465=CARTESIAN_POINT('',(-0.764226184016041,3.93,-0.570000000000002));
#7466=CARTESIAN_POINT('',(-0.76422618401604,3.93,-0.570000000000002));
#7467=CARTESIAN_POINT('',(-3.95,3.93,-3.05));
#7468=CARTESIAN_POINT('',(-3.95,3.93,-3.05));
#7469=CARTESIAN_POINT('',(-3.95,3.93,-3.05));
#7470=CARTESIAN_POINT('',(-3.95,3.93,-3.05));
#7471=CARTESIAN_POINT('',(-3.95,3.93,-4.95));
#7472=CARTESIAN_POINT('',(-3.95,3.93,-4.95));
#7473=CARTESIAN_POINT('',(0.,3.93,0.));
#7474=CARTESIAN_POINT('',(-3.46,-2.73,-3.95));
#7475=CARTESIAN_POINT('',(-3.46,2.87,-3.95));
#7476=CARTESIAN_POINT('',(-3.46,1.02,4.95));
#7477=CARTESIAN_POINT('',(-3.46,1.02,1.95));
#7478=CARTESIAN_POINT('',(-3.46,1.02,1.95));
#7479=CARTESIAN_POINT('',(-3.46,-0.880000000000001,1.95));
#7480=CARTESIAN_POINT('',(-3.46,-0.880000000000001,1.95));
#7481=CARTESIAN_POINT('',(-3.46,-2.63,4.95));
#7482=CARTESIAN_POINT('',(-3.46,-2.63,-1.15));
#7483=CARTESIAN_POINT('',(-3.46,-2.63,-1.15));
#7484=CARTESIAN_POINT('',(-3.46,-1.43,-1.15));
#7485=CARTESIAN_POINT('',(-3.46,-1.43,-1.15));
#7486=CARTESIAN_POINT('',(-3.46,-1.43,-3.65));
#7487=CARTESIAN_POINT('',(-3.46,-1.43,-3.65));
#7488=CARTESIAN_POINT('',(-3.46,2.87,-3.95));
#7489=CARTESIAN_POINT('',(-3.46,2.87,-3.65));
#7490=CARTESIAN_POINT('',(-3.46,2.87,-3.65));
#7491=CARTESIAN_POINT('',(-3.46,1.57,-3.65));
#7492=CARTESIAN_POINT('',(-3.46,1.57,-3.65));
#7493=CARTESIAN_POINT('',(0.,0.,-4.25));
#7494=CARTESIAN_POINT('',(-4.15,-0.529999999999999,-4.25));
#7495=CARTESIAN_POINT('',(-4.15,-0.529999999999999,-4.25));
#7496=CARTESIAN_POINT('',(-4.06,-0.529999999999999,-4.25));
#7497=CARTESIAN_POINT('',(-4.06,0.,-4.25));
#7498=CARTESIAN_POINT('',(-4.06,0.,-4.25));
#7499=CARTESIAN_POINT('',(-4.06,1.47,-4.25));
#7500=CARTESIAN_POINT('',(-3.86,1.47,-4.25));
#7501=CARTESIAN_POINT('',(-4.15,1.47,-4.25));
#7502=CARTESIAN_POINT('',(-4.15,1.47,-4.25));
#7503=CARTESIAN_POINT('',(-2.45,0.969999999999999,-2.95));
#7504=CARTESIAN_POINT('',(-3.355,0.969999999999999,-3.855));
#7505=CARTESIAN_POINT('',(-2.45,0.969999999999999,-2.95));
#7506=CARTESIAN_POINT('',(-2.45,0.969999999999999,-2.95));
#7507=CARTESIAN_POINT('',(-2.45,0.969999999999999,-2.95));
#7508=CARTESIAN_POINT('',(-3.46,-0.58,-2.95));
#7509=CARTESIAN_POINT('',(-3.86,-0.58,-3.35));
#7510=CARTESIAN_POINT('',(-3.46,-0.58,-2.95));
#7511=CARTESIAN_POINT('',(-2.45,-0.58,-2.95));
#7512=CARTESIAN_POINT('',(-2.45,-0.58,-2.95));
#7513=CARTESIAN_POINT('',(-2.45,-0.58,-2.95));
#7514=CARTESIAN_POINT('',(-2.45,0.305000000000002,-4.75));
#7515=CARTESIAN_POINT('',(-2.45,0.305000000000002,-4.75));
#7516=CARTESIAN_POINT('',(-2.45,0.305000000000002,-4.75));
#7517=CARTESIAN_POINT('',(-2.45,-0.305000000000002,-4.75));
#7518=CARTESIAN_POINT('',(-2.45,-0.305000000000002,-4.75));
#7519=CARTESIAN_POINT('',(-2.45,-0.58,-2.95));
#7520=CARTESIAN_POINT('',(0.,0.,-2.95));
#7521=CARTESIAN_POINT('',(-4.15,1.47,-4.25));
#7522=CARTESIAN_POINT('',(-4.15,1.47,-4.25));
#7523=CARTESIAN_POINT('',(-4.15,1.47,-2.95));
#7524=CARTESIAN_POINT('',(-4.15,1.47,-2.95));
#7525=CARTESIAN_POINT('',(-4.15,-0.529999999999999,-2.95));
#7526=CARTESIAN_POINT('',(-4.15,-0.529999999999999,-4.25));
#7527=CARTESIAN_POINT('',(-4.15,-0.529999999999999,-4.25));
#7528=CARTESIAN_POINT('',(-3.86,-0.529999999999999,-4.05));
#7529=CARTESIAN_POINT('',(-4.15,-0.529999999999999,-2.95));
#7530=CARTESIAN_POINT('',(-3.86,1.47,-4.25));
#7531=CARTESIAN_POINT('',(-3.86,1.47,-4.05));
#7532=CARTESIAN_POINT('',(-3.86,1.47,-2.95));
#7533=CARTESIAN_POINT('',(0.,0.,-2.95));
#7534=CARTESIAN_POINT('',(-3.26,0.,-3.95));
#7535=CARTESIAN_POINT('',(-3.26,0.,-3.95));
#7536=CARTESIAN_POINT('',(-3.86,-2.73000000000001,-4.05));
#7537=CARTESIAN_POINT('',(-3.86,-2.73000000000001,-4.05));
#7538=CARTESIAN_POINT('',(-3.46,2.93,-2.15));
#7539=CARTESIAN_POINT('',(-3.86,3.23,-2.15));
#7540=CARTESIAN_POINT('',(-3.46,2.93,-2.15));
#7541=CARTESIAN_POINT('',(0.,2.93,0.));
#7542=CARTESIAN_POINT('',(-0.449999999999999,5.73,1.27));
#7543=CARTESIAN_POINT('',(-0.449999999999999,6.13,1.27));
#7544=CARTESIAN_POINT('',(-1.21,6.13,1.27));
#7545=CARTESIAN_POINT('',(-1.21,7.13,1.27));
#7546=CARTESIAN_POINT('',(-1.21,5.73,1.27));
#7547=CARTESIAN_POINT('',(-1.21,5.73,1.27));
#7548=CARTESIAN_POINT('',(-0.764226184016044,5.73,1.27));
#7549=CARTESIAN_POINT('',(-0.76422618401604,5.73,1.27));
#7550=CARTESIAN_POINT('',(-0.49,5.73,0.349999999999998));
#7551=CARTESIAN_POINT('',(-0.49,5.73,0.349999999999998));
#7552=CARTESIAN_POINT('',(-0.764226184016041,5.73,-0.570000000000002));
#7553=CARTESIAN_POINT('',(-0.764226184016041,5.73,-0.570000000000002));
#7554=CARTESIAN_POINT('',(-0.76422618401604,5.73,-0.570000000000002));
#7555=CARTESIAN_POINT('',(-1.21,7.13,-0.57));
#7556=CARTESIAN_POINT('',(-1.21,6.13,-0.57));
#7557=CARTESIAN_POINT('',(-1.21,5.73,-0.57));
#7558=CARTESIAN_POINT('',(-0.76422618401604,6.13,-0.570000000000002));
#7559=CARTESIAN_POINT('',(-0.449999999999999,5.73,-0.570000000000002));
#7560=CARTESIAN_POINT('',(-0.352000000000002,7.13,0.349999999999998));
#7561=CARTESIAN_POINT('',(-0.352000000000002,6.13,0.349999999999998));
#7562=CARTESIAN_POINT('',(-0.352000000000002,5.73,0.349999999999998));
#7563=CARTESIAN_POINT('',(-0.352000000000002,7.13,0.349999999999998));
#7564=CARTESIAN_POINT('',(-0.352000000000002,7.13,0.103049516849969));
#7565=CARTESIAN_POINT('',(-0.835457990477881,7.13,0.103049516849969));
#7566=CARTESIAN_POINT('',(-0.352000000000002,7.13,0.349999999999998));
#7567=CARTESIAN_POINT('',(-0.835457990477881,7.13,0.596950483150027));
#7568=CARTESIAN_POINT('',(-0.352000000000002,7.13,0.596950483150027));
#7569=CARTESIAN_POINT('',(-0.352000000000002,5.73,0.349999999999998));
#7570=CARTESIAN_POINT('',(-0.352000000000002,7.13,-0.0700000000000021));
#7571=CARTESIAN_POINT('',(-1.21,6.13,-0.570000000000003));
#7572=CARTESIAN_POINT('',(-1.09250504109803,6.4118302341009,-0.429084882949553));
#7573=CARTESIAN_POINT('',(-0.974928675056623,6.69363324618544,-0.288183376907283));
#7574=CARTESIAN_POINT('',(-0.8567050131042,6.97521980674002,-0.147390096629994));
#7575=CARTESIAN_POINT('',(-0.856705013104114,6.97521980673999,-0.147390096630008));
#7576=CARTESIAN_POINT('',(-0.352000000000002,6.97521980673999,-0.147390096630008));
#7577=CARTESIAN_POINT('',(-0.352000000000002,7.13,0.769999999999998));
#7578=CARTESIAN_POINT('',(-0.352000000000002,6.97521980673999,0.847390096630004));
#7579=CARTESIAN_POINT('',(-0.856705013104114,6.97521980673999,0.847390096630004));
#7580=CARTESIAN_POINT('',(-0.856705013104114,6.97521980673999,0.847390096630004));
#7581=CARTESIAN_POINT('',(-0.974928675056535,6.69363324618541,0.988183376907294));
#7582=CARTESIAN_POINT('',(-1.0925050410982,6.41183023410096,1.12908488294952));
#7583=CARTESIAN_POINT('',(-1.21000000000017,6.13000000000006,1.26999999999997));
#7584=CARTESIAN_POINT('',(-0.352000000000002,6.85,0.596950483150027));
#7585=CARTESIAN_POINT('',(-0.845410864143438,7.07539860207145,0.763069326705584));
#7586=CARTESIAN_POINT('',(-0.855550879579119,7.11058165660583,0.71533114638289));
#7587=CARTESIAN_POINT('',(-0.84837030504044,7.13,0.6551096154198));
#7588=CARTESIAN_POINT('',(-0.835457990477881,7.13,0.596950483150027));
#7589=CARTESIAN_POINT('',(-0.845410864143439,7.07539860207145,0.763069326705585));
#7590=CARTESIAN_POINT('',(-0.845410864143439,7.07539860207145,0.763069326705585));
#7591=CARTESIAN_POINT('',(-0.837803403765169,7.0490028145054,0.798884490660627));
#7592=CARTESIAN_POINT('',(-0.840802748948721,7.01309601353817,0.828451993230916));
#7593=CARTESIAN_POINT('',(-0.856705013104114,6.97521980673999,0.847390096630004));
#7594=CARTESIAN_POINT('',(-0.352000000000002,6.85,0.103049516849969));
#7595=CARTESIAN_POINT('',(-0.856705013104114,6.97521980673999,-0.147390096630008));
#7596=CARTESIAN_POINT('',(-0.840820431677154,7.01305389659983,-0.12847305170009));
#7597=CARTESIAN_POINT('',(-0.837816643110633,7.04904875137961,-0.0988221611439505));
#7598=CARTESIAN_POINT('',(-0.845410864143435,7.07539860207145,-0.063069326705591));
#7599=CARTESIAN_POINT('',(-0.845410864143435,7.07539860207145,-0.063069326705591));
#7600=CARTESIAN_POINT('',(-0.845410864143435,7.07539860207145,-0.0630693267055911));
#7601=CARTESIAN_POINT('',(-0.855550879579117,7.11058165660583,-0.0153311463828965));
#7602=CARTESIAN_POINT('',(-0.848370305040439,7.13,0.0448903845801947));
#7603=CARTESIAN_POINT('',(-0.835457990477881,7.13,0.103049516849969));
#7604=CARTESIAN_POINT('',(-0.352000000000002,7.13,0.349999999999998));
#7605=CARTESIAN_POINT('',(-0.352000000000002,7.07539860207145,0.349999999999998));
#7606=CARTESIAN_POINT('',(-0.352000000000002,7.01,0.349999999999998));
#7607=CARTESIAN_POINT('',(0.7,-3.43,4.35));
#7608=CARTESIAN_POINT('',(-0.7,-3.43,4.35));
#7609=CARTESIAN_POINT('',(-0.7,-4.83,2.96651513899117));
#7610=CARTESIAN_POINT('',(0.7,-4.83,2.96651513899117));
#7611=CARTESIAN_POINT('',(0.7,-4.83,2.96651513899117));
#7612=CARTESIAN_POINT('',(0.7,-3.43,4.35));
#7613=CARTESIAN_POINT('',(0.7,-4.83,2.96651513899117));
#7614=CARTESIAN_POINT('',(-0.7,-4.83,2.96651513899117));
#7615=CARTESIAN_POINT('',(-0.7,-4.83,2.46651513899117));
#7616=CARTESIAN_POINT('',(0.7,-4.83,2.46651513899117));
#7617=CARTESIAN_POINT('',(0.7,-4.83,2.46651513899117));
#7618=CARTESIAN_POINT('',(0.7,-4.83,2.96651513899117));
#7619=CARTESIAN_POINT('',(0.7,-4.43,1.55));
#7620=CARTESIAN_POINT('',(-0.7,-4.43,1.55));
#7621=CARTESIAN_POINT('',(0.7,-4.43,1.55));
#7622=CARTESIAN_POINT('',(0.7,-4.43,1.55));
#7623=CARTESIAN_POINT('',(-0.7,-4.43,1.55));
#7624=CARTESIAN_POINT('',(3.15,-3.13,-3.05));
#7625=CARTESIAN_POINT('',(3.15,-3.13,-3.05));
#7626=CARTESIAN_POINT('',(3.15,-3.13,-3.05));
#7627=CARTESIAN_POINT('',(3.15,-3.13,-3.05));
#7628=CARTESIAN_POINT('',(-3.15,-3.13,-4.95));
#7629=CARTESIAN_POINT('',(-3.15,-3.13,-4.95));
#7630=CARTESIAN_POINT('',(-3.15,-3.13,-3.05));
#7631=CARTESIAN_POINT('',(-3.15,-3.13,-3.05));
#7632=CARTESIAN_POINT('',(-3.15,-3.13,-3.05));
#7633=CARTESIAN_POINT('',(-3.15,-3.13,-3.05));
#7634=CARTESIAN_POINT('',(0.,-3.13,0.));
#7635=CARTESIAN_POINT('',(2.12,-3.13,-4.65));
#7636=CARTESIAN_POINT('',(-2.12,-3.13,-4.65));
#7637=CARTESIAN_POINT('',(-0.880000000000001,-3.13,-4.65));
#7638=CARTESIAN_POINT('',(0.880000000000001,-3.13,-4.65));
#7639=CARTESIAN_POINT('',(-1.18,3.13,-3.63));
#7640=CARTESIAN_POINT('',(-1.18,0.305000000000002,-3.63));
#7641=CARTESIAN_POINT('',(-1.18,1.18,-19.8568730262708));
#7642=CARTESIAN_POINT('',(-1.18,1.18,-1.55));
#7643=CARTESIAN_POINT('',(-1.18,1.18,-1.55));
#7644=CARTESIAN_POINT('',(-1.18,1.82,-1.55));
#7645=CARTESIAN_POINT('',(-1.18,1.82,-19.8568730262708));
#7646=CARTESIAN_POINT('',(-1.18,1.82,-3.63));
#7647=CARTESIAN_POINT('',(-1.18,3.13,-3.63));
#7648=CARTESIAN_POINT('',(-1.18,2.73,-4.65));
#7649=CARTESIAN_POINT('',(-1.82,-3.13,-3.63));
#7650=CARTESIAN_POINT('',(-1.82,0.305000000000002,-3.63));
#7651=CARTESIAN_POINT('',(-1.82,3.13,-4.65));
#7652=CARTESIAN_POINT('',(-1.82,-3.13,-3.63));
#7653=CARTESIAN_POINT('',(-1.82,1.82,-3.63));
#7654=CARTESIAN_POINT('',(-1.82,1.82,-19.8568730262708));
#7655=CARTESIAN_POINT('',(-1.82,1.82,-1.55));
#7656=CARTESIAN_POINT('',(-1.82,1.82,-1.55));
#7657=CARTESIAN_POINT('',(-1.82,1.18,-1.55));
#7658=CARTESIAN_POINT('',(-1.82,1.18,-19.8568730262708));
#7659=CARTESIAN_POINT('',(0.,0.,-3.63));
#7660=CARTESIAN_POINT('',(0.,1.82,-3.63));
#7661=CARTESIAN_POINT('',(-0.880000000000001,3.13,-4.65));
#7662=CARTESIAN_POINT('',(-2.12,-3.13,-4.65));
#7663=CARTESIAN_POINT('',(-0.880000000000001,3.13,-4.65));
#7664=CARTESIAN_POINT('',(-2.12,-3.13,-4.65));
#7665=CARTESIAN_POINT('',(-2.8,2.8,-1.55));
#7666=CARTESIAN_POINT('',(-2.8,2.8,-1.55));
#7667=CARTESIAN_POINT('',(-2.8,2.1,-1.55));
#7668=CARTESIAN_POINT('',(-2.8,0.200000000000001,-1.55));
#7669=CARTESIAN_POINT('',(-2.8,2.1,4.95));
#7670=CARTESIAN_POINT('',(-2.8,0.200000000000001,-1.55));
#7671=CARTESIAN_POINT('',(-2.8,0.200000000000001,-1.55));
#7672=CARTESIAN_POINT('',(-0.199999999999999,0.200000000000001,-1.55));
#7673=CARTESIAN_POINT('',(-0.199999999999999,0.200000000000001,-1.55));
#7674=CARTESIAN_POINT('',(-2.8,0.200000000000001,-1.55));
#7675=CARTESIAN_POINT('',(-0.199999999999999,0.200000000000001,-1.55));
#7676=CARTESIAN_POINT('',(-0.199999999999999,2.8,-1.55));
#7677=CARTESIAN_POINT('',(-0.199999999999999,2.8,-1.55));
#7678=CARTESIAN_POINT('',(-0.199999999999999,0.200000000000001,-1.55));
#7679=CARTESIAN_POINT('',(-0.2,2.8,-1.55));
#7680=CARTESIAN_POINT('',(-2.1,2.8,-1.55));
#7681=CARTESIAN_POINT('',(-2.1,2.8,-1.55));
#7682=CARTESIAN_POINT('',(-0.2,2.8,-1.55));
#7683=CARTESIAN_POINT('',(0.,0.,-1.55));
#7684=CARTESIAN_POINT('',(-1.18,1.82,-1.55));
#7685=CARTESIAN_POINT('',(-1.82,1.18,-1.55));
#7686=CARTESIAN_POINT('',(-2.45,2.45,-1.55));
#7687=CARTESIAN_POINT('',(-1.82,1.18,-19.8568730262708));
#7688=CARTESIAN_POINT('',(-1.18,1.82,-19.8568730262708));
#7689=CARTESIAN_POINT('',(-0.199999999999999,-0.200000000000001,-1.55));
#7690=CARTESIAN_POINT('',(-0.199999999999999,-0.200000000000001,-1.55));
#7691=CARTESIAN_POINT('',(-0.899999999999999,-0.200000000000001,-1.55));
#7692=CARTESIAN_POINT('',(-2.8,-0.200000000000001,-1.55));
#7693=CARTESIAN_POINT('',(-0.899999999999999,-0.200000000000001,4.95));
#7694=CARTESIAN_POINT('',(-2.8,-0.200000000000001,-1.55));
#7695=CARTESIAN_POINT('',(-2.8,-0.200000000000001,-1.55));
#7696=CARTESIAN_POINT('',(-2.8,-2.8,-1.55));
#7697=CARTESIAN_POINT('',(-2.8,-2.8,-1.55));
#7698=CARTESIAN_POINT('',(-2.8,-0.200000000000001,-1.55));
#7699=CARTESIAN_POINT('',(-2.8,-2.8,-1.55));
#7700=CARTESIAN_POINT('',(-0.2,-2.8,-1.55));
#7701=CARTESIAN_POINT('',(-0.2,-2.8,-1.55));
#7702=CARTESIAN_POINT('',(-2.8,-2.8,-1.55));
#7703=CARTESIAN_POINT('',(-0.199999999999999,-2.8,-1.55));
#7704=CARTESIAN_POINT('',(-0.199999999999999,-0.900000000000001,-1.55));
#7705=CARTESIAN_POINT('',(-0.199999999999999,-0.900000000000001,-1.55));
#7706=CARTESIAN_POINT('',(-0.199999999999999,-2.8,-1.55));
#7707=CARTESIAN_POINT('',(0.,0.,-1.55));
#7708=CARTESIAN_POINT('',(-1.18,-1.18,-1.55));
#7709=CARTESIAN_POINT('',(-1.82,-1.82,-1.55));
#7710=CARTESIAN_POINT('',(-0.55,-0.55,-1.55));
#7711=CARTESIAN_POINT('',(-1.18,-1.18,-19.8568730262708));
#7712=CARTESIAN_POINT('',(-1.82,-1.82,-19.8568730262708));
#7713=CARTESIAN_POINT('',(1.82,3.13,-3.63));
#7714=CARTESIAN_POINT('',(1.82,0.305000000000002,-3.63));
#7715=CARTESIAN_POINT('',(1.82,1.18,-19.8568730262708));
#7716=CARTESIAN_POINT('',(1.82,1.18,-1.55));
#7717=CARTESIAN_POINT('',(1.82,1.18,-1.55));
#7718=CARTESIAN_POINT('',(1.82,1.82,-1.55));
#7719=CARTESIAN_POINT('',(1.82,1.82,-19.8568730262708));
#7720=CARTESIAN_POINT('',(1.82,1.82,-3.63));
#7721=CARTESIAN_POINT('',(1.82,3.13,-3.63));
#7722=CARTESIAN_POINT('',(1.82,2.73,-4.65));
#7723=CARTESIAN_POINT('',(1.18,-3.13,-3.63));
#7724=CARTESIAN_POINT('',(1.18,0.305000000000002,-3.63));
#7725=CARTESIAN_POINT('',(1.18,3.13,-4.65));
#7726=CARTESIAN_POINT('',(1.18,-3.13,-3.63));
#7727=CARTESIAN_POINT('',(1.18,1.82,-3.63));
#7728=CARTESIAN_POINT('',(1.18,1.82,-19.8568730262708));
#7729=CARTESIAN_POINT('',(1.18,1.82,-1.55));
#7730=CARTESIAN_POINT('',(1.18,1.82,-1.55));
#7731=CARTESIAN_POINT('',(1.18,1.18,-1.55));
#7732=CARTESIAN_POINT('',(1.18,1.18,-19.8568730262708));
#7733=CARTESIAN_POINT('',(0.,0.,-3.63));
#7734=CARTESIAN_POINT('',(0.,1.82,-3.63));
#7735=CARTESIAN_POINT('',(2.12,3.13,-4.65));
#7736=CARTESIAN_POINT('',(0.880000000000001,-3.13,-4.65));
#7737=CARTESIAN_POINT('',(2.12,3.13,-4.65));
#7738=CARTESIAN_POINT('',(0.880000000000001,-3.13,-4.65));
#7739=CARTESIAN_POINT('',(0.200000000000001,2.8,-1.55));
#7740=CARTESIAN_POINT('',(0.2,0.200000000000001,-1.55));
#7741=CARTESIAN_POINT('',(0.2,0.200000000000001,-1.55));
#7742=CARTESIAN_POINT('',(0.200000000000001,2.8,-1.55));
#7743=CARTESIAN_POINT('',(0.200000000000001,2.8,-1.55));
#7744=CARTESIAN_POINT('',(0.200000000000001,2.8,-1.55));
#7745=CARTESIAN_POINT('',(0.2,0.200000000000001,-1.55));
#7746=CARTESIAN_POINT('',(2.8,0.200000000000001,-1.55));
#7747=CARTESIAN_POINT('',(2.8,0.200000000000001,-1.55));
#7748=CARTESIAN_POINT('',(0.2,0.200000000000001,-1.55));
#7749=CARTESIAN_POINT('',(2.8,0.200000000000001,-1.55));
#7750=CARTESIAN_POINT('',(2.8,2.1,-1.55));
#7751=CARTESIAN_POINT('',(2.8,2.1,-1.55));
#7752=CARTESIAN_POINT('',(2.8,0.200000000000001,-1.55));
#7753=CARTESIAN_POINT('',(2.8,2.8,-1.55));
#7754=CARTESIAN_POINT('',(2.8,2.8,-1.55));
#7755=CARTESIAN_POINT('',(2.1,2.8,-1.55));
#7756=CARTESIAN_POINT('',(2.1,2.8,4.95));
#7757=CARTESIAN_POINT('',(0.,0.,-1.55));
#7758=CARTESIAN_POINT('',(1.82,1.82,-1.55));
#7759=CARTESIAN_POINT('',(1.18,1.18,-1.55));
#7760=CARTESIAN_POINT('',(2.45,2.45,-1.55));
#7761=CARTESIAN_POINT('',(1.18,1.18,-19.8568730262708));
#7762=CARTESIAN_POINT('',(1.82,1.82,-19.8568730262708));
#7763=CARTESIAN_POINT('',(2.8,-0.200000000000001,-1.55));
#7764=CARTESIAN_POINT('',(0.899999999999998,-0.200000000000001,-1.55));
#7765=CARTESIAN_POINT('',(0.899999999999998,-0.200000000000001,-1.55));
#7766=CARTESIAN_POINT('',(2.8,-0.200000000000001,-1.55));
#7767=CARTESIAN_POINT('',(2.8,-0.200000000000001,-1.55));
#7768=CARTESIAN_POINT('',(2.8,-0.200000000000001,-1.55));
#7769=CARTESIAN_POINT('',(0.199999999999997,-0.200000000000001,-1.55));
#7770=CARTESIAN_POINT('',(0.199999999999997,-0.200000000000001,-1.55));
#7771=CARTESIAN_POINT('',(0.199999999999998,-0.9,-1.55));
#7772=CARTESIAN_POINT('',(0.199999999999999,-2.8,-1.55));
#7773=CARTESIAN_POINT('',(0.199999999999998,-0.9,4.95));
#7774=CARTESIAN_POINT('',(0.199999999999999,-2.8,-1.55));
#7775=CARTESIAN_POINT('',(0.199999999999999,-2.8,-1.55));
#7776=CARTESIAN_POINT('',(2.8,-2.8,-1.55));
#7777=CARTESIAN_POINT('',(2.8,-2.8,-1.55));
#7778=CARTESIAN_POINT('',(0.199999999999999,-2.8,-1.55));
#7779=CARTESIAN_POINT('',(2.8,-2.8,-1.55));
#7780=CARTESIAN_POINT('',(2.8,-2.8,-1.55));
#7781=CARTESIAN_POINT('',(0.,0.,-1.55));
#7782=CARTESIAN_POINT('',(1.82,-1.18,-1.55));
#7783=CARTESIAN_POINT('',(1.18,-1.82,-1.55));
#7784=CARTESIAN_POINT('',(0.549999999999999,-0.549999999999999,-1.55));
#7785=CARTESIAN_POINT('',(1.82,-1.18,-19.8568730262708));
#7786=CARTESIAN_POINT('',(1.18,-1.82,-19.8568730262708));
#7787=CARTESIAN_POINT('',(-0.549999999999999,-2.73000000000001,-3.45));
#7788=CARTESIAN_POINT('',(-0.549999999999999,-0.305000000000002,-3.45));
#7789=CARTESIAN_POINT('',(-0.549999999999999,-0.305000000000002,-3.63));
#7790=CARTESIAN_POINT('',(-0.549999999999999,-2.73000000000001,-3.63));
#7791=CARTESIAN_POINT('',(-0.549999999999999,0.305000000000002,-3.63));
#7792=CARTESIAN_POINT('',(-0.549999999999999,0.305000000000002,-3.45));
#7793=CARTESIAN_POINT('',(-0.549999999999999,-2.73000000000001,-3.45));
#7794=CARTESIAN_POINT('',(0.550000000000002,2.73,-3.45));
#7795=CARTESIAN_POINT('',(0.550000000000002,2.73,-3.63));
#7796=CARTESIAN_POINT('',(0.550000000000002,0.305000000000002,-3.63));
#7797=CARTESIAN_POINT('',(0.550000000000002,-0.305000000000002,-3.63));
#7798=CARTESIAN_POINT('',(0.550000000000002,-0.305000000000002,-3.45));
#7799=CARTESIAN_POINT('',(0.550000000000002,2.73,-3.45));
#7800=CARTESIAN_POINT('',(0.550000000000002,0.305000000000002,-3.45));
#7801=CARTESIAN_POINT('',(0.,0.,-3.45));
#7802=CARTESIAN_POINT('',(0.199999999999998,-0.9,-1.55));
#7803=CARTESIAN_POINT('',(-0.899999999999999,-0.200000000000001,-1.55));
#7804=CARTESIAN_POINT('',(-2.8,2.1,-1.55));
#7805=CARTESIAN_POINT('',(2.1,2.8,-1.55));
#7806=CARTESIAN_POINT('',(-2.45,-0.305000000000002,-4.75));
#7807=CARTESIAN_POINT('',(-2.45,-0.305000000000002,-4.75));
#7808=CARTESIAN_POINT('',(-2.45,-0.305000000000002,-3.63));
#7809=CARTESIAN_POINT('',(2.45,0.305000000000002,-4.75));
#7810=CARTESIAN_POINT('',(2.45,0.305000000000002,-3.63));
#7811=CARTESIAN_POINT('',(2.45,0.305000000000002,-4.75));
#7812=CARTESIAN_POINT('',(0.,0.,-3.63));
#7813=CARTESIAN_POINT('',(0.,0.,-4.75));
#7814=CARTESIAN_POINT('',(3.26,3.43,4.95));
#7815=CARTESIAN_POINT('',(5.69333333333333,0.996666666666667,0.0833333333333415));
#7816=CARTESIAN_POINT('',(3.86,3.23,-2.15));
#7817=CARTESIAN_POINT('',(3.14333333333333,2.51333333333334,-1.43333333333333));
#7818=CARTESIAN_POINT('',(3.86,3.23,0.));
#7819=CARTESIAN_POINT('',(-3.26,3.43,4.95));
#7820=CARTESIAN_POINT('',(-3.46,3.23,-2.15));
#7821=CARTESIAN_POINT('',(-3.46,3.23,-2.15));
#7822=CARTESIAN_POINT('',(-4.46,3.83,-2.75));
#7823=CARTESIAN_POINT('',(-3.86,3.23,-3.95));
#7824=CARTESIAN_POINT('',(0.,0.,0.));
#7825=CARTESIAN_POINT('',(0.32,-2.835,2.95));
#7826=CARTESIAN_POINT('',(0.32,-3.035,2.95));
#7827=CARTESIAN_POINT('',(0.12,-3.035,2.95));
#7828=CARTESIAN_POINT('',(-0.12,-3.035,2.95));
#7829=CARTESIAN_POINT('',(-0.12,-2.835,2.95));
#7830=CARTESIAN_POINT('',(-0.12,-3.275,2.95));
#7831=CARTESIAN_POINT('',(0.32,-3.275,2.95));
#7832=CARTESIAN_POINT('',(0.12,-3.275,2.95));
#7833=CARTESIAN_POINT('',(0.12,-2.835,2.95));
#7834=CARTESIAN_POINT('',(0.32,-3.475,2.95));
#7835=CARTESIAN_POINT('',(0.32,-3.475,2.95));
#7836=CARTESIAN_POINT('',(0.32,-3.475,2.35));
#7837=CARTESIAN_POINT('',(0.32,-3.475,-2.95));
#7838=CARTESIAN_POINT('',(0.32,-3.475,2.35));
#7839=CARTESIAN_POINT('',(-0.32,-3.475,2.35));
#7840=CARTESIAN_POINT('',(-0.32,-3.475,2.95));
#7841=CARTESIAN_POINT('',(-0.32,-3.475,-2.95));
#7842=CARTESIAN_POINT('',(0.32,-3.475,-2.95));
#7843=CARTESIAN_POINT('',(0.32,-2.475,-2.95));
#7844=CARTESIAN_POINT('',(-0.32,-2.475,-2.95));
#7845=CARTESIAN_POINT('',(-0.32,-2.475,-3.95));
#7846=CARTESIAN_POINT('',(0.32,-2.475,-3.95));
#7847=CARTESIAN_POINT('',(0.32,-2.475,-3.95));
#7848=CARTESIAN_POINT('',(0.32,-2.475,-2.95));
#7849=CARTESIAN_POINT('',(0.32,-2.475,-3.95));
#7850=CARTESIAN_POINT('',(-0.32,-2.475,-3.95));
#7851=CARTESIAN_POINT('',(-0.32,1.875,-3.95));
#7852=CARTESIAN_POINT('',(0.32,1.875,-3.95));
#7853=CARTESIAN_POINT('',(0.32,1.875,-3.95));
#7854=CARTESIAN_POINT('',(0.32,-2.475,-3.95));
#7855=CARTESIAN_POINT('',(0.32,2.475,-3.31));
#7856=CARTESIAN_POINT('',(0.32,2.475,-3.75));
#7857=CARTESIAN_POINT('',(0.12,2.475,-3.75));
#7858=CARTESIAN_POINT('',(-0.12,2.475,-3.75));
#7859=CARTESIAN_POINT('',(-0.12,2.475,-3.31));
#7860=CARTESIAN_POINT('',(-0.12,2.475,-3.51));
#7861=CARTESIAN_POINT('',(0.32,2.475,-3.51));
#7862=CARTESIAN_POINT('',(0.12,2.475,-3.51));
#7863=CARTESIAN_POINT('',(0.12,2.475,-3.95));
#7864=CARTESIAN_POINT('',(0.32,-2.475,-3.31));
#7865=CARTESIAN_POINT('',(0.32,-2.475,-3.31));
#7866=CARTESIAN_POINT('',(0.32,1.875,-3.31));
#7867=CARTESIAN_POINT('',(0.32,-2.475,-3.31));
#7868=CARTESIAN_POINT('',(0.32,1.875,-3.31));
#7869=CARTESIAN_POINT('',(-0.32,1.875,-3.31));
#7870=CARTESIAN_POINT('',(-0.32,-2.475,-3.31));
#7871=CARTESIAN_POINT('',(-0.32,-2.475,-3.31));
#7872=CARTESIAN_POINT('',(0.32,-2.475,-3.31));
#7873=CARTESIAN_POINT('',(0.32,-2.475,-2.95));
#7874=CARTESIAN_POINT('',(-0.32,-2.475,-2.95));
#7875=CARTESIAN_POINT('',(-0.32,-2.835,-2.95));
#7876=CARTESIAN_POINT('',(0.32,-2.835,-2.95));
#7877=CARTESIAN_POINT('',(0.32,-2.835,-2.95));
#7878=CARTESIAN_POINT('',(0.32,-2.475,-2.95));
#7879=CARTESIAN_POINT('',(0.32,-2.835,2.95));
#7880=CARTESIAN_POINT('',(-0.32,-2.835,2.95));
#7881=CARTESIAN_POINT('',(-0.32,-2.835,2.35));
#7882=CARTESIAN_POINT('',(0.32,-2.835,2.35));
#7883=CARTESIAN_POINT('',(0.32,-2.835,2.35));
#7884=CARTESIAN_POINT('',(0.32,-2.835,2.95));
#7885=CARTESIAN_POINT('',(0.32,-2.475,-2.95));
#7886=CARTESIAN_POINT('',(0.32,-3.475,2.35));
#7887=CARTESIAN_POINT('',(0.32,1.875,-3.31));
#7888=CARTESIAN_POINT('',(-0.32,-2.475,-2.95));
#7889=CARTESIAN_POINT('',(-0.32,-2.475,2.35));
#7890=CARTESIAN_POINT('',(-0.32,1.875,-2.95));
#7891=CARTESIAN_POINT('',(0.32,-2.475,2.35));
#7892=CARTESIAN_POINT('',(0.229090909090909,-3.38409090909091,2.62272727272727));
#7893=CARTESIAN_POINT('',(0.138181818181818,-3.01681818181818,2.89545454545455));
#7894=CARTESIAN_POINT('',(0.32,-3.035,2.95));
#7895=CARTESIAN_POINT('',(-0.08,-3.075,3.07));
#7896=CARTESIAN_POINT('',(0.32,-3.475,2.35));
#7897=CARTESIAN_POINT('',(-0.261818181818182,-3.41681818181818,2.52454545454546));
#7898=CARTESIAN_POINT('',(-0.12,-2.835,2.95));
#7899=CARTESIAN_POINT('',(0.32,1.875,-2.95));
#7900=CARTESIAN_POINT('',(0.32,1.875,-3.31));
#7901=CARTESIAN_POINT('',(0.229090909090909,2.14772727272727,-3.85909090909091));
#7902=CARTESIAN_POINT('',(0.32,2.475,-3.75));
#7903=CARTESIAN_POINT('',(-0.08,2.595,-3.71));
#7904=CARTESIAN_POINT('',(0.32,1.875,-3.31));
#7905=CARTESIAN_POINT('',(-0.261818181818182,2.04954545454545,-3.36818181818182));
#7906=CARTESIAN_POINT('',(-0.12,2.475,-3.31));
#7907=CARTESIAN_POINT('',(-1.5,4.655,-0.319999999999997));
#7908=CARTESIAN_POINT('',(0.32,-4.335,4.45));
#7909=CARTESIAN_POINT('',(0.32,-4.535,4.45));
#7910=CARTESIAN_POINT('',(0.12,-4.535,4.45));
#7911=CARTESIAN_POINT('',(-0.12,-4.535,4.45));
#7912=CARTESIAN_POINT('',(-0.12,-4.335,4.45));
#7913=CARTESIAN_POINT('',(-0.12,-4.775,4.45));
#7914=CARTESIAN_POINT('',(0.32,-4.775,4.45));
#7915=CARTESIAN_POINT('',(0.12,-4.775,4.45));
#7916=CARTESIAN_POINT('',(0.12,-4.335,4.45));
#7917=CARTESIAN_POINT('',(0.32,-4.975,4.45));
#7918=CARTESIAN_POINT('',(0.32,-4.975,4.45));
#7919=CARTESIAN_POINT('',(0.32,-4.975,3.85));
#7920=CARTESIAN_POINT('',(0.32,-4.975,-4.45));
#7921=CARTESIAN_POINT('',(0.32,-4.975,3.85));
#7922=CARTESIAN_POINT('',(-0.32,-4.975,3.85));
#7923=CARTESIAN_POINT('',(-0.32,-4.975,4.45));
#7924=CARTESIAN_POINT('',(-0.32,-4.975,-4.45));
#7925=CARTESIAN_POINT('',(0.32,-4.975,-4.45));
#7926=CARTESIAN_POINT('',(0.32,-3.975,-4.45));
#7927=CARTESIAN_POINT('',(-0.32,-3.975,-4.45));
#7928=CARTESIAN_POINT('',(-0.32,-3.975,-5.45));
#7929=CARTESIAN_POINT('',(0.32,-3.975,-5.45));
#7930=CARTESIAN_POINT('',(0.32,-3.975,-5.45));
#7931=CARTESIAN_POINT('',(0.32,-3.975,-4.45));
#7932=CARTESIAN_POINT('',(0.32,-3.975,-5.45));
#7933=CARTESIAN_POINT('',(-0.32,-3.975,-5.45));
#7934=CARTESIAN_POINT('',(-0.32,3.375,-5.45));
#7935=CARTESIAN_POINT('',(0.32,3.375,-5.45));
#7936=CARTESIAN_POINT('',(0.32,3.375,-5.45));
#7937=CARTESIAN_POINT('',(0.32,-3.975,-5.45));
#7938=CARTESIAN_POINT('',(0.32,3.975,-4.81));
#7939=CARTESIAN_POINT('',(0.32,3.975,-5.25));
#7940=CARTESIAN_POINT('',(0.12,3.975,-5.25));
#7941=CARTESIAN_POINT('',(-0.12,3.975,-5.25));
#7942=CARTESIAN_POINT('',(-0.12,3.975,-4.81));
#7943=CARTESIAN_POINT('',(-0.12,3.975,-5.01));
#7944=CARTESIAN_POINT('',(0.32,3.975,-5.01));
#7945=CARTESIAN_POINT('',(0.12,3.975,-5.01));
#7946=CARTESIAN_POINT('',(0.12,3.975,-5.45));
#7947=CARTESIAN_POINT('',(0.32,-3.975,-4.81));
#7948=CARTESIAN_POINT('',(0.32,-3.975,-4.81));
#7949=CARTESIAN_POINT('',(0.32,3.375,-4.81));
#7950=CARTESIAN_POINT('',(0.32,-3.975,-4.81));
#7951=CARTESIAN_POINT('',(0.32,3.375,-4.81));
#7952=CARTESIAN_POINT('',(-0.32,3.375,-4.81));
#7953=CARTESIAN_POINT('',(-0.32,-3.975,-4.81));
#7954=CARTESIAN_POINT('',(-0.32,-3.975,-4.81));
#7955=CARTESIAN_POINT('',(0.32,-3.975,-4.81));
#7956=CARTESIAN_POINT('',(0.32,-3.975,-4.45));
#7957=CARTESIAN_POINT('',(-0.32,-3.975,-4.45));
#7958=CARTESIAN_POINT('',(-0.32,-4.335,-4.45));
#7959=CARTESIAN_POINT('',(0.32,-4.335,-4.45));
#7960=CARTESIAN_POINT('',(0.32,-4.335,-4.45));
#7961=CARTESIAN_POINT('',(0.32,-3.975,-4.45));
#7962=CARTESIAN_POINT('',(0.32,-4.335,4.45));
#7963=CARTESIAN_POINT('',(-0.32,-4.335,4.45));
#7964=CARTESIAN_POINT('',(-0.32,-4.335,3.85));
#7965=CARTESIAN_POINT('',(0.32,-4.335,3.85));
#7966=CARTESIAN_POINT('',(0.32,-4.335,3.85));
#7967=CARTESIAN_POINT('',(0.32,-4.335,4.45));
#7968=CARTESIAN_POINT('',(0.32,-3.975,-4.45));
#7969=CARTESIAN_POINT('',(0.32,-4.975,3.85));
#7970=CARTESIAN_POINT('',(0.32,3.375,-4.81));
#7971=CARTESIAN_POINT('',(-0.32,-3.975,-4.45));
#7972=CARTESIAN_POINT('',(-0.32,-3.975,3.85));
#7973=CARTESIAN_POINT('',(-0.32,3.375,-4.45));
#7974=CARTESIAN_POINT('',(0.32,-3.975,3.85));
#7975=CARTESIAN_POINT('',(0.229090909090909,-4.88409090909091,4.12272727272727));
#7976=CARTESIAN_POINT('',(0.138181818181818,-4.51681818181818,4.39545454545455));
#7977=CARTESIAN_POINT('',(0.32,-4.535,4.45));
#7978=CARTESIAN_POINT('',(-0.08,-4.575,4.57));
#7979=CARTESIAN_POINT('',(0.32,-4.975,3.85));
#7980=CARTESIAN_POINT('',(-0.261818181818182,-4.91681818181818,4.02454545454546));
#7981=CARTESIAN_POINT('',(-0.12,-4.335,4.45));
#7982=CARTESIAN_POINT('',(0.32,3.375,-4.45));
#7983=CARTESIAN_POINT('',(0.32,3.375,-4.81));
#7984=CARTESIAN_POINT('',(0.229090909090909,3.64772727272727,-5.35909090909091));
#7985=CARTESIAN_POINT('',(0.32,3.975,-5.25));
#7986=CARTESIAN_POINT('',(-0.08,4.095,-5.21));
#7987=CARTESIAN_POINT('',(0.32,3.375,-4.81));
#7988=CARTESIAN_POINT('',(-0.261818181818182,3.54954545454546,-4.86818181818182));
#7989=CARTESIAN_POINT('',(-0.12,3.975,-4.81));
#7990=CARTESIAN_POINT('',(-1.5,3.15499999999999,-1.82));
#7991=CARTESIAN_POINT('',(1.5,4.655,-0.319999999999997));
#7992=CARTESIAN_POINT('',(1.5,3.15499999999999,-1.82));
#7993=MECHANICAL_DESIGN_GEOMETRIC_PRESENTATION_REPRESENTATION('',(#4977,
#4978,#4979),#7994);
#7994=(
GEOMETRIC_REPRESENTATION_CONTEXT(3)
GLOBAL_UNCERTAINTY_ASSIGNED_CONTEXT((#7998))
GLOBAL_UNIT_ASSIGNED_CONTEXT((#8004,#8003,#8002))
REPRESENTATION_CONTEXT('6620xx21022','TOP_LEVEL_ASSEMBLY_PART')
);
#7995=(
GEOMETRIC_REPRESENTATION_CONTEXT(3)
GLOBAL_UNCERTAINTY_ASSIGNED_CONTEXT((#7999))
GLOBAL_UNIT_ASSIGNED_CONTEXT((#8004,#8003,#8002))
REPRESENTATION_CONTEXT('66200421022','COMPONENT_PART')
);
#7996=(
GEOMETRIC_REPRESENTATION_CONTEXT(3)
GLOBAL_UNCERTAINTY_ASSIGNED_CONTEXT((#8000))
GLOBAL_UNIT_ASSIGNED_CONTEXT((#8004,#8003,#8002))
REPRESENTATION_CONTEXT('6620xx21022_PIN_COURTE','COMPONENT_PART')
);
#7997=(
GEOMETRIC_REPRESENTATION_CONTEXT(3)
GLOBAL_UNCERTAINTY_ASSIGNED_CONTEXT((#8001))
GLOBAL_UNIT_ASSIGNED_CONTEXT((#8004,#8003,#8002))
REPRESENTATION_CONTEXT('6620xx21022_PIN_LONGUE','COMPONENT_PART')
);
#7998=UNCERTAINTY_MEASURE_WITH_UNIT(LENGTH_MEASURE(0.005),#8004,
'DISTANCE_ACCURACY_VALUE','Maximum Tolerance applied to model');
#7999=UNCERTAINTY_MEASURE_WITH_UNIT(LENGTH_MEASURE(0.005),#8004,
'DISTANCE_ACCURACY_VALUE','Maximum Tolerance applied to model');
#8000=UNCERTAINTY_MEASURE_WITH_UNIT(LENGTH_MEASURE(0.005),#8004,
'DISTANCE_ACCURACY_VALUE','Maximum Tolerance applied to model');
#8001=UNCERTAINTY_MEASURE_WITH_UNIT(LENGTH_MEASURE(0.005),#8004,
'DISTANCE_ACCURACY_VALUE','Maximum Tolerance applied to model');
#8002=(
NAMED_UNIT(*)
SI_UNIT($,.STERADIAN.)
SOLID_ANGLE_UNIT()
);
#8003=(
NAMED_UNIT(*)
PLANE_ANGLE_UNIT()
SI_UNIT($,.RADIAN.)
);
#8004=(
LENGTH_UNIT()
NAMED_UNIT(*)
SI_UNIT(.MILLI.,.METRE.)
);
#8005=PRODUCT_DEFINITION_SHAPE('','',#8014);
#8006=PRODUCT_DEFINITION_SHAPE('','',#8015);
#8007=PRODUCT_DEFINITION_SHAPE(' ','NAUO PRDDFN',#23);
#8008=PRODUCT_DEFINITION_SHAPE('','',#8016);
#8009=PRODUCT_DEFINITION_SHAPE(' ','NAUO PRDDFN',#24);
#8010=PRODUCT_DEFINITION_SHAPE('','',#8017);
#8011=PRODUCT_DEFINITION_SHAPE(' ','NAUO PRDDFN',#25);
#8012=PRODUCT_DEFINITION_SHAPE(' ','NAUO PRDDFN',#26);
#8013=PRODUCT_DEFINITION_SHAPE(' ','NAUO PRDDFN',#27);
#8014=PRODUCT_DEFINITION('','',#8022,#8018);
#8015=PRODUCT_DEFINITION('','',#8023,#8019);
#8016=PRODUCT_DEFINITION('','',#8024,#8020);
#8017=PRODUCT_DEFINITION('','',#8025,#8021);
#8018=PRODUCT_DEFINITION_CONTEXT('',#8043,'design');
#8019=PRODUCT_DEFINITION_CONTEXT('',#8043,'design');
#8020=PRODUCT_DEFINITION_CONTEXT('',#8043,'design');
#8021=PRODUCT_DEFINITION_CONTEXT('',#8043,'design');
#8022=PRODUCT_DEFINITION_FORMATION_WITH_SPECIFIED_SOURCE('','',#8030,
 .NOT_KNOWN.);
#8023=PRODUCT_DEFINITION_FORMATION_WITH_SPECIFIED_SOURCE('','',#8031,
 .NOT_KNOWN.);
#8024=PRODUCT_DEFINITION_FORMATION_WITH_SPECIFIED_SOURCE('','',#8032,
 .NOT_KNOWN.);
#8025=PRODUCT_DEFINITION_FORMATION_WITH_SPECIFIED_SOURCE('','',#8033,
 .NOT_KNOWN.);
#8026=PRODUCT_RELATED_PRODUCT_CATEGORY('','',(#8030));
#8027=PRODUCT_RELATED_PRODUCT_CATEGORY('','',(#8031));
#8028=PRODUCT_RELATED_PRODUCT_CATEGORY('','',(#8032));
#8029=PRODUCT_RELATED_PRODUCT_CATEGORY('','',(#8033));
#8030=PRODUCT('6620xx21022','6620xx21022','6620xx21022',(#8038));
#8031=PRODUCT('66200421022','66200421022','66200421022',(#8039));
#8032=PRODUCT('6620xx21022_PIN_COURTE','6620xx21022_PIN_COURTE',
'6620xx21022_PIN_COURTE',(#8040));
#8033=PRODUCT('6620xx21022_PIN_LONGUE','6620xx21022_PIN_LONGUE',
'6620xx21022_PIN_LONGUE',(#8041));
#8034=PRODUCT_CATEGORY('','');
#8035=PRODUCT_CATEGORY('','');
#8036=PRODUCT_CATEGORY('','');
#8037=PRODUCT_CATEGORY('','');
#8038=PRODUCT_CONTEXT('',#8043,'mechanical');
#8039=PRODUCT_CONTEXT('',#8043,'mechanical');
#8040=PRODUCT_CONTEXT('',#8043,'mechanical');
#8041=PRODUCT_CONTEXT('',#8043,'mechanical');
#8042=APPLICATION_PROTOCOL_DEFINITION('international standard',
'automotive_design',2010,#8043);
#8043=APPLICATION_CONTEXT(
'core data for automotive mechanical design processes');
ENDSEC;
END-ISO-10303-21;
