ISO-10303-21;
HEADER;
/* Generated by software containing ST-Developer
 * from STEP Tools, Inc. (www.steptools.com) 
 */
/* OPTION: strings as raw bytes, not using required /X/ escapes */

FILE_DESCRIPTION(
/* description */ ('Unknown'),
/* implementation_level */ '2;1');

FILE_NAME(
/* name */ '66200621024',
/* time_stamp */ '2024-11-12T17:06:33+01:00',
/* author */ ('Unknown'),
/* organization */ ('Unknown'),
/* preprocessor_version */ 'ST-DEVELOPER v19.4',
/* originating_system */ 'Solid Edge',
/* authorisation */ 'Unknown');

FILE_SCHEMA (('AUTOMOTIVE_DESIGN {1 0 10303 214 3 1 1}'));
ENDSEC;

DATA;
#10=PROPERTY_DEFINITION_REPRESENTATION(#14,#12);
#11=PROPERTY_DEFINITION_REPRESENTATION(#15,#13);
#12=REPRESENTATION('',(#16),#9883);
#13=REPRESENTATION('',(#17),#9883);
#14=PROPERTY_DEFINITION('pmi validation property','',#9894);
#15=PROPERTY_DEFINITION('pmi validation property','',#9894);
#16=VALUE_REPRESENTATION_ITEM('number of annotations',COUNT_MEASURE(0.));
#17=VALUE_REPRESENTATION_ITEM('number of views',COUNT_MEASURE(0.));
#18=CONTEXT_DEPENDENT_SHAPE_REPRESENTATION(#32,#9896);
#19=CONTEXT_DEPENDENT_SHAPE_REPRESENTATION(#33,#9898);
#20=CONTEXT_DEPENDENT_SHAPE_REPRESENTATION(#34,#9900);
#21=CONTEXT_DEPENDENT_SHAPE_REPRESENTATION(#35,#9901);
#22=CONTEXT_DEPENDENT_SHAPE_REPRESENTATION(#36,#9902);
#23=CONTEXT_DEPENDENT_SHAPE_REPRESENTATION(#37,#9903);
#24=CONTEXT_DEPENDENT_SHAPE_REPRESENTATION(#38,#9904);
#25=NEXT_ASSEMBLY_USAGE_OCCURRENCE('66200621022','66200621022',
'66200621022',#9905,#9906,'');
#26=NEXT_ASSEMBLY_USAGE_OCCURRENCE('6620xx21024_PIN_COURTE',
'6620xx21024_PIN_COURTE','6620xx21024_PIN_COURTE',#9905,#9907,'');
#27=NEXT_ASSEMBLY_USAGE_OCCURRENCE('6620xx21024_PIN_LONGUE',
'6620xx21024_PIN_LONGUE','6620xx21024_PIN_LONGUE',#9905,#9908,'');
#28=NEXT_ASSEMBLY_USAGE_OCCURRENCE('6620xx21024_PIN_COURTE',
'6620xx21024_PIN_COURTE','6620xx21024_PIN_COURTE',#9905,#9907,'');
#29=NEXT_ASSEMBLY_USAGE_OCCURRENCE('6620xx21024_PIN_LONGUE',
'6620xx21024_PIN_LONGUE','6620xx21024_PIN_LONGUE',#9905,#9908,'');
#30=NEXT_ASSEMBLY_USAGE_OCCURRENCE('6620xx21024_PIN_COURTE',
'6620xx21024_PIN_COURTE','6620xx21024_PIN_COURTE',#9905,#9907,'');
#31=NEXT_ASSEMBLY_USAGE_OCCURRENCE('6620xx21024_PIN_LONGUE',
'6620xx21024_PIN_LONGUE','6620xx21024_PIN_LONGUE',#9905,#9908,'');
#32=(
REPRESENTATION_RELATIONSHIP(' ',' ',#6304,#6305)
REPRESENTATION_RELATIONSHIP_WITH_TRANSFORMATION(#39)
SHAPE_REPRESENTATION_RELATIONSHIP()
);
#33=(
REPRESENTATION_RELATIONSHIP(' ',' ',#6306,#6305)
REPRESENTATION_RELATIONSHIP_WITH_TRANSFORMATION(#40)
SHAPE_REPRESENTATION_RELATIONSHIP()
);
#34=(
REPRESENTATION_RELATIONSHIP(' ',' ',#6307,#6305)
REPRESENTATION_RELATIONSHIP_WITH_TRANSFORMATION(#41)
SHAPE_REPRESENTATION_RELATIONSHIP()
);
#35=(
REPRESENTATION_RELATIONSHIP(' ',' ',#6306,#6305)
REPRESENTATION_RELATIONSHIP_WITH_TRANSFORMATION(#42)
SHAPE_REPRESENTATION_RELATIONSHIP()
);
#36=(
REPRESENTATION_RELATIONSHIP(' ',' ',#6307,#6305)
REPRESENTATION_RELATIONSHIP_WITH_TRANSFORMATION(#43)
SHAPE_REPRESENTATION_RELATIONSHIP()
);
#37=(
REPRESENTATION_RELATIONSHIP(' ',' ',#6306,#6305)
REPRESENTATION_RELATIONSHIP_WITH_TRANSFORMATION(#44)
SHAPE_REPRESENTATION_RELATIONSHIP()
);
#38=(
REPRESENTATION_RELATIONSHIP(' ',' ',#6307,#6305)
REPRESENTATION_RELATIONSHIP_WITH_TRANSFORMATION(#45)
SHAPE_REPRESENTATION_RELATIONSHIP()
);
#39=ITEM_DEFINED_TRANSFORMATION(' ',' ',#6308,#6600);
#40=ITEM_DEFINED_TRANSFORMATION(' ',' ',#6308,#6627);
#41=ITEM_DEFINED_TRANSFORMATION(' ',' ',#6308,#6654);
#42=ITEM_DEFINED_TRANSFORMATION(' ',' ',#6308,#6655);
#43=ITEM_DEFINED_TRANSFORMATION(' ',' ',#6308,#6656);
#44=ITEM_DEFINED_TRANSFORMATION(' ',' ',#6308,#6657);
#45=ITEM_DEFINED_TRANSFORMATION(' ',' ',#6308,#6658);
#46=SHAPE_REPRESENTATION_RELATIONSHIP('','',#6304,#49);
#47=SHAPE_REPRESENTATION_RELATIONSHIP('','',#6306,#50);
#48=SHAPE_REPRESENTATION_RELATIONSHIP('','',#6307,#51);
#49=ADVANCED_BREP_SHAPE_REPRESENTATION('',(#6297),#9884);
#50=ADVANCED_BREP_SHAPE_REPRESENTATION('',(#6298),#9885);
#51=ADVANCED_BREP_SHAPE_REPRESENTATION('',(#6299),#9886);
#52=TOROIDAL_SURFACE('',#6443,0.542877674697479,0.12);
#53=TOROIDAL_SURFACE('',#6496,0.542877674697479,0.12);
#54=CONICAL_SURFACE('',#6441,0.607999999999997,0.576375220591183);
#55=CONICAL_SURFACE('',#6494,0.607999999999997,0.576375220591183);
#56=B_SPLINE_CURVE_WITH_KNOTS('',3,(#9167,#9168,#9169,#9170),
 .UNSPECIFIED.,.F.,.F.,(4,4),(0.,0.00100886718645109),.UNSPECIFIED.);
#57=B_SPLINE_CURVE_WITH_KNOTS('',3,(#9172,#9173,#9174,#9175),
 .UNSPECIFIED.,.F.,.F.,(4,4),(1.06229684024259E-18,0.00100886718645109),
 .UNSPECIFIED.);
#58=B_SPLINE_CURVE_WITH_KNOTS('',3,(#9179,#9180,#9181,#9182),
 .UNSPECIFIED.,.F.,.F.,(4,4),(0.,0.000133550725120526),.UNSPECIFIED.);
#59=B_SPLINE_CURVE_WITH_KNOTS('',3,(#9184,#9185,#9186,#9187),
 .UNSPECIFIED.,.F.,.F.,(4,4),(1.0842021724855E-19,0.000178722385885025),
 .UNSPECIFIED.);
#60=B_SPLINE_CURVE_WITH_KNOTS('',3,(#9189,#9190,#9191,#9192),
 .UNSPECIFIED.,.F.,.F.,(4,4),(2.71050543121376E-20,0.000178722385885022),
 .UNSPECIFIED.);
#61=B_SPLINE_CURVE_WITH_KNOTS('',3,(#9194,#9195,#9196,#9197),
 .UNSPECIFIED.,.F.,.F.,(4,4),(0.000187865136591212,0.00032132564234718),
 .UNSPECIFIED.);
#62=B_SPLINE_CURVE_WITH_KNOTS('',3,(#9330,#9331,#9332,#9333),
 .UNSPECIFIED.,.F.,.F.,(4,4),(1.06229684024259E-18,0.00100886718645109),
 .UNSPECIFIED.);
#63=B_SPLINE_CURVE_WITH_KNOTS('',3,(#9339,#9340,#9341,#9342),
 .UNSPECIFIED.,.F.,.F.,(4,4),(0.,0.00100886718645109),.UNSPECIFIED.);
#64=B_SPLINE_CURVE_WITH_KNOTS('',3,(#9344,#9345,#9346,#9347),
 .UNSPECIFIED.,.F.,.F.,(4,4),(0.,0.000178722385885022),.UNSPECIFIED.);
#65=B_SPLINE_CURVE_WITH_KNOTS('',3,(#9349,#9350,#9351,#9352),
 .UNSPECIFIED.,.F.,.F.,(4,4),(0.000187865136591212,0.00032132564234718),
 .UNSPECIFIED.);
#66=B_SPLINE_CURVE_WITH_KNOTS('',3,(#9354,#9355,#9356,#9357),
 .UNSPECIFIED.,.F.,.F.,(4,4),(0.,0.000133550725120527),.UNSPECIFIED.);
#67=B_SPLINE_CURVE_WITH_KNOTS('',3,(#9359,#9360,#9361,#9362),
 .UNSPECIFIED.,.F.,.F.,(4,4),(6.7762635780344E-20,0.000178722385885024),
 .UNSPECIFIED.);
#68=CYLINDRICAL_SURFACE('',#6429,0.96);
#69=CYLINDRICAL_SURFACE('',#6431,1.258);
#70=CYLINDRICAL_SURFACE('',#6439,0.28);
#71=CYLINDRICAL_SURFACE('',#6440,0.28);
#72=CYLINDRICAL_SURFACE('',#6481,0.96);
#73=CYLINDRICAL_SURFACE('',#6484,1.258);
#74=CYLINDRICAL_SURFACE('',#6492,0.28);
#75=CYLINDRICAL_SURFACE('',#6493,0.28);
#76=CYLINDRICAL_SURFACE('',#6499,1.);
#77=CYLINDRICAL_SURFACE('',#6517,0.3);
#78=CYLINDRICAL_SURFACE('',#6518,0.3);
#79=CYLINDRICAL_SURFACE('',#6519,0.3);
#80=CYLINDRICAL_SURFACE('',#6520,0.3);
#81=CYLINDRICAL_SURFACE('',#6538,0.3);
#82=CYLINDRICAL_SURFACE('',#6539,0.3);
#83=CYLINDRICAL_SURFACE('',#6540,0.3);
#84=CYLINDRICAL_SURFACE('',#6541,0.3);
#85=CYLINDRICAL_SURFACE('',#6552,0.3);
#86=CYLINDRICAL_SURFACE('',#6553,0.3);
#87=CYLINDRICAL_SURFACE('',#6554,0.3);
#88=CYLINDRICAL_SURFACE('',#6555,0.3);
#89=CYLINDRICAL_SURFACE('',#6609,1.);
#90=CYLINDRICAL_SURFACE('',#6614,0.36);
#91=CYLINDRICAL_SURFACE('',#6636,1.);
#92=CYLINDRICAL_SURFACE('',#6641,0.36);
#93=CIRCLE('',#6334,0.3);
#94=CIRCLE('',#6336,0.3);
#95=CIRCLE('',#6342,0.3);
#96=CIRCLE('',#6343,0.3);
#97=CIRCLE('',#6345,0.3);
#98=CIRCLE('',#6346,0.3);
#99=CIRCLE('',#6352,0.3);
#100=CIRCLE('',#6353,0.3);
#101=CIRCLE('',#6355,0.3);
#102=CIRCLE('',#6356,0.3);
#103=CIRCLE('',#6360,0.96);
#104=CIRCLE('',#6367,0.96);
#105=CIRCLE('',#6380,0.28);
#106=CIRCLE('',#6381,0.28);
#107=CIRCLE('',#6384,0.96);
#108=CIRCLE('',#6393,0.3);
#109=CIRCLE('',#6402,0.3);
#110=CIRCLE('',#6406,0.3);
#111=CIRCLE('',#6407,0.3);
#112=CIRCLE('',#6408,0.3);
#113=CIRCLE('',#6409,0.3);
#114=CIRCLE('',#6410,0.3);
#115=CIRCLE('',#6411,0.3);
#116=CIRCLE('',#6430,0.96);
#117=CIRCLE('',#6432,1.258);
#118=CIRCLE('',#6433,1.258);
#119=CIRCLE('',#6435,0.542877674697479);
#120=CIRCLE('',#6442,0.643490908653555);
#121=CIRCLE('',#6447,0.28);
#122=CIRCLE('',#6448,0.28);
#123=CIRCLE('',#6450,0.96);
#124=CIRCLE('',#6482,0.96);
#125=CIRCLE('',#6485,1.258);
#126=CIRCLE('',#6486,1.258);
#127=CIRCLE('',#6488,0.542877674697479);
#128=CIRCLE('',#6495,0.643490908653555);
#129=CIRCLE('',#6500,1.);
#130=CIRCLE('',#6501,1.);
#131=CIRCLE('',#6508,0.3);
#132=CIRCLE('',#6509,0.3);
#133=CIRCLE('',#6510,0.3);
#134=CIRCLE('',#6511,0.3);
#135=CIRCLE('',#6512,0.3);
#136=CIRCLE('',#6513,0.3);
#137=CIRCLE('',#6603,1.);
#138=CIRCLE('',#6604,0.36);
#139=CIRCLE('',#6610,1.);
#140=CIRCLE('',#6615,0.36);
#141=CIRCLE('',#6630,1.);
#142=CIRCLE('',#6631,0.36);
#143=CIRCLE('',#6637,1.);
#144=CIRCLE('',#6642,0.36);
#145=ORIENTED_EDGE('',*,*,#1841,.T.);
#146=ORIENTED_EDGE('',*,*,#1842,.T.);
#147=ORIENTED_EDGE('',*,*,#1843,.T.);
#148=ORIENTED_EDGE('',*,*,#1844,.F.);
#149=ORIENTED_EDGE('',*,*,#1845,.T.);
#150=ORIENTED_EDGE('',*,*,#1846,.T.);
#151=ORIENTED_EDGE('',*,*,#1847,.T.);
#152=ORIENTED_EDGE('',*,*,#1848,.F.);
#153=ORIENTED_EDGE('',*,*,#1849,.T.);
#154=ORIENTED_EDGE('',*,*,#1850,.T.);
#155=ORIENTED_EDGE('',*,*,#1851,.T.);
#156=ORIENTED_EDGE('',*,*,#1852,.F.);
#157=ORIENTED_EDGE('',*,*,#1853,.T.);
#158=ORIENTED_EDGE('',*,*,#1854,.T.);
#159=ORIENTED_EDGE('',*,*,#1855,.T.);
#160=ORIENTED_EDGE('',*,*,#1856,.F.);
#161=ORIENTED_EDGE('',*,*,#1857,.T.);
#162=ORIENTED_EDGE('',*,*,#1858,.T.);
#163=ORIENTED_EDGE('',*,*,#1859,.T.);
#164=ORIENTED_EDGE('',*,*,#1860,.F.);
#165=ORIENTED_EDGE('',*,*,#1861,.T.);
#166=ORIENTED_EDGE('',*,*,#1862,.T.);
#167=ORIENTED_EDGE('',*,*,#1863,.T.);
#168=ORIENTED_EDGE('',*,*,#1864,.F.);
#169=ORIENTED_EDGE('',*,*,#1865,.F.);
#170=ORIENTED_EDGE('',*,*,#1866,.F.);
#171=ORIENTED_EDGE('',*,*,#1867,.T.);
#172=ORIENTED_EDGE('',*,*,#1868,.F.);
#173=ORIENTED_EDGE('',*,*,#1869,.F.);
#174=ORIENTED_EDGE('',*,*,#1870,.F.);
#175=ORIENTED_EDGE('',*,*,#1871,.T.);
#176=ORIENTED_EDGE('',*,*,#1872,.F.);
#177=ORIENTED_EDGE('',*,*,#1873,.F.);
#178=ORIENTED_EDGE('',*,*,#1874,.T.);
#179=ORIENTED_EDGE('',*,*,#1875,.T.);
#180=ORIENTED_EDGE('',*,*,#1876,.T.);
#181=ORIENTED_EDGE('',*,*,#1877,.T.);
#182=ORIENTED_EDGE('',*,*,#1878,.F.);
#183=ORIENTED_EDGE('',*,*,#1879,.F.);
#184=ORIENTED_EDGE('',*,*,#1880,.F.);
#185=ORIENTED_EDGE('',*,*,#1881,.T.);
#186=ORIENTED_EDGE('',*,*,#1882,.F.);
#187=ORIENTED_EDGE('',*,*,#1883,.F.);
#188=ORIENTED_EDGE('',*,*,#1884,.F.);
#189=ORIENTED_EDGE('',*,*,#1885,.T.);
#190=ORIENTED_EDGE('',*,*,#1886,.F.);
#191=ORIENTED_EDGE('',*,*,#1887,.F.);
#192=ORIENTED_EDGE('',*,*,#1888,.F.);
#193=ORIENTED_EDGE('',*,*,#1889,.T.);
#194=ORIENTED_EDGE('',*,*,#1890,.T.);
#195=ORIENTED_EDGE('',*,*,#1891,.T.);
#196=ORIENTED_EDGE('',*,*,#1892,.T.);
#197=ORIENTED_EDGE('',*,*,#1859,.F.);
#198=ORIENTED_EDGE('',*,*,#1893,.T.);
#199=ORIENTED_EDGE('',*,*,#1872,.T.);
#200=ORIENTED_EDGE('',*,*,#1894,.T.);
#201=ORIENTED_EDGE('',*,*,#1895,.T.);
#202=ORIENTED_EDGE('',*,*,#1896,.F.);
#203=ORIENTED_EDGE('',*,*,#1897,.F.);
#204=ORIENTED_EDGE('',*,*,#1898,.T.);
#205=ORIENTED_EDGE('',*,*,#1899,.T.);
#206=ORIENTED_EDGE('',*,*,#1900,.F.);
#207=ORIENTED_EDGE('',*,*,#1888,.T.);
#208=ORIENTED_EDGE('',*,*,#1901,.T.);
#209=ORIENTED_EDGE('',*,*,#1857,.F.);
#210=ORIENTED_EDGE('',*,*,#1902,.T.);
#211=ORIENTED_EDGE('',*,*,#1903,.T.);
#212=ORIENTED_EDGE('',*,*,#1904,.F.);
#213=ORIENTED_EDGE('',*,*,#1905,.F.);
#214=ORIENTED_EDGE('',*,*,#1906,.T.);
#215=ORIENTED_EDGE('',*,*,#1907,.T.);
#216=ORIENTED_EDGE('',*,*,#1908,.T.);
#217=ORIENTED_EDGE('',*,*,#1851,.F.);
#218=ORIENTED_EDGE('',*,*,#1909,.T.);
#219=ORIENTED_EDGE('',*,*,#1868,.T.);
#220=ORIENTED_EDGE('',*,*,#1910,.T.);
#221=ORIENTED_EDGE('',*,*,#1911,.T.);
#222=ORIENTED_EDGE('',*,*,#1912,.F.);
#223=ORIENTED_EDGE('',*,*,#1913,.F.);
#224=ORIENTED_EDGE('',*,*,#1914,.T.);
#225=ORIENTED_EDGE('',*,*,#1915,.T.);
#226=ORIENTED_EDGE('',*,*,#1916,.F.);
#227=ORIENTED_EDGE('',*,*,#1884,.T.);
#228=ORIENTED_EDGE('',*,*,#1917,.T.);
#229=ORIENTED_EDGE('',*,*,#1849,.F.);
#230=ORIENTED_EDGE('',*,*,#1918,.T.);
#231=ORIENTED_EDGE('',*,*,#1919,.T.);
#232=ORIENTED_EDGE('',*,*,#1920,.F.);
#233=ORIENTED_EDGE('',*,*,#1921,.F.);
#234=ORIENTED_EDGE('',*,*,#1922,.T.);
#235=ORIENTED_EDGE('',*,*,#1923,.T.);
#236=ORIENTED_EDGE('',*,*,#1924,.T.);
#237=ORIENTED_EDGE('',*,*,#1843,.F.);
#238=ORIENTED_EDGE('',*,*,#1925,.T.);
#239=ORIENTED_EDGE('',*,*,#1878,.T.);
#240=ORIENTED_EDGE('',*,*,#1926,.T.);
#241=ORIENTED_EDGE('',*,*,#1927,.T.);
#242=ORIENTED_EDGE('',*,*,#1928,.F.);
#243=ORIENTED_EDGE('',*,*,#1929,.F.);
#244=ORIENTED_EDGE('',*,*,#1930,.T.);
#245=ORIENTED_EDGE('',*,*,#1931,.T.);
#246=ORIENTED_EDGE('',*,*,#1932,.F.);
#247=ORIENTED_EDGE('',*,*,#1880,.T.);
#248=ORIENTED_EDGE('',*,*,#1933,.T.);
#249=ORIENTED_EDGE('',*,*,#1841,.F.);
#250=ORIENTED_EDGE('',*,*,#1934,.T.);
#251=ORIENTED_EDGE('',*,*,#1935,.T.);
#252=ORIENTED_EDGE('',*,*,#1936,.F.);
#253=ORIENTED_EDGE('',*,*,#1937,.F.);
#254=ORIENTED_EDGE('',*,*,#1938,.T.);
#255=ORIENTED_EDGE('',*,*,#1939,.T.);
#256=ORIENTED_EDGE('',*,*,#1940,.T.);
#257=ORIENTED_EDGE('',*,*,#1941,.F.);
#258=ORIENTED_EDGE('',*,*,#1942,.F.);
#259=ORIENTED_EDGE('',*,*,#1943,.T.);
#260=ORIENTED_EDGE('',*,*,#1944,.F.);
#261=ORIENTED_EDGE('',*,*,#1945,.F.);
#262=ORIENTED_EDGE('',*,*,#1946,.F.);
#263=ORIENTED_EDGE('',*,*,#1947,.T.);
#264=ORIENTED_EDGE('',*,*,#1948,.F.);
#265=ORIENTED_EDGE('',*,*,#1949,.F.);
#266=ORIENTED_EDGE('',*,*,#1929,.T.);
#267=ORIENTED_EDGE('',*,*,#1950,.T.);
#268=ORIENTED_EDGE('',*,*,#1937,.T.);
#269=ORIENTED_EDGE('',*,*,#1951,.T.);
#270=ORIENTED_EDGE('',*,*,#1952,.T.);
#271=ORIENTED_EDGE('',*,*,#1953,.F.);
#272=ORIENTED_EDGE('',*,*,#1954,.F.);
#273=ORIENTED_EDGE('',*,*,#1955,.F.);
#274=ORIENTED_EDGE('',*,*,#1956,.T.);
#275=ORIENTED_EDGE('',*,*,#1957,.T.);
#276=ORIENTED_EDGE('',*,*,#1958,.F.);
#277=ORIENTED_EDGE('',*,*,#1959,.F.);
#278=ORIENTED_EDGE('',*,*,#1960,.F.);
#279=ORIENTED_EDGE('',*,*,#1961,.T.);
#280=ORIENTED_EDGE('',*,*,#1962,.T.);
#281=ORIENTED_EDGE('',*,*,#1963,.T.);
#282=ORIENTED_EDGE('',*,*,#1964,.T.);
#283=ORIENTED_EDGE('',*,*,#1965,.F.);
#284=ORIENTED_EDGE('',*,*,#1966,.T.);
#285=ORIENTED_EDGE('',*,*,#1967,.T.);
#286=ORIENTED_EDGE('',*,*,#1968,.T.);
#287=ORIENTED_EDGE('',*,*,#1969,.F.);
#288=ORIENTED_EDGE('',*,*,#1970,.F.);
#289=ORIENTED_EDGE('',*,*,#1971,.T.);
#290=ORIENTED_EDGE('',*,*,#1972,.T.);
#291=ORIENTED_EDGE('',*,*,#1953,.T.);
#292=ORIENTED_EDGE('',*,*,#1973,.T.);
#293=ORIENTED_EDGE('',*,*,#1926,.F.);
#294=ORIENTED_EDGE('',*,*,#1877,.F.);
#295=ORIENTED_EDGE('',*,*,#1974,.T.);
#296=ORIENTED_EDGE('',*,*,#1975,.T.);
#297=ORIENTED_EDGE('',*,*,#1976,.T.);
#298=ORIENTED_EDGE('',*,*,#1977,.F.);
#299=ORIENTED_EDGE('',*,*,#1978,.T.);
#300=ORIENTED_EDGE('',*,*,#1979,.T.);
#301=ORIENTED_EDGE('',*,*,#1965,.T.);
#302=ORIENTED_EDGE('',*,*,#1980,.F.);
#303=ORIENTED_EDGE('',*,*,#1981,.T.);
#304=ORIENTED_EDGE('',*,*,#1982,.T.);
#305=ORIENTED_EDGE('',*,*,#1983,.T.);
#306=ORIENTED_EDGE('',*,*,#1984,.F.);
#307=ORIENTED_EDGE('',*,*,#1985,.F.);
#308=ORIENTED_EDGE('',*,*,#1986,.T.);
#309=ORIENTED_EDGE('',*,*,#1961,.F.);
#310=ORIENTED_EDGE('',*,*,#1987,.F.);
#311=ORIENTED_EDGE('',*,*,#1913,.T.);
#312=ORIENTED_EDGE('',*,*,#1988,.T.);
#313=ORIENTED_EDGE('',*,*,#1921,.T.);
#314=ORIENTED_EDGE('',*,*,#1989,.F.);
#315=ORIENTED_EDGE('',*,*,#1990,.T.);
#316=ORIENTED_EDGE('',*,*,#1991,.T.);
#317=ORIENTED_EDGE('',*,*,#1992,.T.);
#318=ORIENTED_EDGE('',*,*,#1993,.F.);
#319=ORIENTED_EDGE('',*,*,#1994,.F.);
#320=ORIENTED_EDGE('',*,*,#1995,.T.);
#321=ORIENTED_EDGE('',*,*,#1996,.F.);
#322=ORIENTED_EDGE('',*,*,#1997,.T.);
#323=ORIENTED_EDGE('',*,*,#1998,.T.);
#324=ORIENTED_EDGE('',*,*,#1999,.F.);
#325=ORIENTED_EDGE('',*,*,#2000,.T.);
#326=ORIENTED_EDGE('',*,*,#1940,.F.);
#327=ORIENTED_EDGE('',*,*,#2001,.T.);
#328=ORIENTED_EDGE('',*,*,#1989,.T.);
#329=ORIENTED_EDGE('',*,*,#2002,.T.);
#330=ORIENTED_EDGE('',*,*,#1910,.F.);
#331=ORIENTED_EDGE('',*,*,#1867,.F.);
#332=ORIENTED_EDGE('',*,*,#2003,.F.);
#333=ORIENTED_EDGE('',*,*,#2004,.F.);
#334=ORIENTED_EDGE('',*,*,#2005,.T.);
#335=ORIENTED_EDGE('',*,*,#1881,.F.);
#336=ORIENTED_EDGE('',*,*,#1999,.T.);
#337=ORIENTED_EDGE('',*,*,#2006,.T.);
#338=ORIENTED_EDGE('',*,*,#2007,.T.);
#339=ORIENTED_EDGE('',*,*,#1995,.F.);
#340=ORIENTED_EDGE('',*,*,#2008,.F.);
#341=ORIENTED_EDGE('',*,*,#2009,.F.);
#342=ORIENTED_EDGE('',*,*,#2010,.T.);
#343=ORIENTED_EDGE('',*,*,#1943,.F.);
#344=ORIENTED_EDGE('',*,*,#2011,.T.);
#345=ORIENTED_EDGE('',*,*,#2012,.T.);
#346=ORIENTED_EDGE('',*,*,#2013,.F.);
#347=ORIENTED_EDGE('',*,*,#1897,.T.);
#348=ORIENTED_EDGE('',*,*,#2014,.T.);
#349=ORIENTED_EDGE('',*,*,#1905,.T.);
#350=ORIENTED_EDGE('',*,*,#2015,.F.);
#351=ORIENTED_EDGE('',*,*,#2016,.T.);
#352=ORIENTED_EDGE('',*,*,#2017,.T.);
#353=ORIENTED_EDGE('',*,*,#2018,.T.);
#354=ORIENTED_EDGE('',*,*,#2019,.F.);
#355=ORIENTED_EDGE('',*,*,#2020,.F.);
#356=ORIENTED_EDGE('',*,*,#2021,.T.);
#357=ORIENTED_EDGE('',*,*,#2022,.F.);
#358=ORIENTED_EDGE('',*,*,#2023,.T.);
#359=ORIENTED_EDGE('',*,*,#2024,.T.);
#360=ORIENTED_EDGE('',*,*,#2025,.F.);
#361=ORIENTED_EDGE('',*,*,#2026,.T.);
#362=ORIENTED_EDGE('',*,*,#1924,.F.);
#363=ORIENTED_EDGE('',*,*,#2027,.T.);
#364=ORIENTED_EDGE('',*,*,#2015,.T.);
#365=ORIENTED_EDGE('',*,*,#2028,.T.);
#366=ORIENTED_EDGE('',*,*,#1894,.F.);
#367=ORIENTED_EDGE('',*,*,#1871,.F.);
#368=ORIENTED_EDGE('',*,*,#2029,.F.);
#369=ORIENTED_EDGE('',*,*,#2030,.F.);
#370=ORIENTED_EDGE('',*,*,#2031,.T.);
#371=ORIENTED_EDGE('',*,*,#1885,.F.);
#372=ORIENTED_EDGE('',*,*,#2025,.T.);
#373=ORIENTED_EDGE('',*,*,#2032,.T.);
#374=ORIENTED_EDGE('',*,*,#2033,.T.);
#375=ORIENTED_EDGE('',*,*,#2021,.F.);
#376=ORIENTED_EDGE('',*,*,#2034,.F.);
#377=ORIENTED_EDGE('',*,*,#2035,.F.);
#378=ORIENTED_EDGE('',*,*,#2036,.T.);
#379=ORIENTED_EDGE('',*,*,#1947,.F.);
#380=ORIENTED_EDGE('',*,*,#2037,.T.);
#381=ORIENTED_EDGE('',*,*,#2038,.T.);
#382=ORIENTED_EDGE('',*,*,#2039,.F.);
#383=ORIENTED_EDGE('',*,*,#2040,.F.);
#384=ORIENTED_EDGE('',*,*,#2041,.T.);
#385=ORIENTED_EDGE('',*,*,#2042,.T.);
#386=ORIENTED_EDGE('',*,*,#2043,.T.);
#387=ORIENTED_EDGE('',*,*,#2044,.T.);
#388=ORIENTED_EDGE('',*,*,#1957,.F.);
#389=ORIENTED_EDGE('',*,*,#2045,.T.);
#390=ORIENTED_EDGE('',*,*,#2046,.T.);
#391=ORIENTED_EDGE('',*,*,#2047,.F.);
#392=ORIENTED_EDGE('',*,*,#2048,.F.);
#393=ORIENTED_EDGE('',*,*,#2049,.T.);
#394=ORIENTED_EDGE('',*,*,#2050,.F.);
#395=ORIENTED_EDGE('',*,*,#2051,.T.);
#396=ORIENTED_EDGE('',*,*,#2052,.T.);
#397=ORIENTED_EDGE('',*,*,#2053,.T.);
#398=ORIENTED_EDGE('',*,*,#2048,.T.);
#399=ORIENTED_EDGE('',*,*,#2054,.F.);
#400=ORIENTED_EDGE('',*,*,#2055,.F.);
#401=ORIENTED_EDGE('',*,*,#2056,.F.);
#402=ORIENTED_EDGE('',*,*,#2057,.F.);
#403=ORIENTED_EDGE('',*,*,#2058,.T.);
#404=ORIENTED_EDGE('',*,*,#2059,.T.);
#405=ORIENTED_EDGE('',*,*,#2060,.F.);
#406=ORIENTED_EDGE('',*,*,#2061,.F.);
#407=ORIENTED_EDGE('',*,*,#2062,.T.);
#408=ORIENTED_EDGE('',*,*,#2063,.F.);
#409=ORIENTED_EDGE('',*,*,#2064,.F.);
#410=ORIENTED_EDGE('',*,*,#2065,.F.);
#411=ORIENTED_EDGE('',*,*,#2066,.T.);
#412=ORIENTED_EDGE('',*,*,#2067,.T.);
#413=ORIENTED_EDGE('',*,*,#2068,.T.);
#414=ORIENTED_EDGE('',*,*,#2069,.T.);
#415=ORIENTED_EDGE('',*,*,#2070,.T.);
#416=ORIENTED_EDGE('',*,*,#2071,.T.);
#417=ORIENTED_EDGE('',*,*,#2072,.T.);
#418=ORIENTED_EDGE('',*,*,#2073,.T.);
#419=ORIENTED_EDGE('',*,*,#2074,.T.);
#420=ORIENTED_EDGE('',*,*,#2075,.T.);
#421=ORIENTED_EDGE('',*,*,#2076,.T.);
#422=ORIENTED_EDGE('',*,*,#2077,.T.);
#423=ORIENTED_EDGE('',*,*,#2056,.T.);
#424=ORIENTED_EDGE('',*,*,#2078,.F.);
#425=ORIENTED_EDGE('',*,*,#2079,.T.);
#426=ORIENTED_EDGE('',*,*,#2080,.T.);
#427=ORIENTED_EDGE('',*,*,#2081,.T.);
#428=ORIENTED_EDGE('',*,*,#2082,.F.);
#429=ORIENTED_EDGE('',*,*,#2083,.T.);
#430=ORIENTED_EDGE('',*,*,#2084,.T.);
#431=ORIENTED_EDGE('',*,*,#2085,.T.);
#432=ORIENTED_EDGE('',*,*,#2086,.T.);
#433=ORIENTED_EDGE('',*,*,#2087,.T.);
#434=ORIENTED_EDGE('',*,*,#2088,.T.);
#435=ORIENTED_EDGE('',*,*,#2064,.T.);
#436=ORIENTED_EDGE('',*,*,#2089,.F.);
#437=ORIENTED_EDGE('',*,*,#2090,.F.);
#438=ORIENTED_EDGE('',*,*,#2091,.T.);
#439=ORIENTED_EDGE('',*,*,#2092,.T.);
#440=ORIENTED_EDGE('',*,*,#2093,.T.);
#441=ORIENTED_EDGE('',*,*,#2094,.T.);
#442=ORIENTED_EDGE('',*,*,#2095,.F.);
#443=ORIENTED_EDGE('',*,*,#2096,.F.);
#444=ORIENTED_EDGE('',*,*,#2097,.T.);
#445=ORIENTED_EDGE('',*,*,#2098,.F.);
#446=ORIENTED_EDGE('',*,*,#2099,.F.);
#447=ORIENTED_EDGE('',*,*,#2062,.F.);
#448=ORIENTED_EDGE('',*,*,#2100,.F.);
#449=ORIENTED_EDGE('',*,*,#2101,.F.);
#450=ORIENTED_EDGE('',*,*,#2102,.F.);
#451=ORIENTED_EDGE('',*,*,#2103,.F.);
#452=ORIENTED_EDGE('',*,*,#2104,.T.);
#453=ORIENTED_EDGE('',*,*,#2105,.T.);
#454=ORIENTED_EDGE('',*,*,#2106,.F.);
#455=ORIENTED_EDGE('',*,*,#2107,.T.);
#456=ORIENTED_EDGE('',*,*,#2108,.T.);
#457=ORIENTED_EDGE('',*,*,#2109,.T.);
#458=ORIENTED_EDGE('',*,*,#2110,.F.);
#459=ORIENTED_EDGE('',*,*,#2111,.F.);
#460=ORIENTED_EDGE('',*,*,#2112,.F.);
#461=ORIENTED_EDGE('',*,*,#2113,.F.);
#462=ORIENTED_EDGE('',*,*,#2114,.F.);
#463=ORIENTED_EDGE('',*,*,#2115,.F.);
#464=ORIENTED_EDGE('',*,*,#2116,.F.);
#465=ORIENTED_EDGE('',*,*,#2117,.F.);
#466=ORIENTED_EDGE('',*,*,#2118,.F.);
#467=ORIENTED_EDGE('',*,*,#2119,.T.);
#468=ORIENTED_EDGE('',*,*,#2120,.T.);
#469=ORIENTED_EDGE('',*,*,#2078,.T.);
#470=ORIENTED_EDGE('',*,*,#2055,.T.);
#471=ORIENTED_EDGE('',*,*,#2121,.F.);
#472=ORIENTED_EDGE('',*,*,#2122,.T.);
#473=ORIENTED_EDGE('',*,*,#2123,.T.);
#474=ORIENTED_EDGE('',*,*,#2124,.F.);
#475=ORIENTED_EDGE('',*,*,#2125,.F.);
#476=ORIENTED_EDGE('',*,*,#2126,.F.);
#477=ORIENTED_EDGE('',*,*,#2127,.F.);
#478=ORIENTED_EDGE('',*,*,#2128,.F.);
#479=ORIENTED_EDGE('',*,*,#2129,.T.);
#480=ORIENTED_EDGE('',*,*,#2130,.T.);
#481=ORIENTED_EDGE('',*,*,#2131,.T.);
#482=ORIENTED_EDGE('',*,*,#2132,.T.);
#483=ORIENTED_EDGE('',*,*,#2133,.F.);
#484=ORIENTED_EDGE('',*,*,#2134,.F.);
#485=ORIENTED_EDGE('',*,*,#2127,.T.);
#486=ORIENTED_EDGE('',*,*,#2135,.T.);
#487=ORIENTED_EDGE('',*,*,#2136,.T.);
#488=ORIENTED_EDGE('',*,*,#2137,.T.);
#489=ORIENTED_EDGE('',*,*,#2138,.T.);
#490=ORIENTED_EDGE('',*,*,#1983,.F.);
#491=ORIENTED_EDGE('',*,*,#2139,.T.);
#492=ORIENTED_EDGE('',*,*,#2140,.T.);
#493=ORIENTED_EDGE('',*,*,#2141,.T.);
#494=ORIENTED_EDGE('',*,*,#2142,.F.);
#495=ORIENTED_EDGE('',*,*,#2143,.T.);
#496=ORIENTED_EDGE('',*,*,#2144,.T.);
#497=ORIENTED_EDGE('',*,*,#1954,.T.);
#498=ORIENTED_EDGE('',*,*,#1977,.T.);
#499=ORIENTED_EDGE('',*,*,#2145,.T.);
#500=ORIENTED_EDGE('',*,*,#2146,.T.);
#501=ORIENTED_EDGE('',*,*,#2147,.T.);
#502=ORIENTED_EDGE('',*,*,#2148,.T.);
#503=ORIENTED_EDGE('',*,*,#2149,.T.);
#504=ORIENTED_EDGE('',*,*,#2150,.T.);
#505=ORIENTED_EDGE('',*,*,#2151,.T.);
#506=ORIENTED_EDGE('',*,*,#2152,.T.);
#507=ORIENTED_EDGE('',*,*,#2153,.T.);
#508=ORIENTED_EDGE('',*,*,#2154,.T.);
#509=ORIENTED_EDGE('',*,*,#2155,.F.);
#510=ORIENTED_EDGE('',*,*,#2156,.F.);
#511=ORIENTED_EDGE('',*,*,#2157,.F.);
#512=ORIENTED_EDGE('',*,*,#2158,.F.);
#513=ORIENTED_EDGE('',*,*,#2159,.F.);
#514=ORIENTED_EDGE('',*,*,#2160,.F.);
#515=ORIENTED_EDGE('',*,*,#2161,.F.);
#516=ORIENTED_EDGE('',*,*,#2162,.F.);
#517=ORIENTED_EDGE('',*,*,#2163,.F.);
#518=ORIENTED_EDGE('',*,*,#1975,.F.);
#519=ORIENTED_EDGE('',*,*,#2164,.T.);
#520=ORIENTED_EDGE('',*,*,#2165,.F.);
#521=ORIENTED_EDGE('',*,*,#2166,.T.);
#522=ORIENTED_EDGE('',*,*,#2167,.T.);
#523=ORIENTED_EDGE('',*,*,#2168,.T.);
#524=ORIENTED_EDGE('',*,*,#1985,.T.);
#525=ORIENTED_EDGE('',*,*,#2169,.F.);
#526=ORIENTED_EDGE('',*,*,#2170,.F.);
#527=ORIENTED_EDGE('',*,*,#2171,.F.);
#528=ORIENTED_EDGE('',*,*,#2172,.F.);
#529=ORIENTED_EDGE('',*,*,#2129,.F.);
#530=ORIENTED_EDGE('',*,*,#2173,.F.);
#531=ORIENTED_EDGE('',*,*,#2144,.F.);
#532=ORIENTED_EDGE('',*,*,#2174,.T.);
#533=ORIENTED_EDGE('',*,*,#2175,.T.);
#534=ORIENTED_EDGE('',*,*,#2176,.T.);
#535=ORIENTED_EDGE('',*,*,#1955,.T.);
#536=ORIENTED_EDGE('',*,*,#2177,.T.);
#537=ORIENTED_EDGE('',*,*,#2178,.T.);
#538=ORIENTED_EDGE('',*,*,#2179,.F.);
#539=ORIENTED_EDGE('',*,*,#2180,.F.);
#540=ORIENTED_EDGE('',*,*,#2181,.T.);
#541=ORIENTED_EDGE('',*,*,#2182,.T.);
#542=ORIENTED_EDGE('',*,*,#2183,.F.);
#543=ORIENTED_EDGE('',*,*,#2184,.F.);
#544=ORIENTED_EDGE('',*,*,#2185,.T.);
#545=ORIENTED_EDGE('',*,*,#2186,.T.);
#546=ORIENTED_EDGE('',*,*,#2187,.F.);
#547=ORIENTED_EDGE('',*,*,#2188,.T.);
#548=ORIENTED_EDGE('',*,*,#2189,.T.);
#549=ORIENTED_EDGE('',*,*,#2190,.T.);
#550=ORIENTED_EDGE('',*,*,#1969,.T.);
#551=ORIENTED_EDGE('',*,*,#2191,.T.);
#552=ORIENTED_EDGE('',*,*,#2192,.T.);
#553=ORIENTED_EDGE('',*,*,#2193,.T.);
#554=ORIENTED_EDGE('',*,*,#2194,.T.);
#555=ORIENTED_EDGE('',*,*,#2195,.T.);
#556=ORIENTED_EDGE('',*,*,#2196,.T.);
#557=ORIENTED_EDGE('',*,*,#2197,.T.);
#558=ORIENTED_EDGE('',*,*,#2198,.T.);
#559=ORIENTED_EDGE('',*,*,#2199,.T.);
#560=ORIENTED_EDGE('',*,*,#2200,.T.);
#561=ORIENTED_EDGE('',*,*,#2201,.T.);
#562=ORIENTED_EDGE('',*,*,#2183,.T.);
#563=ORIENTED_EDGE('',*,*,#2202,.T.);
#564=ORIENTED_EDGE('',*,*,#2203,.T.);
#565=ORIENTED_EDGE('',*,*,#2204,.F.);
#566=ORIENTED_EDGE('',*,*,#2205,.F.);
#567=ORIENTED_EDGE('',*,*,#2206,.T.);
#568=ORIENTED_EDGE('',*,*,#2207,.T.);
#569=ORIENTED_EDGE('',*,*,#2208,.T.);
#570=ORIENTED_EDGE('',*,*,#2209,.F.);
#571=ORIENTED_EDGE('',*,*,#2210,.T.);
#572=ORIENTED_EDGE('',*,*,#2211,.F.);
#573=ORIENTED_EDGE('',*,*,#2212,.T.);
#574=ORIENTED_EDGE('',*,*,#2213,.F.);
#575=ORIENTED_EDGE('',*,*,#2214,.F.);
#576=ORIENTED_EDGE('',*,*,#2215,.F.);
#577=ORIENTED_EDGE('',*,*,#2216,.F.);
#578=ORIENTED_EDGE('',*,*,#2217,.T.);
#579=ORIENTED_EDGE('',*,*,#2218,.F.);
#580=ORIENTED_EDGE('',*,*,#2219,.F.);
#581=ORIENTED_EDGE('',*,*,#2220,.F.);
#582=ORIENTED_EDGE('',*,*,#2221,.F.);
#583=ORIENTED_EDGE('',*,*,#2222,.F.);
#584=ORIENTED_EDGE('',*,*,#2223,.T.);
#585=ORIENTED_EDGE('',*,*,#2224,.F.);
#586=ORIENTED_EDGE('',*,*,#2225,.F.);
#587=ORIENTED_EDGE('',*,*,#2226,.F.);
#588=ORIENTED_EDGE('',*,*,#2227,.F.);
#589=ORIENTED_EDGE('',*,*,#2228,.T.);
#590=ORIENTED_EDGE('',*,*,#2229,.F.);
#591=ORIENTED_EDGE('',*,*,#2230,.F.);
#592=ORIENTED_EDGE('',*,*,#2231,.F.);
#593=ORIENTED_EDGE('',*,*,#2232,.F.);
#594=ORIENTED_EDGE('',*,*,#2233,.F.);
#595=ORIENTED_EDGE('',*,*,#2234,.F.);
#596=ORIENTED_EDGE('',*,*,#2235,.T.);
#597=ORIENTED_EDGE('',*,*,#2236,.F.);
#598=ORIENTED_EDGE('',*,*,#2237,.F.);
#599=ORIENTED_EDGE('',*,*,#2238,.T.);
#600=ORIENTED_EDGE('',*,*,#2239,.F.);
#601=ORIENTED_EDGE('',*,*,#2240,.F.);
#602=ORIENTED_EDGE('',*,*,#2115,.T.);
#603=ORIENTED_EDGE('',*,*,#2241,.T.);
#604=ORIENTED_EDGE('',*,*,#2072,.F.);
#605=ORIENTED_EDGE('',*,*,#2242,.F.);
#606=ORIENTED_EDGE('',*,*,#2187,.T.);
#607=ORIENTED_EDGE('',*,*,#2243,.T.);
#608=ORIENTED_EDGE('',*,*,#2131,.F.);
#609=ORIENTED_EDGE('',*,*,#2244,.F.);
#610=ORIENTED_EDGE('',*,*,#2155,.T.);
#611=ORIENTED_EDGE('',*,*,#2245,.T.);
#612=ORIENTED_EDGE('',*,*,#2209,.T.);
#613=ORIENTED_EDGE('',*,*,#2246,.T.);
#614=ORIENTED_EDGE('',*,*,#2096,.T.);
#615=ORIENTED_EDGE('',*,*,#2247,.T.);
#616=ORIENTED_EDGE('',*,*,#2068,.F.);
#617=ORIENTED_EDGE('',*,*,#2248,.T.);
#618=ORIENTED_EDGE('',*,*,#2205,.T.);
#619=ORIENTED_EDGE('',*,*,#2249,.F.);
#620=ORIENTED_EDGE('',*,*,#2046,.F.);
#621=ORIENTED_EDGE('',*,*,#2250,.T.);
#622=ORIENTED_EDGE('',*,*,#2159,.T.);
#623=ORIENTED_EDGE('',*,*,#2251,.T.);
#624=ORIENTED_EDGE('',*,*,#2149,.F.);
#625=ORIENTED_EDGE('',*,*,#2252,.F.);
#626=ORIENTED_EDGE('',*,*,#2253,.T.);
#627=ORIENTED_EDGE('',*,*,#1980,.T.);
#628=ORIENTED_EDGE('',*,*,#1972,.F.);
#629=ORIENTED_EDGE('',*,*,#2254,.T.);
#630=ORIENTED_EDGE('',*,*,#2255,.T.);
#631=ORIENTED_EDGE('',*,*,#2188,.F.);
#632=ORIENTED_EDGE('',*,*,#2250,.F.);
#633=ORIENTED_EDGE('',*,*,#2045,.F.);
#634=ORIENTED_EDGE('',*,*,#1956,.F.);
#635=ORIENTED_EDGE('',*,*,#2176,.F.);
#636=ORIENTED_EDGE('',*,*,#2256,.F.);
#637=ORIENTED_EDGE('',*,*,#2257,.T.);
#638=ORIENTED_EDGE('',*,*,#2121,.T.);
#639=ORIENTED_EDGE('',*,*,#2054,.T.);
#640=ORIENTED_EDGE('',*,*,#2047,.T.);
#641=ORIENTED_EDGE('',*,*,#2249,.T.);
#642=ORIENTED_EDGE('',*,*,#2204,.T.);
#643=ORIENTED_EDGE('',*,*,#2258,.F.);
#644=ORIENTED_EDGE('',*,*,#2259,.T.);
#645=ORIENTED_EDGE('',*,*,#2180,.T.);
#646=ORIENTED_EDGE('',*,*,#2193,.F.);
#647=ORIENTED_EDGE('',*,*,#2260,.F.);
#648=ORIENTED_EDGE('',*,*,#2261,.T.);
#649=ORIENTED_EDGE('',*,*,#2126,.T.);
#650=ORIENTED_EDGE('',*,*,#2262,.T.);
#651=ORIENTED_EDGE('',*,*,#2194,.F.);
#652=ORIENTED_EDGE('',*,*,#2262,.F.);
#653=ORIENTED_EDGE('',*,*,#2125,.T.);
#654=ORIENTED_EDGE('',*,*,#2263,.T.);
#655=ORIENTED_EDGE('',*,*,#2264,.F.);
#656=ORIENTED_EDGE('',*,*,#2265,.T.);
#657=ORIENTED_EDGE('',*,*,#2266,.T.);
#658=ORIENTED_EDGE('',*,*,#2267,.T.);
#659=ORIENTED_EDGE('',*,*,#2268,.T.);
#660=ORIENTED_EDGE('',*,*,#2269,.T.);
#661=ORIENTED_EDGE('',*,*,#2195,.F.);
#662=ORIENTED_EDGE('',*,*,#2263,.F.);
#663=ORIENTED_EDGE('',*,*,#2124,.T.);
#664=ORIENTED_EDGE('',*,*,#2270,.F.);
#665=ORIENTED_EDGE('',*,*,#2271,.T.);
#666=ORIENTED_EDGE('',*,*,#2272,.T.);
#667=ORIENTED_EDGE('',*,*,#2260,.T.);
#668=ORIENTED_EDGE('',*,*,#2192,.F.);
#669=ORIENTED_EDGE('',*,*,#2273,.F.);
#670=ORIENTED_EDGE('',*,*,#2274,.T.);
#671=ORIENTED_EDGE('',*,*,#2275,.T.);
#672=ORIENTED_EDGE('',*,*,#2200,.F.);
#673=ORIENTED_EDGE('',*,*,#2276,.F.);
#674=ORIENTED_EDGE('',*,*,#2277,.T.);
#675=ORIENTED_EDGE('',*,*,#2278,.T.);
#676=ORIENTED_EDGE('',*,*,#2196,.F.);
#677=ORIENTED_EDGE('',*,*,#2269,.F.);
#678=ORIENTED_EDGE('',*,*,#2279,.T.);
#679=ORIENTED_EDGE('',*,*,#2268,.F.);
#680=ORIENTED_EDGE('',*,*,#2280,.T.);
#681=ORIENTED_EDGE('',*,*,#2281,.T.);
#682=ORIENTED_EDGE('',*,*,#2261,.F.);
#683=ORIENTED_EDGE('',*,*,#2279,.F.);
#684=ORIENTED_EDGE('',*,*,#2189,.F.);
#685=ORIENTED_EDGE('',*,*,#2255,.F.);
#686=ORIENTED_EDGE('',*,*,#2282,.T.);
#687=ORIENTED_EDGE('',*,*,#2283,.T.);
#688=ORIENTED_EDGE('',*,*,#2190,.F.);
#689=ORIENTED_EDGE('',*,*,#2283,.F.);
#690=ORIENTED_EDGE('',*,*,#2284,.T.);
#691=ORIENTED_EDGE('',*,*,#1970,.T.);
#692=ORIENTED_EDGE('',*,*,#2254,.F.);
#693=ORIENTED_EDGE('',*,*,#1971,.F.);
#694=ORIENTED_EDGE('',*,*,#2284,.F.);
#695=ORIENTED_EDGE('',*,*,#2282,.F.);
#696=ORIENTED_EDGE('',*,*,#2135,.F.);
#697=ORIENTED_EDGE('',*,*,#2130,.F.);
#698=ORIENTED_EDGE('',*,*,#2172,.T.);
#699=ORIENTED_EDGE('',*,*,#2285,.T.);
#700=ORIENTED_EDGE('',*,*,#2136,.F.);
#701=ORIENTED_EDGE('',*,*,#2285,.F.);
#702=ORIENTED_EDGE('',*,*,#2171,.T.);
#703=ORIENTED_EDGE('',*,*,#2286,.T.);
#704=ORIENTED_EDGE('',*,*,#2137,.F.);
#705=ORIENTED_EDGE('',*,*,#2286,.F.);
#706=ORIENTED_EDGE('',*,*,#2170,.T.);
#707=ORIENTED_EDGE('',*,*,#2287,.T.);
#708=ORIENTED_EDGE('',*,*,#1984,.T.);
#709=ORIENTED_EDGE('',*,*,#2138,.F.);
#710=ORIENTED_EDGE('',*,*,#2287,.F.);
#711=ORIENTED_EDGE('',*,*,#2169,.T.);
#712=ORIENTED_EDGE('',*,*,#1908,.F.);
#713=ORIENTED_EDGE('',*,*,#2288,.T.);
#714=ORIENTED_EDGE('',*,*,#2050,.T.);
#715=ORIENTED_EDGE('',*,*,#2077,.F.);
#716=ORIENTED_EDGE('',*,*,#2289,.F.);
#717=ORIENTED_EDGE('',*,*,#2110,.T.);
#718=ORIENTED_EDGE('',*,*,#2290,.T.);
#719=ORIENTED_EDGE('',*,*,#1889,.F.);
#720=ORIENTED_EDGE('',*,*,#2145,.F.);
#721=ORIENTED_EDGE('',*,*,#1976,.F.);
#722=ORIENTED_EDGE('',*,*,#2163,.T.);
#723=ORIENTED_EDGE('',*,*,#2291,.T.);
#724=ORIENTED_EDGE('',*,*,#2146,.F.);
#725=ORIENTED_EDGE('',*,*,#2291,.F.);
#726=ORIENTED_EDGE('',*,*,#2162,.T.);
#727=ORIENTED_EDGE('',*,*,#2292,.T.);
#728=ORIENTED_EDGE('',*,*,#2147,.F.);
#729=ORIENTED_EDGE('',*,*,#2292,.F.);
#730=ORIENTED_EDGE('',*,*,#2161,.T.);
#731=ORIENTED_EDGE('',*,*,#2293,.T.);
#732=ORIENTED_EDGE('',*,*,#2148,.F.);
#733=ORIENTED_EDGE('',*,*,#2293,.F.);
#734=ORIENTED_EDGE('',*,*,#2160,.T.);
#735=ORIENTED_EDGE('',*,*,#2252,.T.);
#736=ORIENTED_EDGE('',*,*,#2150,.F.);
#737=ORIENTED_EDGE('',*,*,#2251,.F.);
#738=ORIENTED_EDGE('',*,*,#2158,.T.);
#739=ORIENTED_EDGE('',*,*,#2294,.T.);
#740=ORIENTED_EDGE('',*,*,#2151,.F.);
#741=ORIENTED_EDGE('',*,*,#2294,.F.);
#742=ORIENTED_EDGE('',*,*,#2157,.T.);
#743=ORIENTED_EDGE('',*,*,#2295,.T.);
#744=ORIENTED_EDGE('',*,*,#2152,.F.);
#745=ORIENTED_EDGE('',*,*,#2295,.F.);
#746=ORIENTED_EDGE('',*,*,#2156,.T.);
#747=ORIENTED_EDGE('',*,*,#2244,.T.);
#748=ORIENTED_EDGE('',*,*,#2179,.T.);
#749=ORIENTED_EDGE('',*,*,#2296,.T.);
#750=ORIENTED_EDGE('',*,*,#2297,.T.);
#751=ORIENTED_EDGE('',*,*,#2094,.F.);
#752=ORIENTED_EDGE('',*,*,#2298,.T.);
#753=ORIENTED_EDGE('',*,*,#2104,.F.);
#754=ORIENTED_EDGE('',*,*,#2299,.F.);
#755=ORIENTED_EDGE('',*,*,#2084,.F.);
#756=ORIENTED_EDGE('',*,*,#2300,.T.);
#757=ORIENTED_EDGE('',*,*,#2301,.T.);
#758=ORIENTED_EDGE('',*,*,#2256,.T.);
#759=ORIENTED_EDGE('',*,*,#2191,.F.);
#760=ORIENTED_EDGE('',*,*,#1968,.F.);
#761=ORIENTED_EDGE('',*,*,#2302,.T.);
#762=ORIENTED_EDGE('',*,*,#2273,.T.);
#763=ORIENTED_EDGE('',*,*,#2201,.F.);
#764=ORIENTED_EDGE('',*,*,#2275,.F.);
#765=ORIENTED_EDGE('',*,*,#2303,.T.);
#766=ORIENTED_EDGE('',*,*,#2184,.T.);
#767=ORIENTED_EDGE('',*,*,#2304,.T.);
#768=ORIENTED_EDGE('',*,*,#2305,.T.);
#769=ORIENTED_EDGE('',*,*,#1997,.F.);
#770=ORIENTED_EDGE('',*,*,#2306,.T.);
#771=ORIENTED_EDGE('',*,*,#2307,.F.);
#772=ORIENTED_EDGE('',*,*,#2308,.F.);
#773=ORIENTED_EDGE('',*,*,#2309,.T.);
#774=ORIENTED_EDGE('',*,*,#2310,.T.);
#775=ORIENTED_EDGE('',*,*,#2023,.F.);
#776=ORIENTED_EDGE('',*,*,#2311,.T.);
#777=ORIENTED_EDGE('',*,*,#2312,.F.);
#778=ORIENTED_EDGE('',*,*,#2313,.F.);
#779=ORIENTED_EDGE('',*,*,#2314,.T.);
#780=ORIENTED_EDGE('',*,*,#2315,.T.);
#781=ORIENTED_EDGE('',*,*,#2177,.F.);
#782=ORIENTED_EDGE('',*,*,#2303,.F.);
#783=ORIENTED_EDGE('',*,*,#2274,.F.);
#784=ORIENTED_EDGE('',*,*,#2302,.F.);
#785=ORIENTED_EDGE('',*,*,#1967,.F.);
#786=ORIENTED_EDGE('',*,*,#2316,.T.);
#787=ORIENTED_EDGE('',*,*,#2317,.F.);
#788=ORIENTED_EDGE('',*,*,#2318,.F.);
#789=ORIENTED_EDGE('',*,*,#2175,.F.);
#790=ORIENTED_EDGE('',*,*,#2319,.T.);
#791=ORIENTED_EDGE('',*,*,#2320,.T.);
#792=ORIENTED_EDGE('',*,*,#2321,.T.);
#793=ORIENTED_EDGE('',*,*,#2322,.T.);
#794=ORIENTED_EDGE('',*,*,#2323,.T.);
#795=ORIENTED_EDGE('',*,*,#1981,.F.);
#796=ORIENTED_EDGE('',*,*,#2253,.F.);
#797=ORIENTED_EDGE('',*,*,#1963,.F.);
#798=ORIENTED_EDGE('',*,*,#2324,.T.);
#799=ORIENTED_EDGE('',*,*,#2167,.F.);
#800=ORIENTED_EDGE('',*,*,#2325,.T.);
#801=ORIENTED_EDGE('',*,*,#2326,.T.);
#802=ORIENTED_EDGE('',*,*,#1874,.F.);
#803=ORIENTED_EDGE('',*,*,#2327,.F.);
#804=ORIENTED_EDGE('',*,*,#2328,.T.);
#805=ORIENTED_EDGE('',*,*,#2329,.T.);
#806=ORIENTED_EDGE('',*,*,#1964,.F.);
#807=ORIENTED_EDGE('',*,*,#2326,.F.);
#808=ORIENTED_EDGE('',*,*,#2330,.T.);
#809=ORIENTED_EDGE('',*,*,#2331,.T.);
#810=ORIENTED_EDGE('',*,*,#2165,.T.);
#811=ORIENTED_EDGE('',*,*,#2332,.T.);
#812=ORIENTED_EDGE('',*,*,#1875,.F.);
#813=ORIENTED_EDGE('',*,*,#2331,.F.);
#814=ORIENTED_EDGE('',*,*,#2333,.T.);
#815=ORIENTED_EDGE('',*,*,#2166,.F.);
#816=ORIENTED_EDGE('',*,*,#2333,.F.);
#817=ORIENTED_EDGE('',*,*,#2330,.F.);
#818=ORIENTED_EDGE('',*,*,#2325,.F.);
#819=ORIENTED_EDGE('',*,*,#2320,.F.);
#820=ORIENTED_EDGE('',*,*,#2334,.T.);
#821=ORIENTED_EDGE('',*,*,#2142,.T.);
#822=ORIENTED_EDGE('',*,*,#2335,.T.);
#823=ORIENTED_EDGE('',*,*,#2336,.F.);
#824=ORIENTED_EDGE('',*,*,#2336,.T.);
#825=ORIENTED_EDGE('',*,*,#2337,.T.);
#826=ORIENTED_EDGE('',*,*,#2338,.F.);
#827=ORIENTED_EDGE('',*,*,#2321,.F.);
#828=ORIENTED_EDGE('',*,*,#2140,.F.);
#829=ORIENTED_EDGE('',*,*,#2339,.T.);
#830=ORIENTED_EDGE('',*,*,#2322,.F.);
#831=ORIENTED_EDGE('',*,*,#2338,.T.);
#832=ORIENTED_EDGE('',*,*,#2340,.T.);
#833=ORIENTED_EDGE('',*,*,#2335,.F.);
#834=ORIENTED_EDGE('',*,*,#2141,.F.);
#835=ORIENTED_EDGE('',*,*,#2340,.F.);
#836=ORIENTED_EDGE('',*,*,#2337,.F.);
#837=ORIENTED_EDGE('',*,*,#2332,.F.);
#838=ORIENTED_EDGE('',*,*,#2164,.F.);
#839=ORIENTED_EDGE('',*,*,#1974,.F.);
#840=ORIENTED_EDGE('',*,*,#1876,.F.);
#841=ORIENTED_EDGE('',*,*,#1986,.F.);
#842=ORIENTED_EDGE('',*,*,#2168,.F.);
#843=ORIENTED_EDGE('',*,*,#2324,.F.);
#844=ORIENTED_EDGE('',*,*,#1962,.F.);
#845=ORIENTED_EDGE('',*,*,#2334,.F.);
#846=ORIENTED_EDGE('',*,*,#2319,.F.);
#847=ORIENTED_EDGE('',*,*,#2174,.F.);
#848=ORIENTED_EDGE('',*,*,#2143,.F.);
#849=ORIENTED_EDGE('',*,*,#1982,.F.);
#850=ORIENTED_EDGE('',*,*,#2323,.F.);
#851=ORIENTED_EDGE('',*,*,#2339,.F.);
#852=ORIENTED_EDGE('',*,*,#2139,.F.);
#853=ORIENTED_EDGE('',*,*,#2133,.T.);
#854=ORIENTED_EDGE('',*,*,#2341,.T.);
#855=ORIENTED_EDGE('',*,*,#2153,.F.);
#856=ORIENTED_EDGE('',*,*,#2342,.F.);
#857=ORIENTED_EDGE('',*,*,#2128,.T.);
#858=ORIENTED_EDGE('',*,*,#2134,.T.);
#859=ORIENTED_EDGE('',*,*,#2342,.T.);
#860=ORIENTED_EDGE('',*,*,#2173,.T.);
#861=ORIENTED_EDGE('',*,*,#2343,.F.);
#862=ORIENTED_EDGE('',*,*,#2344,.T.);
#863=ORIENTED_EDGE('',*,*,#2270,.T.);
#864=ORIENTED_EDGE('',*,*,#2123,.F.);
#865=ORIENTED_EDGE('',*,*,#2345,.F.);
#866=ORIENTED_EDGE('',*,*,#2346,.T.);
#867=ORIENTED_EDGE('',*,*,#2267,.F.);
#868=ORIENTED_EDGE('',*,*,#2347,.T.);
#869=ORIENTED_EDGE('',*,*,#2348,.T.);
#870=ORIENTED_EDGE('',*,*,#2349,.T.);
#871=ORIENTED_EDGE('',*,*,#2350,.T.);
#872=ORIENTED_EDGE('',*,*,#2280,.F.);
#873=ORIENTED_EDGE('',*,*,#2281,.F.);
#874=ORIENTED_EDGE('',*,*,#2350,.F.);
#875=ORIENTED_EDGE('',*,*,#2351,.T.);
#876=ORIENTED_EDGE('',*,*,#2345,.T.);
#877=ORIENTED_EDGE('',*,*,#2122,.F.);
#878=ORIENTED_EDGE('',*,*,#2348,.F.);
#879=ORIENTED_EDGE('',*,*,#2352,.T.);
#880=ORIENTED_EDGE('',*,*,#2343,.T.);
#881=ORIENTED_EDGE('',*,*,#2353,.T.);
#882=ORIENTED_EDGE('',*,*,#2354,.T.);
#883=ORIENTED_EDGE('',*,*,#2355,.T.);
#884=ORIENTED_EDGE('',*,*,#2356,.T.);
#885=ORIENTED_EDGE('',*,*,#2264,.T.);
#886=ORIENTED_EDGE('',*,*,#2351,.F.);
#887=ORIENTED_EDGE('',*,*,#2349,.F.);
#888=ORIENTED_EDGE('',*,*,#2353,.F.);
#889=ORIENTED_EDGE('',*,*,#2346,.F.);
#890=ORIENTED_EDGE('',*,*,#2357,.T.);
#891=ORIENTED_EDGE('',*,*,#2358,.T.);
#892=ORIENTED_EDGE('',*,*,#2347,.F.);
#893=ORIENTED_EDGE('',*,*,#2266,.F.);
#894=ORIENTED_EDGE('',*,*,#2344,.F.);
#895=ORIENTED_EDGE('',*,*,#2359,.T.);
#896=ORIENTED_EDGE('',*,*,#2360,.T.);
#897=ORIENTED_EDGE('',*,*,#2271,.F.);
#898=ORIENTED_EDGE('',*,*,#2361,.T.);
#899=ORIENTED_EDGE('',*,*,#2362,.T.);
#900=ORIENTED_EDGE('',*,*,#2354,.F.);
#901=ORIENTED_EDGE('',*,*,#2272,.F.);
#902=ORIENTED_EDGE('',*,*,#2360,.F.);
#903=ORIENTED_EDGE('',*,*,#2356,.F.);
#904=ORIENTED_EDGE('',*,*,#2363,.T.);
#905=ORIENTED_EDGE('',*,*,#2364,.T.);
#906=ORIENTED_EDGE('',*,*,#2357,.F.);
#907=ORIENTED_EDGE('',*,*,#2265,.F.);
#908=ORIENTED_EDGE('',*,*,#2364,.F.);
#909=ORIENTED_EDGE('',*,*,#2365,.T.);
#910=ORIENTED_EDGE('',*,*,#2361,.F.);
#911=ORIENTED_EDGE('',*,*,#2359,.F.);
#912=ORIENTED_EDGE('',*,*,#2352,.F.);
#913=ORIENTED_EDGE('',*,*,#2358,.F.);
#914=ORIENTED_EDGE('',*,*,#2362,.F.);
#915=ORIENTED_EDGE('',*,*,#2365,.F.);
#916=ORIENTED_EDGE('',*,*,#2363,.F.);
#917=ORIENTED_EDGE('',*,*,#2355,.F.);
#918=ORIENTED_EDGE('',*,*,#2198,.F.);
#919=ORIENTED_EDGE('',*,*,#2366,.F.);
#920=ORIENTED_EDGE('',*,*,#2061,.T.);
#921=ORIENTED_EDGE('',*,*,#2367,.T.);
#922=ORIENTED_EDGE('',*,*,#2199,.F.);
#923=ORIENTED_EDGE('',*,*,#2367,.F.);
#924=ORIENTED_EDGE('',*,*,#2060,.T.);
#925=ORIENTED_EDGE('',*,*,#2368,.T.);
#926=ORIENTED_EDGE('',*,*,#2276,.T.);
#927=ORIENTED_EDGE('',*,*,#2369,.T.);
#928=ORIENTED_EDGE('',*,*,#2370,.T.);
#929=ORIENTED_EDGE('',*,*,#2371,.F.);
#930=ORIENTED_EDGE('',*,*,#2372,.T.);
#931=ORIENTED_EDGE('',*,*,#2373,.T.);
#932=ORIENTED_EDGE('',*,*,#2374,.T.);
#933=ORIENTED_EDGE('',*,*,#2057,.T.);
#934=ORIENTED_EDGE('',*,*,#2366,.T.);
#935=ORIENTED_EDGE('',*,*,#2197,.F.);
#936=ORIENTED_EDGE('',*,*,#2278,.F.);
#937=ORIENTED_EDGE('',*,*,#2375,.T.);
#938=ORIENTED_EDGE('',*,*,#2376,.F.);
#939=ORIENTED_EDGE('',*,*,#2368,.F.);
#940=ORIENTED_EDGE('',*,*,#2377,.T.);
#941=ORIENTED_EDGE('',*,*,#2378,.T.);
#942=ORIENTED_EDGE('',*,*,#2375,.F.);
#943=ORIENTED_EDGE('',*,*,#2277,.F.);
#944=ORIENTED_EDGE('',*,*,#2203,.F.);
#945=ORIENTED_EDGE('',*,*,#2379,.F.);
#946=ORIENTED_EDGE('',*,*,#2380,.T.);
#947=ORIENTED_EDGE('',*,*,#2258,.T.);
#948=ORIENTED_EDGE('',*,*,#2202,.F.);
#949=ORIENTED_EDGE('',*,*,#2182,.F.);
#950=ORIENTED_EDGE('',*,*,#2381,.T.);
#951=ORIENTED_EDGE('',*,*,#2379,.T.);
#952=ORIENTED_EDGE('',*,*,#2380,.F.);
#953=ORIENTED_EDGE('',*,*,#2381,.F.);
#954=ORIENTED_EDGE('',*,*,#2181,.F.);
#955=ORIENTED_EDGE('',*,*,#2259,.F.);
#956=ORIENTED_EDGE('',*,*,#2299,.T.);
#957=ORIENTED_EDGE('',*,*,#2103,.T.);
#958=ORIENTED_EDGE('',*,*,#2382,.T.);
#959=ORIENTED_EDGE('',*,*,#2085,.F.);
#960=ORIENTED_EDGE('',*,*,#2069,.F.);
#961=ORIENTED_EDGE('',*,*,#2247,.F.);
#962=ORIENTED_EDGE('',*,*,#2118,.T.);
#963=ORIENTED_EDGE('',*,*,#2383,.T.);
#964=ORIENTED_EDGE('',*,*,#2070,.F.);
#965=ORIENTED_EDGE('',*,*,#2383,.F.);
#966=ORIENTED_EDGE('',*,*,#2117,.T.);
#967=ORIENTED_EDGE('',*,*,#2384,.T.);
#968=ORIENTED_EDGE('',*,*,#2071,.F.);
#969=ORIENTED_EDGE('',*,*,#2384,.F.);
#970=ORIENTED_EDGE('',*,*,#2116,.T.);
#971=ORIENTED_EDGE('',*,*,#2242,.T.);
#972=ORIENTED_EDGE('',*,*,#2073,.F.);
#973=ORIENTED_EDGE('',*,*,#2241,.F.);
#974=ORIENTED_EDGE('',*,*,#2114,.T.);
#975=ORIENTED_EDGE('',*,*,#2385,.T.);
#976=ORIENTED_EDGE('',*,*,#2074,.F.);
#977=ORIENTED_EDGE('',*,*,#2385,.F.);
#978=ORIENTED_EDGE('',*,*,#2113,.T.);
#979=ORIENTED_EDGE('',*,*,#2386,.T.);
#980=ORIENTED_EDGE('',*,*,#2075,.F.);
#981=ORIENTED_EDGE('',*,*,#2386,.F.);
#982=ORIENTED_EDGE('',*,*,#2112,.T.);
#983=ORIENTED_EDGE('',*,*,#2387,.T.);
#984=ORIENTED_EDGE('',*,*,#2076,.F.);
#985=ORIENTED_EDGE('',*,*,#2387,.F.);
#986=ORIENTED_EDGE('',*,*,#2111,.T.);
#987=ORIENTED_EDGE('',*,*,#2289,.T.);
#988=ORIENTED_EDGE('',*,*,#2086,.F.);
#989=ORIENTED_EDGE('',*,*,#2382,.F.);
#990=ORIENTED_EDGE('',*,*,#2102,.T.);
#991=ORIENTED_EDGE('',*,*,#2388,.T.);
#992=ORIENTED_EDGE('',*,*,#2087,.F.);
#993=ORIENTED_EDGE('',*,*,#2388,.F.);
#994=ORIENTED_EDGE('',*,*,#2101,.T.);
#995=ORIENTED_EDGE('',*,*,#2389,.T.);
#996=ORIENTED_EDGE('',*,*,#2088,.F.);
#997=ORIENTED_EDGE('',*,*,#2389,.F.);
#998=ORIENTED_EDGE('',*,*,#2100,.T.);
#999=ORIENTED_EDGE('',*,*,#2065,.T.);
#1000=ORIENTED_EDGE('',*,*,#2390,.T.);
#1001=ORIENTED_EDGE('',*,*,#2391,.T.);
#1002=ORIENTED_EDGE('',*,*,#2119,.F.);
#1003=ORIENTED_EDGE('',*,*,#2257,.F.);
#1004=ORIENTED_EDGE('',*,*,#2301,.F.);
#1005=ORIENTED_EDGE('',*,*,#2392,.T.);
#1006=ORIENTED_EDGE('',*,*,#2393,.T.);
#1007=ORIENTED_EDGE('',*,*,#2394,.T.);
#1008=ORIENTED_EDGE('',*,*,#2106,.T.);
#1009=ORIENTED_EDGE('',*,*,#2395,.T.);
#1010=ORIENTED_EDGE('',*,*,#2092,.F.);
#1011=ORIENTED_EDGE('',*,*,#2396,.F.);
#1012=ORIENTED_EDGE('',*,*,#2397,.T.);
#1013=ORIENTED_EDGE('',*,*,#1891,.F.);
#1014=ORIENTED_EDGE('',*,*,#2398,.T.);
#1015=ORIENTED_EDGE('',*,*,#2108,.F.);
#1016=ORIENTED_EDGE('',*,*,#2399,.T.);
#1017=ORIENTED_EDGE('',*,*,#2400,.T.);
#1018=ORIENTED_EDGE('',*,*,#2091,.F.);
#1019=ORIENTED_EDGE('',*,*,#2401,.F.);
#1020=ORIENTED_EDGE('',*,*,#2402,.T.);
#1021=ORIENTED_EDGE('',*,*,#2403,.T.);
#1022=ORIENTED_EDGE('',*,*,#1892,.F.);
#1023=ORIENTED_EDGE('',*,*,#2400,.F.);
#1024=ORIENTED_EDGE('',*,*,#2404,.T.);
#1025=ORIENTED_EDGE('',*,*,#2396,.T.);
#1026=ORIENTED_EDGE('',*,*,#2397,.F.);
#1027=ORIENTED_EDGE('',*,*,#2404,.F.);
#1028=ORIENTED_EDGE('',*,*,#2399,.F.);
#1029=ORIENTED_EDGE('',*,*,#2107,.F.);
#1030=ORIENTED_EDGE('',*,*,#2405,.T.);
#1031=ORIENTED_EDGE('',*,*,#2406,.T.);
#1032=ORIENTED_EDGE('',*,*,#2407,.F.);
#1033=ORIENTED_EDGE('',*,*,#2394,.F.);
#1034=ORIENTED_EDGE('',*,*,#2080,.F.);
#1035=ORIENTED_EDGE('',*,*,#2408,.T.);
#1036=ORIENTED_EDGE('',*,*,#2390,.F.);
#1037=ORIENTED_EDGE('',*,*,#2407,.T.);
#1038=ORIENTED_EDGE('',*,*,#2409,.T.);
#1039=ORIENTED_EDGE('',*,*,#2393,.F.);
#1040=ORIENTED_EDGE('',*,*,#2410,.T.);
#1041=ORIENTED_EDGE('',*,*,#2082,.T.);
#1042=ORIENTED_EDGE('',*,*,#2411,.T.);
#1043=ORIENTED_EDGE('',*,*,#2405,.F.);
#1044=ORIENTED_EDGE('',*,*,#2406,.F.);
#1045=ORIENTED_EDGE('',*,*,#2411,.F.);
#1046=ORIENTED_EDGE('',*,*,#2081,.F.);
#1047=ORIENTED_EDGE('',*,*,#2409,.F.);
#1048=ORIENTED_EDGE('',*,*,#2290,.F.);
#1049=ORIENTED_EDGE('',*,*,#2109,.F.);
#1050=ORIENTED_EDGE('',*,*,#2398,.F.);
#1051=ORIENTED_EDGE('',*,*,#1890,.F.);
#1052=ORIENTED_EDGE('',*,*,#2395,.F.);
#1053=ORIENTED_EDGE('',*,*,#2105,.F.);
#1054=ORIENTED_EDGE('',*,*,#2298,.F.);
#1055=ORIENTED_EDGE('',*,*,#2093,.F.);
#1056=ORIENTED_EDGE('',*,*,#2120,.F.);
#1057=ORIENTED_EDGE('',*,*,#2391,.F.);
#1058=ORIENTED_EDGE('',*,*,#2408,.F.);
#1059=ORIENTED_EDGE('',*,*,#2079,.F.);
#1060=ORIENTED_EDGE('',*,*,#2410,.F.);
#1061=ORIENTED_EDGE('',*,*,#2392,.F.);
#1062=ORIENTED_EDGE('',*,*,#2300,.F.);
#1063=ORIENTED_EDGE('',*,*,#2083,.F.);
#1064=ORIENTED_EDGE('',*,*,#2098,.T.);
#1065=ORIENTED_EDGE('',*,*,#2412,.T.);
#1066=ORIENTED_EDGE('',*,*,#2066,.F.);
#1067=ORIENTED_EDGE('',*,*,#2413,.F.);
#1068=ORIENTED_EDGE('',*,*,#2089,.T.);
#1069=ORIENTED_EDGE('',*,*,#2063,.T.);
#1070=ORIENTED_EDGE('',*,*,#2099,.T.);
#1071=ORIENTED_EDGE('',*,*,#2413,.T.);
#1072=ORIENTED_EDGE('',*,*,#2374,.F.);
#1073=ORIENTED_EDGE('',*,*,#2414,.T.);
#1074=ORIENTED_EDGE('',*,*,#2415,.T.);
#1075=ORIENTED_EDGE('',*,*,#2416,.T.);
#1076=ORIENTED_EDGE('',*,*,#2417,.T.);
#1077=ORIENTED_EDGE('',*,*,#2058,.F.);
#1078=ORIENTED_EDGE('',*,*,#2059,.F.);
#1079=ORIENTED_EDGE('',*,*,#2417,.F.);
#1080=ORIENTED_EDGE('',*,*,#2418,.T.);
#1081=ORIENTED_EDGE('',*,*,#2419,.T.);
#1082=ORIENTED_EDGE('',*,*,#2377,.F.);
#1083=ORIENTED_EDGE('',*,*,#2420,.F.);
#1084=ORIENTED_EDGE('',*,*,#2421,.T.);
#1085=ORIENTED_EDGE('',*,*,#2376,.T.);
#1086=ORIENTED_EDGE('',*,*,#2378,.F.);
#1087=ORIENTED_EDGE('',*,*,#2419,.F.);
#1088=ORIENTED_EDGE('',*,*,#2422,.T.);
#1089=ORIENTED_EDGE('',*,*,#2415,.F.);
#1090=ORIENTED_EDGE('',*,*,#2423,.T.);
#1091=ORIENTED_EDGE('',*,*,#2420,.T.);
#1092=ORIENTED_EDGE('',*,*,#2424,.T.);
#1093=ORIENTED_EDGE('',*,*,#2425,.T.);
#1094=ORIENTED_EDGE('',*,*,#2426,.T.);
#1095=ORIENTED_EDGE('',*,*,#2427,.T.);
#1096=ORIENTED_EDGE('',*,*,#2371,.T.);
#1097=ORIENTED_EDGE('',*,*,#2418,.F.);
#1098=ORIENTED_EDGE('',*,*,#2416,.F.);
#1099=ORIENTED_EDGE('',*,*,#2424,.F.);
#1100=ORIENTED_EDGE('',*,*,#2422,.F.);
#1101=ORIENTED_EDGE('',*,*,#2421,.F.);
#1102=ORIENTED_EDGE('',*,*,#2428,.T.);
#1103=ORIENTED_EDGE('',*,*,#2429,.T.);
#1104=ORIENTED_EDGE('',*,*,#2369,.F.);
#1105=ORIENTED_EDGE('',*,*,#2430,.T.);
#1106=ORIENTED_EDGE('',*,*,#2431,.T.);
#1107=ORIENTED_EDGE('',*,*,#2414,.F.);
#1108=ORIENTED_EDGE('',*,*,#2373,.F.);
#1109=ORIENTED_EDGE('',*,*,#2427,.F.);
#1110=ORIENTED_EDGE('',*,*,#2432,.T.);
#1111=ORIENTED_EDGE('',*,*,#2433,.T.);
#1112=ORIENTED_EDGE('',*,*,#2430,.F.);
#1113=ORIENTED_EDGE('',*,*,#2372,.F.);
#1114=ORIENTED_EDGE('',*,*,#2434,.T.);
#1115=ORIENTED_EDGE('',*,*,#2435,.T.);
#1116=ORIENTED_EDGE('',*,*,#2425,.F.);
#1117=ORIENTED_EDGE('',*,*,#2370,.F.);
#1118=ORIENTED_EDGE('',*,*,#2429,.F.);
#1119=ORIENTED_EDGE('',*,*,#2433,.F.);
#1120=ORIENTED_EDGE('',*,*,#2436,.T.);
#1121=ORIENTED_EDGE('',*,*,#2434,.F.);
#1122=ORIENTED_EDGE('',*,*,#2428,.F.);
#1123=ORIENTED_EDGE('',*,*,#2423,.F.);
#1124=ORIENTED_EDGE('',*,*,#2431,.F.);
#1125=ORIENTED_EDGE('',*,*,#2435,.F.);
#1126=ORIENTED_EDGE('',*,*,#2436,.F.);
#1127=ORIENTED_EDGE('',*,*,#2432,.F.);
#1128=ORIENTED_EDGE('',*,*,#2426,.F.);
#1129=ORIENTED_EDGE('',*,*,#2437,.T.);
#1130=ORIENTED_EDGE('',*,*,#2438,.F.);
#1131=ORIENTED_EDGE('',*,*,#2439,.F.);
#1132=ORIENTED_EDGE('',*,*,#2039,.T.);
#1133=ORIENTED_EDGE('',*,*,#2440,.T.);
#1134=ORIENTED_EDGE('',*,*,#2441,.F.);
#1135=ORIENTED_EDGE('',*,*,#2442,.F.);
#1136=ORIENTED_EDGE('',*,*,#2438,.T.);
#1137=ORIENTED_EDGE('',*,*,#2443,.T.);
#1138=ORIENTED_EDGE('',*,*,#2041,.F.);
#1139=ORIENTED_EDGE('',*,*,#2444,.F.);
#1140=ORIENTED_EDGE('',*,*,#2441,.T.);
#1141=ORIENTED_EDGE('',*,*,#2040,.T.);
#1142=ORIENTED_EDGE('',*,*,#2439,.T.);
#1143=ORIENTED_EDGE('',*,*,#2442,.T.);
#1144=ORIENTED_EDGE('',*,*,#2444,.T.);
#1145=ORIENTED_EDGE('',*,*,#2042,.F.);
#1146=ORIENTED_EDGE('',*,*,#2443,.F.);
#1147=ORIENTED_EDGE('',*,*,#2440,.F.);
#1148=ORIENTED_EDGE('',*,*,#2437,.F.);
#1149=ORIENTED_EDGE('',*,*,#2044,.F.);
#1150=ORIENTED_EDGE('',*,*,#2445,.F.);
#1151=ORIENTED_EDGE('',*,*,#2446,.T.);
#1152=ORIENTED_EDGE('',*,*,#1958,.T.);
#1153=ORIENTED_EDGE('',*,*,#2049,.F.);
#1154=ORIENTED_EDGE('',*,*,#2053,.F.);
#1155=ORIENTED_EDGE('',*,*,#2447,.T.);
#1156=ORIENTED_EDGE('',*,*,#2448,.T.);
#1157=ORIENTED_EDGE('',*,*,#2043,.F.);
#1158=ORIENTED_EDGE('',*,*,#2448,.F.);
#1159=ORIENTED_EDGE('',*,*,#2449,.T.);
#1160=ORIENTED_EDGE('',*,*,#2445,.T.);
#1161=ORIENTED_EDGE('',*,*,#1928,.T.);
#1162=ORIENTED_EDGE('',*,*,#2450,.T.);
#1163=ORIENTED_EDGE('',*,*,#1951,.F.);
#1164=ORIENTED_EDGE('',*,*,#2446,.F.);
#1165=ORIENTED_EDGE('',*,*,#2449,.F.);
#1166=ORIENTED_EDGE('',*,*,#2447,.F.);
#1167=ORIENTED_EDGE('',*,*,#2052,.F.);
#1168=ORIENTED_EDGE('',*,*,#2451,.T.);
#1169=ORIENTED_EDGE('',*,*,#1906,.F.);
#1170=ORIENTED_EDGE('',*,*,#2014,.F.);
#1171=ORIENTED_EDGE('',*,*,#1896,.T.);
#1172=ORIENTED_EDGE('',*,*,#2452,.T.);
#1173=ORIENTED_EDGE('',*,*,#2017,.F.);
#1174=ORIENTED_EDGE('',*,*,#2453,.T.);
#1175=ORIENTED_EDGE('',*,*,#1922,.F.);
#1176=ORIENTED_EDGE('',*,*,#1988,.F.);
#1177=ORIENTED_EDGE('',*,*,#1912,.T.);
#1178=ORIENTED_EDGE('',*,*,#2454,.T.);
#1179=ORIENTED_EDGE('',*,*,#1991,.F.);
#1180=ORIENTED_EDGE('',*,*,#2455,.T.);
#1181=ORIENTED_EDGE('',*,*,#1938,.F.);
#1182=ORIENTED_EDGE('',*,*,#1950,.F.);
#1183=ORIENTED_EDGE('',*,*,#1946,.T.);
#1184=ORIENTED_EDGE('',*,*,#2456,.T.);
#1185=ORIENTED_EDGE('',*,*,#1861,.F.);
#1186=ORIENTED_EDGE('',*,*,#2457,.T.);
#1187=ORIENTED_EDGE('',*,*,#2458,.T.);
#1188=ORIENTED_EDGE('',*,*,#2459,.F.);
#1189=ORIENTED_EDGE('',*,*,#2460,.F.);
#1190=ORIENTED_EDGE('',*,*,#2312,.T.);
#1191=ORIENTED_EDGE('',*,*,#2461,.T.);
#1192=ORIENTED_EDGE('',*,*,#2037,.F.);
#1193=ORIENTED_EDGE('',*,*,#1863,.F.);
#1194=ORIENTED_EDGE('',*,*,#2462,.T.);
#1195=ORIENTED_EDGE('',*,*,#2095,.T.);
#1196=ORIENTED_EDGE('',*,*,#2297,.F.);
#1197=ORIENTED_EDGE('',*,*,#2463,.T.);
#1198=ORIENTED_EDGE('',*,*,#2314,.F.);
#1199=ORIENTED_EDGE('',*,*,#2464,.F.);
#1200=ORIENTED_EDGE('',*,*,#2465,.T.);
#1201=ORIENTED_EDGE('',*,*,#2466,.T.);
#1202=ORIENTED_EDGE('',*,*,#2467,.F.);
#1203=ORIENTED_EDGE('',*,*,#2468,.F.);
#1204=ORIENTED_EDGE('',*,*,#2464,.T.);
#1205=ORIENTED_EDGE('',*,*,#2313,.T.);
#1206=ORIENTED_EDGE('',*,*,#2460,.T.);
#1207=ORIENTED_EDGE('',*,*,#2311,.F.);
#1208=ORIENTED_EDGE('',*,*,#2026,.F.);
#1209=ORIENTED_EDGE('',*,*,#2038,.F.);
#1210=ORIENTED_EDGE('',*,*,#2461,.F.);
#1211=ORIENTED_EDGE('',*,*,#2451,.F.);
#1212=ORIENTED_EDGE('',*,*,#2051,.F.);
#1213=ORIENTED_EDGE('',*,*,#2288,.F.);
#1214=ORIENTED_EDGE('',*,*,#1907,.F.);
#1215=ORIENTED_EDGE('',*,*,#2028,.F.);
#1216=ORIENTED_EDGE('',*,*,#2018,.F.);
#1217=ORIENTED_EDGE('',*,*,#2452,.F.);
#1218=ORIENTED_EDGE('',*,*,#1895,.F.);
#1219=ORIENTED_EDGE('',*,*,#2296,.F.);
#1220=ORIENTED_EDGE('',*,*,#2178,.F.);
#1221=ORIENTED_EDGE('',*,*,#2315,.F.);
#1222=ORIENTED_EDGE('',*,*,#2463,.F.);
#1223=ORIENTED_EDGE('',*,*,#2236,.T.);
#1224=ORIENTED_EDGE('',*,*,#2469,.F.);
#1225=ORIENTED_EDGE('',*,*,#2470,.F.);
#1226=ORIENTED_EDGE('',*,*,#2471,.T.);
#1227=ORIENTED_EDGE('',*,*,#2240,.T.);
#1228=ORIENTED_EDGE('',*,*,#2472,.F.);
#1229=ORIENTED_EDGE('',*,*,#2473,.F.);
#1230=ORIENTED_EDGE('',*,*,#2469,.T.);
#1231=ORIENTED_EDGE('',*,*,#2239,.T.);
#1232=ORIENTED_EDGE('',*,*,#2474,.T.);
#1233=ORIENTED_EDGE('',*,*,#2475,.F.);
#1234=ORIENTED_EDGE('',*,*,#2472,.T.);
#1235=ORIENTED_EDGE('',*,*,#2476,.F.);
#1236=ORIENTED_EDGE('',*,*,#2477,.T.);
#1237=ORIENTED_EDGE('',*,*,#2237,.T.);
#1238=ORIENTED_EDGE('',*,*,#2471,.F.);
#1239=ORIENTED_EDGE('',*,*,#2466,.F.);
#1240=ORIENTED_EDGE('',*,*,#2478,.F.);
#1241=ORIENTED_EDGE('',*,*,#2458,.F.);
#1242=ORIENTED_EDGE('',*,*,#2479,.F.);
#1243=ORIENTED_EDGE('',*,*,#2475,.T.);
#1244=ORIENTED_EDGE('',*,*,#2480,.T.);
#1245=ORIENTED_EDGE('',*,*,#2476,.T.);
#1246=ORIENTED_EDGE('',*,*,#2470,.T.);
#1247=ORIENTED_EDGE('',*,*,#2473,.T.);
#1248=ORIENTED_EDGE('',*,*,#1864,.T.);
#1249=ORIENTED_EDGE('',*,*,#2467,.T.);
#1250=ORIENTED_EDGE('',*,*,#2479,.T.);
#1251=ORIENTED_EDGE('',*,*,#2457,.F.);
#1252=ORIENTED_EDGE('',*,*,#2468,.T.);
#1253=ORIENTED_EDGE('',*,*,#2459,.T.);
#1254=ORIENTED_EDGE('',*,*,#2478,.T.);
#1255=ORIENTED_EDGE('',*,*,#2465,.F.);
#1256=ORIENTED_EDGE('',*,*,#2231,.T.);
#1257=ORIENTED_EDGE('',*,*,#2481,.T.);
#1258=ORIENTED_EDGE('',*,*,#2482,.F.);
#1259=ORIENTED_EDGE('',*,*,#2483,.T.);
#1260=ORIENTED_EDGE('',*,*,#2484,.F.);
#1261=ORIENTED_EDGE('',*,*,#2485,.T.);
#1262=ORIENTED_EDGE('',*,*,#2234,.T.);
#1263=ORIENTED_EDGE('',*,*,#2486,.F.);
#1264=ORIENTED_EDGE('',*,*,#2233,.T.);
#1265=ORIENTED_EDGE('',*,*,#2487,.F.);
#1266=ORIENTED_EDGE('',*,*,#2488,.F.);
#1267=ORIENTED_EDGE('',*,*,#2486,.T.);
#1268=ORIENTED_EDGE('',*,*,#2232,.T.);
#1269=ORIENTED_EDGE('',*,*,#2483,.F.);
#1270=ORIENTED_EDGE('',*,*,#2489,.F.);
#1271=ORIENTED_EDGE('',*,*,#2487,.T.);
#1272=ORIENTED_EDGE('',*,*,#2490,.F.);
#1273=ORIENTED_EDGE('',*,*,#1899,.F.);
#1274=ORIENTED_EDGE('',*,*,#2491,.F.);
#1275=ORIENTED_EDGE('',*,*,#1903,.F.);
#1276=ORIENTED_EDGE('',*,*,#2482,.T.);
#1277=ORIENTED_EDGE('',*,*,#2492,.T.);
#1278=ORIENTED_EDGE('',*,*,#2484,.T.);
#1279=ORIENTED_EDGE('',*,*,#2488,.T.);
#1280=ORIENTED_EDGE('',*,*,#2489,.T.);
#1281=ORIENTED_EDGE('',*,*,#1860,.T.);
#1282=ORIENTED_EDGE('',*,*,#1900,.T.);
#1283=ORIENTED_EDGE('',*,*,#2490,.T.);
#1284=ORIENTED_EDGE('',*,*,#1902,.F.);
#1285=ORIENTED_EDGE('',*,*,#2013,.T.);
#1286=ORIENTED_EDGE('',*,*,#1904,.T.);
#1287=ORIENTED_EDGE('',*,*,#2491,.T.);
#1288=ORIENTED_EDGE('',*,*,#1898,.F.);
#1289=ORIENTED_EDGE('',*,*,#1942,.T.);
#1290=ORIENTED_EDGE('',*,*,#2493,.T.);
#1291=ORIENTED_EDGE('',*,*,#1853,.F.);
#1292=ORIENTED_EDGE('',*,*,#2494,.T.);
#1293=ORIENTED_EDGE('',*,*,#2495,.T.);
#1294=ORIENTED_EDGE('',*,*,#2496,.F.);
#1295=ORIENTED_EDGE('',*,*,#2497,.F.);
#1296=ORIENTED_EDGE('',*,*,#2307,.T.);
#1297=ORIENTED_EDGE('',*,*,#2498,.T.);
#1298=ORIENTED_EDGE('',*,*,#2011,.F.);
#1299=ORIENTED_EDGE('',*,*,#1855,.F.);
#1300=ORIENTED_EDGE('',*,*,#2499,.T.);
#1301=ORIENTED_EDGE('',*,*,#2022,.T.);
#1302=ORIENTED_EDGE('',*,*,#2033,.F.);
#1303=ORIENTED_EDGE('',*,*,#2500,.T.);
#1304=ORIENTED_EDGE('',*,*,#2309,.F.);
#1305=ORIENTED_EDGE('',*,*,#2501,.F.);
#1306=ORIENTED_EDGE('',*,*,#2502,.T.);
#1307=ORIENTED_EDGE('',*,*,#2503,.T.);
#1308=ORIENTED_EDGE('',*,*,#2504,.F.);
#1309=ORIENTED_EDGE('',*,*,#2505,.F.);
#1310=ORIENTED_EDGE('',*,*,#2501,.T.);
#1311=ORIENTED_EDGE('',*,*,#2308,.T.);
#1312=ORIENTED_EDGE('',*,*,#2497,.T.);
#1313=ORIENTED_EDGE('',*,*,#2306,.F.);
#1314=ORIENTED_EDGE('',*,*,#2000,.F.);
#1315=ORIENTED_EDGE('',*,*,#2012,.F.);
#1316=ORIENTED_EDGE('',*,*,#2498,.F.);
#1317=ORIENTED_EDGE('',*,*,#2453,.F.);
#1318=ORIENTED_EDGE('',*,*,#2016,.F.);
#1319=ORIENTED_EDGE('',*,*,#2027,.F.);
#1320=ORIENTED_EDGE('',*,*,#1923,.F.);
#1321=ORIENTED_EDGE('',*,*,#2002,.F.);
#1322=ORIENTED_EDGE('',*,*,#1992,.F.);
#1323=ORIENTED_EDGE('',*,*,#2454,.F.);
#1324=ORIENTED_EDGE('',*,*,#1911,.F.);
#1325=ORIENTED_EDGE('',*,*,#2032,.F.);
#1326=ORIENTED_EDGE('',*,*,#2024,.F.);
#1327=ORIENTED_EDGE('',*,*,#2310,.F.);
#1328=ORIENTED_EDGE('',*,*,#2500,.F.);
#1329=ORIENTED_EDGE('',*,*,#2226,.T.);
#1330=ORIENTED_EDGE('',*,*,#2506,.F.);
#1331=ORIENTED_EDGE('',*,*,#2507,.F.);
#1332=ORIENTED_EDGE('',*,*,#2508,.T.);
#1333=ORIENTED_EDGE('',*,*,#2230,.T.);
#1334=ORIENTED_EDGE('',*,*,#2509,.F.);
#1335=ORIENTED_EDGE('',*,*,#2510,.F.);
#1336=ORIENTED_EDGE('',*,*,#2506,.T.);
#1337=ORIENTED_EDGE('',*,*,#2229,.T.);
#1338=ORIENTED_EDGE('',*,*,#2511,.T.);
#1339=ORIENTED_EDGE('',*,*,#2512,.F.);
#1340=ORIENTED_EDGE('',*,*,#2509,.T.);
#1341=ORIENTED_EDGE('',*,*,#2513,.F.);
#1342=ORIENTED_EDGE('',*,*,#2514,.T.);
#1343=ORIENTED_EDGE('',*,*,#2227,.T.);
#1344=ORIENTED_EDGE('',*,*,#2508,.F.);
#1345=ORIENTED_EDGE('',*,*,#2503,.F.);
#1346=ORIENTED_EDGE('',*,*,#2515,.F.);
#1347=ORIENTED_EDGE('',*,*,#2495,.F.);
#1348=ORIENTED_EDGE('',*,*,#2516,.F.);
#1349=ORIENTED_EDGE('',*,*,#2512,.T.);
#1350=ORIENTED_EDGE('',*,*,#2517,.T.);
#1351=ORIENTED_EDGE('',*,*,#2513,.T.);
#1352=ORIENTED_EDGE('',*,*,#2507,.T.);
#1353=ORIENTED_EDGE('',*,*,#2510,.T.);
#1354=ORIENTED_EDGE('',*,*,#1856,.T.);
#1355=ORIENTED_EDGE('',*,*,#2504,.T.);
#1356=ORIENTED_EDGE('',*,*,#2516,.T.);
#1357=ORIENTED_EDGE('',*,*,#2494,.F.);
#1358=ORIENTED_EDGE('',*,*,#2505,.T.);
#1359=ORIENTED_EDGE('',*,*,#2496,.T.);
#1360=ORIENTED_EDGE('',*,*,#2515,.T.);
#1361=ORIENTED_EDGE('',*,*,#2502,.F.);
#1362=ORIENTED_EDGE('',*,*,#1960,.T.);
#1363=ORIENTED_EDGE('',*,*,#2518,.T.);
#1364=ORIENTED_EDGE('',*,*,#1845,.F.);
#1365=ORIENTED_EDGE('',*,*,#2519,.T.);
#1366=ORIENTED_EDGE('',*,*,#2520,.T.);
#1367=ORIENTED_EDGE('',*,*,#2521,.F.);
#1368=ORIENTED_EDGE('',*,*,#2522,.F.);
#1369=ORIENTED_EDGE('',*,*,#2317,.T.);
#1370=ORIENTED_EDGE('',*,*,#2523,.T.);
#1371=ORIENTED_EDGE('',*,*,#1978,.F.);
#1372=ORIENTED_EDGE('',*,*,#1847,.F.);
#1373=ORIENTED_EDGE('',*,*,#2524,.T.);
#1374=ORIENTED_EDGE('',*,*,#1996,.T.);
#1375=ORIENTED_EDGE('',*,*,#2007,.F.);
#1376=ORIENTED_EDGE('',*,*,#2525,.T.);
#1377=ORIENTED_EDGE('',*,*,#2304,.F.);
#1378=ORIENTED_EDGE('',*,*,#2526,.F.);
#1379=ORIENTED_EDGE('',*,*,#2527,.T.);
#1380=ORIENTED_EDGE('',*,*,#2528,.T.);
#1381=ORIENTED_EDGE('',*,*,#2529,.F.);
#1382=ORIENTED_EDGE('',*,*,#2530,.F.);
#1383=ORIENTED_EDGE('',*,*,#2526,.T.);
#1384=ORIENTED_EDGE('',*,*,#2318,.T.);
#1385=ORIENTED_EDGE('',*,*,#2522,.T.);
#1386=ORIENTED_EDGE('',*,*,#2316,.F.);
#1387=ORIENTED_EDGE('',*,*,#1966,.F.);
#1388=ORIENTED_EDGE('',*,*,#1979,.F.);
#1389=ORIENTED_EDGE('',*,*,#2523,.F.);
#1390=ORIENTED_EDGE('',*,*,#2455,.F.);
#1391=ORIENTED_EDGE('',*,*,#1990,.F.);
#1392=ORIENTED_EDGE('',*,*,#2001,.F.);
#1393=ORIENTED_EDGE('',*,*,#1939,.F.);
#1394=ORIENTED_EDGE('',*,*,#1973,.F.);
#1395=ORIENTED_EDGE('',*,*,#1952,.F.);
#1396=ORIENTED_EDGE('',*,*,#2450,.F.);
#1397=ORIENTED_EDGE('',*,*,#1927,.F.);
#1398=ORIENTED_EDGE('',*,*,#2006,.F.);
#1399=ORIENTED_EDGE('',*,*,#1998,.F.);
#1400=ORIENTED_EDGE('',*,*,#2305,.F.);
#1401=ORIENTED_EDGE('',*,*,#2525,.F.);
#1402=ORIENTED_EDGE('',*,*,#2221,.T.);
#1403=ORIENTED_EDGE('',*,*,#2531,.F.);
#1404=ORIENTED_EDGE('',*,*,#2532,.F.);
#1405=ORIENTED_EDGE('',*,*,#2533,.T.);
#1406=ORIENTED_EDGE('',*,*,#2225,.T.);
#1407=ORIENTED_EDGE('',*,*,#2534,.F.);
#1408=ORIENTED_EDGE('',*,*,#2535,.F.);
#1409=ORIENTED_EDGE('',*,*,#2531,.T.);
#1410=ORIENTED_EDGE('',*,*,#2224,.T.);
#1411=ORIENTED_EDGE('',*,*,#2536,.T.);
#1412=ORIENTED_EDGE('',*,*,#2537,.F.);
#1413=ORIENTED_EDGE('',*,*,#2534,.T.);
#1414=ORIENTED_EDGE('',*,*,#2538,.F.);
#1415=ORIENTED_EDGE('',*,*,#2539,.T.);
#1416=ORIENTED_EDGE('',*,*,#2222,.T.);
#1417=ORIENTED_EDGE('',*,*,#2533,.F.);
#1418=ORIENTED_EDGE('',*,*,#2528,.F.);
#1419=ORIENTED_EDGE('',*,*,#2540,.F.);
#1420=ORIENTED_EDGE('',*,*,#2520,.F.);
#1421=ORIENTED_EDGE('',*,*,#2541,.F.);
#1422=ORIENTED_EDGE('',*,*,#2537,.T.);
#1423=ORIENTED_EDGE('',*,*,#2542,.T.);
#1424=ORIENTED_EDGE('',*,*,#2538,.T.);
#1425=ORIENTED_EDGE('',*,*,#2532,.T.);
#1426=ORIENTED_EDGE('',*,*,#2535,.T.);
#1427=ORIENTED_EDGE('',*,*,#1848,.T.);
#1428=ORIENTED_EDGE('',*,*,#2529,.T.);
#1429=ORIENTED_EDGE('',*,*,#2541,.T.);
#1430=ORIENTED_EDGE('',*,*,#2519,.F.);
#1431=ORIENTED_EDGE('',*,*,#2530,.T.);
#1432=ORIENTED_EDGE('',*,*,#2521,.T.);
#1433=ORIENTED_EDGE('',*,*,#2540,.T.);
#1434=ORIENTED_EDGE('',*,*,#2527,.F.);
#1435=ORIENTED_EDGE('',*,*,#2543,.F.);
#1436=ORIENTED_EDGE('',*,*,#2544,.T.);
#1437=ORIENTED_EDGE('',*,*,#2216,.T.);
#1438=ORIENTED_EDGE('',*,*,#2545,.F.);
#1439=ORIENTED_EDGE('',*,*,#2220,.T.);
#1440=ORIENTED_EDGE('',*,*,#2546,.F.);
#1441=ORIENTED_EDGE('',*,*,#2547,.F.);
#1442=ORIENTED_EDGE('',*,*,#2545,.T.);
#1443=ORIENTED_EDGE('',*,*,#2219,.T.);
#1444=ORIENTED_EDGE('',*,*,#2548,.F.);
#1445=ORIENTED_EDGE('',*,*,#2549,.F.);
#1446=ORIENTED_EDGE('',*,*,#2546,.T.);
#1447=ORIENTED_EDGE('',*,*,#2218,.T.);
#1448=ORIENTED_EDGE('',*,*,#2550,.T.);
#1449=ORIENTED_EDGE('',*,*,#2551,.F.);
#1450=ORIENTED_EDGE('',*,*,#2548,.T.);
#1451=ORIENTED_EDGE('',*,*,#2552,.F.);
#1452=ORIENTED_EDGE('',*,*,#1915,.F.);
#1453=ORIENTED_EDGE('',*,*,#2553,.F.);
#1454=ORIENTED_EDGE('',*,*,#1919,.F.);
#1455=ORIENTED_EDGE('',*,*,#2551,.T.);
#1456=ORIENTED_EDGE('',*,*,#2554,.T.);
#1457=ORIENTED_EDGE('',*,*,#2543,.T.);
#1458=ORIENTED_EDGE('',*,*,#2547,.T.);
#1459=ORIENTED_EDGE('',*,*,#2549,.T.);
#1460=ORIENTED_EDGE('',*,*,#1852,.T.);
#1461=ORIENTED_EDGE('',*,*,#1916,.T.);
#1462=ORIENTED_EDGE('',*,*,#2552,.T.);
#1463=ORIENTED_EDGE('',*,*,#1918,.F.);
#1464=ORIENTED_EDGE('',*,*,#1987,.T.);
#1465=ORIENTED_EDGE('',*,*,#1920,.T.);
#1466=ORIENTED_EDGE('',*,*,#2553,.T.);
#1467=ORIENTED_EDGE('',*,*,#1914,.F.);
#1468=ORIENTED_EDGE('',*,*,#2555,.F.);
#1469=ORIENTED_EDGE('',*,*,#2556,.T.);
#1470=ORIENTED_EDGE('',*,*,#2211,.T.);
#1471=ORIENTED_EDGE('',*,*,#2557,.F.);
#1472=ORIENTED_EDGE('',*,*,#2215,.T.);
#1473=ORIENTED_EDGE('',*,*,#2558,.F.);
#1474=ORIENTED_EDGE('',*,*,#2559,.F.);
#1475=ORIENTED_EDGE('',*,*,#2557,.T.);
#1476=ORIENTED_EDGE('',*,*,#2214,.T.);
#1477=ORIENTED_EDGE('',*,*,#2560,.F.);
#1478=ORIENTED_EDGE('',*,*,#2561,.F.);
#1479=ORIENTED_EDGE('',*,*,#2558,.T.);
#1480=ORIENTED_EDGE('',*,*,#2213,.T.);
#1481=ORIENTED_EDGE('',*,*,#2562,.T.);
#1482=ORIENTED_EDGE('',*,*,#2563,.F.);
#1483=ORIENTED_EDGE('',*,*,#2560,.T.);
#1484=ORIENTED_EDGE('',*,*,#2564,.F.);
#1485=ORIENTED_EDGE('',*,*,#1931,.F.);
#1486=ORIENTED_EDGE('',*,*,#2565,.F.);
#1487=ORIENTED_EDGE('',*,*,#1935,.F.);
#1488=ORIENTED_EDGE('',*,*,#2563,.T.);
#1489=ORIENTED_EDGE('',*,*,#2566,.T.);
#1490=ORIENTED_EDGE('',*,*,#2555,.T.);
#1491=ORIENTED_EDGE('',*,*,#2559,.T.);
#1492=ORIENTED_EDGE('',*,*,#2561,.T.);
#1493=ORIENTED_EDGE('',*,*,#1844,.T.);
#1494=ORIENTED_EDGE('',*,*,#1932,.T.);
#1495=ORIENTED_EDGE('',*,*,#2564,.T.);
#1496=ORIENTED_EDGE('',*,*,#1934,.F.);
#1497=ORIENTED_EDGE('',*,*,#1949,.T.);
#1498=ORIENTED_EDGE('',*,*,#1936,.T.);
#1499=ORIENTED_EDGE('',*,*,#2565,.T.);
#1500=ORIENTED_EDGE('',*,*,#1930,.F.);
#1501=ORIENTED_EDGE('',*,*,#1870,.T.);
#1502=ORIENTED_EDGE('',*,*,#2567,.T.);
#1503=ORIENTED_EDGE('',*,*,#2568,.T.);
#1504=ORIENTED_EDGE('',*,*,#2569,.T.);
#1505=ORIENTED_EDGE('',*,*,#1948,.T.);
#1506=ORIENTED_EDGE('',*,*,#2036,.F.);
#1507=ORIENTED_EDGE('',*,*,#2570,.F.);
#1508=ORIENTED_EDGE('',*,*,#2029,.T.);
#1509=ORIENTED_EDGE('',*,*,#2571,.T.);
#1510=ORIENTED_EDGE('',*,*,#2572,.T.);
#1511=ORIENTED_EDGE('',*,*,#1886,.T.);
#1512=ORIENTED_EDGE('',*,*,#2031,.F.);
#1513=ORIENTED_EDGE('',*,*,#2573,.F.);
#1514=ORIENTED_EDGE('',*,*,#2034,.T.);
#1515=ORIENTED_EDGE('',*,*,#2020,.T.);
#1516=ORIENTED_EDGE('',*,*,#2574,.T.);
#1517=ORIENTED_EDGE('',*,*,#2030,.T.);
#1518=ORIENTED_EDGE('',*,*,#2570,.T.);
#1519=ORIENTED_EDGE('',*,*,#2035,.T.);
#1520=ORIENTED_EDGE('',*,*,#2573,.T.);
#1521=ORIENTED_EDGE('',*,*,#1866,.T.);
#1522=ORIENTED_EDGE('',*,*,#2575,.T.);
#1523=ORIENTED_EDGE('',*,*,#2576,.T.);
#1524=ORIENTED_EDGE('',*,*,#2577,.T.);
#1525=ORIENTED_EDGE('',*,*,#1944,.T.);
#1526=ORIENTED_EDGE('',*,*,#2010,.F.);
#1527=ORIENTED_EDGE('',*,*,#2578,.F.);
#1528=ORIENTED_EDGE('',*,*,#2003,.T.);
#1529=ORIENTED_EDGE('',*,*,#2579,.T.);
#1530=ORIENTED_EDGE('',*,*,#2580,.T.);
#1531=ORIENTED_EDGE('',*,*,#1882,.T.);
#1532=ORIENTED_EDGE('',*,*,#2005,.F.);
#1533=ORIENTED_EDGE('',*,*,#2581,.F.);
#1534=ORIENTED_EDGE('',*,*,#2008,.T.);
#1535=ORIENTED_EDGE('',*,*,#1994,.T.);
#1536=ORIENTED_EDGE('',*,*,#2582,.T.);
#1537=ORIENTED_EDGE('',*,*,#2004,.T.);
#1538=ORIENTED_EDGE('',*,*,#2578,.T.);
#1539=ORIENTED_EDGE('',*,*,#2009,.T.);
#1540=ORIENTED_EDGE('',*,*,#2581,.T.);
#1541=ORIENTED_EDGE('',*,*,#2554,.F.);
#1542=ORIENTED_EDGE('',*,*,#2550,.F.);
#1543=ORIENTED_EDGE('',*,*,#2217,.F.);
#1544=ORIENTED_EDGE('',*,*,#2544,.F.);
#1545=ORIENTED_EDGE('',*,*,#2517,.F.);
#1546=ORIENTED_EDGE('',*,*,#2511,.F.);
#1547=ORIENTED_EDGE('',*,*,#2228,.F.);
#1548=ORIENTED_EDGE('',*,*,#2514,.F.);
#1549=ORIENTED_EDGE('',*,*,#2492,.F.);
#1550=ORIENTED_EDGE('',*,*,#2481,.F.);
#1551=ORIENTED_EDGE('',*,*,#2235,.F.);
#1552=ORIENTED_EDGE('',*,*,#2485,.F.);
#1553=ORIENTED_EDGE('',*,*,#2480,.F.);
#1554=ORIENTED_EDGE('',*,*,#2474,.F.);
#1555=ORIENTED_EDGE('',*,*,#2238,.F.);
#1556=ORIENTED_EDGE('',*,*,#2477,.F.);
#1557=ORIENTED_EDGE('',*,*,#2566,.F.);
#1558=ORIENTED_EDGE('',*,*,#2562,.F.);
#1559=ORIENTED_EDGE('',*,*,#2212,.F.);
#1560=ORIENTED_EDGE('',*,*,#2556,.F.);
#1561=ORIENTED_EDGE('',*,*,#2542,.F.);
#1562=ORIENTED_EDGE('',*,*,#2536,.F.);
#1563=ORIENTED_EDGE('',*,*,#2223,.F.);
#1564=ORIENTED_EDGE('',*,*,#2539,.F.);
#1565=ORIENTED_EDGE('',*,*,#1901,.F.);
#1566=ORIENTED_EDGE('',*,*,#1887,.T.);
#1567=ORIENTED_EDGE('',*,*,#2403,.F.);
#1568=ORIENTED_EDGE('',*,*,#2583,.T.);
#1569=ORIENTED_EDGE('',*,*,#2327,.T.);
#1570=ORIENTED_EDGE('',*,*,#1873,.T.);
#1571=ORIENTED_EDGE('',*,*,#1925,.F.);
#1572=ORIENTED_EDGE('',*,*,#1842,.F.);
#1573=ORIENTED_EDGE('',*,*,#1933,.F.);
#1574=ORIENTED_EDGE('',*,*,#1879,.T.);
#1575=ORIENTED_EDGE('',*,*,#2580,.F.);
#1576=ORIENTED_EDGE('',*,*,#2584,.F.);
#1577=ORIENTED_EDGE('',*,*,#2575,.F.);
#1578=ORIENTED_EDGE('',*,*,#1865,.T.);
#1579=ORIENTED_EDGE('',*,*,#1909,.F.);
#1580=ORIENTED_EDGE('',*,*,#1850,.F.);
#1581=ORIENTED_EDGE('',*,*,#1917,.F.);
#1582=ORIENTED_EDGE('',*,*,#1883,.T.);
#1583=ORIENTED_EDGE('',*,*,#2572,.F.);
#1584=ORIENTED_EDGE('',*,*,#2585,.F.);
#1585=ORIENTED_EDGE('',*,*,#2567,.F.);
#1586=ORIENTED_EDGE('',*,*,#1869,.T.);
#1587=ORIENTED_EDGE('',*,*,#1893,.F.);
#1588=ORIENTED_EDGE('',*,*,#1858,.F.);
#1589=ORIENTED_EDGE('',*,*,#2401,.T.);
#1590=ORIENTED_EDGE('',*,*,#2090,.T.);
#1591=ORIENTED_EDGE('',*,*,#2462,.F.);
#1592=ORIENTED_EDGE('',*,*,#1862,.F.);
#1593=ORIENTED_EDGE('',*,*,#2456,.F.);
#1594=ORIENTED_EDGE('',*,*,#1945,.T.);
#1595=ORIENTED_EDGE('',*,*,#2569,.F.);
#1596=ORIENTED_EDGE('',*,*,#2586,.F.);
#1597=ORIENTED_EDGE('',*,*,#2574,.F.);
#1598=ORIENTED_EDGE('',*,*,#2019,.T.);
#1599=ORIENTED_EDGE('',*,*,#2499,.F.);
#1600=ORIENTED_EDGE('',*,*,#1854,.F.);
#1601=ORIENTED_EDGE('',*,*,#2493,.F.);
#1602=ORIENTED_EDGE('',*,*,#1941,.T.);
#1603=ORIENTED_EDGE('',*,*,#2577,.F.);
#1604=ORIENTED_EDGE('',*,*,#2587,.F.);
#1605=ORIENTED_EDGE('',*,*,#2582,.F.);
#1606=ORIENTED_EDGE('',*,*,#1993,.T.);
#1607=ORIENTED_EDGE('',*,*,#2524,.F.);
#1608=ORIENTED_EDGE('',*,*,#1846,.F.);
#1609=ORIENTED_EDGE('',*,*,#2518,.F.);
#1610=ORIENTED_EDGE('',*,*,#1959,.T.);
#1611=ORIENTED_EDGE('',*,*,#2329,.F.);
#1612=ORIENTED_EDGE('',*,*,#2588,.T.);
#1613=ORIENTED_EDGE('',*,*,#2568,.F.);
#1614=ORIENTED_EDGE('',*,*,#2585,.T.);
#1615=ORIENTED_EDGE('',*,*,#2571,.F.);
#1616=ORIENTED_EDGE('',*,*,#2586,.T.);
#1617=ORIENTED_EDGE('',*,*,#2576,.F.);
#1618=ORIENTED_EDGE('',*,*,#2584,.T.);
#1619=ORIENTED_EDGE('',*,*,#2579,.F.);
#1620=ORIENTED_EDGE('',*,*,#2587,.T.);
#1621=ORIENTED_EDGE('',*,*,#2402,.F.);
#1622=ORIENTED_EDGE('',*,*,#2588,.F.);
#1623=ORIENTED_EDGE('',*,*,#2328,.F.);
#1624=ORIENTED_EDGE('',*,*,#2583,.F.);
#1625=ORIENTED_EDGE('',*,*,#2245,.F.);
#1626=ORIENTED_EDGE('',*,*,#2154,.F.);
#1627=ORIENTED_EDGE('',*,*,#2589,.F.);
#1628=ORIENTED_EDGE('',*,*,#2210,.F.);
#1629=ORIENTED_EDGE('',*,*,#2589,.T.);
#1630=ORIENTED_EDGE('',*,*,#2341,.F.);
#1631=ORIENTED_EDGE('',*,*,#2590,.F.);
#1632=ORIENTED_EDGE('',*,*,#2185,.F.);
#1633=ORIENTED_EDGE('',*,*,#2243,.F.);
#1634=ORIENTED_EDGE('',*,*,#2186,.F.);
#1635=ORIENTED_EDGE('',*,*,#2590,.T.);
#1636=ORIENTED_EDGE('',*,*,#2132,.F.);
#1637=ORIENTED_EDGE('',*,*,#2246,.F.);
#1638=ORIENTED_EDGE('',*,*,#2208,.F.);
#1639=ORIENTED_EDGE('',*,*,#2591,.F.);
#1640=ORIENTED_EDGE('',*,*,#2097,.F.);
#1641=ORIENTED_EDGE('',*,*,#2591,.T.);
#1642=ORIENTED_EDGE('',*,*,#2207,.F.);
#1643=ORIENTED_EDGE('',*,*,#2592,.F.);
#1644=ORIENTED_EDGE('',*,*,#2412,.F.);
#1645=ORIENTED_EDGE('',*,*,#2592,.T.);
#1646=ORIENTED_EDGE('',*,*,#2206,.F.);
#1647=ORIENTED_EDGE('',*,*,#2248,.F.);
#1648=ORIENTED_EDGE('',*,*,#2067,.F.);
#1649=ORIENTED_EDGE('',*,*,#2593,.F.);
#1650=ORIENTED_EDGE('',*,*,#2594,.T.);
#1651=ORIENTED_EDGE('',*,*,#2595,.T.);
#1652=ORIENTED_EDGE('',*,*,#2596,.T.);
#1653=ORIENTED_EDGE('',*,*,#2597,.T.);
#1654=ORIENTED_EDGE('',*,*,#2598,.T.);
#1655=ORIENTED_EDGE('',*,*,#2599,.T.);
#1656=ORIENTED_EDGE('',*,*,#2600,.T.);
#1657=ORIENTED_EDGE('',*,*,#2601,.T.);
#1658=ORIENTED_EDGE('',*,*,#2602,.T.);
#1659=ORIENTED_EDGE('',*,*,#2603,.T.);
#1660=ORIENTED_EDGE('',*,*,#2604,.T.);
#1661=ORIENTED_EDGE('',*,*,#2595,.F.);
#1662=ORIENTED_EDGE('',*,*,#2605,.T.);
#1663=ORIENTED_EDGE('',*,*,#2606,.F.);
#1664=ORIENTED_EDGE('',*,*,#2607,.T.);
#1665=ORIENTED_EDGE('',*,*,#2606,.T.);
#1666=ORIENTED_EDGE('',*,*,#2608,.T.);
#1667=ORIENTED_EDGE('',*,*,#2609,.F.);
#1668=ORIENTED_EDGE('',*,*,#2610,.T.);
#1669=ORIENTED_EDGE('',*,*,#2611,.T.);
#1670=ORIENTED_EDGE('',*,*,#2612,.T.);
#1671=ORIENTED_EDGE('',*,*,#2613,.T.);
#1672=ORIENTED_EDGE('',*,*,#2614,.T.);
#1673=ORIENTED_EDGE('',*,*,#2608,.F.);
#1674=ORIENTED_EDGE('',*,*,#2615,.T.);
#1675=ORIENTED_EDGE('',*,*,#2616,.F.);
#1676=ORIENTED_EDGE('',*,*,#2599,.F.);
#1677=ORIENTED_EDGE('',*,*,#2617,.T.);
#1678=ORIENTED_EDGE('',*,*,#2618,.F.);
#1679=ORIENTED_EDGE('',*,*,#2600,.F.);
#1680=ORIENTED_EDGE('',*,*,#2616,.T.);
#1681=ORIENTED_EDGE('',*,*,#2619,.T.);
#1682=ORIENTED_EDGE('',*,*,#2620,.T.);
#1683=ORIENTED_EDGE('',*,*,#2601,.F.);
#1684=ORIENTED_EDGE('',*,*,#2618,.T.);
#1685=ORIENTED_EDGE('',*,*,#2621,.T.);
#1686=ORIENTED_EDGE('',*,*,#2622,.T.);
#1687=ORIENTED_EDGE('',*,*,#2623,.T.);
#1688=ORIENTED_EDGE('',*,*,#2624,.T.);
#1689=ORIENTED_EDGE('',*,*,#2603,.F.);
#1690=ORIENTED_EDGE('',*,*,#2625,.T.);
#1691=ORIENTED_EDGE('',*,*,#2626,.T.);
#1692=ORIENTED_EDGE('',*,*,#2627,.F.);
#1693=ORIENTED_EDGE('',*,*,#2628,.T.);
#1694=ORIENTED_EDGE('',*,*,#2629,.F.);
#1695=ORIENTED_EDGE('',*,*,#2604,.F.);
#1696=ORIENTED_EDGE('',*,*,#2627,.T.);
#1697=ORIENTED_EDGE('',*,*,#2594,.F.);
#1698=ORIENTED_EDGE('',*,*,#2597,.F.);
#1699=ORIENTED_EDGE('',*,*,#2629,.T.);
#1700=ORIENTED_EDGE('',*,*,#2630,.T.);
#1701=ORIENTED_EDGE('',*,*,#2598,.F.);
#1702=ORIENTED_EDGE('',*,*,#2593,.T.);
#1703=ORIENTED_EDGE('',*,*,#2631,.T.);
#1704=ORIENTED_EDGE('',*,*,#2609,.T.);
#1705=ORIENTED_EDGE('',*,*,#2605,.F.);
#1706=ORIENTED_EDGE('',*,*,#2630,.F.);
#1707=ORIENTED_EDGE('',*,*,#2628,.F.);
#1708=ORIENTED_EDGE('',*,*,#2626,.F.);
#1709=ORIENTED_EDGE('',*,*,#2632,.T.);
#1710=ORIENTED_EDGE('',*,*,#2619,.F.);
#1711=ORIENTED_EDGE('',*,*,#2617,.F.);
#1712=ORIENTED_EDGE('',*,*,#2615,.F.);
#1713=ORIENTED_EDGE('',*,*,#2633,.F.);
#1714=ORIENTED_EDGE('',*,*,#2631,.F.);
#1715=ORIENTED_EDGE('',*,*,#2634,.F.);
#1716=ORIENTED_EDGE('',*,*,#2614,.F.);
#1717=ORIENTED_EDGE('',*,*,#2634,.T.);
#1718=ORIENTED_EDGE('',*,*,#2596,.F.);
#1719=ORIENTED_EDGE('',*,*,#2635,.F.);
#1720=ORIENTED_EDGE('',*,*,#2611,.F.);
#1721=ORIENTED_EDGE('',*,*,#2633,.T.);
#1722=ORIENTED_EDGE('',*,*,#2613,.F.);
#1723=ORIENTED_EDGE('',*,*,#2636,.F.);
#1724=ORIENTED_EDGE('',*,*,#2610,.F.);
#1725=ORIENTED_EDGE('',*,*,#2635,.T.);
#1726=ORIENTED_EDGE('',*,*,#2607,.F.);
#1727=ORIENTED_EDGE('',*,*,#2636,.T.);
#1728=ORIENTED_EDGE('',*,*,#2612,.F.);
#1729=ORIENTED_EDGE('',*,*,#2637,.F.);
#1730=ORIENTED_EDGE('',*,*,#2602,.F.);
#1731=ORIENTED_EDGE('',*,*,#2638,.F.);
#1732=ORIENTED_EDGE('',*,*,#2624,.F.);
#1733=ORIENTED_EDGE('',*,*,#2638,.T.);
#1734=ORIENTED_EDGE('',*,*,#2620,.F.);
#1735=ORIENTED_EDGE('',*,*,#2639,.F.);
#1736=ORIENTED_EDGE('',*,*,#2621,.F.);
#1737=ORIENTED_EDGE('',*,*,#2637,.T.);
#1738=ORIENTED_EDGE('',*,*,#2623,.F.);
#1739=ORIENTED_EDGE('',*,*,#2640,.F.);
#1740=ORIENTED_EDGE('',*,*,#2625,.F.);
#1741=ORIENTED_EDGE('',*,*,#2639,.T.);
#1742=ORIENTED_EDGE('',*,*,#2632,.F.);
#1743=ORIENTED_EDGE('',*,*,#2640,.T.);
#1744=ORIENTED_EDGE('',*,*,#2622,.F.);
#1745=ORIENTED_EDGE('',*,*,#2641,.F.);
#1746=ORIENTED_EDGE('',*,*,#2642,.T.);
#1747=ORIENTED_EDGE('',*,*,#2643,.T.);
#1748=ORIENTED_EDGE('',*,*,#2644,.T.);
#1749=ORIENTED_EDGE('',*,*,#2645,.T.);
#1750=ORIENTED_EDGE('',*,*,#2646,.T.);
#1751=ORIENTED_EDGE('',*,*,#2647,.T.);
#1752=ORIENTED_EDGE('',*,*,#2648,.T.);
#1753=ORIENTED_EDGE('',*,*,#2649,.T.);
#1754=ORIENTED_EDGE('',*,*,#2650,.T.);
#1755=ORIENTED_EDGE('',*,*,#2651,.T.);
#1756=ORIENTED_EDGE('',*,*,#2652,.T.);
#1757=ORIENTED_EDGE('',*,*,#2643,.F.);
#1758=ORIENTED_EDGE('',*,*,#2653,.T.);
#1759=ORIENTED_EDGE('',*,*,#2654,.F.);
#1760=ORIENTED_EDGE('',*,*,#2655,.T.);
#1761=ORIENTED_EDGE('',*,*,#2654,.T.);
#1762=ORIENTED_EDGE('',*,*,#2656,.T.);
#1763=ORIENTED_EDGE('',*,*,#2657,.F.);
#1764=ORIENTED_EDGE('',*,*,#2658,.T.);
#1765=ORIENTED_EDGE('',*,*,#2659,.T.);
#1766=ORIENTED_EDGE('',*,*,#2660,.T.);
#1767=ORIENTED_EDGE('',*,*,#2661,.T.);
#1768=ORIENTED_EDGE('',*,*,#2662,.T.);
#1769=ORIENTED_EDGE('',*,*,#2656,.F.);
#1770=ORIENTED_EDGE('',*,*,#2663,.T.);
#1771=ORIENTED_EDGE('',*,*,#2664,.F.);
#1772=ORIENTED_EDGE('',*,*,#2647,.F.);
#1773=ORIENTED_EDGE('',*,*,#2665,.T.);
#1774=ORIENTED_EDGE('',*,*,#2666,.F.);
#1775=ORIENTED_EDGE('',*,*,#2648,.F.);
#1776=ORIENTED_EDGE('',*,*,#2664,.T.);
#1777=ORIENTED_EDGE('',*,*,#2667,.T.);
#1778=ORIENTED_EDGE('',*,*,#2668,.T.);
#1779=ORIENTED_EDGE('',*,*,#2649,.F.);
#1780=ORIENTED_EDGE('',*,*,#2666,.T.);
#1781=ORIENTED_EDGE('',*,*,#2669,.T.);
#1782=ORIENTED_EDGE('',*,*,#2670,.T.);
#1783=ORIENTED_EDGE('',*,*,#2671,.T.);
#1784=ORIENTED_EDGE('',*,*,#2672,.T.);
#1785=ORIENTED_EDGE('',*,*,#2651,.F.);
#1786=ORIENTED_EDGE('',*,*,#2673,.T.);
#1787=ORIENTED_EDGE('',*,*,#2674,.T.);
#1788=ORIENTED_EDGE('',*,*,#2675,.F.);
#1789=ORIENTED_EDGE('',*,*,#2676,.T.);
#1790=ORIENTED_EDGE('',*,*,#2677,.F.);
#1791=ORIENTED_EDGE('',*,*,#2652,.F.);
#1792=ORIENTED_EDGE('',*,*,#2675,.T.);
#1793=ORIENTED_EDGE('',*,*,#2642,.F.);
#1794=ORIENTED_EDGE('',*,*,#2645,.F.);
#1795=ORIENTED_EDGE('',*,*,#2677,.T.);
#1796=ORIENTED_EDGE('',*,*,#2678,.T.);
#1797=ORIENTED_EDGE('',*,*,#2646,.F.);
#1798=ORIENTED_EDGE('',*,*,#2641,.T.);
#1799=ORIENTED_EDGE('',*,*,#2679,.T.);
#1800=ORIENTED_EDGE('',*,*,#2657,.T.);
#1801=ORIENTED_EDGE('',*,*,#2653,.F.);
#1802=ORIENTED_EDGE('',*,*,#2678,.F.);
#1803=ORIENTED_EDGE('',*,*,#2676,.F.);
#1804=ORIENTED_EDGE('',*,*,#2674,.F.);
#1805=ORIENTED_EDGE('',*,*,#2680,.T.);
#1806=ORIENTED_EDGE('',*,*,#2667,.F.);
#1807=ORIENTED_EDGE('',*,*,#2665,.F.);
#1808=ORIENTED_EDGE('',*,*,#2663,.F.);
#1809=ORIENTED_EDGE('',*,*,#2681,.F.);
#1810=ORIENTED_EDGE('',*,*,#2679,.F.);
#1811=ORIENTED_EDGE('',*,*,#2682,.F.);
#1812=ORIENTED_EDGE('',*,*,#2662,.F.);
#1813=ORIENTED_EDGE('',*,*,#2682,.T.);
#1814=ORIENTED_EDGE('',*,*,#2644,.F.);
#1815=ORIENTED_EDGE('',*,*,#2683,.F.);
#1816=ORIENTED_EDGE('',*,*,#2659,.F.);
#1817=ORIENTED_EDGE('',*,*,#2681,.T.);
#1818=ORIENTED_EDGE('',*,*,#2661,.F.);
#1819=ORIENTED_EDGE('',*,*,#2684,.F.);
#1820=ORIENTED_EDGE('',*,*,#2658,.F.);
#1821=ORIENTED_EDGE('',*,*,#2683,.T.);
#1822=ORIENTED_EDGE('',*,*,#2655,.F.);
#1823=ORIENTED_EDGE('',*,*,#2684,.T.);
#1824=ORIENTED_EDGE('',*,*,#2660,.F.);
#1825=ORIENTED_EDGE('',*,*,#2685,.F.);
#1826=ORIENTED_EDGE('',*,*,#2650,.F.);
#1827=ORIENTED_EDGE('',*,*,#2686,.F.);
#1828=ORIENTED_EDGE('',*,*,#2672,.F.);
#1829=ORIENTED_EDGE('',*,*,#2686,.T.);
#1830=ORIENTED_EDGE('',*,*,#2668,.F.);
#1831=ORIENTED_EDGE('',*,*,#2687,.F.);
#1832=ORIENTED_EDGE('',*,*,#2669,.F.);
#1833=ORIENTED_EDGE('',*,*,#2685,.T.);
#1834=ORIENTED_EDGE('',*,*,#2671,.F.);
#1835=ORIENTED_EDGE('',*,*,#2688,.F.);
#1836=ORIENTED_EDGE('',*,*,#2673,.F.);
#1837=ORIENTED_EDGE('',*,*,#2687,.T.);
#1838=ORIENTED_EDGE('',*,*,#2680,.F.);
#1839=ORIENTED_EDGE('',*,*,#2688,.T.);
#1840=ORIENTED_EDGE('',*,*,#2670,.F.);
#1841=EDGE_CURVE('',#2689,#2690,#3243,.T.);
#1842=EDGE_CURVE('',#2690,#2691,#3244,.T.);
#1843=EDGE_CURVE('',#2691,#2692,#3245,.T.);
#1844=EDGE_CURVE('',#2689,#2692,#3246,.T.);
#1845=EDGE_CURVE('',#2693,#2694,#3247,.T.);
#1846=EDGE_CURVE('',#2694,#2695,#3248,.T.);
#1847=EDGE_CURVE('',#2695,#2696,#3249,.T.);
#1848=EDGE_CURVE('',#2693,#2696,#3250,.T.);
#1849=EDGE_CURVE('',#2697,#2698,#3251,.T.);
#1850=EDGE_CURVE('',#2698,#2699,#3252,.T.);
#1851=EDGE_CURVE('',#2699,#2700,#3253,.T.);
#1852=EDGE_CURVE('',#2697,#2700,#3254,.T.);
#1853=EDGE_CURVE('',#2701,#2702,#3255,.T.);
#1854=EDGE_CURVE('',#2702,#2703,#3256,.T.);
#1855=EDGE_CURVE('',#2703,#2704,#3257,.T.);
#1856=EDGE_CURVE('',#2701,#2704,#3258,.T.);
#1857=EDGE_CURVE('',#2705,#2706,#3259,.T.);
#1858=EDGE_CURVE('',#2706,#2707,#3260,.T.);
#1859=EDGE_CURVE('',#2707,#2708,#3261,.T.);
#1860=EDGE_CURVE('',#2705,#2708,#3262,.T.);
#1861=EDGE_CURVE('',#2709,#2710,#3263,.T.);
#1862=EDGE_CURVE('',#2710,#2711,#3264,.T.);
#1863=EDGE_CURVE('',#2711,#2712,#3265,.T.);
#1864=EDGE_CURVE('',#2709,#2712,#3266,.T.);
#1865=EDGE_CURVE('',#2713,#2714,#3267,.T.);
#1866=EDGE_CURVE('',#2715,#2713,#3268,.T.);
#1867=EDGE_CURVE('',#2715,#2716,#3269,.T.);
#1868=EDGE_CURVE('',#2714,#2716,#3270,.T.);
#1869=EDGE_CURVE('',#2717,#2718,#3271,.T.);
#1870=EDGE_CURVE('',#2719,#2717,#3272,.T.);
#1871=EDGE_CURVE('',#2719,#2720,#3273,.T.);
#1872=EDGE_CURVE('',#2718,#2720,#3274,.T.);
#1873=EDGE_CURVE('',#2721,#2722,#3275,.T.);
#1874=EDGE_CURVE('',#2721,#2723,#3276,.T.);
#1875=EDGE_CURVE('',#2723,#2724,#3277,.T.);
#1876=EDGE_CURVE('',#2724,#2725,#3278,.T.);
#1877=EDGE_CURVE('',#2725,#2726,#3279,.T.);
#1878=EDGE_CURVE('',#2722,#2726,#3280,.T.);
#1879=EDGE_CURVE('',#2727,#2728,#3281,.T.);
#1880=EDGE_CURVE('',#2729,#2727,#3282,.T.);
#1881=EDGE_CURVE('',#2729,#2730,#3283,.T.);
#1882=EDGE_CURVE('',#2728,#2730,#3284,.T.);
#1883=EDGE_CURVE('',#2731,#2732,#3285,.T.);
#1884=EDGE_CURVE('',#2733,#2731,#3286,.T.);
#1885=EDGE_CURVE('',#2733,#2734,#3287,.T.);
#1886=EDGE_CURVE('',#2732,#2734,#3288,.T.);
#1887=EDGE_CURVE('',#2735,#2736,#3289,.T.);
#1888=EDGE_CURVE('',#2737,#2735,#3290,.T.);
#1889=EDGE_CURVE('',#2737,#2738,#3291,.T.);
#1890=EDGE_CURVE('',#2738,#2739,#3292,.T.);
#1891=EDGE_CURVE('',#2739,#2740,#3293,.T.);
#1892=EDGE_CURVE('',#2740,#2736,#3294,.T.);
#1893=EDGE_CURVE('',#2707,#2718,#3295,.T.);
#1894=EDGE_CURVE('',#2720,#2741,#3296,.T.);
#1895=EDGE_CURVE('',#2741,#2742,#3297,.T.);
#1896=EDGE_CURVE('',#2743,#2742,#3298,.T.);
#1897=EDGE_CURVE('',#2744,#2743,#3299,.T.);
#1898=EDGE_CURVE('',#2744,#2745,#3300,.T.);
#1899=EDGE_CURVE('',#2745,#2746,#3301,.T.);
#1900=EDGE_CURVE('',#2708,#2746,#3302,.T.);
#1901=EDGE_CURVE('',#2735,#2706,#3303,.T.);
#1902=EDGE_CURVE('',#2705,#2747,#3304,.T.);
#1903=EDGE_CURVE('',#2747,#2748,#3305,.T.);
#1904=EDGE_CURVE('',#2749,#2748,#3306,.T.);
#1905=EDGE_CURVE('',#2750,#2749,#3307,.T.);
#1906=EDGE_CURVE('',#2750,#2751,#3308,.T.);
#1907=EDGE_CURVE('',#2751,#2752,#3309,.T.);
#1908=EDGE_CURVE('',#2752,#2737,#3310,.T.);
#1909=EDGE_CURVE('',#2699,#2714,#3311,.T.);
#1910=EDGE_CURVE('',#2716,#2753,#3312,.T.);
#1911=EDGE_CURVE('',#2753,#2754,#3313,.T.);
#1912=EDGE_CURVE('',#2755,#2754,#3314,.T.);
#1913=EDGE_CURVE('',#2756,#2755,#3315,.T.);
#1914=EDGE_CURVE('',#2756,#2757,#3316,.T.);
#1915=EDGE_CURVE('',#2757,#2758,#3317,.T.);
#1916=EDGE_CURVE('',#2700,#2758,#3318,.T.);
#1917=EDGE_CURVE('',#2731,#2698,#3319,.T.);
#1918=EDGE_CURVE('',#2697,#2759,#3320,.T.);
#1919=EDGE_CURVE('',#2759,#2760,#3321,.T.);
#1920=EDGE_CURVE('',#2761,#2760,#3322,.T.);
#1921=EDGE_CURVE('',#2762,#2761,#3323,.T.);
#1922=EDGE_CURVE('',#2762,#2763,#3324,.T.);
#1923=EDGE_CURVE('',#2763,#2764,#3325,.T.);
#1924=EDGE_CURVE('',#2764,#2733,#3326,.T.);
#1925=EDGE_CURVE('',#2691,#2722,#3327,.T.);
#1926=EDGE_CURVE('',#2726,#2765,#3328,.T.);
#1927=EDGE_CURVE('',#2765,#2766,#3329,.T.);
#1928=EDGE_CURVE('',#2767,#2766,#3330,.T.);
#1929=EDGE_CURVE('',#2768,#2767,#3331,.T.);
#1930=EDGE_CURVE('',#2768,#2769,#3332,.T.);
#1931=EDGE_CURVE('',#2769,#2770,#3333,.T.);
#1932=EDGE_CURVE('',#2692,#2770,#3334,.T.);
#1933=EDGE_CURVE('',#2727,#2690,#3335,.T.);
#1934=EDGE_CURVE('',#2689,#2771,#3336,.T.);
#1935=EDGE_CURVE('',#2771,#2772,#3337,.T.);
#1936=EDGE_CURVE('',#2773,#2772,#3338,.T.);
#1937=EDGE_CURVE('',#2774,#2773,#3339,.T.);
#1938=EDGE_CURVE('',#2774,#2775,#3340,.T.);
#1939=EDGE_CURVE('',#2775,#2776,#3341,.T.);
#1940=EDGE_CURVE('',#2776,#2729,#3342,.T.);
#1941=EDGE_CURVE('',#2777,#2778,#3343,.T.);
#1942=EDGE_CURVE('',#2779,#2777,#3344,.T.);
#1943=EDGE_CURVE('',#2779,#2780,#3345,.T.);
#1944=EDGE_CURVE('',#2778,#2780,#3346,.T.);
#1945=EDGE_CURVE('',#2781,#2782,#3347,.T.);
#1946=EDGE_CURVE('',#2783,#2781,#3348,.T.);
#1947=EDGE_CURVE('',#2783,#2784,#3349,.T.);
#1948=EDGE_CURVE('',#2782,#2784,#3350,.T.);
#1949=EDGE_CURVE('',#2768,#2773,#3351,.T.);
#1950=EDGE_CURVE('',#2767,#2774,#3352,.T.);
#1951=EDGE_CURVE('',#2785,#2786,#3353,.T.);
#1952=EDGE_CURVE('',#2786,#2787,#3354,.F.);
#1953=EDGE_CURVE('',#2788,#2787,#3355,.T.);
#1954=EDGE_CURVE('',#2789,#2788,#3356,.T.);
#1955=EDGE_CURVE('',#2790,#2789,#3357,.T.);
#1956=EDGE_CURVE('',#2790,#2791,#3358,.T.);
#1957=EDGE_CURVE('',#2791,#2792,#3359,.T.);
#1958=EDGE_CURVE('',#2785,#2792,#3360,.T.);
#1959=EDGE_CURVE('',#2793,#2794,#3361,.T.);
#1960=EDGE_CURVE('',#2795,#2793,#3362,.T.);
#1961=EDGE_CURVE('',#2795,#2796,#3363,.T.);
#1962=EDGE_CURVE('',#2796,#2797,#3364,.T.);
#1963=EDGE_CURVE('',#2797,#2798,#3365,.T.);
#1964=EDGE_CURVE('',#2798,#2794,#3366,.T.);
#1965=EDGE_CURVE('',#2799,#2800,#3367,.T.);
#1966=EDGE_CURVE('',#2799,#2801,#3368,.F.);
#1967=EDGE_CURVE('',#2801,#2802,#3369,.T.);
#1968=EDGE_CURVE('',#2802,#2803,#3370,.T.);
#1969=EDGE_CURVE('',#2804,#2803,#3371,.T.);
#1970=EDGE_CURVE('',#2805,#2804,#3372,.T.);
#1971=EDGE_CURVE('',#2805,#2806,#3373,.T.);
#1972=EDGE_CURVE('',#2806,#2800,#3374,.T.);
#1973=EDGE_CURVE('',#2787,#2765,#93,.T.);
#1974=EDGE_CURVE('',#2725,#2807,#3375,.T.);
#1975=EDGE_CURVE('',#2807,#2808,#3376,.T.);
#1976=EDGE_CURVE('',#2808,#2809,#3377,.T.);
#1977=EDGE_CURVE('',#2788,#2809,#3378,.T.);
#1978=EDGE_CURVE('',#2795,#2810,#3379,.T.);
#1979=EDGE_CURVE('',#2810,#2799,#94,.F.);
#1980=EDGE_CURVE('',#2811,#2800,#3380,.T.);
#1981=EDGE_CURVE('',#2811,#2812,#3381,.T.);
#1982=EDGE_CURVE('',#2812,#2813,#3382,.T.);
#1983=EDGE_CURVE('',#2813,#2814,#3383,.T.);
#1984=EDGE_CURVE('',#2815,#2814,#3384,.T.);
#1985=EDGE_CURVE('',#2816,#2815,#3385,.T.);
#1986=EDGE_CURVE('',#2816,#2796,#3386,.T.);
#1987=EDGE_CURVE('',#2756,#2761,#3387,.T.);
#1988=EDGE_CURVE('',#2755,#2762,#3388,.T.);
#1989=EDGE_CURVE('',#2817,#2818,#3389,.T.);
#1990=EDGE_CURVE('',#2817,#2819,#3390,.F.);
#1991=EDGE_CURVE('',#2819,#2820,#3391,.T.);
#1992=EDGE_CURVE('',#2820,#2818,#3392,.F.);
#1993=EDGE_CURVE('',#2821,#2822,#3393,.T.);
#1994=EDGE_CURVE('',#2823,#2821,#3394,.T.);
#1995=EDGE_CURVE('',#2823,#2824,#3395,.T.);
#1996=EDGE_CURVE('',#2822,#2824,#3396,.T.);
#1997=EDGE_CURVE('',#2825,#2826,#3397,.T.);
#1998=EDGE_CURVE('',#2826,#2827,#3398,.F.);
#1999=EDGE_CURVE('',#2828,#2827,#3399,.T.);
#2000=EDGE_CURVE('',#2828,#2825,#3400,.F.);
#2001=EDGE_CURVE('',#2776,#2817,#95,.T.);
#2002=EDGE_CURVE('',#2818,#2753,#96,.T.);
#2003=EDGE_CURVE('',#2829,#2715,#3401,.T.);
#2004=EDGE_CURVE('',#2830,#2829,#3402,.T.);
#2005=EDGE_CURVE('',#2830,#2730,#3403,.T.);
#2006=EDGE_CURVE('',#2827,#2831,#97,.F.);
#2007=EDGE_CURVE('',#2831,#2824,#3404,.T.);
#2008=EDGE_CURVE('',#2832,#2823,#3405,.T.);
#2009=EDGE_CURVE('',#2833,#2832,#3406,.T.);
#2010=EDGE_CURVE('',#2833,#2780,#3407,.T.);
#2011=EDGE_CURVE('',#2779,#2834,#3408,.T.);
#2012=EDGE_CURVE('',#2834,#2828,#98,.F.);
#2013=EDGE_CURVE('',#2744,#2749,#3409,.T.);
#2014=EDGE_CURVE('',#2743,#2750,#3410,.T.);
#2015=EDGE_CURVE('',#2835,#2836,#3411,.T.);
#2016=EDGE_CURVE('',#2835,#2837,#3412,.F.);
#2017=EDGE_CURVE('',#2837,#2838,#3413,.T.);
#2018=EDGE_CURVE('',#2838,#2836,#3414,.F.);
#2019=EDGE_CURVE('',#2839,#2840,#3415,.T.);
#2020=EDGE_CURVE('',#2841,#2839,#3416,.T.);
#2021=EDGE_CURVE('',#2841,#2842,#3417,.T.);
#2022=EDGE_CURVE('',#2840,#2842,#3418,.T.);
#2023=EDGE_CURVE('',#2843,#2844,#3419,.T.);
#2024=EDGE_CURVE('',#2844,#2845,#3420,.F.);
#2025=EDGE_CURVE('',#2846,#2845,#3421,.T.);
#2026=EDGE_CURVE('',#2846,#2843,#3422,.F.);
#2027=EDGE_CURVE('',#2764,#2835,#99,.T.);
#2028=EDGE_CURVE('',#2836,#2741,#100,.T.);
#2029=EDGE_CURVE('',#2847,#2719,#3423,.T.);
#2030=EDGE_CURVE('',#2848,#2847,#3424,.T.);
#2031=EDGE_CURVE('',#2848,#2734,#3425,.T.);
#2032=EDGE_CURVE('',#2845,#2849,#101,.F.);
#2033=EDGE_CURVE('',#2849,#2842,#3426,.T.);
#2034=EDGE_CURVE('',#2850,#2841,#3427,.T.);
#2035=EDGE_CURVE('',#2851,#2850,#3428,.T.);
#2036=EDGE_CURVE('',#2851,#2784,#3429,.T.);
#2037=EDGE_CURVE('',#2783,#2852,#3430,.T.);
#2038=EDGE_CURVE('',#2852,#2846,#102,.F.);
#2039=EDGE_CURVE('',#2853,#2854,#3431,.T.);
#2040=EDGE_CURVE('',#2855,#2853,#3432,.T.);
#2041=EDGE_CURVE('',#2855,#2856,#3433,.T.);
#2042=EDGE_CURVE('',#2856,#2854,#3434,.T.);
#2043=EDGE_CURVE('',#2857,#2858,#3435,.T.);
#2044=EDGE_CURVE('',#2858,#2792,#3436,.T.);
#2045=EDGE_CURVE('',#2791,#2859,#3437,.T.);
#2046=EDGE_CURVE('',#2859,#2860,#3438,.T.);
#2047=EDGE_CURVE('',#2861,#2860,#3439,.T.);
#2048=EDGE_CURVE('',#2862,#2861,#3440,.T.);
#2049=EDGE_CURVE('',#2862,#2857,#3441,.T.);
#2050=EDGE_CURVE('',#2863,#2864,#3442,.T.);
#2051=EDGE_CURVE('',#2863,#2865,#3443,.F.);
#2052=EDGE_CURVE('',#2865,#2866,#3444,.T.);
#2053=EDGE_CURVE('',#2866,#2862,#3445,.T.);
#2054=EDGE_CURVE('',#2867,#2861,#3446,.T.);
#2055=EDGE_CURVE('',#2868,#2867,#3447,.T.);
#2056=EDGE_CURVE('',#2864,#2868,#3448,.T.);
#2057=EDGE_CURVE('',#2869,#2870,#3449,.T.);
#2058=EDGE_CURVE('',#2869,#2871,#3450,.T.);
#2059=EDGE_CURVE('',#2871,#2872,#103,.T.);
#2060=EDGE_CURVE('',#2873,#2872,#3451,.T.);
#2061=EDGE_CURVE('',#2870,#2873,#3452,.T.);
#2062=EDGE_CURVE('',#2874,#2875,#3453,.T.);
#2063=EDGE_CURVE('',#2876,#2875,#3454,.T.);
#2064=EDGE_CURVE('',#2877,#2876,#3455,.T.);
#2065=EDGE_CURVE('',#2874,#2877,#3456,.T.);
#2066=EDGE_CURVE('',#2878,#2879,#3457,.T.);
#2067=EDGE_CURVE('',#2879,#2880,#3458,.T.);
#2068=EDGE_CURVE('',#2880,#2881,#3459,.T.);
#2069=EDGE_CURVE('',#2881,#2882,#3460,.T.);
#2070=EDGE_CURVE('',#2882,#2883,#3461,.T.);
#2071=EDGE_CURVE('',#2883,#2884,#3462,.T.);
#2072=EDGE_CURVE('',#2884,#2885,#3463,.T.);
#2073=EDGE_CURVE('',#2885,#2886,#3464,.T.);
#2074=EDGE_CURVE('',#2886,#2887,#3465,.T.);
#2075=EDGE_CURVE('',#2887,#2888,#3466,.T.);
#2076=EDGE_CURVE('',#2888,#2889,#3467,.T.);
#2077=EDGE_CURVE('',#2889,#2864,#3468,.T.);
#2078=EDGE_CURVE('',#2890,#2868,#3469,.T.);
#2079=EDGE_CURVE('',#2890,#2891,#3470,.T.);
#2080=EDGE_CURVE('',#2891,#2892,#3471,.T.);
#2081=EDGE_CURVE('',#2892,#2893,#3472,.T.);
#2082=EDGE_CURVE('',#2894,#2893,#3473,.T.);
#2083=EDGE_CURVE('',#2894,#2895,#3474,.T.);
#2084=EDGE_CURVE('',#2895,#2896,#3475,.T.);
#2085=EDGE_CURVE('',#2896,#2897,#3476,.T.);
#2086=EDGE_CURVE('',#2897,#2898,#3477,.T.);
#2087=EDGE_CURVE('',#2898,#2899,#3478,.T.);
#2088=EDGE_CURVE('',#2899,#2877,#3479,.T.);
#2089=EDGE_CURVE('',#2878,#2876,#3480,.T.);
#2090=EDGE_CURVE('',#2900,#2901,#3481,.T.);
#2091=EDGE_CURVE('',#2900,#2902,#3482,.T.);
#2092=EDGE_CURVE('',#2902,#2903,#3483,.T.);
#2093=EDGE_CURVE('',#2903,#2904,#3484,.T.);
#2094=EDGE_CURVE('',#2904,#2905,#3485,.T.);
#2095=EDGE_CURVE('',#2901,#2905,#3486,.T.);
#2096=EDGE_CURVE('',#2906,#2907,#3487,.T.);
#2097=EDGE_CURVE('',#2906,#2908,#3488,.T.);
#2098=EDGE_CURVE('',#2909,#2908,#3489,.T.);
#2099=EDGE_CURVE('',#2875,#2909,#3490,.T.);
#2100=EDGE_CURVE('',#2910,#2874,#3491,.T.);
#2101=EDGE_CURVE('',#2911,#2910,#3492,.T.);
#2102=EDGE_CURVE('',#2912,#2911,#3493,.T.);
#2103=EDGE_CURVE('',#2913,#2912,#3494,.T.);
#2104=EDGE_CURVE('',#2913,#2914,#3495,.T.);
#2105=EDGE_CURVE('',#2914,#2915,#3496,.T.);
#2106=EDGE_CURVE('',#2916,#2915,#3497,.T.);
#2107=EDGE_CURVE('',#2916,#2917,#3498,.T.);
#2108=EDGE_CURVE('',#2917,#2918,#3499,.T.);
#2109=EDGE_CURVE('',#2918,#2919,#3500,.T.);
#2110=EDGE_CURVE('',#2920,#2919,#3501,.T.);
#2111=EDGE_CURVE('',#2921,#2920,#3502,.T.);
#2112=EDGE_CURVE('',#2922,#2921,#3503,.T.);
#2113=EDGE_CURVE('',#2923,#2922,#3504,.T.);
#2114=EDGE_CURVE('',#2924,#2923,#3505,.T.);
#2115=EDGE_CURVE('',#2925,#2924,#3506,.T.);
#2116=EDGE_CURVE('',#2926,#2925,#3507,.T.);
#2117=EDGE_CURVE('',#2927,#2926,#3508,.T.);
#2118=EDGE_CURVE('',#2907,#2927,#3509,.T.);
#2119=EDGE_CURVE('',#2928,#2929,#3510,.T.);
#2120=EDGE_CURVE('',#2929,#2890,#3511,.F.);
#2121=EDGE_CURVE('',#2928,#2867,#3512,.T.);
#2122=EDGE_CURVE('',#2930,#2931,#104,.T.);
#2123=EDGE_CURVE('',#2931,#2932,#3513,.T.);
#2124=EDGE_CURVE('',#2933,#2932,#3514,.T.);
#2125=EDGE_CURVE('',#2934,#2933,#3515,.T.);
#2126=EDGE_CURVE('',#2930,#2934,#3516,.T.);
#2127=EDGE_CURVE('',#2935,#2936,#3517,.T.);
#2128=EDGE_CURVE('',#2937,#2935,#3518,.T.);
#2129=EDGE_CURVE('',#2937,#2938,#3519,.T.);
#2130=EDGE_CURVE('',#2938,#2936,#3520,.T.);
#2131=EDGE_CURVE('',#2939,#2940,#3521,.T.);
#2132=EDGE_CURVE('',#2940,#2941,#3522,.T.);
#2133=EDGE_CURVE('',#2942,#2941,#3523,.T.);
#2134=EDGE_CURVE('',#2935,#2942,#3524,.T.);
#2135=EDGE_CURVE('',#2936,#2943,#3525,.T.);
#2136=EDGE_CURVE('',#2943,#2944,#3526,.T.);
#2137=EDGE_CURVE('',#2944,#2945,#3527,.T.);
#2138=EDGE_CURVE('',#2945,#2814,#3528,.T.);
#2139=EDGE_CURVE('',#2813,#2946,#3529,.T.);
#2140=EDGE_CURVE('',#2946,#2947,#3530,.T.);
#2141=EDGE_CURVE('',#2947,#2948,#3531,.T.);
#2142=EDGE_CURVE('',#2949,#2948,#3532,.T.);
#2143=EDGE_CURVE('',#2949,#2950,#3533,.T.);
#2144=EDGE_CURVE('',#2950,#2789,#3534,.T.);
#2145=EDGE_CURVE('',#2809,#2951,#3535,.T.);
#2146=EDGE_CURVE('',#2951,#2952,#3536,.T.);
#2147=EDGE_CURVE('',#2952,#2953,#3537,.T.);
#2148=EDGE_CURVE('',#2953,#2954,#3538,.T.);
#2149=EDGE_CURVE('',#2954,#2955,#3539,.T.);
#2150=EDGE_CURVE('',#2955,#2956,#3540,.T.);
#2151=EDGE_CURVE('',#2956,#2957,#3541,.T.);
#2152=EDGE_CURVE('',#2957,#2939,#3542,.T.);
#2153=EDGE_CURVE('',#2958,#2959,#3543,.T.);
#2154=EDGE_CURVE('',#2959,#2960,#3544,.T.);
#2155=EDGE_CURVE('',#2961,#2960,#3545,.T.);
#2156=EDGE_CURVE('',#2962,#2961,#3546,.T.);
#2157=EDGE_CURVE('',#2963,#2962,#3547,.T.);
#2158=EDGE_CURVE('',#2964,#2963,#3548,.T.);
#2159=EDGE_CURVE('',#2965,#2964,#3549,.T.);
#2160=EDGE_CURVE('',#2966,#2965,#3550,.T.);
#2161=EDGE_CURVE('',#2967,#2966,#3551,.T.);
#2162=EDGE_CURVE('',#2968,#2967,#3552,.T.);
#2163=EDGE_CURVE('',#2808,#2968,#3553,.T.);
#2164=EDGE_CURVE('',#2807,#2969,#3554,.T.);
#2165=EDGE_CURVE('',#2970,#2969,#3555,.T.);
#2166=EDGE_CURVE('',#2970,#2971,#3556,.T.);
#2167=EDGE_CURVE('',#2971,#2972,#3557,.T.);
#2168=EDGE_CURVE('',#2972,#2816,#3558,.T.);
#2169=EDGE_CURVE('',#2973,#2815,#3559,.T.);
#2170=EDGE_CURVE('',#2974,#2973,#3560,.T.);
#2171=EDGE_CURVE('',#2975,#2974,#3561,.T.);
#2172=EDGE_CURVE('',#2938,#2975,#3562,.T.);
#2173=EDGE_CURVE('',#2958,#2937,#3563,.T.);
#2174=EDGE_CURVE('',#2950,#2976,#3564,.T.);
#2175=EDGE_CURVE('',#2976,#2977,#3565,.T.);
#2176=EDGE_CURVE('',#2977,#2790,#3566,.T.);
#2177=EDGE_CURVE('',#2978,#2979,#3567,.T.);
#2178=EDGE_CURVE('',#2979,#2980,#3568,.F.);
#2179=EDGE_CURVE('',#2981,#2980,#3569,.T.);
#2180=EDGE_CURVE('',#2982,#2981,#3570,.T.);
#2181=EDGE_CURVE('',#2982,#2983,#3571,.T.);
#2182=EDGE_CURVE('',#2983,#2984,#3572,.T.);
#2183=EDGE_CURVE('',#2985,#2984,#3573,.T.);
#2184=EDGE_CURVE('',#2978,#2985,#3574,.T.);
#2185=EDGE_CURVE('',#2986,#2987,#3575,.T.);
#2186=EDGE_CURVE('',#2987,#2988,#3576,.T.);
#2187=EDGE_CURVE('',#2989,#2988,#3577,.T.);
#2188=EDGE_CURVE('',#2989,#2990,#3578,.T.);
#2189=EDGE_CURVE('',#2990,#2991,#3579,.T.);
#2190=EDGE_CURVE('',#2991,#2804,#3580,.T.);
#2191=EDGE_CURVE('',#2803,#2992,#3581,.T.);
#2192=EDGE_CURVE('',#2992,#2993,#3582,.T.);
#2193=EDGE_CURVE('',#2993,#2994,#3583,.T.);
#2194=EDGE_CURVE('',#2994,#2995,#3584,.T.);
#2195=EDGE_CURVE('',#2995,#2996,#3585,.T.);
#2196=EDGE_CURVE('',#2996,#2997,#3586,.T.);
#2197=EDGE_CURVE('',#2997,#2998,#3587,.T.);
#2198=EDGE_CURVE('',#2998,#2999,#3588,.T.);
#2199=EDGE_CURVE('',#2999,#3000,#3589,.T.);
#2200=EDGE_CURVE('',#3000,#3001,#3590,.T.);
#2201=EDGE_CURVE('',#3001,#2985,#3591,.T.);
#2202=EDGE_CURVE('',#2984,#3002,#3592,.T.);
#2203=EDGE_CURVE('',#3002,#3003,#3593,.T.);
#2204=EDGE_CURVE('',#3004,#3003,#3594,.T.);
#2205=EDGE_CURVE('',#3005,#3004,#3595,.T.);
#2206=EDGE_CURVE('',#3005,#3006,#3596,.T.);
#2207=EDGE_CURVE('',#3006,#3007,#3597,.T.);
#2208=EDGE_CURVE('',#3007,#3008,#3598,.T.);
#2209=EDGE_CURVE('',#3009,#3008,#3599,.T.);
#2210=EDGE_CURVE('',#3009,#2986,#3600,.T.);
#2211=EDGE_CURVE('',#3010,#3011,#3601,.T.);
#2212=EDGE_CURVE('',#3010,#3012,#3602,.F.);
#2213=EDGE_CURVE('',#3013,#3012,#3603,.T.);
#2214=EDGE_CURVE('',#3014,#3013,#3604,.T.);
#2215=EDGE_CURVE('',#3011,#3014,#3605,.T.);
#2216=EDGE_CURVE('',#3015,#3016,#3606,.T.);
#2217=EDGE_CURVE('',#3015,#3017,#3607,.F.);
#2218=EDGE_CURVE('',#3018,#3017,#3608,.T.);
#2219=EDGE_CURVE('',#3019,#3018,#3609,.T.);
#2220=EDGE_CURVE('',#3016,#3019,#3610,.T.);
#2221=EDGE_CURVE('',#3020,#3021,#3611,.T.);
#2222=EDGE_CURVE('',#3022,#3020,#3612,.T.);
#2223=EDGE_CURVE('',#3022,#3023,#3613,.F.);
#2224=EDGE_CURVE('',#3024,#3023,#3614,.T.);
#2225=EDGE_CURVE('',#3021,#3024,#3615,.T.);
#2226=EDGE_CURVE('',#3025,#3026,#3616,.T.);
#2227=EDGE_CURVE('',#3027,#3025,#3617,.T.);
#2228=EDGE_CURVE('',#3027,#3028,#3618,.F.);
#2229=EDGE_CURVE('',#3029,#3028,#3619,.T.);
#2230=EDGE_CURVE('',#3026,#3029,#3620,.T.);
#2231=EDGE_CURVE('',#3030,#3031,#3621,.T.);
#2232=EDGE_CURVE('',#3032,#3030,#3622,.T.);
#2233=EDGE_CURVE('',#3033,#3032,#3623,.T.);
#2234=EDGE_CURVE('',#3034,#3033,#3624,.T.);
#2235=EDGE_CURVE('',#3034,#3031,#3625,.F.);
#2236=EDGE_CURVE('',#3035,#3036,#3626,.T.);
#2237=EDGE_CURVE('',#3037,#3035,#3627,.T.);
#2238=EDGE_CURVE('',#3037,#3038,#3628,.F.);
#2239=EDGE_CURVE('',#3039,#3038,#3629,.T.);
#2240=EDGE_CURVE('',#3036,#3039,#3630,.T.);
#2241=EDGE_CURVE('',#2924,#2885,#3631,.T.);
#2242=EDGE_CURVE('',#2925,#2884,#3632,.T.);
#2243=EDGE_CURVE('',#2988,#2940,#3633,.F.);
#2244=EDGE_CURVE('',#2961,#2939,#3634,.T.);
#2245=EDGE_CURVE('',#2960,#3009,#3635,.T.);
#2246=EDGE_CURVE('',#3008,#2906,#3636,.T.);
#2247=EDGE_CURVE('',#2907,#2881,#3637,.T.);
#2248=EDGE_CURVE('',#2880,#3005,#3638,.T.);
#2249=EDGE_CURVE('',#2860,#3004,#3639,.T.);
#2250=EDGE_CURVE('',#2859,#2989,#3640,.T.);
#2251=EDGE_CURVE('',#2964,#2955,#3641,.T.);
#2252=EDGE_CURVE('',#2965,#2954,#3642,.T.);
#2253=EDGE_CURVE('',#2977,#2811,#3643,.T.);
#2254=EDGE_CURVE('',#2806,#3040,#3644,.T.);
#2255=EDGE_CURVE('',#3040,#2990,#3645,.T.);
#2256=EDGE_CURVE('',#3041,#2981,#3646,.T.);
#2257=EDGE_CURVE('',#3041,#2928,#3647,.T.);
#2258=EDGE_CURVE('',#3042,#3003,#3648,.T.);
#2259=EDGE_CURVE('',#3042,#2982,#3649,.T.);
#2260=EDGE_CURVE('',#3043,#2993,#3650,.T.);
#2261=EDGE_CURVE('',#3043,#2930,#3651,.T.);
#2262=EDGE_CURVE('',#2934,#2994,#3652,.T.);
#2263=EDGE_CURVE('',#2933,#2995,#3653,.T.);
#2264=EDGE_CURVE('',#3044,#3045,#3654,.T.);
#2265=EDGE_CURVE('',#3044,#3046,#105,.T.);
#2266=EDGE_CURVE('',#3046,#3047,#3655,.F.);
#2267=EDGE_CURVE('',#3047,#3048,#3656,.T.);
#2268=EDGE_CURVE('',#3048,#3049,#3657,.T.);
#2269=EDGE_CURVE('',#3049,#2996,#3658,.T.);
#2270=EDGE_CURVE('',#3050,#2932,#3659,.T.);
#2271=EDGE_CURVE('',#3050,#3051,#3660,.F.);
#2272=EDGE_CURVE('',#3051,#3045,#106,.T.);
#2273=EDGE_CURVE('',#3052,#2992,#3661,.T.);
#2274=EDGE_CURVE('',#3052,#3053,#3662,.T.);
#2275=EDGE_CURVE('',#3053,#3001,#3663,.T.);
#2276=EDGE_CURVE('',#3054,#3000,#3664,.T.);
#2277=EDGE_CURVE('',#3054,#3055,#3665,.T.);
#2278=EDGE_CURVE('',#3055,#2997,#3666,.T.);
#2279=EDGE_CURVE('',#3049,#3043,#3667,.T.);
#2280=EDGE_CURVE('',#3048,#3056,#3668,.T.);
#2281=EDGE_CURVE('',#3056,#2930,#107,.T.);
#2282=EDGE_CURVE('',#3040,#3057,#3669,.T.);
#2283=EDGE_CURVE('',#3057,#2991,#3670,.T.);
#2284=EDGE_CURVE('',#3057,#2805,#3671,.T.);
#2285=EDGE_CURVE('',#2975,#2943,#3672,.T.);
#2286=EDGE_CURVE('',#2974,#2944,#3673,.T.);
#2287=EDGE_CURVE('',#2973,#2945,#3674,.T.);
#2288=EDGE_CURVE('',#2752,#2863,#108,.T.);
#2289=EDGE_CURVE('',#2920,#2889,#3675,.T.);
#2290=EDGE_CURVE('',#2919,#2738,#3676,.T.);
#2291=EDGE_CURVE('',#2968,#2951,#3677,.T.);
#2292=EDGE_CURVE('',#2967,#2952,#3678,.T.);
#2293=EDGE_CURVE('',#2966,#2953,#3679,.T.);
#2294=EDGE_CURVE('',#2963,#2956,#3680,.T.);
#2295=EDGE_CURVE('',#2962,#2957,#3681,.T.);
#2296=EDGE_CURVE('',#2980,#3058,#109,.F.);
#2297=EDGE_CURVE('',#3058,#2905,#3682,.T.);
#2298=EDGE_CURVE('',#2904,#2914,#3683,.T.);
#2299=EDGE_CURVE('',#2896,#2913,#3684,.T.);
#2300=EDGE_CURVE('',#2895,#3059,#3685,.F.);
#2301=EDGE_CURVE('',#3059,#3041,#3686,.T.);
#2302=EDGE_CURVE('',#2802,#3052,#3687,.T.);
#2303=EDGE_CURVE('',#3053,#2978,#3688,.T.);
#2304=EDGE_CURVE('',#3060,#3061,#3689,.T.);
#2305=EDGE_CURVE('',#3061,#2826,#110,.F.);
#2306=EDGE_CURVE('',#2825,#3062,#111,.F.);
#2307=EDGE_CURVE('',#3063,#3062,#3690,.T.);
#2308=EDGE_CURVE('',#3064,#3063,#3691,.T.);
#2309=EDGE_CURVE('',#3064,#3065,#3692,.T.);
#2310=EDGE_CURVE('',#3065,#2844,#112,.F.);
#2311=EDGE_CURVE('',#2843,#3066,#113,.F.);
#2312=EDGE_CURVE('',#3067,#3066,#3693,.T.);
#2313=EDGE_CURVE('',#3068,#3067,#3694,.T.);
#2314=EDGE_CURVE('',#3068,#3069,#3695,.T.);
#2315=EDGE_CURVE('',#3069,#2979,#114,.F.);
#2316=EDGE_CURVE('',#2801,#3070,#115,.F.);
#2317=EDGE_CURVE('',#3071,#3070,#3696,.T.);
#2318=EDGE_CURVE('',#3060,#3071,#3697,.T.);
#2319=EDGE_CURVE('',#2976,#3072,#3698,.T.);
#2320=EDGE_CURVE('',#3072,#3073,#3699,.T.);
#2321=EDGE_CURVE('',#3073,#3074,#3700,.T.);
#2322=EDGE_CURVE('',#3074,#3075,#3701,.T.);
#2323=EDGE_CURVE('',#3075,#2812,#3702,.T.);
#2324=EDGE_CURVE('',#2797,#2972,#3703,.T.);
#2325=EDGE_CURVE('',#2971,#3076,#3704,.T.);
#2326=EDGE_CURVE('',#3076,#2798,#3705,.T.);
#2327=EDGE_CURVE('',#3077,#2721,#3706,.T.);
#2328=EDGE_CURVE('',#3077,#3078,#3707,.T.);
#2329=EDGE_CURVE('',#3078,#2794,#3708,.T.);
#2330=EDGE_CURVE('',#3076,#3079,#3709,.T.);
#2331=EDGE_CURVE('',#3079,#2723,#3710,.T.);
#2332=EDGE_CURVE('',#2969,#2724,#3711,.T.);
#2333=EDGE_CURVE('',#3079,#2970,#3712,.T.);
#2334=EDGE_CURVE('',#3072,#2949,#3713,.T.);
#2335=EDGE_CURVE('',#2948,#3080,#3714,.T.);
#2336=EDGE_CURVE('',#3073,#3080,#3715,.T.);
#2337=EDGE_CURVE('',#3080,#3081,#3716,.T.);
#2338=EDGE_CURVE('',#3074,#3081,#3717,.T.);
#2339=EDGE_CURVE('',#2946,#3075,#3718,.T.);
#2340=EDGE_CURVE('',#3081,#2947,#3719,.T.);
#2341=EDGE_CURVE('',#2941,#2959,#3720,.T.);
#2342=EDGE_CURVE('',#2942,#2958,#3721,.T.);
#2343=EDGE_CURVE('',#3082,#3083,#3722,.T.);
#2344=EDGE_CURVE('',#3082,#3050,#3723,.T.);
#2345=EDGE_CURVE('',#3084,#2931,#3724,.T.);
#2346=EDGE_CURVE('',#3084,#3083,#3725,.T.);
#2347=EDGE_CURVE('',#3047,#3085,#3726,.T.);
#2348=EDGE_CURVE('',#3085,#3086,#3727,.T.);
#2349=EDGE_CURVE('',#3086,#3087,#3728,.T.);
#2350=EDGE_CURVE('',#3087,#3056,#3729,.T.);
#2351=EDGE_CURVE('',#3087,#3084,#116,.T.);
#2352=EDGE_CURVE('',#3085,#3082,#117,.F.);
#2353=EDGE_CURVE('',#3083,#3086,#118,.T.);
#2354=EDGE_CURVE('',#3045,#3088,#3730,.F.);
#2355=EDGE_CURVE('',#3088,#3089,#119,.T.);
#2356=EDGE_CURVE('',#3089,#3044,#3731,.F.);
#2357=EDGE_CURVE('',#3046,#3090,#3732,.F.);
#2358=EDGE_CURVE('',#3090,#3085,#56,.T.);
#2359=EDGE_CURVE('',#3082,#3091,#57,.T.);
#2360=EDGE_CURVE('',#3091,#3051,#3733,.F.);
#2361=EDGE_CURVE('',#3091,#3092,#58,.T.);
#2362=EDGE_CURVE('',#3092,#3088,#59,.T.);
#2363=EDGE_CURVE('',#3089,#3093,#60,.F.);
#2364=EDGE_CURVE('',#3093,#3090,#61,.T.);
#2365=EDGE_CURVE('',#3093,#3092,#120,.F.);
#2366=EDGE_CURVE('',#2870,#2998,#3734,.T.);
#2367=EDGE_CURVE('',#2873,#2999,#3735,.T.);
#2368=EDGE_CURVE('',#2872,#3054,#3736,.T.);
#2369=EDGE_CURVE('',#3094,#3095,#3737,.F.);
#2370=EDGE_CURVE('',#3095,#3096,#121,.T.);
#2371=EDGE_CURVE('',#3097,#3096,#3738,.T.);
#2372=EDGE_CURVE('',#3097,#3098,#122,.T.);
#2373=EDGE_CURVE('',#3098,#3099,#3739,.F.);
#2374=EDGE_CURVE('',#3099,#2869,#3740,.T.);
#2375=EDGE_CURVE('',#3055,#3100,#3741,.T.);
#2376=EDGE_CURVE('',#3094,#3100,#3742,.T.);
#2377=EDGE_CURVE('',#2872,#3101,#123,.T.);
#2378=EDGE_CURVE('',#3101,#3100,#3743,.T.);
#2379=EDGE_CURVE('',#3102,#3002,#3744,.T.);
#2380=EDGE_CURVE('',#3102,#3042,#3745,.T.);
#2381=EDGE_CURVE('',#2983,#3102,#3746,.T.);
#2382=EDGE_CURVE('',#2912,#2897,#3747,.T.);
#2383=EDGE_CURVE('',#2927,#2882,#3748,.T.);
#2384=EDGE_CURVE('',#2926,#2883,#3749,.T.);
#2385=EDGE_CURVE('',#2923,#2886,#3750,.T.);
#2386=EDGE_CURVE('',#2922,#2887,#3751,.T.);
#2387=EDGE_CURVE('',#2921,#2888,#3752,.T.);
#2388=EDGE_CURVE('',#2911,#2898,#3753,.T.);
#2389=EDGE_CURVE('',#2910,#2899,#3754,.T.);
#2390=EDGE_CURVE('',#3103,#3104,#3755,.T.);
#2391=EDGE_CURVE('',#3104,#2929,#3756,.T.);
#2392=EDGE_CURVE('',#3059,#3105,#3757,.T.);
#2393=EDGE_CURVE('',#3105,#3106,#3758,.T.);
#2394=EDGE_CURVE('',#3106,#3103,#3759,.T.);
#2395=EDGE_CURVE('',#2915,#2903,#3760,.T.);
#2396=EDGE_CURVE('',#3107,#2902,#3761,.T.);
#2397=EDGE_CURVE('',#3107,#2916,#3762,.T.);
#2398=EDGE_CURVE('',#2739,#2918,#3763,.T.);
#2399=EDGE_CURVE('',#2917,#3108,#3764,.T.);
#2400=EDGE_CURVE('',#3108,#2740,#3765,.T.);
#2401=EDGE_CURVE('',#3109,#2900,#3766,.T.);
#2402=EDGE_CURVE('',#3109,#3110,#3767,.T.);
#2403=EDGE_CURVE('',#3110,#2736,#3768,.T.);
#2404=EDGE_CURVE('',#3108,#3107,#3769,.T.);
#2405=EDGE_CURVE('',#3106,#3111,#3770,.T.);
#2406=EDGE_CURVE('',#3111,#3112,#3771,.T.);
#2407=EDGE_CURVE('',#3103,#3112,#3772,.T.);
#2408=EDGE_CURVE('',#2891,#3104,#3773,.F.);
#2409=EDGE_CURVE('',#3112,#2892,#3774,.T.);
#2410=EDGE_CURVE('',#3105,#2894,#3775,.F.);
#2411=EDGE_CURVE('',#2893,#3111,#3776,.T.);
#2412=EDGE_CURVE('',#2908,#2879,#3777,.T.);
#2413=EDGE_CURVE('',#2909,#2878,#3778,.T.);
#2414=EDGE_CURVE('',#3099,#3113,#3779,.T.);
#2415=EDGE_CURVE('',#3113,#3114,#3780,.T.);
#2416=EDGE_CURVE('',#3114,#3115,#3781,.T.);
#2417=EDGE_CURVE('',#3115,#2871,#3782,.T.);
#2418=EDGE_CURVE('',#3115,#3116,#124,.T.);
#2419=EDGE_CURVE('',#3116,#3101,#3783,.T.);
#2420=EDGE_CURVE('',#3117,#3118,#3784,.T.);
#2421=EDGE_CURVE('',#3117,#3094,#3785,.T.);
#2422=EDGE_CURVE('',#3116,#3118,#3786,.T.);
#2423=EDGE_CURVE('',#3113,#3117,#125,.F.);
#2424=EDGE_CURVE('',#3118,#3114,#126,.T.);
#2425=EDGE_CURVE('',#3096,#3119,#3787,.F.);
#2426=EDGE_CURVE('',#3119,#3120,#127,.T.);
#2427=EDGE_CURVE('',#3120,#3097,#3788,.F.);
#2428=EDGE_CURVE('',#3117,#3121,#62,.T.);
#2429=EDGE_CURVE('',#3121,#3095,#3789,.F.);
#2430=EDGE_CURVE('',#3098,#3122,#3790,.F.);
#2431=EDGE_CURVE('',#3122,#3113,#63,.T.);
#2432=EDGE_CURVE('',#3120,#3123,#64,.F.);
#2433=EDGE_CURVE('',#3123,#3122,#65,.T.);
#2434=EDGE_CURVE('',#3121,#3124,#66,.T.);
#2435=EDGE_CURVE('',#3124,#3119,#67,.T.);
#2436=EDGE_CURVE('',#3123,#3124,#128,.F.);
#2437=EDGE_CURVE('',#2854,#3125,#3791,.T.);
#2438=EDGE_CURVE('',#3126,#3125,#3792,.T.);
#2439=EDGE_CURVE('',#2853,#3126,#3793,.T.);
#2440=EDGE_CURVE('',#3125,#3127,#3794,.T.);
#2441=EDGE_CURVE('',#3128,#3127,#3795,.T.);
#2442=EDGE_CURVE('',#3126,#3128,#3796,.T.);
#2443=EDGE_CURVE('',#3127,#2856,#129,.T.);
#2444=EDGE_CURVE('',#3128,#2855,#130,.T.);
#2445=EDGE_CURVE('',#3129,#2858,#3797,.T.);
#2446=EDGE_CURVE('',#3129,#2785,#3798,.T.);
#2447=EDGE_CURVE('',#2866,#3130,#3799,.T.);
#2448=EDGE_CURVE('',#3130,#2857,#3800,.T.);
#2449=EDGE_CURVE('',#3130,#3129,#3801,.T.);
#2450=EDGE_CURVE('',#2766,#2786,#131,.F.);
#2451=EDGE_CURVE('',#2865,#2751,#132,.F.);
#2452=EDGE_CURVE('',#2742,#2838,#133,.F.);
#2453=EDGE_CURVE('',#2837,#2763,#134,.F.);
#2454=EDGE_CURVE('',#2754,#2820,#135,.F.);
#2455=EDGE_CURVE('',#2819,#2775,#136,.F.);
#2456=EDGE_CURVE('',#2781,#2710,#3802,.T.);
#2457=EDGE_CURVE('',#2709,#3131,#3803,.T.);
#2458=EDGE_CURVE('',#3131,#3132,#3804,.T.);
#2459=EDGE_CURVE('',#3133,#3132,#3805,.T.);
#2460=EDGE_CURVE('',#3067,#3133,#3806,.T.);
#2461=EDGE_CURVE('',#3066,#2852,#3807,.T.);
#2462=EDGE_CURVE('',#2711,#2901,#3808,.T.);
#2463=EDGE_CURVE('',#3058,#3069,#3809,.T.);
#2464=EDGE_CURVE('',#3134,#3068,#3810,.T.);
#2465=EDGE_CURVE('',#3134,#3135,#3811,.T.);
#2466=EDGE_CURVE('',#3135,#3136,#3812,.T.);
#2467=EDGE_CURVE('',#2712,#3136,#3813,.T.);
#2468=EDGE_CURVE('',#3134,#3133,#3814,.T.);
#2469=EDGE_CURVE('',#3137,#3036,#3815,.T.);
#2470=EDGE_CURVE('',#3138,#3137,#3816,.T.);
#2471=EDGE_CURVE('',#3138,#3035,#3817,.T.);
#2472=EDGE_CURVE('',#3139,#3039,#3818,.T.);
#2473=EDGE_CURVE('',#3137,#3139,#3819,.T.);
#2474=EDGE_CURVE('',#3038,#3140,#3820,.T.);
#2475=EDGE_CURVE('',#3139,#3140,#3821,.T.);
#2476=EDGE_CURVE('',#3141,#3138,#3822,.T.);
#2477=EDGE_CURVE('',#3141,#3037,#3823,.T.);
#2478=EDGE_CURVE('',#3132,#3135,#3824,.T.);
#2479=EDGE_CURVE('',#3136,#3131,#3825,.T.);
#2480=EDGE_CURVE('',#3140,#3141,#3826,.F.);
#2481=EDGE_CURVE('',#3031,#3142,#3827,.T.);
#2482=EDGE_CURVE('',#3143,#3142,#3828,.T.);
#2483=EDGE_CURVE('',#3143,#3030,#3829,.T.);
#2484=EDGE_CURVE('',#3144,#3145,#3830,.T.);
#2485=EDGE_CURVE('',#3144,#3034,#3831,.T.);
#2486=EDGE_CURVE('',#3145,#3033,#3832,.T.);
#2487=EDGE_CURVE('',#3146,#3032,#3833,.T.);
#2488=EDGE_CURVE('',#3145,#3146,#3834,.T.);
#2489=EDGE_CURVE('',#3146,#3143,#3835,.T.);
#2490=EDGE_CURVE('',#2746,#2747,#3836,.T.);
#2491=EDGE_CURVE('',#2748,#2745,#3837,.T.);
#2492=EDGE_CURVE('',#3142,#3144,#3838,.F.);
#2493=EDGE_CURVE('',#2777,#2702,#3839,.T.);
#2494=EDGE_CURVE('',#2701,#3147,#3840,.T.);
#2495=EDGE_CURVE('',#3147,#3148,#3841,.T.);
#2496=EDGE_CURVE('',#3149,#3148,#3842,.T.);
#2497=EDGE_CURVE('',#3063,#3149,#3843,.T.);
#2498=EDGE_CURVE('',#3062,#2834,#3844,.T.);
#2499=EDGE_CURVE('',#2703,#2840,#3845,.T.);
#2500=EDGE_CURVE('',#2849,#3065,#3846,.T.);
#2501=EDGE_CURVE('',#3150,#3064,#3847,.T.);
#2502=EDGE_CURVE('',#3150,#3151,#3848,.T.);
#2503=EDGE_CURVE('',#3151,#3152,#3849,.T.);
#2504=EDGE_CURVE('',#2704,#3152,#3850,.T.);
#2505=EDGE_CURVE('',#3150,#3149,#3851,.T.);
#2506=EDGE_CURVE('',#3153,#3026,#3852,.T.);
#2507=EDGE_CURVE('',#3154,#3153,#3853,.T.);
#2508=EDGE_CURVE('',#3154,#3025,#3854,.T.);
#2509=EDGE_CURVE('',#3155,#3029,#3855,.T.);
#2510=EDGE_CURVE('',#3153,#3155,#3856,.T.);
#2511=EDGE_CURVE('',#3028,#3156,#3857,.T.);
#2512=EDGE_CURVE('',#3155,#3156,#3858,.T.);
#2513=EDGE_CURVE('',#3157,#3154,#3859,.T.);
#2514=EDGE_CURVE('',#3157,#3027,#3860,.T.);
#2515=EDGE_CURVE('',#3148,#3151,#3861,.T.);
#2516=EDGE_CURVE('',#3152,#3147,#3862,.T.);
#2517=EDGE_CURVE('',#3156,#3157,#3863,.F.);
#2518=EDGE_CURVE('',#2793,#2694,#3864,.T.);
#2519=EDGE_CURVE('',#2693,#3158,#3865,.T.);
#2520=EDGE_CURVE('',#3158,#3159,#3866,.T.);
#2521=EDGE_CURVE('',#3160,#3159,#3867,.T.);
#2522=EDGE_CURVE('',#3071,#3160,#3868,.T.);
#2523=EDGE_CURVE('',#3070,#2810,#3869,.T.);
#2524=EDGE_CURVE('',#2695,#2822,#3870,.T.);
#2525=EDGE_CURVE('',#2831,#3061,#3871,.T.);
#2526=EDGE_CURVE('',#3161,#3060,#3872,.T.);
#2527=EDGE_CURVE('',#3161,#3162,#3873,.T.);
#2528=EDGE_CURVE('',#3162,#3163,#3874,.T.);
#2529=EDGE_CURVE('',#2696,#3163,#3875,.T.);
#2530=EDGE_CURVE('',#3161,#3160,#3876,.T.);
#2531=EDGE_CURVE('',#3164,#3021,#3877,.T.);
#2532=EDGE_CURVE('',#3165,#3164,#3878,.T.);
#2533=EDGE_CURVE('',#3165,#3020,#3879,.T.);
#2534=EDGE_CURVE('',#3166,#3024,#3880,.T.);
#2535=EDGE_CURVE('',#3164,#3166,#3881,.T.);
#2536=EDGE_CURVE('',#3023,#3167,#3882,.T.);
#2537=EDGE_CURVE('',#3166,#3167,#3883,.T.);
#2538=EDGE_CURVE('',#3168,#3165,#3884,.T.);
#2539=EDGE_CURVE('',#3168,#3022,#3885,.T.);
#2540=EDGE_CURVE('',#3159,#3162,#3886,.T.);
#2541=EDGE_CURVE('',#3163,#3158,#3887,.T.);
#2542=EDGE_CURVE('',#3167,#3168,#3888,.F.);
#2543=EDGE_CURVE('',#3169,#3170,#3889,.T.);
#2544=EDGE_CURVE('',#3169,#3015,#3890,.T.);
#2545=EDGE_CURVE('',#3170,#3016,#3891,.T.);
#2546=EDGE_CURVE('',#3171,#3019,#3892,.T.);
#2547=EDGE_CURVE('',#3170,#3171,#3893,.T.);
#2548=EDGE_CURVE('',#3172,#3018,#3894,.T.);
#2549=EDGE_CURVE('',#3171,#3172,#3895,.T.);
#2550=EDGE_CURVE('',#3017,#3173,#3896,.T.);
#2551=EDGE_CURVE('',#3172,#3173,#3897,.T.);
#2552=EDGE_CURVE('',#2758,#2759,#3898,.T.);
#2553=EDGE_CURVE('',#2760,#2757,#3899,.T.);
#2554=EDGE_CURVE('',#3173,#3169,#3900,.F.);
#2555=EDGE_CURVE('',#3174,#3175,#3901,.T.);
#2556=EDGE_CURVE('',#3174,#3010,#3902,.T.);
#2557=EDGE_CURVE('',#3175,#3011,#3903,.T.);
#2558=EDGE_CURVE('',#3176,#3014,#3904,.T.);
#2559=EDGE_CURVE('',#3175,#3176,#3905,.T.);
#2560=EDGE_CURVE('',#3177,#3013,#3906,.T.);
#2561=EDGE_CURVE('',#3176,#3177,#3907,.T.);
#2562=EDGE_CURVE('',#3012,#3178,#3908,.T.);
#2563=EDGE_CURVE('',#3177,#3178,#3909,.T.);
#2564=EDGE_CURVE('',#2770,#2771,#3910,.T.);
#2565=EDGE_CURVE('',#2772,#2769,#3911,.T.);
#2566=EDGE_CURVE('',#3178,#3174,#3912,.F.);
#2567=EDGE_CURVE('',#2717,#3179,#3913,.T.);
#2568=EDGE_CURVE('',#3179,#3180,#3914,.T.);
#2569=EDGE_CURVE('',#3180,#2782,#3915,.T.);
#2570=EDGE_CURVE('',#2847,#2851,#3916,.T.);
#2571=EDGE_CURVE('',#3181,#3182,#3917,.T.);
#2572=EDGE_CURVE('',#3182,#2732,#3918,.T.);
#2573=EDGE_CURVE('',#2850,#2848,#3919,.T.);
#2574=EDGE_CURVE('',#2839,#3181,#3920,.T.);
#2575=EDGE_CURVE('',#2713,#3183,#3921,.T.);
#2576=EDGE_CURVE('',#3183,#3184,#3922,.T.);
#2577=EDGE_CURVE('',#3184,#2778,#3923,.T.);
#2578=EDGE_CURVE('',#2829,#2833,#3924,.T.);
#2579=EDGE_CURVE('',#3185,#3186,#3925,.T.);
#2580=EDGE_CURVE('',#3186,#2728,#3926,.T.);
#2581=EDGE_CURVE('',#2832,#2830,#3927,.T.);
#2582=EDGE_CURVE('',#2821,#3185,#3928,.T.);
#2583=EDGE_CURVE('',#3110,#3077,#3929,.T.);
#2584=EDGE_CURVE('',#3183,#3186,#3930,.T.);
#2585=EDGE_CURVE('',#3179,#3182,#3931,.T.);
#2586=EDGE_CURVE('',#3181,#3180,#3932,.T.);
#2587=EDGE_CURVE('',#3185,#3184,#3933,.T.);
#2588=EDGE_CURVE('',#3078,#3109,#3934,.T.);
#2589=EDGE_CURVE('',#2986,#2959,#3935,.T.);
#2590=EDGE_CURVE('',#2987,#2941,#3936,.T.);
#2591=EDGE_CURVE('',#2908,#3007,#3937,.F.);
#2592=EDGE_CURVE('',#2879,#3006,#3938,.F.);
#2593=EDGE_CURVE('',#3187,#3188,#3939,.T.);
#2594=EDGE_CURVE('',#3187,#3189,#3940,.T.);
#2595=EDGE_CURVE('',#3189,#3190,#3941,.T.);
#2596=EDGE_CURVE('',#3190,#3188,#3942,.T.);
#2597=EDGE_CURVE('',#3191,#3187,#3943,.T.);
#2598=EDGE_CURVE('',#3187,#3192,#3944,.T.);
#2599=EDGE_CURVE('',#3192,#3193,#3945,.T.);
#2600=EDGE_CURVE('',#3193,#3194,#137,.T.);
#2601=EDGE_CURVE('',#3194,#3195,#3946,.T.);
#2602=EDGE_CURVE('',#3195,#3196,#3947,.T.);
#2603=EDGE_CURVE('',#3196,#3197,#3948,.T.);
#2604=EDGE_CURVE('',#3197,#3191,#138,.T.);
#2605=EDGE_CURVE('',#3189,#3198,#3949,.T.);
#2606=EDGE_CURVE('',#3199,#3198,#3950,.T.);
#2607=EDGE_CURVE('',#3199,#3190,#3951,.T.);
#2608=EDGE_CURVE('',#3198,#3192,#3952,.T.);
#2609=EDGE_CURVE('',#3200,#3192,#3953,.T.);
#2610=EDGE_CURVE('',#3200,#3199,#3954,.T.);
#2611=EDGE_CURVE('',#3201,#3202,#3955,.T.);
#2612=EDGE_CURVE('',#3202,#3203,#3956,.T.);
#2613=EDGE_CURVE('',#3203,#3204,#3957,.T.);
#2614=EDGE_CURVE('',#3204,#3201,#3958,.T.);
#2615=EDGE_CURVE('',#3198,#3205,#3959,.T.);
#2616=EDGE_CURVE('',#3193,#3205,#3960,.T.);
#2617=EDGE_CURVE('',#3205,#3206,#139,.T.);
#2618=EDGE_CURVE('',#3194,#3206,#3961,.T.);
#2619=EDGE_CURVE('',#3206,#3207,#3962,.T.);
#2620=EDGE_CURVE('',#3207,#3195,#3963,.T.);
#2621=EDGE_CURVE('',#3208,#3209,#3964,.T.);
#2622=EDGE_CURVE('',#3209,#3210,#3965,.T.);
#2623=EDGE_CURVE('',#3210,#3211,#3966,.T.);
#2624=EDGE_CURVE('',#3211,#3208,#3967,.T.);
#2625=EDGE_CURVE('',#3196,#3212,#3968,.T.);
#2626=EDGE_CURVE('',#3212,#3213,#3969,.T.);
#2627=EDGE_CURVE('',#3197,#3213,#3970,.T.);
#2628=EDGE_CURVE('',#3213,#3214,#140,.T.);
#2629=EDGE_CURVE('',#3191,#3214,#3971,.T.);
#2630=EDGE_CURVE('',#3214,#3189,#3972,.T.);
#2631=EDGE_CURVE('',#3188,#3200,#3973,.T.);
#2632=EDGE_CURVE('',#3212,#3207,#3974,.T.);
#2633=EDGE_CURVE('',#3200,#3204,#3975,.T.);
#2634=EDGE_CURVE('',#3201,#3188,#3976,.F.);
#2635=EDGE_CURVE('',#3202,#3190,#3977,.F.);
#2636=EDGE_CURVE('',#3199,#3203,#3978,.F.);
#2637=EDGE_CURVE('',#3196,#3211,#3979,.F.);
#2638=EDGE_CURVE('',#3208,#3195,#3980,.T.);
#2639=EDGE_CURVE('',#3209,#3207,#3981,.F.);
#2640=EDGE_CURVE('',#3212,#3210,#3982,.F.);
#2641=EDGE_CURVE('',#3215,#3216,#3983,.T.);
#2642=EDGE_CURVE('',#3215,#3217,#3984,.T.);
#2643=EDGE_CURVE('',#3217,#3218,#3985,.T.);
#2644=EDGE_CURVE('',#3218,#3216,#3986,.T.);
#2645=EDGE_CURVE('',#3219,#3215,#3987,.T.);
#2646=EDGE_CURVE('',#3215,#3220,#3988,.T.);
#2647=EDGE_CURVE('',#3220,#3221,#3989,.T.);
#2648=EDGE_CURVE('',#3221,#3222,#141,.T.);
#2649=EDGE_CURVE('',#3222,#3223,#3990,.T.);
#2650=EDGE_CURVE('',#3223,#3224,#3991,.T.);
#2651=EDGE_CURVE('',#3224,#3225,#3992,.T.);
#2652=EDGE_CURVE('',#3225,#3219,#142,.T.);
#2653=EDGE_CURVE('',#3217,#3226,#3993,.T.);
#2654=EDGE_CURVE('',#3227,#3226,#3994,.T.);
#2655=EDGE_CURVE('',#3227,#3218,#3995,.T.);
#2656=EDGE_CURVE('',#3226,#3220,#3996,.T.);
#2657=EDGE_CURVE('',#3228,#3220,#3997,.T.);
#2658=EDGE_CURVE('',#3228,#3227,#3998,.T.);
#2659=EDGE_CURVE('',#3229,#3230,#3999,.T.);
#2660=EDGE_CURVE('',#3230,#3231,#4000,.T.);
#2661=EDGE_CURVE('',#3231,#3232,#4001,.T.);
#2662=EDGE_CURVE('',#3232,#3229,#4002,.T.);
#2663=EDGE_CURVE('',#3226,#3233,#4003,.T.);
#2664=EDGE_CURVE('',#3221,#3233,#4004,.T.);
#2665=EDGE_CURVE('',#3233,#3234,#143,.T.);
#2666=EDGE_CURVE('',#3222,#3234,#4005,.T.);
#2667=EDGE_CURVE('',#3234,#3235,#4006,.T.);
#2668=EDGE_CURVE('',#3235,#3223,#4007,.T.);
#2669=EDGE_CURVE('',#3236,#3237,#4008,.T.);
#2670=EDGE_CURVE('',#3237,#3238,#4009,.T.);
#2671=EDGE_CURVE('',#3238,#3239,#4010,.T.);
#2672=EDGE_CURVE('',#3239,#3236,#4011,.T.);
#2673=EDGE_CURVE('',#3224,#3240,#4012,.T.);
#2674=EDGE_CURVE('',#3240,#3241,#4013,.T.);
#2675=EDGE_CURVE('',#3225,#3241,#4014,.T.);
#2676=EDGE_CURVE('',#3241,#3242,#144,.T.);
#2677=EDGE_CURVE('',#3219,#3242,#4015,.T.);
#2678=EDGE_CURVE('',#3242,#3217,#4016,.T.);
#2679=EDGE_CURVE('',#3216,#3228,#4017,.T.);
#2680=EDGE_CURVE('',#3240,#3235,#4018,.T.);
#2681=EDGE_CURVE('',#3228,#3232,#4019,.T.);
#2682=EDGE_CURVE('',#3229,#3216,#4020,.F.);
#2683=EDGE_CURVE('',#3230,#3218,#4021,.F.);
#2684=EDGE_CURVE('',#3227,#3231,#4022,.F.);
#2685=EDGE_CURVE('',#3224,#3239,#4023,.F.);
#2686=EDGE_CURVE('',#3236,#3223,#4024,.T.);
#2687=EDGE_CURVE('',#3237,#3235,#4025,.F.);
#2688=EDGE_CURVE('',#3240,#3238,#4026,.F.);
#2689=VERTEX_POINT('',#8148);
#2690=VERTEX_POINT('',#8149);
#2691=VERTEX_POINT('',#8151);
#2692=VERTEX_POINT('',#8153);
#2693=VERTEX_POINT('',#8157);
#2694=VERTEX_POINT('',#8158);
#2695=VERTEX_POINT('',#8160);
#2696=VERTEX_POINT('',#8162);
#2697=VERTEX_POINT('',#8166);
#2698=VERTEX_POINT('',#8167);
#2699=VERTEX_POINT('',#8169);
#2700=VERTEX_POINT('',#8171);
#2701=VERTEX_POINT('',#8175);
#2702=VERTEX_POINT('',#8176);
#2703=VERTEX_POINT('',#8178);
#2704=VERTEX_POINT('',#8180);
#2705=VERTEX_POINT('',#8184);
#2706=VERTEX_POINT('',#8185);
#2707=VERTEX_POINT('',#8187);
#2708=VERTEX_POINT('',#8189);
#2709=VERTEX_POINT('',#8193);
#2710=VERTEX_POINT('',#8194);
#2711=VERTEX_POINT('',#8196);
#2712=VERTEX_POINT('',#8198);
#2713=VERTEX_POINT('',#8202);
#2714=VERTEX_POINT('',#8203);
#2715=VERTEX_POINT('',#8205);
#2716=VERTEX_POINT('',#8207);
#2717=VERTEX_POINT('',#8211);
#2718=VERTEX_POINT('',#8212);
#2719=VERTEX_POINT('',#8214);
#2720=VERTEX_POINT('',#8216);
#2721=VERTEX_POINT('',#8220);
#2722=VERTEX_POINT('',#8221);
#2723=VERTEX_POINT('',#8223);
#2724=VERTEX_POINT('',#8225);
#2725=VERTEX_POINT('',#8227);
#2726=VERTEX_POINT('',#8229);
#2727=VERTEX_POINT('',#8233);
#2728=VERTEX_POINT('',#8234);
#2729=VERTEX_POINT('',#8236);
#2730=VERTEX_POINT('',#8238);
#2731=VERTEX_POINT('',#8242);
#2732=VERTEX_POINT('',#8243);
#2733=VERTEX_POINT('',#8245);
#2734=VERTEX_POINT('',#8247);
#2735=VERTEX_POINT('',#8251);
#2736=VERTEX_POINT('',#8252);
#2737=VERTEX_POINT('',#8254);
#2738=VERTEX_POINT('',#8256);
#2739=VERTEX_POINT('',#8258);
#2740=VERTEX_POINT('',#8260);
#2741=VERTEX_POINT('',#8265);
#2742=VERTEX_POINT('',#8267);
#2743=VERTEX_POINT('',#8269);
#2744=VERTEX_POINT('',#8271);
#2745=VERTEX_POINT('',#8273);
#2746=VERTEX_POINT('',#8275);
#2747=VERTEX_POINT('',#8280);
#2748=VERTEX_POINT('',#8282);
#2749=VERTEX_POINT('',#8284);
#2750=VERTEX_POINT('',#8286);
#2751=VERTEX_POINT('',#8288);
#2752=VERTEX_POINT('',#8290);
#2753=VERTEX_POINT('',#8295);
#2754=VERTEX_POINT('',#8297);
#2755=VERTEX_POINT('',#8299);
#2756=VERTEX_POINT('',#8301);
#2757=VERTEX_POINT('',#8303);
#2758=VERTEX_POINT('',#8305);
#2759=VERTEX_POINT('',#8310);
#2760=VERTEX_POINT('',#8312);
#2761=VERTEX_POINT('',#8314);
#2762=VERTEX_POINT('',#8316);
#2763=VERTEX_POINT('',#8318);
#2764=VERTEX_POINT('',#8320);
#2765=VERTEX_POINT('',#8325);
#2766=VERTEX_POINT('',#8327);
#2767=VERTEX_POINT('',#8329);
#2768=VERTEX_POINT('',#8331);
#2769=VERTEX_POINT('',#8333);
#2770=VERTEX_POINT('',#8335);
#2771=VERTEX_POINT('',#8340);
#2772=VERTEX_POINT('',#8342);
#2773=VERTEX_POINT('',#8344);
#2774=VERTEX_POINT('',#8346);
#2775=VERTEX_POINT('',#8348);
#2776=VERTEX_POINT('',#8350);
#2777=VERTEX_POINT('',#8354);
#2778=VERTEX_POINT('',#8355);
#2779=VERTEX_POINT('',#8357);
#2780=VERTEX_POINT('',#8359);
#2781=VERTEX_POINT('',#8363);
#2782=VERTEX_POINT('',#8364);
#2783=VERTEX_POINT('',#8366);
#2784=VERTEX_POINT('',#8368);
#2785=VERTEX_POINT('',#8375);
#2786=VERTEX_POINT('',#8376);
#2787=VERTEX_POINT('',#8378);
#2788=VERTEX_POINT('',#8380);
#2789=VERTEX_POINT('',#8382);
#2790=VERTEX_POINT('',#8384);
#2791=VERTEX_POINT('',#8386);
#2792=VERTEX_POINT('',#8388);
#2793=VERTEX_POINT('',#8392);
#2794=VERTEX_POINT('',#8393);
#2795=VERTEX_POINT('',#8395);
#2796=VERTEX_POINT('',#8397);
#2797=VERTEX_POINT('',#8399);
#2798=VERTEX_POINT('',#8401);
#2799=VERTEX_POINT('',#8405);
#2800=VERTEX_POINT('',#8406);
#2801=VERTEX_POINT('',#8408);
#2802=VERTEX_POINT('',#8410);
#2803=VERTEX_POINT('',#8412);
#2804=VERTEX_POINT('',#8414);
#2805=VERTEX_POINT('',#8416);
#2806=VERTEX_POINT('',#8418);
#2807=VERTEX_POINT('',#8423);
#2808=VERTEX_POINT('',#8425);
#2809=VERTEX_POINT('',#8427);
#2810=VERTEX_POINT('',#8431);
#2811=VERTEX_POINT('',#8434);
#2812=VERTEX_POINT('',#8436);
#2813=VERTEX_POINT('',#8438);
#2814=VERTEX_POINT('',#8440);
#2815=VERTEX_POINT('',#8442);
#2816=VERTEX_POINT('',#8444);
#2817=VERTEX_POINT('',#8451);
#2818=VERTEX_POINT('',#8452);
#2819=VERTEX_POINT('',#8454);
#2820=VERTEX_POINT('',#8456);
#2821=VERTEX_POINT('',#8460);
#2822=VERTEX_POINT('',#8461);
#2823=VERTEX_POINT('',#8463);
#2824=VERTEX_POINT('',#8465);
#2825=VERTEX_POINT('',#8469);
#2826=VERTEX_POINT('',#8470);
#2827=VERTEX_POINT('',#8472);
#2828=VERTEX_POINT('',#8474);
#2829=VERTEX_POINT('',#8480);
#2830=VERTEX_POINT('',#8482);
#2831=VERTEX_POINT('',#8486);
#2832=VERTEX_POINT('',#8489);
#2833=VERTEX_POINT('',#8491);
#2834=VERTEX_POINT('',#8494);
#2835=VERTEX_POINT('',#8501);
#2836=VERTEX_POINT('',#8502);
#2837=VERTEX_POINT('',#8504);
#2838=VERTEX_POINT('',#8506);
#2839=VERTEX_POINT('',#8510);
#2840=VERTEX_POINT('',#8511);
#2841=VERTEX_POINT('',#8513);
#2842=VERTEX_POINT('',#8515);
#2843=VERTEX_POINT('',#8519);
#2844=VERTEX_POINT('',#8520);
#2845=VERTEX_POINT('',#8522);
#2846=VERTEX_POINT('',#8524);
#2847=VERTEX_POINT('',#8530);
#2848=VERTEX_POINT('',#8532);
#2849=VERTEX_POINT('',#8536);
#2850=VERTEX_POINT('',#8539);
#2851=VERTEX_POINT('',#8541);
#2852=VERTEX_POINT('',#8544);
#2853=VERTEX_POINT('',#8548);
#2854=VERTEX_POINT('',#8549);
#2855=VERTEX_POINT('',#8551);
#2856=VERTEX_POINT('',#8553);
#2857=VERTEX_POINT('',#8556);
#2858=VERTEX_POINT('',#8557);
#2859=VERTEX_POINT('',#8560);
#2860=VERTEX_POINT('',#8562);
#2861=VERTEX_POINT('',#8564);
#2862=VERTEX_POINT('',#8566);
#2863=VERTEX_POINT('',#8570);
#2864=VERTEX_POINT('',#8571);
#2865=VERTEX_POINT('',#8573);
#2866=VERTEX_POINT('',#8575);
#2867=VERTEX_POINT('',#8578);
#2868=VERTEX_POINT('',#8580);
#2869=VERTEX_POINT('',#8584);
#2870=VERTEX_POINT('',#8585);
#2871=VERTEX_POINT('',#8587);
#2872=VERTEX_POINT('',#8589);
#2873=VERTEX_POINT('',#8591);
#2874=VERTEX_POINT('',#8595);
#2875=VERTEX_POINT('',#8596);
#2876=VERTEX_POINT('',#8598);
#2877=VERTEX_POINT('',#8600);
#2878=VERTEX_POINT('',#8604);
#2879=VERTEX_POINT('',#8605);
#2880=VERTEX_POINT('',#8607);
#2881=VERTEX_POINT('',#8609);
#2882=VERTEX_POINT('',#8611);
#2883=VERTEX_POINT('',#8613);
#2884=VERTEX_POINT('',#8615);
#2885=VERTEX_POINT('',#8617);
#2886=VERTEX_POINT('',#8619);
#2887=VERTEX_POINT('',#8621);
#2888=VERTEX_POINT('',#8623);
#2889=VERTEX_POINT('',#8625);
#2890=VERTEX_POINT('',#8628);
#2891=VERTEX_POINT('',#8630);
#2892=VERTEX_POINT('',#8632);
#2893=VERTEX_POINT('',#8634);
#2894=VERTEX_POINT('',#8636);
#2895=VERTEX_POINT('',#8638);
#2896=VERTEX_POINT('',#8640);
#2897=VERTEX_POINT('',#8642);
#2898=VERTEX_POINT('',#8644);
#2899=VERTEX_POINT('',#8646);
#2900=VERTEX_POINT('',#8651);
#2901=VERTEX_POINT('',#8652);
#2902=VERTEX_POINT('',#8654);
#2903=VERTEX_POINT('',#8656);
#2904=VERTEX_POINT('',#8658);
#2905=VERTEX_POINT('',#8660);
#2906=VERTEX_POINT('',#8664);
#2907=VERTEX_POINT('',#8665);
#2908=VERTEX_POINT('',#8667);
#2909=VERTEX_POINT('',#8669);
#2910=VERTEX_POINT('',#8672);
#2911=VERTEX_POINT('',#8674);
#2912=VERTEX_POINT('',#8676);
#2913=VERTEX_POINT('',#8678);
#2914=VERTEX_POINT('',#8680);
#2915=VERTEX_POINT('',#8682);
#2916=VERTEX_POINT('',#8684);
#2917=VERTEX_POINT('',#8686);
#2918=VERTEX_POINT('',#8688);
#2919=VERTEX_POINT('',#8690);
#2920=VERTEX_POINT('',#8692);
#2921=VERTEX_POINT('',#8694);
#2922=VERTEX_POINT('',#8696);
#2923=VERTEX_POINT('',#8698);
#2924=VERTEX_POINT('',#8700);
#2925=VERTEX_POINT('',#8702);
#2926=VERTEX_POINT('',#8704);
#2927=VERTEX_POINT('',#8706);
#2928=VERTEX_POINT('',#8710);
#2929=VERTEX_POINT('',#8711);
#2930=VERTEX_POINT('',#8716);
#2931=VERTEX_POINT('',#8717);
#2932=VERTEX_POINT('',#8719);
#2933=VERTEX_POINT('',#8721);
#2934=VERTEX_POINT('',#8723);
#2935=VERTEX_POINT('',#8727);
#2936=VERTEX_POINT('',#8728);
#2937=VERTEX_POINT('',#8730);
#2938=VERTEX_POINT('',#8732);
#2939=VERTEX_POINT('',#8736);
#2940=VERTEX_POINT('',#8737);
#2941=VERTEX_POINT('',#8739);
#2942=VERTEX_POINT('',#8741);
#2943=VERTEX_POINT('',#8744);
#2944=VERTEX_POINT('',#8746);
#2945=VERTEX_POINT('',#8748);
#2946=VERTEX_POINT('',#8751);
#2947=VERTEX_POINT('',#8753);
#2948=VERTEX_POINT('',#8755);
#2949=VERTEX_POINT('',#8757);
#2950=VERTEX_POINT('',#8759);
#2951=VERTEX_POINT('',#8762);
#2952=VERTEX_POINT('',#8764);
#2953=VERTEX_POINT('',#8766);
#2954=VERTEX_POINT('',#8768);
#2955=VERTEX_POINT('',#8770);
#2956=VERTEX_POINT('',#8772);
#2957=VERTEX_POINT('',#8774);
#2958=VERTEX_POINT('',#8778);
#2959=VERTEX_POINT('',#8779);
#2960=VERTEX_POINT('',#8781);
#2961=VERTEX_POINT('',#8783);
#2962=VERTEX_POINT('',#8785);
#2963=VERTEX_POINT('',#8787);
#2964=VERTEX_POINT('',#8789);
#2965=VERTEX_POINT('',#8791);
#2966=VERTEX_POINT('',#8793);
#2967=VERTEX_POINT('',#8795);
#2968=VERTEX_POINT('',#8797);
#2969=VERTEX_POINT('',#8800);
#2970=VERTEX_POINT('',#8802);
#2971=VERTEX_POINT('',#8804);
#2972=VERTEX_POINT('',#8806);
#2973=VERTEX_POINT('',#8809);
#2974=VERTEX_POINT('',#8811);
#2975=VERTEX_POINT('',#8813);
#2976=VERTEX_POINT('',#8818);
#2977=VERTEX_POINT('',#8820);
#2978=VERTEX_POINT('',#8824);
#2979=VERTEX_POINT('',#8825);
#2980=VERTEX_POINT('',#8827);
#2981=VERTEX_POINT('',#8829);
#2982=VERTEX_POINT('',#8831);
#2983=VERTEX_POINT('',#8833);
#2984=VERTEX_POINT('',#8835);
#2985=VERTEX_POINT('',#8837);
#2986=VERTEX_POINT('',#8841);
#2987=VERTEX_POINT('',#8842);
#2988=VERTEX_POINT('',#8844);
#2989=VERTEX_POINT('',#8846);
#2990=VERTEX_POINT('',#8848);
#2991=VERTEX_POINT('',#8850);
#2992=VERTEX_POINT('',#8853);
#2993=VERTEX_POINT('',#8855);
#2994=VERTEX_POINT('',#8857);
#2995=VERTEX_POINT('',#8859);
#2996=VERTEX_POINT('',#8861);
#2997=VERTEX_POINT('',#8863);
#2998=VERTEX_POINT('',#8865);
#2999=VERTEX_POINT('',#8867);
#3000=VERTEX_POINT('',#8869);
#3001=VERTEX_POINT('',#8871);
#3002=VERTEX_POINT('',#8874);
#3003=VERTEX_POINT('',#8876);
#3004=VERTEX_POINT('',#8878);
#3005=VERTEX_POINT('',#8880);
#3006=VERTEX_POINT('',#8882);
#3007=VERTEX_POINT('',#8884);
#3008=VERTEX_POINT('',#8886);
#3009=VERTEX_POINT('',#8888);
#3010=VERTEX_POINT('',#8892);
#3011=VERTEX_POINT('',#8893);
#3012=VERTEX_POINT('',#8895);
#3013=VERTEX_POINT('',#8897);
#3014=VERTEX_POINT('',#8899);
#3015=VERTEX_POINT('',#8902);
#3016=VERTEX_POINT('',#8903);
#3017=VERTEX_POINT('',#8905);
#3018=VERTEX_POINT('',#8907);
#3019=VERTEX_POINT('',#8909);
#3020=VERTEX_POINT('',#8912);
#3021=VERTEX_POINT('',#8913);
#3022=VERTEX_POINT('',#8915);
#3023=VERTEX_POINT('',#8917);
#3024=VERTEX_POINT('',#8919);
#3025=VERTEX_POINT('',#8922);
#3026=VERTEX_POINT('',#8923);
#3027=VERTEX_POINT('',#8925);
#3028=VERTEX_POINT('',#8927);
#3029=VERTEX_POINT('',#8929);
#3030=VERTEX_POINT('',#8932);
#3031=VERTEX_POINT('',#8933);
#3032=VERTEX_POINT('',#8935);
#3033=VERTEX_POINT('',#8937);
#3034=VERTEX_POINT('',#8939);
#3035=VERTEX_POINT('',#8942);
#3036=VERTEX_POINT('',#8943);
#3037=VERTEX_POINT('',#8945);
#3038=VERTEX_POINT('',#8947);
#3039=VERTEX_POINT('',#8949);
#3040=VERTEX_POINT('',#8966);
#3041=VERTEX_POINT('',#8970);
#3042=VERTEX_POINT('',#8973);
#3043=VERTEX_POINT('',#8977);
#3044=VERTEX_POINT('',#8984);
#3045=VERTEX_POINT('',#8985);
#3046=VERTEX_POINT('',#8987);
#3047=VERTEX_POINT('',#8989);
#3048=VERTEX_POINT('',#8991);
#3049=VERTEX_POINT('',#8993);
#3050=VERTEX_POINT('',#8996);
#3051=VERTEX_POINT('',#8998);
#3052=VERTEX_POINT('',#9002);
#3053=VERTEX_POINT('',#9004);
#3054=VERTEX_POINT('',#9007);
#3055=VERTEX_POINT('',#9009);
#3056=VERTEX_POINT('',#9014);
#3057=VERTEX_POINT('',#9018);
#3058=VERTEX_POINT('',#9048);
#3059=VERTEX_POINT('',#9053);
#3060=VERTEX_POINT('',#9061);
#3061=VERTEX_POINT('',#9062);
#3062=VERTEX_POINT('',#9065);
#3063=VERTEX_POINT('',#9067);
#3064=VERTEX_POINT('',#9069);
#3065=VERTEX_POINT('',#9071);
#3066=VERTEX_POINT('',#9074);
#3067=VERTEX_POINT('',#9076);
#3068=VERTEX_POINT('',#9078);
#3069=VERTEX_POINT('',#9080);
#3070=VERTEX_POINT('',#9083);
#3071=VERTEX_POINT('',#9085);
#3072=VERTEX_POINT('',#9089);
#3073=VERTEX_POINT('',#9091);
#3074=VERTEX_POINT('',#9093);
#3075=VERTEX_POINT('',#9095);
#3076=VERTEX_POINT('',#9100);
#3077=VERTEX_POINT('',#9104);
#3078=VERTEX_POINT('',#9106);
#3079=VERTEX_POINT('',#9109);
#3080=VERTEX_POINT('',#9118);
#3081=VERTEX_POINT('',#9122);
#3082=VERTEX_POINT('',#9138);
#3083=VERTEX_POINT('',#9139);
#3084=VERTEX_POINT('',#9142);
#3085=VERTEX_POINT('',#9146);
#3086=VERTEX_POINT('',#9148);
#3087=VERTEX_POINT('',#9150);
#3088=VERTEX_POINT('',#9159);
#3089=VERTEX_POINT('',#9161);
#3090=VERTEX_POINT('',#9166);
#3091=VERTEX_POINT('',#9176);
#3092=VERTEX_POINT('',#9183);
#3093=VERTEX_POINT('',#9193);
#3094=VERTEX_POINT('',#9208);
#3095=VERTEX_POINT('',#9209);
#3096=VERTEX_POINT('',#9211);
#3097=VERTEX_POINT('',#9213);
#3098=VERTEX_POINT('',#9215);
#3099=VERTEX_POINT('',#9217);
#3100=VERTEX_POINT('',#9220);
#3101=VERTEX_POINT('',#9224);
#3102=VERTEX_POINT('',#9228);
#3103=VERTEX_POINT('',#9254);
#3104=VERTEX_POINT('',#9255);
#3105=VERTEX_POINT('',#9258);
#3106=VERTEX_POINT('',#9260);
#3107=VERTEX_POINT('',#9265);
#3108=VERTEX_POINT('',#9270);
#3109=VERTEX_POINT('',#9274);
#3110=VERTEX_POINT('',#9276);
#3111=VERTEX_POINT('',#9282);
#3112=VERTEX_POINT('',#9284);
#3113=VERTEX_POINT('',#9303);
#3114=VERTEX_POINT('',#9305);
#3115=VERTEX_POINT('',#9307);
#3116=VERTEX_POINT('',#9311);
#3117=VERTEX_POINT('',#9315);
#3118=VERTEX_POINT('',#9316);
#3119=VERTEX_POINT('',#9324);
#3120=VERTEX_POINT('',#9326);
#3121=VERTEX_POINT('',#9334);
#3122=VERTEX_POINT('',#9338);
#3123=VERTEX_POINT('',#9348);
#3124=VERTEX_POINT('',#9358);
#3125=VERTEX_POINT('',#9368);
#3126=VERTEX_POINT('',#9370);
#3127=VERTEX_POINT('',#9374);
#3128=VERTEX_POINT('',#9376);
#3129=VERTEX_POINT('',#9385);
#3130=VERTEX_POINT('',#9389);
#3131=VERTEX_POINT('',#9403);
#3132=VERTEX_POINT('',#9405);
#3133=VERTEX_POINT('',#9407);
#3134=VERTEX_POINT('',#9414);
#3135=VERTEX_POINT('',#9416);
#3136=VERTEX_POINT('',#9418);
#3137=VERTEX_POINT('',#9428);
#3138=VERTEX_POINT('',#9430);
#3139=VERTEX_POINT('',#9434);
#3140=VERTEX_POINT('',#9438);
#3141=VERTEX_POINT('',#9442);
#3142=VERTEX_POINT('',#9452);
#3143=VERTEX_POINT('',#9454);
#3144=VERTEX_POINT('',#9458);
#3145=VERTEX_POINT('',#9459);
#3146=VERTEX_POINT('',#9464);
#3147=VERTEX_POINT('',#9477);
#3148=VERTEX_POINT('',#9479);
#3149=VERTEX_POINT('',#9481);
#3150=VERTEX_POINT('',#9488);
#3151=VERTEX_POINT('',#9490);
#3152=VERTEX_POINT('',#9492);
#3153=VERTEX_POINT('',#9502);
#3154=VERTEX_POINT('',#9504);
#3155=VERTEX_POINT('',#9508);
#3156=VERTEX_POINT('',#9512);
#3157=VERTEX_POINT('',#9516);
#3158=VERTEX_POINT('',#9527);
#3159=VERTEX_POINT('',#9529);
#3160=VERTEX_POINT('',#9531);
#3161=VERTEX_POINT('',#9538);
#3162=VERTEX_POINT('',#9540);
#3163=VERTEX_POINT('',#9542);
#3164=VERTEX_POINT('',#9552);
#3165=VERTEX_POINT('',#9554);
#3166=VERTEX_POINT('',#9558);
#3167=VERTEX_POINT('',#9562);
#3168=VERTEX_POINT('',#9566);
#3169=VERTEX_POINT('',#9576);
#3170=VERTEX_POINT('',#9577);
#3171=VERTEX_POINT('',#9582);
#3172=VERTEX_POINT('',#9586);
#3173=VERTEX_POINT('',#9590);
#3174=VERTEX_POINT('',#9600);
#3175=VERTEX_POINT('',#9601);
#3176=VERTEX_POINT('',#9606);
#3177=VERTEX_POINT('',#9610);
#3178=VERTEX_POINT('',#9614);
#3179=VERTEX_POINT('',#9624);
#3180=VERTEX_POINT('',#9626);
#3181=VERTEX_POINT('',#9631);
#3182=VERTEX_POINT('',#9632);
#3183=VERTEX_POINT('',#9639);
#3184=VERTEX_POINT('',#9641);
#3185=VERTEX_POINT('',#9646);
#3186=VERTEX_POINT('',#9647);
#3187=VERTEX_POINT('',#9682);
#3188=VERTEX_POINT('',#9683);
#3189=VERTEX_POINT('',#9685);
#3190=VERTEX_POINT('',#9687);
#3191=VERTEX_POINT('',#9691);
#3192=VERTEX_POINT('',#9693);
#3193=VERTEX_POINT('',#9695);
#3194=VERTEX_POINT('',#9697);
#3195=VERTEX_POINT('',#9699);
#3196=VERTEX_POINT('',#9701);
#3197=VERTEX_POINT('',#9703);
#3198=VERTEX_POINT('',#9707);
#3199=VERTEX_POINT('',#9709);
#3200=VERTEX_POINT('',#9714);
#3201=VERTEX_POINT('',#9718);
#3202=VERTEX_POINT('',#9719);
#3203=VERTEX_POINT('',#9721);
#3204=VERTEX_POINT('',#9723);
#3205=VERTEX_POINT('',#9727);
#3206=VERTEX_POINT('',#9731);
#3207=VERTEX_POINT('',#9735);
#3208=VERTEX_POINT('',#9739);
#3209=VERTEX_POINT('',#9740);
#3210=VERTEX_POINT('',#9742);
#3211=VERTEX_POINT('',#9744);
#3212=VERTEX_POINT('',#9748);
#3213=VERTEX_POINT('',#9750);
#3214=VERTEX_POINT('',#9754);
#3215=VERTEX_POINT('',#9781);
#3216=VERTEX_POINT('',#9782);
#3217=VERTEX_POINT('',#9784);
#3218=VERTEX_POINT('',#9786);
#3219=VERTEX_POINT('',#9790);
#3220=VERTEX_POINT('',#9792);
#3221=VERTEX_POINT('',#9794);
#3222=VERTEX_POINT('',#9796);
#3223=VERTEX_POINT('',#9798);
#3224=VERTEX_POINT('',#9800);
#3225=VERTEX_POINT('',#9802);
#3226=VERTEX_POINT('',#9806);
#3227=VERTEX_POINT('',#9808);
#3228=VERTEX_POINT('',#9813);
#3229=VERTEX_POINT('',#9817);
#3230=VERTEX_POINT('',#9818);
#3231=VERTEX_POINT('',#9820);
#3232=VERTEX_POINT('',#9822);
#3233=VERTEX_POINT('',#9826);
#3234=VERTEX_POINT('',#9830);
#3235=VERTEX_POINT('',#9834);
#3236=VERTEX_POINT('',#9838);
#3237=VERTEX_POINT('',#9839);
#3238=VERTEX_POINT('',#9841);
#3239=VERTEX_POINT('',#9843);
#3240=VERTEX_POINT('',#9847);
#3241=VERTEX_POINT('',#9849);
#3242=VERTEX_POINT('',#9853);
#3243=LINE('',#8147,#4027);
#3244=LINE('',#8150,#4028);
#3245=LINE('',#8152,#4029);
#3246=LINE('',#8154,#4030);
#3247=LINE('',#8156,#4031);
#3248=LINE('',#8159,#4032);
#3249=LINE('',#8161,#4033);
#3250=LINE('',#8163,#4034);
#3251=LINE('',#8165,#4035);
#3252=LINE('',#8168,#4036);
#3253=LINE('',#8170,#4037);
#3254=LINE('',#8172,#4038);
#3255=LINE('',#8174,#4039);
#3256=LINE('',#8177,#4040);
#3257=LINE('',#8179,#4041);
#3258=LINE('',#8181,#4042);
#3259=LINE('',#8183,#4043);
#3260=LINE('',#8186,#4044);
#3261=LINE('',#8188,#4045);
#3262=LINE('',#8190,#4046);
#3263=LINE('',#8192,#4047);
#3264=LINE('',#8195,#4048);
#3265=LINE('',#8197,#4049);
#3266=LINE('',#8199,#4050);
#3267=LINE('',#8201,#4051);
#3268=LINE('',#8204,#4052);
#3269=LINE('',#8206,#4053);
#3270=LINE('',#8208,#4054);
#3271=LINE('',#8210,#4055);
#3272=LINE('',#8213,#4056);
#3273=LINE('',#8215,#4057);
#3274=LINE('',#8217,#4058);
#3275=LINE('',#8219,#4059);
#3276=LINE('',#8222,#4060);
#3277=LINE('',#8224,#4061);
#3278=LINE('',#8226,#4062);
#3279=LINE('',#8228,#4063);
#3280=LINE('',#8230,#4064);
#3281=LINE('',#8232,#4065);
#3282=LINE('',#8235,#4066);
#3283=LINE('',#8237,#4067);
#3284=LINE('',#8239,#4068);
#3285=LINE('',#8241,#4069);
#3286=LINE('',#8244,#4070);
#3287=LINE('',#8246,#4071);
#3288=LINE('',#8248,#4072);
#3289=LINE('',#8250,#4073);
#3290=LINE('',#8253,#4074);
#3291=LINE('',#8255,#4075);
#3292=LINE('',#8257,#4076);
#3293=LINE('',#8259,#4077);
#3294=LINE('',#8261,#4078);
#3295=LINE('',#8263,#4079);
#3296=LINE('',#8264,#4080);
#3297=LINE('',#8266,#4081);
#3298=LINE('',#8268,#4082);
#3299=LINE('',#8270,#4083);
#3300=LINE('',#8272,#4084);
#3301=LINE('',#8274,#4085);
#3302=LINE('',#8276,#4086);
#3303=LINE('',#8278,#4087);
#3304=LINE('',#8279,#4088);
#3305=LINE('',#8281,#4089);
#3306=LINE('',#8283,#4090);
#3307=LINE('',#8285,#4091);
#3308=LINE('',#8287,#4092);
#3309=LINE('',#8289,#4093);
#3310=LINE('',#8291,#4094);
#3311=LINE('',#8293,#4095);
#3312=LINE('',#8294,#4096);
#3313=LINE('',#8296,#4097);
#3314=LINE('',#8298,#4098);
#3315=LINE('',#8300,#4099);
#3316=LINE('',#8302,#4100);
#3317=LINE('',#8304,#4101);
#3318=LINE('',#8306,#4102);
#3319=LINE('',#8308,#4103);
#3320=LINE('',#8309,#4104);
#3321=LINE('',#8311,#4105);
#3322=LINE('',#8313,#4106);
#3323=LINE('',#8315,#4107);
#3324=LINE('',#8317,#4108);
#3325=LINE('',#8319,#4109);
#3326=LINE('',#8321,#4110);
#3327=LINE('',#8323,#4111);
#3328=LINE('',#8324,#4112);
#3329=LINE('',#8326,#4113);
#3330=LINE('',#8328,#4114);
#3331=LINE('',#8330,#4115);
#3332=LINE('',#8332,#4116);
#3333=LINE('',#8334,#4117);
#3334=LINE('',#8336,#4118);
#3335=LINE('',#8338,#4119);
#3336=LINE('',#8339,#4120);
#3337=LINE('',#8341,#4121);
#3338=LINE('',#8343,#4122);
#3339=LINE('',#8345,#4123);
#3340=LINE('',#8347,#4124);
#3341=LINE('',#8349,#4125);
#3342=LINE('',#8351,#4126);
#3343=LINE('',#8353,#4127);
#3344=LINE('',#8356,#4128);
#3345=LINE('',#8358,#4129);
#3346=LINE('',#8360,#4130);
#3347=LINE('',#8362,#4131);
#3348=LINE('',#8365,#4132);
#3349=LINE('',#8367,#4133);
#3350=LINE('',#8369,#4134);
#3351=LINE('',#8371,#4135);
#3352=LINE('',#8372,#4136);
#3353=LINE('',#8374,#4137);
#3354=LINE('',#8377,#4138);
#3355=LINE('',#8379,#4139);
#3356=LINE('',#8381,#4140);
#3357=LINE('',#8383,#4141);
#3358=LINE('',#8385,#4142);
#3359=LINE('',#8387,#4143);
#3360=LINE('',#8389,#4144);
#3361=LINE('',#8391,#4145);
#3362=LINE('',#8394,#4146);
#3363=LINE('',#8396,#4147);
#3364=LINE('',#8398,#4148);
#3365=LINE('',#8400,#4149);
#3366=LINE('',#8402,#4150);
#3367=LINE('',#8404,#4151);
#3368=LINE('',#8407,#4152);
#3369=LINE('',#8409,#4153);
#3370=LINE('',#8411,#4154);
#3371=LINE('',#8413,#4155);
#3372=LINE('',#8415,#4156);
#3373=LINE('',#8417,#4157);
#3374=LINE('',#8419,#4158);
#3375=LINE('',#8422,#4159);
#3376=LINE('',#8424,#4160);
#3377=LINE('',#8426,#4161);
#3378=LINE('',#8428,#4162);
#3379=LINE('',#8430,#4163);
#3380=LINE('',#8433,#4164);
#3381=LINE('',#8435,#4165);
#3382=LINE('',#8437,#4166);
#3383=LINE('',#8439,#4167);
#3384=LINE('',#8441,#4168);
#3385=LINE('',#8443,#4169);
#3386=LINE('',#8445,#4170);
#3387=LINE('',#8447,#4171);
#3388=LINE('',#8448,#4172);
#3389=LINE('',#8450,#4173);
#3390=LINE('',#8453,#4174);
#3391=LINE('',#8455,#4175);
#3392=LINE('',#8457,#4176);
#3393=LINE('',#8459,#4177);
#3394=LINE('',#8462,#4178);
#3395=LINE('',#8464,#4179);
#3396=LINE('',#8466,#4180);
#3397=LINE('',#8468,#4181);
#3398=LINE('',#8471,#4182);
#3399=LINE('',#8473,#4183);
#3400=LINE('',#8475,#4184);
#3401=LINE('',#8479,#4185);
#3402=LINE('',#8481,#4186);
#3403=LINE('',#8483,#4187);
#3404=LINE('',#8487,#4188);
#3405=LINE('',#8488,#4189);
#3406=LINE('',#8490,#4190);
#3407=LINE('',#8492,#4191);
#3408=LINE('',#8493,#4192);
#3409=LINE('',#8497,#4193);
#3410=LINE('',#8498,#4194);
#3411=LINE('',#8500,#4195);
#3412=LINE('',#8503,#4196);
#3413=LINE('',#8505,#4197);
#3414=LINE('',#8507,#4198);
#3415=LINE('',#8509,#4199);
#3416=LINE('',#8512,#4200);
#3417=LINE('',#8514,#4201);
#3418=LINE('',#8516,#4202);
#3419=LINE('',#8518,#4203);
#3420=LINE('',#8521,#4204);
#3421=LINE('',#8523,#4205);
#3422=LINE('',#8525,#4206);
#3423=LINE('',#8529,#4207);
#3424=LINE('',#8531,#4208);
#3425=LINE('',#8533,#4209);
#3426=LINE('',#8537,#4210);
#3427=LINE('',#8538,#4211);
#3428=LINE('',#8540,#4212);
#3429=LINE('',#8542,#4213);
#3430=LINE('',#8543,#4214);
#3431=LINE('',#8547,#4215);
#3432=LINE('',#8550,#4216);
#3433=LINE('',#8552,#4217);
#3434=LINE('',#8554,#4218);
#3435=LINE('',#8555,#4219);
#3436=LINE('',#8558,#4220);
#3437=LINE('',#8559,#4221);
#3438=LINE('',#8561,#4222);
#3439=LINE('',#8563,#4223);
#3440=LINE('',#8565,#4224);
#3441=LINE('',#8567,#4225);
#3442=LINE('',#8569,#4226);
#3443=LINE('',#8572,#4227);
#3444=LINE('',#8574,#4228);
#3445=LINE('',#8576,#4229);
#3446=LINE('',#8577,#4230);
#3447=LINE('',#8579,#4231);
#3448=LINE('',#8581,#4232);
#3449=LINE('',#8583,#4233);
#3450=LINE('',#8586,#4234);
#3451=LINE('',#8590,#4235);
#3452=LINE('',#8592,#4236);
#3453=LINE('',#8594,#4237);
#3454=LINE('',#8597,#4238);
#3455=LINE('',#8599,#4239);
#3456=LINE('',#8601,#4240);
#3457=LINE('',#8603,#4241);
#3458=LINE('',#8606,#4242);
#3459=LINE('',#8608,#4243);
#3460=LINE('',#8610,#4244);
#3461=LINE('',#8612,#4245);
#3462=LINE('',#8614,#4246);
#3463=LINE('',#8616,#4247);
#3464=LINE('',#8618,#4248);
#3465=LINE('',#8620,#4249);
#3466=LINE('',#8622,#4250);
#3467=LINE('',#8624,#4251);
#3468=LINE('',#8626,#4252);
#3469=LINE('',#8627,#4253);
#3470=LINE('',#8629,#4254);
#3471=LINE('',#8631,#4255);
#3472=LINE('',#8633,#4256);
#3473=LINE('',#8635,#4257);
#3474=LINE('',#8637,#4258);
#3475=LINE('',#8639,#4259);
#3476=LINE('',#8641,#4260);
#3477=LINE('',#8643,#4261);
#3478=LINE('',#8645,#4262);
#3479=LINE('',#8647,#4263);
#3480=LINE('',#8648,#4264);
#3481=LINE('',#8650,#4265);
#3482=LINE('',#8653,#4266);
#3483=LINE('',#8655,#4267);
#3484=LINE('',#8657,#4268);
#3485=LINE('',#8659,#4269);
#3486=LINE('',#8661,#4270);
#3487=LINE('',#8663,#4271);
#3488=LINE('',#8666,#4272);
#3489=LINE('',#8668,#4273);
#3490=LINE('',#8670,#4274);
#3491=LINE('',#8671,#4275);
#3492=LINE('',#8673,#4276);
#3493=LINE('',#8675,#4277);
#3494=LINE('',#8677,#4278);
#3495=LINE('',#8679,#4279);
#3496=LINE('',#8681,#4280);
#3497=LINE('',#8683,#4281);
#3498=LINE('',#8685,#4282);
#3499=LINE('',#8687,#4283);
#3500=LINE('',#8689,#4284);
#3501=LINE('',#8691,#4285);
#3502=LINE('',#8693,#4286);
#3503=LINE('',#8695,#4287);
#3504=LINE('',#8697,#4288);
#3505=LINE('',#8699,#4289);
#3506=LINE('',#8701,#4290);
#3507=LINE('',#8703,#4291);
#3508=LINE('',#8705,#4292);
#3509=LINE('',#8707,#4293);
#3510=LINE('',#8709,#4294);
#3511=LINE('',#8712,#4295);
#3512=LINE('',#8713,#4296);
#3513=LINE('',#8718,#4297);
#3514=LINE('',#8720,#4298);
#3515=LINE('',#8722,#4299);
#3516=LINE('',#8724,#4300);
#3517=LINE('',#8726,#4301);
#3518=LINE('',#8729,#4302);
#3519=LINE('',#8731,#4303);
#3520=LINE('',#8733,#4304);
#3521=LINE('',#8735,#4305);
#3522=LINE('',#8738,#4306);
#3523=LINE('',#8740,#4307);
#3524=LINE('',#8742,#4308);
#3525=LINE('',#8743,#4309);
#3526=LINE('',#8745,#4310);
#3527=LINE('',#8747,#4311);
#3528=LINE('',#8749,#4312);
#3529=LINE('',#8750,#4313);
#3530=LINE('',#8752,#4314);
#3531=LINE('',#8754,#4315);
#3532=LINE('',#8756,#4316);
#3533=LINE('',#8758,#4317);
#3534=LINE('',#8760,#4318);
#3535=LINE('',#8761,#4319);
#3536=LINE('',#8763,#4320);
#3537=LINE('',#8765,#4321);
#3538=LINE('',#8767,#4322);
#3539=LINE('',#8769,#4323);
#3540=LINE('',#8771,#4324);
#3541=LINE('',#8773,#4325);
#3542=LINE('',#8775,#4326);
#3543=LINE('',#8777,#4327);
#3544=LINE('',#8780,#4328);
#3545=LINE('',#8782,#4329);
#3546=LINE('',#8784,#4330);
#3547=LINE('',#8786,#4331);
#3548=LINE('',#8788,#4332);
#3549=LINE('',#8790,#4333);
#3550=LINE('',#8792,#4334);
#3551=LINE('',#8794,#4335);
#3552=LINE('',#8796,#4336);
#3553=LINE('',#8798,#4337);
#3554=LINE('',#8799,#4338);
#3555=LINE('',#8801,#4339);
#3556=LINE('',#8803,#4340);
#3557=LINE('',#8805,#4341);
#3558=LINE('',#8807,#4342);
#3559=LINE('',#8808,#4343);
#3560=LINE('',#8810,#4344);
#3561=LINE('',#8812,#4345);
#3562=LINE('',#8814,#4346);
#3563=LINE('',#8815,#4347);
#3564=LINE('',#8817,#4348);
#3565=LINE('',#8819,#4349);
#3566=LINE('',#8821,#4350);
#3567=LINE('',#8823,#4351);
#3568=LINE('',#8826,#4352);
#3569=LINE('',#8828,#4353);
#3570=LINE('',#8830,#4354);
#3571=LINE('',#8832,#4355);
#3572=LINE('',#8834,#4356);
#3573=LINE('',#8836,#4357);
#3574=LINE('',#8838,#4358);
#3575=LINE('',#8840,#4359);
#3576=LINE('',#8843,#4360);
#3577=LINE('',#8845,#4361);
#3578=LINE('',#8847,#4362);
#3579=LINE('',#8849,#4363);
#3580=LINE('',#8851,#4364);
#3581=LINE('',#8852,#4365);
#3582=LINE('',#8854,#4366);
#3583=LINE('',#8856,#4367);
#3584=LINE('',#8858,#4368);
#3585=LINE('',#8860,#4369);
#3586=LINE('',#8862,#4370);
#3587=LINE('',#8864,#4371);
#3588=LINE('',#8866,#4372);
#3589=LINE('',#8868,#4373);
#3590=LINE('',#8870,#4374);
#3591=LINE('',#8872,#4375);
#3592=LINE('',#8873,#4376);
#3593=LINE('',#8875,#4377);
#3594=LINE('',#8877,#4378);
#3595=LINE('',#8879,#4379);
#3596=LINE('',#8881,#4380);
#3597=LINE('',#8883,#4381);
#3598=LINE('',#8885,#4382);
#3599=LINE('',#8887,#4383);
#3600=LINE('',#8889,#4384);
#3601=LINE('',#8891,#4385);
#3602=LINE('',#8894,#4386);
#3603=LINE('',#8896,#4387);
#3604=LINE('',#8898,#4388);
#3605=LINE('',#8900,#4389);
#3606=LINE('',#8901,#4390);
#3607=LINE('',#8904,#4391);
#3608=LINE('',#8906,#4392);
#3609=LINE('',#8908,#4393);
#3610=LINE('',#8910,#4394);
#3611=LINE('',#8911,#4395);
#3612=LINE('',#8914,#4396);
#3613=LINE('',#8916,#4397);
#3614=LINE('',#8918,#4398);
#3615=LINE('',#8920,#4399);
#3616=LINE('',#8921,#4400);
#3617=LINE('',#8924,#4401);
#3618=LINE('',#8926,#4402);
#3619=LINE('',#8928,#4403);
#3620=LINE('',#8930,#4404);
#3621=LINE('',#8931,#4405);
#3622=LINE('',#8934,#4406);
#3623=LINE('',#8936,#4407);
#3624=LINE('',#8938,#4408);
#3625=LINE('',#8940,#4409);
#3626=LINE('',#8941,#4410);
#3627=LINE('',#8944,#4411);
#3628=LINE('',#8946,#4412);
#3629=LINE('',#8948,#4413);
#3630=LINE('',#8950,#4414);
#3631=LINE('',#8951,#4415);
#3632=LINE('',#8952,#4416);
#3633=LINE('',#8953,#4417);
#3634=LINE('',#8954,#4418);
#3635=LINE('',#8955,#4419);
#3636=LINE('',#8956,#4420);
#3637=LINE('',#8957,#4421);
#3638=LINE('',#8958,#4422);
#3639=LINE('',#8959,#4423);
#3640=LINE('',#8960,#4424);
#3641=LINE('',#8961,#4425);
#3642=LINE('',#8962,#4426);
#3643=LINE('',#8964,#4427);
#3644=LINE('',#8965,#4428);
#3645=LINE('',#8967,#4429);
#3646=LINE('',#8969,#4430);
#3647=LINE('',#8971,#4431);
#3648=LINE('',#8972,#4432);
#3649=LINE('',#8974,#4433);
#3650=LINE('',#8976,#4434);
#3651=LINE('',#8978,#4435);
#3652=LINE('',#8979,#4436);
#3653=LINE('',#8981,#4437);
#3654=LINE('',#8983,#4438);
#3655=LINE('',#8988,#4439);
#3656=LINE('',#8990,#4440);
#3657=LINE('',#8992,#4441);
#3658=LINE('',#8994,#4442);
#3659=LINE('',#8995,#4443);
#3660=LINE('',#8997,#4444);
#3661=LINE('',#9001,#4445);
#3662=LINE('',#9003,#4446);
#3663=LINE('',#9005,#4447);
#3664=LINE('',#9006,#4448);
#3665=LINE('',#9008,#4449);
#3666=LINE('',#9010,#4450);
#3667=LINE('',#9011,#4451);
#3668=LINE('',#9013,#4452);
#3669=LINE('',#9017,#4453);
#3670=LINE('',#9019,#4454);
#3671=LINE('',#9021,#4455);
#3672=LINE('',#9024,#4456);
#3673=LINE('',#9026,#4457);
#3674=LINE('',#9028,#4458);
#3675=LINE('',#9032,#4459);
#3676=LINE('',#9033,#4460);
#3677=LINE('',#9035,#4461);
#3678=LINE('',#9037,#4462);
#3679=LINE('',#9039,#4463);
#3680=LINE('',#9042,#4464);
#3681=LINE('',#9044,#4465);
#3682=LINE('',#9049,#4466);
#3683=LINE('',#9050,#4467);
#3684=LINE('',#9051,#4468);
#3685=LINE('',#9052,#4469);
#3686=LINE('',#9054,#4470);
#3687=LINE('',#9056,#4471);
#3688=LINE('',#9058,#4472);
#3689=LINE('',#9060,#4473);
#3690=LINE('',#9066,#4474);
#3691=LINE('',#9068,#4475);
#3692=LINE('',#9070,#4476);
#3693=LINE('',#9075,#4477);
#3694=LINE('',#9077,#4478);
#3695=LINE('',#9079,#4479);
#3696=LINE('',#9084,#4480);
#3697=LINE('',#9086,#4481);
#3698=LINE('',#9088,#4482);
#3699=LINE('',#9090,#4483);
#3700=LINE('',#9092,#4484);
#3701=LINE('',#9094,#4485);
#3702=LINE('',#9096,#4486);
#3703=LINE('',#9098,#4487);
#3704=LINE('',#9099,#4488);
#3705=LINE('',#9101,#4489);
#3706=LINE('',#9103,#4490);
#3707=LINE('',#9105,#4491);
#3708=LINE('',#9107,#4492);
#3709=LINE('',#9108,#4493);
#3710=LINE('',#9110,#4494);
#3711=LINE('',#9112,#4495);
#3712=LINE('',#9113,#4496);
#3713=LINE('',#9116,#4497);
#3714=LINE('',#9117,#4498);
#3715=LINE('',#9119,#4499);
#3716=LINE('',#9121,#4500);
#3717=LINE('',#9123,#4501);
#3718=LINE('',#9125,#4502);
#3719=LINE('',#9126,#4503);
#3720=LINE('',#9133,#4504);
#3721=LINE('',#9134,#4505);
#3722=LINE('',#9137,#4506);
#3723=LINE('',#9140,#4507);
#3724=LINE('',#9141,#4508);
#3725=LINE('',#9143,#4509);
#3726=LINE('',#9145,#4510);
#3727=LINE('',#9147,#4511);
#3728=LINE('',#9149,#4512);
#3729=LINE('',#9151,#4513);
#3730=LINE('',#9158,#4514);
#3731=LINE('',#9162,#4515);
#3732=LINE('',#9165,#4516);
#3733=LINE('',#9177,#4517);
#3734=LINE('',#9202,#4518);
#3735=LINE('',#9203,#4519);
#3736=LINE('',#9205,#4520);
#3737=LINE('',#9207,#4521);
#3738=LINE('',#9212,#4522);
#3739=LINE('',#9216,#4523);
#3740=LINE('',#9218,#4524);
#3741=LINE('',#9219,#4525);
#3742=LINE('',#9221,#4526);
#3743=LINE('',#9225,#4527);
#3744=LINE('',#9227,#4528);
#3745=LINE('',#9229,#4529);
#3746=LINE('',#9231,#4530);
#3747=LINE('',#9234,#4531);
#3748=LINE('',#9236,#4532);
#3749=LINE('',#9238,#4533);
#3750=LINE('',#9241,#4534);
#3751=LINE('',#9243,#4535);
#3752=LINE('',#9245,#4536);
#3753=LINE('',#9248,#4537);
#3754=LINE('',#9250,#4538);
#3755=LINE('',#9253,#4539);
#3756=LINE('',#9256,#4540);
#3757=LINE('',#9257,#4541);
#3758=LINE('',#9259,#4542);
#3759=LINE('',#9261,#4543);
#3760=LINE('',#9263,#4544);
#3761=LINE('',#9264,#4545);
#3762=LINE('',#9266,#4546);
#3763=LINE('',#9268,#4547);
#3764=LINE('',#9269,#4548);
#3765=LINE('',#9271,#4549);
#3766=LINE('',#9273,#4550);
#3767=LINE('',#9275,#4551);
#3768=LINE('',#9277,#4552);
#3769=LINE('',#9278,#4553);
#3770=LINE('',#9281,#4554);
#3771=LINE('',#9283,#4555);
#3772=LINE('',#9285,#4556);
#3773=LINE('',#9287,#4557);
#3774=LINE('',#9288,#4558);
#3775=LINE('',#9290,#4559);
#3776=LINE('',#9291,#4560);
#3777=LINE('',#9298,#4561);
#3778=LINE('',#9299,#4562);
#3779=LINE('',#9302,#4563);
#3780=LINE('',#9304,#4564);
#3781=LINE('',#9306,#4565);
#3782=LINE('',#9308,#4566);
#3783=LINE('',#9312,#4567);
#3784=LINE('',#9314,#4568);
#3785=LINE('',#9317,#4569);
#3786=LINE('',#9318,#4570);
#3787=LINE('',#9323,#4571);
#3788=LINE('',#9327,#4572);
#3789=LINE('',#9335,#4573);
#3790=LINE('',#9337,#4574);
#3791=LINE('',#9367,#4575);
#3792=LINE('',#9369,#4576);
#3793=LINE('',#9371,#4577);
#3794=LINE('',#9373,#4578);
#3795=LINE('',#9375,#4579);
#3796=LINE('',#9377,#4580);
#3797=LINE('',#9384,#4581);
#3798=LINE('',#9386,#4582);
#3799=LINE('',#9388,#4583);
#3800=LINE('',#9390,#4584);
#3801=LINE('',#9392,#4585);
#3802=LINE('',#9401,#4586);
#3803=LINE('',#9402,#4587);
#3804=LINE('',#9404,#4588);
#3805=LINE('',#9406,#4589);
#3806=LINE('',#9408,#4590);
#3807=LINE('',#9409,#4591);
#3808=LINE('',#9411,#4592);
#3809=LINE('',#9412,#4593);
#3810=LINE('',#9413,#4594);
#3811=LINE('',#9415,#4595);
#3812=LINE('',#9417,#4596);
#3813=LINE('',#9419,#4597);
#3814=LINE('',#9421,#4598);
#3815=LINE('',#9427,#4599);
#3816=LINE('',#9429,#4600);
#3817=LINE('',#9431,#4601);
#3818=LINE('',#9433,#4602);
#3819=LINE('',#9435,#4603);
#3820=LINE('',#9437,#4604);
#3821=LINE('',#9439,#4605);
#3822=LINE('',#9441,#4606);
#3823=LINE('',#9443,#4607);
#3824=LINE('',#9445,#4608);
#3825=LINE('',#9446,#4609);
#3826=LINE('',#9447,#4610);
#3827=LINE('',#9451,#4611);
#3828=LINE('',#9453,#4612);
#3829=LINE('',#9455,#4613);
#3830=LINE('',#9457,#4614);
#3831=LINE('',#9460,#4615);
#3832=LINE('',#9461,#4616);
#3833=LINE('',#9463,#4617);
#3834=LINE('',#9465,#4618);
#3835=LINE('',#9467,#4619);
#3836=LINE('',#9469,#4620);
#3837=LINE('',#9470,#4621);
#3838=LINE('',#9471,#4622);
#3839=LINE('',#9475,#4623);
#3840=LINE('',#9476,#4624);
#3841=LINE('',#9478,#4625);
#3842=LINE('',#9480,#4626);
#3843=LINE('',#9482,#4627);
#3844=LINE('',#9483,#4628);
#3845=LINE('',#9485,#4629);
#3846=LINE('',#9486,#4630);
#3847=LINE('',#9487,#4631);
#3848=LINE('',#9489,#4632);
#3849=LINE('',#9491,#4633);
#3850=LINE('',#9493,#4634);
#3851=LINE('',#9495,#4635);
#3852=LINE('',#9501,#4636);
#3853=LINE('',#9503,#4637);
#3854=LINE('',#9505,#4638);
#3855=LINE('',#9507,#4639);
#3856=LINE('',#9509,#4640);
#3857=LINE('',#9511,#4641);
#3858=LINE('',#9513,#4642);
#3859=LINE('',#9515,#4643);
#3860=LINE('',#9517,#4644);
#3861=LINE('',#9519,#4645);
#3862=LINE('',#9520,#4646);
#3863=LINE('',#9521,#4647);
#3864=LINE('',#9525,#4648);
#3865=LINE('',#9526,#4649);
#3866=LINE('',#9528,#4650);
#3867=LINE('',#9530,#4651);
#3868=LINE('',#9532,#4652);
#3869=LINE('',#9533,#4653);
#3870=LINE('',#9535,#4654);
#3871=LINE('',#9536,#4655);
#3872=LINE('',#9537,#4656);
#3873=LINE('',#9539,#4657);
#3874=LINE('',#9541,#4658);
#3875=LINE('',#9543,#4659);
#3876=LINE('',#9545,#4660);
#3877=LINE('',#9551,#4661);
#3878=LINE('',#9553,#4662);
#3879=LINE('',#9555,#4663);
#3880=LINE('',#9557,#4664);
#3881=LINE('',#9559,#4665);
#3882=LINE('',#9561,#4666);
#3883=LINE('',#9563,#4667);
#3884=LINE('',#9565,#4668);
#3885=LINE('',#9567,#4669);
#3886=LINE('',#9569,#4670);
#3887=LINE('',#9570,#4671);
#3888=LINE('',#9571,#4672);
#3889=LINE('',#9575,#4673);
#3890=LINE('',#9578,#4674);
#3891=LINE('',#9579,#4675);
#3892=LINE('',#9581,#4676);
#3893=LINE('',#9583,#4677);
#3894=LINE('',#9585,#4678);
#3895=LINE('',#9587,#4679);
#3896=LINE('',#9589,#4680);
#3897=LINE('',#9591,#4681);
#3898=LINE('',#9593,#4682);
#3899=LINE('',#9594,#4683);
#3900=LINE('',#9595,#4684);
#3901=LINE('',#9599,#4685);
#3902=LINE('',#9602,#4686);
#3903=LINE('',#9603,#4687);
#3904=LINE('',#9605,#4688);
#3905=LINE('',#9607,#4689);
#3906=LINE('',#9609,#4690);
#3907=LINE('',#9611,#4691);
#3908=LINE('',#9613,#4692);
#3909=LINE('',#9615,#4693);
#3910=LINE('',#9617,#4694);
#3911=LINE('',#9618,#4695);
#3912=LINE('',#9619,#4696);
#3913=LINE('',#9623,#4697);
#3914=LINE('',#9625,#4698);
#3915=LINE('',#9627,#4699);
#3916=LINE('',#9628,#4700);
#3917=LINE('',#9630,#4701);
#3918=LINE('',#9633,#4702);
#3919=LINE('',#9634,#4703);
#3920=LINE('',#9635,#4704);
#3921=LINE('',#9638,#4705);
#3922=LINE('',#9640,#4706);
#3923=LINE('',#9642,#4707);
#3924=LINE('',#9643,#4708);
#3925=LINE('',#9645,#4709);
#3926=LINE('',#9648,#4710);
#3927=LINE('',#9649,#4711);
#3928=LINE('',#9650,#4712);
#3929=LINE('',#9659,#4713);
#3930=LINE('',#9660,#4714);
#3931=LINE('',#9661,#4715);
#3932=LINE('',#9663,#4716);
#3933=LINE('',#9664,#4717);
#3934=LINE('',#9665,#4718);
#3935=LINE('',#9670,#4719);
#3936=LINE('',#9672,#4720);
#3937=LINE('',#9675,#4721);
#3938=LINE('',#9677,#4722);
#3939=LINE('',#9681,#4723);
#3940=LINE('',#9684,#4724);
#3941=LINE('',#9686,#4725);
#3942=LINE('',#9688,#4726);
#3943=LINE('',#9690,#4727);
#3944=LINE('',#9692,#4728);
#3945=LINE('',#9694,#4729);
#3946=LINE('',#9698,#4730);
#3947=LINE('',#9700,#4731);
#3948=LINE('',#9702,#4732);
#3949=LINE('',#9706,#4733);
#3950=LINE('',#9708,#4734);
#3951=LINE('',#9710,#4735);
#3952=LINE('',#9712,#4736);
#3953=LINE('',#9713,#4737);
#3954=LINE('',#9715,#4738);
#3955=LINE('',#9717,#4739);
#3956=LINE('',#9720,#4740);
#3957=LINE('',#9722,#4741);
#3958=LINE('',#9724,#4742);
#3959=LINE('',#9726,#4743);
#3960=LINE('',#9728,#4744);
#3961=LINE('',#9732,#4745);
#3962=LINE('',#9734,#4746);
#3963=LINE('',#9736,#4747);
#3964=LINE('',#9738,#4748);
#3965=LINE('',#9741,#4749);
#3966=LINE('',#9743,#4750);
#3967=LINE('',#9745,#4751);
#3968=LINE('',#9747,#4752);
#3969=LINE('',#9749,#4753);
#3970=LINE('',#9751,#4754);
#3971=LINE('',#9755,#4755);
#3972=LINE('',#9757,#4756);
#3973=LINE('',#9759,#4757);
#3974=LINE('',#9761,#4758);
#3975=LINE('',#9763,#4759);
#3976=LINE('',#9764,#4760);
#3977=LINE('',#9766,#4761);
#3978=LINE('',#9768,#4762);
#3979=LINE('',#9771,#4763);
#3980=LINE('',#9772,#4764);
#3981=LINE('',#9774,#4765);
#3982=LINE('',#9776,#4766);
#3983=LINE('',#9780,#4767);
#3984=LINE('',#9783,#4768);
#3985=LINE('',#9785,#4769);
#3986=LINE('',#9787,#4770);
#3987=LINE('',#9789,#4771);
#3988=LINE('',#9791,#4772);
#3989=LINE('',#9793,#4773);
#3990=LINE('',#9797,#4774);
#3991=LINE('',#9799,#4775);
#3992=LINE('',#9801,#4776);
#3993=LINE('',#9805,#4777);
#3994=LINE('',#9807,#4778);
#3995=LINE('',#9809,#4779);
#3996=LINE('',#9811,#4780);
#3997=LINE('',#9812,#4781);
#3998=LINE('',#9814,#4782);
#3999=LINE('',#9816,#4783);
#4000=LINE('',#9819,#4784);
#4001=LINE('',#9821,#4785);
#4002=LINE('',#9823,#4786);
#4003=LINE('',#9825,#4787);
#4004=LINE('',#9827,#4788);
#4005=LINE('',#9831,#4789);
#4006=LINE('',#9833,#4790);
#4007=LINE('',#9835,#4791);
#4008=LINE('',#9837,#4792);
#4009=LINE('',#9840,#4793);
#4010=LINE('',#9842,#4794);
#4011=LINE('',#9844,#4795);
#4012=LINE('',#9846,#4796);
#4013=LINE('',#9848,#4797);
#4014=LINE('',#9850,#4798);
#4015=LINE('',#9854,#4799);
#4016=LINE('',#9856,#4800);
#4017=LINE('',#9858,#4801);
#4018=LINE('',#9860,#4802);
#4019=LINE('',#9862,#4803);
#4020=LINE('',#9863,#4804);
#4021=LINE('',#9865,#4805);
#4022=LINE('',#9867,#4806);
#4023=LINE('',#9870,#4807);
#4024=LINE('',#9871,#4808);
#4025=LINE('',#9873,#4809);
#4026=LINE('',#9875,#4810);
#4027=VECTOR('',#6663,1000.);
#4028=VECTOR('',#6664,1000.);
#4029=VECTOR('',#6665,1000.);
#4030=VECTOR('',#6666,1000.);
#4031=VECTOR('',#6669,1000.);
#4032=VECTOR('',#6670,1000.);
#4033=VECTOR('',#6671,1000.);
#4034=VECTOR('',#6672,1000.);
#4035=VECTOR('',#6675,1000.);
#4036=VECTOR('',#6676,1000.);
#4037=VECTOR('',#6677,1000.);
#4038=VECTOR('',#6678,1000.);
#4039=VECTOR('',#6681,1000.);
#4040=VECTOR('',#6682,1000.);
#4041=VECTOR('',#6683,1000.);
#4042=VECTOR('',#6684,1000.);
#4043=VECTOR('',#6687,1000.);
#4044=VECTOR('',#6688,1000.);
#4045=VECTOR('',#6689,1000.);
#4046=VECTOR('',#6690,1000.);
#4047=VECTOR('',#6693,1000.);
#4048=VECTOR('',#6694,1000.);
#4049=VECTOR('',#6695,1000.);
#4050=VECTOR('',#6696,1000.);
#4051=VECTOR('',#6699,1000.);
#4052=VECTOR('',#6700,1000.);
#4053=VECTOR('',#6701,1000.);
#4054=VECTOR('',#6702,1000.);
#4055=VECTOR('',#6705,1000.);
#4056=VECTOR('',#6706,1000.);
#4057=VECTOR('',#6707,1000.);
#4058=VECTOR('',#6708,1000.);
#4059=VECTOR('',#6711,1000.);
#4060=VECTOR('',#6712,1000.);
#4061=VECTOR('',#6713,1000.);
#4062=VECTOR('',#6714,1000.);
#4063=VECTOR('',#6715,1000.);
#4064=VECTOR('',#6716,1000.);
#4065=VECTOR('',#6719,1000.);
#4066=VECTOR('',#6720,1000.);
#4067=VECTOR('',#6721,1000.);
#4068=VECTOR('',#6722,1000.);
#4069=VECTOR('',#6725,1000.);
#4070=VECTOR('',#6726,1000.);
#4071=VECTOR('',#6727,1000.);
#4072=VECTOR('',#6728,1000.);
#4073=VECTOR('',#6731,1000.);
#4074=VECTOR('',#6732,1000.);
#4075=VECTOR('',#6733,1000.);
#4076=VECTOR('',#6734,1000.);
#4077=VECTOR('',#6735,1000.);
#4078=VECTOR('',#6736,1000.);
#4079=VECTOR('',#6739,1000.);
#4080=VECTOR('',#6740,1000.);
#4081=VECTOR('',#6741,1000.);
#4082=VECTOR('',#6742,1000.);
#4083=VECTOR('',#6743,1000.);
#4084=VECTOR('',#6744,1000.);
#4085=VECTOR('',#6745,1000.);
#4086=VECTOR('',#6746,1000.);
#4087=VECTOR('',#6749,1000.);
#4088=VECTOR('',#6750,1000.);
#4089=VECTOR('',#6751,1000.);
#4090=VECTOR('',#6752,1000.);
#4091=VECTOR('',#6753,1000.);
#4092=VECTOR('',#6754,1000.);
#4093=VECTOR('',#6755,1000.);
#4094=VECTOR('',#6756,1000.);
#4095=VECTOR('',#6759,1000.);
#4096=VECTOR('',#6760,1000.);
#4097=VECTOR('',#6761,1000.);
#4098=VECTOR('',#6762,1000.);
#4099=VECTOR('',#6763,1000.);
#4100=VECTOR('',#6764,1000.);
#4101=VECTOR('',#6765,1000.);
#4102=VECTOR('',#6766,1000.);
#4103=VECTOR('',#6769,1000.);
#4104=VECTOR('',#6770,1000.);
#4105=VECTOR('',#6771,1000.);
#4106=VECTOR('',#6772,1000.);
#4107=VECTOR('',#6773,1000.);
#4108=VECTOR('',#6774,1000.);
#4109=VECTOR('',#6775,1000.);
#4110=VECTOR('',#6776,1000.);
#4111=VECTOR('',#6779,1000.);
#4112=VECTOR('',#6780,1000.);
#4113=VECTOR('',#6781,1000.);
#4114=VECTOR('',#6782,1000.);
#4115=VECTOR('',#6783,1000.);
#4116=VECTOR('',#6784,1000.);
#4117=VECTOR('',#6785,1000.);
#4118=VECTOR('',#6786,1000.);
#4119=VECTOR('',#6789,1000.);
#4120=VECTOR('',#6790,1000.);
#4121=VECTOR('',#6791,1000.);
#4122=VECTOR('',#6792,1000.);
#4123=VECTOR('',#6793,1000.);
#4124=VECTOR('',#6794,1000.);
#4125=VECTOR('',#6795,1000.);
#4126=VECTOR('',#6796,1000.);
#4127=VECTOR('',#6799,1000.);
#4128=VECTOR('',#6800,1000.);
#4129=VECTOR('',#6801,1000.);
#4130=VECTOR('',#6802,1000.);
#4131=VECTOR('',#6805,1000.);
#4132=VECTOR('',#6806,1000.);
#4133=VECTOR('',#6807,1000.);
#4134=VECTOR('',#6808,1000.);
#4135=VECTOR('',#6811,1000.);
#4136=VECTOR('',#6812,1000.);
#4137=VECTOR('',#6815,1000.);
#4138=VECTOR('',#6816,1000.);
#4139=VECTOR('',#6817,1000.);
#4140=VECTOR('',#6818,1000.);
#4141=VECTOR('',#6819,1000.);
#4142=VECTOR('',#6820,1000.);
#4143=VECTOR('',#6821,1000.);
#4144=VECTOR('',#6822,1000.);
#4145=VECTOR('',#6825,1000.);
#4146=VECTOR('',#6826,1000.);
#4147=VECTOR('',#6827,1000.);
#4148=VECTOR('',#6828,1000.);
#4149=VECTOR('',#6829,1000.);
#4150=VECTOR('',#6830,1000.);
#4151=VECTOR('',#6833,1000.);
#4152=VECTOR('',#6834,1000.);
#4153=VECTOR('',#6835,1000.);
#4154=VECTOR('',#6836,1000.);
#4155=VECTOR('',#6837,1000.);
#4156=VECTOR('',#6838,1000.);
#4157=VECTOR('',#6839,1000.);
#4158=VECTOR('',#6840,1000.);
#4159=VECTOR('',#6845,1000.);
#4160=VECTOR('',#6846,1000.);
#4161=VECTOR('',#6847,1000.);
#4162=VECTOR('',#6848,1000.);
#4163=VECTOR('',#6851,1000.);
#4164=VECTOR('',#6854,1000.);
#4165=VECTOR('',#6855,1000.);
#4166=VECTOR('',#6856,1000.);
#4167=VECTOR('',#6857,1000.);
#4168=VECTOR('',#6858,1000.);
#4169=VECTOR('',#6859,1000.);
#4170=VECTOR('',#6860,1000.);
#4171=VECTOR('',#6863,1000.);
#4172=VECTOR('',#6864,1000.);
#4173=VECTOR('',#6867,1000.);
#4174=VECTOR('',#6868,1000.);
#4175=VECTOR('',#6869,1000.);
#4176=VECTOR('',#6870,1000.);
#4177=VECTOR('',#6873,1000.);
#4178=VECTOR('',#6874,1000.);
#4179=VECTOR('',#6875,1000.);
#4180=VECTOR('',#6876,1000.);
#4181=VECTOR('',#6879,1000.);
#4182=VECTOR('',#6880,1000.);
#4183=VECTOR('',#6881,1000.);
#4184=VECTOR('',#6882,1000.);
#4185=VECTOR('',#6889,1000.);
#4186=VECTOR('',#6890,1000.);
#4187=VECTOR('',#6891,1000.);
#4188=VECTOR('',#6896,1000.);
#4189=VECTOR('',#6897,1000.);
#4190=VECTOR('',#6898,1000.);
#4191=VECTOR('',#6899,1000.);
#4192=VECTOR('',#6900,1000.);
#4193=VECTOR('',#6905,1000.);
#4194=VECTOR('',#6906,1000.);
#4195=VECTOR('',#6909,1000.);
#4196=VECTOR('',#6910,1000.);
#4197=VECTOR('',#6911,1000.);
#4198=VECTOR('',#6912,1000.);
#4199=VECTOR('',#6915,1000.);
#4200=VECTOR('',#6916,1000.);
#4201=VECTOR('',#6917,1000.);
#4202=VECTOR('',#6918,1000.);
#4203=VECTOR('',#6921,1000.);
#4204=VECTOR('',#6922,1000.);
#4205=VECTOR('',#6923,1000.);
#4206=VECTOR('',#6924,1000.);
#4207=VECTOR('',#6931,1000.);
#4208=VECTOR('',#6932,1000.);
#4209=VECTOR('',#6933,1000.);
#4210=VECTOR('',#6938,1000.);
#4211=VECTOR('',#6939,1000.);
#4212=VECTOR('',#6940,1000.);
#4213=VECTOR('',#6941,1000.);
#4214=VECTOR('',#6942,1000.);
#4215=VECTOR('',#6947,1000.);
#4216=VECTOR('',#6948,1000.);
#4217=VECTOR('',#6949,1000.);
#4218=VECTOR('',#6950,1000.);
#4219=VECTOR('',#6951,1000.);
#4220=VECTOR('',#6952,1000.);
#4221=VECTOR('',#6953,1000.);
#4222=VECTOR('',#6954,1000.);
#4223=VECTOR('',#6955,1000.);
#4224=VECTOR('',#6956,1000.);
#4225=VECTOR('',#6957,1000.);
#4226=VECTOR('',#6960,1000.);
#4227=VECTOR('',#6961,1000.);
#4228=VECTOR('',#6962,1000.);
#4229=VECTOR('',#6963,1000.);
#4230=VECTOR('',#6964,1000.);
#4231=VECTOR('',#6965,1000.);
#4232=VECTOR('',#6966,1000.);
#4233=VECTOR('',#6969,1000.);
#4234=VECTOR('',#6970,1000.);
#4235=VECTOR('',#6973,1000.);
#4236=VECTOR('',#6974,1000.);
#4237=VECTOR('',#6977,1000.);
#4238=VECTOR('',#6978,1000.);
#4239=VECTOR('',#6979,1000.);
#4240=VECTOR('',#6980,1000.);
#4241=VECTOR('',#6983,1000.);
#4242=VECTOR('',#6984,1000.);
#4243=VECTOR('',#6985,1000.);
#4244=VECTOR('',#6986,1000.);
#4245=VECTOR('',#6987,1000.);
#4246=VECTOR('',#6988,1000.);
#4247=VECTOR('',#6989,1000.);
#4248=VECTOR('',#6990,1000.);
#4249=VECTOR('',#6991,1000.);
#4250=VECTOR('',#6992,1000.);
#4251=VECTOR('',#6993,1000.);
#4252=VECTOR('',#6994,1000.);
#4253=VECTOR('',#6995,1000.);
#4254=VECTOR('',#6996,1000.);
#4255=VECTOR('',#6997,1000.);
#4256=VECTOR('',#6998,1000.);
#4257=VECTOR('',#6999,1000.);
#4258=VECTOR('',#7000,1000.);
#4259=VECTOR('',#7001,1000.);
#4260=VECTOR('',#7002,1000.);
#4261=VECTOR('',#7003,1000.);
#4262=VECTOR('',#7004,1000.);
#4263=VECTOR('',#7005,1000.);
#4264=VECTOR('',#7006,1000.);
#4265=VECTOR('',#7009,1000.);
#4266=VECTOR('',#7010,1000.);
#4267=VECTOR('',#7011,1000.);
#4268=VECTOR('',#7012,1000.);
#4269=VECTOR('',#7013,1000.);
#4270=VECTOR('',#7014,1000.);
#4271=VECTOR('',#7017,1000.);
#4272=VECTOR('',#7018,1000.);
#4273=VECTOR('',#7019,1000.);
#4274=VECTOR('',#7020,1000.);
#4275=VECTOR('',#7021,1000.);
#4276=VECTOR('',#7022,1000.);
#4277=VECTOR('',#7023,1000.);
#4278=VECTOR('',#7024,1000.);
#4279=VECTOR('',#7025,1000.);
#4280=VECTOR('',#7026,1000.);
#4281=VECTOR('',#7027,1000.);
#4282=VECTOR('',#7028,1000.);
#4283=VECTOR('',#7029,1000.);
#4284=VECTOR('',#7030,1000.);
#4285=VECTOR('',#7031,1000.);
#4286=VECTOR('',#7032,1000.);
#4287=VECTOR('',#7033,1000.);
#4288=VECTOR('',#7034,1000.);
#4289=VECTOR('',#7035,1000.);
#4290=VECTOR('',#7036,1000.);
#4291=VECTOR('',#7037,1000.);
#4292=VECTOR('',#7038,1000.);
#4293=VECTOR('',#7039,1000.);
#4294=VECTOR('',#7042,1000.);
#4295=VECTOR('',#7043,1000.);
#4296=VECTOR('',#7044,1000.);
#4297=VECTOR('',#7049,1000.);
#4298=VECTOR('',#7050,1000.);
#4299=VECTOR('',#7051,1000.);
#4300=VECTOR('',#7052,1000.);
#4301=VECTOR('',#7055,1000.);
#4302=VECTOR('',#7056,1000.);
#4303=VECTOR('',#7057,1000.);
#4304=VECTOR('',#7058,1000.);
#4305=VECTOR('',#7061,1000.);
#4306=VECTOR('',#7062,1000.);
#4307=VECTOR('',#7063,1000.);
#4308=VECTOR('',#7064,1000.);
#4309=VECTOR('',#7065,1000.);
#4310=VECTOR('',#7066,1000.);
#4311=VECTOR('',#7067,1000.);
#4312=VECTOR('',#7068,1000.);
#4313=VECTOR('',#7069,1000.);
#4314=VECTOR('',#7070,1000.);
#4315=VECTOR('',#7071,1000.);
#4316=VECTOR('',#7072,1000.);
#4317=VECTOR('',#7073,1000.);
#4318=VECTOR('',#7074,1000.);
#4319=VECTOR('',#7075,1000.);
#4320=VECTOR('',#7076,1000.);
#4321=VECTOR('',#7077,1000.);
#4322=VECTOR('',#7078,1000.);
#4323=VECTOR('',#7079,1000.);
#4324=VECTOR('',#7080,1000.);
#4325=VECTOR('',#7081,1000.);
#4326=VECTOR('',#7082,1000.);
#4327=VECTOR('',#7085,1000.);
#4328=VECTOR('',#7086,1000.);
#4329=VECTOR('',#7087,1000.);
#4330=VECTOR('',#7088,1000.);
#4331=VECTOR('',#7089,1000.);
#4332=VECTOR('',#7090,1000.);
#4333=VECTOR('',#7091,1000.);
#4334=VECTOR('',#7092,1000.);
#4335=VECTOR('',#7093,1000.);
#4336=VECTOR('',#7094,1000.);
#4337=VECTOR('',#7095,1000.);
#4338=VECTOR('',#7096,1000.);
#4339=VECTOR('',#7097,1000.);
#4340=VECTOR('',#7098,1000.);
#4341=VECTOR('',#7099,1000.);
#4342=VECTOR('',#7100,1000.);
#4343=VECTOR('',#7101,1000.);
#4344=VECTOR('',#7102,1000.);
#4345=VECTOR('',#7103,1000.);
#4346=VECTOR('',#7104,1000.);
#4347=VECTOR('',#7105,1000.);
#4348=VECTOR('',#7108,1000.);
#4349=VECTOR('',#7109,1000.);
#4350=VECTOR('',#7110,1000.);
#4351=VECTOR('',#7113,1000.);
#4352=VECTOR('',#7114,1000.);
#4353=VECTOR('',#7115,1000.);
#4354=VECTOR('',#7116,1000.);
#4355=VECTOR('',#7117,1000.);
#4356=VECTOR('',#7118,1000.);
#4357=VECTOR('',#7119,1000.);
#4358=VECTOR('',#7120,1000.);
#4359=VECTOR('',#7123,1000.);
#4360=VECTOR('',#7124,1000.);
#4361=VECTOR('',#7125,1000.);
#4362=VECTOR('',#7126,1000.);
#4363=VECTOR('',#7127,1000.);
#4364=VECTOR('',#7128,1000.);
#4365=VECTOR('',#7129,1000.);
#4366=VECTOR('',#7130,1000.);
#4367=VECTOR('',#7131,1000.);
#4368=VECTOR('',#7132,1000.);
#4369=VECTOR('',#7133,1000.);
#4370=VECTOR('',#7134,1000.);
#4371=VECTOR('',#7135,1000.);
#4372=VECTOR('',#7136,1000.);
#4373=VECTOR('',#7137,1000.);
#4374=VECTOR('',#7138,1000.);
#4375=VECTOR('',#7139,1000.);
#4376=VECTOR('',#7140,1000.);
#4377=VECTOR('',#7141,1000.);
#4378=VECTOR('',#7142,1000.);
#4379=VECTOR('',#7143,1000.);
#4380=VECTOR('',#7144,1000.);
#4381=VECTOR('',#7145,1000.);
#4382=VECTOR('',#7146,1000.);
#4383=VECTOR('',#7147,1000.);
#4384=VECTOR('',#7148,1000.);
#4385=VECTOR('',#7151,1000.);
#4386=VECTOR('',#7152,1000.);
#4387=VECTOR('',#7153,1000.);
#4388=VECTOR('',#7154,1000.);
#4389=VECTOR('',#7155,1000.);
#4390=VECTOR('',#7156,1000.);
#4391=VECTOR('',#7157,1000.);
#4392=VECTOR('',#7158,1000.);
#4393=VECTOR('',#7159,1000.);
#4394=VECTOR('',#7160,1000.);
#4395=VECTOR('',#7161,1000.);
#4396=VECTOR('',#7162,1000.);
#4397=VECTOR('',#7163,1000.);
#4398=VECTOR('',#7164,1000.);
#4399=VECTOR('',#7165,1000.);
#4400=VECTOR('',#7166,1000.);
#4401=VECTOR('',#7167,1000.);
#4402=VECTOR('',#7168,1000.);
#4403=VECTOR('',#7169,1000.);
#4404=VECTOR('',#7170,1000.);
#4405=VECTOR('',#7171,1000.);
#4406=VECTOR('',#7172,1000.);
#4407=VECTOR('',#7173,1000.);
#4408=VECTOR('',#7174,1000.);
#4409=VECTOR('',#7175,1000.);
#4410=VECTOR('',#7176,1000.);
#4411=VECTOR('',#7177,1000.);
#4412=VECTOR('',#7178,1000.);
#4413=VECTOR('',#7179,1000.);
#4414=VECTOR('',#7180,1000.);
#4415=VECTOR('',#7181,1000.);
#4416=VECTOR('',#7182,1000.);
#4417=VECTOR('',#7183,1000.);
#4418=VECTOR('',#7184,1000.);
#4419=VECTOR('',#7185,1000.);
#4420=VECTOR('',#7186,1000.);
#4421=VECTOR('',#7187,1000.);
#4422=VECTOR('',#7188,1000.);
#4423=VECTOR('',#7189,1000.);
#4424=VECTOR('',#7190,1000.);
#4425=VECTOR('',#7191,1000.);
#4426=VECTOR('',#7192,1000.);
#4427=VECTOR('',#7195,1000.);
#4428=VECTOR('',#7196,1000.);
#4429=VECTOR('',#7197,1000.);
#4430=VECTOR('',#7200,1000.);
#4431=VECTOR('',#7201,1000.);
#4432=VECTOR('',#7202,1000.);
#4433=VECTOR('',#7203,1000.);
#4434=VECTOR('',#7206,1000.);
#4435=VECTOR('',#7207,1000.);
#4436=VECTOR('',#7208,1000.);
#4437=VECTOR('',#7211,1000.);
#4438=VECTOR('',#7214,1000.);
#4439=VECTOR('',#7217,1000.);
#4440=VECTOR('',#7218,1000.);
#4441=VECTOR('',#7219,1000.);
#4442=VECTOR('',#7220,1000.);
#4443=VECTOR('',#7221,1000.);
#4444=VECTOR('',#7222,1000.);
#4445=VECTOR('',#7227,1000.);
#4446=VECTOR('',#7228,1000.);
#4447=VECTOR('',#7229,1000.);
#4448=VECTOR('',#7230,1000.);
#4449=VECTOR('',#7231,1000.);
#4450=VECTOR('',#7232,1000.);
#4451=VECTOR('',#7233,1000.);
#4452=VECTOR('',#7236,1000.);
#4453=VECTOR('',#7241,1000.);
#4454=VECTOR('',#7242,1000.);
#4455=VECTOR('',#7245,1000.);
#4456=VECTOR('',#7250,1000.);
#4457=VECTOR('',#7253,1000.);
#4458=VECTOR('',#7256,1000.);
#4459=VECTOR('',#7263,1000.);
#4460=VECTOR('',#7264,1000.);
#4461=VECTOR('',#7267,1000.);
#4462=VECTOR('',#7270,1000.);
#4463=VECTOR('',#7273,1000.);
#4464=VECTOR('',#7278,1000.);
#4465=VECTOR('',#7281,1000.);
#4466=VECTOR('',#7288,1000.);
#4467=VECTOR('',#7289,1000.);
#4468=VECTOR('',#7290,1000.);
#4469=VECTOR('',#7291,1000.);
#4470=VECTOR('',#7292,1000.);
#4471=VECTOR('',#7295,1000.);
#4472=VECTOR('',#7298,1000.);
#4473=VECTOR('',#7301,1000.);
#4474=VECTOR('',#7306,1000.);
#4475=VECTOR('',#7307,1000.);
#4476=VECTOR('',#7308,1000.);
#4477=VECTOR('',#7313,1000.);
#4478=VECTOR('',#7314,1000.);
#4479=VECTOR('',#7315,1000.);
#4480=VECTOR('',#7320,1000.);
#4481=VECTOR('',#7321,1000.);
#4482=VECTOR('',#7324,1000.);
#4483=VECTOR('',#7325,1000.);
#4484=VECTOR('',#7326,1000.);
#4485=VECTOR('',#7327,1000.);
#4486=VECTOR('',#7328,1000.);
#4487=VECTOR('',#7331,1000.);
#4488=VECTOR('',#7332,1000.);
#4489=VECTOR('',#7333,1000.);
#4490=VECTOR('',#7336,1000.);
#4491=VECTOR('',#7337,1000.);
#4492=VECTOR('',#7338,1000.);
#4493=VECTOR('',#7339,1000.);
#4494=VECTOR('',#7340,1000.);
#4495=VECTOR('',#7343,1000.);
#4496=VECTOR('',#7344,1000.);
#4497=VECTOR('',#7349,1000.);
#4498=VECTOR('',#7350,1000.);
#4499=VECTOR('',#7351,1000.);
#4500=VECTOR('',#7354,1000.);
#4501=VECTOR('',#7355,1000.);
#4502=VECTOR('',#7358,1000.);
#4503=VECTOR('',#7359,1000.);
#4504=VECTOR('',#7372,1000.);
#4505=VECTOR('',#7373,1000.);
#4506=VECTOR('',#7378,1000.);
#4507=VECTOR('',#7379,1000.);
#4508=VECTOR('',#7380,1000.);
#4509=VECTOR('',#7381,1000.);
#4510=VECTOR('',#7384,1000.);
#4511=VECTOR('',#7385,1000.);
#4512=VECTOR('',#7386,1000.);
#4513=VECTOR('',#7387,1000.);
#4514=VECTOR('',#7400,1000.);
#4515=VECTOR('',#7403,1000.);
#4516=VECTOR('',#7408,1000.);
#4517=VECTOR('',#7411,1000.);
#4518=VECTOR('',#7424,1000.);
#4519=VECTOR('',#7425,1000.);
#4520=VECTOR('',#7428,1000.);
#4521=VECTOR('',#7431,1000.);
#4522=VECTOR('',#7434,1000.);
#4523=VECTOR('',#7437,1000.);
#4524=VECTOR('',#7438,1000.);
#4525=VECTOR('',#7439,1000.);
#4526=VECTOR('',#7440,1000.);
#4527=VECTOR('',#7445,1000.);
#4528=VECTOR('',#7448,1000.);
#4529=VECTOR('',#7449,1000.);
#4530=VECTOR('',#7452,1000.);
#4531=VECTOR('',#7457,1000.);
#4532=VECTOR('',#7460,1000.);
#4533=VECTOR('',#7463,1000.);
#4534=VECTOR('',#7468,1000.);
#4535=VECTOR('',#7471,1000.);
#4536=VECTOR('',#7474,1000.);
#4537=VECTOR('',#7479,1000.);
#4538=VECTOR('',#7482,1000.);
#4539=VECTOR('',#7487,1000.);
#4540=VECTOR('',#7488,1000.);
#4541=VECTOR('',#7489,1000.);
#4542=VECTOR('',#7490,1000.);
#4543=VECTOR('',#7491,1000.);
#4544=VECTOR('',#7494,1000.);
#4545=VECTOR('',#7495,1000.);
#4546=VECTOR('',#7496,1000.);
#4547=VECTOR('',#7499,1000.);
#4548=VECTOR('',#7500,1000.);
#4549=VECTOR('',#7501,1000.);
#4550=VECTOR('',#7504,1000.);
#4551=VECTOR('',#7505,1000.);
#4552=VECTOR('',#7506,1000.);
#4553=VECTOR('',#7507,1000.);
#4554=VECTOR('',#7512,1000.);
#4555=VECTOR('',#7513,1000.);
#4556=VECTOR('',#7514,1000.);
#4557=VECTOR('',#7517,1000.);
#4558=VECTOR('',#7518,1000.);
#4559=VECTOR('',#7521,1000.);
#4560=VECTOR('',#7522,1000.);
#4561=VECTOR('',#7535,1000.);
#4562=VECTOR('',#7536,1000.);
#4563=VECTOR('',#7541,1000.);
#4564=VECTOR('',#7542,1000.);
#4565=VECTOR('',#7543,1000.);
#4566=VECTOR('',#7544,1000.);
#4567=VECTOR('',#7549,1000.);
#4568=VECTOR('',#7552,1000.);
#4569=VECTOR('',#7553,1000.);
#4570=VECTOR('',#7554,1000.);
#4571=VECTOR('',#7563,1000.);
#4572=VECTOR('',#7566,1000.);
#4573=VECTOR('',#7571,1000.);
#4574=VECTOR('',#7574,1000.);
#4575=VECTOR('',#7587,1000.);
#4576=VECTOR('',#7588,1000.);
#4577=VECTOR('',#7589,1000.);
#4578=VECTOR('',#7592,1000.);
#4579=VECTOR('',#7593,1000.);
#4580=VECTOR('',#7594,1000.);
#4581=VECTOR('',#7607,1000.);
#4582=VECTOR('',#7608,1000.);
#4583=VECTOR('',#7611,1000.);
#4584=VECTOR('',#7612,1000.);
#4585=VECTOR('',#7615,1000.);
#4586=VECTOR('',#7632,1000.);
#4587=VECTOR('',#7633,1000.);
#4588=VECTOR('',#7634,1000.);
#4589=VECTOR('',#7635,1000.);
#4590=VECTOR('',#7636,1000.);
#4591=VECTOR('',#7637,1000.);
#4592=VECTOR('',#7640,1000.);
#4593=VECTOR('',#7641,1000.);
#4594=VECTOR('',#7642,1000.);
#4595=VECTOR('',#7643,1000.);
#4596=VECTOR('',#7644,1000.);
#4597=VECTOR('',#7645,1000.);
#4598=VECTOR('',#7648,1000.);
#4599=VECTOR('',#7659,1000.);
#4600=VECTOR('',#7660,1000.);
#4601=VECTOR('',#7661,1000.);
#4602=VECTOR('',#7664,1000.);
#4603=VECTOR('',#7665,1000.);
#4604=VECTOR('',#7668,1000.);
#4605=VECTOR('',#7669,1000.);
#4606=VECTOR('',#7672,1000.);
#4607=VECTOR('',#7673,1000.);
#4608=VECTOR('',#7676,1000.);
#4609=VECTOR('',#7677,1000.);
#4610=VECTOR('',#7678,1000.);
#4611=VECTOR('',#7685,1000.);
#4612=VECTOR('',#7686,1000.);
#4613=VECTOR('',#7687,1000.);
#4614=VECTOR('',#7690,1000.);
#4615=VECTOR('',#7691,1000.);
#4616=VECTOR('',#7692,1000.);
#4617=VECTOR('',#7695,1000.);
#4618=VECTOR('',#7696,1000.);
#4619=VECTOR('',#7699,1000.);
#4620=VECTOR('',#7702,1000.);
#4621=VECTOR('',#7703,1000.);
#4622=VECTOR('',#7704,1000.);
#4623=VECTOR('',#7711,1000.);
#4624=VECTOR('',#7712,1000.);
#4625=VECTOR('',#7713,1000.);
#4626=VECTOR('',#7714,1000.);
#4627=VECTOR('',#7715,1000.);
#4628=VECTOR('',#7716,1000.);
#4629=VECTOR('',#7719,1000.);
#4630=VECTOR('',#7720,1000.);
#4631=VECTOR('',#7721,1000.);
#4632=VECTOR('',#7722,1000.);
#4633=VECTOR('',#7723,1000.);
#4634=VECTOR('',#7724,1000.);
#4635=VECTOR('',#7727,1000.);
#4636=VECTOR('',#7738,1000.);
#4637=VECTOR('',#7739,1000.);
#4638=VECTOR('',#7740,1000.);
#4639=VECTOR('',#7743,1000.);
#4640=VECTOR('',#7744,1000.);
#4641=VECTOR('',#7747,1000.);
#4642=VECTOR('',#7748,1000.);
#4643=VECTOR('',#7751,1000.);
#4644=VECTOR('',#7752,1000.);
#4645=VECTOR('',#7755,1000.);
#4646=VECTOR('',#7756,1000.);
#4647=VECTOR('',#7757,1000.);
#4648=VECTOR('',#7764,1000.);
#4649=VECTOR('',#7765,1000.);
#4650=VECTOR('',#7766,1000.);
#4651=VECTOR('',#7767,1000.);
#4652=VECTOR('',#7768,1000.);
#4653=VECTOR('',#7769,1000.);
#4654=VECTOR('',#7772,1000.);
#4655=VECTOR('',#7773,1000.);
#4656=VECTOR('',#7774,1000.);
#4657=VECTOR('',#7775,1000.);
#4658=VECTOR('',#7776,1000.);
#4659=VECTOR('',#7777,1000.);
#4660=VECTOR('',#7780,1000.);
#4661=VECTOR('',#7791,1000.);
#4662=VECTOR('',#7792,1000.);
#4663=VECTOR('',#7793,1000.);
#4664=VECTOR('',#7796,1000.);
#4665=VECTOR('',#7797,1000.);
#4666=VECTOR('',#7800,1000.);
#4667=VECTOR('',#7801,1000.);
#4668=VECTOR('',#7804,1000.);
#4669=VECTOR('',#7805,1000.);
#4670=VECTOR('',#7808,1000.);
#4671=VECTOR('',#7809,1000.);
#4672=VECTOR('',#7810,1000.);
#4673=VECTOR('',#7817,1000.);
#4674=VECTOR('',#7818,1000.);
#4675=VECTOR('',#7819,1000.);
#4676=VECTOR('',#7822,1000.);
#4677=VECTOR('',#7823,1000.);
#4678=VECTOR('',#7826,1000.);
#4679=VECTOR('',#7827,1000.);
#4680=VECTOR('',#7830,1000.);
#4681=VECTOR('',#7831,1000.);
#4682=VECTOR('',#7834,1000.);
#4683=VECTOR('',#7835,1000.);
#4684=VECTOR('',#7836,1000.);
#4685=VECTOR('',#7843,1000.);
#4686=VECTOR('',#7844,1000.);
#4687=VECTOR('',#7845,1000.);
#4688=VECTOR('',#7848,1000.);
#4689=VECTOR('',#7849,1000.);
#4690=VECTOR('',#7852,1000.);
#4691=VECTOR('',#7853,1000.);
#4692=VECTOR('',#7856,1000.);
#4693=VECTOR('',#7857,1000.);
#4694=VECTOR('',#7860,1000.);
#4695=VECTOR('',#7861,1000.);
#4696=VECTOR('',#7862,1000.);
#4697=VECTOR('',#7869,1000.);
#4698=VECTOR('',#7870,1000.);
#4699=VECTOR('',#7871,1000.);
#4700=VECTOR('',#7872,1000.);
#4701=VECTOR('',#7875,1000.);
#4702=VECTOR('',#7876,1000.);
#4703=VECTOR('',#7877,1000.);
#4704=VECTOR('',#7878,1000.);
#4705=VECTOR('',#7883,1000.);
#4706=VECTOR('',#7884,1000.);
#4707=VECTOR('',#7885,1000.);
#4708=VECTOR('',#7886,1000.);
#4709=VECTOR('',#7889,1000.);
#4710=VECTOR('',#7890,1000.);
#4711=VECTOR('',#7891,1000.);
#4712=VECTOR('',#7892,1000.);
#4713=VECTOR('',#7909,1000.);
#4714=VECTOR('',#7910,1000.);
#4715=VECTOR('',#7911,1000.);
#4716=VECTOR('',#7914,1000.);
#4717=VECTOR('',#7915,1000.);
#4718=VECTOR('',#7916,1000.);
#4719=VECTOR('',#7925,1000.);
#4720=VECTOR('',#7928,1000.);
#4721=VECTOR('',#7933,1000.);
#4722=VECTOR('',#7936,1000.);
#4723=VECTOR('',#7943,1000.);
#4724=VECTOR('',#7944,1000.);
#4725=VECTOR('',#7945,1000.);
#4726=VECTOR('',#7946,1000.);
#4727=VECTOR('',#7949,1000.);
#4728=VECTOR('',#7950,1000.);
#4729=VECTOR('',#7951,1000.);
#4730=VECTOR('',#7954,1000.);
#4731=VECTOR('',#7955,1000.);
#4732=VECTOR('',#7956,1000.);
#4733=VECTOR('',#7961,1000.);
#4734=VECTOR('',#7962,1000.);
#4735=VECTOR('',#7963,1000.);
#4736=VECTOR('',#7966,1000.);
#4737=VECTOR('',#7967,1000.);
#4738=VECTOR('',#7968,1000.);
#4739=VECTOR('',#7971,1000.);
#4740=VECTOR('',#7972,1000.);
#4741=VECTOR('',#7973,1000.);
#4742=VECTOR('',#7974,1000.);
#4743=VECTOR('',#7977,1000.);
#4744=VECTOR('',#7978,1000.);
#4745=VECTOR('',#7983,1000.);
#4746=VECTOR('',#7986,1000.);
#4747=VECTOR('',#7987,1000.);
#4748=VECTOR('',#7990,1000.);
#4749=VECTOR('',#7991,1000.);
#4750=VECTOR('',#7992,1000.);
#4751=VECTOR('',#7993,1000.);
#4752=VECTOR('',#7996,1000.);
#4753=VECTOR('',#7997,1000.);
#4754=VECTOR('',#7998,1000.);
#4755=VECTOR('',#8003,1000.);
#4756=VECTOR('',#8006,1000.);
#4757=VECTOR('',#8009,1000.);
#4758=VECTOR('',#8012,1000.);
#4759=VECTOR('',#8015,1000.);
#4760=VECTOR('',#8016,1000.);
#4761=VECTOR('',#8019,1000.);
#4762=VECTOR('',#8022,1000.);
#4763=VECTOR('',#8027,1000.);
#4764=VECTOR('',#8028,1000.);
#4765=VECTOR('',#8031,1000.);
#4766=VECTOR('',#8034,1000.);
#4767=VECTOR('',#8041,1000.);
#4768=VECTOR('',#8042,1000.);
#4769=VECTOR('',#8043,1000.);
#4770=VECTOR('',#8044,1000.);
#4771=VECTOR('',#8047,1000.);
#4772=VECTOR('',#8048,1000.);
#4773=VECTOR('',#8049,1000.);
#4774=VECTOR('',#8052,1000.);
#4775=VECTOR('',#8053,1000.);
#4776=VECTOR('',#8054,1000.);
#4777=VECTOR('',#8059,1000.);
#4778=VECTOR('',#8060,1000.);
#4779=VECTOR('',#8061,1000.);
#4780=VECTOR('',#8064,1000.);
#4781=VECTOR('',#8065,1000.);
#4782=VECTOR('',#8066,1000.);
#4783=VECTOR('',#8069,1000.);
#4784=VECTOR('',#8070,1000.);
#4785=VECTOR('',#8071,1000.);
#4786=VECTOR('',#8072,1000.);
#4787=VECTOR('',#8075,1000.);
#4788=VECTOR('',#8076,1000.);
#4789=VECTOR('',#8081,1000.);
#4790=VECTOR('',#8084,1000.);
#4791=VECTOR('',#8085,1000.);
#4792=VECTOR('',#8088,1000.);
#4793=VECTOR('',#8089,1000.);
#4794=VECTOR('',#8090,1000.);
#4795=VECTOR('',#8091,1000.);
#4796=VECTOR('',#8094,1000.);
#4797=VECTOR('',#8095,1000.);
#4798=VECTOR('',#8096,1000.);
#4799=VECTOR('',#8101,1000.);
#4800=VECTOR('',#8104,1000.);
#4801=VECTOR('',#8107,1000.);
#4802=VECTOR('',#8110,1000.);
#4803=VECTOR('',#8113,1000.);
#4804=VECTOR('',#8114,1000.);
#4805=VECTOR('',#8117,1000.);
#4806=VECTOR('',#8120,1000.);
#4807=VECTOR('',#8125,1000.);
#4808=VECTOR('',#8126,1000.);
#4809=VECTOR('',#8129,1000.);
#4810=VECTOR('',#8132,1000.);
#4811=EDGE_LOOP('',(#145,#146,#147,#148));
#4812=EDGE_LOOP('',(#149,#150,#151,#152));
#4813=EDGE_LOOP('',(#153,#154,#155,#156));
#4814=EDGE_LOOP('',(#157,#158,#159,#160));
#4815=EDGE_LOOP('',(#161,#162,#163,#164));
#4816=EDGE_LOOP('',(#165,#166,#167,#168));
#4817=EDGE_LOOP('',(#169,#170,#171,#172));
#4818=EDGE_LOOP('',(#173,#174,#175,#176));
#4819=EDGE_LOOP('',(#177,#178,#179,#180,#181,#182));
#4820=EDGE_LOOP('',(#183,#184,#185,#186));
#4821=EDGE_LOOP('',(#187,#188,#189,#190));
#4822=EDGE_LOOP('',(#191,#192,#193,#194,#195,#196));
#4823=EDGE_LOOP('',(#197,#198,#199,#200,#201,#202,#203,#204,#205,#206));
#4824=EDGE_LOOP('',(#207,#208,#209,#210,#211,#212,#213,#214,#215,#216));
#4825=EDGE_LOOP('',(#217,#218,#219,#220,#221,#222,#223,#224,#225,#226));
#4826=EDGE_LOOP('',(#227,#228,#229,#230,#231,#232,#233,#234,#235,#236));
#4827=EDGE_LOOP('',(#237,#238,#239,#240,#241,#242,#243,#244,#245,#246));
#4828=EDGE_LOOP('',(#247,#248,#249,#250,#251,#252,#253,#254,#255,#256));
#4829=EDGE_LOOP('',(#257,#258,#259,#260));
#4830=EDGE_LOOP('',(#261,#262,#263,#264));
#4831=EDGE_LOOP('',(#265,#266,#267,#268));
#4832=EDGE_LOOP('',(#269,#270,#271,#272,#273,#274,#275,#276));
#4833=EDGE_LOOP('',(#277,#278,#279,#280,#281,#282));
#4834=EDGE_LOOP('',(#283,#284,#285,#286,#287,#288,#289,#290));
#4835=EDGE_LOOP('',(#291,#292,#293,#294,#295,#296,#297,#298));
#4836=EDGE_LOOP('',(#299,#300,#301,#302,#303,#304,#305,#306,#307,#308,#309));
#4837=EDGE_LOOP('',(#310,#311,#312,#313));
#4838=EDGE_LOOP('',(#314,#315,#316,#317));
#4839=EDGE_LOOP('',(#318,#319,#320,#321));
#4840=EDGE_LOOP('',(#322,#323,#324,#325));
#4841=EDGE_LOOP('',(#326,#327,#328,#329,#330,#331,#332,#333,#334,#335));
#4842=EDGE_LOOP('',(#336,#337,#338,#339,#340,#341,#342,#343,#344,#345));
#4843=EDGE_LOOP('',(#346,#347,#348,#349));
#4844=EDGE_LOOP('',(#350,#351,#352,#353));
#4845=EDGE_LOOP('',(#354,#355,#356,#357));
#4846=EDGE_LOOP('',(#358,#359,#360,#361));
#4847=EDGE_LOOP('',(#362,#363,#364,#365,#366,#367,#368,#369,#370,#371));
#4848=EDGE_LOOP('',(#372,#373,#374,#375,#376,#377,#378,#379,#380,#381));
#4849=EDGE_LOOP('',(#382,#383,#384,#385));
#4850=EDGE_LOOP('',(#386,#387,#388,#389,#390,#391,#392,#393));
#4851=EDGE_LOOP('',(#394,#395,#396,#397,#398,#399,#400,#401));
#4852=EDGE_LOOP('',(#402,#403,#404,#405,#406));
#4853=EDGE_LOOP('',(#407,#408,#409,#410));
#4854=EDGE_LOOP('',(#411,#412,#413,#414,#415,#416,#417,#418,#419,#420,#421,
#422,#423,#424,#425,#426,#427,#428,#429,#430,#431,#432,#433,#434,#435,#436));
#4855=EDGE_LOOP('',(#437,#438,#439,#440,#441,#442));
#4856=EDGE_LOOP('',(#443,#444,#445,#446,#447,#448,#449,#450,#451,#452,#453,
#454,#455,#456,#457,#458,#459,#460,#461,#462,#463,#464,#465,#466));
#4857=EDGE_LOOP('',(#467,#468,#469,#470,#471));
#4858=EDGE_LOOP('',(#472,#473,#474,#475,#476));
#4859=EDGE_LOOP('',(#477,#478,#479,#480));
#4860=EDGE_LOOP('',(#481,#482,#483,#484,#485,#486,#487,#488,#489,#490,#491,
#492,#493,#494,#495,#496,#497,#498,#499,#500,#501,#502,#503,#504,#505,#506));
#4861=EDGE_LOOP('',(#507,#508,#509,#510,#511,#512,#513,#514,#515,#516,#517,
#518,#519,#520,#521,#522,#523,#524,#525,#526,#527,#528,#529,#530));
#4862=EDGE_LOOP('',(#531,#532,#533,#534,#535));
#4863=EDGE_LOOP('',(#536,#537,#538,#539,#540,#541,#542,#543));
#4864=EDGE_LOOP('',(#544,#545,#546,#547,#548,#549,#550,#551,#552,#553,#554,
#555,#556,#557,#558,#559,#560,#561,#562,#563,#564,#565,#566,#567,#568,#569,
#570,#571));
#4865=EDGE_LOOP('',(#572,#573,#574,#575,#576));
#4866=EDGE_LOOP('',(#577,#578,#579,#580,#581));
#4867=EDGE_LOOP('',(#582,#583,#584,#585,#586));
#4868=EDGE_LOOP('',(#587,#588,#589,#590,#591));
#4869=EDGE_LOOP('',(#592,#593,#594,#595,#596));
#4870=EDGE_LOOP('',(#597,#598,#599,#600,#601));
#4871=EDGE_LOOP('',(#602,#603,#604,#605));
#4872=EDGE_LOOP('',(#606,#607,#608,#609,#610,#611,#612,#613,#614,#615,#616,
#617,#618,#619,#620,#621));
#4873=EDGE_LOOP('',(#622,#623,#624,#625));
#4874=EDGE_LOOP('',(#626,#627,#628,#629,#630,#631,#632,#633,#634,#635));
#4875=EDGE_LOOP('',(#636,#637,#638,#639,#640,#641,#642,#643,#644,#645));
#4876=EDGE_LOOP('',(#646,#647,#648,#649,#650));
#4877=EDGE_LOOP('',(#651,#652,#653,#654));
#4878=EDGE_LOOP('',(#655,#656,#657,#658,#659,#660,#661,#662,#663,#664,#665,
#666));
#4879=EDGE_LOOP('',(#667,#668,#669,#670,#671,#672,#673,#674,#675,#676,#677,
#678));
#4880=EDGE_LOOP('',(#679,#680,#681,#682,#683));
#4881=EDGE_LOOP('',(#684,#685,#686,#687));
#4882=EDGE_LOOP('',(#688,#689,#690,#691));
#4883=EDGE_LOOP('',(#692,#693,#694,#695));
#4884=EDGE_LOOP('',(#696,#697,#698,#699));
#4885=EDGE_LOOP('',(#700,#701,#702,#703));
#4886=EDGE_LOOP('',(#704,#705,#706,#707));
#4887=EDGE_LOOP('',(#708,#709,#710,#711));
#4888=EDGE_LOOP('',(#712,#713,#714,#715,#716,#717,#718,#719));
#4889=EDGE_LOOP('',(#720,#721,#722,#723));
#4890=EDGE_LOOP('',(#724,#725,#726,#727));
#4891=EDGE_LOOP('',(#728,#729,#730,#731));
#4892=EDGE_LOOP('',(#732,#733,#734,#735));
#4893=EDGE_LOOP('',(#736,#737,#738,#739));
#4894=EDGE_LOOP('',(#740,#741,#742,#743));
#4895=EDGE_LOOP('',(#744,#745,#746,#747));
#4896=EDGE_LOOP('',(#748,#749,#750,#751,#752,#753,#754,#755,#756,#757,#758));
#4897=EDGE_LOOP('',(#759,#760,#761,#762));
#4898=EDGE_LOOP('',(#763,#764,#765,#766));
#4899=EDGE_LOOP('',(#767,#768,#769,#770,#771,#772,#773,#774,#775,#776,#777,
#778,#779,#780,#781,#782,#783,#784,#785,#786,#787,#788));
#4900=EDGE_LOOP('',(#789,#790,#791,#792,#793,#794,#795,#796));
#4901=EDGE_LOOP('',(#797,#798,#799,#800,#801));
#4902=EDGE_LOOP('',(#802,#803,#804,#805,#806,#807,#808,#809));
#4903=EDGE_LOOP('',(#810,#811,#812,#813,#814));
#4904=EDGE_LOOP('',(#815,#816,#817,#818));
#4905=EDGE_LOOP('',(#819,#820,#821,#822,#823));
#4906=EDGE_LOOP('',(#824,#825,#826,#827));
#4907=EDGE_LOOP('',(#828,#829,#830,#831,#832));
#4908=EDGE_LOOP('',(#833,#834,#835,#836));
#4909=EDGE_LOOP('',(#837,#838,#839,#840));
#4910=EDGE_LOOP('',(#841,#842,#843,#844));
#4911=EDGE_LOOP('',(#845,#846,#847,#848));
#4912=EDGE_LOOP('',(#849,#850,#851,#852));
#4913=EDGE_LOOP('',(#853,#854,#855,#856));
#4914=EDGE_LOOP('',(#857,#858,#859,#860));
#4915=EDGE_LOOP('',(#861,#862,#863,#864,#865,#866));
#4916=EDGE_LOOP('',(#867,#868,#869,#870,#871,#872));
#4917=EDGE_LOOP('',(#873,#874,#875,#876,#877));
#4918=EDGE_LOOP('',(#878,#879,#880,#881));
#4919=EDGE_LOOP('',(#882,#883,#884,#885));
#4920=EDGE_LOOP('',(#886,#887,#888,#889));
#4921=EDGE_LOOP('',(#890,#891,#892,#893));
#4922=EDGE_LOOP('',(#894,#895,#896,#897));
#4923=EDGE_LOOP('',(#898,#899,#900,#901,#902));
#4924=EDGE_LOOP('',(#903,#904,#905,#906,#907));
#4925=EDGE_LOOP('',(#908,#909,#910,#911,#912,#913));
#4926=EDGE_LOOP('',(#914,#915,#916,#917));
#4927=EDGE_LOOP('',(#918,#919,#920,#921));
#4928=EDGE_LOOP('',(#922,#923,#924,#925,#926));
#4929=EDGE_LOOP('',(#927,#928,#929,#930,#931,#932,#933,#934,#935,#936,#937,
#938));
#4930=EDGE_LOOP('',(#939,#940,#941,#942,#943));
#4931=EDGE_LOOP('',(#944,#945,#946,#947));
#4932=EDGE_LOOP('',(#948,#949,#950,#951));
#4933=EDGE_LOOP('',(#952,#953,#954,#955));
#4934=EDGE_LOOP('',(#956,#957,#958,#959));
#4935=EDGE_LOOP('',(#960,#961,#962,#963));
#4936=EDGE_LOOP('',(#964,#965,#966,#967));
#4937=EDGE_LOOP('',(#968,#969,#970,#971));
#4938=EDGE_LOOP('',(#972,#973,#974,#975));
#4939=EDGE_LOOP('',(#976,#977,#978,#979));
#4940=EDGE_LOOP('',(#980,#981,#982,#983));
#4941=EDGE_LOOP('',(#984,#985,#986,#987));
#4942=EDGE_LOOP('',(#988,#989,#990,#991));
#4943=EDGE_LOOP('',(#992,#993,#994,#995));
#4944=EDGE_LOOP('',(#996,#997,#998,#999));
#4945=EDGE_LOOP('',(#1000,#1001,#1002,#1003,#1004,#1005,#1006,#1007));
#4946=EDGE_LOOP('',(#1008,#1009,#1010,#1011,#1012));
#4947=EDGE_LOOP('',(#1013,#1014,#1015,#1016,#1017));
#4948=EDGE_LOOP('',(#1018,#1019,#1020,#1021,#1022,#1023,#1024,#1025));
#4949=EDGE_LOOP('',(#1026,#1027,#1028,#1029));
#4950=EDGE_LOOP('',(#1030,#1031,#1032,#1033));
#4951=EDGE_LOOP('',(#1034,#1035,#1036,#1037,#1038));
#4952=EDGE_LOOP('',(#1039,#1040,#1041,#1042,#1043));
#4953=EDGE_LOOP('',(#1044,#1045,#1046,#1047));
#4954=EDGE_LOOP('',(#1048,#1049,#1050,#1051));
#4955=EDGE_LOOP('',(#1052,#1053,#1054,#1055));
#4956=EDGE_LOOP('',(#1056,#1057,#1058,#1059));
#4957=EDGE_LOOP('',(#1060,#1061,#1062,#1063));
#4958=EDGE_LOOP('',(#1064,#1065,#1066,#1067));
#4959=EDGE_LOOP('',(#1068,#1069,#1070,#1071));
#4960=EDGE_LOOP('',(#1072,#1073,#1074,#1075,#1076,#1077));
#4961=EDGE_LOOP('',(#1078,#1079,#1080,#1081,#1082));
#4962=EDGE_LOOP('',(#1083,#1084,#1085,#1086,#1087,#1088));
#4963=EDGE_LOOP('',(#1089,#1090,#1091,#1092));
#4964=EDGE_LOOP('',(#1093,#1094,#1095,#1096));
#4965=EDGE_LOOP('',(#1097,#1098,#1099,#1100));
#4966=EDGE_LOOP('',(#1101,#1102,#1103,#1104));
#4967=EDGE_LOOP('',(#1105,#1106,#1107,#1108));
#4968=EDGE_LOOP('',(#1109,#1110,#1111,#1112,#1113));
#4969=EDGE_LOOP('',(#1114,#1115,#1116,#1117,#1118));
#4970=EDGE_LOOP('',(#1119,#1120,#1121,#1122,#1123,#1124));
#4971=EDGE_LOOP('',(#1125,#1126,#1127,#1128));
#4972=EDGE_LOOP('',(#1129,#1130,#1131,#1132));
#4973=EDGE_LOOP('',(#1133,#1134,#1135,#1136));
#4974=EDGE_LOOP('',(#1137,#1138,#1139,#1140));
#4975=EDGE_LOOP('',(#1141,#1142,#1143,#1144));
#4976=EDGE_LOOP('',(#1145,#1146,#1147,#1148));
#4977=EDGE_LOOP('',(#1149,#1150,#1151,#1152));
#4978=EDGE_LOOP('',(#1153,#1154,#1155,#1156));
#4979=EDGE_LOOP('',(#1157,#1158,#1159,#1160));
#4980=EDGE_LOOP('',(#1161,#1162,#1163,#1164,#1165,#1166,#1167,#1168,#1169,
#1170,#1171,#1172,#1173,#1174,#1175,#1176,#1177,#1178,#1179,#1180,#1181,
#1182));
#4981=EDGE_LOOP('',(#1183,#1184,#1185,#1186,#1187,#1188,#1189,#1190,#1191,
#1192));
#4982=EDGE_LOOP('',(#1193,#1194,#1195,#1196,#1197,#1198,#1199,#1200,#1201,
#1202));
#4983=EDGE_LOOP('',(#1203,#1204,#1205,#1206));
#4984=EDGE_LOOP('',(#1207,#1208,#1209,#1210));
#4985=EDGE_LOOP('',(#1211,#1212,#1213,#1214));
#4986=EDGE_LOOP('',(#1215,#1216,#1217,#1218));
#4987=EDGE_LOOP('',(#1219,#1220,#1221,#1222));
#4988=EDGE_LOOP('',(#1223,#1224,#1225,#1226));
#4989=EDGE_LOOP('',(#1227,#1228,#1229,#1230));
#4990=EDGE_LOOP('',(#1231,#1232,#1233,#1234));
#4991=EDGE_LOOP('',(#1235,#1236,#1237,#1238));
#4992=EDGE_LOOP('',(#1239,#1240,#1241,#1242));
#4993=EDGE_LOOP('',(#1243,#1244,#1245,#1246,#1247));
#4994=EDGE_LOOP('',(#1248,#1249,#1250,#1251));
#4995=EDGE_LOOP('',(#1252,#1253,#1254,#1255));
#4996=EDGE_LOOP('',(#1256,#1257,#1258,#1259));
#4997=EDGE_LOOP('',(#1260,#1261,#1262,#1263));
#4998=EDGE_LOOP('',(#1264,#1265,#1266,#1267));
#4999=EDGE_LOOP('',(#1268,#1269,#1270,#1271));
#5000=EDGE_LOOP('',(#1272,#1273,#1274,#1275));
#5001=EDGE_LOOP('',(#1276,#1277,#1278,#1279,#1280));
#5002=EDGE_LOOP('',(#1281,#1282,#1283,#1284));
#5003=EDGE_LOOP('',(#1285,#1286,#1287,#1288));
#5004=EDGE_LOOP('',(#1289,#1290,#1291,#1292,#1293,#1294,#1295,#1296,#1297,
#1298));
#5005=EDGE_LOOP('',(#1299,#1300,#1301,#1302,#1303,#1304,#1305,#1306,#1307,
#1308));
#5006=EDGE_LOOP('',(#1309,#1310,#1311,#1312));
#5007=EDGE_LOOP('',(#1313,#1314,#1315,#1316));
#5008=EDGE_LOOP('',(#1317,#1318,#1319,#1320));
#5009=EDGE_LOOP('',(#1321,#1322,#1323,#1324));
#5010=EDGE_LOOP('',(#1325,#1326,#1327,#1328));
#5011=EDGE_LOOP('',(#1329,#1330,#1331,#1332));
#5012=EDGE_LOOP('',(#1333,#1334,#1335,#1336));
#5013=EDGE_LOOP('',(#1337,#1338,#1339,#1340));
#5014=EDGE_LOOP('',(#1341,#1342,#1343,#1344));
#5015=EDGE_LOOP('',(#1345,#1346,#1347,#1348));
#5016=EDGE_LOOP('',(#1349,#1350,#1351,#1352,#1353));
#5017=EDGE_LOOP('',(#1354,#1355,#1356,#1357));
#5018=EDGE_LOOP('',(#1358,#1359,#1360,#1361));
#5019=EDGE_LOOP('',(#1362,#1363,#1364,#1365,#1366,#1367,#1368,#1369,#1370,
#1371));
#5020=EDGE_LOOP('',(#1372,#1373,#1374,#1375,#1376,#1377,#1378,#1379,#1380,
#1381));
#5021=EDGE_LOOP('',(#1382,#1383,#1384,#1385));
#5022=EDGE_LOOP('',(#1386,#1387,#1388,#1389));
#5023=EDGE_LOOP('',(#1390,#1391,#1392,#1393));
#5024=EDGE_LOOP('',(#1394,#1395,#1396,#1397));
#5025=EDGE_LOOP('',(#1398,#1399,#1400,#1401));
#5026=EDGE_LOOP('',(#1402,#1403,#1404,#1405));
#5027=EDGE_LOOP('',(#1406,#1407,#1408,#1409));
#5028=EDGE_LOOP('',(#1410,#1411,#1412,#1413));
#5029=EDGE_LOOP('',(#1414,#1415,#1416,#1417));
#5030=EDGE_LOOP('',(#1418,#1419,#1420,#1421));
#5031=EDGE_LOOP('',(#1422,#1423,#1424,#1425,#1426));
#5032=EDGE_LOOP('',(#1427,#1428,#1429,#1430));
#5033=EDGE_LOOP('',(#1431,#1432,#1433,#1434));
#5034=EDGE_LOOP('',(#1435,#1436,#1437,#1438));
#5035=EDGE_LOOP('',(#1439,#1440,#1441,#1442));
#5036=EDGE_LOOP('',(#1443,#1444,#1445,#1446));
#5037=EDGE_LOOP('',(#1447,#1448,#1449,#1450));
#5038=EDGE_LOOP('',(#1451,#1452,#1453,#1454));
#5039=EDGE_LOOP('',(#1455,#1456,#1457,#1458,#1459));
#5040=EDGE_LOOP('',(#1460,#1461,#1462,#1463));
#5041=EDGE_LOOP('',(#1464,#1465,#1466,#1467));
#5042=EDGE_LOOP('',(#1468,#1469,#1470,#1471));
#5043=EDGE_LOOP('',(#1472,#1473,#1474,#1475));
#5044=EDGE_LOOP('',(#1476,#1477,#1478,#1479));
#5045=EDGE_LOOP('',(#1480,#1481,#1482,#1483));
#5046=EDGE_LOOP('',(#1484,#1485,#1486,#1487));
#5047=EDGE_LOOP('',(#1488,#1489,#1490,#1491,#1492));
#5048=EDGE_LOOP('',(#1493,#1494,#1495,#1496));
#5049=EDGE_LOOP('',(#1497,#1498,#1499,#1500));
#5050=EDGE_LOOP('',(#1501,#1502,#1503,#1504,#1505,#1506,#1507,#1508));
#5051=EDGE_LOOP('',(#1509,#1510,#1511,#1512,#1513,#1514,#1515,#1516));
#5052=EDGE_LOOP('',(#1517,#1518,#1519,#1520));
#5053=EDGE_LOOP('',(#1521,#1522,#1523,#1524,#1525,#1526,#1527,#1528));
#5054=EDGE_LOOP('',(#1529,#1530,#1531,#1532,#1533,#1534,#1535,#1536));
#5055=EDGE_LOOP('',(#1537,#1538,#1539,#1540));
#5056=EDGE_LOOP('',(#1541,#1542,#1543,#1544));
#5057=EDGE_LOOP('',(#1545,#1546,#1547,#1548));
#5058=EDGE_LOOP('',(#1549,#1550,#1551,#1552));
#5059=EDGE_LOOP('',(#1553,#1554,#1555,#1556));
#5060=EDGE_LOOP('',(#1557,#1558,#1559,#1560));
#5061=EDGE_LOOP('',(#1561,#1562,#1563,#1564));
#5062=EDGE_LOOP('',(#1565,#1566,#1567,#1568,#1569,#1570,#1571,#1572,#1573,
#1574,#1575,#1576,#1577,#1578,#1579,#1580,#1581,#1582,#1583,#1584,#1585,
#1586,#1587,#1588));
#5063=EDGE_LOOP('',(#1589,#1590,#1591,#1592,#1593,#1594,#1595,#1596,#1597,
#1598,#1599,#1600,#1601,#1602,#1603,#1604,#1605,#1606,#1607,#1608,#1609,
#1610,#1611,#1612));
#5064=EDGE_LOOP('',(#1613,#1614,#1615,#1616));
#5065=EDGE_LOOP('',(#1617,#1618,#1619,#1620));
#5066=EDGE_LOOP('',(#1621,#1622,#1623,#1624));
#5067=EDGE_LOOP('',(#1625,#1626,#1627,#1628));
#5068=EDGE_LOOP('',(#1629,#1630,#1631,#1632));
#5069=EDGE_LOOP('',(#1633,#1634,#1635,#1636));
#5070=EDGE_LOOP('',(#1637,#1638,#1639,#1640));
#5071=EDGE_LOOP('',(#1641,#1642,#1643,#1644));
#5072=EDGE_LOOP('',(#1645,#1646,#1647,#1648));
#5073=EDGE_LOOP('',(#1649,#1650,#1651,#1652));
#5074=EDGE_LOOP('',(#1653,#1654,#1655,#1656,#1657,#1658,#1659,#1660));
#5075=EDGE_LOOP('',(#1661,#1662,#1663,#1664));
#5076=EDGE_LOOP('',(#1665,#1666,#1667,#1668));
#5077=EDGE_LOOP('',(#1669,#1670,#1671,#1672));
#5078=EDGE_LOOP('',(#1673,#1674,#1675,#1676));
#5079=EDGE_LOOP('',(#1677,#1678,#1679,#1680));
#5080=EDGE_LOOP('',(#1681,#1682,#1683,#1684));
#5081=EDGE_LOOP('',(#1685,#1686,#1687,#1688));
#5082=EDGE_LOOP('',(#1689,#1690,#1691,#1692));
#5083=EDGE_LOOP('',(#1693,#1694,#1695,#1696));
#5084=EDGE_LOOP('',(#1697,#1698,#1699,#1700));
#5085=EDGE_LOOP('',(#1701,#1702,#1703,#1704));
#5086=EDGE_LOOP('',(#1705,#1706,#1707,#1708,#1709,#1710,#1711,#1712));
#5087=EDGE_LOOP('',(#1713,#1714,#1715,#1716));
#5088=EDGE_LOOP('',(#1717,#1718,#1719,#1720));
#5089=EDGE_LOOP('',(#1721,#1722,#1723,#1724));
#5090=EDGE_LOOP('',(#1725,#1726,#1727,#1728));
#5091=EDGE_LOOP('',(#1729,#1730,#1731,#1732));
#5092=EDGE_LOOP('',(#1733,#1734,#1735,#1736));
#5093=EDGE_LOOP('',(#1737,#1738,#1739,#1740));
#5094=EDGE_LOOP('',(#1741,#1742,#1743,#1744));
#5095=EDGE_LOOP('',(#1745,#1746,#1747,#1748));
#5096=EDGE_LOOP('',(#1749,#1750,#1751,#1752,#1753,#1754,#1755,#1756));
#5097=EDGE_LOOP('',(#1757,#1758,#1759,#1760));
#5098=EDGE_LOOP('',(#1761,#1762,#1763,#1764));
#5099=EDGE_LOOP('',(#1765,#1766,#1767,#1768));
#5100=EDGE_LOOP('',(#1769,#1770,#1771,#1772));
#5101=EDGE_LOOP('',(#1773,#1774,#1775,#1776));
#5102=EDGE_LOOP('',(#1777,#1778,#1779,#1780));
#5103=EDGE_LOOP('',(#1781,#1782,#1783,#1784));
#5104=EDGE_LOOP('',(#1785,#1786,#1787,#1788));
#5105=EDGE_LOOP('',(#1789,#1790,#1791,#1792));
#5106=EDGE_LOOP('',(#1793,#1794,#1795,#1796));
#5107=EDGE_LOOP('',(#1797,#1798,#1799,#1800));
#5108=EDGE_LOOP('',(#1801,#1802,#1803,#1804,#1805,#1806,#1807,#1808));
#5109=EDGE_LOOP('',(#1809,#1810,#1811,#1812));
#5110=EDGE_LOOP('',(#1813,#1814,#1815,#1816));
#5111=EDGE_LOOP('',(#1817,#1818,#1819,#1820));
#5112=EDGE_LOOP('',(#1821,#1822,#1823,#1824));
#5113=EDGE_LOOP('',(#1825,#1826,#1827,#1828));
#5114=EDGE_LOOP('',(#1829,#1830,#1831,#1832));
#5115=EDGE_LOOP('',(#1833,#1834,#1835,#1836));
#5116=EDGE_LOOP('',(#1837,#1838,#1839,#1840));
#5117=FACE_BOUND('',#4811,.T.);
#5118=FACE_BOUND('',#4812,.T.);
#5119=FACE_BOUND('',#4813,.T.);
#5120=FACE_BOUND('',#4814,.T.);
#5121=FACE_BOUND('',#4815,.T.);
#5122=FACE_BOUND('',#4816,.T.);
#5123=FACE_BOUND('',#4817,.T.);
#5124=FACE_BOUND('',#4818,.T.);
#5125=FACE_BOUND('',#4819,.T.);
#5126=FACE_BOUND('',#4820,.T.);
#5127=FACE_BOUND('',#4821,.T.);
#5128=FACE_BOUND('',#4822,.T.);
#5129=FACE_BOUND('',#4823,.T.);
#5130=FACE_BOUND('',#4824,.T.);
#5131=FACE_BOUND('',#4825,.T.);
#5132=FACE_BOUND('',#4826,.T.);
#5133=FACE_BOUND('',#4827,.T.);
#5134=FACE_BOUND('',#4828,.T.);
#5135=FACE_BOUND('',#4829,.T.);
#5136=FACE_BOUND('',#4830,.T.);
#5137=FACE_BOUND('',#4831,.T.);
#5138=FACE_BOUND('',#4832,.T.);
#5139=FACE_BOUND('',#4833,.T.);
#5140=FACE_BOUND('',#4834,.T.);
#5141=FACE_BOUND('',#4835,.T.);
#5142=FACE_BOUND('',#4836,.T.);
#5143=FACE_BOUND('',#4837,.T.);
#5144=FACE_BOUND('',#4838,.T.);
#5145=FACE_BOUND('',#4839,.T.);
#5146=FACE_BOUND('',#4840,.T.);
#5147=FACE_BOUND('',#4841,.T.);
#5148=FACE_BOUND('',#4842,.T.);
#5149=FACE_BOUND('',#4843,.T.);
#5150=FACE_BOUND('',#4844,.T.);
#5151=FACE_BOUND('',#4845,.T.);
#5152=FACE_BOUND('',#4846,.T.);
#5153=FACE_BOUND('',#4847,.T.);
#5154=FACE_BOUND('',#4848,.T.);
#5155=FACE_BOUND('',#4849,.T.);
#5156=FACE_BOUND('',#4850,.T.);
#5157=FACE_BOUND('',#4851,.T.);
#5158=FACE_BOUND('',#4852,.T.);
#5159=FACE_BOUND('',#4853,.T.);
#5160=FACE_BOUND('',#4854,.T.);
#5161=FACE_BOUND('',#4855,.T.);
#5162=FACE_BOUND('',#4856,.T.);
#5163=FACE_BOUND('',#4857,.T.);
#5164=FACE_BOUND('',#4858,.T.);
#5165=FACE_BOUND('',#4859,.T.);
#5166=FACE_BOUND('',#4860,.T.);
#5167=FACE_BOUND('',#4861,.T.);
#5168=FACE_BOUND('',#4862,.T.);
#5169=FACE_BOUND('',#4863,.T.);
#5170=FACE_BOUND('',#4864,.T.);
#5171=FACE_BOUND('',#4865,.T.);
#5172=FACE_BOUND('',#4866,.T.);
#5173=FACE_BOUND('',#4867,.T.);
#5174=FACE_BOUND('',#4868,.T.);
#5175=FACE_BOUND('',#4869,.T.);
#5176=FACE_BOUND('',#4870,.T.);
#5177=FACE_BOUND('',#4871,.T.);
#5178=FACE_BOUND('',#4872,.T.);
#5179=FACE_BOUND('',#4873,.T.);
#5180=FACE_BOUND('',#4874,.T.);
#5181=FACE_BOUND('',#4875,.T.);
#5182=FACE_BOUND('',#4876,.T.);
#5183=FACE_BOUND('',#4877,.T.);
#5184=FACE_BOUND('',#4878,.T.);
#5185=FACE_BOUND('',#4879,.T.);
#5186=FACE_BOUND('',#4880,.T.);
#5187=FACE_BOUND('',#4881,.T.);
#5188=FACE_BOUND('',#4882,.T.);
#5189=FACE_BOUND('',#4883,.T.);
#5190=FACE_BOUND('',#4884,.T.);
#5191=FACE_BOUND('',#4885,.T.);
#5192=FACE_BOUND('',#4886,.T.);
#5193=FACE_BOUND('',#4887,.T.);
#5194=FACE_BOUND('',#4888,.T.);
#5195=FACE_BOUND('',#4889,.T.);
#5196=FACE_BOUND('',#4890,.T.);
#5197=FACE_BOUND('',#4891,.T.);
#5198=FACE_BOUND('',#4892,.T.);
#5199=FACE_BOUND('',#4893,.T.);
#5200=FACE_BOUND('',#4894,.T.);
#5201=FACE_BOUND('',#4895,.T.);
#5202=FACE_BOUND('',#4896,.T.);
#5203=FACE_BOUND('',#4897,.T.);
#5204=FACE_BOUND('',#4898,.T.);
#5205=FACE_BOUND('',#4899,.T.);
#5206=FACE_BOUND('',#4900,.T.);
#5207=FACE_BOUND('',#4901,.T.);
#5208=FACE_BOUND('',#4902,.T.);
#5209=FACE_BOUND('',#4903,.T.);
#5210=FACE_BOUND('',#4904,.T.);
#5211=FACE_BOUND('',#4905,.T.);
#5212=FACE_BOUND('',#4906,.T.);
#5213=FACE_BOUND('',#4907,.T.);
#5214=FACE_BOUND('',#4908,.T.);
#5215=FACE_BOUND('',#4909,.T.);
#5216=FACE_BOUND('',#4910,.T.);
#5217=FACE_BOUND('',#4911,.T.);
#5218=FACE_BOUND('',#4912,.T.);
#5219=FACE_BOUND('',#4913,.T.);
#5220=FACE_BOUND('',#4914,.T.);
#5221=FACE_BOUND('',#4915,.T.);
#5222=FACE_BOUND('',#4916,.T.);
#5223=FACE_BOUND('',#4917,.T.);
#5224=FACE_BOUND('',#4918,.T.);
#5225=FACE_BOUND('',#4919,.T.);
#5226=FACE_BOUND('',#4920,.T.);
#5227=FACE_BOUND('',#4921,.T.);
#5228=FACE_BOUND('',#4922,.T.);
#5229=FACE_BOUND('',#4923,.T.);
#5230=FACE_BOUND('',#4924,.T.);
#5231=FACE_BOUND('',#4925,.T.);
#5232=FACE_BOUND('',#4926,.T.);
#5233=FACE_BOUND('',#4927,.T.);
#5234=FACE_BOUND('',#4928,.T.);
#5235=FACE_BOUND('',#4929,.T.);
#5236=FACE_BOUND('',#4930,.T.);
#5237=FACE_BOUND('',#4931,.T.);
#5238=FACE_BOUND('',#4932,.T.);
#5239=FACE_BOUND('',#4933,.T.);
#5240=FACE_BOUND('',#4934,.T.);
#5241=FACE_BOUND('',#4935,.T.);
#5242=FACE_BOUND('',#4936,.T.);
#5243=FACE_BOUND('',#4937,.T.);
#5244=FACE_BOUND('',#4938,.T.);
#5245=FACE_BOUND('',#4939,.T.);
#5246=FACE_BOUND('',#4940,.T.);
#5247=FACE_BOUND('',#4941,.T.);
#5248=FACE_BOUND('',#4942,.T.);
#5249=FACE_BOUND('',#4943,.T.);
#5250=FACE_BOUND('',#4944,.T.);
#5251=FACE_BOUND('',#4945,.T.);
#5252=FACE_BOUND('',#4946,.T.);
#5253=FACE_BOUND('',#4947,.T.);
#5254=FACE_BOUND('',#4948,.T.);
#5255=FACE_BOUND('',#4949,.T.);
#5256=FACE_BOUND('',#4950,.T.);
#5257=FACE_BOUND('',#4951,.T.);
#5258=FACE_BOUND('',#4952,.T.);
#5259=FACE_BOUND('',#4953,.T.);
#5260=FACE_BOUND('',#4954,.T.);
#5261=FACE_BOUND('',#4955,.T.);
#5262=FACE_BOUND('',#4956,.T.);
#5263=FACE_BOUND('',#4957,.T.);
#5264=FACE_BOUND('',#4958,.T.);
#5265=FACE_BOUND('',#4959,.T.);
#5266=FACE_BOUND('',#4960,.T.);
#5267=FACE_BOUND('',#4961,.T.);
#5268=FACE_BOUND('',#4962,.T.);
#5269=FACE_BOUND('',#4963,.T.);
#5270=FACE_BOUND('',#4964,.T.);
#5271=FACE_BOUND('',#4965,.T.);
#5272=FACE_BOUND('',#4966,.T.);
#5273=FACE_BOUND('',#4967,.T.);
#5274=FACE_BOUND('',#4968,.T.);
#5275=FACE_BOUND('',#4969,.T.);
#5276=FACE_BOUND('',#4970,.T.);
#5277=FACE_BOUND('',#4971,.T.);
#5278=FACE_BOUND('',#4972,.T.);
#5279=FACE_BOUND('',#4973,.T.);
#5280=FACE_BOUND('',#4974,.T.);
#5281=FACE_BOUND('',#4975,.T.);
#5282=FACE_BOUND('',#4976,.T.);
#5283=FACE_BOUND('',#4977,.T.);
#5284=FACE_BOUND('',#4978,.T.);
#5285=FACE_BOUND('',#4979,.T.);
#5286=FACE_BOUND('',#4980,.T.);
#5287=FACE_BOUND('',#4981,.T.);
#5288=FACE_BOUND('',#4982,.T.);
#5289=FACE_BOUND('',#4983,.T.);
#5290=FACE_BOUND('',#4984,.T.);
#5291=FACE_BOUND('',#4985,.T.);
#5292=FACE_BOUND('',#4986,.T.);
#5293=FACE_BOUND('',#4987,.T.);
#5294=FACE_BOUND('',#4988,.T.);
#5295=FACE_BOUND('',#4989,.T.);
#5296=FACE_BOUND('',#4990,.T.);
#5297=FACE_BOUND('',#4991,.T.);
#5298=FACE_BOUND('',#4992,.T.);
#5299=FACE_BOUND('',#4993,.T.);
#5300=FACE_BOUND('',#4994,.T.);
#5301=FACE_BOUND('',#4995,.T.);
#5302=FACE_BOUND('',#4996,.T.);
#5303=FACE_BOUND('',#4997,.T.);
#5304=FACE_BOUND('',#4998,.T.);
#5305=FACE_BOUND('',#4999,.T.);
#5306=FACE_BOUND('',#5000,.T.);
#5307=FACE_BOUND('',#5001,.T.);
#5308=FACE_BOUND('',#5002,.T.);
#5309=FACE_BOUND('',#5003,.T.);
#5310=FACE_BOUND('',#5004,.T.);
#5311=FACE_BOUND('',#5005,.T.);
#5312=FACE_BOUND('',#5006,.T.);
#5313=FACE_BOUND('',#5007,.T.);
#5314=FACE_BOUND('',#5008,.T.);
#5315=FACE_BOUND('',#5009,.T.);
#5316=FACE_BOUND('',#5010,.T.);
#5317=FACE_BOUND('',#5011,.T.);
#5318=FACE_BOUND('',#5012,.T.);
#5319=FACE_BOUND('',#5013,.T.);
#5320=FACE_BOUND('',#5014,.T.);
#5321=FACE_BOUND('',#5015,.T.);
#5322=FACE_BOUND('',#5016,.T.);
#5323=FACE_BOUND('',#5017,.T.);
#5324=FACE_BOUND('',#5018,.T.);
#5325=FACE_BOUND('',#5019,.T.);
#5326=FACE_BOUND('',#5020,.T.);
#5327=FACE_BOUND('',#5021,.T.);
#5328=FACE_BOUND('',#5022,.T.);
#5329=FACE_BOUND('',#5023,.T.);
#5330=FACE_BOUND('',#5024,.T.);
#5331=FACE_BOUND('',#5025,.T.);
#5332=FACE_BOUND('',#5026,.T.);
#5333=FACE_BOUND('',#5027,.T.);
#5334=FACE_BOUND('',#5028,.T.);
#5335=FACE_BOUND('',#5029,.T.);
#5336=FACE_BOUND('',#5030,.T.);
#5337=FACE_BOUND('',#5031,.T.);
#5338=FACE_BOUND('',#5032,.T.);
#5339=FACE_BOUND('',#5033,.T.);
#5340=FACE_BOUND('',#5034,.T.);
#5341=FACE_BOUND('',#5035,.T.);
#5342=FACE_BOUND('',#5036,.T.);
#5343=FACE_BOUND('',#5037,.T.);
#5344=FACE_BOUND('',#5038,.T.);
#5345=FACE_BOUND('',#5039,.T.);
#5346=FACE_BOUND('',#5040,.T.);
#5347=FACE_BOUND('',#5041,.T.);
#5348=FACE_BOUND('',#5042,.T.);
#5349=FACE_BOUND('',#5043,.T.);
#5350=FACE_BOUND('',#5044,.T.);
#5351=FACE_BOUND('',#5045,.T.);
#5352=FACE_BOUND('',#5046,.T.);
#5353=FACE_BOUND('',#5047,.T.);
#5354=FACE_BOUND('',#5048,.T.);
#5355=FACE_BOUND('',#5049,.T.);
#5356=FACE_BOUND('',#5050,.T.);
#5357=FACE_BOUND('',#5051,.T.);
#5358=FACE_BOUND('',#5052,.T.);
#5359=FACE_BOUND('',#5053,.T.);
#5360=FACE_BOUND('',#5054,.T.);
#5361=FACE_BOUND('',#5055,.T.);
#5362=FACE_BOUND('',#5056,.T.);
#5363=FACE_BOUND('',#5057,.T.);
#5364=FACE_BOUND('',#5058,.T.);
#5365=FACE_BOUND('',#5059,.T.);
#5366=FACE_BOUND('',#5060,.T.);
#5367=FACE_BOUND('',#5061,.T.);
#5368=FACE_BOUND('',#5062,.T.);
#5369=FACE_BOUND('',#5063,.T.);
#5370=FACE_BOUND('',#5064,.T.);
#5371=FACE_BOUND('',#5065,.T.);
#5372=FACE_BOUND('',#5066,.T.);
#5373=FACE_BOUND('',#5067,.T.);
#5374=FACE_BOUND('',#5068,.T.);
#5375=FACE_BOUND('',#5069,.T.);
#5376=FACE_BOUND('',#5070,.T.);
#5377=FACE_BOUND('',#5071,.T.);
#5378=FACE_BOUND('',#5072,.T.);
#5379=FACE_BOUND('',#5073,.T.);
#5380=FACE_BOUND('',#5074,.T.);
#5381=FACE_BOUND('',#5075,.T.);
#5382=FACE_BOUND('',#5076,.T.);
#5383=FACE_BOUND('',#5077,.T.);
#5384=FACE_BOUND('',#5078,.T.);
#5385=FACE_BOUND('',#5079,.T.);
#5386=FACE_BOUND('',#5080,.T.);
#5387=FACE_BOUND('',#5081,.T.);
#5388=FACE_BOUND('',#5082,.T.);
#5389=FACE_BOUND('',#5083,.T.);
#5390=FACE_BOUND('',#5084,.T.);
#5391=FACE_BOUND('',#5085,.T.);
#5392=FACE_BOUND('',#5086,.T.);
#5393=FACE_BOUND('',#5087,.T.);
#5394=FACE_BOUND('',#5088,.T.);
#5395=FACE_BOUND('',#5089,.T.);
#5396=FACE_BOUND('',#5090,.T.);
#5397=FACE_BOUND('',#5091,.T.);
#5398=FACE_BOUND('',#5092,.T.);
#5399=FACE_BOUND('',#5093,.T.);
#5400=FACE_BOUND('',#5094,.T.);
#5401=FACE_BOUND('',#5095,.T.);
#5402=FACE_BOUND('',#5096,.T.);
#5403=FACE_BOUND('',#5097,.T.);
#5404=FACE_BOUND('',#5098,.T.);
#5405=FACE_BOUND('',#5099,.T.);
#5406=FACE_BOUND('',#5100,.T.);
#5407=FACE_BOUND('',#5101,.T.);
#5408=FACE_BOUND('',#5102,.T.);
#5409=FACE_BOUND('',#5103,.T.);
#5410=FACE_BOUND('',#5104,.T.);
#5411=FACE_BOUND('',#5105,.T.);
#5412=FACE_BOUND('',#5106,.T.);
#5413=FACE_BOUND('',#5107,.T.);
#5414=FACE_BOUND('',#5108,.T.);
#5415=FACE_BOUND('',#5109,.T.);
#5416=FACE_BOUND('',#5110,.T.);
#5417=FACE_BOUND('',#5111,.T.);
#5418=FACE_BOUND('',#5112,.T.);
#5419=FACE_BOUND('',#5113,.T.);
#5420=FACE_BOUND('',#5114,.T.);
#5421=FACE_BOUND('',#5115,.T.);
#5422=FACE_BOUND('',#5116,.T.);
#5423=PLANE('',#6309);
#5424=PLANE('',#6310);
#5425=PLANE('',#6311);
#5426=PLANE('',#6312);
#5427=PLANE('',#6313);
#5428=PLANE('',#6314);
#5429=PLANE('',#6315);
#5430=PLANE('',#6316);
#5431=PLANE('',#6317);
#5432=PLANE('',#6318);
#5433=PLANE('',#6319);
#5434=PLANE('',#6320);
#5435=PLANE('',#6321);
#5436=PLANE('',#6322);
#5437=PLANE('',#6323);
#5438=PLANE('',#6324);
#5439=PLANE('',#6325);
#5440=PLANE('',#6326);
#5441=PLANE('',#6327);
#5442=PLANE('',#6328);
#5443=PLANE('',#6329);
#5444=PLANE('',#6330);
#5445=PLANE('',#6331);
#5446=PLANE('',#6332);
#5447=PLANE('',#6333);
#5448=PLANE('',#6335);
#5449=PLANE('',#6337);
#5450=PLANE('',#6338);
#5451=PLANE('',#6339);
#5452=PLANE('',#6340);
#5453=PLANE('',#6341);
#5454=PLANE('',#6344);
#5455=PLANE('',#6347);
#5456=PLANE('',#6348);
#5457=PLANE('',#6349);
#5458=PLANE('',#6350);
#5459=PLANE('',#6351);
#5460=PLANE('',#6354);
#5461=PLANE('',#6357);
#5462=PLANE('',#6358);
#5463=PLANE('',#6359);
#5464=PLANE('',#6361);
#5465=PLANE('',#6362);
#5466=PLANE('',#6363);
#5467=PLANE('',#6364);
#5468=PLANE('',#6365);
#5469=PLANE('',#6366);
#5470=PLANE('',#6368);
#5471=PLANE('',#6369);
#5472=PLANE('',#6370);
#5473=PLANE('',#6371);
#5474=PLANE('',#6372);
#5475=PLANE('',#6373);
#5476=PLANE('',#6374);
#5477=PLANE('',#6375);
#5478=PLANE('',#6376);
#5479=PLANE('',#6377);
#5480=PLANE('',#6378);
#5481=PLANE('',#6379);
#5482=PLANE('',#6382);
#5483=PLANE('',#6383);
#5484=PLANE('',#6385);
#5485=PLANE('',#6386);
#5486=PLANE('',#6387);
#5487=PLANE('',#6388);
#5488=PLANE('',#6389);
#5489=PLANE('',#6390);
#5490=PLANE('',#6391);
#5491=PLANE('',#6392);
#5492=PLANE('',#6394);
#5493=PLANE('',#6395);
#5494=PLANE('',#6396);
#5495=PLANE('',#6397);
#5496=PLANE('',#6398);
#5497=PLANE('',#6399);
#5498=PLANE('',#6400);
#5499=PLANE('',#6401);
#5500=PLANE('',#6403);
#5501=PLANE('',#6404);
#5502=PLANE('',#6405);
#5503=PLANE('',#6412);
#5504=PLANE('',#6413);
#5505=PLANE('',#6414);
#5506=PLANE('',#6415);
#5507=PLANE('',#6416);
#5508=PLANE('',#6417);
#5509=PLANE('',#6418);
#5510=PLANE('',#6419);
#5511=PLANE('',#6420);
#5512=PLANE('',#6421);
#5513=PLANE('',#6422);
#5514=PLANE('',#6423);
#5515=PLANE('',#6424);
#5516=PLANE('',#6425);
#5517=PLANE('',#6426);
#5518=PLANE('',#6427);
#5519=PLANE('',#6428);
#5520=PLANE('',#6434);
#5521=PLANE('',#6436);
#5522=PLANE('',#6437);
#5523=PLANE('',#6438);
#5524=PLANE('',#6444);
#5525=PLANE('',#6445);
#5526=PLANE('',#6446);
#5527=PLANE('',#6449);
#5528=PLANE('',#6451);
#5529=PLANE('',#6452);
#5530=PLANE('',#6453);
#5531=PLANE('',#6454);
#5532=PLANE('',#6455);
#5533=PLANE('',#6456);
#5534=PLANE('',#6457);
#5535=PLANE('',#6458);
#5536=PLANE('',#6459);
#5537=PLANE('',#6460);
#5538=PLANE('',#6461);
#5539=PLANE('',#6462);
#5540=PLANE('',#6463);
#5541=PLANE('',#6464);
#5542=PLANE('',#6465);
#5543=PLANE('',#6466);
#5544=PLANE('',#6467);
#5545=PLANE('',#6468);
#5546=PLANE('',#6469);
#5547=PLANE('',#6470);
#5548=PLANE('',#6471);
#5549=PLANE('',#6472);
#5550=PLANE('',#6473);
#5551=PLANE('',#6474);
#5552=PLANE('',#6475);
#5553=PLANE('',#6476);
#5554=PLANE('',#6477);
#5555=PLANE('',#6478);
#5556=PLANE('',#6479);
#5557=PLANE('',#6480);
#5558=PLANE('',#6483);
#5559=PLANE('',#6487);
#5560=PLANE('',#6489);
#5561=PLANE('',#6490);
#5562=PLANE('',#6491);
#5563=PLANE('',#6497);
#5564=PLANE('',#6498);
#5565=PLANE('',#6502);
#5566=PLANE('',#6503);
#5567=PLANE('',#6504);
#5568=PLANE('',#6505);
#5569=PLANE('',#6506);
#5570=PLANE('',#6507);
#5571=PLANE('',#6514);
#5572=PLANE('',#6515);
#5573=PLANE('',#6516);
#5574=PLANE('',#6521);
#5575=PLANE('',#6522);
#5576=PLANE('',#6523);
#5577=PLANE('',#6524);
#5578=PLANE('',#6525);
#5579=PLANE('',#6526);
#5580=PLANE('',#6527);
#5581=PLANE('',#6528);
#5582=PLANE('',#6529);
#5583=PLANE('',#6530);
#5584=PLANE('',#6531);
#5585=PLANE('',#6532);
#5586=PLANE('',#6533);
#5587=PLANE('',#6534);
#5588=PLANE('',#6535);
#5589=PLANE('',#6536);
#5590=PLANE('',#6537);
#5591=PLANE('',#6542);
#5592=PLANE('',#6543);
#5593=PLANE('',#6544);
#5594=PLANE('',#6545);
#5595=PLANE('',#6546);
#5596=PLANE('',#6547);
#5597=PLANE('',#6548);
#5598=PLANE('',#6549);
#5599=PLANE('',#6550);
#5600=PLANE('',#6551);
#5601=PLANE('',#6556);
#5602=PLANE('',#6557);
#5603=PLANE('',#6558);
#5604=PLANE('',#6559);
#5605=PLANE('',#6560);
#5606=PLANE('',#6561);
#5607=PLANE('',#6562);
#5608=PLANE('',#6563);
#5609=PLANE('',#6564);
#5610=PLANE('',#6565);
#5611=PLANE('',#6566);
#5612=PLANE('',#6567);
#5613=PLANE('',#6568);
#5614=PLANE('',#6569);
#5615=PLANE('',#6570);
#5616=PLANE('',#6571);
#5617=PLANE('',#6572);
#5618=PLANE('',#6573);
#5619=PLANE('',#6574);
#5620=PLANE('',#6575);
#5621=PLANE('',#6576);
#5622=PLANE('',#6577);
#5623=PLANE('',#6578);
#5624=PLANE('',#6579);
#5625=PLANE('',#6580);
#5626=PLANE('',#6581);
#5627=PLANE('',#6582);
#5628=PLANE('',#6583);
#5629=PLANE('',#6584);
#5630=PLANE('',#6585);
#5631=PLANE('',#6586);
#5632=PLANE('',#6587);
#5633=PLANE('',#6588);
#5634=PLANE('',#6589);
#5635=PLANE('',#6590);
#5636=PLANE('',#6591);
#5637=PLANE('',#6592);
#5638=PLANE('',#6593);
#5639=PLANE('',#6594);
#5640=PLANE('',#6595);
#5641=PLANE('',#6596);
#5642=PLANE('',#6597);
#5643=PLANE('',#6598);
#5644=PLANE('',#6599);
#5645=PLANE('',#6601);
#5646=PLANE('',#6602);
#5647=PLANE('',#6605);
#5648=PLANE('',#6606);
#5649=PLANE('',#6607);
#5650=PLANE('',#6608);
#5651=PLANE('',#6611);
#5652=PLANE('',#6612);
#5653=PLANE('',#6613);
#5654=PLANE('',#6616);
#5655=PLANE('',#6617);
#5656=PLANE('',#6618);
#5657=PLANE('',#6619);
#5658=PLANE('',#6620);
#5659=PLANE('',#6621);
#5660=PLANE('',#6622);
#5661=PLANE('',#6623);
#5662=PLANE('',#6624);
#5663=PLANE('',#6625);
#5664=PLANE('',#6626);
#5665=PLANE('',#6628);
#5666=PLANE('',#6629);
#5667=PLANE('',#6632);
#5668=PLANE('',#6633);
#5669=PLANE('',#6634);
#5670=PLANE('',#6635);
#5671=PLANE('',#6638);
#5672=PLANE('',#6639);
#5673=PLANE('',#6640);
#5674=PLANE('',#6643);
#5675=PLANE('',#6644);
#5676=PLANE('',#6645);
#5677=PLANE('',#6646);
#5678=PLANE('',#6647);
#5679=PLANE('',#6648);
#5680=PLANE('',#6649);
#5681=PLANE('',#6650);
#5682=PLANE('',#6651);
#5683=PLANE('',#6652);
#5684=PLANE('',#6653);
#5685=ADVANCED_FACE('',(#5117),#5423,.T.);
#5686=ADVANCED_FACE('',(#5118),#5424,.T.);
#5687=ADVANCED_FACE('',(#5119),#5425,.T.);
#5688=ADVANCED_FACE('',(#5120),#5426,.T.);
#5689=ADVANCED_FACE('',(#5121),#5427,.T.);
#5690=ADVANCED_FACE('',(#5122),#5428,.T.);
#5691=ADVANCED_FACE('',(#5123),#5429,.T.);
#5692=ADVANCED_FACE('',(#5124),#5430,.T.);
#5693=ADVANCED_FACE('',(#5125),#5431,.T.);
#5694=ADVANCED_FACE('',(#5126),#5432,.T.);
#5695=ADVANCED_FACE('',(#5127),#5433,.T.);
#5696=ADVANCED_FACE('',(#5128),#5434,.T.);
#5697=ADVANCED_FACE('',(#5129),#5435,.F.);
#5698=ADVANCED_FACE('',(#5130),#5436,.F.);
#5699=ADVANCED_FACE('',(#5131),#5437,.F.);
#5700=ADVANCED_FACE('',(#5132),#5438,.F.);
#5701=ADVANCED_FACE('',(#5133),#5439,.F.);
#5702=ADVANCED_FACE('',(#5134),#5440,.F.);
#5703=ADVANCED_FACE('',(#5135),#5441,.T.);
#5704=ADVANCED_FACE('',(#5136),#5442,.T.);
#5705=ADVANCED_FACE('',(#5137),#5443,.T.);
#5706=ADVANCED_FACE('',(#5138),#5444,.T.);
#5707=ADVANCED_FACE('',(#5139),#5445,.T.);
#5708=ADVANCED_FACE('',(#5140),#5446,.T.);
#5709=ADVANCED_FACE('',(#5141),#5447,.T.);
#5710=ADVANCED_FACE('',(#5142),#5448,.F.);
#5711=ADVANCED_FACE('',(#5143),#5449,.T.);
#5712=ADVANCED_FACE('',(#5144),#5450,.T.);
#5713=ADVANCED_FACE('',(#5145),#5451,.T.);
#5714=ADVANCED_FACE('',(#5146),#5452,.T.);
#5715=ADVANCED_FACE('',(#5147),#5453,.T.);
#5716=ADVANCED_FACE('',(#5148),#5454,.F.);
#5717=ADVANCED_FACE('',(#5149),#5455,.T.);
#5718=ADVANCED_FACE('',(#5150),#5456,.T.);
#5719=ADVANCED_FACE('',(#5151),#5457,.T.);
#5720=ADVANCED_FACE('',(#5152),#5458,.T.);
#5721=ADVANCED_FACE('',(#5153),#5459,.T.);
#5722=ADVANCED_FACE('',(#5154),#5460,.F.);
#5723=ADVANCED_FACE('',(#5155,#5156),#5461,.T.);
#5724=ADVANCED_FACE('',(#5157),#5462,.T.);
#5725=ADVANCED_FACE('',(#5158),#5463,.F.);
#5726=ADVANCED_FACE('',(#5159),#5464,.T.);
#5727=ADVANCED_FACE('',(#5160),#5465,.F.);
#5728=ADVANCED_FACE('',(#5161),#5466,.T.);
#5729=ADVANCED_FACE('',(#5162),#5467,.F.);
#5730=ADVANCED_FACE('',(#5163),#5468,.F.);
#5731=ADVANCED_FACE('',(#5164),#5469,.F.);
#5732=ADVANCED_FACE('',(#5165),#5470,.T.);
#5733=ADVANCED_FACE('',(#5166),#5471,.T.);
#5734=ADVANCED_FACE('',(#5167),#5472,.F.);
#5735=ADVANCED_FACE('',(#5168),#5473,.F.);
#5736=ADVANCED_FACE('',(#5169),#5474,.T.);
#5737=ADVANCED_FACE('',(#5170),#5475,.T.);
#5738=ADVANCED_FACE('',(#5171,#5172,#5173,#5174,#5175,#5176,#5177,#5178,
#5179),#5476,.T.);
#5739=ADVANCED_FACE('',(#5180),#5477,.F.);
#5740=ADVANCED_FACE('',(#5181),#5478,.T.);
#5741=ADVANCED_FACE('',(#5182),#5479,.T.);
#5742=ADVANCED_FACE('',(#5183),#5480,.T.);
#5743=ADVANCED_FACE('',(#5184),#5481,.T.);
#5744=ADVANCED_FACE('',(#5185),#5482,.T.);
#5745=ADVANCED_FACE('',(#5186),#5483,.F.);
#5746=ADVANCED_FACE('',(#5187),#5484,.T.);
#5747=ADVANCED_FACE('',(#5188),#5485,.T.);
#5748=ADVANCED_FACE('',(#5189),#5486,.F.);
#5749=ADVANCED_FACE('',(#5190),#5487,.T.);
#5750=ADVANCED_FACE('',(#5191),#5488,.T.);
#5751=ADVANCED_FACE('',(#5192),#5489,.T.);
#5752=ADVANCED_FACE('',(#5193),#5490,.T.);
#5753=ADVANCED_FACE('',(#5194),#5491,.T.);
#5754=ADVANCED_FACE('',(#5195),#5492,.T.);
#5755=ADVANCED_FACE('',(#5196),#5493,.T.);
#5756=ADVANCED_FACE('',(#5197),#5494,.T.);
#5757=ADVANCED_FACE('',(#5198),#5495,.T.);
#5758=ADVANCED_FACE('',(#5199),#5496,.T.);
#5759=ADVANCED_FACE('',(#5200),#5497,.T.);
#5760=ADVANCED_FACE('',(#5201),#5498,.T.);
#5761=ADVANCED_FACE('',(#5202),#5499,.F.);
#5762=ADVANCED_FACE('',(#5203),#5500,.T.);
#5763=ADVANCED_FACE('',(#5204),#5501,.T.);
#5764=ADVANCED_FACE('',(#5205),#5502,.F.);
#5765=ADVANCED_FACE('',(#5206),#5503,.F.);
#5766=ADVANCED_FACE('',(#5207),#5504,.T.);
#5767=ADVANCED_FACE('',(#5208),#5505,.T.);
#5768=ADVANCED_FACE('',(#5209),#5506,.T.);
#5769=ADVANCED_FACE('',(#5210),#5507,.F.);
#5770=ADVANCED_FACE('',(#5211),#5508,.F.);
#5771=ADVANCED_FACE('',(#5212),#5509,.F.);
#5772=ADVANCED_FACE('',(#5213),#5510,.F.);
#5773=ADVANCED_FACE('',(#5214),#5511,.F.);
#5774=ADVANCED_FACE('',(#5215),#5512,.T.);
#5775=ADVANCED_FACE('',(#5216),#5513,.T.);
#5776=ADVANCED_FACE('',(#5217),#5514,.T.);
#5777=ADVANCED_FACE('',(#5218),#5515,.T.);
#5778=ADVANCED_FACE('',(#5219),#5516,.F.);
#5779=ADVANCED_FACE('',(#5220),#5517,.T.);
#5780=ADVANCED_FACE('',(#5221),#5518,.T.);
#5781=ADVANCED_FACE('',(#5222),#5519,.T.);
#5782=ADVANCED_FACE('',(#5223),#68,.T.);
#5783=ADVANCED_FACE('',(#5224),#69,.T.);
#5784=ADVANCED_FACE('',(#5225),#5520,.T.);
#5785=ADVANCED_FACE('',(#5226),#5521,.F.);
#5786=ADVANCED_FACE('',(#5227),#5522,.F.);
#5787=ADVANCED_FACE('',(#5228),#5523,.F.);
#5788=ADVANCED_FACE('',(#5229),#70,.T.);
#5789=ADVANCED_FACE('',(#5230),#71,.T.);
#5790=ADVANCED_FACE('',(#5231),#54,.T.);
#5791=ADVANCED_FACE('',(#5232),#52,.T.);
#5792=ADVANCED_FACE('',(#5233),#5524,.T.);
#5793=ADVANCED_FACE('',(#5234),#5525,.T.);
#5794=ADVANCED_FACE('',(#5235),#5526,.T.);
#5795=ADVANCED_FACE('',(#5236),#5527,.F.);
#5796=ADVANCED_FACE('',(#5237),#5528,.T.);
#5797=ADVANCED_FACE('',(#5238),#5529,.T.);
#5798=ADVANCED_FACE('',(#5239),#5530,.F.);
#5799=ADVANCED_FACE('',(#5240),#5531,.T.);
#5800=ADVANCED_FACE('',(#5241),#5532,.T.);
#5801=ADVANCED_FACE('',(#5242),#5533,.T.);
#5802=ADVANCED_FACE('',(#5243),#5534,.T.);
#5803=ADVANCED_FACE('',(#5244),#5535,.T.);
#5804=ADVANCED_FACE('',(#5245),#5536,.T.);
#5805=ADVANCED_FACE('',(#5246),#5537,.T.);
#5806=ADVANCED_FACE('',(#5247),#5538,.T.);
#5807=ADVANCED_FACE('',(#5248),#5539,.T.);
#5808=ADVANCED_FACE('',(#5249),#5540,.T.);
#5809=ADVANCED_FACE('',(#5250),#5541,.T.);
#5810=ADVANCED_FACE('',(#5251),#5542,.F.);
#5811=ADVANCED_FACE('',(#5252),#5543,.T.);
#5812=ADVANCED_FACE('',(#5253),#5544,.T.);
#5813=ADVANCED_FACE('',(#5254),#5545,.T.);
#5814=ADVANCED_FACE('',(#5255),#5546,.F.);
#5815=ADVANCED_FACE('',(#5256),#5547,.F.);
#5816=ADVANCED_FACE('',(#5257),#5548,.F.);
#5817=ADVANCED_FACE('',(#5258),#5549,.F.);
#5818=ADVANCED_FACE('',(#5259),#5550,.F.);
#5819=ADVANCED_FACE('',(#5260),#5551,.T.);
#5820=ADVANCED_FACE('',(#5261),#5552,.T.);
#5821=ADVANCED_FACE('',(#5262),#5553,.F.);
#5822=ADVANCED_FACE('',(#5263),#5554,.F.);
#5823=ADVANCED_FACE('',(#5264),#5555,.F.);
#5824=ADVANCED_FACE('',(#5265),#5556,.T.);
#5825=ADVANCED_FACE('',(#5266),#5557,.T.);
#5826=ADVANCED_FACE('',(#5267),#72,.T.);
#5827=ADVANCED_FACE('',(#5268),#5558,.T.);
#5828=ADVANCED_FACE('',(#5269),#73,.T.);
#5829=ADVANCED_FACE('',(#5270),#5559,.T.);
#5830=ADVANCED_FACE('',(#5271),#5560,.F.);
#5831=ADVANCED_FACE('',(#5272),#5561,.F.);
#5832=ADVANCED_FACE('',(#5273),#5562,.F.);
#5833=ADVANCED_FACE('',(#5274),#74,.T.);
#5834=ADVANCED_FACE('',(#5275),#75,.T.);
#5835=ADVANCED_FACE('',(#5276),#55,.T.);
#5836=ADVANCED_FACE('',(#5277),#53,.T.);
#5837=ADVANCED_FACE('',(#5278),#5563,.F.);
#5838=ADVANCED_FACE('',(#5279),#5564,.F.);
#5839=ADVANCED_FACE('',(#5280),#76,.F.);
#5840=ADVANCED_FACE('',(#5281),#5565,.F.);
#5841=ADVANCED_FACE('',(#5282),#5566,.T.);
#5842=ADVANCED_FACE('',(#5283),#5567,.T.);
#5843=ADVANCED_FACE('',(#5284),#5568,.T.);
#5844=ADVANCED_FACE('',(#5285),#5569,.T.);
#5845=ADVANCED_FACE('',(#5286),#5570,.F.);
#5846=ADVANCED_FACE('',(#5287),#5571,.F.);
#5847=ADVANCED_FACE('',(#5288),#5572,.F.);
#5848=ADVANCED_FACE('',(#5289),#5573,.T.);
#5849=ADVANCED_FACE('',(#5290),#77,.T.);
#5850=ADVANCED_FACE('',(#5291),#78,.T.);
#5851=ADVANCED_FACE('',(#5292),#79,.T.);
#5852=ADVANCED_FACE('',(#5293),#80,.T.);
#5853=ADVANCED_FACE('',(#5294),#5574,.F.);
#5854=ADVANCED_FACE('',(#5295),#5575,.F.);
#5855=ADVANCED_FACE('',(#5296),#5576,.F.);
#5856=ADVANCED_FACE('',(#5297),#5577,.F.);
#5857=ADVANCED_FACE('',(#5298,#5299),#5578,.T.);
#5858=ADVANCED_FACE('',(#5300),#5579,.F.);
#5859=ADVANCED_FACE('',(#5301),#5580,.F.);
#5860=ADVANCED_FACE('',(#5302),#5581,.F.);
#5861=ADVANCED_FACE('',(#5303),#5582,.F.);
#5862=ADVANCED_FACE('',(#5304),#5583,.F.);
#5863=ADVANCED_FACE('',(#5305),#5584,.F.);
#5864=ADVANCED_FACE('',(#5306,#5307),#5585,.T.);
#5865=ADVANCED_FACE('',(#5308),#5586,.F.);
#5866=ADVANCED_FACE('',(#5309),#5587,.F.);
#5867=ADVANCED_FACE('',(#5310),#5588,.F.);
#5868=ADVANCED_FACE('',(#5311),#5589,.F.);
#5869=ADVANCED_FACE('',(#5312),#5590,.T.);
#5870=ADVANCED_FACE('',(#5313),#81,.T.);
#5871=ADVANCED_FACE('',(#5314),#82,.T.);
#5872=ADVANCED_FACE('',(#5315),#83,.T.);
#5873=ADVANCED_FACE('',(#5316),#84,.T.);
#5874=ADVANCED_FACE('',(#5317),#5591,.F.);
#5875=ADVANCED_FACE('',(#5318),#5592,.F.);
#5876=ADVANCED_FACE('',(#5319),#5593,.F.);
#5877=ADVANCED_FACE('',(#5320),#5594,.F.);
#5878=ADVANCED_FACE('',(#5321,#5322),#5595,.T.);
#5879=ADVANCED_FACE('',(#5323),#5596,.F.);
#5880=ADVANCED_FACE('',(#5324),#5597,.F.);
#5881=ADVANCED_FACE('',(#5325),#5598,.F.);
#5882=ADVANCED_FACE('',(#5326),#5599,.F.);
#5883=ADVANCED_FACE('',(#5327),#5600,.T.);
#5884=ADVANCED_FACE('',(#5328),#85,.T.);
#5885=ADVANCED_FACE('',(#5329),#86,.T.);
#5886=ADVANCED_FACE('',(#5330),#87,.T.);
#5887=ADVANCED_FACE('',(#5331),#88,.T.);
#5888=ADVANCED_FACE('',(#5332),#5601,.F.);
#5889=ADVANCED_FACE('',(#5333),#5602,.F.);
#5890=ADVANCED_FACE('',(#5334),#5603,.F.);
#5891=ADVANCED_FACE('',(#5335),#5604,.F.);
#5892=ADVANCED_FACE('',(#5336,#5337),#5605,.T.);
#5893=ADVANCED_FACE('',(#5338),#5606,.F.);
#5894=ADVANCED_FACE('',(#5339),#5607,.F.);
#5895=ADVANCED_FACE('',(#5340),#5608,.F.);
#5896=ADVANCED_FACE('',(#5341),#5609,.F.);
#5897=ADVANCED_FACE('',(#5342),#5610,.F.);
#5898=ADVANCED_FACE('',(#5343),#5611,.F.);
#5899=ADVANCED_FACE('',(#5344,#5345),#5612,.T.);
#5900=ADVANCED_FACE('',(#5346),#5613,.F.);
#5901=ADVANCED_FACE('',(#5347),#5614,.F.);
#5902=ADVANCED_FACE('',(#5348),#5615,.F.);
#5903=ADVANCED_FACE('',(#5349),#5616,.F.);
#5904=ADVANCED_FACE('',(#5350),#5617,.F.);
#5905=ADVANCED_FACE('',(#5351),#5618,.F.);
#5906=ADVANCED_FACE('',(#5352,#5353),#5619,.T.);
#5907=ADVANCED_FACE('',(#5354),#5620,.F.);
#5908=ADVANCED_FACE('',(#5355),#5621,.F.);
#5909=ADVANCED_FACE('',(#5356),#5622,.F.);
#5910=ADVANCED_FACE('',(#5357),#5623,.F.);
#5911=ADVANCED_FACE('',(#5358),#5624,.T.);
#5912=ADVANCED_FACE('',(#5359),#5625,.F.);
#5913=ADVANCED_FACE('',(#5360),#5626,.F.);
#5914=ADVANCED_FACE('',(#5361),#5627,.T.);
#5915=ADVANCED_FACE('',(#5362),#5628,.T.);
#5916=ADVANCED_FACE('',(#5363),#5629,.T.);
#5917=ADVANCED_FACE('',(#5364),#5630,.T.);
#5918=ADVANCED_FACE('',(#5365),#5631,.T.);
#5919=ADVANCED_FACE('',(#5366),#5632,.T.);
#5920=ADVANCED_FACE('',(#5367),#5633,.T.);
#5921=ADVANCED_FACE('',(#5368),#5634,.T.);
#5922=ADVANCED_FACE('',(#5369),#5635,.T.);
#5923=ADVANCED_FACE('',(#5370),#5636,.T.);
#5924=ADVANCED_FACE('',(#5371),#5637,.T.);
#5925=ADVANCED_FACE('',(#5372),#5638,.F.);
#5926=ADVANCED_FACE('',(#5373),#5639,.T.);
#5927=ADVANCED_FACE('',(#5374),#5640,.T.);
#5928=ADVANCED_FACE('',(#5375),#5641,.F.);
#5929=ADVANCED_FACE('',(#5376),#5642,.T.);
#5930=ADVANCED_FACE('',(#5377),#5643,.T.);
#5931=ADVANCED_FACE('',(#5378),#5644,.T.);
#5932=ADVANCED_FACE('',(#5379),#5645,.F.);
#5933=ADVANCED_FACE('',(#5380),#5646,.T.);
#5934=ADVANCED_FACE('',(#5381),#5647,.F.);
#5935=ADVANCED_FACE('',(#5382),#5648,.F.);
#5936=ADVANCED_FACE('',(#5383),#5649,.F.);
#5937=ADVANCED_FACE('',(#5384),#5650,.F.);
#5938=ADVANCED_FACE('',(#5385),#89,.T.);
#5939=ADVANCED_FACE('',(#5386),#5651,.F.);
#5940=ADVANCED_FACE('',(#5387),#5652,.F.);
#5941=ADVANCED_FACE('',(#5388),#5653,.F.);
#5942=ADVANCED_FACE('',(#5389),#90,.F.);
#5943=ADVANCED_FACE('',(#5390),#5654,.F.);
#5944=ADVANCED_FACE('',(#5391),#5655,.T.);
#5945=ADVANCED_FACE('',(#5392),#5656,.F.);
#5946=ADVANCED_FACE('',(#5393),#5657,.T.);
#5947=ADVANCED_FACE('',(#5394),#5658,.F.);
#5948=ADVANCED_FACE('',(#5395),#5659,.F.);
#5949=ADVANCED_FACE('',(#5396),#5660,.F.);
#5950=ADVANCED_FACE('',(#5397),#5661,.T.);
#5951=ADVANCED_FACE('',(#5398),#5662,.F.);
#5952=ADVANCED_FACE('',(#5399),#5663,.F.);
#5953=ADVANCED_FACE('',(#5400),#5664,.F.);
#5954=ADVANCED_FACE('',(#5401),#5665,.F.);
#5955=ADVANCED_FACE('',(#5402),#5666,.T.);
#5956=ADVANCED_FACE('',(#5403),#5667,.F.);
#5957=ADVANCED_FACE('',(#5404),#5668,.F.);
#5958=ADVANCED_FACE('',(#5405),#5669,.F.);
#5959=ADVANCED_FACE('',(#5406),#5670,.F.);
#5960=ADVANCED_FACE('',(#5407),#91,.T.);
#5961=ADVANCED_FACE('',(#5408),#5671,.F.);
#5962=ADVANCED_FACE('',(#5409),#5672,.F.);
#5963=ADVANCED_FACE('',(#5410),#5673,.F.);
#5964=ADVANCED_FACE('',(#5411),#92,.F.);
#5965=ADVANCED_FACE('',(#5412),#5674,.F.);
#5966=ADVANCED_FACE('',(#5413),#5675,.T.);
#5967=ADVANCED_FACE('',(#5414),#5676,.F.);
#5968=ADVANCED_FACE('',(#5415),#5677,.T.);
#5969=ADVANCED_FACE('',(#5416),#5678,.F.);
#5970=ADVANCED_FACE('',(#5417),#5679,.F.);
#5971=ADVANCED_FACE('',(#5418),#5680,.F.);
#5972=ADVANCED_FACE('',(#5419),#5681,.T.);
#5973=ADVANCED_FACE('',(#5420),#5682,.F.);
#5974=ADVANCED_FACE('',(#5421),#5683,.F.);
#5975=ADVANCED_FACE('',(#5422),#5684,.F.);
#5976=CLOSED_SHELL('',(#5685,#5686,#5687,#5688,#5689,#5690,#5691,#5692,
#5693,#5694,#5695,#5696,#5697,#5698,#5699,#5700,#5701,#5702,#5703,#5704,
#5705,#5706,#5707,#5708,#5709,#5710,#5711,#5712,#5713,#5714,#5715,#5716,
#5717,#5718,#5719,#5720,#5721,#5722,#5723,#5724,#5725,#5726,#5727,#5728,
#5729,#5730,#5731,#5732,#5733,#5734,#5735,#5736,#5737,#5738,#5739,#5740,
#5741,#5742,#5743,#5744,#5745,#5746,#5747,#5748,#5749,#5750,#5751,#5752,
#5753,#5754,#5755,#5756,#5757,#5758,#5759,#5760,#5761,#5762,#5763,#5764,
#5765,#5766,#5767,#5768,#5769,#5770,#5771,#5772,#5773,#5774,#5775,#5776,
#5777,#5778,#5779,#5780,#5781,#5782,#5783,#5784,#5785,#5786,#5787,#5788,
#5789,#5790,#5791,#5792,#5793,#5794,#5795,#5796,#5797,#5798,#5799,#5800,
#5801,#5802,#5803,#5804,#5805,#5806,#5807,#5808,#5809,#5810,#5811,#5812,
#5813,#5814,#5815,#5816,#5817,#5818,#5819,#5820,#5821,#5822,#5823,#5824,
#5825,#5826,#5827,#5828,#5829,#5830,#5831,#5832,#5833,#5834,#5835,#5836,
#5837,#5838,#5839,#5840,#5841,#5842,#5843,#5844,#5845,#5846,#5847,#5848,
#5849,#5850,#5851,#5852,#5853,#5854,#5855,#5856,#5857,#5858,#5859,#5860,
#5861,#5862,#5863,#5864,#5865,#5866,#5867,#5868,#5869,#5870,#5871,#5872,
#5873,#5874,#5875,#5876,#5877,#5878,#5879,#5880,#5881,#5882,#5883,#5884,
#5885,#5886,#5887,#5888,#5889,#5890,#5891,#5892,#5893,#5894,#5895,#5896,
#5897,#5898,#5899,#5900,#5901,#5902,#5903,#5904,#5905,#5906,#5907,#5908,
#5909,#5910,#5911,#5912,#5913,#5914,#5915,#5916,#5917,#5918,#5919,#5920,
#5921,#5922,#5923,#5924,#5925,#5926,#5927,#5928,#5929,#5930,#5931));
#5977=CLOSED_SHELL('',(#5932,#5933,#5934,#5935,#5936,#5937,#5938,#5939,
#5940,#5941,#5942,#5943,#5944,#5945,#5946,#5947,#5948,#5949,#5950,#5951,
#5952,#5953));
#5978=CLOSED_SHELL('',(#5954,#5955,#5956,#5957,#5958,#5959,#5960,#5961,
#5962,#5963,#5964,#5965,#5966,#5967,#5968,#5969,#5970,#5971,#5972,#5973,
#5974,#5975));
#5979=STYLED_ITEM('',(#6024),#6297);
#5980=STYLED_ITEM('',(#6025),#5932);
#5981=STYLED_ITEM('',(#6026),#5933);
#5982=STYLED_ITEM('',(#6027),#5934);
#5983=STYLED_ITEM('',(#6028),#5935);
#5984=STYLED_ITEM('',(#6029),#5936);
#5985=STYLED_ITEM('',(#6030),#5937);
#5986=STYLED_ITEM('',(#6031),#5938);
#5987=STYLED_ITEM('',(#6032),#5939);
#5988=STYLED_ITEM('',(#6033),#5940);
#5989=STYLED_ITEM('',(#6034),#5941);
#5990=STYLED_ITEM('',(#6035),#5942);
#5991=STYLED_ITEM('',(#6036),#5943);
#5992=STYLED_ITEM('',(#6037),#5944);
#5993=STYLED_ITEM('',(#6038),#5945);
#5994=STYLED_ITEM('',(#6039),#5946);
#5995=STYLED_ITEM('',(#6040),#5947);
#5996=STYLED_ITEM('',(#6041),#5948);
#5997=STYLED_ITEM('',(#6042),#5949);
#5998=STYLED_ITEM('',(#6043),#5950);
#5999=STYLED_ITEM('',(#6044),#5951);
#6000=STYLED_ITEM('',(#6045),#5952);
#6001=STYLED_ITEM('',(#6046),#5953);
#6002=STYLED_ITEM('',(#6047),#5954);
#6003=STYLED_ITEM('',(#6048),#5955);
#6004=STYLED_ITEM('',(#6049),#5956);
#6005=STYLED_ITEM('',(#6050),#5957);
#6006=STYLED_ITEM('',(#6051),#5958);
#6007=STYLED_ITEM('',(#6052),#5959);
#6008=STYLED_ITEM('',(#6053),#5960);
#6009=STYLED_ITEM('',(#6054),#5961);
#6010=STYLED_ITEM('',(#6055),#5962);
#6011=STYLED_ITEM('',(#6056),#5963);
#6012=STYLED_ITEM('',(#6057),#5964);
#6013=STYLED_ITEM('',(#6058),#5965);
#6014=STYLED_ITEM('',(#6059),#5966);
#6015=STYLED_ITEM('',(#6060),#5967);
#6016=STYLED_ITEM('',(#6061),#5968);
#6017=STYLED_ITEM('',(#6062),#5969);
#6018=STYLED_ITEM('',(#6063),#5970);
#6019=STYLED_ITEM('',(#6064),#5971);
#6020=STYLED_ITEM('',(#6065),#5972);
#6021=STYLED_ITEM('',(#6066),#5973);
#6022=STYLED_ITEM('',(#6067),#5974);
#6023=STYLED_ITEM('',(#6068),#5975);
#6024=PRESENTATION_STYLE_ASSIGNMENT((#6069));
#6025=PRESENTATION_STYLE_ASSIGNMENT((#6070));
#6026=PRESENTATION_STYLE_ASSIGNMENT((#6071));
#6027=PRESENTATION_STYLE_ASSIGNMENT((#6072));
#6028=PRESENTATION_STYLE_ASSIGNMENT((#6073));
#6029=PRESENTATION_STYLE_ASSIGNMENT((#6074));
#6030=PRESENTATION_STYLE_ASSIGNMENT((#6075));
#6031=PRESENTATION_STYLE_ASSIGNMENT((#6076));
#6032=PRESENTATION_STYLE_ASSIGNMENT((#6077));
#6033=PRESENTATION_STYLE_ASSIGNMENT((#6078));
#6034=PRESENTATION_STYLE_ASSIGNMENT((#6079));
#6035=PRESENTATION_STYLE_ASSIGNMENT((#6080));
#6036=PRESENTATION_STYLE_ASSIGNMENT((#6081));
#6037=PRESENTATION_STYLE_ASSIGNMENT((#6082));
#6038=PRESENTATION_STYLE_ASSIGNMENT((#6083));
#6039=PRESENTATION_STYLE_ASSIGNMENT((#6084));
#6040=PRESENTATION_STYLE_ASSIGNMENT((#6085));
#6041=PRESENTATION_STYLE_ASSIGNMENT((#6086));
#6042=PRESENTATION_STYLE_ASSIGNMENT((#6087));
#6043=PRESENTATION_STYLE_ASSIGNMENT((#6088));
#6044=PRESENTATION_STYLE_ASSIGNMENT((#6089));
#6045=PRESENTATION_STYLE_ASSIGNMENT((#6090));
#6046=PRESENTATION_STYLE_ASSIGNMENT((#6091));
#6047=PRESENTATION_STYLE_ASSIGNMENT((#6092));
#6048=PRESENTATION_STYLE_ASSIGNMENT((#6093));
#6049=PRESENTATION_STYLE_ASSIGNMENT((#6094));
#6050=PRESENTATION_STYLE_ASSIGNMENT((#6095));
#6051=PRESENTATION_STYLE_ASSIGNMENT((#6096));
#6052=PRESENTATION_STYLE_ASSIGNMENT((#6097));
#6053=PRESENTATION_STYLE_ASSIGNMENT((#6098));
#6054=PRESENTATION_STYLE_ASSIGNMENT((#6099));
#6055=PRESENTATION_STYLE_ASSIGNMENT((#6100));
#6056=PRESENTATION_STYLE_ASSIGNMENT((#6101));
#6057=PRESENTATION_STYLE_ASSIGNMENT((#6102));
#6058=PRESENTATION_STYLE_ASSIGNMENT((#6103));
#6059=PRESENTATION_STYLE_ASSIGNMENT((#6104));
#6060=PRESENTATION_STYLE_ASSIGNMENT((#6105));
#6061=PRESENTATION_STYLE_ASSIGNMENT((#6106));
#6062=PRESENTATION_STYLE_ASSIGNMENT((#6107));
#6063=PRESENTATION_STYLE_ASSIGNMENT((#6108));
#6064=PRESENTATION_STYLE_ASSIGNMENT((#6109));
#6065=PRESENTATION_STYLE_ASSIGNMENT((#6110));
#6066=PRESENTATION_STYLE_ASSIGNMENT((#6111));
#6067=PRESENTATION_STYLE_ASSIGNMENT((#6112));
#6068=PRESENTATION_STYLE_ASSIGNMENT((#6113));
#6069=SURFACE_STYLE_USAGE(.BOTH.,#6114);
#6070=SURFACE_STYLE_USAGE(.BOTH.,#6115);
#6071=SURFACE_STYLE_USAGE(.BOTH.,#6116);
#6072=SURFACE_STYLE_USAGE(.BOTH.,#6117);
#6073=SURFACE_STYLE_USAGE(.BOTH.,#6118);
#6074=SURFACE_STYLE_USAGE(.BOTH.,#6119);
#6075=SURFACE_STYLE_USAGE(.BOTH.,#6120);
#6076=SURFACE_STYLE_USAGE(.BOTH.,#6121);
#6077=SURFACE_STYLE_USAGE(.BOTH.,#6122);
#6078=SURFACE_STYLE_USAGE(.BOTH.,#6123);
#6079=SURFACE_STYLE_USAGE(.BOTH.,#6124);
#6080=SURFACE_STYLE_USAGE(.BOTH.,#6125);
#6081=SURFACE_STYLE_USAGE(.BOTH.,#6126);
#6082=SURFACE_STYLE_USAGE(.BOTH.,#6127);
#6083=SURFACE_STYLE_USAGE(.BOTH.,#6128);
#6084=SURFACE_STYLE_USAGE(.BOTH.,#6129);
#6085=SURFACE_STYLE_USAGE(.BOTH.,#6130);
#6086=SURFACE_STYLE_USAGE(.BOTH.,#6131);
#6087=SURFACE_STYLE_USAGE(.BOTH.,#6132);
#6088=SURFACE_STYLE_USAGE(.BOTH.,#6133);
#6089=SURFACE_STYLE_USAGE(.BOTH.,#6134);
#6090=SURFACE_STYLE_USAGE(.BOTH.,#6135);
#6091=SURFACE_STYLE_USAGE(.BOTH.,#6136);
#6092=SURFACE_STYLE_USAGE(.BOTH.,#6137);
#6093=SURFACE_STYLE_USAGE(.BOTH.,#6138);
#6094=SURFACE_STYLE_USAGE(.BOTH.,#6139);
#6095=SURFACE_STYLE_USAGE(.BOTH.,#6140);
#6096=SURFACE_STYLE_USAGE(.BOTH.,#6141);
#6097=SURFACE_STYLE_USAGE(.BOTH.,#6142);
#6098=SURFACE_STYLE_USAGE(.BOTH.,#6143);
#6099=SURFACE_STYLE_USAGE(.BOTH.,#6144);
#6100=SURFACE_STYLE_USAGE(.BOTH.,#6145);
#6101=SURFACE_STYLE_USAGE(.BOTH.,#6146);
#6102=SURFACE_STYLE_USAGE(.BOTH.,#6147);
#6103=SURFACE_STYLE_USAGE(.BOTH.,#6148);
#6104=SURFACE_STYLE_USAGE(.BOTH.,#6149);
#6105=SURFACE_STYLE_USAGE(.BOTH.,#6150);
#6106=SURFACE_STYLE_USAGE(.BOTH.,#6151);
#6107=SURFACE_STYLE_USAGE(.BOTH.,#6152);
#6108=SURFACE_STYLE_USAGE(.BOTH.,#6153);
#6109=SURFACE_STYLE_USAGE(.BOTH.,#6154);
#6110=SURFACE_STYLE_USAGE(.BOTH.,#6155);
#6111=SURFACE_STYLE_USAGE(.BOTH.,#6156);
#6112=SURFACE_STYLE_USAGE(.BOTH.,#6157);
#6113=SURFACE_STYLE_USAGE(.BOTH.,#6158);
#6114=SURFACE_SIDE_STYLE('',(#6159));
#6115=SURFACE_SIDE_STYLE('',(#6160));
#6116=SURFACE_SIDE_STYLE('',(#6161));
#6117=SURFACE_SIDE_STYLE('',(#6162));
#6118=SURFACE_SIDE_STYLE('',(#6163));
#6119=SURFACE_SIDE_STYLE('',(#6164));
#6120=SURFACE_SIDE_STYLE('',(#6165));
#6121=SURFACE_SIDE_STYLE('',(#6166));
#6122=SURFACE_SIDE_STYLE('',(#6167));
#6123=SURFACE_SIDE_STYLE('',(#6168));
#6124=SURFACE_SIDE_STYLE('',(#6169));
#6125=SURFACE_SIDE_STYLE('',(#6170));
#6126=SURFACE_SIDE_STYLE('',(#6171));
#6127=SURFACE_SIDE_STYLE('',(#6172));
#6128=SURFACE_SIDE_STYLE('',(#6173));
#6129=SURFACE_SIDE_STYLE('',(#6174));
#6130=SURFACE_SIDE_STYLE('',(#6175));
#6131=SURFACE_SIDE_STYLE('',(#6176));
#6132=SURFACE_SIDE_STYLE('',(#6177));
#6133=SURFACE_SIDE_STYLE('',(#6178));
#6134=SURFACE_SIDE_STYLE('',(#6179));
#6135=SURFACE_SIDE_STYLE('',(#6180));
#6136=SURFACE_SIDE_STYLE('',(#6181));
#6137=SURFACE_SIDE_STYLE('',(#6182));
#6138=SURFACE_SIDE_STYLE('',(#6183));
#6139=SURFACE_SIDE_STYLE('',(#6184));
#6140=SURFACE_SIDE_STYLE('',(#6185));
#6141=SURFACE_SIDE_STYLE('',(#6186));
#6142=SURFACE_SIDE_STYLE('',(#6187));
#6143=SURFACE_SIDE_STYLE('',(#6188));
#6144=SURFACE_SIDE_STYLE('',(#6189));
#6145=SURFACE_SIDE_STYLE('',(#6190));
#6146=SURFACE_SIDE_STYLE('',(#6191));
#6147=SURFACE_SIDE_STYLE('',(#6192));
#6148=SURFACE_SIDE_STYLE('',(#6193));
#6149=SURFACE_SIDE_STYLE('',(#6194));
#6150=SURFACE_SIDE_STYLE('',(#6195));
#6151=SURFACE_SIDE_STYLE('',(#6196));
#6152=SURFACE_SIDE_STYLE('',(#6197));
#6153=SURFACE_SIDE_STYLE('',(#6198));
#6154=SURFACE_SIDE_STYLE('',(#6199));
#6155=SURFACE_SIDE_STYLE('',(#6200));
#6156=SURFACE_SIDE_STYLE('',(#6201));
#6157=SURFACE_SIDE_STYLE('',(#6202));
#6158=SURFACE_SIDE_STYLE('',(#6203));
#6159=SURFACE_STYLE_FILL_AREA(#6204);
#6160=SURFACE_STYLE_FILL_AREA(#6205);
#6161=SURFACE_STYLE_FILL_AREA(#6206);
#6162=SURFACE_STYLE_FILL_AREA(#6207);
#6163=SURFACE_STYLE_FILL_AREA(#6208);
#6164=SURFACE_STYLE_FILL_AREA(#6209);
#6165=SURFACE_STYLE_FILL_AREA(#6210);
#6166=SURFACE_STYLE_FILL_AREA(#6211);
#6167=SURFACE_STYLE_FILL_AREA(#6212);
#6168=SURFACE_STYLE_FILL_AREA(#6213);
#6169=SURFACE_STYLE_FILL_AREA(#6214);
#6170=SURFACE_STYLE_FILL_AREA(#6215);
#6171=SURFACE_STYLE_FILL_AREA(#6216);
#6172=SURFACE_STYLE_FILL_AREA(#6217);
#6173=SURFACE_STYLE_FILL_AREA(#6218);
#6174=SURFACE_STYLE_FILL_AREA(#6219);
#6175=SURFACE_STYLE_FILL_AREA(#6220);
#6176=SURFACE_STYLE_FILL_AREA(#6221);
#6177=SURFACE_STYLE_FILL_AREA(#6222);
#6178=SURFACE_STYLE_FILL_AREA(#6223);
#6179=SURFACE_STYLE_FILL_AREA(#6224);
#6180=SURFACE_STYLE_FILL_AREA(#6225);
#6181=SURFACE_STYLE_FILL_AREA(#6226);
#6182=SURFACE_STYLE_FILL_AREA(#6227);
#6183=SURFACE_STYLE_FILL_AREA(#6228);
#6184=SURFACE_STYLE_FILL_AREA(#6229);
#6185=SURFACE_STYLE_FILL_AREA(#6230);
#6186=SURFACE_STYLE_FILL_AREA(#6231);
#6187=SURFACE_STYLE_FILL_AREA(#6232);
#6188=SURFACE_STYLE_FILL_AREA(#6233);
#6189=SURFACE_STYLE_FILL_AREA(#6234);
#6190=SURFACE_STYLE_FILL_AREA(#6235);
#6191=SURFACE_STYLE_FILL_AREA(#6236);
#6192=SURFACE_STYLE_FILL_AREA(#6237);
#6193=SURFACE_STYLE_FILL_AREA(#6238);
#6194=SURFACE_STYLE_FILL_AREA(#6239);
#6195=SURFACE_STYLE_FILL_AREA(#6240);
#6196=SURFACE_STYLE_FILL_AREA(#6241);
#6197=SURFACE_STYLE_FILL_AREA(#6242);
#6198=SURFACE_STYLE_FILL_AREA(#6243);
#6199=SURFACE_STYLE_FILL_AREA(#6244);
#6200=SURFACE_STYLE_FILL_AREA(#6245);
#6201=SURFACE_STYLE_FILL_AREA(#6246);
#6202=SURFACE_STYLE_FILL_AREA(#6247);
#6203=SURFACE_STYLE_FILL_AREA(#6248);
#6204=FILL_AREA_STYLE('',(#6249));
#6205=FILL_AREA_STYLE('',(#6250));
#6206=FILL_AREA_STYLE('',(#6251));
#6207=FILL_AREA_STYLE('',(#6252));
#6208=FILL_AREA_STYLE('',(#6253));
#6209=FILL_AREA_STYLE('',(#6254));
#6210=FILL_AREA_STYLE('',(#6255));
#6211=FILL_AREA_STYLE('',(#6256));
#6212=FILL_AREA_STYLE('',(#6257));
#6213=FILL_AREA_STYLE('',(#6258));
#6214=FILL_AREA_STYLE('',(#6259));
#6215=FILL_AREA_STYLE('',(#6260));
#6216=FILL_AREA_STYLE('',(#6261));
#6217=FILL_AREA_STYLE('',(#6262));
#6218=FILL_AREA_STYLE('',(#6263));
#6219=FILL_AREA_STYLE('',(#6264));
#6220=FILL_AREA_STYLE('',(#6265));
#6221=FILL_AREA_STYLE('',(#6266));
#6222=FILL_AREA_STYLE('',(#6267));
#6223=FILL_AREA_STYLE('',(#6268));
#6224=FILL_AREA_STYLE('',(#6269));
#6225=FILL_AREA_STYLE('',(#6270));
#6226=FILL_AREA_STYLE('',(#6271));
#6227=FILL_AREA_STYLE('',(#6272));
#6228=FILL_AREA_STYLE('',(#6273));
#6229=FILL_AREA_STYLE('',(#6274));
#6230=FILL_AREA_STYLE('',(#6275));
#6231=FILL_AREA_STYLE('',(#6276));
#6232=FILL_AREA_STYLE('',(#6277));
#6233=FILL_AREA_STYLE('',(#6278));
#6234=FILL_AREA_STYLE('',(#6279));
#6235=FILL_AREA_STYLE('',(#6280));
#6236=FILL_AREA_STYLE('',(#6281));
#6237=FILL_AREA_STYLE('',(#6282));
#6238=FILL_AREA_STYLE('',(#6283));
#6239=FILL_AREA_STYLE('',(#6284));
#6240=FILL_AREA_STYLE('',(#6285));
#6241=FILL_AREA_STYLE('',(#6286));
#6242=FILL_AREA_STYLE('',(#6287));
#6243=FILL_AREA_STYLE('',(#6288));
#6244=FILL_AREA_STYLE('',(#6289));
#6245=FILL_AREA_STYLE('',(#6290));
#6246=FILL_AREA_STYLE('',(#6291));
#6247=FILL_AREA_STYLE('',(#6292));
#6248=FILL_AREA_STYLE('',(#6293));
#6249=FILL_AREA_STYLE_COLOUR('',#6294);
#6250=FILL_AREA_STYLE_COLOUR('',#6295);
#6251=FILL_AREA_STYLE_COLOUR('',#6296);
#6252=FILL_AREA_STYLE_COLOUR('',#6295);
#6253=FILL_AREA_STYLE_COLOUR('',#6295);
#6254=FILL_AREA_STYLE_COLOUR('',#6295);
#6255=FILL_AREA_STYLE_COLOUR('',#6296);
#6256=FILL_AREA_STYLE_COLOUR('',#6296);
#6257=FILL_AREA_STYLE_COLOUR('',#6296);
#6258=FILL_AREA_STYLE_COLOUR('',#6296);
#6259=FILL_AREA_STYLE_COLOUR('',#6296);
#6260=FILL_AREA_STYLE_COLOUR('',#6296);
#6261=FILL_AREA_STYLE_COLOUR('',#6296);
#6262=FILL_AREA_STYLE_COLOUR('',#6295);
#6263=FILL_AREA_STYLE_COLOUR('',#6296);
#6264=FILL_AREA_STYLE_COLOUR('',#6295);
#6265=FILL_AREA_STYLE_COLOUR('',#6295);
#6266=FILL_AREA_STYLE_COLOUR('',#6295);
#6267=FILL_AREA_STYLE_COLOUR('',#6295);
#6268=FILL_AREA_STYLE_COLOUR('',#6296);
#6269=FILL_AREA_STYLE_COLOUR('',#6296);
#6270=FILL_AREA_STYLE_COLOUR('',#6296);
#6271=FILL_AREA_STYLE_COLOUR('',#6296);
#6272=FILL_AREA_STYLE_COLOUR('',#6295);
#6273=FILL_AREA_STYLE_COLOUR('',#6296);
#6274=FILL_AREA_STYLE_COLOUR('',#6295);
#6275=FILL_AREA_STYLE_COLOUR('',#6295);
#6276=FILL_AREA_STYLE_COLOUR('',#6295);
#6277=FILL_AREA_STYLE_COLOUR('',#6296);
#6278=FILL_AREA_STYLE_COLOUR('',#6296);
#6279=FILL_AREA_STYLE_COLOUR('',#6296);
#6280=FILL_AREA_STYLE_COLOUR('',#6296);
#6281=FILL_AREA_STYLE_COLOUR('',#6296);
#6282=FILL_AREA_STYLE_COLOUR('',#6296);
#6283=FILL_AREA_STYLE_COLOUR('',#6296);
#6284=FILL_AREA_STYLE_COLOUR('',#6295);
#6285=FILL_AREA_STYLE_COLOUR('',#6296);
#6286=FILL_AREA_STYLE_COLOUR('',#6295);
#6287=FILL_AREA_STYLE_COLOUR('',#6295);
#6288=FILL_AREA_STYLE_COLOUR('',#6295);
#6289=FILL_AREA_STYLE_COLOUR('',#6295);
#6290=FILL_AREA_STYLE_COLOUR('',#6296);
#6291=FILL_AREA_STYLE_COLOUR('',#6296);
#6292=FILL_AREA_STYLE_COLOUR('',#6296);
#6293=FILL_AREA_STYLE_COLOUR('',#6296);
#6294=COLOUR_RGB('',0.200000002980232,0.200000002980232,0.200000002980232);
#6295=COLOUR_RGB('',0.87058824300766,0.633254885673523,0.172549024224281);
#6296=COLOUR_RGB('',0.645180702209473,0.678915679454803,0.699999988079071);
#6297=MANIFOLD_SOLID_BREP('',#5976);
#6298=MANIFOLD_SOLID_BREP('',#5977);
#6299=MANIFOLD_SOLID_BREP('',#5978);
#6300=SHAPE_DEFINITION_REPRESENTATION(#9895,#6304);
#6301=SHAPE_DEFINITION_REPRESENTATION(#9894,#6305);
#6302=SHAPE_DEFINITION_REPRESENTATION(#9897,#6306);
#6303=SHAPE_DEFINITION_REPRESENTATION(#9899,#6307);
#6304=SHAPE_REPRESENTATION('66200621022',(#6308),#9884);
#6305=SHAPE_REPRESENTATION('6620xx21024',(#6308,#6600,#6627,#6654,#6655,
#6656,#6657,#6658),#9883);
#6306=SHAPE_REPRESENTATION('6620xx21024_PIN_COURTE',(#6308),#9885);
#6307=SHAPE_REPRESENTATION('6620xx21024_PIN_LONGUE',(#6308),#9886);
#6308=AXIS2_PLACEMENT_3D('',#8145,#6659,#6660);
#6309=AXIS2_PLACEMENT_3D('',#8146,#6661,#6662);
#6310=AXIS2_PLACEMENT_3D('',#8155,#6667,#6668);
#6311=AXIS2_PLACEMENT_3D('',#8164,#6673,#6674);
#6312=AXIS2_PLACEMENT_3D('',#8173,#6679,#6680);
#6313=AXIS2_PLACEMENT_3D('',#8182,#6685,#6686);
#6314=AXIS2_PLACEMENT_3D('',#8191,#6691,#6692);
#6315=AXIS2_PLACEMENT_3D('',#8200,#6697,#6698);
#6316=AXIS2_PLACEMENT_3D('',#8209,#6703,#6704);
#6317=AXIS2_PLACEMENT_3D('',#8218,#6709,#6710);
#6318=AXIS2_PLACEMENT_3D('',#8231,#6717,#6718);
#6319=AXIS2_PLACEMENT_3D('',#8240,#6723,#6724);
#6320=AXIS2_PLACEMENT_3D('',#8249,#6729,#6730);
#6321=AXIS2_PLACEMENT_3D('',#8262,#6737,#6738);
#6322=AXIS2_PLACEMENT_3D('',#8277,#6747,#6748);
#6323=AXIS2_PLACEMENT_3D('',#8292,#6757,#6758);
#6324=AXIS2_PLACEMENT_3D('',#8307,#6767,#6768);
#6325=AXIS2_PLACEMENT_3D('',#8322,#6777,#6778);
#6326=AXIS2_PLACEMENT_3D('',#8337,#6787,#6788);
#6327=AXIS2_PLACEMENT_3D('',#8352,#6797,#6798);
#6328=AXIS2_PLACEMENT_3D('',#8361,#6803,#6804);
#6329=AXIS2_PLACEMENT_3D('',#8370,#6809,#6810);
#6330=AXIS2_PLACEMENT_3D('',#8373,#6813,#6814);
#6331=AXIS2_PLACEMENT_3D('',#8390,#6823,#6824);
#6332=AXIS2_PLACEMENT_3D('',#8403,#6831,#6832);
#6333=AXIS2_PLACEMENT_3D('',#8420,#6841,#6842);
#6334=AXIS2_PLACEMENT_3D('',#8421,#6843,#6844);
#6335=AXIS2_PLACEMENT_3D('',#8429,#6849,#6850);
#6336=AXIS2_PLACEMENT_3D('',#8432,#6852,#6853);
#6337=AXIS2_PLACEMENT_3D('',#8446,#6861,#6862);
#6338=AXIS2_PLACEMENT_3D('',#8449,#6865,#6866);
#6339=AXIS2_PLACEMENT_3D('',#8458,#6871,#6872);
#6340=AXIS2_PLACEMENT_3D('',#8467,#6877,#6878);
#6341=AXIS2_PLACEMENT_3D('',#8476,#6883,#6884);
#6342=AXIS2_PLACEMENT_3D('',#8477,#6885,#6886);
#6343=AXIS2_PLACEMENT_3D('',#8478,#6887,#6888);
#6344=AXIS2_PLACEMENT_3D('',#8484,#6892,#6893);
#6345=AXIS2_PLACEMENT_3D('',#8485,#6894,#6895);
#6346=AXIS2_PLACEMENT_3D('',#8495,#6901,#6902);
#6347=AXIS2_PLACEMENT_3D('',#8496,#6903,#6904);
#6348=AXIS2_PLACEMENT_3D('',#8499,#6907,#6908);
#6349=AXIS2_PLACEMENT_3D('',#8508,#6913,#6914);
#6350=AXIS2_PLACEMENT_3D('',#8517,#6919,#6920);
#6351=AXIS2_PLACEMENT_3D('',#8526,#6925,#6926);
#6352=AXIS2_PLACEMENT_3D('',#8527,#6927,#6928);
#6353=AXIS2_PLACEMENT_3D('',#8528,#6929,#6930);
#6354=AXIS2_PLACEMENT_3D('',#8534,#6934,#6935);
#6355=AXIS2_PLACEMENT_3D('',#8535,#6936,#6937);
#6356=AXIS2_PLACEMENT_3D('',#8545,#6943,#6944);
#6357=AXIS2_PLACEMENT_3D('',#8546,#6945,#6946);
#6358=AXIS2_PLACEMENT_3D('',#8568,#6958,#6959);
#6359=AXIS2_PLACEMENT_3D('',#8582,#6967,#6968);
#6360=AXIS2_PLACEMENT_3D('',#8588,#6971,#6972);
#6361=AXIS2_PLACEMENT_3D('',#8593,#6975,#6976);
#6362=AXIS2_PLACEMENT_3D('',#8602,#6981,#6982);
#6363=AXIS2_PLACEMENT_3D('',#8649,#7007,#7008);
#6364=AXIS2_PLACEMENT_3D('',#8662,#7015,#7016);
#6365=AXIS2_PLACEMENT_3D('',#8708,#7040,#7041);
#6366=AXIS2_PLACEMENT_3D('',#8714,#7045,#7046);
#6367=AXIS2_PLACEMENT_3D('',#8715,#7047,#7048);
#6368=AXIS2_PLACEMENT_3D('',#8725,#7053,#7054);
#6369=AXIS2_PLACEMENT_3D('',#8734,#7059,#7060);
#6370=AXIS2_PLACEMENT_3D('',#8776,#7083,#7084);
#6371=AXIS2_PLACEMENT_3D('',#8816,#7106,#7107);
#6372=AXIS2_PLACEMENT_3D('',#8822,#7111,#7112);
#6373=AXIS2_PLACEMENT_3D('',#8839,#7121,#7122);
#6374=AXIS2_PLACEMENT_3D('',#8890,#7149,#7150);
#6375=AXIS2_PLACEMENT_3D('',#8963,#7193,#7194);
#6376=AXIS2_PLACEMENT_3D('',#8968,#7198,#7199);
#6377=AXIS2_PLACEMENT_3D('',#8975,#7204,#7205);
#6378=AXIS2_PLACEMENT_3D('',#8980,#7209,#7210);
#6379=AXIS2_PLACEMENT_3D('',#8982,#7212,#7213);
#6380=AXIS2_PLACEMENT_3D('',#8986,#7215,#7216);
#6381=AXIS2_PLACEMENT_3D('',#8999,#7223,#7224);
#6382=AXIS2_PLACEMENT_3D('',#9000,#7225,#7226);
#6383=AXIS2_PLACEMENT_3D('',#9012,#7234,#7235);
#6384=AXIS2_PLACEMENT_3D('',#9015,#7237,#7238);
#6385=AXIS2_PLACEMENT_3D('',#9016,#7239,#7240);
#6386=AXIS2_PLACEMENT_3D('',#9020,#7243,#7244);
#6387=AXIS2_PLACEMENT_3D('',#9022,#7246,#7247);
#6388=AXIS2_PLACEMENT_3D('',#9023,#7248,#7249);
#6389=AXIS2_PLACEMENT_3D('',#9025,#7251,#7252);
#6390=AXIS2_PLACEMENT_3D('',#9027,#7254,#7255);
#6391=AXIS2_PLACEMENT_3D('',#9029,#7257,#7258);
#6392=AXIS2_PLACEMENT_3D('',#9030,#7259,#7260);
#6393=AXIS2_PLACEMENT_3D('',#9031,#7261,#7262);
#6394=AXIS2_PLACEMENT_3D('',#9034,#7265,#7266);
#6395=AXIS2_PLACEMENT_3D('',#9036,#7268,#7269);
#6396=AXIS2_PLACEMENT_3D('',#9038,#7271,#7272);
#6397=AXIS2_PLACEMENT_3D('',#9040,#7274,#7275);
#6398=AXIS2_PLACEMENT_3D('',#9041,#7276,#7277);
#6399=AXIS2_PLACEMENT_3D('',#9043,#7279,#7280);
#6400=AXIS2_PLACEMENT_3D('',#9045,#7282,#7283);
#6401=AXIS2_PLACEMENT_3D('',#9046,#7284,#7285);
#6402=AXIS2_PLACEMENT_3D('',#9047,#7286,#7287);
#6403=AXIS2_PLACEMENT_3D('',#9055,#7293,#7294);
#6404=AXIS2_PLACEMENT_3D('',#9057,#7296,#7297);
#6405=AXIS2_PLACEMENT_3D('',#9059,#7299,#7300);
#6406=AXIS2_PLACEMENT_3D('',#9063,#7302,#7303);
#6407=AXIS2_PLACEMENT_3D('',#9064,#7304,#7305);
#6408=AXIS2_PLACEMENT_3D('',#9072,#7309,#7310);
#6409=AXIS2_PLACEMENT_3D('',#9073,#7311,#7312);
#6410=AXIS2_PLACEMENT_3D('',#9081,#7316,#7317);
#6411=AXIS2_PLACEMENT_3D('',#9082,#7318,#7319);
#6412=AXIS2_PLACEMENT_3D('',#9087,#7322,#7323);
#6413=AXIS2_PLACEMENT_3D('',#9097,#7329,#7330);
#6414=AXIS2_PLACEMENT_3D('',#9102,#7334,#7335);
#6415=AXIS2_PLACEMENT_3D('',#9111,#7341,#7342);
#6416=AXIS2_PLACEMENT_3D('',#9114,#7345,#7346);
#6417=AXIS2_PLACEMENT_3D('',#9115,#7347,#7348);
#6418=AXIS2_PLACEMENT_3D('',#9120,#7352,#7353);
#6419=AXIS2_PLACEMENT_3D('',#9124,#7356,#7357);
#6420=AXIS2_PLACEMENT_3D('',#9127,#7360,#7361);
#6421=AXIS2_PLACEMENT_3D('',#9128,#7362,#7363);
#6422=AXIS2_PLACEMENT_3D('',#9129,#7364,#7365);
#6423=AXIS2_PLACEMENT_3D('',#9130,#7366,#7367);
#6424=AXIS2_PLACEMENT_3D('',#9131,#7368,#7369);
#6425=AXIS2_PLACEMENT_3D('',#9132,#7370,#7371);
#6426=AXIS2_PLACEMENT_3D('',#9135,#7374,#7375);
#6427=AXIS2_PLACEMENT_3D('',#9136,#7376,#7377);
#6428=AXIS2_PLACEMENT_3D('',#9144,#7382,#7383);
#6429=AXIS2_PLACEMENT_3D('',#9152,#7388,#7389);
#6430=AXIS2_PLACEMENT_3D('',#9153,#7390,#7391);
#6431=AXIS2_PLACEMENT_3D('',#9154,#7392,#7393);
#6432=AXIS2_PLACEMENT_3D('',#9155,#7394,#7395);
#6433=AXIS2_PLACEMENT_3D('',#9156,#7396,#7397);
#6434=AXIS2_PLACEMENT_3D('',#9157,#7398,#7399);
#6435=AXIS2_PLACEMENT_3D('',#9160,#7401,#7402);
#6436=AXIS2_PLACEMENT_3D('',#9163,#7404,#7405);
#6437=AXIS2_PLACEMENT_3D('',#9164,#7406,#7407);
#6438=AXIS2_PLACEMENT_3D('',#9171,#7409,#7410);
#6439=AXIS2_PLACEMENT_3D('',#9178,#7412,#7413);
#6440=AXIS2_PLACEMENT_3D('',#9188,#7414,#7415);
#6441=AXIS2_PLACEMENT_3D('',#9198,#7416,#7417);
#6442=AXIS2_PLACEMENT_3D('',#9199,#7418,#7419);
#6443=AXIS2_PLACEMENT_3D('',#9200,#7420,#7421);
#6444=AXIS2_PLACEMENT_3D('',#9201,#7422,#7423);
#6445=AXIS2_PLACEMENT_3D('',#9204,#7426,#7427);
#6446=AXIS2_PLACEMENT_3D('',#9206,#7429,#7430);
#6447=AXIS2_PLACEMENT_3D('',#9210,#7432,#7433);
#6448=AXIS2_PLACEMENT_3D('',#9214,#7435,#7436);
#6449=AXIS2_PLACEMENT_3D('',#9222,#7441,#7442);
#6450=AXIS2_PLACEMENT_3D('',#9223,#7443,#7444);
#6451=AXIS2_PLACEMENT_3D('',#9226,#7446,#7447);
#6452=AXIS2_PLACEMENT_3D('',#9230,#7450,#7451);
#6453=AXIS2_PLACEMENT_3D('',#9232,#7453,#7454);
#6454=AXIS2_PLACEMENT_3D('',#9233,#7455,#7456);
#6455=AXIS2_PLACEMENT_3D('',#9235,#7458,#7459);
#6456=AXIS2_PLACEMENT_3D('',#9237,#7461,#7462);
#6457=AXIS2_PLACEMENT_3D('',#9239,#7464,#7465);
#6458=AXIS2_PLACEMENT_3D('',#9240,#7466,#7467);
#6459=AXIS2_PLACEMENT_3D('',#9242,#7469,#7470);
#6460=AXIS2_PLACEMENT_3D('',#9244,#7472,#7473);
#6461=AXIS2_PLACEMENT_3D('',#9246,#7475,#7476);
#6462=AXIS2_PLACEMENT_3D('',#9247,#7477,#7478);
#6463=AXIS2_PLACEMENT_3D('',#9249,#7480,#7481);
#6464=AXIS2_PLACEMENT_3D('',#9251,#7483,#7484);
#6465=AXIS2_PLACEMENT_3D('',#9252,#7485,#7486);
#6466=AXIS2_PLACEMENT_3D('',#9262,#7492,#7493);
#6467=AXIS2_PLACEMENT_3D('',#9267,#7497,#7498);
#6468=AXIS2_PLACEMENT_3D('',#9272,#7502,#7503);
#6469=AXIS2_PLACEMENT_3D('',#9279,#7508,#7509);
#6470=AXIS2_PLACEMENT_3D('',#9280,#7510,#7511);
#6471=AXIS2_PLACEMENT_3D('',#9286,#7515,#7516);
#6472=AXIS2_PLACEMENT_3D('',#9289,#7519,#7520);
#6473=AXIS2_PLACEMENT_3D('',#9292,#7523,#7524);
#6474=AXIS2_PLACEMENT_3D('',#9293,#7525,#7526);
#6475=AXIS2_PLACEMENT_3D('',#9294,#7527,#7528);
#6476=AXIS2_PLACEMENT_3D('',#9295,#7529,#7530);
#6477=AXIS2_PLACEMENT_3D('',#9296,#7531,#7532);
#6478=AXIS2_PLACEMENT_3D('',#9297,#7533,#7534);
#6479=AXIS2_PLACEMENT_3D('',#9300,#7537,#7538);
#6480=AXIS2_PLACEMENT_3D('',#9301,#7539,#7540);
#6481=AXIS2_PLACEMENT_3D('',#9309,#7545,#7546);
#6482=AXIS2_PLACEMENT_3D('',#9310,#7547,#7548);
#6483=AXIS2_PLACEMENT_3D('',#9313,#7550,#7551);
#6484=AXIS2_PLACEMENT_3D('',#9319,#7555,#7556);
#6485=AXIS2_PLACEMENT_3D('',#9320,#7557,#7558);
#6486=AXIS2_PLACEMENT_3D('',#9321,#7559,#7560);
#6487=AXIS2_PLACEMENT_3D('',#9322,#7561,#7562);
#6488=AXIS2_PLACEMENT_3D('',#9325,#7564,#7565);
#6489=AXIS2_PLACEMENT_3D('',#9328,#7567,#7568);
#6490=AXIS2_PLACEMENT_3D('',#9329,#7569,#7570);
#6491=AXIS2_PLACEMENT_3D('',#9336,#7572,#7573);
#6492=AXIS2_PLACEMENT_3D('',#9343,#7575,#7576);
#6493=AXIS2_PLACEMENT_3D('',#9353,#7577,#7578);
#6494=AXIS2_PLACEMENT_3D('',#9363,#7579,#7580);
#6495=AXIS2_PLACEMENT_3D('',#9364,#7581,#7582);
#6496=AXIS2_PLACEMENT_3D('',#9365,#7583,#7584);
#6497=AXIS2_PLACEMENT_3D('',#9366,#7585,#7586);
#6498=AXIS2_PLACEMENT_3D('',#9372,#7590,#7591);
#6499=AXIS2_PLACEMENT_3D('',#9378,#7595,#7596);
#6500=AXIS2_PLACEMENT_3D('',#9379,#7597,#7598);
#6501=AXIS2_PLACEMENT_3D('',#9380,#7599,#7600);
#6502=AXIS2_PLACEMENT_3D('',#9381,#7601,#7602);
#6503=AXIS2_PLACEMENT_3D('',#9382,#7603,#7604);
#6504=AXIS2_PLACEMENT_3D('',#9383,#7605,#7606);
#6505=AXIS2_PLACEMENT_3D('',#9387,#7609,#7610);
#6506=AXIS2_PLACEMENT_3D('',#9391,#7613,#7614);
#6507=AXIS2_PLACEMENT_3D('',#9393,#7616,#7617);
#6508=AXIS2_PLACEMENT_3D('',#9394,#7618,#7619);
#6509=AXIS2_PLACEMENT_3D('',#9395,#7620,#7621);
#6510=AXIS2_PLACEMENT_3D('',#9396,#7622,#7623);
#6511=AXIS2_PLACEMENT_3D('',#9397,#7624,#7625);
#6512=AXIS2_PLACEMENT_3D('',#9398,#7626,#7627);
#6513=AXIS2_PLACEMENT_3D('',#9399,#7628,#7629);
#6514=AXIS2_PLACEMENT_3D('',#9400,#7630,#7631);
#6515=AXIS2_PLACEMENT_3D('',#9410,#7638,#7639);
#6516=AXIS2_PLACEMENT_3D('',#9420,#7646,#7647);
#6517=AXIS2_PLACEMENT_3D('',#9422,#7649,#7650);
#6518=AXIS2_PLACEMENT_3D('',#9423,#7651,#7652);
#6519=AXIS2_PLACEMENT_3D('',#9424,#7653,#7654);
#6520=AXIS2_PLACEMENT_3D('',#9425,#7655,#7656);
#6521=AXIS2_PLACEMENT_3D('',#9426,#7657,#7658);
#6522=AXIS2_PLACEMENT_3D('',#9432,#7662,#7663);
#6523=AXIS2_PLACEMENT_3D('',#9436,#7666,#7667);
#6524=AXIS2_PLACEMENT_3D('',#9440,#7670,#7671);
#6525=AXIS2_PLACEMENT_3D('',#9444,#7674,#7675);
#6526=AXIS2_PLACEMENT_3D('',#9448,#7679,#7680);
#6527=AXIS2_PLACEMENT_3D('',#9449,#7681,#7682);
#6528=AXIS2_PLACEMENT_3D('',#9450,#7683,#7684);
#6529=AXIS2_PLACEMENT_3D('',#9456,#7688,#7689);
#6530=AXIS2_PLACEMENT_3D('',#9462,#7693,#7694);
#6531=AXIS2_PLACEMENT_3D('',#9466,#7697,#7698);
#6532=AXIS2_PLACEMENT_3D('',#9468,#7700,#7701);
#6533=AXIS2_PLACEMENT_3D('',#9472,#7705,#7706);
#6534=AXIS2_PLACEMENT_3D('',#9473,#7707,#7708);
#6535=AXIS2_PLACEMENT_3D('',#9474,#7709,#7710);
#6536=AXIS2_PLACEMENT_3D('',#9484,#7717,#7718);
#6537=AXIS2_PLACEMENT_3D('',#9494,#7725,#7726);
#6538=AXIS2_PLACEMENT_3D('',#9496,#7728,#7729);
#6539=AXIS2_PLACEMENT_3D('',#9497,#7730,#7731);
#6540=AXIS2_PLACEMENT_3D('',#9498,#7732,#7733);
#6541=AXIS2_PLACEMENT_3D('',#9499,#7734,#7735);
#6542=AXIS2_PLACEMENT_3D('',#9500,#7736,#7737);
#6543=AXIS2_PLACEMENT_3D('',#9506,#7741,#7742);
#6544=AXIS2_PLACEMENT_3D('',#9510,#7745,#7746);
#6545=AXIS2_PLACEMENT_3D('',#9514,#7749,#7750);
#6546=AXIS2_PLACEMENT_3D('',#9518,#7753,#7754);
#6547=AXIS2_PLACEMENT_3D('',#9522,#7758,#7759);
#6548=AXIS2_PLACEMENT_3D('',#9523,#7760,#7761);
#6549=AXIS2_PLACEMENT_3D('',#9524,#7762,#7763);
#6550=AXIS2_PLACEMENT_3D('',#9534,#7770,#7771);
#6551=AXIS2_PLACEMENT_3D('',#9544,#7778,#7779);
#6552=AXIS2_PLACEMENT_3D('',#9546,#7781,#7782);
#6553=AXIS2_PLACEMENT_3D('',#9547,#7783,#7784);
#6554=AXIS2_PLACEMENT_3D('',#9548,#7785,#7786);
#6555=AXIS2_PLACEMENT_3D('',#9549,#7787,#7788);
#6556=AXIS2_PLACEMENT_3D('',#9550,#7789,#7790);
#6557=AXIS2_PLACEMENT_3D('',#9556,#7794,#7795);
#6558=AXIS2_PLACEMENT_3D('',#9560,#7798,#7799);
#6559=AXIS2_PLACEMENT_3D('',#9564,#7802,#7803);
#6560=AXIS2_PLACEMENT_3D('',#9568,#7806,#7807);
#6561=AXIS2_PLACEMENT_3D('',#9572,#7811,#7812);
#6562=AXIS2_PLACEMENT_3D('',#9573,#7813,#7814);
#6563=AXIS2_PLACEMENT_3D('',#9574,#7815,#7816);
#6564=AXIS2_PLACEMENT_3D('',#9580,#7820,#7821);
#6565=AXIS2_PLACEMENT_3D('',#9584,#7824,#7825);
#6566=AXIS2_PLACEMENT_3D('',#9588,#7828,#7829);
#6567=AXIS2_PLACEMENT_3D('',#9592,#7832,#7833);
#6568=AXIS2_PLACEMENT_3D('',#9596,#7837,#7838);
#6569=AXIS2_PLACEMENT_3D('',#9597,#7839,#7840);
#6570=AXIS2_PLACEMENT_3D('',#9598,#7841,#7842);
#6571=AXIS2_PLACEMENT_3D('',#9604,#7846,#7847);
#6572=AXIS2_PLACEMENT_3D('',#9608,#7850,#7851);
#6573=AXIS2_PLACEMENT_3D('',#9612,#7854,#7855);
#6574=AXIS2_PLACEMENT_3D('',#9616,#7858,#7859);
#6575=AXIS2_PLACEMENT_3D('',#9620,#7863,#7864);
#6576=AXIS2_PLACEMENT_3D('',#9621,#7865,#7866);
#6577=AXIS2_PLACEMENT_3D('',#9622,#7867,#7868);
#6578=AXIS2_PLACEMENT_3D('',#9629,#7873,#7874);
#6579=AXIS2_PLACEMENT_3D('',#9636,#7879,#7880);
#6580=AXIS2_PLACEMENT_3D('',#9637,#7881,#7882);
#6581=AXIS2_PLACEMENT_3D('',#9644,#7887,#7888);
#6582=AXIS2_PLACEMENT_3D('',#9651,#7893,#7894);
#6583=AXIS2_PLACEMENT_3D('',#9652,#7895,#7896);
#6584=AXIS2_PLACEMENT_3D('',#9653,#7897,#7898);
#6585=AXIS2_PLACEMENT_3D('',#9654,#7899,#7900);
#6586=AXIS2_PLACEMENT_3D('',#9655,#7901,#7902);
#6587=AXIS2_PLACEMENT_3D('',#9656,#7903,#7904);
#6588=AXIS2_PLACEMENT_3D('',#9657,#7905,#7906);
#6589=AXIS2_PLACEMENT_3D('',#9658,#7907,#7908);
#6590=AXIS2_PLACEMENT_3D('',#9662,#7912,#7913);
#6591=AXIS2_PLACEMENT_3D('',#9666,#7917,#7918);
#6592=AXIS2_PLACEMENT_3D('',#9667,#7919,#7920);
#6593=AXIS2_PLACEMENT_3D('',#9668,#7921,#7922);
#6594=AXIS2_PLACEMENT_3D('',#9669,#7923,#7924);
#6595=AXIS2_PLACEMENT_3D('',#9671,#7926,#7927);
#6596=AXIS2_PLACEMENT_3D('',#9673,#7929,#7930);
#6597=AXIS2_PLACEMENT_3D('',#9674,#7931,#7932);
#6598=AXIS2_PLACEMENT_3D('',#9676,#7934,#7935);
#6599=AXIS2_PLACEMENT_3D('',#9678,#7937,#7938);
#6600=AXIS2_PLACEMENT_3D('',#9679,#7939,#7940);
#6601=AXIS2_PLACEMENT_3D('',#9680,#7941,#7942);
#6602=AXIS2_PLACEMENT_3D('',#9689,#7947,#7948);
#6603=AXIS2_PLACEMENT_3D('',#9696,#7952,#7953);
#6604=AXIS2_PLACEMENT_3D('',#9704,#7957,#7958);
#6605=AXIS2_PLACEMENT_3D('',#9705,#7959,#7960);
#6606=AXIS2_PLACEMENT_3D('',#9711,#7964,#7965);
#6607=AXIS2_PLACEMENT_3D('',#9716,#7969,#7970);
#6608=AXIS2_PLACEMENT_3D('',#9725,#7975,#7976);
#6609=AXIS2_PLACEMENT_3D('',#9729,#7979,#7980);
#6610=AXIS2_PLACEMENT_3D('',#9730,#7981,#7982);
#6611=AXIS2_PLACEMENT_3D('',#9733,#7984,#7985);
#6612=AXIS2_PLACEMENT_3D('',#9737,#7988,#7989);
#6613=AXIS2_PLACEMENT_3D('',#9746,#7994,#7995);
#6614=AXIS2_PLACEMENT_3D('',#9752,#7999,#8000);
#6615=AXIS2_PLACEMENT_3D('',#9753,#8001,#8002);
#6616=AXIS2_PLACEMENT_3D('',#9756,#8004,#8005);
#6617=AXIS2_PLACEMENT_3D('',#9758,#8007,#8008);
#6618=AXIS2_PLACEMENT_3D('',#9760,#8010,#8011);
#6619=AXIS2_PLACEMENT_3D('',#9762,#8013,#8014);
#6620=AXIS2_PLACEMENT_3D('',#9765,#8017,#8018);
#6621=AXIS2_PLACEMENT_3D('',#9767,#8020,#8021);
#6622=AXIS2_PLACEMENT_3D('',#9769,#8023,#8024);
#6623=AXIS2_PLACEMENT_3D('',#9770,#8025,#8026);
#6624=AXIS2_PLACEMENT_3D('',#9773,#8029,#8030);
#6625=AXIS2_PLACEMENT_3D('',#9775,#8032,#8033);
#6626=AXIS2_PLACEMENT_3D('',#9777,#8035,#8036);
#6627=AXIS2_PLACEMENT_3D('',#9778,#8037,#8038);
#6628=AXIS2_PLACEMENT_3D('',#9779,#8039,#8040);
#6629=AXIS2_PLACEMENT_3D('',#9788,#8045,#8046);
#6630=AXIS2_PLACEMENT_3D('',#9795,#8050,#8051);
#6631=AXIS2_PLACEMENT_3D('',#9803,#8055,#8056);
#6632=AXIS2_PLACEMENT_3D('',#9804,#8057,#8058);
#6633=AXIS2_PLACEMENT_3D('',#9810,#8062,#8063);
#6634=AXIS2_PLACEMENT_3D('',#9815,#8067,#8068);
#6635=AXIS2_PLACEMENT_3D('',#9824,#8073,#8074);
#6636=AXIS2_PLACEMENT_3D('',#9828,#8077,#8078);
#6637=AXIS2_PLACEMENT_3D('',#9829,#8079,#8080);
#6638=AXIS2_PLACEMENT_3D('',#9832,#8082,#8083);
#6639=AXIS2_PLACEMENT_3D('',#9836,#8086,#8087);
#6640=AXIS2_PLACEMENT_3D('',#9845,#8092,#8093);
#6641=AXIS2_PLACEMENT_3D('',#9851,#8097,#8098);
#6642=AXIS2_PLACEMENT_3D('',#9852,#8099,#8100);
#6643=AXIS2_PLACEMENT_3D('',#9855,#8102,#8103);
#6644=AXIS2_PLACEMENT_3D('',#9857,#8105,#8106);
#6645=AXIS2_PLACEMENT_3D('',#9859,#8108,#8109);
#6646=AXIS2_PLACEMENT_3D('',#9861,#8111,#8112);
#6647=AXIS2_PLACEMENT_3D('',#9864,#8115,#8116);
#6648=AXIS2_PLACEMENT_3D('',#9866,#8118,#8119);
#6649=AXIS2_PLACEMENT_3D('',#9868,#8121,#8122);
#6650=AXIS2_PLACEMENT_3D('',#9869,#8123,#8124);
#6651=AXIS2_PLACEMENT_3D('',#9872,#8127,#8128);
#6652=AXIS2_PLACEMENT_3D('',#9874,#8130,#8131);
#6653=AXIS2_PLACEMENT_3D('',#9876,#8133,#8134);
#6654=AXIS2_PLACEMENT_3D('',#9877,#8135,#8136);
#6655=AXIS2_PLACEMENT_3D('',#9878,#8137,#8138);
#6656=AXIS2_PLACEMENT_3D('',#9879,#8139,#8140);
#6657=AXIS2_PLACEMENT_3D('',#9880,#8141,#8142);
#6658=AXIS2_PLACEMENT_3D('',#9881,#8143,#8144);
#6659=DIRECTION('',(0.,0.,1.));
#6660=DIRECTION('',(1.,0.,0.));
#6661=DIRECTION('',(0.,0.,-1.));
#6662=DIRECTION('',(-1.,0.,0.));
#6663=DIRECTION('',(0.,1.,0.));
#6664=DIRECTION('',(1.,0.,0.));
#6665=DIRECTION('',(0.,-1.,0.));
#6666=DIRECTION('',(1.,0.,0.));
#6667=DIRECTION('',(0.,0.,-1.));
#6668=DIRECTION('',(-1.,0.,0.));
#6669=DIRECTION('',(0.,-1.,0.));
#6670=DIRECTION('',(-1.,0.,0.));
#6671=DIRECTION('',(0.,1.,0.));
#6672=DIRECTION('',(-1.,0.,0.));
#6673=DIRECTION('',(0.,0.,-1.));
#6674=DIRECTION('',(-1.,0.,0.));
#6675=DIRECTION('',(0.,1.,0.));
#6676=DIRECTION('',(1.,0.,0.));
#6677=DIRECTION('',(0.,-1.,0.));
#6678=DIRECTION('',(1.,0.,0.));
#6679=DIRECTION('',(0.,0.,-1.));
#6680=DIRECTION('',(-1.,0.,0.));
#6681=DIRECTION('',(0.,-1.,0.));
#6682=DIRECTION('',(-1.,0.,0.));
#6683=DIRECTION('',(0.,1.,0.));
#6684=DIRECTION('',(-1.,0.,0.));
#6685=DIRECTION('',(0.,0.,-1.));
#6686=DIRECTION('',(-1.,0.,0.));
#6687=DIRECTION('',(0.,1.,0.));
#6688=DIRECTION('',(1.,0.,0.));
#6689=DIRECTION('',(0.,-1.,0.));
#6690=DIRECTION('',(1.,0.,0.));
#6691=DIRECTION('',(0.,0.,-1.));
#6692=DIRECTION('',(-1.,0.,0.));
#6693=DIRECTION('',(0.,-1.,0.));
#6694=DIRECTION('',(-1.,0.,0.));
#6695=DIRECTION('',(0.,1.,0.));
#6696=DIRECTION('',(-1.,0.,0.));
#6697=DIRECTION('',(0.,0.,-1.));
#6698=DIRECTION('',(-1.,0.,0.));
#6699=DIRECTION('',(-1.,0.,0.));
#6700=DIRECTION('',(0.,1.,0.));
#6701=DIRECTION('',(-1.,0.,0.));
#6702=DIRECTION('',(0.,-1.,0.));
#6703=DIRECTION('',(0.,0.,-1.));
#6704=DIRECTION('',(-1.,0.,0.));
#6705=DIRECTION('',(-1.,0.,0.));
#6706=DIRECTION('',(0.,1.,0.));
#6707=DIRECTION('',(-1.,0.,0.));
#6708=DIRECTION('',(0.,-1.,0.));
#6709=DIRECTION('',(0.,0.,-1.));
#6710=DIRECTION('',(-1.,0.,0.));
#6711=DIRECTION('',(-1.,0.,0.));
#6712=DIRECTION('',(0.,-1.,0.));
#6713=DIRECTION('',(1.,-1.0734674975104E-16,0.));
#6714=DIRECTION('',(0.,-1.,0.));
#6715=DIRECTION('',(-1.,0.,0.));
#6716=DIRECTION('',(0.,-1.,0.));
#6717=DIRECTION('',(0.,0.,-1.));
#6718=DIRECTION('',(-1.,0.,0.));
#6719=DIRECTION('',(-1.,0.,0.));
#6720=DIRECTION('',(0.,1.,0.));
#6721=DIRECTION('',(-1.,0.,0.));
#6722=DIRECTION('',(0.,-1.,0.));
#6723=DIRECTION('',(0.,0.,-1.));
#6724=DIRECTION('',(-1.,0.,0.));
#6725=DIRECTION('',(-1.,0.,0.));
#6726=DIRECTION('',(0.,1.,0.));
#6727=DIRECTION('',(-1.,0.,0.));
#6728=DIRECTION('',(0.,-1.,0.));
#6729=DIRECTION('',(0.,0.,-1.));
#6730=DIRECTION('',(-1.,0.,0.));
#6731=DIRECTION('',(-1.,0.,0.));
#6732=DIRECTION('',(0.,1.,0.));
#6733=DIRECTION('',(-1.,0.,0.));
#6734=DIRECTION('',(0.,1.,0.));
#6735=DIRECTION('',(1.,1.0734674975104E-16,0.));
#6736=DIRECTION('',(0.,1.,0.));
#6737=DIRECTION('',(1.,0.,0.));
#6738=DIRECTION('',(0.,0.,-1.));
#6739=DIRECTION('',(0.,0.,-1.));
#6740=DIRECTION('',(0.,0.,-1.));
#6741=DIRECTION('',(0.,-1.,0.));
#6742=DIRECTION('',(0.,0.,-1.));
#6743=DIRECTION('',(0.,-1.,0.));
#6744=DIRECTION('',(0.,0.,1.));
#6745=DIRECTION('',(0.,1.,0.));
#6746=DIRECTION('',(0.,0.,1.));
#6747=DIRECTION('',(-1.,0.,0.));
#6748=DIRECTION('',(0.,0.,1.));
#6749=DIRECTION('',(0.,0.,1.));
#6750=DIRECTION('',(0.,0.,1.));
#6751=DIRECTION('',(0.,-1.,0.));
#6752=DIRECTION('',(0.,0.,1.));
#6753=DIRECTION('',(0.,1.,0.));
#6754=DIRECTION('',(0.,0.,-1.));
#6755=DIRECTION('',(0.,1.,0.));
#6756=DIRECTION('',(0.,0.,1.));
#6757=DIRECTION('',(1.,0.,0.));
#6758=DIRECTION('',(0.,0.,-1.));
#6759=DIRECTION('',(0.,0.,-1.));
#6760=DIRECTION('',(0.,0.,-1.));
#6761=DIRECTION('',(0.,-1.,0.));
#6762=DIRECTION('',(0.,0.,-1.));
#6763=DIRECTION('',(0.,-1.,0.));
#6764=DIRECTION('',(0.,0.,1.));
#6765=DIRECTION('',(0.,1.,0.));
#6766=DIRECTION('',(0.,0.,1.));
#6767=DIRECTION('',(-1.,0.,0.));
#6768=DIRECTION('',(0.,0.,1.));
#6769=DIRECTION('',(0.,0.,1.));
#6770=DIRECTION('',(0.,0.,1.));
#6771=DIRECTION('',(0.,-1.,0.));
#6772=DIRECTION('',(0.,0.,1.));
#6773=DIRECTION('',(0.,1.,0.));
#6774=DIRECTION('',(0.,0.,-1.));
#6775=DIRECTION('',(0.,1.,0.));
#6776=DIRECTION('',(0.,0.,1.));
#6777=DIRECTION('',(1.,0.,0.));
#6778=DIRECTION('',(0.,0.,-1.));
#6779=DIRECTION('',(0.,0.,-1.));
#6780=DIRECTION('',(0.,0.,-1.));
#6781=DIRECTION('',(0.,-1.,0.));
#6782=DIRECTION('',(0.,0.,-1.));
#6783=DIRECTION('',(0.,-1.,0.));
#6784=DIRECTION('',(0.,0.,1.));
#6785=DIRECTION('',(0.,1.,0.));
#6786=DIRECTION('',(0.,0.,1.));
#6787=DIRECTION('',(-1.,0.,0.));
#6788=DIRECTION('',(0.,0.,1.));
#6789=DIRECTION('',(0.,0.,1.));
#6790=DIRECTION('',(0.,0.,1.));
#6791=DIRECTION('',(0.,-1.,0.));
#6792=DIRECTION('',(0.,0.,1.));
#6793=DIRECTION('',(0.,1.,0.));
#6794=DIRECTION('',(0.,0.,-1.));
#6795=DIRECTION('',(0.,1.,0.));
#6796=DIRECTION('',(0.,0.,1.));
#6797=DIRECTION('',(0.,0.,-1.));
#6798=DIRECTION('',(-1.,0.,0.));
#6799=DIRECTION('',(1.,0.,0.));
#6800=DIRECTION('',(0.,-1.,0.));
#6801=DIRECTION('',(1.,-1.70740499604016E-16,0.));
#6802=DIRECTION('',(0.,1.,0.));
#6803=DIRECTION('',(0.,0.,-1.));
#6804=DIRECTION('',(-1.,0.,0.));
#6805=DIRECTION('',(1.,0.,0.));
#6806=DIRECTION('',(0.,-1.,0.));
#6807=DIRECTION('',(1.,-1.70740499604016E-16,0.));
#6808=DIRECTION('',(0.,1.,0.));
#6809=DIRECTION('',(0.,0.,-1.));
#6810=DIRECTION('',(-1.,0.,0.));
#6811=DIRECTION('',(-1.,0.,0.));
#6812=DIRECTION('',(-1.,0.,0.));
#6813=DIRECTION('',(0.,0.,-1.));
#6814=DIRECTION('',(-1.,0.,0.));
#6815=DIRECTION('',(-1.,0.,0.));
#6816=DIRECTION('',(0.,-1.,0.));
#6817=DIRECTION('',(-1.,0.,0.));
#6818=DIRECTION('',(0.,-1.,0.));
#6819=DIRECTION('',(-1.,-4.38061483832527E-16,0.));
#6820=DIRECTION('',(0.,-1.,0.));
#6821=DIRECTION('',(-1.,0.,0.));
#6822=DIRECTION('',(0.,-1.,0.));
#6823=DIRECTION('',(0.,0.,-1.));
#6824=DIRECTION('',(-1.,0.,0.));
#6825=DIRECTION('',(1.,0.,0.));
#6826=DIRECTION('',(0.,-1.,0.));
#6827=DIRECTION('',(1.,-1.70740499604016E-16,0.));
#6828=DIRECTION('',(0.,-1.,0.));
#6829=DIRECTION('',(-1.,0.,0.));
#6830=DIRECTION('',(0.,-1.,0.));
#6831=DIRECTION('',(0.,0.,-1.));
#6832=DIRECTION('',(-1.,0.,0.));
#6833=DIRECTION('',(1.,-1.70740499604016E-16,0.));
#6834=DIRECTION('',(0.,-1.,0.));
#6835=DIRECTION('',(1.,0.,0.));
#6836=DIRECTION('',(0.,1.,0.));
#6837=DIRECTION('',(-1.,0.,0.));
#6838=DIRECTION('',(0.,-1.,0.));
#6839=DIRECTION('',(1.,0.,0.));
#6840=DIRECTION('',(0.,-1.,0.));
#6841=DIRECTION('',(0.,1.,0.));
#6842=DIRECTION('',(0.,0.,1.));
#6843=DIRECTION('',(0.,1.,0.));
#6844=DIRECTION('',(0.,0.,1.));
#6845=DIRECTION('',(0.707106781186547,0.,0.707106781186548));
#6846=DIRECTION('',(0.,0.,1.));
#6847=DIRECTION('',(1.,0.,0.));
#6848=DIRECTION('',(0.,0.,1.));
#6849=DIRECTION('',(1.70740499604016E-16,1.,0.));
#6850=DIRECTION('',(-1.,1.70740499604016E-16,0.));
#6851=DIRECTION('',(0.,0.,-1.));
#6852=DIRECTION('',(1.70740499604016E-16,1.,0.));
#6853=DIRECTION('',(-1.,1.70740499604016E-16,0.));
#6854=DIRECTION('',(0.,0.,-1.));
#6855=DIRECTION('',(-1.,4.38061483832527E-16,0.));
#6856=DIRECTION('',(-0.707106781186548,1.20731765093179E-16,0.707106781186548));
#6857=DIRECTION('',(0.,0.,1.));
#6858=DIRECTION('',(1.,-1.70740499604016E-16,0.));
#6859=DIRECTION('',(0.,0.,-1.));
#6860=DIRECTION('',(-0.707106781186547,1.20731765093179E-16,-0.707106781186548));
#6861=DIRECTION('',(0.,0.,-1.));
#6862=DIRECTION('',(-1.,0.,0.));
#6863=DIRECTION('',(-1.,0.,0.));
#6864=DIRECTION('',(-1.,0.,0.));
#6865=DIRECTION('',(0.,0.,-1.));
#6866=DIRECTION('',(-1.,0.,0.));
#6867=DIRECTION('',(-1.,0.,0.));
#6868=DIRECTION('',(0.,1.,0.));
#6869=DIRECTION('',(-1.,0.,0.));
#6870=DIRECTION('',(0.,-1.,0.));
#6871=DIRECTION('',(0.,0.,-1.));
#6872=DIRECTION('',(-1.,0.,0.));
#6873=DIRECTION('',(1.,0.,0.));
#6874=DIRECTION('',(0.,-1.,0.));
#6875=DIRECTION('',(1.,-1.70740499604016E-16,0.));
#6876=DIRECTION('',(0.,1.,0.));
#6877=DIRECTION('',(0.,0.,-1.));
#6878=DIRECTION('',(-1.,0.,0.));
#6879=DIRECTION('',(1.,0.,0.));
#6880=DIRECTION('',(0.,1.,0.));
#6881=DIRECTION('',(1.,-1.70740499604016E-16,0.));
#6882=DIRECTION('',(0.,-1.,0.));
#6883=DIRECTION('',(0.,1.,0.));
#6884=DIRECTION('',(0.,0.,1.));
#6885=DIRECTION('',(0.,1.,0.));
#6886=DIRECTION('',(0.,0.,1.));
#6887=DIRECTION('',(0.,1.,0.));
#6888=DIRECTION('',(0.,0.,1.));
#6889=DIRECTION('',(0.,0.,-1.));
#6890=DIRECTION('',(-1.,0.,0.));
#6891=DIRECTION('',(0.,0.,-1.));
#6892=DIRECTION('',(1.70740499604016E-16,1.,0.));
#6893=DIRECTION('',(-1.,1.70740499604016E-16,0.));
#6894=DIRECTION('',(1.70740499604016E-16,1.,0.));
#6895=DIRECTION('',(-1.,1.70740499604016E-16,0.));
#6896=DIRECTION('',(0.,0.,1.));
#6897=DIRECTION('',(0.,0.,-1.));
#6898=DIRECTION('',(1.,0.,0.));
#6899=DIRECTION('',(0.,0.,-1.));
#6900=DIRECTION('',(0.,0.,-1.));
#6901=DIRECTION('',(1.70740499604016E-16,1.,0.));
#6902=DIRECTION('',(-1.,1.70740499604016E-16,0.));
#6903=DIRECTION('',(0.,0.,-1.));
#6904=DIRECTION('',(-1.,0.,0.));
#6905=DIRECTION('',(-1.,0.,0.));
#6906=DIRECTION('',(-1.,0.,0.));
#6907=DIRECTION('',(0.,0.,-1.));
#6908=DIRECTION('',(-1.,0.,0.));
#6909=DIRECTION('',(-1.,0.,0.));
#6910=DIRECTION('',(0.,1.,0.));
#6911=DIRECTION('',(-1.,0.,0.));
#6912=DIRECTION('',(0.,-1.,0.));
#6913=DIRECTION('',(0.,0.,-1.));
#6914=DIRECTION('',(-1.,0.,0.));
#6915=DIRECTION('',(1.,0.,0.));
#6916=DIRECTION('',(0.,-1.,0.));
#6917=DIRECTION('',(1.,-1.70740499604016E-16,0.));
#6918=DIRECTION('',(0.,1.,0.));
#6919=DIRECTION('',(0.,0.,-1.));
#6920=DIRECTION('',(-1.,0.,0.));
#6921=DIRECTION('',(1.,0.,0.));
#6922=DIRECTION('',(0.,1.,0.));
#6923=DIRECTION('',(1.,-1.70740499604016E-16,0.));
#6924=DIRECTION('',(0.,-1.,0.));
#6925=DIRECTION('',(0.,1.,0.));
#6926=DIRECTION('',(0.,0.,1.));
#6927=DIRECTION('',(0.,1.,0.));
#6928=DIRECTION('',(0.,0.,1.));
#6929=DIRECTION('',(0.,1.,0.));
#6930=DIRECTION('',(0.,0.,1.));
#6931=DIRECTION('',(0.,0.,-1.));
#6932=DIRECTION('',(-1.,0.,0.));
#6933=DIRECTION('',(0.,0.,-1.));
#6934=DIRECTION('',(1.70740499604016E-16,1.,0.));
#6935=DIRECTION('',(-1.,1.70740499604016E-16,0.));
#6936=DIRECTION('',(1.70740499604016E-16,1.,0.));
#6937=DIRECTION('',(-1.,1.70740499604016E-16,0.));
#6938=DIRECTION('',(0.,0.,1.));
#6939=DIRECTION('',(0.,0.,-1.));
#6940=DIRECTION('',(1.,0.,0.));
#6941=DIRECTION('',(0.,0.,-1.));
#6942=DIRECTION('',(0.,0.,-1.));
#6943=DIRECTION('',(1.70740499604016E-16,1.,0.));
#6944=DIRECTION('',(-1.,1.70740499604016E-16,0.));
#6945=DIRECTION('',(0.,-1.,0.));
#6946=DIRECTION('',(0.,0.,-1.));
#6947=DIRECTION('',(-1.,0.,0.));
#6948=DIRECTION('',(0.,0.,1.));
#6949=DIRECTION('',(-1.,0.,0.));
#6950=DIRECTION('',(0.,0.,1.));
#6951=DIRECTION('',(1.,0.,0.));
#6952=DIRECTION('',(0.,0.,-1.));
#6953=DIRECTION('',(0.,0.,1.));
#6954=DIRECTION('',(-1.,0.,0.));
#6955=DIRECTION('',(0.,0.,1.));
#6956=DIRECTION('',(-1.,0.,0.));
#6957=DIRECTION('',(0.,0.,1.));
#6958=DIRECTION('',(0.,0.,-1.));
#6959=DIRECTION('',(-1.,0.,0.));
#6960=DIRECTION('',(-1.,0.,0.));
#6961=DIRECTION('',(0.,1.,0.));
#6962=DIRECTION('',(-1.,0.,0.));
#6963=DIRECTION('',(0.,-1.,0.));
#6964=DIRECTION('',(0.,-1.,0.));
#6965=DIRECTION('',(-1.,4.38061483832527E-16,0.));
#6966=DIRECTION('',(0.,1.,0.));
#6967=DIRECTION('',(0.,-1.,0.));
#6968=DIRECTION('',(0.,0.,-1.));
#6969=DIRECTION('',(0.,0.,1.));
#6970=DIRECTION('',(-1.,0.,0.));
#6971=DIRECTION('',(0.,-1.,0.));
#6972=DIRECTION('',(0.,0.,-1.));
#6973=DIRECTION('',(0.,0.,-1.));
#6974=DIRECTION('',(-1.,0.,0.));
#6975=DIRECTION('',(0.,0.,1.));
#6976=DIRECTION('',(1.,0.,0.));
#6977=DIRECTION('',(0.,1.,0.));
#6978=DIRECTION('',(1.,0.,-5.42101086242753E-16));
#6979=DIRECTION('',(0.,1.,0.));
#6980=DIRECTION('',(-1.,0.,0.));
#6981=DIRECTION('',(-1.,0.,0.));
#6982=DIRECTION('',(0.,0.,1.));
#6983=DIRECTION('',(0.,1.,0.));
#6984=DIRECTION('',(0.,0.,1.));
#6985=DIRECTION('',(0.,-1.,0.));
#6986=DIRECTION('',(0.,0.,-1.));
#6987=DIRECTION('',(0.,-1.,0.));
#6988=DIRECTION('',(0.,-1.44560289664734E-16,1.));
#6989=DIRECTION('',(0.,-1.,0.));
#6990=DIRECTION('',(0.,0.,-1.));
#6991=DIRECTION('',(0.,1.,0.));
#6992=DIRECTION('',(0.,0.,-1.));
#6993=DIRECTION('',(0.,-1.,0.));
#6994=DIRECTION('',(0.,0.,-1.));
#6995=DIRECTION('',(0.,0.,-1.));
#6996=DIRECTION('',(0.,1.,0.));
#6997=DIRECTION('',(0.,0.,1.));
#6998=DIRECTION('',(0.,1.,0.));
#6999=DIRECTION('',(0.,0.,1.));
#7000=DIRECTION('',(0.,1.,0.));
#7001=DIRECTION('',(0.,0.,1.));
#7002=DIRECTION('',(0.,1.,0.));
#7003=DIRECTION('',(0.,0.,1.));
#7004=DIRECTION('',(0.,-1.,0.));
#7005=DIRECTION('',(0.,-8.67361737988403E-17,1.));
#7006=DIRECTION('',(0.,0.,1.));
#7007=DIRECTION('',(0.,0.,-1.));
#7008=DIRECTION('',(-1.,0.,0.));
#7009=DIRECTION('',(1.,0.,0.));
#7010=DIRECTION('',(0.,1.,0.));
#7011=DIRECTION('',(-1.,0.,0.));
#7012=DIRECTION('',(0.,1.,0.));
#7013=DIRECTION('',(1.,-1.70740499604016E-16,0.));
#7014=DIRECTION('',(0.,1.,0.));
#7015=DIRECTION('',(1.,0.,0.));
#7016=DIRECTION('',(0.,0.,-1.));
#7017=DIRECTION('',(0.,-1.,0.));
#7018=DIRECTION('',(0.,0.,-1.));
#7019=DIRECTION('',(0.,1.,0.));
#7020=DIRECTION('',(0.,0.,-1.));
#7021=DIRECTION('',(0.,-8.67361737988403E-17,1.));
#7022=DIRECTION('',(0.,-1.,0.));
#7023=DIRECTION('',(0.,0.,1.));
#7024=DIRECTION('',(0.,1.,0.));
#7025=DIRECTION('',(0.,0.,1.));
#7026=DIRECTION('',(0.,-1.,0.));
#7027=DIRECTION('',(0.,0.,-1.));
#7028=DIRECTION('',(0.,-1.,0.));
#7029=DIRECTION('',(0.,0.,-1.));
#7030=DIRECTION('',(0.,-1.,0.));
#7031=DIRECTION('',(0.,0.,-1.));
#7032=DIRECTION('',(0.,-1.,0.));
#7033=DIRECTION('',(0.,0.,-1.));
#7034=DIRECTION('',(0.,1.,0.));
#7035=DIRECTION('',(0.,0.,-1.));
#7036=DIRECTION('',(0.,-1.,0.));
#7037=DIRECTION('',(0.,-1.44560289664734E-16,1.));
#7038=DIRECTION('',(0.,-1.,0.));
#7039=DIRECTION('',(0.,0.,-1.));
#7040=DIRECTION('',(-4.38061483832527E-16,-1.,0.));
#7041=DIRECTION('',(1.,-4.38061483832527E-16,0.));
#7042=DIRECTION('',(1.,0.,0.));
#7043=DIRECTION('',(-0.707106781186548,3.09756245794621E-16,-0.707106781186548));
#7044=DIRECTION('',(0.,0.,-1.));
#7045=DIRECTION('',(0.,-1.,0.));
#7046=DIRECTION('',(0.,0.,-1.));
#7047=DIRECTION('',(0.,-1.,0.));
#7048=DIRECTION('',(0.,0.,-1.));
#7049=DIRECTION('',(-1.,0.,0.));
#7050=DIRECTION('',(0.,0.,-1.));
#7051=DIRECTION('',(-1.,0.,0.));
#7052=DIRECTION('',(0.,0.,1.));
#7053=DIRECTION('',(0.,0.,1.));
#7054=DIRECTION('',(1.,0.,0.));
#7055=DIRECTION('',(0.,-1.,0.));
#7056=DIRECTION('',(1.,0.,5.42101086242753E-16));
#7057=DIRECTION('',(0.,-1.,0.));
#7058=DIRECTION('',(1.,0.,0.));
#7059=DIRECTION('',(-1.,0.,0.));
#7060=DIRECTION('',(0.,0.,1.));
#7061=DIRECTION('',(0.,1.,0.));
#7062=DIRECTION('',(0.,0.,-1.));
#7063=DIRECTION('',(0.,1.,0.));
#7064=DIRECTION('',(0.,0.,-1.));
#7065=DIRECTION('',(0.,8.67361737988403E-17,-1.));
#7066=DIRECTION('',(0.,1.,0.));
#7067=DIRECTION('',(0.,0.,-1.));
#7068=DIRECTION('',(0.,-1.,0.));
#7069=DIRECTION('',(0.,-1.,0.));
#7070=DIRECTION('',(0.,0.,1.));
#7071=DIRECTION('',(0.,-1.,0.));
#7072=DIRECTION('',(0.,0.,1.));
#7073=DIRECTION('',(0.,-1.,0.));
#7074=DIRECTION('',(0.,0.,-1.));
#7075=DIRECTION('',(0.,1.,0.));
#7076=DIRECTION('',(0.,0.,1.));
#7077=DIRECTION('',(0.,-1.,0.));
#7078=DIRECTION('',(0.,0.,1.));
#7079=DIRECTION('',(0.,1.,0.));
#7080=DIRECTION('',(0.,1.44560289664734E-16,-1.));
#7081=DIRECTION('',(0.,1.,0.));
#7082=DIRECTION('',(0.,0.,1.));
#7083=DIRECTION('',(-1.,0.,0.));
#7084=DIRECTION('',(0.,0.,1.));
#7085=DIRECTION('',(0.,1.,0.));
#7086=DIRECTION('',(0.,0.,1.));
#7087=DIRECTION('',(0.,1.,0.));
#7088=DIRECTION('',(0.,0.,1.));
#7089=DIRECTION('',(0.,1.,0.));
#7090=DIRECTION('',(0.,1.44560289664734E-16,-1.));
#7091=DIRECTION('',(0.,1.,0.));
#7092=DIRECTION('',(0.,0.,1.));
#7093=DIRECTION('',(0.,-1.,0.));
#7094=DIRECTION('',(0.,0.,1.));
#7095=DIRECTION('',(0.,1.,0.));
#7096=DIRECTION('',(0.,1.,0.));
#7097=DIRECTION('',(0.,0.,-1.));
#7098=DIRECTION('',(0.,1.,0.));
#7099=DIRECTION('',(0.,0.,-1.));
#7100=DIRECTION('',(0.,1.,0.));
#7101=DIRECTION('',(0.,-1.,0.));
#7102=DIRECTION('',(0.,0.,-1.));
#7103=DIRECTION('',(0.,1.,0.));
#7104=DIRECTION('',(0.,8.67361737988403E-17,-1.));
#7105=DIRECTION('',(0.,0.,1.));
#7106=DIRECTION('',(4.38061483832527E-16,-1.,0.));
#7107=DIRECTION('',(1.,4.38061483832527E-16,0.));
#7108=DIRECTION('',(0.707106781186548,3.09756245794621E-16,-0.707106781186548));
#7109=DIRECTION('',(1.,0.,0.));
#7110=DIRECTION('',(0.,0.,-1.));
#7111=DIRECTION('',(0.,0.,-1.));
#7112=DIRECTION('',(-1.,0.,0.));
#7113=DIRECTION('',(1.,0.,0.));
#7114=DIRECTION('',(0.,1.,0.));
#7115=DIRECTION('',(1.,-1.70740499604016E-16,0.));
#7116=DIRECTION('',(0.,-1.,0.));
#7117=DIRECTION('',(1.,0.,0.));
#7118=DIRECTION('',(0.,-1.,0.));
#7119=DIRECTION('',(-1.,0.,0.));
#7120=DIRECTION('',(0.,1.,0.));
#7121=DIRECTION('',(0.,1.,0.));
#7122=DIRECTION('',(0.,0.,1.));
#7123=DIRECTION('',(1.,0.,0.));
#7124=DIRECTION('',(0.,0.,1.));
#7125=DIRECTION('',(-1.,0.,0.));
#7126=DIRECTION('',(0.,0.,-1.));
#7127=DIRECTION('',(-1.,0.,0.));
#7128=DIRECTION('',(0.,0.,-1.));
#7129=DIRECTION('',(0.,0.,1.));
#7130=DIRECTION('',(-1.,0.,0.));
#7131=DIRECTION('',(0.,0.,1.));
#7132=DIRECTION('',(-1.,0.,0.));
#7133=DIRECTION('',(0.,0.,-1.));
#7134=DIRECTION('',(-1.,0.,0.));
#7135=DIRECTION('',(0.,0.,1.));
#7136=DIRECTION('',(-1.,0.,0.));
#7137=DIRECTION('',(0.,0.,-1.));
#7138=DIRECTION('',(-1.,0.,0.));
#7139=DIRECTION('',(0.,0.,-1.));
#7140=DIRECTION('',(0.,0.,1.));
#7141=DIRECTION('',(-1.,0.,0.));
#7142=DIRECTION('',(0.,0.,-1.));
#7143=DIRECTION('',(-1.,0.,0.));
#7144=DIRECTION('',(0.,0.,-1.));
#7145=DIRECTION('',(1.,0.,0.));
#7146=DIRECTION('',(0.,0.,1.));
#7147=DIRECTION('',(-1.,0.,0.));
#7148=DIRECTION('',(0.,0.,-1.));
#7149=DIRECTION('',(0.,0.,1.));
#7150=DIRECTION('',(1.,0.,0.));
#7151=DIRECTION('',(-1.,3.33600668457078E-16,0.));
#7152=DIRECTION('',(-0.707106781186547,0.707106781186548,0.));
#7153=DIRECTION('',(0.,1.,0.));
#7154=DIRECTION('',(1.,0.,0.));
#7155=DIRECTION('',(-6.67201336914155E-16,-1.,0.));
#7156=DIRECTION('',(-1.,3.33600668457078E-16,0.));
#7157=DIRECTION('',(-0.707106781186547,0.707106781186548,0.));
#7158=DIRECTION('',(0.,1.,0.));
#7159=DIRECTION('',(1.,0.,0.));
#7160=DIRECTION('',(-6.67201336914155E-16,-1.,0.));
#7161=DIRECTION('',(6.67201336914155E-16,-1.,0.));
#7162=DIRECTION('',(-1.,0.,0.));
#7163=DIRECTION('',(-0.707106781186547,0.707106781186547,0.));
#7164=DIRECTION('',(0.,1.,0.));
#7165=DIRECTION('',(1.,3.33600668457078E-16,0.));
#7166=DIRECTION('',(6.67201336914155E-16,-1.,0.));
#7167=DIRECTION('',(-1.,0.,0.));
#7168=DIRECTION('',(-0.707106781186547,0.707106781186548,0.));
#7169=DIRECTION('',(0.,1.,0.));
#7170=DIRECTION('',(1.,3.33600668457078E-16,0.));
#7171=DIRECTION('',(-1.,3.33600668457078E-16,0.));
#7172=DIRECTION('',(0.,1.,0.));
#7173=DIRECTION('',(1.,0.,0.));
#7174=DIRECTION('',(-6.67201336914155E-16,-1.,0.));
#7175=DIRECTION('',(-0.707106781186549,-0.707106781186546,0.));
#7176=DIRECTION('',(6.67201336914155E-16,-1.,0.));
#7177=DIRECTION('',(-1.,0.,0.));
#7178=DIRECTION('',(-0.707106781186547,0.707106781186547,0.));
#7179=DIRECTION('',(0.,1.,0.));
#7180=DIRECTION('',(1.,3.33600668457078E-16,0.));
#7181=DIRECTION('',(-1.,0.,0.));
#7182=DIRECTION('',(-1.,0.,0.));
#7183=DIRECTION('',(0.707106781186547,0.707106781186548,0.));
#7184=DIRECTION('',(1.,0.,0.));
#7185=DIRECTION('',(-0.707106781186547,0.707106781186548,0.));
#7186=DIRECTION('',(-0.707106781186547,-0.707106781186548,0.));
#7187=DIRECTION('',(-1.,0.,0.));
#7188=DIRECTION('',(-0.707106781186549,0.707106781186546,0.));
#7189=DIRECTION('',(0.,1.,0.));
#7190=DIRECTION('',(0.,1.,0.));
#7191=DIRECTION('',(1.,0.,0.));
#7192=DIRECTION('',(1.,0.,0.));
#7193=DIRECTION('',(-1.,0.,0.));
#7194=DIRECTION('',(0.,0.,1.));
#7195=DIRECTION('',(0.,1.,0.));
#7196=DIRECTION('',(0.,0.,1.));
#7197=DIRECTION('',(0.,-1.,0.));
#7198=DIRECTION('',(-1.,0.,0.));
#7199=DIRECTION('',(0.,0.,1.));
#7200=DIRECTION('',(0.,0.,-1.));
#7201=DIRECTION('',(0.,-1.,0.));
#7202=DIRECTION('',(0.,-1.,0.));
#7203=DIRECTION('',(0.,0.,-1.));
#7204=DIRECTION('',(1.,0.,0.));
#7205=DIRECTION('',(0.,0.,-1.));
#7206=DIRECTION('',(0.,-1.,0.));
#7207=DIRECTION('',(0.,0.,1.));
#7208=DIRECTION('',(0.,-1.,0.));
#7209=DIRECTION('',(0.,0.,1.));
#7210=DIRECTION('',(1.,0.,0.));
#7211=DIRECTION('',(0.,-1.,0.));
#7212=DIRECTION('',(-1.,0.,0.));
#7213=DIRECTION('',(0.,0.,1.));
#7214=DIRECTION('',(0.,0.,1.));
#7215=DIRECTION('',(-1.,0.,0.));
#7216=DIRECTION('',(0.,0.,1.));
#7217=DIRECTION('',(0.,0.894427190999916,0.447213595499958));
#7218=DIRECTION('',(0.,-1.,0.));
#7219=DIRECTION('',(0.,0.,-1.));
#7220=DIRECTION('',(0.,-1.,0.));
#7221=DIRECTION('',(0.,-1.,0.));
#7222=DIRECTION('',(0.,-0.894427190999916,0.447213595499958));
#7223=DIRECTION('',(-1.,0.,0.));
#7224=DIRECTION('',(0.,0.,1.));
#7225=DIRECTION('',(0.,0.,-1.));
#7226=DIRECTION('',(-1.,0.,0.));
#7227=DIRECTION('',(0.,1.,0.));
#7228=DIRECTION('',(-1.,0.,0.));
#7229=DIRECTION('',(0.,1.,0.));
#7230=DIRECTION('',(0.,-1.,0.));
#7231=DIRECTION('',(1.,0.,0.));
#7232=DIRECTION('',(0.,-1.,0.));
#7233=DIRECTION('',(1.,0.,0.));
#7234=DIRECTION('',(0.,-1.,0.));
#7235=DIRECTION('',(0.,0.,-1.));
#7236=DIRECTION('',(1.,0.,0.));
#7237=DIRECTION('',(0.,-1.,0.));
#7238=DIRECTION('',(0.,0.,-1.));
#7239=DIRECTION('',(0.,0.,1.));
#7240=DIRECTION('',(1.,0.,0.));
#7241=DIRECTION('',(-1.,0.,0.));
#7242=DIRECTION('',(0.,-1.,0.));
#7243=DIRECTION('',(-1.,0.,0.));
#7244=DIRECTION('',(0.,0.,1.));
#7245=DIRECTION('',(0.,0.,-1.));
#7246=DIRECTION('',(0.,-1.,0.));
#7247=DIRECTION('',(0.,0.,-1.));
#7248=DIRECTION('',(0.,-1.,-8.67361737988403E-17));
#7249=DIRECTION('',(0.,8.67361737988403E-17,-1.));
#7250=DIRECTION('',(1.,0.,0.));
#7251=DIRECTION('',(0.,0.,-1.));
#7252=DIRECTION('',(-1.,0.,0.));
#7253=DIRECTION('',(1.,0.,0.));
#7254=DIRECTION('',(0.,-1.,0.));
#7255=DIRECTION('',(0.,0.,-1.));
#7256=DIRECTION('',(1.,0.,0.));
#7257=DIRECTION('',(0.,0.,1.));
#7258=DIRECTION('',(1.,0.,0.));
#7259=DIRECTION('',(0.,1.,0.));
#7260=DIRECTION('',(0.,0.,1.));
#7261=DIRECTION('',(0.,1.,0.));
#7262=DIRECTION('',(0.,0.,1.));
#7263=DIRECTION('',(-1.,0.,0.));
#7264=DIRECTION('',(0.707106781186547,0.,-0.707106781186548));
#7265=DIRECTION('',(0.,0.,-1.));
#7266=DIRECTION('',(-1.,0.,0.));
#7267=DIRECTION('',(1.,0.,0.));
#7268=DIRECTION('',(0.,1.,0.));
#7269=DIRECTION('',(0.,0.,1.));
#7270=DIRECTION('',(1.,0.,0.));
#7271=DIRECTION('',(0.,0.,1.));
#7272=DIRECTION('',(1.,0.,0.));
#7273=DIRECTION('',(1.,0.,0.));
#7274=DIRECTION('',(0.,1.,0.));
#7275=DIRECTION('',(0.,0.,1.));
#7276=DIRECTION('',(0.,-1.,-1.44560289664734E-16));
#7277=DIRECTION('',(0.,1.44560289664734E-16,-1.));
#7278=DIRECTION('',(1.,0.,0.));
#7279=DIRECTION('',(0.,0.,-1.));
#7280=DIRECTION('',(-1.,0.,0.));
#7281=DIRECTION('',(1.,0.,0.));
#7282=DIRECTION('',(0.,1.,0.));
#7283=DIRECTION('',(0.,0.,1.));
#7284=DIRECTION('',(1.70740499604016E-16,1.,0.));
#7285=DIRECTION('',(-1.,1.70740499604016E-16,0.));
#7286=DIRECTION('',(1.70740499604016E-16,1.,0.));
#7287=DIRECTION('',(-1.,1.70740499604016E-16,0.));
#7288=DIRECTION('',(0.,0.,1.));
#7289=DIRECTION('',(-0.707106781186547,1.20731765093179E-16,0.707106781186548));
#7290=DIRECTION('',(1.,-1.70740499604016E-16,0.));
#7291=DIRECTION('',(0.707106781186548,-1.20731765093179E-16,0.707106781186548));
#7292=DIRECTION('',(-1.,-4.38061483832527E-16,0.));
#7293=DIRECTION('',(-1.,0.,0.));
#7294=DIRECTION('',(0.,0.,1.));
#7295=DIRECTION('',(0.,0.,1.));
#7296=DIRECTION('',(1.,0.,0.));
#7297=DIRECTION('',(0.,0.,-1.));
#7298=DIRECTION('',(0.,0.,-1.));
#7299=DIRECTION('',(0.,-1.,0.));
#7300=DIRECTION('',(0.,0.,-1.));
#7301=DIRECTION('',(0.,0.,-1.));
#7302=DIRECTION('',(0.,-1.,0.));
#7303=DIRECTION('',(0.,0.,-1.));
#7304=DIRECTION('',(0.,-1.,0.));
#7305=DIRECTION('',(0.,0.,-1.));
#7306=DIRECTION('',(0.,0.,-1.));
#7307=DIRECTION('',(1.,0.,0.));
#7308=DIRECTION('',(0.,0.,-1.));
#7309=DIRECTION('',(0.,-1.,0.));
#7310=DIRECTION('',(0.,0.,-1.));
#7311=DIRECTION('',(0.,-1.,0.));
#7312=DIRECTION('',(0.,0.,-1.));
#7313=DIRECTION('',(0.,0.,-1.));
#7314=DIRECTION('',(1.,0.,0.));
#7315=DIRECTION('',(0.,0.,-1.));
#7316=DIRECTION('',(0.,-1.,0.));
#7317=DIRECTION('',(0.,0.,-1.));
#7318=DIRECTION('',(0.,-1.,0.));
#7319=DIRECTION('',(0.,0.,-1.));
#7320=DIRECTION('',(0.,0.,-1.));
#7321=DIRECTION('',(1.,0.,0.));
#7322=DIRECTION('',(0.,0.,1.));
#7323=DIRECTION('',(1.,0.,0.));
#7324=DIRECTION('',(0.,1.,0.));
#7325=DIRECTION('',(1.,3.73862818098445E-16,0.));
#7326=DIRECTION('',(0.,1.,0.));
#7327=DIRECTION('',(-1.,0.,0.));
#7328=DIRECTION('',(0.,1.,0.));
#7329=DIRECTION('',(0.,-1.,0.));
#7330=DIRECTION('',(0.,0.,-1.));
#7331=DIRECTION('',(0.707106781186547,0.,0.707106781186548));
#7332=DIRECTION('',(-1.,0.,0.));
#7333=DIRECTION('',(0.,0.,-1.));
#7334=DIRECTION('',(1.,0.,0.));
#7335=DIRECTION('',(0.,0.,-1.));
#7336=DIRECTION('',(0.,0.,1.));
#7337=DIRECTION('',(0.,1.,0.));
#7338=DIRECTION('',(0.,0.,1.));
#7339=DIRECTION('',(0.,-1.,0.));
#7340=DIRECTION('',(0.,0.,-1.));
#7341=DIRECTION('',(1.0734674975104E-16,1.,0.));
#7342=DIRECTION('',(-1.,1.0734674975104E-16,0.));
#7343=DIRECTION('',(-0.707106781186547,7.59056146872958E-17,-0.707106781186548));
#7344=DIRECTION('',(1.,-1.0734674975104E-16,0.));
#7345=DIRECTION('',(0.,0.,1.));
#7346=DIRECTION('',(1.,0.,0.));
#7347=DIRECTION('',(3.73862818098445E-16,-1.,0.));
#7348=DIRECTION('',(1.,3.73862818098445E-16,0.));
#7349=DIRECTION('',(-0.707106781186548,-2.64360933910923E-16,0.707106781186548));
#7350=DIRECTION('',(1.,3.73862818098445E-16,0.));
#7351=DIRECTION('',(0.,0.,1.));
#7352=DIRECTION('',(1.,0.,0.));
#7353=DIRECTION('',(0.,0.,-1.));
#7354=DIRECTION('',(0.,1.,0.));
#7355=DIRECTION('',(0.,0.,1.));
#7356=DIRECTION('',(0.,1.,0.));
#7357=DIRECTION('',(0.,0.,1.));
#7358=DIRECTION('',(0.707106781186548,0.,-0.707106781186548));
#7359=DIRECTION('',(-1.,0.,0.));
#7360=DIRECTION('',(0.,0.,1.));
#7361=DIRECTION('',(1.,0.,0.));
#7362=DIRECTION('',(0.707106781186548,0.,-0.707106781186547));
#7363=DIRECTION('',(0.,1.,0.));
#7364=DIRECTION('',(0.707106781186548,0.,-0.707106781186547));
#7365=DIRECTION('',(0.,1.,0.));
#7366=DIRECTION('',(-0.707106781186547,0.,-0.707106781186547));
#7367=DIRECTION('',(0.,1.,0.));
#7368=DIRECTION('',(-0.707106781186547,0.,-0.707106781186547));
#7369=DIRECTION('',(0.,1.,0.));
#7370=DIRECTION('',(0.,0.,-1.));
#7371=DIRECTION('',(-1.,0.,0.));
#7372=DIRECTION('',(-1.,0.,0.));
#7373=DIRECTION('',(-1.,0.,0.));
#7374=DIRECTION('',(0.,1.,0.));
#7375=DIRECTION('',(0.,0.,1.));
#7376=DIRECTION('',(0.,0.,1.));
#7377=DIRECTION('',(1.,0.,0.));
#7378=DIRECTION('',(0.,-1.,0.));
#7379=DIRECTION('',(-1.,0.,0.));
#7380=DIRECTION('',(0.,-1.,0.));
#7381=DIRECTION('',(1.,0.,-2.56784725062356E-15));
#7382=DIRECTION('',(0.,0.,-1.));
#7383=DIRECTION('',(-1.,0.,0.));
#7384=DIRECTION('',(1.,0.,0.));
#7385=DIRECTION('',(0.,-1.,0.));
#7386=DIRECTION('',(-1.,0.,-2.28253088944317E-15));
#7387=DIRECTION('',(0.,-1.,0.));
#7388=DIRECTION('',(0.,-1.,0.));
#7389=DIRECTION('',(0.,0.,-1.));
#7390=DIRECTION('',(0.,-1.,0.));
#7391=DIRECTION('',(0.,0.,-1.));
#7392=DIRECTION('',(0.,-1.,0.));
#7393=DIRECTION('',(0.,0.,-1.));
#7394=DIRECTION('',(0.,1.,0.));
#7395=DIRECTION('',(0.,0.,1.));
#7396=DIRECTION('',(0.,1.,0.));
#7397=DIRECTION('',(0.,0.,1.));
#7398=DIRECTION('',(0.,1.,0.));
#7399=DIRECTION('',(0.,0.,1.));
#7400=DIRECTION('',(-1.,0.,0.));
#7401=DIRECTION('',(0.,1.,0.));
#7402=DIRECTION('',(0.,0.,1.));
#7403=DIRECTION('',(1.,0.,0.));
#7404=DIRECTION('',(0.,1.,0.));
#7405=DIRECTION('',(0.,0.,1.));
#7406=DIRECTION('',(0.,-0.447213595499958,0.894427190999916));
#7407=DIRECTION('',(-1.,0.,0.));
#7408=DIRECTION('',(-1.,0.,0.));
#7409=DIRECTION('',(0.,-0.447213595499958,-0.894427190999916));
#7410=DIRECTION('',(1.,0.,0.));
#7411=DIRECTION('',(1.,0.,0.));
#7412=DIRECTION('',(-1.,0.,0.));
#7413=DIRECTION('',(0.,0.,1.));
#7414=DIRECTION('',(1.,0.,0.));
#7415=DIRECTION('',(0.,0.,-1.));
#7416=DIRECTION('',(0.,-1.,0.));
#7417=DIRECTION('',(0.,0.,-1.));
#7418=DIRECTION('',(0.,1.,0.));
#7419=DIRECTION('',(0.,0.,1.));
#7420=DIRECTION('',(0.,1.,0.));
#7421=DIRECTION('',(0.,0.,1.));
#7422=DIRECTION('',(0.,0.,1.));
#7423=DIRECTION('',(1.,0.,0.));
#7424=DIRECTION('',(0.,-1.,0.));
#7425=DIRECTION('',(0.,-1.,0.));
#7426=DIRECTION('',(-1.,0.,0.));
#7427=DIRECTION('',(0.,0.,1.));
#7428=DIRECTION('',(0.,0.,-1.));
#7429=DIRECTION('',(1.,0.,0.));
#7430=DIRECTION('',(0.,0.,-1.));
#7431=DIRECTION('',(0.,-0.894427190999916,-0.447213595499958));
#7432=DIRECTION('',(1.,0.,0.));
#7433=DIRECTION('',(0.,0.,-1.));
#7434=DIRECTION('',(0.,0.,-1.));
#7435=DIRECTION('',(1.,0.,0.));
#7436=DIRECTION('',(0.,0.,-1.));
#7437=DIRECTION('',(0.,0.894427190999916,-0.447213595499958));
#7438=DIRECTION('',(0.,-1.,0.));
#7439=DIRECTION('',(0.,0.,1.));
#7440=DIRECTION('',(0.,-1.,0.));
#7441=DIRECTION('',(0.,-1.,0.));
#7442=DIRECTION('',(0.,0.,-1.));
#7443=DIRECTION('',(0.,-1.,0.));
#7444=DIRECTION('',(0.,0.,-1.));
#7445=DIRECTION('',(1.,0.,0.));
#7446=DIRECTION('',(0.,0.,1.));
#7447=DIRECTION('',(1.,0.,0.));
#7448=DIRECTION('',(0.,-1.,0.));
#7449=DIRECTION('',(-1.,0.,0.));
#7450=DIRECTION('',(1.,0.,0.));
#7451=DIRECTION('',(0.,0.,-1.));
#7452=DIRECTION('',(0.,0.,1.));
#7453=DIRECTION('',(0.,-1.,0.));
#7454=DIRECTION('',(0.,0.,-1.));
#7455=DIRECTION('',(0.,0.,1.));
#7456=DIRECTION('',(1.,0.,0.));
#7457=DIRECTION('',(-1.,0.,0.));
#7458=DIRECTION('',(0.,1.,0.));
#7459=DIRECTION('',(0.,0.,1.));
#7460=DIRECTION('',(-1.,0.,0.));
#7461=DIRECTION('',(0.,0.,-1.));
#7462=DIRECTION('',(-1.,0.,0.));
#7463=DIRECTION('',(-1.,0.,0.));
#7464=DIRECTION('',(0.,-1.,-1.44560289664734E-16));
#7465=DIRECTION('',(0.,1.44560289664734E-16,-1.));
#7466=DIRECTION('',(0.,1.,0.));
#7467=DIRECTION('',(0.,0.,1.));
#7468=DIRECTION('',(-1.,0.,0.));
#7469=DIRECTION('',(0.,0.,1.));
#7470=DIRECTION('',(1.,0.,0.));
#7471=DIRECTION('',(-1.,0.,0.));
#7472=DIRECTION('',(0.,1.,0.));
#7473=DIRECTION('',(0.,0.,1.));
#7474=DIRECTION('',(-1.,0.,0.));
#7475=DIRECTION('',(0.,0.,-1.));
#7476=DIRECTION('',(-1.,0.,0.));
#7477=DIRECTION('',(0.,-1.,0.));
#7478=DIRECTION('',(0.,0.,-1.));
#7479=DIRECTION('',(-1.,0.,0.));
#7480=DIRECTION('',(0.,0.,-1.));
#7481=DIRECTION('',(-1.,0.,0.));
#7482=DIRECTION('',(-1.,0.,0.));
#7483=DIRECTION('',(0.,-1.,-8.67361737988403E-17));
#7484=DIRECTION('',(0.,8.67361737988403E-17,-1.));
#7485=DIRECTION('',(0.,0.,1.));
#7486=DIRECTION('',(1.,0.,0.));
#7487=DIRECTION('',(1.,-3.73862818098445E-16,0.));
#7488=DIRECTION('',(0.,-1.,0.));
#7489=DIRECTION('',(0.,-1.,0.));
#7490=DIRECTION('',(-1.,0.,0.));
#7491=DIRECTION('',(0.,-1.,0.));
#7492=DIRECTION('',(0.,-1.,0.));
#7493=DIRECTION('',(0.,0.,-1.));
#7494=DIRECTION('',(0.707106781186547,0.,-0.707106781186548));
#7495=DIRECTION('',(0.,0.,-1.));
#7496=DIRECTION('',(-1.,0.,0.));
#7497=DIRECTION('',(-1.0734674975104E-16,1.,0.));
#7498=DIRECTION('',(-1.,-1.0734674975104E-16,0.));
#7499=DIRECTION('',(-0.707106781186547,-7.59056146872958E-17,0.707106781186548));
#7500=DIRECTION('',(1.,1.0734674975104E-16,0.));
#7501=DIRECTION('',(0.,0.,-1.));
#7502=DIRECTION('',(-1.,0.,0.));
#7503=DIRECTION('',(0.,0.,1.));
#7504=DIRECTION('',(0.,0.,1.));
#7505=DIRECTION('',(0.,-1.,0.));
#7506=DIRECTION('',(0.,0.,1.));
#7507=DIRECTION('',(0.,1.,0.));
#7508=DIRECTION('',(0.,0.,1.));
#7509=DIRECTION('',(1.,0.,0.));
#7510=DIRECTION('',(-1.,0.,0.));
#7511=DIRECTION('',(0.,0.,1.));
#7512=DIRECTION('',(0.,0.,1.));
#7513=DIRECTION('',(0.,-1.,0.));
#7514=DIRECTION('',(0.,0.,1.));
#7515=DIRECTION('',(-3.73862818098445E-16,-1.,0.));
#7516=DIRECTION('',(1.,-3.73862818098445E-16,0.));
#7517=DIRECTION('',(0.707106781186548,-2.64360933910923E-16,0.707106781186548));
#7518=DIRECTION('',(1.,-3.73862818098445E-16,0.));
#7519=DIRECTION('',(0.,1.,0.));
#7520=DIRECTION('',(0.,0.,1.));
#7521=DIRECTION('',(-0.707106781186548,0.,-0.707106781186548));
#7522=DIRECTION('',(-1.,0.,0.));
#7523=DIRECTION('',(0.,0.,1.));
#7524=DIRECTION('',(1.,0.,0.));
#7525=DIRECTION('',(-0.707106781186548,0.,-0.707106781186547));
#7526=DIRECTION('',(0.,-1.,0.));
#7527=DIRECTION('',(-0.707106781186548,0.,-0.707106781186547));
#7528=DIRECTION('',(0.,-1.,0.));
#7529=DIRECTION('',(-0.707106781186547,0.,0.707106781186547));
#7530=DIRECTION('',(0.,1.,0.));
#7531=DIRECTION('',(-0.707106781186547,0.,0.707106781186547));
#7532=DIRECTION('',(0.,1.,0.));
#7533=DIRECTION('',(0.,0.,-1.));
#7534=DIRECTION('',(-1.,0.,0.));
#7535=DIRECTION('',(-1.,0.,0.));
#7536=DIRECTION('',(-1.,0.,0.));
#7537=DIRECTION('',(0.,1.,0.));
#7538=DIRECTION('',(0.,0.,1.));
#7539=DIRECTION('',(0.,0.,1.));
#7540=DIRECTION('',(1.,0.,0.));
#7541=DIRECTION('',(-1.,0.,0.));
#7542=DIRECTION('',(0.,-1.,0.));
#7543=DIRECTION('',(1.,0.,2.56784725062356E-15));
#7544=DIRECTION('',(0.,-1.,0.));
#7545=DIRECTION('',(0.,-1.,0.));
#7546=DIRECTION('',(0.,0.,-1.));
#7547=DIRECTION('',(0.,-1.,0.));
#7548=DIRECTION('',(0.,0.,-1.));
#7549=DIRECTION('',(0.,-1.,0.));
#7550=DIRECTION('',(0.,0.,-1.));
#7551=DIRECTION('',(-1.,0.,0.));
#7552=DIRECTION('',(0.,-1.,0.));
#7553=DIRECTION('',(1.,0.,0.));
#7554=DIRECTION('',(-1.,0.,2.28253088944317E-15));
#7555=DIRECTION('',(0.,-1.,0.));
#7556=DIRECTION('',(0.,0.,-1.));
#7557=DIRECTION('',(0.,1.,0.));
#7558=DIRECTION('',(0.,0.,1.));
#7559=DIRECTION('',(0.,1.,0.));
#7560=DIRECTION('',(0.,0.,1.));
#7561=DIRECTION('',(0.,1.,0.));
#7562=DIRECTION('',(0.,0.,1.));
#7563=DIRECTION('',(1.,0.,0.));
#7564=DIRECTION('',(0.,1.,0.));
#7565=DIRECTION('',(0.,0.,1.));
#7566=DIRECTION('',(-1.,0.,0.));
#7567=DIRECTION('',(0.,1.,0.));
#7568=DIRECTION('',(0.,0.,1.));
#7569=DIRECTION('',(0.,-0.447213595499958,0.894427190999916));
#7570=DIRECTION('',(-1.,0.,0.));
#7571=DIRECTION('',(-1.,0.,0.));
#7572=DIRECTION('',(0.,-0.447213595499958,-0.894427190999916));
#7573=DIRECTION('',(1.,0.,0.));
#7574=DIRECTION('',(1.,0.,0.));
#7575=DIRECTION('',(-1.,0.,0.));
#7576=DIRECTION('',(0.,0.,1.));
#7577=DIRECTION('',(1.,0.,0.));
#7578=DIRECTION('',(0.,0.,-1.));
#7579=DIRECTION('',(0.,-1.,0.));
#7580=DIRECTION('',(0.,0.,-1.));
#7581=DIRECTION('',(0.,1.,0.));
#7582=DIRECTION('',(0.,0.,1.));
#7583=DIRECTION('',(0.,1.,0.));
#7584=DIRECTION('',(0.,0.,1.));
#7585=DIRECTION('',(0.,0.702898960738023,-0.711289709607419));
#7586=DIRECTION('',(0.,0.711289709607419,0.702898960738023));
#7587=DIRECTION('',(0.,-0.711289709607419,-0.702898960738023));
#7588=DIRECTION('',(-1.,0.,0.));
#7589=DIRECTION('',(0.,-0.711289709607419,-0.702898960738023));
#7590=DIRECTION('',(0.,1.,0.));
#7591=DIRECTION('',(0.,0.,1.));
#7592=DIRECTION('',(0.,0.,-1.));
#7593=DIRECTION('',(-1.,0.,0.));
#7594=DIRECTION('',(0.,0.,-1.));
#7595=DIRECTION('',(-1.,0.,0.));
#7596=DIRECTION('',(0.,0.,1.));
#7597=DIRECTION('',(-1.,0.,0.));
#7598=DIRECTION('',(0.,-1.,0.));
#7599=DIRECTION('',(-1.,0.,0.));
#7600=DIRECTION('',(0.,-1.,0.));
#7601=DIRECTION('',(-1.,0.,0.));
#7602=DIRECTION('',(0.,0.,1.));
#7603=DIRECTION('',(-1.,0.,0.));
#7604=DIRECTION('',(0.,0.,1.));
#7605=DIRECTION('',(-1.,0.,0.));
#7606=DIRECTION('',(0.,0.,1.));
#7607=DIRECTION('',(0.,-1.,0.));
#7608=DIRECTION('',(0.,0.,-1.));
#7609=DIRECTION('',(1.,0.,0.));
#7610=DIRECTION('',(0.,0.,-1.));
#7611=DIRECTION('',(0.,0.,1.));
#7612=DIRECTION('',(0.,-1.,0.));
#7613=DIRECTION('',(0.,0.,-1.));
#7614=DIRECTION('',(-1.,0.,0.));
#7615=DIRECTION('',(1.,0.,0.));
#7616=DIRECTION('',(0.,1.,0.));
#7617=DIRECTION('',(0.,0.,1.));
#7618=DIRECTION('',(0.,1.,0.));
#7619=DIRECTION('',(0.,0.,1.));
#7620=DIRECTION('',(0.,1.,0.));
#7621=DIRECTION('',(0.,0.,1.));
#7622=DIRECTION('',(0.,1.,0.));
#7623=DIRECTION('',(0.,0.,1.));
#7624=DIRECTION('',(0.,1.,0.));
#7625=DIRECTION('',(0.,0.,1.));
#7626=DIRECTION('',(0.,1.,0.));
#7627=DIRECTION('',(0.,0.,1.));
#7628=DIRECTION('',(0.,1.,0.));
#7629=DIRECTION('',(0.,0.,1.));
#7630=DIRECTION('',(1.,0.,0.));
#7631=DIRECTION('',(0.,0.,-1.));
#7632=DIRECTION('',(0.,0.,1.));
#7633=DIRECTION('',(0.,0.,1.));
#7634=DIRECTION('',(0.,1.,0.));
#7635=DIRECTION('',(0.,0.,1.));
#7636=DIRECTION('',(0.,-1.,0.));
#7637=DIRECTION('',(0.,-1.,0.));
#7638=DIRECTION('',(-1.,0.,0.));
#7639=DIRECTION('',(0.,0.,1.));
#7640=DIRECTION('',(0.,0.,-1.));
#7641=DIRECTION('',(0.,1.,0.));
#7642=DIRECTION('',(0.,1.,0.));
#7643=DIRECTION('',(0.,0.,1.));
#7644=DIRECTION('',(0.,-1.,0.));
#7645=DIRECTION('',(0.,0.,1.));
#7646=DIRECTION('',(0.,0.,-1.));
#7647=DIRECTION('',(-1.,0.,0.));
#7648=DIRECTION('',(1.,0.,0.));
#7649=DIRECTION('',(0.,1.,0.));
#7650=DIRECTION('',(0.,0.,1.));
#7651=DIRECTION('',(0.,-1.,0.));
#7652=DIRECTION('',(0.,0.,-1.));
#7653=DIRECTION('',(0.,1.,0.));
#7654=DIRECTION('',(0.,0.,1.));
#7655=DIRECTION('',(0.,-1.,0.));
#7656=DIRECTION('',(0.,0.,-1.));
#7657=DIRECTION('',(-1.,-6.67201336914155E-16,0.));
#7658=DIRECTION('',(6.67201336914155E-16,-1.,0.));
#7659=DIRECTION('',(0.,0.,1.));
#7660=DIRECTION('',(6.67201336914155E-16,-1.,0.));
#7661=DIRECTION('',(0.,0.,1.));
#7662=DIRECTION('',(3.33600668457078E-16,-1.,0.));
#7663=DIRECTION('',(1.,3.33600668457078E-16,0.));
#7664=DIRECTION('',(0.,0.,1.));
#7665=DIRECTION('',(1.,3.33600668457078E-16,0.));
#7666=DIRECTION('',(1.,0.,0.));
#7667=DIRECTION('',(0.,0.,-1.));
#7668=DIRECTION('',(0.,0.,-1.));
#7669=DIRECTION('',(0.,1.,0.));
#7670=DIRECTION('',(0.,1.,0.));
#7671=DIRECTION('',(0.,0.,1.));
#7672=DIRECTION('',(-1.,0.,0.));
#7673=DIRECTION('',(0.,0.,1.));
#7674=DIRECTION('',(0.,0.,1.));
#7675=DIRECTION('',(1.,0.,0.));
#7676=DIRECTION('',(-1.,0.,0.));
#7677=DIRECTION('',(1.,0.,0.));
#7678=DIRECTION('',(0.707106781186547,-0.707106781186547,0.));
#7679=DIRECTION('',(0.,-1.,0.));
#7680=DIRECTION('',(0.,0.,-1.));
#7681=DIRECTION('',(0.,1.,0.));
#7682=DIRECTION('',(0.,0.,1.));
#7683=DIRECTION('',(3.33600668457078E-16,1.,0.));
#7684=DIRECTION('',(-1.,3.33600668457078E-16,0.));
#7685=DIRECTION('',(0.,0.,-1.));
#7686=DIRECTION('',(-1.,3.33600668457078E-16,0.));
#7687=DIRECTION('',(0.,0.,1.));
#7688=DIRECTION('',(-1.,6.67201336914155E-16,0.));
#7689=DIRECTION('',(-6.67201336914155E-16,-1.,0.));
#7690=DIRECTION('',(-6.67201336914155E-16,-1.,0.));
#7691=DIRECTION('',(0.,0.,1.));
#7692=DIRECTION('',(0.,0.,1.));
#7693=DIRECTION('',(0.,-1.,0.));
#7694=DIRECTION('',(0.,0.,-1.));
#7695=DIRECTION('',(0.,0.,1.));
#7696=DIRECTION('',(1.,0.,0.));
#7697=DIRECTION('',(1.,0.,0.));
#7698=DIRECTION('',(0.,0.,-1.));
#7699=DIRECTION('',(0.,1.,0.));
#7700=DIRECTION('',(0.,0.,1.));
#7701=DIRECTION('',(1.,0.,0.));
#7702=DIRECTION('',(-1.,0.,0.));
#7703=DIRECTION('',(1.,0.,0.));
#7704=DIRECTION('',(0.707106781186549,0.707106781186546,0.));
#7705=DIRECTION('',(0.,1.,0.));
#7706=DIRECTION('',(0.,0.,1.));
#7707=DIRECTION('',(0.,-1.,0.));
#7708=DIRECTION('',(0.,0.,-1.));
#7709=DIRECTION('',(1.,0.,0.));
#7710=DIRECTION('',(0.,0.,-1.));
#7711=DIRECTION('',(0.,0.,1.));
#7712=DIRECTION('',(0.,0.,1.));
#7713=DIRECTION('',(0.,1.,0.));
#7714=DIRECTION('',(0.,0.,1.));
#7715=DIRECTION('',(0.,-1.,0.));
#7716=DIRECTION('',(0.,-1.,0.));
#7717=DIRECTION('',(-1.,0.,0.));
#7718=DIRECTION('',(0.,0.,1.));
#7719=DIRECTION('',(0.,0.,-1.));
#7720=DIRECTION('',(0.,1.,0.));
#7721=DIRECTION('',(0.,1.,0.));
#7722=DIRECTION('',(0.,0.,1.));
#7723=DIRECTION('',(0.,-1.,0.));
#7724=DIRECTION('',(0.,0.,1.));
#7725=DIRECTION('',(0.,0.,-1.));
#7726=DIRECTION('',(-1.,0.,0.));
#7727=DIRECTION('',(1.,0.,0.));
#7728=DIRECTION('',(0.,1.,0.));
#7729=DIRECTION('',(0.,0.,1.));
#7730=DIRECTION('',(0.,-1.,0.));
#7731=DIRECTION('',(0.,0.,-1.));
#7732=DIRECTION('',(0.,1.,0.));
#7733=DIRECTION('',(0.,0.,1.));
#7734=DIRECTION('',(0.,-1.,0.));
#7735=DIRECTION('',(0.,0.,-1.));
#7736=DIRECTION('',(-1.,-6.67201336914155E-16,0.));
#7737=DIRECTION('',(6.67201336914155E-16,-1.,0.));
#7738=DIRECTION('',(0.,0.,1.));
#7739=DIRECTION('',(6.67201336914155E-16,-1.,0.));
#7740=DIRECTION('',(0.,0.,1.));
#7741=DIRECTION('',(3.33600668457078E-16,-1.,0.));
#7742=DIRECTION('',(1.,3.33600668457078E-16,0.));
#7743=DIRECTION('',(0.,0.,1.));
#7744=DIRECTION('',(1.,3.33600668457078E-16,0.));
#7745=DIRECTION('',(1.,0.,0.));
#7746=DIRECTION('',(0.,0.,-1.));
#7747=DIRECTION('',(0.,0.,-1.));
#7748=DIRECTION('',(0.,1.,0.));
#7749=DIRECTION('',(0.,1.,0.));
#7750=DIRECTION('',(0.,0.,1.));
#7751=DIRECTION('',(-1.,0.,0.));
#7752=DIRECTION('',(0.,0.,1.));
#7753=DIRECTION('',(0.,0.,1.));
#7754=DIRECTION('',(1.,0.,0.));
#7755=DIRECTION('',(-1.,0.,0.));
#7756=DIRECTION('',(1.,0.,0.));
#7757=DIRECTION('',(0.707106781186547,-0.707106781186548,0.));
#7758=DIRECTION('',(0.,-1.,0.));
#7759=DIRECTION('',(0.,0.,-1.));
#7760=DIRECTION('',(0.,1.,0.));
#7761=DIRECTION('',(0.,0.,1.));
#7762=DIRECTION('',(1.,0.,0.));
#7763=DIRECTION('',(0.,0.,-1.));
#7764=DIRECTION('',(0.,0.,1.));
#7765=DIRECTION('',(0.,0.,1.));
#7766=DIRECTION('',(0.,1.,0.));
#7767=DIRECTION('',(0.,0.,1.));
#7768=DIRECTION('',(0.,-1.,0.));
#7769=DIRECTION('',(0.,-1.,0.));
#7770=DIRECTION('',(-1.,0.,0.));
#7771=DIRECTION('',(0.,0.,1.));
#7772=DIRECTION('',(0.,0.,-1.));
#7773=DIRECTION('',(0.,1.,0.));
#7774=DIRECTION('',(0.,1.,0.));
#7775=DIRECTION('',(0.,0.,1.));
#7776=DIRECTION('',(0.,-1.,0.));
#7777=DIRECTION('',(0.,0.,1.));
#7778=DIRECTION('',(0.,0.,-1.));
#7779=DIRECTION('',(-1.,0.,0.));
#7780=DIRECTION('',(1.,0.,0.));
#7781=DIRECTION('',(0.,1.,0.));
#7782=DIRECTION('',(0.,0.,1.));
#7783=DIRECTION('',(0.,-1.,0.));
#7784=DIRECTION('',(0.,0.,-1.));
#7785=DIRECTION('',(0.,1.,0.));
#7786=DIRECTION('',(0.,0.,1.));
#7787=DIRECTION('',(0.,-1.,0.));
#7788=DIRECTION('',(0.,0.,-1.));
#7789=DIRECTION('',(-1.,-6.67201336914155E-16,0.));
#7790=DIRECTION('',(6.67201336914155E-16,-1.,0.));
#7791=DIRECTION('',(0.,0.,1.));
#7792=DIRECTION('',(6.67201336914155E-16,-1.,0.));
#7793=DIRECTION('',(0.,0.,1.));
#7794=DIRECTION('',(3.33600668457078E-16,-1.,0.));
#7795=DIRECTION('',(1.,3.33600668457078E-16,0.));
#7796=DIRECTION('',(0.,0.,1.));
#7797=DIRECTION('',(1.,3.33600668457078E-16,0.));
#7798=DIRECTION('',(1.,0.,0.));
#7799=DIRECTION('',(0.,0.,-1.));
#7800=DIRECTION('',(0.,0.,-1.));
#7801=DIRECTION('',(0.,1.,0.));
#7802=DIRECTION('',(0.,1.,0.));
#7803=DIRECTION('',(0.,0.,1.));
#7804=DIRECTION('',(-1.,0.,0.));
#7805=DIRECTION('',(0.,0.,1.));
#7806=DIRECTION('',(0.,0.,1.));
#7807=DIRECTION('',(1.,0.,0.));
#7808=DIRECTION('',(-1.,0.,0.));
#7809=DIRECTION('',(1.,0.,0.));
#7810=DIRECTION('',(0.707106781186547,-0.707106781186547,0.));
#7811=DIRECTION('',(0.,-1.,0.));
#7812=DIRECTION('',(0.,0.,-1.));
#7813=DIRECTION('',(0.,1.,0.));
#7814=DIRECTION('',(0.,0.,1.));
#7815=DIRECTION('',(3.33600668457078E-16,1.,0.));
#7816=DIRECTION('',(-1.,3.33600668457078E-16,0.));
#7817=DIRECTION('',(-1.,3.33600668457078E-16,0.));
#7818=DIRECTION('',(0.,0.,1.));
#7819=DIRECTION('',(0.,0.,1.));
#7820=DIRECTION('',(-1.,6.67201336914155E-16,0.));
#7821=DIRECTION('',(-6.67201336914155E-16,-1.,0.));
#7822=DIRECTION('',(0.,0.,1.));
#7823=DIRECTION('',(-6.67201336914155E-16,-1.,0.));
#7824=DIRECTION('',(0.,-1.,0.));
#7825=DIRECTION('',(0.,0.,-1.));
#7826=DIRECTION('',(0.,0.,1.));
#7827=DIRECTION('',(1.,0.,0.));
#7828=DIRECTION('',(1.,0.,0.));
#7829=DIRECTION('',(0.,0.,-1.));
#7830=DIRECTION('',(0.,0.,-1.));
#7831=DIRECTION('',(0.,1.,0.));
#7832=DIRECTION('',(0.,0.,1.));
#7833=DIRECTION('',(1.,0.,0.));
#7834=DIRECTION('',(-1.,0.,0.));
#7835=DIRECTION('',(1.,0.,0.));
#7836=DIRECTION('',(0.707106781186547,-0.707106781186548,0.));
#7837=DIRECTION('',(0.,1.,0.));
#7838=DIRECTION('',(0.,0.,1.));
#7839=DIRECTION('',(0.,-1.,0.));
#7840=DIRECTION('',(0.,0.,-1.));
#7841=DIRECTION('',(3.33600668457078E-16,1.,0.));
#7842=DIRECTION('',(-1.,3.33600668457078E-16,0.));
#7843=DIRECTION('',(-1.,3.33600668457078E-16,0.));
#7844=DIRECTION('',(0.,0.,1.));
#7845=DIRECTION('',(0.,0.,1.));
#7846=DIRECTION('',(-1.,6.67201336914155E-16,0.));
#7847=DIRECTION('',(-6.67201336914155E-16,-1.,0.));
#7848=DIRECTION('',(0.,0.,1.));
#7849=DIRECTION('',(-6.67201336914155E-16,-1.,0.));
#7850=DIRECTION('',(0.,-1.,0.));
#7851=DIRECTION('',(0.,0.,-1.));
#7852=DIRECTION('',(0.,0.,1.));
#7853=DIRECTION('',(1.,0.,0.));
#7854=DIRECTION('',(1.,0.,0.));
#7855=DIRECTION('',(0.,0.,-1.));
#7856=DIRECTION('',(0.,0.,-1.));
#7857=DIRECTION('',(0.,1.,0.));
#7858=DIRECTION('',(0.,0.,1.));
#7859=DIRECTION('',(1.,0.,0.));
#7860=DIRECTION('',(-1.,0.,0.));
#7861=DIRECTION('',(1.,0.,0.));
#7862=DIRECTION('',(0.707106781186547,-0.707106781186548,0.));
#7863=DIRECTION('',(0.,1.,0.));
#7864=DIRECTION('',(0.,0.,1.));
#7865=DIRECTION('',(0.,-1.,0.));
#7866=DIRECTION('',(0.,0.,-1.));
#7867=DIRECTION('',(-1.,0.,0.));
#7868=DIRECTION('',(0.,0.,1.));
#7869=DIRECTION('',(0.,0.,1.));
#7870=DIRECTION('',(0.,1.,0.));
#7871=DIRECTION('',(0.,0.,-1.));
#7872=DIRECTION('',(0.,1.,0.));
#7873=DIRECTION('',(1.,0.,0.));
#7874=DIRECTION('',(0.,0.,-1.));
#7875=DIRECTION('',(0.,-1.,0.));
#7876=DIRECTION('',(0.,0.,-1.));
#7877=DIRECTION('',(0.,-1.,0.));
#7878=DIRECTION('',(0.,0.,1.));
#7879=DIRECTION('',(0.,0.,-1.));
#7880=DIRECTION('',(-1.,0.,0.));
#7881=DIRECTION('',(-1.,0.,0.));
#7882=DIRECTION('',(0.,0.,1.));
#7883=DIRECTION('',(0.,0.,1.));
#7884=DIRECTION('',(0.,1.,0.));
#7885=DIRECTION('',(0.,0.,-1.));
#7886=DIRECTION('',(0.,1.,0.));
#7887=DIRECTION('',(1.,0.,0.));
#7888=DIRECTION('',(0.,0.,-1.));
#7889=DIRECTION('',(0.,-1.,0.));
#7890=DIRECTION('',(0.,0.,-1.));
#7891=DIRECTION('',(0.,-1.,0.));
#7892=DIRECTION('',(0.,0.,1.));
#7893=DIRECTION('',(0.,0.,-1.));
#7894=DIRECTION('',(-1.,0.,0.));
#7895=DIRECTION('',(-0.707106781186548,-0.707106781186547,0.));
#7896=DIRECTION('',(0.,0.,-1.));
#7897=DIRECTION('',(-0.707106781186548,-0.707106781186547,0.));
#7898=DIRECTION('',(0.,0.,-1.));
#7899=DIRECTION('',(0.707106781186546,-0.707106781186549,0.));
#7900=DIRECTION('',(0.,0.,-1.));
#7901=DIRECTION('',(-0.707106781186547,-0.707106781186547,0.));
#7902=DIRECTION('',(0.,0.,-1.));
#7903=DIRECTION('',(-0.707106781186547,-0.707106781186547,0.));
#7904=DIRECTION('',(0.,0.,-1.));
#7905=DIRECTION('',(-0.707106781186547,-0.707106781186547,0.));
#7906=DIRECTION('',(0.,0.,-1.));
#7907=DIRECTION('',(0.,-1.,0.));
#7908=DIRECTION('',(0.,0.,-1.));
#7909=DIRECTION('',(1.,0.,0.));
#7910=DIRECTION('',(1.,0.,0.));
#7911=DIRECTION('',(1.,0.,0.));
#7912=DIRECTION('',(0.,1.,0.));
#7913=DIRECTION('',(0.,0.,1.));
#7914=DIRECTION('',(-1.,0.,0.));
#7915=DIRECTION('',(-1.,0.,0.));
#7916=DIRECTION('',(-1.,0.,0.));
#7917=DIRECTION('',(0.,0.,1.));
#7918=DIRECTION('',(1.,0.,0.));
#7919=DIRECTION('',(0.,0.,1.));
#7920=DIRECTION('',(1.,0.,0.));
#7921=DIRECTION('',(0.,0.,1.));
#7922=DIRECTION('',(1.,0.,0.));
#7923=DIRECTION('',(0.707106781186548,0.707106781186547,0.));
#7924=DIRECTION('',(0.,0.,1.));
#7925=DIRECTION('',(0.577350269189625,-0.577350269189626,0.577350269189627));
#7926=DIRECTION('',(0.,0.707106781186548,0.707106781186547));
#7927=DIRECTION('',(1.,0.,0.));
#7928=DIRECTION('',(-0.577350269189625,-0.577350269189626,0.577350269189627));
#7929=DIRECTION('',(0.707106781186548,-0.707106781186547,0.));
#7930=DIRECTION('',(0.,0.,-1.));
#7931=DIRECTION('',(-0.707106781186548,0.707106781186547,0.));
#7932=DIRECTION('',(0.,0.,-1.));
#7933=DIRECTION('',(-0.577350269189625,-0.577350269189626,0.577350269189627));
#7934=DIRECTION('',(0.,0.707106781186548,0.707106781186547));
#7935=DIRECTION('',(1.,0.,0.));
#7936=DIRECTION('',(0.577350269189627,-0.577350269189625,0.577350269189626));
#7937=DIRECTION('',(0.707106781186546,0.707106781186549,0.));
#7938=DIRECTION('',(0.,0.,-1.));
#7939=DIRECTION('',(-0.000942196277179696,0.999999556132838,5.49925429027965E-7));
#7940=DIRECTION('',(0.999996615011365,0.000942192172311931,0.00242533290966738));
#7941=DIRECTION('',(0.,-1.,-1.47010464065831E-16));
#7942=DIRECTION('',(0.,1.47010464065831E-16,-1.));
#7943=DIRECTION('',(0.,-1.47010464065831E-16,1.));
#7944=DIRECTION('',(-1.,0.,0.));
#7945=DIRECTION('',(0.,-1.47010464065831E-16,1.));
#7946=DIRECTION('',(1.,0.,0.));
#7947=DIRECTION('',(1.,0.,0.));
#7948=DIRECTION('',(0.,0.,-1.));
#7949=DIRECTION('',(0.,-1.47010464065831E-16,1.));
#7950=DIRECTION('',(0.,-1.,0.));
#7951=DIRECTION('',(0.,0.,-1.));
#7952=DIRECTION('',(1.,0.,0.));
#7953=DIRECTION('',(0.,1.,0.));
#7954=DIRECTION('',(0.,1.,0.));
#7955=DIRECTION('',(0.,0.,1.));
#7956=DIRECTION('',(0.,-1.,0.));
#7957=DIRECTION('',(-1.,0.,0.));
#7958=DIRECTION('',(0.,1.,0.));
#7959=DIRECTION('',(1.,0.,0.));
#7960=DIRECTION('',(0.,0.,-1.));
#7961=DIRECTION('',(0.,-1.,0.));
#7962=DIRECTION('',(0.,0.,-1.));
#7963=DIRECTION('',(0.,1.,0.));
#7964=DIRECTION('',(0.,1.,0.));
#7965=DIRECTION('',(0.,0.,1.));
#7966=DIRECTION('',(1.,0.,0.));
#7967=DIRECTION('',(0.,0.,-1.));
#7968=DIRECTION('',(-1.,0.,0.));
#7969=DIRECTION('',(0.,0.,-1.));
#7970=DIRECTION('',(-1.,0.,0.));
#7971=DIRECTION('',(-1.,0.,0.));
#7972=DIRECTION('',(0.,-1.,0.));
#7973=DIRECTION('',(1.,0.,0.));
#7974=DIRECTION('',(0.,1.,0.));
#7975=DIRECTION('',(0.,1.,0.));
#7976=DIRECTION('',(0.,0.,1.));
#7977=DIRECTION('',(0.,0.,-1.));
#7978=DIRECTION('',(-1.,0.,0.));
#7979=DIRECTION('',(-1.,0.,0.));
#7980=DIRECTION('',(0.,0.,1.));
#7981=DIRECTION('',(1.,0.,0.));
#7982=DIRECTION('',(0.,1.,0.));
#7983=DIRECTION('',(-1.,0.,0.));
#7984=DIRECTION('',(0.,0.,1.));
#7985=DIRECTION('',(1.,0.,0.));
#7986=DIRECTION('',(0.,1.,0.));
#7987=DIRECTION('',(1.,0.,0.));
#7988=DIRECTION('',(0.,-1.,0.));
#7989=DIRECTION('',(0.,0.,-1.));
#7990=DIRECTION('',(-1.,0.,0.));
#7991=DIRECTION('',(0.,0.,1.));
#7992=DIRECTION('',(1.,0.,0.));
#7993=DIRECTION('',(0.,0.,-1.));
#7994=DIRECTION('',(0.,0.,-1.));
#7995=DIRECTION('',(-1.,0.,0.));
#7996=DIRECTION('',(-1.,0.,0.));
#7997=DIRECTION('',(0.,-1.,0.));
#7998=DIRECTION('',(-1.,0.,0.));
#7999=DIRECTION('',(-1.,0.,0.));
#8000=DIRECTION('',(0.,0.,1.));
#8001=DIRECTION('',(-1.,0.,0.));
#8002=DIRECTION('',(0.,1.,0.));
#8003=DIRECTION('',(-1.,0.,0.));
#8004=DIRECTION('',(0.,-1.,-1.47010464065831E-16));
#8005=DIRECTION('',(0.,1.47010464065831E-16,-1.));
#8006=DIRECTION('',(0.,-1.47010464065831E-16,1.));
#8007=DIRECTION('',(1.,0.,0.));
#8008=DIRECTION('',(0.,0.,-1.));
#8009=DIRECTION('',(0.,-1.,0.));
#8010=DIRECTION('',(1.,0.,0.));
#8011=DIRECTION('',(0.,0.,-1.));
#8012=DIRECTION('',(0.,0.,-1.));
#8013=DIRECTION('',(0.948683298050514,0.,0.316227766016838));
#8014=DIRECTION('',(0.,1.,0.));
#8015=DIRECTION('',(-0.301511344577764,0.301511344577764,0.904534033733291));
#8016=DIRECTION('',(-0.301511344577764,-0.301511344577764,0.904534033733291));
#8017=DIRECTION('',(0.,-0.948683298050514,-0.316227766016838));
#8018=DIRECTION('',(-1.,0.,0.));
#8019=DIRECTION('',(0.301511344577764,-0.301511344577764,0.904534033733291));
#8020=DIRECTION('',(0.,0.948683298050514,-0.316227766016838));
#8021=DIRECTION('',(-1.,0.,0.));
#8022=DIRECTION('',(-0.301511344577764,-0.301511344577764,-0.904534033733291));
#8023=DIRECTION('',(0.948683298050514,0.,-0.316227766016838));
#8024=DIRECTION('',(0.,-1.,0.));
#8025=DIRECTION('',(0.948683298050514,0.316227766016838,0.));
#8026=DIRECTION('',(0.,0.,-1.));
#8027=DIRECTION('',(0.301511344577764,-0.904534033733291,0.301511344577763));
#8028=DIRECTION('',(0.301511344577764,-0.904534033733291,-0.301511344577763));
#8029=DIRECTION('',(0.,-0.316227766016838,0.948683298050514));
#8030=DIRECTION('',(-1.,0.,0.));
#8031=DIRECTION('',(0.301511344577764,0.904534033733291,0.301511344577763));
#8032=DIRECTION('',(0.,-0.316227766016838,-0.948683298050514));
#8033=DIRECTION('',(-1.,0.,0.));
#8034=DIRECTION('',(-0.301511344577764,-0.904534033733291,0.301511344577763));
#8035=DIRECTION('',(0.948683298050514,-0.316227766016838,0.));
#8036=DIRECTION('',(0.,0.,1.));
#8037=DIRECTION('',(-0.000942196277179697,0.999999556132838,5.49925429027965E-7));
#8038=DIRECTION('',(0.999996615011365,0.000942192172311931,0.00242533290966738));
#8039=DIRECTION('',(0.,-1.,-1.94912750109753E-16));
#8040=DIRECTION('',(0.,1.94912750109754E-16,-1.));
#8041=DIRECTION('',(0.,-1.94912750109753E-16,1.));
#8042=DIRECTION('',(-1.,0.,0.));
#8043=DIRECTION('',(0.,-1.94912750109753E-16,1.));
#8044=DIRECTION('',(1.,0.,0.));
#8045=DIRECTION('',(1.,0.,0.));
#8046=DIRECTION('',(0.,0.,-1.));
#8047=DIRECTION('',(0.,-1.94912750109753E-16,1.));
#8048=DIRECTION('',(0.,-1.,0.));
#8049=DIRECTION('',(0.,0.,-1.));
#8050=DIRECTION('',(1.,0.,0.));
#8051=DIRECTION('',(0.,1.,0.));
#8052=DIRECTION('',(0.,1.,0.));
#8053=DIRECTION('',(0.,0.,1.));
#8054=DIRECTION('',(0.,-1.,0.));
#8055=DIRECTION('',(-1.,0.,0.));
#8056=DIRECTION('',(0.,1.,0.));
#8057=DIRECTION('',(1.,0.,0.));
#8058=DIRECTION('',(0.,0.,-1.));
#8059=DIRECTION('',(0.,-1.,0.));
#8060=DIRECTION('',(0.,0.,-1.));
#8061=DIRECTION('',(0.,1.,0.));
#8062=DIRECTION('',(0.,1.,0.));
#8063=DIRECTION('',(0.,0.,1.));
#8064=DIRECTION('',(1.,0.,0.));
#8065=DIRECTION('',(0.,0.,-1.));
#8066=DIRECTION('',(-1.,0.,0.));
#8067=DIRECTION('',(0.,0.,-1.));
#8068=DIRECTION('',(-1.,0.,0.));
#8069=DIRECTION('',(-1.,0.,0.));
#8070=DIRECTION('',(0.,-1.,0.));
#8071=DIRECTION('',(1.,0.,0.));
#8072=DIRECTION('',(0.,1.,0.));
#8073=DIRECTION('',(0.,1.,0.));
#8074=DIRECTION('',(0.,0.,1.));
#8075=DIRECTION('',(0.,0.,-1.));
#8076=DIRECTION('',(-1.,0.,0.));
#8077=DIRECTION('',(-1.,0.,0.));
#8078=DIRECTION('',(0.,0.,1.));
#8079=DIRECTION('',(1.,0.,0.));
#8080=DIRECTION('',(0.,1.,0.));
#8081=DIRECTION('',(-1.,0.,0.));
#8082=DIRECTION('',(0.,0.,1.));
#8083=DIRECTION('',(1.,0.,0.));
#8084=DIRECTION('',(0.,1.,0.));
#8085=DIRECTION('',(1.,0.,0.));
#8086=DIRECTION('',(0.,-1.,0.));
#8087=DIRECTION('',(0.,0.,-1.));
#8088=DIRECTION('',(-1.,0.,0.));
#8089=DIRECTION('',(0.,0.,1.));
#8090=DIRECTION('',(1.,0.,0.));
#8091=DIRECTION('',(0.,0.,-1.));
#8092=DIRECTION('',(0.,0.,-1.));
#8093=DIRECTION('',(-1.,0.,0.));
#8094=DIRECTION('',(-1.,0.,0.));
#8095=DIRECTION('',(0.,-1.,0.));
#8096=DIRECTION('',(-1.,0.,0.));
#8097=DIRECTION('',(-1.,0.,0.));
#8098=DIRECTION('',(0.,0.,1.));
#8099=DIRECTION('',(-1.,0.,0.));
#8100=DIRECTION('',(0.,1.,0.));
#8101=DIRECTION('',(-1.,0.,0.));
#8102=DIRECTION('',(0.,-1.,-1.94912750109753E-16));
#8103=DIRECTION('',(0.,1.94912750109754E-16,-1.));
#8104=DIRECTION('',(0.,-1.94912750109753E-16,1.));
#8105=DIRECTION('',(1.,0.,0.));
#8106=DIRECTION('',(0.,0.,-1.));
#8107=DIRECTION('',(0.,-1.,0.));
#8108=DIRECTION('',(1.,0.,0.));
#8109=DIRECTION('',(0.,0.,-1.));
#8110=DIRECTION('',(0.,0.,-1.));
#8111=DIRECTION('',(0.948683298050514,0.,0.316227766016838));
#8112=DIRECTION('',(0.,1.,0.));
#8113=DIRECTION('',(-0.301511344577764,0.301511344577763,0.904534033733291));
#8114=DIRECTION('',(-0.301511344577764,-0.301511344577763,0.904534033733291));
#8115=DIRECTION('',(0.,-0.948683298050514,-0.316227766016838));
#8116=DIRECTION('',(-1.,0.,0.));
#8117=DIRECTION('',(0.301511344577764,-0.301511344577763,0.904534033733291));
#8118=DIRECTION('',(0.,0.948683298050514,-0.316227766016838));
#8119=DIRECTION('',(-1.,0.,0.));
#8120=DIRECTION('',(-0.301511344577764,-0.301511344577763,-0.904534033733291));
#8121=DIRECTION('',(0.948683298050514,0.,-0.316227766016838));
#8122=DIRECTION('',(0.,-1.,0.));
#8123=DIRECTION('',(0.948683298050514,0.316227766016838,0.));
#8124=DIRECTION('',(0.,0.,-1.));
#8125=DIRECTION('',(0.301511344577764,-0.904534033733291,0.301511344577763));
#8126=DIRECTION('',(0.301511344577764,-0.904534033733291,-0.301511344577763));
#8127=DIRECTION('',(0.,-0.316227766016838,0.948683298050514));
#8128=DIRECTION('',(-1.,0.,0.));
#8129=DIRECTION('',(0.301511344577764,0.904534033733291,0.301511344577763));
#8130=DIRECTION('',(0.,-0.316227766016838,-0.948683298050514));
#8131=DIRECTION('',(-1.,0.,0.));
#8132=DIRECTION('',(-0.301511344577764,-0.904534033733291,0.301511344577763));
#8133=DIRECTION('',(0.948683298050514,-0.316227766016838,0.));
#8134=DIRECTION('',(0.,0.,1.));
#8135=DIRECTION('',(-0.000942196277179696,0.999999556132838,5.49925428918954E-7));
#8136=DIRECTION('',(0.999996615011365,0.000942192172311931,0.00242533290966738));
#8137=DIRECTION('',(-0.000942196277179697,0.999999556132838,5.49925429027965E-7));
#8138=DIRECTION('',(0.999996615011365,0.000942192172311932,0.00242533290966738));
#8139=DIRECTION('',(-0.000942196277179696,0.999999556132838,5.49925428918954E-7));
#8140=DIRECTION('',(0.999996615011365,0.000942192172311931,0.00242533290966738));
#8141=DIRECTION('',(-0.000942196277179697,0.999999556132838,5.49925429027965E-7));
#8142=DIRECTION('',(0.999996615011365,0.000942192172311932,0.00242533290966738));
#8143=DIRECTION('',(-0.000942196277179696,0.999999556132838,5.49925428918954E-7));
#8144=DIRECTION('',(0.999996615011365,0.000942192172311931,0.00242533290966738));
#8145=CARTESIAN_POINT('',(0.,0.,0.));
#8146=CARTESIAN_POINT('',(0.,0.,-3.63));
#8147=CARTESIAN_POINT('',(2.68,-3.13,-3.63));
#8148=CARTESIAN_POINT('',(2.68,-1.18,-3.63));
#8149=CARTESIAN_POINT('',(2.68,-0.305000000000003,-3.63));
#8150=CARTESIAN_POINT('',(-3.95,-0.305000000000003,-3.63));
#8151=CARTESIAN_POINT('',(3.32,-0.305000000000003,-3.63));
#8152=CARTESIAN_POINT('',(3.32,3.13,-3.63));
#8153=CARTESIAN_POINT('',(3.32,-1.18,-3.63));
#8154=CARTESIAN_POINT('',(0.,-1.18,-3.63));
#8155=CARTESIAN_POINT('',(0.,0.,-3.63));
#8156=CARTESIAN_POINT('',(3.32,3.13,-3.63));
#8157=CARTESIAN_POINT('',(3.32,1.18,-3.63));
#8158=CARTESIAN_POINT('',(3.32,0.305000000000003,-3.63));
#8159=CARTESIAN_POINT('',(3.95,0.305000000000003,-3.63));
#8160=CARTESIAN_POINT('',(2.68,0.305000000000003,-3.63));
#8161=CARTESIAN_POINT('',(2.68,-3.13,-3.63));
#8162=CARTESIAN_POINT('',(2.68,1.18,-3.63));
#8163=CARTESIAN_POINT('',(0.,1.18,-3.63));
#8164=CARTESIAN_POINT('',(0.,0.,-3.63));
#8165=CARTESIAN_POINT('',(-0.319999999999998,-3.13,-3.63));
#8166=CARTESIAN_POINT('',(-0.319999999999998,-1.18,-3.63));
#8167=CARTESIAN_POINT('',(-0.319999999999998,-0.305000000000003,-3.63));
#8168=CARTESIAN_POINT('',(-3.95,-0.305000000000003,-3.63));
#8169=CARTESIAN_POINT('',(0.32,-0.305000000000003,-3.63));
#8170=CARTESIAN_POINT('',(0.32,3.13,-3.63));
#8171=CARTESIAN_POINT('',(0.32,-1.18,-3.63));
#8172=CARTESIAN_POINT('',(0.,-1.18,-3.63));
#8173=CARTESIAN_POINT('',(0.,0.,-3.63));
#8174=CARTESIAN_POINT('',(0.32,3.13,-3.63));
#8175=CARTESIAN_POINT('',(0.320000000000002,1.18,-3.63));
#8176=CARTESIAN_POINT('',(0.32,0.305000000000003,-3.63));
#8177=CARTESIAN_POINT('',(3.95,0.305000000000003,-3.63));
#8178=CARTESIAN_POINT('',(-0.319999999999998,0.305000000000003,-3.63));
#8179=CARTESIAN_POINT('',(-0.319999999999998,-3.13,-3.63));
#8180=CARTESIAN_POINT('',(-0.319999999999998,1.18,-3.63));
#8181=CARTESIAN_POINT('',(0.,1.18,-3.63));
#8182=CARTESIAN_POINT('',(0.,0.,-3.63));
#8183=CARTESIAN_POINT('',(-3.32,-3.13,-3.63));
#8184=CARTESIAN_POINT('',(-3.32,-1.18,-3.63));
#8185=CARTESIAN_POINT('',(-3.32,-0.305000000000003,-3.63));
#8186=CARTESIAN_POINT('',(-3.95,-0.305000000000003,-3.63));
#8187=CARTESIAN_POINT('',(-2.68,-0.305000000000003,-3.63));
#8188=CARTESIAN_POINT('',(-2.68,3.13,-3.63));
#8189=CARTESIAN_POINT('',(-2.68,-1.18,-3.63));
#8190=CARTESIAN_POINT('',(0.,-1.18,-3.63));
#8191=CARTESIAN_POINT('',(0.,0.,-3.63));
#8192=CARTESIAN_POINT('',(-2.68,3.13,-3.63));
#8193=CARTESIAN_POINT('',(-2.68,1.18,-3.63));
#8194=CARTESIAN_POINT('',(-2.68,0.305000000000003,-3.63));
#8195=CARTESIAN_POINT('',(3.95,0.305000000000003,-3.63));
#8196=CARTESIAN_POINT('',(-3.32,0.305000000000003,-3.63));
#8197=CARTESIAN_POINT('',(-3.32,-3.13,-3.63));
#8198=CARTESIAN_POINT('',(-3.32,1.18,-3.63));
#8199=CARTESIAN_POINT('',(0.,1.18,-3.63));
#8200=CARTESIAN_POINT('',(0.,0.,-3.95));
#8201=CARTESIAN_POINT('',(0.,-0.305000000000003,-3.95));
#8202=CARTESIAN_POINT('',(0.95,-0.305000000000003,-3.95));
#8203=CARTESIAN_POINT('',(0.32,-0.305000000000003,-3.95));
#8204=CARTESIAN_POINT('',(0.95,-2.73000000000001,-3.95));
#8205=CARTESIAN_POINT('',(0.95,-2.73000000000001,-3.95));
#8206=CARTESIAN_POINT('',(5.36,-2.73000000000001,-3.95));
#8207=CARTESIAN_POINT('',(0.32,-2.73000000000001,-3.95));
#8208=CARTESIAN_POINT('',(0.32,0.,-3.95));
#8209=CARTESIAN_POINT('',(0.,0.,-3.95));
#8210=CARTESIAN_POINT('',(0.,-0.305000000000003,-3.95));
#8211=CARTESIAN_POINT('',(-2.05,-0.305000000000003,-3.95));
#8212=CARTESIAN_POINT('',(-2.68,-0.305000000000003,-3.95));
#8213=CARTESIAN_POINT('',(-2.05,-2.73000000000001,-3.95));
#8214=CARTESIAN_POINT('',(-2.05,-2.73000000000001,-3.95));
#8215=CARTESIAN_POINT('',(5.36,-2.73000000000001,-3.95));
#8216=CARTESIAN_POINT('',(-2.68,-2.73000000000001,-3.95));
#8217=CARTESIAN_POINT('',(-2.68,0.,-3.95));
#8218=CARTESIAN_POINT('',(0.,0.,-3.95));
#8219=CARTESIAN_POINT('',(0.,-0.305000000000003,-3.95));
#8220=CARTESIAN_POINT('',(3.95,-0.305000000000003,-3.95));
#8221=CARTESIAN_POINT('',(3.32,-0.305000000000003,-3.95));
#8222=CARTESIAN_POINT('',(3.95,0.969999999999999,-3.95));
#8223=CARTESIAN_POINT('',(3.95,-0.58,-3.95));
#8224=CARTESIAN_POINT('',(3.95,-0.58,-3.95));
#8225=CARTESIAN_POINT('',(4.76,-0.58,-3.95));
#8226=CARTESIAN_POINT('',(4.76,-2.73000000000001,-3.95));
#8227=CARTESIAN_POINT('',(4.76,-2.73000000000001,-3.95));
#8228=CARTESIAN_POINT('',(5.36,-2.73000000000001,-3.95));
#8229=CARTESIAN_POINT('',(3.32,-2.73000000000001,-3.95));
#8230=CARTESIAN_POINT('',(3.32,0.,-3.95));
#8231=CARTESIAN_POINT('',(0.,0.,-3.95));
#8232=CARTESIAN_POINT('',(0.,-0.305000000000003,-3.95));
#8233=CARTESIAN_POINT('',(2.68,-0.305000000000003,-3.95));
#8234=CARTESIAN_POINT('',(2.05,-0.305000000000003,-3.95));
#8235=CARTESIAN_POINT('',(2.68,0.,-3.95));
#8236=CARTESIAN_POINT('',(2.68,-2.73000000000001,-3.95));
#8237=CARTESIAN_POINT('',(5.36,-2.73000000000001,-3.95));
#8238=CARTESIAN_POINT('',(2.05,-2.73000000000001,-3.95));
#8239=CARTESIAN_POINT('',(2.05,2.73,-3.95));
#8240=CARTESIAN_POINT('',(0.,0.,-3.95));
#8241=CARTESIAN_POINT('',(0.,-0.305000000000003,-3.95));
#8242=CARTESIAN_POINT('',(-0.319999999999998,-0.305000000000003,-3.95));
#8243=CARTESIAN_POINT('',(-0.95,-0.305000000000003,-3.95));
#8244=CARTESIAN_POINT('',(-0.319999999999998,0.,-3.95));
#8245=CARTESIAN_POINT('',(-0.319999999999998,-2.73000000000001,-3.95));
#8246=CARTESIAN_POINT('',(5.36,-2.73000000000001,-3.95));
#8247=CARTESIAN_POINT('',(-0.95,-2.73000000000001,-3.95));
#8248=CARTESIAN_POINT('',(-0.95,2.73,-3.95));
#8249=CARTESIAN_POINT('',(0.,0.,-3.95));
#8250=CARTESIAN_POINT('',(0.,-0.305000000000003,-3.95));
#8251=CARTESIAN_POINT('',(-3.32,-0.305000000000003,-3.95));
#8252=CARTESIAN_POINT('',(-3.95,-0.305000000000003,-3.95));
#8253=CARTESIAN_POINT('',(-3.32,0.,-3.95));
#8254=CARTESIAN_POINT('',(-3.32,-2.73000000000001,-3.95));
#8255=CARTESIAN_POINT('',(5.36,-2.73000000000001,-3.95));
#8256=CARTESIAN_POINT('',(-4.76,-2.73000000000001,-3.95));
#8257=CARTESIAN_POINT('',(-4.76,-0.58,-3.95));
#8258=CARTESIAN_POINT('',(-4.76,-0.58,-3.95));
#8259=CARTESIAN_POINT('',(-4.96,-0.58,-3.95));
#8260=CARTESIAN_POINT('',(-3.95,-0.58,-3.95));
#8261=CARTESIAN_POINT('',(-3.95,-0.58,-3.95));
#8262=CARTESIAN_POINT('',(-2.68,3.13,-3.63));
#8263=CARTESIAN_POINT('',(-2.68,-0.305000000000003,-3.63));
#8264=CARTESIAN_POINT('',(-2.68,-2.73,-3.95));
#8265=CARTESIAN_POINT('',(-2.68,-2.73,-4.65));
#8266=CARTESIAN_POINT('',(-2.68,-3.13,-4.65));
#8267=CARTESIAN_POINT('',(-2.68,-3.13,-4.65));
#8268=CARTESIAN_POINT('',(-2.68,-3.13,-3.63));
#8269=CARTESIAN_POINT('',(-2.68,-3.13,-3.63));
#8270=CARTESIAN_POINT('',(-2.68,3.13,-3.63));
#8271=CARTESIAN_POINT('',(-2.68,-1.82,-3.63));
#8272=CARTESIAN_POINT('',(-2.68,-1.82,-21.608454576562));
#8273=CARTESIAN_POINT('',(-2.68,-1.82,-1.55));
#8274=CARTESIAN_POINT('',(-2.68,-1.82,-1.55));
#8275=CARTESIAN_POINT('',(-2.68,-1.18,-1.55));
#8276=CARTESIAN_POINT('',(-2.68,-1.18,-21.608454576562));
#8277=CARTESIAN_POINT('',(-3.32,-3.13,-3.63));
#8278=CARTESIAN_POINT('',(-3.32,-0.305000000000003,-3.63));
#8279=CARTESIAN_POINT('',(-3.32,-1.18,-21.608454576562));
#8280=CARTESIAN_POINT('',(-3.32,-1.18,-1.55));
#8281=CARTESIAN_POINT('',(-3.32,-1.18,-1.55));
#8282=CARTESIAN_POINT('',(-3.32,-1.82,-1.55));
#8283=CARTESIAN_POINT('',(-3.32,-1.82,-21.608454576562));
#8284=CARTESIAN_POINT('',(-3.32,-1.82,-3.63));
#8285=CARTESIAN_POINT('',(-3.32,-3.13,-3.63));
#8286=CARTESIAN_POINT('',(-3.32,-3.13,-3.63));
#8287=CARTESIAN_POINT('',(-3.32,-3.13,-3.63));
#8288=CARTESIAN_POINT('',(-3.32,-3.13,-4.65));
#8289=CARTESIAN_POINT('',(-3.32,-2.73,-4.65));
#8290=CARTESIAN_POINT('',(-3.32,-2.73,-4.65));
#8291=CARTESIAN_POINT('',(-3.32,-2.73,-3.95));
#8292=CARTESIAN_POINT('',(0.32,3.13,-3.63));
#8293=CARTESIAN_POINT('',(0.32,-0.305000000000003,-3.63));
#8294=CARTESIAN_POINT('',(0.32,-2.73,-3.95));
#8295=CARTESIAN_POINT('',(0.32,-2.73,-4.65));
#8296=CARTESIAN_POINT('',(0.32,-3.13,-4.65));
#8297=CARTESIAN_POINT('',(0.32,-3.13,-4.65));
#8298=CARTESIAN_POINT('',(0.32,-3.13,-3.63));
#8299=CARTESIAN_POINT('',(0.32,-3.13,-3.63));
#8300=CARTESIAN_POINT('',(0.32,3.13,-3.63));
#8301=CARTESIAN_POINT('',(0.32,-1.82,-3.63));
#8302=CARTESIAN_POINT('',(0.32,-1.82,-21.608454576562));
#8303=CARTESIAN_POINT('',(0.32,-1.82,-1.55));
#8304=CARTESIAN_POINT('',(0.32,-1.82,-1.55));
#8305=CARTESIAN_POINT('',(0.32,-1.18,-1.55));
#8306=CARTESIAN_POINT('',(0.32,-1.18,-21.608454576562));
#8307=CARTESIAN_POINT('',(-0.319999999999998,-3.13,-3.63));
#8308=CARTESIAN_POINT('',(-0.319999999999998,-0.305000000000003,-3.63));
#8309=CARTESIAN_POINT('',(-0.320000000000001,-1.18,-21.608454576562));
#8310=CARTESIAN_POINT('',(-0.320000000000001,-1.18,-1.55));
#8311=CARTESIAN_POINT('',(-0.320000000000001,-1.18,-1.55));
#8312=CARTESIAN_POINT('',(-0.320000000000001,-1.82,-1.55));
#8313=CARTESIAN_POINT('',(-0.320000000000001,-1.82,-21.608454576562));
#8314=CARTESIAN_POINT('',(-0.320000000000001,-1.82,-3.63));
#8315=CARTESIAN_POINT('',(-0.319999999999998,-3.13,-3.63));
#8316=CARTESIAN_POINT('',(-0.319999999999998,-3.13,-3.63));
#8317=CARTESIAN_POINT('',(-0.319999999999998,-3.13,-3.63));
#8318=CARTESIAN_POINT('',(-0.319999999999998,-3.13,-4.65));
#8319=CARTESIAN_POINT('',(-0.319999999999998,-2.73,-4.65));
#8320=CARTESIAN_POINT('',(-0.319999999999998,-2.73,-4.65));
#8321=CARTESIAN_POINT('',(-0.319999999999998,-2.73,-3.95));
#8322=CARTESIAN_POINT('',(3.32,3.13,-3.63));
#8323=CARTESIAN_POINT('',(3.32,-0.305000000000003,-3.63));
#8324=CARTESIAN_POINT('',(3.32,-2.73,-3.95));
#8325=CARTESIAN_POINT('',(3.32,-2.73,-4.65));
#8326=CARTESIAN_POINT('',(3.32,-3.13,-4.65));
#8327=CARTESIAN_POINT('',(3.32,-3.13,-4.65));
#8328=CARTESIAN_POINT('',(3.32,-3.13,-3.63));
#8329=CARTESIAN_POINT('',(3.32,-3.13,-3.63));
#8330=CARTESIAN_POINT('',(3.32,3.13,-3.63));
#8331=CARTESIAN_POINT('',(3.32,-1.82,-3.63));
#8332=CARTESIAN_POINT('',(3.32,-1.82,-21.608454576562));
#8333=CARTESIAN_POINT('',(3.32,-1.82,-1.55));
#8334=CARTESIAN_POINT('',(3.32,-1.82,-1.55));
#8335=CARTESIAN_POINT('',(3.32,-1.18,-1.55));
#8336=CARTESIAN_POINT('',(3.32,-1.18,-21.608454576562));
#8337=CARTESIAN_POINT('',(2.68,-3.13,-3.63));
#8338=CARTESIAN_POINT('',(2.68,-0.305000000000003,-3.63));
#8339=CARTESIAN_POINT('',(2.68,-1.18,-21.608454576562));
#8340=CARTESIAN_POINT('',(2.68,-1.18,-1.55));
#8341=CARTESIAN_POINT('',(2.68,-1.18,-1.55));
#8342=CARTESIAN_POINT('',(2.68,-1.82,-1.55));
#8343=CARTESIAN_POINT('',(2.68,-1.82,-21.608454576562));
#8344=CARTESIAN_POINT('',(2.68,-1.82,-3.63));
#8345=CARTESIAN_POINT('',(2.68,-3.13,-3.63));
#8346=CARTESIAN_POINT('',(2.68,-3.13,-3.63));
#8347=CARTESIAN_POINT('',(2.68,-3.13,-3.63));
#8348=CARTESIAN_POINT('',(2.68,-3.13,-4.65));
#8349=CARTESIAN_POINT('',(2.68,-2.73,-4.65));
#8350=CARTESIAN_POINT('',(2.68,-2.73,-4.65));
#8351=CARTESIAN_POINT('',(2.68,-2.73,-3.95));
#8352=CARTESIAN_POINT('',(0.,0.,-3.95));
#8353=CARTESIAN_POINT('',(0.,0.305000000000003,-3.95));
#8354=CARTESIAN_POINT('',(0.32,0.305000000000003,-3.95));
#8355=CARTESIAN_POINT('',(0.95,0.305000000000003,-3.95));
#8356=CARTESIAN_POINT('',(0.32,0.,-3.95));
#8357=CARTESIAN_POINT('',(0.32,2.73,-3.95));
#8358=CARTESIAN_POINT('',(-6.35,2.73,-3.95));
#8359=CARTESIAN_POINT('',(0.95,2.73,-3.95));
#8360=CARTESIAN_POINT('',(0.95,-2.73000000000001,-3.95));
#8361=CARTESIAN_POINT('',(0.,0.,-3.95));
#8362=CARTESIAN_POINT('',(0.,0.305000000000003,-3.95));
#8363=CARTESIAN_POINT('',(-2.68,0.305000000000003,-3.95));
#8364=CARTESIAN_POINT('',(-2.05,0.305000000000003,-3.95));
#8365=CARTESIAN_POINT('',(-2.68,0.,-3.95));
#8366=CARTESIAN_POINT('',(-2.68,2.73,-3.95));
#8367=CARTESIAN_POINT('',(-6.35,2.73,-3.95));
#8368=CARTESIAN_POINT('',(-2.05,2.73,-3.95));
#8369=CARTESIAN_POINT('',(-2.05,-2.73000000000001,-3.95));
#8370=CARTESIAN_POINT('',(0.,0.,-3.63));
#8371=CARTESIAN_POINT('',(0.,-1.82,-3.63));
#8372=CARTESIAN_POINT('',(3.32,-3.13,-3.63));
#8373=CARTESIAN_POINT('',(6.35,3.43,-4.95));
#8374=CARTESIAN_POINT('',(4.65,-3.13,-4.95));
#8375=CARTESIAN_POINT('',(4.65,-3.13,-4.95));
#8376=CARTESIAN_POINT('',(3.62,-3.13,-4.95));
#8377=CARTESIAN_POINT('',(3.62,-2.73,-4.95));
#8378=CARTESIAN_POINT('',(3.62,-2.73000000000001,-4.95));
#8379=CARTESIAN_POINT('',(5.36,-2.73000000000001,-4.95));
#8380=CARTESIAN_POINT('',(5.36,-2.73000000000001,-4.95));
#8381=CARTESIAN_POINT('',(5.36,-1.73,-4.95));
#8382=CARTESIAN_POINT('',(5.36,-1.73,-4.95));
#8383=CARTESIAN_POINT('',(6.35,-1.73,-4.95));
#8384=CARTESIAN_POINT('',(6.35,-1.73,-4.95));
#8385=CARTESIAN_POINT('',(6.35,3.43,-4.95));
#8386=CARTESIAN_POINT('',(6.35,-3.43,-4.95));
#8387=CARTESIAN_POINT('',(6.35,-3.43,-4.95));
#8388=CARTESIAN_POINT('',(4.65,-3.43,-4.95));
#8389=CARTESIAN_POINT('',(4.65,-3.13,-4.95));
#8390=CARTESIAN_POINT('',(0.,0.,-3.95));
#8391=CARTESIAN_POINT('',(0.,0.305000000000003,-3.95));
#8392=CARTESIAN_POINT('',(3.32,0.305000000000003,-3.95));
#8393=CARTESIAN_POINT('',(3.95,0.305000000000003,-3.95));
#8394=CARTESIAN_POINT('',(3.32,0.,-3.95));
#8395=CARTESIAN_POINT('',(3.32,2.73,-3.95));
#8396=CARTESIAN_POINT('',(-6.35,2.73,-3.95));
#8397=CARTESIAN_POINT('',(4.76,2.73,-3.95));
#8398=CARTESIAN_POINT('',(4.76,0.969999999999999,-3.95));
#8399=CARTESIAN_POINT('',(4.76,0.969999999999999,-3.95));
#8400=CARTESIAN_POINT('',(4.96,0.969999999999999,-3.95));
#8401=CARTESIAN_POINT('',(3.95,0.969999999999999,-3.95));
#8402=CARTESIAN_POINT('',(3.95,0.969999999999999,-3.95));
#8403=CARTESIAN_POINT('',(6.35,3.43,-4.95));
#8404=CARTESIAN_POINT('',(-6.35,2.73,-4.95));
#8405=CARTESIAN_POINT('',(3.62,2.73,-4.95));
#8406=CARTESIAN_POINT('',(6.35,2.73,-4.95));
#8407=CARTESIAN_POINT('',(3.62,3.13,-4.95));
#8408=CARTESIAN_POINT('',(3.62,3.13,-4.95));
#8409=CARTESIAN_POINT('',(-4.65,3.13,-4.95));
#8410=CARTESIAN_POINT('',(4.65,3.13,-4.95));
#8411=CARTESIAN_POINT('',(4.65,3.13,-4.95));
#8412=CARTESIAN_POINT('',(4.65,3.43,-4.95));
#8413=CARTESIAN_POINT('',(6.35,3.43,-4.95));
#8414=CARTESIAN_POINT('',(5.45,3.43,-4.95));
#8415=CARTESIAN_POINT('',(5.45,3.93,-4.95));
#8416=CARTESIAN_POINT('',(5.45,3.93,-4.95));
#8417=CARTESIAN_POINT('',(5.45,3.93,-4.95));
#8418=CARTESIAN_POINT('',(6.35,3.93,-4.95));
#8419=CARTESIAN_POINT('',(6.35,3.43,-4.95));
#8420=CARTESIAN_POINT('',(4.96,-2.73,-3.95));
#8421=CARTESIAN_POINT('',(3.62,-2.73,-4.65));
#8422=CARTESIAN_POINT('',(4.76,-2.73,-3.95));
#8423=CARTESIAN_POINT('',(4.96,-2.73,-3.75));
#8424=CARTESIAN_POINT('',(4.96,-2.73,-3.95));
#8425=CARTESIAN_POINT('',(4.96,-2.73,-3.65));
#8426=CARTESIAN_POINT('',(4.96,-2.73,-3.65));
#8427=CARTESIAN_POINT('',(5.36,-2.73,-3.65));
#8428=CARTESIAN_POINT('',(5.36,-2.73,-3.95));
#8429=CARTESIAN_POINT('',(-6.35,2.73,-3.95));
#8430=CARTESIAN_POINT('',(3.32,2.73,-3.95));
#8431=CARTESIAN_POINT('',(3.32,2.73,-4.65));
#8432=CARTESIAN_POINT('',(3.62,2.73,-4.65));
#8433=CARTESIAN_POINT('',(6.35,2.73,-3.95));
#8434=CARTESIAN_POINT('',(6.35,2.73,-4.25));
#8435=CARTESIAN_POINT('',(6.35,2.73,-4.25));
#8436=CARTESIAN_POINT('',(5.56,2.73,-4.25));
#8437=CARTESIAN_POINT('',(-0.544999999999999,2.73,1.855));
#8438=CARTESIAN_POINT('',(5.36,2.73,-4.05));
#8439=CARTESIAN_POINT('',(5.36,2.73,-4.25));
#8440=CARTESIAN_POINT('',(5.36,2.73,-3.95));
#8441=CARTESIAN_POINT('',(-6.35,2.73,-3.95));
#8442=CARTESIAN_POINT('',(4.96,2.73,-3.95));
#8443=CARTESIAN_POINT('',(4.96,2.73,0.));
#8444=CARTESIAN_POINT('',(4.96,2.73,-3.75));
#8445=CARTESIAN_POINT('',(-0.794999999999988,2.73,-9.505));
#8446=CARTESIAN_POINT('',(0.,0.,-3.63));
#8447=CARTESIAN_POINT('',(0.,-1.82,-3.63));
#8448=CARTESIAN_POINT('',(0.32,-3.13,-3.63));
#8449=CARTESIAN_POINT('',(6.35,3.43,-4.95));
#8450=CARTESIAN_POINT('',(5.36,-2.73000000000001,-4.95));
#8451=CARTESIAN_POINT('',(2.38,-2.73000000000001,-4.95));
#8452=CARTESIAN_POINT('',(0.62,-2.73000000000001,-4.95));
#8453=CARTESIAN_POINT('',(2.38,-3.13,-4.95));
#8454=CARTESIAN_POINT('',(2.38,-3.13,-4.95));
#8455=CARTESIAN_POINT('',(4.65,-3.13,-4.95));
#8456=CARTESIAN_POINT('',(0.62,-3.13,-4.95));
#8457=CARTESIAN_POINT('',(0.62,-2.73,-4.95));
#8458=CARTESIAN_POINT('',(0.,0.,-3.95));
#8459=CARTESIAN_POINT('',(0.,0.305000000000003,-3.95));
#8460=CARTESIAN_POINT('',(2.05,0.305000000000003,-3.95));
#8461=CARTESIAN_POINT('',(2.68,0.305000000000003,-3.95));
#8462=CARTESIAN_POINT('',(2.05,2.73,-3.95));
#8463=CARTESIAN_POINT('',(2.05,2.73,-3.95));
#8464=CARTESIAN_POINT('',(-6.35,2.73,-3.95));
#8465=CARTESIAN_POINT('',(2.68,2.73,-3.95));
#8466=CARTESIAN_POINT('',(2.68,0.,-3.95));
#8467=CARTESIAN_POINT('',(6.35,3.43,-4.95));
#8468=CARTESIAN_POINT('',(-4.65,3.13,-4.95));
#8469=CARTESIAN_POINT('',(0.62,3.13,-4.95));
#8470=CARTESIAN_POINT('',(2.38,3.13,-4.95));
#8471=CARTESIAN_POINT('',(2.38,2.73,-4.95));
#8472=CARTESIAN_POINT('',(2.38,2.73,-4.95));
#8473=CARTESIAN_POINT('',(-6.35,2.73,-4.95));
#8474=CARTESIAN_POINT('',(0.62,2.73,-4.95));
#8475=CARTESIAN_POINT('',(0.62,3.13,-4.95));
#8476=CARTESIAN_POINT('',(4.96,-2.73,-3.95));
#8477=CARTESIAN_POINT('',(2.38,-2.73,-4.65));
#8478=CARTESIAN_POINT('',(0.62,-2.73,-4.65));
#8479=CARTESIAN_POINT('',(0.95,-2.73000000000001,-3.45));
#8480=CARTESIAN_POINT('',(0.95,-2.73000000000001,-3.45));
#8481=CARTESIAN_POINT('',(2.05,-2.73000000000001,-3.45));
#8482=CARTESIAN_POINT('',(2.05,-2.73000000000001,-3.45));
#8483=CARTESIAN_POINT('',(2.05,-2.73000000000001,-3.45));
#8484=CARTESIAN_POINT('',(-6.35,2.73,-3.95));
#8485=CARTESIAN_POINT('',(2.38,2.73,-4.65));
#8486=CARTESIAN_POINT('',(2.68,2.73,-4.65));
#8487=CARTESIAN_POINT('',(2.68,2.73,-3.95));
#8488=CARTESIAN_POINT('',(2.05,2.73,-3.45));
#8489=CARTESIAN_POINT('',(2.05,2.73,-3.45));
#8490=CARTESIAN_POINT('',(0.95,2.73,-3.45));
#8491=CARTESIAN_POINT('',(0.95,2.73,-3.45));
#8492=CARTESIAN_POINT('',(0.95,2.73,-3.45));
#8493=CARTESIAN_POINT('',(0.32,2.73,-3.95));
#8494=CARTESIAN_POINT('',(0.32,2.73,-4.65));
#8495=CARTESIAN_POINT('',(0.62,2.73,-4.65));
#8496=CARTESIAN_POINT('',(0.,0.,-3.63));
#8497=CARTESIAN_POINT('',(0.,-1.82,-3.63));
#8498=CARTESIAN_POINT('',(-2.68,-3.13,-3.63));
#8499=CARTESIAN_POINT('',(6.35,3.43,-4.95));
#8500=CARTESIAN_POINT('',(5.36,-2.73000000000001,-4.95));
#8501=CARTESIAN_POINT('',(-0.619999999999998,-2.73000000000001,-4.95));
#8502=CARTESIAN_POINT('',(-2.38,-2.73000000000001,-4.95));
#8503=CARTESIAN_POINT('',(-0.619999999999998,-3.13,-4.95));
#8504=CARTESIAN_POINT('',(-0.619999999999998,-3.13,-4.95));
#8505=CARTESIAN_POINT('',(4.65,-3.13,-4.95));
#8506=CARTESIAN_POINT('',(-2.38,-3.13,-4.95));
#8507=CARTESIAN_POINT('',(-2.38,-2.73,-4.95));
#8508=CARTESIAN_POINT('',(0.,0.,-3.95));
#8509=CARTESIAN_POINT('',(0.,0.305000000000003,-3.95));
#8510=CARTESIAN_POINT('',(-0.95,0.305000000000003,-3.95));
#8511=CARTESIAN_POINT('',(-0.319999999999998,0.305000000000003,-3.95));
#8512=CARTESIAN_POINT('',(-0.95,2.73,-3.95));
#8513=CARTESIAN_POINT('',(-0.95,2.73,-3.95));
#8514=CARTESIAN_POINT('',(-6.35,2.73,-3.95));
#8515=CARTESIAN_POINT('',(-0.319999999999998,2.73,-3.95));
#8516=CARTESIAN_POINT('',(-0.319999999999998,0.,-3.95));
#8517=CARTESIAN_POINT('',(6.35,3.43,-4.95));
#8518=CARTESIAN_POINT('',(-4.65,3.13,-4.95));
#8519=CARTESIAN_POINT('',(-2.38,3.13,-4.95));
#8520=CARTESIAN_POINT('',(-0.619999999999998,3.13,-4.95));
#8521=CARTESIAN_POINT('',(-0.619999999999998,2.73,-4.95));
#8522=CARTESIAN_POINT('',(-0.619999999999998,2.73,-4.95));
#8523=CARTESIAN_POINT('',(-6.35,2.73,-4.95));
#8524=CARTESIAN_POINT('',(-2.38,2.73,-4.95));
#8525=CARTESIAN_POINT('',(-2.38,3.13,-4.95));
#8526=CARTESIAN_POINT('',(4.96,-2.73,-3.95));
#8527=CARTESIAN_POINT('',(-0.619999999999998,-2.73,-4.65));
#8528=CARTESIAN_POINT('',(-2.38,-2.73,-4.65));
#8529=CARTESIAN_POINT('',(-2.05,-2.73000000000001,-3.45));
#8530=CARTESIAN_POINT('',(-2.05,-2.73000000000001,-3.45));
#8531=CARTESIAN_POINT('',(-0.95,-2.73000000000001,-3.45));
#8532=CARTESIAN_POINT('',(-0.95,-2.73000000000001,-3.45));
#8533=CARTESIAN_POINT('',(-0.95,-2.73000000000001,-3.45));
#8534=CARTESIAN_POINT('',(-6.35,2.73,-3.95));
#8535=CARTESIAN_POINT('',(-0.619999999999998,2.73,-4.65));
#8536=CARTESIAN_POINT('',(-0.319999999999998,2.73,-4.65));
#8537=CARTESIAN_POINT('',(-0.319999999999998,2.73,-3.95));
#8538=CARTESIAN_POINT('',(-0.95,2.73,-3.45));
#8539=CARTESIAN_POINT('',(-0.95,2.73,-3.45));
#8540=CARTESIAN_POINT('',(-2.05,2.73,-3.45));
#8541=CARTESIAN_POINT('',(-2.05,2.73,-3.45));
#8542=CARTESIAN_POINT('',(-2.05,2.73,-3.45));
#8543=CARTESIAN_POINT('',(-2.68,2.73,-3.95));
#8544=CARTESIAN_POINT('',(-2.68,2.73,-4.65));
#8545=CARTESIAN_POINT('',(-2.38,2.73,-4.65));
#8546=CARTESIAN_POINT('',(6.35,-3.43,-4.95));
#8547=CARTESIAN_POINT('',(0.7,-3.43,4.35));
#8548=CARTESIAN_POINT('',(0.7,-3.43,4.35));
#8549=CARTESIAN_POINT('',(-0.7,-3.43,4.35));
#8550=CARTESIAN_POINT('',(0.7,-3.43,1.55));
#8551=CARTESIAN_POINT('',(0.7,-3.43,1.55));
#8552=CARTESIAN_POINT('',(0.7,-3.43,1.55));
#8553=CARTESIAN_POINT('',(-0.7,-3.43,1.55));
#8554=CARTESIAN_POINT('',(-0.7,-3.43,1.55));
#8555=CARTESIAN_POINT('',(-4.65,-3.43,-3.05));
#8556=CARTESIAN_POINT('',(-4.65,-3.43,-3.05));
#8557=CARTESIAN_POINT('',(4.65,-3.43,-3.05));
#8558=CARTESIAN_POINT('',(4.65,-3.43,-3.05));
#8559=CARTESIAN_POINT('',(6.35,-3.43,-4.95));
#8560=CARTESIAN_POINT('',(6.35,-3.43,4.95));
#8561=CARTESIAN_POINT('',(6.35,-3.43,4.95));
#8562=CARTESIAN_POINT('',(-6.35,-3.43,4.95));
#8563=CARTESIAN_POINT('',(-6.35,-3.43,-4.95));
#8564=CARTESIAN_POINT('',(-6.35,-3.43,-4.95));
#8565=CARTESIAN_POINT('',(6.35,-3.43,-4.95));
#8566=CARTESIAN_POINT('',(-4.65,-3.43,-4.95));
#8567=CARTESIAN_POINT('',(-4.65,-3.43,-4.95));
#8568=CARTESIAN_POINT('',(6.35,3.43,-4.95));
#8569=CARTESIAN_POINT('',(5.36,-2.73000000000001,-4.95));
#8570=CARTESIAN_POINT('',(-3.62,-2.73000000000001,-4.95));
#8571=CARTESIAN_POINT('',(-5.36,-2.73000000000001,-4.95));
#8572=CARTESIAN_POINT('',(-3.62,-3.13,-4.95));
#8573=CARTESIAN_POINT('',(-3.62,-3.13,-4.95));
#8574=CARTESIAN_POINT('',(4.65,-3.13,-4.95));
#8575=CARTESIAN_POINT('',(-4.65,-3.13,-4.95));
#8576=CARTESIAN_POINT('',(-4.65,-3.13,-4.95));
#8577=CARTESIAN_POINT('',(-6.35,3.43,-4.95));
#8578=CARTESIAN_POINT('',(-6.35,-1.73,-4.95));
#8579=CARTESIAN_POINT('',(-5.36,-1.73,-4.95));
#8580=CARTESIAN_POINT('',(-5.36,-1.73,-4.95));
#8581=CARTESIAN_POINT('',(-5.36,-2.73000000000001,-4.95));
#8582=CARTESIAN_POINT('',(0.,3.93,0.));
#8583=CARTESIAN_POINT('',(-0.449999999999999,3.93,-3.05));
#8584=CARTESIAN_POINT('',(-0.449999999999999,3.93,1.27));
#8585=CARTESIAN_POINT('',(-0.449999999999999,3.93,3.95));
#8586=CARTESIAN_POINT('',(-0.449999999999999,3.93,1.27));
#8587=CARTESIAN_POINT('',(-0.76422618401604,3.93,1.27));
#8588=CARTESIAN_POINT('',(-0.49,3.93,0.349999999999998));
#8589=CARTESIAN_POINT('',(-1.45,3.93,0.349999999999998));
#8590=CARTESIAN_POINT('',(-1.45,3.93,3.95));
#8591=CARTESIAN_POINT('',(-1.45,3.93,3.95));
#8592=CARTESIAN_POINT('',(-0.449999999999999,3.93,3.95));
#8593=CARTESIAN_POINT('',(-4.96,1.57,-1.15));
#8594=CARTESIAN_POINT('',(-4.96,1.57,-1.15));
#8595=CARTESIAN_POINT('',(-4.96,1.57,-1.15));
#8596=CARTESIAN_POINT('',(-4.96,2.93,-1.15));
#8597=CARTESIAN_POINT('',(-5.36,2.93,-1.15));
#8598=CARTESIAN_POINT('',(-5.36,2.93,-1.15));
#8599=CARTESIAN_POINT('',(-5.36,1.57,-1.15));
#8600=CARTESIAN_POINT('',(-5.36,1.57,-1.15));
#8601=CARTESIAN_POINT('',(-4.96,1.57,-1.15));
#8602=CARTESIAN_POINT('',(-5.36,-2.73000000000001,-3.95));
#8603=CARTESIAN_POINT('',(-5.36,2.93,-2.15));
#8604=CARTESIAN_POINT('',(-5.36,2.93,-2.15));
#8605=CARTESIAN_POINT('',(-5.36,3.23,-2.15));
#8606=CARTESIAN_POINT('',(-5.36,3.23,4.95));
#8607=CARTESIAN_POINT('',(-5.36,3.23,4.95));
#8608=CARTESIAN_POINT('',(-5.36,3.43,4.95));
#8609=CARTESIAN_POINT('',(-5.36,1.02,4.95));
#8610=CARTESIAN_POINT('',(-5.36,1.02,4.95));
#8611=CARTESIAN_POINT('',(-5.36,1.02,1.95));
#8612=CARTESIAN_POINT('',(-5.36,1.02,1.95));
#8613=CARTESIAN_POINT('',(-5.36,-0.880000000000001,1.95));
#8614=CARTESIAN_POINT('',(-5.36,-0.880000000000001,1.95));
#8615=CARTESIAN_POINT('',(-5.36,-0.880000000000001,4.95));
#8616=CARTESIAN_POINT('',(-5.36,-0.880000000000001,4.95));
#8617=CARTESIAN_POINT('',(-5.36,-2.63,4.95));
#8618=CARTESIAN_POINT('',(-5.36,-2.63,4.95));
#8619=CARTESIAN_POINT('',(-5.36,-2.63,-1.15));
#8620=CARTESIAN_POINT('',(-5.36,-2.63,-1.15));
#8621=CARTESIAN_POINT('',(-5.36,-1.43,-1.15));
#8622=CARTESIAN_POINT('',(-5.36,-1.43,-1.15));
#8623=CARTESIAN_POINT('',(-5.36,-1.43,-3.65));
#8624=CARTESIAN_POINT('',(-5.36,-1.43,-3.65));
#8625=CARTESIAN_POINT('',(-5.36,-2.73,-3.65));
#8626=CARTESIAN_POINT('',(-5.36,-2.73000000000001,-3.95));
#8627=CARTESIAN_POINT('',(-5.36,-1.73,-3.95));
#8628=CARTESIAN_POINT('',(-5.36,-1.73,-4.05));
#8629=CARTESIAN_POINT('',(-5.36,-2.73000000000001,-4.05));
#8630=CARTESIAN_POINT('',(-5.36,-0.53,-4.05));
#8631=CARTESIAN_POINT('',(-5.36,-0.53,-4.25));
#8632=CARTESIAN_POINT('',(-5.36,-0.53,-2.95));
#8633=CARTESIAN_POINT('',(-5.36,-0.529999999999999,-2.95));
#8634=CARTESIAN_POINT('',(-5.36,1.47,-2.95));
#8635=CARTESIAN_POINT('',(-5.36,1.47,-4.25));
#8636=CARTESIAN_POINT('',(-5.36,1.47,-4.05));
#8637=CARTESIAN_POINT('',(-5.36,-2.73000000000001,-4.05));
#8638=CARTESIAN_POINT('',(-5.36,2.73,-4.05));
#8639=CARTESIAN_POINT('',(-5.36,2.73,-4.25));
#8640=CARTESIAN_POINT('',(-5.36,2.73,-3.95));
#8641=CARTESIAN_POINT('',(-5.36,-2.73,-3.95));
#8642=CARTESIAN_POINT('',(-5.36,2.87,-3.95));
#8643=CARTESIAN_POINT('',(-5.36,2.87,-3.95));
#8644=CARTESIAN_POINT('',(-5.36,2.87,-3.65));
#8645=CARTESIAN_POINT('',(-5.36,2.87,-3.65));
#8646=CARTESIAN_POINT('',(-5.36,1.57,-3.65));
#8647=CARTESIAN_POINT('',(-5.36,1.57,-3.65));
#8648=CARTESIAN_POINT('',(-5.36,2.93,-2.15));
#8649=CARTESIAN_POINT('',(0.,0.,-3.95));
#8650=CARTESIAN_POINT('',(0.,0.305000000000003,-3.95));
#8651=CARTESIAN_POINT('',(-3.95,0.305000000000003,-3.95));
#8652=CARTESIAN_POINT('',(-3.32,0.305000000000003,-3.95));
#8653=CARTESIAN_POINT('',(-3.95,-0.58,-3.95));
#8654=CARTESIAN_POINT('',(-3.95,0.969999999999999,-3.95));
#8655=CARTESIAN_POINT('',(-3.95,0.969999999999999,-3.95));
#8656=CARTESIAN_POINT('',(-4.76,0.969999999999999,-3.95));
#8657=CARTESIAN_POINT('',(-4.76,2.73,-3.95));
#8658=CARTESIAN_POINT('',(-4.76,2.73,-3.95));
#8659=CARTESIAN_POINT('',(-6.35,2.73,-3.95));
#8660=CARTESIAN_POINT('',(-3.32,2.73,-3.95));
#8661=CARTESIAN_POINT('',(-3.32,0.,-3.95));
#8662=CARTESIAN_POINT('',(-4.96,0.,0.));
#8663=CARTESIAN_POINT('',(-4.96,3.43,4.95));
#8664=CARTESIAN_POINT('',(-4.96,3.23,4.95));
#8665=CARTESIAN_POINT('',(-4.96,1.02,4.95));
#8666=CARTESIAN_POINT('',(-4.96,3.23,-2.15));
#8667=CARTESIAN_POINT('',(-4.96,3.23,-2.15));
#8668=CARTESIAN_POINT('',(-4.96,2.93,-2.15));
#8669=CARTESIAN_POINT('',(-4.96,2.93,-2.15));
#8670=CARTESIAN_POINT('',(-4.96,2.93,-1.15));
#8671=CARTESIAN_POINT('',(-4.96,1.57,-3.65));
#8672=CARTESIAN_POINT('',(-4.96,1.57,-3.65));
#8673=CARTESIAN_POINT('',(-4.96,2.87,-3.65));
#8674=CARTESIAN_POINT('',(-4.96,2.87,-3.65));
#8675=CARTESIAN_POINT('',(-4.96,2.87,-3.95));
#8676=CARTESIAN_POINT('',(-4.96,2.87,-3.95));
#8677=CARTESIAN_POINT('',(-4.96,-2.73,-3.95));
#8678=CARTESIAN_POINT('',(-4.96,2.73,-3.95));
#8679=CARTESIAN_POINT('',(-4.96,2.73,0.));
#8680=CARTESIAN_POINT('',(-4.96,2.73,-3.75));
#8681=CARTESIAN_POINT('',(-4.96,0.969999999999999,-3.75));
#8682=CARTESIAN_POINT('',(-4.96,0.969999999999999,-3.75));
#8683=CARTESIAN_POINT('',(-4.96,0.969999999999999,-2.95));
#8684=CARTESIAN_POINT('',(-4.96,0.969999999999999,-2.95));
#8685=CARTESIAN_POINT('',(-4.96,0.969999999999999,-2.95));
#8686=CARTESIAN_POINT('',(-4.96,-0.58,-2.95));
#8687=CARTESIAN_POINT('',(-4.96,-0.58,-2.95));
#8688=CARTESIAN_POINT('',(-4.96,-0.58,-3.75));
#8689=CARTESIAN_POINT('',(-4.96,-2.73,-3.75));
#8690=CARTESIAN_POINT('',(-4.96,-2.73,-3.75));
#8691=CARTESIAN_POINT('',(-4.96,-2.73,-3.65));
#8692=CARTESIAN_POINT('',(-4.96,-2.73,-3.65));
#8693=CARTESIAN_POINT('',(-4.96,-1.43,-3.65));
#8694=CARTESIAN_POINT('',(-4.96,-1.43,-3.65));
#8695=CARTESIAN_POINT('',(-4.96,-1.43,-1.15));
#8696=CARTESIAN_POINT('',(-4.96,-1.43,-1.15));
#8697=CARTESIAN_POINT('',(-4.96,-2.63,-1.15));
#8698=CARTESIAN_POINT('',(-4.96,-2.63,-1.15));
#8699=CARTESIAN_POINT('',(-4.96,-2.63,4.95));
#8700=CARTESIAN_POINT('',(-4.96,-2.63,4.95));
#8701=CARTESIAN_POINT('',(-4.96,-0.880000000000001,4.95));
#8702=CARTESIAN_POINT('',(-4.96,-0.880000000000001,4.95));
#8703=CARTESIAN_POINT('',(-4.96,-0.880000000000001,1.95));
#8704=CARTESIAN_POINT('',(-4.96,-0.880000000000001,1.95));
#8705=CARTESIAN_POINT('',(-4.96,1.02,1.95));
#8706=CARTESIAN_POINT('',(-4.96,1.02,1.95));
#8707=CARTESIAN_POINT('',(-4.96,1.02,4.95));
#8708=CARTESIAN_POINT('',(-5.36,-1.73,-3.95));
#8709=CARTESIAN_POINT('',(-6.35,-1.73,-4.25));
#8710=CARTESIAN_POINT('',(-6.35,-1.73,-4.25));
#8711=CARTESIAN_POINT('',(-5.56,-1.73,-4.25));
#8712=CARTESIAN_POINT('',(-5.31,-1.73,-4.));
#8713=CARTESIAN_POINT('',(-6.35,-1.73,-3.95));
#8714=CARTESIAN_POINT('',(0.,3.93,0.));
#8715=CARTESIAN_POINT('',(0.49,3.93,0.349999999999998));
#8716=CARTESIAN_POINT('',(1.45,3.93,0.349999999999998));
#8717=CARTESIAN_POINT('',(0.76422618401604,3.93,1.27));
#8718=CARTESIAN_POINT('',(0.449999999999999,3.93,1.27));
#8719=CARTESIAN_POINT('',(0.449999999999999,3.93,1.27));
#8720=CARTESIAN_POINT('',(0.449999999999999,3.93,3.95));
#8721=CARTESIAN_POINT('',(0.449999999999999,3.93,3.95));
#8722=CARTESIAN_POINT('',(1.45,3.93,3.95));
#8723=CARTESIAN_POINT('',(1.45,3.93,3.95));
#8724=CARTESIAN_POINT('',(1.45,3.93,-3.05));
#8725=CARTESIAN_POINT('',(4.96,1.57,-1.15));
#8726=CARTESIAN_POINT('',(5.36,1.57,-1.15));
#8727=CARTESIAN_POINT('',(5.36,2.93,-1.15));
#8728=CARTESIAN_POINT('',(5.36,1.57,-1.15));
#8729=CARTESIAN_POINT('',(4.96,2.93,-1.15));
#8730=CARTESIAN_POINT('',(4.96,2.93,-1.15));
#8731=CARTESIAN_POINT('',(4.96,1.57,-1.15));
#8732=CARTESIAN_POINT('',(4.96,1.57,-1.15));
#8733=CARTESIAN_POINT('',(4.96,1.57,-1.15));
#8734=CARTESIAN_POINT('',(5.36,0.,0.));
#8735=CARTESIAN_POINT('',(5.36,1.02,4.95));
#8736=CARTESIAN_POINT('',(5.36,1.02,4.95));
#8737=CARTESIAN_POINT('',(5.36,3.23,4.95));
#8738=CARTESIAN_POINT('',(5.36,3.23,0.));
#8739=CARTESIAN_POINT('',(5.36,3.23,-2.15));
#8740=CARTESIAN_POINT('',(5.36,2.93,-2.15));
#8741=CARTESIAN_POINT('',(5.36,2.93,-2.15));
#8742=CARTESIAN_POINT('',(5.36,2.93,-1.15));
#8743=CARTESIAN_POINT('',(5.36,1.57,-1.15));
#8744=CARTESIAN_POINT('',(5.36,1.57,-3.65));
#8745=CARTESIAN_POINT('',(5.36,1.57,-3.65));
#8746=CARTESIAN_POINT('',(5.36,2.87,-3.65));
#8747=CARTESIAN_POINT('',(5.36,2.87,-3.65));
#8748=CARTESIAN_POINT('',(5.36,2.87,-3.95));
#8749=CARTESIAN_POINT('',(5.36,2.87,-3.95));
#8750=CARTESIAN_POINT('',(5.36,1.47,-4.05));
#8751=CARTESIAN_POINT('',(5.36,1.47,-4.05));
#8752=CARTESIAN_POINT('',(5.36,1.47,-4.25));
#8753=CARTESIAN_POINT('',(5.36,1.47,-2.95));
#8754=CARTESIAN_POINT('',(5.36,1.47,-2.95));
#8755=CARTESIAN_POINT('',(5.36,-0.529999999999999,-2.95));
#8756=CARTESIAN_POINT('',(5.36,-0.529999999999999,-4.25));
#8757=CARTESIAN_POINT('',(5.36,-0.529999999999999,-4.05));
#8758=CARTESIAN_POINT('',(5.36,-1.73,-4.05));
#8759=CARTESIAN_POINT('',(5.36,-1.73,-4.05));
#8760=CARTESIAN_POINT('',(5.36,-1.73,-3.95));
#8761=CARTESIAN_POINT('',(5.36,-2.73,-3.65));
#8762=CARTESIAN_POINT('',(5.36,-1.43,-3.65));
#8763=CARTESIAN_POINT('',(5.36,-1.43,-3.65));
#8764=CARTESIAN_POINT('',(5.36,-1.43,-1.15));
#8765=CARTESIAN_POINT('',(5.36,-1.43,-1.15));
#8766=CARTESIAN_POINT('',(5.36,-2.63,-1.15));
#8767=CARTESIAN_POINT('',(5.36,-2.63,-1.15));
#8768=CARTESIAN_POINT('',(5.36,-2.63,4.95));
#8769=CARTESIAN_POINT('',(5.36,-2.63,4.95));
#8770=CARTESIAN_POINT('',(5.36,-0.880000000000001,4.95));
#8771=CARTESIAN_POINT('',(5.36,-0.880000000000001,4.95));
#8772=CARTESIAN_POINT('',(5.36,-0.880000000000001,1.95));
#8773=CARTESIAN_POINT('',(5.36,-0.880000000000001,1.95));
#8774=CARTESIAN_POINT('',(5.36,1.02,1.95));
#8775=CARTESIAN_POINT('',(5.36,1.02,1.95));
#8776=CARTESIAN_POINT('',(4.96,0.,0.));
#8777=CARTESIAN_POINT('',(4.96,2.93,-2.15));
#8778=CARTESIAN_POINT('',(4.96,2.93,-2.15));
#8779=CARTESIAN_POINT('',(4.96,3.23,-2.15));
#8780=CARTESIAN_POINT('',(4.96,3.23,4.95));
#8781=CARTESIAN_POINT('',(4.96,3.23,4.95));
#8782=CARTESIAN_POINT('',(4.96,1.02,4.95));
#8783=CARTESIAN_POINT('',(4.96,1.02,4.95));
#8784=CARTESIAN_POINT('',(4.96,1.02,1.95));
#8785=CARTESIAN_POINT('',(4.96,1.02,1.95));
#8786=CARTESIAN_POINT('',(4.96,-0.880000000000001,1.95));
#8787=CARTESIAN_POINT('',(4.96,-0.880000000000001,1.95));
#8788=CARTESIAN_POINT('',(4.96,-0.880000000000001,4.95));
#8789=CARTESIAN_POINT('',(4.96,-0.880000000000001,4.95));
#8790=CARTESIAN_POINT('',(4.96,-2.63,4.95));
#8791=CARTESIAN_POINT('',(4.96,-2.63,4.95));
#8792=CARTESIAN_POINT('',(4.96,-2.63,-1.15));
#8793=CARTESIAN_POINT('',(4.96,-2.63,-1.15));
#8794=CARTESIAN_POINT('',(4.96,-1.43,-1.15));
#8795=CARTESIAN_POINT('',(4.96,-1.43,-1.15));
#8796=CARTESIAN_POINT('',(4.96,-1.43,-3.65));
#8797=CARTESIAN_POINT('',(4.96,-1.43,-3.65));
#8798=CARTESIAN_POINT('',(4.96,-2.73,-3.65));
#8799=CARTESIAN_POINT('',(4.96,-0.58,-3.75));
#8800=CARTESIAN_POINT('',(4.96,-0.58,-3.75));
#8801=CARTESIAN_POINT('',(4.96,-0.58,-2.95));
#8802=CARTESIAN_POINT('',(4.96,-0.58,-2.95));
#8803=CARTESIAN_POINT('',(4.96,0.969999999999999,-2.95));
#8804=CARTESIAN_POINT('',(4.96,0.969999999999999,-2.95));
#8805=CARTESIAN_POINT('',(4.96,0.969999999999999,-2.95));
#8806=CARTESIAN_POINT('',(4.96,0.969999999999999,-3.75));
#8807=CARTESIAN_POINT('',(4.96,2.73,-3.75));
#8808=CARTESIAN_POINT('',(4.96,2.87,-3.95));
#8809=CARTESIAN_POINT('',(4.96,2.87,-3.95));
#8810=CARTESIAN_POINT('',(4.96,2.87,-3.65));
#8811=CARTESIAN_POINT('',(4.96,2.87,-3.65));
#8812=CARTESIAN_POINT('',(4.96,1.57,-3.65));
#8813=CARTESIAN_POINT('',(4.96,1.57,-3.65));
#8814=CARTESIAN_POINT('',(4.96,1.57,-1.15));
#8815=CARTESIAN_POINT('',(4.96,2.93,-2.15));
#8816=CARTESIAN_POINT('',(6.35,-1.73,-3.95));
#8817=CARTESIAN_POINT('',(5.805,-1.73,-4.495));
#8818=CARTESIAN_POINT('',(5.56,-1.73,-4.25));
#8819=CARTESIAN_POINT('',(5.36,-1.73,-4.25));
#8820=CARTESIAN_POINT('',(6.35,-1.73,-4.25));
#8821=CARTESIAN_POINT('',(6.35,-1.73,-3.95));
#8822=CARTESIAN_POINT('',(6.35,3.43,-4.95));
#8823=CARTESIAN_POINT('',(-4.65,3.13,-4.95));
#8824=CARTESIAN_POINT('',(-4.65,3.13,-4.95));
#8825=CARTESIAN_POINT('',(-3.62,3.13,-4.95));
#8826=CARTESIAN_POINT('',(-3.62,2.73,-4.95));
#8827=CARTESIAN_POINT('',(-3.62,2.73,-4.95));
#8828=CARTESIAN_POINT('',(-6.35,2.73,-4.95));
#8829=CARTESIAN_POINT('',(-6.35,2.73,-4.95));
#8830=CARTESIAN_POINT('',(-6.35,3.43,-4.95));
#8831=CARTESIAN_POINT('',(-6.35,3.93,-4.95));
#8832=CARTESIAN_POINT('',(-6.35,3.93,-4.95));
#8833=CARTESIAN_POINT('',(-5.45,3.93,-4.95));
#8834=CARTESIAN_POINT('',(-5.45,3.93,-4.95));
#8835=CARTESIAN_POINT('',(-5.45,3.43,-4.95));
#8836=CARTESIAN_POINT('',(6.35,3.43,-4.95));
#8837=CARTESIAN_POINT('',(-4.65,3.43,-4.95));
#8838=CARTESIAN_POINT('',(-4.65,3.13,-4.95));
#8839=CARTESIAN_POINT('',(6.35,3.43,4.95));
#8840=CARTESIAN_POINT('',(5.36,3.43,-2.35));
#8841=CARTESIAN_POINT('',(4.76,3.43,-2.35));
#8842=CARTESIAN_POINT('',(5.56,3.43,-2.35));
#8843=CARTESIAN_POINT('',(5.56,3.43,4.95));
#8844=CARTESIAN_POINT('',(5.56,3.43,4.95));
#8845=CARTESIAN_POINT('',(6.35,3.43,4.95));
#8846=CARTESIAN_POINT('',(6.35,3.43,4.95));
#8847=CARTESIAN_POINT('',(6.35,3.43,4.95));
#8848=CARTESIAN_POINT('',(6.35,3.43,-3.05));
#8849=CARTESIAN_POINT('',(6.35,3.43,-3.05));
#8850=CARTESIAN_POINT('',(5.45,3.43,-3.05));
#8851=CARTESIAN_POINT('',(5.45,3.43,-3.05));
#8852=CARTESIAN_POINT('',(4.65,3.43,-4.95));
#8853=CARTESIAN_POINT('',(4.65,3.43,-3.05));
#8854=CARTESIAN_POINT('',(4.65,3.43,-3.05));
#8855=CARTESIAN_POINT('',(1.45,3.43,-3.05));
#8856=CARTESIAN_POINT('',(1.45,3.43,-3.05));
#8857=CARTESIAN_POINT('',(1.45,3.43,3.95));
#8858=CARTESIAN_POINT('',(1.45,3.43,3.95));
#8859=CARTESIAN_POINT('',(0.449999999999999,3.43,3.95));
#8860=CARTESIAN_POINT('',(0.449999999999999,3.43,3.95));
#8861=CARTESIAN_POINT('',(0.449999999999999,3.43,-3.05));
#8862=CARTESIAN_POINT('',(4.65,3.43,-3.05));
#8863=CARTESIAN_POINT('',(-0.449999999999999,3.43,-3.05));
#8864=CARTESIAN_POINT('',(-0.449999999999999,3.43,-3.05));
#8865=CARTESIAN_POINT('',(-0.449999999999999,3.43,3.95));
#8866=CARTESIAN_POINT('',(-0.449999999999999,3.43,3.95));
#8867=CARTESIAN_POINT('',(-1.45,3.43,3.95));
#8868=CARTESIAN_POINT('',(-1.45,3.43,3.95));
#8869=CARTESIAN_POINT('',(-1.45,3.43,-3.05));
#8870=CARTESIAN_POINT('',(4.65,3.43,-3.05));
#8871=CARTESIAN_POINT('',(-4.65,3.43,-3.05));
#8872=CARTESIAN_POINT('',(-4.65,3.43,-3.05));
#8873=CARTESIAN_POINT('',(-5.45,3.43,-4.95));
#8874=CARTESIAN_POINT('',(-5.45,3.43,-3.05));
#8875=CARTESIAN_POINT('',(-5.45,3.43,-3.05));
#8876=CARTESIAN_POINT('',(-6.35,3.43,-3.05));
#8877=CARTESIAN_POINT('',(-6.35,3.43,4.95));
#8878=CARTESIAN_POINT('',(-6.35,3.43,4.95));
#8879=CARTESIAN_POINT('',(6.35,3.43,4.95));
#8880=CARTESIAN_POINT('',(-5.56,3.43,4.95));
#8881=CARTESIAN_POINT('',(-5.56,3.43,-2.15));
#8882=CARTESIAN_POINT('',(-5.56,3.43,-2.35));
#8883=CARTESIAN_POINT('',(-4.96,3.43,-2.35));
#8884=CARTESIAN_POINT('',(-4.76,3.43,-2.35));
#8885=CARTESIAN_POINT('',(-4.76,3.43,4.95));
#8886=CARTESIAN_POINT('',(-4.76,3.43,4.95));
#8887=CARTESIAN_POINT('',(6.35,3.43,4.95));
#8888=CARTESIAN_POINT('',(4.76,3.43,4.95));
#8889=CARTESIAN_POINT('',(4.76,3.43,-2.15));
#8890=CARTESIAN_POINT('',(6.35,-3.43,4.95));
#8891=CARTESIAN_POINT('',(4.3,-0.199999999999998,4.95));
#8892=CARTESIAN_POINT('',(3.6,-0.199999999999998,4.95));
#8893=CARTESIAN_POINT('',(1.7,-0.199999999999997,4.95));
#8894=CARTESIAN_POINT('',(3.6,-0.199999999999998,4.95));
#8895=CARTESIAN_POINT('',(4.3,-0.899999999999998,4.95));
#8896=CARTESIAN_POINT('',(4.3,-2.8,4.95));
#8897=CARTESIAN_POINT('',(4.3,-2.80000000000001,4.95));
#8898=CARTESIAN_POINT('',(1.69999999999999,-2.80000000000001,4.95));
#8899=CARTESIAN_POINT('',(1.7,-2.8,4.95));
#8900=CARTESIAN_POINT('',(1.7,-0.199999999999997,4.95));
#8901=CARTESIAN_POINT('',(1.3,-0.199999999999998,4.95));
#8902=CARTESIAN_POINT('',(0.600000000000004,-0.199999999999998,4.95));
#8903=CARTESIAN_POINT('',(-1.3,-0.199999999999997,4.95));
#8904=CARTESIAN_POINT('',(0.600000000000004,-0.199999999999998,4.95));
#8905=CARTESIAN_POINT('',(1.3,-0.899999999999998,4.95));
#8906=CARTESIAN_POINT('',(1.3,-2.8,4.95));
#8907=CARTESIAN_POINT('',(1.3,-2.80000000000001,4.95));
#8908=CARTESIAN_POINT('',(-1.3,-2.80000000000001,4.95));
#8909=CARTESIAN_POINT('',(-1.3,-2.8,4.95));
#8910=CARTESIAN_POINT('',(-1.3,-0.199999999999997,4.95));
#8911=CARTESIAN_POINT('',(1.7,2.8,4.95));
#8912=CARTESIAN_POINT('',(1.7,2.80000000000001,4.95));
#8913=CARTESIAN_POINT('',(1.7,0.199999999999997,4.95));
#8914=CARTESIAN_POINT('',(4.3,2.80000000000001,4.95));
#8915=CARTESIAN_POINT('',(3.6,2.80000000000001,4.95));
#8916=CARTESIAN_POINT('',(3.6,2.80000000000001,4.95));
#8917=CARTESIAN_POINT('',(4.30000000000001,2.10000000000001,4.95));
#8918=CARTESIAN_POINT('',(4.30000000000001,0.199999999999998,4.95));
#8919=CARTESIAN_POINT('',(4.30000000000001,0.199999999999998,4.95));
#8920=CARTESIAN_POINT('',(1.7,0.199999999999997,4.95));
#8921=CARTESIAN_POINT('',(-1.3,2.8,4.95));
#8922=CARTESIAN_POINT('',(-1.3,2.80000000000001,4.95));
#8923=CARTESIAN_POINT('',(-1.3,0.199999999999997,4.95));
#8924=CARTESIAN_POINT('',(1.3,2.80000000000001,4.95));
#8925=CARTESIAN_POINT('',(0.600000000000005,2.80000000000001,4.95));
#8926=CARTESIAN_POINT('',(0.600000000000005,2.80000000000001,4.95));
#8927=CARTESIAN_POINT('',(1.30000000000001,2.10000000000001,4.95));
#8928=CARTESIAN_POINT('',(1.30000000000001,0.199999999999998,4.95));
#8929=CARTESIAN_POINT('',(1.30000000000001,0.199999999999998,4.95));
#8930=CARTESIAN_POINT('',(-1.3,0.199999999999997,4.95));
#8931=CARTESIAN_POINT('',(-1.69999999999999,-0.199999999999998,4.95));
#8932=CARTESIAN_POINT('',(-1.69999999999999,-0.199999999999998,4.95));
#8933=CARTESIAN_POINT('',(-3.6,-0.199999999999997,4.95));
#8934=CARTESIAN_POINT('',(-1.69999999999999,-2.8,4.95));
#8935=CARTESIAN_POINT('',(-1.69999999999999,-2.80000000000001,4.95));
#8936=CARTESIAN_POINT('',(-4.3,-2.80000000000001,4.95));
#8937=CARTESIAN_POINT('',(-4.3,-2.8,4.95));
#8938=CARTESIAN_POINT('',(-4.3,-0.199999999999997,4.95));
#8939=CARTESIAN_POINT('',(-4.3,-0.899999999999997,4.95));
#8940=CARTESIAN_POINT('',(-4.3,-0.899999999999997,4.95));
#8941=CARTESIAN_POINT('',(-4.3,2.8,4.95));
#8942=CARTESIAN_POINT('',(-4.3,2.80000000000001,4.95));
#8943=CARTESIAN_POINT('',(-4.3,0.199999999999997,4.95));
#8944=CARTESIAN_POINT('',(-1.7,2.80000000000001,4.95));
#8945=CARTESIAN_POINT('',(-2.4,2.80000000000001,4.95));
#8946=CARTESIAN_POINT('',(-2.4,2.80000000000001,4.95));
#8947=CARTESIAN_POINT('',(-1.69999999999999,2.10000000000001,4.95));
#8948=CARTESIAN_POINT('',(-1.69999999999999,0.199999999999998,4.95));
#8949=CARTESIAN_POINT('',(-1.69999999999999,0.199999999999998,4.95));
#8950=CARTESIAN_POINT('',(-4.3,0.199999999999997,4.95));
#8951=CARTESIAN_POINT('',(-4.96,-2.63,4.95));
#8952=CARTESIAN_POINT('',(-4.96,-0.880000000000001,4.95));
#8953=CARTESIAN_POINT('',(2.525,0.394999999999992,4.95));
#8954=CARTESIAN_POINT('',(4.96,1.02,4.95));
#8955=CARTESIAN_POINT('',(8.985,-0.795000000000007,4.95));
#8956=CARTESIAN_POINT('',(-2.63500000000001,5.55499999999999,4.95));
#8957=CARTESIAN_POINT('',(-4.96,1.02,4.95));
#8958=CARTESIAN_POINT('',(3.82500000000003,-5.95499999999998,4.95));
#8959=CARTESIAN_POINT('',(-6.35,-3.43,4.95));
#8960=CARTESIAN_POINT('',(6.35,-3.43,4.95));
#8961=CARTESIAN_POINT('',(4.96,-0.880000000000001,4.95));
#8962=CARTESIAN_POINT('',(4.96,-2.63,4.95));
#8963=CARTESIAN_POINT('',(6.35,0.,0.));
#8964=CARTESIAN_POINT('',(6.35,-1.73,-4.25));
#8965=CARTESIAN_POINT('',(6.35,3.93,-4.95));
#8966=CARTESIAN_POINT('',(6.35,3.93,-3.05));
#8967=CARTESIAN_POINT('',(6.35,3.93,-3.05));
#8968=CARTESIAN_POINT('',(-6.35,0.,0.));
#8969=CARTESIAN_POINT('',(-6.35,2.73,-3.95));
#8970=CARTESIAN_POINT('',(-6.35,2.73,-4.25));
#8971=CARTESIAN_POINT('',(-6.35,2.73,-4.25));
#8972=CARTESIAN_POINT('',(-6.35,3.93,-3.05));
#8973=CARTESIAN_POINT('',(-6.35,3.93,-3.05));
#8974=CARTESIAN_POINT('',(-6.35,3.93,-3.05));
#8975=CARTESIAN_POINT('',(1.45,3.93,-3.05));
#8976=CARTESIAN_POINT('',(1.45,3.93,-3.05));
#8977=CARTESIAN_POINT('',(1.45,3.93,-3.05));
#8978=CARTESIAN_POINT('',(1.45,3.93,-3.05));
#8979=CARTESIAN_POINT('',(1.45,3.93,3.95));
#8980=CARTESIAN_POINT('',(1.45,3.93,3.95));
#8981=CARTESIAN_POINT('',(0.449999999999999,3.93,3.95));
#8982=CARTESIAN_POINT('',(0.449999999999999,3.93,3.95));
#8983=CARTESIAN_POINT('',(0.449999999999999,7.13,-0.570000000000002));
#8984=CARTESIAN_POINT('',(0.449999999999999,7.13,0.103049516849969));
#8985=CARTESIAN_POINT('',(0.449999999999999,7.13,0.596950483150027));
#8986=CARTESIAN_POINT('',(0.449999999999999,6.85,0.103049516849969));
#8987=CARTESIAN_POINT('',(0.449999999999999,6.97521980673999,-0.147390096630008));
#8988=CARTESIAN_POINT('',(0.449999999999999,6.178,-0.546000000000002));
#8989=CARTESIAN_POINT('',(0.449999999999999,6.13,-0.570000000000002));
#8990=CARTESIAN_POINT('',(0.449999999999999,5.73,-0.570000000000002));
#8991=CARTESIAN_POINT('',(0.449999999999999,3.93,-0.570000000000002));
#8992=CARTESIAN_POINT('',(0.449999999999999,3.93,3.95));
#8993=CARTESIAN_POINT('',(0.449999999999999,3.93,-3.05));
#8994=CARTESIAN_POINT('',(0.449999999999999,3.93,-3.05));
#8995=CARTESIAN_POINT('',(0.449999999999999,5.73,1.27));
#8996=CARTESIAN_POINT('',(0.449999999999999,6.13,1.27));
#8997=CARTESIAN_POINT('',(0.449999999999999,3.298,2.686));
#8998=CARTESIAN_POINT('',(0.449999999999999,6.97521980673999,0.847390096630003));
#8999=CARTESIAN_POINT('',(0.449999999999999,6.85,0.596950483150027));
#9000=CARTESIAN_POINT('',(0.449999999999999,3.93,-3.05));
#9001=CARTESIAN_POINT('',(4.65,3.13,-3.05));
#9002=CARTESIAN_POINT('',(4.65,3.13,-3.05));
#9003=CARTESIAN_POINT('',(4.65,3.13,-3.05));
#9004=CARTESIAN_POINT('',(-4.65,3.13,-3.05));
#9005=CARTESIAN_POINT('',(-4.65,3.13,-3.05));
#9006=CARTESIAN_POINT('',(-1.45,3.93,-3.05));
#9007=CARTESIAN_POINT('',(-1.45,3.93,-3.05));
#9008=CARTESIAN_POINT('',(-1.45,3.93,-3.05));
#9009=CARTESIAN_POINT('',(-0.449999999999999,3.93,-3.05));
#9010=CARTESIAN_POINT('',(-0.449999999999999,3.93,-3.05));
#9011=CARTESIAN_POINT('',(0.449999999999999,3.93,-3.05));
#9012=CARTESIAN_POINT('',(0.,3.93,0.));
#9013=CARTESIAN_POINT('',(0.449999999999999,3.93,-0.570000000000002));
#9014=CARTESIAN_POINT('',(0.76422618401604,3.93,-0.570000000000002));
#9015=CARTESIAN_POINT('',(0.49,3.93,0.349999999999998));
#9016=CARTESIAN_POINT('',(6.35,3.93,-3.05));
#9017=CARTESIAN_POINT('',(6.35,3.93,-3.05));
#9018=CARTESIAN_POINT('',(5.45,3.93,-3.05));
#9019=CARTESIAN_POINT('',(5.45,3.93,-3.05));
#9020=CARTESIAN_POINT('',(5.45,3.93,-3.05));
#9021=CARTESIAN_POINT('',(5.45,3.93,-3.05));
#9022=CARTESIAN_POINT('',(0.,3.93,0.));
#9023=CARTESIAN_POINT('',(4.96,1.57,-1.15));
#9024=CARTESIAN_POINT('',(4.96,1.57,-3.65));
#9025=CARTESIAN_POINT('',(4.96,1.57,-3.65));
#9026=CARTESIAN_POINT('',(4.96,2.87,-3.65));
#9027=CARTESIAN_POINT('',(4.96,2.87,-3.65));
#9028=CARTESIAN_POINT('',(4.96,2.87,-3.95));
#9029=CARTESIAN_POINT('',(4.96,2.87,-3.95));
#9030=CARTESIAN_POINT('',(4.96,-2.73,-3.95));
#9031=CARTESIAN_POINT('',(-3.62,-2.73,-4.65));
#9032=CARTESIAN_POINT('',(-4.96,-2.73,-3.65));
#9033=CARTESIAN_POINT('',(-4.76,-2.73,-3.95));
#9034=CARTESIAN_POINT('',(4.96,-2.73,-3.65));
#9035=CARTESIAN_POINT('',(4.96,-1.43,-3.65));
#9036=CARTESIAN_POINT('',(4.96,-1.43,-3.65));
#9037=CARTESIAN_POINT('',(4.96,-1.43,-1.15));
#9038=CARTESIAN_POINT('',(4.96,-1.43,-1.15));
#9039=CARTESIAN_POINT('',(4.96,-2.63,-1.15));
#9040=CARTESIAN_POINT('',(4.96,-2.63,-1.15));
#9041=CARTESIAN_POINT('',(4.96,-0.880000000000001,4.95));
#9042=CARTESIAN_POINT('',(4.96,-0.880000000000001,1.95));
#9043=CARTESIAN_POINT('',(4.96,-0.880000000000001,1.95));
#9044=CARTESIAN_POINT('',(4.96,1.02,1.95));
#9045=CARTESIAN_POINT('',(4.96,1.02,1.95));
#9046=CARTESIAN_POINT('',(-6.35,2.73,-3.95));
#9047=CARTESIAN_POINT('',(-3.62,2.73,-4.65));
#9048=CARTESIAN_POINT('',(-3.32,2.73,-4.65));
#9049=CARTESIAN_POINT('',(-3.32,2.73,-3.95));
#9050=CARTESIAN_POINT('',(-5.555,2.73,-3.155));
#9051=CARTESIAN_POINT('',(-6.35,2.73,-3.95));
#9052=CARTESIAN_POINT('',(-5.805,2.73,-4.495));
#9053=CARTESIAN_POINT('',(-5.56,2.73,-4.25));
#9054=CARTESIAN_POINT('',(-5.36,2.73,-4.25));
#9055=CARTESIAN_POINT('',(4.65,3.13,-4.95));
#9056=CARTESIAN_POINT('',(4.65,3.13,-4.95));
#9057=CARTESIAN_POINT('',(-4.65,3.13,-3.05));
#9058=CARTESIAN_POINT('',(-4.65,3.13,-3.05));
#9059=CARTESIAN_POINT('',(0.,3.13,0.));
#9060=CARTESIAN_POINT('',(2.68,3.13,-3.63));
#9061=CARTESIAN_POINT('',(2.68,3.13,-3.63));
#9062=CARTESIAN_POINT('',(2.68,3.13,-4.65));
#9063=CARTESIAN_POINT('',(2.38,3.13,-4.65));
#9064=CARTESIAN_POINT('',(0.62,3.13,-4.65));
#9065=CARTESIAN_POINT('',(0.32,3.13,-4.65));
#9066=CARTESIAN_POINT('',(0.32,3.13,-3.63));
#9067=CARTESIAN_POINT('',(0.32,3.13,-3.63));
#9068=CARTESIAN_POINT('',(-0.319999999999998,3.13,-3.63));
#9069=CARTESIAN_POINT('',(-0.319999999999998,3.13,-3.63));
#9070=CARTESIAN_POINT('',(-0.319999999999998,3.13,-3.63));
#9071=CARTESIAN_POINT('',(-0.319999999999998,3.13,-4.65));
#9072=CARTESIAN_POINT('',(-0.619999999999998,3.13,-4.65));
#9073=CARTESIAN_POINT('',(-2.38,3.13,-4.65));
#9074=CARTESIAN_POINT('',(-2.68,3.13,-4.65));
#9075=CARTESIAN_POINT('',(-2.68,3.13,-3.63));
#9076=CARTESIAN_POINT('',(-2.68,3.13,-3.63));
#9077=CARTESIAN_POINT('',(-3.32,3.13,-3.63));
#9078=CARTESIAN_POINT('',(-3.32,3.13,-3.63));
#9079=CARTESIAN_POINT('',(-3.32,3.13,-3.63));
#9080=CARTESIAN_POINT('',(-3.32,3.13,-4.65));
#9081=CARTESIAN_POINT('',(-3.62,3.13,-4.65));
#9082=CARTESIAN_POINT('',(3.62,3.13,-4.65));
#9083=CARTESIAN_POINT('',(3.32,3.13,-4.65));
#9084=CARTESIAN_POINT('',(3.32,3.13,-3.63));
#9085=CARTESIAN_POINT('',(3.32,3.13,-3.63));
#9086=CARTESIAN_POINT('',(2.68,3.13,-3.63));
#9087=CARTESIAN_POINT('',(0.,0.,-4.25));
#9088=CARTESIAN_POINT('',(5.56,-0.529999999999999,-4.25));
#9089=CARTESIAN_POINT('',(5.56,-0.53,-4.25));
#9090=CARTESIAN_POINT('',(5.36,-0.53,-4.25));
#9091=CARTESIAN_POINT('',(5.65,-0.53,-4.25));
#9092=CARTESIAN_POINT('',(5.65,-0.53,-4.25));
#9093=CARTESIAN_POINT('',(5.65,1.47,-4.25));
#9094=CARTESIAN_POINT('',(5.65,1.47,-4.25));
#9095=CARTESIAN_POINT('',(5.56,1.47,-4.25));
#9096=CARTESIAN_POINT('',(5.56,2.73,-4.25));
#9097=CARTESIAN_POINT('',(4.96,0.969999999999999,-2.95));
#9098=CARTESIAN_POINT('',(5.36,0.969999999999999,-3.34999999999999));
#9099=CARTESIAN_POINT('',(4.96,0.969999999999999,-2.95));
#9100=CARTESIAN_POINT('',(3.95,0.969999999999999,-2.95));
#9101=CARTESIAN_POINT('',(3.95,0.969999999999999,-2.95));
#9102=CARTESIAN_POINT('',(3.95,0.969999999999999,-2.95));
#9103=CARTESIAN_POINT('',(3.95,-0.305000000000003,-4.75));
#9104=CARTESIAN_POINT('',(3.95,-0.305000000000003,-4.75));
#9105=CARTESIAN_POINT('',(3.95,-0.305000000000003,-4.75));
#9106=CARTESIAN_POINT('',(3.95,0.305000000000003,-4.75));
#9107=CARTESIAN_POINT('',(3.95,0.305000000000003,-4.75));
#9108=CARTESIAN_POINT('',(3.95,0.969999999999999,-2.95));
#9109=CARTESIAN_POINT('',(3.95,-0.58,-2.95));
#9110=CARTESIAN_POINT('',(3.95,-0.58,-2.95));
#9111=CARTESIAN_POINT('',(3.95,-0.58,-2.95));
#9112=CARTESIAN_POINT('',(4.855,-0.58,-3.85499999999999));
#9113=CARTESIAN_POINT('',(3.95,-0.58,-2.95));
#9114=CARTESIAN_POINT('',(0.,0.,-2.95));
#9115=CARTESIAN_POINT('',(5.36,-0.53,-4.25));
#9116=CARTESIAN_POINT('',(5.36,-0.53,-4.05));
#9117=CARTESIAN_POINT('',(5.36,-0.53,-2.95));
#9118=CARTESIAN_POINT('',(5.65,-0.53,-2.95));
#9119=CARTESIAN_POINT('',(5.65,-0.53,-4.25));
#9120=CARTESIAN_POINT('',(5.65,-0.53,-4.25));
#9121=CARTESIAN_POINT('',(5.65,-0.53,-2.95));
#9122=CARTESIAN_POINT('',(5.65,1.47,-2.95));
#9123=CARTESIAN_POINT('',(5.65,1.47,-4.25));
#9124=CARTESIAN_POINT('',(5.65,1.47,-4.25));
#9125=CARTESIAN_POINT('',(5.36,1.47,-4.05));
#9126=CARTESIAN_POINT('',(5.65,1.47,-2.95));
#9127=CARTESIAN_POINT('',(0.,0.,-2.95));
#9128=CARTESIAN_POINT('',(4.76,0.,-3.95));
#9129=CARTESIAN_POINT('',(4.76,0.,-3.95));
#9130=CARTESIAN_POINT('',(5.36,0.,-4.05));
#9131=CARTESIAN_POINT('',(5.36,0.,-4.05));
#9132=CARTESIAN_POINT('',(5.36,2.93,-2.15));
#9133=CARTESIAN_POINT('',(4.96,3.23,-2.15));
#9134=CARTESIAN_POINT('',(5.36,2.93,-2.15));
#9135=CARTESIAN_POINT('',(0.,2.93,0.));
#9136=CARTESIAN_POINT('',(0.449999999999999,5.73,1.27));
#9137=CARTESIAN_POINT('',(1.21,7.13,1.27));
#9138=CARTESIAN_POINT('',(1.21,6.13,1.27));
#9139=CARTESIAN_POINT('',(1.21,5.73,1.27));
#9140=CARTESIAN_POINT('',(0.449999999999999,6.13,1.27));
#9141=CARTESIAN_POINT('',(0.76422618401604,5.73,1.27));
#9142=CARTESIAN_POINT('',(0.76422618401604,5.73,1.27));
#9143=CARTESIAN_POINT('',(0.449999999999999,5.73,1.27));
#9144=CARTESIAN_POINT('',(0.449999999999999,5.73,-0.570000000000002));
#9145=CARTESIAN_POINT('',(0.449999999999999,6.13,-0.570000000000002));
#9146=CARTESIAN_POINT('',(1.21,6.13,-0.57));
#9147=CARTESIAN_POINT('',(1.21,7.13,-0.57));
#9148=CARTESIAN_POINT('',(1.21,5.73,-0.57));
#9149=CARTESIAN_POINT('',(1.21,5.73,-0.57));
#9150=CARTESIAN_POINT('',(0.764226184016044,5.73,-0.570000000000001));
#9151=CARTESIAN_POINT('',(0.76422618401604,5.73,-0.570000000000002));
#9152=CARTESIAN_POINT('',(0.49,5.73,0.349999999999998));
#9153=CARTESIAN_POINT('',(0.49,5.73,0.349999999999998));
#9154=CARTESIAN_POINT('',(0.352000000000002,7.13,0.349999999999998));
#9155=CARTESIAN_POINT('',(0.352000000000002,6.13,0.349999999999998));
#9156=CARTESIAN_POINT('',(0.352000000000002,5.73,0.349999999999998));
#9157=CARTESIAN_POINT('',(0.352000000000002,7.13,0.349999999999998));
#9158=CARTESIAN_POINT('',(0.352000000000002,7.13,0.596950483150027));
#9159=CARTESIAN_POINT('',(0.835457990477881,7.13,0.596950483150027));
#9160=CARTESIAN_POINT('',(0.352000000000002,7.13,0.349999999999998));
#9161=CARTESIAN_POINT('',(0.835457990477881,7.13,0.103049516849969));
#9162=CARTESIAN_POINT('',(0.352000000000002,7.13,0.103049516849969));
#9163=CARTESIAN_POINT('',(0.352000000000002,5.73,0.349999999999998));
#9164=CARTESIAN_POINT('',(0.352000000000002,7.13,-0.0700000000000021));
#9165=CARTESIAN_POINT('',(0.352000000000002,6.97521980673999,-0.147390096630008));
#9166=CARTESIAN_POINT('',(0.856705013104114,6.97521980673999,-0.147390096630008));
#9167=CARTESIAN_POINT('',(0.856705013104114,6.97521980673999,-0.147390096630008));
#9168=CARTESIAN_POINT('',(0.974928675056535,6.69363324618541,-0.288183376907298));
#9169=CARTESIAN_POINT('',(1.0925050410982,6.41183023410096,-0.429084882949524));
#9170=CARTESIAN_POINT('',(1.21000000000017,6.13000000000006,-0.569999999999973));
#9171=CARTESIAN_POINT('',(0.352000000000002,7.13,0.769999999999998));
#9172=CARTESIAN_POINT('',(1.21,6.13,1.27));
#9173=CARTESIAN_POINT('',(1.09250504109803,6.4118302341009,1.12908488294955));
#9174=CARTESIAN_POINT('',(0.974928675056623,6.69363324618544,0.988183376907279));
#9175=CARTESIAN_POINT('',(0.8567050131042,6.97521980674002,0.847390096629989));
#9176=CARTESIAN_POINT('',(0.856705013104114,6.97521980673999,0.847390096630004));
#9177=CARTESIAN_POINT('',(0.352000000000002,6.97521980673999,0.847390096630004));
#9178=CARTESIAN_POINT('',(0.352000000000002,6.85,0.596950483150027));
#9179=CARTESIAN_POINT('',(0.856705013104114,6.97521980673999,0.847390096630004));
#9180=CARTESIAN_POINT('',(0.840820431677154,7.01305389659983,0.828473051700086));
#9181=CARTESIAN_POINT('',(0.837816643110633,7.04904875137961,0.798822161143946));
#9182=CARTESIAN_POINT('',(0.845410864143435,7.07539860207145,0.763069326705587));
#9183=CARTESIAN_POINT('',(0.845410864143435,7.07539860207145,0.763069326705587));
#9184=CARTESIAN_POINT('',(0.845410864143435,7.07539860207145,0.763069326705587));
#9185=CARTESIAN_POINT('',(0.855550879579117,7.11058165660583,0.715331146382892));
#9186=CARTESIAN_POINT('',(0.84837030504044,7.13,0.655109615419801));
#9187=CARTESIAN_POINT('',(0.835457990477881,7.13,0.596950483150027));
#9188=CARTESIAN_POINT('',(0.352000000000002,6.85,0.103049516849969));
#9189=CARTESIAN_POINT('',(0.845410864143438,7.07539860207145,-0.0630693267055882));
#9190=CARTESIAN_POINT('',(0.855550879579119,7.11058165660583,-0.015331146382894));
#9191=CARTESIAN_POINT('',(0.848370305040435,7.13,0.0448903845801949));
#9192=CARTESIAN_POINT('',(0.835457990477881,7.13,0.103049516849969));
#9193=CARTESIAN_POINT('',(0.845410864143439,7.07539860207145,-0.0630693267055894));
#9194=CARTESIAN_POINT('',(0.845410864143439,7.07539860207145,-0.0630693267055893));
#9195=CARTESIAN_POINT('',(0.837803403765169,7.0490028145054,-0.0988844906606309));
#9196=CARTESIAN_POINT('',(0.840802748948721,7.01309601353817,-0.12845199323092));
#9197=CARTESIAN_POINT('',(0.856705013104114,6.97521980673999,-0.147390096630008));
#9198=CARTESIAN_POINT('',(0.352000000000002,7.13,0.349999999999998));
#9199=CARTESIAN_POINT('',(0.352000000000002,7.07539860207145,0.349999999999998));
#9200=CARTESIAN_POINT('',(0.352000000000002,7.01,0.349999999999998));
#9201=CARTESIAN_POINT('',(-0.449999999999999,3.93,3.95));
#9202=CARTESIAN_POINT('',(-0.449999999999999,3.93,3.95));
#9203=CARTESIAN_POINT('',(-1.45,3.93,3.95));
#9204=CARTESIAN_POINT('',(-1.45,3.93,3.95));
#9205=CARTESIAN_POINT('',(-1.45,3.93,3.95));
#9206=CARTESIAN_POINT('',(-0.449999999999999,3.93,-3.05));
#9207=CARTESIAN_POINT('',(-0.449999999999999,3.378,-1.946));
#9208=CARTESIAN_POINT('',(-0.449999999999999,6.13,-0.570000000000002));
#9209=CARTESIAN_POINT('',(-0.449999999999999,6.97521980673999,-0.147390096630008));
#9210=CARTESIAN_POINT('',(-0.449999999999999,6.85,0.103049516849969));
#9211=CARTESIAN_POINT('',(-0.449999999999999,7.13,0.103049516849968));
#9212=CARTESIAN_POINT('',(-0.449999999999999,7.13,1.27));
#9213=CARTESIAN_POINT('',(-0.449999999999999,7.13,0.596950483150027));
#9214=CARTESIAN_POINT('',(-0.449999999999999,6.85,0.596950483150027));
#9215=CARTESIAN_POINT('',(-0.449999999999999,6.97521980673999,0.847390096630004));
#9216=CARTESIAN_POINT('',(-0.449999999999999,6.098,1.286));
#9217=CARTESIAN_POINT('',(-0.449999999999999,6.13,1.27));
#9218=CARTESIAN_POINT('',(-0.449999999999999,5.73,1.27));
#9219=CARTESIAN_POINT('',(-0.449999999999999,3.93,-3.05));
#9220=CARTESIAN_POINT('',(-0.449999999999999,3.93,-0.570000000000002));
#9221=CARTESIAN_POINT('',(-0.449999999999999,5.73,-0.570000000000002));
#9222=CARTESIAN_POINT('',(0.,3.93,0.));
#9223=CARTESIAN_POINT('',(-0.49,3.93,0.349999999999998));
#9224=CARTESIAN_POINT('',(-0.764226184016041,3.93,-0.570000000000002));
#9225=CARTESIAN_POINT('',(-0.76422618401604,3.93,-0.570000000000002));
#9226=CARTESIAN_POINT('',(-5.45,3.93,-3.05));
#9227=CARTESIAN_POINT('',(-5.45,3.93,-3.05));
#9228=CARTESIAN_POINT('',(-5.45,3.93,-3.05));
#9229=CARTESIAN_POINT('',(-5.45,3.93,-3.05));
#9230=CARTESIAN_POINT('',(-5.45,3.93,-4.95));
#9231=CARTESIAN_POINT('',(-5.45,3.93,-4.95));
#9232=CARTESIAN_POINT('',(0.,3.93,0.));
#9233=CARTESIAN_POINT('',(-4.96,-2.73,-3.95));
#9234=CARTESIAN_POINT('',(-4.96,2.87,-3.95));
#9235=CARTESIAN_POINT('',(-4.96,1.02,4.95));
#9236=CARTESIAN_POINT('',(-4.96,1.02,1.95));
#9237=CARTESIAN_POINT('',(-4.96,1.02,1.95));
#9238=CARTESIAN_POINT('',(-4.96,-0.880000000000001,1.95));
#9239=CARTESIAN_POINT('',(-4.96,-0.880000000000001,1.95));
#9240=CARTESIAN_POINT('',(-4.96,-2.63,4.95));
#9241=CARTESIAN_POINT('',(-4.96,-2.63,-1.15));
#9242=CARTESIAN_POINT('',(-4.96,-2.63,-1.15));
#9243=CARTESIAN_POINT('',(-4.96,-1.43,-1.15));
#9244=CARTESIAN_POINT('',(-4.96,-1.43,-1.15));
#9245=CARTESIAN_POINT('',(-4.96,-1.43,-3.65));
#9246=CARTESIAN_POINT('',(-4.96,-1.43,-3.65));
#9247=CARTESIAN_POINT('',(-4.96,2.87,-3.95));
#9248=CARTESIAN_POINT('',(-4.96,2.87,-3.65));
#9249=CARTESIAN_POINT('',(-4.96,2.87,-3.65));
#9250=CARTESIAN_POINT('',(-4.96,1.57,-3.65));
#9251=CARTESIAN_POINT('',(-4.96,1.57,-3.65));
#9252=CARTESIAN_POINT('',(0.,0.,-4.25));
#9253=CARTESIAN_POINT('',(-5.65,-0.53,-4.25));
#9254=CARTESIAN_POINT('',(-5.65,-0.53,-4.25));
#9255=CARTESIAN_POINT('',(-5.56,-0.53,-4.25));
#9256=CARTESIAN_POINT('',(-5.56,0.,-4.25));
#9257=CARTESIAN_POINT('',(-5.56,0.,-4.25));
#9258=CARTESIAN_POINT('',(-5.56,1.47,-4.25));
#9259=CARTESIAN_POINT('',(-5.36,1.47,-4.25));
#9260=CARTESIAN_POINT('',(-5.65,1.47,-4.25));
#9261=CARTESIAN_POINT('',(-5.65,1.47,-4.25));
#9262=CARTESIAN_POINT('',(-3.95,0.969999999999999,-2.95));
#9263=CARTESIAN_POINT('',(-4.855,0.969999999999999,-3.85499999999999));
#9264=CARTESIAN_POINT('',(-3.95,0.969999999999999,-2.95));
#9265=CARTESIAN_POINT('',(-3.95,0.969999999999999,-2.95));
#9266=CARTESIAN_POINT('',(-3.95,0.969999999999999,-2.95));
#9267=CARTESIAN_POINT('',(-4.96,-0.58,-2.95));
#9268=CARTESIAN_POINT('',(-5.36,-0.58,-3.34999999999999));
#9269=CARTESIAN_POINT('',(-4.96,-0.58,-2.95));
#9270=CARTESIAN_POINT('',(-3.95,-0.58,-2.95));
#9271=CARTESIAN_POINT('',(-3.95,-0.58,-2.95));
#9272=CARTESIAN_POINT('',(-3.95,-0.58,-2.95));
#9273=CARTESIAN_POINT('',(-3.95,0.305000000000003,-4.75));
#9274=CARTESIAN_POINT('',(-3.95,0.305000000000003,-4.75));
#9275=CARTESIAN_POINT('',(-3.95,0.305000000000003,-4.75));
#9276=CARTESIAN_POINT('',(-3.95,-0.305000000000003,-4.75));
#9277=CARTESIAN_POINT('',(-3.95,-0.305000000000003,-4.75));
#9278=CARTESIAN_POINT('',(-3.95,-0.58,-2.95));
#9279=CARTESIAN_POINT('',(0.,0.,-2.95));
#9280=CARTESIAN_POINT('',(-5.65,1.47,-4.25));
#9281=CARTESIAN_POINT('',(-5.65,1.47,-4.25));
#9282=CARTESIAN_POINT('',(-5.65,1.47,-2.95));
#9283=CARTESIAN_POINT('',(-5.65,1.47,-2.95));
#9284=CARTESIAN_POINT('',(-5.65,-0.53,-2.95));
#9285=CARTESIAN_POINT('',(-5.65,-0.53,-4.25));
#9286=CARTESIAN_POINT('',(-5.65,-0.53,-4.25));
#9287=CARTESIAN_POINT('',(-5.36,-0.53,-4.05));
#9288=CARTESIAN_POINT('',(-5.65,-0.53,-2.95));
#9289=CARTESIAN_POINT('',(-5.36,1.47,-4.25));
#9290=CARTESIAN_POINT('',(-5.36,1.47,-4.05));
#9291=CARTESIAN_POINT('',(-5.36,1.47,-2.95));
#9292=CARTESIAN_POINT('',(0.,0.,-2.95));
#9293=CARTESIAN_POINT('',(-4.76,0.,-3.95));
#9294=CARTESIAN_POINT('',(-4.76,0.,-3.95));
#9295=CARTESIAN_POINT('',(-5.36,-2.73000000000001,-4.05));
#9296=CARTESIAN_POINT('',(-5.36,-2.73000000000001,-4.05));
#9297=CARTESIAN_POINT('',(-4.96,2.93,-2.15));
#9298=CARTESIAN_POINT('',(-5.36,3.23,-2.15));
#9299=CARTESIAN_POINT('',(-4.96,2.93,-2.15));
#9300=CARTESIAN_POINT('',(0.,2.93,0.));
#9301=CARTESIAN_POINT('',(-0.449999999999999,5.73,1.27));
#9302=CARTESIAN_POINT('',(-0.449999999999999,6.13,1.27));
#9303=CARTESIAN_POINT('',(-1.21,6.13,1.27));
#9304=CARTESIAN_POINT('',(-1.21,7.13,1.27));
#9305=CARTESIAN_POINT('',(-1.21,5.73,1.27));
#9306=CARTESIAN_POINT('',(-1.21,5.73,1.27));
#9307=CARTESIAN_POINT('',(-0.764226184016044,5.73,1.27));
#9308=CARTESIAN_POINT('',(-0.76422618401604,5.73,1.27));
#9309=CARTESIAN_POINT('',(-0.49,5.73,0.349999999999998));
#9310=CARTESIAN_POINT('',(-0.49,5.73,0.349999999999998));
#9311=CARTESIAN_POINT('',(-0.764226184016041,5.73,-0.570000000000002));
#9312=CARTESIAN_POINT('',(-0.764226184016041,5.73,-0.570000000000002));
#9313=CARTESIAN_POINT('',(-0.76422618401604,5.73,-0.570000000000002));
#9314=CARTESIAN_POINT('',(-1.21,7.13,-0.57));
#9315=CARTESIAN_POINT('',(-1.21,6.13,-0.57));
#9316=CARTESIAN_POINT('',(-1.21,5.73,-0.57));
#9317=CARTESIAN_POINT('',(-0.76422618401604,6.13,-0.570000000000002));
#9318=CARTESIAN_POINT('',(-0.449999999999999,5.73,-0.570000000000002));
#9319=CARTESIAN_POINT('',(-0.352000000000002,7.13,0.349999999999998));
#9320=CARTESIAN_POINT('',(-0.352000000000002,6.13,0.349999999999998));
#9321=CARTESIAN_POINT('',(-0.352000000000002,5.73,0.349999999999998));
#9322=CARTESIAN_POINT('',(-0.352000000000002,7.13,0.349999999999998));
#9323=CARTESIAN_POINT('',(-0.352000000000002,7.13,0.103049516849969));
#9324=CARTESIAN_POINT('',(-0.835457990477881,7.13,0.103049516849969));
#9325=CARTESIAN_POINT('',(-0.352000000000002,7.13,0.349999999999998));
#9326=CARTESIAN_POINT('',(-0.835457990477881,7.13,0.596950483150027));
#9327=CARTESIAN_POINT('',(-0.352000000000002,7.13,0.596950483150027));
#9328=CARTESIAN_POINT('',(-0.352000000000002,5.73,0.349999999999998));
#9329=CARTESIAN_POINT('',(-0.352000000000002,7.13,-0.0700000000000021));
#9330=CARTESIAN_POINT('',(-1.21,6.13,-0.570000000000003));
#9331=CARTESIAN_POINT('',(-1.09250504109803,6.4118302341009,-0.429084882949553));
#9332=CARTESIAN_POINT('',(-0.974928675056623,6.69363324618544,-0.288183376907283));
#9333=CARTESIAN_POINT('',(-0.8567050131042,6.97521980674002,-0.147390096629994));
#9334=CARTESIAN_POINT('',(-0.856705013104114,6.97521980673999,-0.147390096630008));
#9335=CARTESIAN_POINT('',(-0.352000000000002,6.97521980673999,-0.147390096630008));
#9336=CARTESIAN_POINT('',(-0.352000000000002,7.13,0.769999999999998));
#9337=CARTESIAN_POINT('',(-0.352000000000002,6.97521980673999,0.847390096630004));
#9338=CARTESIAN_POINT('',(-0.856705013104114,6.97521980673999,0.847390096630004));
#9339=CARTESIAN_POINT('',(-0.856705013104114,6.97521980673999,0.847390096630004));
#9340=CARTESIAN_POINT('',(-0.974928675056535,6.69363324618541,0.988183376907294));
#9341=CARTESIAN_POINT('',(-1.0925050410982,6.41183023410096,1.12908488294952));
#9342=CARTESIAN_POINT('',(-1.21000000000017,6.13000000000006,1.26999999999997));
#9343=CARTESIAN_POINT('',(-0.352000000000002,6.85,0.596950483150027));
#9344=CARTESIAN_POINT('',(-0.845410864143438,7.07539860207145,0.763069326705584));
#9345=CARTESIAN_POINT('',(-0.855550879579119,7.11058165660583,0.71533114638289));
#9346=CARTESIAN_POINT('',(-0.84837030504044,7.13,0.6551096154198));
#9347=CARTESIAN_POINT('',(-0.835457990477881,7.13,0.596950483150027));
#9348=CARTESIAN_POINT('',(-0.845410864143439,7.07539860207145,0.763069326705585));
#9349=CARTESIAN_POINT('',(-0.845410864143439,7.07539860207145,0.763069326705585));
#9350=CARTESIAN_POINT('',(-0.837803403765169,7.0490028145054,0.798884490660627));
#9351=CARTESIAN_POINT('',(-0.840802748948721,7.01309601353817,0.828451993230916));
#9352=CARTESIAN_POINT('',(-0.856705013104114,6.97521980673999,0.847390096630004));
#9353=CARTESIAN_POINT('',(-0.352000000000002,6.85,0.103049516849969));
#9354=CARTESIAN_POINT('',(-0.856705013104114,6.97521980673999,-0.147390096630008));
#9355=CARTESIAN_POINT('',(-0.840820431677154,7.01305389659983,-0.12847305170009));
#9356=CARTESIAN_POINT('',(-0.837816643110633,7.04904875137961,-0.0988221611439505));
#9357=CARTESIAN_POINT('',(-0.845410864143435,7.07539860207145,-0.063069326705591));
#9358=CARTESIAN_POINT('',(-0.845410864143435,7.07539860207145,-0.063069326705591));
#9359=CARTESIAN_POINT('',(-0.845410864143435,7.07539860207145,-0.0630693267055911));
#9360=CARTESIAN_POINT('',(-0.855550879579117,7.11058165660583,-0.0153311463828965));
#9361=CARTESIAN_POINT('',(-0.848370305040439,7.13,0.0448903845801947));
#9362=CARTESIAN_POINT('',(-0.835457990477881,7.13,0.103049516849969));
#9363=CARTESIAN_POINT('',(-0.352000000000002,7.13,0.349999999999998));
#9364=CARTESIAN_POINT('',(-0.352000000000002,7.07539860207145,0.349999999999998));
#9365=CARTESIAN_POINT('',(-0.352000000000002,7.01,0.349999999999998));
#9366=CARTESIAN_POINT('',(0.7,-3.43,4.35));
#9367=CARTESIAN_POINT('',(-0.7,-3.43,4.35));
#9368=CARTESIAN_POINT('',(-0.7,-4.83,2.96651513899117));
#9369=CARTESIAN_POINT('',(0.7,-4.83,2.96651513899117));
#9370=CARTESIAN_POINT('',(0.7,-4.83,2.96651513899117));
#9371=CARTESIAN_POINT('',(0.7,-3.43,4.35));
#9372=CARTESIAN_POINT('',(0.7,-4.83,2.96651513899117));
#9373=CARTESIAN_POINT('',(-0.7,-4.83,2.96651513899117));
#9374=CARTESIAN_POINT('',(-0.7,-4.83,2.46651513899117));
#9375=CARTESIAN_POINT('',(0.7,-4.83,2.46651513899117));
#9376=CARTESIAN_POINT('',(0.7,-4.83,2.46651513899117));
#9377=CARTESIAN_POINT('',(0.7,-4.83,2.96651513899117));
#9378=CARTESIAN_POINT('',(0.7,-4.43,1.55));
#9379=CARTESIAN_POINT('',(-0.7,-4.43,1.55));
#9380=CARTESIAN_POINT('',(0.7,-4.43,1.55));
#9381=CARTESIAN_POINT('',(0.7,-4.43,1.55));
#9382=CARTESIAN_POINT('',(-0.7,-4.43,1.55));
#9383=CARTESIAN_POINT('',(4.65,-3.13,-3.05));
#9384=CARTESIAN_POINT('',(4.65,-3.13,-3.05));
#9385=CARTESIAN_POINT('',(4.65,-3.13,-3.05));
#9386=CARTESIAN_POINT('',(4.65,-3.13,-3.05));
#9387=CARTESIAN_POINT('',(-4.65,-3.13,-4.95));
#9388=CARTESIAN_POINT('',(-4.65,-3.13,-4.95));
#9389=CARTESIAN_POINT('',(-4.65,-3.13,-3.05));
#9390=CARTESIAN_POINT('',(-4.65,-3.13,-3.05));
#9391=CARTESIAN_POINT('',(-4.65,-3.13,-3.05));
#9392=CARTESIAN_POINT('',(-4.65,-3.13,-3.05));
#9393=CARTESIAN_POINT('',(0.,-3.13,0.));
#9394=CARTESIAN_POINT('',(3.62,-3.13,-4.65));
#9395=CARTESIAN_POINT('',(-3.62,-3.13,-4.65));
#9396=CARTESIAN_POINT('',(-2.38,-3.13,-4.65));
#9397=CARTESIAN_POINT('',(-0.619999999999998,-3.13,-4.65));
#9398=CARTESIAN_POINT('',(0.62,-3.13,-4.65));
#9399=CARTESIAN_POINT('',(2.38,-3.13,-4.65));
#9400=CARTESIAN_POINT('',(-2.68,3.13,-3.63));
#9401=CARTESIAN_POINT('',(-2.68,0.305000000000003,-3.63));
#9402=CARTESIAN_POINT('',(-2.68,1.18,-21.608454576562));
#9403=CARTESIAN_POINT('',(-2.68,1.18,-1.55));
#9404=CARTESIAN_POINT('',(-2.68,1.18,-1.55));
#9405=CARTESIAN_POINT('',(-2.68,1.82,-1.55));
#9406=CARTESIAN_POINT('',(-2.68,1.82,-21.608454576562));
#9407=CARTESIAN_POINT('',(-2.68,1.82,-3.63));
#9408=CARTESIAN_POINT('',(-2.68,3.13,-3.63));
#9409=CARTESIAN_POINT('',(-2.68,2.73,-4.65));
#9410=CARTESIAN_POINT('',(-3.32,-3.13,-3.63));
#9411=CARTESIAN_POINT('',(-3.32,0.305000000000003,-3.63));
#9412=CARTESIAN_POINT('',(-3.32,3.13,-4.65));
#9413=CARTESIAN_POINT('',(-3.32,-3.13,-3.63));
#9414=CARTESIAN_POINT('',(-3.32,1.82,-3.63));
#9415=CARTESIAN_POINT('',(-3.32,1.82,-21.608454576562));
#9416=CARTESIAN_POINT('',(-3.32,1.82,-1.55));
#9417=CARTESIAN_POINT('',(-3.32,1.82,-1.55));
#9418=CARTESIAN_POINT('',(-3.32,1.18,-1.55));
#9419=CARTESIAN_POINT('',(-3.32,1.18,-21.608454576562));
#9420=CARTESIAN_POINT('',(0.,0.,-3.63));
#9421=CARTESIAN_POINT('',(0.,1.82,-3.63));
#9422=CARTESIAN_POINT('',(-2.38,3.13,-4.65));
#9423=CARTESIAN_POINT('',(-3.62,-3.13,-4.65));
#9424=CARTESIAN_POINT('',(-2.38,3.13,-4.65));
#9425=CARTESIAN_POINT('',(-3.62,-3.13,-4.65));
#9426=CARTESIAN_POINT('',(-4.3,2.8,-1.55));
#9427=CARTESIAN_POINT('',(-4.3,0.199999999999997,-1.55));
#9428=CARTESIAN_POINT('',(-4.3,0.199999999999997,-1.55));
#9429=CARTESIAN_POINT('',(-4.3,2.8,-1.55));
#9430=CARTESIAN_POINT('',(-4.3,2.80000000000001,-1.55));
#9431=CARTESIAN_POINT('',(-4.3,2.80000000000001,-1.55));
#9432=CARTESIAN_POINT('',(-4.3,0.199999999999997,-1.55));
#9433=CARTESIAN_POINT('',(-1.69999999999999,0.199999999999998,-1.55));
#9434=CARTESIAN_POINT('',(-1.69999999999999,0.199999999999998,-1.55));
#9435=CARTESIAN_POINT('',(-4.3,0.199999999999997,-1.55));
#9436=CARTESIAN_POINT('',(-1.69999999999999,0.199999999999998,-1.55));
#9437=CARTESIAN_POINT('',(-1.69999999999999,2.10000000000001,-1.55));
#9438=CARTESIAN_POINT('',(-1.69999999999999,2.10000000000001,-1.55));
#9439=CARTESIAN_POINT('',(-1.69999999999999,0.199999999999998,-1.55));
#9440=CARTESIAN_POINT('',(-1.7,2.80000000000001,-1.55));
#9441=CARTESIAN_POINT('',(-1.7,2.80000000000001,-1.55));
#9442=CARTESIAN_POINT('',(-2.4,2.80000000000001,-1.55));
#9443=CARTESIAN_POINT('',(-2.4,2.80000000000001,4.95));
#9444=CARTESIAN_POINT('',(0.,0.,-1.55));
#9445=CARTESIAN_POINT('',(-2.68,1.82,-1.55));
#9446=CARTESIAN_POINT('',(-3.32,1.18,-1.55));
#9447=CARTESIAN_POINT('',(0.200000000000006,0.200000000000006,-1.55));
#9448=CARTESIAN_POINT('',(-3.32,1.18,-21.608454576562));
#9449=CARTESIAN_POINT('',(-2.68,1.82,-21.608454576562));
#9450=CARTESIAN_POINT('',(-1.69999999999999,-0.199999999999998,-1.55));
#9451=CARTESIAN_POINT('',(-3.6,-0.199999999999997,-1.55));
#9452=CARTESIAN_POINT('',(-3.6,-0.199999999999997,-1.55));
#9453=CARTESIAN_POINT('',(-1.69999999999999,-0.199999999999998,-1.55));
#9454=CARTESIAN_POINT('',(-1.69999999999999,-0.199999999999998,-1.55));
#9455=CARTESIAN_POINT('',(-1.69999999999999,-0.199999999999998,-1.55));
#9456=CARTESIAN_POINT('',(-4.3,-0.199999999999997,-1.55));
#9457=CARTESIAN_POINT('',(-4.3,-0.199999999999997,-1.55));
#9458=CARTESIAN_POINT('',(-4.3,-0.899999999999997,-1.55));
#9459=CARTESIAN_POINT('',(-4.3,-2.8,-1.55));
#9460=CARTESIAN_POINT('',(-4.3,-0.899999999999997,4.95));
#9461=CARTESIAN_POINT('',(-4.3,-2.8,-1.55));
#9462=CARTESIAN_POINT('',(-4.3,-2.80000000000001,-1.55));
#9463=CARTESIAN_POINT('',(-1.7,-2.80000000000001,-1.55));
#9464=CARTESIAN_POINT('',(-1.7,-2.80000000000001,-1.55));
#9465=CARTESIAN_POINT('',(-4.3,-2.80000000000001,-1.55));
#9466=CARTESIAN_POINT('',(-1.69999999999999,-2.8,-1.55));
#9467=CARTESIAN_POINT('',(-1.69999999999999,-2.8,-1.55));
#9468=CARTESIAN_POINT('',(0.,0.,-1.55));
#9469=CARTESIAN_POINT('',(-2.68,-1.18,-1.55));
#9470=CARTESIAN_POINT('',(-3.32,-1.82,-1.55));
#9471=CARTESIAN_POINT('',(-1.7,1.7,-1.55));
#9472=CARTESIAN_POINT('',(-2.68,-1.18,-21.608454576562));
#9473=CARTESIAN_POINT('',(-3.32,-1.82,-21.608454576562));
#9474=CARTESIAN_POINT('',(0.32,3.13,-3.63));
#9475=CARTESIAN_POINT('',(0.32,0.305000000000003,-3.63));
#9476=CARTESIAN_POINT('',(0.320000000000002,1.18,-21.608454576562));
#9477=CARTESIAN_POINT('',(0.320000000000002,1.18,-1.55));
#9478=CARTESIAN_POINT('',(0.320000000000002,1.18,-1.55));
#9479=CARTESIAN_POINT('',(0.320000000000002,1.82,-1.55));
#9480=CARTESIAN_POINT('',(0.320000000000002,1.82,-21.608454576562));
#9481=CARTESIAN_POINT('',(0.320000000000002,1.82,-3.63));
#9482=CARTESIAN_POINT('',(0.32,3.13,-3.63));
#9483=CARTESIAN_POINT('',(0.32,2.73,-4.65));
#9484=CARTESIAN_POINT('',(-0.319999999999998,-3.13,-3.63));
#9485=CARTESIAN_POINT('',(-0.319999999999998,0.305000000000003,-3.63));
#9486=CARTESIAN_POINT('',(-0.319999999999998,3.13,-4.65));
#9487=CARTESIAN_POINT('',(-0.319999999999998,-3.13,-3.63));
#9488=CARTESIAN_POINT('',(-0.32,1.82,-3.63));
#9489=CARTESIAN_POINT('',(-0.32,1.82,-21.608454576562));
#9490=CARTESIAN_POINT('',(-0.32,1.82,-1.55));
#9491=CARTESIAN_POINT('',(-0.32,1.82,-1.55));
#9492=CARTESIAN_POINT('',(-0.32,1.18,-1.55));
#9493=CARTESIAN_POINT('',(-0.32,1.18,-21.608454576562));
#9494=CARTESIAN_POINT('',(0.,0.,-3.63));
#9495=CARTESIAN_POINT('',(0.,1.82,-3.63));
#9496=CARTESIAN_POINT('',(0.62,3.13,-4.65));
#9497=CARTESIAN_POINT('',(-0.619999999999998,-3.13,-4.65));
#9498=CARTESIAN_POINT('',(0.62,3.13,-4.65));
#9499=CARTESIAN_POINT('',(-0.619999999999998,-3.13,-4.65));
#9500=CARTESIAN_POINT('',(-1.3,2.8,-1.55));
#9501=CARTESIAN_POINT('',(-1.3,0.199999999999997,-1.55));
#9502=CARTESIAN_POINT('',(-1.3,0.199999999999997,-1.55));
#9503=CARTESIAN_POINT('',(-1.3,2.8,-1.55));
#9504=CARTESIAN_POINT('',(-1.3,2.80000000000001,-1.55));
#9505=CARTESIAN_POINT('',(-1.3,2.80000000000001,-1.55));
#9506=CARTESIAN_POINT('',(-1.3,0.199999999999997,-1.55));
#9507=CARTESIAN_POINT('',(1.30000000000001,0.199999999999998,-1.55));
#9508=CARTESIAN_POINT('',(1.30000000000001,0.199999999999998,-1.55));
#9509=CARTESIAN_POINT('',(-1.3,0.199999999999997,-1.55));
#9510=CARTESIAN_POINT('',(1.30000000000001,0.199999999999998,-1.55));
#9511=CARTESIAN_POINT('',(1.30000000000001,2.10000000000001,-1.55));
#9512=CARTESIAN_POINT('',(1.30000000000001,2.10000000000001,-1.55));
#9513=CARTESIAN_POINT('',(1.30000000000001,0.199999999999998,-1.55));
#9514=CARTESIAN_POINT('',(1.3,2.80000000000001,-1.55));
#9515=CARTESIAN_POINT('',(1.3,2.80000000000001,-1.55));
#9516=CARTESIAN_POINT('',(0.600000000000005,2.80000000000001,-1.55));
#9517=CARTESIAN_POINT('',(0.600000000000005,2.80000000000001,4.95));
#9518=CARTESIAN_POINT('',(0.,0.,-1.55));
#9519=CARTESIAN_POINT('',(0.320000000000002,1.82,-1.55));
#9520=CARTESIAN_POINT('',(-0.32,1.18,-1.55));
#9521=CARTESIAN_POINT('',(1.70000000000001,1.70000000000001,-1.55));
#9522=CARTESIAN_POINT('',(-0.32,1.18,-21.608454576562));
#9523=CARTESIAN_POINT('',(0.320000000000002,1.82,-21.608454576562));
#9524=CARTESIAN_POINT('',(3.32,3.13,-3.63));
#9525=CARTESIAN_POINT('',(3.32,0.305000000000003,-3.63));
#9526=CARTESIAN_POINT('',(3.32,1.18,-21.608454576562));
#9527=CARTESIAN_POINT('',(3.32,1.18,-1.55));
#9528=CARTESIAN_POINT('',(3.32,1.18,-1.55));
#9529=CARTESIAN_POINT('',(3.32,1.82,-1.55));
#9530=CARTESIAN_POINT('',(3.32,1.82,-21.608454576562));
#9531=CARTESIAN_POINT('',(3.32,1.82,-3.63));
#9532=CARTESIAN_POINT('',(3.32,3.13,-3.63));
#9533=CARTESIAN_POINT('',(3.32,2.73,-4.65));
#9534=CARTESIAN_POINT('',(2.68,-3.13,-3.63));
#9535=CARTESIAN_POINT('',(2.68,0.305000000000003,-3.63));
#9536=CARTESIAN_POINT('',(2.68,3.13,-4.65));
#9537=CARTESIAN_POINT('',(2.68,-3.13,-3.63));
#9538=CARTESIAN_POINT('',(2.68,1.82,-3.63));
#9539=CARTESIAN_POINT('',(2.68,1.82,-21.608454576562));
#9540=CARTESIAN_POINT('',(2.68,1.82,-1.55));
#9541=CARTESIAN_POINT('',(2.68,1.82,-1.55));
#9542=CARTESIAN_POINT('',(2.68,1.18,-1.55));
#9543=CARTESIAN_POINT('',(2.68,1.18,-21.608454576562));
#9544=CARTESIAN_POINT('',(0.,0.,-3.63));
#9545=CARTESIAN_POINT('',(0.,1.82,-3.63));
#9546=CARTESIAN_POINT('',(3.62,3.13,-4.65));
#9547=CARTESIAN_POINT('',(2.38,-3.13,-4.65));
#9548=CARTESIAN_POINT('',(3.62,3.13,-4.65));
#9549=CARTESIAN_POINT('',(2.38,-3.13,-4.65));
#9550=CARTESIAN_POINT('',(1.7,2.8,-1.55));
#9551=CARTESIAN_POINT('',(1.7,0.199999999999997,-1.55));
#9552=CARTESIAN_POINT('',(1.7,0.199999999999997,-1.55));
#9553=CARTESIAN_POINT('',(1.7,2.8,-1.55));
#9554=CARTESIAN_POINT('',(1.7,2.80000000000001,-1.55));
#9555=CARTESIAN_POINT('',(1.7,2.80000000000001,-1.55));
#9556=CARTESIAN_POINT('',(1.7,0.199999999999997,-1.55));
#9557=CARTESIAN_POINT('',(4.30000000000001,0.199999999999998,-1.55));
#9558=CARTESIAN_POINT('',(4.30000000000001,0.199999999999998,-1.55));
#9559=CARTESIAN_POINT('',(1.7,0.199999999999997,-1.55));
#9560=CARTESIAN_POINT('',(4.30000000000001,0.199999999999998,-1.55));
#9561=CARTESIAN_POINT('',(4.30000000000001,2.10000000000001,-1.55));
#9562=CARTESIAN_POINT('',(4.30000000000001,2.10000000000001,-1.55));
#9563=CARTESIAN_POINT('',(4.30000000000001,0.199999999999998,-1.55));
#9564=CARTESIAN_POINT('',(4.3,2.80000000000001,-1.55));
#9565=CARTESIAN_POINT('',(4.3,2.80000000000001,-1.55));
#9566=CARTESIAN_POINT('',(3.6,2.80000000000001,-1.55));
#9567=CARTESIAN_POINT('',(3.6,2.80000000000001,4.95));
#9568=CARTESIAN_POINT('',(0.,0.,-1.55));
#9569=CARTESIAN_POINT('',(3.32,1.82,-1.55));
#9570=CARTESIAN_POINT('',(2.68,1.18,-1.55));
#9571=CARTESIAN_POINT('',(3.20000000000001,3.20000000000001,-1.55));
#9572=CARTESIAN_POINT('',(2.68,1.18,-21.608454576562));
#9573=CARTESIAN_POINT('',(3.32,1.82,-21.608454576562));
#9574=CARTESIAN_POINT('',(1.3,-0.199999999999998,-1.55));
#9575=CARTESIAN_POINT('',(1.3,-0.199999999999998,-1.55));
#9576=CARTESIAN_POINT('',(0.600000000000004,-0.199999999999998,-1.55));
#9577=CARTESIAN_POINT('',(-1.3,-0.199999999999997,-1.55));
#9578=CARTESIAN_POINT('',(0.600000000000004,-0.199999999999998,4.95));
#9579=CARTESIAN_POINT('',(-1.3,-0.199999999999997,-1.55));
#9580=CARTESIAN_POINT('',(-1.3,-0.199999999999997,-1.55));
#9581=CARTESIAN_POINT('',(-1.3,-2.8,-1.55));
#9582=CARTESIAN_POINT('',(-1.3,-2.8,-1.55));
#9583=CARTESIAN_POINT('',(-1.3,-0.199999999999997,-1.55));
#9584=CARTESIAN_POINT('',(-1.3,-2.80000000000001,-1.55));
#9585=CARTESIAN_POINT('',(1.3,-2.80000000000001,-1.55));
#9586=CARTESIAN_POINT('',(1.3,-2.80000000000001,-1.55));
#9587=CARTESIAN_POINT('',(-1.3,-2.80000000000001,-1.55));
#9588=CARTESIAN_POINT('',(1.3,-2.8,-1.55));
#9589=CARTESIAN_POINT('',(1.3,-0.899999999999998,-1.55));
#9590=CARTESIAN_POINT('',(1.3,-0.899999999999998,-1.55));
#9591=CARTESIAN_POINT('',(1.3,-2.8,-1.55));
#9592=CARTESIAN_POINT('',(0.,0.,-1.55));
#9593=CARTESIAN_POINT('',(0.32,-1.18,-1.55));
#9594=CARTESIAN_POINT('',(-0.320000000000001,-1.82,-1.55));
#9595=CARTESIAN_POINT('',(0.200000000000003,0.200000000000003,-1.55));
#9596=CARTESIAN_POINT('',(0.32,-1.18,-21.608454576562));
#9597=CARTESIAN_POINT('',(-0.320000000000001,-1.82,-21.608454576562));
#9598=CARTESIAN_POINT('',(4.3,-0.199999999999998,-1.55));
#9599=CARTESIAN_POINT('',(4.3,-0.199999999999998,-1.55));
#9600=CARTESIAN_POINT('',(3.6,-0.199999999999998,-1.55));
#9601=CARTESIAN_POINT('',(1.7,-0.199999999999997,-1.55));
#9602=CARTESIAN_POINT('',(3.6,-0.199999999999998,4.95));
#9603=CARTESIAN_POINT('',(1.7,-0.199999999999997,-1.55));
#9604=CARTESIAN_POINT('',(1.7,-0.199999999999997,-1.55));
#9605=CARTESIAN_POINT('',(1.7,-2.8,-1.55));
#9606=CARTESIAN_POINT('',(1.7,-2.8,-1.55));
#9607=CARTESIAN_POINT('',(1.7,-0.199999999999997,-1.55));
#9608=CARTESIAN_POINT('',(1.69999999999999,-2.80000000000001,-1.55));
#9609=CARTESIAN_POINT('',(4.3,-2.80000000000001,-1.55));
#9610=CARTESIAN_POINT('',(4.3,-2.80000000000001,-1.55));
#9611=CARTESIAN_POINT('',(1.69999999999999,-2.80000000000001,-1.55));
#9612=CARTESIAN_POINT('',(4.3,-2.8,-1.55));
#9613=CARTESIAN_POINT('',(4.3,-0.899999999999998,-1.55));
#9614=CARTESIAN_POINT('',(4.3,-0.899999999999998,-1.55));
#9615=CARTESIAN_POINT('',(4.3,-2.8,-1.55));
#9616=CARTESIAN_POINT('',(0.,0.,-1.55));
#9617=CARTESIAN_POINT('',(3.32,-1.18,-1.55));
#9618=CARTESIAN_POINT('',(2.68,-1.82,-1.55));
#9619=CARTESIAN_POINT('',(1.7,1.7,-1.55));
#9620=CARTESIAN_POINT('',(3.32,-1.18,-21.608454576562));
#9621=CARTESIAN_POINT('',(2.68,-1.82,-21.608454576562));
#9622=CARTESIAN_POINT('',(-2.05,-2.73000000000001,-3.45));
#9623=CARTESIAN_POINT('',(-2.05,-0.305000000000003,-3.45));
#9624=CARTESIAN_POINT('',(-2.05,-0.305000000000003,-3.63));
#9625=CARTESIAN_POINT('',(-2.05,-2.73000000000001,-3.63));
#9626=CARTESIAN_POINT('',(-2.05,0.305000000000002,-3.63));
#9627=CARTESIAN_POINT('',(-2.05,0.305000000000003,-3.45));
#9628=CARTESIAN_POINT('',(-2.05,-2.73000000000001,-3.45));
#9629=CARTESIAN_POINT('',(-0.95,2.73,-3.45));
#9630=CARTESIAN_POINT('',(-0.95,2.73,-3.63));
#9631=CARTESIAN_POINT('',(-0.95,0.305000000000003,-3.63));
#9632=CARTESIAN_POINT('',(-0.95,-0.305000000000003,-3.63));
#9633=CARTESIAN_POINT('',(-0.95,-0.305000000000003,-3.45));
#9634=CARTESIAN_POINT('',(-0.95,2.73,-3.45));
#9635=CARTESIAN_POINT('',(-0.95,0.305000000000003,-3.45));
#9636=CARTESIAN_POINT('',(0.,0.,-3.45));
#9637=CARTESIAN_POINT('',(0.95,-2.73000000000001,-3.45));
#9638=CARTESIAN_POINT('',(0.95,-0.305000000000003,-3.45));
#9639=CARTESIAN_POINT('',(0.95,-0.305000000000003,-3.63));
#9640=CARTESIAN_POINT('',(0.95,-2.73000000000001,-3.63));
#9641=CARTESIAN_POINT('',(0.95,0.305000000000002,-3.63));
#9642=CARTESIAN_POINT('',(0.95,0.305000000000003,-3.45));
#9643=CARTESIAN_POINT('',(0.95,-2.73000000000001,-3.45));
#9644=CARTESIAN_POINT('',(2.05,2.73,-3.45));
#9645=CARTESIAN_POINT('',(2.05,2.73,-3.63));
#9646=CARTESIAN_POINT('',(2.05,0.305000000000003,-3.63));
#9647=CARTESIAN_POINT('',(2.05,-0.305000000000002,-3.63));
#9648=CARTESIAN_POINT('',(2.05,-0.305000000000003,-3.45));
#9649=CARTESIAN_POINT('',(2.05,2.73,-3.45));
#9650=CARTESIAN_POINT('',(2.05,0.305000000000003,-3.45));
#9651=CARTESIAN_POINT('',(0.,0.,-3.45));
#9652=CARTESIAN_POINT('',(0.600000000000004,-0.199999999999998,-1.55));
#9653=CARTESIAN_POINT('',(0.600000000000005,2.80000000000001,-1.55));
#9654=CARTESIAN_POINT('',(-4.3,-0.899999999999997,-1.55));
#9655=CARTESIAN_POINT('',(-2.4,2.80000000000001,-1.55));
#9656=CARTESIAN_POINT('',(3.6,-0.199999999999998,-1.55));
#9657=CARTESIAN_POINT('',(3.6,2.80000000000001,-1.55));
#9658=CARTESIAN_POINT('',(-3.95,-0.305000000000003,-4.75));
#9659=CARTESIAN_POINT('',(-3.95,-0.305000000000003,-4.75));
#9660=CARTESIAN_POINT('',(-3.95,-0.305000000000003,-3.63));
#9661=CARTESIAN_POINT('',(-3.95,-0.305000000000003,-3.63));
#9662=CARTESIAN_POINT('',(3.95,0.305000000000003,-4.75));
#9663=CARTESIAN_POINT('',(3.95,0.305000000000003,-3.63));
#9664=CARTESIAN_POINT('',(3.95,0.305000000000003,-3.63));
#9665=CARTESIAN_POINT('',(3.95,0.305000000000003,-4.75));
#9666=CARTESIAN_POINT('',(0.,0.,-3.63));
#9667=CARTESIAN_POINT('',(0.,0.,-3.63));
#9668=CARTESIAN_POINT('',(0.,0.,-4.75));
#9669=CARTESIAN_POINT('',(4.76,3.43,4.95));
#9670=CARTESIAN_POINT('',(7.19333333333333,0.996666666666663,0.0833333333333458));
#9671=CARTESIAN_POINT('',(5.36,3.23,-2.15));
#9672=CARTESIAN_POINT('',(4.64333333333333,2.51333333333333,-1.43333333333333));
#9673=CARTESIAN_POINT('',(5.36,3.23,0.));
#9674=CARTESIAN_POINT('',(-4.76,3.43,4.95));
#9675=CARTESIAN_POINT('',(-4.96,3.23,-2.15));
#9676=CARTESIAN_POINT('',(-4.96,3.23,-2.15));
#9677=CARTESIAN_POINT('',(-5.96,3.83,-2.75));
#9678=CARTESIAN_POINT('',(-5.36,3.23,-3.95));
#9679=CARTESIAN_POINT('',(-0.00278913101225725,1.14999673967731,1.14999661770701));
#9680=CARTESIAN_POINT('',(0.32,-2.835,2.95));
#9681=CARTESIAN_POINT('',(0.32,-2.835,2.95));
#9682=CARTESIAN_POINT('',(0.32,-2.835,-1.23));
#9683=CARTESIAN_POINT('',(0.32,-2.835,2.35));
#9684=CARTESIAN_POINT('',(0.32,-2.835,-1.23));
#9685=CARTESIAN_POINT('',(-0.32,-2.835,-1.23));
#9686=CARTESIAN_POINT('',(-0.32,-2.835,2.95));
#9687=CARTESIAN_POINT('',(-0.32,-2.835,2.35));
#9688=CARTESIAN_POINT('',(0.32,-2.835,2.35));
#9689=CARTESIAN_POINT('',(0.32,-2.475,-2.95));
#9690=CARTESIAN_POINT('',(0.32,-2.835,2.95));
#9691=CARTESIAN_POINT('',(0.32,-2.835,-2.95));
#9692=CARTESIAN_POINT('',(0.32,-2.475,-1.23));
#9693=CARTESIAN_POINT('',(0.32,-3.475,-1.23));
#9694=CARTESIAN_POINT('',(0.32,-3.475,2.95));
#9695=CARTESIAN_POINT('',(0.32,-3.475,-2.95));
#9696=CARTESIAN_POINT('',(0.32,-2.475,-2.95));
#9697=CARTESIAN_POINT('',(0.32,-2.475,-3.95));
#9698=CARTESIAN_POINT('',(0.32,-2.475,-3.95));
#9699=CARTESIAN_POINT('',(0.32,1.875,-3.95));
#9700=CARTESIAN_POINT('',(0.32,1.875,-3.31));
#9701=CARTESIAN_POINT('',(0.32,1.875,-3.31));
#9702=CARTESIAN_POINT('',(0.32,-2.475,-3.31));
#9703=CARTESIAN_POINT('',(0.32,-2.475,-3.31));
#9704=CARTESIAN_POINT('',(0.32,-2.475,-2.95));
#9705=CARTESIAN_POINT('',(-0.32,-2.475,-2.95));
#9706=CARTESIAN_POINT('',(-0.32,-2.475,-1.23));
#9707=CARTESIAN_POINT('',(-0.32,-3.475,-1.23));
#9708=CARTESIAN_POINT('',(-0.32,-3.475,2.95));
#9709=CARTESIAN_POINT('',(-0.32,-3.475,2.35));
#9710=CARTESIAN_POINT('',(-0.32,-2.475,2.35));
#9711=CARTESIAN_POINT('',(0.32,-3.475,2.95));
#9712=CARTESIAN_POINT('',(0.32,-3.475,-1.23));
#9713=CARTESIAN_POINT('',(0.32,-3.475,2.95));
#9714=CARTESIAN_POINT('',(0.32,-3.475,2.35));
#9715=CARTESIAN_POINT('',(0.32,-3.475,2.35));
#9716=CARTESIAN_POINT('',(0.32,-2.835,2.95));
#9717=CARTESIAN_POINT('',(0.32,-3.035,2.95));
#9718=CARTESIAN_POINT('',(0.12,-3.035,2.95));
#9719=CARTESIAN_POINT('',(-0.12,-3.035,2.95));
#9720=CARTESIAN_POINT('',(-0.12,-2.835,2.95));
#9721=CARTESIAN_POINT('',(-0.12,-3.275,2.95));
#9722=CARTESIAN_POINT('',(0.32,-3.275,2.95));
#9723=CARTESIAN_POINT('',(0.12,-3.275,2.95));
#9724=CARTESIAN_POINT('',(0.12,-2.835,2.95));
#9725=CARTESIAN_POINT('',(0.32,-3.475,2.95));
#9726=CARTESIAN_POINT('',(-0.32,-3.475,2.95));
#9727=CARTESIAN_POINT('',(-0.32,-3.475,-2.95));
#9728=CARTESIAN_POINT('',(0.32,-3.475,-2.95));
#9729=CARTESIAN_POINT('',(0.32,-2.475,-2.95));
#9730=CARTESIAN_POINT('',(-0.32,-2.475,-2.95));
#9731=CARTESIAN_POINT('',(-0.32,-2.475,-3.95));
#9732=CARTESIAN_POINT('',(0.32,-2.475,-3.95));
#9733=CARTESIAN_POINT('',(0.32,-2.475,-3.95));
#9734=CARTESIAN_POINT('',(-0.32,-2.475,-3.95));
#9735=CARTESIAN_POINT('',(-0.32,1.875,-3.95));
#9736=CARTESIAN_POINT('',(0.32,1.875,-3.95));
#9737=CARTESIAN_POINT('',(0.32,2.475,-3.31));
#9738=CARTESIAN_POINT('',(0.32,2.475,-3.75));
#9739=CARTESIAN_POINT('',(0.12,2.475,-3.75));
#9740=CARTESIAN_POINT('',(-0.12,2.475,-3.75));
#9741=CARTESIAN_POINT('',(-0.12,2.475,-3.31));
#9742=CARTESIAN_POINT('',(-0.12,2.475,-3.51));
#9743=CARTESIAN_POINT('',(0.32,2.475,-3.51));
#9744=CARTESIAN_POINT('',(0.12,2.475,-3.51));
#9745=CARTESIAN_POINT('',(0.12,2.475,-3.95));
#9746=CARTESIAN_POINT('',(0.32,-2.475,-3.31));
#9747=CARTESIAN_POINT('',(0.32,1.875,-3.31));
#9748=CARTESIAN_POINT('',(-0.32,1.875,-3.31));
#9749=CARTESIAN_POINT('',(-0.32,-2.475,-3.31));
#9750=CARTESIAN_POINT('',(-0.32,-2.475,-3.31));
#9751=CARTESIAN_POINT('',(0.32,-2.475,-3.31));
#9752=CARTESIAN_POINT('',(0.32,-2.475,-2.95));
#9753=CARTESIAN_POINT('',(-0.32,-2.475,-2.95));
#9754=CARTESIAN_POINT('',(-0.32,-2.835,-2.95));
#9755=CARTESIAN_POINT('',(0.32,-2.835,-2.95));
#9756=CARTESIAN_POINT('',(0.32,-2.835,2.95));
#9757=CARTESIAN_POINT('',(-0.32,-2.835,2.95));
#9758=CARTESIAN_POINT('',(0.32,-2.475,-2.95));
#9759=CARTESIAN_POINT('',(0.32,-3.475,2.35));
#9760=CARTESIAN_POINT('',(-0.32,-2.475,-2.95));
#9761=CARTESIAN_POINT('',(-0.32,1.875,-2.95));
#9762=CARTESIAN_POINT('',(0.32,-2.475,2.35));
#9763=CARTESIAN_POINT('',(0.229090909090909,-3.38409090909091,2.62272727272727));
#9764=CARTESIAN_POINT('',(0.138181818181818,-3.01681818181818,2.89545454545455));
#9765=CARTESIAN_POINT('',(0.32,-3.035,2.95));
#9766=CARTESIAN_POINT('',(-0.08,-3.075,3.07));
#9767=CARTESIAN_POINT('',(0.32,-3.475,2.35));
#9768=CARTESIAN_POINT('',(-0.261818181818182,-3.41681818181818,2.52454545454546));
#9769=CARTESIAN_POINT('',(-0.12,-2.835,2.95));
#9770=CARTESIAN_POINT('',(0.32,1.875,-2.95));
#9771=CARTESIAN_POINT('',(0.32,1.875,-3.31));
#9772=CARTESIAN_POINT('',(0.229090909090909,2.14772727272727,-3.85909090909091));
#9773=CARTESIAN_POINT('',(0.32,2.475,-3.75));
#9774=CARTESIAN_POINT('',(-0.08,2.595,-3.71));
#9775=CARTESIAN_POINT('',(0.32,1.875,-3.31));
#9776=CARTESIAN_POINT('',(-0.261818181818182,2.04954545454545,-3.36818181818182));
#9777=CARTESIAN_POINT('',(-0.12,2.475,-3.31));
#9778=CARTESIAN_POINT('',(-2.9911875559663,0.827183502417097,-3.51226586606434));
#9779=CARTESIAN_POINT('',(0.32,-4.335,4.45));
#9780=CARTESIAN_POINT('',(0.32,-4.335,4.45));
#9781=CARTESIAN_POINT('',(0.32,-4.335,0.270000000000003));
#9782=CARTESIAN_POINT('',(0.32,-4.335,3.85));
#9783=CARTESIAN_POINT('',(0.32,-4.335,0.270000000000003));
#9784=CARTESIAN_POINT('',(-0.32,-4.335,0.270000000000003));
#9785=CARTESIAN_POINT('',(-0.32,-4.335,4.45));
#9786=CARTESIAN_POINT('',(-0.32,-4.335,3.85));
#9787=CARTESIAN_POINT('',(0.32,-4.335,3.85));
#9788=CARTESIAN_POINT('',(0.32,-3.975,-4.45));
#9789=CARTESIAN_POINT('',(0.32,-4.335,4.45));
#9790=CARTESIAN_POINT('',(0.32,-4.335,-4.45));
#9791=CARTESIAN_POINT('',(0.32,-3.975,0.270000000000003));
#9792=CARTESIAN_POINT('',(0.32,-4.975,0.270000000000003));
#9793=CARTESIAN_POINT('',(0.32,-4.975,4.45));
#9794=CARTESIAN_POINT('',(0.32,-4.975,-4.45));
#9795=CARTESIAN_POINT('',(0.32,-3.975,-4.45));
#9796=CARTESIAN_POINT('',(0.32,-3.975,-5.45));
#9797=CARTESIAN_POINT('',(0.32,-3.975,-5.45));
#9798=CARTESIAN_POINT('',(0.32,3.375,-5.45));
#9799=CARTESIAN_POINT('',(0.32,3.375,-4.81));
#9800=CARTESIAN_POINT('',(0.32,3.375,-4.81));
#9801=CARTESIAN_POINT('',(0.32,-3.975,-4.81));
#9802=CARTESIAN_POINT('',(0.32,-3.975,-4.81));
#9803=CARTESIAN_POINT('',(0.32,-3.975,-4.45));
#9804=CARTESIAN_POINT('',(-0.32,-3.975,-4.45));
#9805=CARTESIAN_POINT('',(-0.32,-3.975,0.270000000000003));
#9806=CARTESIAN_POINT('',(-0.32,-4.975,0.270000000000003));
#9807=CARTESIAN_POINT('',(-0.32,-4.975,4.45));
#9808=CARTESIAN_POINT('',(-0.32,-4.975,3.85));
#9809=CARTESIAN_POINT('',(-0.32,-3.975,3.85));
#9810=CARTESIAN_POINT('',(0.32,-4.975,4.45));
#9811=CARTESIAN_POINT('',(0.32,-4.975,0.270000000000003));
#9812=CARTESIAN_POINT('',(0.32,-4.975,4.45));
#9813=CARTESIAN_POINT('',(0.32,-4.975,3.85));
#9814=CARTESIAN_POINT('',(0.32,-4.975,3.85));
#9815=CARTESIAN_POINT('',(0.32,-4.335,4.45));
#9816=CARTESIAN_POINT('',(0.32,-4.535,4.45));
#9817=CARTESIAN_POINT('',(0.12,-4.535,4.45));
#9818=CARTESIAN_POINT('',(-0.12,-4.535,4.45));
#9819=CARTESIAN_POINT('',(-0.12,-4.335,4.45));
#9820=CARTESIAN_POINT('',(-0.12,-4.775,4.45));
#9821=CARTESIAN_POINT('',(0.32,-4.775,4.45));
#9822=CARTESIAN_POINT('',(0.12,-4.775,4.45));
#9823=CARTESIAN_POINT('',(0.12,-4.335,4.45));
#9824=CARTESIAN_POINT('',(0.32,-4.975,4.45));
#9825=CARTESIAN_POINT('',(-0.32,-4.975,4.45));
#9826=CARTESIAN_POINT('',(-0.32,-4.975,-4.45));
#9827=CARTESIAN_POINT('',(0.32,-4.975,-4.45));
#9828=CARTESIAN_POINT('',(0.32,-3.975,-4.45));
#9829=CARTESIAN_POINT('',(-0.32,-3.975,-4.45));
#9830=CARTESIAN_POINT('',(-0.32,-3.975,-5.45));
#9831=CARTESIAN_POINT('',(0.32,-3.975,-5.45));
#9832=CARTESIAN_POINT('',(0.32,-3.975,-5.45));
#9833=CARTESIAN_POINT('',(-0.32,-3.975,-5.45));
#9834=CARTESIAN_POINT('',(-0.32,3.375,-5.45));
#9835=CARTESIAN_POINT('',(0.32,3.375,-5.45));
#9836=CARTESIAN_POINT('',(0.32,3.975,-4.81));
#9837=CARTESIAN_POINT('',(0.32,3.975,-5.25));
#9838=CARTESIAN_POINT('',(0.12,3.975,-5.25));
#9839=CARTESIAN_POINT('',(-0.12,3.975,-5.25));
#9840=CARTESIAN_POINT('',(-0.12,3.975,-4.81));
#9841=CARTESIAN_POINT('',(-0.12,3.975,-5.01));
#9842=CARTESIAN_POINT('',(0.32,3.975,-5.01));
#9843=CARTESIAN_POINT('',(0.12,3.975,-5.01));
#9844=CARTESIAN_POINT('',(0.12,3.975,-5.45));
#9845=CARTESIAN_POINT('',(0.32,-3.975,-4.81));
#9846=CARTESIAN_POINT('',(0.32,3.375,-4.81));
#9847=CARTESIAN_POINT('',(-0.32,3.375,-4.81));
#9848=CARTESIAN_POINT('',(-0.32,-3.975,-4.81));
#9849=CARTESIAN_POINT('',(-0.32,-3.975,-4.81));
#9850=CARTESIAN_POINT('',(0.32,-3.975,-4.81));
#9851=CARTESIAN_POINT('',(0.32,-3.975,-4.45));
#9852=CARTESIAN_POINT('',(-0.32,-3.975,-4.45));
#9853=CARTESIAN_POINT('',(-0.32,-4.335,-4.45));
#9854=CARTESIAN_POINT('',(0.32,-4.335,-4.45));
#9855=CARTESIAN_POINT('',(0.32,-4.335,4.45));
#9856=CARTESIAN_POINT('',(-0.32,-4.335,4.45));
#9857=CARTESIAN_POINT('',(0.32,-3.975,-4.45));
#9858=CARTESIAN_POINT('',(0.32,-4.975,3.85));
#9859=CARTESIAN_POINT('',(-0.32,-3.975,-4.45));
#9860=CARTESIAN_POINT('',(-0.32,3.375,-4.45));
#9861=CARTESIAN_POINT('',(0.32,-3.975,3.85));
#9862=CARTESIAN_POINT('',(0.229090909090909,-4.88409090909091,4.12272727272727));
#9863=CARTESIAN_POINT('',(0.138181818181818,-4.51681818181818,4.39545454545455));
#9864=CARTESIAN_POINT('',(0.32,-4.535,4.45));
#9865=CARTESIAN_POINT('',(-0.08,-4.575,4.57));
#9866=CARTESIAN_POINT('',(0.32,-4.975,3.85));
#9867=CARTESIAN_POINT('',(-0.261818181818182,-4.91681818181818,4.02454545454546));
#9868=CARTESIAN_POINT('',(-0.12,-4.335,4.45));
#9869=CARTESIAN_POINT('',(0.32,3.375,-4.45));
#9870=CARTESIAN_POINT('',(0.32,3.375,-4.81));
#9871=CARTESIAN_POINT('',(0.229090909090909,3.64772727272727,-5.35909090909091));
#9872=CARTESIAN_POINT('',(0.32,3.975,-5.25));
#9873=CARTESIAN_POINT('',(-0.08,4.095,-5.21));
#9874=CARTESIAN_POINT('',(0.32,3.375,-4.81));
#9875=CARTESIAN_POINT('',(-0.261818181818182,3.54954545454546,-4.86818181818182));
#9876=CARTESIAN_POINT('',(-0.12,3.975,-4.81));
#9877=CARTESIAN_POINT('',(-2.99341225852304,-0.672820084376966,-2.01227110263899));
#9878=CARTESIAN_POINT('',(0.00880228906779447,0.830010078934033,-3.50498986733534));
#9879=CARTESIAN_POINT('',(0.00657758651105306,-0.66999350786003,-2.00499510390999));
#9880=CARTESIAN_POINT('',(3.00879213410189,0.832836655450969,-3.49771386860634));
#9881=CARTESIAN_POINT('',(3.00656743154515,-0.667166931343094,-1.99771910518099));
#9882=MECHANICAL_DESIGN_GEOMETRIC_PRESENTATION_REPRESENTATION('',(#5979,
#5980,#5981,#5982,#5983,#5984,#5985,#5986,#5987,#5988,#5989,#5990,#5991,
#5992,#5993,#5994,#5995,#5996,#5997,#5998,#5999,#6000,#6001,#6002,#6003,
#6004,#6005,#6006,#6007,#6008,#6009,#6010,#6011,#6012,#6013,#6014,#6015,
#6016,#6017,#6018,#6019,#6020,#6021,#6022,#6023),#9883);
#9883=(
GEOMETRIC_REPRESENTATION_CONTEXT(3)
GLOBAL_UNCERTAINTY_ASSIGNED_CONTEXT((#9887))
GLOBAL_UNIT_ASSIGNED_CONTEXT((#9893,#9892,#9891))
REPRESENTATION_CONTEXT('6620xx21024','TOP_LEVEL_ASSEMBLY_PART')
);
#9884=(
GEOMETRIC_REPRESENTATION_CONTEXT(3)
GLOBAL_UNCERTAINTY_ASSIGNED_CONTEXT((#9888))
GLOBAL_UNIT_ASSIGNED_CONTEXT((#9893,#9892,#9891))
REPRESENTATION_CONTEXT('66200621022','COMPONENT_PART')
);
#9885=(
GEOMETRIC_REPRESENTATION_CONTEXT(3)
GLOBAL_UNCERTAINTY_ASSIGNED_CONTEXT((#9889))
GLOBAL_UNIT_ASSIGNED_CONTEXT((#9893,#9892,#9891))
REPRESENTATION_CONTEXT('6620xx21024_PIN_COURTE','COMPONENT_PART')
);
#9886=(
GEOMETRIC_REPRESENTATION_CONTEXT(3)
GLOBAL_UNCERTAINTY_ASSIGNED_CONTEXT((#9890))
GLOBAL_UNIT_ASSIGNED_CONTEXT((#9893,#9892,#9891))
REPRESENTATION_CONTEXT('6620xx21024_PIN_LONGUE','COMPONENT_PART')
);
#9887=UNCERTAINTY_MEASURE_WITH_UNIT(LENGTH_MEASURE(0.005),#9893,
'DISTANCE_ACCURACY_VALUE','Maximum Tolerance applied to model');
#9888=UNCERTAINTY_MEASURE_WITH_UNIT(LENGTH_MEASURE(0.005),#9893,
'DISTANCE_ACCURACY_VALUE','Maximum Tolerance applied to model');
#9889=UNCERTAINTY_MEASURE_WITH_UNIT(LENGTH_MEASURE(0.005),#9893,
'DISTANCE_ACCURACY_VALUE','Maximum Tolerance applied to model');
#9890=UNCERTAINTY_MEASURE_WITH_UNIT(LENGTH_MEASURE(0.005),#9893,
'DISTANCE_ACCURACY_VALUE','Maximum Tolerance applied to model');
#9891=(
NAMED_UNIT(*)
SI_UNIT($,.STERADIAN.)
SOLID_ANGLE_UNIT()
);
#9892=(
NAMED_UNIT(*)
PLANE_ANGLE_UNIT()
SI_UNIT($,.RADIAN.)
);
#9893=(
LENGTH_UNIT()
NAMED_UNIT(*)
SI_UNIT(.MILLI.,.METRE.)
);
#9894=PRODUCT_DEFINITION_SHAPE('','',#9905);
#9895=PRODUCT_DEFINITION_SHAPE('','',#9906);
#9896=PRODUCT_DEFINITION_SHAPE(' ','NAUO PRDDFN',#25);
#9897=PRODUCT_DEFINITION_SHAPE('','',#9907);
#9898=PRODUCT_DEFINITION_SHAPE(' ','NAUO PRDDFN',#26);
#9899=PRODUCT_DEFINITION_SHAPE('','',#9908);
#9900=PRODUCT_DEFINITION_SHAPE(' ','NAUO PRDDFN',#27);
#9901=PRODUCT_DEFINITION_SHAPE(' ','NAUO PRDDFN',#28);
#9902=PRODUCT_DEFINITION_SHAPE(' ','NAUO PRDDFN',#29);
#9903=PRODUCT_DEFINITION_SHAPE(' ','NAUO PRDDFN',#30);
#9904=PRODUCT_DEFINITION_SHAPE(' ','NAUO PRDDFN',#31);
#9905=PRODUCT_DEFINITION('','',#9913,#9909);
#9906=PRODUCT_DEFINITION('','',#9914,#9910);
#9907=PRODUCT_DEFINITION('','',#9915,#9911);
#9908=PRODUCT_DEFINITION('','',#9916,#9912);
#9909=PRODUCT_DEFINITION_CONTEXT('',#9934,'design');
#9910=PRODUCT_DEFINITION_CONTEXT('',#9934,'design');
#9911=PRODUCT_DEFINITION_CONTEXT('',#9934,'design');
#9912=PRODUCT_DEFINITION_CONTEXT('',#9934,'design');
#9913=PRODUCT_DEFINITION_FORMATION_WITH_SPECIFIED_SOURCE('','',#9921,
 .NOT_KNOWN.);
#9914=PRODUCT_DEFINITION_FORMATION_WITH_SPECIFIED_SOURCE('','',#9922,
 .NOT_KNOWN.);
#9915=PRODUCT_DEFINITION_FORMATION_WITH_SPECIFIED_SOURCE('','',#9923,
 .NOT_KNOWN.);
#9916=PRODUCT_DEFINITION_FORMATION_WITH_SPECIFIED_SOURCE('','',#9924,
 .NOT_KNOWN.);
#9917=PRODUCT_RELATED_PRODUCT_CATEGORY('','',(#9921));
#9918=PRODUCT_RELATED_PRODUCT_CATEGORY('','',(#9922));
#9919=PRODUCT_RELATED_PRODUCT_CATEGORY('','',(#9923));
#9920=PRODUCT_RELATED_PRODUCT_CATEGORY('','',(#9924));
#9921=PRODUCT('6620xx21024','6620xx21024','6620xx21024',(#9929));
#9922=PRODUCT('66200621022','66200621022','66200621022',(#9930));
#9923=PRODUCT('6620xx21024_PIN_COURTE','6620xx21024_PIN_COURTE',
'6620xx21024_PIN_COURTE',(#9931));
#9924=PRODUCT('6620xx21024_PIN_LONGUE','6620xx21024_PIN_LONGUE',
'6620xx21024_PIN_LONGUE',(#9932));
#9925=PRODUCT_CATEGORY('','');
#9926=PRODUCT_CATEGORY('','');
#9927=PRODUCT_CATEGORY('','');
#9928=PRODUCT_CATEGORY('','');
#9929=PRODUCT_CONTEXT('',#9934,'mechanical');
#9930=PRODUCT_CONTEXT('',#9934,'mechanical');
#9931=PRODUCT_CONTEXT('',#9934,'mechanical');
#9932=PRODUCT_CONTEXT('',#9934,'mechanical');
#9933=APPLICATION_PROTOCOL_DEFINITION('international standard',
'automotive_design',2010,#9934);
#9934=APPLICATION_CONTEXT(
'core data for automotive mechanical design processes');
ENDSEC;
END-ISO-10303-21;
